<?xml version="1.0" encoding="utf-8"?>
<COLLADA xmlns="http://www.collada.org/2005/11/COLLADASchema" version="1.4.1" xmlns:xsi="http://www.w3.org/2001/XMLSchema-instance">
  <asset>
    <contributor>
      <author>Blender User</author>
      <authoring_tool>Blender 4.2.0 commit date:2024-07-16, commit time:07:50, hash:bf738fd35afe</authoring_tool>
    </contributor>
    <created>2026-09-25T18:34:11</created>
    <modified>2026-09-25T18:34:11</modified>
    <unit name="meter" meter="1"/>
    <up_axis>Z_UP</up_axis>
  </asset>
  <library_effects>
    <effect id="olive-effect">
      <profile_COMMON>
        <technique sid="common">
          <lambert>
            <emission>
              <color sid="emission">0 0 0 1</color>
            </emission>
            <diffuse>
              <color sid="diffuse">0.115 0.135 0.04 1</color>
            </diffuse>
            <index_of_refraction>
              <float sid="ior">1.5</float>
            </index_of_refraction>
          </lambert>
        </technique>
      </profile_COMMON>
    </effect>
    <effect id="gunmetal-effect">
      <profile_COMMON>
        <technique sid="common">
          <lambert>
            <emission>
              <color sid="emission">0 0 0 1</color>
            </emission>
            <diffuse>
              <color sid="diffuse">0.045 0.047 0.05 1</color>
            </diffuse>
            <reflectivity>
              <float sid="specular">0.7</float>
            </reflectivity>
            <index_of_refraction>
              <float sid="ior">1.5</float>
            </index_of_refraction>
          </lambert>
        </technique>
      </profile_COMMON>
    </effect>
    <effect id="dark_green-effect">
      <profile_COMMON>
        <technique sid="common">
          <lambert>
            <emission>
              <color sid="emission">0 0 0 1</color>
            </emission>
            <diffuse>
              <color sid="diffuse">0.035 0.055 0.022 1</color>
            </diffuse>
            <index_of_refraction>
              <float sid="ior">1.5</float>
            </index_of_refraction>
          </lambert>
        </technique>
      </profile_COMMON>
    </effect>
    <effect id="lamp-effect">
      <profile_COMMON>
        <technique sid="common">
          <lambert>
            <emission>
              <color sid="emission">0 0 0 1</color>
            </emission>
            <diffuse>
              <color sid="diffuse">0.9 0.85 0.6 1</color>
            </diffuse>
            <index_of_refraction>
              <float sid="ior">1.5</float>
            </index_of_refraction>
          </lambert>
        </technique>
      </profile_COMMON>
    </effect>
    <effect id="blade-effect">
      <profile_COMMON>
        <technique sid="common">
          <lambert>
            <emission>
              <color sid="emission">0 0 0 1</color>
            </emission>
            <diffuse>
              <color sid="diffuse">0.03 0.03 0.032 1</color>
            </diffuse>
            <index_of_refraction>
              <float sid="ior">1.5</float>
            </index_of_refraction>
          </lambert>
        </technique>
      </profile_COMMON>
    </effect>
    <effect id="aluminium-effect">
      <profile_COMMON>
        <technique sid="common">
          <lambert>
            <emission>
              <color sid="emission">0 0 0 1</color>
            </emission>
            <diffuse>
              <color sid="diffuse">0.55 0.55 0.56 1</color>
            </diffuse>
            <reflectivity>
              <float sid="specular">1</float>
            </reflectivity>
            <index_of_refraction>
              <float sid="ior">1.5</float>
            </index_of_refraction>
          </lambert>
        </technique>
      </profile_COMMON>
    </effect>
    <effect id="bungee-effect">
      <profile_COMMON>
        <technique sid="common">
          <lambert>
            <emission>
              <color sid="emission">0 0 0 1</color>
            </emission>
            <diffuse>
              <color sid="diffuse">0.03 0.034 0.018 1</color>
            </diffuse>
            <index_of_refraction>
              <float sid="ior">1.5</float>
            </index_of_refraction>
          </lambert>
        </technique>
      </profile_COMMON>
    </effect>
  </library_effects>
  <library_images/>
  <library_materials>
    <material id="olive-material" name="olive">
      <instance_effect url="#olive-effect"/>
    </material>
    <material id="gunmetal-material" name="gunmetal">
      <instance_effect url="#gunmetal-effect"/>
    </material>
    <material id="dark_green-material" name="dark_green">
      <instance_effect url="#dark_green-effect"/>
    </material>
    <material id="lamp-material" name="lamp">
      <instance_effect url="#lamp-effect"/>
    </material>
    <material id="blade-material" name="blade">
      <instance_effect url="#blade-effect"/>
    </material>
    <material id="aluminium-material" name="aluminium">
      <instance_effect url="#aluminium-effect"/>
    </material>
    <material id="bungee-material" name="bungee">
      <instance_effect url="#bungee-effect"/>
    </material>
  </library_materials>
  <library_geometries>
    <geometry id="hull-mesh" name="hull">
      <mesh>
        <source id="hull-mesh-positions">
          <float_array id="hull-mesh-positions-array" count="22764">0.48 -0.1299999 -0.07999998 0.48 -0.04333329 -0.07999998 0.48 0.04333329 -0.07999998 0.48 0.1299999 -0.07999998 0.4752296 0.1662346 -0.07999998 0.4612436 0.1999999 -0.07999998 0.438995 0.2289949 -0.07999998 0.41 0.2512435 -0.07999998 0.3762347 0.2652296 -0.07999998 0.34 0.27 -0.07999998 0.2233333 0.27 -0.07999998 0.1066666 0.27 -0.07999998 -0.00999999 0.27 -0.07999998 -0.1266667 0.27 -0.07999998 -0.2433333 0.27 -0.07999998 -0.36 0.27 -0.07999998 -0.3962347 0.2652296 -0.07999998 -0.43 0.2512435 -0.07999998 -0.4589949 0.2289949 -0.07999998 -0.4812436 0.1999999 -0.07999998 -0.4952296 0.1662346 -0.07999998 -0.5 0.1299999 -0.07999998 -0.5 0.04333329 -0.07999998 -0.5 -0.04333329 -0.07999998 -0.5 -0.1299999 -0.07999998 -0.4952296 -0.1662346 -0.07999998 -0.4812436 -0.1999999 -0.07999998 -0.4589949 -0.2289949 -0.07999998 -0.43 -0.2512435 -0.07999998 -0.3962347 -0.2652296 -0.07999998 -0.36 -0.27 -0.07999998 -0.2433333 -0.27 -0.07999998 -0.1266666 -0.27 -0.07999998 -0.00999999 -0.27 -0.07999998 0.1066666 -0.27 -0.07999998 0.2233333 -0.27 -0.07999998 0.34 -0.27 -0.07999998 0.3762347 -0.2652296 -0.07999998 0.41 -0.2512435 -0.07999998 0.438995 -0.2289949 -0.07999998 0.4612436 -0.1999999 -0.07999998 0.4752296 -0.1662346 -0.07999998 0.555 -0.158 -0.04000002 0.555 -0.0526666 -0.04000002 0.555 0.05266666 -0.04000002 0.555 0.158 -0.04000002 0.5495482 0.199411 -0.04000002 0.5335641 0.238 -0.04000002 0.5081371 0.2711371 -0.04000002 0.475 0.2965641 -0.04000002 0.436411 0.3125481 -0.04000002 0.395 0.318 -0.04000002 0.2616667 0.318 -0.04000002 0.1283333 0.318 -0.04000002 -0.004999995 0.318 -0.04000002 -0.1383333 0.318 -0.04000002 -0.2716667 0.318 -0.04000002 -0.405 0.318 -0.04000002 -0.446411 0.3125481 -0.04000002 -0.485 0.2965641 -0.04000002 -0.5181371 0.2711371 -0.04000002 -0.5435641 0.238 -0.04000002 -0.5595481 0.199411 -0.04000002 -0.565 0.158 -0.04000002 -0.565 0.0526666 -0.04000002 -0.565 -0.05266666 -0.04000002 -0.565 -0.158 -0.04000002 -0.5595481 -0.199411 -0.04000002 -0.5435641 -0.238 -0.04000002 -0.5181371 -0.2711371 -0.04000002 -0.485 -0.2965641 -0.04000002 -0.446411 -0.3125481 -0.04000002 -0.405 -0.318 -0.04000002 -0.2716667 -0.318 -0.04000002 -0.1383333 -0.318 -0.04000002 -0.004999995 -0.318 -0.04000002 0.1283333 -0.318 -0.04000002 0.2616667 -0.318 -0.04000002 0.395 -0.318 -0.04000002 0.436411 -0.3125481 -0.04000002 0.475 -0.2965641 -0.04000002 0.5081371 -0.2711371 -0.04000002 0.5335641 -0.238 -0.04000002 0.5495482 -0.199411 -0.04000002 0.575 -0.16 0.03999996 0.575 -0.05333328 0.03999996 0.575 0.05333334 0.03999996 0.575 0.16 0.03999996 0.5692074 0.2039992 0.03999996 0.5522243 0.245 0.03999996 0.5252082 0.2802081 0.03999996 0.49 0.3072243 0.03999996 0.4489992 0.3242074 0.03999996 0.405 0.33 0.03999996 0.27 0.33 0.03999996 0.1349999 0.33 0.03999996 0 0.33 0.03999996 -0.135 0.33 0.03999996 -0.27 0.33 0.03999996 -0.405 0.33 0.03999996 -0.4489992 0.3242074 0.03999996 -0.49 0.3072243 0.03999996 -0.5252082 0.2802081 0.03999996 -0.5522243 0.245 0.03999996 -0.5692074 0.2039992 0.03999996 -0.575 0.16 0.03999996 -0.575 0.05333328 0.03999996 -0.575 -0.05333334 0.03999996 -0.575 -0.16 0.03999996 -0.5692074 -0.2039992 0.03999996 -0.5522243 -0.245 0.03999996 -0.5252082 -0.2802081 0.03999996 -0.49 -0.3072243 0.03999996 -0.4489992 -0.3242074 0.03999996 -0.405 -0.33 0.03999996 -0.27 -0.33 0.03999996 -0.1349999 -0.33 0.03999996 0 -0.33 0.03999996 0.135 -0.33 0.03999996 0.27 -0.33 0.03999996 0.405 -0.33 0.03999996 0.4489992 -0.3242074 0.03999996 0.49 -0.3072243 0.03999996 0.5252082 -0.2802081 0.03999996 0.5522243 -0.245 0.03999996 0.5692074 -0.2039992 0.03999996 0.565 -0.16 0.06999999 0.565 -0.05333328 0.06999999 0.565 0.05333334 0.06999999 0.565 0.16 0.06999999 0.5595481 0.201411 0.06999999 0.5435641 0.24 0.06999999 0.5181371 0.2731371 0.06999999 0.485 0.2985641 0.06999999 0.446411 0.3145481 0.06999999 0.405 0.32 0.06999999 0.27 0.32 0.06999999 0.1349999 0.32 0.06999999 0 0.32 0.06999999 -0.135 0.32 0.06999999 -0.27 0.32 0.06999999 -0.405 0.32 0.06999999 -0.446411 0.3145481 0.06999999 -0.485 0.2985641 0.06999999 -0.5181371 0.2731371 0.06999999 -0.5435641 0.24 0.06999999 -0.5595481 0.201411 0.06999999 -0.565 0.16 0.06999999 -0.565 0.05333328 0.06999999 -0.565 -0.05333334 0.06999999 -0.565 -0.16 0.06999999 -0.5595481 -0.201411 0.06999999 -0.5435641 -0.24 0.06999999 -0.5181371 -0.2731371 0.06999999 -0.485 -0.2985641 0.06999999 -0.446411 -0.3145481 0.06999999 -0.405 -0.32 0.06999999 -0.27 -0.32 0.06999999 -0.1349999 -0.32 0.06999999 0 -0.32 0.06999999 0.135 -0.32 0.06999999 0.27 -0.32 0.06999999 0.405 -0.32 0.06999999 0.446411 -0.3145481 0.06999999 0.485 -0.2985641 0.06999999 0.5181371 -0.2731371 0.06999999 0.5435641 -0.24 0.06999999 0.5595481 -0.201411 0.06999999 0.572 -0.161 0.01599997 0.579775 -0.1612234 0.01277816 0.5829955 -0.161316 0.004999995 0.579775 -0.1612234 -0.002778172 0.572 -0.161 -0.005999982 0.5642251 -0.1607765 -0.002778172 0.5610046 -0.160684 0.004999995 0.5642251 -0.1607765 0.01277816 0.572 -0.08049994 0.01599997 0.5797782 -0.08049994 0.01277816 0.583 -0.08049994 0.004999995 0.5797782 -0.08049994 -0.002778172 0.572 -0.08049994 -0.005999982 0.5642219 -0.08049994 -0.002778172 0.5610001 -0.08049994 0.004999995 0.5642219 -0.08049994 0.01277816 0.572 0 0.01599997 0.5797782 0 0.01277816 0.583 0 0.004999995 0.5797782 0 -0.002778172 0.572 0 -0.005999982 0.5642219 0 -0.002778172 0.5610001 0 0.004999995 0.5642219 0 0.01277816 0.572 0.08049994 0.01599997 0.5797782 0.08049994 0.01277816 0.583 0.08049994 0.004999995 0.5797782 0.08049994 -0.002778172 0.572 0.08049994 -0.005999982 0.5642219 0.08049994 -0.002778172 0.5610001 0.08049994 0.004999995 0.5642219 0.08049994 0.01277816 0.572 0.161 0.01599997 0.579775 0.1612234 0.01277816 0.5829955 0.161316 0.004999995 0.579775 0.1612234 -0.002778172 0.572 0.161 -0.005999982 0.5642251 0.1607765 -0.002778172 0.5610046 0.160684 0.004999995 0.5642251 0.1607765 0.01277816 0.5687335 0.1941653 0.01599997 0.5763623 0.1956828 0.01277816 0.5795221 0.1963113 0.004999995 0.5763623 0.1956828 -0.002778172 0.5687335 0.1941653 -0.005999982 0.5611048 0.1926479 -0.002778172 0.5579449 0.1920193 0.004999995 0.5611048 0.1926479 0.01277816 0.5590595 0.2260562 0.01599997 0.5662456 0.2290328 0.01277816 0.5692222 0.2302657 0.004999995 0.5662456 0.2290328 -0.002778172 0.5590595 0.2260562 -0.005999982 0.5518734 0.2230796 -0.002778172 0.5488969 0.2218466 0.004999995 0.5518734 0.2230796 0.01277816 0.5433499 0.2554469 0.01599997 0.5498172 0.2597683 0.01277816 0.552496 0.2615582 0.004999995 0.5498172 0.2597683 -0.002778172 0.5433499 0.2554469 -0.005999982 0.5368825 0.2511256 -0.002778172 0.5342037 0.2493357 0.004999995 0.5368825 0.2511256 0.01277816 0.5222082 0.2812082 0.01599997 0.5277082 0.2867081 0.01277816 0.5299863 0.2889863 0.004999995 0.5277082 0.2867081 -0.002778172 0.5222082 0.2812082 -0.005999982 0.5167081 0.2757081 -0.002778172 0.51443 0.27343 0.004999995 0.5167081 0.2757081 0.01277816 0.496447 0.3023498 0.01599997 0.5007683 0.3088172 0.01277816 0.5025582 0.311496 0.004999995 0.5007683 0.3088172 -0.002778172 0.496447 0.3023498 -0.005999982 0.4921256 0.2958825 -0.002778172 0.4903357 0.2932037 0.004999995 0.4921256 0.2958825 0.01277816 0.4670562 0.3180595 0.01599997 0.4700328 0.3252456 0.01277816 0.4712657 0.3282222 0.004999995 0.4700328 0.3252456 -0.002778172 0.4670562 0.3180595 -0.005999982 0.4640796 0.3108734 -0.002778172 0.4628466 0.3078968 0.004999995 0.4640796 0.3108734 0.01277816 0.4351654 0.3277335 0.01599997 0.4366828 0.3353622 0.01277816 0.4373114 0.3385221 0.004999995 0.4366828 0.3353622 -0.002778172 0.4351654 0.3277335 -0.005999982 0.4336479 0.3201048 -0.002778172 0.4330193 0.3169448 0.004999995 0.4336479 0.3201048 0.01277816 0.402 0.331 0.01599997 0.402189 0.3387759 0.01277816 0.4022672 0.3419967 0.004999995 0.402189 0.3387759 -0.002778172 0.402 0.331 -0.005999982 0.401811 0.3232241 -0.002778172 0.4017328 0.3200032 0.004999995 0.401811 0.3232241 0.01277816 0.30075 0.331 0.01599997 0.30075 0.3387781 0.01277816 0.30075 0.342 0.004999995 0.30075 0.3387781 -0.002778172 0.30075 0.331 -0.005999982 0.30075 0.3232218 -0.002778172 0.30075 0.32 0.004999995 0.30075 0.3232218 0.01277816 0.1995 0.331 0.01599997 0.1995 0.3387781 0.01277816 0.1995 0.342 0.004999995 0.1995 0.3387781 -0.002778172 0.1995 0.331 -0.005999982 0.1995 0.3232218 -0.002778172 0.1995 0.32 0.004999995 0.1995 0.3232218 0.01277816 0.09824997 0.331 0.01599997 0.09824997 0.3387781 0.01277816 0.09824997 0.342 0.004999995 0.09824997 0.3387781 -0.002778172 0.09824997 0.331 -0.005999982 0.09824997 0.3232218 -0.002778172 0.09824997 0.32 0.004999995 0.09824997 0.3232218 0.01277816 -0.002999961 0.331 0.01599997 -0.002999961 0.3387781 0.01277816 -0.002999961 0.342 0.004999995 -0.002999961 0.3387781 -0.002778172 -0.002999961 0.331 -0.005999982 -0.002999961 0.3232218 -0.002778172 -0.002999961 0.32 0.004999995 -0.002999961 0.3232218 0.01277816 -0.10425 0.331 0.01599997 -0.10425 0.3387781 0.01277816 -0.10425 0.342 0.004999995 -0.10425 0.3387781 -0.002778172 -0.10425 0.331 -0.005999982 -0.10425 0.3232218 -0.002778172 -0.10425 0.32 0.004999995 -0.10425 0.3232218 0.01277816 -0.2055 0.331 0.01599997 -0.2055 0.3387781 0.01277816 -0.2055 0.342 0.004999995 -0.2055 0.3387781 -0.002778172 -0.2055 0.331 -0.005999982 -0.2055 0.3232218 -0.002778172 -0.2055 0.32 0.004999995 -0.2055 0.3232218 0.01277816 -0.30675 0.331 0.01599997 -0.30675 0.3387781 0.01277816 -0.30675 0.342 0.004999995 -0.30675 0.3387781 -0.002778172 -0.30675 0.331 -0.005999982 -0.30675 0.3232218 -0.002778172 -0.30675 0.32 0.004999995 -0.30675 0.3232218 0.01277816 -0.408 0.331 0.01599997 -0.4081889 0.3387759 0.01277816 -0.4082672 0.3419967 0.004999995 -0.4081889 0.3387759 -0.002778172 -0.408 0.331 -0.005999982 -0.407811 0.3232241 -0.002778172 -0.4077327 0.3200032 0.004999995 -0.407811 0.3232241 0.01277816 -0.4411653 0.3277335 0.01599997 -0.4426828 0.3353622 0.01277816 -0.4433113 0.3385221 0.004999995 -0.4426828 0.3353622 -0.002778172 -0.4411653 0.3277335 -0.005999982 -0.4396479 0.3201048 -0.002778172 -0.4390193 0.3169448 0.004999995 -0.4396479 0.3201048 0.01277816 -0.4730561 0.3180595 0.01599997 -0.4760327 0.3252456 0.01277816 -0.4772657 0.3282222 0.004999995 -0.4760327 0.3252456 -0.002778172 -0.4730561 0.3180595 -0.005999982 -0.4700796 0.3108734 -0.002778172 -0.4688466 0.3078968 0.004999995 -0.4700796 0.3108734 0.01277816 -0.502447 0.3023498 0.01599997 -0.5067683 0.3088172 0.01277816 -0.5085582 0.311496 0.004999995 -0.5067683 0.3088172 -0.002778172 -0.502447 0.3023498 -0.005999982 -0.4981256 0.2958825 -0.002778172 -0.4963357 0.2932037 0.004999995 -0.4981256 0.2958825 0.01277816 -0.5282081 0.2812082 0.01599997 -0.5337082 0.2867081 0.01277816 -0.5359863 0.2889863 0.004999995 -0.5337082 0.2867081 -0.002778172 -0.5282081 0.2812082 -0.005999982 -0.5227081 0.2757081 -0.002778172 -0.52043 0.27343 0.004999995 -0.5227081 0.2757081 0.01277816 -0.5493499 0.2554469 0.01599997 -0.5558172 0.2597683 0.01277816 -0.558496 0.2615582 0.004999995 -0.5558172 0.2597683 -0.002778172 -0.5493499 0.2554469 -0.005999982 -0.5428825 0.2511256 -0.002778172 -0.5402037 0.2493357 0.004999995 -0.5428825 0.2511256 0.01277816 -0.5650596 0.2260562 0.01599997 -0.5722457 0.2290328 0.01277816 -0.5752222 0.2302657 0.004999995 -0.5722457 0.2290328 -0.002778172 -0.5650596 0.2260562 -0.005999982 -0.5578734 0.2230796 -0.002778172 -0.5548969 0.2218466 0.004999995 -0.5578734 0.2230796 0.01277816 -0.5747335 0.1941653 0.01599997 -0.5823622 0.1956828 0.01277816 -0.5855221 0.1963113 0.004999995 -0.5823622 0.1956828 -0.002778172 -0.5747335 0.1941653 -0.005999982 -0.5671048 0.1926479 -0.002778172 -0.5639449 0.1920194 0.004999995 -0.5671048 0.1926479 0.01277816 -0.578 0.161 0.01599997 -0.585775 0.1612234 0.01277816 -0.5889955 0.161316 0.004999995 -0.585775 0.1612234 -0.002778172 -0.578 0.161 -0.005999982 -0.5702251 0.1607765 -0.002778172 -0.5670046 0.160684 0.004999995 -0.5702251 0.1607765 0.01277816 -0.578 0.08049994 0.01599997 -0.5857782 0.08049994 0.01277816 -0.589 0.08049994 0.004999995 -0.5857782 0.08049994 -0.002778172 -0.578 0.08049994 -0.005999982 -0.5702219 0.08049994 -0.002778172 -0.567 0.08049994 0.004999995 -0.5702219 0.08049994 0.01277816 -0.578 0 0.01599997 -0.5857782 0 0.01277816 -0.589 0 0.004999995 -0.5857782 0 -0.002778172 -0.578 0 -0.005999982 -0.5702219 0 -0.002778172 -0.567 0 0.004999995 -0.5702219 0 0.01277816 -0.578 -0.08049994 0.01599997 -0.5857782 -0.08049994 0.01277816 -0.589 -0.08049994 0.004999995 -0.5857782 -0.08049994 -0.002778172 -0.578 -0.08049994 -0.005999982 -0.5702219 -0.08049994 -0.002778172 -0.567 -0.08049994 0.004999995 -0.5702219 -0.08049994 0.01277816 -0.578 -0.161 0.01599997 -0.585775 -0.1612234 0.01277816 -0.5889955 -0.161316 0.004999995 -0.585775 -0.1612234 -0.002778172 -0.578 -0.161 -0.005999982 -0.5702251 -0.1607765 -0.002778172 -0.5670046 -0.160684 0.004999995 -0.5702251 -0.1607765 0.01277816 -0.5747335 -0.1941653 0.01599997 -0.5823622 -0.1956828 0.01277816 -0.5855221 -0.1963113 0.004999995 -0.5823622 -0.1956828 -0.002778172 -0.5747335 -0.1941653 -0.005999982 -0.5671048 -0.1926479 -0.002778172 -0.5639449 -0.1920194 0.004999995 -0.5671048 -0.1926479 0.01277816 -0.5650596 -0.2260562 0.01599997 -0.5722457 -0.2290328 0.01277816 -0.5752222 -0.2302657 0.004999995 -0.5722457 -0.2290328 -0.002778172 -0.5650596 -0.2260562 -0.005999982 -0.5578734 -0.2230796 -0.002778172 -0.5548969 -0.2218466 0.004999995 -0.5578734 -0.2230796 0.01277816 -0.5493499 -0.2554469 0.01599997 -0.5558172 -0.2597683 0.01277816 -0.558496 -0.2615582 0.004999995 -0.5558172 -0.2597683 -0.002778172 -0.5493499 -0.2554469 -0.005999982 -0.5428825 -0.2511256 -0.002778172 -0.5402037 -0.2493357 0.004999995 -0.5428825 -0.2511256 0.01277816 -0.5282081 -0.2812082 0.01599997 -0.5337082 -0.2867081 0.01277816 -0.5359863 -0.2889863 0.004999995 -0.5337082 -0.2867081 -0.002778172 -0.5282081 -0.2812082 -0.005999982 -0.5227081 -0.2757081 -0.002778172 -0.52043 -0.27343 0.004999995 -0.5227081 -0.2757081 0.01277816 -0.502447 -0.3023498 0.01599997 -0.5067683 -0.3088172 0.01277816 -0.5085582 -0.311496 0.004999995 -0.5067683 -0.3088172 -0.002778172 -0.502447 -0.3023498 -0.005999982 -0.4981256 -0.2958825 -0.002778172 -0.4963357 -0.2932037 0.004999995 -0.4981256 -0.2958825 0.01277816 -0.4730561 -0.3180595 0.01599997 -0.4760327 -0.3252456 0.01277816 -0.4772657 -0.3282222 0.004999995 -0.4760327 -0.3252456 -0.002778172 -0.4730561 -0.3180595 -0.005999982 -0.4700796 -0.3108734 -0.002778172 -0.4688466 -0.3078968 0.004999995 -0.4700796 -0.3108734 0.01277816 -0.4411653 -0.3277335 0.01599997 -0.4426828 -0.3353622 0.01277816 -0.4433113 -0.3385221 0.004999995 -0.4426828 -0.3353622 -0.002778172 -0.4411653 -0.3277335 -0.005999982 -0.4396479 -0.3201048 -0.002778172 -0.4390193 -0.3169448 0.004999995 -0.4396479 -0.3201048 0.01277816 -0.408 -0.331 0.01599997 -0.4081889 -0.3387759 0.01277816 -0.4082672 -0.3419967 0.004999995 -0.4081889 -0.3387759 -0.002778172 -0.408 -0.331 -0.005999982 -0.407811 -0.3232241 -0.002778172 -0.4077327 -0.3200032 0.004999995 -0.407811 -0.3232241 0.01277816 -0.30675 -0.331 0.01599997 -0.30675 -0.3387781 0.01277816 -0.30675 -0.342 0.004999995 -0.30675 -0.3387781 -0.002778172 -0.30675 -0.331 -0.005999982 -0.30675 -0.3232218 -0.002778172 -0.30675 -0.32 0.004999995 -0.30675 -0.3232218 0.01277816 -0.2055 -0.331 0.01599997 -0.2055 -0.3387781 0.01277816 -0.2055 -0.342 0.004999995 -0.2055 -0.3387781 -0.002778172 -0.2055 -0.331 -0.005999982 -0.2055 -0.3232218 -0.002778172 -0.2055 -0.32 0.004999995 -0.2055 -0.3232218 0.01277816 -0.10425 -0.331 0.01599997 -0.10425 -0.3387781 0.01277816 -0.10425 -0.342 0.004999995 -0.10425 -0.3387781 -0.002778172 -0.10425 -0.331 -0.005999982 -0.10425 -0.3232218 -0.002778172 -0.10425 -0.32 0.004999995 -0.10425 -0.3232218 0.01277816 -0.002999961 -0.331 0.01599997 -0.002999961 -0.3387781 0.01277816 -0.002999961 -0.342 0.004999995 -0.002999961 -0.3387781 -0.002778172 -0.002999961 -0.331 -0.005999982 -0.002999961 -0.3232218 -0.002778172 -0.002999961 -0.32 0.004999995 -0.002999961 -0.3232218 0.01277816 0.09824997 -0.331 0.01599997 0.09824997 -0.3387781 0.01277816 0.09824997 -0.342 0.004999995 0.09824997 -0.3387781 -0.002778172 0.09824997 -0.331 -0.005999982 0.09824997 -0.3232218 -0.002778172 0.09824997 -0.32 0.004999995 0.09824997 -0.3232218 0.01277816 0.1995 -0.331 0.01599997 0.1995 -0.3387781 0.01277816 0.1995 -0.342 0.004999995 0.1995 -0.3387781 -0.002778172 0.1995 -0.331 -0.005999982 0.1995 -0.3232218 -0.002778172 0.1995 -0.32 0.004999995 0.1995 -0.3232218 0.01277816 0.30075 -0.331 0.01599997 0.30075 -0.3387781 0.01277816 0.30075 -0.342 0.004999995 0.30075 -0.3387781 -0.002778172 0.30075 -0.331 -0.005999982 0.30075 -0.3232218 -0.002778172 0.30075 -0.32 0.004999995 0.30075 -0.3232218 0.01277816 0.402 -0.331 0.01599997 0.402189 -0.3387759 0.01277816 0.4022672 -0.3419967 0.004999995 0.402189 -0.3387759 -0.002778172 0.402 -0.331 -0.005999982 0.401811 -0.3232241 -0.002778172 0.4017328 -0.3200032 0.004999995 0.401811 -0.3232241 0.01277816 0.4351654 -0.3277335 0.01599997 0.4366828 -0.3353622 0.01277816 0.4373114 -0.3385221 0.004999995 0.4366828 -0.3353622 -0.002778172 0.4351654 -0.3277335 -0.005999982 0.4336479 -0.3201048 -0.002778172 0.4330193 -0.3169448 0.004999995 0.4336479 -0.3201048 0.01277816 0.4670562 -0.3180595 0.01599997 0.4700328 -0.3252456 0.01277816 0.4712657 -0.3282222 0.004999995 0.4700328 -0.3252456 -0.002778172 0.4670562 -0.3180595 -0.005999982 0.4640796 -0.3108734 -0.002778172 0.4628466 -0.3078968 0.004999995 0.4640796 -0.3108734 0.01277816 0.496447 -0.3023498 0.01599997 0.5007683 -0.3088172 0.01277816 0.5025582 -0.311496 0.004999995 0.5007683 -0.3088172 -0.002778172 0.496447 -0.3023498 -0.005999982 0.4921256 -0.2958825 -0.002778172 0.4903357 -0.2932037 0.004999995 0.4921256 -0.2958825 0.01277816 0.5222082 -0.2812082 0.01599997 0.5277082 -0.2867081 0.01277816 0.5299863 -0.2889863 0.004999995 0.5277082 -0.2867081 -0.002778172 0.5222082 -0.2812082 -0.005999982 0.5167081 -0.2757081 -0.002778172 0.51443 -0.27343 0.004999995 0.5167081 -0.2757081 0.01277816 0.5433499 -0.2554469 0.01599997 0.5498172 -0.2597683 0.01277816 0.552496 -0.2615582 0.004999995 0.5498172 -0.2597683 -0.002778172 0.5433499 -0.2554469 -0.005999982 0.5368825 -0.2511256 -0.002778172 0.5342037 -0.2493357 0.004999995 0.5368825 -0.2511256 0.01277816 0.5590595 -0.2260562 0.01599997 0.5662456 -0.2290328 0.01277816 0.5692222 -0.2302657 0.004999995 0.5662456 -0.2290328 -0.002778172 0.5590595 -0.2260562 -0.005999982 0.5518734 -0.2230796 -0.002778172 0.5488969 -0.2218466 0.004999995 0.5518734 -0.2230796 0.01277816 0.5687335 -0.1941653 0.01599997 0.5763623 -0.1956828 0.01277816 0.5795221 -0.1963113 0.004999995 0.5763623 -0.1956828 -0.002778172 0.5687335 -0.1941653 -0.005999982 0.5611048 -0.1926479 -0.002778172 0.5579449 -0.1920193 0.004999995 0.5611048 -0.1926479 0.01277816 0.563 -0.02199995 -0.04250001 0.563 -0.02499997 -0.03949999 0.56 -0.02199995 -0.03949999 0.563 -0.02349799 -0.04209917 0.561502 -0.02199995 -0.04209917 0.5615653 -0.02343463 -0.04170989 0.561502 -0.02459919 -0.03949999 0.563 -0.02459919 -0.04099804 0.5615653 -0.02420985 -0.04093462 0.5604008 -0.02199995 -0.04099804 0.5604008 -0.02349799 -0.03949999 0.5607901 -0.02343463 -0.04093462 0.563 -0.02499997 -0.01050001 0.563 -0.02199995 -0.007499992 0.56 -0.02199995 -0.01050001 0.563 -0.02459919 -0.00900197 0.561502 -0.02459919 -0.01050001 0.5615653 -0.02420985 -0.00906533 0.561502 -0.02199995 -0.007900774 0.563 -0.02349799 -0.007900774 0.5615653 -0.02343463 -0.008290112 0.5604008 -0.02349799 -0.01050001 0.5604008 -0.02199995 -0.00900197 0.5607901 -0.02343463 -0.00906533 0.563 0.02199995 -0.04250001 0.56 0.02199995 -0.03949999 0.563 0.02499997 -0.03949999 0.561502 0.02199995 -0.04209917 0.563 0.02349799 -0.04209917 0.5615653 0.02343463 -0.04170989 0.5604008 0.02349799 -0.03949999 0.5604008 0.02199995 -0.04099804 0.5607901 0.02343463 -0.04093462 0.563 0.02459919 -0.04099804 0.561502 0.02459919 -0.03949999 0.5615653 0.02420985 -0.04093462 0.563 0.02199995 -0.007499992 0.563 0.02499997 -0.01050001 0.56 0.02199995 -0.01050001 0.563 0.02349799 -0.007900774 0.561502 0.02199995 -0.007900774 0.5615653 0.02343463 -0.008290112 0.561502 0.02459919 -0.01050001 0.563 0.02459919 -0.00900197 0.5615653 0.02420985 -0.00906533 0.5604008 0.02199995 -0.00900197 0.5604008 0.02349799 -0.01050001 0.5607901 0.02343463 -0.00906533 0.569 -0.02199995 -0.04250001 0.572 -0.02199995 -0.03949999 0.569 -0.02499997 -0.03949999 0.570498 -0.02199995 -0.04209917 0.569 -0.02349799 -0.04209917 0.5704346 -0.02343463 -0.04170989 0.5715992 -0.02349799 -0.03949999 0.5715992 -0.02199995 -0.04099804 0.5712099 -0.02343463 -0.04093462 0.569 -0.02459919 -0.04099804 0.570498 -0.02459919 -0.03949999 0.5704346 -0.02420985 -0.04093462 0.569 -0.02199995 -0.007499992 0.569 -0.02499997 -0.01050001 0.572 -0.02199995 -0.01050001 0.569 -0.02349799 -0.007900774 0.570498 -0.02199995 -0.007900774 0.5704346 -0.02343463 -0.008290112 0.570498 -0.02459919 -0.01050001 0.569 -0.02459919 -0.00900197 0.5704346 -0.02420985 -0.00906533 0.5715992 -0.02199995 -0.00900197 0.5715992 -0.02349799 -0.01050001 0.5712099 -0.02343463 -0.00906533 0.569 0.02199995 -0.04250001 0.569 0.02499997 -0.03949999 0.572 0.02199995 -0.03949999 0.569 0.02349799 -0.04209917 0.570498 0.02199995 -0.04209917 0.5704346 0.02343463 -0.04170989 0.570498 0.02459919 -0.03949999 0.569 0.02459919 -0.04099804 0.5704346 0.02420985 -0.04093462 0.5715992 0.02199995 -0.04099804 0.5715992 0.02349799 -0.03949999 0.5712099 0.02343463 -0.04093462 0.569 0.02199995 -0.007499992 0.572 0.02199995 -0.01050001 0.569 0.02499997 -0.01050001 0.570498 0.02199995 -0.007900774 0.569 0.02349799 -0.007900774 0.5704346 0.02343463 -0.008290112 0.5715992 0.02349799 -0.01050001 0.5715992 0.02199995 -0.00900197 0.5712099 0.02343463 -0.00906533 0.569 0.02459919 -0.00900197 0.570498 0.02459919 -0.01050001 0.5704346 0.02420985 -0.00906533 0.605 0 -0.02499997 0.603 0.003464043 -0.02499997 0.599 0.003464043 -0.02499997 0.597 0 -0.02499997 0.599 -0.003464043 -0.02499997 0.603 -0.003464043 -0.02499997 0.6034776 0 -0.01734632 0.6016298 0.003464043 -0.0181117 0.5979343 0.003464043 -0.01964241 0.5960866 0 -0.02040779 0.5979343 -0.003464043 -0.01964241 0.6016298 -0.003464043 -0.0181117 0.5991421 0 -0.01085788 0.5977279 0.003464043 -0.01227205 0.5948995 0.003464043 -0.01510047 0.5934852 0 -0.01651471 0.5948995 -0.003464043 -0.01510047 0.5977279 -0.003464043 -0.01227205 0.5926536 0 -0.006522417 0.5918883 0.003464043 -0.008370161 0.5903576 0.003464043 -0.01206564 0.5895922 0 -0.01391345 0.5903576 -0.003464043 -0.01206564 0.5918883 -0.003464043 -0.008370161 0.585 0 -0.004999995 0.585 0.003464043 -0.006999969 0.585 0.003464043 -0.01099997 0.585 0 -0.01300001 0.585 -0.003464043 -0.01099997 0.585 -0.003464043 -0.006999969 0.5773463 0 -0.006522417 0.5781117 0.003464043 -0.008370161 0.5796424 0.003464043 -0.01206564 0.5804078 0 -0.01391345 0.5796424 -0.003464043 -0.01206564 0.5781117 -0.003464043 -0.008370161 0.5708578 0 -0.01085788 0.5722721 0.003464043 -0.01227205 0.5751005 0.003464043 -0.01510047 0.5765147 0 -0.01651471 0.5751005 -0.003464043 -0.01510047 0.5722721 -0.003464043 -0.01227205 0.5665224 0 -0.01734632 0.5683702 0.003464043 -0.0181117 0.5720657 0.003464043 -0.01964241 0.5739134 0 -0.02040779 0.5720657 -0.003464043 -0.01964241 0.5683702 -0.003464043 -0.0181117 0.565 0 -0.02499997 0.567 0.003464043 -0.02499997 0.571 0.003464043 -0.02499997 0.573 0 -0.02499997 0.571 -0.003464043 -0.02499997 0.567 -0.003464043 -0.02499997 0.5665224 0 -0.03265368 0.5683702 0.003464043 -0.0318883 0.5720657 0.003464043 -0.03035753 0.5739134 0 -0.02959221 0.5720657 -0.003464043 -0.03035753 0.5683702 -0.003464043 -0.0318883 0.5708578 0 -0.03914213 0.5722721 0.003464043 -0.03772789 0.5751005 0.003464043 -0.03489947 0.5765147 0 -0.03348529 0.5751005 -0.003464043 -0.03489947 0.5722721 -0.003464043 -0.03772789 0.5773463 0 -0.04347759 0.5781117 0.003464043 -0.04162985 0.5796424 0.003464043 -0.0379343 0.5804078 0 -0.03608655 0.5796424 -0.003464043 -0.0379343 0.5781117 -0.003464043 -0.04162985 0.585 0 -0.04500001 0.585 0.003464043 -0.04299998 0.585 0.003464043 -0.03899997 0.585 0 -0.037 0.585 -0.003464043 -0.03899997 0.585 -0.003464043 -0.04299998 0.5926536 0 -0.04347759 0.5918883 0.003464043 -0.04162985 0.5903576 0.003464043 -0.0379343 0.5895922 0 -0.03608655 0.5903576 -0.003464043 -0.0379343 0.5918883 -0.003464043 -0.04162985 0.5991421 0 -0.03914213 0.5977279 0.003464043 -0.03772789 0.5948995 0.003464043 -0.03489947 0.5934852 0 -0.03348529 0.5948995 -0.003464043 -0.03489947 0.5977279 -0.003464043 -0.03772789 0.6034776 0 -0.03265368 0.6016298 0.003464043 -0.0318883 0.5979343 0.003464043 -0.03035753 0.5960866 0 -0.02959221 0.5979343 -0.003464043 -0.03035753 0.6016298 -0.003464043 -0.0318883 0.555 -0.17 0.06 0.555 -0.05666661 0.06 0.555 0.05666667 0.06 0.555 0.17 0.06 0.5532963 0.1829409 0.06 0.5483013 0.195 0.06 0.5403553 0.2053553 0.06 0.53 0.2133013 0.06 0.5179409 0.2182962 0.06 0.505 0.22 0.06 0.4808333 0.22 0.06 0.4566667 0.22 0.06 0.4325 0.22 0.06 0.4083333 0.22 0.06 0.3841667 0.22 0.06 0.36 0.22 0.06 0.3470591 0.2182962 0.06 0.335 0.2133013 0.06 0.3246447 0.2053553 0.06 0.3166987 0.195 0.06 0.3117037 0.1829409 0.06 0.31 0.17 0.06 0.31 0.05666661 0.06 0.31 -0.05666667 0.06 0.31 -0.17 0.06 0.3117037 -0.1829409 0.06 0.3166987 -0.195 0.06 0.3246447 -0.2053553 0.06 0.335 -0.2133013 0.06 0.3470591 -0.2182962 0.06 0.36 -0.22 0.06 0.3841667 -0.22 0.06 0.4083334 -0.22 0.06 0.4325 -0.22 0.06 0.4566667 -0.22 0.06 0.4808333 -0.22 0.06 0.505 -0.22 0.06 0.5179409 -0.2182962 0.06 0.53 -0.2133013 0.06 0.5403553 -0.2053553 0.06 0.5483013 -0.195 0.06 0.5532963 -0.1829409 0.06 0.465 -0.16 0.1999999 0.465 -0.05333328 0.1999999 0.465 0.05333334 0.1999999 0.465 0.16 0.1999999 0.4636371 0.1703527 0.1999999 0.459641 0.18 0.1999999 0.4532843 0.1882842 0.1999999 0.445 0.194641 0.1999999 0.4353528 0.198637 0.1999999 0.425 0.2 0.1999999 0.4175 0.2 0.1999999 0.41 0.2 0.1999999 0.4025 0.2 0.1999999 0.395 0.2 0.1999999 0.3875 0.2 0.1999999 0.38 0.1999999 0.1999999 0.3696472 0.198637 0.1999999 0.36 0.194641 0.1999999 0.3517157 0.1882842 0.1999999 0.345359 0.18 0.1999999 0.341363 0.1703527 0.1999999 0.34 0.16 0.1999999 0.34 0.05333328 0.1999999 0.34 -0.05333334 0.1999999 0.34 -0.16 0.1999999 0.341363 -0.1703527 0.1999999 0.345359 -0.18 0.1999999 0.3517157 -0.1882842 0.1999999 0.36 -0.194641 0.1999999 0.3696472 -0.198637 0.1999999 0.38 -0.2 0.1999999 0.3875 -0.2 0.1999999 0.395 -0.2 0.1999999 0.4025 -0.2 0.1999999 0.41 -0.2 0.1999999 0.4175 -0.2 0.1999999 0.425 -0.1999999 0.1999999 0.4353528 -0.198637 0.1999999 0.445 -0.194641 0.1999999 0.4532843 -0.1882842 0.1999999 0.459641 -0.18 0.1999999 0.4636371 -0.1703527 0.1999999 0.52 0.138 0.11 0.54 0.138 0.11 0.52 0.1366298 0.1031117 0.54 0.1366298 0.1031117 0.52 0.1327279 0.09727209 0.54 0.1327279 0.09727209 0.52 0.1268883 0.09337013 0.54 0.1268883 0.09337019 0.52 0.12 0.092 0.54 0.12 0.092 0.52 0.1131117 0.09337013 0.54 0.1131117 0.09337019 0.52 0.107272 0.09727209 0.54 0.107272 0.09727209 0.52 0.1033701 0.1031117 0.54 0.1033701 0.1031117 0.52 0.1019999 0.11 0.54 0.1019999 0.11 0.52 0.1033701 0.1168883 0.54 0.1033701 0.1168883 0.52 0.107272 0.1227279 0.54 0.107272 0.1227279 0.52 0.1131117 0.1266298 0.54 0.1131117 0.1266298 0.52 0.12 0.128 0.54 0.12 0.128 0.52 0.1268883 0.1266298 0.54 0.1268883 0.1266298 0.52 0.1327279 0.1227279 0.54 0.1327279 0.1227279 0.52 0.1366298 0.1168883 0.54 0.1366298 0.1168883 0.518 0.12 0.092 0.518 0.12 0.08799999 0.542 0.12 0.08799999 0.542 0.12 0.092 0.518 0.1268883 0.09337013 0.518 0.128419 0.08967465 0.542 0.128419 0.08967465 0.542 0.1268883 0.09337013 0.518 0.1327279 0.09727209 0.518 0.1355563 0.09444367 0.542 0.1355563 0.09444367 0.542 0.1327279 0.09727209 0.518 0.1366298 0.1031117 0.518 0.1403253 0.1015809 0.542 0.1403253 0.1015809 0.542 0.1366298 0.1031117 0.518 0.138 0.11 0.518 0.142 0.11 0.542 0.142 0.11 0.542 0.138 0.11 0.518 0.1366298 0.1168883 0.518 0.1403253 0.118419 0.542 0.1403253 0.118419 0.542 0.1366298 0.1168883 0.518 0.1327279 0.1227279 0.518 0.1355563 0.1255563 0.542 0.1355563 0.1255563 0.542 0.1327279 0.1227279 0.518 0.1268883 0.1266298 0.518 0.128419 0.1303253 0.542 0.128419 0.1303253 0.542 0.1268883 0.1266298 0.518 0.12 0.128 0.518 0.12 0.132 0.542 0.12 0.132 0.542 0.12 0.128 0.518 0.1131117 0.1266298 0.518 0.1115809 0.1303253 0.542 0.1115809 0.1303253 0.542 0.1131117 0.1266298 0.518 0.107272 0.1227279 0.518 0.1044436 0.1255563 0.542 0.1044436 0.1255563 0.542 0.107272 0.1227279 0.518 0.1033701 0.1168883 0.518 0.09967464 0.118419 0.542 0.09967464 0.118419 0.542 0.1033701 0.1168883 0.518 0.1019999 0.11 0.518 0.09799998 0.11 0.542 0.09799998 0.11 0.542 0.1019999 0.11 0.518 0.1033701 0.1031117 0.518 0.09967464 0.1015809 0.542 0.09967464 0.1015809 0.542 0.1033701 0.1031117 0.518 0.107272 0.09727209 0.518 0.1044436 0.09444367 0.542 0.1044436 0.09444367 0.542 0.107272 0.09727209 0.518 0.1131117 0.09337013 0.518 0.1115809 0.08967465 0.542 0.1115809 0.08967465 0.542 0.1131117 0.09337013 0.52 -0.1019999 0.11 0.54 -0.1019999 0.11 0.52 -0.1033701 0.1031117 0.54 -0.1033701 0.1031117 0.52 -0.107272 0.09727209 0.54 -0.107272 0.09727209 0.52 -0.1131117 0.09337013 0.54 -0.1131117 0.09337019 0.52 -0.12 0.092 0.54 -0.12 0.092 0.52 -0.1268883 0.09337013 0.54 -0.1268883 0.09337019 0.52 -0.1327279 0.09727209 0.54 -0.1327279 0.09727209 0.52 -0.1366298 0.1031117 0.54 -0.1366298 0.1031117 0.52 -0.138 0.11 0.54 -0.138 0.11 0.52 -0.1366298 0.1168883 0.54 -0.1366298 0.1168883 0.52 -0.1327279 0.1227279 0.54 -0.1327279 0.1227279 0.52 -0.1268883 0.1266298 0.54 -0.1268883 0.1266298 0.52 -0.12 0.128 0.54 -0.12 0.128 0.52 -0.1131117 0.1266298 0.54 -0.1131117 0.1266298 0.52 -0.107272 0.1227279 0.54 -0.107272 0.1227279 0.52 -0.1033701 0.1168883 0.54 -0.1033701 0.1168883 0.518 -0.12 0.092 0.518 -0.12 0.08799999 0.542 -0.12 0.08799999 0.542 -0.12 0.092 0.518 -0.1131117 0.09337013 0.518 -0.1115809 0.08967465 0.542 -0.1115809 0.08967465 0.542 -0.1131117 0.09337013 0.518 -0.107272 0.09727209 0.518 -0.1044436 0.09444367 0.542 -0.1044436 0.09444367 0.542 -0.107272 0.09727209 0.518 -0.1033701 0.1031117 0.518 -0.09967464 0.1015809 0.542 -0.09967464 0.1015809 0.542 -0.1033701 0.1031117 0.518 -0.1019999 0.11 0.518 -0.09799998 0.11 0.542 -0.09799998 0.11 0.542 -0.1019999 0.11 0.518 -0.1033701 0.1168883 0.518 -0.09967464 0.118419 0.542 -0.09967464 0.118419 0.542 -0.1033701 0.1168883 0.518 -0.107272 0.1227279 0.518 -0.1044436 0.1255563 0.542 -0.1044436 0.1255563 0.542 -0.107272 0.1227279 0.518 -0.1131117 0.1266298 0.518 -0.1115809 0.1303253 0.542 -0.1115809 0.1303253 0.542 -0.1131117 0.1266298 0.518 -0.12 0.128 0.518 -0.12 0.132 0.542 -0.12 0.132 0.542 -0.12 0.128 0.518 -0.1268883 0.1266298 0.518 -0.128419 0.1303253 0.542 -0.128419 0.1303253 0.542 -0.1268883 0.1266298 0.518 -0.1327279 0.1227279 0.518 -0.1355563 0.1255563 0.542 -0.1355563 0.1255563 0.542 -0.1327279 0.1227279 0.518 -0.1366298 0.1168883 0.518 -0.1403253 0.118419 0.542 -0.1403253 0.118419 0.542 -0.1366298 0.1168883 0.518 -0.138 0.11 0.518 -0.142 0.11 0.542 -0.142 0.11 0.542 -0.138 0.11 0.518 -0.1366298 0.1031117 0.518 -0.1403253 0.1015809 0.542 -0.1403253 0.1015809 0.542 -0.1366298 0.1031117 0.518 -0.1327279 0.09727209 0.518 -0.1355563 0.09444367 0.542 -0.1355563 0.09444367 0.542 -0.1327279 0.09727209 0.518 -0.1268883 0.09337013 0.518 -0.128419 0.08967465 0.542 -0.128419 0.08967465 0.542 -0.1268883 0.09337013 0.4 0.01599997 0.2 0.4 0.01599997 0.41415 0.4061229 0.01478207 0.2 0.4061229 0.01478207 0.41415 0.4113137 0.01131367 0.2 0.4113137 0.01131367 0.41415 0.4147821 0.006122887 0.2 0.4147821 0.006122887 0.41415 0.416 0 0.2 0.416 0 0.41415 0.4147821 -0.006122887 0.2 0.4147821 -0.006122887 0.41415 0.4113137 -0.01131367 0.2 0.4113137 -0.01131367 0.41415 0.4061229 -0.01478207 0.2 0.4061229 -0.01478207 0.41415 0.4 -0.01599997 0.2 0.4 -0.01599997 0.41415 0.393877 -0.01478207 0.2 0.393877 -0.01478207 0.41415 0.3886863 -0.01131367 0.2 0.3886863 -0.01131367 0.41415 0.3852179 -0.006122887 0.2 0.3852179 -0.006122887 0.41415 0.384 0 0.2 0.384 0 0.41415 0.3852179 0.006122887 0.2 0.3852179 0.006122887 0.41415 0.3886863 0.01131367 0.2 0.3886863 0.01131367 0.41415 0.393877 0.01478207 0.2 0.393877 0.01478207 0.41415 0.4 0.04499995 0.40815 0.4 0.04499995 0.41415 0.4116469 0.04346662 0.40815 0.4116469 0.04346662 0.41415 0.4225 0.03897112 0.40815 0.4225 0.03897112 0.41415 0.4318198 0.03181976 0.40815 0.4318198 0.03181976 0.41415 0.4389712 0.02249997 0.40815 0.4389712 0.02249997 0.41415 0.4434667 0.0116468 0.40815 0.4434667 0.0116468 0.41415 0.445 0 0.40815 0.445 0 0.41415 0.4434667 -0.0116468 0.40815 0.4434667 -0.0116468 0.41415 0.4389712 -0.02249997 0.40815 0.4389712 -0.02249997 0.41415 0.4318198 -0.03181976 0.40815 0.4318198 -0.03181976 0.41415 0.4225 -0.03897112 0.40815 0.4225 -0.03897112 0.41415 0.4116469 -0.04346662 0.40815 0.4116469 -0.04346662 0.41415 0.4 -0.04499995 0.40815 0.4 -0.04499995 0.41415 0.3883531 -0.04346662 0.40815 0.3883531 -0.04346662 0.41415 0.3775 -0.03897112 0.40815 0.3775 -0.03897112 0.41415 0.3681802 -0.03181976 0.40815 0.3681802 -0.03181976 0.41415 0.3610289 -0.02249997 0.40815 0.3610289 -0.02249997 0.41415 0.3565334 -0.0116468 0.40815 0.3565334 -0.0116468 0.41415 0.355 0 0.40815 0.355 0 0.41415 0.3565334 0.0116468 0.40815 0.3565334 0.0116468 0.41415 0.3610289 0.02249997 0.40815 0.3610289 0.02249997 0.41415 0.3681802 0.03181976 0.40815 0.3681802 0.03181976 0.41415 0.3775 0.03897112 0.40815 0.3775 0.03897112 0.41415 0.3883531 0.04346662 0.40815 0.3883531 0.04346662 0.41415 0.4 0.02999997 0.1999999 0.4 0.01599997 0.2299999 0.4114805 0.02771633 0.1999999 0.4061229 0.01478207 0.2299999 0.4212132 0.02121317 0.1999999 0.4113137 0.01131367 0.2299999 0.4277164 0.01148045 0.1999999 0.4147821 0.006122887 0.2299999 0.43 0 0.1999999 0.416 0 0.2299999 0.4277164 -0.01148045 0.1999999 0.4147821 -0.006122887 0.2299999 0.4212132 -0.02121317 0.1999999 0.4113137 -0.01131367 0.2299999 0.4114805 -0.02771633 0.1999999 0.4061229 -0.01478207 0.2299999 0.4 -0.02999997 0.1999999 0.4 -0.01599997 0.2299999 0.3885195 -0.02771633 0.1999999 0.393877 -0.01478207 0.2299999 0.3787868 -0.02121317 0.1999999 0.3886863 -0.01131367 0.2299999 0.3722836 -0.01148045 0.1999999 0.3852179 -0.006122887 0.2299999 0.37 0 0.1999999 0.384 0 0.2299999 0.3722836 0.01148045 0.1999999 0.3852179 0.006122887 0.2299999 0.3787868 0.02121317 0.1999999 0.3886863 0.01131367 0.2299999 0.3885195 0.02771633 0.1999999 0.393877 0.01478207 0.2299999 0.37 0.152 0.2049999 0.37 0.1469376 0.1999999 0.37 0.1494688 0.2006698 0.37 0.1513217 0.2024999 0.37 0.1469376 0.216 0.37 0.152 0.211 0.37 0.1494688 0.2153301 0.37 0.1513217 0.2135 0.3783242 0.1456192 0.1999999 0.3798885 0.1504338 0.2049999 0.3791064 0.1480265 0.2006698 0.379679 0.1497887 0.2024999 0.3783242 0.1456192 0.216 0.3798885 0.1504338 0.211 0.3791064 0.1480265 0.2153301 0.379679 0.1497887 0.2135 0.3858336 0.141793 0.1999999 0.3888092 0.1458885 0.2049999 0.3873214 0.1438407 0.2006698 0.3884105 0.1453398 0.2024999 0.3858336 0.141793 0.216 0.3888092 0.1458885 0.211 0.3873214 0.1438407 0.2153301 0.3884105 0.1453398 0.2135 0.391793 0.1358335 0.1999999 0.3958885 0.1388091 0.2049999 0.3938408 0.1373213 0.2006698 0.3953399 0.1384105 0.2024999 0.391793 0.1358335 0.216 0.3958885 0.1388091 0.211 0.3938408 0.1373213 0.2153301 0.3953399 0.1384105 0.2135 0.3956193 0.1283242 0.1999999 0.4004338 0.1298885 0.2049999 0.3980265 0.1291064 0.2006698 0.3997888 0.1296789 0.2024999 0.3956192 0.1283242 0.216 0.4004338 0.1298885 0.211 0.3980265 0.1291064 0.2153301 0.3997888 0.1296789 0.2135 0.3969377 0.12 0.1999999 0.402 0.12 0.2049999 0.3994688 0.12 0.2006698 0.4013218 0.12 0.2024999 0.3969377 0.12 0.216 0.402 0.12 0.211 0.3994688 0.12 0.2153301 0.4013218 0.12 0.2135 0.3956192 0.1116757 0.1999999 0.4004338 0.1101114 0.2049999 0.3980265 0.1108936 0.2006698 0.3997888 0.110321 0.2024999 0.3956193 0.1116757 0.216 0.4004338 0.1101114 0.211 0.3980265 0.1108936 0.2153301 0.3997888 0.110321 0.2135 0.391793 0.1041664 0.1999999 0.3958885 0.1011908 0.2049999 0.3938408 0.1026786 0.2006698 0.3953399 0.1015895 0.2024999 0.391793 0.1041664 0.216 0.3958885 0.1011908 0.211 0.3938408 0.1026786 0.2153301 0.3953399 0.1015895 0.2135 0.3858336 0.09820693 0.1999999 0.3888092 0.09411144 0.2049999 0.3873214 0.09615916 0.2006698 0.3884105 0.0946601 0.2024999 0.3858336 0.09820693 0.216 0.3888092 0.09411144 0.211 0.3873214 0.09615916 0.2153301 0.3884105 0.0946601 0.2135 0.3783242 0.09438073 0.1999999 0.3798885 0.08956617 0.2049999 0.3791064 0.09197342 0.2006698 0.379679 0.09021121 0.2024999 0.3783242 0.09438073 0.216 0.3798885 0.08956617 0.211 0.3791064 0.09197342 0.2153301 0.379679 0.09021121 0.2135 0.37 0.09306228 0.1999999 0.37 0.08799999 0.2049999 0.37 0.09053111 0.2006698 0.37 0.08867818 0.2024999 0.37 0.09306228 0.216 0.37 0.08799999 0.211 0.37 0.09053111 0.2153301 0.37 0.08867818 0.2135 0.3616758 0.09438073 0.1999999 0.3601115 0.08956617 0.2049999 0.3608936 0.09197342 0.2006698 0.3603211 0.09021121 0.2024999 0.3616758 0.09438073 0.216 0.3601115 0.08956617 0.211 0.3608936 0.09197342 0.2153301 0.3603211 0.09021121 0.2135 0.3541665 0.09820693 0.1999999 0.3511909 0.09411144 0.2049999 0.3526787 0.09615916 0.2006698 0.3515895 0.0946601 0.2024999 0.3541665 0.09820693 0.216 0.3511909 0.09411144 0.211 0.3526787 0.09615916 0.2153301 0.3515895 0.0946601 0.2135 0.3482069 0.1041664 0.1999999 0.3441115 0.1011908 0.2049999 0.3461592 0.1026786 0.2006698 0.3446602 0.1015895 0.2024999 0.3482069 0.1041664 0.216 0.3441115 0.1011908 0.211 0.3461592 0.1026786 0.2153301 0.3446602 0.1015895 0.2135 0.3443807 0.1116757 0.1999999 0.3395662 0.1101114 0.2049999 0.3419735 0.1108936 0.2006698 0.3402112 0.110321 0.2024999 0.3443807 0.1116757 0.216 0.3395662 0.1101114 0.211 0.3419735 0.1108936 0.2153301 0.3402112 0.110321 0.2135 0.3430624 0.12 0.1999999 0.338 0.12 0.2049999 0.3405312 0.12 0.2006698 0.3386783 0.12 0.2024999 0.3430624 0.12 0.216 0.338 0.12 0.211 0.3405312 0.12 0.2153301 0.3386783 0.12 0.2135 0.3443807 0.1283242 0.1999999 0.3395662 0.1298885 0.2049999 0.3419735 0.1291064 0.2006698 0.3402112 0.1296789 0.2024999 0.3443807 0.1283242 0.216 0.3395662 0.1298885 0.211 0.3419735 0.1291064 0.2153301 0.3402112 0.1296789 0.2135 0.3482069 0.1358335 0.1999999 0.3441115 0.1388091 0.2049999 0.3461592 0.1373213 0.2006698 0.3446602 0.1384105 0.2024999 0.3482069 0.1358335 0.216 0.3441115 0.1388091 0.211 0.3461592 0.1373213 0.2153301 0.3446602 0.1384105 0.2135 0.3541665 0.141793 0.1999999 0.3511909 0.1458885 0.2049999 0.3526787 0.1438407 0.2006698 0.3515895 0.1453398 0.2024999 0.3541665 0.141793 0.216 0.3511909 0.1458885 0.211 0.3526787 0.1438407 0.2153301 0.3515895 0.1453398 0.2135 0.3616758 0.1456192 0.1999999 0.3601115 0.1504338 0.2049999 0.3608936 0.1480265 0.2006698 0.3603211 0.1497887 0.2024999 0.3616758 0.1456192 0.216 0.3601115 0.1504338 0.211 0.3608936 0.1480265 0.2153301 0.3603211 0.1497887 0.2135 0.37 -0.111 0.1999999 0.37 -0.111 0.2299999 0.3745 -0.1122058 0.1999999 0.3745 -0.1122058 0.2299999 0.3777942 -0.1155 0.1999999 0.3777942 -0.1155 0.2299999 0.379 -0.12 0.1999999 0.379 -0.12 0.2299999 0.3777942 -0.1245 0.1999999 0.3777942 -0.1245 0.2299999 0.3745 -0.1277942 0.1999999 0.3745 -0.1277942 0.2299999 0.37 -0.129 0.1999999 0.37 -0.129 0.2299999 0.3655 -0.1277942 0.1999999 0.3655 -0.1277942 0.2299999 0.3622058 -0.1245 0.1999999 0.3622058 -0.1245 0.2299999 0.361 -0.12 0.1999999 0.361 -0.12 0.2299999 0.3622058 -0.1155 0.1999999 0.3622058 -0.1155 0.2299999 0.3655 -0.1122058 0.1999999 0.3655 -0.1122058 0.2299999 0.37 -0.1165 0.23 0.37 -0.1165 0.48 0.3724749 -0.1175251 0.23 0.3724749 -0.1175251 0.48 0.3735 -0.12 0.23 0.3735 -0.12 0.48 0.3724749 -0.1224749 0.23 0.3724749 -0.1224749 0.48 0.37 -0.1235 0.23 0.37 -0.1235 0.48 0.3675251 -0.1224749 0.23 0.3675251 -0.1224749 0.48 0.3665 -0.12 0.23 0.3665 -0.12 0.48 0.3675251 -0.1175251 0.23 0.3675251 -0.1175251 0.48 0.28 0 0.05000001 0.292 0 0.05000001 0.292 0 0.1349999 0.28 0 0.1349999 0.2782764 0.02190077 0.05000001 0.2901287 0.02377802 0.05000001 0.2901287 0.02377802 0.1349999 0.2782764 0.02190077 0.1349999 0.2731479 0.04326236 0.05000001 0.2845606 0.04697054 0.05000001 0.2845606 0.04697054 0.1349999 0.2731479 0.04326236 0.1349999 0.2647409 0.06355863 0.05000001 0.275433 0.06900656 0.05000001 0.275433 0.06900656 0.1349999 0.2647409 0.06355863 0.1349999 0.2532624 0.08228993 0.05000001 0.2629706 0.08934336 0.05000001 0.2629706 0.08934336 0.1349999 0.2532624 0.08228993 0.1349999 0.2389949 0.09899491 0.05000001 0.2474802 0.1074802 0.05000001 0.2474802 0.1074802 0.1349999 0.2389949 0.09899491 0.1349999 0.2222899 0.1132624 0.05000001 0.2293433 0.1229705 0.05000001 0.2293433 0.1229705 0.1349999 0.2222899 0.1132624 0.1349999 0.2035586 0.1247409 0.05000001 0.2090065 0.135433 0.05000001 0.2090065 0.135433 0.1349999 0.2035586 0.1247409 0.1349999 0.1832624 0.1331479 0.05000001 0.1869705 0.1445606 0.05000001 0.1869705 0.1445606 0.1349999 0.1832624 0.1331479 0.1349999 0.1619008 0.1382763 0.05000001 0.163778 0.1501286 0.05000001 0.163778 0.1501286 0.1349999 0.1619008 0.1382763 0.1349999 0.14 0.14 0.05000001 0.14 0.152 0.05000001 0.14 0.152 0.1349999 0.14 0.14 0.1349999 0.1180992 0.1382763 0.05000001 0.1162219 0.1501286 0.05000001 0.1162219 0.1501286 0.1349999 0.1180992 0.1382763 0.1349999 0.09673762 0.1331479 0.05000001 0.09302937 0.1445606 0.05000001 0.09302937 0.1445606 0.1349999 0.09673762 0.1331479 0.1349999 0.07644128 0.1247409 0.05000001 0.07099342 0.135433 0.05000001 0.07099342 0.135433 0.1349999 0.07644128 0.1247409 0.1349999 0.05771005 0.1132624 0.05000001 0.05065661 0.1229705 0.05000001 0.05065661 0.1229705 0.1349999 0.05771005 0.1132624 0.1349999 0.04100501 0.09899491 0.05000001 0.03251975 0.1074802 0.05000001 0.03251975 0.1074802 0.1349999 0.04100501 0.09899491 0.1349999 0.02673757 0.08228993 0.05000001 0.0170294 0.08934336 0.05000001 0.0170294 0.08934336 0.1349999 0.02673757 0.08228993 0.1349999 0.01525908 0.06355863 0.05000001 0.004566967 0.06900656 0.05000001 0.004566967 0.06900656 0.1349999 0.01525908 0.06355863 0.1349999 0.00685209 0.04326236 0.05000001 -0.004560589 0.04697054 0.05000001 -0.004560589 0.04697054 0.1349999 0.00685209 0.04326236 0.1349999 0.001723587 0.02190077 0.05000001 -0.01012861 0.02377802 0.05000001 -0.01012861 0.02377802 0.1349999 0.001723587 0.02190077 0.1349999 0 0 0.05000001 -0.01199996 0 0.05000001 -0.01199996 0 0.1349999 0 0 0.1349999 0.001723587 -0.02190077 0.05000001 -0.01012861 -0.02377802 0.05000001 -0.01012861 -0.02377802 0.1349999 0.001723587 -0.02190077 0.1349999 0.00685209 -0.04326236 0.05000001 -0.004560589 -0.04697054 0.05000001 -0.004560589 -0.04697054 0.1349999 0.00685209 -0.04326236 0.1349999 0.01525908 -0.06355863 0.05000001 0.004566967 -0.06900656 0.05000001 0.004566967 -0.06900656 0.1349999 0.01525908 -0.06355863 0.1349999 0.02673757 -0.08228993 0.05000001 0.0170294 -0.08934336 0.05000001 0.0170294 -0.08934336 0.1349999 0.02673757 -0.08228993 0.1349999 0.04100501 -0.09899491 0.05000001 0.03251975 -0.1074802 0.05000001 0.03251975 -0.1074802 0.1349999 0.04100501 -0.09899491 0.1349999 0.05771005 -0.1132624 0.05000001 0.05065661 -0.1229705 0.05000001 0.05065661 -0.1229705 0.1349999 0.05771005 -0.1132624 0.1349999 0.07644128 -0.1247409 0.05000001 0.07099342 -0.135433 0.05000001 0.07099342 -0.135433 0.1349999 0.07644128 -0.1247409 0.1349999 0.09673762 -0.1331479 0.05000001 0.09302937 -0.1445606 0.05000001 0.09302937 -0.1445606 0.1349999 0.09673762 -0.1331479 0.1349999 0.1180992 -0.1382763 0.05000001 0.1162219 -0.1501286 0.05000001 0.1162219 -0.1501286 0.1349999 0.1180992 -0.1382763 0.1349999 0.14 -0.14 0.05000001 0.14 -0.152 0.05000001 0.14 -0.152 0.1349999 0.14 -0.14 0.1349999 0.1619008 -0.1382763 0.05000001 0.163778 -0.1501286 0.05000001 0.163778 -0.1501286 0.1349999 0.1619008 -0.1382763 0.1349999 0.1832624 -0.1331479 0.05000001 0.1869705 -0.1445606 0.05000001 0.1869705 -0.1445606 0.1349999 0.1832624 -0.1331479 0.1349999 0.2035586 -0.1247409 0.05000001 0.2090065 -0.135433 0.05000001 0.2090065 -0.135433 0.1349999 0.2035586 -0.1247409 0.1349999 0.2222899 -0.1132624 0.05000001 0.2293433 -0.1229705 0.05000001 0.2293433 -0.1229705 0.1349999 0.2222899 -0.1132624 0.1349999 0.2389949 -0.09899491 0.05000001 0.2474802 -0.1074802 0.05000001 0.2474802 -0.1074802 0.1349999 0.2389949 -0.09899491 0.1349999 0.2532624 -0.08228993 0.05000001 0.2629706 -0.08934336 0.05000001 0.2629706 -0.08934336 0.1349999 0.2532624 -0.08228993 0.1349999 0.2647409 -0.06355863 0.05000001 0.275433 -0.06900656 0.05000001 0.275433 -0.06900656 0.1349999 0.2647409 -0.06355863 0.1349999 0.2731479 -0.04326236 0.05000001 0.2845606 -0.04697054 0.05000001 0.2845606 -0.04697054 0.1349999 0.2731479 -0.04326236 0.1349999 0.2782764 -0.02190077 0.05000001 0.2901287 -0.02377802 0.05000001 0.2901287 -0.02377802 0.1349999 0.2782764 -0.02190077 0.1349999 0.286 0 0.143 0.2916569 0 0.1406568 0.294 0 0.1349999 0.2916569 0 0.1293431 0.286 0 0.127 0.2803431 0 0.1293431 0.278 0 0.1349999 0.2803431 0 0.1406568 0.2842025 0.02283942 0.143 0.2897897 0.02372431 0.1406568 0.292104 0.02409088 0.1349999 0.2897897 0.02372431 0.1293431 0.2842025 0.02283942 0.127 0.2786153 0.02195447 0.1293431 0.276301 0.0215879 0.1349999 0.2786153 0.02195447 0.1406568 0.2788543 0.04511648 0.143 0.2842342 0.0468645 0.1406568 0.2864627 0.04758858 0.1349999 0.2842342 0.0468645 0.1293431 0.2788543 0.04511648 0.127 0.2734743 0.04336839 0.1293431 0.2712458 0.04264432 0.1349999 0.2734743 0.04336839 0.1406568 0.270087 0.06628257 0.143 0.2751272 0.06885075 0.1406568 0.277215 0.06991451 0.1349999 0.2751272 0.06885075 0.1293431 0.270087 0.06628257 0.127 0.2650467 0.06371444 0.1293431 0.2629589 0.06265068 0.1349999 0.2650467 0.06371444 0.1406568 0.2581165 0.08581662 0.143 0.262693 0.08914166 0.1406568 0.2645886 0.09051889 0.1349999 0.262693 0.08914166 0.1293431 0.2581165 0.08581662 0.127 0.25354 0.08249163 0.1293431 0.2516443 0.08111435 0.1349999 0.25354 0.08249163 0.1406568 0.2432376 0.1032376 0.143 0.2472376 0.1072376 0.1406568 0.2488944 0.1088944 0.1349999 0.2472376 0.1072376 0.1293431 0.2432376 0.1032376 0.127 0.2392376 0.09923756 0.1293431 0.2375807 0.09758073 0.1349999 0.2392376 0.09923756 0.1406568 0.2258166 0.1181164 0.143 0.2291416 0.122693 0.1406568 0.2305189 0.1245886 0.1349999 0.2291416 0.122693 0.1293431 0.2258166 0.1181164 0.127 0.2224916 0.1135399 0.1293431 0.2211143 0.1116443 0.1349999 0.2224916 0.1135399 0.1406568 0.2062826 0.1300869 0.143 0.2088508 0.1351272 0.1406568 0.2099145 0.137215 0.1349999 0.2088508 0.1351272 0.1293431 0.2062826 0.1300869 0.127 0.2037144 0.1250466 0.1293431 0.2026507 0.1229589 0.1349999 0.2037144 0.1250466 0.1406568 0.1851165 0.1388542 0.143 0.1868645 0.1442342 0.1406568 0.1875886 0.1464627 0.1349999 0.1868645 0.1442342 0.1293431 0.1851165 0.1388542 0.127 0.1833684 0.1334742 0.1293431 0.1826443 0.1312457 0.1349999 0.1833684 0.1334742 0.1406568 0.1628394 0.1442025 0.143 0.1637243 0.1497897 0.1406568 0.1640909 0.152104 0.1349999 0.1637243 0.1497897 0.1293431 0.1628394 0.1442025 0.127 0.1619545 0.1386153 0.1293431 0.1615879 0.136301 0.1349999 0.1619545 0.1386153 0.1406568 0.14 0.146 0.143 0.14 0.1516568 0.1406568 0.14 0.154 0.1349999 0.14 0.1516568 0.1293431 0.14 0.146 0.127 0.14 0.1403431 0.1293431 0.14 0.138 0.1349999 0.14 0.1403431 0.1406568 0.1171606 0.1442025 0.143 0.1162756 0.1497897 0.1406568 0.115909 0.152104 0.1349999 0.1162756 0.1497897 0.1293431 0.1171606 0.1442025 0.127 0.1180455 0.1386153 0.1293431 0.118412 0.136301 0.1349999 0.1180455 0.1386153 0.1406568 0.0948835 0.1388542 0.143 0.09313541 0.1442342 0.1406568 0.09241133 0.1464627 0.1349999 0.09313541 0.1442342 0.1293431 0.0948835 0.1388542 0.127 0.09663158 0.1334742 0.1293431 0.09735566 0.1312457 0.1349999 0.09663158 0.1334742 0.1406568 0.07371735 0.1300869 0.143 0.07114923 0.1351272 0.1406568 0.07008546 0.137215 0.1349999 0.07114923 0.1351272 0.1293431 0.07371735 0.1300869 0.127 0.07628554 0.1250466 0.1293431 0.0773493 0.1229589 0.1349999 0.07628554 0.1250466 0.1406568 0.0541833 0.1181164 0.143 0.05085831 0.122693 0.1406568 0.04948103 0.1245886 0.1349999 0.05085831 0.122693 0.1293431 0.0541833 0.1181164 0.127 0.05750834 0.1135399 0.1293431 0.05888563 0.1116443 0.1349999 0.05750834 0.1135399 0.1406568 0.03676235 0.1032376 0.143 0.0327624 0.1072376 0.1406568 0.03110551 0.1088944 0.1349999 0.0327624 0.1072376 0.1293431 0.03676235 0.1032376 0.127 0.04076236 0.09923756 0.1293431 0.04241925 0.09758073 0.1349999 0.04076236 0.09923756 0.1406568 0.02188348 0.08581662 0.143 0.01730698 0.08914166 0.1406568 0.01541137 0.09051889 0.1349999 0.01730698 0.08914166 0.1293431 0.02188348 0.08581662 0.127 0.02645999 0.08249163 0.1293431 0.02835559 0.08111435 0.1349999 0.02645999 0.08249163 0.1406568 0.009913027 0.06628257 0.143 0.004872739 0.06885075 0.1406568 0.002784967 0.06991451 0.1349999 0.004872739 0.06885075 0.1293431 0.009913027 0.06628257 0.127 0.01495331 0.06371444 0.1293431 0.01704108 0.06265068 0.1349999 0.01495331 0.06371444 0.1406568 0.00114572 0.04511648 0.143 -0.004234194 0.0468645 0.1406568 -0.006462693 0.04758858 0.1349999 -0.004234194 0.0468645 0.1293431 0.00114572 0.04511648 0.127 0.006525695 0.04336839 0.1293431 0.008754193 0.04264432 0.1349999 0.006525695 0.04336839 0.1406568 -0.004202485 0.02283942 0.143 -0.009789705 0.02372431 0.1406568 -0.01210397 0.02409088 0.1349999 -0.009789705 0.02372431 0.1293431 -0.004202485 0.02283942 0.127 0.001384675 0.02195447 0.1293431 0.003699004 0.0215879 0.1349999 0.001384675 0.02195447 0.1406568 -0.005999982 0 0.143 -0.01165682 0 0.1406568 -0.01399999 0 0.1349999 -0.01165682 0 0.1293431 -0.005999982 0 0.127 -3.43144e-4 0 0.1293431 0.001999974 0 0.1349999 -3.43144e-4 0 0.1406568 -0.004202485 -0.02283942 0.143 -0.009789705 -0.02372431 0.1406568 -0.01210397 -0.02409088 0.1349999 -0.009789705 -0.02372431 0.1293431 -0.004202485 -0.02283942 0.127 0.001384675 -0.02195447 0.1293431 0.003699004 -0.0215879 0.1349999 0.001384675 -0.02195447 0.1406568 0.00114572 -0.04511648 0.143 -0.004234194 -0.0468645 0.1406568 -0.006462693 -0.04758858 0.1349999 -0.004234194 -0.0468645 0.1293431 0.00114572 -0.04511648 0.127 0.006525695 -0.04336839 0.1293431 0.008754193 -0.04264432 0.1349999 0.006525695 -0.04336839 0.1406568 0.009913027 -0.06628257 0.143 0.004872739 -0.06885075 0.1406568 0.002784967 -0.06991451 0.1349999 0.004872739 -0.06885075 0.1293431 0.009913027 -0.06628257 0.127 0.01495331 -0.06371444 0.1293431 0.01704108 -0.06265068 0.1349999 0.01495331 -0.06371444 0.1406568 0.02188348 -0.08581662 0.143 0.01730698 -0.08914166 0.1406568 0.01541137 -0.09051889 0.1349999 0.01730698 -0.08914166 0.1293431 0.02188348 -0.08581662 0.127 0.02645999 -0.08249163 0.1293431 0.02835559 -0.08111435 0.1349999 0.02645999 -0.08249163 0.1406568 0.03676235 -0.1032376 0.143 0.0327624 -0.1072376 0.1406568 0.03110551 -0.1088944 0.1349999 0.0327624 -0.1072376 0.1293431 0.03676235 -0.1032376 0.127 0.04076236 -0.09923756 0.1293431 0.04241925 -0.09758073 0.1349999 0.04076236 -0.09923756 0.1406568 0.0541833 -0.1181164 0.143 0.05085831 -0.122693 0.1406568 0.04948103 -0.1245886 0.1349999 0.05085831 -0.122693 0.1293431 0.0541833 -0.1181164 0.127 0.05750834 -0.1135399 0.1293431 0.05888563 -0.1116443 0.1349999 0.05750834 -0.1135399 0.1406568 0.07371735 -0.1300869 0.143 0.07114923 -0.1351272 0.1406568 0.07008546 -0.137215 0.1349999 0.07114923 -0.1351272 0.1293431 0.07371735 -0.1300869 0.127 0.07628554 -0.1250466 0.1293431 0.0773493 -0.1229589 0.1349999 0.07628554 -0.1250466 0.1406568 0.0948835 -0.1388542 0.143 0.09313541 -0.1442342 0.1406568 0.09241133 -0.1464627 0.1349999 0.09313541 -0.1442342 0.1293431 0.0948835 -0.1388542 0.127 0.09663158 -0.1334742 0.1293431 0.09735566 -0.1312457 0.1349999 0.09663158 -0.1334742 0.1406568 0.1171606 -0.1442025 0.143 0.1162756 -0.1497897 0.1406568 0.115909 -0.152104 0.1349999 0.1162756 -0.1497897 0.1293431 0.1171606 -0.1442025 0.127 0.1180455 -0.1386153 0.1293431 0.118412 -0.136301 0.1349999 0.1180455 -0.1386153 0.1406568 0.14 -0.146 0.143 0.14 -0.1516568 0.1406568 0.14 -0.154 0.1349999 0.14 -0.1516568 0.1293431 0.14 -0.146 0.127 0.14 -0.1403431 0.1293431 0.14 -0.138 0.1349999 0.14 -0.1403431 0.1406568 0.1628394 -0.1442025 0.143 0.1637243 -0.1497897 0.1406568 0.1640909 -0.152104 0.1349999 0.1637243 -0.1497897 0.1293431 0.1628394 -0.1442025 0.127 0.1619545 -0.1386153 0.1293431 0.1615879 -0.136301 0.1349999 0.1619545 -0.1386153 0.1406568 0.1851165 -0.1388542 0.143 0.1868645 -0.1442342 0.1406568 0.1875886 -0.1464627 0.1349999 0.1868645 -0.1442342 0.1293431 0.1851165 -0.1388542 0.127 0.1833684 -0.1334742 0.1293431 0.1826443 -0.1312457 0.1349999 0.1833684 -0.1334742 0.1406568 0.2062826 -0.1300869 0.143 0.2088508 -0.1351272 0.1406568 0.2099145 -0.137215 0.1349999 0.2088508 -0.1351272 0.1293431 0.2062826 -0.1300869 0.127 0.2037144 -0.1250466 0.1293431 0.2026507 -0.1229589 0.1349999 0.2037144 -0.1250466 0.1406568 0.2258166 -0.1181164 0.143 0.2291416 -0.122693 0.1406568 0.2305189 -0.1245886 0.1349999 0.2291416 -0.122693 0.1293431 0.2258166 -0.1181164 0.127 0.2224916 -0.1135399 0.1293431 0.2211143 -0.1116443 0.1349999 0.2224916 -0.1135399 0.1406568 0.2432376 -0.1032376 0.143 0.2472376 -0.1072376 0.1406568 0.2488944 -0.1088944 0.1349999 0.2472376 -0.1072376 0.1293431 0.2432376 -0.1032376 0.127 0.2392376 -0.09923756 0.1293431 0.2375807 -0.09758073 0.1349999 0.2392376 -0.09923756 0.1406568 0.2581165 -0.08581662 0.143 0.262693 -0.08914166 0.1406568 0.2645886 -0.09051889 0.1349999 0.262693 -0.08914166 0.1293431 0.2581165 -0.08581662 0.127 0.25354 -0.08249163 0.1293431 0.2516443 -0.08111435 0.1349999 0.25354 -0.08249163 0.1406568 0.270087 -0.06628257 0.143 0.2751272 -0.06885075 0.1406568 0.277215 -0.06991451 0.1349999 0.2751272 -0.06885075 0.1293431 0.270087 -0.06628257 0.127 0.2650467 -0.06371444 0.1293431 0.2629589 -0.06265068 0.1349999 0.2650467 -0.06371444 0.1406568 0.2788543 -0.04511648 0.143 0.2842342 -0.0468645 0.1406568 0.2864627 -0.04758858 0.1349999 0.2842342 -0.0468645 0.1293431 0.2788543 -0.04511648 0.127 0.2734743 -0.04336839 0.1293431 0.2712458 -0.04264432 0.1349999 0.2734743 -0.04336839 0.1406568 0.2842025 -0.02283942 0.143 0.2897897 -0.02372431 0.1406568 0.292104 -0.02409088 0.1349999 0.2897897 -0.02372431 0.1293431 0.2842025 -0.02283942 0.127 0.2786153 -0.02195447 0.1293431 0.276301 -0.0215879 0.1349999 0.2786153 -0.02195447 0.1406568 0.24 0 0.146 0.2425981 0 0.1445 0.2425981 0 0.1414999 0.24 0 0.14 0.2374019 0 0.1414999 0.2374019 0 0.1445 0.2380785 0.01950901 0.146 0.2406266 0.02001589 0.1445 0.2406266 0.02001589 0.1414999 0.2380785 0.01950901 0.14 0.2355303 0.01900213 0.1414999 0.2355303 0.01900213 0.1445 0.2323879 0.03826832 0.146 0.2347882 0.03926253 0.1445 0.2347882 0.03926253 0.1414999 0.2323879 0.03826832 0.14 0.2299876 0.03727406 0.1414999 0.2299876 0.03727406 0.1445 0.2231469 0.05555701 0.146 0.2253072 0.05700039 0.1445 0.2253072 0.05700039 0.1414999 0.2231469 0.05555701 0.14 0.2209867 0.05411356 0.1414999 0.2209867 0.05411356 0.1445 0.2107107 0.07071065 0.146 0.2125478 0.07254779 0.1445 0.2125478 0.07254779 0.1414999 0.2107107 0.07071065 0.14 0.2088735 0.06887352 0.1414999 0.2088735 0.06887352 0.1445 0.195557 0.08314692 0.146 0.1970004 0.08530718 0.1445 0.1970004 0.08530718 0.1414999 0.195557 0.08314692 0.14 0.1941136 0.08098673 0.1414999 0.1941136 0.08098673 0.1445 0.1782683 0.09238791 0.146 0.1792625 0.09478825 0.1445 0.1792625 0.09478825 0.1414999 0.1782683 0.09238791 0.14 0.1772741 0.08998763 0.1414999 0.1772741 0.08998763 0.1445 0.159509 0.09807848 0.146 0.1600159 0.1006267 0.1445 0.1600159 0.1006267 0.1414999 0.159509 0.09807848 0.14 0.1590021 0.09553033 0.1414999 0.1590021 0.09553033 0.1445 0.14 0.1 0.146 0.14 0.1025981 0.1445 0.14 0.1025981 0.1414999 0.14 0.1 0.14 0.14 0.09740191 0.1414999 0.14 0.09740191 0.1445 0.1204909 0.09807848 0.146 0.1199841 0.1006267 0.1445 0.1199841 0.1006267 0.1414999 0.1204909 0.09807848 0.14 0.1209978 0.09553033 0.1414999 0.1209978 0.09553033 0.1445 0.1017316 0.09238791 0.146 0.1007374 0.09478825 0.1445 0.1007374 0.09478825 0.1414999 0.1017316 0.09238791 0.14 0.1027259 0.08998763 0.1414999 0.1027259 0.08998763 0.1445 0.08444297 0.08314692 0.146 0.08299952 0.08530718 0.1445 0.08299952 0.08530718 0.1414999 0.08444297 0.08314692 0.14 0.08588635 0.08098673 0.1414999 0.08588635 0.08098673 0.1445 0.06928932 0.07071065 0.146 0.06745219 0.07254779 0.1445 0.06745219 0.07254779 0.1414999 0.06928932 0.07071065 0.14 0.0711264 0.06887352 0.1414999 0.0711264 0.06887352 0.1445 0.05685299 0.05555701 0.146 0.0546928 0.05700039 0.1445 0.0546928 0.05700039 0.1414999 0.05685299 0.05555701 0.14 0.05901324 0.05411356 0.1414999 0.05901324 0.05411356 0.1445 0.04761201 0.03826832 0.146 0.04521173 0.03926253 0.1445 0.04521173 0.03926253 0.1414999 0.04761201 0.03826832 0.14 0.05001235 0.03727406 0.1414999 0.05001235 0.03727406 0.1445 0.04192143 0.01950901 0.146 0.03937327 0.02001589 0.1445 0.03937327 0.02001589 0.1414999 0.04192143 0.01950901 0.14 0.04446959 0.01900213 0.1414999 0.04446959 0.01900213 0.1445 0.03999996 0 0.146 0.03740191 0 0.1445 0.03740191 0 0.1414999 0.03999996 0 0.14 0.04259806 0 0.1414999 0.04259806 0 0.1445 0.04192143 -0.01950901 0.146 0.03937327 -0.02001589 0.1445 0.03937327 -0.02001589 0.1414999 0.04192143 -0.01950901 0.14 0.04446959 -0.01900213 0.1414999 0.04446959 -0.01900213 0.1445 0.04761201 -0.03826832 0.146 0.04521173 -0.03926253 0.1445 0.04521173 -0.03926253 0.1414999 0.04761201 -0.03826832 0.14 0.05001235 -0.03727406 0.1414999 0.05001235 -0.03727406 0.1445 0.05685299 -0.05555701 0.146 0.0546928 -0.05700039 0.1445 0.0546928 -0.05700039 0.1414999 0.05685299 -0.05555701 0.14 0.05901324 -0.05411356 0.1414999 0.05901324 -0.05411356 0.1445 0.06928932 -0.07071065 0.146 0.06745219 -0.07254779 0.1445 0.06745219 -0.07254779 0.1414999 0.06928932 -0.07071065 0.14 0.0711264 -0.06887352 0.1414999 0.0711264 -0.06887352 0.1445 0.08444297 -0.08314692 0.146 0.08299952 -0.08530718 0.1445 0.08299952 -0.08530718 0.1414999 0.08444297 -0.08314692 0.14 0.08588635 -0.08098673 0.1414999 0.08588635 -0.08098673 0.1445 0.1017316 -0.09238791 0.146 0.1007374 -0.09478825 0.1445 0.1007374 -0.09478825 0.1414999 0.1017316 -0.09238791 0.14 0.1027259 -0.08998763 0.1414999 0.1027259 -0.08998763 0.1445 0.1204909 -0.09807848 0.146 0.1199841 -0.1006267 0.1445 0.1199841 -0.1006267 0.1414999 0.1204909 -0.09807848 0.14 0.1209978 -0.09553033 0.1414999 0.1209978 -0.09553033 0.1445 0.14 -0.1 0.146 0.14 -0.1025981 0.1445 0.14 -0.1025981 0.1414999 0.14 -0.1 0.14 0.14 -0.09740191 0.1414999 0.14 -0.09740191 0.1445 0.159509 -0.09807848 0.146 0.1600159 -0.1006267 0.1445 0.1600159 -0.1006267 0.1414999 0.159509 -0.09807848 0.14 0.1590021 -0.09553033 0.1414999 0.1590021 -0.09553033 0.1445 0.1782683 -0.09238791 0.146 0.1792625 -0.09478825 0.1445 0.1792625 -0.09478825 0.1414999 0.1782683 -0.09238791 0.14 0.1772741 -0.08998763 0.1414999 0.1772741 -0.08998763 0.1445 0.195557 -0.08314692 0.146 0.1970004 -0.08530718 0.1445 0.1970004 -0.08530718 0.1414999 0.195557 -0.08314692 0.14 0.1941136 -0.08098673 0.1414999 0.1941136 -0.08098673 0.1445 0.2107107 -0.07071065 0.146 0.2125478 -0.07254779 0.1445 0.2125478 -0.07254779 0.1414999 0.2107107 -0.07071065 0.14 0.2088735 -0.06887352 0.1414999 0.2088735 -0.06887352 0.1445 0.2231469 -0.05555701 0.146 0.2253072 -0.05700039 0.1445 0.2253072 -0.05700039 0.1414999 0.2231469 -0.05555701 0.14 0.2209867 -0.05411356 0.1414999 0.2209867 -0.05411356 0.1445 0.2323879 -0.03826832 0.146 0.2347882 -0.03926253 0.1445 0.2347882 -0.03926253 0.1414999 0.2323879 -0.03826832 0.14 0.2299876 -0.03727406 0.1414999 0.2299876 -0.03727406 0.1445 0.2380785 -0.01950901 0.146 0.2406266 -0.02001589 0.1445 0.2406266 -0.02001589 0.1414999 0.2380785 -0.01950901 0.14 0.2355303 -0.01900213 0.1414999 0.2355303 -0.01900213 0.1445 0.1949999 0 0.146 0.197598 0 0.1445 0.197598 0 0.1414999 0.1949999 0 0.14 0.1924019 0 0.1414999 0.1924019 0 0.1445 0.1939432 0.01072996 0.146 0.1964913 0.01123678 0.1445 0.1964913 0.01123678 0.1414999 0.1939432 0.01072996 0.14 0.191395 0.01022309 0.1414999 0.191395 0.01022309 0.1445 0.1908134 0.02104759 0.146 0.1932137 0.02204179 0.1445 0.1932137 0.02204179 0.1414999 0.1908134 0.02104759 0.14 0.188413 0.02005332 0.1414999 0.188413 0.02005332 0.1445 0.1857308 0.03055632 0.146 0.187891 0.03199976 0.1445 0.187891 0.03199976 0.1414999 0.1857308 0.03055632 0.14 0.1835706 0.02911293 0.1414999 0.1835706 0.02911293 0.1445 0.1788908 0.03889083 0.146 0.180728 0.04072797 0.1445 0.180728 0.04072797 0.1414999 0.1788908 0.03889083 0.14 0.1770537 0.0370537 0.1414999 0.1770537 0.0370537 0.1445 0.1705563 0.04573082 0.146 0.1719998 0.04789102 0.1445 0.1719998 0.04789102 0.1414999 0.1705563 0.04573082 0.14 0.1691129 0.04357057 0.1414999 0.1691129 0.04357057 0.1445 0.1610476 0.05081337 0.146 0.1620418 0.05321365 0.1445 0.1620418 0.05321365 0.1414999 0.1610476 0.05081337 0.14 0.1600533 0.04841303 0.1414999 0.1600533 0.04841303 0.1445 0.15073 0.05394315 0.146 0.1512368 0.05649131 0.1445 0.1512368 0.05649131 0.1414999 0.15073 0.05394315 0.14 0.1502231 0.05139499 0.1414999 0.1502231 0.05139499 0.1445 0.14 0.05499994 0.146 0.14 0.05759805 0.1445 0.14 0.05759805 0.1414999 0.14 0.05499994 0.14 0.14 0.0524019 0.1414999 0.14 0.0524019 0.1445 0.12927 0.05394315 0.146 0.1287631 0.05649131 0.1445 0.1287631 0.05649131 0.1414999 0.12927 0.05394315 0.14 0.1297768 0.05139499 0.1414999 0.1297768 0.05139499 0.1445 0.1189524 0.05081337 0.146 0.1179581 0.05321365 0.1445 0.1179581 0.05321365 0.1414999 0.1189524 0.05081337 0.14 0.1199466 0.04841303 0.1414999 0.1199466 0.04841303 0.1445 0.1094436 0.04573082 0.146 0.1080002 0.04789102 0.1445 0.1080002 0.04789102 0.1414999 0.1094436 0.04573082 0.14 0.110887 0.04357057 0.1414999 0.110887 0.04357057 0.1445 0.1011091 0.03889083 0.146 0.09927201 0.04072797 0.1445 0.09927201 0.04072797 0.1414999 0.1011091 0.03889083 0.14 0.1029462 0.0370537 0.1414999 0.1029462 0.0370537 0.1445 0.09426915 0.03055632 0.146 0.0921089 0.03199976 0.1445 0.0921089 0.03199976 0.1414999 0.09426915 0.03055632 0.14 0.09642934 0.02911293 0.1414999 0.09642934 0.02911293 0.1445 0.0891866 0.02104759 0.146 0.08678627 0.02204179 0.1445 0.08678627 0.02204179 0.1414999 0.0891866 0.02104759 0.14 0.09158688 0.02005332 0.1414999 0.09158688 0.02005332 0.1445 0.08605676 0.01072996 0.146 0.08350861 0.01123678 0.1445 0.08350861 0.01123678 0.1414999 0.08605676 0.01072996 0.14 0.08860492 0.01022309 0.1414999 0.08860492 0.01022309 0.1445 0.08499997 0 0.146 0.08240193 0 0.1445 0.08240193 0 0.1414999 0.08499997 0 0.14 0.08759808 0 0.1414999 0.08759808 0 0.1445 0.08605676 -0.01072996 0.146 0.08350861 -0.01123678 0.1445 0.08350861 -0.01123678 0.1414999 0.08605676 -0.01072996 0.14 0.08860492 -0.01022309 0.1414999 0.08860492 -0.01022309 0.1445 0.0891866 -0.02104759 0.146 0.08678627 -0.02204179 0.1445 0.08678627 -0.02204179 0.1414999 0.0891866 -0.02104759 0.14 0.09158688 -0.02005332 0.1414999 0.09158688 -0.02005332 0.1445 0.09426915 -0.03055632 0.146 0.0921089 -0.03199976 0.1445 0.0921089 -0.03199976 0.1414999 0.09426915 -0.03055632 0.14 0.09642934 -0.02911293 0.1414999 0.09642934 -0.02911293 0.1445 0.1011091 -0.03889083 0.146 0.09927201 -0.04072797 0.1445 0.09927201 -0.04072797 0.1414999 0.1011091 -0.03889083 0.14 0.1029462 -0.0370537 0.1414999 0.1029462 -0.0370537 0.1445 0.1094436 -0.04573082 0.146 0.1080002 -0.04789102 0.1445 0.1080002 -0.04789102 0.1414999 0.1094436 -0.04573082 0.14 0.110887 -0.04357057 0.1414999 0.110887 -0.04357057 0.1445 0.1189524 -0.05081337 0.146 0.1179581 -0.05321365 0.1445 0.1179581 -0.05321365 0.1414999 0.1189524 -0.05081337 0.14 0.1199466 -0.04841303 0.1414999 0.1199466 -0.04841303 0.1445 0.12927 -0.05394315 0.146 0.1287631 -0.05649131 0.1445 0.1287631 -0.05649131 0.1414999 0.12927 -0.05394315 0.14 0.1297768 -0.05139499 0.1414999 0.1297768 -0.05139499 0.1445 0.14 -0.05499994 0.146 0.14 -0.05759805 0.1445 0.14 -0.05759805 0.1414999 0.14 -0.05499994 0.14 0.14 -0.0524019 0.1414999 0.14 -0.0524019 0.1445 0.15073 -0.05394315 0.146 0.1512368 -0.05649131 0.1445 0.1512368 -0.05649131 0.1414999 0.15073 -0.05394315 0.14 0.1502231 -0.05139499 0.1414999 0.1502231 -0.05139499 0.1445 0.1610476 -0.05081337 0.146 0.1620418 -0.05321365 0.1445 0.1620418 -0.05321365 0.1414999 0.1610476 -0.05081337 0.14 0.1600533 -0.04841303 0.1414999 0.1600533 -0.04841303 0.1445 0.1705563 -0.04573082 0.146 0.1719998 -0.04789102 0.1445 0.1719998 -0.04789102 0.1414999 0.1705563 -0.04573082 0.14 0.1691129 -0.04357057 0.1414999 0.1691129 -0.04357057 0.1445 0.1788908 -0.03889083 0.146 0.180728 -0.04072797 0.1445 0.180728 -0.04072797 0.1414999 0.1788908 -0.03889083 0.14 0.1770537 -0.0370537 0.1414999 0.1770537 -0.0370537 0.1445 0.1857308 -0.03055632 0.146 0.187891 -0.03199976 0.1445 0.187891 -0.03199976 0.1414999 0.1857308 -0.03055632 0.14 0.1835706 -0.02911293 0.1414999 0.1835706 -0.02911293 0.1445 0.1908134 -0.02104759 0.146 0.1932137 -0.02204179 0.1445 0.1932137 -0.02204179 0.1414999 0.1908134 -0.02104759 0.14 0.188413 -0.02005332 0.1414999 0.188413 -0.02005332 0.1445 0.1939432 -0.01072996 0.146 0.1964913 -0.01123678 0.1445 0.1964913 -0.01123678 0.1414999 0.1939432 -0.01072996 0.14 0.191395 -0.01022309 0.1414999 0.191395 -0.01022309 0.1445 0.168 0.002999961 0.143 0.286 0.002999961 0.143 0.168 0.00149995 0.1404019 0.286 0.00149995 0.1404019 0.168 -0.00149995 0.1404019 0.286 -0.00149995 0.1404019 0.168 -0.002999961 0.143 0.286 -0.002999961 0.143 0.168 -0.00149995 0.1455981 0.286 -0.00149995 0.1455981 0.168 0.00149995 0.1455981 0.286 0.00149995 0.1455981 0.1576777 0.02192026 0.143 0.2411162 0.1053589 0.143 0.1587383 0.02085959 0.1404019 0.2421769 0.1042982 0.1404019 0.1608596 0.01873832 0.1404019 0.2442982 0.1021769 0.1404019 0.1619203 0.01767766 0.143 0.2453589 0.1011162 0.143 0.1608596 0.01873832 0.1455981 0.2442982 0.1021769 0.1455981 0.1587383 0.02085959 0.1455981 0.2421769 0.1042982 0.1455981 0.137 0.02799999 0.143 0.137 0.146 0.143 0.1385 0.02799999 0.1404019 0.1385 0.146 0.1404019 0.1414999 0.02799999 0.1404019 0.1415 0.146 0.1404019 0.143 0.02799999 0.143 0.143 0.146 0.143 0.1414999 0.02799999 0.1455981 0.1415 0.146 0.1455981 0.1385 0.02799999 0.1455981 0.1385 0.146 0.1455981 0.1180797 0.01767766 0.143 0.03464102 0.1011162 0.143 0.1191403 0.01873826 0.1404019 0.03570169 0.1021769 0.1404019 0.1212617 0.02085959 0.1404019 0.03782302 0.1042982 0.1404019 0.1223223 0.02192026 0.143 0.03888368 0.1053588 0.143 0.1212617 0.02085959 0.1455981 0.03782302 0.1042982 0.1455981 0.1191403 0.01873826 0.1455981 0.03570169 0.1021769 0.1455981 0.112 -0.002999961 0.143 -0.005999982 -0.002999961 0.143 0.112 -0.00149995 0.1404019 -0.005999982 -0.00149995 0.1404019 0.112 0.00149995 0.1404019 -0.005999982 0.00150001 0.1404019 0.112 0.002999961 0.143 -0.005999982 0.002999961 0.143 0.112 0.00149995 0.1455981 -0.005999982 0.00150001 0.1455981 0.112 -0.00149995 0.1455981 -0.005999982 -0.00149995 0.1455981 0.1223223 -0.02192026 0.143 0.03888368 -0.1053588 0.143 0.1212617 -0.02085959 0.1404019 0.03782302 -0.1042982 0.1404019 0.1191403 -0.01873826 0.1404019 0.03570169 -0.1021769 0.1404019 0.1180797 -0.01767766 0.143 0.03464102 -0.1011162 0.143 0.1191403 -0.01873826 0.1455981 0.03570169 -0.1021769 0.1455981 0.1212617 -0.02085959 0.1455981 0.03782302 -0.1042982 0.1455981 0.143 -0.02799999 0.143 0.143 -0.146 0.143 0.1414999 -0.02799999 0.1404019 0.1415 -0.146 0.1404019 0.1385 -0.02799999 0.1404019 0.1385 -0.146 0.1404019 0.137 -0.02799999 0.143 0.137 -0.146 0.143 0.1385 -0.02799999 0.1455981 0.1385 -0.146 0.1455981 0.1414999 -0.02799999 0.1455981 0.1415 -0.146 0.1455981 0.1619203 -0.01767766 0.143 0.2453588 -0.1011163 0.143 0.1608596 -0.01873832 0.1404019 0.2442982 -0.102177 0.1404019 0.1587383 -0.02085965 0.1404019 0.2421768 -0.1042983 0.1404019 0.1576776 -0.02192032 0.143 0.2411162 -0.105359 0.143 0.1587383 -0.02085965 0.1455981 0.2421768 -0.1042983 0.1455981 0.1608596 -0.01873832 0.1455981 0.2442982 -0.102177 0.1455981 0.14 0.02799999 0.14 0.14 0.02799999 0.146 0.1507151 0.02586859 0.14 0.1507151 0.02586859 0.146 0.159799 0.01979899 0.14 0.159799 0.01979899 0.146 0.1658686 0.01071512 0.14 0.1658686 0.01071512 0.146 0.168 0 0.14 0.168 0 0.146 0.1658686 -0.01071512 0.14 0.1658686 -0.01071512 0.146 0.159799 -0.01979899 0.14 0.159799 -0.01979899 0.146 0.1507151 -0.02586859 0.14 0.1507151 -0.02586859 0.146 0.14 -0.02799999 0.14 0.14 -0.02799999 0.146 0.1292848 -0.02586859 0.14 0.1292848 -0.02586859 0.146 0.120201 -0.01979899 0.14 0.120201 -0.01979899 0.146 0.1141313 -0.01071512 0.14 0.1141313 -0.01071512 0.146 0.112 0 0.14 0.112 0 0.146 0.1141313 0.01071512 0.14 0.1141313 0.01071512 0.146 0.120201 0.01979899 0.14 0.120201 0.01979899 0.146 0.1292848 0.02586859 0.14 0.1292848 0.02586859 0.146 0.14 0.02999997 0.03999996 0.14 0.02999997 0.07499998 0.1492705 0.02853167 0.03999996 0.1492705 0.02853167 0.07499998 0.1576336 0.02427047 0.03999996 0.1576336 0.02427047 0.07499998 0.1642705 0.01763355 0.03999996 0.1642705 0.01763355 0.07499998 0.1685317 0.009270489 0.03999996 0.1685317 0.009270489 0.07499998 0.17 0 0.03999996 0.17 0 0.07499998 0.1685317 -0.009270489 0.03999996 0.1685317 -0.009270489 0.07499998 0.1642705 -0.01763355 0.03999996 0.1642705 -0.01763355 0.07499998 0.1576336 -0.02427047 0.03999996 0.1576336 -0.02427047 0.07499998 0.1492705 -0.02853167 0.03999996 0.1492705 -0.02853167 0.07499998 0.14 -0.02999997 0.03999996 0.14 -0.02999997 0.07499998 0.1307294 -0.02853167 0.03999996 0.1307294 -0.02853167 0.07499998 0.1223664 -0.02427047 0.03999996 0.1223664 -0.02427047 0.07499998 0.1157295 -0.01763355 0.03999996 0.1157295 -0.01763355 0.07499998 0.1114683 -0.009270489 0.03999996 0.1114683 -0.009270489 0.07499998 0.11 0 0.03999996 0.11 0 0.07499998 0.1114683 0.009270489 0.03999996 0.1114683 0.009270489 0.07499998 0.1157295 0.01763355 0.03999996 0.1157295 0.01763355 0.07499998 0.1223664 0.02427047 0.03999996 0.1223664 0.02427047 0.07499998 0.1307294 0.02853167 0.03999996 0.1307294 0.02853167 0.07499998 0.1666147 0.01190191 0.0525 0.1666147 0.01190191 0.06749999 0.1636147 0.01709806 0.0525 0.1636147 0.01709806 0.06749999 0.2636096 0.0679019 0.0525 0.2636096 0.0679019 0.06749999 0.2606096 0.07309806 0.0525 0.2606096 0.07309806 0.06749999 0.1163852 0.01709806 0.0525 0.1163852 0.01709806 0.06749999 0.1133853 0.01190191 0.0525 0.1133853 0.01190191 0.06749999 0.0193904 0.07309806 0.0525 0.0193904 0.07309806 0.06749999 0.01639044 0.0679019 0.0525 0.01639044 0.0679019 0.06749999 0.137 -0.02899998 0.0525 0.137 -0.02899998 0.06749999 0.143 -0.02899998 0.0525 0.143 -0.02899998 0.06749999 0.137 -0.141 0.0525 0.137 -0.141 0.06749999 0.143 -0.141 0.0525 0.143 -0.141 0.06749999 -0.575 0.175 0.08999991 -0.575 0.175 0.07799994 -0.415 0.175 0.07799994 -0.415 0.175 0.08999991 -0.575 0.1922078 0.09135419 -0.575 0.194085 0.07950192 -0.415 0.194085 0.07950198 -0.415 0.1922078 0.09135425 -0.575 0.2089918 0.0953837 -0.575 0.2127 0.08397102 -0.415 0.2127 0.08397102 -0.415 0.2089918 0.0953837 -0.575 0.2249389 0.1019892 -0.575 0.2303868 0.09129714 -0.415 0.2303868 0.09129714 -0.415 0.2249389 0.1019892 -0.575 0.2396563 0.1110081 -0.575 0.2467098 0.1012998 -0.415 0.2467098 0.1012998 -0.415 0.2396563 0.1110081 -0.575 0.2527818 0.1222181 -0.575 0.261267 0.1137329 -0.415 0.261267 0.1137329 -0.415 0.2527818 0.1222182 -0.575 0.2639918 0.1353436 -0.575 0.2737001 0.1282901 -0.415 0.2737001 0.1282901 -0.415 0.2639918 0.1353436 -0.575 0.2730107 0.150061 -0.575 0.2837028 0.1446131 -0.415 0.2837028 0.1446131 -0.415 0.2730107 0.150061 -0.575 0.2796162 0.1660081 -0.575 0.2910289 0.1622998 -0.415 0.2910289 0.1622998 -0.415 0.2796162 0.1660081 -0.575 0.2836457 0.1827921 -0.575 0.295498 0.1809149 -0.415 0.295498 0.1809149 -0.415 0.2836457 0.1827921 -0.575 0.285 0.1999999 -0.575 0.297 0.1999999 -0.415 0.297 0.1999999 -0.415 0.285 0.1999999 -0.575 0.2836457 0.2172077 -0.575 0.295498 0.2190849 -0.415 0.295498 0.2190849 -0.415 0.2836457 0.2172077 -0.575 0.2796162 0.2339918 -0.575 0.2910289 0.2377 -0.415 0.2910289 0.2377 -0.415 0.2796162 0.2339918 -0.575 0.2730107 0.2499389 -0.575 0.2837028 0.2553868 -0.415 0.2837028 0.2553868 -0.415 0.2730107 0.2499389 -0.575 0.2639918 0.2646563 -0.575 0.2737001 0.2717097 -0.415 0.2737001 0.2717097 -0.415 0.2639918 0.2646563 -0.575 0.2527818 0.2777817 -0.575 0.261267 0.286267 -0.415 0.261267 0.286267 -0.415 0.2527818 0.2777817 -0.575 0.2396563 0.2889918 -0.575 0.2467098 0.2987 -0.415 0.2467098 0.2987 -0.415 0.2396563 0.2889918 -0.575 0.2249389 0.2980107 -0.575 0.2303868 0.3087028 -0.415 0.2303868 0.3087028 -0.415 0.2249389 0.2980107 -0.575 0.2089918 0.3046162 -0.575 0.2127 0.3160288 -0.415 0.2127 0.3160288 -0.415 0.2089918 0.3046162 -0.575 0.1922078 0.3086457 -0.575 0.194085 0.3204979 -0.415 0.194085 0.3204979 -0.415 0.1922078 0.3086457 -0.575 0.175 0.31 -0.575 0.175 0.322 -0.415 0.175 0.322 -0.415 0.175 0.31 -0.575 0.1577922 0.3086457 -0.575 0.155915 0.3204979 -0.415 0.155915 0.3204979 -0.415 0.1577922 0.3086457 -0.575 0.1410081 0.3046162 -0.575 0.1372999 0.3160288 -0.415 0.1372999 0.3160288 -0.415 0.1410081 0.3046162 -0.575 0.125061 0.2980107 -0.575 0.1196131 0.3087028 -0.415 0.1196131 0.3087028 -0.415 0.125061 0.2980107 -0.575 0.1103436 0.2889918 -0.575 0.1032902 0.2987 -0.415 0.1032902 0.2987 -0.415 0.1103436 0.2889918 -0.575 0.09721821 0.2777817 -0.575 0.08873295 0.286267 -0.415 0.08873295 0.286267 -0.415 0.09721821 0.2777817 -0.575 0.08600813 0.2646563 -0.575 0.0762999 0.2717097 -0.415 0.0762999 0.2717097 -0.415 0.08600813 0.2646563 -0.575 0.07698923 0.2499389 -0.575 0.06629717 0.2553868 -0.415 0.06629717 0.2553868 -0.415 0.07698923 0.2499389 -0.575 0.07038378 0.2339918 -0.575 0.05897104 0.2377 -0.415 0.05897104 0.2377 -0.415 0.07038378 0.2339918 -0.575 0.06635427 0.2172077 -0.575 0.05450201 0.2190849 -0.415 0.05450201 0.2190849 -0.415 0.06635427 0.2172077 -0.575 0.06499999 0.1999999 -0.575 0.05299997 0.1999999 -0.415 0.05299997 0.1999999 -0.415 0.06499999 0.1999999 -0.575 0.06635427 0.1827921 -0.575 0.05450201 0.1809149 -0.415 0.05450201 0.1809149 -0.415 0.06635427 0.1827921 -0.575 0.07038378 0.1660081 -0.575 0.05897104 0.1622998 -0.415 0.05897104 0.1622998 -0.415 0.07038378 0.1660081 -0.575 0.07698923 0.150061 -0.575 0.06629717 0.1446131 -0.415 0.06629717 0.1446131 -0.415 0.07698923 0.150061 -0.575 0.08600813 0.1353436 -0.575 0.0762999 0.1282901 -0.415 0.0762999 0.1282901 -0.415 0.08600813 0.1353436 -0.575 0.09721821 0.1222181 -0.575 0.08873295 0.1137329 -0.415 0.08873295 0.1137329 -0.415 0.09721821 0.1222182 -0.575 0.1103436 0.1110081 -0.575 0.1032902 0.1012998 -0.415 0.1032902 0.1012998 -0.415 0.1103436 0.1110081 -0.575 0.125061 0.1019892 -0.575 0.1196131 0.09129714 -0.415 0.1196131 0.09129714 -0.415 0.125061 0.1019892 -0.575 0.1410081 0.0953837 -0.575 0.1372999 0.08397102 -0.415 0.1372999 0.08397102 -0.415 0.1410081 0.0953837 -0.575 0.1577922 0.09135419 -0.575 0.155915 0.07950192 -0.415 0.155915 0.07950198 -0.415 0.1577922 0.09135425 -0.407 0.291 0.1999999 -0.4093431 0.2966569 0.1999999 -0.415 0.299 0.1999999 -0.4206569 0.2966569 0.1999999 -0.423 0.291 0.1999999 -0.4206569 0.2853431 0.1999999 -0.415 0.283 0.1999999 -0.4093431 0.2853431 0.1999999 -0.407 0.2895718 0.2181463 -0.4093431 0.2951591 0.2190313 -0.415 0.2974733 0.2193978 -0.4206569 0.2951591 0.2190313 -0.423 0.2895718 0.2181463 -0.4206569 0.2839846 0.2172614 -0.415 0.2816703 0.2168949 -0.4093431 0.2839846 0.2172614 -0.407 0.2853226 0.2358459 -0.4093431 0.2907025 0.237594 -0.415 0.292931 0.238318 -0.4206569 0.2907025 0.237594 -0.423 0.2853226 0.2358459 -0.4206569 0.2799426 0.2340978 -0.415 0.2777141 0.2333738 -0.4093431 0.2799426 0.2340978 -0.407 0.2783567 0.2526629 -0.4093431 0.283397 0.255231 -0.415 0.2854848 0.2562948 -0.4206569 0.283397 0.255231 -0.423 0.2783567 0.2526629 -0.4206569 0.2733165 0.2500947 -0.415 0.2712287 0.2490309 -0.4093431 0.2733165 0.2500947 -0.407 0.268846 0.2681831 -0.4093431 0.2734224 0.2715081 -0.415 0.2753181 0.2728854 -0.4206569 0.2734224 0.2715081 -0.423 0.268846 0.2681831 -0.4206569 0.2642695 0.2648581 -0.415 0.2623738 0.2634808 -0.4093431 0.2642695 0.2648581 -0.407 0.2570244 0.2820244 -0.4093431 0.2610244 0.2860244 -0.415 0.2626813 0.2876812 -0.4206569 0.2610244 0.2860244 -0.423 0.2570244 0.2820244 -0.4206569 0.2530244 0.2780244 -0.415 0.2513675 0.2763676 -0.4093431 0.2530244 0.2780244 -0.407 0.243183 0.293846 -0.4093431 0.2465081 0.2984225 -0.415 0.2478854 0.3003181 -0.4206569 0.2465081 0.2984225 -0.423 0.243183 0.293846 -0.4206569 0.239858 0.2892695 -0.415 0.2384808 0.2873739 -0.4093431 0.239858 0.2892695 -0.407 0.2276629 0.3033568 -0.4093431 0.230231 0.3083971 -0.415 0.2312948 0.3104848 -0.4206569 0.230231 0.3083971 -0.423 0.2276629 0.3033568 -0.4206569 0.2250947 0.2983164 -0.415 0.2240309 0.2962287 -0.4093431 0.2250947 0.2983164 -0.407 0.210846 0.3103225 -0.4093431 0.212594 0.3157026 -0.415 0.2133181 0.317931 -0.4206569 0.212594 0.3157026 -0.423 0.210846 0.3103225 -0.4206569 0.2090979 0.3049426 -0.415 0.2083738 0.3027141 -0.4093431 0.2090979 0.3049426 -0.407 0.1931464 0.3145719 -0.4093431 0.1940313 0.320159 -0.415 0.1943978 0.3224734 -0.4206569 0.1940313 0.320159 -0.423 0.1931464 0.3145719 -0.4206569 0.1922615 0.3089846 -0.415 0.1918949 0.3066703 -0.4093431 0.1922615 0.3089846 -0.407 0.175 0.316 -0.4093431 0.175 0.3216568 -0.415 0.175 0.324 -0.4206569 0.175 0.3216568 -0.423 0.175 0.316 -0.4206569 0.175 0.3103432 -0.415 0.175 0.308 -0.4093431 0.175 0.3103432 -0.407 0.1568536 0.3145719 -0.4093431 0.1559686 0.320159 -0.415 0.1556021 0.3224734 -0.4206569 0.1559686 0.320159 -0.423 0.1568536 0.3145719 -0.4206569 0.1577385 0.3089846 -0.415 0.158105 0.3066703 -0.4093431 0.1577385 0.3089846 -0.407 0.139154 0.3103225 -0.4093431 0.1374059 0.3157026 -0.415 0.1366819 0.317931 -0.4206569 0.1374059 0.3157026 -0.423 0.139154 0.3103225 -0.4206569 0.1409021 0.3049426 -0.415 0.1416261 0.3027141 -0.4093431 0.1409021 0.3049426 -0.407 0.1223371 0.3033568 -0.4093431 0.1197689 0.3083971 -0.415 0.1187052 0.3104848 -0.4206569 0.1197689 0.3083971 -0.423 0.1223371 0.3033568 -0.4206569 0.1249052 0.2983164 -0.415 0.125969 0.2962287 -0.4093431 0.1249052 0.2983164 -0.407 0.1068169 0.293846 -0.4093431 0.1034919 0.2984225 -0.415 0.1021146 0.3003181 -0.4206569 0.1034919 0.2984225 -0.423 0.1068169 0.293846 -0.4206569 0.1101419 0.2892695 -0.415 0.1115192 0.2873739 -0.4093431 0.1101419 0.2892695 -0.407 0.09297561 0.2820244 -0.4093431 0.0889756 0.2860244 -0.415 0.08731871 0.2876812 -0.4206569 0.0889756 0.2860244 -0.423 0.09297561 0.2820244 -0.4206569 0.09697556 0.2780244 -0.415 0.09863245 0.2763676 -0.4093431 0.09697556 0.2780244 -0.407 0.08115398 0.2681831 -0.4093431 0.07657754 0.2715081 -0.415 0.07468187 0.2728854 -0.4206569 0.07657754 0.2715081 -0.423 0.08115398 0.2681831 -0.4206569 0.08573049 0.2648581 -0.415 0.08762615 0.2634808 -0.4093431 0.08573049 0.2648581 -0.407 0.07164323 0.2526629 -0.4093431 0.06660294 0.255231 -0.415 0.06451517 0.2562948 -0.4206569 0.06660294 0.255231 -0.423 0.07164323 0.2526629 -0.4206569 0.07668352 0.2500947 -0.415 0.07877129 0.2490309 -0.4093431 0.07668352 0.2500947 -0.407 0.06467741 0.2358459 -0.4093431 0.05929744 0.237594 -0.415 0.05706894 0.238318 -0.4206569 0.05929744 0.237594 -0.423 0.06467741 0.2358459 -0.4206569 0.07005739 0.2340978 -0.415 0.07228589 0.2333738 -0.4093431 0.07005739 0.2340978 -0.407 0.06042814 0.2181463 -0.4093431 0.05484092 0.2190313 -0.415 0.05252659 0.2193978 -0.4206569 0.05484092 0.2190313 -0.423 0.06042814 0.2181463 -0.4206569 0.06601536 0.2172614 -0.415 0.06832963 0.2168949 -0.4093431 0.06601536 0.2172614 -0.407 0.05899995 0.1999999 -0.4093431 0.05334311 0.1999999 -0.415 0.05099999 0.1999999 -0.4206569 0.05334311 0.1999999 -0.423 0.05899995 0.1999999 -0.4206569 0.06465685 0.1999999 -0.415 0.06699997 0.1999999 -0.4093431 0.06465685 0.1999999 -0.407 0.06042814 0.1818535 -0.4093431 0.05484092 0.1809687 -0.415 0.05252659 0.1806021 -0.4206569 0.05484092 0.1809687 -0.423 0.06042814 0.1818535 -0.4206569 0.06601536 0.1827385 -0.415 0.06832963 0.183105 -0.4093431 0.06601536 0.1827385 -0.407 0.06467741 0.164154 -0.4093431 0.05929744 0.1624059 -0.415 0.05706894 0.1616818 -0.4206569 0.05929744 0.1624059 -0.423 0.06467741 0.164154 -0.4206569 0.07005739 0.165902 -0.415 0.07228589 0.1666261 -0.4093431 0.07005739 0.165902 -0.407 0.07164323 0.147337 -0.4093431 0.06660294 0.1447689 -0.415 0.06451517 0.1437051 -0.4206569 0.06660294 0.1447689 -0.423 0.07164323 0.147337 -0.4206569 0.07668352 0.1499052 -0.415 0.07877129 0.150969 -0.4093431 0.07668352 0.1499052 -0.407 0.08115398 0.1318169 -0.4093431 0.07657754 0.1284918 -0.415 0.07468187 0.1271146 -0.4206569 0.07657754 0.1284918 -0.423 0.08115398 0.1318169 -0.4206569 0.08573049 0.1351419 -0.415 0.08762615 0.1365191 -0.4093431 0.08573049 0.1351419 -0.407 0.09297561 0.1179755 -0.4093431 0.0889756 0.1139755 -0.415 0.08731871 0.1123187 -0.4206569 0.0889756 0.1139755 -0.423 0.09297561 0.1179755 -0.4206569 0.09697556 0.1219756 -0.415 0.09863245 0.1236324 -0.4093431 0.09697556 0.1219756 -0.407 0.1068169 0.106154 -0.4093431 0.1034919 0.1015775 -0.415 0.1021146 0.09968185 -0.4206569 0.1034919 0.1015775 -0.423 0.1068169 0.106154 -0.4206569 0.1101419 0.1107305 -0.415 0.1115192 0.1126261 -0.4093431 0.1101419 0.1107305 -0.407 0.1223371 0.0966432 -0.4093431 0.1197689 0.09160292 -0.415 0.1187052 0.08951514 -0.4206569 0.1197689 0.09160292 -0.423 0.1223371 0.0966432 -0.4206569 0.1249052 0.1016835 -0.415 0.125969 0.1037712 -0.4093431 0.1249052 0.1016835 -0.407 0.139154 0.08967739 -0.4093431 0.1374059 0.08429741 -0.415 0.1366819 0.08206897 -0.4206569 0.1374059 0.08429741 -0.423 0.139154 0.08967739 -0.4206569 0.1409021 0.09505742 -0.415 0.1416261 0.09728586 -0.4093431 0.1409021 0.09505742 -0.407 0.1568536 0.08542811 -0.4093431 0.1559686 0.07984089 -0.415 0.1556021 0.07752662 -0.4206569 0.1559686 0.07984089 -0.423 0.1568536 0.08542811 -0.4206569 0.1577385 0.09101533 -0.415 0.158105 0.0933296 -0.4093431 0.1577385 0.09101533 -0.407 0.175 0.08399999 -0.4093431 0.175 0.07834315 -0.415 0.175 0.07599997 -0.4206569 0.175 0.07834315 -0.423 0.175 0.08399999 -0.4206569 0.175 0.08965682 -0.415 0.175 0.092 -0.4093431 0.175 0.08965682 -0.407 0.1931464 0.08542811 -0.4093431 0.1940313 0.07984089 -0.415 0.1943978 0.07752662 -0.4206569 0.1940313 0.07984089 -0.423 0.1931464 0.08542811 -0.4206569 0.1922615 0.09101533 -0.415 0.1918949 0.0933296 -0.4093431 0.1922615 0.09101533 -0.407 0.210846 0.08967739 -0.4093431 0.212594 0.08429741 -0.415 0.2133181 0.08206897 -0.4206569 0.212594 0.08429741 -0.423 0.210846 0.08967739 -0.4206569 0.2090979 0.09505742 -0.415 0.2083738 0.09728586 -0.4093431 0.2090979 0.09505742 -0.407 0.2276629 0.0966432 -0.4093431 0.230231 0.09160292 -0.415 0.2312948 0.08951514 -0.4206569 0.230231 0.09160292 -0.423 0.2276629 0.0966432 -0.4206569 0.2250947 0.1016835 -0.415 0.2240309 0.1037712 -0.4093431 0.2250947 0.1016835 -0.407 0.243183 0.106154 -0.4093431 0.2465081 0.1015775 -0.415 0.2478854 0.09968185 -0.4206569 0.2465081 0.1015775 -0.423 0.243183 0.106154 -0.4206569 0.239858 0.1107305 -0.415 0.2384808 0.1126261 -0.4093431 0.239858 0.1107305 -0.407 0.2570244 0.1179755 -0.4093431 0.2610244 0.1139755 -0.415 0.2626813 0.1123187 -0.4206569 0.2610244 0.1139755 -0.423 0.2570244 0.1179755 -0.4206569 0.2530244 0.1219756 -0.415 0.2513675 0.1236324 -0.4093431 0.2530244 0.1219756 -0.407 0.268846 0.1318169 -0.4093431 0.2734224 0.1284918 -0.415 0.2753181 0.1271146 -0.4206569 0.2734224 0.1284918 -0.423 0.268846 0.1318169 -0.4206569 0.2642695 0.1351419 -0.415 0.2623738 0.1365191 -0.4093431 0.2642695 0.1351419 -0.407 0.2783567 0.147337 -0.4093431 0.283397 0.1447689 -0.415 0.2854848 0.1437051 -0.4206569 0.283397 0.1447689 -0.423 0.2783567 0.147337 -0.4206569 0.2733165 0.1499052 -0.415 0.2712287 0.150969 -0.4093431 0.2733165 0.1499052 -0.407 0.2853226 0.164154 -0.4093431 0.2907025 0.1624059 -0.415 0.292931 0.1616818 -0.4206569 0.2907025 0.1624059 -0.423 0.2853226 0.164154 -0.4206569 0.2799426 0.165902 -0.415 0.2777141 0.1666261 -0.4093431 0.2799426 0.165902 -0.407 0.2895718 0.1818535 -0.4093431 0.2951591 0.1809687 -0.415 0.2974733 0.1806021 -0.4206569 0.2951591 0.1809687 -0.423 0.2895718 0.1818535 -0.4206569 0.2839846 0.1827385 -0.415 0.2816703 0.183105 -0.4093431 0.2839846 0.1827385 -0.402 0.25 0.1999999 -0.4035 0.2525981 0.1999999 -0.4065 0.2525981 0.1999999 -0.408 0.25 0.1999999 -0.4065 0.2474019 0.1999999 -0.4035 0.2474019 0.1999999 -0.402 0.2485589 0.2146317 -0.4035 0.251107 0.2151386 -0.4065 0.251107 0.2151386 -0.408 0.2485589 0.2146317 -0.4065 0.2460107 0.2141249 -0.4035 0.2460107 0.2141249 -0.402 0.244291 0.2287012 -0.4035 0.2466912 0.2296954 -0.4065 0.2466912 0.2296954 -0.408 0.244291 0.2287012 -0.4065 0.2418906 0.227707 -0.4035 0.2418906 0.227707 -0.402 0.2373602 0.2416677 -0.4035 0.2395204 0.2431111 -0.4065 0.2395204 0.2431111 -0.408 0.2373602 0.2416677 -0.4065 0.2351999 0.2402243 -0.4035 0.2351999 0.2402243 -0.402 0.228033 0.253033 -0.4035 0.2298701 0.2548701 -0.4065 0.2298701 0.2548701 -0.408 0.228033 0.253033 -0.4065 0.2261959 0.2511959 -0.4035 0.2261959 0.2511959 -0.402 0.2166677 0.2623602 -0.4035 0.2181112 0.2645204 -0.4065 0.2181112 0.2645204 -0.408 0.2166677 0.2623602 -0.4065 0.2152243 0.2602 -0.4035 0.2152243 0.2602 -0.402 0.2037012 0.269291 -0.4035 0.2046955 0.2716913 -0.4065 0.2046955 0.2716913 -0.408 0.2037012 0.269291 -0.4065 0.202707 0.2668907 -0.4035 0.202707 0.2668907 -0.402 0.1896318 0.2735589 -0.4035 0.1901386 0.276107 -0.4065 0.1901386 0.276107 -0.408 0.1896318 0.2735589 -0.4065 0.1891249 0.2710107 -0.4035 0.1891249 0.2710107 -0.402 0.175 0.275 -0.4035 0.175 0.2775981 -0.4065 0.175 0.2775981 -0.408 0.175 0.275 -0.4065 0.175 0.2724019 -0.4035 0.175 0.2724019 -0.402 0.1603682 0.2735589 -0.4035 0.1598613 0.276107 -0.4065 0.1598613 0.276107 -0.408 0.1603682 0.2735589 -0.4065 0.160875 0.2710107 -0.4035 0.160875 0.2710107 -0.402 0.1462987 0.269291 -0.4035 0.1453045 0.2716913 -0.4065 0.1453045 0.2716913 -0.408 0.1462987 0.269291 -0.4065 0.147293 0.2668907 -0.4035 0.147293 0.2668907 -0.402 0.1333322 0.2623602 -0.4035 0.1318888 0.2645204 -0.4065 0.1318888 0.2645204 -0.408 0.1333322 0.2623602 -0.4065 0.1347756 0.2602 -0.4035 0.1347756 0.2602 -0.402 0.121967 0.253033 -0.4035 0.1201298 0.2548701 -0.4065 0.1201298 0.2548701 -0.408 0.121967 0.253033 -0.4065 0.1238041 0.2511959 -0.4035 0.1238041 0.2511959 -0.402 0.1126397 0.2416677 -0.4035 0.1104795 0.2431111 -0.4065 0.1104795 0.2431111 -0.408 0.1126397 0.2416677 -0.4065 0.1148 0.2402243 -0.4035 0.1148 0.2402243 -0.402 0.105709 0.2287012 -0.4035 0.1033087 0.2296954 -0.4065 0.1033087 0.2296954 -0.408 0.105709 0.2287012 -0.4065 0.1081093 0.227707 -0.4035 0.1081093 0.227707 -0.402 0.1014411 0.2146317 -0.4035 0.09889292 0.2151386 -0.4065 0.09889292 0.2151386 -0.408 0.1014411 0.2146317 -0.4065 0.1039893 0.2141249 -0.4035 0.1039893 0.2141249 -0.402 0.09999996 0.1999999 -0.4035 0.09740191 0.1999999 -0.4065 0.09740191 0.1999999 -0.408 0.09999996 0.1999999 -0.4065 0.102598 0.1999999 -0.4035 0.102598 0.1999999 -0.402 0.1014411 0.1853682 -0.4035 0.09889292 0.1848613 -0.4065 0.09889292 0.1848613 -0.408 0.1014411 0.1853682 -0.4065 0.1039893 0.185875 -0.4035 0.1039893 0.185875 -0.402 0.105709 0.1712987 -0.4035 0.1033087 0.1703044 -0.4065 0.1033087 0.1703044 -0.408 0.105709 0.1712987 -0.4065 0.1081093 0.172293 -0.4035 0.1081093 0.172293 -0.402 0.1126397 0.1583322 -0.4035 0.1104795 0.1568888 -0.4065 0.1104795 0.1568888 -0.408 0.1126397 0.1583322 -0.4065 0.1148 0.1597756 -0.4035 0.1148 0.1597756 -0.402 0.121967 0.1469669 -0.4035 0.1201298 0.1451298 -0.4065 0.1201298 0.1451298 -0.408 0.121967 0.1469669 -0.4065 0.1238041 0.1488041 -0.4035 0.1238041 0.1488041 -0.402 0.1333322 0.1376397 -0.4035 0.1318888 0.1354795 -0.4065 0.1318888 0.1354795 -0.408 0.1333322 0.1376397 -0.4065 0.1347756 0.1398 -0.4035 0.1347756 0.1398 -0.402 0.1462987 0.130709 -0.4035 0.1453045 0.1283087 -0.4065 0.1453045 0.1283087 -0.408 0.1462987 0.130709 -0.4065 0.147293 0.1331093 -0.4035 0.147293 0.1331093 -0.402 0.1603682 0.1264411 -0.4035 0.1598613 0.1238929 -0.4065 0.1598613 0.1238929 -0.408 0.1603682 0.1264411 -0.4065 0.160875 0.1289892 -0.4035 0.160875 0.1289892 -0.402 0.175 0.125 -0.4035 0.175 0.1224018 -0.4065 0.175 0.1224018 -0.408 0.175 0.125 -0.4065 0.175 0.127598 -0.4035 0.175 0.127598 -0.402 0.1896318 0.1264411 -0.4035 0.1901386 0.1238929 -0.4065 0.1901386 0.1238929 -0.408 0.1896318 0.1264411 -0.4065 0.1891249 0.1289892 -0.4035 0.1891249 0.1289892 -0.402 0.2037012 0.130709 -0.4035 0.2046955 0.1283087 -0.4065 0.2046955 0.1283087 -0.408 0.2037012 0.130709 -0.4065 0.202707 0.1331093 -0.4035 0.202707 0.1331093 -0.402 0.2166677 0.1376397 -0.4035 0.2181112 0.1354795 -0.4065 0.2181112 0.1354795 -0.408 0.2166677 0.1376397 -0.4065 0.2152243 0.1398 -0.4035 0.2152243 0.1398 -0.402 0.228033 0.1469669 -0.4035 0.2298701 0.1451298 -0.4065 0.2298701 0.1451298 -0.408 0.228033 0.1469669 -0.4065 0.2261959 0.1488041 -0.4035 0.2261959 0.1488041 -0.402 0.2373602 0.1583322 -0.4035 0.2395204 0.1568888 -0.4065 0.2395204 0.1568888 -0.408 0.2373602 0.1583322 -0.4065 0.2351999 0.1597756 -0.4035 0.2351999 0.1597756 -0.402 0.244291 0.1712987 -0.4035 0.2466912 0.1703044 -0.4065 0.2466912 0.1703044 -0.408 0.244291 0.1712987 -0.4065 0.2418906 0.172293 -0.4035 0.2418906 0.172293 -0.402 0.2485589 0.1853682 -0.4035 0.251107 0.1848613 -0.4065 0.251107 0.1848613 -0.408 0.2485589 0.1853682 -0.4065 0.2460107 0.185875 -0.4035 0.2460107 0.185875 -0.402 0.215 0.1999999 -0.4035 0.217598 0.1999999 -0.4065 0.217598 0.1999999 -0.408 0.215 0.1999999 -0.4065 0.2124019 0.1999999 -0.4035 0.2124019 0.1999999 -0.402 0.2142314 0.2078036 -0.4035 0.2167795 0.2083104 -0.4065 0.2167795 0.2083104 -0.408 0.2142314 0.2078036 -0.4065 0.2116832 0.2072967 -0.4035 0.2116832 0.2072967 -0.402 0.2119551 0.2153072 -0.4035 0.2143555 0.2163015 -0.4065 0.2143555 0.2163015 -0.408 0.2119551 0.2153072 -0.4065 0.2095549 0.214313 -0.4035 0.2095549 0.214313 -0.402 0.2082588 0.2222228 -0.4035 0.2104189 0.2236661 -0.4065 0.2104189 0.2236661 -0.408 0.2082588 0.2222228 -0.4065 0.2060985 0.2207793 -0.4035 0.2060985 0.2207793 -0.402 0.2032842 0.2282842 -0.4035 0.2051213 0.2301213 -0.4065 0.2051213 0.2301213 -0.408 0.2032842 0.2282842 -0.4065 0.2014471 0.2264471 -0.4035 0.2014471 0.2264471 -0.402 0.1972228 0.2332587 -0.4035 0.1986662 0.2354189 -0.4065 0.1986662 0.2354189 -0.408 0.1972228 0.2332587 -0.4065 0.1957794 0.2310985 -0.4035 0.1957794 0.2310985 -0.402 0.1903073 0.2369551 -0.4035 0.1913015 0.2393555 -0.4065 0.1913015 0.2393555 -0.408 0.1903073 0.2369551 -0.4065 0.1893131 0.2345548 -0.4035 0.1893131 0.2345548 -0.402 0.1828036 0.2392314 -0.4035 0.1833105 0.2417795 -0.4065 0.1833105 0.2417795 -0.408 0.1828036 0.2392314 -0.4065 0.1822967 0.2366832 -0.4035 0.1822967 0.2366832 -0.402 0.175 0.24 -0.4035 0.175 0.242598 -0.4065 0.175 0.242598 -0.408 0.175 0.24 -0.4065 0.175 0.2374019 -0.4035 0.175 0.2374019 -0.402 0.1671963 0.2392314 -0.4035 0.1666895 0.2417795 -0.4065 0.1666895 0.2417795 -0.408 0.1671963 0.2392314 -0.4065 0.1677032 0.2366832 -0.4035 0.1677032 0.2366832 -0.402 0.1596927 0.2369551 -0.4035 0.1586984 0.2393555 -0.4065 0.1586984 0.2393555 -0.408 0.1596927 0.2369551 -0.4065 0.1606869 0.2345548 -0.4035 0.1606869 0.2345548 -0.402 0.1527771 0.2332587 -0.4035 0.1513338 0.2354189 -0.4065 0.1513338 0.2354189 -0.408 0.1527771 0.2332587 -0.4065 0.1542206 0.2310985 -0.4035 0.1542206 0.2310985 -0.402 0.1467157 0.2282842 -0.4035 0.1448786 0.2301213 -0.4065 0.1448786 0.2301213 -0.408 0.1467157 0.2282842 -0.4065 0.1485528 0.2264471 -0.4035 0.1485528 0.2264471 -0.402 0.1417412 0.2222228 -0.4035 0.139581 0.2236661 -0.4065 0.139581 0.2236661 -0.408 0.1417412 0.2222228 -0.4065 0.1439014 0.2207793 -0.4035 0.1439014 0.2207793 -0.402 0.1380448 0.2153072 -0.4035 0.1356445 0.2163015 -0.4065 0.1356445 0.2163015 -0.408 0.1380448 0.2153072 -0.4065 0.1404451 0.214313 -0.4035 0.1404451 0.214313 -0.402 0.1357685 0.2078036 -0.4035 0.1332204 0.2083104 -0.4065 0.1332204 0.2083104 -0.408 0.1357685 0.2078036 -0.4065 0.1383167 0.2072967 -0.4035 0.1383167 0.2072967 -0.402 0.1349999 0.1999999 -0.4035 0.1324019 0.1999999 -0.4065 0.1324019 0.1999999 -0.408 0.1349999 0.1999999 -0.4065 0.137598 0.1999999 -0.4035 0.137598 0.1999999 -0.402 0.1357685 0.1921963 -0.4035 0.1332204 0.1916895 -0.4065 0.1332204 0.1916895 -0.408 0.1357685 0.1921963 -0.4065 0.1383167 0.1927032 -0.4035 0.1383167 0.1927032 -0.402 0.1380448 0.1846926 -0.4035 0.1356445 0.1836984 -0.4065 0.1356445 0.1836984 -0.408 0.1380448 0.1846926 -0.4065 0.1404451 0.1856868 -0.4035 0.1404451 0.1856868 -0.402 0.1417412 0.1777771 -0.4035 0.139581 0.1763337 -0.4065 0.139581 0.1763337 -0.408 0.1417412 0.1777771 -0.4065 0.1439014 0.1792206 -0.4035 0.1439014 0.1792206 -0.402 0.1467157 0.1717157 -0.4035 0.1448786 0.1698786 -0.4065 0.1448786 0.1698786 -0.408 0.1467157 0.1717157 -0.4065 0.1485528 0.1735528 -0.4035 0.1485528 0.1735528 -0.402 0.1527771 0.1667411 -0.4035 0.1513338 0.164581 -0.4065 0.1513338 0.164581 -0.408 0.1527771 0.1667411 -0.4065 0.1542206 0.1689014 -0.4035 0.1542206 0.1689014 -0.402 0.1596927 0.1630448 -0.4035 0.1586984 0.1606445 -0.4065 0.1586984 0.1606445 -0.408 0.1596927 0.1630448 -0.4065 0.1606869 0.1654451 -0.4035 0.1606869 0.1654451 -0.402 0.1671963 0.1607685 -0.4035 0.1666895 0.1582204 -0.4065 0.1666895 0.1582204 -0.408 0.1671963 0.1607685 -0.4065 0.1677032 0.1633167 -0.4035 0.1677032 0.1633167 -0.402 0.175 0.16 -0.4035 0.175 0.1574019 -0.4065 0.175 0.1574019 -0.408 0.175 0.16 -0.4065 0.175 0.162598 -0.4035 0.175 0.162598 -0.402 0.1828036 0.1607685 -0.4035 0.1833105 0.1582204 -0.4065 0.1833105 0.1582204 -0.408 0.1828036 0.1607685 -0.4065 0.1822967 0.1633167 -0.4035 0.1822967 0.1633167 -0.402 0.1903073 0.1630448 -0.4035 0.1913015 0.1606445 -0.4065 0.1913015 0.1606445 -0.408 0.1903073 0.1630448 -0.4065 0.1893131 0.1654451 -0.4035 0.1893131 0.1654451 -0.402 0.1972228 0.1667411 -0.4035 0.1986662 0.164581 -0.4065 0.1986662 0.164581 -0.408 0.1972228 0.1667411 -0.4065 0.1957794 0.1689014 -0.4035 0.1957794 0.1689014 -0.402 0.2032842 0.1717157 -0.4035 0.2051213 0.1698786 -0.4065 0.2051213 0.1698786 -0.408 0.2032842 0.1717157 -0.4065 0.2014471 0.1735528 -0.4035 0.2014471 0.1735528 -0.402 0.2082588 0.1777771 -0.4035 0.2104189 0.1763337 -0.4065 0.2104189 0.1763337 -0.408 0.2082588 0.1777771 -0.4065 0.2060985 0.1792206 -0.4035 0.2060985 0.1792206 -0.402 0.2119551 0.1846926 -0.4035 0.2143555 0.1836984 -0.4065 0.2143555 0.1836984 -0.408 0.2119551 0.1846926 -0.4065 0.2095549 0.1856868 -0.4035 0.2095549 0.1856868 -0.402 0.2142314 0.1921963 -0.4035 0.2167795 0.1916895 -0.4065 0.2167795 0.1916895 -0.408 0.2142314 0.1921963 -0.4065 0.2116832 0.1927032 -0.4035 0.2116832 0.1927032 -0.405 0.291 0.203 -0.405 0.195 0.203 -0.4024019 0.291 0.2014999 -0.4024019 0.195 0.2014999 -0.4024019 0.291 0.1984999 -0.4024019 0.1949999 0.1984999 -0.405 0.291 0.197 -0.405 0.1949999 0.197 -0.4075981 0.291 0.1984999 -0.4075981 0.1949999 0.1984999 -0.4075981 0.291 0.2014999 -0.4075981 0.195 0.2014999 -0.405 0.254903 0.2841457 -0.405 0.1870208 0.2162634 -0.4024019 0.2559637 0.283085 -0.4024019 0.1880815 0.2152027 -0.4024019 0.258085 0.2809637 -0.4024019 0.1902028 0.2130814 -0.405 0.2591457 0.2799031 -0.405 0.1912634 0.2120208 -0.4075981 0.258085 0.2809637 -0.4075981 0.1902028 0.2130814 -0.4075981 0.2559637 0.283085 -0.4075981 0.1880815 0.2152027 -0.405 0.172 0.316 -0.405 0.1719999 0.22 -0.4024019 0.1735 0.316 -0.4024019 0.1735 0.22 -0.4024019 0.1765 0.316 -0.4024019 0.1765 0.22 -0.405 0.178 0.316 -0.405 0.178 0.22 -0.4075981 0.1765 0.316 -0.4075981 0.1765 0.22 -0.4075981 0.1735 0.316 -0.4075981 0.1735 0.22 -0.405 0.09085422 0.2799031 -0.405 0.1587365 0.2120208 -0.4024019 0.09191489 0.2809637 -0.4024019 0.1597971 0.2130814 -0.4024019 0.09403622 0.283085 -0.4024019 0.1619185 0.2152027 -0.405 0.09509688 0.2841457 -0.405 0.1629791 0.2162634 -0.4075981 0.09403622 0.283085 -0.4075981 0.1619185 0.2152027 -0.4075981 0.09191489 0.2809637 -0.4075981 0.1597971 0.2130814 -0.405 0.05899995 0.197 -0.405 0.155 0.1969999 -0.4024019 0.05899995 0.1985 -0.4024019 0.155 0.1984999 -0.4024019 0.05899995 0.2014999 -0.4024019 0.155 0.2014999 -0.405 0.05899995 0.203 -0.405 0.155 0.203 -0.4075981 0.05899995 0.2014999 -0.4075981 0.155 0.2014999 -0.4075981 0.05899995 0.1985 -0.4075981 0.155 0.1984999 -0.405 0.09509688 0.1158543 -0.405 0.1629791 0.1837365 -0.4024019 0.09403622 0.1169149 -0.4024019 0.1619185 0.1847972 -0.4024019 0.09191489 0.1190363 -0.4024019 0.1597971 0.1869185 -0.405 0.09085422 0.1200969 -0.405 0.1587365 0.1879791 -0.4075981 0.09191489 0.1190363 -0.4075981 0.1597971 0.1869185 -0.4075981 0.09403622 0.1169149 -0.4075981 0.1619185 0.1847972 -0.405 0.178 0.08399993 -0.405 0.178 0.18 -0.4024019 0.1765 0.08399993 -0.4024019 0.1765 0.18 -0.4024019 0.1735 0.08399993 -0.4024019 0.1735 0.18 -0.405 0.1719999 0.08399993 -0.405 0.1719999 0.18 -0.4075981 0.1735 0.08399993 -0.4075981 0.1735 0.18 -0.4075981 0.1765 0.08399993 -0.4075981 0.1765 0.18 -0.405 0.2591456 0.1200968 -0.405 0.1912634 0.1879791 -0.4024019 0.258085 0.1190361 -0.4024019 0.1902028 0.1869184 -0.4024019 0.2559637 0.1169148 -0.4024019 0.1880815 0.1847971 -0.405 0.254903 0.1158542 -0.405 0.1870208 0.1837365 -0.4075981 0.2559637 0.1169148 -0.4075981 0.1880815 0.1847971 -0.4075981 0.258085 0.1190361 -0.4075981 0.1902028 0.1869184 -0.408 0.197 0.1999999 -0.402 0.197 0.1999999 -0.408 0.1953253 0.1915809 -0.402 0.1953253 0.1915809 -0.408 0.1905563 0.1844436 -0.402 0.1905563 0.1844436 -0.408 0.183419 0.1796746 -0.402 0.183419 0.1796746 -0.408 0.175 0.1779999 -0.402 0.175 0.178 -0.408 0.1665809 0.1796746 -0.402 0.1665809 0.1796746 -0.408 0.1594436 0.1844436 -0.402 0.1594436 0.1844436 -0.408 0.1546746 0.1915809 -0.402 0.1546746 0.1915809 -0.408 0.1529999 0.1999999 -0.402 0.1529999 0.1999999 -0.408 0.1546746 0.208419 -0.402 0.1546746 0.208419 -0.408 0.1594436 0.2155563 -0.402 0.1594436 0.2155563 -0.408 0.1665809 0.2203253 -0.402 0.1665809 0.2203253 -0.408 0.175 0.222 -0.402 0.175 0.222 -0.408 0.183419 0.2203253 -0.402 0.183419 0.2203253 -0.408 0.1905563 0.2155563 -0.402 0.1905563 0.2155563 -0.408 0.1953253 0.208419 -0.402 0.1953253 0.208419 -0.535 0.203 0.1999999 -0.495 0.203 0.1999999 -0.535 0.2016295 0.1913475 -0.495 0.2016295 0.1913475 -0.535 0.1976525 0.183542 -0.495 0.1976525 0.183542 -0.535 0.1914579 0.1773475 -0.495 0.1914579 0.1773475 -0.535 0.1836525 0.1733704 -0.495 0.1836525 0.1733704 -0.535 0.175 0.1719999 -0.495 0.175 0.1719999 -0.535 0.1663475 0.1733704 -0.495 0.1663475 0.1733704 -0.535 0.158542 0.1773475 -0.495 0.158542 0.1773475 -0.535 0.1523475 0.183542 -0.495 0.1523475 0.183542 -0.535 0.1483704 0.1913475 -0.495 0.1483704 0.1913475 -0.535 0.147 0.1999999 -0.495 0.147 0.1999999 -0.535 0.1483704 0.2086524 -0.495 0.1483704 0.2086524 -0.535 0.1523475 0.2164579 -0.495 0.1523475 0.2164579 -0.535 0.158542 0.2226524 -0.495 0.158542 0.2226524 -0.535 0.1663475 0.2266295 -0.495 0.1663475 0.2266295 -0.535 0.175 0.2279999 -0.495 0.175 0.2279999 -0.535 0.1836525 0.2266295 -0.495 0.1836525 0.2266295 -0.535 0.1914579 0.2226524 -0.495 0.1914579 0.2226524 -0.535 0.1976525 0.2164579 -0.495 0.1976525 0.2164579 -0.535 0.2016295 0.2086524 -0.495 0.2016295 0.2086524 -0.523 0.1825 0.2269999 -0.523 0.1675 0.2269999 -0.523 0.1825 0.311 -0.523 0.1675 0.311 -0.517 0.1825 0.2269999 -0.517 0.1675 0.2269999 -0.517 0.1825 0.311 -0.517 0.1675 0.311 -0.523 0.1478673 0.1929951 -0.523 0.1553673 0.1800047 -0.523 0.07512116 0.1509951 -0.523 0.08262115 0.1380048 -0.517 0.1478673 0.1929951 -0.517 0.1553673 0.1800047 -0.517 0.07512116 0.1509951 -0.517 0.08262115 0.1380048 -0.523 0.1946327 0.1800048 -0.523 0.2021327 0.1929951 -0.523 0.2673788 0.1380047 -0.523 0.2748788 0.1509951 -0.517 0.1946327 0.1800048 -0.517 0.2021327 0.1929951 -0.517 0.2673788 0.1380047 -0.517 0.2748788 0.1509951 -0.546 0.1439999 0.06300002 -0.546 0.14 0.06699997 -0.55 0.1439999 0.06699997 -0.546 0.1420026 0.06353437 -0.5479974 0.1439999 0.06353437 -0.5479128 0.1420871 0.06405347 -0.5479974 0.1405344 0.06699997 -0.546 0.1405344 0.06500262 -0.5479128 0.1410534 0.06508713 -0.5494656 0.1439999 0.06500262 -0.5494656 0.1420026 0.06699997 -0.5489466 0.1420871 0.06508713 -0.546 0.14 0.08899998 -0.546 0.1439999 0.09299999 -0.55 0.1439999 0.08899998 -0.546 0.1405344 0.09099739 -0.5479974 0.1405344 0.08899998 -0.5479128 0.1410534 0.09091281 -0.5479974 0.1439999 0.09246563 -0.546 0.1420026 0.09246563 -0.5479128 0.1420871 0.09194654 -0.5494656 0.1420026 0.08899998 -0.5494656 0.1439999 0.09099739 -0.5489466 0.1420871 0.09091281 -0.546 0.206 0.06300002 -0.55 0.206 0.06699997 -0.546 0.21 0.06699997 -0.5479974 0.206 0.06353437 -0.546 0.2079973 0.06353437 -0.5479128 0.2079128 0.06405347 -0.5494656 0.2079973 0.06699997 -0.5494656 0.206 0.06500262 -0.5489466 0.2079128 0.06508713 -0.546 0.2094656 0.06500262 -0.5479974 0.2094656 0.06699997 -0.5479128 0.2089465 0.06508713 -0.546 0.206 0.09299999 -0.546 0.21 0.08899998 -0.55 0.206 0.08899998 -0.546 0.2079973 0.09246563 -0.5479974 0.206 0.09246563 -0.5479128 0.2079128 0.09194654 -0.5479974 0.2094656 0.08899998 -0.546 0.2094656 0.09099739 -0.5479128 0.2089465 0.09091281 -0.5494656 0.206 0.09099739 -0.5494656 0.2079973 0.08899998 -0.5489466 0.2079128 0.09091281 -0.444 0.1439999 0.06300002 -0.44 0.1439999 0.06699997 -0.444 0.14 0.06699997 -0.4420026 0.1439999 0.06353437 -0.444 0.1420026 0.06353437 -0.4420871 0.1420871 0.06405347 -0.4405344 0.1420026 0.06699997 -0.4405344 0.1439999 0.06500262 -0.4410535 0.1420871 0.06508713 -0.444 0.1405344 0.06500262 -0.4420026 0.1405344 0.06699997 -0.4420871 0.1410534 0.06508713 -0.444 0.1439999 0.09299999 -0.444 0.14 0.08899998 -0.44 0.1439999 0.08899998 -0.444 0.1420026 0.09246563 -0.4420026 0.1439999 0.09246563 -0.4420871 0.1420871 0.09194654 -0.4420026 0.1405344 0.08899998 -0.444 0.1405344 0.09099739 -0.4420871 0.1410534 0.09091281 -0.4405344 0.1439999 0.09099739 -0.4405344 0.1420026 0.08899998 -0.4410535 0.1420871 0.09091281 -0.444 0.206 0.06300002 -0.444 0.21 0.06699997 -0.44 0.206 0.06699997 -0.444 0.2079973 0.06353437 -0.4420026 0.206 0.06353437 -0.4420871 0.2079128 0.06405347 -0.4420026 0.2094656 0.06699997 -0.444 0.2094656 0.06500262 -0.4420871 0.2089465 0.06508713 -0.4405344 0.206 0.06500262 -0.4405344 0.2079973 0.06699997 -0.4410535 0.2079128 0.06508713 -0.444 0.206 0.09299999 -0.44 0.206 0.08899998 -0.444 0.21 0.08899998 -0.4420026 0.206 0.09246563 -0.444 0.2079973 0.09246563 -0.4420871 0.2079128 0.09194654 -0.4405344 0.2079973 0.08899998 -0.4405344 0.206 0.09099739 -0.4410535 0.2079128 0.09091281 -0.444 0.2094656 0.09099739 -0.4420026 0.2094656 0.08899998 -0.4420871 0.2089465 0.09091281 -0.6075 0.1669999 0.31 -0.6075 0.1669999 0.32 -0.6075 0.183 0.31 -0.6075 0.183 0.32 -0.5725 0.1669999 0.31 -0.5725 0.1669999 0.32 -0.5725 0.183 0.31 -0.5725 0.183 0.32 -0.6075 0.1669999 0.07999998 -0.6075 0.1669999 0.08999997 -0.6075 0.183 0.07999998 -0.6075 0.183 0.08999997 -0.5725 0.1669999 0.07999998 -0.5725 0.1669999 0.08999997 -0.5725 0.183 0.07999998 -0.5725 0.183 0.08999997 -0.575 -0.175 0.08999991 -0.575 -0.175 0.07799994 -0.415 -0.175 0.07799994 -0.415 -0.175 0.08999991 -0.575 -0.1577922 0.09135419 -0.575 -0.155915 0.07950192 -0.415 -0.155915 0.07950198 -0.415 -0.1577922 0.09135425 -0.575 -0.1410081 0.0953837 -0.575 -0.1372999 0.08397102 -0.415 -0.1372999 0.08397102 -0.415 -0.1410081 0.0953837 -0.575 -0.125061 0.1019892 -0.575 -0.1196131 0.09129714 -0.415 -0.1196131 0.09129714 -0.415 -0.125061 0.1019892 -0.575 -0.1103436 0.1110081 -0.575 -0.1032902 0.1012998 -0.415 -0.1032902 0.1012998 -0.415 -0.1103436 0.1110081 -0.575 -0.09721821 0.1222181 -0.575 -0.08873295 0.1137329 -0.415 -0.08873295 0.1137329 -0.415 -0.09721821 0.1222182 -0.575 -0.08600813 0.1353436 -0.575 -0.0762999 0.1282901 -0.415 -0.0762999 0.1282901 -0.415 -0.08600813 0.1353436 -0.575 -0.07698923 0.150061 -0.575 -0.06629717 0.1446131 -0.415 -0.06629717 0.1446131 -0.415 -0.07698923 0.150061 -0.575 -0.07038378 0.1660081 -0.575 -0.05897104 0.1622998 -0.415 -0.05897104 0.1622998 -0.415 -0.07038378 0.1660081 -0.575 -0.06635427 0.1827921 -0.575 -0.05450201 0.1809149 -0.415 -0.05450201 0.1809149 -0.415 -0.06635427 0.1827921 -0.575 -0.06499999 0.1999999 -0.575 -0.05299997 0.1999999 -0.415 -0.05299997 0.1999999 -0.415 -0.06499999 0.1999999 -0.575 -0.06635427 0.2172077 -0.575 -0.05450201 0.2190849 -0.415 -0.05450201 0.2190849 -0.415 -0.06635427 0.2172077 -0.575 -0.07038378 0.2339918 -0.575 -0.05897104 0.2377 -0.415 -0.05897104 0.2377 -0.415 -0.07038378 0.2339918 -0.575 -0.07698923 0.2499389 -0.575 -0.06629717 0.2553868 -0.415 -0.06629717 0.2553868 -0.415 -0.07698923 0.2499389 -0.575 -0.08600813 0.2646563 -0.575 -0.0762999 0.2717097 -0.415 -0.0762999 0.2717097 -0.415 -0.08600813 0.2646563 -0.575 -0.09721821 0.2777817 -0.575 -0.08873295 0.286267 -0.415 -0.08873295 0.286267 -0.415 -0.09721821 0.2777817 -0.575 -0.1103436 0.2889918 -0.575 -0.1032902 0.2987 -0.415 -0.1032902 0.2987 -0.415 -0.1103436 0.2889918 -0.575 -0.125061 0.2980107 -0.575 -0.1196131 0.3087028 -0.415 -0.1196131 0.3087028 -0.415 -0.125061 0.2980107 -0.575 -0.1410081 0.3046162 -0.575 -0.1372999 0.3160288 -0.415 -0.1372999 0.3160288 -0.415 -0.1410081 0.3046162 -0.575 -0.1577922 0.3086457 -0.575 -0.155915 0.3204979 -0.415 -0.155915 0.3204979 -0.415 -0.1577922 0.3086457 -0.575 -0.175 0.31 -0.575 -0.175 0.322 -0.415 -0.175 0.322 -0.415 -0.175 0.31 -0.575 -0.1922078 0.3086457 -0.575 -0.194085 0.3204979 -0.415 -0.194085 0.3204979 -0.415 -0.1922078 0.3086457 -0.575 -0.2089918 0.3046162 -0.575 -0.2127 0.3160288 -0.415 -0.2127 0.3160288 -0.415 -0.2089918 0.3046162 -0.575 -0.2249389 0.2980107 -0.575 -0.2303868 0.3087028 -0.415 -0.2303868 0.3087028 -0.415 -0.2249389 0.2980107 -0.575 -0.2396563 0.2889918 -0.575 -0.2467098 0.2987 -0.415 -0.2467098 0.2987 -0.415 -0.2396563 0.2889918 -0.575 -0.2527818 0.2777817 -0.575 -0.261267 0.286267 -0.415 -0.261267 0.286267 -0.415 -0.2527818 0.2777817 -0.575 -0.2639918 0.2646563 -0.575 -0.2737001 0.2717097 -0.415 -0.2737001 0.2717097 -0.415 -0.2639918 0.2646563 -0.575 -0.2730107 0.2499389 -0.575 -0.2837028 0.2553868 -0.415 -0.2837028 0.2553868 -0.415 -0.2730107 0.2499389 -0.575 -0.2796162 0.2339918 -0.575 -0.2910289 0.2377 -0.415 -0.2910289 0.2377 -0.415 -0.2796162 0.2339918 -0.575 -0.2836457 0.2172077 -0.575 -0.295498 0.2190849 -0.415 -0.295498 0.2190849 -0.415 -0.2836457 0.2172077 -0.575 -0.285 0.1999999 -0.575 -0.297 0.1999999 -0.415 -0.297 0.1999999 -0.415 -0.285 0.1999999 -0.575 -0.2836457 0.1827921 -0.575 -0.295498 0.1809149 -0.415 -0.295498 0.1809149 -0.415 -0.2836457 0.1827921 -0.575 -0.2796162 0.1660081 -0.575 -0.2910289 0.1622998 -0.415 -0.2910289 0.1622998 -0.415 -0.2796162 0.1660081 -0.575 -0.2730107 0.150061 -0.575 -0.2837028 0.1446131 -0.415 -0.2837028 0.1446131 -0.415 -0.2730107 0.150061 -0.575 -0.2639918 0.1353436 -0.575 -0.2737001 0.1282901 -0.415 -0.2737001 0.1282901 -0.415 -0.2639918 0.1353436 -0.575 -0.2527818 0.1222181 -0.575 -0.261267 0.1137329 -0.415 -0.261267 0.1137329 -0.415 -0.2527818 0.1222182 -0.575 -0.2396563 0.1110081 -0.575 -0.2467098 0.1012998 -0.415 -0.2467098 0.1012998 -0.415 -0.2396563 0.1110081 -0.575 -0.2249389 0.1019892 -0.575 -0.2303868 0.09129714 -0.415 -0.2303868 0.09129714 -0.415 -0.2249389 0.1019892 -0.575 -0.2089918 0.0953837 -0.575 -0.2127 0.08397102 -0.415 -0.2127 0.08397102 -0.415 -0.2089918 0.0953837 -0.575 -0.1922078 0.09135419 -0.575 -0.194085 0.07950192 -0.415 -0.194085 0.07950198 -0.415 -0.1922078 0.09135425 -0.407 -0.05899995 0.1999999 -0.4093431 -0.05334311 0.1999999 -0.415 -0.05099999 0.1999999 -0.4206569 -0.05334311 0.1999999 -0.423 -0.05899995 0.1999999 -0.4206569 -0.06465685 0.1999999 -0.415 -0.06699997 0.1999999 -0.4093431 -0.06465685 0.1999999 -0.407 -0.06042814 0.2181463 -0.4093431 -0.05484092 0.2190313 -0.415 -0.05252659 0.2193978 -0.4206569 -0.05484092 0.2190313 -0.423 -0.06042814 0.2181463 -0.4206569 -0.06601536 0.2172614 -0.415 -0.06832963 0.2168949 -0.4093431 -0.06601536 0.2172614 -0.407 -0.06467741 0.2358459 -0.4093431 -0.05929744 0.237594 -0.415 -0.05706894 0.238318 -0.4206569 -0.05929744 0.237594 -0.423 -0.06467741 0.2358459 -0.4206569 -0.07005739 0.2340978 -0.415 -0.07228589 0.2333738 -0.4093431 -0.07005739 0.2340978 -0.407 -0.07164323 0.2526629 -0.4093431 -0.06660294 0.255231 -0.415 -0.06451517 0.2562948 -0.4206569 -0.06660294 0.255231 -0.423 -0.07164323 0.2526629 -0.4206569 -0.07668352 0.2500947 -0.415 -0.07877129 0.2490309 -0.4093431 -0.07668352 0.2500947 -0.407 -0.08115398 0.2681831 -0.4093431 -0.07657754 0.2715081 -0.415 -0.07468187 0.2728854 -0.4206569 -0.07657754 0.2715081 -0.423 -0.08115398 0.2681831 -0.4206569 -0.08573049 0.2648581 -0.415 -0.08762615 0.2634808 -0.4093431 -0.08573049 0.2648581 -0.407 -0.09297561 0.2820244 -0.4093431 -0.0889756 0.2860244 -0.415 -0.08731871 0.2876812 -0.4206569 -0.0889756 0.2860244 -0.423 -0.09297561 0.2820244 -0.4206569 -0.09697556 0.2780244 -0.415 -0.09863245 0.2763676 -0.4093431 -0.09697556 0.2780244 -0.407 -0.1068169 0.293846 -0.4093431 -0.1034919 0.2984225 -0.415 -0.1021146 0.3003181 -0.4206569 -0.1034919 0.2984225 -0.423 -0.1068169 0.293846 -0.4206569 -0.1101419 0.2892695 -0.415 -0.1115192 0.2873739 -0.4093431 -0.1101419 0.2892695 -0.407 -0.1223371 0.3033568 -0.4093431 -0.1197689 0.3083971 -0.415 -0.1187052 0.3104848 -0.4206569 -0.1197689 0.3083971 -0.423 -0.1223371 0.3033568 -0.4206569 -0.1249052 0.2983164 -0.415 -0.125969 0.2962287 -0.4093431 -0.1249052 0.2983164 -0.407 -0.139154 0.3103225 -0.4093431 -0.1374059 0.3157026 -0.415 -0.1366819 0.317931 -0.4206569 -0.1374059 0.3157026 -0.423 -0.139154 0.3103225 -0.4206569 -0.1409021 0.3049426 -0.415 -0.1416261 0.3027141 -0.4093431 -0.1409021 0.3049426 -0.407 -0.1568536 0.3145719 -0.4093431 -0.1559686 0.320159 -0.415 -0.1556021 0.3224734 -0.4206569 -0.1559686 0.320159 -0.423 -0.1568536 0.3145719 -0.4206569 -0.1577385 0.3089846 -0.415 -0.158105 0.3066703 -0.4093431 -0.1577385 0.3089846 -0.407 -0.175 0.316 -0.4093431 -0.175 0.3216568 -0.415 -0.175 0.324 -0.4206569 -0.175 0.3216568 -0.423 -0.175 0.316 -0.4206569 -0.175 0.3103432 -0.415 -0.175 0.308 -0.4093431 -0.175 0.3103432 -0.407 -0.1931464 0.3145719 -0.4093431 -0.1940313 0.320159 -0.415 -0.1943978 0.3224734 -0.4206569 -0.1940313 0.320159 -0.423 -0.1931464 0.3145719 -0.4206569 -0.1922615 0.3089846 -0.415 -0.1918949 0.3066703 -0.4093431 -0.1922615 0.3089846 -0.407 -0.210846 0.3103225 -0.4093431 -0.212594 0.3157026 -0.415 -0.2133181 0.317931 -0.4206569 -0.212594 0.3157026 -0.423 -0.210846 0.3103225 -0.4206569 -0.2090979 0.3049426 -0.415 -0.2083738 0.3027141 -0.4093431 -0.2090979 0.3049426 -0.407 -0.2276629 0.3033568 -0.4093431 -0.230231 0.3083971 -0.415 -0.2312948 0.3104848 -0.4206569 -0.230231 0.3083971 -0.423 -0.2276629 0.3033568 -0.4206569 -0.2250947 0.2983164 -0.415 -0.2240309 0.2962287 -0.4093431 -0.2250947 0.2983164 -0.407 -0.243183 0.293846 -0.4093431 -0.2465081 0.2984225 -0.415 -0.2478854 0.3003181 -0.4206569 -0.2465081 0.2984225 -0.423 -0.243183 0.293846 -0.4206569 -0.239858 0.2892695 -0.415 -0.2384808 0.2873739 -0.4093431 -0.239858 0.2892695 -0.407 -0.2570244 0.2820244 -0.4093431 -0.2610244 0.2860244 -0.415 -0.2626813 0.2876812 -0.4206569 -0.2610244 0.2860244 -0.423 -0.2570244 0.2820244 -0.4206569 -0.2530244 0.2780244 -0.415 -0.2513675 0.2763676 -0.4093431 -0.2530244 0.2780244 -0.407 -0.268846 0.2681831 -0.4093431 -0.2734224 0.2715081 -0.415 -0.2753181 0.2728854 -0.4206569 -0.2734224 0.2715081 -0.423 -0.268846 0.2681831 -0.4206569 -0.2642695 0.2648581 -0.415 -0.2623738 0.2634808 -0.4093431 -0.2642695 0.2648581 -0.407 -0.2783567 0.2526629 -0.4093431 -0.283397 0.255231 -0.415 -0.2854848 0.2562948 -0.4206569 -0.283397 0.255231 -0.423 -0.2783567 0.2526629 -0.4206569 -0.2733165 0.2500947 -0.415 -0.2712287 0.2490309 -0.4093431 -0.2733165 0.2500947 -0.407 -0.2853226 0.2358459 -0.4093431 -0.2907025 0.237594 -0.415 -0.292931 0.238318 -0.4206569 -0.2907025 0.237594 -0.423 -0.2853226 0.2358459 -0.4206569 -0.2799426 0.2340978 -0.415 -0.2777141 0.2333738 -0.4093431 -0.2799426 0.2340978 -0.407 -0.2895718 0.2181463 -0.4093431 -0.2951591 0.2190313 -0.415 -0.2974733 0.2193978 -0.4206569 -0.2951591 0.2190313 -0.423 -0.2895718 0.2181463 -0.4206569 -0.2839846 0.2172614 -0.415 -0.2816703 0.2168949 -0.4093431 -0.2839846 0.2172614 -0.407 -0.291 0.1999999 -0.4093431 -0.2966569 0.1999999 -0.415 -0.299 0.1999999 -0.4206569 -0.2966569 0.1999999 -0.423 -0.291 0.1999999 -0.4206569 -0.2853431 0.1999999 -0.415 -0.283 0.1999999 -0.4093431 -0.2853431 0.1999999 -0.407 -0.2895718 0.1818535 -0.4093431 -0.2951591 0.1809687 -0.415 -0.2974733 0.1806021 -0.4206569 -0.2951591 0.1809687 -0.423 -0.2895718 0.1818535 -0.4206569 -0.2839846 0.1827385 -0.415 -0.2816703 0.183105 -0.4093431 -0.2839846 0.1827385 -0.407 -0.2853226 0.164154 -0.4093431 -0.2907025 0.1624059 -0.415 -0.292931 0.1616818 -0.4206569 -0.2907025 0.1624059 -0.423 -0.2853226 0.164154 -0.4206569 -0.2799426 0.165902 -0.415 -0.2777141 0.1666261 -0.4093431 -0.2799426 0.165902 -0.407 -0.2783567 0.147337 -0.4093431 -0.283397 0.1447689 -0.415 -0.2854848 0.1437051 -0.4206569 -0.283397 0.1447689 -0.423 -0.2783567 0.147337 -0.4206569 -0.2733165 0.1499052 -0.415 -0.2712287 0.150969 -0.4093431 -0.2733165 0.1499052 -0.407 -0.268846 0.1318169 -0.4093431 -0.2734224 0.1284918 -0.415 -0.2753181 0.1271146 -0.4206569 -0.2734224 0.1284918 -0.423 -0.268846 0.1318169 -0.4206569 -0.2642695 0.1351419 -0.415 -0.2623738 0.1365191 -0.4093431 -0.2642695 0.1351419 -0.407 -0.2570244 0.1179755 -0.4093431 -0.2610244 0.1139755 -0.415 -0.2626813 0.1123187 -0.4206569 -0.2610244 0.1139755 -0.423 -0.2570244 0.1179755 -0.4206569 -0.2530244 0.1219756 -0.415 -0.2513675 0.1236324 -0.4093431 -0.2530244 0.1219756 -0.407 -0.243183 0.106154 -0.4093431 -0.2465081 0.1015775 -0.415 -0.2478854 0.09968185 -0.4206569 -0.2465081 0.1015775 -0.423 -0.243183 0.106154 -0.4206569 -0.239858 0.1107305 -0.415 -0.2384808 0.1126261 -0.4093431 -0.239858 0.1107305 -0.407 -0.2276629 0.0966432 -0.4093431 -0.230231 0.09160292 -0.415 -0.2312948 0.08951514 -0.4206569 -0.230231 0.09160292 -0.423 -0.2276629 0.0966432 -0.4206569 -0.2250947 0.1016835 -0.415 -0.2240309 0.1037712 -0.4093431 -0.2250947 0.1016835 -0.407 -0.210846 0.08967739 -0.4093431 -0.212594 0.08429741 -0.415 -0.2133181 0.08206897 -0.4206569 -0.212594 0.08429741 -0.423 -0.210846 0.08967739 -0.4206569 -0.2090979 0.09505742 -0.415 -0.2083738 0.09728586 -0.4093431 -0.2090979 0.09505742 -0.407 -0.1931464 0.08542811 -0.4093431 -0.1940313 0.07984089 -0.415 -0.1943978 0.07752662 -0.4206569 -0.1940313 0.07984089 -0.423 -0.1931464 0.08542811 -0.4206569 -0.1922615 0.09101533 -0.415 -0.1918949 0.0933296 -0.4093431 -0.1922615 0.09101533 -0.407 -0.175 0.08399999 -0.4093431 -0.175 0.07834315 -0.415 -0.175 0.07599997 -0.4206569 -0.175 0.07834315 -0.423 -0.175 0.08399999 -0.4206569 -0.175 0.08965682 -0.415 -0.175 0.092 -0.4093431 -0.175 0.08965682 -0.407 -0.1568536 0.08542811 -0.4093431 -0.1559686 0.07984089 -0.415 -0.1556021 0.07752662 -0.4206569 -0.1559686 0.07984089 -0.423 -0.1568536 0.08542811 -0.4206569 -0.1577385 0.09101533 -0.415 -0.158105 0.0933296 -0.4093431 -0.1577385 0.09101533 -0.407 -0.139154 0.08967739 -0.4093431 -0.1374059 0.08429741 -0.415 -0.1366819 0.08206897 -0.4206569 -0.1374059 0.08429741 -0.423 -0.139154 0.08967739 -0.4206569 -0.1409021 0.09505742 -0.415 -0.1416261 0.09728586 -0.4093431 -0.1409021 0.09505742 -0.407 -0.1223371 0.0966432 -0.4093431 -0.1197689 0.09160292 -0.415 -0.1187052 0.08951514 -0.4206569 -0.1197689 0.09160292 -0.423 -0.1223371 0.0966432 -0.4206569 -0.1249052 0.1016835 -0.415 -0.125969 0.1037712 -0.4093431 -0.1249052 0.1016835 -0.407 -0.1068169 0.106154 -0.4093431 -0.1034919 0.1015775 -0.415 -0.1021146 0.09968185 -0.4206569 -0.1034919 0.1015775 -0.423 -0.1068169 0.106154 -0.4206569 -0.1101419 0.1107305 -0.415 -0.1115192 0.1126261 -0.4093431 -0.1101419 0.1107305 -0.407 -0.09297561 0.1179755 -0.4093431 -0.0889756 0.1139755 -0.415 -0.08731871 0.1123187 -0.4206569 -0.0889756 0.1139755 -0.423 -0.09297561 0.1179755 -0.4206569 -0.09697556 0.1219756 -0.415 -0.09863245 0.1236324 -0.4093431 -0.09697556 0.1219756 -0.407 -0.08115398 0.1318169 -0.4093431 -0.07657754 0.1284918 -0.415 -0.07468187 0.1271146 -0.4206569 -0.07657754 0.1284918 -0.423 -0.08115398 0.1318169 -0.4206569 -0.08573049 0.1351419 -0.415 -0.08762615 0.1365191 -0.4093431 -0.08573049 0.1351419 -0.407 -0.07164323 0.147337 -0.4093431 -0.06660294 0.1447689 -0.415 -0.06451517 0.1437051 -0.4206569 -0.06660294 0.1447689 -0.423 -0.07164323 0.147337 -0.4206569 -0.07668352 0.1499052 -0.415 -0.07877129 0.150969 -0.4093431 -0.07668352 0.1499052 -0.407 -0.06467741 0.164154 -0.4093431 -0.05929744 0.1624059 -0.415 -0.05706894 0.1616818 -0.4206569 -0.05929744 0.1624059 -0.423 -0.06467741 0.164154 -0.4206569 -0.07005739 0.165902 -0.415 -0.07228589 0.1666261 -0.4093431 -0.07005739 0.165902 -0.407 -0.06042814 0.1818535 -0.4093431 -0.05484092 0.1809687 -0.415 -0.05252659 0.1806021 -0.4206569 -0.05484092 0.1809687 -0.423 -0.06042814 0.1818535 -0.4206569 -0.06601536 0.1827385 -0.415 -0.06832963 0.183105 -0.4093431 -0.06601536 0.1827385 -0.402 -0.09999996 0.1999999 -0.4035 -0.09740191 0.1999999 -0.4065 -0.09740191 0.1999999 -0.408 -0.09999996 0.1999999 -0.4065 -0.102598 0.1999999 -0.4035 -0.102598 0.1999999 -0.402 -0.1014411 0.2146317 -0.4035 -0.09889292 0.2151386 -0.4065 -0.09889292 0.2151386 -0.408 -0.1014411 0.2146317 -0.4065 -0.1039893 0.2141249 -0.4035 -0.1039893 0.2141249 -0.402 -0.105709 0.2287012 -0.4035 -0.1033087 0.2296954 -0.4065 -0.1033087 0.2296954 -0.408 -0.105709 0.2287012 -0.4065 -0.1081093 0.227707 -0.4035 -0.1081093 0.227707 -0.402 -0.1126397 0.2416677 -0.4035 -0.1104795 0.2431111 -0.4065 -0.1104795 0.2431111 -0.408 -0.1126397 0.2416677 -0.4065 -0.1148 0.2402243 -0.4035 -0.1148 0.2402243 -0.402 -0.121967 0.253033 -0.4035 -0.1201298 0.2548701 -0.4065 -0.1201298 0.2548701 -0.408 -0.121967 0.253033 -0.4065 -0.1238041 0.2511959 -0.4035 -0.1238041 0.2511959 -0.402 -0.1333322 0.2623602 -0.4035 -0.1318888 0.2645204 -0.4065 -0.1318888 0.2645204 -0.408 -0.1333322 0.2623602 -0.4065 -0.1347756 0.2602 -0.4035 -0.1347756 0.2602 -0.402 -0.1462987 0.269291 -0.4035 -0.1453045 0.2716913 -0.4065 -0.1453045 0.2716913 -0.408 -0.1462987 0.269291 -0.4065 -0.147293 0.2668907 -0.4035 -0.147293 0.2668907 -0.402 -0.1603682 0.2735589 -0.4035 -0.1598613 0.276107 -0.4065 -0.1598613 0.276107 -0.408 -0.1603682 0.2735589 -0.4065 -0.160875 0.2710107 -0.4035 -0.160875 0.2710107 -0.402 -0.175 0.275 -0.4035 -0.175 0.2775981 -0.4065 -0.175 0.2775981 -0.408 -0.175 0.275 -0.4065 -0.175 0.2724019 -0.4035 -0.175 0.2724019 -0.402 -0.1896318 0.2735589 -0.4035 -0.1901386 0.276107 -0.4065 -0.1901386 0.276107 -0.408 -0.1896318 0.2735589 -0.4065 -0.1891249 0.2710107 -0.4035 -0.1891249 0.2710107 -0.402 -0.2037012 0.269291 -0.4035 -0.2046955 0.2716913 -0.4065 -0.2046955 0.2716913 -0.408 -0.2037012 0.269291 -0.4065 -0.202707 0.2668907 -0.4035 -0.202707 0.2668907 -0.402 -0.2166677 0.2623602 -0.4035 -0.2181112 0.2645204 -0.4065 -0.2181112 0.2645204 -0.408 -0.2166677 0.2623602 -0.4065 -0.2152243 0.2602 -0.4035 -0.2152243 0.2602 -0.402 -0.228033 0.253033 -0.4035 -0.2298701 0.2548701 -0.4065 -0.2298701 0.2548701 -0.408 -0.228033 0.253033 -0.4065 -0.2261959 0.2511959 -0.4035 -0.2261959 0.2511959 -0.402 -0.2373602 0.2416677 -0.4035 -0.2395204 0.2431111 -0.4065 -0.2395204 0.2431111 -0.408 -0.2373602 0.2416677 -0.4065 -0.2351999 0.2402243 -0.4035 -0.2351999 0.2402243 -0.402 -0.244291 0.2287012 -0.4035 -0.2466912 0.2296954 -0.4065 -0.2466912 0.2296954 -0.408 -0.244291 0.2287012 -0.4065 -0.2418906 0.227707 -0.4035 -0.2418906 0.227707 -0.402 -0.2485589 0.2146317 -0.4035 -0.251107 0.2151386 -0.4065 -0.251107 0.2151386 -0.408 -0.2485589 0.2146317 -0.4065 -0.2460107 0.2141249 -0.4035 -0.2460107 0.2141249 -0.402 -0.25 0.1999999 -0.4035 -0.2525981 0.1999999 -0.4065 -0.2525981 0.1999999 -0.408 -0.25 0.1999999 -0.4065 -0.2474019 0.1999999 -0.4035 -0.2474019 0.1999999 -0.402 -0.2485589 0.1853682 -0.4035 -0.251107 0.1848613 -0.4065 -0.251107 0.1848613 -0.408 -0.2485589 0.1853682 -0.4065 -0.2460107 0.185875 -0.4035 -0.2460107 0.185875 -0.402 -0.244291 0.1712987 -0.4035 -0.2466912 0.1703044 -0.4065 -0.2466912 0.1703044 -0.408 -0.244291 0.1712987 -0.4065 -0.2418906 0.172293 -0.4035 -0.2418906 0.172293 -0.402 -0.2373602 0.1583322 -0.4035 -0.2395204 0.1568888 -0.4065 -0.2395204 0.1568888 -0.408 -0.2373602 0.1583322 -0.4065 -0.2351999 0.1597756 -0.4035 -0.2351999 0.1597756 -0.402 -0.228033 0.1469669 -0.4035 -0.2298701 0.1451298 -0.4065 -0.2298701 0.1451298 -0.408 -0.228033 0.1469669 -0.4065 -0.2261959 0.1488041 -0.4035 -0.2261959 0.1488041 -0.402 -0.2166677 0.1376397 -0.4035 -0.2181112 0.1354795 -0.4065 -0.2181112 0.1354795 -0.408 -0.2166677 0.1376397 -0.4065 -0.2152243 0.1398 -0.4035 -0.2152243 0.1398 -0.402 -0.2037012 0.130709 -0.4035 -0.2046955 0.1283087 -0.4065 -0.2046955 0.1283087 -0.408 -0.2037012 0.130709 -0.4065 -0.202707 0.1331093 -0.4035 -0.202707 0.1331093 -0.402 -0.1896318 0.1264411 -0.4035 -0.1901386 0.1238929 -0.4065 -0.1901386 0.1238929 -0.408 -0.1896318 0.1264411 -0.4065 -0.1891249 0.1289892 -0.4035 -0.1891249 0.1289892 -0.402 -0.175 0.125 -0.4035 -0.175 0.1224018 -0.4065 -0.175 0.1224018 -0.408 -0.175 0.125 -0.4065 -0.175 0.127598 -0.4035 -0.175 0.127598 -0.402 -0.1603682 0.1264411 -0.4035 -0.1598613 0.1238929 -0.4065 -0.1598613 0.1238929 -0.408 -0.1603682 0.1264411 -0.4065 -0.160875 0.1289892 -0.4035 -0.160875 0.1289892 -0.402 -0.1462987 0.130709 -0.4035 -0.1453045 0.1283087 -0.4065 -0.1453045 0.1283087 -0.408 -0.1462987 0.130709 -0.4065 -0.147293 0.1331093 -0.4035 -0.147293 0.1331093 -0.402 -0.1333322 0.1376397 -0.4035 -0.1318888 0.1354795 -0.4065 -0.1318888 0.1354795 -0.408 -0.1333322 0.1376397 -0.4065 -0.1347756 0.1398 -0.4035 -0.1347756 0.1398 -0.402 -0.121967 0.1469669 -0.4035 -0.1201298 0.1451298 -0.4065 -0.1201298 0.1451298 -0.408 -0.121967 0.1469669 -0.4065 -0.1238041 0.1488041 -0.4035 -0.1238041 0.1488041 -0.402 -0.1126397 0.1583322 -0.4035 -0.1104795 0.1568888 -0.4065 -0.1104795 0.1568888 -0.408 -0.1126397 0.1583322 -0.4065 -0.1148 0.1597756 -0.4035 -0.1148 0.1597756 -0.402 -0.105709 0.1712987 -0.4035 -0.1033087 0.1703044 -0.4065 -0.1033087 0.1703044 -0.408 -0.105709 0.1712987 -0.4065 -0.1081093 0.172293 -0.4035 -0.1081093 0.172293 -0.402 -0.1014411 0.1853682 -0.4035 -0.09889292 0.1848613 -0.4065 -0.09889292 0.1848613 -0.408 -0.1014411 0.1853682 -0.4065 -0.1039893 0.185875 -0.4035 -0.1039893 0.185875 -0.402 -0.1349999 0.1999999 -0.4035 -0.1324019 0.1999999 -0.4065 -0.1324019 0.1999999 -0.408 -0.1349999 0.1999999 -0.4065 -0.137598 0.1999999 -0.4035 -0.137598 0.1999999 -0.402 -0.1357685 0.2078036 -0.4035 -0.1332204 0.2083104 -0.4065 -0.1332204 0.2083104 -0.408 -0.1357685 0.2078036 -0.4065 -0.1383167 0.2072967 -0.4035 -0.1383167 0.2072967 -0.402 -0.1380448 0.2153072 -0.4035 -0.1356445 0.2163015 -0.4065 -0.1356445 0.2163015 -0.408 -0.1380448 0.2153072 -0.4065 -0.1404451 0.214313 -0.4035 -0.1404451 0.214313 -0.402 -0.1417412 0.2222228 -0.4035 -0.139581 0.2236661 -0.4065 -0.139581 0.2236661 -0.408 -0.1417412 0.2222228 -0.4065 -0.1439014 0.2207793 -0.4035 -0.1439014 0.2207793 -0.402 -0.1467157 0.2282842 -0.4035 -0.1448786 0.2301213 -0.4065 -0.1448786 0.2301213 -0.408 -0.1467157 0.2282842 -0.4065 -0.1485528 0.2264471 -0.4035 -0.1485528 0.2264471 -0.402 -0.1527771 0.2332587 -0.4035 -0.1513338 0.2354189 -0.4065 -0.1513338 0.2354189 -0.408 -0.1527771 0.2332587 -0.4065 -0.1542206 0.2310985 -0.4035 -0.1542206 0.2310985 -0.402 -0.1596927 0.2369551 -0.4035 -0.1586984 0.2393555 -0.4065 -0.1586984 0.2393555 -0.408 -0.1596927 0.2369551 -0.4065 -0.1606869 0.2345548 -0.4035 -0.1606869 0.2345548 -0.402 -0.1671963 0.2392314 -0.4035 -0.1666895 0.2417795 -0.4065 -0.1666895 0.2417795 -0.408 -0.1671963 0.2392314 -0.4065 -0.1677032 0.2366832 -0.4035 -0.1677032 0.2366832 -0.402 -0.175 0.24 -0.4035 -0.175 0.242598 -0.4065 -0.175 0.242598 -0.408 -0.175 0.24 -0.4065 -0.175 0.2374019 -0.4035 -0.175 0.2374019 -0.402 -0.1828036 0.2392314 -0.4035 -0.1833105 0.2417795 -0.4065 -0.1833105 0.2417795 -0.408 -0.1828036 0.2392314 -0.4065 -0.1822967 0.2366832 -0.4035 -0.1822967 0.2366832 -0.402 -0.1903073 0.2369551 -0.4035 -0.1913015 0.2393555 -0.4065 -0.1913015 0.2393555 -0.408 -0.1903073 0.2369551 -0.4065 -0.1893131 0.2345548 -0.4035 -0.1893131 0.2345548 -0.402 -0.1972228 0.2332587 -0.4035 -0.1986662 0.2354189 -0.4065 -0.1986662 0.2354189 -0.408 -0.1972228 0.2332587 -0.4065 -0.1957794 0.2310985 -0.4035 -0.1957794 0.2310985 -0.402 -0.2032842 0.2282842 -0.4035 -0.2051213 0.2301213 -0.4065 -0.2051213 0.2301213 -0.408 -0.2032842 0.2282842 -0.4065 -0.2014471 0.2264471 -0.4035 -0.2014471 0.2264471 -0.402 -0.2082588 0.2222228 -0.4035 -0.2104189 0.2236661 -0.4065 -0.2104189 0.2236661 -0.408 -0.2082588 0.2222228 -0.4065 -0.2060985 0.2207793 -0.4035 -0.2060985 0.2207793 -0.402 -0.2119551 0.2153072 -0.4035 -0.2143555 0.2163015 -0.4065 -0.2143555 0.2163015 -0.408 -0.2119551 0.2153072 -0.4065 -0.2095549 0.214313 -0.4035 -0.2095549 0.214313 -0.402 -0.2142314 0.2078036 -0.4035 -0.2167795 0.2083104 -0.4065 -0.2167795 0.2083104 -0.408 -0.2142314 0.2078036 -0.4065 -0.2116832 0.2072967 -0.4035 -0.2116832 0.2072967 -0.402 -0.215 0.1999999 -0.4035 -0.217598 0.1999999 -0.4065 -0.217598 0.1999999 -0.408 -0.215 0.1999999 -0.4065 -0.2124019 0.1999999 -0.4035 -0.2124019 0.1999999 -0.402 -0.2142314 0.1921963 -0.4035 -0.2167795 0.1916895 -0.4065 -0.2167795 0.1916895 -0.408 -0.2142314 0.1921963 -0.4065 -0.2116832 0.1927032 -0.4035 -0.2116832 0.1927032 -0.402 -0.2119551 0.1846926 -0.4035 -0.2143555 0.1836984 -0.4065 -0.2143555 0.1836984 -0.408 -0.2119551 0.1846926 -0.4065 -0.2095549 0.1856868 -0.4035 -0.2095549 0.1856868 -0.402 -0.2082588 0.1777771 -0.4035 -0.2104189 0.1763337 -0.4065 -0.2104189 0.1763337 -0.408 -0.2082588 0.1777771 -0.4065 -0.2060985 0.1792206 -0.4035 -0.2060985 0.1792206 -0.402 -0.2032842 0.1717157 -0.4035 -0.2051213 0.1698786 -0.4065 -0.2051213 0.1698786 -0.408 -0.2032842 0.1717157 -0.4065 -0.2014471 0.1735528 -0.4035 -0.2014471 0.1735528 -0.402 -0.1972228 0.1667411 -0.4035 -0.1986662 0.164581 -0.4065 -0.1986662 0.164581 -0.408 -0.1972228 0.1667411 -0.4065 -0.1957794 0.1689014 -0.4035 -0.1957794 0.1689014 -0.402 -0.1903073 0.1630448 -0.4035 -0.1913015 0.1606445 -0.4065 -0.1913015 0.1606445 -0.408 -0.1903073 0.1630448 -0.4065 -0.1893131 0.1654451 -0.4035 -0.1893131 0.1654451 -0.402 -0.1828036 0.1607685 -0.4035 -0.1833105 0.1582204 -0.4065 -0.1833105 0.1582204 -0.408 -0.1828036 0.1607685 -0.4065 -0.1822967 0.1633167 -0.4035 -0.1822967 0.1633167 -0.402 -0.175 0.16 -0.4035 -0.175 0.1574019 -0.4065 -0.175 0.1574019 -0.408 -0.175 0.16 -0.4065 -0.175 0.162598 -0.4035 -0.175 0.162598 -0.402 -0.1671963 0.1607685 -0.4035 -0.1666895 0.1582204 -0.4065 -0.1666895 0.1582204 -0.408 -0.1671963 0.1607685 -0.4065 -0.1677032 0.1633167 -0.4035 -0.1677032 0.1633167 -0.402 -0.1596927 0.1630448 -0.4035 -0.1586984 0.1606445 -0.4065 -0.1586984 0.1606445 -0.408 -0.1596927 0.1630448 -0.4065 -0.1606869 0.1654451 -0.4035 -0.1606869 0.1654451 -0.402 -0.1527771 0.1667411 -0.4035 -0.1513338 0.164581 -0.4065 -0.1513338 0.164581 -0.408 -0.1527771 0.1667411 -0.4065 -0.1542206 0.1689014 -0.4035 -0.1542206 0.1689014 -0.402 -0.1467157 0.1717157 -0.4035 -0.1448786 0.1698786 -0.4065 -0.1448786 0.1698786 -0.408 -0.1467157 0.1717157 -0.4065 -0.1485528 0.1735528 -0.4035 -0.1485528 0.1735528 -0.402 -0.1417412 0.1777771 -0.4035 -0.139581 0.1763337 -0.4065 -0.139581 0.1763337 -0.408 -0.1417412 0.1777771 -0.4065 -0.1439014 0.1792206 -0.4035 -0.1439014 0.1792206 -0.402 -0.1380448 0.1846926 -0.4035 -0.1356445 0.1836984 -0.4065 -0.1356445 0.1836984 -0.408 -0.1380448 0.1846926 -0.4065 -0.1404451 0.1856868 -0.4035 -0.1404451 0.1856868 -0.402 -0.1357685 0.1921963 -0.4035 -0.1332204 0.1916895 -0.4065 -0.1332204 0.1916895 -0.408 -0.1357685 0.1921963 -0.4065 -0.1383167 0.1927032 -0.4035 -0.1383167 0.1927032 -0.405 -0.05899995 0.203 -0.405 -0.155 0.203 -0.4024019 -0.05899995 0.2014999 -0.4024019 -0.155 0.2014999 -0.4024019 -0.05899995 0.1984999 -0.4024019 -0.155 0.1984999 -0.405 -0.05899995 0.197 -0.405 -0.155 0.197 -0.4075981 -0.05899995 0.1984999 -0.4075981 -0.155 0.1984999 -0.4075981 -0.05899995 0.2014999 -0.4075981 -0.155 0.2014999 -0.405 -0.09509688 0.2841457 -0.405 -0.1629791 0.2162634 -0.4024019 -0.09403628 0.283085 -0.4024019 -0.1619185 0.2152027 -0.4024019 -0.09191495 0.2809637 -0.4024019 -0.1597972 0.2130814 -0.405 -0.09085428 0.2799031 -0.405 -0.1587365 0.2120208 -0.4075981 -0.09191495 0.2809637 -0.4075981 -0.1597972 0.2130814 -0.4075981 -0.09403628 0.283085 -0.4075981 -0.1619185 0.2152027 -0.405 -0.178 0.316 -0.405 -0.178 0.22 -0.4024019 -0.1765 0.316 -0.4024019 -0.1765 0.22 -0.4024019 -0.1735 0.316 -0.4024019 -0.1735 0.22 -0.405 -0.1719999 0.316 -0.405 -0.172 0.22 -0.4075981 -0.1735 0.316 -0.4075981 -0.1735 0.22 -0.4075981 -0.1765 0.316 -0.4075981 -0.1765 0.22 -0.405 -0.2591457 0.2799031 -0.405 -0.1912634 0.2120208 -0.4024019 -0.2580851 0.2809637 -0.4024019 -0.1902028 0.2130814 -0.4024019 -0.2559638 0.283085 -0.4024019 -0.1880815 0.2152027 -0.405 -0.2549031 0.2841457 -0.405 -0.1870208 0.2162634 -0.4075981 -0.2559638 0.283085 -0.4075981 -0.1880815 0.2152027 -0.4075981 -0.2580851 0.2809637 -0.4075981 -0.1902028 0.2130814 -0.405 -0.291 0.197 -0.405 -0.195 0.1969999 -0.4024019 -0.291 0.1985 -0.4024019 -0.195 0.1984999 -0.4024019 -0.291 0.2014999 -0.4024019 -0.1949999 0.2014999 -0.405 -0.291 0.203 -0.405 -0.1949999 0.203 -0.4075981 -0.291 0.2014999 -0.4075981 -0.1949999 0.2014999 -0.4075981 -0.291 0.1985 -0.4075981 -0.195 0.1984999 -0.405 -0.2549031 0.1158543 -0.405 -0.1870208 0.1837365 -0.4024019 -0.2559638 0.1169149 -0.4024019 -0.1880815 0.1847972 -0.4024019 -0.2580851 0.1190363 -0.4024019 -0.1902028 0.1869185 -0.405 -0.2591457 0.1200969 -0.405 -0.1912634 0.1879791 -0.4075981 -0.2580851 0.1190363 -0.4075981 -0.1902028 0.1869185 -0.4075981 -0.2559638 0.1169149 -0.4075981 -0.1880815 0.1847972 -0.405 -0.1719999 0.08399993 -0.405 -0.1719999 0.18 -0.4024019 -0.1735 0.08399993 -0.4024019 -0.1735 0.18 -0.4024019 -0.1765 0.08399993 -0.4024019 -0.1765 0.18 -0.405 -0.178 0.08399993 -0.405 -0.178 0.18 -0.4075981 -0.1765 0.08399993 -0.4075981 -0.1765 0.18 -0.4075981 -0.1735 0.08399993 -0.4075981 -0.1735 0.18 -0.405 -0.09085434 0.1200968 -0.405 -0.1587365 0.1879791 -0.4024019 -0.09191495 0.1190361 -0.4024019 -0.1597972 0.1869184 -0.4024019 -0.09403628 0.1169148 -0.4024019 -0.1619185 0.1847971 -0.405 -0.09509694 0.1158542 -0.405 -0.1629791 0.1837365 -0.4075981 -0.09403628 0.1169148 -0.4075981 -0.1619185 0.1847971 -0.4075981 -0.09191495 0.1190361 -0.4075981 -0.1597972 0.1869184 -0.408 -0.1529999 0.1999999 -0.402 -0.1529999 0.1999999 -0.408 -0.1546746 0.1915809 -0.402 -0.1546746 0.1915809 -0.408 -0.1594436 0.1844436 -0.402 -0.1594436 0.1844436 -0.408 -0.1665809 0.1796746 -0.402 -0.1665809 0.1796746 -0.408 -0.175 0.1779999 -0.402 -0.175 0.178 -0.408 -0.183419 0.1796746 -0.402 -0.183419 0.1796746 -0.408 -0.1905563 0.1844436 -0.402 -0.1905563 0.1844436 -0.408 -0.1953253 0.1915809 -0.402 -0.1953253 0.1915809 -0.408 -0.197 0.1999999 -0.402 -0.197 0.1999999 -0.408 -0.1953253 0.208419 -0.402 -0.1953253 0.208419 -0.408 -0.1905563 0.2155563 -0.402 -0.1905563 0.2155563 -0.408 -0.183419 0.2203253 -0.402 -0.183419 0.2203253 -0.408 -0.175 0.222 -0.402 -0.175 0.222 -0.408 -0.1665809 0.2203253 -0.402 -0.1665809 0.2203253 -0.408 -0.1594436 0.2155563 -0.402 -0.1594436 0.2155563 -0.408 -0.1546746 0.208419 -0.402 -0.1546746 0.208419 -0.535 -0.147 0.1999999 -0.495 -0.147 0.1999999 -0.535 -0.1483704 0.1913475 -0.495 -0.1483704 0.1913475 -0.535 -0.1523475 0.183542 -0.495 -0.1523475 0.183542 -0.535 -0.158542 0.1773475 -0.495 -0.158542 0.1773475 -0.535 -0.1663475 0.1733704 -0.495 -0.1663475 0.1733704 -0.535 -0.175 0.1719999 -0.495 -0.175 0.1719999 -0.535 -0.1836525 0.1733704 -0.495 -0.1836525 0.1733704 -0.535 -0.1914579 0.1773475 -0.495 -0.1914579 0.1773475 -0.535 -0.1976525 0.183542 -0.495 -0.1976525 0.183542 -0.535 -0.2016295 0.1913475 -0.495 -0.2016295 0.1913475 -0.535 -0.203 0.1999999 -0.495 -0.203 0.1999999 -0.535 -0.2016295 0.2086524 -0.495 -0.2016295 0.2086524 -0.535 -0.1976525 0.2164579 -0.495 -0.1976525 0.2164579 -0.535 -0.1914579 0.2226524 -0.495 -0.1914579 0.2226524 -0.535 -0.1836525 0.2266295 -0.495 -0.1836525 0.2266295 -0.535 -0.175 0.2279999 -0.495 -0.175 0.2279999 -0.535 -0.1663475 0.2266295 -0.495 -0.1663475 0.2266295 -0.535 -0.158542 0.2226524 -0.495 -0.158542 0.2226524 -0.535 -0.1523475 0.2164579 -0.495 -0.1523475 0.2164579 -0.535 -0.1483704 0.2086524 -0.495 -0.1483704 0.2086524 -0.523 -0.1675 0.2269999 -0.523 -0.1825 0.2269999 -0.523 -0.1675 0.311 -0.523 -0.1825 0.311 -0.517 -0.1675 0.2269999 -0.517 -0.1825 0.2269999 -0.517 -0.1675 0.311 -0.517 -0.1825 0.311 -0.523 -0.2021327 0.1929951 -0.523 -0.1946327 0.1800047 -0.523 -0.2748788 0.1509951 -0.523 -0.2673788 0.1380048 -0.517 -0.2021327 0.1929951 -0.517 -0.1946327 0.1800047 -0.517 -0.2748788 0.1509951 -0.517 -0.2673788 0.1380048 -0.523 -0.1553673 0.1800048 -0.523 -0.1478673 0.1929951 -0.523 -0.08262115 0.1380047 -0.523 -0.07512116 0.1509951 -0.517 -0.1553673 0.1800048 -0.517 -0.1478673 0.1929951 -0.517 -0.08262115 0.1380047 -0.517 -0.07512116 0.1509951 -0.546 -0.206 0.06300002 -0.546 -0.21 0.06699997 -0.55 -0.206 0.06699997 -0.546 -0.2079973 0.06353437 -0.5479974 -0.206 0.06353437 -0.5479128 -0.2079128 0.06405347 -0.5479974 -0.2094656 0.06699997 -0.546 -0.2094656 0.06500262 -0.5479128 -0.2089465 0.06508713 -0.5494656 -0.206 0.06500262 -0.5494656 -0.2079973 0.06699997 -0.5489466 -0.2079128 0.06508713 -0.546 -0.21 0.08899998 -0.546 -0.206 0.09299999 -0.55 -0.206 0.08899998 -0.546 -0.2094656 0.09099739 -0.5479974 -0.2094656 0.08899998 -0.5479128 -0.2089465 0.09091281 -0.5479974 -0.206 0.09246563 -0.546 -0.2079973 0.09246563 -0.5479128 -0.2079128 0.09194654 -0.5494656 -0.2079973 0.08899998 -0.5494656 -0.206 0.09099739 -0.5489466 -0.2079128 0.09091281 -0.546 -0.1439999 0.06300002 -0.55 -0.1439999 0.06699997 -0.546 -0.14 0.06699997 -0.5479974 -0.1439999 0.06353437 -0.546 -0.1420026 0.06353437 -0.5479128 -0.1420871 0.06405347 -0.5494656 -0.1420026 0.06699997 -0.5494656 -0.1439999 0.06500262 -0.5489466 -0.1420871 0.06508713 -0.546 -0.1405344 0.06500262 -0.5479974 -0.1405344 0.06699997 -0.5479128 -0.1410534 0.06508713 -0.546 -0.1439999 0.09299999 -0.546 -0.14 0.08899998 -0.55 -0.1439999 0.08899998 -0.546 -0.1420026 0.09246563 -0.5479974 -0.1439999 0.09246563 -0.5479128 -0.1420871 0.09194654 -0.5479974 -0.1405344 0.08899998 -0.546 -0.1405344 0.09099739 -0.5479128 -0.1410534 0.09091281 -0.5494656 -0.1439999 0.09099739 -0.5494656 -0.1420026 0.08899998 -0.5489466 -0.1420871 0.09091281 -0.444 -0.206 0.06300002 -0.44 -0.206 0.06699997 -0.444 -0.21 0.06699997 -0.4420026 -0.206 0.06353437 -0.444 -0.2079973 0.06353437 -0.4420871 -0.2079128 0.06405347 -0.4405344 -0.2079973 0.06699997 -0.4405344 -0.206 0.06500262 -0.4410535 -0.2079128 0.06508713 -0.444 -0.2094656 0.06500262 -0.4420026 -0.2094656 0.06699997 -0.4420871 -0.2089465 0.06508713 -0.444 -0.206 0.09299999 -0.444 -0.21 0.08899998 -0.44 -0.206 0.08899998 -0.444 -0.2079973 0.09246563 -0.4420026 -0.206 0.09246563 -0.4420871 -0.2079128 0.09194654 -0.4420026 -0.2094656 0.08899998 -0.444 -0.2094656 0.09099739 -0.4420871 -0.2089465 0.09091281 -0.4405344 -0.206 0.09099739 -0.4405344 -0.2079973 0.08899998 -0.4410535 -0.2079128 0.09091281 -0.444 -0.1439999 0.06300002 -0.444 -0.14 0.06699997 -0.44 -0.1439999 0.06699997 -0.444 -0.1420026 0.06353437 -0.4420026 -0.1439999 0.06353437 -0.4420871 -0.1420871 0.06405347 -0.4420026 -0.1405344 0.06699997 -0.444 -0.1405344 0.06500262 -0.4420871 -0.1410534 0.06508713 -0.4405344 -0.1439999 0.06500262 -0.4405344 -0.1420026 0.06699997 -0.4410535 -0.1420871 0.06508713 -0.444 -0.1439999 0.09299999 -0.44 -0.1439999 0.08899998 -0.444 -0.14 0.08899998 -0.4420026 -0.1439999 0.09246563 -0.444 -0.1420026 0.09246563 -0.4420871 -0.1420871 0.09194654 -0.4405344 -0.1420026 0.08899998 -0.4405344 -0.1439999 0.09099739 -0.4410535 -0.1420871 0.09091281 -0.444 -0.1405344 0.09099739 -0.4420026 -0.1405344 0.08899998 -0.4420871 -0.1410534 0.09091281 -0.6075 -0.183 0.31 -0.6075 -0.183 0.32 -0.6075 -0.1669999 0.31 -0.6075 -0.1669999 0.32 -0.5725 -0.183 0.31 -0.5725 -0.183 0.32 -0.5725 -0.1669999 0.31 -0.5725 -0.1669999 0.32 -0.6075 -0.183 0.07999998 -0.6075 -0.183 0.08999997 -0.6075 -0.1669999 0.07999998 -0.6075 -0.1669999 0.08999997 -0.5725 -0.183 0.07999998 -0.5725 -0.183 0.08999997 -0.5725 -0.1669999 0.07999998 -0.5725 -0.1669999 0.08999997 -0.521 -0.05299997 0.2149999 -0.521 -0.05699998 0.2189999 -0.525 -0.05299997 0.2189999 -0.521 -0.05499738 0.2155343 -0.5229974 -0.05299997 0.2155343 -0.5229129 -0.0549128 0.2160534 -0.5229974 -0.05646556 0.2189999 -0.521 -0.05646556 0.2170025 -0.5229129 -0.05594652 0.217087 -0.5244656 -0.05299997 0.2170025 -0.5244656 -0.05499738 0.2189999 -0.5239465 -0.0549128 0.217087 -0.521 -0.05699998 0.2409999 -0.521 -0.05299997 0.2449999 -0.525 -0.05299997 0.2409999 -0.521 -0.05646556 0.2429973 -0.5229974 -0.05646556 0.2409999 -0.5229129 -0.05594652 0.2429128 -0.5229974 -0.05299997 0.2444655 -0.521 -0.05499738 0.2444655 -0.5229129 -0.0549128 0.2439464 -0.5244656 -0.05499738 0.2409999 -0.5244656 -0.05299997 0.2429973 -0.5239465 -0.0549128 0.2429128 -0.521 0.05299997 0.2149999 -0.525 0.05299997 0.2189999 -0.521 0.05699998 0.2189999 -0.5229974 0.05299997 0.2155343 -0.521 0.05499738 0.2155343 -0.5229129 0.0549128 0.2160534 -0.5244656 0.05499738 0.2189999 -0.5244656 0.05299997 0.2170025 -0.5239465 0.0549128 0.217087 -0.521 0.05646556 0.2170025 -0.5229974 0.05646556 0.2189999 -0.5229129 0.05594652 0.217087 -0.521 0.05299997 0.2449999 -0.521 0.05699998 0.2409999 -0.525 0.05299997 0.2409999 -0.521 0.05499738 0.2444655 -0.5229974 0.05299997 0.2444655 -0.5229129 0.0549128 0.2439464 -0.5229974 0.05646556 0.2409999 -0.521 0.05646556 0.2429973 -0.5229129 0.05594652 0.2429128 -0.5244656 0.05299997 0.2429973 -0.5244656 0.05499738 0.2409999 -0.5239465 0.0549128 0.2429128 -0.469 -0.05299997 0.2149999 -0.465 -0.05299997 0.2189999 -0.469 -0.05699998 0.2189999 -0.4670026 -0.05299997 0.2155343 -0.469 -0.05499738 0.2155343 -0.4670872 -0.0549128 0.2160534 -0.4655344 -0.05499738 0.2189999 -0.4655344 -0.05299997 0.2170025 -0.4660535 -0.0549128 0.217087 -0.469 -0.05646556 0.2170025 -0.4670026 -0.05646556 0.2189999 -0.4670872 -0.05594652 0.217087 -0.469 -0.05299997 0.2449999 -0.469 -0.05699998 0.2409999 -0.465 -0.05299997 0.2409999 -0.469 -0.05499738 0.2444655 -0.4670026 -0.05299997 0.2444655 -0.4670872 -0.0549128 0.2439464 -0.4670026 -0.05646556 0.2409999 -0.469 -0.05646556 0.2429973 -0.4670872 -0.05594652 0.2429128 -0.4655344 -0.05299997 0.2429973 -0.4655344 -0.05499738 0.2409999 -0.4660535 -0.0549128 0.2429128 -0.469 0.05299997 0.2149999 -0.469 0.05699998 0.2189999 -0.465 0.05299997 0.2189999 -0.469 0.05499738 0.2155343 -0.4670026 0.05299997 0.2155343 -0.4670872 0.0549128 0.2160534 -0.4670026 0.05646556 0.2189999 -0.469 0.05646556 0.2170025 -0.4670872 0.05594652 0.217087 -0.4655344 0.05299997 0.2170025 -0.4655344 0.05499738 0.2189999 -0.4660535 0.0549128 0.217087 -0.469 0.05299997 0.2449999 -0.465 0.05299997 0.2409999 -0.469 0.05699998 0.2409999 -0.4670026 0.05299997 0.2444655 -0.469 0.05499738 0.2444655 -0.4670872 0.0549128 0.2439464 -0.4655344 0.05499738 0.2409999 -0.4655344 0.05299997 0.2429973 -0.4660535 0.0549128 0.2429128 -0.469 0.05646556 0.2429973 -0.4670026 0.05646556 0.2409999 -0.4670872 0.05594652 0.2429128 0.395 0.315 0 0.395 0.31 0.004999995 0.39 0.315 0.004999995 0.395 0.3125033 6.67959e-4 0.3925033 0.315 6.67959e-4 0.392609 0.312609 0.001316785 0.3925033 0.310668 0.004999995 0.395 0.310668 0.002503275 0.392609 0.3113169 0.002608895 0.390668 0.315 0.002503275 0.390668 0.3125033 0.004999995 0.3913168 0.312609 0.002608895 0.395 0.31 0.08499997 0.395 0.315 0.08999997 0.39 0.315 0.08499997 0.395 0.310668 0.08749669 0.3925033 0.310668 0.08499997 0.392609 0.3113169 0.08739101 0.3925033 0.315 0.08933198 0.395 0.3125033 0.08933198 0.392609 0.312609 0.08868312 0.390668 0.3125033 0.08499997 0.390668 0.315 0.08749669 0.3913168 0.312609 0.08739101 0.395 0.355 0 0.39 0.355 0.004999995 0.395 0.36 0.004999995 0.3925033 0.355 6.67959e-4 0.395 0.3574967 6.67959e-4 0.392609 0.3573911 0.001316785 0.390668 0.3574967 0.004999995 0.390668 0.355 0.002503275 0.3913168 0.3573911 0.002608895 0.395 0.359332 0.002503275 0.3925033 0.359332 0.004999995 0.392609 0.3586832 0.002608895 0.395 0.355 0.08999997 0.395 0.36 0.08499997 0.39 0.355 0.08499997 0.395 0.3574967 0.08933198 0.3925033 0.355 0.08933198 0.392609 0.3573911 0.08868312 0.3925033 0.359332 0.08499997 0.395 0.359332 0.08749669 0.392609 0.3586832 0.08739101 0.390668 0.355 0.08749669 0.390668 0.3574967 0.08499997 0.3913168 0.3573911 0.08739101 0.485 0.315 0 0.49 0.315 0.004999995 0.485 0.31 0.004999995 0.4874967 0.315 6.67959e-4 0.485 0.3125033 6.67959e-4 0.4873911 0.312609 0.001316785 0.489332 0.3125033 0.004999995 0.489332 0.315 0.002503275 0.4886832 0.312609 0.002608895 0.485 0.310668 0.002503275 0.4874967 0.310668 0.004999995 0.4873911 0.3113169 0.002608895 0.485 0.315 0.08999997 0.485 0.31 0.08499997 0.49 0.315 0.08499997 0.485 0.3125033 0.08933198 0.4874967 0.315 0.08933198 0.4873911 0.312609 0.08868312 0.4874967 0.310668 0.08499997 0.485 0.310668 0.08749669 0.4873911 0.3113169 0.08739101 0.489332 0.315 0.08749669 0.489332 0.3125033 0.08499997 0.4886832 0.312609 0.08739101 0.485 0.355 0 0.485 0.36 0.004999995 0.49 0.355 0.004999995 0.485 0.3574967 6.67959e-4 0.4874967 0.355 6.67959e-4 0.4873911 0.3573911 0.001316785 0.4874967 0.359332 0.004999995 0.485 0.359332 0.002503275 0.4873911 0.3586832 0.002608895 0.489332 0.355 0.002503275 0.489332 0.3574967 0.004999995 0.4886832 0.3573911 0.002608895 0.485 0.355 0.08999997 0.49 0.355 0.08499997 0.485 0.36 0.08499997 0.4874967 0.355 0.08933198 0.485 0.3574967 0.08933198 0.4873911 0.3573911 0.08868312 0.489332 0.3574967 0.08499997 0.489332 0.355 0.08749669 0.4886832 0.3573911 0.08739101 0.485 0.359332 0.08749669 0.4874967 0.359332 0.08499997 0.4873911 0.3586832 0.08739101 0.44 0.36 0.1019999 0.44 0.363 0.0989741 0.44 0.3625981 0.100487 0.44 0.3615 0.1015946 0.44 0.341 0.0989741 0.44 0.344 0.1019999 0.44 0.3414019 0.100487 0.44 0.3425 0.1015946 0.4500873 0.363 0.09764605 0.4508704 0.36 0.1005688 0.4504788 0.3625981 0.0991075 0.4507655 0.3615 0.1001773 0.4500873 0.341 0.09764611 0.4508704 0.344 0.1005688 0.4504788 0.3414019 0.0991075 0.4507655 0.3425 0.1001773 0.459487 0.363 0.09375256 0.461 0.36 0.09637308 0.4602435 0.3625981 0.09506279 0.4607973 0.3615 0.09602195 0.459487 0.341 0.09375256 0.461 0.344 0.09637308 0.4602435 0.3414019 0.09506279 0.4607973 0.3425 0.09602195 0.4675589 0.363 0.08755886 0.4696985 0.36 0.08969849 0.4686287 0.3625981 0.08862864 0.4694118 0.3615 0.08941179 0.4675589 0.341 0.08755886 0.4696985 0.344 0.08969849 0.4686287 0.3414019 0.08862864 0.4694118 0.3425 0.08941179 0.4737526 0.363 0.07948702 0.4763731 0.36 0.08099997 0.4750628 0.3625981 0.08024352 0.476022 0.3615 0.08079731 0.4737526 0.341 0.07948702 0.4763731 0.344 0.08099997 0.4750628 0.3414019 0.08024352 0.476022 0.3425 0.08079731 0.4776461 0.363 0.07008725 0.4805689 0.36 0.07087039 0.4791075 0.3625981 0.07047879 0.4801773 0.3615 0.07076543 0.4776461 0.341 0.07008725 0.4805689 0.344 0.07087039 0.4791075 0.3414019 0.07047879 0.4801773 0.3425 0.07076549 0.4789741 0.363 0.06 0.482 0.36 0.06 0.4804871 0.3625981 0.06 0.4815946 0.3615 0.06 0.4789741 0.341 0.06 0.482 0.344 0.06 0.4804871 0.3414019 0.06 0.4815946 0.3425 0.06 0.4776461 0.363 0.04991275 0.4805689 0.36 0.0491296 0.4791075 0.3625981 0.04952114 0.4801773 0.3615 0.0492345 0.4776461 0.341 0.04991275 0.4805689 0.344 0.0491296 0.4791075 0.3414019 0.04952114 0.4801773 0.3425 0.0492345 0.4737526 0.363 0.04051291 0.4763731 0.36 0.03899997 0.4750628 0.3625981 0.03975647 0.476022 0.3615 0.03920269 0.4737526 0.341 0.04051291 0.4763731 0.344 0.03899997 0.4750628 0.3414019 0.03975647 0.476022 0.3425 0.03920269 0.4675589 0.363 0.03244113 0.4696985 0.36 0.03030151 0.4686287 0.3625981 0.03137129 0.4694118 0.3615 0.03058815 0.4675589 0.341 0.03244113 0.4696985 0.344 0.03030151 0.4686287 0.3414019 0.03137129 0.4694118 0.3425 0.03058815 0.459487 0.363 0.02624744 0.461 0.36 0.02362692 0.4602435 0.3625981 0.02493715 0.4607973 0.3615 0.02397799 0.459487 0.341 0.02624744 0.461 0.344 0.02362692 0.4602435 0.3414019 0.02493715 0.4607973 0.3425 0.02397799 0.4500873 0.363 0.02235388 0.4508704 0.36 0.01943111 0.4504788 0.3625981 0.0208925 0.4507655 0.3615 0.01982265 0.4500873 0.341 0.02235388 0.4508704 0.344 0.01943111 0.4504788 0.3414019 0.0208925 0.4507655 0.3425 0.01982265 0.44 0.363 0.02102589 0.44 0.36 0.018 0.44 0.3625981 0.01951295 0.44 0.3615 0.01840537 0.44 0.341 0.02102589 0.44 0.344 0.018 0.44 0.3414019 0.01951295 0.44 0.3425 0.01840537 0.4299128 0.363 0.02235388 0.4291296 0.36 0.01943111 0.4295212 0.3625981 0.0208925 0.4292345 0.3615 0.01982265 0.4299128 0.341 0.02235388 0.4291296 0.344 0.01943111 0.4295212 0.3414019 0.0208925 0.4292345 0.3425 0.01982265 0.4205129 0.363 0.02624744 0.419 0.36 0.02362692 0.4197565 0.3625981 0.02493715 0.4192027 0.3615 0.02397799 0.4205129 0.341 0.02624744 0.419 0.344 0.02362692 0.4197565 0.3414019 0.02493715 0.4192027 0.3425 0.02397799 0.4124411 0.363 0.03244113 0.4103015 0.36 0.03030151 0.4113713 0.3625981 0.03137129 0.4105882 0.3615 0.03058815 0.4124411 0.341 0.03244113 0.4103015 0.344 0.03030151 0.4113713 0.3414019 0.03137129 0.4105882 0.3425 0.03058815 0.4062474 0.363 0.04051291 0.4036269 0.36 0.03899997 0.4049372 0.3625981 0.03975647 0.403978 0.3615 0.03920269 0.4062474 0.341 0.04051291 0.4036269 0.344 0.03899997 0.4049372 0.3414019 0.03975647 0.403978 0.3425 0.03920269 0.4023539 0.363 0.04991275 0.3994311 0.36 0.0491296 0.4008925 0.3625981 0.04952114 0.3998227 0.3615 0.0492345 0.4023539 0.341 0.04991275 0.3994311 0.344 0.0491296 0.4008925 0.3414019 0.04952114 0.3998227 0.3425 0.0492345 0.4010259 0.363 0.06 0.398 0.36 0.06 0.399513 0.3625981 0.06 0.3984054 0.3615 0.06 0.4010259 0.341 0.06 0.398 0.344 0.06 0.399513 0.3414019 0.06 0.3984054 0.3425 0.06 0.4023539 0.363 0.07008725 0.3994311 0.36 0.07087039 0.4008925 0.3625981 0.07047879 0.3998227 0.3615 0.07076543 0.4023539 0.341 0.07008725 0.3994311 0.344 0.07087039 0.4008925 0.3414019 0.07047879 0.3998227 0.3425 0.07076549 0.4062474 0.363 0.07948702 0.4036269 0.36 0.08099997 0.4049372 0.3625981 0.08024352 0.403978 0.3615 0.08079731 0.4062474 0.341 0.07948702 0.4036269 0.344 0.08099997 0.4049372 0.3414019 0.08024352 0.403978 0.3425 0.08079731 0.4124411 0.363 0.08755886 0.4103015 0.36 0.08969849 0.4113713 0.3625981 0.08862864 0.4105882 0.3615 0.08941179 0.4124411 0.341 0.08755886 0.4103015 0.344 0.08969849 0.4113713 0.3414019 0.08862864 0.4105882 0.3425 0.08941179 0.4205129 0.363 0.09375256 0.419 0.36 0.09637308 0.4197565 0.3625981 0.09506279 0.4192027 0.3615 0.09602195 0.4205129 0.341 0.09375256 0.419 0.344 0.09637308 0.4197565 0.3414019 0.09506279 0.4192027 0.3425 0.09602195 0.4299128 0.363 0.09764605 0.4291296 0.36 0.1005688 0.4295212 0.3625981 0.0991075 0.4292345 0.3615 0.1001773 0.4299128 0.341 0.09764611 0.4291296 0.344 0.1005688 0.4295212 0.3414019 0.0991075 0.4292345 0.3425 0.1001773 0.44 0.4125 0.07099997 0.44 0.3375 0.07099997 0.4455 0.4125 0.06952625 0.4455 0.3375 0.06952625 0.4495263 0.4125 0.06549996 0.4495263 0.3375 0.06549996 0.451 0.4125 0.06 0.451 0.3375 0.06 0.4495263 0.4125 0.05449998 0.4495263 0.3375 0.05449998 0.4455 0.4125 0.05047369 0.4455 0.3375 0.05047369 0.44 0.4125 0.04899996 0.44 0.3375 0.04899996 0.4345 0.4125 0.05047369 0.4345 0.3375 0.05047369 0.4304737 0.4125 0.05449998 0.4304737 0.3375 0.05449998 0.429 0.4125 0.06 0.429 0.3375 0.06 0.4304737 0.4125 0.06549996 0.4304737 0.3375 0.06549996 0.4345 0.4125 0.06952625 0.4345 0.3375 0.06952625 0.395 -0.355 0 0.395 -0.36 0.004999995 0.39 -0.355 0.004999995 0.395 -0.3574967 6.67959e-4 0.3925033 -0.355 6.67959e-4 0.392609 -0.3573911 0.001316785 0.3925033 -0.359332 0.004999995 0.395 -0.359332 0.002503275 0.392609 -0.3586832 0.002608895 0.390668 -0.355 0.002503275 0.390668 -0.3574967 0.004999995 0.3913168 -0.3573911 0.002608895 0.395 -0.36 0.08499997 0.395 -0.355 0.08999997 0.39 -0.355 0.08499997 0.395 -0.359332 0.08749669 0.3925033 -0.359332 0.08499997 0.392609 -0.3586832 0.08739101 0.3925033 -0.355 0.08933198 0.395 -0.3574967 0.08933198 0.392609 -0.3573911 0.08868312 0.390668 -0.3574967 0.08499997 0.390668 -0.355 0.08749669 0.3913168 -0.3573911 0.08739101 0.395 -0.315 0 0.39 -0.315 0.004999995 0.395 -0.31 0.004999995 0.3925033 -0.315 6.67959e-4 0.395 -0.3125033 6.67959e-4 0.392609 -0.312609 0.001316785 0.390668 -0.3125033 0.004999995 0.390668 -0.315 0.002503275 0.3913168 -0.312609 0.002608895 0.395 -0.310668 0.002503275 0.3925033 -0.310668 0.004999995 0.392609 -0.3113169 0.002608895 0.395 -0.315 0.08999997 0.395 -0.31 0.08499997 0.39 -0.315 0.08499997 0.395 -0.3125033 0.08933198 0.3925033 -0.315 0.08933198 0.392609 -0.312609 0.08868312 0.3925033 -0.310668 0.08499997 0.395 -0.310668 0.08749669 0.392609 -0.3113169 0.08739101 0.390668 -0.315 0.08749669 0.390668 -0.3125033 0.08499997 0.3913168 -0.312609 0.08739101 0.485 -0.355 0 0.49 -0.355 0.004999995 0.485 -0.36 0.004999995 0.4874967 -0.355 6.67959e-4 0.485 -0.3574967 6.67959e-4 0.4873911 -0.3573911 0.001316785 0.489332 -0.3574967 0.004999995 0.489332 -0.355 0.002503275 0.4886832 -0.3573911 0.002608895 0.485 -0.359332 0.002503275 0.4874967 -0.359332 0.004999995 0.4873911 -0.3586832 0.002608895 0.485 -0.355 0.08999997 0.485 -0.36 0.08499997 0.49 -0.355 0.08499997 0.485 -0.3574967 0.08933198 0.4874967 -0.355 0.08933198 0.4873911 -0.3573911 0.08868312 0.4874967 -0.359332 0.08499997 0.485 -0.359332 0.08749669 0.4873911 -0.3586832 0.08739101 0.489332 -0.355 0.08749669 0.489332 -0.3574967 0.08499997 0.4886832 -0.3573911 0.08739101 0.485 -0.315 0 0.485 -0.31 0.004999995 0.49 -0.315 0.004999995 0.485 -0.3125033 6.67959e-4 0.4874967 -0.315 6.67959e-4 0.4873911 -0.312609 0.001316785 0.4874967 -0.310668 0.004999995 0.485 -0.310668 0.002503275 0.4873911 -0.3113169 0.002608895 0.489332 -0.315 0.002503275 0.489332 -0.3125033 0.004999995 0.4886832 -0.312609 0.002608895 0.485 -0.315 0.08999997 0.49 -0.315 0.08499997 0.485 -0.31 0.08499997 0.4874967 -0.315 0.08933198 0.485 -0.3125033 0.08933198 0.4873911 -0.312609 0.08868312 0.489332 -0.3125033 0.08499997 0.489332 -0.315 0.08749669 0.4886832 -0.312609 0.08739101 0.485 -0.310668 0.08749669 0.4874967 -0.310668 0.08499997 0.4873911 -0.3113169 0.08739101 0.44 -0.344 0.1019999 0.44 -0.341 0.0989741 0.44 -0.3414019 0.100487 0.44 -0.3425 0.1015946 0.44 -0.363 0.0989741 0.44 -0.36 0.1019999 0.44 -0.3625981 0.100487 0.44 -0.3615 0.1015946 0.4500873 -0.341 0.09764605 0.4508704 -0.344 0.1005688 0.4504788 -0.3414019 0.0991075 0.4507655 -0.3425 0.1001773 0.4500873 -0.363 0.09764611 0.4508704 -0.36 0.1005688 0.4504788 -0.3625981 0.0991075 0.4507655 -0.3615 0.1001773 0.459487 -0.341 0.09375256 0.461 -0.344 0.09637308 0.4602435 -0.3414019 0.09506279 0.4607973 -0.3425 0.09602195 0.459487 -0.363 0.09375256 0.461 -0.36 0.09637308 0.4602435 -0.3625981 0.09506279 0.4607973 -0.3615 0.09602195 0.4675589 -0.341 0.08755886 0.4696985 -0.344 0.08969849 0.4686287 -0.3414019 0.08862864 0.4694118 -0.3425 0.08941179 0.4675589 -0.363 0.08755886 0.4696985 -0.36 0.08969849 0.4686287 -0.3625981 0.08862864 0.4694118 -0.3615 0.08941179 0.4737526 -0.341 0.07948702 0.4763731 -0.344 0.08099997 0.4750628 -0.3414019 0.08024352 0.476022 -0.3425 0.08079731 0.4737526 -0.363 0.07948702 0.4763731 -0.36 0.08099997 0.4750628 -0.3625981 0.08024352 0.476022 -0.3615 0.08079731 0.4776461 -0.341 0.07008725 0.4805689 -0.344 0.07087039 0.4791075 -0.3414019 0.07047879 0.4801773 -0.3425 0.07076543 0.4776461 -0.363 0.07008725 0.4805689 -0.36 0.07087039 0.4791075 -0.3625981 0.07047879 0.4801773 -0.3615 0.07076549 0.4789741 -0.341 0.06 0.482 -0.344 0.06 0.4804871 -0.3414019 0.06 0.4815946 -0.3425 0.06 0.4789741 -0.363 0.06 0.482 -0.36 0.06 0.4804871 -0.3625981 0.06 0.4815946 -0.3615 0.06 0.4776461 -0.341 0.04991275 0.4805689 -0.344 0.0491296 0.4791075 -0.3414019 0.04952114 0.4801773 -0.3425 0.0492345 0.4776461 -0.363 0.04991275 0.4805689 -0.36 0.0491296 0.4791075 -0.3625981 0.04952114 0.4801773 -0.3615 0.0492345 0.4737526 -0.341 0.04051291 0.4763731 -0.344 0.03899997 0.4750628 -0.3414019 0.03975647 0.476022 -0.3425 0.03920269 0.4737526 -0.363 0.04051291 0.4763731 -0.36 0.03899997 0.4750628 -0.3625981 0.03975647 0.476022 -0.3615 0.03920269 0.4675589 -0.341 0.03244113 0.4696985 -0.344 0.03030151 0.4686287 -0.3414019 0.03137129 0.4694118 -0.3425 0.03058815 0.4675589 -0.363 0.03244113 0.4696985 -0.36 0.03030151 0.4686287 -0.3625981 0.03137129 0.4694118 -0.3615 0.03058815 0.459487 -0.341 0.02624744 0.461 -0.344 0.02362692 0.4602435 -0.3414019 0.02493715 0.4607973 -0.3425 0.02397799 0.459487 -0.363 0.02624744 0.461 -0.36 0.02362692 0.4602435 -0.3625981 0.02493715 0.4607973 -0.3615 0.02397799 0.4500873 -0.341 0.02235388 0.4508704 -0.344 0.01943111 0.4504788 -0.3414019 0.0208925 0.4507655 -0.3425 0.01982265 0.4500873 -0.363 0.02235388 0.4508704 -0.36 0.01943111 0.4504788 -0.3625981 0.0208925 0.4507655 -0.3615 0.01982265 0.44 -0.341 0.02102589 0.44 -0.344 0.018 0.44 -0.3414019 0.01951295 0.44 -0.3425 0.01840537 0.44 -0.363 0.02102589 0.44 -0.36 0.018 0.44 -0.3625981 0.01951295 0.44 -0.3615 0.01840537 0.4299128 -0.341 0.02235388 0.4291296 -0.344 0.01943111 0.4295212 -0.3414019 0.0208925 0.4292345 -0.3425 0.01982265 0.4299128 -0.363 0.02235388 0.4291296 -0.36 0.01943111 0.4295212 -0.3625981 0.0208925 0.4292345 -0.3615 0.01982265 0.4205129 -0.341 0.02624744 0.419 -0.344 0.02362692 0.4197565 -0.3414019 0.02493715 0.4192027 -0.3425 0.02397799 0.4205129 -0.363 0.02624744 0.419 -0.36 0.02362692 0.4197565 -0.3625981 0.02493715 0.4192027 -0.3615 0.02397799 0.4124411 -0.341 0.03244113 0.4103015 -0.344 0.03030151 0.4113713 -0.3414019 0.03137129 0.4105882 -0.3425 0.03058815 0.4124411 -0.363 0.03244113 0.4103015 -0.36 0.03030151 0.4113713 -0.3625981 0.03137129 0.4105882 -0.3615 0.03058815 0.4062474 -0.341 0.04051291 0.4036269 -0.344 0.03899997 0.4049372 -0.3414019 0.03975647 0.403978 -0.3425 0.03920269 0.4062474 -0.363 0.04051291 0.4036269 -0.36 0.03899997 0.4049372 -0.3625981 0.03975647 0.403978 -0.3615 0.03920269 0.4023539 -0.341 0.04991275 0.3994311 -0.344 0.0491296 0.4008925 -0.3414019 0.04952114 0.3998227 -0.3425 0.0492345 0.4023539 -0.363 0.04991275 0.3994311 -0.36 0.0491296 0.4008925 -0.3625981 0.04952114 0.3998227 -0.3615 0.0492345 0.4010259 -0.341 0.06 0.398 -0.344 0.06 0.399513 -0.3414019 0.06 0.3984054 -0.3425 0.06 0.4010259 -0.363 0.06 0.398 -0.36 0.06 0.399513 -0.3625981 0.06 0.3984054 -0.3615 0.06 0.4023539 -0.341 0.07008725 0.3994311 -0.344 0.07087039 0.4008925 -0.3414019 0.07047879 0.3998227 -0.3425 0.07076543 0.4023539 -0.363 0.07008725 0.3994311 -0.36 0.07087039 0.4008925 -0.3625981 0.07047879 0.3998227 -0.3615 0.07076549 0.4062474 -0.341 0.07948702 0.4036269 -0.344 0.08099997 0.4049372 -0.3414019 0.08024352 0.403978 -0.3425 0.08079731 0.4062474 -0.363 0.07948702 0.4036269 -0.36 0.08099997 0.4049372 -0.3625981 0.08024352 0.403978 -0.3615 0.08079731 0.4124411 -0.341 0.08755886 0.4103015 -0.344 0.08969849 0.4113713 -0.3414019 0.08862864 0.4105882 -0.3425 0.08941179 0.4124411 -0.363 0.08755886 0.4103015 -0.36 0.08969849 0.4113713 -0.3625981 0.08862864 0.4105882 -0.3615 0.08941179 0.4205129 -0.341 0.09375256 0.419 -0.344 0.09637308 0.4197565 -0.3414019 0.09506279 0.4192027 -0.3425 0.09602195 0.4205129 -0.363 0.09375256 0.419 -0.36 0.09637308 0.4197565 -0.3625981 0.09506279 0.4192027 -0.3615 0.09602195 0.4299128 -0.341 0.09764605 0.4291296 -0.344 0.1005688 0.4295212 -0.3414019 0.0991075 0.4292345 -0.3425 0.1001773 0.4299128 -0.363 0.09764611 0.4291296 -0.36 0.1005688 0.4295212 -0.3625981 0.0991075 0.4292345 -0.3615 0.1001773 0.44 -0.3375 0.07099997 0.44 -0.4125 0.07099997 0.4455 -0.3375 0.06952625 0.4455 -0.4125 0.06952625 0.4495263 -0.3375 0.06549996 0.4495263 -0.4125 0.06549996 0.451 -0.3375 0.06 0.451 -0.4125 0.06 0.4495263 -0.3375 0.05449998 0.4495263 -0.4125 0.05449998 0.4455 -0.3375 0.05047369 0.4455 -0.4125 0.05047369 0.44 -0.3375 0.04899996 0.44 -0.4125 0.04899996 0.4345 -0.3375 0.05047369 0.4345 -0.4125 0.05047369 0.4304737 -0.3375 0.05449998 0.4304737 -0.4125 0.05449998 0.429 -0.3375 0.06 0.429 -0.4125 0.06 0.4304737 -0.3375 0.06549996 0.4304737 -0.4125 0.06549996 0.4345 -0.3375 0.06952625 0.4345 -0.4125 0.06952625 -0.485 0.315 0 -0.485 0.31 0.004999995 -0.49 0.315 0.004999995 -0.485 0.3125033 6.67959e-4 -0.4874967 0.315 6.67959e-4 -0.4873911 0.312609 0.001316785 -0.4874967 0.310668 0.004999995 -0.485 0.310668 0.002503275 -0.4873911 0.3113169 0.002608895 -0.489332 0.315 0.002503275 -0.489332 0.3125033 0.004999995 -0.4886832 0.312609 0.002608895 -0.485 0.31 0.08499997 -0.485 0.315 0.08999997 -0.49 0.315 0.08499997 -0.485 0.310668 0.08749669 -0.4874967 0.310668 0.08499997 -0.4873911 0.3113169 0.08739101 -0.4874967 0.315 0.08933198 -0.485 0.3125033 0.08933198 -0.4873911 0.312609 0.08868312 -0.489332 0.3125033 0.08499997 -0.489332 0.315 0.08749669 -0.4886832 0.312609 0.08739101 -0.485 0.355 0 -0.49 0.355 0.004999995 -0.485 0.36 0.004999995 -0.4874967 0.355 6.67959e-4 -0.485 0.3574967 6.67959e-4 -0.4873911 0.3573911 0.001316785 -0.489332 0.3574967 0.004999995 -0.489332 0.355 0.002503275 -0.4886832 0.3573911 0.002608895 -0.485 0.359332 0.002503275 -0.4874967 0.359332 0.004999995 -0.4873911 0.3586832 0.002608895 -0.485 0.355 0.08999997 -0.485 0.36 0.08499997 -0.49 0.355 0.08499997 -0.485 0.3574967 0.08933198 -0.4874967 0.355 0.08933198 -0.4873911 0.3573911 0.08868312 -0.4874967 0.359332 0.08499997 -0.485 0.359332 0.08749669 -0.4873911 0.3586832 0.08739101 -0.489332 0.355 0.08749669 -0.489332 0.3574967 0.08499997 -0.4886832 0.3573911 0.08739101 -0.395 0.315 0 -0.39 0.315 0.004999995 -0.395 0.31 0.004999995 -0.3925033 0.315 6.67959e-4 -0.395 0.3125033 6.67959e-4 -0.392609 0.312609 0.001316785 -0.390668 0.3125033 0.004999995 -0.390668 0.315 0.002503275 -0.3913168 0.312609 0.002608895 -0.395 0.310668 0.002503275 -0.3925033 0.310668 0.004999995 -0.392609 0.3113169 0.002608895 -0.395 0.315 0.08999997 -0.395 0.31 0.08499997 -0.39 0.315 0.08499997 -0.395 0.3125033 0.08933198 -0.3925033 0.315 0.08933198 -0.392609 0.312609 0.08868312 -0.3925033 0.310668 0.08499997 -0.395 0.310668 0.08749669 -0.392609 0.3113169 0.08739101 -0.390668 0.315 0.08749669 -0.390668 0.3125033 0.08499997 -0.3913168 0.312609 0.08739101 -0.395 0.355 0 -0.395 0.36 0.004999995 -0.39 0.355 0.004999995 -0.395 0.3574967 6.67959e-4 -0.3925033 0.355 6.67959e-4 -0.392609 0.3573911 0.001316785 -0.3925033 0.359332 0.004999995 -0.395 0.359332 0.002503275 -0.392609 0.3586832 0.002608895 -0.390668 0.355 0.002503275 -0.390668 0.3574967 0.004999995 -0.3913168 0.3573911 0.002608895 -0.395 0.355 0.08999997 -0.39 0.355 0.08499997 -0.395 0.36 0.08499997 -0.3925033 0.355 0.08933198 -0.395 0.3574967 0.08933198 -0.392609 0.3573911 0.08868312 -0.390668 0.3574967 0.08499997 -0.390668 0.355 0.08749669 -0.3913168 0.3573911 0.08739101 -0.395 0.359332 0.08749669 -0.3925033 0.359332 0.08499997 -0.392609 0.3586832 0.08739101 -0.44 0.36 0.1019999 -0.44 0.363 0.0989741 -0.44 0.3625981 0.100487 -0.44 0.3615 0.1015946 -0.44 0.341 0.0989741 -0.44 0.344 0.1019999 -0.44 0.3414019 0.100487 -0.44 0.3425 0.1015946 -0.4299128 0.363 0.09764605 -0.4291296 0.36 0.1005688 -0.4295212 0.3625981 0.0991075 -0.4292345 0.3615 0.1001773 -0.4299128 0.341 0.09764611 -0.4291296 0.344 0.1005688 -0.4295212 0.3414019 0.0991075 -0.4292345 0.3425 0.1001773 -0.4205129 0.363 0.09375256 -0.419 0.36 0.09637308 -0.4197565 0.3625981 0.09506279 -0.4192027 0.3615 0.09602195 -0.4205129 0.341 0.09375256 -0.419 0.344 0.09637308 -0.4197565 0.3414019 0.09506279 -0.4192027 0.3425 0.09602195 -0.4124411 0.363 0.08755886 -0.4103015 0.36 0.08969849 -0.4113713 0.3625981 0.08862864 -0.4105882 0.3615 0.08941179 -0.4124411 0.341 0.08755886 -0.4103015 0.344 0.08969849 -0.4113713 0.3414019 0.08862864 -0.4105882 0.3425 0.08941179 -0.4062474 0.363 0.07948702 -0.4036269 0.36 0.08099997 -0.4049372 0.3625981 0.08024352 -0.403978 0.3615 0.08079731 -0.4062474 0.341 0.07948702 -0.4036269 0.344 0.08099997 -0.4049372 0.3414019 0.08024352 -0.403978 0.3425 0.08079731 -0.4023539 0.363 0.07008725 -0.3994311 0.36 0.07087039 -0.4008925 0.3625981 0.07047879 -0.3998227 0.3615 0.07076543 -0.4023539 0.341 0.07008725 -0.3994311 0.344 0.07087039 -0.4008925 0.3414019 0.07047879 -0.3998227 0.3425 0.07076549 -0.4010259 0.363 0.06 -0.398 0.36 0.06 -0.399513 0.3625981 0.06 -0.3984054 0.3615 0.06 -0.4010259 0.341 0.06 -0.398 0.344 0.06 -0.399513 0.3414019 0.06 -0.3984054 0.3425 0.06 -0.4023539 0.363 0.04991275 -0.3994311 0.36 0.0491296 -0.4008925 0.3625981 0.04952114 -0.3998227 0.3615 0.0492345 -0.4023539 0.341 0.04991275 -0.3994311 0.344 0.0491296 -0.4008925 0.3414019 0.04952114 -0.3998227 0.3425 0.0492345 -0.4062474 0.363 0.04051291 -0.4036269 0.36 0.03899997 -0.4049372 0.3625981 0.03975647 -0.403978 0.3615 0.03920269 -0.4062474 0.341 0.04051291 -0.4036269 0.344 0.03899997 -0.4049372 0.3414019 0.03975647 -0.403978 0.3425 0.03920269 -0.4124411 0.363 0.03244113 -0.4103015 0.36 0.03030151 -0.4113713 0.3625981 0.03137129 -0.4105882 0.3615 0.03058815 -0.4124411 0.341 0.03244113 -0.4103015 0.344 0.03030151 -0.4113713 0.3414019 0.03137129 -0.4105882 0.3425 0.03058815 -0.4205129 0.363 0.02624744 -0.419 0.36 0.02362692 -0.4197565 0.3625981 0.02493715 -0.4192027 0.3615 0.02397799 -0.4205129 0.341 0.02624744 -0.419 0.344 0.02362692 -0.4197565 0.3414019 0.02493715 -0.4192027 0.3425 0.02397799 -0.4299128 0.363 0.02235388 -0.4291296 0.36 0.01943111 -0.4295212 0.3625981 0.0208925 -0.4292345 0.3615 0.01982265 -0.4299128 0.341 0.02235388 -0.4291296 0.344 0.01943111 -0.4295212 0.3414019 0.0208925 -0.4292345 0.3425 0.01982265 -0.44 0.363 0.02102589 -0.44 0.36 0.018 -0.44 0.3625981 0.01951295 -0.44 0.3615 0.01840537 -0.44 0.341 0.02102589 -0.44 0.344 0.018 -0.44 0.3414019 0.01951295 -0.44 0.3425 0.01840537 -0.4500873 0.363 0.02235388 -0.4508704 0.36 0.01943111 -0.4504788 0.3625981 0.0208925 -0.4507655 0.3615 0.01982265 -0.4500873 0.341 0.02235388 -0.4508704 0.344 0.01943111 -0.4504788 0.3414019 0.0208925 -0.4507655 0.3425 0.01982265 -0.459487 0.363 0.02624744 -0.461 0.36 0.02362692 -0.4602435 0.3625981 0.02493715 -0.4607973 0.3615 0.02397799 -0.459487 0.341 0.02624744 -0.461 0.344 0.02362692 -0.4602435 0.3414019 0.02493715 -0.4607973 0.3425 0.02397799 -0.4675589 0.363 0.03244113 -0.4696985 0.36 0.03030151 -0.4686287 0.3625981 0.03137129 -0.4694118 0.3615 0.03058815 -0.4675589 0.341 0.03244113 -0.4696985 0.344 0.03030151 -0.4686287 0.3414019 0.03137129 -0.4694118 0.3425 0.03058815 -0.4737526 0.363 0.04051291 -0.4763731 0.36 0.03899997 -0.4750628 0.3625981 0.03975647 -0.476022 0.3615 0.03920269 -0.4737526 0.341 0.04051291 -0.4763731 0.344 0.03899997 -0.4750628 0.3414019 0.03975647 -0.476022 0.3425 0.03920269 -0.4776461 0.363 0.04991275 -0.4805689 0.36 0.0491296 -0.4791075 0.3625981 0.04952114 -0.4801773 0.3615 0.0492345 -0.4776461 0.341 0.04991275 -0.4805689 0.344 0.0491296 -0.4791075 0.3414019 0.04952114 -0.4801773 0.3425 0.0492345 -0.4789741 0.363 0.06 -0.482 0.36 0.06 -0.4804871 0.3625981 0.06 -0.4815946 0.3615 0.06 -0.4789741 0.341 0.06 -0.482 0.344 0.06 -0.4804871 0.3414019 0.06 -0.4815946 0.3425 0.06 -0.4776461 0.363 0.07008725 -0.4805689 0.36 0.07087039 -0.4791075 0.3625981 0.07047879 -0.4801773 0.3615 0.07076543 -0.4776461 0.341 0.07008725 -0.4805689 0.344 0.07087039 -0.4791075 0.3414019 0.07047879 -0.4801773 0.3425 0.07076549 -0.4737526 0.363 0.07948702 -0.4763731 0.36 0.08099997 -0.4750628 0.3625981 0.08024352 -0.476022 0.3615 0.08079731 -0.4737526 0.341 0.07948702 -0.4763731 0.344 0.08099997 -0.4750628 0.3414019 0.08024352 -0.476022 0.3425 0.08079731 -0.4675589 0.363 0.08755886 -0.4696985 0.36 0.08969849 -0.4686287 0.3625981 0.08862864 -0.4694118 0.3615 0.08941179 -0.4675589 0.341 0.08755886 -0.4696985 0.344 0.08969849 -0.4686287 0.3414019 0.08862864 -0.4694118 0.3425 0.08941179 -0.459487 0.363 0.09375256 -0.461 0.36 0.09637308 -0.4602435 0.3625981 0.09506279 -0.4607973 0.3615 0.09602195 -0.459487 0.341 0.09375256 -0.461 0.344 0.09637308 -0.4602435 0.3414019 0.09506279 -0.4607973 0.3425 0.09602195 -0.4500873 0.363 0.09764605 -0.4508704 0.36 0.1005688 -0.4504788 0.3625981 0.0991075 -0.4507655 0.3615 0.1001773 -0.4500873 0.341 0.09764611 -0.4508704 0.344 0.1005688 -0.4504788 0.3414019 0.0991075 -0.4507655 0.3425 0.1001773 -0.44 0.4125 0.07099997 -0.44 0.3375 0.07099997 -0.4345 0.4125 0.06952625 -0.4345 0.3375 0.06952625 -0.4304737 0.4125 0.06549996 -0.4304737 0.3375 0.06549996 -0.429 0.4125 0.06 -0.429 0.3375 0.06 -0.4304737 0.4125 0.05449998 -0.4304737 0.3375 0.05449998 -0.4345 0.4125 0.05047369 -0.4345 0.3375 0.05047369 -0.44 0.4125 0.04899996 -0.44 0.3375 0.04899996 -0.4455 0.4125 0.05047369 -0.4455 0.3375 0.05047369 -0.4495263 0.4125 0.05449998 -0.4495263 0.3375 0.05449998 -0.451 0.4125 0.06 -0.451 0.3375 0.06 -0.4495263 0.4125 0.06549996 -0.4495263 0.3375 0.06549996 -0.4455 0.4125 0.06952625 -0.4455 0.3375 0.06952625 -0.485 -0.355 0 -0.485 -0.36 0.004999995 -0.49 -0.355 0.004999995 -0.485 -0.3574967 6.67959e-4 -0.4874967 -0.355 6.67959e-4 -0.4873911 -0.3573911 0.001316785 -0.4874967 -0.359332 0.004999995 -0.485 -0.359332 0.002503275 -0.4873911 -0.3586832 0.002608895 -0.489332 -0.355 0.002503275 -0.489332 -0.3574967 0.004999995 -0.4886832 -0.3573911 0.002608895 -0.485 -0.36 0.08499997 -0.485 -0.355 0.08999997 -0.49 -0.355 0.08499997 -0.485 -0.359332 0.08749669 -0.4874967 -0.359332 0.08499997 -0.4873911 -0.3586832 0.08739101 -0.4874967 -0.355 0.08933198 -0.485 -0.3574967 0.08933198 -0.4873911 -0.3573911 0.08868312 -0.489332 -0.3574967 0.08499997 -0.489332 -0.355 0.08749669 -0.4886832 -0.3573911 0.08739101 -0.485 -0.315 0 -0.49 -0.315 0.004999995 -0.485 -0.31 0.004999995 -0.4874967 -0.315 6.67959e-4 -0.485 -0.3125033 6.67959e-4 -0.4873911 -0.312609 0.001316785 -0.489332 -0.3125033 0.004999995 -0.489332 -0.315 0.002503275 -0.4886832 -0.312609 0.002608895 -0.485 -0.310668 0.002503275 -0.4874967 -0.310668 0.004999995 -0.4873911 -0.3113169 0.002608895 -0.485 -0.315 0.08999997 -0.485 -0.31 0.08499997 -0.49 -0.315 0.08499997 -0.485 -0.3125033 0.08933198 -0.4874967 -0.315 0.08933198 -0.4873911 -0.312609 0.08868312 -0.4874967 -0.310668 0.08499997 -0.485 -0.310668 0.08749669 -0.4873911 -0.3113169 0.08739101 -0.489332 -0.315 0.08749669 -0.489332 -0.3125033 0.08499997 -0.4886832 -0.312609 0.08739101 -0.395 -0.355 0 -0.39 -0.355 0.004999995 -0.395 -0.36 0.004999995 -0.3925033 -0.355 6.67959e-4 -0.395 -0.3574967 6.67959e-4 -0.392609 -0.3573911 0.001316785 -0.390668 -0.3574967 0.004999995 -0.390668 -0.355 0.002503275 -0.3913168 -0.3573911 0.002608895 -0.395 -0.359332 0.002503275 -0.3925033 -0.359332 0.004999995 -0.392609 -0.3586832 0.002608895 -0.395 -0.355 0.08999997 -0.395 -0.36 0.08499997 -0.39 -0.355 0.08499997 -0.395 -0.3574967 0.08933198 -0.3925033 -0.355 0.08933198 -0.392609 -0.3573911 0.08868312 -0.3925033 -0.359332 0.08499997 -0.395 -0.359332 0.08749669 -0.392609 -0.3586832 0.08739101 -0.390668 -0.355 0.08749669 -0.390668 -0.3574967 0.08499997 -0.3913168 -0.3573911 0.08739101 -0.395 -0.315 0 -0.395 -0.31 0.004999995 -0.39 -0.315 0.004999995 -0.395 -0.3125033 6.67959e-4 -0.3925033 -0.315 6.67959e-4 -0.392609 -0.312609 0.001316785 -0.3925033 -0.310668 0.004999995 -0.395 -0.310668 0.002503275 -0.392609 -0.3113169 0.002608895 -0.390668 -0.315 0.002503275 -0.390668 -0.3125033 0.004999995 -0.3913168 -0.312609 0.002608895 -0.395 -0.315 0.08999997 -0.39 -0.315 0.08499997 -0.395 -0.31 0.08499997 -0.3925033 -0.315 0.08933198 -0.395 -0.3125033 0.08933198 -0.392609 -0.312609 0.08868312 -0.390668 -0.3125033 0.08499997 -0.390668 -0.315 0.08749669 -0.3913168 -0.312609 0.08739101 -0.395 -0.310668 0.08749669 -0.3925033 -0.310668 0.08499997 -0.392609 -0.3113169 0.08739101 -0.44 -0.344 0.1019999 -0.44 -0.341 0.0989741 -0.44 -0.3414019 0.100487 -0.44 -0.3425 0.1015946 -0.44 -0.363 0.0989741 -0.44 -0.36 0.1019999 -0.44 -0.3625981 0.100487 -0.44 -0.3615 0.1015946 -0.4299128 -0.341 0.09764605 -0.4291296 -0.344 0.1005688 -0.4295212 -0.3414019 0.0991075 -0.4292345 -0.3425 0.1001773 -0.4299128 -0.363 0.09764611 -0.4291296 -0.36 0.1005688 -0.4295212 -0.3625981 0.0991075 -0.4292345 -0.3615 0.1001773 -0.4205129 -0.341 0.09375256 -0.419 -0.344 0.09637308 -0.4197565 -0.3414019 0.09506279 -0.4192027 -0.3425 0.09602195 -0.4205129 -0.363 0.09375256 -0.419 -0.36 0.09637308 -0.4197565 -0.3625981 0.09506279 -0.4192027 -0.3615 0.09602195 -0.4124411 -0.341 0.08755886 -0.4103015 -0.344 0.08969849 -0.4113713 -0.3414019 0.08862864 -0.4105882 -0.3425 0.08941179 -0.4124411 -0.363 0.08755886 -0.4103015 -0.36 0.08969849 -0.4113713 -0.3625981 0.08862864 -0.4105882 -0.3615 0.08941179 -0.4062474 -0.341 0.07948702 -0.4036269 -0.344 0.08099997 -0.4049372 -0.3414019 0.08024352 -0.403978 -0.3425 0.08079731 -0.4062474 -0.363 0.07948702 -0.4036269 -0.36 0.08099997 -0.4049372 -0.3625981 0.08024352 -0.403978 -0.3615 0.08079731 -0.4023539 -0.341 0.07008725 -0.3994311 -0.344 0.07087039 -0.4008925 -0.3414019 0.07047879 -0.3998227 -0.3425 0.07076543 -0.4023539 -0.363 0.07008725 -0.3994311 -0.36 0.07087039 -0.4008925 -0.3625981 0.07047879 -0.3998227 -0.3615 0.07076549 -0.4010259 -0.341 0.06 -0.398 -0.344 0.06 -0.399513 -0.3414019 0.06 -0.3984054 -0.3425 0.06 -0.4010259 -0.363 0.06 -0.398 -0.36 0.06 -0.399513 -0.3625981 0.06 -0.3984054 -0.3615 0.06 -0.4023539 -0.341 0.04991275 -0.3994311 -0.344 0.0491296 -0.4008925 -0.3414019 0.04952114 -0.3998227 -0.3425 0.0492345 -0.4023539 -0.363 0.04991275 -0.3994311 -0.36 0.0491296 -0.4008925 -0.3625981 0.04952114 -0.3998227 -0.3615 0.0492345 -0.4062474 -0.341 0.04051291 -0.4036269 -0.344 0.03899997 -0.4049372 -0.3414019 0.03975647 -0.403978 -0.3425 0.03920269 -0.4062474 -0.363 0.04051291 -0.4036269 -0.36 0.03899997 -0.4049372 -0.3625981 0.03975647 -0.403978 -0.3615 0.03920269 -0.4124411 -0.341 0.03244113 -0.4103015 -0.344 0.03030151 -0.4113713 -0.3414019 0.03137129 -0.4105882 -0.3425 0.03058815 -0.4124411 -0.363 0.03244113 -0.4103015 -0.36 0.03030151 -0.4113713 -0.3625981 0.03137129 -0.4105882 -0.3615 0.03058815 -0.4205129 -0.341 0.02624744 -0.419 -0.344 0.02362692 -0.4197565 -0.3414019 0.02493715 -0.4192027 -0.3425 0.02397799 -0.4205129 -0.363 0.02624744 -0.419 -0.36 0.02362692 -0.4197565 -0.3625981 0.02493715 -0.4192027 -0.3615 0.02397799 -0.4299128 -0.341 0.02235388 -0.4291296 -0.344 0.01943111 -0.4295212 -0.3414019 0.0208925 -0.4292345 -0.3425 0.01982265 -0.4299128 -0.363 0.02235388 -0.4291296 -0.36 0.01943111 -0.4295212 -0.3625981 0.0208925 -0.4292345 -0.3615 0.01982265 -0.44 -0.341 0.02102589 -0.44 -0.344 0.018 -0.44 -0.3414019 0.01951295 -0.44 -0.3425 0.01840537 -0.44 -0.363 0.02102589 -0.44 -0.36 0.018 -0.44 -0.3625981 0.01951295 -0.44 -0.3615 0.01840537 -0.4500873 -0.341 0.02235388 -0.4508704 -0.344 0.01943111 -0.4504788 -0.3414019 0.0208925 -0.4507655 -0.3425 0.01982265 -0.4500873 -0.363 0.02235388 -0.4508704 -0.36 0.01943111 -0.4504788 -0.3625981 0.0208925 -0.4507655 -0.3615 0.01982265 -0.459487 -0.341 0.02624744 -0.461 -0.344 0.02362692 -0.4602435 -0.3414019 0.02493715 -0.4607973 -0.3425 0.02397799 -0.459487 -0.363 0.02624744 -0.461 -0.36 0.02362692 -0.4602435 -0.3625981 0.02493715 -0.4607973 -0.3615 0.02397799 -0.4675589 -0.341 0.03244113 -0.4696985 -0.344 0.03030151 -0.4686287 -0.3414019 0.03137129 -0.4694118 -0.3425 0.03058815 -0.4675589 -0.363 0.03244113 -0.4696985 -0.36 0.03030151 -0.4686287 -0.3625981 0.03137129 -0.4694118 -0.3615 0.03058815 -0.4737526 -0.341 0.04051291 -0.4763731 -0.344 0.03899997 -0.4750628 -0.3414019 0.03975647 -0.476022 -0.3425 0.03920269 -0.4737526 -0.363 0.04051291 -0.4763731 -0.36 0.03899997 -0.4750628 -0.3625981 0.03975647 -0.476022 -0.3615 0.03920269 -0.4776461 -0.341 0.04991275 -0.4805689 -0.344 0.0491296 -0.4791075 -0.3414019 0.04952114 -0.4801773 -0.3425 0.0492345 -0.4776461 -0.363 0.04991275 -0.4805689 -0.36 0.0491296 -0.4791075 -0.3625981 0.04952114 -0.4801773 -0.3615 0.0492345 -0.4789741 -0.341 0.06 -0.482 -0.344 0.06 -0.4804871 -0.3414019 0.06 -0.4815946 -0.3425 0.06 -0.4789741 -0.363 0.06 -0.482 -0.36 0.06 -0.4804871 -0.3625981 0.06 -0.4815946 -0.3615 0.06 -0.4776461 -0.341 0.07008725 -0.4805689 -0.344 0.07087039 -0.4791075 -0.3414019 0.07047879 -0.4801773 -0.3425 0.07076543 -0.4776461 -0.363 0.07008725 -0.4805689 -0.36 0.07087039 -0.4791075 -0.3625981 0.07047879 -0.4801773 -0.3615 0.07076549 -0.4737526 -0.341 0.07948702 -0.4763731 -0.344 0.08099997 -0.4750628 -0.3414019 0.08024352 -0.476022 -0.3425 0.08079731 -0.4737526 -0.363 0.07948702 -0.4763731 -0.36 0.08099997 -0.4750628 -0.3625981 0.08024352 -0.476022 -0.3615 0.08079731 -0.4675589 -0.341 0.08755886 -0.4696985 -0.344 0.08969849 -0.4686287 -0.3414019 0.08862864 -0.4694118 -0.3425 0.08941179 -0.4675589 -0.363 0.08755886 -0.4696985 -0.36 0.08969849 -0.4686287 -0.3625981 0.08862864 -0.4694118 -0.3615 0.08941179 -0.459487 -0.341 0.09375256 -0.461 -0.344 0.09637308 -0.4602435 -0.3414019 0.09506279 -0.4607973 -0.3425 0.09602195 -0.459487 -0.363 0.09375256 -0.461 -0.36 0.09637308 -0.4602435 -0.3625981 0.09506279 -0.4607973 -0.3615 0.09602195 -0.4500873 -0.341 0.09764605 -0.4508704 -0.344 0.1005688 -0.4504788 -0.3414019 0.0991075 -0.4507655 -0.3425 0.1001773 -0.4500873 -0.363 0.09764611 -0.4508704 -0.36 0.1005688 -0.4504788 -0.3625981 0.0991075 -0.4507655 -0.3615 0.1001773 -0.44 -0.3375 0.07099997 -0.44 -0.4125 0.07099997 -0.4345 -0.3375 0.06952625 -0.4345 -0.4125 0.06952625 -0.4304737 -0.3375 0.06549996 -0.4304737 -0.4125 0.06549996 -0.429 -0.3375 0.06 -0.429 -0.4125 0.06 -0.4304737 -0.3375 0.05449998 -0.4304737 -0.4125 0.05449998 -0.4345 -0.3375 0.05047369 -0.4345 -0.4125 0.05047369 -0.44 -0.3375 0.04899996 -0.44 -0.4125 0.04899996 -0.4455 -0.3375 0.05047369 -0.4455 -0.4125 0.05047369 -0.4495263 -0.3375 0.05449998 -0.4495263 -0.4125 0.05449998 -0.451 -0.3375 0.06 -0.451 -0.4125 0.06 -0.4495263 -0.3375 0.06549996 -0.4495263 -0.4125 0.06549996 -0.4455 -0.3375 0.06952625 -0.4455 -0.4125 0.06952625 -0.155 0.322 0.03499996 -0.1500502 0.322 0.03294974 -0.148 0.322 0.02799999 -0.1500502 0.322 0.02305024 -0.155 0.322 0.02099996 -0.1599497 0.322 0.02305024 -0.162 0.322 0.02799999 -0.1599497 0.322 0.03294974 -0.155 0.35 0.03499996 -0.150198 0.3487995 0.03294974 -0.148209 0.3483023 0.02799999 -0.150198 0.3487995 0.02305024 -0.155 0.35 0.02099996 -0.1598019 0.3512005 0.02305024 -0.161791 0.3516978 0.02799999 -0.1598019 0.3512005 0.03294974 -0.145 0.362 0.03499996 -0.1444102 0.3570855 0.03294974 -0.1441659 0.3550499 0.02799999 -0.1444102 0.3570855 0.02305024 -0.145 0.362 0.02099996 -0.1455897 0.3669145 0.02305024 -0.145834 0.3689501 0.02799999 -0.1455897 0.3669145 0.03294974 -0.05499994 0.362 0.03499996 -0.05558973 0.3570855 0.03294974 -0.05583399 0.3550499 0.02799999 -0.05558973 0.3570855 0.02305024 -0.05499994 0.362 0.02099996 -0.05441021 0.3669145 0.02305024 -0.05416595 0.3689501 0.02799999 -0.05441021 0.3669145 0.03294974 -0.04499995 0.35 0.03499996 -0.04980194 0.3487995 0.03294974 -0.05179095 0.3483023 0.02799999 -0.04980194 0.3487995 0.02305024 -0.04499995 0.35 0.02099996 -0.04019802 0.3512005 0.02305024 -0.03820896 0.3516978 0.02799999 -0.04019802 0.3512005 0.03294974 -0.04499995 0.322 0.03499996 -0.0499497 0.322 0.03294974 -0.05199998 0.322 0.02799999 -0.0499497 0.322 0.02305024 -0.04499995 0.322 0.02099996 -0.0400502 0.322 0.02305024 -0.03799998 0.322 0.02799999 -0.0400502 0.322 0.03294974 0.04499995 0.322 0.03499996 0.0499497 0.322 0.03294974 0.05199998 0.322 0.02799999 0.0499497 0.322 0.02305024 0.04499995 0.322 0.02099996 0.0400502 0.322 0.02305024 0.03799998 0.322 0.02799999 0.0400502 0.322 0.03294974 0.04499995 0.35 0.03499996 0.04980194 0.3487995 0.03294974 0.05179095 0.3483023 0.02799999 0.04980194 0.3487995 0.02305024 0.04499995 0.35 0.02099996 0.04019802 0.3512005 0.02305024 0.03820896 0.3516978 0.02799999 0.04019802 0.3512005 0.03294974 0.05499994 0.362 0.03499996 0.05558973 0.3570855 0.03294974 0.05583399 0.3550499 0.02799999 0.05558973 0.3570855 0.02305024 0.05499994 0.362 0.02099996 0.05441021 0.3669145 0.02305024 0.05416595 0.3689501 0.02799999 0.05441021 0.3669145 0.03294974 0.145 0.362 0.03499996 0.1444102 0.3570855 0.03294974 0.1441659 0.3550499 0.02799999 0.1444102 0.3570855 0.02305024 0.145 0.362 0.02099996 0.1455897 0.3669145 0.02305024 0.145834 0.3689501 0.02799999 0.1455897 0.3669145 0.03294974 0.155 0.35 0.03499996 0.150198 0.3487995 0.03294974 0.148209 0.3483023 0.02799999 0.150198 0.3487995 0.02305024 0.155 0.35 0.02099996 0.1598019 0.3512005 0.02305024 0.161791 0.3516978 0.02799999 0.1598019 0.3512005 0.03294974 0.155 0.322 0.03499996 0.1500502 0.322 0.03294974 0.148 0.322 0.02799999 0.1500502 0.322 0.02305024 0.155 0.322 0.02099996 0.1599497 0.322 0.02305024 0.162 0.322 0.02799999 0.1599497 0.322 0.03294974 -0.155 -0.322 0.03499996 -0.1599497 -0.322 0.03294974 -0.162 -0.322 0.02799999 -0.1599497 -0.322 0.02305024 -0.155 -0.322 0.02099996 -0.1500502 -0.322 0.02305024 -0.148 -0.322 0.02799999 -0.1500502 -0.322 0.03294974 -0.155 -0.35 0.03499996 -0.1598019 -0.3512005 0.03294974 -0.161791 -0.3516978 0.02799999 -0.1598019 -0.3512005 0.02305024 -0.155 -0.35 0.02099996 -0.150198 -0.3487995 0.02305024 -0.148209 -0.3483023 0.02799999 -0.150198 -0.3487995 0.03294974 -0.145 -0.362 0.03499996 -0.1455897 -0.3669145 0.03294974 -0.145834 -0.3689501 0.02799999 -0.1455897 -0.3669145 0.02305024 -0.145 -0.362 0.02099996 -0.1444102 -0.3570855 0.02305024 -0.1441659 -0.3550499 0.02799999 -0.1444102 -0.3570855 0.03294974 -0.05499994 -0.362 0.03499996 -0.05441021 -0.3669145 0.03294974 -0.05416595 -0.3689501 0.02799999 -0.05441021 -0.3669145 0.02305024 -0.05499994 -0.362 0.02099996 -0.05558973 -0.3570855 0.02305024 -0.05583399 -0.3550499 0.02799999 -0.05558973 -0.3570855 0.03294974 -0.04499995 -0.35 0.03499996 -0.04019802 -0.3512005 0.03294974 -0.03820896 -0.3516978 0.02799999 -0.04019802 -0.3512005 0.02305024 -0.04499995 -0.35 0.02099996 -0.04980194 -0.3487995 0.02305024 -0.05179095 -0.3483023 0.02799999 -0.04980194 -0.3487995 0.03294974 -0.04499995 -0.322 0.03499996 -0.0400502 -0.322 0.03294974 -0.03799998 -0.322 0.02799999 -0.0400502 -0.322 0.02305024 -0.04499995 -0.322 0.02099996 -0.0499497 -0.322 0.02305024 -0.05199998 -0.322 0.02799999 -0.0499497 -0.322 0.03294974 0.04499995 -0.322 0.03499996 0.0400502 -0.322 0.03294974 0.03799998 -0.322 0.02799999 0.0400502 -0.322 0.02305024 0.04499995 -0.322 0.02099996 0.0499497 -0.322 0.02305024 0.05199998 -0.322 0.02799999 0.0499497 -0.322 0.03294974 0.04499995 -0.35 0.03499996 0.04019802 -0.3512005 0.03294974 0.03820896 -0.3516978 0.02799999 0.04019802 -0.3512005 0.02305024 0.04499995 -0.35 0.02099996 0.04980194 -0.3487995 0.02305024 0.05179095 -0.3483023 0.02799999 0.04980194 -0.3487995 0.03294974 0.05499994 -0.362 0.03499996 0.05441021 -0.3669145 0.03294974 0.05416595 -0.3689501 0.02799999 0.05441021 -0.3669145 0.02305024 0.05499994 -0.362 0.02099996 0.05558973 -0.3570855 0.02305024 0.05583399 -0.3550499 0.02799999 0.05558973 -0.3570855 0.03294974 0.145 -0.362 0.03499996 0.1455897 -0.3669145 0.03294974 0.145834 -0.3689501 0.02799999 0.1455897 -0.3669145 0.02305024 0.145 -0.362 0.02099996 0.1444102 -0.3570855 0.02305024 0.1441659 -0.3550499 0.02799999 0.1444102 -0.3570855 0.03294974 0.155 -0.35 0.03499996 0.1598019 -0.3512005 0.03294974 0.161791 -0.3516978 0.02799999 0.1598019 -0.3512005 0.02305024 0.155 -0.35 0.02099996 0.150198 -0.3487995 0.02305024 0.148209 -0.3483023 0.02799999 0.150198 -0.3487995 0.03294974 0.155 -0.322 0.03499996 0.1599497 -0.322 0.03294974 0.162 -0.322 0.02799999 0.1599497 -0.322 0.02305024 0.155 -0.322 0.02099996 0.1500502 -0.322 0.02305024 0.148 -0.322 0.02799999 0.1500502 -0.322 0.03294974 -0.405 0.07499998 0.06999999 -0.405 0.07499998 0.08999997 -0.405 0.105 0.06999999 -0.405 0.105 0.08999997 -0.02499997 0.07499998 0.06999999 -0.02499997 0.07499998 0.08999997 -0.02499997 0.105 0.06999999 -0.02499997 0.105 0.08999997 -0.03799998 0.127 0.06999999 -0.03799998 0.125 0.07199996 -0.03999996 0.127 0.07199996 -0.03799998 0.1260013 0.0702672 -0.03899866 0.127 0.0702672 -0.0389564 0.1260436 0.07052671 -0.03899866 0.1252672 0.07199996 -0.03799998 0.1252672 0.07100129 -0.0389564 0.1255267 0.07104355 -0.03973275 0.127 0.07100129 -0.03973275 0.1260013 0.07199996 -0.03947323 0.1260436 0.07104355 -0.03799998 0.125 0.128 -0.03799998 0.127 0.1299999 -0.03999996 0.127 0.128 -0.03799998 0.1252672 0.1289986 -0.03899866 0.1252672 0.128 -0.0389564 0.1255267 0.1289564 -0.03899866 0.127 0.1297327 -0.03799998 0.1260013 0.1297327 -0.0389564 0.1260436 0.1294732 -0.03973275 0.1260013 0.128 -0.03973275 0.127 0.1289986 -0.03947323 0.1260436 0.1289564 -0.03799998 0.143 0.06999999 -0.03999996 0.143 0.07199996 -0.03799998 0.145 0.07199996 -0.03899866 0.143 0.0702672 -0.03799998 0.1439987 0.0702672 -0.0389564 0.1439564 0.07052671 -0.03973275 0.1439987 0.07199996 -0.03973275 0.143 0.07100129 -0.03947323 0.1439564 0.07104355 -0.03799998 0.1447328 0.07100129 -0.03899866 0.1447328 0.07199996 -0.0389564 0.1444733 0.07104355 -0.03799998 0.143 0.1299999 -0.03799998 0.145 0.128 -0.03999996 0.143 0.128 -0.03799998 0.1439987 0.1297327 -0.03899866 0.143 0.1297327 -0.0389564 0.1439564 0.1294732 -0.03899866 0.1447328 0.128 -0.03799998 0.1447328 0.1289986 -0.0389564 0.1444733 0.1289564 -0.03973275 0.143 0.1289986 -0.03973275 0.1439987 0.128 -0.03947323 0.1439564 0.1289564 -0.02199995 0.127 0.06999999 -0.01999998 0.127 0.07199996 -0.02199995 0.125 0.07199996 -0.02100127 0.127 0.0702672 -0.02199995 0.1260013 0.0702672 -0.02104353 0.1260436 0.07052671 -0.02026718 0.1260013 0.07199996 -0.02026718 0.127 0.07100129 -0.0205267 0.1260436 0.07104355 -0.02199995 0.1252672 0.07100129 -0.02100127 0.1252672 0.07199996 -0.02104353 0.1255267 0.07104355 -0.02199995 0.127 0.1299999 -0.02199995 0.125 0.128 -0.01999998 0.127 0.128 -0.02199995 0.1260013 0.1297327 -0.02100127 0.127 0.1297327 -0.02104353 0.1260436 0.1294732 -0.02100127 0.1252672 0.128 -0.02199995 0.1252672 0.1289986 -0.02104353 0.1255267 0.1289564 -0.02026718 0.127 0.1289986 -0.02026718 0.1260013 0.128 -0.0205267 0.1260436 0.1289564 -0.02199995 0.143 0.06999999 -0.02199995 0.145 0.07199996 -0.01999998 0.143 0.07199996 -0.02199995 0.1439987 0.0702672 -0.02100127 0.143 0.0702672 -0.02104353 0.1439564 0.07052671 -0.02100127 0.1447328 0.07199996 -0.02199995 0.1447328 0.07100129 -0.02104353 0.1444733 0.07104355 -0.02026718 0.143 0.07100129 -0.02026718 0.1439987 0.07199996 -0.0205267 0.1439564 0.07104355 -0.02199995 0.143 0.1299999 -0.01999998 0.143 0.128 -0.02199995 0.145 0.128 -0.02100127 0.143 0.1297327 -0.02199995 0.1439987 0.1297327 -0.02104353 0.1439564 0.1294732 -0.02026718 0.1439987 0.128 -0.02026718 0.143 0.1289986 -0.0205267 0.1439564 0.1289564 -0.02199995 0.1447328 0.1289986 -0.02100127 0.1447328 0.128 -0.02104353 0.1444733 0.1289564 -0.408 0.127 0.06999999 -0.408 0.125 0.07199996 -0.41 0.127 0.07199996 -0.408 0.1260013 0.0702672 -0.4089987 0.127 0.0702672 -0.4089564 0.1260436 0.07052671 -0.4089987 0.1252672 0.07199996 -0.408 0.1252672 0.07100129 -0.4089564 0.1255267 0.07104355 -0.4097328 0.127 0.07100129 -0.4097328 0.1260013 0.07199996 -0.4094732 0.1260436 0.07104355 -0.408 0.125 0.128 -0.408 0.127 0.1299999 -0.41 0.127 0.128 -0.408 0.1252672 0.1289986 -0.4089987 0.1252672 0.128 -0.4089564 0.1255267 0.1289564 -0.4089987 0.127 0.1297327 -0.408 0.1260013 0.1297327 -0.4089564 0.1260436 0.1294732 -0.4097328 0.1260013 0.128 -0.4097328 0.127 0.1289986 -0.4094732 0.1260436 0.1289564 -0.408 0.143 0.06999999 -0.41 0.143 0.07199996 -0.408 0.145 0.07199996 -0.4089987 0.143 0.0702672 -0.408 0.1439987 0.0702672 -0.4089564 0.1439564 0.07052671 -0.4097328 0.1439987 0.07199996 -0.4097328 0.143 0.07100129 -0.4094732 0.1439564 0.07104355 -0.408 0.1447328 0.07100129 -0.4089987 0.1447328 0.07199996 -0.4089564 0.1444733 0.07104355 -0.408 0.143 0.1299999 -0.408 0.145 0.128 -0.41 0.143 0.128 -0.408 0.1439987 0.1297327 -0.4089987 0.143 0.1297327 -0.4089564 0.1439564 0.1294732 -0.4089987 0.1447328 0.128 -0.408 0.1447328 0.1289986 -0.4089564 0.1444733 0.1289564 -0.4097328 0.143 0.1289986 -0.4097328 0.1439987 0.128 -0.4094732 0.1439564 0.1289564 -0.392 0.127 0.06999999 -0.39 0.127 0.07199996 -0.392 0.125 0.07199996 -0.3910013 0.127 0.0702672 -0.392 0.1260013 0.0702672 -0.3910436 0.1260436 0.07052671 -0.3902672 0.1260013 0.07199996 -0.3902672 0.127 0.07100129 -0.3905267 0.1260436 0.07104355 -0.392 0.1252672 0.07100129 -0.3910013 0.1252672 0.07199996 -0.3910436 0.1255267 0.07104355 -0.392 0.127 0.1299999 -0.392 0.125 0.128 -0.39 0.127 0.128 -0.392 0.1260013 0.1297327 -0.3910013 0.127 0.1297327 -0.3910436 0.1260436 0.1294732 -0.3910013 0.1252672 0.128 -0.392 0.1252672 0.1289986 -0.3910436 0.1255267 0.1289564 -0.3902672 0.127 0.1289986 -0.3902672 0.1260013 0.128 -0.3905267 0.1260436 0.1289564 -0.392 0.143 0.06999999 -0.392 0.145 0.07199996 -0.39 0.143 0.07199996 -0.392 0.1439987 0.0702672 -0.3910013 0.143 0.0702672 -0.3910436 0.1439564 0.07052671 -0.3910013 0.1447328 0.07199996 -0.392 0.1447328 0.07100129 -0.3910436 0.1444733 0.07104355 -0.3902672 0.143 0.07100129 -0.3902672 0.1439987 0.07199996 -0.3905267 0.1439564 0.07104355 -0.392 0.143 0.1299999 -0.39 0.143 0.128 -0.392 0.145 0.128 -0.3910013 0.143 0.1297327 -0.392 0.1439987 0.1297327 -0.3910436 0.1439564 0.1294732 -0.3902672 0.1439987 0.128 -0.3902672 0.143 0.1289986 -0.3905267 0.1439564 0.1289564 -0.392 0.1447328 0.1289986 -0.3910013 0.1447328 0.128 -0.3910436 0.1444733 0.1289564 -0.363 0.207 0.06999999 -0.363 0.205 0.07200002 -0.365 0.207 0.07200002 -0.363 0.2060013 0.0702672 -0.3639987 0.207 0.0702672 -0.3639565 0.2060436 0.07052671 -0.3639987 0.2052671 0.07200002 -0.363 0.2052671 0.07100129 -0.3639565 0.2055267 0.07104355 -0.3647328 0.207 0.07100129 -0.3647328 0.2060013 0.07200002 -0.3644733 0.2060436 0.07104355 -0.363 0.205 0.074 -0.363 0.207 0.07599997 -0.365 0.207 0.074 -0.363 0.2052671 0.07499867 -0.3639987 0.2052671 0.074 -0.3639565 0.2055267 0.07495641 -0.3639987 0.207 0.07573282 -0.363 0.2060013 0.07573282 -0.3639565 0.2060436 0.07547324 -0.3647328 0.2060013 0.074 -0.3647328 0.207 0.07499867 -0.3644733 0.2060436 0.07495641 -0.363 0.273 0.06999999 -0.365 0.273 0.07200002 -0.363 0.275 0.07200002 -0.3639987 0.273 0.0702672 -0.363 0.2739987 0.0702672 -0.3639565 0.2739564 0.07052671 -0.3647328 0.2739987 0.07200002 -0.3647328 0.273 0.07100129 -0.3644733 0.2739564 0.07104355 -0.363 0.2747328 0.07100129 -0.3639987 0.2747328 0.07200002 -0.3639565 0.2744733 0.07104355 -0.363 0.273 0.07599997 -0.363 0.275 0.074 -0.365 0.273 0.074 -0.363 0.2739987 0.07573282 -0.3639987 0.273 0.07573282 -0.3639565 0.2739564 0.07547324 -0.3639987 0.2747328 0.074 -0.363 0.2747328 0.07499867 -0.3639565 0.2744733 0.07495641 -0.3647328 0.273 0.07499867 -0.3647328 0.2739987 0.074 -0.3644733 0.2739564 0.07495641 -0.06699997 0.207 0.06999999 -0.06499999 0.207 0.07200002 -0.06699997 0.205 0.07200002 -0.06600129 0.207 0.0702672 -0.06699997 0.2060013 0.0702672 -0.06604355 0.2060436 0.07052671 -0.06526714 0.2060013 0.07200002 -0.06526714 0.207 0.07100129 -0.06552672 0.2060436 0.07104355 -0.06699997 0.2052671 0.07100129 -0.06600129 0.2052671 0.07200002 -0.06604355 0.2055267 0.07104355 -0.06699997 0.207 0.07599997 -0.06699997 0.205 0.074 -0.06499999 0.207 0.074 -0.06699997 0.2060013 0.07573282 -0.06600129 0.207 0.07573282 -0.06604355 0.2060436 0.07547324 -0.06600129 0.2052671 0.074 -0.06699997 0.2052671 0.07499867 -0.06604355 0.2055267 0.07495641 -0.06526714 0.207 0.07499867 -0.06526714 0.2060013 0.074 -0.06552672 0.2060436 0.07495641 -0.06699997 0.273 0.06999999 -0.06699997 0.275 0.07200002 -0.06499999 0.273 0.07200002 -0.06699997 0.2739987 0.0702672 -0.06600129 0.273 0.0702672 -0.06604355 0.2739564 0.07052671 -0.06600129 0.2747328 0.07200002 -0.06699997 0.2747328 0.07100129 -0.06604355 0.2744733 0.07104355 -0.06526714 0.273 0.07100129 -0.06526714 0.2739987 0.07200002 -0.06552672 0.2739564 0.07104355 -0.06699997 0.273 0.07599997 -0.06499999 0.273 0.074 -0.06699997 0.275 0.074 -0.06600129 0.273 0.07573282 -0.06699997 0.2739987 0.07573282 -0.06604355 0.2739564 0.07547324 -0.06526714 0.2739987 0.074 -0.06526714 0.273 0.07499867 -0.06552672 0.2739564 0.07495641 -0.06699997 0.2747328 0.07499867 -0.06600129 0.2747328 0.074 -0.06604355 0.2744733 0.07495641 -0.405 -0.105 0.06999999 -0.405 -0.105 0.08999997 -0.405 -0.07499998 0.06999999 -0.405 -0.07499998 0.08999997 -0.02499997 -0.105 0.06999999 -0.02499997 -0.105 0.08999997 -0.02499997 -0.07499998 0.06999999 -0.02499997 -0.07499998 0.08999997 -0.03799998 -0.143 0.06999999 -0.03799998 -0.145 0.07199996 -0.03999996 -0.143 0.07199996 -0.03799998 -0.1439987 0.0702672 -0.03899866 -0.143 0.0702672 -0.0389564 -0.1439564 0.07052671 -0.03899866 -0.1447328 0.07199996 -0.03799998 -0.1447328 0.07100129 -0.0389564 -0.1444733 0.07104355 -0.03973275 -0.143 0.07100129 -0.03973275 -0.1439987 0.07199996 -0.03947323 -0.1439564 0.07104355 -0.03799998 -0.145 0.128 -0.03799998 -0.143 0.1299999 -0.03999996 -0.143 0.128 -0.03799998 -0.1447328 0.1289986 -0.03899866 -0.1447328 0.128 -0.0389564 -0.1444733 0.1289564 -0.03899866 -0.143 0.1297327 -0.03799998 -0.1439987 0.1297327 -0.0389564 -0.1439564 0.1294732 -0.03973275 -0.1439987 0.128 -0.03973275 -0.143 0.1289986 -0.03947323 -0.1439564 0.1289564 -0.03799998 -0.127 0.06999999 -0.03999996 -0.127 0.07199996 -0.03799998 -0.125 0.07199996 -0.03899866 -0.127 0.0702672 -0.03799998 -0.1260013 0.0702672 -0.0389564 -0.1260436 0.07052671 -0.03973275 -0.1260013 0.07199996 -0.03973275 -0.127 0.07100129 -0.03947323 -0.1260436 0.07104355 -0.03799998 -0.1252672 0.07100129 -0.03899866 -0.1252672 0.07199996 -0.0389564 -0.1255267 0.07104355 -0.03799998 -0.127 0.1299999 -0.03799998 -0.125 0.128 -0.03999996 -0.127 0.128 -0.03799998 -0.1260013 0.1297327 -0.03899866 -0.127 0.1297327 -0.0389564 -0.1260436 0.1294732 -0.03899866 -0.1252672 0.128 -0.03799998 -0.1252672 0.1289986 -0.0389564 -0.1255267 0.1289564 -0.03973275 -0.127 0.1289986 -0.03973275 -0.1260013 0.128 -0.03947323 -0.1260436 0.1289564 -0.02199995 -0.143 0.06999999 -0.01999998 -0.143 0.07199996 -0.02199995 -0.145 0.07199996 -0.02100127 -0.143 0.0702672 -0.02199995 -0.1439987 0.0702672 -0.02104353 -0.1439564 0.07052671 -0.02026718 -0.1439987 0.07199996 -0.02026718 -0.143 0.07100129 -0.0205267 -0.1439564 0.07104355 -0.02199995 -0.1447328 0.07100129 -0.02100127 -0.1447328 0.07199996 -0.02104353 -0.1444733 0.07104355 -0.02199995 -0.143 0.1299999 -0.02199995 -0.145 0.128 -0.01999998 -0.143 0.128 -0.02199995 -0.1439987 0.1297327 -0.02100127 -0.143 0.1297327 -0.02104353 -0.1439564 0.1294732 -0.02100127 -0.1447328 0.128 -0.02199995 -0.1447328 0.1289986 -0.02104353 -0.1444733 0.1289564 -0.02026718 -0.143 0.1289986 -0.02026718 -0.1439987 0.128 -0.0205267 -0.1439564 0.1289564 -0.02199995 -0.127 0.06999999 -0.02199995 -0.125 0.07199996 -0.01999998 -0.127 0.07199996 -0.02199995 -0.1260013 0.0702672 -0.02100127 -0.127 0.0702672 -0.02104353 -0.1260436 0.07052671 -0.02100127 -0.1252672 0.07199996 -0.02199995 -0.1252672 0.07100129 -0.02104353 -0.1255267 0.07104355 -0.02026718 -0.127 0.07100129 -0.02026718 -0.1260013 0.07199996 -0.0205267 -0.1260436 0.07104355 -0.02199995 -0.127 0.1299999 -0.01999998 -0.127 0.128 -0.02199995 -0.125 0.128 -0.02100127 -0.127 0.1297327 -0.02199995 -0.1260013 0.1297327 -0.02104353 -0.1260436 0.1294732 -0.02026718 -0.1260013 0.128 -0.02026718 -0.127 0.1289986 -0.0205267 -0.1260436 0.1289564 -0.02199995 -0.1252672 0.1289986 -0.02100127 -0.1252672 0.128 -0.02104353 -0.1255267 0.1289564 -0.408 -0.143 0.06999999 -0.408 -0.145 0.07199996 -0.41 -0.143 0.07199996 -0.408 -0.1439987 0.0702672 -0.4089987 -0.143 0.0702672 -0.4089564 -0.1439564 0.07052671 -0.4089987 -0.1447328 0.07199996 -0.408 -0.1447328 0.07100129 -0.4089564 -0.1444733 0.07104355 -0.4097328 -0.143 0.07100129 -0.4097328 -0.1439987 0.07199996 -0.4094732 -0.1439564 0.07104355 -0.408 -0.145 0.128 -0.408 -0.143 0.1299999 -0.41 -0.143 0.128 -0.408 -0.1447328 0.1289986 -0.4089987 -0.1447328 0.128 -0.4089564 -0.1444733 0.1289564 -0.4089987 -0.143 0.1297327 -0.408 -0.1439987 0.1297327 -0.4089564 -0.1439564 0.1294732 -0.4097328 -0.1439987 0.128 -0.4097328 -0.143 0.1289986 -0.4094732 -0.1439564 0.1289564 -0.408 -0.127 0.06999999 -0.41 -0.127 0.07199996 -0.408 -0.125 0.07199996 -0.4089987 -0.127 0.0702672 -0.408 -0.1260013 0.0702672 -0.4089564 -0.1260436 0.07052671 -0.4097328 -0.1260013 0.07199996 -0.4097328 -0.127 0.07100129 -0.4094732 -0.1260436 0.07104355 -0.408 -0.1252672 0.07100129 -0.4089987 -0.1252672 0.07199996 -0.4089564 -0.1255267 0.07104355 -0.408 -0.127 0.1299999 -0.408 -0.125 0.128 -0.41 -0.127 0.128 -0.408 -0.1260013 0.1297327 -0.4089987 -0.127 0.1297327 -0.4089564 -0.1260436 0.1294732 -0.4089987 -0.1252672 0.128 -0.408 -0.1252672 0.1289986 -0.4089564 -0.1255267 0.1289564 -0.4097328 -0.127 0.1289986 -0.4097328 -0.1260013 0.128 -0.4094732 -0.1260436 0.1289564 -0.392 -0.143 0.06999999 -0.39 -0.143 0.07199996 -0.392 -0.145 0.07199996 -0.3910013 -0.143 0.0702672 -0.392 -0.1439987 0.0702672 -0.3910436 -0.1439564 0.07052671 -0.3902672 -0.1439987 0.07199996 -0.3902672 -0.143 0.07100129 -0.3905267 -0.1439564 0.07104355 -0.392 -0.1447328 0.07100129 -0.3910013 -0.1447328 0.07199996 -0.3910436 -0.1444733 0.07104355 -0.392 -0.143 0.1299999 -0.392 -0.145 0.128 -0.39 -0.143 0.128 -0.392 -0.1439987 0.1297327 -0.3910013 -0.143 0.1297327 -0.3910436 -0.1439564 0.1294732 -0.3910013 -0.1447328 0.128 -0.392 -0.1447328 0.1289986 -0.3910436 -0.1444733 0.1289564 -0.3902672 -0.143 0.1289986 -0.3902672 -0.1439987 0.128 -0.3905267 -0.1439564 0.1289564 -0.392 -0.127 0.06999999 -0.392 -0.125 0.07199996 -0.39 -0.127 0.07199996 -0.392 -0.1260013 0.0702672 -0.3910013 -0.127 0.0702672 -0.3910436 -0.1260436 0.07052671 -0.3910013 -0.1252672 0.07199996 -0.392 -0.1252672 0.07100129 -0.3910436 -0.1255267 0.07104355 -0.3902672 -0.127 0.07100129 -0.3902672 -0.1260013 0.07199996 -0.3905267 -0.1260436 0.07104355 -0.392 -0.127 0.1299999 -0.39 -0.127 0.128 -0.392 -0.125 0.128 -0.3910013 -0.127 0.1297327 -0.392 -0.1260013 0.1297327 -0.3910436 -0.1260436 0.1294732 -0.3902672 -0.1260013 0.128 -0.3902672 -0.127 0.1289986 -0.3905267 -0.1260436 0.1289564 -0.392 -0.1252672 0.1289986 -0.3910013 -0.1252672 0.128 -0.3910436 -0.1255267 0.1289564 -0.363 -0.273 0.06999999 -0.363 -0.275 0.07200002 -0.365 -0.273 0.07200002 -0.363 -0.2739987 0.0702672 -0.3639987 -0.273 0.0702672 -0.3639565 -0.2739564 0.07052671 -0.3639987 -0.2747328 0.07200002 -0.363 -0.2747328 0.07100129 -0.3639565 -0.2744733 0.07104355 -0.3647328 -0.273 0.07100129 -0.3647328 -0.2739987 0.07200002 -0.3644733 -0.2739564 0.07104355 -0.363 -0.275 0.074 -0.363 -0.273 0.07599997 -0.365 -0.273 0.074 -0.363 -0.2747328 0.07499867 -0.3639987 -0.2747328 0.074 -0.3639565 -0.2744733 0.07495641 -0.3639987 -0.273 0.07573282 -0.363 -0.2739987 0.07573282 -0.3639565 -0.2739564 0.07547324 -0.3647328 -0.2739987 0.074 -0.3647328 -0.273 0.07499867 -0.3644733 -0.2739564 0.07495641 -0.363 -0.207 0.06999999 -0.365 -0.207 0.07200002 -0.363 -0.205 0.07200002 -0.3639987 -0.207 0.0702672 -0.363 -0.2060013 0.0702672 -0.3639565 -0.2060436 0.07052671 -0.3647328 -0.2060013 0.07200002 -0.3647328 -0.207 0.07100129 -0.3644733 -0.2060436 0.07104355 -0.363 -0.2052671 0.07100129 -0.3639987 -0.2052671 0.07200002 -0.3639565 -0.2055267 0.07104355 -0.363 -0.207 0.07599997 -0.363 -0.205 0.074 -0.365 -0.207 0.074 -0.363 -0.2060013 0.07573282 -0.3639987 -0.207 0.07573282 -0.3639565 -0.2060436 0.07547324 -0.3639987 -0.2052671 0.074 -0.363 -0.2052671 0.07499867 -0.3639565 -0.2055267 0.07495641 -0.3647328 -0.207 0.07499867 -0.3647328 -0.2060013 0.074 -0.3644733 -0.2060436 0.07495641 -0.06699997 -0.273 0.06999999 -0.06499999 -0.273 0.07200002 -0.06699997 -0.275 0.07200002 -0.06600129 -0.273 0.0702672 -0.06699997 -0.2739987 0.0702672 -0.06604355 -0.2739564 0.07052671 -0.06526714 -0.2739987 0.07200002 -0.06526714 -0.273 0.07100129 -0.06552672 -0.2739564 0.07104355 -0.06699997 -0.2747328 0.07100129 -0.06600129 -0.2747328 0.07200002 -0.06604355 -0.2744733 0.07104355 -0.06699997 -0.273 0.07599997 -0.06699997 -0.275 0.074 -0.06499999 -0.273 0.074 -0.06699997 -0.2739987 0.07573282 -0.06600129 -0.273 0.07573282 -0.06604355 -0.2739564 0.07547324 -0.06600129 -0.2747328 0.074 -0.06699997 -0.2747328 0.07499867 -0.06604355 -0.2744733 0.07495641 -0.06526714 -0.273 0.07499867 -0.06526714 -0.2739987 0.074 -0.06552672 -0.2739564 0.07495641 -0.06699997 -0.207 0.06999999 -0.06699997 -0.205 0.07200002 -0.06499999 -0.207 0.07200002 -0.06699997 -0.2060013 0.0702672 -0.06600129 -0.207 0.0702672 -0.06604355 -0.2060436 0.07052671 -0.06600129 -0.2052671 0.07200002 -0.06699997 -0.2052671 0.07100129 -0.06604355 -0.2055267 0.07104355 -0.06526714 -0.207 0.07100129 -0.06526714 -0.2060013 0.07200002 -0.06552672 -0.2060436 0.07104355 -0.06699997 -0.207 0.07599997 -0.06499999 -0.207 0.074 -0.06699997 -0.205 0.074 -0.06600129 -0.207 0.07573282 -0.06699997 -0.2060013 0.07573282 -0.06604355 -0.2060436 0.07547324 -0.06526714 -0.2060013 0.074 -0.06526714 -0.207 0.07499867 -0.06552672 -0.2060436 0.07495641 -0.06699997 -0.2052671 0.07499867 -0.06600129 -0.2052671 0.074 -0.06604355 -0.2055267 0.07495641 -0.3185 -0.148 0.09399998 -0.3204038 -0.1438268 0.09207391 -0.325 -0.1420983 0.0912761 -0.3295962 -0.1438268 0.09207391 -0.3315 -0.148 0.09399998 -0.3295962 -0.1521731 0.09592604 -0.325 -0.1539017 0.09672385 -0.3204038 -0.1521731 0.09592604 -0.3185 -0.136 0.12 -0.3204038 -0.1314179 0.1196396 -0.325 -0.12952 0.1194903 -0.3295962 -0.1314179 0.1196396 -0.3315 -0.136 0.12 -0.3295962 -0.140582 0.1203604 -0.325 -0.14248 0.1205096 -0.3204038 -0.140582 0.1203604 -0.3185 -0.134 0.272 -0.3204038 -0.1294041 0.2719472 -0.325 -0.1275004 0.2719253 -0.3295962 -0.1294041 0.2719472 -0.3315 -0.134 0.272 -0.3295962 -0.1385959 0.2720528 -0.325 -0.1404995 0.2720747 -0.3204038 -0.1385959 0.2720528 -0.3185 -0.134 0.294 -0.3204038 -0.1297325 0.2922931 -0.325 -0.1279649 0.291586 -0.3295962 -0.1297325 0.2922931 -0.3315 -0.134 0.294 -0.3295962 -0.1382674 0.295707 -0.325 -0.1400351 0.2964141 -0.3204038 -0.1382674 0.295707 -0.3185 -0.122 0.302 -0.3204038 -0.1218564 0.297406 -0.325 -0.121797 0.2955031 -0.3295962 -0.1218564 0.297406 -0.3315 -0.122 0.302 -0.3295962 -0.1221435 0.306594 -0.325 -0.122203 0.3084968 -0.3204038 -0.1221435 0.306594 -0.3185 0.122 0.302 -0.3204038 0.1218564 0.297406 -0.325 0.121797 0.2955031 -0.3295962 0.1218564 0.297406 -0.3315 0.122 0.302 -0.3295962 0.1221435 0.306594 -0.325 0.122203 0.3084968 -0.3204038 0.1221435 0.306594 -0.3185 0.134 0.294 -0.3204038 0.1297325 0.2922931 -0.325 0.1279649 0.291586 -0.3295962 0.1297325 0.2922931 -0.3315 0.134 0.294 -0.3295962 0.1382674 0.295707 -0.325 0.1400351 0.2964141 -0.3204038 0.1382674 0.295707 -0.3185 0.134 0.272 -0.3204038 0.1294041 0.2719472 -0.325 0.1275004 0.2719253 -0.3295962 0.1294041 0.2719472 -0.3315 0.134 0.272 -0.3295962 0.1385959 0.2720528 -0.325 0.1404995 0.2720747 -0.3204038 0.1385959 0.2720528 -0.3185 0.136 0.12 -0.3204038 0.1314179 0.1196396 -0.325 0.12952 0.1194903 -0.3295962 0.1314179 0.1196396 -0.3315 0.136 0.12 -0.3295962 0.140582 0.1203604 -0.325 0.14248 0.1205096 -0.3204038 0.140582 0.1203604 -0.3185 0.148 0.09399998 -0.3204038 0.1438268 0.09207391 -0.325 0.1420983 0.0912761 -0.3295962 0.1438268 0.09207391 -0.3315 0.148 0.09399998 -0.3295962 0.1521731 0.09592604 -0.325 0.1539017 0.09672385 -0.3204038 0.1521731 0.09592604 -0.345 0.145 0.06999999 -0.345 0.145 0.074 -0.345 0.175 0.06999999 -0.345 0.175 0.074 -0.305 0.145 0.06999999 -0.305 0.145 0.074 -0.305 0.175 0.06999999 -0.305 0.175 0.074 -0.337 0.1625 0.08599996 -0.339165 0.1612499 0.08599996 -0.339165 0.1587499 0.08599996 -0.337 0.1575 0.08599996 -0.3348349 0.1587499 0.08599996 -0.3348349 0.1612499 0.08599996 -0.3353923 0.1625 0.092 -0.3372673 0.1612499 0.09308248 -0.3372673 0.1587499 0.09308248 -0.3353923 0.1575 0.092 -0.3335173 0.1587499 0.09091746 -0.3335173 0.1612499 0.09091746 -0.331 0.1625 0.09639227 -0.3320825 0.1612499 0.09826725 -0.3320825 0.1587499 0.09826725 -0.331 0.1575 0.09639227 -0.3299174 0.1587499 0.09451729 -0.3299174 0.1612499 0.09451729 -0.325 0.1625 0.09799998 -0.325 0.1612499 0.100165 -0.325 0.1587499 0.100165 -0.325 0.1575 0.09799998 -0.325 0.1587499 0.09583491 -0.325 0.1612499 0.09583491 -0.319 0.1625 0.09639227 -0.3179175 0.1612499 0.09826725 -0.3179175 0.1587499 0.09826725 -0.319 0.1575 0.09639227 -0.3200825 0.1587499 0.09451729 -0.3200825 0.1612499 0.09451729 -0.3146077 0.1625 0.092 -0.3127327 0.1612499 0.09308248 -0.3127327 0.1587499 0.09308248 -0.3146077 0.1575 0.092 -0.3164827 0.1587499 0.09091746 -0.3164827 0.1612499 0.09091746 -0.313 0.1625 0.08599996 -0.3108349 0.1612499 0.08599996 -0.3108349 0.1587499 0.08599996 -0.313 0.1575 0.08599996 -0.3151651 0.1587499 0.08599996 -0.3151651 0.1612499 0.08599996 -0.3146077 0.1625 0.07999998 -0.3127327 0.1612499 0.07891744 -0.3127327 0.1587499 0.07891744 -0.3146077 0.1575 0.07999998 -0.3164827 0.1587499 0.08108252 -0.3164827 0.1612499 0.08108252 -0.319 0.1625 0.07560765 -0.3179175 0.1612499 0.07373267 -0.3179175 0.1587499 0.07373267 -0.319 0.1575 0.07560765 -0.3200825 0.1587499 0.0774827 -0.3200825 0.1612499 0.0774827 -0.325 0.1625 0.074 -0.325 0.1612499 0.07183492 -0.325 0.1587499 0.07183492 -0.325 0.1575 0.074 -0.325 0.1587499 0.07616502 -0.325 0.1612499 0.07616502 -0.331 0.1625 0.07560765 -0.3320825 0.1612499 0.07373267 -0.3320825 0.1587499 0.07373267 -0.331 0.1575 0.07560765 -0.3299174 0.1587499 0.0774827 -0.3299174 0.1612499 0.0774827 -0.3353923 0.1625 0.07999998 -0.3372673 0.1612499 0.07891744 -0.3372673 0.1587499 0.07891744 -0.3353923 0.1575 0.07999998 -0.3335173 0.1587499 0.08108252 -0.3335173 0.1612499 0.08108252 -0.325 0.1461259 0.09434258 -0.3224019 0.1470629 0.09317129 -0.3224019 0.148937 0.09082871 -0.325 0.149874 0.08965736 -0.327598 0.148937 0.09082871 -0.327598 0.1470629 0.09317129 -0.325 0.158 0.1029999 -0.3224019 0.158 0.1015 -0.3224019 0.158 0.09849995 -0.325 0.158 0.097 -0.327598 0.158 0.09849995 -0.327598 0.158 0.1015 -0.325 0.168846 0.09294867 -0.3224019 0.167423 0.09247434 -0.3224019 0.164577 0.09152567 -0.325 0.1631539 0.09105128 -0.327598 0.164577 0.09152567 -0.327598 0.167423 0.09247434 -0.325 0.1669417 0.0814116 -0.3224019 0.1654708 0.0817058 -0.3224019 0.1625291 0.08229416 -0.325 0.1610583 0.08258831 -0.327598 0.1625291 0.08229416 -0.327598 0.1654708 0.0817058 -0.345 -0.175 0.06999999 -0.345 -0.175 0.074 -0.345 -0.145 0.06999999 -0.345 -0.145 0.074 -0.305 -0.175 0.06999999 -0.305 -0.175 0.074 -0.305 -0.145 0.06999999 -0.305 -0.145 0.074 -0.337 -0.1575 0.08599996 -0.339165 -0.1587499 0.08599996 -0.339165 -0.1612499 0.08599996 -0.337 -0.1625 0.08599996 -0.3348349 -0.1612499 0.08599996 -0.3348349 -0.1587499 0.08599996 -0.3353923 -0.1575 0.092 -0.3372673 -0.1587499 0.09308248 -0.3372673 -0.1612499 0.09308248 -0.3353923 -0.1625 0.092 -0.3335173 -0.1612499 0.09091746 -0.3335173 -0.1587499 0.09091746 -0.331 -0.1575 0.09639227 -0.3320825 -0.1587499 0.09826725 -0.3320825 -0.1612499 0.09826725 -0.331 -0.1625 0.09639227 -0.3299174 -0.1612499 0.09451729 -0.3299174 -0.1587499 0.09451729 -0.325 -0.1575 0.09799998 -0.325 -0.1587499 0.100165 -0.325 -0.1612499 0.100165 -0.325 -0.1625 0.09799998 -0.325 -0.1612499 0.09583491 -0.325 -0.1587499 0.09583491 -0.319 -0.1575 0.09639227 -0.3179175 -0.1587499 0.09826725 -0.3179175 -0.1612499 0.09826725 -0.319 -0.1625 0.09639227 -0.3200825 -0.1612499 0.09451729 -0.3200825 -0.1587499 0.09451729 -0.3146077 -0.1575 0.092 -0.3127327 -0.1587499 0.09308248 -0.3127327 -0.1612499 0.09308248 -0.3146077 -0.1625 0.092 -0.3164827 -0.1612499 0.09091746 -0.3164827 -0.1587499 0.09091746 -0.313 -0.1575 0.08599996 -0.3108349 -0.1587499 0.08599996 -0.3108349 -0.1612499 0.08599996 -0.313 -0.1625 0.08599996 -0.3151651 -0.1612499 0.08599996 -0.3151651 -0.1587499 0.08599996 -0.3146077 -0.1575 0.07999998 -0.3127327 -0.1587499 0.07891744 -0.3127327 -0.1612499 0.07891744 -0.3146077 -0.1625 0.07999998 -0.3164827 -0.1612499 0.08108252 -0.3164827 -0.1587499 0.08108252 -0.319 -0.1575 0.07560765 -0.3179175 -0.1587499 0.07373267 -0.3179175 -0.1612499 0.07373267 -0.319 -0.1625 0.07560765 -0.3200825 -0.1612499 0.0774827 -0.3200825 -0.1587499 0.0774827 -0.325 -0.1575 0.074 -0.325 -0.1587499 0.07183492 -0.325 -0.1612499 0.07183492 -0.325 -0.1625 0.074 -0.325 -0.1612499 0.07616502 -0.325 -0.1587499 0.07616502 -0.331 -0.1575 0.07560765 -0.3320825 -0.1587499 0.07373267 -0.3320825 -0.1612499 0.07373267 -0.331 -0.1625 0.07560765 -0.3299174 -0.1612499 0.0774827 -0.3299174 -0.1587499 0.0774827 -0.3353923 -0.1575 0.07999998 -0.3372673 -0.1587499 0.07891744 -0.3372673 -0.1612499 0.07891744 -0.3353923 -0.1625 0.07999998 -0.3335173 -0.1612499 0.08108252 -0.3335173 -0.1587499 0.08108252 -0.325 -0.1461259 0.09434258 -0.327598 -0.1470629 0.09317129 -0.327598 -0.148937 0.09082871 -0.325 -0.149874 0.08965736 -0.3224019 -0.148937 0.09082871 -0.3224019 -0.1470629 0.09317129 -0.325 -0.158 0.1029999 -0.327598 -0.158 0.1015 -0.327598 -0.158 0.09849995 -0.325 -0.158 0.097 -0.3224019 -0.158 0.09849995 -0.3224019 -0.158 0.1015 -0.325 -0.168846 0.09294867 -0.327598 -0.167423 0.09247434 -0.327598 -0.164577 0.09152567 -0.325 -0.1631539 0.09105128 -0.3224019 -0.164577 0.09152567 -0.3224019 -0.167423 0.09247434 -0.325 -0.1669417 0.0814116 -0.327598 -0.1654708 0.0817058 -0.327598 -0.1625291 0.08229416 -0.325 -0.1610583 0.08258831 -0.3224019 -0.1625291 0.08229416 -0.3224019 -0.1654708 0.0817058 -0.09849995 -0.148 0.09399998 -0.1004038 -0.1438268 0.09207391 -0.105 -0.1420983 0.0912761 -0.1095961 -0.1438268 0.09207391 -0.1115 -0.148 0.09399998 -0.1095961 -0.1521731 0.09592604 -0.105 -0.1539017 0.09672385 -0.1004038 -0.1521731 0.09592604 -0.09849995 -0.136 0.12 -0.1004038 -0.1314179 0.1196396 -0.105 -0.12952 0.1194903 -0.1095961 -0.1314179 0.1196396 -0.1115 -0.136 0.12 -0.1095961 -0.140582 0.1203604 -0.105 -0.14248 0.1205096 -0.1004038 -0.140582 0.1203604 -0.09849995 -0.134 0.272 -0.1004038 -0.1294041 0.2719472 -0.105 -0.1275004 0.2719253 -0.1095961 -0.1294041 0.2719472 -0.1115 -0.134 0.272 -0.1095961 -0.1385959 0.2720528 -0.105 -0.1404995 0.2720747 -0.1004038 -0.1385959 0.2720528 -0.09849995 -0.134 0.294 -0.1004038 -0.1297325 0.2922931 -0.105 -0.1279649 0.291586 -0.1095961 -0.1297325 0.2922931 -0.1115 -0.134 0.294 -0.1095961 -0.1382674 0.295707 -0.105 -0.1400351 0.2964141 -0.1004038 -0.1382674 0.295707 -0.09849995 -0.122 0.302 -0.1004038 -0.1218564 0.297406 -0.105 -0.121797 0.2955031 -0.1095961 -0.1218564 0.297406 -0.1115 -0.122 0.302 -0.1095961 -0.1221435 0.306594 -0.105 -0.122203 0.3084968 -0.1004038 -0.1221435 0.306594 -0.09849995 0.122 0.302 -0.1004038 0.1218564 0.297406 -0.105 0.121797 0.2955031 -0.1095961 0.1218564 0.297406 -0.1115 0.122 0.302 -0.1095961 0.1221435 0.306594 -0.105 0.122203 0.3084968 -0.1004038 0.1221435 0.306594 -0.09849995 0.134 0.294 -0.1004038 0.1297325 0.2922931 -0.105 0.1279649 0.291586 -0.1095961 0.1297325 0.2922931 -0.1115 0.134 0.294 -0.1095961 0.1382674 0.295707 -0.105 0.1400351 0.2964141 -0.1004038 0.1382674 0.295707 -0.09849995 0.134 0.272 -0.1004038 0.1294041 0.2719472 -0.105 0.1275004 0.2719253 -0.1095961 0.1294041 0.2719472 -0.1115 0.134 0.272 -0.1095961 0.1385959 0.2720528 -0.105 0.1404995 0.2720747 -0.1004038 0.1385959 0.2720528 -0.09849995 0.136 0.12 -0.1004038 0.1314179 0.1196396 -0.105 0.12952 0.1194903 -0.1095961 0.1314179 0.1196396 -0.1115 0.136 0.12 -0.1095961 0.140582 0.1203604 -0.105 0.14248 0.1205096 -0.1004038 0.140582 0.1203604 -0.09849995 0.148 0.09399998 -0.1004038 0.1438268 0.09207391 -0.105 0.1420983 0.0912761 -0.1095961 0.1438268 0.09207391 -0.1115 0.148 0.09399998 -0.1095961 0.1521731 0.09592604 -0.105 0.1539017 0.09672385 -0.1004038 0.1521731 0.09592604 -0.125 0.145 0.06999999 -0.125 0.145 0.074 -0.125 0.175 0.06999999 -0.125 0.175 0.074 -0.08499997 0.145 0.06999999 -0.08499997 0.145 0.074 -0.08499997 0.175 0.06999999 -0.08499997 0.175 0.074 -0.117 0.1625 0.08599996 -0.119165 0.1612499 0.08599996 -0.119165 0.1587499 0.08599996 -0.117 0.1575 0.08599996 -0.1148349 0.1587499 0.08599996 -0.1148349 0.1612499 0.08599996 -0.1153923 0.1625 0.092 -0.1172673 0.1612499 0.09308248 -0.1172673 0.1587499 0.09308248 -0.1153923 0.1575 0.092 -0.1135173 0.1587499 0.09091746 -0.1135173 0.1612499 0.09091746 -0.111 0.1625 0.09639227 -0.1120825 0.1612499 0.09826725 -0.1120825 0.1587499 0.09826725 -0.111 0.1575 0.09639227 -0.1099174 0.1587499 0.09451729 -0.1099174 0.1612499 0.09451729 -0.105 0.1625 0.09799998 -0.105 0.1612499 0.100165 -0.105 0.1587499 0.100165 -0.105 0.1575 0.09799998 -0.105 0.1587499 0.09583491 -0.105 0.1612499 0.09583491 -0.09899997 0.1625 0.09639227 -0.09791743 0.1612499 0.09826725 -0.09791743 0.1587499 0.09826725 -0.09899997 0.1575 0.09639227 -0.1000825 0.1587499 0.09451729 -0.1000825 0.1612499 0.09451729 -0.09460765 0.1625 0.092 -0.09273266 0.1612499 0.09308248 -0.09273266 0.1587499 0.09308248 -0.09460765 0.1575 0.092 -0.09648269 0.1587499 0.09091746 -0.09648269 0.1612499 0.09091746 -0.09299999 0.1625 0.08599996 -0.09083491 0.1612499 0.08599996 -0.09083491 0.1587499 0.08599996 -0.09299999 0.1575 0.08599996 -0.09516501 0.1587499 0.08599996 -0.09516501 0.1612499 0.08599996 -0.09460765 0.1625 0.07999998 -0.09273266 0.1612499 0.07891744 -0.09273266 0.1587499 0.07891744 -0.09460765 0.1575 0.07999998 -0.09648269 0.1587499 0.08108252 -0.09648269 0.1612499 0.08108252 -0.09899997 0.1625 0.07560765 -0.09791743 0.1612499 0.07373267 -0.09791743 0.1587499 0.07373267 -0.09899997 0.1575 0.07560765 -0.1000825 0.1587499 0.0774827 -0.1000825 0.1612499 0.0774827 -0.105 0.1625 0.074 -0.105 0.1612499 0.07183492 -0.105 0.1587499 0.07183492 -0.105 0.1575 0.074 -0.105 0.1587499 0.07616502 -0.105 0.1612499 0.07616502 -0.111 0.1625 0.07560765 -0.1120825 0.1612499 0.07373267 -0.1120825 0.1587499 0.07373267 -0.111 0.1575 0.07560765 -0.1099174 0.1587499 0.0774827 -0.1099174 0.1612499 0.0774827 -0.1153923 0.1625 0.07999998 -0.1172673 0.1612499 0.07891744 -0.1172673 0.1587499 0.07891744 -0.1153923 0.1575 0.07999998 -0.1135173 0.1587499 0.08108252 -0.1135173 0.1612499 0.08108252 -0.105 0.1461259 0.09434258 -0.1024019 0.1470629 0.09317129 -0.1024019 0.148937 0.09082871 -0.105 0.149874 0.08965736 -0.1075981 0.148937 0.09082871 -0.1075981 0.1470629 0.09317129 -0.105 0.158 0.1029999 -0.1024019 0.158 0.1015 -0.1024019 0.158 0.09849995 -0.105 0.158 0.097 -0.1075981 0.158 0.09849995 -0.1075981 0.158 0.1015 -0.105 0.168846 0.09294867 -0.1024019 0.167423 0.09247434 -0.1024019 0.164577 0.09152567 -0.105 0.1631539 0.09105128 -0.1075981 0.164577 0.09152567 -0.1075981 0.167423 0.09247434 -0.105 0.1669417 0.0814116 -0.1024019 0.1654708 0.0817058 -0.1024019 0.1625291 0.08229416 -0.105 0.1610583 0.08258831 -0.1075981 0.1625291 0.08229416 -0.1075981 0.1654708 0.0817058 -0.125 -0.175 0.06999999 -0.125 -0.175 0.074 -0.125 -0.145 0.06999999 -0.125 -0.145 0.074 -0.08499997 -0.175 0.06999999 -0.08499997 -0.175 0.074 -0.08499997 -0.145 0.06999999 -0.08499997 -0.145 0.074 -0.117 -0.1575 0.08599996 -0.119165 -0.1587499 0.08599996 -0.119165 -0.1612499 0.08599996 -0.117 -0.1625 0.08599996 -0.1148349 -0.1612499 0.08599996 -0.1148349 -0.1587499 0.08599996 -0.1153923 -0.1575 0.092 -0.1172673 -0.1587499 0.09308248 -0.1172673 -0.1612499 0.09308248 -0.1153923 -0.1625 0.092 -0.1135173 -0.1612499 0.09091746 -0.1135173 -0.1587499 0.09091746 -0.111 -0.1575 0.09639227 -0.1120825 -0.1587499 0.09826725 -0.1120825 -0.1612499 0.09826725 -0.111 -0.1625 0.09639227 -0.1099174 -0.1612499 0.09451729 -0.1099174 -0.1587499 0.09451729 -0.105 -0.1575 0.09799998 -0.105 -0.1587499 0.100165 -0.105 -0.1612499 0.100165 -0.105 -0.1625 0.09799998 -0.105 -0.1612499 0.09583491 -0.105 -0.1587499 0.09583491 -0.09899997 -0.1575 0.09639227 -0.09791743 -0.1587499 0.09826725 -0.09791743 -0.1612499 0.09826725 -0.09899997 -0.1625 0.09639227 -0.1000825 -0.1612499 0.09451729 -0.1000825 -0.1587499 0.09451729 -0.09460765 -0.1575 0.092 -0.09273266 -0.1587499 0.09308248 -0.09273266 -0.1612499 0.09308248 -0.09460765 -0.1625 0.092 -0.09648269 -0.1612499 0.09091746 -0.09648269 -0.1587499 0.09091746 -0.09299999 -0.1575 0.08599996 -0.09083491 -0.1587499 0.08599996 -0.09083491 -0.1612499 0.08599996 -0.09299999 -0.1625 0.08599996 -0.09516501 -0.1612499 0.08599996 -0.09516501 -0.1587499 0.08599996 -0.09460765 -0.1575 0.07999998 -0.09273266 -0.1587499 0.07891744 -0.09273266 -0.1612499 0.07891744 -0.09460765 -0.1625 0.07999998 -0.09648269 -0.1612499 0.08108252 -0.09648269 -0.1587499 0.08108252 -0.09899997 -0.1575 0.07560765 -0.09791743 -0.1587499 0.07373267 -0.09791743 -0.1612499 0.07373267 -0.09899997 -0.1625 0.07560765 -0.1000825 -0.1612499 0.0774827 -0.1000825 -0.1587499 0.0774827 -0.105 -0.1575 0.074 -0.105 -0.1587499 0.07183492 -0.105 -0.1612499 0.07183492 -0.105 -0.1625 0.074 -0.105 -0.1612499 0.07616502 -0.105 -0.1587499 0.07616502 -0.111 -0.1575 0.07560765 -0.1120825 -0.1587499 0.07373267 -0.1120825 -0.1612499 0.07373267 -0.111 -0.1625 0.07560765 -0.1099174 -0.1612499 0.0774827 -0.1099174 -0.1587499 0.0774827 -0.1153923 -0.1575 0.07999998 -0.1172673 -0.1587499 0.07891744 -0.1172673 -0.1612499 0.07891744 -0.1153923 -0.1625 0.07999998 -0.1135173 -0.1612499 0.08108252 -0.1135173 -0.1587499 0.08108252 -0.105 -0.1461259 0.09434258 -0.1075981 -0.1470629 0.09317129 -0.1075981 -0.148937 0.09082871 -0.105 -0.149874 0.08965736 -0.1024019 -0.148937 0.09082871 -0.1024019 -0.1470629 0.09317129 -0.105 -0.158 0.1029999 -0.1075981 -0.158 0.1015 -0.1075981 -0.158 0.09849995 -0.105 -0.158 0.097 -0.1024019 -0.158 0.09849995 -0.1024019 -0.158 0.1015 -0.105 -0.168846 0.09294867 -0.1075981 -0.167423 0.09247434 -0.1075981 -0.164577 0.09152567 -0.105 -0.1631539 0.09105128 -0.1024019 -0.164577 0.09152567 -0.1024019 -0.167423 0.09247434 -0.105 -0.1669417 0.0814116 -0.1075981 -0.1654708 0.0817058 -0.1075981 -0.1625291 0.08229416 -0.105 -0.1610583 0.08258831 -0.1024019 -0.1625291 0.08229416 -0.1024019 -0.1654708 0.0817058 0.42 0.215 -0.1 0.42 0.215 -0.07999998 0.4275 0.2129904 -0.1 0.4275 0.2129904 -0.07999998 0.4329904 0.2075 -0.1 0.4329904 0.2075 -0.07999998 0.435 0.2 -0.1 0.435 0.2 -0.07999998 0.4329904 0.1925 -0.1 0.4329904 0.1925 -0.07999998 0.4275 0.1870096 -0.1 0.4275 0.1870096 -0.07999998 0.42 0.185 -0.1 0.42 0.185 -0.07999998 0.4125 0.1870096 -0.1 0.4125 0.1870096 -0.07999998 0.4070096 0.1925 -0.1 0.4070096 0.1925 -0.07999998 0.405 0.2 -0.1 0.405 0.2 -0.07999998 0.4070096 0.2075 -0.1 0.4070096 0.2075 -0.07999998 0.4125 0.2129904 -0.1 0.4125 0.2129904 -0.07999998 0.42 -0.185 -0.1 0.42 -0.185 -0.07999998 0.4275 -0.1870096 -0.1 0.4275 -0.1870096 -0.07999998 0.4329904 -0.1925 -0.1 0.4329904 -0.1925 -0.07999998 0.435 -0.2 -0.1 0.435 -0.2 -0.07999998 0.4329904 -0.2075 -0.1 0.4329904 -0.2075 -0.07999998 0.4275 -0.2129904 -0.1 0.4275 -0.2129904 -0.07999998 0.42 -0.215 -0.1 0.42 -0.215 -0.07999998 0.4125 -0.2129904 -0.1 0.4125 -0.2129904 -0.07999998 0.4070096 -0.2075 -0.1 0.4070096 -0.2075 -0.07999998 0.405 -0.2 -0.1 0.405 -0.2 -0.07999998 0.4070096 -0.1925 -0.1 0.4070096 -0.1925 -0.07999998 0.4125 -0.1870096 -0.1 0.4125 -0.1870096 -0.07999998 -0.42 0.215 -0.1 -0.42 0.215 -0.07999998 -0.4125 0.2129904 -0.1 -0.4125 0.2129904 -0.07999998 -0.4070096 0.2075 -0.1 -0.4070096 0.2075 -0.07999998 -0.405 0.2 -0.1 -0.405 0.2 -0.07999998 -0.4070096 0.1925 -0.1 -0.4070096 0.1925 -0.07999998 -0.4125 0.1870096 -0.1 -0.4125 0.1870096 -0.07999998 -0.42 0.185 -0.1 -0.42 0.185 -0.07999998 -0.4275 0.1870096 -0.1 -0.4275 0.1870096 -0.07999998 -0.4329904 0.1925 -0.1 -0.4329904 0.1925 -0.07999998 -0.435 0.2 -0.1 -0.435 0.2 -0.07999998 -0.4329904 0.2075 -0.1 -0.4329904 0.2075 -0.07999998 -0.4275 0.2129904 -0.1 -0.4275 0.2129904 -0.07999998 -0.42 -0.185 -0.1 -0.42 -0.185 -0.07999998 -0.4125 -0.1870096 -0.1 -0.4125 -0.1870096 -0.07999998 -0.4070096 -0.1925 -0.1 -0.4070096 -0.1925 -0.07999998 -0.405 -0.2 -0.1 -0.405 -0.2 -0.07999998 -0.4070096 -0.2075 -0.1 -0.4070096 -0.2075 -0.07999998 -0.4125 -0.2129904 -0.1 -0.4125 -0.2129904 -0.07999998 -0.42 -0.215 -0.1 -0.42 -0.215 -0.07999998 -0.4275 -0.2129904 -0.1 -0.4275 -0.2129904 -0.07999998 -0.4329904 -0.2075 -0.1 -0.4329904 -0.2075 -0.07999998 -0.435 -0.2 -0.1 -0.435 -0.2 -0.07999998 -0.4329904 -0.1925 -0.1 -0.4329904 -0.1925 -0.07999998 -0.4275 -0.1870096 -0.1 -0.4275 -0.1870096 -0.07999998</float_array>
          <technique_common>
            <accessor source="#hull-mesh-positions-array" count="7588" stride="3">
              <param name="X" type="float"/>
              <param name="Y" type="float"/>
              <param name="Z" type="float"/>
            </accessor>
          </technique_common>
        </source>
        <source id="hull-mesh-normals">
          <float_array id="hull-mesh-normals-array" count="34950">0.2478048 -0.01339316 -0.9687175 0.470588 0 -0.8823531 0.4601217 -0.03491479 -0.8871692 0.2425402 -1.21244e-7 -0.9701414 0.2425381 0 -0.9701419 0.2478024 0.01339322 -0.9687181 0.470588 -1.36433e-7 -0.8823531 0.2396239 0.06082302 -0.9689587 0.4601217 0.03491497 -0.8871691 0.2105328 0.1224896 -0.9698826 0.4285581 0.1197248 -0.8955467 0.3245296 0.3143221 -0.8921223 0.3816253 0.2189704 -0.8980057 0.1747796 0.1818603 -0.9676668 0.2531262 0.4102444 -0.8761432 0.1287741 0.2428646 -0.961475 0.1602192 0.5104328 -0.8448598 0.0659936 0.3092629 -0.948684 0.05553001 0.6008791 -0.7974088 0.02261787 0.624599 -0.7806181 0 0.6401847 -0.768221 0 0.6401847 -0.7682211 0 0.6401844 -0.7682213 0 0.6401846 -0.7682212 0 0.6401847 -0.7682211 0 0.6401844 -0.7682213 -0.02531808 0.6258645 -0.7795208 0 0.6401842 -0.7682214 -0.07006633 0.3157425 -0.9462544 -0.05388832 0.6089553 -0.7913719 -0.1375328 0.2548833 -0.9571412 -0.1626873 0.530658 -0.8318264 -0.1896437 0.1948466 -0.9623253 -0.2656971 0.436307 -0.8596752 -0.2317548 0.1331995 -0.9636118 -0.3480728 0.3405453 -0.8734267 -0.4726697 0.1338125 -0.871021 -0.4158899 0.2409904 -0.8769032 -0.2668852 0.0665543 -0.9614275 -0.5112828 0.03952735 -0.8585031 -0.2777705 0.01458656 -0.9605368 -0.5240974 0 -0.8516584 -0.2723492 0 -0.9621985 -0.2723445 0 -0.9621999 -0.2777735 -0.01458674 -0.960536 -0.5240973 0 -0.8516584 -0.266889 -0.0665552 -0.9614264 -0.5112828 -0.03952735 -0.8585031 -0.2317496 -0.1331962 -0.9636135 -0.4726697 -0.1338124 -0.871021 -0.3480728 -0.3405453 -0.8734267 -0.4158899 -0.2409904 -0.8769032 -0.1896454 -0.194848 -0.9623247 -0.2656971 -0.436307 -0.8596752 -0.1375322 -0.2548825 -0.9571415 -0.1626872 -0.5306581 -0.8318263 -0.07006812 -0.3157503 -0.9462517 -0.05388832 -0.6089559 -0.7913715 -0.02531838 -0.6258651 -0.7795203 0 -0.6401846 -0.7682213 0 -0.6401846 -0.7682212 0 -0.6401845 -0.7682212 0 -0.6401845 -0.7682212 0 -0.6401843 -0.7682214 0 -0.6401847 -0.7682211 0 -0.6401844 -0.7682213 0 -0.6401844 -0.7682214 0.02261763 -0.6245983 -0.7806186 0 -0.6401844 -0.7682214 0.06599235 -0.3092575 -0.9486858 0.05553007 -0.6008788 -0.797409 0.1287747 -0.2428653 -0.9614747 0.1602193 -0.5104328 -0.8448599 0.1747781 -0.181859 -0.9676673 0.2531262 -0.4102444 -0.8761432 0.2105388 -0.1224935 -0.9698809 0.3245296 -0.3143221 -0.8921223 0.4285581 -0.1197248 -0.8955467 0.3816253 -0.2189704 -0.8980057 0.2396156 -0.06082069 -0.9689609 0.9678375 -0.06309163 -0.2435364 0.9992638 0 0.03836721 0.9971872 -0.06511408 0.0371192 0.9701427 0 -0.2425354 0.9701426 0 -0.2425354 0.9678375 0.06309163 -0.2435363 0.9992637 0 0.03836965 0.9364266 0.2515985 -0.2445475 0.9971873 0.06511485 0.03711563 0.866162 0.4982065 0.03941869 0.9653666 0.2583324 0.0364952 0.8393771 0.4884185 -0.2385236 0.7083486 0.7043551 0.04610955 0.6849579 0.6930527 -0.2247459 0.5025454 0.862722 0.056207 0.4827213 0.8516832 -0.2039995 0.2626857 0.9624013 0.06913667 0.2456593 0.9529592 -0.1775396 0.0671491 0.9944384 0.08113706 0.05992543 0.9860331 -0.1553958 0 0.9962675 0.0863201 0 0.9889363 -0.1483408 0 0.9962675 0.08631974 0 0.9889364 -0.1483409 0 0.9962675 0.08631998 0 0.9889364 -0.1483405 0 0.9962675 0.08631992 0 0.9889363 -0.1483409 0 0.9962675 0.08632028 0 0.9889364 -0.1483401 -0.064552 0.9942583 0.08534419 -0.06508433 0.9868396 -0.1480257 -0.2576227 0.9624894 0.08511549 -0.2565041 0.9552203 -0.1475127 -0.4976879 0.8630509 0.086313 -0.4956044 0.8563448 -0.1450855 -0.7038333 0.7048656 0.0882228 -0.7010537 0.6989851 -0.1412217 -0.8620064 0.4987143 0.09071558 -0.8588527 0.4937887 -0.1361801 -0.9614232 0.2586494 0.09362781 -0.9582071 0.254678 -0.1303008 -0.9931893 0.06503796 0.09666955 -0.9900324 0.06419527 -0.1253588 -0.9951341 0 0.0985307 -0.992278 0 -0.1240346 -0.9922779 0 -0.1240346 -0.9900324 -0.06419527 -0.1253588 -0.9951339 0 0.09853237 -0.9582071 -0.254678 -0.1303008 -0.9931896 -0.06503874 0.09666675 -0.8588527 -0.4937887 -0.1361801 -0.961423 -0.2586494 0.09362781 -0.7010537 -0.6989851 -0.1412217 -0.8620064 -0.4987143 0.09071558 -0.4956045 -0.8563448 -0.1450855 -0.7038333 -0.7048656 0.0882228 -0.2565037 -0.9552203 -0.1475127 -0.4976879 -0.8630509 0.086313 -0.06508433 -0.9868396 -0.1480261 -0.2576228 -0.9624894 0.08511549 0 -0.9889364 -0.1483408 -0.06455177 -0.9942581 0.08534651 0 -0.9889364 -0.1483405 0 -0.9962675 0.08632045 0 -0.9889364 -0.1483409 0 -0.9962675 0.08632016 0 -0.9889364 -0.1483405 0 -0.9962675 0.08631974 0 -0.9889363 -0.1483406 0 -0.9962675 0.08631998 0.05992579 -0.9860332 -0.1553952 0 -0.9962675 0.08631968 0.2456594 -0.9529592 -0.1775395 0.06714951 -0.9944387 0.08113461 0.4827213 -0.8516832 -0.2039995 0.2626855 -0.9624014 0.06913655 0.6849579 -0.6930527 -0.2247459 0.5025454 -0.862722 0.056207 0.8393771 -0.4884185 -0.2385236 0.7083486 -0.7043552 0.04610955 0.9364266 -0.2515985 -0.2445475 0.866162 -0.4982065 0.03941869 0.9653666 -0.2583324 0.0364952 0.9468054 -0.06289243 0.3156014 0.9486835 0 0.3162274 0.9486834 0 0.3162275 0.9163586 0.2455347 0.3162273 0.9468054 0.06289094 0.3156015 0.821584 0.4743418 0.3162274 0.6708181 0.670823 0.3162273 0.4743392 0.8215855 0.3162271 0.06289386 0.9468051 0.3156018 0.2455372 0.9163581 0.3162267 0 0.9486831 0.3162285 0 0.9486831 0.3162285 0 0.9486833 0.3162279 -0.06289261 0.9468054 0.3156012 -0.4743392 0.8215855 0.3162271 -0.2455372 0.9163581 0.3162267 -0.6708181 0.670823 0.3162273 -0.821584 0.4743418 0.3162274 -0.9163587 0.2455347 0.3162273 -0.9468054 0.06289243 0.3156014 -0.9486835 0 0.3162274 -0.9486834 0 0.3162275 -0.9163586 -0.2455347 0.3162273 -0.9468054 -0.06289094 0.3156015 -0.821584 -0.4743418 0.3162274 -0.6708181 -0.670823 0.3162273 -0.4743392 -0.8215855 0.3162271 -0.06289386 -0.9468051 0.3156018 -0.2455372 -0.9163581 0.3162267 0 -0.9486831 0.3162285 0 -0.9486831 0.3162285 0 -0.9486833 0.3162279 0.06289261 -0.9468054 0.3156012 0.4743392 -0.8215855 0.3162271 0.2455372 -0.9163581 0.3162267 0.6708181 -0.670823 0.3162273 0.821584 -0.4743418 0.3162274 0.9163587 -0.2455347 0.3162273 0 0 -1 0 0 1 -1.21737e-7 0 1 0 0 1 0.3822801 -0.01902192 0.9238507 0.3826895 -5.11236e-7 0.9238771 0.382685 0 0.9238789 0.9227692 -0.04584139 0.3826169 0.9238819 -1.83114e-5 0.3826777 0.9238801 -1.78149e-5 0.3826822 0.9227692 -0.04584139 -0.3826169 0.923882 -1.83115e-5 -0.3826778 0.9228152 -0.04539936 -0.3825586 0.3822799 -0.01902192 -0.9238508 0.3826897 -5.11239e-7 -0.9238771 0.3823583 -0.01859104 -0.9238271 -0.3822843 0.0188983 -0.9238516 -0.3826897 -7.23596e-6 -0.923877 -0.382367 0.01847898 -0.9238259 -0.922801 0.04514944 -0.3826223 -0.9238819 -2.56601e-5 -0.3826777 -0.9228504 0.04473453 -0.382552 -0.922801 0.04514944 0.3826223 -0.9238819 -2.566e-5 0.3826777 -0.9238802 -2.62121e-5 0.3826822 -0.3822842 0.0188983 0.9238516 -0.3826896 -7.23593e-6 0.9238771 -0.3826851 -7.75115e-6 0.9238789 0.3826851 0 0.923879 0.9238802 0 0.3826822 0.9238802 -1.78148e-5 -0.3826822 0.9238802 0 -0.3826822 0.3826851 0 -0.9238789 0.3826852 0 -0.9238788 -0.3826852 -7.75111e-6 -0.9238789 -0.3826851 0 -0.9238788 -0.9238801 -2.62119e-5 -0.3826822 -0.9238802 0 -0.3826822 -0.9238802 0 0.3826822 -0.3826851 0 0.923879 0.3826851 0 0.923879 0.9238802 1.78148e-5 0.3826822 0.9238802 0 -0.3826822 0.9238819 1.83114e-5 -0.3826777 0.3826851 0 -0.9238788 0.3826897 5.11236e-7 -0.923877 -0.3826852 0 -0.9238788 -0.3826897 7.23593e-6 -0.9238771 -0.9238802 0 -0.3826822 -0.9238819 2.566e-5 -0.3826777 -0.9238801 2.62119e-5 0.3826822 -0.3826851 7.75111e-6 0.9238789 0.3826895 5.11239e-7 0.9238771 0.3822801 0.01902192 0.9238507 0.923882 1.83115e-5 0.3826778 0.9227692 0.04584139 0.382617 0.9227692 0.04584139 -0.3826169 0.9228152 0.04539936 -0.3825586 0.38228 0.01902192 -0.9238508 0.3823584 0.01859104 -0.9238271 -0.3822843 -0.0188983 -0.9238516 -0.382367 -0.01847898 -0.9238259 -0.922801 -0.04514944 -0.3826223 -0.9228504 -0.04473453 -0.382552 -0.9238819 2.56601e-5 0.3826777 -0.922801 -0.04514944 0.3826223 -0.3826897 7.23597e-6 0.9238771 -0.3822841 -0.0188983 0.9238516 0.3823585 0.01859104 0.9238271 0.3752561 0.07473981 0.9239031 0.9228152 0.04539936 0.3825586 0.9060392 0.1805729 0.3827357 0.9060392 0.1805729 -0.3827358 0.906063 0.1805722 -0.3826797 0.3752561 0.07473981 -0.9239031 0.375312 0.07475429 -0.9238793 -0.3752729 -0.07462936 -0.9239051 -0.3753305 -0.07465803 -0.9238795 -0.9061589 -0.1799462 -0.3827475 -0.9061808 -0.1799795 -0.3826798 -0.9228504 -0.04473453 0.382552 -0.9061588 -0.1799462 0.3827475 -0.3823668 -0.01847898 0.9238259 -0.375273 -0.07462936 0.9239051 0.3535537 0.1464484 0.9238792 0.3535543 0.146447 0.9238792 0.906063 0.1805721 0.3826795 0.8535552 0.3535534 0.3826795 0.8535552 0.3535534 -0.3826795 0.8535565 0.3535501 -0.3826798 0.3535537 0.1464484 -0.9238792 -0.3535533 -0.1464484 -0.9238793 -0.8535551 -0.3535536 -0.3826795 -0.8535563 -0.3535504 -0.3826798 -0.9061808 -0.1799795 0.3826798 -0.853555 -0.3535536 0.3826795 -0.3535534 -0.1464484 0.9238793 -0.353554 -0.1464473 0.9238792 0.3181896 0.2126095 0.9238792 0.3181903 0.2126084 0.9238792 0.8535565 0.3535501 0.3826798 0.7681787 0.5132796 0.3826823 0.7681787 0.5132796 -0.3826823 0.7681804 0.5132772 -0.382682 0.3535543 0.146447 -0.9238792 0.3181895 0.2126095 -0.9238792 -0.353554 -0.1464474 -0.9238793 -0.3181897 -0.2126095 -0.923879 -0.7681778 -0.5132816 -0.3826813 -0.7681796 -0.5132787 -0.3826815 -0.8535563 -0.3535504 0.3826798 -0.7681778 -0.5132816 0.3826813 -0.3181897 -0.2126095 0.9238791 -0.3181904 -0.2126082 0.9238791 0.2705978 0.2706004 0.923879 0.2705987 0.2705994 0.9238791 0.7681804 0.5132772 0.382682 0.6532816 0.6532828 0.3826813 0.6532816 0.6532828 -0.3826813 0.6532838 0.6532807 -0.3826808 0.3181902 0.2126084 -0.9238792 0.2705978 0.2706004 -0.923879 -0.3181905 -0.2126082 -0.9238791 -0.2705976 -0.2706 -0.9238791 -0.6532823 -0.6532818 -0.3826816 -0.6532852 -0.653279 -0.3826814 -0.7681796 -0.5132787 0.3826815 -0.6532823 -0.6532818 0.3826816 -0.2705976 -0.2706 0.9238791 -0.2705985 -0.2705987 0.9238792 0.2126061 0.3181901 0.9238798 0.2126072 0.3181893 0.9238798 0.6532838 0.6532807 0.3826809 0.5132805 0.7681786 0.3826812 0.5132805 0.7681785 -0.3826811 0.5132832 0.7681765 -0.3826819 0.2705986 0.2705994 -0.923879 0.2126061 0.31819 -0.9238797 -0.2705985 -0.2705987 -0.9238792 -0.2126091 -0.3181923 -0.9238783 -0.5132803 -0.7681779 -0.382683 -0.5132806 -0.7681775 -0.382683 -0.6532852 -0.653279 0.3826815 -0.5132803 -0.7681778 0.3826829 -0.2126091 -0.3181923 0.9238783 -0.2126094 -0.3181925 0.9238781 0.1464468 0.3535545 0.9238791 0.146447 0.3535547 0.923879 0.5132831 0.7681764 0.3826819 0.3535529 0.8535524 0.3826862 0.3535528 0.8535524 -0.3826862 0.3535528 0.8535519 -0.3826875 0.2126072 0.3181893 -0.9238798 0.1464469 0.3535545 -0.9238791 -0.1464474 -0.3535553 -0.9238787 -0.1464486 -0.3535546 -0.9238789 -0.3535489 -0.8535517 -0.3826913 -0.3535489 -0.8535518 0.3826913 -0.3535525 -0.8535513 0.3826893 -0.1464474 -0.3535553 0.9238787 0.07472884 0.375266 0.9238999 0.180526 0.9060706 0.3826832 0.1805272 0.9060501 0.3827313 0.180526 0.9060706 -0.3826832 0.07472884 0.375266 -0.9238999 0.07474136 0.3753147 -0.9238792 -0.07463371 -0.3752846 -0.9239001 -0.07465893 -0.3753354 -0.9238774 -0.3535525 -0.8535513 -0.3826893 -0.1800122 -0.9061731 -0.3826826 -0.1800122 -0.9061731 0.3826826 -0.1799839 -0.9061549 0.382739 -0.1464486 -0.3535546 0.9238789 -0.07463365 -0.3752845 0.9239001 0.01854002 0.3823826 0.9238181 0.01907187 0.3823127 0.9238362 0.04530572 0.922829 0.3825363 0.04584723 0.9227828 0.3825833 0.1805272 0.9060502 -0.3827313 0.04530572 0.922829 -0.3825363 0.01854002 0.3823826 -0.9238181 -0.01844459 -0.3823906 -0.9238167 -0.1799839 -0.9061549 -0.382739 -0.04474151 -0.9228576 -0.382534 -0.04474151 -0.9228576 0.3825339 -0.04525846 -0.9228087 0.3825909 -0.01844459 -0.3823907 0.9238168 -0.01896589 -0.3823165 0.9238368 2.2846e-7 0.3826869 0.9238781 0 0.3826844 0.9238792 1.06797e-5 0.9238805 0.3826812 1.04515e-5 0.9238795 0.3826836 0.04584723 0.9227828 -0.3825834 1.06785e-5 0.9238805 -0.3826812 0.01907193 0.3823127 -0.9238362 2.28425e-7 0.382687 -0.9238782 -0.01896589 -0.3823165 -0.9238369 4.11449e-6 -0.382688 -0.9238777 -0.04525846 -0.9228087 -0.3825909 1.46285e-5 -0.92388 -0.3826825 1.46299e-5 -0.9238785 0.382686 1.48612e-5 -0.9238775 0.3826885 4.11445e-6 -0.3826895 0.9238771 4.34417e-6 -0.382687 0.923878 0 0.3826845 0.9238791 0 0.9238799 0.3826826 1.04501e-5 0.9238795 -0.3826836 0 0.9238784 -0.3826864 0 0.3826844 -0.9238792 0 0.382686 -0.9238786 4.34414e-6 -0.3826856 -0.9238787 0 -0.382686 -0.9238786 1.48595e-5 -0.9238789 -0.382685 0 -0.9238784 -0.3826862 0 -0.9238798 0.3826829 0 -0.3826845 0.9238791 0 0.3826845 0.9238791 0 0.3826859 0.9238786 0 0.9238798 0.3826829 0 0.9238784 0.3826861 0 0.9238784 -0.3826862 0 0.9238798 -0.3826828 0 0.3826859 -0.9238786 0 0.3826845 -0.9238791 0 -0.382686 -0.9238785 0 -0.3826844 -0.9238792 0 -0.9238783 -0.3826864 0 -0.9238799 -0.3826826 0 -0.9238799 0.3826826 0 -0.9238783 0.3826863 0 -0.3826845 0.9238792 0 -0.382686 0.9238785 0 0.382686 0.9238786 0 0.3826844 0.9238792 0 0.9238784 0.3826864 0 0.9238799 0.3826828 0 0.9238799 -0.3826826 0 0.9238799 -0.3826828 0 0.3826845 -0.9238791 0 -0.3826845 -0.9238791 0 -0.3826859 -0.9238786 0 -0.9238798 -0.3826829 0 -0.9238784 0.3826862 0 -0.9238782 0.3826867 0 -0.382686 0.9238786 0 -0.382686 0.9238786 0 0.3826845 0.9238792 0 0.9238799 0.3826827 0 0.9238783 -0.3826864 0 0.3826845 -0.9238792 0 -0.382686 -0.9238786 0 -0.3826874 -0.9238779 0 -0.9238782 -0.3826867 0 -0.9238783 0.3826866 0 -0.3826859 0.9238786 0 0.9238798 0.3826828 0 0.9238784 0.3826861 0 0.9238784 -0.3826862 0 0.9238783 -0.3826865 0 -0.3826861 -0.9238784 0 -0.9238783 -0.3826866 0 -0.9238784 -0.3826861 0 -0.9238783 0.3826865 0 -0.382686 0.9238786 0 0.9238783 0.3826865 -1.04504e-5 0.923878 0.3826872 0 0.9238784 -0.3826861 -1.06784e-5 0.9238803 -0.3826814 -2.28519e-7 0.382687 -0.9238781 0 -0.382686 -0.9238786 -4.11273e-6 -0.3826881 -0.9238777 0 -0.9238783 -0.3826865 -1.46284e-5 -0.9238786 -0.3826858 0 -0.9238784 0.3826861 -1.48605e-5 -0.923879 0.3826849 0 -0.3826861 0.9238784 -4.34302e-6 -0.382687 0.9238781 -2.28521e-7 0.382687 0.9238782 -0.01907187 0.3823128 0.9238362 -1.06789e-5 0.923879 0.382685 -0.04584723 0.922783 0.382583 -0.04584729 0.922783 -0.382583 -0.04530578 0.9228292 -0.382536 -0.01907187 0.3823128 -0.9238362 -0.01854002 0.3823828 -0.923818 0.01896589 -0.3823161 -0.9238371 0.01844459 -0.3823901 -0.9238169 0.04525852 -0.9228091 -0.3825902 0.04474151 -0.922858 -0.3825327 -1.46295e-5 -0.9238801 0.3826823 0.04525852 -0.9228091 0.3825902 -4.11343e-6 -0.3826896 0.923877 0.01896589 -0.3823161 0.9238371 -0.01854002 0.3823828 0.923818 -0.07472878 0.3752661 0.9239 -0.04530572 0.9228292 0.3825359 -0.1805271 0.9060509 0.3827292 -0.1805271 0.9060509 -0.3827293 -0.180526 0.9060713 -0.3826815 -0.07472878 0.3752661 -0.9239 -0.07474124 0.3753147 -0.9238792 0.07463359 -0.375284 -0.9239004 0.07465881 -0.3753347 -0.9238778 0.179984 -0.9061554 -0.3827377 0.1800123 -0.9061738 -0.382681 0.04474151 -0.922858 0.3825327 0.179984 -0.9061555 0.3827378 0.01844459 -0.3823901 0.9238169 0.07463359 -0.375284 0.9239004 -0.146447 0.3535543 0.9238792 -0.1464471 0.3535546 0.9238791 -0.180526 0.9060713 0.3826815 -0.3535529 0.8535521 0.382687 -0.3535529 0.8535521 -0.382687 -0.3535528 0.8535514 -0.3826885 -0.146447 0.3535543 -0.9238791 0.1464486 -0.3535546 -0.9238789 0.3535529 -0.8535518 -0.3826876 0.3535493 -0.8535522 -0.3826901 0.1800122 -0.9061737 0.3826809 0.3535529 -0.8535518 0.3826876 0.1464485 -0.3535546 0.9238789 0.1464474 -0.3535552 0.9238787 -0.2126072 0.3181906 0.9238793 -0.5132822 0.7681777 0.3826807 -0.5132797 0.7681797 0.3826801 -0.5132822 0.7681778 -0.3826807 -0.2126072 0.3181906 -0.9238793 -0.2126061 0.3181914 -0.9238793 0.1464474 -0.3535552 -0.9238787 0.2126091 -0.318192 -0.9238784 0.5132801 -0.7681781 -0.382683 0.5132802 -0.7681778 -0.3826832 0.3535493 -0.8535522 0.3826901 0.5132802 -0.768178 0.3826829 0.212609 -0.318192 0.9238784 0.2126092 -0.3181922 0.9238783 -0.2126061 0.3181914 0.9238793 -0.2705988 0.2705989 0.9238792 -0.6532853 0.653279 0.3826815 -0.6532829 0.6532811 0.3826817 -0.5132797 0.7681797 -0.3826801 -0.6532852 0.653279 -0.3826814 -0.2705989 0.2705989 -0.9238792 -0.2705979 0.2705998 -0.923879 0.2705991 -0.2705997 -0.9238789 0.2705982 -0.2706006 -0.9238789 0.653284 -0.65328 -0.3826819 0.653284 -0.65328 0.3826819 0.6532815 -0.6532824 0.3826819 0.270599 -0.2705997 0.9238789 -0.2705979 0.2705999 0.923879 -0.3181893 0.2126083 0.9238795 -0.7681806 0.5132787 0.3826798 -0.7681784 0.5132817 0.3826798 -0.6532829 0.6532811 -0.3826817 -0.7681805 0.5132787 -0.3826797 -0.3181893 0.2126082 -0.9238795 -0.3181886 0.2126094 -0.9238796 0.3181898 -0.2126082 -0.9238794 0.318189 -0.2126091 -0.9238795 0.6532816 -0.6532824 -0.382682 0.7681815 -0.5132766 -0.3826807 0.7681814 -0.5132766 0.3826806 0.7681792 -0.5132803 0.38268 0.2705981 -0.2706006 0.9238789 0.3181897 -0.2126082 0.9238794 -0.3181886 0.2126094 0.9238796 -0.3535541 0.146447 0.9238793 -0.8535563 0.3535513 0.3826789 -0.8535552 0.3535543 0.3826791 -0.7681785 0.5132817 -0.3826798 -0.8535563 0.3535513 -0.3826789 -0.3535541 0.146447 -0.9238792 -0.3535542 0.1464471 -0.9238792 0.3535538 -0.146447 -0.9238793 0.353554 -0.146447 -0.9238793 0.7681792 -0.5132803 -0.38268 0.8535559 -0.3535526 -0.3826787 0.8535558 -0.3535526 0.3826787 0.8535544 -0.3535566 0.3826784 0.3181889 -0.2126091 0.9238795 0.353554 -0.146447 0.9238793 -0.3753124 0.07475125 0.9238793 -0.3752562 0.07473808 0.9239031 -0.9060636 0.1805692 0.3826798 -0.9060395 0.1805698 0.3827362 -0.853555 0.3535543 -0.382679 -0.9060635 0.1805692 -0.3826799 -0.3753123 0.07475125 -0.9238793 0.3753309 -0.07465612 -0.9238795 0.8535544 -0.3535565 -0.3826784 0.9061813 -0.1799782 -0.3826793 0.9061813 -0.1799782 0.3826794 0.9061594 -0.1799448 0.3827469 0.3753309 -0.07465612 0.9238795 0.3752729 -0.07462847 0.9239052 -0.3823584 0.0185917 0.9238271 -0.3822801 0.01902276 0.9238507 -0.9228152 0.04539847 0.3825585 -0.9227692 0.0458405 0.3826169 -0.9060395 0.1805698 -0.3827362 -0.9228152 0.04539847 -0.3825587 -0.3752562 0.07473808 -0.9239032 -0.3823583 0.0185917 -0.9238271 0.3752729 -0.07462847 -0.9239052 0.382367 -0.01847851 -0.9238259 0.9061594 -0.1799448 -0.3827469 0.9228505 -0.0447331 -0.3825518 0.9228505 -0.0447331 0.3825519 0.9228013 -0.04514813 0.3826221 0.3823668 -0.01847851 0.9238259 0.3822842 -0.01889783 0.9238516 -0.3826895 5.11236e-7 0.9238771 -0.382685 0 0.9238789 -0.9238819 1.96364e-5 0.3826777 -0.9238801 1.91853e-5 0.3826822 -0.9227692 0.0458405 -0.3826169 -0.923882 1.96365e-5 -0.3826778 -0.3822799 0.01902276 -0.9238508 -0.3826897 5.11239e-7 -0.9238771 0.3822843 -0.01889783 -0.9238516 0.3826897 7.07517e-6 -0.923877 0.9228012 -0.04514813 -0.382622 0.9238819 2.57519e-5 -0.3826777 0.9238819 2.57517e-5 0.3826777 0.9238802 2.62121e-5 0.3826822 0.3826896 7.07513e-6 0.9238771 0.3826851 7.57891e-6 0.9238789 -0.9238802 1.91852e-5 -0.3826822 -0.3826851 0 -0.9238789 0.3826852 7.57887e-6 -0.9238789 0.9238801 2.62119e-5 -0.3826822 -0.3826851 0 0.923879 -0.9238802 -1.91852e-5 0.3826822 -0.9238819 -1.96364e-5 -0.3826777 -0.3826897 -5.11236e-7 -0.923877 0.3826897 -7.07513e-6 -0.9238771 0.9238819 -2.57517e-5 -0.3826777 0.9238801 -2.62119e-5 0.3826822 0.3826851 -7.57887e-6 0.9238789 -0.3826895 -5.11239e-7 0.9238771 -0.3822801 -0.01902276 0.9238508 -0.923882 -1.96365e-5 0.3826778 -0.9227692 -0.0458405 0.3826169 -0.9227693 -0.0458405 -0.3826169 -0.9228153 -0.04539847 -0.3825587 -0.38228 -0.01902276 -0.9238507 -0.3823584 -0.01859176 -0.9238271 0.3822843 0.01889783 -0.9238516 0.382367 0.01847851 -0.9238259 0.9228013 0.04514813 -0.3826221 0.9228505 0.0447331 -0.3825518 0.9238819 -2.57519e-5 0.3826777 0.9228012 0.04514813 0.382622 0.3826897 -7.07517e-6 0.9238771 0.3822842 0.01889783 0.9238516 -0.3823585 -0.0185917 0.923827 -0.3752564 -0.07473808 0.9239031 -0.9228152 -0.04539847 0.3825587 -0.9060394 -0.1805698 0.3827366 -0.9060394 -0.1805698 -0.3827366 -0.9060634 -0.1805692 -0.3826802 -0.3752562 -0.07473808 -0.9239032 -0.3753123 -0.07475125 -0.9238793 0.3752731 0.07462847 -0.9239053 0.3753309 0.07465612 -0.9238794 0.9061592 0.1799447 -0.3827471 0.9061812 0.1799782 -0.3826795 0.9228506 0.0447331 0.3825518 0.9061593 0.1799447 0.3827471 0.3823668 0.01847851 0.9238259 0.3752731 0.07462847 0.9239051 -0.3753125 -0.07475125 0.9238793 -0.3535541 -0.146447 0.9238792 -0.9060634 -0.1805692 0.3826802 -0.8535552 -0.3535544 0.3826787 -0.8535552 -0.3535543 -0.3826786 -0.8535563 -0.3535514 -0.3826788 -0.3535541 -0.146447 -0.9238792 -0.3535542 -0.1464471 -0.9238792 0.3535539 0.146447 -0.9238793 0.353554 0.146447 -0.9238793 0.8535543 0.3535565 -0.3826788 0.8535557 0.3535525 -0.3826789 0.9061812 0.1799781 0.3826794 0.8535543 0.3535565 0.3826787 0.3753311 0.07465612 0.9238794 0.353554 0.146447 0.9238793 -0.3181886 -0.2126093 0.9238796 -0.3181894 -0.2126082 0.9238795 -0.8535563 -0.3535514 0.3826788 -0.7681785 -0.5132818 0.3826796 -0.7681786 -0.5132818 -0.3826797 -0.7681804 -0.5132787 -0.3826799 -0.3181885 -0.2126093 -0.9238796 0.3181893 0.2126093 -0.9238793 0.7681794 0.5132805 -0.3826794 0.7681816 0.5132768 -0.38268 0.8535557 0.3535525 0.3826789 0.7681795 0.5132805 0.3826794 0.3181892 0.2126094 0.9238794 0.3181899 0.2126083 0.9238793 -0.2705978 -0.2705996 0.9238792 -0.2705987 -0.2705987 0.9238792 -0.7681804 -0.5132787 0.3826799 -0.6532829 -0.6532812 0.3826816 -0.6532829 -0.6532812 -0.3826816 -0.6532852 -0.653279 -0.3826816 -0.3181893 -0.2126082 -0.9238795 -0.2705978 -0.2705996 -0.9238792 0.31819 0.2126083 -0.9238793 0.270598 0.2706004 -0.9238789 0.6532815 0.6532822 -0.3826823 0.6532838 0.6532799 -0.3826823 0.7681816 0.5132768 0.38268 0.6532815 0.6532822 0.3826822 0.2705979 0.2706004 0.923879 0.2705989 0.2705995 0.923879 -0.212606 -0.3181911 0.9238794 -0.2126071 -0.3181903 0.9238794 -0.6532852 -0.6532789 0.3826816 -0.5132796 -0.7681795 0.3826805 -0.5132796 -0.7681795 -0.3826806 -0.5132821 -0.7681775 -0.3826812 -0.2705987 -0.2705987 -0.9238792 -0.212606 -0.3181911 -0.9238794 0.2705988 0.2705995 -0.923879 0.2126091 0.3181922 -0.9238784 0.5132801 0.7681781 -0.3826828 0.5132802 0.768178 -0.3826828 0.6532838 0.6532799 0.3826823 0.51328 0.7681781 0.3826828 0.2126091 0.3181922 0.9238784 0.2126094 0.3181925 0.9238781 -0.1464469 -0.3535543 0.9238792 -0.146447 -0.3535544 0.9238791 -0.5132821 -0.7681776 0.3826813 -0.353553 -0.8535522 0.3826864 -0.3535529 -0.8535522 -0.3826864 -0.3535529 -0.8535517 -0.3826876 -0.2126071 -0.3181903 -0.9238794 -0.146447 -0.3535543 -0.9238792 0.1464474 0.3535553 -0.9238787 0.1464486 0.3535546 -0.9238789 0.3535491 0.8535515 -0.3826916 0.3535491 0.8535515 0.3826916 0.3535526 0.853551 0.3826895 0.1464474 0.3535553 0.9238787 -0.07472884 -0.375266 0.9238999 -0.1805258 -0.9060708 0.382683 -0.180527 -0.9060503 0.382731 -0.1805258 -0.9060708 -0.382683 -0.07472884 -0.375266 -0.9238999 -0.07474136 -0.3753147 -0.9238792 0.07463371 0.3752846 -0.9239001 0.07465893 0.3753354 -0.9238774 0.3535526 0.853551 -0.3826895 0.1800121 0.9061732 -0.3826823 0.1800121 0.9061733 0.3826824 0.1799839 0.9061549 0.3827388 0.1464486 0.3535546 0.9238789 0.07463365 0.3752845 0.9239001 -0.01854002 -0.3823826 0.9238181 -0.01907187 -0.3823127 0.9238362 -0.04530572 -0.922829 0.3825363 -0.04584723 -0.9227828 0.3825833 -0.180527 -0.9060503 -0.382731 -0.04530572 -0.922829 -0.3825363 -0.01854002 -0.3823826 -0.9238181 0.01844459 0.3823906 -0.9238167 0.1799839 0.9061549 -0.3827388 0.04474151 0.9228575 -0.3825341 0.04474151 0.9228574 0.3825341 0.04525852 0.9228087 0.3825913 0.01844459 0.3823907 0.9238168 0.01896589 0.3823165 0.9238368 -2.2846e-7 -0.3826869 0.9238781 0 -0.3826843 0.9238792 -1.06797e-5 -0.9238804 0.3826814 -1.04515e-5 -0.9238795 0.3826837 -0.04584723 -0.9227828 -0.3825834 -1.06785e-5 -0.9238789 -0.382685 -0.01907193 -0.3823128 -0.9238362 -2.28425e-7 -0.3826869 -0.9238782 0.01896589 0.3823165 -0.9238369 -4.11449e-6 0.3826896 -0.923877 0.04525852 0.9228087 -0.3825913 -1.46284e-5 0.92388 -0.3826823 -1.46299e-5 0.9238786 0.382686 -1.48612e-5 0.9238775 0.3826885 -4.11445e-6 0.3826881 0.9238777 -4.34417e-6 0.3826855 0.9238787 0 -0.3826845 0.9238791 -1.04501e-5 -0.923878 -0.3826872 0 -0.3826844 -0.9238792 0 -0.3826845 -0.9238791 -4.34414e-6 0.382687 -0.9238781 0 0.3826861 -0.9238784 -1.48595e-5 0.923879 -0.3826849 0 -0.9238798 -0.3826828 0 0.9238783 0.3826866 0 0.3826861 0.9238784 0 0.3826874 0.9238779 0 -0.3826845 0.9238792 0 -0.3826844 0.9238792 0 -0.9238783 0.3826864 0 -0.9238799 0.3826828 0 -0.9238799 -0.3826827 0 -0.9238799 -0.3826828 0 -0.3826845 -0.9238792 0 0.3826859 -0.9238786 0 0.9238783 -0.3826866 0 0.9238784 0.3826862 0 0.9238782 0.3826867 0 0.382686 0.9238786 0 -0.9238799 0.3826826 0 -0.9238784 -0.3826864 0 0.382686 -0.9238786 0 0.382686 -0.9238786 0 0.9238782 -0.3826867 0 0.3826859 0.9238786 0 -0.3826859 0.9238786 0 -0.9238798 0.3826828 0 -0.9238784 0.3826862 0 -0.9238784 -0.3826861 0 -0.3826859 -0.9238786 0 0.382686 -0.9238785 0 0.3826845 -0.9238792 0 0.9238783 -0.3826863 0 0.9238799 -0.3826826 0 0.9238799 0.3826826 0 0.9238783 0.3826864 0 0.3826844 0.9238792 0 0.382686 0.9238785 0 -0.9238784 0.3826864 1.04504e-5 -0.9238795 0.3826836 0 -0.9238799 -0.3826826 1.06784e-5 -0.9238805 -0.3826813 2.28519e-7 -0.3826869 -0.9238781 4.11273e-6 0.3826895 -0.9238771 0 0.9238798 -0.3826829 1.46284e-5 0.9238786 -0.3826859 1.48605e-5 0.9238789 0.382685 0 0.382686 0.9238786 4.34302e-6 0.3826856 0.9238787 2.28521e-7 -0.382687 0.9238782 0.01907187 -0.3823128 0.9238362 1.06789e-5 -0.9238805 0.3826812 0.04584723 -0.922783 0.382583 0.04584729 -0.922783 -0.382583 0.04530578 -0.9228292 -0.382536 0.01907187 -0.3823128 -0.9238362 0.01854002 -0.3823828 -0.923818 -0.01896589 0.3823161 -0.9238371 -0.01844459 0.3823901 -0.9238169 -0.04525846 0.9228093 -0.3825898 -0.04474145 0.9228581 -0.3825325 1.46295e-5 0.9238801 0.3826823 -0.04525846 0.9228093 0.3825898 4.11343e-6 0.382688 0.9238777 -0.01896589 0.3823161 0.9238371 0.01854002 -0.3823828 0.923818 0.07472878 -0.3752661 0.9239 0.04530572 -0.9228292 0.3825359 0.1805273 -0.9060508 0.3827295 0.1805273 -0.9060508 -0.3827296 0.1805261 -0.9060713 -0.3826817 0.07472878 -0.3752661 -0.9239 0.07474124 -0.3753147 -0.9238792 -0.07463359 0.375284 -0.9239004 -0.07465881 0.3753347 -0.9238778 -0.179984 0.9061554 -0.3827379 -0.1800123 0.9061737 -0.3826812 -0.04474145 0.9228581 0.3825325 -0.179984 0.9061554 0.3827379 -0.01844459 0.3823901 0.9238169 -0.07463359 0.375284 0.9239004 0.1464469 -0.3535546 0.923879 0.146447 -0.353555 0.9238789 0.1805261 -0.9060713 0.3826817 0.3535528 -0.8535522 0.3826867 0.3535528 -0.8535522 -0.3826868 0.3535526 -0.8535516 -0.3826882 0.146447 -0.3535546 -0.923879 -0.1464486 0.3535546 -0.9238789 -0.3535528 0.8535519 -0.3826874 -0.3535491 0.8535524 -0.3826898 -0.1800123 0.9061737 0.3826812 -0.3535528 0.8535519 0.3826874 -0.1464485 0.3535546 0.9238789 -0.1464474 0.3535552 0.9238787 0.2126072 -0.3181896 0.9238797 0.5132832 -0.7681766 0.3826813 0.5132807 -0.7681788 0.3826807 0.5132833 -0.7681766 -0.3826813 0.2126073 -0.3181896 -0.9238798 0.2126062 -0.3181903 -0.9238796 -0.1464474 0.3535552 -0.9238787 -0.212609 0.3181921 -0.9238784 -0.5132803 0.7681778 -0.3826831 -0.5132806 0.7681775 -0.3826835 -0.3535491 0.8535524 0.3826898 -0.5132803 0.7681778 0.382683 -0.212609 0.3181921 0.9238784 -0.2126092 0.3181922 0.9238783 0.2126062 -0.3181903 0.9238796 0.2705987 -0.2705995 0.9238789 0.6532839 -0.6532807 0.3826807 0.6532816 -0.6532827 0.3826813 0.5132806 -0.7681788 -0.3826807 0.6532839 -0.6532807 -0.3826807 0.2705988 -0.2705996 -0.923879 0.2705979 -0.2706006 -0.9238788 -0.2705985 0.2705988 -0.9238793 -0.2705977 0.2706001 -0.9238791 -0.6532853 0.6532791 -0.3826811 -0.6532853 0.6532791 0.382681 -0.6532824 0.6532819 0.3826813 -0.2705985 0.2705988 0.9238793 0.2705979 -0.2706006 0.9238789 0.3181902 -0.2126084 0.9238792 0.7681806 -0.5132774 0.3826813 0.7681788 -0.5132797 0.3826817 0.6532816 -0.6532827 -0.3826813 0.7681806 -0.5132774 -0.3826813 0.3181902 -0.2126085 -0.9238792 0.3181895 -0.2126095 -0.9238792 -0.3181907 0.2126084 -0.923879 -0.31819 0.2126097 -0.9238789 -0.6532824 0.6532819 -0.3826813 -0.7681796 0.5132787 -0.3826815 -0.7681797 0.5132787 0.3826815 -0.7681777 0.5132816 0.3826813 -0.2705976 0.2706001 0.9238791 -0.3181907 0.2126084 0.923879 0.3181895 -0.2126095 0.9238792 0.3535543 -0.146447 0.9238792 0.8535564 -0.3535501 0.3826801 0.8535551 -0.3535532 0.3826799 0.7681788 -0.5132797 -0.3826817 0.8535563 -0.35355 -0.38268 0.3535543 -0.146447 -0.9238792 0.3535537 -0.1464484 -0.9238792 -0.3535538 0.1464473 -0.9238793 -0.3535532 0.1464484 -0.9238793 -0.7681778 0.5132816 -0.3826813 -0.8535564 0.3535505 -0.3826794 -0.8535564 0.3535505 0.3826795 -0.8535552 0.3535537 0.3826792 -0.31819 0.2126097 0.9238789 -0.353554 0.1464473 0.9238793 0.3535537 -0.1464484 0.9238792 0.3752561 -0.07473981 0.9239031 0.906063 -0.1805721 0.3826797 0.9060391 -0.1805728 0.3827359 0.853555 -0.3535533 -0.3826799 0.906063 -0.1805721 -0.3826797 0.3752561 -0.07473981 -0.9239031 0.375312 -0.07475429 -0.9238793 -0.3752731 0.07462936 -0.9239051 -0.3753307 0.07465809 -0.9238794 -0.8535552 0.3535537 -0.3826792 -0.9061808 0.1799795 -0.3826798 -0.9061808 0.1799795 0.3826798 -0.9061588 0.1799462 0.3827475 -0.3535533 0.1464484 0.9238794 -0.3752731 0.07462936 0.9239051 0.3823584 -0.01859104 0.9238271 0.9228152 -0.04539936 0.3825586 0.9060391 -0.1805728 -0.3827359 -0.9061588 0.1799462 -0.3827475 -0.9228504 0.04473453 0.3825521 -0.3823668 0.01847898 0.9238259 0.1279765 -0.9834869 0.1279673 -0.1279792 -0.9834862 -0.1279702 0.1279695 -0.9834877 -0.1279679 0.9834866 0.1279777 0.1279681 0.9834866 -0.1279777 -0.1279682 0.9834865 0.1279792 -0.1279675 -0.1279823 0.1279774 0.9834849 0.1279823 -0.1279774 0.9834849 0.1279831 0.1279764 0.9834848 -0.983488 -0.1279664 0.1279687 -0.983488 0.1279664 -0.1279687 -0.9834879 -0.1279678 -0.1279681 -0.1279794 0.9834861 0.1279702 0.1279762 0.9834869 -0.1279673 -0.1279776 0.9834862 -0.1279708 -0.1216077 -0.4915702 -0.8623052 -0.4915685 -0.1216071 -0.8623064 -0.1279823 -0.1279774 -0.9834849 -0.4488443 -0.7727069 -0.4488462 -0.4488465 -0.4488357 -0.7727118 -0.4915572 -0.8623143 -0.1215971 -0.1216083 -0.8623046 -0.4915712 -0.8623012 -0.4915806 -0.1215948 -0.8623075 -0.1215966 -0.4915691 -0.7727103 -0.4488407 -0.4488442 -0.1216076 -0.862302 0.4915761 -0.4915714 -0.8623061 0.1215968 -0.1279778 -0.9834862 0.1279708 -0.1216076 -0.4915651 0.8623082 -0.4488431 -0.7727081 0.4488451 -0.4915664 -0.121607 0.8623076 -0.1279831 -0.1279764 0.9834848 -0.8623065 -0.1215955 0.4915711 -0.4488461 -0.4488359 0.7727118 -0.8623102 -0.4915648 0.1215944 -0.7727109 -0.4488385 0.448845 -0.4915661 0.121607 -0.8623077 -0.1216077 0.4915652 -0.8623082 -0.1279831 0.1279764 -0.9834848 -0.8623062 0.1215955 -0.4915714 -0.4488466 0.4488357 -0.7727117 -0.8623102 0.491565 -0.1215945 -0.4488434 0.7727081 -0.448845 -0.7727112 0.4488384 -0.4488446 -0.1216077 0.862302 -0.491576 -0.4915713 0.8623062 -0.1215968 -0.1216076 0.4915702 0.8623052 -0.4915682 0.121607 0.8623065 -0.448844 0.7727069 0.4488464 -0.4488461 0.4488359 0.7727118 -0.4915574 0.8623141 0.1215971 -0.121608 0.8623046 0.4915713 -0.8623012 0.4915805 0.1215948 -0.8623073 0.1215966 0.4915694 -0.9834879 0.1279678 0.1279681 -0.7727099 0.4488409 0.4488446 0.4915655 -0.1216129 -0.8623073 0.1216074 -0.4915668 -0.8623073 0.1279831 -0.1279764 -0.9834848 0.8623059 -0.1216014 -0.4915707 0.4488449 -0.4488368 -0.772712 0.8623157 -0.4915555 -0.1215932 0.4488418 -0.772709 -0.4488453 0.772714 -0.4488339 -0.4488444 0.1216061 -0.8623057 -0.4915701 0.4915722 -0.8623059 -0.1215955 0.1216072 -0.4915719 0.8623043 0.4915675 -0.1216129 0.8623061 0.4488419 -0.7727082 0.4488463 0.4488444 -0.4488369 0.7727122 0.4915501 -0.8623185 0.1215948 0.1216061 -0.8623085 0.4915651 0.8622992 -0.4915843 0.1215939 0.8623067 -0.1216034 0.4915686 0.9834865 -0.1279792 0.1279675 0.7727119 -0.4488378 0.4488441 0.1216073 0.4915719 -0.8623043 0.4915678 0.1216129 -0.8623059 0.1279823 0.1279774 -0.9834849 0.4488422 0.7727081 -0.4488462 0.4488448 0.4488369 -0.7727121 0.49155 0.8623186 -0.1215949 0.1216063 0.8623085 -0.4915651 0.8622992 0.4915844 -0.1215939 0.8623069 0.1216033 -0.4915684 0.7727123 0.4488376 -0.4488436 0.4915657 0.1216129 0.8623071 0.1216073 0.4915668 0.8623073 0.8623061 0.1216014 0.4915704 0.4488444 0.448837 0.7727123 0.8623158 0.4915554 0.1215932 0.4488414 0.772709 0.4488455 0.7727137 0.448834 0.4488448 0.1216058 0.8623056 0.4915701 0.4915722 0.8623058 0.1215955 0.1279697 0.9834877 0.1279678 0.866022 0.5000061 1.2574e-7 0.8001025 0.5000022 0.3314119 0.8001039 0.5000005 0.3314111 0 1 0 0 1 0 0 1 0 -0.8660396 0.4999755 1.33432e-7 -0.8001088 0.4999893 -0.3314161 -0.8001075 0.4999936 -0.3314129 -0.8660396 -0.4999755 1.35998e-7 -0.8001088 -0.4999893 -0.3314161 -0.8660407 -0.4999735 0 0 -1 0 0 -1 0 0 -1 0 0.866022 -0.500006 1.2574e-7 0.8001025 -0.5000022 0.331412 0.8660183 -0.5000123 0 0.6123715 0.5000061 0.6123685 0 1 0 0 1 0 -0.612374 0.4999976 -0.6123729 -0.612374 -0.4999976 -0.6123729 -0.6123679 -0.4999971 -0.6123794 0 -1 0 0 -1 0 0.6123715 -0.5000061 0.6123685 0.6123719 -0.5000066 0.6123677 0.3314128 0.5000015 0.8001025 0.3314142 0.5000005 0.8001026 0 1 0 0 1 0 -0.6123679 0.4999971 -0.6123794 -0.3314134 0.5000068 -0.800099 -0.3314134 -0.5000067 -0.800099 -0.3314062 -0.5000095 -0.8001003 0 -1 0 0 -1 0 0.3314129 -0.5000016 0.8001025 -3.42118e-7 0.4999989 0.8660261 -4.82419e-7 0.4999992 0.8660258 0 1 0 -0.3314062 0.5000095 -0.8001003 3.56673e-7 0.5000031 -0.8660237 3.54107e-7 -0.5000031 -0.8660236 5.34697e-7 -0.4999998 -0.8660256 0 -1 0 0 -1 0 0.3314142 -0.5000005 0.8001026 -3.39852e-7 -0.4999989 0.8660261 -0.3314152 0.4999962 0.8001048 0 1 0 0 1 0 0.3314081 0.5000029 -0.8001036 0.3314138 0.500006 -0.8000994 0.3314081 -0.5000029 -0.8001036 0 -1 0 -0.3314153 -0.4999963 0.8001047 -0.3314139 -0.4999982 0.8001042 -0.3314139 0.4999982 0.8001042 -0.6123737 0.5000001 0.6123711 0 1 0 0.6123677 0.4999977 -0.6123791 0.6123723 0.5000022 -0.6123708 0.3314137 -0.500006 -0.8000993 0.6123677 -0.4999977 -0.6123791 0 -1 0 0 -1 0 -0.6123737 -0.5000001 0.6123711 -0.6123765 -0.4999955 0.6123722 -0.8001019 0.5000036 0.3314111 -0.8000987 0.5000106 0.3314085 0 1 0 0 1 0 0.8001067 0.499993 -0.3314156 0.800104 0.4999997 -0.3314121 0.6123723 -0.5000022 -0.6123708 0.8001067 -0.499993 -0.3314156 0 -1 0 0 -1 0 -0.800102 -0.5000036 0.3314112 -0.8660315 0.4999896 0 0 1 0 0 1 0 0.8660364 0.4999809 0 0.8660364 -0.4999809 0 0.8660407 -0.4999735 0 0 -1 0 0 -1 0 -0.8660315 -0.4999896 0 -0.866033 -0.4999869 0 -0.8001028 0.500002 -0.3314114 -0.8001003 0.5000076 -0.331409 0 1 0 0 1 0 0.8001074 0.4999917 0.3314158 0.800105 0.4999978 0.3314125 0.8001074 -0.4999917 0.3314158 0 -1 0 -0.8001028 -0.500002 -0.3314114 -0.6123741 0.4999988 -0.6123719 0 1 0 0 1 0 0.6123725 0.5000017 0.6123711 0.6123725 -0.5000017 0.6123711 0.6123676 -0.4999977 0.6123791 0 -1 0 0 -1 0 -0.6123741 -0.4999988 -0.6123719 -0.6123759 -0.4999957 -0.6123726 -0.3314144 0.4999972 -0.8001046 -0.3314161 0.4999949 -0.8001053 0 1 0 0 1 0 0.6123677 0.4999977 0.6123791 0.3314136 0.500006 0.8000994 0.3314136 -0.500006 0.8000994 0.331408 -0.5000029 0.8001036 0 -1 0 0 -1 0 -0.3314144 -0.4999972 -0.8001046 0 0.4999994 -0.8660258 -1.53964e-7 0.4999992 -0.8660258 0 1 0 0.331408 0.5000029 0.8001038 4.72143e-7 0.5000031 0.8660236 4.77275e-7 -0.5000031 0.8660237 5.34697e-7 -0.4999998 0.8660256 0 -1 0 0 -1 0 -0.331416 -0.4999949 -0.8001053 0 -0.4999994 -0.8660258 0.3314149 0.4999973 -0.8001044 0 1 0 0 1 0 -0.331406 0.5000096 0.8001003 -0.3314132 0.5000069 0.8000991 -0.331406 -0.5000096 0.8001003 0 -1 0 0.3314149 -0.4999973 -0.8001044 0.3314133 -0.4999996 -0.8001036 0.3314133 0.4999996 -0.8001036 0.6123714 0.500006 -0.6123685 0 1 0 -0.6123681 0.4999971 0.6123793 -0.6123748 0.4999962 0.6123733 -0.3314132 -0.5000069 0.800099 -0.6123681 -0.4999971 0.6123793 0 -1 0 0 -1 0 0.6123714 -0.5000061 -0.6123686 0.6123719 -0.5000065 -0.6123676 0.8001003 0.5000061 -0.3314111 0.8001009 0.5000063 -0.3314099 0 1 0 0 1 0 -0.8001108 0.4999856 0.331417 -0.8001106 0.4999876 0.3314144 -0.6123748 -0.4999962 0.6123733 -0.8001108 -0.4999856 0.331417 0 -1 0 0 -1 0 0.8001003 -0.5000061 -0.3314111 0 1 0 0.8411785 0 0.5407577 0.8381888 -0.05404651 0.5426957 0.838053 -0.05576181 0.5427319 0.8411784 0 0.5407577 0.8411784 0 0.5407578 0.8381888 0.05404651 0.5426957 0.8138471 0.213566 0.5404097 0.838053 0.05576181 0.5427319 0.747141 0.4167251 0.5178037 0.811757 0.222648 0.5398874 0.6383711 0.6086192 0.4712379 0.7358973 0.4415172 0.5133398 0.4838004 0.7796234 0.3976488 0.611296 0.6448297 0.4588157 0.2822751 0.9129417 0.2947173 0.4355078 0.8190065 0.3735792 0.08458256 0.9784972 0.1881199 0.2119583 0.9427654 0.257424 0 0.9899495 0.1414215 0.0436092 0.9852176 0.1656642 0 0.9899495 0.1414211 -4.63743e-7 0.9899495 0.1414215 0 0.9899495 0.1414214 -8.39879e-7 0.9899495 0.1414221 0 0.9899496 0.1414213 0 0.9899496 0.1414213 0 0.9899495 0.1414214 1.0024e-6 0.9899496 0.1414206 -0.05924183 0.9869912 0.1494621 -7.90084e-7 0.9899495 0.1414212 -0.06998068 0.9860744 0.1508647 -0.2454247 0.9537582 0.1735278 -0.2638372 0.948421 0.1757489 -0.4836775 0.8521021 0.1999455 -0.4956864 0.8448918 0.201129 -0.6872867 0.6930875 0.2174094 -0.6928778 0.6873763 0.2177941 -0.843444 0.4878582 0.2249369 -0.9411211 0.2547198 0.2222811 -0.844196 0.4865494 0.2249506 -0.9746838 0.06613111 0.2135843 -0.942464 0.2498418 0.2221276 -0.9778024 0 0.2095291 -0.9750351 0.06159913 0.2133362 -0.9778025 0 0.2095291 -0.9778024 0 0.2095291 -0.9750351 -0.06159913 0.2133362 -0.9778024 0 0.2095291 -0.9746838 -0.06613111 0.2135843 -0.942464 -0.2498418 0.2221276 -0.9411211 -0.2547198 0.2222811 -0.843444 -0.4878582 0.2249369 -0.6928778 -0.6873763 0.2177941 -0.844196 -0.4865494 0.2249506 -0.4956864 -0.8448918 0.201129 -0.6872867 -0.6930875 0.2174094 -0.2638372 -0.948421 0.1757489 -0.4836775 -0.8521021 0.1999455 -0.06998074 -0.9860744 0.1508646 -0.2454253 -0.9537581 0.1735281 0 -0.9899495 0.1414212 -0.05924153 -0.9869911 0.1494623 1.0024e-6 -0.9899496 0.1414211 0 -0.9899495 0.1414211 0 -0.9899495 0.1414211 0 -0.9899495 0.1414217 0 -0.9899496 0.141421 -8.39873e-7 -0.9899495 0.1414217 0 -0.9899495 0.1414211 1.46808e-7 -0.9899495 0.1414216 0 -0.9899495 0.1414217 0.04360979 -0.9852175 0.1656646 0.0845825 -0.9784973 0.1881198 0.2119576 -0.942766 0.2574225 0.2822751 -0.9129416 0.2947173 0.4355078 -0.8190065 0.3735792 0.4838005 -0.7796235 0.3976488 0.611296 -0.6448297 0.4588157 0.6383711 -0.6086192 0.4712379 0.7358973 -0.4415172 0.5133398 0.747141 -0.4167251 0.5178037 0.811757 -0.222648 0.5398874 0.8138471 -0.213566 0.5404097 -1.23177e-7 0 -1 0 0 -1 -6.91955e-7 0 -1 0 0 1 0 0 1 0 0 1 0 1 3.96572e-6 0 0.9238777 -0.382688 0 1 -3.96572e-6 0 0.9238812 -0.3826795 6.63362e-7 0.7071073 -0.7071064 1.0267e-6 0.3826798 -0.9238811 1.0267e-6 0.3826887 -0.9238774 1.32672e-6 -2.03128e-7 -1 0 -3.28855e-7 -1 1.0267e-6 -0.3826882 -0.9238776 1.0267e-6 -0.3826799 -0.923881 6.63342e-7 -0.7071106 -0.707103 0 -0.7071017 -0.707112 0 -0.9238818 -0.3826783 0 -0.9238772 -0.3826889 0 -1 5.23281e-6 0 -1 -5.23281e-6 0 -0.9238772 0.3826889 0 -0.9238818 0.3826783 0 -0.7071017 0.707112 -3.3167e-7 -0.7071115 0.7071021 -9.35875e-7 -0.3826796 0.9238811 -6.04179e-7 -0.3826899 0.9238769 -1.32672e-6 -2.03127e-7 1 -1.0267e-6 0.3826903 0.9238767 -1.0267e-6 0.3826796 0.9238812 -6.6336e-7 0.7071082 0.7071054 0 0.7071061 0.7071075 1 -2.25685e-6 0 1 -1.86373e-6 0 1 4.01861e-6 0 0 0.9238812 0.3826795 0 0.9238777 0.382688 -1 0 0 -1 -1.76181e-6 0 -1 1.76178e-6 0 -1 2.54561e-6 0 -1 1.17158e-6 0 -1 2.2853e-6 0 6.7524e-7 0.3826886 -0.9238774 3.14948e-7 2.27309e-7 -1 1.44038e-6 2.22461e-7 -1 1 0 0 1 -1.11376e-6 0 1 0 0 0 -0.3826876 0.9238778 0 4.74917e-6 1 0 -4.77819e-6 1 -1 -3.24319e-6 0 0 0.7071092 -0.7071045 0 0.3826785 -0.9238816 1 -6.75795e-6 0 1 0 0 0 -0.7071112 0.7071023 0 -0.3826795 0.9238812 -1 2.8638e-6 0 -1 -8.45023e-6 0 0 0.9238817 -0.3826783 0 0.7071035 -0.7071101 1 0 0 1 -8.45022e-6 0 0 -0.9238822 0.3826771 0 -0.707103 0.7071105 -1 6.91384e-6 0 0 1 6.87713e-6 0 0.9238774 -0.3826887 1 2.34316e-6 0 1 0 0 0 -1 -5.88085e-6 0 -0.923877 0.3826895 -1 2.86379e-6 0 0 0.9238775 0.3826884 0 1 -7.08025e-6 1 0 0 0 -0.923877 -0.3826895 0 -1 5.88085e-6 -1 -3.2432e-6 0 0 0.7071035 0.7071101 0 0.9238815 0.3826788 1 -6.75798e-6 0 1 0 0 0 -0.707103 -0.7071105 0 -0.9238822 -0.3826771 -1 1.27283e-6 0 -1 -8.45025e-6 0 0 0.3826785 0.9238816 0 0.7071092 0.7071045 1 -2.2275e-6 0 1 -8.45026e-6 0 0 -0.3826795 -0.9238812 0 -0.7071112 -0.7071023 -1 0 0 -1 1.72847e-6 0 -2.51958e-7 2.27309e-7 1 -4.5016e-7 0.3826887 0.9238774 1 -4.22514e-6 0 0 4.74917e-6 -1 0 -0.3826876 -0.9238778 -1 -1.27284e-6 0 -4.50171e-7 -0.3826842 0.9238793 -1.1523e-6 2.22461e-7 1 1 -2.79317e-6 0 1 1.11376e-6 0 0 0.3826877 -0.9238778 0 -4.77819e-6 -1 -1 3.24319e-6 0 -1 -1.72846e-6 0 0 -0.7071107 0.7071029 0 -0.3826829 0.9238798 1 6.75795e-6 0 0 0.7071105 -0.7071031 0 0.3826795 -0.9238812 -1 -2.86379e-6 0 -1 8.45023e-6 0 0 -0.9238814 0.3826791 0 -0.7071033 0.7071103 1 0 0 1 8.45023e-6 0 0 0.9238814 -0.3826791 0 0.7071036 -0.70711 -1 -6.91384e-6 0 0 -1 -5.15059e-6 0 -0.9238772 0.3826891 1 -2.34316e-6 0 1 0 0 0 1 4.76852e-6 0 0.9238774 -0.3826888 -1 -2.86379e-6 0 0 -0.9238773 -0.3826888 0 -1 5.34404e-6 1 0 0 0 0.9238774 0.3826888 0 1 -4.76852e-6 0 -0.7071033 -0.7071103 0 -0.9238812 -0.3826795 1 6.75795e-6 0 0 0.7071036 0.70711 0 0.9238814 0.3826791 -1 -2.54565e-6 0 4.50171e-7 -0.3826841 -0.9238793 0 -0.7071107 -0.7071029 1 1.11375e-6 0 0 0.3826795 0.9238812 0 0.7071105 0.7071031 -1 -3.45691e-6 0 0 -0.3826829 -0.9238798 0 0.3826877 0.9238778 0 1 5.23281e-6 0 0.9238772 -0.3826889 0 1 -5.23281e-6 0 0.9238818 -0.3826783 6.6336e-7 0.707106 -0.7071076 1.0267e-6 0.38268 -0.9238811 1.0267e-6 0.3826881 -0.9238776 1.32672e-6 4.30437e-7 -1 0 3.28855e-7 -1 1.0267e-6 -0.3826888 -0.9238774 1.0267e-6 -0.3826798 -0.9238811 6.63344e-7 -0.7071111 -0.7071025 0 -0.7071024 -0.7071112 0 -0.9238777 -0.382688 0 -1 3.96572e-6 0 -1 -3.96572e-6 0 -0.9238777 0.382688 0 -0.9238812 0.3826795 0 -0.7071024 0.7071112 -6.63343e-7 -0.707112 0.7071016 -1.0267e-6 -0.3826795 0.9238812 -1.0267e-6 -0.3826904 0.9238767 -1.32672e-6 4.256e-7 1 -6.04179e-7 0.3826897 0.923877 -9.35875e-7 0.3826797 0.9238812 -3.31679e-7 0.7071069 0.7071067 1 -2.25687e-6 0 1 -1.86383e-6 0 1 6.26402e-7 0 0 0.9238818 0.3826783 0 0.9238772 0.3826889 -1 -1.7618e-6 0 -1 1.76178e-6 0 -1 2.54565e-6 0 -1 -2.2853e-6 0 -1 -2.54561e-6 0 4.50159e-7 0.3826889 -0.9238772 3.14948e-7 -2.36982e-7 -1 1.44038e-6 -2.22461e-7 -1 1 0 0 1 -1.11375e-6 0 1 0 0 0 -0.3826877 0.9238778 0 4.77819e-6 1 0 -4.74917e-6 1 -1 -3.24319e-6 0 -1 3.45691e-6 0 0 0.7071107 -0.7071029 0 0.382678 -0.9238818 1 -6.75795e-6 0 0 -0.7071105 0.7071031 0 -0.3826795 0.9238812 -1 2.86379e-6 0 -1 -8.45023e-6 0 0 0.9238814 -0.3826791 0 0.7071033 -0.7071103 1 0 0 1 -8.45023e-6 0 0 -0.9238814 0.3826791 0 -0.7071036 0.70711 -1 6.91384e-6 0 0 1 5.15059e-6 0 0.9238772 -0.3826891 1 2.34316e-6 0 1 0 0 0 -1 -4.76852e-6 0 -0.9238774 0.3826888 -1 2.86379e-6 0 0 0.9238773 0.3826888 0 1 -5.34404e-6 1 0 0 0 -0.9238774 -0.3826888 0 -1 4.76852e-6 0 0.7071033 0.7071103 1 -6.75795e-6 0 0 -0.7071036 -0.70711 0 -0.9238814 -0.3826791 -1 1.27284e-6 0 0 0.382678 0.9238818 0 0.7071107 0.7071029 1 -1.11376e-6 0 0 -0.3826795 -0.9238812 0 -0.7071105 -0.7071031 -1 0 0 -1 1.72846e-6 0 -2.51958e-7 -2.32145e-7 1 -4.50159e-7 0.3826891 0.9238772 1 2.79317e-6 0 0 4.77819e-6 -1 0 -0.3826877 -0.9238778 -1 -1.27283e-6 0 -4.50172e-7 -0.3826848 0.9238791 -1.1523e-6 -2.22461e-7 1 1 4.22514e-6 0 0 0.3826876 -0.9238778 0 -4.74917e-6 -1 -1 3.2432e-6 0 -1 -1.72847e-6 0 0 -0.7071092 0.7071045 0 -0.3826825 0.92388 1 6.75798e-6 0 1 2.2275e-6 0 0 0.7071112 -0.7071023 0 0.3826795 -0.9238812 -1 -2.86379e-6 0 -1 8.45025e-6 0 0 -0.9238817 0.3826783 0 -0.7071035 0.7071101 1 0 0 1 8.45026e-6 0 0 0.9238822 -0.3826771 0 0.707103 -0.7071105 -1 -6.91384e-6 0 0 -1 -6.87713e-6 0 -0.9238774 0.3826887 1 -2.34316e-6 0 1 0 0 0 1 5.88085e-6 0 0.923877 -0.3826895 -1 -2.8638e-6 0 0 -0.9238775 -0.3826884 0 -1 7.08025e-6 1 0 0 0 0.923877 0.3826895 0 1 -5.88085e-6 -1 3.24319e-6 0 0 -0.7071035 -0.7071101 0 -0.9238815 -0.3826788 1 6.75795e-6 0 1 0 0 0 0.707103 0.7071105 0 0.9238822 0.3826771 -1 8.45023e-6 0 6.75258e-7 -0.3826847 -0.9238791 0 -0.7071092 -0.7071045 1 1.11376e-6 0 1 8.45022e-6 0 0 0.3826795 0.9238812 0 0.7071112 0.7071023 -1 -1.17158e-6 0 0 -0.3826825 -0.92388 0 0.3826876 0.9238778 1.26705e-6 1 0 0.3826807 0.9238806 0 -1.26705e-6 1 0 0.3826858 0.9238786 0 0.7071052 0.7071084 0 0.7071091 0.7071045 0 0.9238799 0.3826828 0 0.9238787 0.3826854 0 1 -4.09133e-6 0 1 4.09133e-6 0 0.9238787 -0.3826854 0 0.9238799 -0.3826828 0 0.7071091 -0.7071045 0 0.7071052 -0.7071085 0 0.3826859 -0.9238786 0 0.3826807 -0.9238808 0 1.26705e-6 -1 0 -1.26705e-6 -1 0 -0.3826807 -0.9238806 0 -0.3826858 -0.9238786 0 -0.7071052 -0.7071084 0 -0.7071091 -0.7071045 0 -0.9238799 -0.3826828 0 -0.9238808 -0.3826804 0 -1 -1.27672e-6 0 -1 1.27672e-6 0 -0.9238808 0.3826804 0 -0.9238799 0.3826828 0 -0.7071091 0.7071045 0 1.56602e-6 0 1 -0.7071052 0.7071085 0 -0.3826859 0.9238786 0 -0.3826807 0.9238808 0 0 0 -1 -1.76536e-6 1 0 0.2588213 0.9659252 0 1.89932e-6 1 0 0.2588173 0.9659263 0 0.5000023 0.8660241 0 0.4999986 0.8660262 0 0.7071077 0.7071059 0 0.8660262 0.4999985 0 0.8660244 0.5000018 0 0.9659265 0.2588168 0 0.9659255 0.2588204 0 1 -2.49734e-6 0 1 1.28216e-6 0 0.9659249 -0.2588224 0 0.9659265 -0.2588169 0 0.8660259 -0.4999992 0 0.866028 -0.4999957 0 0.7071046 -0.707109 0 0.7071063 -0.7071073 0 0.5 -0.8660255 0 0.5000028 -0.8660238 0 0.2588167 -0.9659265 0 0.2588198 -0.9659257 0 -1.76536e-6 -1 0 1.89932e-6 -1 0 -0.2588222 -0.965925 0 -0.2588177 -0.9659262 0 -0.5000026 -0.8660239 0 -0.4999981 -0.8660265 0 -0.7071086 -0.7071051 0 -0.7071051 -0.7071086 0 -0.8660252 -0.5000005 0 -0.8660238 -0.5000029 0 -0.9659268 -0.2588156 0 -0.9659264 -0.2588174 0 -1 2.49734e-6 0 -1 -1.28216e-6 0 -0.9659258 0.2588195 0 -0.9659268 0.2588158 0 -0.8660253 0.5000003 0 -0.8660269 0.4999977 0 -0.7071045 0.7071091 0 -0.7071072 0.7071065 0 -0.4999995 0.8660258 0 -3.34823e-7 0 1 -7.91442e-7 0 1 7.21049e-7 0 1 -0.5000032 0.8660237 0 -0.2588171 0.9659264 0 -0.2588208 0.9659255 0 -4.50656e-7 0 -1 -2.52406e-6 0 -1 5.73195e-7 0 -1 -1.11728e-6 0.9061833 0.4228854 0.3467877 0.8372012 0.4228858 6.56242e-6 0.9061828 0.4228864 0.3467809 0.8372042 0.4228855 0.6407682 0.6407682 0.4228858 0.837204 0.3467812 0.4228857 0.8372038 0.3467809 0.4228863 0.906183 0 0.422886 0.837204 -0.3467811 0.4228857 0.8372038 -0.3467809 0.4228863 0.6407684 -0.6407681 0.4228857 0.346782 -0.8372038 0.4228856 0.3467817 -0.8372037 0.4228859 -6.16562e-6 -0.9061833 0.4228855 6.13588e-7 -0.9061827 0.4228867 -0.3467864 -0.8372024 0.4228844 -0.3467828 -0.837202 0.4228882 -0.6407685 -0.6407679 0.4228858 -0.8372042 -0.3467808 0.4228857 -0.8372038 -0.3467813 0.4228863 -0.906183 0 0.422886 -0.8372042 0.3467808 0.4228857 -0.8372038 0.3467813 0.4228863 -0.6407686 0.6407678 0.4228857 8.36115e-7 0 1 -2.12347e-6 0 1 -8.36115e-7 0 1 -0.3467832 0.8372027 0.4228867 -0.3467807 0.8372045 0.422885 2.90998e-7 0 -1 2.29641e-7 0 -1 -2.90998e-7 0 -1 0.7038455 -0.5113741 -0.4930499 0.4896769 -0.1591033 -0.8572646 0.8274179 -0.2688413 -0.4930561 0.80211 0.5827706 -0.1303766 0.8274173 0.2688407 -0.4930571 0.7038468 0.5113748 -0.4930473 -0.3063796 0.9429392 0.1303737 -1.81547e-7 0.9914644 -0.1303785 -0.3063778 0.9429398 -0.1303738 0.1145926 -0.08325588 -0.9899178 0.1347064 -0.04376924 -0.9899185 0.302638 0.4165458 0.857263 0.1145856 0.0832557 0.9899185 0.4165369 0.3026366 0.8572679 0.5827661 0.8021127 0.1303805 0.5827661 0.8021126 -0.1303805 0.5148856 1.08526e-6 0.8572589 0.134715 -0.04377096 0.9899172 0.4896744 -0.1591053 0.8572657 0.5113756 0.703846 0.4930475 0.7038424 0.5113758 0.4930526 0.80211 0.5827707 0.1303765 0.9429379 0.3063827 -0.1303755 0.8274173 -0.268849 0.4930527 0.942938 0.3063826 0.1303754 0.9914634 0 -0.130385 0.991464 5.48086e-6 0.1303814 0.9429389 -0.3063799 0.1303759 0.4165418 0.3026369 -0.8572655 0.08326148 0.1145918 -0.9899173 0.3026373 0.4165426 -0.8572648 0.9429391 -0.3063799 -0.1303737 0.5148804 -4.50632e-7 -0.8572621 0.1416416 -7.59691e-7 -0.989918 0.5113745 0.7038432 -0.4930527 0.8021111 -0.5827675 -0.1303835 0.8700006 -4.67761e-7 -0.4930507 0.8021116 -0.5827668 0.1303835 0.5827662 -0.8021128 -0.1303789 0.1591067 0.4896788 0.857263 0.08325576 0.1145939 0.9899175 0.5827666 -0.8021126 0.1303789 0.3063783 -0.9429395 -0.1303755 0.1347153 0.04377061 0.9899171 0.1416466 7.44108e-7 0.9899173 0.3063787 -0.9429393 0.1303755 -2.23254e-7 -0.991464 -0.1303806 0.8699989 4.03735e-7 0.4930536 0.4896765 0.1591032 0.8572649 0.3063796 0.9429392 0.1303736 1.37387e-7 -0.991464 0.1303806 -0.3063788 -0.9429392 -0.1303755 0.159105 0.4896788 -0.8572632 0.04376548 0.1347115 -0.9899179 -0.3063786 -0.9429393 0.1303755 -0.5827663 -0.8021128 -0.130379 0.1347129 0.04377037 -0.9899175 0.4896778 0.1591041 -0.857264 0.2688429 0.827416 -0.4930582 -0.5827661 -0.802113 0.130379 -0.8021111 -0.5827676 -0.1303833 0.3063786 0.9429395 -0.1303738 -0.8021116 -0.582767 0.1303833 -0.9429394 -0.3063778 -0.1303765 0 0.1416443 0.9899176 0.04377007 0.13471 0.9899179 -0.9429394 -0.3063787 0.1303744 -0.9914639 3.08145e-6 -0.1303816 0 0.8700038 0.493045 0.2688451 0.8274154 0.493058 -0.9914637 5.98615e-7 0.130384 -0.9429384 0.3063812 -0.1303754 0.8274174 0.2688404 0.493057 -0.9429381 0.3063822 0.1303753 -0.8021095 0.5827713 -0.1303763 1.18508e-6 0.1416457 -0.9899174 0 0.5148733 -0.8572663 -0.8021095 0.5827713 0.1303762 -0.5827661 0.8021126 -0.1303806 0.1145943 0.08325856 -0.9899173 0 0.8700038 -0.493045 -0.5827667 0.8021122 0.1303806 -0.1347196 -0.04377228 0.9899165 -5.39734e-7 0.9914644 0.1303785 0.7038455 -0.5113741 0.4930499 0.4165397 -0.3026344 0.8572673 0.114593 -0.08325576 0.9899176 0.3026368 -0.4165453 -0.8572636 0.4165397 -0.3026344 -0.8572673 0.5113742 -0.7038436 0.4930524 0.3026379 -0.4165455 0.8572633 0.0832585 -0.1145927 0.9899175 0.5113749 -0.7038432 -0.4930521 0.1591071 -0.4896806 -0.8572618 0.08325642 -0.1145939 -0.9899175 0.2688446 -0.8274159 0.4930574 0.1591072 -0.4896805 0.857262 0.04377168 -0.1347094 0.989918 0 -0.8700031 -0.4930463 0.2688431 -0.8274163 -0.4930576 0 -0.1416429 -0.9899178 0.0437712 -0.1347107 -0.9899178 0 -0.8700031 0.4930463 0 -0.5148733 0.8572663 -4.86497e-7 -0.1416468 0.9899173 -0.1591072 -0.4896805 -0.8572619 0 -0.5148733 -0.8572663 -0.2688449 -0.8274155 0.4930581 -0.1591073 -0.4896805 0.857262 -0.04377043 -0.1347101 0.9899179 -0.5113757 -0.7038425 -0.4930525 -0.2688434 -0.8274158 -0.4930582 -0.083256 -0.1145933 -0.9899176 -0.04377156 -0.1347127 -0.9899175 -0.5113751 -0.7038427 0.4930528 -0.3026379 -0.4165453 0.8572633 -0.08325821 -0.1145938 0.9899174 -0.7038453 -0.5113744 -0.4930499 -0.3026369 -0.4165452 -0.8572636 -0.1145935 -0.08325684 -0.9899175 -0.7038455 -0.5113742 0.4930498 -0.4165397 -0.3026345 0.8572672 -0.114593 -0.08325588 0.9899176 -0.4896762 -0.1591059 -0.8572645 -0.4165397 -0.3026345 -0.8572672 -0.8274165 -0.2688439 0.4930567 -0.4896768 -0.1591044 0.8572646 -0.8274178 -0.268849 -0.4930518 -0.5148826 8.65866e-7 -0.8572607 -0.1347079 -0.04377031 -0.9899182 -0.8700011 0 0.49305 -0.5148835 -1.97093e-7 0.8572602 -0.141649 -3.90634e-7 0.9899169 -0.8699991 -1.44001e-6 -0.4930534 -0.4896767 0.1591044 -0.8572646 -0.1347137 0.04377037 -0.9899173 -0.1416447 3.76258e-7 -0.9899176 -0.827417 0.2688425 0.4930567 -0.4896773 0.1591048 0.8572642 -0.1347143 0.04377079 0.9899173 -0.8274169 0.2688427 -0.4930567 -0.7038426 0.5113753 -0.4930526 -0.114594 0.08325678 -0.9899175 -0.703847 0.5113747 0.493047 -0.4165405 0.3026366 0.8572661 -0.1145846 0.08325558 0.9899187 -0.511375 0.7038462 -0.4930478 -0.4165395 0.3026353 -0.8572671 -0.3026376 0.4165465 -0.8572629 -0.5113749 0.7038424 0.4930533 -0.302634 0.4165434 0.8572657 -0.08325713 0.1145955 0.9899172 -0.1591052 0.4896789 -0.8572633 -0.08325982 0.1145914 -0.9899175 -0.2688454 0.827415 0.4930586 -0.1591069 0.4896787 0.857263 -0.04377007 0.1347107 0.9899178 -0.2688432 0.8274155 -0.4930588 -0.04377001 0.1347169 -0.989917 0 0.5148733 0.8572663 6.87473e-7 1 0 0.5000003 0.8660253 0 -7.16936e-7 1 0 0.4999967 0.8660273 0 0.8660303 0.4999917 0 0.8660216 0.5000067 0 1 -1.24727e-5 0 1 1.24825e-5 0 0.8660213 -0.5000072 0 0.8660302 -0.499992 0 0.4999969 -0.8660272 0 0.5000008 -0.866025 0 7.07115e-7 -1 0 -6.87473e-7 -1 0 -0.5000008 -0.866025 0 -0.5000007 -0.866025 0 -0.8660272 -0.499997 0 -0.8660234 -0.5000037 0 -1 6.64885e-6 0 -1 -6.67832e-6 0 -0.8660236 0.5000033 0 -7.91382e-7 0 1 -9.1897e-7 0 1 -6.63806e-7 0 1 -0.8660274 0.4999967 0 -0.5000001 0.8660254 0 -0.5000007 0.8660252 0 1.07261e-6 0 -1 0 0 -1 -1.07257e-6 0 -1 0.382687 0.9238781 0 0.3826792 0.9238813 0 0.3826792 0.9238814 0 0.9238778 0.3826879 0 0.9238777 0.3826878 0 0.9238778 -0.3826879 0 0.9238777 -0.3826878 0 0.3826792 -0.9238813 0 0.382687 -0.9238781 0 0.382687 -0.9238781 0 -0.382687 -0.9238781 0 -0.3826792 -0.9238813 0 -0.3826792 -0.9238814 0 -0.9238778 -0.3826879 0 -0.9238777 -0.3826878 0 -0.9238778 0.3826879 0 -0.9238777 0.3826878 0 -0.3826792 0.9238813 0 -0.382687 0.9238781 0 -0.382687 0.9238781 0 0 0 -1 0.9876884 0.1564345 0 1 -1.05151e-6 0 1 1.04675e-6 0 -1.97354e-7 0 1 0 0 1 -0.9876881 -0.1564369 0 -1 1.62008e-6 0 -1 -1.62246e-6 0 1.50058e-7 0 -1 0.9510563 0.3090178 0 0.9876886 0.1564332 0 0 0 1 0 0 1 -0.951056 -0.3090188 0 -0.9876886 -0.1564329 0 0 0 -1 2.21482e-7 0 -1 0.8910058 0.453992 0 0.9510567 0.3090165 0 0 0 1 -0.8910059 -0.4539917 0 -0.951057 -0.3090157 0 0 0 -1 0.809016 0.5877867 0 0.8910068 0.4539899 0 0 0 1 0 0 1 -0.809016 -0.5877867 0 -0.8910071 -0.4539896 0 0 0 -1 0 0 -1 0.7071053 0.7071083 0 0.8090177 0.5877843 0 -2.88951e-7 0 1 -0.7071055 -0.7071081 0 -0.8090183 -0.5877835 0 -1.43053e-7 0 -1 0 0 -1 0.5877835 0.8090184 0 0.7071083 0.7071053 0 -4.08001e-7 0 1 -0.5877839 -0.809018 0 -0.7071083 -0.7071053 0 0 0 -1 0 0 -1 0.4539892 0.8910072 0 0.5877868 0.8090159 0 -1.31567e-7 0 1 1.54015e-7 0 1 -0.4539892 -0.8910073 0 -0.5877865 -0.8090162 0 0.3090157 0.951057 0 0.4539923 0.8910058 0 0 0 1 7.07147e-7 0 1 -0.3090153 -0.9510571 0 -0.4539921 -0.8910058 0 0 0 -1 0.1564326 0.9876887 0 0.3090187 0.951056 0 -2.76435e-7 0 1 8.15985e-7 0 1 -0.1564328 -0.9876886 0 -0.3090185 -0.9510561 0 0 0 -1 0 0 -1 -1.73904e-6 1 0 0.156436 0.9876882 0 0 0 1 -1.92017e-7 0 1 1.60581e-6 -1 0 -0.1564361 -0.9876881 0 0 0 -1 -0.1564361 0.9876882 0 1.77472e-6 1 0 0 0 1 0 0 1 0.1564362 -0.9876881 0 -1.70335e-6 -1 0 0 0 -1 0 0 -1 -0.3090189 0.951056 0 -0.1564326 0.9876887 0 -2.63139e-7 0 1 0 0 1 0.3090186 -0.951056 0 0.1564328 -0.9876886 0 0 0 -1 2.21482e-7 0 -1 -0.4539921 0.8910057 0 -0.3090155 0.9510571 0 1.54014e-7 0 1 0.453992 -0.8910058 0 0.3090155 -0.9510571 0 2.86105e-7 0 -1 -1.55946e-7 0 -1 -0.5877868 0.809016 0 -0.453989 0.8910074 0 0 0 1 1.29245e-7 0 1 0.5877867 -0.809016 0 0.453989 -0.8910073 0 0 0 -1 0 0 -1 -0.7071081 0.7071056 0 -0.5877839 0.809018 0 -1.31567e-7 0 1 0.707108 -0.7071056 0 0.5877839 -0.809018 0 -2.03997e-7 0 -1 -0.8090181 0.5877839 0 -0.7071056 0.7071081 0 -2.76435e-7 0 1 0.8090179 -0.587784 0 0.7071056 -0.707108 0 0 0 -1 0 0 -1 -0.8910074 0.453989 0 -0.8090159 0.5877868 0 0 0 1 0.8910073 -0.4539891 0 0.8090161 -0.5877866 0 -1.43053e-7 0 -1 -1.50059e-7 0 -1 -0.951057 0.3090155 0 -0.8910057 0.4539921 0 0 0 1 1.44475e-7 0 1 0.9510571 -0.3090155 0 0.8910059 -0.453992 0 0 0 -1 -2.21482e-7 0 -1 -0.9876887 0.1564326 0 -0.951056 0.3090189 0 0 0 1 0.9876887 -0.1564329 0 0.951056 -0.3090186 0 -1 -1.78186e-6 0 -0.9876882 0.1564361 0 1.97354e-7 0 1 0 0 1 1 1.62008e-6 0 0.9876881 -0.1564361 0 0 0 -1 -0.9876882 -0.1564361 0 -1 1.78186e-6 0 0 0 1 0.9876881 0.1564361 0 1 -1.62008e-6 0 -0.951056 -0.3090189 0 -0.9876887 -0.1564326 0 0 0 1 0.951056 0.3090186 0 0.9876887 0.1564329 0 -0.8910058 -0.4539922 0 -0.9510571 -0.3090155 0 0.8910059 0.453992 0 0.9510571 0.3090155 0 -0.8090159 -0.5877868 0 -0.8910074 -0.4539889 0 0.8090161 0.5877866 0 0.8910073 0.4539891 0 -0.7071056 -0.7071081 0 -0.8090181 -0.5877838 0 0.7071056 0.707108 0 0.8090179 0.587784 0 -0.5877839 -0.809018 0 -0.7071081 -0.7071056 0 0.587784 0.809018 0 0.707108 0.7071056 0 -0.453989 -0.8910074 0 -0.5877867 -0.8090159 0 0.4539892 0.8910073 0 0.5877866 0.809016 0 0 0 -1 -0.3090154 -0.9510571 0 -0.4539922 -0.8910058 0 0.3090155 0.9510571 0 0.453992 0.8910058 0 0 0 -1 -0.1564326 -0.9876887 0 -0.3090189 -0.951056 0 0 0 1 0.1564328 0.9876886 0 0.3090186 0.951056 0 0 0 -1 1.76996e-6 -1 0 -0.1564361 -0.9876882 0 0 0 1 -1.70335e-6 1 0 0.1564362 0.9876881 0 0 0 -1 0.156436 -0.9876881 0 -1.75093e-6 -1 0 -1.92017e-7 0 1 -0.1564361 0.9876881 0 1.60581e-6 1 0 0 0 -1 0.3090187 -0.951056 0 0.1564326 -0.9876887 0 -0.3090186 0.951056 0 -0.1564328 0.9876886 0 0.4539923 -0.8910058 0 0.3090157 -0.951057 0 -0.4539921 0.8910057 0 -0.3090153 0.9510571 0 0.5877868 -0.8090159 0 0.4539892 -0.8910072 0 -0.5877865 0.8090162 0 -0.4539892 0.8910073 0 0.7071083 -0.7071053 0 0.5877835 -0.8090183 0 -0.7071082 0.7071053 0 -0.5877839 0.809018 0 0.8090177 -0.5877843 0 0.7071053 -0.7071083 0 -0.8090183 0.5877835 0 -0.7071055 0.7071081 0 0.8910068 -0.4539899 0 0.809016 -0.5877867 0 -0.8910071 0.4539896 0 -0.809016 0.5877866 0 0.9510567 -0.3090165 0 0.8910058 -0.453992 0 -0.951057 0.3090157 0 -0.8910059 0.4539917 0 0 0 -1 0.9876886 -0.1564332 0 0.9510563 -0.3090178 0 0 0 1 -0.9876886 0.1564329 0 -0.951056 0.3090189 0 0.9876884 -0.1564345 0 -0.987688 0.1564369 0 0.3826813 0 0.9238805 0.377969 0.05986458 0.9238808 0.3826816 0 0.9238804 0.9238797 -2.48242e-6 0.3826831 0.9125053 0.1445257 0.3826833 0.9238797 4.31662e-7 0.3826832 0.9238797 -4.43328e-7 -0.3826831 0.9125053 0.1445277 -0.3826827 0.9238798 2.49939e-6 -0.3826831 0.3826792 0 -0.9238814 0.3779693 0.05986458 -0.9238806 0.3779698 0.05986452 -0.9238806 -0.3826783 0 -0.9238817 -0.377968 -0.05986547 -0.9238812 -0.3826779 -1.55972e-6 -0.9238819 -0.9238797 0 -0.3826831 -0.9125052 -0.1445273 -0.3826829 -0.9125054 -0.1445276 -0.3826825 -0.9238797 0 0.3826832 -0.9125049 -0.1445276 0.3826836 -0.9238797 0 0.3826833 -0.3826795 1.54355e-6 0.9238812 -0.377967 -0.05986428 0.9238817 -0.3826795 0 0.9238812 0.3639494 0.1182549 0.9238814 0.3639491 0.1182548 0.9238814 0.8786591 0.2854975 0.3826868 0.8786599 0.2854951 0.382687 0.9125055 0.1445252 -0.382683 0.8786591 0.2854976 -0.382687 0.3639503 0.1182548 -0.9238809 -0.3779684 -0.05986404 -0.9238811 -0.3639501 -0.1182559 -0.9238809 -0.8786607 -0.2854929 -0.3826868 -0.8786612 -0.2854924 0.3826861 -0.8786609 -0.2854919 0.382687 -0.3639517 -0.1182547 0.9238804 -0.3639526 -0.1182546 0.9238801 0.3409699 0.1737329 0.9238812 0.8231827 0.4194315 0.3826846 0.8231829 0.4194313 0.3826845 0.8786598 0.2854953 -0.3826872 0.8231828 0.4194316 -0.3826847 0.340972 0.1737327 -0.9238805 0.3409724 0.1737317 -0.9238806 -0.3639504 -0.1182548 -0.9238809 -0.3409698 -0.1737343 -0.9238809 -0.8231826 -0.4194347 -0.3826812 -0.8231844 -0.419432 -0.3826805 -0.8231826 -0.4194347 0.3826812 -0.3409689 -0.1737332 0.9238815 0.3409706 0.1737318 0.9238811 0.3095929 0.2249331 0.9238818 0.7474351 0.5430424 0.3826824 0.7474353 0.5430424 -0.382682 0.7474354 0.5430426 -0.3826816 0.3095944 0.224933 -0.9238813 0.3095942 0.224933 -0.9238814 -0.3409698 -0.1737332 -0.9238812 -0.3095929 -0.2249346 -0.9238814 -0.747435 -0.5430431 -0.3826815 -0.7474369 -0.5430405 -0.3826814 -0.8231843 -0.4194321 0.3826806 -0.7474347 -0.5430434 0.3826817 -0.3095936 -0.2249345 0.9238811 -0.3095942 -0.2249335 0.9238812 0.2705922 0.2705959 0.9238819 0.2705932 0.2705951 0.9238819 0.7474365 0.5430405 0.3826823 0.653281 0.6532826 0.3826826 0.6532801 0.6532835 -0.3826824 0.2705938 0.2705957 -0.9238815 -0.309593 -0.2249336 -0.9238816 -0.270595 -0.2705953 -0.9238813 -0.6532818 -0.6532822 -0.3826818 -0.6532838 -0.6532801 -0.3826818 -0.7474366 -0.5430409 0.3826817 -0.6532809 -0.6532829 0.3826821 -0.270595 -0.2705953 0.9238814 -0.2705948 -0.2705952 0.9238814 0.2249338 0.3095945 0.9238809 0.2249341 0.3095946 0.9238809 0.5430409 0.7474358 0.3826831 0.5430431 0.747434 0.3826835 0.6532818 0.6532815 -0.3826829 0.5430414 0.7474355 -0.382683 0.2705948 0.270595 -0.9238814 0.2249338 0.3095945 -0.9238809 -0.2249343 -0.3095951 -0.9238806 -0.2249351 -0.3095943 -0.9238807 -0.5430426 -0.7474348 -0.3826829 -0.5430451 -0.7474328 -0.382683 -0.6532831 -0.6532807 0.3826822 -0.5430426 -0.7474348 0.3826829 -0.2249343 -0.3095951 0.9238806 0.1737335 0.34097 0.923881 0.4194324 0.8231831 0.382683 0.4194325 0.823183 0.382683 0.5430431 0.747434 -0.3826835 0.4194325 0.8231831 -0.382683 0.1737335 0.3409701 -0.9238811 0.1737345 0.3409695 -0.9238811 -0.1737326 -0.3409696 -0.9238814 -0.1737324 -0.3409696 -0.9238815 -0.4194322 -0.8231828 -0.3826836 -0.4194322 -0.8231828 -0.3826835 -0.5430452 -0.7474327 0.382683 -0.4194323 -0.8231827 0.3826837 -0.2249352 -0.3095943 0.9238807 -0.1737335 -0.3409696 0.9238812 0.1737346 0.3409695 0.923881 0.1182547 0.3639502 0.923881 0.2854941 0.8786606 0.3826861 0.285494 0.8786606 -0.3826862 0.285497 0.87866 -0.3826854 0.1182548 0.3639503 -0.923881 0.1182557 0.3639499 -0.923881 -0.1182543 -0.3639492 -0.9238815 -0.2854915 -0.8786632 -0.3826821 -0.2854923 -0.8786631 0.382682 -0.2854954 -0.8786616 0.3826831 -0.1182541 -0.3639493 0.9238814 -0.1182538 -0.3639492 0.9238815 0.1182557 0.3639498 0.923881 0.05986428 0.3779678 0.9238813 0.285497 0.87866 0.3826854 0.1445264 0.912506 0.3826813 0.144526 0.9125061 -0.3826813 0.1445286 0.9125062 -0.3826803 0.05986428 0.3779678 -0.9238813 0.05986428 0.3779675 -0.9238814 -0.05986434 -0.3779679 -0.9238813 -0.05986541 -0.377968 -0.9238812 -0.2854946 -0.8786618 -0.3826832 -0.1445243 -0.9125046 -0.3826857 -0.144524 -0.9125046 0.3826857 -0.1445271 -0.9125039 0.3826861 -0.05986434 -0.3779679 0.9238813 0 0.3826803 0.9238809 0 0.3826807 0.9238806 0.1445292 0.9125061 0.3826802 0 0.9238802 0.382682 0 0.9238802 -0.3826821 0 0.9238802 -0.3826818 0 0.3826802 -0.9238809 -1.33244e-7 -0.3826801 -0.9238811 -1.26059e-6 -0.3826801 -0.9238809 -0.1445276 -0.9125039 -0.3826861 0 -0.9238805 -0.3826813 0 -0.9238805 0.3826813 0 -0.9238807 0.3826807 -0.05986541 -0.3779679 0.9238812 2.97105e-7 -0.3826801 0.9238811 -0.0598644 0.3779683 0.9238811 -0.1445267 0.9125051 0.3826835 -0.1445267 0.9125047 0.3826841 -0.1445266 0.912505 -0.3826835 -0.05986446 0.3779684 -0.9238811 -0.05986452 0.3779684 -0.9238811 0.05986434 -0.3779681 -0.9238812 0.05986309 -0.3779683 -0.9238812 0.1445267 -0.9125056 -0.3826821 0.1445268 -0.9125058 -0.3826817 0.1445268 -0.9125056 0.3826821 -9.80113e-7 -0.3826802 0.923881 0.05986404 -0.3779681 0.9238812 -0.1182559 0.363949 0.9238814 -0.1182548 0.3639493 0.9238814 -0.2854953 0.878663 0.3826799 -0.285495 0.8786631 -0.3826799 -0.2854921 0.878664 -0.3826798 -0.1182555 0.3639491 -0.9238814 0.118254 -0.3639499 -0.9238812 0.1182529 -0.3639503 -0.9238812 0.2854943 -0.8786606 -0.3826858 0.285494 -0.8786607 0.3826858 0.285494 -0.8786603 0.3826869 0.05986267 -0.3779683 0.9238812 0.118254 -0.3639499 0.9238812 -0.1737327 0.3409705 0.923881 -0.1737325 0.3409706 0.9238811 -0.2854924 0.878664 0.3826798 -0.4194326 0.8231824 0.3826842 -0.4194329 0.8231821 -0.3826846 -0.4194329 0.8231816 -0.3826853 -0.1182545 0.3639493 -0.9238814 -0.1737347 0.34097 -0.9238808 0.1737329 -0.3409699 -0.9238812 0.173733 -0.34097 -0.9238811 0.4194324 -0.8231822 -0.382685 0.4194296 -0.823184 -0.382684 0.4194324 -0.8231822 0.382685 0.1182531 -0.3639503 0.9238811 0.1737336 -0.3409699 0.923881 -0.2249341 0.3095945 0.9238809 -0.4194299 0.8231835 0.3826847 -0.543043 0.7474344 0.3826829 -0.5430427 0.7474349 -0.3826823 -0.1737336 0.3409706 -0.9238808 -0.2249333 0.3095944 -0.9238811 0.2249339 -0.3095945 -0.9238809 0.5430439 -0.7474344 -0.3826817 0.5430414 -0.7474364 -0.3826812 0.4194296 -0.823184 0.382684 0.5430443 -0.7474341 0.3826816 0.2249336 -0.3095945 0.9238811 0.2249335 -0.3095945 0.9238811 -0.2249332 0.3095953 0.9238809 -0.2705944 0.2705956 0.9238814 -0.5430408 0.747436 0.3826828 -0.6532819 0.6532822 0.3826817 -0.6532821 0.6532821 -0.3826816 -0.6532822 0.6532821 -0.3826811 -0.2705959 0.2705954 -0.9238809 -0.2705958 0.2705954 -0.9238809 0.2705961 -0.2705954 -0.9238809 0.2705962 -0.2705954 -0.9238809 0.6532823 -0.6532813 -0.3826823 0.6532825 -0.6532812 -0.3826822 0.5430417 -0.7474362 0.3826812 0.6532812 -0.6532822 0.3826828 0.270596 -0.2705954 0.923881 -0.3095929 0.2249336 0.9238816 -0.3095926 0.2249335 0.9238817 -0.7474343 0.5430424 0.3826838 -0.7474344 0.5430423 0.3826839 -0.7474358 0.5430406 -0.3826836 -0.3095942 0.2249324 -0.9238814 0.3095945 -0.2249335 -0.9238811 0.7474364 -0.5430411 -0.3826819 0.7474365 -0.5430409 0.3826818 0.7474346 -0.5430434 0.382682 0.3095937 -0.2249335 0.9238813 0.3095937 -0.2249335 0.9238813 -0.3409707 0.1737331 0.9238809 -0.8231821 0.4194324 0.3826852 -0.747434 0.5430427 -0.3826841 -0.8231837 0.4194298 -0.3826844 -0.3095936 0.2249334 -0.9238814 -0.3409717 0.1737318 -0.9238807 0.3409714 -0.1737329 -0.9238807 0.3409717 -0.173733 -0.9238806 0.7474342 -0.5430437 -0.3826823 0.8231842 -0.4194297 -0.3826835 0.8231842 -0.4194296 0.3826833 0.8231826 -0.4194325 0.3826838 0.3409686 -0.1737332 0.9238817 -0.3409703 0.1737342 0.9238808 -0.3639501 0.1182546 0.9238811 -0.8231808 0.4194349 0.3826851 -0.878662 0.2854942 0.3826831 -0.8231823 0.4194324 -0.3826845 -0.8786624 0.2854924 -0.3826836 -0.3409713 0.1737329 -0.9238806 -0.363949 0.1182546 -0.9238815 0.3639501 -0.1182544 -0.9238811 0.8231824 -0.4194326 -0.3826839 0.8786619 -0.2854945 -0.3826832 0.8786619 -0.2854944 0.382683 0.8786619 -0.2854944 0.382683 0.3639501 -0.1182544 0.9238811 0.3639506 -0.1182543 0.9238809 -0.3639495 0.1182557 0.9238812 -0.3779677 0.05986428 0.9238813 -0.9125053 0.1445265 0.382683 -0.9125053 0.1445265 0.3826831 -0.8786614 0.2854952 -0.3826838 -0.9125058 0.1445242 -0.3826827 -0.377969 0.05986422 -0.9238808 -0.3779696 0.05986422 -0.9238806 0.3779676 -0.05986428 -0.9238814 0.3779674 -0.05986428 -0.9238815 0.9125053 -0.1445267 -0.382683 0.9125052 -0.1445267 -0.382683 0.9125051 -0.1445268 0.3826833 0.3779682 -0.05986428 0.9238812 -0.3826804 0 0.9238808 -0.3826807 0 0.9238807 -0.9238798 -4.57328e-7 0.3826832 -0.9125052 0.144527 -0.3826828 -0.9238797 -2.47514e-6 -0.382683 -0.3826783 0 -0.9238817 0.3826798 0 -0.9238811 0.9238797 0 -0.3826831 0.9238798 0 0.3826832 0.9238797 0 0.3826833 0.3826802 0 0.923881 0.3826801 0 0.923881 -0.3779683 -0.05986428 0.9238812 -0.9238797 2.45817e-6 0.3826832 -0.9125053 -0.1445269 0.3826829 -0.9238797 4.68995e-7 -0.3826831 -0.9125052 -0.1445267 -0.3826831 -0.3779686 -0.05986428 -0.923881 -0.3779689 -0.05986428 -0.9238808 0.3779681 0.05986428 -0.9238812 0.3779681 0.05986428 -0.9238812 0.9125053 0.1445266 -0.3826828 0.9125054 0.1445266 -0.3826826 0.912505 0.1445268 0.3826833 0.3779677 0.05986434 0.9238814 -0.3639487 -0.1182546 0.9238816 -0.3639484 -0.1182546 0.9238817 -0.9125058 -0.1445241 0.3826829 -0.8786615 -0.2854951 0.3826837 -0.8786619 -0.2854942 -0.3826831 -0.878662 -0.2854942 -0.3826829 -0.3639496 -0.1182557 -0.9238811 0.3639494 0.1182544 -0.9238814 0.8786616 0.2854948 -0.3826834 0.8786621 0.2854942 0.3826828 0.8786622 0.2854942 0.3826826 0.363951 0.1182544 0.9238808 0.3639517 0.1182543 0.9238805 -0.3409698 -0.1737329 0.9238812 -0.8786624 -0.2854923 0.3826836 -0.8231825 -0.4194321 0.3826847 -0.8231811 -0.4194347 -0.3826846 -0.3639498 -0.1182546 -0.9238812 -0.3409706 -0.1737342 -0.9238808 0.3409706 0.173733 -0.9238809 0.340971 0.1737331 -0.9238808 0.8231822 0.4194328 -0.3826842 0.823184 0.4194298 -0.3826838 0.8231822 0.4194328 0.3826842 0.340969 0.1737331 0.9238815 -0.3409707 -0.1737319 0.9238811 -0.3095929 -0.2249335 0.9238816 -0.8231837 -0.4194296 0.3826845 -0.7474344 -0.5430426 0.3826835 -0.8231825 -0.4194321 -0.3826847 -0.7474345 -0.5430425 -0.3826835 -0.340971 -0.1737331 -0.9238808 -0.3095946 -0.2249334 -0.923881 0.3095931 0.2249336 -0.9238815 0.7474342 0.5430434 -0.3826826 0.7474364 0.5430408 -0.3826821 0.8231838 0.41943 0.3826839 0.747434 0.5430437 0.3826828 0.3095936 0.2249336 0.9238813 0.3095937 0.2249335 0.9238813 -0.3095938 -0.2249325 0.9238815 -0.2705945 -0.2705957 0.9238813 -0.747436 -0.5430407 0.3826832 -0.6532813 -0.6532824 0.3826822 -0.6532824 -0.6532816 -0.3826817 -0.6532827 -0.6532817 -0.3826812 -0.2705954 -0.2705956 -0.923881 -0.2705953 -0.2705957 -0.9238811 0.270596 0.2705956 -0.923881 0.2705963 0.2705956 -0.9238808 0.6532821 0.6532813 -0.3826829 0.6532822 0.6532812 -0.3826829 0.747436 0.5430411 0.3826823 0.6532815 0.6532818 0.3826831 0.2705953 0.2705956 0.9238811 -0.2249339 -0.3095944 0.9238811 -0.2249341 -0.3095943 0.9238809 -0.543043 -0.7474346 0.3826824 -0.543043 -0.7474347 0.3826822 -0.5430417 -0.7474355 -0.3826826 -0.2249324 -0.3095954 -0.923881 0.2249335 0.3095946 -0.9238811 0.5430413 0.7474367 -0.382681 0.5430418 0.7474364 0.3826808 0.5430443 0.7474343 0.3826812 0.2249336 0.3095946 0.9238811 0.2249336 0.3095946 0.9238811 -0.1737335 -0.3409703 0.9238809 -0.4194319 -0.8231821 0.3826857 -0.5430435 -0.7474339 -0.382683 -0.4194294 -0.8231832 -0.3826856 -0.2249338 -0.3095945 -0.9238811 -0.1737335 -0.3409702 -0.9238809 0.1737325 0.3409697 -0.9238814 0.1737324 0.3409697 -0.9238814 0.5430436 0.7474347 -0.3826815 0.4194297 0.8231841 -0.3826836 0.4194297 0.8231841 0.3826836 0.4194325 0.8231824 0.3826845 0.1737335 0.3409696 0.9238812 -0.1737346 -0.3409696 0.923881 -0.1182546 -0.3639497 0.9238813 -0.2854919 -0.8786635 0.3826811 -0.2854948 -0.8786626 0.3826811 -0.419432 -0.8231822 -0.3826854 -0.2854923 -0.8786634 -0.382681 -0.1182547 -0.3639497 -0.9238813 -0.1182556 -0.3639494 -0.9238812 0.1182529 0.3639501 -0.9238813 0.4194324 0.8231824 -0.3826845 0.2854941 0.8786611 -0.382685 0.2854945 0.878661 0.382685 0.2854945 0.8786606 0.3826857 0.1182526 0.3639501 0.9238813 0.1182536 0.3639497 0.9238814 -0.1182557 -0.3639494 0.9238812 -0.05986434 -0.377968 0.9238812 -0.1445267 -0.9125047 0.3826841 -0.1445267 -0.9125045 0.3826848 -0.2854951 -0.8786625 -0.3826811 -0.1445264 -0.9125048 -0.3826841 -0.05986434 -0.377968 -0.9238812 -0.0598644 -0.377968 -0.9238813 0.118254 0.3639497 -0.9238814 0.0598632 0.3779685 -0.9238811 0.1445267 0.9125053 -0.3826828 0.1445268 0.9125053 -0.3826826 0.1445267 0.9125053 0.3826828 0.05986273 0.3779685 0.9238811 0.05986404 0.3779682 0.9238811 0 -0.3826802 0.9238809 0 -0.3826807 0.9238806 0 -0.9238802 0.3826819 0 -0.9238802 -0.382682 0 -0.9238802 -0.3826818 1.41644e-7 -0.3826802 -0.9238809 0.0598644 0.3779683 -0.9238811 -1.43534e-6 0.3826802 -0.923881 0 0.9238805 -0.3826813 0 0.9238805 0.3826813 0 0.9238807 0.3826807 -1.06811e-6 0.3826802 0.923881 2.03834e-7 0.38268 0.9238809 0.05986428 -0.377968 0.9238813 0.1445292 -0.9125064 0.3826792 0.1445264 -0.9125065 0.3826801 0.1445288 -0.9125065 -0.3826792 0.0598644 -0.377968 -0.9238813 0.0598644 -0.3779677 -0.9238813 -3.14115e-7 0.3826801 -0.9238809 -0.05986541 0.3779682 -0.923881 -0.1445274 0.9125042 -0.3826851 -0.1445243 0.9125049 -0.3826848 -0.1445273 0.9125043 0.3826852 -0.05986541 0.3779682 0.9238811 -0.05986428 0.3779683 0.9238812 0.118256 -0.3639494 0.9238811 0.1182549 -0.3639499 0.9238812 0.2854968 -0.8786606 0.3826841 0.2854939 -0.8786612 0.3826851 0.1445261 -0.9125066 -0.3826802 0.2854973 -0.8786605 -0.3826841 0.1182556 -0.3639495 -0.9238812 -0.05986428 0.3779683 -0.9238811 -0.1182544 0.3639495 -0.9238814 -0.2854949 0.8786615 -0.3826835 -0.2854918 0.8786629 -0.3826825 -0.1445241 0.912505 0.3826849 -0.2854949 0.8786615 0.3826835 -0.1182545 0.3639495 0.9238813 -0.1182543 0.3639494 0.9238814 0.1737349 -0.3409698 0.9238809 0.1737336 -0.3409705 0.9238809 0.4194324 -0.8231831 0.382683 0.4194324 -0.823183 0.382683 0.2854943 -0.878661 -0.382685 0.4194322 -0.8231831 -0.382683 0.1182547 -0.3639498 -0.9238811 0.1737347 -0.3409698 -0.9238809 -0.1737331 0.3409699 -0.9238812 -0.1737331 0.3409699 -0.9238812 -0.4194322 0.8231827 -0.3826839 -0.4194322 0.8231827 -0.3826839 -0.2854918 0.878663 0.3826825 -0.4194322 0.8231827 0.382684 -0.1737337 0.3409699 0.9238811 0.2249332 -0.3095946 0.9238811 0.2249333 -0.3095946 0.9238811 0.5430424 -0.7474341 0.3826843 0.5430427 -0.747434 -0.3826842 0.5430409 -0.7474355 -0.3826837 0.1737336 -0.3409705 -0.9238809 0.2249332 -0.3095946 -0.9238812 -0.2249355 0.3095942 -0.9238806 -0.5430455 0.7474328 -0.3826826 -0.5430454 0.7474329 0.3826826 -0.5430427 0.747435 0.3826823 -0.2249352 0.3095942 0.9238808 -0.2249341 0.3095949 0.9238808 0.2705933 -0.2705951 0.9238818 0.5430404 -0.7474358 0.3826838 0.6532828 -0.6532809 0.3826823 0.6532816 -0.6532822 -0.3826821 0.6532818 -0.6532822 -0.3826817 0.2705948 -0.270595 -0.9238814 0.2705938 -0.2705959 -0.9238815 -0.2249346 0.3095949 -0.9238806 -0.2705953 0.2705954 -0.9238811 -0.5430428 0.7474349 -0.3826822 -0.653284 0.6532801 -0.3826816 -0.653283 0.6532809 0.382682 -0.653281 0.6532829 0.3826819 -0.2705951 0.2705954 0.9238812 -0.270595 0.2705953 0.9238814 0.2705924 -0.270596 0.9238818 0.3095937 -0.2249331 0.9238815 0.6532807 -0.6532833 0.3826819 0.7474341 -0.5430434 0.3826828 0.7474364 -0.5430405 -0.3826825 0.3095932 -0.2249332 -0.9238816 0.3095929 -0.2249332 -0.9238817 -0.3095945 0.2249335 -0.9238811 -0.3095943 0.2249344 -0.9238809 -0.6532818 0.6532824 -0.3826816 -0.7474368 0.5430406 -0.3826816 -0.747437 0.5430406 0.3826815 -0.7474352 0.543043 0.3826814 -0.3095936 0.2249336 0.9238814 0.3409711 -0.1737318 0.923881 0.3409703 -0.1737329 0.923881 0.8231824 -0.4194318 0.3826848 0.8231825 -0.4194316 0.3826848 0.7474347 -0.5430427 -0.3826826 0.8231825 -0.4194316 -0.3826847 0.3409717 -0.1737318 -0.9238808 -0.3409713 0.173733 -0.9238806 -0.3409716 0.173733 -0.9238805 -0.7474349 0.5430433 -0.3826816 -0.8231844 0.4194319 -0.3826804 -0.8231846 0.4194318 0.3826802 -0.823183 0.4194344 0.382681 -0.3095929 0.2249346 0.9238814 -0.3409688 0.1737333 0.9238815 0.3639503 -0.1182548 0.9238811 0.3639501 -0.1182548 0.9238811 0.8786601 -0.285495 0.3826867 0.8786596 -0.2854955 -0.3826875 0.878659 -0.2854979 -0.3826872 0.3409714 -0.1737328 -0.9238807 0.3639495 -0.1182548 -0.9238812 -0.3639507 0.1182547 -0.9238808 -0.8231828 0.4194346 -0.382681 -0.878661 0.2854927 -0.3826866 -0.878661 0.2854925 0.3826864 -0.8786607 0.2854921 0.3826875 -0.3409683 0.1737344 0.9238815 -0.3639505 0.1182548 0.9238809 0.3779686 -0.05986458 0.9238809 0.8786594 -0.2854974 0.3826864 0.9125053 -0.1445252 0.3826834 0.9125055 -0.1445256 -0.3826828 0.9125058 -0.1445252 -0.3826822 0.3779699 -0.05986458 -0.9238805 0.3779704 -0.05986452 -0.9238802 -0.3779669 0.05986422 -0.9238817 -0.3779665 0.0598641 -0.9238818 -0.9125051 0.1445274 -0.3826833 -0.9125051 0.1445277 -0.3826828 -0.9125049 0.1445276 0.3826836 -0.3639498 0.1182559 0.923881 -0.3779672 0.0598641 0.9238815 0.9125051 -0.1445278 0.3826831 -0.3779668 0.05986547 0.9238817 0.4999957 0 0.866028 0.4903867 0.0975455 0.8660288 0.4903868 0.09754478 0.8660288 1 -5.48107e-7 0 0.9807853 0.1950905 0 1 -1.33452e-7 0 0.4999957 0 -0.866028 0.4903867 0.0975455 -0.8660288 0.4999958 0 -0.8660278 -0.4999942 0 -0.8660287 -0.4903875 -0.09754616 -0.8660282 -0.499994 0 -0.8660289 -0.9807854 -0.1950904 0 -1 -7.19689e-7 0 -0.4999992 0 0.866026 -0.4903851 -0.09754621 0.8660296 -0.4903848 -0.0975455 0.8660299 0.4619346 0.1913414 0.8660283 0.4619349 0.1913408 0.8660282 0.9807853 0.1950901 0 0.9238797 0.3826832 0 0.4903867 0.09754478 -0.8660288 0.4619343 0.1913415 -0.8660285 -0.4903879 -0.09754538 -0.8660281 -0.461934 -0.1913415 -0.8660285 -0.9807854 -0.1950897 0 -0.92388 -0.3826825 0 -0.4619337 -0.1913415 0.8660287 -0.4619343 -0.1913408 0.8660287 0.4157305 0.2777836 0.866028 0.4157309 0.277783 0.8660281 0.9238798 0.3826829 0 0.8314696 0.5555704 0 0.4619346 0.1913408 -0.8660284 0.4157312 0.2777835 -0.8660277 -0.4619343 -0.1913408 -0.8660287 -0.4157316 -0.2777825 -0.8660278 -0.9238802 -0.382682 0 -0.8314675 -0.5555734 0 -0.4157353 -0.277782 0.8660262 -0.4157357 -0.277782 0.866026 0.3535476 0.3535501 0.8660291 0.3535482 0.3535497 0.866029 0.8314698 0.5555701 0 0.7071076 0.7071059 0 0.4157316 0.2777829 -0.8660277 0.35355 0.3535498 -0.8660284 -0.3535521 -0.3535493 -0.8660277 -0.3535523 -0.3535489 -0.8660277 -0.8314679 -0.5555728 0 -0.7071065 -0.7071072 0 -0.3535507 -0.3535495 0.8660282 0.2777832 0.4157307 0.866028 0.2777836 0.4157307 0.866028 0.7071078 0.7071058 0 0.5555698 0.83147 0 0.3535498 0.3535494 -0.8660285 0.2777816 0.4157309 -0.8660284 -0.2777823 -0.4157299 -0.8660288 -0.2777829 -0.4157295 -0.8660287 -0.7071071 -0.7071066 0 -0.5555705 -0.8314695 0 -0.3535512 -0.3535491 0.866028 -0.2777852 -0.4157295 0.866028 0.1913395 0.4619349 0.8660286 0.55557 0.8314698 0 0.3826836 0.9238795 0 0.1913408 0.4619347 -0.8660283 0.1913413 0.4619346 -0.8660283 -0.1913402 -0.4619356 -0.866028 -0.191341 -0.4619354 -0.8660279 -0.5555709 -0.8314692 0 -0.3826823 -0.9238801 0 -0.277786 -0.4157291 0.8660279 -0.1913408 -0.4619356 0.8660278 0.1913399 0.4619346 0.8660286 0.09754443 0.4903882 0.866028 0.3826841 0.9238794 0 0.19509 0.9807853 0 0.09754437 0.4903883 -0.866028 0.09754437 0.4903883 -0.866028 -0.09754425 -0.4903873 -0.8660286 -0.09754437 -0.4903872 -0.8660286 -0.3826828 -0.9238799 0 -0.1950899 -0.9807854 0 -0.1913414 -0.4619354 0.8660278 -0.09754425 -0.4903873 0.8660286 0 0.4999961 0.8660277 0 0.4999963 0.8660277 0.1950906 0.9807853 0 2.04944e-7 1 0 0 0.4999961 -0.8660277 0 -0.4999943 -0.8660287 -0.1950905 -0.9807853 0 3.62228e-7 -1 0 0 -0.4999943 0.8660287 0 -0.4999944 0.8660287 -0.09754484 0.4903877 0.8660283 6.62495e-7 1 0 -0.1950907 0.9807853 0 -0.09754484 0.4903877 -0.8660283 -0.0975449 0.4903877 -0.8660283 0.09754425 -0.490387 -0.8660287 0.09754431 -0.4903869 -0.8660288 -3.57462e-7 -1 0 0.1950908 -0.9807853 0 0.09754425 -0.490387 0.8660287 -0.1913406 0.4619351 0.8660281 -0.1913403 0.4619354 0.8660282 -0.1950904 0.9807854 0 -0.3826842 0.9238793 0 -0.1913406 0.4619352 -0.8660282 0.1913413 -0.4619347 -0.8660282 0.1950901 -0.9807854 0 0.3826843 -0.9238793 0 0.1913413 -0.4619347 0.8660283 0.1913407 -0.4619351 0.8660282 -0.2777839 0.415731 0.8660277 -0.2777837 0.4157313 0.8660275 -0.3826838 0.9238795 0 -0.5555713 0.8314689 0 -0.1913402 0.4619354 -0.8660282 -0.2777845 0.4157309 -0.8660276 0.1913406 -0.4619351 -0.8660281 0.2777828 -0.4157311 -0.866028 0.3826835 -0.9238796 0 0.5555694 -0.8314701 0 0.2777841 -0.415731 0.8660276 0.2777843 -0.4157311 0.8660275 -0.3535514 0.3535491 0.866028 -0.353551 0.3535496 0.866028 -0.5555709 0.8314692 0 -0.7071068 0.7071068 0 -0.2777839 0.4157313 -0.8660276 -0.3535512 0.3535491 -0.8660281 0.3535503 -0.3535486 -0.8660286 0.3535501 -0.3535484 -0.8660289 0.5555688 -0.8314706 0 0.7071054 -0.7071082 0 0.3535504 -0.3535496 0.8660283 -0.4157319 0.2777824 0.8660278 -0.415732 0.2777825 0.8660277 -0.7071065 0.7071071 0 -0.8314701 0.5555696 0 -0.3535505 0.3535497 -0.8660281 -0.4157312 0.2777826 -0.866028 0.4157318 -0.2777826 -0.8660277 0.7071052 -0.7071084 0 0.8314703 -0.5555692 0 0.3535496 -0.35355 0.8660284 0.4157345 -0.2777824 0.8660265 -0.4619345 0.1913406 0.8660284 -0.8314698 0.55557 0 -0.9238797 0.3826832 0 -0.4619349 0.1913406 -0.8660283 -0.4619346 0.1913412 -0.8660283 0.4619339 -0.1913407 -0.8660288 0.4619337 -0.1913414 -0.8660287 0.83147 -0.5555698 0 0.9238796 -0.3826836 0 0.4157338 -0.277783 0.8660266 0.4619345 -0.1913406 0.8660284 -0.4619342 0.1913412 0.8660285 -0.490386 0.09754514 0.8660292 -0.9238795 0.3826836 0 -0.9807854 0.1950896 0 -0.490386 0.09754514 -0.8660292 -0.4903859 0.0975458 -0.8660292 0.4903886 -0.0975449 -0.8660277 0.4903883 -0.09754562 -0.8660279 0.9238792 -0.3826844 0 0.9807854 -0.1950898 0 0.461934 -0.1913413 0.8660286 0.4903855 -0.09754502 0.8660295 -0.4903859 0.0975458 0.8660292 -0.4999957 0 0.866028 -0.9807854 0.1950901 0 -1 1.52517e-7 0 -0.4999957 0 -0.866028 -0.4999958 0 -0.8660278 0.4999942 0 -0.8660287 0.499994 0 -0.8660289 0.9807853 -0.1950905 0 1 7.19689e-7 0 0.4903858 -0.09754574 0.8660292 0.4999992 0 0.866026 -0.4903867 -0.0975458 0.8660288 -0.4903869 -0.09754508 0.8660288 -1 5.48107e-7 0 -0.4903867 -0.0975458 -0.8660288 0.4903876 0.09754568 -0.8660283 0.9807853 0.1950902 0 0.4903851 0.09754574 0.8660297 0.4903848 0.09754502 0.8660299 -0.4619347 -0.1913412 0.8660283 -0.461935 -0.1913406 0.8660282 -0.9807854 -0.19509 0 -0.9238795 -0.3826836 0 -0.4903867 -0.09754508 -0.8660288 -0.4619343 -0.1913412 -0.8660284 0.4903879 0.09754496 -0.8660282 0.4619341 0.1913414 -0.8660285 0.9807855 0.1950895 0 0.9238799 0.3826826 0 0.4619337 0.1913414 0.8660288 0.4619343 0.1913407 0.8660287 -0.4157322 -0.2777823 0.8660275 -0.4157323 -0.2777824 0.8660275 -0.9238797 -0.3826832 0 -0.8314698 -0.55557 0 -0.4619347 -0.1913406 -0.8660285 -0.4157328 -0.2777823 -0.8660273 0.4619343 0.1913407 -0.8660286 0.4157264 0.2777841 -0.8660299 0.9238801 0.3826822 0 0.8314677 0.5555732 0 0.4157353 0.2777823 0.8660262 0.4157357 0.2777823 0.8660259 -0.3535509 -0.3535495 0.8660281 -0.8314701 -0.5555696 0 -0.7071075 -0.7071061 0 -0.3535497 -0.3535496 -0.8660285 -0.3535502 -0.3535491 -0.8660286 0.4157271 0.2777835 -0.8660297 0.3535504 0.3535498 -0.8660282 0.8314681 0.5555726 0 0.7071066 0.707107 0 0.3535499 0.3535486 0.8660289 -0.3535513 -0.353549 0.8660281 -0.2777833 -0.415731 0.8660278 -0.7071077 -0.7071059 0 -0.5555699 -0.8314699 0 -0.2777846 -0.4157308 -0.8660276 -0.2777851 -0.4157304 -0.8660276 0.3535516 0.3535494 -0.8660278 0.2777824 0.4157306 -0.8660283 0.7071072 0.7071064 0 0.5555703 0.8314697 0 0.2777838 0.4157304 0.866028 0.2777839 0.4157305 0.8660278 -0.2777836 -0.4157306 0.8660279 -0.1913395 -0.4619348 0.8660285 -0.5555701 -0.8314698 0 -0.3826838 -0.9238795 0 -0.1913408 -0.4619347 -0.8660283 -0.1913413 -0.4619345 -0.8660283 0.1913403 0.4619355 -0.866028 0.1913411 0.4619352 -0.8660281 0.5555707 0.8314694 0 0.3826822 0.9238801 0 0.1913409 0.4619355 0.8660278 -0.1913399 -0.4619346 0.8660286 -0.09754443 -0.4903881 0.8660281 -0.3826842 -0.9238793 0 -0.1950898 -0.9807854 0 -0.09754437 -0.4903881 -0.8660281 -0.09754443 -0.4903882 -0.8660281 0.09754431 0.4903873 -0.8660286 0.09754437 0.4903872 -0.8660286 0.3826827 0.9238799 0 0.1950901 0.9807854 0 0.1913415 0.4619351 0.866028 0.09754425 0.4903873 0.8660285 0 -0.4999961 0.8660277 0 -0.4999963 0.8660277 -0.1950904 -0.9807854 0 -2.04944e-7 -1 0 0 -0.4999961 -0.8660277 0 0.4999943 -0.8660287 0.1950908 0.9807853 0 -3.57462e-7 1 0 0 0.4999943 0.8660287 0 0.4999944 0.8660287 0.09754484 -0.4903879 0.8660282 -6.62495e-7 -1 0 0.195091 -0.9807852 0 0.09754478 -0.4903879 -0.8660282 0.0975449 -0.4903879 -0.8660282 -0.09754425 0.490387 -0.8660287 -0.09754431 0.4903869 -0.8660288 3.62228e-7 1 0 -0.1950905 0.9807853 0 -0.09754425 0.490387 0.8660287 0.1913406 -0.4619352 0.8660282 0.1913402 -0.4619352 0.8660281 0.1950905 -0.9807853 0 0.3826841 -0.9238794 0 0.1913406 -0.4619352 -0.8660282 -0.1913413 0.461935 -0.8660281 -0.1950899 0.9807854 0 -0.3826844 0.9238792 0 -0.1913413 0.461935 0.8660281 -0.1913407 0.4619353 0.866028 0.277783 -0.4157303 0.8660284 0.2777832 -0.4157301 0.8660283 0.3826836 -0.9238795 0 0.5555712 -0.8314689 0 0.1913401 -0.4619353 -0.8660282 0.2777804 -0.4157305 -0.866029 -0.1913406 0.4619353 -0.866028 -0.2777832 0.4157301 -0.8660284 -0.3826837 0.9238795 0 -0.5555697 0.83147 0 -0.2777845 0.4157299 0.866028 -0.2777838 0.4157303 0.8660281 0.3535484 -0.3535499 0.8660289 0.5555707 -0.8314693 0 0.707107 -0.7071067 0 0.353551 -0.3535495 -0.8660281 0.3535509 -0.35355 -0.8660279 -0.2777826 0.4157304 -0.8660284 -0.3535533 0.353549 -0.8660272 -0.5555689 0.8314705 0 -0.7071052 0.7071084 0 -0.3535513 0.3535493 0.8660279 -0.3535509 0.3535496 0.866028 0.3535479 -0.3535504 0.8660289 0.4157305 -0.277783 0.8660281 0.7071066 -0.707107 0 0.8314698 -0.5555701 0 0.4157298 -0.2777832 -0.8660284 0.4157294 -0.2777838 -0.8660284 -0.3535531 0.3535493 -0.8660272 -0.4157318 0.2777824 -0.8660277 -0.7071049 0.7071086 0 -0.8314701 0.5555695 0 -0.4157356 0.2777819 0.8660261 -0.4157361 0.2777819 0.866026 0.4157302 -0.2777837 0.8660282 0.4619346 -0.1913409 0.8660285 0.8314696 -0.5555704 0 0.9238798 -0.3826829 0 0.4619349 -0.1913408 -0.8660283 0.4619346 -0.1913415 -0.8660283 -0.4619339 0.1913408 -0.8660288 -0.4619336 0.1913415 -0.8660287 -0.8314698 0.5555701 0 -0.9238796 0.3826835 0 -0.4619345 0.1913406 0.8660284 0.4619342 -0.1913415 0.8660284 0.490386 -0.09754484 0.8660292 0.9238797 -0.3826832 0 0.9807854 -0.1950898 0 0.490386 -0.09754484 -0.8660292 0.4903859 -0.09754556 -0.8660292 -0.4903886 0.09754532 -0.8660277 -0.4903883 0.0975461 -0.8660278 -0.9238793 0.3826842 0 -0.9807854 0.1950901 0 -0.461934 0.1913415 0.8660286 -0.4903855 0.09754544 0.8660295 0.490386 -0.09754556 0.8660292 0.9807853 -0.1950902 0 -0.9807853 0.1950907 0 -0.4903858 0.09754616 0.8660292 0.4999935 0 0.8660292 0.4903887 0.09754359 0.8660278 0.4999929 0 0.8660296 1 -1.82547e-6 0 0.980785 0.195092 0 1 2.37835e-6 0 0.4999971 0 -0.8660272 0.490387 0.09754365 -0.8660288 0.4903868 0.09754139 -0.8660292 -0.4999958 0 -0.8660279 -0.4903902 -0.09754419 -0.8660269 -0.4903905 -0.09754216 -0.8660269 -1 2.32116e-6 0 -0.980785 -0.1950923 0 -1 -1.72538e-6 0 -0.4999957 0 0.8660279 -0.4903902 -0.09754419 0.8660269 -0.4999949 0 0.8660284 0.4903894 0.09754133 0.8660277 0.4619373 0.1913396 0.8660273 0.9807858 0.1950877 0 0.9238789 0.3826853 0 0.4619336 0.19134 -0.866029 0.461933 0.1913402 -0.8660294 -0.4619362 -0.1913397 -0.8660278 -0.4619367 -0.1913394 -0.8660277 -0.9807857 -0.1950883 0 -0.9238783 -0.3826867 0 -0.4903905 -0.09754216 0.8660269 -0.4619322 -0.1913403 0.8660299 0.4157273 0.2777842 0.8660293 0.4157275 0.2777827 0.8660297 0.9238805 0.3826813 0 0.8314678 0.5555729 0 0.4157298 0.2777839 -0.8660282 -0.4157254 -0.277785 -0.8660301 -0.9238801 -0.3826823 0 -0.8314682 -0.5555725 0 -0.4157325 -0.2777839 0.8660269 -0.4157339 -0.2777823 0.8660267 0.3535484 0.3535523 0.866028 0.3535501 0.3535508 0.8660278 0.8314704 0.5555691 0 0.7071059 0.7071076 0 0.4157317 0.2777822 -0.8660278 0.3535471 0.3535525 -0.8660284 -0.4157264 -0.2777834 -0.86603 -0.3535495 -0.3535515 -0.8660278 -0.831471 -0.5555683 0 -0.7071053 -0.7071083 0 -0.3535477 -0.3535518 0.8660284 -0.3535487 -0.3535504 0.8660286 0.2777819 0.41573 0.8660288 0.2777819 0.4157297 0.866029 0.7071092 0.7071044 0 0.5555683 0.8314709 0 0.3535487 0.353551 -0.8660283 0.2777824 0.4157299 -0.8660286 -0.3535521 -0.35355 -0.8660274 -0.2777811 -0.4157318 -0.8660283 -0.7071086 -0.707105 0 -0.5555683 -0.8314709 0 -0.2777787 -0.415732 0.8660289 -0.2777807 -0.4157307 0.8660288 0.19134 0.4619355 0.8660281 0.555572 0.8314685 0 0.3826829 0.9238798 0 0.1913393 0.4619356 -0.8660283 0.191341 0.4619349 -0.8660281 -0.2777829 -0.4157305 -0.8660282 -0.1913356 -0.4619354 -0.8660292 -0.5555723 -0.8314683 0 -0.3826813 -0.9238805 0 -0.1913396 -0.461935 0.8660284 -0.1913414 -0.4619343 0.8660285 0.1913418 0.4619349 0.8660281 0.09754353 0.490388 0.8660283 0.3826867 0.9238782 0 0.1950879 0.9807859 0 0.09754484 0.490388 -0.8660282 0.09754508 0.4903879 -0.8660282 -0.1913375 -0.4619345 -0.8660292 -0.09754222 -0.4903869 -0.866029 -0.3826856 -0.9238787 0 -0.1950877 -0.9807859 0 -0.09754109 -0.490387 0.8660292 -0.09754282 -0.4903869 0.866029 0 0.4999955 0.8660281 0 0.4999953 0.8660281 0.1950918 0.9807851 0 -2.14481e-6 1 0 0 0.4999954 -0.8660281 -0.09754467 -0.4903868 -0.8660289 -3.76566e-7 -0.4999954 -0.8660281 -0.1950922 -0.980785 0 2.345e-6 -1 0 3.9508e-7 -0.4999954 0.8660281 4.82068e-7 -0.4999957 0.8660279 -0.09754323 0.4903882 0.8660283 2.14481e-6 1 0 -0.1950929 0.9807848 0 -0.09754526 0.490388 -0.866028 -0.09754556 0.490388 -0.866028 0.09754478 -0.4903877 -0.8660283 0.0975424 -0.490388 -0.8660285 -2.345e-6 -1 0 0.195093 -0.9807848 0 0.09754306 -0.4903878 0.8660285 -0.1913429 0.4619349 0.8660278 -0.1913409 0.4619358 0.8660277 -0.1950886 0.9807857 0 -0.382685 0.9238789 0 -0.1913412 0.4619349 -0.8660281 0.1913378 -0.4619348 -0.866029 0.1913359 -0.4619354 -0.866029 0.1950882 -0.9807858 0 0.3826852 -0.9238789 0 0.09754121 -0.490388 0.8660286 0.1913408 -0.4619345 0.8660284 -0.277784 0.4157303 0.866028 -0.2777821 0.4157314 0.8660281 -0.3826812 0.9238805 0 -0.5555726 0.8314681 0 -0.1913397 0.4619359 -0.866028 -0.2777844 0.4157303 -0.8660278 0.2777824 -0.4157308 -0.8660283 0.2777827 -0.4157307 -0.8660281 0.3826806 -0.9238808 0 0.5555735 -0.8314675 0 0.191339 -0.4619352 0.8660285 0.2777806 -0.415731 0.8660287 -0.3535488 0.3535499 0.8660287 -0.353549 0.3535498 0.8660287 -0.5555694 0.8314703 0 -0.7071086 0.707105 0 -0.2777832 0.4157313 -0.8660278 -0.3535505 0.3535497 -0.8660282 0.3535513 -0.3535488 -0.8660282 0.5555691 -0.8314704 0 0.3535509 -0.3535488 0.8660283 0.35355 -0.3535504 0.8660281 -0.4157266 0.2777835 0.8660299 -0.7071057 0.7071079 0 -0.8314704 0.555569 0 -0.4157337 0.2777827 -0.8660268 -0.415732 0.2777843 -0.8660271 0.3535499 -0.3535503 -0.8660282 0.4157313 -0.2777825 -0.8660281 0.7071043 -0.7071094 0 0.8314704 -0.555569 0 0.4157335 -0.2777822 0.866027 0.4157344 -0.2777822 0.8660266 -0.4157263 0.277785 0.8660296 -0.4619348 0.1913399 0.8660284 -0.8314682 0.5555724 0 -0.9238805 0.3826812 0 -0.4619354 0.1913399 -0.8660281 -0.4619351 0.19134 -0.8660283 0.4619348 -0.1913397 -0.8660286 0.4619346 -0.1913397 -0.8660286 0.8314679 -0.5555728 0 0.9238809 -0.3826801 0 0.4619348 -0.1913398 0.8660284 -0.490386 0.09754413 0.8660293 -0.4903859 0.09754407 0.8660293 -0.9238789 0.382685 0 -0.9807857 0.1950883 0 -0.4903865 0.09754407 -0.866029 0.4903907 -0.09754186 -0.866027 0.923879 -0.3826847 0 0.9807857 -0.1950884 0 0.490391 -0.09754425 0.8660264 0.490392 -0.09754437 0.8660259 -0.4999958 0 0.866028 -0.9807848 0.1950924 0 -1 -2.39742e-6 0 -0.4999957 0 -0.8660278 -0.4999962 0 -0.8660276 0.4903906 -0.09754389 -0.8660268 0.499997 1.75221e-6 -0.8660272 0.9807847 -0.1950935 0 1 2.05902e-6 0 0.4999946 1.21643e-7 0.8660285 -0.4903874 -0.09754407 0.8660286 -0.4903873 -0.09754401 0.8660286 -1 1.8207e-6 0 -0.9807851 -0.1950913 0 -0.4903875 -0.09754401 -0.8660284 0.4999963 -1.73454e-7 -0.8660277 0.4903877 0.09754437 -0.8660283 1 -2.6691e-6 0 0.9807848 0.1950926 0 0.4999942 -1.83505e-6 0.8660289 0.4903893 0.09754395 0.8660275 -0.4619373 -0.1913396 0.8660272 -0.9807859 -0.1950874 0 -0.9238787 -0.3826857 0 -0.4619337 -0.1913402 -0.866029 -0.461933 -0.1913402 -0.8660294 0.4619362 0.1913396 -0.8660279 0.4619367 0.1913394 -0.8660277 0.9807858 0.1950882 0 0.9238787 0.3826853 0 0.4903897 0.09754192 0.8660276 0.4619321 0.1913402 0.8660299 -0.4157272 -0.2777849 0.8660292 -0.4157274 -0.2777835 0.8660295 -0.9238802 -0.3826822 0 -0.8314682 -0.5555724 0 -0.4157298 -0.2777846 -0.866028 0.4157308 0.2777826 -0.8660282 0.9238806 0.3826811 0 0.8314679 0.5555728 0 0.4157322 0.2777824 0.8660276 0.4157329 0.2777824 0.8660272 -0.3535488 -0.3535498 0.8660288 -0.3535488 -0.3535498 0.8660288 -0.8314704 -0.555569 0 -0.7071057 -0.7071079 0 -0.4157316 -0.277783 -0.8660277 -0.353549 -0.3535497 -0.8660287 0.3535487 0.3535507 -0.8660284 0.3535501 0.3535491 -0.8660285 0.8314704 0.555569 0 0.7071053 0.7071083 0 0.3535516 0.3535503 0.8660274 -0.2777819 -0.4157314 0.8660281 -0.7071086 -0.707105 0 -0.5555682 -0.831471 0 -0.2777829 -0.4157313 -0.8660278 -0.2777845 -0.4157302 -0.8660278 0.2777822 0.4157308 -0.8660283 0.2777827 0.4157307 -0.8660281 0.7071086 0.707105 0 0.5555683 0.8314709 0 0.3535525 0.3535488 0.8660276 0.277781 0.4157311 0.8660287 -0.2777838 -0.4157304 0.8660281 -0.1913401 -0.4619354 0.8660281 -0.5555719 -0.8314687 0 -0.3826829 -0.9238799 0 -0.1913394 -0.4619355 -0.8660283 -0.1913411 -0.4619345 -0.8660284 0.1913357 0.4619352 -0.8660292 0.5555722 0.8314683 0 0.3826814 0.9238804 0 0.1913396 0.4619349 0.8660284 0.1913416 0.4619342 0.8660284 -0.1913419 -0.4619345 0.8660282 -0.09754353 -0.4903879 0.8660283 -0.3826869 -0.9238782 0 -0.195088 -0.9807857 0 -0.09754484 -0.4903879 -0.8660281 -0.09754508 -0.4903879 -0.8660282 0.1913377 0.4619346 -0.8660291 0.09754234 0.4903876 -0.8660286 0.3826858 0.9238786 0 0.1950876 0.9807859 0 0.09754115 0.4903876 0.8660288 0.09754294 0.4903874 0.8660286 0 -0.4999955 0.8660281 0 -0.4999953 0.8660281 -0.195092 -0.980785 0 2.14481e-6 -1 0 0 -0.4999954 -0.8660281 0.09754478 0.4903873 -0.8660284 3.8849e-7 0.4999954 -0.8660282 0.1950922 0.980785 0 -2.345e-6 1 0 -3.80959e-7 0.4999954 0.8660281 -4.59541e-7 0.4999957 0.8660279 0.09754323 -0.4903883 0.8660282 -2.14481e-6 -1 0 0.1950926 -0.9807848 0 0.09754526 -0.4903882 -0.866028 0.0975455 -0.490388 -0.866028 -0.09754455 0.4903867 -0.8660289 -0.09754222 0.490387 -0.8660289 2.345e-6 1 0 -0.195093 0.9807848 0 -0.09754282 0.4903869 0.8660291 0.1913428 -0.4619352 0.8660276 0.1913408 -0.4619359 0.8660277 0.1950884 -0.9807857 0 0.3826848 -0.923879 0 0.1913412 -0.4619354 -0.8660279 -0.1913374 0.4619345 -0.8660292 -0.1913357 0.4619353 -0.8660291 -0.1950883 0.9807858 0 -0.382685 0.923879 0 -0.09754103 0.4903871 0.8660292 -0.1913403 0.4619342 0.8660286 0.2777832 -0.4157299 0.8660284 0.2777835 -0.4157295 0.8660285 0.3826811 -0.9238805 0 0.5555729 -0.8314679 0 0.1913396 -0.4619361 -0.8660278 0.2777826 -0.41573 -0.8660286 -0.2777844 0.4157303 -0.8660279 -0.2777825 0.4157316 -0.8660278 -0.3826805 0.9238808 0 -0.5555735 0.8314675 0 -0.1913388 0.4619351 0.8660286 -0.2777805 0.4157307 0.8660289 0.3535491 -0.3535512 0.8660281 0.5555697 -0.83147 0 0.7071092 -0.7071044 0 0.3535501 -0.3535509 -0.8660278 0.3535488 -0.3535524 -0.8660277 -0.3535509 0.3535502 -0.8660277 -0.3535483 0.3535518 -0.8660281 -0.5555691 0.8314705 0 -0.707108 0.7071057 0 -0.2777789 0.415732 0.8660287 -0.3535503 0.3535503 0.866028 0.353547 -0.3535526 0.8660283 0.4157267 -0.2777828 0.8660301 0.7071059 -0.7071076 0 0.8314704 -0.5555691 0 0.4157338 -0.277782 -0.866027 0.415732 -0.2777837 -0.8660272 -0.4157283 0.277783 -0.8660292 -0.4157271 0.2777846 -0.8660293 -0.7071043 0.7071093 0 -0.831471 0.5555683 0 -0.353549 0.3535517 0.8660279 -0.4157343 0.2777823 0.8660267 0.4157263 -0.2777844 0.8660297 0.4619349 -0.1913398 0.8660285 0.8314678 -0.5555729 0 0.9238809 -0.3826803 0 0.4619354 -0.1913399 -0.8660281 0.4619351 -0.19134 -0.8660283 -0.4619348 0.1913399 -0.8660285 -0.4619346 0.1913397 -0.8660287 -0.8314682 0.5555725 0 -0.9238805 0.3826813 0 -0.4157325 0.2777839 0.8660269 -0.461935 0.1913399 0.8660284 0.4903879 -0.09754139 0.8660286 0.4903874 -0.09754365 0.8660286 0.9238792 -0.3826847 0 0.9807857 -0.1950888 0 0.4903858 -0.09754145 -0.8660298 -0.4903916 0.0975421 -0.8660264 -0.9238786 0.3826861 0 -0.9807856 0.1950886 0 -0.4903921 0.09754204 0.8660261 -0.4903914 0.09754413 0.8660262 0.9807847 -0.1950932 0 0.4903857 -0.09754371 -0.8660296 -0.4903914 0.09754413 -0.8660262 -0.9807848 0.1950932 0 0 0.8660256 -0.4999998 0 0.8660255 -0.5 0 0.8660255 -0.4999999 0 -0.8660254 -0.5 0 -0.8660256 -0.4999997 0 -0.8660256 -0.4999998 0 -0.8660256 0.4999997 0 -0.8660254 0.5 1 0 5.73549e-6 1 0 5.73547e-6 0 0.8660254 0.5 0 0.8660256 0.4999997 -0.6123734 0.6123723 -0.4999991 -0.6123744 0.6123708 -0.4999996 -0.6123745 0.6123708 -0.4999996 0 0 -1 4.04422e-6 0 -1 0.6123733 -0.6123724 -0.4999991 0.6123702 -0.6123735 -0.5000014 0.6123702 -0.6123736 -0.5000015 0.6123726 -0.6123716 0.500001 0.6123732 -0.6123729 0.4999985 0.6123726 -0.6123716 0.500001 0.7071077 0.7071059 -9.33512e-7 0.7071068 0.7071068 0 0.7071082 0.7071055 0 5.09413e-6 0 1 -4.92969e-6 0 1 -5.09728e-6 0 1 -0.6123692 0.6123736 0.5000025 -0.6123734 0.6123719 0.4999995 -0.6123692 0.6123737 0.5000026 -0.7071059 -0.7071078 2.33375e-7 -0.7071031 -0.7071105 -1.86701e-6 -0.7071064 -0.7071073 -2.33376e-7 -0.866026 0 -0.4999992 0.866026 0 -0.4999992 0.8660259 0 0.4999992 0.866026 0 0.4999992 0 1 0 0 1 9.335e-7 0 1 9.33499e-7 -0.8660259 0 0.4999992 -0.866026 0 0.4999992 0 -1 -2.33375e-7 0 -1 0 0 -1 -1.40026e-6 -0.6123724 -0.6123718 -0.5000009 -0.6123685 -0.6123768 -0.4999995 -0.6123725 -0.6123718 -0.500001 0 0 -1 -1.13238e-6 0 -1 -1.151e-6 0 -1 0.6123732 0.6123725 -0.4999989 0.6123727 0.6123734 -0.4999987 0.6123732 0.6123725 -0.4999989 0.6123732 0.6123726 0.499999 0.6123711 0.6123741 0.4999997 0.612371 0.6123741 0.4999997 -0.7071077 0.7071059 0 -0.7071064 0.7071072 1.86701e-6 -0.7071073 0.7071064 0 0 0 1 1.61768e-6 0 1 -0.6123772 -0.6123714 0.4999954 -0.6123719 -0.6123726 0.5000004 -0.6123719 -0.6123726 0.5000005 0.7071071 -0.7071065 -7.00136e-7 0.7071067 -0.707107 0 0.7071066 -0.707107 7.00138e-7 0 -0.8660255 -0.5 0 -0.8660256 -0.4999998 0 -0.8660256 -0.4999998 0 0 -1 0 0 -1 0 0.8660256 -0.4999999 0 0.8660256 -0.5 0 0.8660255 -0.4999999 0 0.8660256 0.4999998 0 0.8660255 0.5000001 0 0.8660254 0.5000001 -1 0 0 -1 0 0 -1 1.75034e-7 0 0 0 1 0 0 1 0 -0.8660256 0.4999998 0 -0.8660255 0.5 0 -0.8660254 0.5 0.6123732 -0.6123726 -0.499999 0.6123728 -0.612373 -0.4999988 0.6123729 -0.6123731 -0.4999988 0 0 -1 1.13238e-6 0 -1 -0.6123676 0.6123772 -0.5000002 -0.6123732 0.6123718 -0.4999998 -0.6123734 0.6123718 -0.4999998 -0.6123725 0.6123717 0.5000008 -0.6123769 0.6123717 0.4999954 -0.6123725 0.6123718 0.500001 -0.7071077 -0.7071059 0 -0.7071064 -0.7071072 4.66754e-7 -0.7071073 -0.7071064 -4.66755e-7 0 0 1 -1.61769e-6 0 1 -1.64429e-6 0 1 0.61237 -0.6123745 0.5000005 0.6123739 -0.6123726 0.499998 0.61237 -0.6123745 0.5000005 0.7071059 0.7071077 -4.66753e-7 0.7071045 0.7071092 0 0.7071073 0.7071063 3.50065e-7 0.8660259 0 -0.4999992 -0.8660259 0 -0.4999992 0 -1 9.33507e-7 0 -1 9.33506e-7 0 1 -2.33378e-7 0 1 -1.40025e-6 0.6123695 0.6123732 -0.5000028 0.6123735 0.6123713 -0.5000001 0.6123694 0.6123732 -0.5000028 0 0 -1 4.04421e-6 0 -1 4.11072e-6 0 -1 -0.6123758 -0.6123696 -0.4999994 -0.6123731 -0.6123731 -0.4999986 -0.6123758 -0.6123695 -0.4999994 -0.6123742 -0.6123729 0.4999973 -0.6123704 -0.6123732 0.5000016 -0.6123704 -0.6123732 0.5000017 0.7071078 -0.7071059 9.33509e-7 0.7071068 -0.7071068 0 0.7071138 -0.7070998 0 -5.11807e-6 0 1 3.47378e-6 0 1 -5.26172e-6 0 1 0.6123726 0.6123715 0.500001 0.6123754 0.6123703 0.4999991 0.6123754 0.6123702 0.4999991 -0.7071073 0.7071064 0 -0.7071068 0.7071068 9.33509e-7 -0.7071082 0.7071053 -4.66748e-7 -1.61528e-6 1 0 0.3826854 0.9238788 0 1.85708e-6 1 0 0.3826819 0.9238803 0 0.7071079 0.7071056 0 0.7071052 0.7071084 0 0.9238805 0.3826813 0 0.9238792 0.3826842 0 1 -1.04461e-6 0 1 1.51855e-6 0 0.9238788 -0.3826853 0 0.9238802 -0.382682 0 0.7071088 -0.7071048 0 0.3826816 -0.9238803 0 0.3826848 -0.9238791 0 -1.61528e-6 -1 0 1.85708e-6 -1 0 -0.3826855 -0.9238788 0 -0.382682 -0.9238802 0 -0.7071079 -0.7071056 0 -0.7071052 -0.7071084 0 -0.9238805 -0.3826813 0 -0.9238791 -0.3826845 0 -1 1.32511e-6 0 -1 -1.79905e-6 0 -0.9238787 0.3826855 0 -0.9238802 0.382682 0 -0.7071059 0.7071076 0 -7.28065e-7 0 1 -2.73042e-7 0 1 2.73042e-7 0 1 -0.7071088 0.7071048 0 -0.3826817 0.9238803 0 -0.3826848 0.923879 0 0 0 -1 -3.25124e-6 1 0 0.3090194 0.9510557 0 3.42412e-6 1 0 0.309014 0.9510575 0 0.5877877 0.8090153 0 0.5877829 0.8090187 0 0.8090189 0.5877827 0 0.8090149 0.5877883 0 0.9510576 0.3090138 0 0.9510555 0.3090204 0 1 -3.44333e-6 0 1 3.43373e-6 0 0.9510555 -0.3090203 0 0.9510576 -0.3090138 0 0.8090149 -0.5877882 0 0.8090189 -0.5877828 0 0.587783 -0.8090187 0 0.5877876 -0.8090153 0 0.3090141 -0.9510575 0 0.3090194 -0.9510558 0 -3.25124e-6 -1 0 3.42412e-6 -1 0 -0.30902 -0.9510555 0 -0.3090139 -0.9510575 0 -0.5877881 -0.8090149 0 -0.5877823 -0.8090192 0 -0.8090195 -0.5877819 0 -0.8090144 -0.5877889 0 -0.9510577 -0.3090135 0 -0.9510552 -0.3090211 0 -1 3.44813e-6 0 -1 -3.44333e-6 0 -0.9510552 0.3090209 0 -0.9510577 0.3090134 0 -0.8090144 0.5877889 0 -0.8090195 0.5877819 0 -0.5877823 0.8090192 0 0 0 1 -4.34566e-7 0 1 -6.03896e-7 0 1 -0.5877881 0.8090149 0 -0.309014 0.9510575 0 -0.30902 0.9510557 0 1.29103e-7 0 -1 -0.8660258 -0.4999993 0 -0.8660235 -0.5000035 0 -0.8660223 -0.5000054 0 -0.5 0.8660254 0 -0.5000002 0.8660254 0 -0.5000001 0.8660254 0 0.8660233 0.5000038 0 0.8660256 0.4999997 0 0.8660268 0.4999977 0 0.5 -0.8660254 0 0.5000002 -0.8660254 0 0.5000001 -0.8660254 0 0 0 -1 -3.34673e-7 0 -1 -3.46474e-7 0 -1 6.60494e-7 0 1 -2.27401e-7 0 1 6.92948e-7 0 1 0.8660255 -0.4999999 0 0.8660249 -0.5000011 0 0.8660245 -0.5000016 0 -0.5000001 -0.8660253 0 -0.5000002 -0.8660254 0 -0.8660254 0.5000001 0 -0.8660253 0.5000004 0 0.5000004 0.8660252 0 0.5000002 0.8660253 0 0.5000004 0.8660252 0 0 0 -1 0 0 -1 -6.57544e-7 0 1 3.11069e-7 0 1 3.46474e-7 0 1 -1 -2.53692e-7 0 -1 0 0 -1 -2.7718e-7 0 -1 -3.01325e-7 0 0 0.1564341 -0.9876885 0 2.06966e-7 -1 0 -3.37807e-7 -1 1 1.13634e-6 0 -1.32633e-7 -0.1564345 0.9876884 0 -3.52079e-7 1 0 2.37892e-7 1 -1 -1.77255e-6 0 -1 7.62477e-7 0 0 0.3090167 -0.9510567 1.20151e-7 0.1564349 -0.9876884 1 -9.93753e-7 0 1 5.63775e-7 0 0 -0.3090167 0.9510567 0 -0.1564347 0.9876884 -1 -1.46005e-6 0 -1 -6.56847e-7 0 0 0.4539901 -0.8910067 0 0.3090172 -0.9510565 1 -1.48045e-6 0 1 0 0 0 -0.4539909 0.8910063 0 -0.3090172 0.9510565 -1 9.38571e-7 0 -1 -7.92232e-7 0 0 0.587786 -0.8090166 0 0.4539911 -0.8910064 1 6.88215e-7 0 1 -7.30024e-7 0 0 -0.5877859 0.8090165 0 -0.4539898 0.8910069 0 0.7071067 -0.7071069 0 0.5877858 -0.8090167 1 1.12753e-6 0 0 -0.7071068 0.7071068 0 -0.5877849 0.8090174 -1 7.9501e-7 0 -1 0 0 0 0.8090164 -0.5877861 0 0.7071067 -0.707107 1 -1.01664e-6 0 0 -0.8090173 0.587785 -1.26849e-7 -0.7071074 0.7071062 -1 1.44045e-6 0 -1 0 0 0 0.8910062 -0.4539912 0 0.8090169 -0.5877856 1 0 0 1 1.36768e-7 0 0 -0.8090166 0.587786 0 -0.8910064 0.4539908 -1 2.08036e-7 0 -1 4.06657e-6 0 0 0.9510563 -0.3090178 0 0.891007 -0.4539896 1 7.82256e-7 0 1 1.59682e-6 0 0 -0.8910069 0.4539898 0 -0.9510562 0.3090181 -1 -3.97501e-7 0 -1 -2.25509e-6 0 0 0.9876885 -0.1564341 0 0.9510568 -0.3090162 1 -5.2147e-7 0 1 2.25509e-6 0 0 -0.9876885 0.1564338 0 -0.9510569 0.3090161 0 1 8.94474e-7 0 0.9876883 -0.1564347 1 -8.91262e-7 0 1 -2.03328e-6 0 0 -1 -9.06367e-7 0 -0.9876882 0.1564354 0 0.9876883 0.1564347 0 1 -8.94474e-7 1 -4.93684e-7 0 0 -0.9876882 -0.1564355 0 -1 8.08831e-7 -1 -1.12752e-6 0 0 0.9510567 0.3090166 0 0.9876885 0.1564341 1 -3.66362e-7 0 1 2.91329e-6 0 0 -0.9510567 -0.3090165 0 -0.9876885 -0.1564338 -1 -1.1925e-6 0 -1 -6.88213e-7 0 0 0.8910067 0.4539901 0 0.9510563 0.309018 1 2.39306e-6 0 1 0 0 0 -0.891007 -0.4539899 0 -0.9510564 -0.3090174 -1 -1.37643e-6 0 0 0.809017 0.5877853 0 0.8910062 0.4539913 1 -1.77255e-6 0 0 -0.8090173 -0.587785 0 -0.8910064 -0.4539909 -1 -2.25509e-6 0 0 0.707107 0.7071066 0 0.809017 0.5877854 1 -6.58245e-7 0 1 -2.25509e-6 0 1.74915e-7 -0.7071071 -0.7071065 0 -0.8090167 -0.5877859 0 0.5877857 0.8090167 0 0.7071072 0.7071064 1 -1.01664e-6 0 0 -0.7071072 -0.7071064 1.57564e-7 -0.5877861 -0.8090165 -1 -1.31649e-6 0 -1 -7.92236e-7 0 0 0.4539902 0.8910068 0 0.587786 0.8090165 1 1.12752e-6 0 0 -0.4539901 -0.8910069 0 -0.5877841 -0.809018 -1 -9.38573e-7 0 -1 -1.24105e-6 0 0 0.3090171 0.9510565 0 0.4539896 0.891007 1 0 0 1 2.0855e-7 0 0 -0.3090173 -0.9510565 0 -0.4539908 -0.8910065 -1 8.01817e-7 0 -1 2.60732e-7 0 0 0.1564356 0.9876882 0 0.3090161 0.9510568 1 -1.34506e-6 0 1 1.52504e-6 0 0 -0.1564348 -0.9876884 0 -0.3090173 -0.9510564 -1 3.59791e-7 0 0 2.68818e-7 1 0 0.1564348 0.9876883 1 6.88216e-7 0 0 -2.90228e-7 -1 0 -0.1564345 -0.9876884 -1 -3.59791e-7 0 0 -0.156435 0.9876884 0 -2.68818e-7 1 1 -6.88216e-7 0 0 0.1564344 -0.9876884 0 2.94985e-7 -1 -1 -8.01817e-7 0 -1 -2.60731e-7 0 0 -0.3090162 0.9510568 0 -0.1564353 0.9876883 1 1.34506e-6 0 1 -1.52504e-6 0 0 0.3090175 -0.9510564 0 0.1564347 -0.9876884 -1 9.38573e-7 0 -1 1.24104e-6 0 0 -0.4539893 0.8910073 0 -0.309017 0.9510566 1 0 0 1 -2.0855e-7 0 0 0.4539906 -0.8910066 0 0.3090174 -0.9510565 -1 1.31649e-6 0 -1 7.92232e-7 0 0 -0.587785 0.8090173 0 -0.4539906 0.8910065 1 5.84198e-7 0 1 -1.12752e-6 0 0 0.5877844 -0.8090177 0 0.4539906 -0.8910065 0 -0.7071067 0.7071069 0 -0.5877861 0.8090164 1 1.36764e-7 0 1 2.25509e-6 0 1.80699e-7 0.7071068 -0.7071068 1.57564e-7 0.5877855 -0.8090169 -1 1.37643e-6 0 0 -0.8090171 0.5877852 0 -0.7071074 0.7071063 1 1.77254e-6 0 1 -1.01664e-6 0 1.57564e-7 0.8090171 -0.5877853 1.80699e-7 0.7071069 -0.7071067 -1 1.1925e-6 0 -1 2.25509e-6 0 0 -0.8910064 0.4539909 0 -0.8090176 0.5877845 1 0 0 1 2.25509e-6 0 0 0.8910061 -0.4539914 0 0.809017 -0.5877854 -1 6.88216e-7 0 0 -0.9510563 0.3090178 0 -0.8910066 0.4539903 1 -2.39307e-6 0 0 0.9510565 -0.3090172 0 0.8910069 -0.4539899 -1 1.12753e-6 0 0 -0.9876884 0.1564349 0 -0.9510564 0.3090174 1 3.66362e-7 0 1 -2.9133e-6 0 0 0.9876883 -0.156435 0 0.9510569 -0.3090161 0 -1 5.0671e-7 0 -0.9876885 0.1564339 1 8.91262e-7 0 1 4.93684e-7 0 0 1 -7.2319e-7 0 0.9876884 -0.156434 -1 -1.6913e-6 0 0 -0.9876885 -0.1564339 0 -1 -5.0671e-7 1 -1.2677e-6 0 0 0.9876884 0.1564339 0 1 6.18518e-7 -1 -5.96253e-7 0 -1 -1.03232e-6 0 0 -0.9510565 -0.3090172 0 -0.9876884 -0.1564349 1 1.48529e-7 0 1 -7.95012e-7 0 0 0.9510568 0.3090163 0 0.9876883 0.156435 0 -0.8910067 -0.4539903 0 -0.9510564 -0.3090175 1 3.96117e-7 0 1 -1.59682e-6 0 0 0.8910071 0.4539895 0 0.9510565 0.3090174 -1 7.95012e-7 0 -1 -2.69013e-6 0 0 -0.8090172 -0.5877851 0 -0.8910066 -0.4539905 1 0 0 1 -7.95e-7 0 0 0.8090174 0.5877848 0 0.891006 0.4539915 -1 -3.77906e-7 0 -1 -3.61774e-6 0 0 -0.707107 -0.7071067 0 -0.8090169 -0.5877856 1 -3.96116e-7 0 1 0 0 0 0.7071069 0.7071067 0 0.8090167 0.5877858 -1 -5.21479e-7 0 -1 1.37643e-6 0 0 -0.5877861 -0.8090165 0 -0.7071064 -0.7071072 1 -1.12753e-6 0 0 0.5877856 0.8090168 0 0.7071068 0.7071069 -1 -9.3857e-7 0 -1 2.25509e-6 0 0 -0.4539911 -0.8910062 0 -0.587785 -0.8090172 1 -6.88215e-7 0 1 7.30024e-7 0 0 0.4539908 0.8910065 0 0.5877848 0.8090174 -1 1.46005e-6 0 -1 6.56849e-7 0 0 -0.3090175 -0.9510564 0 -0.4539902 -0.8910068 1 1.48045e-6 0 1 9.93753e-7 0 0 0.3090167 0.9510566 0 0.4539904 0.8910066 -1 3.01325e-7 0 -1 1.77255e-6 0 1.20151e-7 -0.1564345 -0.9876884 0 -0.3090165 -0.9510568 1 -1.13634e-6 0 1 0 0 0 0.1564349 0.9876884 0 0.3090174 0.9510565 -1 -7.62477e-7 0 0 -0.1564342 -0.9876884 1 -5.63775e-7 0 -1.32632e-7 0.1564344 0.9876884 0.9238805 0.3826811 -1.73634e-6 0.9238822 0.3779655 0.05986452 0.9238803 0.3826814 -5.14834e-7 0.3826846 0.9238792 -1.47583e-6 0.3826807 0.9125062 0.1445269 0.3826809 0.9125067 0.1445235 -0.3826825 0.92388 -1.88299e-6 -0.3826818 0.9125056 0.1445276 -0.3826824 0.92388 2.91636e-6 -0.9238802 0.3826817 -1.65519e-6 -0.9238824 0.377965 0.05986452 -0.9238827 0.3779642 0.05986481 -0.9238826 -0.3826763 1.80724e-6 -0.9238815 -0.3779671 -0.05986481 -0.9238814 -0.3779677 -0.0598635 -0.3826841 -0.9238794 0 -0.3826841 -0.9125043 -0.1445301 -0.3826843 -0.9238792 0 0.3826835 -0.9238796 0 0.3826832 -0.9125047 -0.1445299 0.3826823 -0.9125056 -0.144526 0.9238811 -0.3826801 1.76122e-6 0.9238814 -0.3779678 -0.05986475 0.9238812 -0.3826793 2.94839e-7 0.9238789 0.3639555 0.118255 0.9238788 0.363956 0.1182543 0.3826835 0.8786612 0.2854956 0.3826846 0.8786606 0.2854964 -0.3826825 0.9125058 0.1445243 -0.3826845 0.8786606 0.2854962 -0.9238823 0.3639467 0.1182556 -0.9238798 -0.3639533 -0.1182542 -0.9238799 -0.3639535 -0.1182529 -0.3826833 -0.9125052 -0.1445261 -0.3826817 -0.8786627 -0.2854939 0.3826822 -0.8786623 -0.2854941 0.382682 -0.8786628 -0.285493 0.9238811 -0.3779683 -0.0598635 0.9238818 -0.3639484 -0.1182545 0.9238821 0.3409669 0.173734 0.9238825 0.3409657 0.1737347 0.3826797 0.8231842 0.419433 -0.3826817 0.8231821 0.4194353 -0.3826814 0.8231843 0.4194314 -0.9238811 0.3639498 0.1182546 -0.9238789 0.3409759 0.1737334 -0.9238814 -0.3409695 -0.1737324 -0.9238819 -0.3409683 -0.1737323 -0.3826817 -0.8231829 -0.419434 -0.3826817 -0.823184 -0.4194319 0.3826813 -0.8231832 -0.4194337 0.9238818 -0.3639491 -0.1182532 0.923882 -0.3409681 -0.1737325 0.9238808 0.3095952 0.2249338 0.3826797 0.8231861 0.4194294 0.3826823 0.747436 0.5430413 -0.382682 0.7474362 0.5430411 -0.382682 0.747437 0.54304 -0.9238812 0.3095936 0.2249339 -0.9238815 0.3095939 0.2249326 -0.9238815 -0.3095929 -0.2249339 -0.3826804 -0.7474384 -0.5430393 -0.3826807 -0.7474386 -0.5430388 0.3826814 -0.8231841 -0.4194318 0.382682 -0.7474357 -0.5430418 0.9238814 -0.3095937 -0.2249339 0.9238807 -0.3095958 -0.2249332 0.9238814 0.3095943 0.2249324 0.9238826 0.2705914 0.2705945 0.3826824 0.6532813 0.6532824 0.3826818 0.6532828 0.6532813 -0.382683 0.65328 0.6532834 -0.9238813 0.2705961 0.2705942 -0.9238811 0.2705972 0.2705937 -0.9238809 -0.3095948 -0.2249333 -0.9238818 -0.2705926 -0.2705957 -0.382681 -0.6532807 -0.6532838 -0.382682 -0.6532781 -0.6532858 0.3826821 -0.7474364 -0.5430408 0.3826813 -0.6532799 -0.6532844 0.9238808 -0.2705964 -0.2705953 0.9238806 -0.2705973 -0.2705954 0.9238811 0.224933 0.3095948 0.923881 0.224933 0.3095952 0.3826825 0.5430409 0.7474361 0.3826825 0.5430424 0.747435 -0.3826826 0.653281 0.6532825 -0.3826819 0.5430433 0.7474347 -0.9238814 0.2249314 0.3095949 -0.9238822 -0.2249304 -0.3095933 -0.9238823 -0.2249313 -0.3095927 -0.3826774 -0.5430424 -0.7474375 0.3826788 -0.5430379 -0.7474402 0.3826782 -0.5430424 -0.7474372 0.9238815 -0.2249337 -0.3095931 0.9238807 0.173735 0.3409701 0.3826818 0.4194276 0.8231861 0.3826822 0.4194306 0.8231843 -0.382682 0.5430444 0.7474339 -0.3826811 0.4194309 0.8231847 -0.9238811 0.1737329 0.3409703 -0.923881 0.1737349 0.3409692 -0.9238825 -0.1737324 -0.3409667 -0.9238822 -0.173733 -0.340967 -0.3826767 -0.5430474 -0.7474344 -0.3826784 -0.4194316 -0.8231856 0.3826779 -0.4194338 -0.8231846 0.3826783 -0.4194377 -0.8231826 0.9238815 -0.2249343 -0.3095925 0.9238829 -0.1737303 -0.3409668 0.9238808 0.1737365 0.3409691 0.9238818 0.1182538 0.3639488 0.3826808 0.2854938 0.8786631 0.3826802 0.2854934 0.8786634 -0.3826818 0.4194329 0.8231834 -0.3826788 0.2854928 0.8786643 -0.9238818 0.1182531 0.3639488 -0.9238822 0.1182525 0.3639481 -0.923881 -0.118255 -0.36395 -0.9238808 -0.118256 -0.3639502 -0.3826787 -0.4194359 -0.8231833 -0.3826777 -0.285495 -0.878664 0.382678 -0.2854921 -0.8786648 0.3826801 -0.2854949 -0.878663 0.9238824 -0.1737318 -0.3409671 0.9238809 -0.1182562 -0.36395 0.9238799 0.05986458 0.3779711 0.9238797 0.05986738 0.3779714 0.382686 0.1445258 0.9125041 -0.3826805 0.2854952 0.8786627 -0.3826865 0.1445252 0.9125041 -0.92388 0.05986487 0.3779711 -0.9238815 -0.05986529 -0.3779672 -0.9238817 -0.05986499 -0.377967 -0.3826796 -0.2854986 -0.878662 -0.382688 -0.144526 -0.9125033 0.382688 -0.1445263 -0.9125032 0.38269 -0.1445261 -0.9125024 0.9238807 -0.1182581 -0.3639501 0.9238815 -0.05986446 -0.3779673 0.9238806 5.10913e-7 0.382681 0.9238809 5.18234e-7 0.3826804 0.3826867 0.1445297 0.9125033 0.3826845 0 0.9238791 -0.3826846 0 0.9238792 -0.3826839 0 0.9238795 -0.9238798 0.05986613 0.3779714 -0.9238806 -3.1314e-7 0.382681 -0.9238811 -9.59941e-7 -0.3826798 -0.3826851 0 -0.9238789 -0.3826848 0 -0.923879 0.3826851 3.49421e-7 -0.9238789 0.9238811 -7.28585e-7 -0.3826798 0.9238809 -1.09544e-6 -0.3826804 0.9238794 -0.05986696 0.3779719 0.3826888 -0.1445244 0.9125033 0.382691 -0.1445235 0.9125024 -0.3826894 -0.1445289 0.9125022 -0.9238796 -0.05986487 0.377972 -0.9238798 -0.05986386 0.3779718 -0.9238811 0.05986374 -0.3779684 -0.9238811 0.05986362 -0.3779684 -0.3826884 0.1445263 -0.912503 0.3826884 0.1445258 -0.9125031 0.3826905 0.1445255 -0.9125024 0.9238811 0.05986458 -0.3779683 0.9238797 -0.05986434 0.3779719 0.9238817 -0.1182547 0.3639487 0.3826787 -0.2854961 0.8786632 -0.3826886 -0.1445255 0.9125031 -0.3826794 -0.285494 0.8786636 -0.9238817 -0.1182537 0.3639487 -0.9238821 -0.1182535 0.3639479 -0.9238813 0.1182548 -0.3639495 -0.3826792 0.2854985 -0.8786622 -0.3826771 0.285495 -0.8786643 0.3826795 0.2854957 -0.878663 0.9238813 0.118255 -0.3639495 0.9238815 0.1182538 -0.3639493 0.9238803 -0.1737386 0.3409695 0.9238804 -0.1737366 0.3409704 0.3826769 -0.2854937 0.8786649 0.382683 -0.4194301 0.8231841 -0.3826827 -0.4194318 0.8231834 -0.3826819 -0.4194298 0.8231849 -0.9238812 -0.1737331 0.3409698 -0.9238815 0.1182538 -0.3639493 -0.9238823 0.1737328 -0.3409671 -0.3826736 0.4194371 -0.823185 -0.3826747 0.4194325 -0.8231869 0.3826774 0.2854926 -0.8786649 0.3826736 0.4194374 -0.8231849 0.9238823 0.1737328 -0.3409671 0.9238822 0.1737325 -0.3409675 0.923882 -0.2249323 0.3095928 0.9238819 -0.2249308 0.3095939 0.3826823 -0.4194276 0.8231858 0.3826797 -0.543045 0.7474346 -0.3826803 -0.5430428 0.7474358 -0.3826798 -0.5430418 0.7474369 -0.9238811 -0.1737316 0.3409707 -0.9238811 -0.224936 0.3095926 -0.9238822 0.1737325 -0.3409674 -0.9238817 0.2249312 -0.3095944 -0.3826776 0.543048 -0.7474335 -0.3826796 0.5430428 -0.7474362 0.3826745 0.4194332 -0.8231865 0.3826797 0.5430414 -0.7474373 0.9238808 0.2249352 -0.3095942 0.9238806 0.2249346 -0.3095952 0.9238815 -0.2705947 0.2705946 0.9238811 -0.2705954 0.2705958 0.3826792 -0.5430433 0.747436 0.3826805 -0.6532836 0.6532811 -0.382682 -0.6532805 0.6532834 -0.3826824 -0.6532789 0.6532847 -0.9238811 -0.2249345 0.3095936 -0.9238808 -0.2705976 0.2705944 -0.9238814 0.2249311 -0.3095954 -0.9238821 0.2705926 -0.2705951 -0.3826815 0.6532814 -0.6532828 -0.3826823 0.6532794 -0.6532843 0.3826814 0.5430372 -0.7474395 0.3826817 0.6532825 -0.6532816 0.9238815 0.2705948 -0.270595 0.9238815 0.2705947 -0.2705946 0.9238813 -0.3095943 0.2249331 0.9238811 -0.3095949 0.2249327 0.3826812 -0.6532815 0.6532828 0.3826838 -0.7474359 0.5430403 -0.382684 -0.7474354 0.5430408 -0.3826842 -0.7474362 0.5430395 -0.9238808 -0.270596 0.2705957 -0.9238797 -0.3095991 0.2249327 -0.9238799 0.3095985 -0.2249332 -0.9238801 0.3095968 -0.2249344 -0.3826839 0.7474362 -0.5430398 0.3826825 0.653279 -0.6532846 0.3826845 0.7474328 -0.543044 0.9238801 0.3095977 -0.2249333 0.9238833 -0.3409639 0.1737334 0.3826812 -0.8231859 0.4194284 0.3826811 -0.823184 0.4194325 -0.3826834 -0.8231837 0.4194307 -0.9238795 -0.3409749 0.1737328 -0.9238805 -0.3409711 0.1737343 -0.9238811 0.3409705 -0.1737327 -0.9238816 0.340969 -0.1737329 -0.3826834 0.7474355 -0.5430412 -0.3826841 0.8231831 -0.4194312 0.3826844 0.8231828 -0.4194315 0.3826832 0.8231821 -0.4194341 0.9238803 0.3095961 -0.2249345 0.923881 0.3409708 -0.1737326 0.9238824 -0.3409659 0.1737346 0.923878 -0.3639581 0.1182543 0.3826835 -0.8786612 0.2854959 0.3826847 -0.8786605 0.2854967 -0.3826836 -0.8231813 0.4194352 -0.3826832 -0.8786614 0.2854956 -0.9238812 -0.3639499 0.1182547 -0.9238821 -0.3639471 0.118256 -0.9238796 0.3639542 -0.118253 -0.382683 0.8231823 -0.4194338 -0.3826813 0.8786627 -0.2854944 0.3826805 0.8786631 -0.2854938 0.3826795 0.8786638 -0.285493 0.9238803 0.3639523 -0.1182531 0.9238805 0.3639518 -0.1182545 0.923878 -0.3639577 0.1182555 0.9238833 -0.3779633 0.05986428 0.3826789 -0.9125072 0.1445251 -0.3826786 -0.9125074 0.1445249 -0.382678 -0.9125071 0.1445277 -0.923883 -0.377964 0.05986422 -0.9238833 -0.377963 0.0598644 -0.9238798 0.3639536 -0.1182544 -0.9238811 0.3779684 -0.05986279 -0.3826821 0.9125057 -0.1445261 -0.3826827 0.9125049 -0.1445295 0.3826802 0.9125066 -0.1445256 0.9238802 0.3779707 -0.05986273 0.9238805 0.37797 -0.0598641 0.9238809 -0.3826804 -1.3517e-6 0.9238805 -0.3826811 0 0.3826789 -0.9125067 0.144528 0.3826845 -0.9238791 -8.86663e-7 -0.3826823 -0.9238801 -1.31249e-6 -0.3826824 -0.9238801 2.38e-6 -0.9238806 -0.3826809 -1.26867e-6 -0.9238815 0.3779672 -0.05986416 -0.923882 0.3826774 1.21892e-6 -0.3826836 0.9238796 0 -0.3826841 0.9238793 0 0.3826811 0.9125057 -0.1445291 0.3826829 0.9238798 0 0.9238806 0.3826811 1.17104e-6 0.923881 0.3826799 -3.1355e-7 0.9238815 -0.3779672 -0.05986553 0.9238812 -0.377968 -0.0598641 0.3826845 -0.9238791 3.01091e-6 0.3826829 -0.9125051 -0.1445279 -0.3826851 -0.9125041 -0.1445283 -0.3826844 -0.912505 -0.1445249 -0.9238811 -0.3826797 1.72367e-7 -0.9238822 -0.3779655 -0.05986553 -0.923882 0.3826778 -2.84633e-7 -0.9238802 0.3779702 0.05986547 -0.3826829 0.9125049 0.1445298 0.3826818 0.9125053 0.1445296 0.3826808 0.9125063 0.1445257 0.9238825 0.3779649 0.05986565 0.9238826 0.3779649 0.05986422 0.9238811 -0.3639495 -0.1182559 0.9238804 -0.3639521 -0.1182544 0.3826816 -0.9125063 -0.1445242 0.3826825 -0.8786616 -0.2854961 -0.382683 -0.8786613 -0.2854964 -0.3826822 -0.8786628 -0.2854925 -0.9238827 -0.3779644 -0.05986416 -0.9238817 -0.3639481 -0.118256 -0.9238805 0.37797 0.0598641 -0.9238814 0.3639495 0.1182545 -0.3826821 0.9125058 0.1445258 -0.3826813 0.8786627 0.285494 0.3826819 0.8786625 0.2854943 0.3826812 0.878663 0.2854936 0.9238801 0.3639529 0.1182544 0.9238794 0.3639544 0.1182544 0.9238813 -0.3409689 -0.1737341 0.9238808 -0.3409712 -0.1737326 0.3826816 -0.8786632 -0.2854922 0.382681 -0.8231845 -0.4194315 -0.3826808 -0.8231845 -0.4194314 -0.3826799 -0.8231855 -0.4194304 -0.9238809 -0.3639506 -0.1182544 -0.9238809 -0.3409703 -0.173734 -0.9238814 0.3409698 0.1737325 -0.9238814 0.3409702 0.1737313 -0.382683 0.8231824 0.4194338 -0.3826838 0.8231834 0.419431 0.3826828 0.8231826 0.4194335 0.9238815 0.340969 0.1737326 0.923881 -0.3095951 -0.2249333 0.9238805 -0.3095965 -0.2249331 0.3826808 -0.747434 -0.5430451 0.3826815 -0.7474353 -0.5430427 -0.3826813 -0.7474333 -0.5430456 -0.9238799 -0.340974 -0.1737325 -0.9238796 -0.3095995 -0.224933 -0.9238802 0.3095976 0.2249331 -0.9238803 0.3095978 0.2249319 -0.3826842 0.7474332 0.5430437 -0.3826843 0.7474348 0.5430415 0.3826835 0.8231835 0.4194309 0.3826833 0.7474347 0.5430423 0.9238817 0.3409695 0.1737314 0.9238811 0.3095943 0.2249333 0.9238817 -0.2705935 -0.2705956 0.3826798 -0.6532818 -0.6532834 0.3826803 -0.6532837 -0.6532812 -0.3826823 -0.7474342 -0.5430438 -0.3826804 -0.6532804 -0.6532844 -0.9238809 -0.2705965 -0.2705954 -0.9238809 -0.2705974 -0.2705944 -0.9238814 0.2705948 0.2705951 -0.9238815 0.2705946 0.2705948 -0.3826827 0.6532813 0.6532822 -0.3826827 0.6532809 0.6532825 0.3826836 0.747436 0.5430403 0.3826817 0.6532825 0.6532815 0.9238811 0.3095957 0.2249321 0.9238813 0.270595 0.270595 0.923882 -0.2705931 -0.2705947 0.923882 -0.2249308 -0.309594 0.3826805 -0.5430424 -0.7474361 0.3826809 -0.5430448 -0.7474342 -0.3826813 -0.6532815 -0.6532827 -0.3826813 -0.54304 -0.7474374 -0.9238814 -0.2249331 -0.3095939 -0.9238813 -0.2249349 -0.3095928 -0.9238816 0.2249292 0.309596 -0.3826829 0.5430388 0.7474374 0.3826818 0.6532841 0.6532799 0.3826828 0.5430408 0.747436 0.9238811 0.2249312 0.3095958 0.9238808 0.2249341 0.3095951 0.923882 -0.2249321 -0.309593 0.9238818 -0.1737321 -0.3409687 0.3826802 -0.4194288 -0.8231861 0.3826807 -0.4194319 -0.8231843 -0.3826817 -0.543042 -0.7474357 -0.3826797 -0.4194314 -0.8231851 -0.9238818 -0.1737321 -0.3409687 -0.9238815 -0.1737343 -0.3409682 -0.9238817 0.22493 0.3095954 -0.9238809 0.1737343 0.34097 -0.3826819 0.5430432 0.7474347 -0.3826802 0.41943 0.8231855 0.3826802 0.4194304 0.8231853 0.3826798 0.419434 0.8231837 0.9238809 0.1737338 0.34097 0.9238808 0.1737352 0.34097 0.9238815 -0.1737343 -0.3409682 0.9238811 -0.1182535 -0.3639504 0.382683 -0.2854946 -0.8786619 0.3826833 -0.2854946 -0.8786616 -0.3826803 -0.4194341 -0.8231835 -0.3826831 -0.2854937 -0.8786622 -0.923881 -0.1182544 -0.3639504 -0.9238808 -0.1182545 -0.3639507 -0.9238814 0.118254 0.3639495 -0.9238815 0.1182529 0.3639494 -0.3826796 0.4194355 0.8231831 -0.3826794 0.2854943 0.8786636 0.3826797 0.2854914 0.8786643 0.3826801 0.2854948 0.8786631 0.9238816 0.1182523 0.3639496 0.9238813 -0.05986344 -0.3779683 0.9238811 -0.05986517 -0.3779681 0.3826828 -0.1445257 -0.9125055 -0.3826829 -0.1445251 -0.9125056 -0.3826835 -0.1445286 -0.9125047 -0.9238812 -0.05986464 -0.3779681 -0.9238807 0.05986559 0.377969 -0.3826797 0.2854986 0.8786621 -0.3826822 0.1445247 0.9125059 0.3826823 0.1445245 0.912506 0.3826831 0.1445282 0.912505 0.9238808 0.05986458 0.377969 0.9238807 0.05986517 0.3779693 0.9238807 9.25737e-7 -0.3826805 0.9238806 1.04327e-6 -0.3826811 0.3826835 -0.1445295 -0.9125047 0.3826864 0 -0.9238783 -0.3826864 0 -0.9238783 -0.3826872 0 -0.923878 -0.9238811 -0.05986601 -0.3779681 -0.9238808 -9.35377e-7 -0.3826805 -0.9238808 -1.05207e-6 0.3826804 -0.9238809 -1.04226e-6 0.3826803 -0.3826831 0.144528 0.912505 -0.3826857 -3.98803e-7 0.9238786 0.3826857 0 0.9238786 0.3826868 0 0.9238783 0.9238808 0 0.3826804 0.9238812 0.05986577 -0.3779677 0.3826841 0.1445295 -0.9125043 0.3826835 0.1445257 -0.9125052 -0.3826842 0.1445287 -0.9125045 -0.9238814 0.05986434 -0.3779677 -0.9238814 0.05986326 -0.3779677 -0.9238808 -0.05986607 0.3779688 -0.382683 -0.1445276 0.912505 -0.3826821 -0.1445243 0.912506 0.382683 -0.1445277 0.912505 0.9238809 -0.05986535 0.3779689 0.9238807 -0.05986618 0.377969 0.9238814 0.05986368 -0.3779677 0.9238811 0.1182528 -0.3639506 0.3826823 0.2854951 -0.878662 0.3826822 0.2854951 -0.8786621 -0.3826836 0.144525 -0.9125053 -0.3826824 0.2854943 -0.8786622 -0.9238809 0.1182541 -0.3639506 -0.9238807 0.1182545 -0.3639509 -0.9238813 -0.1182547 0.3639495 -0.9238814 -0.118254 0.3639493 -0.3826801 -0.2854986 0.8786618 -0.3826798 -0.2854946 0.8786633 0.3826821 -0.1445241 0.912506 0.3826804 -0.2854958 0.8786625 0.9238815 -0.1182526 0.3639496 0.9238814 0.1737362 -0.3409678 0.9238817 0.1737337 -0.3409683 0.3826818 0.4194312 -0.8231843 -0.3826809 0.4194356 -0.8231824 -0.3826809 0.4194328 -0.8231837 -0.923882 0.1737323 -0.3409681 -0.9238808 -0.1737345 0.3409701 -0.3826802 -0.419435 0.823183 -0.3826804 -0.41943 0.8231855 0.38268 -0.2854921 0.8786639 0.3826807 -0.4194332 0.8231838 0.923881 -0.1737338 0.3409702 0.9238806 -0.1737352 0.3409702 0.9238815 0.2249329 -0.3095937 0.9238816 0.2249321 -0.3095939 0.3826819 0.4194281 -0.8231858 0.3826833 0.5430426 -0.7474344 -0.3826839 0.5430408 -0.7474355 -0.3826836 0.5430389 -0.747437 -0.9238821 0.1737307 -0.3409684 -0.9238821 0.2249305 -0.3095939 -0.9238815 -0.2249309 0.3095952 -0.9238815 -0.2249305 0.3095953 -0.3826819 -0.5430417 0.7474358 -0.382682 -0.5430404 0.7474367 0.3826805 -0.4194296 0.8231856 0.3826822 -0.5430407 0.7474364 0.9238811 -0.2249325 0.3095951 0.9238818 0.2705934 -0.2705951 0.382683 0.5430408 -0.7474359 0.3826805 0.6532832 -0.6532815 -0.3826819 0.6532801 -0.6532837 -0.3826811 0.6532797 -0.6532847 -0.9238805 0.2705985 -0.2705947 -0.92388 0.2706001 -0.2705945 -0.9238817 -0.2705932 0.2705955 -0.3826826 -0.6532833 0.6532802 0.3826828 -0.6532829 0.6532804 0.3826826 -0.6532822 0.6532813 0.9238811 -0.2705957 0.2705953 0.9238811 -0.270595 0.2705958 0.9238815 0.309594 -0.2249325 0.923881 0.3095945 -0.2249337 0.3826801 0.6532818 -0.6532832 0.3826813 0.747435 -0.5430433 -0.3826811 0.7474354 -0.543043 -0.3826802 0.7474347 -0.5430444 -0.9238815 0.309594 -0.2249325 -0.9238817 -0.2705932 0.270596 -0.9238803 -0.3095977 0.2249322 -0.3826828 -0.6532816 0.6532818 -0.3826842 -0.7474348 0.5430414 0.3826839 -0.7474355 0.5430409 0.3826835 -0.7474347 0.5430421 0.9238806 -0.3095969 0.2249323 0.9238808 -0.3095959 0.2249329 0.9238807 0.3409709 -0.1737335 0.9238802 0.3409724 -0.1737337 0.3826808 0.7474339 -0.5430452 0.3826786 0.8231853 -0.4194319 -0.3826788 0.8231851 -0.4194322 -0.3826774 0.8231861 -0.4194314 -0.9238812 0.3095939 -0.2249338 -0.9238793 0.3409749 -0.1737332 -0.9238806 -0.3095967 0.2249328 -0.9238817 -0.3409698 0.1737306 -0.3826839 -0.7474341 0.5430427 -0.382681 -0.8231841 0.4194323 0.3826813 -0.8231838 0.4194326 0.3826807 -0.823183 0.4194346 0.9238815 -0.3409705 0.1737305 0.9238815 -0.3409696 0.1737315 0.9238799 0.3639532 -0.1182543 0.3826833 0.8786625 -0.2854924 0.3826849 0.8786605 -0.2854965 -0.3826828 0.8786629 -0.2854919 -0.9238816 0.3639489 -0.1182544 -0.9238826 0.3639461 -0.1182556 -0.9238818 -0.340969 0.1737315 -0.9238808 -0.3639508 0.1182547 -0.3826805 -0.8231832 0.4194343 -0.382682 -0.8786624 0.2854942 0.3826814 -0.8786628 0.2854937 0.3826808 -0.8786635 0.2854924 0.9238806 -0.3639514 0.1182547 0.9238803 -0.3639519 0.1182548 0.9238807 0.3639508 -0.1182554 0.9238815 0.3779672 -0.05986398 0.3826829 0.9125059 -0.144523 0.3826838 0.9125048 -0.1445271 -0.3826842 0.8786609 -0.2854959 -0.3826857 0.9125047 -0.1445235 -0.9238834 0.3779625 -0.0598641 -0.923883 0.3779638 -0.05986541 -0.9238808 -0.3779694 0.05986386 -0.9238803 -0.3779702 0.05986523 -0.3826839 -0.9125049 0.1445261 -0.3826847 -0.912504 0.1445304 0.3826822 -0.9125058 0.1445257 0.9238818 -0.377967 0.05986392 0.9238819 0.3779663 -0.05986535 0.3826845 0.9238791 3.54182e-6 -0.382686 0.9125038 -0.1445276 -0.923881 0.3826799 -4.38573e-7 -0.9238824 -0.3826764 3.35096e-7 0.3826832 -0.9125047 0.1445301 0.9238817 -0.377967 0.05986535 0.8660326 0.4999876 -2.42245e-6 0.86603 0.4903847 0.09754389 0.866031 0.4999904 -1.43267e-6 0 1 -1.9732e-6 0 0.980785 0.1950921 0 1 2.19245e-7 -0.8660283 0.499995 -2.16295e-6 -0.8660312 0.4903827 0.09754395 -0.866032 0.4903813 0.09754341 -0.8660276 -0.4999963 0 -0.8660321 -0.4903805 -0.09754645 -0.8660265 -0.4999981 0 0 -1 9.67539e-7 0 -0.9807847 -0.195093 0 -1 -9.67539e-7 0.8660269 -0.4999974 0 0.8660279 -0.4903882 -0.09754621 0.8660282 -0.4903876 -0.09754592 0.8660303 0.4903844 0.09754323 0.8660239 0.4619444 0.1913375 0 0.9807854 0.1950899 0 0.9238811 0.3826796 -0.8660316 0.4619293 0.1913392 -0.8660325 0.4619278 0.1913385 -0.8660328 -0.4903795 -0.09754616 -0.8660271 -0.4619362 -0.1913425 0 -0.9807854 -0.1950904 0 -0.9238812 -0.3826797 0.8660253 -0.4619401 -0.1913417 0.8660265 -0.4619382 -0.1913412 0.8660253 0.461942 0.191337 0.8660303 0.4157264 0.2777823 0 0.9238818 0.3826781 0 0.8314675 0.5555736 -0.8660327 0.4157212 0.2777833 -0.8660327 0.4157217 0.2777822 -0.8660278 -0.4619352 -0.1913418 -0.8660296 -0.4157263 -0.2777849 0 -0.9238821 -0.3826776 0 -0.8314672 -0.5555739 0.8660261 -0.4157342 -0.2777839 0.8660271 -0.4157325 -0.2777834 0.8660316 0.4157243 0.2777816 0.8660303 0.3535463 0.3535484 0 0.8314681 0.5555726 0 0.7071033 0.7071104 -0.8660285 0.3535518 0.3535475 -0.8660284 0.3535526 0.353547 -0.8660308 -0.4157244 -0.2777845 -0.8660265 -0.3535486 -0.3535555 0 -0.8314688 -0.5555716 0 -0.7071078 -0.7071059 0.8660258 -0.3535506 -0.3535553 0.8660265 -0.3535495 -0.3535546 0.8660264 0.2777833 0.4157343 0.8660256 0.2777866 0.4157335 0 0.7071046 0.707109 0 0.5555686 0.8314707 -0.8660271 0.2777803 0.4157346 -0.8660272 -0.3535475 -0.3535549 -0.86603 -0.2777822 -0.4157271 0 -0.7071107 -0.7071028 0 -0.5555667 -0.8314719 0.8660319 -0.2777752 -0.4157281 0.8660326 -0.2777739 -0.4157276 0.8660252 0.1913396 0.4619413 0.8660249 0.1913418 0.4619407 0 0.5555704 0.8314696 0 0.3826816 0.9238803 -0.8660268 0.2777819 0.4157341 -0.8660249 0.1913408 0.4619412 -0.8660307 -0.1913393 -0.4619309 -0.8660307 -0.1913414 -0.46193 0 -0.5555698 -0.8314699 0 -0.3826831 -0.9238798 0.8660314 -0.1913353 -0.4619312 0.8660249 0.09754347 0.4903939 0.8660253 0.0975449 0.4903931 0 0.3826837 0.9238795 0 0.1950904 0.9807853 -0.8660247 0.1913434 0.4619405 -0.8660247 0.09754699 0.4903937 -0.8660321 -0.09754544 -0.4903808 -0.8660321 -0.09754681 -0.4903805 0 -0.382686 -0.9238785 0 -0.1950898 -0.9807854 0.8660314 -0.191338 -0.4619302 0.8660319 -0.0975477 -0.4903807 0.866029 -1.8075e-7 0.4999939 0.8660298 0 0.4999926 0 0.1950924 0.980785 0 -2.20198e-6 1 -0.866025 0.0975483 0.4903928 -0.8660291 -1.15824e-6 0.4999938 -0.86603 -1.15642e-6 -0.4999921 -0.8660298 -1.32037e-6 -0.4999926 0 -0.1950924 -0.9807849 0 1.48706e-6 -1 0.8660318 -0.09754943 -0.4903804 0.86603 0 -0.499992 0.8660242 -0.09754633 0.4903946 0 0 1 0 -0.1950916 0.9807851 -0.866024 -0.09754878 0.4903945 -0.8660238 -0.09754723 0.490395 -0.8660317 0.09754675 -0.4903811 0 -1.22968e-6 -1 0 0.1950925 -0.9807848 0.8660318 0.09754693 -0.4903811 0.8660318 0.0975455 -0.4903813 0.8660241 -0.09754514 0.4903951 0.8660249 -0.1913443 0.4619399 0 -0.1950893 0.9807855 0 -0.3826835 0.9238796 -0.8660249 -0.1913435 0.46194 -0.8660253 -0.1913409 0.4619404 -0.8660318 0.0975455 -0.4903813 -0.8660314 0.191341 -0.461929 0 0.1950899 -0.9807854 0 0.3826814 -0.9238805 0.8660323 0.1913359 -0.4619295 0.8660323 0.1913342 -0.4619303 0.8660252 -0.1913422 0.4619403 0.8660241 -0.27779 0.4157345 0 -0.3826814 0.9238803 0 -0.5555706 0.8314694 -0.8660254 -0.2777851 0.4157351 -0.8660256 -0.2777832 0.4157357 -0.8660314 0.1913389 -0.4619298 -0.8660301 0.2777822 -0.4157271 0 0.3826795 -0.9238812 0 0.5555693 -0.8314703 0.8660321 0.2777746 -0.415728 0.8660326 0.277774 -0.4157275 0.8660249 -0.2777861 0.4157355 0.8660315 -0.3535426 0.3535493 0 -0.5555688 0.8314706 0 -0.7071049 0.7071087 -0.8660289 -0.3535504 0.3535481 -0.8660288 -0.3535507 0.353548 -0.866028 0.3535468 -0.3535538 -0.8660272 0.3535475 -0.3535547 0 0.5555682 -0.831471 0 0.7071077 -0.7071059 0.866029 0.3535441 -0.3535542 0.8660343 -0.4157195 0.2777804 0.866033 -0.4157218 0.2777809 0 -0.7071034 0.7071102 0 -0.8314706 0.5555688 -0.8660327 -0.415723 0.2777801 -0.8660327 0.4157185 -0.2777867 -0.8660315 0.4157209 -0.2777873 0 0.7071069 -0.7071067 0 0.831475 -0.5555623 0.8660281 0.3535454 -0.3535552 0.8660283 0.4157285 -0.2777855 0.8660257 -0.4619412 0.191337 0.866024 -0.4619441 0.1913376 0 -0.8314691 0.555571 0 -0.9238793 0.3826839 -0.8660327 -0.4157225 0.277781 -0.8660331 -0.4619266 0.1913386 -0.8660281 0.4619348 -0.1913414 -0.866027 0.4619367 -0.1913418 0 0.8314737 -0.5555642 0 0.9238791 -0.3826845 0.8660272 0.4157305 -0.2777861 0.8660296 0.461932 -0.1913414 0.8660295 -0.4903863 0.09754246 0.8660291 -0.4903866 0.09754335 0 -0.9238784 0.3826862 0 -0.980786 0.1950865 -0.8660321 -0.4619283 0.1913394 -0.8660289 -0.4903872 0.09754234 -0.8660296 0.4903852 -0.0975455 -0.8660289 0.4903863 -0.09754586 0 0.923878 -0.3826872 0 0.9807859 -0.1950874 0.8660283 0.4619346 -0.1913417 0.8660258 0.4903921 -0.09754538 0.8660327 -0.4999875 -2.33051e-6 0.8660315 -0.4999896 -9.95941e-7 0 -0.9807857 0.1950885 0 -1 -2.95504e-7 -0.8660278 -0.4903889 0.09754312 -0.8660283 -0.4999952 -2.07854e-6 -0.8660277 0.499996 0 -0.8660267 0.4999978 0 0 0.9807854 -0.1950895 0 1 1.23921e-6 0.8660252 0.4903929 -0.09754568 0.8660266 0.4999979 0 0.8660268 -0.4903904 -0.09754413 0.8660257 -0.4903922 -0.09754437 0 -1 2.04946e-6 0 -0.980785 -0.1950922 -0.8660281 -0.4999953 -8.10944e-7 -0.8660272 -0.4903897 -0.09754377 -0.8660326 0.4903798 0.09754651 0 1 -1.23921e-6 0 0.9807848 0.1950926 0.8660245 0.4903941 0.09754556 0.8660252 0.4903933 0.09754461 0.8660238 -0.4619446 -0.1913373 0 -0.9807855 -0.1950897 0 -0.9238811 -0.3826797 -0.8660309 -0.4619305 -0.1913389 -0.8660324 -0.4619282 -0.1913385 -0.8660333 0.4903786 0.09754556 -0.8660281 0.4619347 0.1913416 0 0.9807854 0.1950901 0 0.9238798 0.3826828 0.8660224 0.4619461 0.1913402 0.8660237 0.4619441 0.1913394 0.8660252 -0.4619422 -0.1913369 0.8660301 -0.4157263 -0.2777833 0 -0.9238818 -0.3826779 0 -0.8314707 -0.5555686 -0.8660324 -0.415721 -0.2777843 -0.8660325 -0.4157218 -0.2777829 -0.8660289 0.4619339 0.1913407 -0.8660306 0.4157244 0.2777847 0 0.9238806 0.3826811 0 0.8314677 0.5555731 0.866028 0.4157304 0.2777839 0.8660292 0.4157284 0.2777833 0.8660319 -0.4157232 -0.2777825 0.866031 -0.3535459 -0.3535475 0 -0.8314711 -0.555568 0 -0.707104 -0.7071096 -0.8660273 -0.3535562 -0.353546 -0.8660274 -0.3535569 -0.3535454 -0.8660317 0.4157226 0.277784 -0.8660296 0.3535445 0.3535524 0 0.8314693 0.5555707 0 0.7071105 0.7071031 0.8660292 0.3535456 0.3535522 0.8660296 0.353545 0.3535515 0.8660314 -0.3535452 -0.3535469 0.866027 -0.2777866 -0.4157307 0 -0.7071049 -0.7071086 0 -0.5555688 -0.8314706 -0.8660271 -0.2777861 -0.4157307 -0.8660274 -0.2777853 -0.4157307 -0.8660302 0.3535434 0.3535518 -0.8660287 0.2777809 0.415731 0 0.707113 0.7071006 0 0.5555673 0.8314718 0.8660278 0.2777841 0.4157305 0.8660283 0.2777838 0.41573 0.8660271 -0.2777866 -0.4157305 0.8660284 -0.1913409 -0.4619347 0 -0.5555706 -0.8314695 0 -0.3826814 -0.9238803 -0.8660281 -0.1913424 -0.4619345 -0.8660283 -0.1913422 -0.4619342 -0.866029 0.2777808 0.4157304 -0.8660282 0.1913379 0.4619364 0 0.5555698 0.8314699 0 0.3826829 0.9238799 0.8660286 0.1913348 0.4619366 0.8660289 0.1913344 0.4619364 0.8660284 -0.1913408 -0.4619344 0.8660284 -0.09754353 -0.4903876 0 -0.3826835 -0.9238796 0 -0.1950893 -0.9807855 -0.8660283 -0.0975461 -0.4903876 -0.8660284 -0.09754651 -0.4903872 -0.8660281 0.191339 0.4619359 -0.8660283 0.09754371 0.4903878 0 0.3826858 0.9238787 0 0.1950886 0.9807857 0.8660285 0.09754174 0.4903879 0.8660284 0.09754306 0.4903879 0.8660286 -0.09754395 -0.4903873 0.8660306 1.28229e-6 -0.499991 0 -0.1950914 -0.9807851 0 1.08669e-6 -1 -0.8660306 9.66644e-7 -0.499991 -0.8660308 1.28272e-6 -0.4999906 -0.8660281 0.0975458 0.4903877 -0.8660261 1.17456e-6 0.4999989 0 0.1950912 0.9807851 0 -1.22491e-6 1 0.8660261 1.17424e-6 0.4999989 0.8660259 1.36736e-6 0.4999994 0.8660287 0.0975452 -0.4903867 0.8660285 0.09754478 -0.4903873 0 -1.08669e-6 -1 0 0.1950913 -0.9807852 -0.8660289 0.09754294 -0.4903869 -0.8660277 -0.0975458 0.4903886 -0.8660278 -0.09754389 0.4903887 0 1.47276e-6 1 0 -0.195091 0.9807851 0.866028 -0.09754312 0.4903887 0.8660283 0.1913399 -0.4619352 0.8660281 0.19134 -0.4619355 0 0.1950891 -0.9807856 0 0.3826837 -0.9238795 -0.8660287 0.09754216 -0.4903874 -0.8660283 0.1913399 -0.4619352 -0.8660281 -0.1913389 0.4619358 -0.8660283 -0.1913378 0.4619362 0 -0.1950885 0.9807857 0 -0.3826816 0.9238803 0.866028 -0.0975421 0.4903888 0.8660286 -0.1913368 0.4619359 0.8660275 0.2777844 -0.415731 0.8660275 0.2777842 -0.4157313 0 0.3826816 -0.9238803 0 0.5555704 -0.8314695 -0.8660281 0.1913401 -0.4619355 -0.8660261 0.2777901 -0.4157304 -0.8660285 -0.2777813 0.415731 -0.8660282 -0.2777816 0.4157317 0 -0.3826798 0.9238811 0 -0.5555728 0.831468 0.8660283 -0.1913374 0.4619361 0.8660271 -0.2777867 0.4157304 0.866032 0.353542 -0.3535487 0.8660317 0.3535425 -0.353549 0 0.5555686 -0.8314709 0 0.7071092 -0.7071044 -0.8660259 0.2777903 -0.4157305 -0.8660269 0.3535566 -0.3535467 -0.8660297 -0.3535451 0.3535515 -0.866029 -0.3535459 0.3535521 0 -0.5555713 0.831469 0 -0.7071084 0.7071052 0.8660268 -0.2777869 0.415731 0.8660298 -0.3535446 0.3535516 0.8660318 0.4157233 -0.2777822 0.8660304 0.4157261 -0.2777827 0 0.7071073 -0.7071064 0 0.8314712 -0.5555679 -0.8660271 0.3535555 -0.3535472 -0.8660298 0.415728 -0.2777818 -0.8660341 -0.4157174 0.2777845 -0.8660328 -0.4157192 0.2777855 0 -0.7071071 0.7071065 0 -0.8314744 0.555563 0.8660293 -0.3535452 0.3535522 0.8660289 -0.4157293 0.277783 0.8660267 0.4619395 -0.1913365 0.8660252 0.4619423 -0.1913368 0 0.8314694 -0.5555706 0 0.9238793 -0.3826842 -0.8660301 0.4157268 -0.2777829 -0.8660342 0.4619249 -0.1913381 -0.8660283 -0.4619347 0.1913412 -0.8660271 -0.4619364 0.1913422 0 -0.8314732 0.5555651 0 -0.9238793 0.382684 0.8660277 -0.4157312 0.2777839 0.8660249 -0.4619413 0.1913403 0.8660222 0.4903985 -0.09754419 0.8660203 0.4904018 -0.09754449 0 0.9238784 -0.3826861 0 0.980786 -0.1950867 -0.8660333 0.4619264 -0.1913386 -0.8660296 0.4903855 -0.09754461 -0.8660297 -0.4903852 0.09754538 -0.8660289 -0.4903862 0.09754633 0 -0.9238781 0.382687 0 -0.9807852 0.1950908 0.8660238 -0.4619429 0.1913414 0.8660292 -0.490386 0.09754532 0 0.9807857 -0.1950885 -0.8660281 0.4999953 -1.27414e-6 0 -0.9807847 0.195093 0.8660284 -0.4903872 0.09754621 0.8660278 0.4999961 -2.86929e-6 0.8660297 0.4903852 0.0975458 0.8660251 0.5000007 -6.39756e-7 0 1 -2.80256e-6 0 0.9807847 0.1950932 0 1 2.7978e-6 -0.8660306 0.4999911 -2.70989e-6 -0.8660292 0.4903859 0.09754574 -0.8660307 0.4903837 0.09754341 -0.8660292 -0.4999935 0 -0.8660264 -0.4903911 -0.09754437 -0.8660258 -0.4903921 -0.09754437 0 -1 1.12007e-6 0 -0.980785 -0.1950924 0 -1 -1.12007e-6 0.8660287 -0.4999942 0 0.866023 -0.4903972 -0.09754395 0.8660303 -0.4999917 0 0.8660326 0.4903804 0.09754353 0.8660275 0.4619378 0.1913372 0 0.9807858 0.1950879 0 0.9238765 0.3826907 -0.8660271 0.4619385 0.1913372 -0.8660291 0.4619354 0.191336 -0.8660274 -0.461936 -0.1913417 0 -0.9807854 -0.1950895 0 -0.9238766 -0.3826908 0.8660264 -0.4619382 -0.1913412 0.8660302 -0.4619314 -0.1913406 0.8660293 0.4619349 0.191336 0.866028 0.4157299 0.2777842 0 0.9238791 0.3826846 0 0.8314676 0.5555733 -0.8660289 0.415728 0.2777844 -0.8660296 0.4157257 0.2777855 -0.8660272 -0.461937 -0.1913404 -0.8660281 -0.4157304 -0.2777837 0 -0.9238787 -0.3826858 0 -0.8314689 -0.5555714 0.8660293 -0.4157274 -0.2777841 0.8660307 -0.4157257 -0.2777824 0.8660274 0.353553 0.353549 0.8660274 0.3535551 0.353547 0 0.8314719 0.5555668 0 0.7071074 0.7071062 -0.8660308 0.3535431 0.3535505 -0.8660274 -0.4157332 -0.2777814 -0.8660262 -0.3535526 -0.3535525 0 -0.8314723 -0.5555664 0 -0.7071072 -0.7071064 0.8660243 -0.353558 -0.3535516 0.8660258 -0.3535547 -0.353551 0.866026 0.2777861 0.415733 0.8660248 0.2777863 0.4157353 0 0.707112 0.7071016 0 0.5555704 0.8314697 -0.8660305 0.3535464 0.3535483 -0.8660269 0.277783 0.4157334 -0.8660266 -0.3535525 -0.3535516 -0.86603 -0.2777792 -0.4157295 0 -0.7071096 -0.707104 0 -0.5555662 -0.8314725 0.8660295 -0.2777809 -0.4157294 0.8660314 -0.2777768 -0.4157281 0.8660295 0.1913407 0.4619327 0 0.5555745 0.8314668 0 0.3826817 0.9238803 -0.8660296 0.1913396 0.4619328 -0.8660311 0.1913377 0.4619307 -0.8660266 -0.191344 -0.4619367 -0.8660254 -0.1913467 -0.4619379 0 -0.5555692 -0.8314703 0 -0.3826825 -0.9238799 0.8660271 -0.1913415 -0.461937 0.8660307 0.1913403 0.4619305 0.8660297 0.09754341 0.4903855 0 0.3826862 0.9238784 0 0.1950858 0.9807863 -0.8660298 0.0975427 0.4903856 -0.8660293 0.097543 0.4903863 -0.8660287 -0.09754097 -0.4903875 0 -0.3826873 -0.923878 0 -0.1950855 -0.9807863 0.8660286 -0.09754306 -0.4903875 0.8660292 -0.09754502 -0.490386 0.8660293 0.09754389 0.4903862 0.8660261 9.16839e-7 0.4999989 0 0.1950908 0.9807852 0 -2.7835e-6 1 -0.8660261 -1.18266e-6 0.4999988 -0.8660249 -1.16223e-6 0.5000011 -0.8660295 -0.09754079 -0.4903863 -0.86603 -6.68396e-7 -0.4999921 0 -0.1950902 -0.9807853 0 2.61191e-6 -1 0.8660299 -1.60666e-6 -0.4999921 0.8660305 -1.32456e-6 -0.4999913 0.8660295 -0.09754347 0.490386 0.8660302 -0.09754323 0.4903846 0 2.41649e-6 1 0 -0.195091 0.9807852 -0.8660293 -0.09754401 0.4903859 -0.866029 0.09754157 -0.490387 -0.8660283 0.09754234 -0.4903882 0 -2.16864e-6 -1 0 0.1950895 -0.9807854 0.8660289 0.097543 -0.4903869 0.866032 -0.1913376 0.4619291 0.8660308 -0.191338 0.4619315 0 -0.1950858 0.9807863 0 -0.3826863 0.9238784 -0.8660302 -0.09754377 0.4903846 -0.8660318 -0.1913394 0.461929 -0.8660272 0.1913399 -0.4619371 -0.8660265 0.1913421 -0.4619379 0 0.1950851 -0.9807863 0 0.3826868 -0.9238782 0.8660284 0.09754073 -0.4903883 0.8660266 0.1913434 -0.4619368 0.8660261 -0.2777849 0.4157336 0.8660241 -0.2777868 0.4157363 0 -0.3826815 0.9238803 0 -0.5555742 0.831467 -0.8660303 -0.1913409 0.4619312 -0.866026 -0.2777852 0.4157336 -0.86603 0.2777766 -0.4157309 0 0.3826826 -0.92388 0 0.5555736 -0.8314674 0.866029 0.2777808 -0.4157304 0.8660304 0.2777773 -0.4157296 0.8660292 -0.3535489 0.353549 0 -0.5555702 0.8314697 0 -0.7071074 0.7071062 -0.8660308 -0.3535439 0.3535497 -0.8660316 -0.3535396 0.3535522 -0.8660259 0.3535535 -0.3535522 -0.8660254 0.3535544 -0.3535527 0 0.7071081 -0.7071055 0.866028 0.3535478 -0.3535529 0.866029 -0.3535473 0.3535511 0.8660258 -0.4157351 0.2777833 0 -0.7071052 0.7071085 0 -0.8314717 0.5555672 -0.8660307 -0.4157243 0.2777848 -0.8660315 -0.4157218 0.2777857 -0.8660279 0.4157317 -0.2777822 -0.8660279 0.4157308 -0.2777835 0 0.7071037 -0.7071099 0 0.8314703 -0.5555693 0.8660265 0.3535514 -0.3535531 0.8660295 0.415728 -0.2777827 0.8660296 -0.4619339 0.191337 0.8660278 -0.4619367 0.1913381 0 -0.83147 0.5555698 0 -0.9238796 0.3826836 -0.8660308 -0.4619314 0.1913374 -0.866028 0.461936 -0.1913397 -0.8660277 0.4619361 -0.1913406 0 0.8314678 -0.555573 0 0.9238799 -0.3826828 0.8660277 0.4157313 -0.2777834 0.8660284 0.4619354 -0.1913393 0.8660297 -0.4903855 0.09754246 0.8660266 -0.4903906 0.09754443 0 -0.9238779 0.3826873 0 -0.9807858 0.1950882 -0.8660287 -0.461935 0.1913384 -0.8660312 -0.490383 0.0975427 -0.8660265 0.4903909 -0.09754467 -0.866026 0.4903918 -0.09754496 0 0.9238781 -0.382687 0 0.9807855 -0.1950898 0.8660252 0.461941 -0.1913397 0.8660257 0.4903925 -0.09754455 0.8660275 -0.4999965 -2.00512e-6 0.8660252 -0.5000007 2.89467e-7 0 -0.980785 0.195092 0 -1 -2.14958e-6 -0.8660294 -0.4903857 0.09754478 -0.8660307 -0.4999908 -1.81998e-6 -0.8660289 0.4999939 0 0 0.9807845 -0.1950942 0 1 1.76828e-6 0.8660284 0.4999947 0 0.8660297 0.4999924 0 0.8660314 -0.4903818 -0.09754663 0.8660293 -0.4903859 -0.09754467 0 -1 2.14482e-6 0 -0.980785 -0.195092 -0.8660296 -0.4999928 5.18112e-7 -0.8660323 -0.4903804 -0.09754669 -0.8660275 0.4903893 0.09754431 -0.8660271 0.4903901 0.0975427 0 1 -1.76828e-6 0 0.9807845 0.1950942 0.866026 0.4903918 0.09754419 0.8660266 -0.4619383 -0.1913396 0.8660255 -0.4619407 -0.1913393 0 -0.9807859 -0.1950876 0 -0.9238771 -0.3826895 -0.8660309 -0.4903833 -0.09754478 -0.8660258 -0.4619401 -0.1913391 -0.8660277 0.4619364 0.1913393 -0.8660285 0.4619351 0.1913391 0 0.9807855 0.1950898 0 0.9238781 0.382687 0.8660247 0.4903944 0.09754252 0.8660249 0.4619422 0.1913387 0.8660287 -0.4157297 -0.2777829 0 -0.9238796 -0.3826833 0 -0.8314681 -0.5555726 -0.8660271 -0.4157334 -0.2777821 -0.866028 -0.4157314 -0.2777825 -0.8660285 0.4157299 0.2777829 0 0.9238803 0.3826817 0 0.8314661 0.5555755 0.8660304 0.4157257 0.2777832 0.866032 0.4157221 0.2777841 0.8660274 -0.353551 -0.3535508 0.8660273 -0.3535533 -0.3535491 0 -0.8314716 -0.5555673 0 -0.7071042 -0.7071094 -0.8660292 -0.3535463 -0.3535516 -0.8660312 0.3535447 0.3535479 -0.8660289 0.3535516 0.3535469 0 0.8314702 0.5555694 0 0.7071053 0.7071082 0.8660307 0.3535466 0.3535475 0.8660295 -0.2777779 -0.4157311 0.8660292 -0.277782 -0.4157294 0 -0.7071074 -0.7071062 0 -0.5555702 -0.8314698 -0.8660289 -0.3535485 -0.3535499 -0.8660293 -0.2777785 -0.415731 -0.8660284 0.2777791 0.4157327 -0.8660267 0.277785 0.4157322 0 0.707111 0.7071025 0 0.5555719 0.8314685 0.8660298 0.3535492 0.3535471 0.8660276 0.277782 0.4157323 0.8660281 -0.1913417 -0.4619348 0.8660278 -0.1913453 -0.461934 0 -0.5555734 -0.8314675 0 -0.3826827 -0.9238799 -0.8660292 -0.2777817 -0.4157293 -0.8660289 -0.1913374 -0.4619352 -0.8660259 0.1913401 0.4619396 -0.8660259 0.1913449 0.4619377 0 0.555576 0.8314657 0 0.3826817 0.9238803 0.8660262 0.2777866 0.415732 0.8660258 0.1913408 0.4619396 0.866028 -0.09754258 -0.4903885 0 -0.3826858 -0.9238787 0 -0.1950867 -0.980786 -0.866028 -0.09754383 -0.4903885 -0.866028 -0.09754425 -0.4903885 -0.8660286 0.09754627 0.4903867 -0.8660293 0.09754723 0.4903854 0 0.3826842 0.9238792 0 0.1950857 0.9807862 0.8660259 0.1913444 0.4619377 0.8660287 0.09754592 0.4903868 0.8660281 -0.09754329 -0.4903885 0.8660291 -6.49898e-7 -0.4999936 0 -0.195091 -0.9807852 0 2.41649e-6 -1 -0.8660291 -9.15151e-7 -0.4999936 -0.8660296 -1.16725e-6 -0.499993 -0.866028 3.48318e-7 0.4999956 0 0.1950895 0.9807854 0 -2.16864e-6 1 0.866028 1.28909e-6 0.4999957 0.8660278 1.32456e-6 0.4999959 0.8660276 0.09754419 -0.4903889 0.8660273 0.09754401 -0.4903895 0 -2.7835e-6 -1 0 0.1950952 -0.9807843 -0.8660277 0.09754419 -0.4903889 -0.8660283 -0.0975461 0.4903873 -0.8660286 -0.09754747 0.4903865 0 2.61191e-6 1 0 -0.1950927 0.9807848 0.8660284 -0.09754478 0.4903874 0.8660287 0.1913393 -0.4619346 0.8660284 0.1913429 -0.4619337 0 0.1950892 -0.9807856 0 0.3826872 -0.9238781 -0.8660273 0.09754455 -0.4903895 -0.8660287 0.1913391 -0.4619346 -0.8660265 -0.1913437 0.461937 0 -0.1950874 0.9807859 0 -0.3826879 0.9238777 0.8660261 -0.1913462 0.4619367 0.8660263 -0.1913426 0.461938 0.8660296 0.2777778 -0.415731 0 0.3826809 -0.9238807 0 0.5555719 -0.8314685 -0.8660286 0.277782 -0.4157305 -0.8660289 0.2777782 -0.4157322 -0.8660268 -0.1913394 0.4619382 -0.866028 -0.2777841 0.4157302 0 -0.3826814 0.9238804 0 -0.5555697 0.83147 0.8660275 -0.277786 0.4157299 0.8660287 -0.277782 0.4157299 0.8660299 0.2777742 -0.4157327 0.8660275 0.3535528 -0.3535491 0 0.555567 -0.8314719 0 0.7071078 -0.7071059 -0.8660303 0.3535447 -0.3535503 -0.8660306 0.3535422 -0.3535518 -0.8660295 -0.2777789 0.4157304 -0.8660273 -0.3535552 0.3535472 0 -0.5555657 0.8314728 0 -0.7071078 0.7071059 0.8660297 -0.3535484 0.353548 0.8660305 -0.3535455 0.3535487 0.8660276 0.3535511 -0.3535504 0.8660283 0.4157302 -0.2777832 0 0.7071042 -0.7071095 0 0.8314689 -0.5555715 -0.8660286 0.4157298 -0.277783 -0.8660295 0.4157275 -0.2777836 -0.8660292 -0.3535493 0.3535483 -0.8660268 -0.4157341 0.2777818 0 -0.7071065 0.7071071 0 -0.8314713 0.5555678 0.8660323 -0.4157216 0.2777833 0.8660342 -0.4157177 0.2777836 0.8660244 0.461943 -0.191339 0.8660222 0.4619472 -0.1913383 0 0.8314662 -0.5555753 0 0.92388 -0.3826823 -0.8660265 0.4619387 -0.1913392 -0.8660268 -0.4619382 0.1913397 -0.8660273 -0.4619368 0.1913401 0 -0.8314695 0.5555704 0 -0.9238801 0.3826823 0.8660275 -0.4619366 0.1913399 0.86603 0.4903849 -0.09754395 0 0.9238784 -0.3826861 0 0.9807863 -0.1950858 -0.8660302 0.4903847 -0.09754395 -0.8660314 0.490382 -0.09754627 -0.8660267 -0.490391 0.09754228 0 -0.9807854 0.1950895 0.8660282 -0.4903883 0.09754252 0.8660293 -0.490386 0.09754419 0.8660324 0.4903802 -0.09754645 0 0.9807853 -0.1950906 -0.8660293 0.4999933 -3.95342e-7 -0.8660273 -0.4903896 0.09754383 0 -0.980785 0.1950924 0.5000028 0 0.8660238 0.499993 0 -0.8660295 0.5000026 0 -0.866024 0.5000028 0 -0.8660238 -0.5000024 0 -0.8660241 -0.4999932 0 -0.8660293 -0.499993 0 -0.8660295 -3.58465e-7 -1 5.60102e-6 -0.5000028 0 0.8660238 0.5000072 -0.6123622 0.6123769 0.5000006 -0.6123745 0.61237 0.5000005 -0.6123747 0.6123698 1 1.25174e-5 0 1 -7.66657e-6 0 1 1.29353e-5 0 0.4999995 0.6123778 -0.6123676 0.5000053 0.612366 -0.6123746 0.5000054 0.6123658 -0.6123747 -0.5000071 0.6123622 -0.6123769 -0.4999993 0.6123783 -0.6123672 -0.4999991 0.6123787 -0.612367 1.86712e-6 -0.707103 -0.7071106 0 -0.7071143 -0.7070994 0 -0.7071031 -0.7071105 -1 -1.2485e-5 0 -1 9.2514e-6 0 -1 9.70147e-6 0 -0.4999995 -0.6123778 0.6123675 -0.5000066 -0.6123622 0.6123773 -0.5000068 -0.6123619 0.6123776 0 0.7071012 0.7071124 1.49365e-5 0.7070919 0.7071217 -7.46778e-6 0.7071059 0.7071078 0.500009 -0.8660203 0 0.4999874 -0.8660327 0 0.4999869 -0.866033 0 0.4999875 0.8660327 0 0.5000089 0.8660203 0 0.5000094 0.8660201 0 -0.4999982 0.8660265 0 -0.4999983 0.8660264 0 -0.4999983 0.8660264 0 -3.73403e-6 0 -1 -0.4999982 -0.8660265 0 -0.4999983 -0.8660264 0 -0.4999983 -0.8660264 0 1.86703e-6 0 1 0.5000033 -0.61237 -0.6123723 0.5000002 -0.6123743 -0.6123704 0.5000002 -0.6123744 -0.6123704 1 1.25172e-5 0 1 -7.66668e-6 0 1 -8.08457e-6 0 0.5000033 0.6123698 0.6123724 0.5000032 0.6123672 0.6123751 0.5000032 0.6123671 0.6123752 -0.5000071 0.6123622 0.612377 -0.4999978 0.6123781 0.6123685 -0.4999976 0.6123785 0.6123684 0 0.7071087 -0.7071049 1.86705e-6 0.7071036 -0.70711 0 0.7071021 -0.7071114 -1 -1.24852e-5 0 -1 9.25137e-6 0 -1 -1.29353e-5 0 -0.4999997 -0.6123778 -0.6123674 -0.5000056 -0.6123632 -0.6123772 -0.5000057 -0.6123629 -0.6123774 0 -0.7071062 0.7071074 0 -0.7070987 0.7071149 0 -0.7071043 0.7071093 0.5000028 -3.84382e-7 -0.8660238 0.5000028 0 -0.8660238 0.5000026 0 0.8660239 -0.5000026 0 0.8660239 -3.58464e-7 1 -5.601e-6 -1 2.73453e-7 0 -1 0 0 -1 2.79001e-7 0 -0.5000028 -2.61593e-7 -0.8660238 -0.5000028 -4.01326e-7 -0.8660238 -0.5000028 -4.04219e-7 -0.8660238 0.5000023 0.6123642 -0.6123789 0.4999924 0.6123836 -0.6123676 0.5000025 0.6123638 -0.6123791 1 1.28589e-7 0 1 6.33894e-6 0 1 6.46752e-6 0 0.4999993 -0.6123777 0.6123678 0.4999966 -0.6123666 0.6123812 0.4999994 -0.612378 0.6123675 -0.4999978 -0.612366 0.6123807 -0.5000028 -0.6123703 0.6123723 -0.500003 -0.6123704 0.6123722 0 0.7071124 0.7071012 -5.60097e-6 0.7071081 0.7071055 0 0.7071058 0.7071078 -1 0 0 -1 -3.96181e-6 0 -0.4999985 0.6123718 -0.6123744 -0.5 0.6123676 -0.6123772 -0.5 0.6123676 -0.6123773 -9.33478e-7 -0.7071082 -0.7071054 -7.46807e-6 -0.7071068 -0.7071068 3.73396e-6 -0.7071117 -0.707102 0.5000022 0.8660241 0 0.5000022 0.8660243 0 0.5000022 -0.8660241 0 0.5000022 -0.8660243 0 -0.500013 -0.8660179 0 -0.4999914 -0.8660305 0 -0.4999909 -0.8660306 0 1.86704e-6 0 1 -0.4999915 0.8660303 0 -0.5000129 0.8660181 0 -0.5000134 0.8660177 0 -1.86701e-6 0 -1 -7.46804e-6 0 -1 0.5000028 0.6123645 0.6123782 0.4999999 0.6123746 0.6123705 0.5000028 0.6123642 0.6123784 1 -1.25493e-5 0 1 6.08172e-6 0 1 -1.2935e-5 0 0.4999995 -0.612378 -0.6123674 0.5000001 -0.6123683 -0.6123766 0.4999995 -0.6123781 -0.6123672 -0.5000026 -0.6123643 -0.6123786 -0.4999997 -0.6123774 -0.6123678 -0.4999997 -0.6123777 -0.6123675 0 -0.7071124 0.7071012 0 -0.707118 0.7070956 0 -0.7071068 0.7071068 -1 0 0 -1 -3.96183e-6 0 -1 -4.0422e-6 0 -0.4999994 0.6123777 0.6123676 -0.5000029 0.6123649 0.6123777 -0.5000029 0.6123646 0.6123779 0 0.7071143 -0.7070993 0 0.707117 -0.7070965 -9.33528e-7 0.7071124 -0.7071012 0 1 -1.30574e-6 0 0.9238799 -0.3826828 0 1 1.30574e-6 0 0.9238786 -0.382686 0 0.7071096 -0.7071039 0 0.7071062 -0.7071074 8.95041e-7 0.3826846 -0.9238791 2.81914e-6 0 -1 4.60922e-6 0 -1 8.95047e-7 -0.3826822 -0.9238801 0 -0.382686 -0.9238786 0 -0.7071062 -0.7071074 0 -0.7071099 -0.7071037 0 -0.9238783 -0.3826865 0 -0.9238802 -0.3826822 0 -1 -2.17623e-6 0 -1 2.17623e-6 0 -0.9238802 0.3826822 0 -0.9238783 0.3826865 0 -0.7071099 0.7071037 0 -0.7071062 0.7071074 0 -0.382688 0.9238777 0 -0.3826834 0.9238796 0 -1.90541e-6 1 0 2.61147e-6 1 0 0.3826836 0.9238795 0 0.382688 0.9238777 0 0.7071062 0.7071074 1 -5.89696e-7 0 1 5.897e-7 0 0 0.7071096 0.7071039 0 0.9238786 0.382686 0 0.9238799 0.3826828 0 1 4.98487e-6 0 0.9510553 -0.3090211 0 1 -4.4326e-6 0 0.9510574 -0.3090143 0 0.8090158 -0.5877872 0 0.8090184 -0.5877835 0 0.5877842 -0.8090178 0 0.5877885 -0.8090147 0 0.3090141 -0.9510575 0 0.309019 -0.9510559 0 -2.36277e-6 -1 0 2.36277e-6 -1 0 -0.309019 -0.9510559 0 -0.3090141 -0.9510575 0 -0.5877885 -0.8090147 0 -0.5877842 -0.8090178 0 -0.8090192 -0.5877823 0 -0.8090157 -0.5877872 0 -0.9510568 -0.309016 0 -0.9510559 -0.3090192 0 -1 3.60179e-7 0 -1 3.64981e-7 0 -0.951056 0.3090189 0 -0.951057 0.3090156 0 -0.8090153 0.5877876 -2.90198e-7 -0.8090196 0.5877816 -7.18897e-7 -0.587783 0.8090187 -4.28688e-7 -0.5877874 0.8090155 -5.80397e-7 -0.3090147 0.9510573 0 -0.3090184 0.9510561 0 2.28593e-6 1 0 -2.37718e-6 1 -5.80407e-7 0.3090175 0.9510564 -4.28689e-7 0.5877872 0.8090156 -7.18898e-7 0.5877836 0.8090183 -2.90203e-7 0.8090177 0.5877844 0 0.8090167 0.5877857 1 -4.83539e-7 0 1 1.26399e-6 0 1 3.15044e-7 0 0 0.9510574 0.3090142 0 0.9510553 0.3090208 0 -1 4.40998e-7 0 -1 0 0 -1 4.61964e-7 -1 0 0 -1 -6.56011e-7 0 -1 -7.39145e-7 0 0 -0.8660252 -0.5000005 0 -0.8660264 -0.4999984 0 -0.8660269 -0.4999974 1 -2.45778e-6 0 1 9.79485e-7 0 1 -2.95658e-6 0 0 0.866026 0.499999 0 0.8660247 0.5000013 0 0.8660241 0.5000024 0 -0.4999988 0.8660261 0 -0.4999988 0.8660261 0 -0.4999988 0.8660261 0 0.4999988 -0.8660261 0 0.4999987 -0.8660262 -1 0 0 -1 6.56011e-7 0 -1 7.39145e-7 0 0 0.8660247 -0.5000013 0 0.866026 -0.499999 0 0.8660267 -0.4999979 0 -0.8660269 0.4999976 0 -0.866025 0.5000008 0 -0.8660241 0.5000024 0 -0.5000043 -0.866023 0 -0.4999991 -0.866026 0 -0.5000046 -0.8660229 0 0.4999991 0.866026 0 0.5000041 0.8660231 0 0.4999988 0.8660261 0.1279708 -0.9834877 0.1279668 -0.1279691 -0.9834882 -0.1279652 0.1279707 -0.9834877 -0.1279672 0.9834867 0.1279711 0.1279742 0.9834868 -0.1279706 -0.1279737 0.9834885 0.1279605 -0.1279714 -0.1279655 0.1279629 0.9834889 0.1279646 -0.127964 0.9834889 0.1279636 0.1279647 0.9834889 -0.9834859 -0.1279708 0.1279807 -0.9834859 0.1279704 -0.1279804 -0.9834864 -0.1279697 -0.1279782 -0.1279692 0.9834882 0.1279652 0.1279708 0.9834878 -0.1279668 -0.127969 0.9834884 -0.1279634 -0.1216037 -0.4915652 -0.8623088 -0.4915671 -0.1215935 -0.862309 -0.1279671 -0.127964 -0.9834885 -0.1216058 -0.8623091 -0.491564 -0.4488465 -0.4488451 -0.7727062 -0.4915649 -0.862309 -0.1216027 -0.862307 -0.4915687 -0.1216018 -0.4488502 -0.7727081 -0.4488382 -0.8623052 -0.1215926 -0.4915742 -0.7727119 -0.4488392 -0.4488429 -0.1216065 -0.862309 0.491564 -0.4915608 -0.8623114 0.1216018 -0.1279691 -0.9834882 0.1279655 -0.4488491 -0.4488446 0.7727051 -0.4488523 -0.7727078 0.4488366 -0.4915649 -0.1215938 0.8623104 -0.1216042 -0.4915663 0.862308 -0.1279645 -0.1279643 0.9834888 -0.8623043 -0.1215926 0.4915758 -0.8623044 -0.4915732 0.121602 -0.772713 -0.4488381 0.4488418 -0.4915664 0.1215939 -0.8623094 -0.1216034 0.4915648 -0.8623089 -0.1279661 0.1279647 -0.9834886 -0.8623046 0.1215926 -0.4915752 -0.4488468 0.4488456 -0.7727058 -0.8623044 0.491573 -0.1216023 -0.4488512 0.7727105 -0.4488331 -0.7727103 0.4488382 -0.4488463 -0.1216061 0.8623104 -0.4915615 -0.4915607 0.8623117 -0.1216008 -0.1216039 0.4915624 0.8623103 -0.4915665 0.1215941 0.8623093 -0.1216065 0.8623098 0.4915624 -0.4488495 0.448845 0.7727046 -0.4915651 0.8623092 0.1216003 -0.8623069 0.4915687 0.1216021 -0.4488524 0.7727108 0.4488316 -0.8623046 0.1215928 0.491575 -0.9834864 0.12797 0.1279781 -0.7727113 0.4488374 0.4488455 0.4915631 -0.1216048 -0.8623097 0.1216025 -0.4915609 -0.8623114 0.1279652 -0.1279641 -0.9834887 0.8623062 -0.1216055 -0.4915692 0.448849 -0.4488518 -0.772701 0.8623052 -0.4915708 -0.1216055 0.4488533 -0.7727083 -0.448835 0.7727062 -0.4488502 -0.4488415 0.1216046 -0.862308 -0.4915662 0.4915633 -0.8623099 -0.121602 0.1216028 -0.4915597 0.862312 0.491563 -0.1216047 0.8623099 0.1216055 -0.8623076 0.4915667 0.4488511 -0.4488508 0.7727003 0.4915621 -0.8623104 0.1216031 0.8623082 -0.4915655 0.1216057 0.4488549 -0.7727064 0.4488365 0.8623061 -0.1216073 0.4915689 0.9834885 -0.1279609 0.1279714 0.7727057 -0.4488523 0.44884 0.1216027 0.4915606 -0.8623115 0.4915652 0.1216047 -0.8623086 0.1279661 0.1279628 -0.9834889 0.1216052 0.8623082 -0.4915655 0.4488492 0.4488526 -0.7727004 0.4915621 0.8623107 -0.1216027 0.8623082 0.4915654 -0.1216068 0.4488532 0.7727065 -0.4488379 0.8623067 0.1216072 -0.4915677 0.7727032 0.4488523 -0.4488444 0.4915627 0.1216047 0.86231 0.1216029 0.4915629 0.8623101 0.8623061 0.1216056 0.4915693 0.4488512 0.4488517 0.7726997 0.8623051 0.4915708 0.1216067 0.4488541 0.7727062 0.4488376 0.7727059 0.4488483 0.4488439 0.1216054 0.8623092 0.4915641 0.4915635 0.8623098 0.1216027 0.1279707 0.983488 0.127965 0 0.1564342 -0.9876884 -1.32632e-7 -0.1564344 0.9876884 0 0.309017 -0.9510565 1.20151e-7 0.1564347 -0.9876883 0 -0.3090168 0.9510566 0 -0.1564347 0.9876884 -1 -6.56849e-7 0 0 0.45399 -0.8910068 0 0.309017 -0.9510565 0 -0.4539906 0.8910066 0 -0.3090174 0.9510565 -1 9.3857e-7 0 -1 -1.37643e-6 0 0 0.587785 -0.8090173 0 0.4539913 -0.8910062 1 6.88215e-7 0 0 -0.5877854 0.809017 0 -0.4539906 0.8910065 -1 5.21479e-7 0 -1 -2.25509e-6 0 0 0.7071064 -0.7071073 0 0.5877861 -0.8090164 1 1.12753e-6 0 0 -0.707107 0.7071067 0 -0.5877851 0.8090172 -1 3.77906e-7 0 -1 3.61774e-6 0 0 0.8090167 -0.5877857 0 0.707107 -0.7071067 1 -1.01664e-6 0 0 -0.8090167 0.5877858 -1.26849e-7 -0.7071067 0.7071068 -1 -7.95012e-7 0 -1 2.69013e-6 0 0 0.8910064 -0.4539907 0 0.8090173 -0.587785 1 0 0 1 1.36766e-7 0 0 -0.8090174 0.5877848 0 -0.891006 0.4539915 -1 5.96253e-7 0 0 0.9510563 -0.3090176 0 0.8910067 -0.4539901 1 -3.96117e-7 0 1 1.59682e-6 0 0 -0.8910071 0.4539895 0 -0.9510566 0.3090171 -1 1.03232e-6 0 0 0.9876884 -0.1564349 0 0.9510565 -0.3090171 1 -1.48529e-7 0 1 7.95012e-7 0 0 -0.9876883 0.156435 0 -0.9510567 0.3090167 -1 1.6913e-6 0 0 1 -5.0671e-7 0 0.9876885 -0.1564339 1 -8.91262e-7 0 1 1.2677e-6 0 0 -1 6.58959e-7 0 -0.9876884 0.1564339 0 0.9876885 0.1564339 0 1 5.0671e-7 1 -4.93684e-7 0 0 -0.9876884 -0.156434 0 -1 -7.56495e-7 -1 -1.12753e-6 0 0 0.9510564 0.3090174 0 0.9876884 0.1564349 1 -3.66362e-7 0 1 2.9133e-6 0 0 -0.9510568 -0.3090159 0 -0.9876883 -0.1564351 -1 -1.1925e-6 0 -1 -6.88216e-7 0 0 0.8910065 0.4539905 0 0.9510563 0.3090178 1 2.39307e-6 0 1 0 0 0 -0.891007 -0.4539896 0 -0.9510565 -0.3090174 -1 -1.37643e-6 0 0 0.8090175 0.5877847 0 0.8910065 0.4539908 1 -1.77254e-6 0 1.57563e-7 -0.8090176 -0.5877845 0 -0.891006 -0.4539915 -1 -2.25509e-6 0 0 0.7071074 0.7071063 0 0.8090172 0.587785 1 -1.36764e-7 0 1 -2.25509e-6 0 1.80699e-7 -0.7071069 -0.7071067 0 -0.8090165 -0.5877861 0 0.5877861 0.8090165 0 0.7071067 0.7071068 1 -5.84198e-7 0 1 1.01664e-6 0 1.80699e-7 -0.7071068 -0.7071068 1.57563e-7 -0.5877853 -0.8090171 -1 -1.31649e-6 0 -1 -7.92232e-7 0 0 0.4539905 0.8910067 0 0.587785 0.8090172 1 -2.25509e-6 0 0 -0.5877847 -0.8090174 -1 -1.24104e-6 0 0 0.3090168 0.9510567 0 0.4539896 0.8910071 1 0 0 0 -0.3090175 -0.9510564 0 -0.4539904 -0.8910066 0 0.1564353 0.9876883 0 0.3090164 0.9510568 0 -0.1564348 -0.9876884 0 -0.3090175 -0.9510565 0 0.156435 0.9876884 0 -0.1564344 -0.9876884 0 -0.1564348 0.9876883 0 0.1564345 -0.9876884 0 -0.3090159 0.9510569 0 -0.1564356 0.9876882 0 0.3090174 -0.9510564 0 0.1564348 -0.9876884 -1 1.24105e-6 0 0 -0.4539894 0.8910071 0 -0.3090172 0.9510565 1 0 0 0 0.4539909 -0.8910063 0 0.3090172 -0.9510565 -1 1.31649e-6 0 -1 7.92236e-7 0 0 -0.587786 0.8090166 0 -0.4539904 0.8910066 1 -1.12752e-6 0 0 0.5877848 -0.8090173 0 0.4539898 -0.8910069 0 -0.7071072 0.7071064 0 -0.5877858 0.8090167 1 1.01664e-6 0 0 0.7071072 -0.7071064 1.57564e-7 0.5877853 -0.8090171 -1 1.37643e-6 0 0 -0.8090168 0.5877856 0 -0.7071071 0.7071065 1 1.77255e-6 0 1 6.58245e-7 0 0 0.8090177 -0.5877844 1.74915e-7 0.7071071 -0.7071065 -1 1.1925e-6 0 -1 2.25509e-6 0 0 -0.8910061 0.4539914 0 -0.8090171 0.5877851 1 0 0 1 2.25509e-6 0 0 0.8910066 -0.4539906 0 0.8090162 -0.5877865 -1 6.88213e-7 0 0 -0.9510563 0.309018 0 -0.8910068 0.4539899 1 -2.39306e-6 0 0 0.8910067 -0.4539901 -1 1.12752e-6 0 0 -0.9876885 0.1564341 0 -0.9510567 0.3090166 1 3.66362e-7 0 1 -2.91329e-6 0 0 0.9876885 -0.1564338 0 0.9510566 -0.3090167 0 -1 -8.94474e-7 0 -0.9876883 0.1564347 1 8.91262e-7 0 1 4.93684e-7 0 0 1 8.44515e-7 0 0.9876882 -0.1564356 -1 3.97501e-7 0 0 -0.9876883 -0.1564347 0 -1 8.94474e-7 1 5.2147e-7 0 0 0.9876882 0.1564354 0 1 -9.46808e-7 -1 -2.08036e-7 0 0 -0.9510568 -0.3090164 0 -0.9876885 -0.1564341 1 -7.82256e-7 0 1 2.03328e-6 0 0 0.9510565 0.3090169 0 0.9876885 0.1564337 -1 -1.44045e-6 0 -1 2.25509e-6 0 0 -0.9510563 -0.3090177 1 -1.59682e-6 0 1 -2.25509e-6 0 0 0.8910069 0.4539898 0 0.9510565 0.3090174 -1 0 0 -1 -4.06657e-6 0 0 -0.8090167 -0.5877857 0 -0.8910064 -0.453991 1 0 0 1 -1.36768e-7 0 0 0.8090165 0.5877859 0 0.8910064 0.4539908 -1 -7.9501e-7 0 -1 0 0 0 -0.7071066 -0.707107 1 1.01664e-6 0 0 0.7071071 0.7071065 0 0.8090173 0.587785 0 -0.5877857 -0.8090167 0 -0.7071069 -0.7071067 1 -1.12753e-6 0 0 0.5877854 0.809017 0 0.7071071 0.7071065 -1 -9.38571e-7 0 -1 7.92232e-7 0 0 -0.4539909 -0.8910064 0 -0.587786 -0.8090165 1 -6.88215e-7 0 0 0.4539901 0.8910069 0 0.5877853 0.809017 -1 6.56847e-7 0 0 -0.3090178 -0.9510564 0 -0.4539903 -0.8910067 1 1.48045e-6 0 0 0.3090165 0.9510568 1.20151e-7 -0.1564347 -0.9876883 0 -0.3090162 -0.9510568 0 0.156435 0.9876884 0 0.3090173 0.9510565 0 -0.1564341 -0.9876885 -1.32633e-7 0.1564346 0.9876884 0.9238808 0.3826804 -1.36818e-6 0.9238827 0.3779644 0.05986422 0.9238806 0.3826808 0 0.3826847 0.923879 -8.52246e-7 0.3826793 0.9125066 0.1445279 0.3826793 0.912507 0.1445251 -0.3826825 0.9238799 -1.26466e-6 -0.3826804 0.9125061 0.1445286 -0.3826825 0.92388 2.34909e-6 -0.9238805 0.3826813 -1.28826e-6 -0.9238829 0.377964 0.05986422 -0.9238833 0.3779628 0.05986446 -0.9238823 -0.382677 1.19964e-6 -0.9238815 -0.3779674 -0.0598641 -0.9238814 -0.3779678 -0.05986273 -0.3826838 -0.9238794 0 -0.3826825 -0.912505 -0.1445297 -0.3826843 -0.9238792 0 0.3826832 -0.9238796 0 0.3826816 -0.9125054 -0.1445295 0.3826808 -0.9125063 -0.144526 0.9238807 -0.3826807 1.15549e-6 0.9238812 -0.3779681 -0.05986404 0.923881 -0.3826802 -3.27725e-7 0.9238785 0.3639563 0.1182556 0.9238785 0.3639568 0.1182543 0.3826828 0.8786616 0.2854954 0.3826838 0.878661 0.2854961 -0.3826809 0.9125062 0.1445258 -0.3826838 0.878661 0.285496 -0.923882 0.3639475 0.118256 -0.9238799 -0.3639531 -0.1182544 -0.92388 -0.3639534 -0.1182531 -0.3826818 -0.9125059 -0.1445261 -0.3826811 -0.8786628 -0.285494 0.3826816 -0.8786625 -0.2854943 0.382681 -0.8786631 -0.2854936 0.9238811 -0.3779684 -0.05986273 0.9238818 -0.3639482 -0.1182546 0.9238826 0.3409654 0.1737346 0.9238832 0.3409643 0.1737335 0.3826817 0.8231833 0.4194329 -0.3826837 0.8231812 0.4194352 -0.3826835 0.8231836 0.4194309 -0.9238809 0.3639507 0.1182547 -0.9238804 0.3409711 0.1737343 -0.9238812 -0.34097 -0.1737328 -0.9238816 -0.340969 -0.1737329 -0.382683 -0.8231824 -0.4194338 -0.3826837 -0.8231834 -0.4194311 0.3826828 -0.8231826 -0.4194335 0.9238817 -0.3639488 -0.1182533 0.9238817 -0.3409687 -0.1737328 0.9238814 0.3095939 0.2249332 0.923881 0.3095953 0.2249329 0.3826817 0.8231854 0.419429 0.3826835 0.7474356 0.5430409 -0.3826834 0.7474358 0.5430408 -0.3826833 0.7474367 0.5430396 -0.9238795 0.3409746 0.1737329 -0.9238806 0.3095961 0.2249331 -0.9238812 -0.3095934 -0.2249347 -0.3826823 -0.7474342 -0.5430436 -0.3826827 -0.7474334 -0.5430445 0.3826835 -0.8231836 -0.419431 0.3826822 -0.7474351 -0.5430426 0.9238809 -0.3095942 -0.2249346 0.9238805 -0.3095961 -0.2249333 0.9238818 0.2705931 0.2705954 0.382682 0.6532812 0.6532827 0.3826814 0.6532832 0.653281 -0.3826826 0.6532799 0.6532836 -0.9238811 0.2705954 0.2705953 -0.9238811 0.2705969 0.2705941 -0.9238809 -0.3095952 -0.2249335 -0.9238821 -0.2705923 -0.2705951 -0.382682 -0.6532788 -0.6532851 0.3826826 -0.7474361 -0.5430408 0.3826817 -0.6532799 -0.6532842 0.9238811 -0.2705962 -0.2705948 0.923881 -0.2705966 -0.2705944 0.9238822 0.2705926 0.2705944 0.9238821 0.2249307 0.3095936 0.382679 0.5430417 0.7474374 0.3826796 0.5430433 0.7474359 -0.3826822 0.6532815 0.6532823 -0.3826783 0.543044 0.7474361 -0.9238815 0.2249329 0.3095934 -0.9238814 0.2249349 0.3095927 -0.9238815 -0.2249312 -0.3095948 -0.9238817 -0.2249318 -0.3095937 -0.3826811 -0.6532829 -0.6532813 -0.3826783 -0.5430425 -0.7474371 0.3826797 -0.543038 -0.7474398 0.3826785 -0.5430425 -0.747437 0.9238808 -0.2249345 -0.3095946 0.923882 0.224932 0.3095929 0.9238808 0.1737348 0.3409701 0.3826809 0.4194276 0.8231864 0.3826821 0.4194304 0.8231844 -0.382679 0.5430451 0.7474348 -0.3826802 0.4194309 0.8231852 -0.9238812 0.1737328 0.3409702 -0.9238811 0.1737349 0.3409694 -0.9238827 -0.1737319 -0.3409662 -0.9238828 -0.1737322 -0.3409659 -0.382677 -0.5430473 -0.7474343 -0.3826755 -0.4194325 -0.8231864 0.3826752 -0.4194347 -0.8231855 0.3826745 -0.4194386 -0.8231838 0.9238811 -0.2249348 -0.3095934 0.9238831 -0.1737298 -0.3409663 0.9238807 0.1737365 0.3409693 0.9238817 0.1182538 0.3639487 0.3826808 0.2854939 0.8786631 0.3826804 0.2854936 0.8786634 -0.3826816 0.4194328 0.8231834 -0.382679 0.2854929 0.8786642 -0.9238818 0.118253 0.3639487 -0.9238823 0.1182525 0.3639479 -0.9238811 -0.118255 -0.3639498 -0.9238809 -0.118256 -0.36395 -0.3826749 -0.4194368 -0.8231845 -0.3826776 -0.2854949 -0.8786641 0.3826779 -0.285492 -0.8786649 0.3826799 -0.2854947 -0.8786633 0.923883 -0.173731 -0.3409661 0.9238809 -0.1182562 -0.3639497 0.9238798 0.05986458 0.3779714 0.9238796 0.05986738 0.3779714 0.3826859 0.1445258 0.9125041 -0.3826805 0.2854952 0.8786627 -0.3826864 0.1445252 0.9125041 -0.9238798 0.05986487 0.3779714 -0.9238815 -0.05986529 -0.3779673 -0.9238815 -0.05986499 -0.3779671 -0.3826794 -0.2854984 -0.8786622 -0.3826881 -0.1445259 -0.9125033 0.3826881 -0.1445262 -0.9125032 0.38269 -0.1445261 -0.9125024 0.9238808 -0.1182581 -0.3639499 0.9238815 -0.05986446 -0.3779674 0.9238806 5.17754e-7 0.382681 0.9238809 5.27306e-7 0.3826804 0.3826866 0.1445296 0.9125033 0.3826845 0 0.9238791 -0.3826846 0 0.9238792 -0.3826839 0 0.9238795 -0.9238798 0.05986613 0.3779715 -0.9238806 -3.10031e-7 0.382681 -0.9238811 -9.63984e-7 -0.3826799 -0.3826851 0 -0.9238789 -0.3826848 0 -0.923879 0.3826851 2.71253e-7 -0.9238789 0.9238811 -7.32628e-7 -0.3826799 0.9238809 -1.10564e-6 -0.3826804 0.9238795 -0.05986696 0.3779718 0.3826888 -0.1445244 0.9125033 0.3826912 -0.1445236 0.9125022 -0.3826895 -0.1445291 0.9125021 -0.9238796 -0.05986487 0.3779718 -0.9238798 -0.05986386 0.3779717 -0.9238812 0.05986374 -0.3779683 -0.9238812 0.05986362 -0.3779683 -0.3826884 0.1445264 -0.9125031 0.3826884 0.1445259 -0.9125031 0.3826905 0.1445255 -0.9125022 0.9238812 0.05986458 -0.3779682 0.9238798 -0.05986434 0.3779717 0.9238815 -0.1182546 0.3639488 0.3826786 -0.2854961 0.8786633 -0.3826887 -0.1445255 0.912503 -0.3826794 -0.2854939 0.8786637 -0.9238818 -0.1182537 0.3639489 -0.9238821 -0.1182535 0.3639481 -0.9238812 0.1182548 -0.3639497 -0.3826795 0.2854987 -0.8786621 -0.3826773 0.2854951 -0.8786642 0.3826798 0.2854959 -0.8786629 0.9238811 0.118255 -0.3639497 0.9238814 0.1182538 -0.3639496 0.9238804 -0.1737386 0.3409693 0.9238803 -0.1737366 0.3409702 0.3826768 -0.2854937 0.8786649 0.3826832 -0.4194301 0.823184 -0.3826829 -0.4194319 0.8231834 -0.3826823 -0.4194299 0.8231846 -0.9238813 -0.1737331 0.3409696 -0.9238814 0.1182538 -0.3639495 -0.9238817 0.1737336 -0.3409681 -0.3826774 0.4194362 -0.8231838 -0.3826768 0.4194318 -0.8231862 0.3826776 0.2854927 -0.8786648 0.3826773 0.4194365 -0.8231837 0.9238818 0.1737336 -0.3409681 0.9238819 0.173733 -0.340968 0.9238811 -0.2249333 0.3095943 0.9238814 -0.2249327 0.3095945 0.3826828 -0.4194277 0.8231855 0.3826808 -0.5430446 0.7474343 -0.3826815 -0.5430424 0.7474355 -0.3826812 -0.5430417 0.7474362 -0.9238812 -0.1737317 0.3409705 -0.9238817 -0.224931 0.3095945 -0.9238819 0.173733 -0.340968 -0.923882 0.2249308 -0.3095934 -0.3826761 0.5430482 -0.7474341 -0.3826767 0.5430432 -0.7474374 0.3826767 0.4194326 -0.8231859 0.3826782 0.5430415 -0.7474379 0.9238812 0.2249348 -0.3095932 0.9238812 0.2249338 -0.3095937 0.9238822 -0.2705929 0.2705944 0.3826807 -0.5430432 0.7474354 0.3826801 -0.6532834 0.6532816 -0.3826814 -0.6532804 0.6532838 -0.382682 -0.6532792 0.6532847 -0.9238809 -0.2705978 0.2705941 -0.9238806 -0.270599 0.2705936 -0.9238821 0.2249303 -0.3095939 -0.9238818 0.2705928 -0.2705957 -0.3826813 0.6532813 -0.6532829 -0.3826824 0.6532791 -0.6532846 0.3826785 0.5430375 -0.7474406 0.3826822 0.6532794 -0.6532844 0.9238811 0.2705951 -0.2705956 0.9238812 0.2705953 -0.2705956 0.9238814 -0.3095945 0.2249324 0.9238806 -0.3095955 0.2249337 0.3826808 -0.6532818 0.6532828 0.3826819 -0.7474364 0.543041 -0.382682 -0.747436 0.5430414 -0.3826821 -0.7474368 0.5430402 -0.9238805 -0.3095973 0.2249322 -0.9238801 0.3095981 -0.2249331 -0.9238804 0.3095963 -0.2249336 -0.382681 0.7474372 -0.5430404 0.3826817 0.7474362 -0.5430414 0.3826815 0.7474354 -0.5430426 0.9238802 0.3095973 -0.2249332 0.9238822 -0.3409669 0.1737339 0.9238826 -0.3409654 0.1737344 0.3826798 -0.8231864 0.4194287 0.38268 -0.8231845 0.4194323 -0.3826821 -0.8231842 0.4194311 -0.9238802 -0.3095969 0.2249336 -0.9238789 -0.340976 0.1737333 -0.9238815 0.3409697 -0.1737322 -0.9238821 0.340968 -0.1737321 -0.3826807 0.7474368 -0.5430412 -0.3826817 0.8231838 -0.4194322 0.382682 0.8231835 -0.4194324 0.382682 0.8231826 -0.4194343 0.9238806 0.3095955 -0.2249336 0.9238813 0.34097 -0.1737322 0.9238783 -0.3639573 0.1182542 0.3826839 -0.8786609 0.2854961 0.382685 -0.8786602 0.2854971 -0.3826825 -0.8231819 0.4194351 -0.3826836 -0.8786613 0.2854959 -0.9238815 -0.3639491 0.1182546 -0.9238825 -0.3639463 0.1182556 -0.9238796 0.3639544 -0.1182529 -0.3826817 0.8231828 -0.419434 -0.382682 0.8786624 -0.2854942 0.3826813 0.8786629 -0.2854936 0.382681 0.8786634 -0.2854923 0.9238803 0.3639526 -0.118253 0.9238803 0.3639519 -0.1182543 0.9238783 -0.3639569 0.118255 0.9238827 -0.3779644 0.05986458 0.38268 -0.9125071 0.1445236 -0.3826797 -0.9125071 0.1445235 -0.3826791 -0.9125069 0.1445267 -0.9238824 -0.3779651 0.05986452 -0.9238827 -0.3779644 0.05986475 -0.9238796 0.3639538 -0.1182542 -0.9238812 0.3779681 -0.05986356 -0.3826828 0.9125055 -0.1445262 -0.3826833 0.9125046 -0.14453 0.3826809 0.9125063 -0.1445257 0.9238803 0.3779703 -0.0598635 0.9238806 0.3779695 -0.05986475 0.9238806 -0.3826809 -1.73106e-6 0.9238803 -0.3826817 -5.13417e-7 0.3826799 -0.9125065 0.144527 0.3826844 -0.9238792 -1.51199e-6 -0.3826822 -0.9238802 -1.93141e-6 -0.3826823 -0.92388 2.94485e-6 -0.9238803 -0.3826815 -1.64803e-6 -0.9238818 0.3779667 -0.05986487 -0.9238824 0.3826766 1.81221e-6 -0.3826836 0.9238795 0 -0.3826841 0.9238793 0 0.3826817 0.9125053 -0.1445296 0.3826831 0.9238798 0 0.9238809 0.3826802 1.76402e-6 0.9238814 0.382679 3.00793e-7 0.9238808 -0.3779688 -0.05986529 0.9238807 -0.3779696 -0.05986398 0.3826845 -0.9238792 3.57091e-6 0.3826841 -0.9125047 -0.1445274 -0.3826863 -0.9125038 -0.1445278 -0.3826857 -0.9125047 -0.1445236 -0.9238808 -0.3826803 -4.36588e-7 -0.9238815 -0.377967 -0.05986535 -0.9238823 0.3826769 3.31127e-7 -0.9238804 0.37797 0.05986529 -0.3826842 0.9125043 0.1445302 0.382683 0.9125046 0.14453 0.3826822 0.9125058 0.1445257 0.9238826 0.3779646 0.05986547 0.9238826 0.3779647 0.05986398 0.9238815 -0.3639485 -0.1182554 0.9238808 -0.363951 -0.1182543 0.3826828 -0.912506 -0.1445231 0.3826847 -0.8786607 -0.2854959 -0.3826852 -0.8786603 -0.2854962 -0.3826835 -0.8786624 -0.2854921 -0.923882 -0.3779661 -0.05986404 -0.9238821 -0.3639471 -0.1182554 -0.9238805 0.3779698 0.05986386 -0.9238813 0.3639495 0.1182547 -0.3826833 0.9125052 0.1445258 -0.3826816 0.8786627 0.2854939 0.3826821 0.8786624 0.2854942 0.3826817 0.8786629 0.285493 0.9238799 0.363953 0.1182545 0.9238794 0.3639546 0.1182546 0.9238809 -0.3409705 -0.1737334 0.9238803 -0.340972 -0.1737335 0.382683 -0.8786627 -0.2854918 0.3826793 -0.8231847 -0.4194323 -0.3826792 -0.8231849 -0.4194322 -0.3826778 -0.823186 -0.4194313 -0.9238814 -0.3639495 -0.1182544 -0.9238793 -0.3409751 -0.1737331 -0.9238817 0.3409692 0.1737316 -0.9238817 0.3409696 0.1737307 -0.3826808 0.8231831 0.4194341 -0.3826813 0.8231841 0.419432 0.3826806 0.8231835 0.4194339 0.923882 0.3409684 0.1737317 0.9238807 -0.3095958 -0.2249336 0.3826798 -0.7474347 -0.5430448 0.3826803 -0.7474359 -0.5430427 -0.3826802 -0.7474341 -0.5430453 -0.9238802 -0.3095973 -0.2249335 -0.9238805 -0.3095971 -0.2249323 -0.9238803 0.3095972 0.2249327 -0.9238804 0.3095976 0.2249321 -0.3826841 0.7474337 0.5430431 -0.3826842 0.7474349 0.5430415 0.382681 0.8231843 0.4194319 0.3826831 0.7474353 0.5430415 0.9238821 0.3409689 0.1737308 0.9238814 0.309594 0.2249331 0.923881 -0.3095955 -0.2249324 0.9238821 -0.2705921 -0.2705951 0.3826804 -0.6532818 -0.653283 0.3826808 -0.6532832 -0.6532812 -0.3826811 -0.7474349 -0.5430437 -0.382681 -0.6532805 -0.6532839 -0.9238806 -0.2705975 -0.2705948 -0.9238806 -0.2705982 -0.2705947 -0.9238817 0.2705932 0.2705958 -0.9238818 0.2705935 0.2705953 -0.3826825 0.6532815 0.6532821 -0.3826822 0.6532834 0.6532804 0.3826835 0.7474361 0.5430403 0.382682 0.6532827 0.6532812 0.923881 0.3095954 0.2249324 0.9238808 0.2705965 0.2705956 0.9238816 -0.2249324 -0.3095939 0.9238815 -0.2249322 -0.309594 0.3826823 -0.5430421 -0.7474353 0.3826825 -0.5430442 -0.7474337 -0.3826818 -0.6532811 -0.6532828 -0.382683 -0.5430397 -0.7474367 -0.9238819 -0.2249308 -0.309594 -0.9238817 0.2249305 0.3095949 -0.9238817 0.2249302 0.309595 -0.3826811 0.5430415 0.7474364 -0.3826813 0.5430399 0.7474375 0.3826819 0.6532839 0.65328 0.3826813 0.5430409 0.7474367 0.9238806 0.2705973 0.270595 0.9238812 0.2249325 0.3095948 0.9238819 -0.1737322 -0.3409686 0.3826814 -0.4194288 -0.8231856 0.3826813 -0.4194319 -0.823184 -0.3826834 -0.5430414 -0.7474353 -0.3826808 -0.4194314 -0.8231844 -0.9238819 -0.1737322 -0.3409686 -0.9238817 -0.1737343 -0.3409681 -0.923881 0.1737343 0.3409699 -0.3826797 0.4194298 0.8231859 0.3826797 0.4194304 0.8231857 0.3826797 0.4194339 0.8231837 0.9238811 0.1737338 0.34097 0.9238808 0.1737352 0.34097 0.9238817 -0.1737343 -0.340968 0.923881 -0.1182535 -0.3639506 0.3826824 -0.2854946 -0.8786622 0.3826823 -0.2854946 -0.8786621 -0.3826809 -0.419434 -0.8231831 -0.3826825 -0.2854938 -0.8786624 -0.9238809 -0.1182544 -0.3639506 -0.9238808 -0.1182544 -0.3639509 -0.9238814 0.118254 0.3639496 -0.3826794 0.4194353 0.8231832 -0.3826794 0.2854943 0.8786634 0.3826798 0.2854914 0.8786643 0.3826804 0.2854949 0.878663 0.9238815 0.1182523 0.3639496 0.9238814 -0.05986344 -0.377968 0.9238811 -0.05986517 -0.377968 0.382683 -0.1445257 -0.9125054 -0.382683 -0.1445251 -0.9125055 -0.3826836 -0.1445287 -0.9125047 -0.9238812 -0.05986464 -0.377968 -0.9238807 0.05986565 0.3779691 -0.3826799 0.2854988 0.8786619 -0.3826822 0.1445248 0.912506 0.3826822 0.1445246 0.9125059 0.3826831 0.1445283 0.9125049 0.9238807 0.05986452 0.3779691 0.9238806 0.05986517 0.3779693 0.9238808 9.30091e-7 -0.3826806 0.9238806 1.04894e-6 -0.382681 0.3826835 -0.1445295 -0.9125046 0.3826864 0 -0.9238783 -0.3826864 0 -0.9238783 -0.3826872 0 -0.923878 -0.9238811 -0.05986601 -0.3779679 -0.9238808 -9.32268e-7 -0.3826805 -0.9238808 -1.05576e-6 0.3826804 -0.9238809 -1.04972e-6 0.3826803 -0.3826832 0.144528 0.912505 -0.3826857 -4.72745e-7 0.9238786 0.3826857 0 0.9238786 0.3826868 0 0.9238783 0.9238808 0 0.3826804 0.9238813 0.05986577 -0.3779678 0.3826839 0.1445295 -0.9125044 0.3826834 0.1445256 -0.9125053 -0.382684 0.1445286 -0.9125045 -0.9238814 0.05986434 -0.3779679 -0.9238814 0.05986326 -0.3779679 -0.9238808 -0.05986607 0.3779687 -0.382683 -0.1445276 0.9125051 -0.3826822 -0.1445243 0.912506 0.382683 -0.1445277 0.9125051 0.9238809 -0.05986535 0.3779687 0.9238807 -0.05986618 0.3779689 0.9238813 0.05986368 -0.3779678 0.9238812 0.1182528 -0.3639504 0.3826829 0.2854951 -0.8786617 0.3826832 0.2854951 -0.8786616 -0.3826835 0.1445249 -0.9125054 -0.382683 0.2854943 -0.878662 -0.923881 0.1182542 -0.3639504 -0.9238808 0.1182545 -0.3639507 -0.9238813 -0.1182547 0.3639494 -0.3826798 -0.2854984 0.8786619 -0.3826797 -0.2854945 0.8786634 0.3826822 -0.144524 0.912506 0.3826802 -0.2854956 0.8786628 0.9238815 -0.1182526 0.3639495 0.9238814 0.1737361 -0.340968 0.9238815 0.1737336 -0.3409684 0.3826811 0.4194311 -0.8231846 -0.3826802 0.4194356 -0.8231827 -0.3826798 0.4194327 -0.8231843 -0.9238819 0.1737323 -0.3409682 -0.9238808 -0.1737346 0.3409702 -0.3826804 -0.4194351 0.8231829 -0.3826808 -0.4194301 0.8231852 0.3826799 -0.285492 0.8786641 0.3826807 -0.4194332 0.8231836 0.9238809 -0.1737338 0.3409702 0.9238807 -0.1737352 0.3409702 0.9238819 0.2249323 -0.3095928 0.923882 0.224931 -0.3095939 0.3826807 0.4194281 -0.8231863 0.3826819 0.5430431 -0.7474348 -0.3826825 0.5430413 -0.7474358 -0.3826822 0.5430391 -0.7474376 -0.9238821 0.1737307 -0.3409686 -0.9238811 0.2249361 -0.3095926 -0.9238811 -0.224932 0.3095955 -0.9238811 -0.224931 0.3095961 -0.3826822 -0.5430419 0.7474355 -0.3826826 -0.543041 0.7474361 0.382681 -0.4194297 0.8231853 0.3826811 -0.5430451 0.7474339 0.9238806 -0.2249342 0.3095953 0.9238814 0.270595 -0.2705948 0.9238811 0.2705952 -0.2705957 0.3826816 0.5430411 -0.7474365 0.3826812 0.6532833 -0.653281 -0.3826826 0.6532802 -0.6532832 -0.3826815 0.6532793 -0.6532849 -0.9238811 0.2249346 -0.3095937 -0.9238806 0.2705979 -0.2705946 -0.9238818 -0.2705932 0.2705953 -0.923882 -0.2705928 0.2705951 -0.3826826 -0.6532835 0.65328 0.3826819 -0.5430414 0.7474361 0.3826832 -0.6532809 0.6532822 0.9238811 -0.2249312 0.3095961 0.9238816 -0.2705938 0.2705953 0.9238812 0.3095941 -0.2249334 0.9238811 0.3095946 -0.2249332 0.3826805 0.6532815 -0.6532833 0.3826815 0.7474347 -0.5430436 -0.3826813 0.747435 -0.5430433 -0.3826802 0.7474343 -0.5430451 -0.9238808 0.270596 -0.2705957 -0.9238803 0.3095967 -0.2249332 -0.9238803 -0.3095979 0.224932 -0.3826827 -0.6532814 0.653282 -0.382684 -0.7474349 0.5430416 0.3826837 -0.7474355 0.543041 0.3826833 -0.7474344 0.5430428 0.9238805 -0.3095971 0.224932 0.9238805 -0.3095963 0.2249333 0.9238811 0.3409703 -0.1737325 0.3826808 0.7474334 -0.5430459 0.3826809 0.8231847 -0.4194309 -0.382681 0.8231846 -0.4194313 -0.3826804 0.8231852 -0.4194303 -0.9238801 0.3409733 -0.1737323 -0.923881 0.3409699 -0.1737338 -0.9238803 -0.3095971 0.2249332 -0.9238811 -0.3409709 0.1737315 -0.3826836 -0.7474337 0.5430434 -0.3826839 -0.8231832 0.4194313 0.3826842 -0.8231828 0.4194316 0.3826832 -0.8231821 0.4194341 0.9238808 -0.3409717 0.1737314 0.9238809 -0.3409708 0.1737326 0.9238814 0.3409692 -0.1737338 0.9238796 0.3639539 -0.1182543 0.3826827 0.8786626 -0.2854925 0.3826835 0.878661 -0.2854966 -0.3826822 0.8786631 -0.2854921 -0.9238812 0.3639496 -0.1182544 -0.9238823 0.3639467 -0.118256 -0.9238812 -0.3409702 0.1737326 -0.9238809 -0.3639504 0.1182544 -0.382683 -0.8231823 0.4194338 -0.3826817 -0.8786624 0.2854944 0.3826811 -0.8786629 0.2854938 0.3826801 -0.8786637 0.285493 0.9238807 -0.363951 0.1182544 0.9238806 -0.3639513 0.1182544 0.9238804 0.3639515 -0.1182558 0.9238821 0.377966 -0.05986416 0.3826819 0.9125061 -0.1445242 0.3826828 0.9125052 -0.1445276 -0.3826828 0.8786615 -0.2854959 -0.3826847 0.9125049 -0.1445247 -0.9238839 0.3779613 -0.05986422 -0.9238834 0.3779625 -0.05986565 -0.9238806 -0.3779697 0.0598641 -0.9238802 -0.3779706 0.05986547 -0.3826827 -0.9125055 0.144526 -0.3826834 -0.9125046 0.14453 0.382681 -0.9125063 0.1445256 0.9238816 -0.3779672 0.05986416 0.9238824 0.377965 -0.05986559 0.3826847 0.923879 2.98061e-6 -0.3826851 0.9125043 -0.144528 -0.9238813 0.3826794 1.51672e-7 -0.9238821 -0.3826773 -2.89736e-7 0.3826819 -0.9125052 0.1445297 0.9238814 -0.3779673 0.05986559 0.8660327 0.4999876 -2.29442e-6 0.8660308 0.4903836 0.09754359 0.8660311 0.4999903 -9.52859e-7 0 1 -2.04946e-6 0 0.980785 0.1950922 0 1 2.95504e-7 -0.8660284 0.4999949 -2.03366e-6 -0.8660318 0.4903817 0.09754365 -0.8660327 0.4903802 0.09754282 -0.8660276 -0.4999963 0 -0.8660321 -0.4903805 -0.09754621 -0.8660265 -0.4999981 0 0 -1 1.23921e-6 0 -0.9807848 -0.1950926 0 -1 -1.23921e-6 0.8660269 -0.4999974 0 0.8660279 -0.4903882 -0.09754598 0.8660282 -0.4903876 -0.09754562 0.8660309 0.4903834 0.09754264 0.8660234 0.4619453 0.1913378 0 0.9807855 0.1950897 0 0.9238811 0.3826797 -0.8660311 0.4619303 0.1913395 -0.866032 0.4619286 0.1913387 -0.8660329 -0.4903795 -0.09754586 -0.8660272 -0.4619364 -0.1913418 0 -0.9807854 -0.1950897 0 -0.9238809 -0.3826803 0.8660253 -0.4619401 -0.1913411 0.8660265 -0.4619383 -0.1913408 0.8660249 0.4619428 0.1913371 0.8660321 0.4157239 0.2777807 0 0.9238818 0.3826779 0 0.8314671 0.5555741 -0.8660343 0.4157186 0.2777816 -0.8660345 0.4157192 0.2777807 -0.8660279 -0.4619352 -0.1913414 -0.8660281 -0.415728 -0.2777871 0 -0.9238818 -0.3826781 0 -0.8314677 -0.5555731 0.8660245 -0.415736 -0.2777861 0.8660257 -0.415734 -0.2777856 0.8660333 0.4157217 0.27778 0.8660304 0.3535462 0.3535484 0 0.8314679 0.5555728 0 0.7071034 0.7071102 -0.8660286 0.3535516 0.3535475 -0.8660283 0.3535526 0.3535473 -0.8660293 -0.4157258 -0.2777866 -0.8660265 -0.3535489 -0.3535555 0 -0.8314693 -0.5555707 0 -0.7071075 -0.7071061 0.8660257 -0.3535509 -0.3535552 0.8660267 -0.3535497 -0.3535543 0.8660264 0.2777833 0.4157344 0.8660256 0.2777866 0.4157334 0 0.7071049 0.7071087 0 0.5555688 0.8314706 -0.8660271 0.2777803 0.4157347 -0.8660274 -0.3535476 -0.3535546 0 -0.7071104 -0.7071032 0.8660319 -0.2777752 -0.4157282 0.8660251 0.1913396 0.4619411 0.8660252 0.1913418 0.4619405 0 0.5555706 0.8314694 0 0.3826814 0.9238803 -0.8660268 0.2777819 0.4157339 -0.8660251 0.1913408 0.461941 0 -0.5555699 -0.83147 0 -0.3826828 -0.9238798 0.866025 0.09754347 0.4903938 0.8660252 0.09754484 0.4903931 0 0.3826835 0.9238796 0 0.1950905 0.9807853 -0.8660249 0.1913434 0.4619404 -0.8660247 0.09754699 0.4903936 0 -0.3826858 -0.9238787 0 -0.1950899 -0.9807854 0.866029 -1.79494e-7 0.4999938 0 0.1950926 0.9807849 -0.866025 0.0975483 0.490393 -0.866029 -1.1573e-6 0.4999938 0 -0.1950925 -0.9807848 0 1.22968e-6 -1 0.8660242 -0.09754633 0.4903945 0 -0.1950914 0.9807851 -0.8660241 -0.09754878 0.4903945 -0.8660238 -0.09754723 0.4903951 0 -1.48706e-6 -1 0 0.1950924 -0.9807849 0.8660241 -0.09754514 0.4903952 0.8660247 -0.1913442 0.4619401 0 -0.1950891 0.9807856 0 -0.3826837 0.9238795 -0.8660249 -0.1913434 0.4619401 -0.8660252 -0.1913409 0.4619406 0 0.1950898 -0.9807854 0 0.3826816 -0.9238803 0.866025 -0.1913421 0.4619404 0.866024 -0.2777898 0.4157346 0 -0.3826816 0.9238803 0 -0.5555704 0.8314696 -0.8660253 -0.2777851 0.4157353 -0.8660256 -0.2777832 0.4157356 -0.8660301 0.2777822 -0.415727 0 0.3826798 -0.923881 0 0.5555693 -0.8314704 0.8660321 0.2777746 -0.4157279 0.8660249 -0.2777861 0.4157354 0.8660315 -0.3535429 0.3535493 0 -0.5555686 0.8314707 0 -0.7071046 0.707109 -0.8660287 -0.3535506 0.3535481 -0.8660289 -0.3535507 0.3535478 -0.8660279 0.3535467 -0.3535541 -0.8660274 0.3535473 -0.3535548 0 0.5555682 -0.831471 0 0.7071081 -0.7071056 0.8660287 0.3535441 -0.3535545 0.8660326 -0.415722 0.2777819 0.8660313 -0.4157243 0.2777825 0 -0.7071033 0.7071104 0 -0.8314707 0.5555686 -0.8660309 -0.4157255 0.2777817 -0.8660334 0.4157183 -0.2777852 -0.8660324 0.4157202 -0.2777857 0 0.7071071 -0.7071065 0 0.8314744 -0.555563 0.8660281 0.3535451 -0.3535551 0.8660291 0.4157282 -0.277784 0.8660262 -0.4619405 0.1913369 0.8660247 -0.4619431 0.1913374 0 -0.8314694 0.5555706 0 -0.9238793 0.3826842 -0.866031 -0.4157251 0.2777826 -0.8660336 -0.4619258 0.1913385 -0.8660281 0.4619349 -0.1913419 -0.8660269 0.4619367 -0.1913424 0 0.8314732 -0.5555651 0 0.9238793 -0.382684 0.8660281 0.4157297 -0.2777845 0.8660295 0.461932 -0.1913419 0.8660284 -0.4903879 0.09754312 0.8660281 -0.4903882 0.09754371 0 -0.9238784 0.3826861 0 -0.980786 0.1950867 -0.8660326 -0.4619274 0.1913391 -0.8660279 -0.4903888 0.097543 -0.8660296 0.4903852 -0.0975458 -0.8660289 0.4903863 -0.0975461 0 0.9238783 -0.3826866 0 0.9807857 -0.1950881 0.8660281 0.4619345 -0.1913424 0.8660258 0.4903921 -0.09754568 0.8660327 -0.4999873 -2.42182e-6 0.8660315 -0.4999894 -1.45322e-6 0 -0.9807857 0.1950885 0 -1 -2.19245e-7 -0.8660269 -0.4903905 0.09754347 -0.8660283 -0.499995 -2.17142e-6 -0.8660277 0.4999961 0 -0.8660267 0.4999978 0 0 0.9807854 -0.1950899 0 1 9.67539e-7 0.8660253 0.4903929 -0.09754592 0.8660267 0.499998 0 0.8660256 -0.4903925 -0.09754461 0.8660242 -0.4903948 -0.0975449 0 -1 1.9732e-6 0 -0.980785 -0.1950921 -0.8660283 -0.4999951 -1.26597e-6 -0.8660261 -0.4903917 -0.09754425 -0.8660326 0.4903798 0.09754675 0 1 -9.67539e-7 0 0.9807847 0.195093 0.8660245 0.4903941 0.0975458 0.8660251 0.4903933 0.0975449 0.8660246 -0.4619433 -0.1913369 0 -0.9807854 -0.1950899 0 -0.9238811 -0.3826796 -0.8660317 -0.4619292 -0.1913385 -0.866033 -0.4619268 -0.1913381 -0.8660333 0.4903786 0.09754586 -0.866028 0.4619347 0.1913422 0 0.9807852 0.1950908 0 0.9238801 0.3826822 0.8660222 0.461946 0.1913408 0.8660237 0.4619441 0.1913398 0.8660259 -0.461941 -0.1913366 0.8660303 -0.4157262 -0.2777827 0 -0.8314711 -0.5555682 -0.8660326 -0.4157208 -0.2777836 -0.8660324 -0.4157221 -0.2777826 -0.8660287 0.4619337 0.1913411 -0.8660301 0.4157254 0.2777847 0 0.9238808 0.3826805 0 0.8314672 0.5555739 0.8660275 0.4157314 0.2777839 0.8660289 0.4157291 0.277783 0.8660318 -0.4157236 -0.2777822 0.8660305 -0.3535465 -0.353548 0 -0.8314712 -0.5555679 0 -0.7071038 -0.7071098 -0.8660268 -0.3535569 -0.3535466 -0.8660266 -0.3535577 -0.3535461 -0.8660314 0.4157234 0.2777836 -0.8660299 0.3535438 0.353552 0 0.8314688 0.5555716 0 0.7071107 0.7071028 0.8660295 0.3535448 0.3535518 0.8660302 0.3535441 0.3535511 0.8660308 -0.353546 -0.3535477 0.8660269 -0.2777866 -0.4157307 0 -0.7071046 -0.707109 0 -0.5555686 -0.8314709 -0.8660271 -0.2777861 -0.4157307 -0.8660274 -0.2777853 -0.4157306 -0.8660308 0.3535423 0.3535513 -0.8660287 0.2777809 0.4157309 0 0.7071134 0.7071003 0 0.5555672 0.8314717 0.8660271 -0.2777866 -0.4157305 0.8660284 -0.1913409 -0.4619346 0 -0.5555704 -0.8314695 0 -0.3826816 -0.9238803 -0.8660281 -0.1913424 -0.4619345 -0.8660283 -0.1913422 -0.4619342 0 0.382683 0.9238797 0.8660285 -0.1913408 -0.4619343 0.8660284 -0.09754353 -0.4903877 0 -0.3826837 -0.9238795 0 -0.1950891 -0.9807856 -0.8660283 -0.0975461 -0.4903877 -0.8660284 -0.09754651 -0.4903872 0 0.1950885 0.9807857 0.8660287 -0.09754395 -0.4903872 0.8660306 1.28313e-6 -0.499991 0 -0.1950913 -0.9807852 -0.8660306 9.69741e-7 -0.499991 0 0.195091 0.9807851 0 -1.47276e-6 1 0.8660288 0.0975452 -0.4903869 0.8660286 0.09754478 -0.4903873 0 0.1950914 -0.9807851 -0.8660289 0.09754294 -0.4903869 0 1.22491e-6 1 0 -0.1950912 0.9807851 0.8660283 0.1913399 -0.4619352 0.8660281 0.19134 -0.4619355 0 0.1950893 -0.9807855 0 0.3826835 -0.9238796 -0.8660289 0.09754216 -0.4903874 -0.8660283 0.1913399 -0.4619352 0 -0.1950886 0.9807857 0 -0.3826813 0.9238805 0.8660275 0.2777844 -0.415731 0.8660275 0.2777842 -0.4157313 0 0.3826814 -0.9238803 0 0.5555706 -0.8314695 -0.8660281 0.1913401 -0.4619355 -0.866026 0.2777901 -0.4157304 -0.8660282 -0.2777816 0.4157317 0 -0.5555728 0.8314679 0.8660326 0.3535412 -0.3535479 0.8660321 0.3535419 -0.3535485 0 0.5555688 -0.8314706 0 0.7071096 -0.7071041 -0.8660259 0.2777903 -0.4157305 -0.8660275 0.3535557 -0.353546 -0.866029 -0.353546 0.3535519 -0.8660287 -0.3535466 0.3535525 0 -0.5555713 0.8314689 0 -0.7071081 0.7071055 0.8660268 -0.2777869 0.415731 0.8660292 -0.3535456 0.3535519 0.866032 0.415723 -0.2777826 0.8660302 0.4157262 -0.2777833 0 0.7071075 -0.7071062 0 0.831471 -0.5555681 -0.8660275 0.3535549 -0.3535466 -0.8660298 0.4157276 -0.2777821 -0.8660343 -0.4157165 0.2777848 -0.8660333 -0.4157183 0.2777855 0 -0.7071069 0.7071067 0 -0.831475 0.5555623 0.8660289 -0.3535459 0.3535526 0.8660291 -0.4157284 0.2777833 0.866026 0.4619408 -0.1913368 0.8660245 0.4619436 -0.1913372 0 0.8314691 -0.555571 0 0.9238793 -0.3826839 -0.8660299 0.4157269 -0.2777835 -0.8660335 0.4619261 -0.1913384 -0.8660284 -0.4619347 0.1913408 -0.8660272 -0.4619365 0.1913416 0 -0.8314737 0.5555642 0 -0.9238791 0.3826845 0.866028 -0.4157302 0.2777839 0.8660251 -0.4619413 0.1913399 0.8660238 0.4903959 -0.09754365 0.8660222 0.4903988 -0.09754383 0 0.9238784 -0.3826862 0 0.980786 -0.1950865 -0.8660325 0.4619277 -0.191339 -0.8660311 0.490383 -0.09754407 -0.8660296 -0.4903851 0.09754508 -0.866029 -0.4903862 0.09754604 0 -0.9238778 0.3826876 0 -0.9807854 0.1950901 0.866024 -0.461943 0.1913407 0.8660293 -0.490386 0.09754502 0 0.9807857 -0.1950885 -0.8660283 0.4999952 -7.93486e-7 0 -0.9807848 0.1950926 0.8660284 -0.4903872 0.09754598 0.8660278 0.4999961 -1.95554e-6 0.8660297 0.4903851 0.09754484 0.8660251 0.5000007 3.10868e-7 0 1 -2.54518e-6 0 0.9807845 0.1950941 0 1 2.54042e-6 -0.8660305 0.4999911 -1.79488e-6 -0.8660293 0.490386 0.09754484 -0.8660308 0.4903838 0.0975427 -0.8660292 -0.4999935 0 -0.8660264 -0.4903911 -0.09754467 -0.8660258 -0.4903921 -0.09754502 0 -1 1.76828e-6 0 -0.9807845 -0.1950942 0 -1 -1.76828e-6 0.8660287 -0.4999942 0 0.866023 -0.4903972 -0.09754425 0.8660326 0.4903804 0.09754276 0.8660274 0.4619377 0.191338 0 0.9807857 0.1950888 0 0.9238768 0.38269 -0.8660269 0.4619384 0.191338 -0.866029 0.4619353 0.191337 -0.8660277 -0.4619361 -0.1913406 0 -0.9807855 -0.1950898 0 -0.9238762 -0.3826916 0.8660266 -0.4619383 -0.1913401 0.8660303 -0.4619314 -0.1913399 0.866029 0.4619348 0.191337 0.8660282 0.4157301 0.2777838 0 0.9238796 0.3826833 0 0.831468 0.5555726 -0.866029 0.4157281 0.277784 -0.8660299 0.4157258 0.277785 -0.8660274 -0.4619371 -0.1913396 -0.866028 -0.4157302 -0.2777839 0 -0.9238789 -0.3826851 0 -0.8314692 -0.555571 0.8660293 -0.4157275 -0.2777842 0.8660305 -0.4157256 -0.2777832 0.8660272 0.3535529 0.3535495 0.8660274 0.353555 0.3535472 0 0.8314723 0.5555662 0 0.7071074 0.7071062 -0.8660306 0.3535431 0.353551 -0.8660271 -0.4157331 -0.2777822 -0.8660262 -0.3535526 -0.3535524 0 -0.831473 -0.5555651 0 -0.7071066 -0.7071071 0.8660244 -0.353558 -0.3535515 0.8660259 -0.3535547 -0.3535509 0.866026 0.2777861 0.4157329 0.8660248 0.2777863 0.4157353 0 0.7071115 0.7071021 0 0.5555702 0.8314697 -0.8660303 0.3535464 0.3535485 -0.8660268 0.277783 0.4157333 -0.8660266 -0.3535525 -0.3535514 -0.8660297 -0.2777792 -0.4157298 0 -0.7071096 -0.707104 0 -0.5555668 -0.8314719 0.8660293 -0.2777808 -0.4157295 0.8660312 -0.2777767 -0.4157286 0.8660296 0.1913408 0.4619324 0 0.5555742 0.831467 0 0.3826815 0.9238803 -0.8660297 0.1913396 0.4619325 -0.8660314 0.1913378 0.4619305 -0.8660266 -0.191344 -0.4619365 -0.8660256 -0.1913468 -0.4619374 0 -0.3826826 -0.92388 0.8660271 -0.1913415 -0.4619368 0.8660309 0.1913405 0.4619303 0.8660298 0.09754335 0.4903852 0 0.3826863 0.9238784 0 0.1950858 0.9807863 -0.8660299 0.09754264 0.4903853 -0.8660292 0.09754288 0.4903864 0 -0.3826868 -0.9238782 0 -0.1950851 -0.9807863 0.8660292 0.09754383 0.4903864 0.8660261 9.29792e-7 0.4999989 0 0.195091 0.9807852 0 -2.41649e-6 1 -0.8660261 -1.16858e-6 0.4999988 0 -0.1950895 -0.9807854 0 2.16864e-6 -1 0.8660296 -0.09754353 0.4903858 0.86603 -0.09754323 0.4903849 0 2.7835e-6 1 0 -0.1950908 0.9807852 -0.8660295 -0.09754407 0.4903857 0 -2.61191e-6 -1 0 0.1950902 -0.9807853 0.8660319 -0.1913376 0.4619293 0.8660306 -0.191338 0.4619317 0 -0.1950858 0.9807863 0 -0.3826862 0.9238784 -0.86603 -0.09754377 0.4903849 -0.8660316 -0.1913394 0.4619292 -0.8660272 0.1913399 -0.4619373 -0.8660262 0.191342 -0.4619383 0 0.1950855 -0.9807863 0 0.3826873 -0.923878 0.8660266 0.1913434 -0.461937 0.866026 -0.2777849 0.4157337 0.8660242 -0.2777868 0.4157363 0 -0.3826817 0.9238803 0 -0.5555745 0.8314668 -0.8660301 -0.1913409 0.4619314 -0.866026 -0.2777851 0.4157337 -0.8660302 0.2777766 -0.4157306 0 0.3826825 -0.9238799 0 0.5555726 -0.8314681 0.8660292 0.2777808 -0.4157301 0.8660306 0.2777774 -0.4157291 0.8660292 -0.3535489 0.3535487 0 -0.5555704 0.8314697 0 -0.7071078 0.7071058 -0.8660309 -0.3535441 0.3535495 -0.8660317 -0.3535397 0.3535517 -0.8660258 0.3535535 -0.3535524 -0.8660253 0.3535544 -0.3535529 0 0.5555679 -0.8314712 0 0.7071082 -0.7071055 0.866028 0.3535477 -0.3535531 0.8660291 -0.3535473 0.3535506 0.8660258 -0.4157351 0.2777838 0 -0.7071051 0.7071086 0 -0.8314715 0.5555677 -0.8660305 -0.4157243 0.2777852 -0.8660314 -0.4157217 0.2777861 -0.8660281 0.4157318 -0.2777813 -0.866028 0.4157308 -0.2777832 0 0.7071043 -0.7071093 0 0.8314695 -0.5555705 0.8660264 0.3535514 -0.3535532 0.8660297 0.4157282 -0.2777819 0.8660298 -0.4619341 0.191336 0.866028 -0.4619368 0.1913374 0 -0.8314695 0.5555704 0 -0.923879 0.3826848 -0.8660311 -0.4619315 0.1913364 -0.8660278 0.4619359 -0.1913405 -0.8660274 0.461936 -0.1913417 0 0.8314675 -0.5555735 0 0.9238796 -0.3826835 0.8660277 0.4157313 -0.2777833 0.8660283 0.4619354 -0.1913402 0.8660297 -0.4903855 0.09754323 0.8660265 -0.4903906 0.09754538 0 -0.9238776 0.3826882 0 -0.980786 0.1950873 -0.8660289 -0.4619351 0.1913376 -0.8660311 -0.490383 0.09754347 -0.8660265 0.490391 -0.09754431 -0.866026 0.4903919 -0.09754437 0 0.9807854 -0.1950895 0.866025 0.4619408 -0.1913408 0.8660257 0.4903925 -0.09754419 0.8660275 -0.4999965 -2.92013e-6 0.866025 -0.5000007 -6.57214e-7 0 -0.9807852 0.1950911 0 -1 -2.4022e-6 -0.8660294 -0.4903857 0.09754574 -0.8660307 -0.4999908 -2.73624e-6 -0.8660289 0.4999939 0 0 0.980785 -0.1950924 0 1 1.12007e-6 0.8660285 0.4999947 0 0.8660315 -0.4903818 -0.09754633 0.8660295 -0.490386 -0.09754389 0 -1 2.39743e-6 0 -0.9807851 -0.1950911 -0.8660296 -0.4999928 -4.30259e-7 -0.8660323 -0.4903804 -0.09754639 -0.8660275 0.4903894 0.09754383 -0.8660271 0.4903902 0.09754222 0 1 -1.12007e-6 0 0.980785 0.1950924 0.8660261 0.4903919 0.09754371 0.8660267 -0.4619384 -0.1913392 0.8660256 -0.4619408 -0.1913387 0 -0.980786 -0.1950867 0 -0.9238767 -0.3826902 -0.8660309 -0.4903833 -0.09754407 -0.866026 -0.4619401 -0.1913388 -0.8660276 0.4619363 0.19134 -0.8660284 0.4619349 0.1913403 0 0.9807854 0.1950895 0 0.9238784 0.3826862 0.8660247 0.4903944 0.09754204 0.8660247 0.4619421 0.1913394 0.8660287 -0.4157296 -0.2777833 0 -0.9238792 -0.3826846 0 -0.8314676 -0.5555733 -0.8660269 -0.4157334 -0.2777825 -0.8660278 -0.4157313 -0.277783 -0.8660287 0.4157301 0.2777823 0 0.9238801 0.3826823 0 0.8314658 0.555576 0.8660305 0.4157258 0.2777826 0.8660323 0.4157223 0.2777829 0.8660276 -0.3535511 -0.3535503 0.8660273 -0.3535533 -0.3535489 0 -0.8314712 -0.5555678 0 -0.7071042 -0.7071095 -0.8660293 -0.3535464 -0.3535511 -0.8660309 0.3535446 0.3535489 -0.8660285 0.3535513 0.3535479 0 0.8314694 0.5555706 0 0.707106 0.7071076 0.8660302 0.3535465 0.3535485 0.8660292 -0.2777778 -0.4157319 0.8660287 -0.2777819 -0.4157301 0 -0.5555703 -0.8314696 -0.866029 -0.3535485 -0.3535497 -0.8660291 -0.2777784 -0.4157318 -0.8660288 0.2777792 0.4157317 -0.8660271 0.2777851 0.4157316 0 0.5555713 0.8314689 0.8660294 0.353549 0.3535481 0.8660281 0.277782 0.4157314 0.8660283 -0.1913418 -0.4619343 0.866028 -0.1913454 -0.4619334 0 -0.5555738 -0.8314673 0 -0.3826828 -0.9238798 -0.8660288 -0.2777816 -0.4157301 -0.8660292 -0.1913374 -0.4619347 -0.8660259 0.1913401 0.4619398 -0.8660256 0.1913448 0.4619382 0 0.5555751 0.8314665 0 0.3826816 0.9238803 0.8660265 0.2777867 0.4157314 0.8660258 0.1913408 0.4619398 0.8660279 -0.09754264 -0.4903888 0 -0.3826857 -0.9238786 0 -0.1950867 -0.980786 -0.8660278 -0.09754389 -0.4903888 -0.866028 -0.09754431 -0.4903882 0 0.3826848 0.9238791 0 0.1950861 0.9807862 0.8660257 0.1913444 0.4619382 0.8660282 -0.09754341 -0.4903883 0.8660292 -6.36945e-7 -0.4999936 0 -0.1950908 -0.9807852 0 2.7835e-6 -1 -0.8660292 -9.02198e-7 -0.4999936 0 0.1950902 0.9807853 0 -2.61191e-6 1 0.8660277 0.09754413 -0.4903891 0.8660275 0.09754401 -0.4903893 0 -2.41649e-6 -1 0 0.1950954 -0.9807844 -0.8660277 0.09754413 -0.4903891 0 2.16864e-6 1 0 -0.195092 0.980785 0.8660286 0.1913393 -0.4619351 0.8660282 0.1913429 -0.4619342 0 0.1950892 -0.9807856 0 0.3826872 -0.923878 -0.8660275 0.09754455 -0.4903893 -0.8660285 0.1913391 -0.4619351 -0.8660267 -0.1913437 0.4619364 0 -0.1950869 0.980786 0 -0.3826874 0.9238779 0.8660263 -0.1913463 0.4619362 0.8660264 -0.1913426 0.4619378 0.86603 0.2777779 -0.4157302 0 0.3826807 -0.9238808 0 0.5555715 -0.8314688 -0.8660289 0.2777821 -0.4157297 -0.8660293 0.2777783 -0.4157314 -0.8660268 -0.1913394 0.461938 -0.8660277 -0.2777841 0.4157309 0 -0.3826815 0.9238803 0 -0.5555707 0.8314694 0.8660272 -0.2777859 0.4157306 0.8660284 -0.2777819 0.4157309 0.8660303 0.2777743 -0.415732 0.8660274 0.3535528 -0.3535493 0 0.5555668 -0.8314719 0 0.7071074 -0.7071062 -0.8660302 0.3535446 -0.3535505 -0.8660305 0.3535421 -0.3535524 -0.8660292 -0.2777788 0.4157313 -0.8660277 -0.3535553 0.3535463 0 -0.5555663 0.8314722 0.86603 -0.3535485 0.353547 0.8660309 -0.3535456 0.3535478 0.8660274 0.353551 -0.3535509 0.8660284 0.4157303 -0.2777827 0 0.7071042 -0.7071094 0 0.8314692 -0.555571 -0.8660287 0.4157297 -0.2777826 -0.8660296 0.4157276 -0.277783 -0.8660295 -0.3535494 0.3535473 -0.8660267 -0.4157339 0.2777824 0 -0.7071059 0.7071077 0 -0.8314722 0.5555665 0.8660322 -0.4157216 0.2777839 0.8660338 -0.4157176 0.2777849 0.8660243 0.4619429 -0.1913393 0.8660221 0.4619471 -0.1913389 0 0.8314667 -0.5555747 0 0.9238805 -0.3826811 -0.8660265 0.4619387 -0.1913396 -0.8660268 -0.4619383 0.1913391 -0.8660276 -0.461937 0.191339 0 -0.8314698 0.5555699 0 -0.9238803 0.3826817 0.8660276 -0.4619367 0.1913392 0.8660299 0.4903849 -0.09754467 0 0.9238787 -0.3826854 -0.86603 0.4903846 -0.09754467 -0.8660313 0.490382 -0.09754657 -0.8660266 -0.490391 0.09754276 0 -0.9807855 0.1950898 0.8660281 -0.4903883 0.097543 0.8660293 -0.490386 0.09754467 0.8660324 0.4903802 -0.09754675 0 0.9807851 -0.1950915 -0.8660293 0.4999933 5.50776e-7 -0.8660274 -0.4903896 0.09754431 0 -0.9807845 0.1950942 0.5000025 0 -0.866024 0.4999932 0 -0.8660293 -0.4999932 0 -0.8660294 -0.5000026 0 -0.866024 -0.5000028 0 -0.8660238 0.5000072 -0.6123622 0.6123768 0.4999993 -0.6123747 0.6123707 0.4999991 -0.612375 0.6123706 1 1.25174e-5 0 0.4999996 0.6123779 -0.6123673 0.5000041 0.6123664 -0.6123753 0.5000041 0.6123661 -0.6123754 -0.5000072 0.6123622 -0.612377 -0.4999988 0.6123778 -0.6123682 -0.5000073 0.6123619 -0.6123771 1.86712e-6 -0.7071036 -0.7071101 -1 -1.2485e-5 0 -1 9.25142e-6 0 -1 9.70148e-6 0 -0.4999995 -0.6123777 0.6123676 -0.5000066 -0.6123629 0.6123766 -0.4999994 -0.612378 0.6123675 -1.86706e-6 0.7071063 0.7071073 1.86708e-6 0.7071003 0.7071134 3.73416e-6 0.7071045 0.7071091 -3.73405e-6 0 -1 1.86701e-6 0 1 0.5000033 -0.61237 -0.6123723 0.5000015 -0.6123738 -0.6123699 0.5000015 -0.6123739 -0.6123698 1 1.25172e-5 0 1 -7.66666e-6 0 1 -8.08455e-6 0 0.5000035 0.6123699 0.6123722 0.5000044 0.6123667 0.6123747 0.5000044 0.6123666 0.6123747 -0.5000072 0.6123622 0.6123769 -0.499999 0.6123777 0.6123681 -0.4999988 0.612378 0.6123679 0 0.7071124 -0.7071012 1.86703e-6 0.7071045 -0.7071091 0 0.7071003 -0.7071133 -1 -1.24852e-5 0 -1 9.25132e-6 0 -0.4999995 -0.6123777 -0.6123676 -0.5000069 -0.6123628 -0.6123765 -0.500007 -0.6123625 -0.6123767 0 -0.7070993 0.7071143 0 -0.7070844 0.7071292 0 -0.7071068 0.7071068 0.5000028 -3.84382e-7 -0.8660238 0.5000028 0 -0.8660238 0.5000026 0 0.866024 -0.5000026 0 0.866024 -0.5000028 -2.61593e-7 -0.8660238 0.4999924 0.6123836 -0.6123675 1 1.28597e-7 0 1 6.33892e-6 0 1 6.46752e-6 0 0.4999946 -0.6123796 0.6123697 0.5000013 -0.6123647 0.6123793 0.4999945 -0.6123799 0.6123694 -0.5000025 -0.6123641 0.6123788 -0.4999982 -0.6123722 0.6123741 -0.4999981 -0.6123724 0.6123741 -5.60096e-6 0.7071068 0.7071068 -1 1.2501e-5 0 -1 -8.45876e-6 0 -1 -8.89278e-6 0 -0.4999986 0.6123719 -0.6123742 -0.5 0.6123677 -0.6123772 0 -0.7071068 -0.7071068 0 -0.7071068 -0.7071068 5.60096e-6 -0.7071096 -0.707104 1.867e-6 0 1 -1.86702e-6 0 -1 -7.46809e-6 0 -1 -1.86702e-6 0 -1 0.5000026 0.6123642 0.6123786 0.5000001 0.6123747 0.6123703 0.5000026 0.612364 0.6123788 1 -1.25493e-5 0 0.4999949 -0.6123799 -0.6123692 0.5000048 -0.6123664 -0.6123746 0.4999947 -0.6123802 -0.6123691 -0.5000073 -0.6123625 -0.6123765 -0.4999948 -0.6123795 -0.6123697 -0.4999945 -0.6123799 -0.6123695 0 -0.707112 0.7071017 0 -0.7071217 0.7070919 -1 0 0 -1 -3.96182e-6 0 -1 -4.04219e-6 0 -0.4999996 0.6123779 0.6123675 -0.5000025 0.6123647 0.6123782 -0.5000026 0.6123645 0.6123784 0 0.7071114 -0.7071021 0 0.7071077 -0.7071059 0 1 -2.17623e-6 0 0.9238802 -0.3826822 0 1 2.17623e-6 0 0.9238783 -0.3826865 0 0.7071099 -0.7071037 8.95038e-7 0.3826845 -0.9238792 2.81914e-6 -5.15034e-7 -1 4.60922e-6 -8.41484e-7 -1 8.95051e-7 -0.3826823 -0.9238801 0 -0.7071096 -0.7071039 0 -0.9238786 -0.382686 0 -0.9238799 -0.3826828 0 -1 -1.30574e-6 0 -1 1.30574e-6 0 -0.9238799 0.3826828 0 -0.9238786 0.382686 0 -0.7071096 0.7071039 0 -0.3826836 0.9238795 0 -2.61147e-6 1 0 1.90541e-6 1 0 0.3826834 0.9238796 0 0.7071099 0.7071037 0 0.9238783 0.3826865 0 0.9238802 0.3826822 0 1 4.65831e-7 0 0.9510559 -0.3090192 0 1 0 0 0.9510569 -0.3090158 0 0.8090158 -0.5877869 0 0.809019 -0.5877826 0 0.5877838 -0.8090181 0 0.5877888 -0.8090144 0 0.3090137 -0.9510577 0 0.3090196 -0.9510557 0 -0.3090185 -0.9510561 0 -0.3090145 -0.9510574 0 -0.5877881 -0.8090149 0 -0.5877848 -0.8090174 0 -0.8090186 -0.5877833 0 -0.8090155 -0.5877873 0 -0.9510574 -0.3090145 0 -0.9510553 -0.3090211 0 -1 4.88883e-6 0 -1 -4.15886e-6 0 -0.9510554 0.3090207 0 -0.9510574 0.3090142 0 -0.8090152 0.5877877 -2.90198e-7 -0.809019 0.5877826 -7.18898e-7 -0.5877835 0.8090184 -4.28689e-7 -0.587787 0.8090158 -5.80398e-7 -0.3090151 0.9510571 0 -0.3090179 0.9510563 -5.80406e-7 0.3090171 0.9510566 -4.28688e-7 0.5877876 0.8090155 -7.18897e-7 0.587783 0.8090187 -2.90203e-7 0.8090178 0.5877842 0 0.8090174 0.5877848 0 0.951057 0.3090157 0 0.9510559 0.309019 0 1 0 0 1 -4.40998e-7 -1 0 0 -1 -6.56012e-7 0 -1 -7.39146e-7 0 0 -0.8660256 -0.4999998 0 -0.8660264 -0.4999986 0 -0.8660267 -0.4999979 1 -2.45778e-6 0 1 9.79483e-7 0 1 -2.95659e-6 0 0 0.4999986 -0.8660262 0 0.4999986 -0.8660262 -1 0 0 -1 6.56011e-7 0 -1 7.39145e-7 0 0 0.8660245 -0.5000016 0 0.8660262 -0.4999988 0 0.8660269 -0.4999974 0 -0.8660265 0.4999982 0 -0.8660249 0.5000011 0 -0.5000042 -0.866023 0 -0.4999992 -0.866026 0 -0.5000045 -0.8660229 0 0.5000042 0.8660231 0.1279708 -0.9834877 0.1279668 -0.1279691 -0.9834882 -0.1279651 0.1279706 -0.983488 -0.127965 0.9834867 0.1279711 0.1279742 0.9834868 -0.1279706 -0.1279737 0.9834885 0.1279605 -0.1279715 -0.1279655 0.127964 0.9834888 0.1279645 -0.1279628 0.983489 0.1279636 0.1279642 0.9834889 -0.9834859 -0.1279709 0.1279807 -0.983486 0.1279704 -0.1279803 -0.9834864 -0.1279697 -0.1279782 -0.1279692 0.9834882 0.1279652 0.1279707 0.9834877 -0.1279668 -0.1279691 0.9834882 -0.1279655 -0.1216034 -0.4915624 -0.8623103 -0.4915682 -0.121594 -0.8623085 -0.1279671 -0.1279628 -0.9834887 -0.1216059 -0.8623099 -0.4915625 -0.4488468 -0.4488458 -0.7727056 -0.4915649 -0.8623093 -0.1216004 -0.862307 -0.4915686 -0.1216021 -0.4488509 -0.7727112 -0.448832 -0.8623052 -0.1215926 -0.4915739 -0.7727103 -0.4488383 -0.4488464 -0.1216067 -0.8623103 0.4915615 -0.4915609 -0.8623116 0.1216008 -0.127969 -0.9834884 0.1279634 -0.4488489 -0.4488449 0.772705 -0.4488526 -0.7727099 0.4488326 -0.4915657 -0.121594 0.8623098 -0.1216036 -0.4915648 0.8623089 -0.1279645 -0.1279649 0.9834887 -0.8623044 -0.1215927 0.4915755 -0.8623044 -0.491573 0.1216022 -0.7727115 -0.4488372 0.4488453 -0.4915657 0.1215937 -0.8623098 -0.121604 0.4915663 -0.862308 -0.1279661 0.1279642 -0.9834887 -0.8623045 0.1215925 -0.4915755 -0.4488469 0.4488453 -0.7727059 -0.8623045 0.4915731 -0.121602 -0.4488509 0.7727084 -0.4488372 -0.772712 0.4488391 -0.4488428 -0.121606 0.8623091 -0.491564 -0.4915606 0.8623116 -0.1216018 -0.1216042 0.4915651 0.8623086 -0.4915655 0.1215935 0.86231 -0.1216063 0.862309 0.491564 -0.4488492 0.4488443 0.7727051 -0.4915651 0.8623089 0.1216027 -0.8623069 0.4915688 0.1216019 -0.4488517 0.7727075 0.4488377 -0.8623045 0.1215927 0.4915751 -0.9834864 0.12797 0.1279781 -0.7727129 0.4488382 0.4488419 0.4915635 -0.1216046 -0.8623096 0.1216027 -0.4915629 -0.8623101 0.1279652 -0.1279647 -0.9834887 0.8623062 -0.1216056 -0.4915691 0.448849 -0.4488523 -0.7727006 0.8623052 -0.4915708 -0.1216067 0.4488525 -0.7727068 -0.4488381 0.7727047 -0.4488492 -0.4488449 0.1216049 -0.8623092 -0.4915641 0.4915633 -0.8623099 -0.1216028 0.1216033 -0.4915605 0.8623115 0.4915636 -0.1216048 0.8623095 0.1216058 -0.8623082 0.4915655 0.4488518 -0.4488518 0.7726992 0.4915623 -0.8623105 0.1216027 0.8623081 -0.4915655 0.1216069 0.4488546 -0.7727059 0.4488375 0.8623062 -0.1216074 0.4915687 0.9834883 -0.1279609 0.1279714 0.7727044 -0.4488514 0.4488435 0.1216022 0.4915598 -0.862312 0.4915646 0.1216046 -0.8623089 0.1279661 0.1279639 -0.9834887 0.1216049 0.8623076 -0.4915667 0.4488485 0.4488516 -0.7727013 0.491562 0.8623106 -0.1216031 0.8623082 0.4915655 -0.1216056 0.4488535 0.7727069 -0.4488369 0.8623067 0.1216071 -0.4915678 0.7727047 0.4488533 -0.4488411 0.4915623 0.1216049 0.8623101 0.1216028 0.4915608 0.8623113 0.8623061 0.1216056 0.4915695 0.4488511 0.4488511 0.7727002 0.8623052 0.4915708 0.1216055 0.4488548 0.7727077 0.4488345 0.7727074 0.4488492 0.4488405 0.1216052 0.8623079 0.4915661 0.4915634 0.8623099 0.121602 0.1279707 0.9834877 0.1279672 0.1279687 -0.9834876 0.1279697 -0.127973 -0.9834869 -0.1279705 0.1279706 -0.9834877 -0.1279672 0.9834879 0.1279656 0.1279699 0.9834878 -0.1279664 -0.1279708 0.9834867 0.1279758 -0.1279698 -0.1279706 0.1279652 0.983488 0.1279689 -0.1279643 0.9834882 0.1279585 0.1279641 0.9834897 -0.9834893 -0.1279623 0.1279631 -0.983489 0.127963 -0.1279639 -0.9834867 -0.1279819 -0.1279631 -0.127973 0.9834869 0.1279705 0.1279687 0.9834876 -0.1279697 -0.1279724 0.9834873 -0.127968 -0.121604 -0.4915612 -0.8623108 -0.4915674 -0.1215956 -0.8623085 -0.1279703 -0.1279652 -0.983488 -0.4488583 -0.7726972 -0.4488489 -0.448854 -0.4488351 -0.7727077 -0.4915685 -0.8623075 -0.1215988 -0.1216043 -0.8623082 -0.4915659 -0.8623049 -0.4915728 -0.1216002 -0.8623098 -0.1216129 -0.4915609 -0.7727131 -0.4488363 -0.4488435 -0.1216046 -0.8623097 0.4915633 -0.4915569 -0.8623142 0.1215978 -0.1279724 -0.9834873 0.127968 -0.1216029 -0.4915632 0.8623099 -0.448856 -0.7726986 0.4488487 -0.4915601 -0.1215957 0.8623127 -0.1279603 -0.1279651 0.9834893 -0.8623089 -0.121613 0.4915626 -0.4488484 -0.4488366 0.7727101 -0.862309 -0.4915656 0.1216005 -0.7727116 -0.4488359 0.4488465 -0.4915663 0.1215953 -0.8623092 -0.1216049 0.4915632 -0.8623096 -0.1279721 0.127965 -0.9834878 -0.8623077 0.1216131 -0.4915645 -0.4488544 0.448835 -0.7727077 -0.8623082 0.4915668 -0.1216011 -0.4488574 0.7726984 -0.4488478 -0.772713 0.4488367 -0.4488433 -0.1216038 0.8623097 -0.4915634 -0.4915575 0.862314 -0.1215977 -0.1216037 0.4915613 0.8623108 -0.4915651 0.1215955 0.8623099 -0.4488569 0.7726975 0.4488497 -0.4488475 0.4488369 0.7727104 -0.491568 0.8623078 0.1215989 -0.1216052 0.8623082 0.4915658 -0.8623057 0.4915716 0.1215995 -0.8623085 0.121613 0.4915634 -0.9834871 0.1279811 0.1279612 -0.7727116 0.4488357 0.4488468 0.4915637 -0.1216036 -0.8623095 0.1216031 -0.4915629 -0.8623101 0.1279703 -0.1279641 -0.9834882 0.8623062 -0.1216072 -0.4915687 0.4488504 -0.4488404 -0.7727068 0.8623071 -0.4915683 -0.1216017 0.4488462 -0.7727067 -0.4488447 0.7727064 -0.4488486 -0.4488428 0.1216025 -0.8623095 -0.4915639 0.4915636 -0.8623103 -0.1215989 0.1216018 -0.4915611 0.8623113 0.4915625 -0.1216037 0.8623102 0.4488452 -0.7727064 0.4488461 0.4488437 -0.4488424 0.7727096 0.4915656 -0.8623091 0.1215996 0.1216036 -0.8623082 0.491566 0.8623052 -0.4915721 0.1216005 0.8623066 -0.1216084 0.4915676 0.983487 -0.127975 0.1279678 0.7727038 -0.4488502 0.4488459 0.1216021 0.491561 -0.8623113 0.4915648 0.1216039 -0.8623088 0.1279686 0.1279643 -0.9834883 0.4488465 0.7727062 -0.4488452 0.44885 0.4488406 -0.7727069 0.4915661 0.8623089 -0.1215995 0.1216027 0.8623083 -0.4915662 0.8623045 0.4915733 -0.1216011 0.8623081 0.1216083 -0.4915651 0.7727052 0.4488508 -0.4488425 0.4915574 0.1216041 0.862313 0.121601 0.4915629 0.8623104 0.8623073 0.121607 0.4915668 0.4488444 0.4488421 0.7727092 0.862308 0.4915671 0.121601 0.4488449 0.772707 0.4488456 0.7727049 0.4488478 0.4488461 0.1216034 0.8623095 0.4915638 0.4915631 0.8623105 0.121599 0.1279706 0.9834877 0.1279672 0.1279696 -0.9834876 0.1279689 -0.1279718 -0.983487 -0.1279708 0.1279722 -0.9834871 -0.1279696 0.9834859 0.127977 0.1279748 0.9834859 -0.1279773 -0.1279749 0.9834873 0.1279687 -0.1279727 -0.1279705 0.1279674 0.9834877 0.1279705 -0.1279685 0.9834875 0.1279671 0.127969 0.9834879 -0.9834864 -0.1279726 0.1279748 -0.9834864 0.1279729 -0.1279748 -0.9834867 -0.1279729 -0.1279728 -0.1279717 0.983487 0.1279708 0.1279697 0.9834876 -0.1279689 -0.1279743 0.9834866 -0.1279717 -0.121604 -0.491568 -0.862307 -0.4915696 -0.1216049 -0.8623059 -0.1279698 -0.1279684 -0.9834876 -0.4488468 -0.7727051 -0.4488471 -0.4488459 -0.4488475 -0.7727052 -0.4915645 -0.8623092 -0.121603 -0.1216028 -0.8623079 -0.4915668 -0.8623027 -0.4915755 -0.1216053 -0.8623093 -0.121604 -0.491564 -0.7727046 -0.4488432 -0.4488512 -0.121603 -0.8623087 0.4915652 -0.4915723 -0.8623045 0.1216045 -0.1279743 -0.9834866 0.1279717 -0.1216037 -0.4915692 0.8623064 -0.448843 -0.7727066 0.4488481 -0.4915666 -0.1216047 0.8623077 -0.1279671 -0.1279679 0.983488 -0.7727056 -0.4488467 0.4488459 -0.4488458 -0.4488471 0.7727055 -0.8623078 -0.4915664 0.1216055 -0.8623079 -0.1216037 0.4915668 -0.4915686 0.1216055 -0.8623065 -0.1216044 0.4915731 -0.8623042 -0.1279674 0.1279689 -0.9834879 -0.7727055 0.4488465 -0.4488464 -0.4488487 0.4488489 -0.7727028 -0.8623079 0.4915662 -0.1216055 -0.8623082 0.1216037 -0.491566 -0.4915723 0.8623043 -0.1216061 -0.1216029 0.8623101 -0.491563 -0.4488412 0.7727053 -0.448852 -0.1216037 0.4915646 0.862309 -0.4915712 0.1216052 0.8623051 -0.4488466 0.7727048 0.4488475 -0.448848 0.4488484 0.7727035 -0.4915639 0.862309 0.1216068 -0.121603 0.8623065 0.4915692 -0.8623025 0.4915755 0.1216063 -0.8623094 0.121604 0.4915637 -0.9834868 0.1279727 0.1279724 -0.7727065 0.4488445 0.4488468 0.4915673 -0.1216052 -0.8623073 0.1216034 -0.4915705 -0.8623058 0.1279674 -0.127968 -0.983488 0.7727013 -0.4488558 -0.4488443 0.4488456 -0.4488471 -0.7727056 0.8623051 -0.4915709 -0.1216055 0.8623075 -0.1216087 -0.491566 0.491573 -0.8623039 -0.1216052 0.1216031 -0.8623094 -0.491564 0.4488408 -0.7727076 -0.4488484 0.1216034 -0.4915693 0.8623064 0.4915703 -0.1216053 0.8623055 0.4488496 -0.7727024 0.4488489 0.4488459 -0.4488475 0.7727053 0.4915624 -0.8623104 0.1216029 0.1216028 -0.8623088 0.4915654 0.8623024 -0.4915758 0.121605 0.8623087 -0.1216095 0.4915637 0.9834873 -0.1279684 0.1279724 0.7727028 -0.4488478 0.4488499 0.1216037 0.4915659 -0.8623083 0.4915704 0.1216056 -0.8623055 0.1279698 0.1279674 -0.9834877 0.4488495 0.7727021 -0.4488494 0.4488481 0.4488484 -0.7727034 0.4915621 0.8623101 -0.1216065 0.1216029 0.8623074 -0.4915679 0.8623025 0.4915755 -0.1216059 0.8623086 0.1216095 -0.4915639 0.7727047 0.4488487 -0.4488454 0.4915679 0.121606 0.8623069 0.121604 0.4915744 0.8623034 0.7727013 0.4488554 0.4488446 0.4488489 0.4488489 0.7727026 0.862305 0.4915711 0.1216055 0.8623071 0.1216087 0.4915665 0.4915729 0.8623039 0.1216068 0.121603 0.8623108 0.4915617 0.1279722 0.9834871 0.1279697 0.4488403 0.7727058 0.4488521 0.8586557 -0.130189 -0.4957432 0.8400369 -0.4936317 -0.2250907 0.7531701 -0.4936181 -0.4348286 0.7531597 -0.4936345 0.4348284 0.3627707 -0.8583664 0.3627735 0.444302 -0.8583683 0.2565143 -0.2566171 -0.1301841 0.9577056 -6.53585e-7 0.1301869 0.9914895 -0.2566138 0.1301832 0.9577065 0.4955474 -0.8583711 -0.1327856 0.4443047 -0.8583682 -0.2565099 0.7010894 -0.1301754 0.7010907 0.8586546 -0.1302004 0.495742 0.4957464 -0.1301898 0.8586537 0.7010911 0.1301788 0.7010884 0.4957451 0.1301929 0.858654 0.8400434 0.4936223 -0.2250868 0.4443022 0.8583694 -0.2565104 0.4955505 0.85837 -0.1327818 0.3627693 0.8583651 0.362778 0.1212835 0.9901449 0.07002544 0.09902346 0.9901455 0.09902697 0.8586546 0.1301885 0.4957451 0.8586536 0.1301999 -0.495744 0.957706 0.1301852 -0.2566143 0.753168 0.4936167 0.434834 0.6149562 0.493614 0.6149587 0.9577042 0.1301975 0.2566152 0.1400516 -0.9901443 -3.96381e-7 0.1352739 -0.990145 -0.03624671 0.9577055 -0.130185 0.2566167 0.9914904 0.1301803 5.41406e-7 0.5130234 -0.8583747 -7.48597e-7 0.07002776 -0.9901441 0.121288 0.09902727 -0.9901463 0.09901493 0.9914904 -0.1301803 4.90192e-7 0.9577035 -0.1301972 -0.2566179 0.4348424 -0.4936208 0.7531605 0.6149519 -0.4936162 0.6149613 0.1400491 0.9901446 -7.92983e-7 0.5130234 0.8583747 1.66134e-6 0.7010926 0.1301764 -0.7010873 0.8696773 0.4936209 2.30517e-6 0.07001829 0.9901465 0.1212741 0.2565205 0.8583644 0.444306 0.7010909 -0.1301789 -0.7010885 0.4957458 0.1301895 -0.858654 0.4348422 0.4936149 0.7531645 0.4957438 -0.1301919 -0.858655 0.2566184 0.1301898 -0.9577044 0.4955508 -0.8583703 0.1327781 0.256615 -0.1301912 -0.9577051 5.87739e-7 0.1301869 -0.9914895 0.8696773 -0.4936209 -2.39551e-7 0.2565224 -0.8583661 0.4443017 0.03624707 -0.9901444 0.1352784 -6.53585e-7 -0.1301869 -0.9914895 -0.2566175 0.1301847 -0.9577053 0.2250894 -0.4936236 0.8400421 -0.2566165 -0.130186 -0.9577054 -0.4957445 0.1301945 -0.8586542 0.4955475 0.8583712 0.1327842 0.1352749 0.9901447 0.03625249 -0.4957445 -0.1301969 -0.8586537 -0.70109 0.1301932 -0.7010868 0.8400378 0.4936318 0.2250869 0.03624439 0.9901453 0.1352731 0.1327821 0.858366 0.4955571 -0.858654 -0.1302009 -0.495743 -0.8586542 0.1301907 -0.4957455 0.2250867 0.4936167 0.8400468 -0.957705 0.1301919 -0.2566149 0.1352739 -0.990145 0.03624773 0.2566125 0.1301884 0.9577062 -0.9577054 -0.1301841 -0.2566173 -0.9914906 0.1301789 -1.3901e-6 0.8400434 -0.4936229 0.2250857 0.1327825 -0.8583658 0.4955574 0 -0.9901445 0.1400494 -0.9914906 -0.1301789 2.6802e-6 -0.9577061 0.1301844 0.2566146 0 -0.4936175 0.8696792 -0.9577044 -0.1301916 0.2566174 -0.8586531 0.1302004 0.4957447 0.4443044 0.8583685 0.2565101 0.2566177 -0.1301893 0.9577046 -0.7010871 -0.1301922 0.7010899 -0.7010893 0.1301969 0.7010866 0 0.9901468 0.1400336 0 0.8583813 0.5130122 -0.4957453 0.1301978 0.8586531 0 0.4936196 0.8696781 -0.4957451 -0.1301949 0.8586537 0.1352799 0.9901441 -0.03624898 0.1212855 -0.9901442 0.07003164 -0.1400499 -0.9901444 1.30972e-7 0.07001996 -0.9901461 -0.1212764 5.853e-7 -0.1301833 0.99149 0.1212852 -0.9901443 -0.07002961 0.7531588 0.4936344 -0.4348298 0.3627693 0.8583647 -0.362779 0.1212835 0.9901449 -0.07002544 0.6149587 -0.4936168 -0.6149538 0.3627707 -0.8583667 -0.3627725 0.09902012 -0.9901471 -0.09901517 0.4348396 0.4936161 -0.7531653 0.614953 0.4936146 -0.6149613 0.07002443 0.990145 -0.1212829 0.09902781 0.9901449 -0.09902882 0.4348428 -0.4936183 -0.7531619 0.2565215 -0.8583669 -0.4443008 0.2250902 0.4936217 -0.8400429 0.2565215 0.8583636 -0.444307 0.03624755 0.9901438 -0.1352828 0.2250888 -0.4936214 -0.8400435 0.1327813 -0.8583676 -0.4955546 0.03624391 -0.9901458 -0.1352688 0 0.4936271 -0.8696737 0.1327832 0.8583641 -0.49556 0 0.9901446 -0.140049 0 -0.4936133 -0.8696816 0 -0.8583757 -0.5130216 0 -0.9901474 -0.1400295 -0.1327837 0.8583636 -0.4955607 0 0.8583803 -0.5130138 -0.2250899 -0.4936155 -0.8400467 -0.1327821 -0.8583669 -0.4955555 -0.03624427 -0.9901458 -0.1352692 -0.2250913 0.4936158 -0.8400461 -0.256518 0.8583675 -0.4443018 -0.03624689 0.990144 -0.135281 -0.4348399 -0.4936273 -0.7531577 -0.2565179 -0.8583705 -0.4442957 -0.0700193 -0.9901462 -0.1212763 -0.4348366 0.493625 -0.753161 -0.362775 0.8583599 -0.3627844 -0.07002288 0.9901455 -0.12128 -0.7010891 -0.130197 -0.7010869 -0.6149542 -0.4936269 -0.6149502 -0.3627765 -0.8583621 -0.3627781 -0.09902012 -0.9901471 -0.09901511 -0.7531617 0.4936282 -0.434832 -0.6149485 0.4936247 -0.6149578 -0.1212832 0.9901449 -0.07002586 -0.09903109 0.9901447 -0.09902685 -0.7531617 -0.4936341 -0.4348252 -0.4443049 -0.858368 -0.2565104 -0.1212852 -0.9901441 -0.07003211 -0.8400387 0.4936302 -0.2250871 -0.4443017 0.8583697 -0.2565107 -0.1352764 0.9901445 -0.03625309 -0.8400449 -0.4936169 -0.2250936 -0.4955547 -0.8583665 -0.1327885 -0.1352754 -0.9901448 -0.03624832 -0.8696849 0.4936073 1.53378e-6 -0.4955524 0.8583683 -0.1327846 -0.1400491 0.9901446 7.929e-7 -0.8696851 -0.4936072 5.26317e-7 -0.5130409 -0.8583642 -6.36684e-7 -0.8400458 0.4936171 0.2250899 -0.5130408 0.8583642 1.54694e-6 -0.4955548 0.8583666 0.1327871 -0.8400387 -0.493631 0.2250861 -0.4955527 -0.8583686 0.1327809 -0.1352754 -0.9901449 0.03624737 -0.7531595 0.4936326 0.4348306 -0.4443045 0.8583682 0.2565107 -0.1352773 0.9901444 0.03624832 -0.8586553 -0.1301912 0.4957435 -0.7531625 -0.4936283 0.4348306 -0.4443016 -0.8583686 0.2565146 -0.1212849 -0.9901443 0.07003062 -0.362775 0.8583604 0.3627835 -0.1212849 0.9901446 0.07002687 -0.6149474 -0.4936262 0.6149577 -0.3627764 -0.8583617 0.362779 -0.09902721 -0.9901463 0.09901493 -0.4348393 0.4936239 0.7531604 -0.6149516 0.4936242 0.6149551 -0.07001775 0.9901466 0.1212734 -0.09902077 0.9901461 0.09902381 -0.4348394 -0.4936298 0.7531564 -0.2565189 -0.8583698 0.4442965 -0.07002508 -0.9901453 0.121281 -0.225088 0.4936107 0.84005 -0.2565169 0.8583681 0.444301 -0.03624457 0.9901452 0.1352736 -0.2250905 -0.4936177 0.8400453 -0.1327829 -0.8583652 0.4955581 -0.03624665 -0.9901446 0.135277 -0.1327827 0.8583652 0.4955581 0 -0.8583747 0.5130232 2.16061e-6 0 1 0.4999986 0 0.8660262 -2.16061e-6 0 1 0.5000024 0 0.866024 0.866024 0 0.5000026 0.8660262 0 0.4999986 1 0 2.15079e-6 1 0 -2.17043e-6 0.8660261 0 -0.4999988 0.8660239 0 -0.5000026 0.5000024 0 -0.866024 0.4999983 0 -0.8660264 2.16061e-6 0 -1 -2.16061e-6 0 -1 -0.4999983 0 -0.8660264 -0.5000024 0 -0.866024 -0.8660239 0 -0.5000026 -0.8660261 0 -0.4999988 -1 0 -2.17043e-6 -1 0 2.15079e-6 -0.8660262 0 0.4999986 -0.866024 0 0.5000026 -0.5000024 0 0.866024 -0.4999986 0 0.8660262 0.9834859 0.127977 0.1279749 0.9834859 -0.1279773 -0.1279749 0.9834873 0.1279687 -0.1279727 -0.1279705 0.1279684 0.9834875 0.1279705 -0.1279674 0.9834877 0.1279671 0.127968 0.9834881 -0.9834864 -0.1279726 0.1279748 -0.9834864 0.1279729 -0.1279749 -0.9834867 -0.1279729 -0.1279727 -0.121604 -0.4915646 -0.862309 -0.4915704 -0.1216052 -0.8623055 -0.1279698 -0.1279674 -0.9834877 -0.4488466 -0.7727048 -0.4488476 -0.4488481 -0.4488484 -0.7727034 -0.491564 -0.8623089 -0.1216067 -0.121603 -0.8623065 -0.4915692 -0.8623026 -0.4915753 -0.1216063 -0.8623093 -0.121604 -0.491564 -0.7727066 -0.4488443 -0.4488468 -0.1216029 -0.8623101 0.4915631 -0.4915722 -0.8623044 0.1216061 -0.1216043 -0.4915731 0.862304 -0.4488419 -0.7727051 0.4488519 -0.491568 -0.1216055 0.8623069 -0.1279671 -0.1279689 0.983488 -0.7727057 -0.4488464 0.4488463 -0.4488489 -0.4488489 0.7727026 -0.8623078 -0.1216037 0.4915667 -0.4915673 0.1216047 -0.8623073 -0.1216037 0.4915692 -0.8623064 -0.1279674 0.1279679 -0.983488 -0.7727056 0.4488469 -0.448846 -0.4488456 0.4488471 -0.7727056 -0.8623082 0.1216037 -0.4915661 -0.4915724 0.8623045 -0.1216045 -0.121603 0.8623087 -0.4915652 -0.4488424 0.7727068 -0.4488482 -0.1216037 0.491568 0.8623071 -0.4915704 0.1216049 0.8623057 -0.4488468 0.772705 0.448847 -0.4488459 0.4488475 0.7727053 -0.4915643 0.8623092 0.1216031 -0.1216029 0.8623079 0.4915668 -0.8623026 0.4915755 0.1216053 -0.8623094 0.121604 0.4915638 -0.9834867 0.1279727 0.1279724 -0.7727046 0.4488433 0.4488512 0.4915686 -0.1216059 -0.8623065 0.1216041 -0.4915744 -0.8623034 0.1279674 -0.127969 -0.9834879 0.7727013 -0.4488555 -0.4488448 0.4488487 -0.4488489 -0.7727028 0.8623076 -0.1216088 -0.491566 0.491573 -0.8623039 -0.1216068 0.121603 -0.8623108 -0.4915617 0.4488397 -0.772706 -0.4488523 0.1216034 -0.491566 0.8623083 0.4915711 -0.1216056 0.8623051 0.4488494 -0.772702 0.4488493 0.448848 -0.4488484 0.7727035 0.491562 -0.8623101 0.1216066 0.121603 -0.8623074 0.4915679 0.8623024 -0.4915756 0.1216059 0.9834873 -0.1279684 0.1279723 0.7727047 -0.448849 0.4488455 0.1216037 0.4915692 -0.8623064 0.4915696 0.1216053 -0.8623059 0.1279698 0.1279685 -0.9834877 0.4488496 0.7727022 -0.4488489 0.4488459 0.4488475 -0.7727052 0.4915626 0.8623104 -0.1216029 0.1216028 0.8623088 -0.4915654 0.8623026 0.4915757 -0.121605 0.8623086 0.1216095 -0.4915639 0.7727028 0.4488477 -0.4488499 0.4915666 0.1216052 0.8623077 0.1216034 0.4915705 0.8623057 0.7727014 0.4488557 0.4488442 0.4488458 0.4488471 0.7727055 0.8623072 0.1216087 0.4915667 0.491573 0.8623041 0.1216052 0.1216031 0.8623094 0.491564 0.4488414 0.7727074 0.4488483 0.8586547 -0.1301886 -0.4957452 0.8400378 -0.4936318 -0.2250869 0.7531679 -0.4936168 -0.4348341 0.7531588 -0.4936344 0.4348299 0.3627693 -0.8583647 0.362779 0.4443024 -0.8583694 0.2565104 -0.2566176 -0.1301847 0.9577053 -6.56024e-7 0.1301869 0.9914895 -0.2566164 0.130186 0.9577054 0.4955474 -0.8583712 -0.1327842 0.4443043 -0.8583684 -0.2565101 0.7010926 -0.1301764 0.7010873 0.8586535 -0.1302 0.4957441 0.4957455 -0.1301895 0.8586542 0.7010909 0.1301789 0.7010884 0.4957439 0.1301919 0.8586549 0.8400435 0.4936228 -0.2250857 0.4443019 0.8583685 -0.2565143 0.4955509 0.8583702 -0.1327781 0.3627707 0.8583667 0.3627726 0.1212852 0.9901443 0.07003057 0.0990225 0.9901458 0.09902554 0.8586557 0.130189 0.4957431 0.8586547 0.1302003 -0.4957419 0.9577054 0.130185 -0.2566167 0.7531703 0.4936181 0.4348286 0.6149586 0.4936169 0.6149539 0.9577035 0.1301972 0.256618 0.1400523 -0.9901441 0 0.1352739 -0.9901452 -0.03624397 0.957706 -0.1301852 0.2566143 0.9914904 0.1301803 -4.87753e-7 0.5130234 -0.8583746 -1.64144e-6 0.07002556 -0.9901446 0.1212852 0.09902709 -0.9901447 0.09903085 0.9914904 -0.1301803 -5.43845e-7 0.9577043 -0.1301975 -0.2566151 0.4348396 -0.4936161 0.7531653 0.6149531 -0.4936147 0.6149613 0.1400471 0.9901449 0 0.5130233 0.8583747 7.66006e-7 0.7010893 0.1301754 -0.7010908 0.8696773 0.4936209 2.57809e-7 0.07001835 0.9901475 0.1212662 0.2565215 0.8583668 0.4443008 0.7010911 -0.1301788 -0.7010883 0.4957467 0.1301898 -0.8586536 0.4348428 0.4936183 0.753162 0.495745 -0.1301929 -0.858654 0.2566179 0.1301893 -0.9577046 0.4955502 -0.8583699 0.1327819 0.2566125 -0.1301884 -0.9577062 5.853e-7 0.1301833 -0.99149 0.8696773 -0.4936209 -2.28423e-6 0.2565215 -0.8583637 0.444307 0.03624695 -0.990143 0.1352893 -0.256617 0.1301841 -0.9577055 0.2250902 -0.4936217 0.8400429 -0.256614 -0.1301832 -0.9577065 -0.495745 0.1301949 -0.8586537 0.4955475 0.858371 0.1327856 0.1352748 0.9901449 0.03624796 -0.4957455 -0.1301978 -0.858653 -0.7010869 0.1301923 -0.70109 0.8400369 0.4936316 0.2250907 0.03624445 0.9901456 0.1352704 0.1327813 0.8583676 0.4955546 -0.8586531 -0.1302005 -0.4957448 -0.8586553 0.1301911 -0.4957432 0.2250887 0.4936214 0.8400435 -0.9577044 0.1301916 -0.2566174 0.1352739 -0.9901452 0.03624296 0.2566151 0.1301912 0.9577051 -0.9577061 -0.1301844 -0.2566146 -0.9914906 0.1301789 -2.67777e-6 0.8400434 -0.4936224 0.2250869 0.1327832 -0.8583642 0.4955601 0 -0.9901444 0.1400502 -0.9914906 -0.1301789 1.39254e-6 -0.9577054 0.1301842 0.2566173 0 -0.4936271 0.8696737 -0.957705 -0.1301919 0.256615 -0.8586541 0.1302009 0.4957429 0.4443048 0.8583682 0.2565099 0.2566183 -0.1301898 0.9577044 -0.7010901 -0.1301932 0.7010866 -0.7010889 0.130197 0.7010871 0 0.8583757 0.5130216 -0.4957443 0.1301969 0.8586539 0 0.4936134 0.8696815 -0.4957445 -0.1301944 0.858654 0.1352813 0.990144 -0.03625011 0.1212856 -0.9901445 0.07002681 -0.1400514 -0.9901443 1.53292e-7 5.853e-7 -0.1301869 0.9914895 0.1212856 -0.9901445 -0.07002735 0.7531597 0.4936345 -0.4348283 0.3627707 0.8583663 -0.3627735 0.1212833 0.990144 -0.07003688 0.6149563 -0.493614 -0.6149586 0.3627693 -0.8583651 -0.362778 0.09901994 -0.9901454 -0.09903109 0.4348424 0.4936208 -0.7531605 0.6149519 0.4936162 -0.6149613 0.07002443 0.990145 -0.1212825 0.09902787 0.9901454 -0.09902399 0.4348421 -0.493615 -0.7531645 0.2565205 -0.8583645 -0.4443061 0.07002002 -0.9901459 -0.1212781 0.2250893 0.4936236 -0.8400421 0.2565225 0.8583661 -0.4443017 0.03624796 0.990144 -0.1352819 0.2250868 -0.4936166 -0.8400468 0.1327821 -0.858366 -0.4955571 0.03624433 -0.9901444 -0.1352788 0 0.4936175 -0.8696792 0.1327825 0.8583658 -0.4955574 0 0.9901449 -0.140047 0 -0.4936195 -0.869678 0 -0.8583814 -0.5130122 0 -0.9901466 -0.140035 -0.1327829 0.8583652 -0.4955581 0 0.8583747 -0.5130232 -0.225088 -0.4936107 -0.8400499 -0.1327828 -0.8583652 -0.4955581 -0.03624367 -0.9901445 -0.1352787 -0.2250905 0.4936177 -0.8400453 -0.2565189 0.8583698 -0.4442965 -0.03624695 0.9901445 -0.135278 -0.4348391 -0.4936239 -0.7531604 -0.2565169 -0.8583681 -0.444301 -0.07002002 -0.990146 -0.1212778 -0.4348394 0.4936297 -0.7531563 -0.3627765 0.8583616 -0.362779 -0.07002395 0.9901458 -0.1212767 -0.7010895 -0.1301969 -0.7010866 -0.6149518 -0.4936241 -0.614955 -0.362775 -0.8583604 -0.3627834 -0.09901994 -0.9901454 -0.09903103 -0.7531625 0.4936283 -0.4348305 -0.6149474 0.4936262 -0.6149577 -0.1212831 0.9901443 -0.07003331 -0.09903007 0.990145 -0.09902536 -0.7531595 -0.4936327 -0.4348307 -0.4443045 -0.8583681 -0.2565107 -0.1212853 -0.9901446 -0.07002729 -0.8400387 0.4936308 -0.225086 -0.4443013 0.8583686 -0.2565146 -0.1352764 0.9901446 -0.0362488 -0.8400457 -0.4936171 -0.2250899 -0.4955547 -0.8583666 -0.1327871 -0.1352754 -0.9901449 -0.03624355 -0.8696849 0.4936072 -5.08532e-7 -0.4955528 0.8583686 -0.1327808 -0.1400491 0.9901446 0 -0.8696849 -0.4936073 -1.51348e-6 -0.5130409 -0.8583643 -1.52705e-6 -0.8400448 0.4936168 0.2250936 -0.5130408 0.8583642 6.54093e-7 -0.4955547 0.8583664 0.1327885 -0.8400387 -0.4936304 0.2250871 -0.4955523 -0.8583683 0.1327846 -0.1352754 -0.9901449 0.03624457 -0.7531619 0.4936341 0.4348251 -0.4443049 0.858368 0.2565104 -0.1352773 0.9901445 0.03624886 -0.8586539 -0.1301907 0.4957457 -0.7531616 -0.4936281 0.4348321 -0.4443019 -0.8583695 0.2565106 -0.1212853 -0.9901445 0.07002776 -0.3627765 0.8583621 0.362778 -0.1212849 0.9901444 0.07003033 -0.6149485 -0.4936247 0.6149577 -0.362775 -0.85836 0.3627845 -0.09902709 -0.9901447 0.09903085 -0.4348399 0.4936271 0.7531577 -0.6149541 0.493627 0.6149503 -0.07001781 0.9901476 0.1212655 -0.09902077 0.9901462 0.09902346 -0.4348366 -0.493625 0.753161 -0.2565179 -0.8583673 0.4443019 -0.07002484 -0.9901448 0.121284 -0.2250899 0.4936155 0.8400467 -0.256518 0.8583705 0.4442957 -0.03624463 0.9901456 0.1352705 -0.2250913 -0.4936158 0.8400461 -0.1327837 -0.8583638 0.4955607 -0.03624653 -0.9901431 0.1352879 -0.1327821 0.8583669 0.4955555 0 -0.8583803 0.5130138 0 -1 -6.07118e-6 0 -1 5.46349e-6 0 -1 -2.59055e-6 0.1279717 -0.983487 0.1279708 -0.1279697 -0.9834876 -0.1279689 0.1279743 -0.9834866 -0.1279717 0.9834864 0.1279726 0.1279748 0.9834864 -0.1279729 -0.1279749 0.9834867 0.1279729 -0.1279727 -0.1279705 0.1279674 0.9834877 0.1279705 -0.1279684 0.9834875 0.1279671 0.1279689 0.983488 -0.9834859 -0.127977 0.1279749 -0.9834859 0.1279773 -0.1279749 -0.9834873 -0.1279687 -0.1279727 -0.1279696 0.9834876 0.1279689 0.1279718 0.983487 -0.1279708 -0.1279722 0.9834871 -0.1279696 -0.1216037 -0.4915692 -0.8623064 -0.4915696 -0.1216053 -0.8623059 -0.1279698 -0.1279685 -0.9834877 -0.4488496 -0.7727022 -0.4488489 -0.4915626 -0.8623104 -0.1216029 -0.1216028 -0.8623088 -0.4915654 -0.8623026 -0.4915757 -0.121605 -0.8623086 -0.1216095 -0.4915639 -0.7727028 -0.4488477 -0.4488499 -0.1216031 -0.8623094 0.491564 -0.491573 -0.862304 0.1216052 -0.1279722 -0.9834871 0.1279697 -0.1216034 -0.4915705 0.8623057 -0.4488414 -0.7727074 0.4488483 -0.4915666 -0.1216052 0.8623077 -0.1279671 -0.127968 0.9834881 -0.7727014 -0.4488557 0.4488442 -0.862305 -0.4915711 0.1216055 -0.8623072 -0.1216087 0.4915667 -0.4915686 0.1216059 -0.8623065 -0.1216041 0.4915744 -0.8623034 -0.1279674 0.127969 -0.9834879 -0.7727013 0.4488555 -0.4488448 -0.8623051 0.4915709 -0.1216055 -0.8623076 0.1216088 -0.491566 -0.491573 0.8623039 -0.1216068 -0.121603 0.8623108 -0.4915617 -0.4488397 0.772706 -0.4488523 -0.1216034 0.491566 0.8623083 -0.4915711 0.1216056 0.8623051 -0.4488494 0.772702 0.4488493 -0.491562 0.8623101 0.1216066 -0.121603 0.8623074 0.4915679 -0.8623024 0.4915756 0.1216059 -0.8623087 0.1216095 0.4915637 -0.9834873 0.1279684 0.1279723 -0.7727047 0.448849 0.4488455 0.4915673 -0.1216047 -0.8623073 0.1216037 -0.4915692 -0.8623064 0.1279674 -0.1279679 -0.983488 0.7727056 -0.4488469 -0.448846 0.8623079 -0.4915662 -0.1216055 0.8623082 -0.1216037 -0.4915661 0.4915724 -0.8623045 -0.1216045 0.121603 -0.8623087 -0.4915652 0.4488424 -0.7727068 -0.4488482 0.1216037 -0.491568 0.8623071 0.4915704 -0.1216049 0.8623057 0.4488468 -0.772705 0.448847 0.4915643 -0.8623092 0.1216031 0.1216029 -0.8623079 0.4915668 0.8623026 -0.4915755 0.1216053 0.8623094 -0.121604 0.4915638 0.9834867 -0.1279727 0.1279724 0.7727046 -0.4488433 0.4488512 0.121604 0.4915646 -0.862309 0.4915704 0.1216052 -0.8623055 0.1279698 0.1279674 -0.9834877 0.4488466 0.7727048 -0.4488476 0.491564 0.8623089 -0.1216067 0.121603 0.8623065 -0.4915692 0.8623026 0.4915753 -0.1216063 0.8623093 0.121604 -0.491564 0.7727066 0.4488443 -0.4488468 0.491568 0.1216055 0.8623069 0.1216043 0.4915731 0.8623042 0.7727057 0.4488464 0.4488463 0.8623078 0.4915664 0.1216055 0.8623078 0.1216037 0.4915667 0.4915722 0.8623043 0.1216061 0.1216029 0.8623101 0.4915631 0.1279743 0.9834866 0.1279717 0.4488419 0.7727051 0.4488519 0.8586537 -0.1302015 -0.4957433 0.8400449 -0.4936169 -0.2250936 0.7531617 -0.4936341 -0.4348252 0.7531625 -0.4936283 0.4348306 0.3627764 -0.8583617 0.362779 0.4443016 -0.8583686 0.2565146 -0.2566168 -0.1301893 0.957705 -0.2566136 0.1301884 0.9577059 0.4955546 -0.8583664 -0.1327885 0.4443049 -0.858368 -0.2565104 0.7010873 -0.1301929 0.7010895 0.8586555 -0.1301905 0.4957429 0.495746 -0.1301949 0.8586532 0.7010892 0.1301963 0.7010871 0.4957446 0.1301978 0.8586535 0.8400387 0.4936302 -0.2250871 0.4443017 0.8583697 -0.2565107 0.4955524 0.8583683 -0.1327846 0.362775 0.8583604 0.3627835 0.1212832 0.9901449 0.07002586 0.8586526 0.130201 0.4957453 0.8586544 0.13019 -0.495745 0.9577053 0.1301919 -0.2566139 0.7531597 0.4936327 0.4348306 0.6149516 0.4936242 0.614955 0.9577058 0.1301844 0.2566158 0.1400516 -0.9901443 -3.96381e-7 0.1352754 -0.9901449 -0.03624737 0.9577047 -0.1301916 0.2566161 0.9914906 0.1301789 -3.07894e-7 0.5130408 -0.8583643 -6.36683e-7 0.07002723 -0.9901443 0.1212872 0.9914906 -0.1301789 1.33401e-6 0.9577051 -0.1301841 -0.2566184 0.4348395 -0.4936298 0.7531564 0.6149474 -0.4936262 0.6149577 0.5130409 0.8583642 1.54694e-6 0.7010906 0.1301938 -0.7010861 0.869685 0.4936074 1.53347e-6 0.07001775 0.9901466 0.1212734 0.2565169 0.8583681 0.444301 0.7010889 -0.1301964 -0.7010873 0.4957454 0.1301945 -0.8586537 0.4348392 0.4936237 0.7531603 0.4957432 -0.1301969 -0.8586545 0.2566187 0.1301847 -0.957705 0.4955527 -0.8583686 0.1327809 0.2566153 -0.130186 -0.9577057 0.8696851 -0.4936072 5.27104e-7 0.2565189 -0.8583698 0.4442965 0.03624665 -0.9901446 0.135277 -0.2566173 0.1301898 -0.9577047 0.2250905 -0.4936177 0.8400453 -0.2566163 -0.1301912 -0.9577048 -0.4957449 0.1301895 -0.8586546 0.4955548 0.8583666 0.1327871 0.1352764 0.9901445 0.03625309 -0.495745 -0.1301919 -0.8586542 -0.701092 0.1301758 -0.701088 0.8400458 0.4936171 0.2250899 0.03624427 0.9901454 0.1352721 0.1327827 0.8583652 0.4955581 -0.8586559 -0.1301884 -0.4957428 -0.8586531 0.1302005 -0.4957445 0.2250879 0.4936108 0.84005 -0.9577057 0.1301853 -0.2566155 0.1352754 -0.9901448 0.03624832 0.2566127 0.1301832 0.9577068 -0.9577038 -0.1301972 -0.2566167 -0.9914904 0.1301803 -5.41406e-7 0.8400387 -0.4936309 0.2250861 0.1327829 -0.8583652 0.4955581 0 -0.9901445 0.1400494 -0.9914904 -0.1301803 1.83151e-6 -0.9577046 0.1301975 0.2566139 -0.9577051 -0.130185 0.256618 -0.8586551 0.1301879 0.4957445 0.4443045 0.8583681 0.2565107 0.256618 -0.1301841 0.9577053 -0.701089 -0.1301748 0.7010911 -0.7010914 0.1301795 0.701088 0 0.9901468 0.1400336 0 0.8583813 0.5130122 -0.4957458 0.1301929 0.8586536 0 0.4936196 0.8696779 -0.4957456 -0.1301899 0.8586542 0.1352814 0.9901439 -0.03624957 0.1212852 -0.9901441 0.07003211 -0.1400499 -0.9901444 1.30971e-7 0.07001942 -0.9901463 -0.1212757 0.1212849 -0.9901443 -0.07003003 0.7531616 0.4936281 -0.4348321 0.362775 0.85836 -0.3627845 0.1212832 0.9901449 -0.07002586 0.6149542 -0.493627 -0.6149502 0.3627765 -0.8583621 -0.362778 0.4348366 0.493625 -0.753161 0.6149485 0.4936247 -0.6149578 0.07002389 0.9901452 -0.1212822 0.4348399 -0.4936272 -0.7531577 0.2565179 -0.8583705 -0.4442957 0.2250913 0.4936159 -0.8400461 0.2565179 0.8583673 -0.4443019 0.03624713 0.990144 -0.1352815 0.22509 -0.4936155 -0.8400467 0.1327821 -0.8583669 -0.4955555 0.03624373 -0.9901461 -0.1352678 0 0.4936271 -0.8696737 0.1327837 0.8583638 -0.4955607 0 0.9901446 -0.140049 0 -0.4936134 -0.8696816 0 -0.8583757 -0.5130216 0 -0.9901474 -0.1400295 -0.1327832 0.8583642 -0.4955601 0 0.8583803 -0.5130138 -0.2250888 -0.4936214 -0.8400434 -0.1327813 -0.8583676 -0.4955546 -0.03624445 -0.9901456 -0.1352702 -0.2250902 0.4936217 -0.8400429 -0.2565215 0.8583636 -0.444307 -0.03624725 0.9901438 -0.1352823 -0.4348428 -0.4936183 -0.7531619 -0.2565215 -0.8583669 -0.4443008 -0.07001984 -0.9901461 -0.121277 -0.4348396 0.4936161 -0.7531653 -0.3627693 0.8583647 -0.362779 -0.07002341 0.9901453 -0.1212807 -0.7010911 -0.1301795 -0.7010883 -0.6149587 -0.4936168 -0.6149538 -0.3627708 -0.8583667 -0.3627726 -0.7531588 0.4936344 -0.4348298 -0.614953 0.4936146 -0.6149613 -0.1212835 0.9901449 -0.07002544 -0.7531701 -0.4936181 -0.4348286 -0.4443047 -0.8583682 -0.2565099 -0.1212855 -0.9901441 -0.07003164 -0.8400434 0.4936223 -0.2250868 -0.4443022 0.8583694 -0.2565104 -0.1352749 0.9901447 -0.03625249 -0.8400369 -0.4936317 -0.2250907 -0.4955474 -0.8583711 -0.1327856 -0.1352739 -0.990145 -0.03624773 -0.8696773 0.493621 2.30674e-6 -0.4955505 0.8583698 -0.1327818 -0.8696773 -0.4936209 -2.39236e-7 -0.5130233 -0.8583747 -7.48597e-7 -0.8400378 0.4936318 0.225087 -0.5130234 0.8583747 1.66134e-6 -0.4955475 0.8583712 0.1327842 -0.8400434 -0.4936229 0.2250857 -0.4955508 -0.8583703 0.1327781 -0.1352739 -0.990145 0.03624671 -0.753168 0.4936167 0.434834 -0.4443044 0.8583684 0.2565101 -0.1352759 0.9901447 0.03624767 -0.8586543 -0.1302011 0.4957424 -0.7531597 -0.4936345 0.4348284 -0.444302 -0.8583683 0.2565143 -0.1212852 -0.9901444 0.07003021 -0.3627693 0.8583651 0.362778 -0.1212852 0.9901446 0.07002639 -0.6149519 -0.4936162 0.6149613 -0.3627707 -0.8583664 0.3627735 -0.4348422 0.4936149 0.7531645 -0.6149562 0.4936141 0.6149587 -0.07001829 0.9901465 0.1212741 -0.4348424 -0.4936208 0.7531605 -0.2565225 -0.8583661 0.4443017 -0.07002562 -0.990145 0.1212816 -0.2250868 0.4936167 0.8400468 -0.2565205 0.8583644 0.444306 -0.03624469 0.9901451 0.1352746 -0.2250894 -0.4936235 0.8400421 -0.1327825 -0.8583658 0.4955574 -0.03624707 -0.9901444 0.1352784 -0.1327821 0.858366 0.4955571 0 -0.8583747 0.5130232 0.9834864 0.1279726 0.1279748 0.9834864 -0.1279729 -0.1279748 0.9834867 0.1279729 -0.1279728 -0.1279705 0.1279685 0.9834875 0.1279705 -0.1279674 0.9834877 0.1279671 0.1279679 0.983488 -0.9834859 -0.127977 0.1279748 -0.9834859 0.1279773 -0.1279749 -0.9834873 -0.1279687 -0.1279727 -0.1216037 -0.4915659 -0.8623083 -0.4915704 -0.1216056 -0.8623055 -0.1279698 -0.1279674 -0.9834877 -0.4488495 -0.7727021 -0.4488494 -0.4915621 -0.8623101 -0.1216065 -0.1216029 -0.8623074 -0.4915679 -0.8623025 -0.4915755 -0.1216059 -0.8623086 -0.1216095 -0.4915639 -0.7727047 -0.4488487 -0.4488454 -0.121603 -0.8623108 0.4915617 -0.4915729 -0.8623039 0.1216068 -0.121604 -0.4915745 0.8623033 -0.4488403 -0.7727058 0.4488521 -0.4915679 -0.121606 0.8623069 -0.1279671 -0.127969 0.9834879 -0.7727013 -0.4488554 0.4488446 -0.8623071 -0.1216087 0.4915665 -0.4915673 0.1216052 -0.8623073 -0.1216034 0.4915705 -0.8623058 -0.1279674 0.127968 -0.983488 -0.7727013 0.4488558 -0.4488443 -0.8623075 0.1216087 -0.491566 -0.491573 0.8623039 -0.1216052 -0.1216031 0.8623094 -0.491564 -0.4488408 0.7727076 -0.4488484 -0.1216034 0.4915693 0.8623064 -0.4915703 0.1216053 0.8623055 -0.4488496 0.7727024 0.4488489 -0.4915624 0.8623104 0.1216029 -0.1216028 0.8623088 0.4915654 -0.8623024 0.4915758 0.121605 -0.9834873 0.1279684 0.1279724 -0.7727028 0.4488478 0.4488499 0.4915686 -0.1216055 -0.8623065 0.1216044 -0.4915731 -0.8623042 0.1279674 -0.1279689 -0.9834879 0.7727055 -0.4488465 -0.4488464 0.8623082 -0.1216037 -0.491566 0.4915723 -0.8623043 -0.1216061 0.1216029 -0.8623101 -0.491563 0.4488412 -0.7727053 -0.448852 0.1216037 -0.4915646 0.862309 0.4915712 -0.1216052 0.8623051 0.4488466 -0.7727048 0.4488475 0.4915639 -0.862309 0.1216068 0.121603 -0.8623065 0.4915692 0.8623025 -0.4915755 0.1216063 0.8623094 -0.121604 0.4915637 0.9834868 -0.1279727 0.1279724 0.7727065 -0.4488445 0.4488468 0.121604 0.491568 -0.862307 0.4915696 0.1216049 -0.8623059 0.1279698 0.1279684 -0.9834876 0.4488468 0.7727051 -0.4488471 0.4915645 0.8623092 -0.121603 0.1216028 0.8623079 -0.4915668 0.8623027 0.4915755 -0.1216053 0.8623093 0.121604 -0.491564 0.7727046 0.4488432 -0.4488512 0.4915666 0.1216047 0.8623077 0.1216037 0.4915692 0.8623064 0.7727056 0.4488467 0.4488459 0.8623079 0.1216037 0.4915668 0.4915723 0.8623045 0.1216046 0.121603 0.8623087 0.4915652 0.448843 0.7727066 0.4488481 0.8586527 -0.1302011 -0.4957454 0.8400457 -0.4936171 -0.2250899 0.7531595 -0.4936327 -0.4348307 0.7531617 -0.4936281 0.4348322 0.3627749 -0.8583599 0.3627845 0.4443019 -0.8583695 0.2565107 -0.2566174 -0.1301898 0.9577047 -0.2566161 0.1301912 0.9577047 0.4955547 -0.8583666 -0.1327871 0.4443045 -0.8583681 -0.2565107 0.7010906 -0.1301938 0.701086 0.8586544 -0.1301901 0.4957451 0.4957451 -0.1301945 0.8586537 0.7010889 0.1301964 0.7010873 0.4957433 0.1301969 0.8586544 0.8400387 0.4936308 -0.225086 0.4443013 0.8583686 -0.2565146 0.4955529 0.8583686 -0.1327808 0.3627765 0.858362 0.362778 0.1212849 0.9901443 0.07003098 0.8586538 0.1302015 0.4957433 0.8586556 0.1301904 -0.4957429 0.9577047 0.1301916 -0.2566162 0.7531619 0.4936341 0.4348251 0.6149541 0.493627 0.6149503 0.9577051 0.1301842 0.2566186 0.1400523 -0.9901441 0 0.1352754 -0.9901449 -0.03624457 0.9577053 -0.1301919 0.2566137 0.9914906 0.1301789 -1.33218e-6 0.5130409 -0.8583642 -1.52705e-6 0.07002502 -0.9901447 0.1212844 0.9914906 -0.1301789 3.04846e-7 0.9577059 -0.1301844 -0.2566156 0.4348367 -0.493625 0.753161 0.6149485 -0.4936247 0.6149577 0.1400471 0.9901449 0 0.5130408 0.8583642 6.54093e-7 0.7010872 0.1301929 -0.7010895 0.8696849 0.4936073 -5.08847e-7 0.07001781 0.9901476 0.1212655 0.256518 0.8583705 0.4442957 0.7010891 -0.1301963 -0.7010871 0.4957462 0.1301949 -0.8586531 0.4348399 0.4936271 0.7531577 0.4957445 -0.1301978 -0.8586536 0.2566181 0.1301841 -0.9577052 0.4955523 -0.8583683 0.1327846 0.2566127 -0.1301832 -0.9577068 0.8696849 -0.4936072 -1.51505e-6 0.2565179 -0.8583673 0.4443018 0.03624653 -0.9901431 0.1352879 -0.2566167 0.1301893 -0.957705 0.2250913 -0.4936159 0.8400461 -0.2566137 -0.1301884 -0.9577058 -0.4957454 0.1301899 -0.8586542 0.4955547 0.8583664 0.1327885 0.1352763 0.9901446 0.03624862 -0.495746 -0.1301929 -0.8586534 -0.7010889 0.1301748 -0.7010912 0.8400448 0.4936168 0.2250936 0.03624433 0.9901458 0.1352694 0.1327821 0.8583669 0.4955555 -0.858655 -0.130188 -0.4957446 -0.8586544 0.130201 -0.4957423 0.2250899 0.4936155 0.8400467 -0.9577052 0.130185 -0.256618 0.1352754 -0.9901449 0.03624355 0.2566153 0.130186 0.9577057 -0.9577046 -0.1301975 -0.2566139 -0.9914904 0.1301803 -1.83395e-6 0.8400387 -0.4936304 0.2250871 0.1327837 -0.8583636 0.4955607 0 -0.9901444 0.1400502 -0.9914904 -0.1301803 5.43845e-7 -0.9577038 0.1301972 0.2566167 0 -0.4936271 0.8696737 -0.9577057 -0.1301852 0.2566155 -0.8586561 0.1301884 0.4957427 0.4443049 0.858368 0.2565104 0.2566186 -0.1301847 0.957705 -0.7010921 -0.1301758 0.7010878 -0.701091 0.1301795 0.7010883 0 0.8583757 0.5130216 -0.4957448 0.130192 0.8586543 0 0.4936133 0.8696816 -0.495745 -0.1301895 0.8586545 0.1352827 0.9901437 -0.03625071 0.1212853 -0.9901446 0.07002729 -0.1400514 -0.9901443 1.53285e-7 0.1212853 -0.9901445 -0.07002776 0.7531624 0.4936283 -0.4348305 0.3627765 0.8583617 -0.3627789 0.1212831 0.990144 -0.07003736 0.6149518 -0.4936242 -0.614955 0.362775 -0.8583604 -0.3627835 0.4348394 0.4936297 -0.7531563 0.6149474 0.4936262 -0.6149577 0.07002389 0.9901452 -0.1212818 0.4348391 -0.4936238 -0.7531603 0.2565169 -0.8583681 -0.444301 0.07001948 -0.9901461 -0.1212774 0.2250905 0.4936177 -0.8400453 0.2565189 0.8583698 -0.4442965 0.03624755 0.9901441 -0.1352806 0.225088 -0.4936107 -0.8400499 0.1327828 -0.8583652 -0.4955581 0.03624421 -0.9901446 -0.1352778 0 0.4936175 -0.8696792 0.1327829 0.8583652 -0.495558 0 0.9901449 -0.140047 0 -0.4936195 -0.8696781 0 -0.8583814 -0.5130122 0 -0.9901466 -0.140035 -0.1327825 0.8583658 -0.4955574 0 0.8583747 -0.5130232 -0.2250868 -0.4936166 -0.8400468 -0.1327821 -0.858366 -0.4955571 -0.03624379 -0.9901443 -0.1352797 -0.2250893 0.4936235 -0.8400421 -0.2565225 0.8583661 -0.4443016 -0.03624731 0.9901443 -0.1352794 -0.4348421 -0.4936149 -0.7531645 -0.2565205 -0.8583644 -0.444306 -0.07002055 -0.9901458 -0.1212785 -0.4348424 0.4936208 -0.7531605 -0.3627707 0.8583664 -0.3627735 -0.07002449 0.9901456 -0.1212773 -0.7010915 -0.1301794 -0.7010878 -0.6149563 -0.493614 -0.6149585 -0.3627693 -0.8583651 -0.362778 -0.7531597 0.4936345 -0.4348283 -0.6149519 0.4936161 -0.6149613 -0.1212834 0.9901443 -0.07003289 -0.7531679 -0.4936168 -0.4348341 -0.4443044 -0.8583684 -0.2565101 -0.1212856 -0.9901445 -0.07002681 -0.8400435 0.4936228 -0.2250857 -0.4443018 0.8583685 -0.2565143 -0.1352749 0.9901449 -0.0362482 -0.8400378 -0.4936319 -0.2250869 -0.4955474 -0.8583712 -0.1327842 -0.1352739 -0.9901452 -0.03624296 -0.8696772 0.493621 2.58123e-7 -0.4955509 0.8583702 -0.1327781 -0.8696773 -0.4936209 -2.28408e-6 -0.5130234 -0.8583746 -1.64144e-6 -0.8400369 0.4936316 0.2250907 -0.5130233 0.8583747 7.66006e-7 -0.4955474 0.858371 0.1327856 -0.8400434 -0.4936224 0.2250868 -0.4955502 -0.8583699 0.1327819 -0.1352739 -0.9901452 0.03624397 -0.7531703 0.4936181 0.4348286 -0.4443047 0.8583682 0.2565099 -0.1352759 0.9901447 0.03624826 -0.858653 -0.1302006 0.4957447 -0.7531588 -0.4936344 0.43483 -0.4443024 -0.8583694 0.2565104 -0.1212856 -0.9901444 0.07002735 -0.3627707 0.8583667 0.3627725 -0.1212852 0.9901443 0.07002991 -0.6149531 -0.4936147 0.6149613 -0.3627693 -0.8583647 0.362779 -0.4348429 0.4936183 0.7531619 -0.6149586 0.4936169 0.614954 -0.07001835 0.9901475 0.1212662 -0.4348395 -0.4936161 0.7531652 -0.2565215 -0.8583637 0.444307 -0.07002538 -0.9901447 0.1212847 -0.2250887 0.4936214 0.8400435 -0.2565215 0.8583669 0.4443008 -0.03624475 0.9901455 0.1352716 -0.2250902 -0.4936217 0.8400429 -0.1327832 -0.8583641 0.4955599 -0.03624695 -0.990143 0.1352892 -0.1327813 0.8583676 0.4955546 0 -0.8583803 0.5130138 0 -1 -6.07119e-6 0 -1 5.46346e-6 0 -1 -2.59065e-6 0.3839079 0.001852035 0.9233695 0.3637163 -0.120088 0.9237366 0.3743607 -0.1195808 0.9195405 0.9243952 0.007058799 0.381371 0.8905295 -0.24513 0.3832343 0.8950955 -0.2562718 0.3648681 0.9243953 0.007058799 -0.3813707 0.8905294 -0.2451301 -0.3832345 0.9238549 0.007341623 -0.3826724 0.3839079 0.001852035 -0.9233695 0.3637164 -0.120088 -0.9237366 0.3826826 0.002110481 -0.9238775 -0.3838115 2.33709e-4 -0.9234115 -0.3577836 0.1425861 -0.9228544 -0.3826835 0 -0.9238795 -0.9243084 0.004889488 -0.3816151 -0.9272316 0.006326675 -0.374435 -0.9238695 0.004676043 -0.3826791 -0.9243085 0.004889488 0.3816149 -0.9272314 0.006326675 0.3744353 -0.927638 0.006528854 0.3734235 -0.3838109 2.33709e-4 0.9234118 -0.3577833 0.1425861 0.9228544 -0.3670986 0.1290391 0.9211881 0.2203156 -0.3432791 0.9130282 0.1459834 -0.3659224 0.9191245 0.7937465 -0.5307633 0.2970803 0.7902683 -0.5520055 0.2660194 0.8950954 -0.2562719 -0.3648683 0.7937465 -0.5307633 -0.2970803 0.3743609 -0.1195808 -0.9195404 0.2203156 -0.3432792 -0.9130282 -0.3670988 0.1290391 -0.9211881 -0.2055438 0.351325 -0.9134125 -0.6972895 0.6330294 -0.3362457 -0.699749 0.6453827 -0.3063211 -0.6966052 0.6300311 -0.3432232 -0.6972897 0.6330293 0.3362457 -0.699749 0.6453827 0.3063211 -0.7001156 0.6475479 0.3008653 -0.2055435 0.3513251 0.9134127 -0.1401135 0.3668567 0.9196655 -0.1459853 -0.3659257 0.9191229 0 -0.9248468 0.3803398 0 -0.9248362 0.3803658 0 -0.9248358 0.3803668 0 -0.9248468 -0.3803398 0 -0.9248362 -0.3803658 0 -0.9248474 -0.3803386 -0.1459856 -0.3659257 -0.9191228 -0.2203152 -0.3432818 -0.9130273 0.1401157 0.3668568 -0.919665 0.2055431 0.3513257 -0.9134125 0 0.9248417 -0.3803522 0 0.9248413 -0.3803533 0 0.9248417 -0.3803522 0 0.9248417 0.3803522 0 0.9248413 0.3803533 0 0.9248412 0.3803533 0.1401157 0.3668568 0.919665 -0.2203148 -0.3432818 0.9130274 -0.3743613 -0.1195809 0.9195402 -0.7937461 -0.5307612 0.2970858 -0.8950951 -0.2562714 0.3648695 -0.7902675 -0.5520026 0.2660272 -0.7937459 -0.5307613 -0.2970858 -0.8950951 -0.2562715 -0.3648698 -0.8905293 -0.2451303 -0.3832346 -0.3743618 -0.1195809 -0.9195399 -0.3637179 -0.1200885 -0.923736 0.3670991 0.1290394 -0.9211879 0.3577842 0.1425865 -0.922854 0.6997503 0.6453826 -0.3063184 0.6972899 0.6330296 -0.3362445 0.6966054 0.6300313 -0.3432223 0.6997504 0.6453826 0.3063184 0.6972903 0.6330294 0.3362444 0.7001171 0.6475477 0.3008622 0.2055431 0.3513257 0.9134125 0.3670991 0.1290394 0.9211879 -0.3637175 -0.1200884 0.9237361 -0.383908 0.001851916 0.9233695 -0.8905295 -0.2451301 0.3832343 -0.924395 0.007058382 0.3813714 -0.9243951 0.007058382 -0.3813712 -0.9238548 0.007341206 -0.3826729 -0.3839082 0.001851916 -0.9233695 -0.3826828 0.002110362 -0.9238775 0.3838114 2.33698e-4 -0.9234115 0.3826835 0 -0.9238795 0.9272313 0.006326317 -0.374436 0.9243085 0.004889309 -0.381615 0.9238696 0.004675865 -0.3826789 0.9272311 0.006326317 0.3744364 0.9243086 0.004889249 0.3816148 0.9276376 0.006528437 0.3734247 0.357784 0.1425865 0.9228541 0.3838108 2.33698e-4 0.9234117 0 -1 -9.55869e-7 0 -1 -2.86772e-6 0 -1 9.55871e-7 0.3839079 0.001851916 0.9233695 0.3637177 -0.1200884 0.923736 0.3743616 -0.1195809 0.9195401 0.924395 0.007058382 0.3813713 0.8905295 -0.2451302 0.3832343 0.8950952 -0.2562714 0.3648692 0.9243951 0.007058382 -0.3813711 0.8905293 -0.2451303 -0.3832345 0.9238548 0.007341206 -0.3826729 0.3839079 0.001851916 -0.9233695 0.3637179 -0.1200884 -0.923736 0.3826826 0.002110362 -0.9238775 -0.3838115 2.33698e-4 -0.9234115 -0.3577845 0.1425865 -0.9228539 -0.9243085 0.004889309 -0.3816152 -0.9272311 0.006326317 -0.3744361 -0.9238695 0.004675865 -0.3826791 -0.9243085 0.004889249 0.381615 -0.927231 0.006326317 0.3744365 -0.9276375 0.006528437 0.3734248 -0.3838109 2.33698e-4 0.9234118 -0.3577843 0.1425865 0.922854 -0.3670992 0.1290394 0.9211878 0.220315 -0.3432814 0.9130275 0.1459853 -0.3659253 0.919123 0.7937462 -0.5307615 0.2970845 0.7902679 -0.552003 0.2660254 0.8950951 -0.2562716 -0.3648694 0.7937461 -0.5307615 -0.2970846 0.3743617 -0.1195809 -0.91954 0.220315 -0.3432815 -0.9130275 -0.3670994 0.1290394 -0.9211878 -0.2055432 0.3513253 -0.9134127 -0.6972896 0.6330293 -0.3362457 -0.6997497 0.6453821 -0.306321 -0.6972898 0.6330292 0.3362457 -0.6997495 0.6453822 0.3063209 -0.7001162 0.6475473 0.3008651 -0.2055429 0.3513253 0.9134128 -0.1401156 0.3668564 0.9196652 -0.2203152 -0.3432801 0.913028 -0.145983 -0.365924 0.9191239 0 -0.924834 0.3803712 0 -0.9248472 0.3803391 0 -0.9248334 0.3803725 0 -0.924834 -0.3803712 0 -0.9248472 -0.3803391 0 -0.9248477 -0.3803377 0.1459853 -0.3659253 -0.919123 -0.2203156 -0.3432801 -0.9130278 -0.1401159 0.3668564 -0.9196652 0.2055437 0.3513262 -0.9134122 0 0.9248391 -0.3803586 0 0.924842 -0.3803517 0 0.9248421 -0.3803514 0 0.9248391 0.3803586 0 0.924842 0.3803517 0 0.924839 0.3803589 0.2055436 0.3513262 0.9134122 0.1401137 0.3668584 0.9196648 -0.3743604 -0.1195807 0.9195405 -0.7937468 -0.5307633 0.2970797 -0.8950956 -0.2562718 0.3648681 -0.7902684 -0.5520054 0.2660185 -0.7937468 -0.5307635 -0.2970798 -0.8950955 -0.2562719 -0.3648683 -0.8905293 -0.2451301 -0.3832346 -0.3743609 -0.1195807 -0.9195404 -0.3637164 -0.120088 -0.9237366 0.3670985 0.1290391 -0.9211882 0.3577833 0.1425861 -0.9228545 0.6997498 0.6453832 -0.306318 0.69729 0.6330299 -0.3362437 0.6966056 0.6300315 -0.3432213 0.6997498 0.6453832 0.3063179 0.6972904 0.6330296 0.3362436 0.7001165 0.6475484 0.300862 0.3670983 0.1290391 0.9211883 -0.363716 -0.120088 0.9237368 -0.383908 0.001852035 0.9233695 -0.8905295 -0.24513 0.3832343 -0.9243953 0.007058799 0.3813708 -0.9243953 0.007058799 -0.3813705 -0.9238551 0.007341623 -0.3826722 -0.3839082 0.001852035 -0.9233695 -0.3826828 0.002110481 -0.9238775 0.3838114 2.33709e-4 -0.9234115 0.9272316 0.006326675 -0.3744352 0.9243085 0.004889488 -0.3816149 0.9238696 0.004676043 -0.3826789 0.9272313 0.006326675 0.3744356 0.9243087 0.004889488 0.3816148 0.927638 0.006528854 0.3734238 0.3577831 0.1425861 0.9228546 0.3838108 2.33709e-4 0.9234117 0 -1 2.86761e-6 0 -1 -9.55903e-7 0 -1 -2.8676e-6 -0.3838109 -2.33709e-4 0.9234118 -0.3577833 -0.1425861 0.9228545 -0.3826828 0 0.9238798 -0.9243085 -0.004889488 0.3816149 -0.9272314 -0.006326675 0.3744353 -0.9238696 -0.004676043 0.3826788 -0.9243084 -0.004889488 -0.3816151 -0.9272316 -0.006326675 -0.374435 -0.9276382 -0.006528854 -0.373423 -0.3838115 -2.33709e-4 -0.9234115 -0.3577836 -0.1425861 -0.9228544 -0.3670988 -0.1290391 -0.9211881 0.3839079 -0.001852035 -0.9233695 0.3637164 0.120088 -0.9237366 0.3743608 0.1195808 -0.9195404 0.9243953 -0.007058799 -0.3813707 0.8905294 0.2451301 -0.3832345 0.8950955 0.2562719 -0.3648684 0.9243952 -0.007058799 0.381371 0.8905295 0.24513 0.3832343 0.9238548 -0.007341623 0.3826728 0.3839079 -0.001852035 0.9233695 0.3637163 0.120088 0.9237366 0.3826826 -0.002110481 0.9238775 -0.3670986 -0.1290391 0.9211881 -0.2055435 -0.3513251 0.9134127 -0.6972897 -0.6330293 0.3362457 -0.699749 -0.6453827 0.3063211 -0.6966055 -0.6300309 0.343223 -0.6972895 -0.6330294 -0.3362457 -0.699749 -0.6453827 -0.3063211 -0.7001157 -0.6475478 -0.3008652 -0.2055439 -0.351325 -0.9134126 -0.1401138 -0.3668566 -0.9196653 0.2203156 0.3432791 -0.9130282 0.1459834 0.3659224 -0.9191245 0.7937465 0.5307633 -0.2970803 0.7902682 0.5520054 -0.2660193 0.8950955 0.2562718 0.3648681 0.7937465 0.5307633 0.2970803 0.3743607 0.1195808 0.9195405 0.2203156 0.3432792 0.9130282 0.1401157 -0.3668568 0.919665 0.2055431 -0.3513257 0.9134125 0 -0.9248417 0.3803522 0 -0.9248413 0.3803533 0 -0.9248417 0.3803522 0 -0.9248417 -0.3803522 0 -0.9248413 -0.3803533 0 -0.9248412 -0.3803533 0.1401157 -0.3668568 -0.919665 -0.1459856 0.3659257 -0.9191228 0 0.9248468 -0.3803398 0 0.9248362 -0.3803658 0 0.9248358 -0.3803668 0 0.9248468 0.3803398 0 0.9248362 0.3803658 0 0.9248474 0.3803386 -0.1459853 0.3659257 0.9191228 -0.2203148 0.3432818 0.9130274 0.367099 -0.1290394 0.9211879 0.3577841 -0.1425865 0.9228541 0.6997504 -0.6453826 0.3063184 0.6972903 -0.6330294 0.3362444 0.6966058 -0.6300309 0.3432221 0.6997503 -0.6453826 -0.3063184 0.6972899 -0.6330296 -0.3362445 0.7001171 -0.6475477 -0.3008622 0.2055431 -0.3513257 -0.9134125 0.3670991 -0.1290394 -0.9211879 -0.2203153 0.3432818 -0.9130274 -0.3743618 0.1195809 -0.9195399 -0.7937459 0.5307613 -0.2970858 -0.8950949 0.2562715 -0.3648698 -0.7902675 0.5520026 -0.2660272 -0.7937461 0.5307612 0.2970858 -0.8950951 0.2562714 0.3648695 -0.8905295 0.2451302 0.3832343 -0.3743613 0.1195809 0.9195402 -0.3637175 0.1200884 0.9237361 0.3838108 -2.33698e-4 0.9234117 0.3826828 0 0.9238798 0.9272311 -0.006326317 0.3744364 0.9243086 -0.004889249 0.3816148 0.9238697 -0.004675865 0.3826786 0.9272313 -0.006326317 -0.374436 0.9243085 -0.004889309 -0.381615 0.9276378 -0.006528437 -0.3734242 0.3577842 -0.1425865 -0.922854 0.3838114 -2.33698e-4 -0.9234115 -0.3637179 0.1200885 -0.923736 -0.3839082 -0.001851916 -0.9233695 -0.8905293 0.2451303 -0.3832346 -0.9243951 -0.007058382 -0.3813712 -0.924395 -0.007058382 0.3813714 -0.9238547 -0.007341206 0.3826732 -0.383908 -0.001851916 0.9233695 -0.3826828 -0.002110362 0.9238775 0 1 -9.55871e-7 0 1 -2.86772e-6 0 1 9.55869e-7 -0.3838109 -2.33698e-4 0.9234118 -0.3577843 -0.1425865 0.922854 -0.9243085 -0.004889249 0.381615 -0.927231 -0.006326317 0.3744365 -0.9238696 -0.004675865 0.3826788 -0.9243085 -0.004889309 -0.3816152 -0.9272311 -0.006326317 -0.3744361 -0.9276377 -0.006528437 -0.3734243 -0.3838115 -2.33698e-4 -0.9234115 -0.3577846 -0.1425865 -0.9228539 -0.3670995 -0.1290394 -0.9211878 0.3839079 -0.001851916 -0.9233695 0.3637179 0.1200884 -0.923736 0.3743617 0.1195809 -0.91954 0.9243951 -0.007058382 -0.3813711 0.8905293 0.2451303 -0.3832345 0.8950951 0.2562716 -0.3648694 0.924395 -0.007058382 0.3813713 0.8905295 0.2451302 0.3832343 0.9238547 -0.007341206 0.3826732 0.3839079 -0.001851916 0.9233695 0.3637177 0.1200884 0.923736 0.3826826 -0.002110362 0.9238775 -0.3670993 -0.1290394 0.9211878 -0.2055429 -0.3513253 0.9134128 -0.6972898 -0.6330292 0.3362457 -0.6997495 -0.6453822 0.3063209 -0.6972896 -0.6330293 -0.3362457 -0.6997497 -0.6453821 -0.306321 -0.7001163 -0.6475473 -0.3008651 -0.2055432 -0.3513253 -0.9134127 -0.1401159 -0.3668563 -0.9196652 0.220315 0.3432814 -0.9130275 0.1459853 0.3659253 -0.919123 0.7937461 0.5307615 -0.2970846 0.790268 0.552003 -0.2660254 0.8950952 0.2562715 0.3648692 0.7937462 0.5307615 0.2970845 0.3743615 0.1195809 0.91954 0.220315 0.3432815 0.9130275 -0.1401156 -0.3668564 0.9196652 0.2055436 -0.3513262 0.9134122 0 -0.9248391 0.3803586 0 -0.924842 0.3803517 0 -0.9248421 0.3803514 0 -0.9248391 -0.3803586 0 -0.924842 -0.3803517 0 -0.924839 -0.3803589 0.2055437 -0.3513262 -0.9134122 0.1401137 -0.3668584 -0.9196648 -0.2203156 0.34328 -0.9130278 -0.1459833 0.365924 -0.9191238 0 0.924834 -0.3803712 0 0.9248472 -0.3803391 0 0.9248334 -0.3803725 0 0.924834 0.3803712 0 0.9248472 0.3803391 0 0.9248477 0.3803377 0.1459853 0.3659253 0.919123 -0.2203152 0.3432801 0.913028 0.3670984 -0.1290391 0.9211883 0.3577831 -0.1425861 0.9228546 0.6997498 -0.6453832 0.3063179 0.6972904 -0.6330296 0.3362436 0.696606 -0.6300312 0.3432212 0.6997498 -0.6453832 -0.306318 0.69729 -0.6330299 -0.3362437 0.7001165 -0.6475484 -0.300862 0.3670984 -0.1290391 -0.9211883 -0.3743609 0.1195807 -0.9195404 -0.7937468 0.5307635 -0.2970798 -0.8950954 0.2562719 -0.3648684 -0.7902684 0.5520054 -0.2660185 -0.7937468 0.5307633 0.2970797 -0.8950956 0.2562718 0.3648681 -0.8905295 0.2451299 0.3832343 -0.3743604 0.1195807 0.9195405 -0.363716 0.120088 0.9237368 0.3838108 -2.33709e-4 0.9234117 0.9272313 -0.006326675 0.3744356 0.9243087 -0.004889488 0.3816148 0.9238697 -0.004676043 0.3826786 0.9272316 -0.006326675 -0.3744352 0.9243085 -0.004889488 -0.3816149 0.9276381 -0.006528854 -0.3734233 0.3577833 -0.1425861 -0.9228545 0.3838114 -2.33709e-4 -0.9234115 -0.3637164 0.120088 -0.9237366 -0.3839082 -0.001852035 -0.9233695 -0.8905293 0.2451301 -0.3832346 -0.9243953 -0.007058799 -0.3813705 -0.9243953 -0.007058799 0.3813708 -0.923855 -0.007341623 0.3826725 -0.383908 -0.001852035 0.9233695 -0.3826828 -0.002110481 0.9238775 0 1 2.8676e-6 0 1 -9.55908e-7 0 1 -2.86761e-6 0.1279743 -0.9834873 0.1279668 -0.1279729 -0.9834874 -0.127967 0.1279721 -0.983487 -0.127971 0.9834865 0.1279718 0.1279749 0.9834865 -0.1279718 -0.1279749 0.9834869 0.1279721 -0.1279717 -0.1279757 0.1279777 0.9834856 0.1279757 -0.1279777 0.9834856 0.1279763 0.127979 0.9834854 -0.9834862 -0.1279737 0.127975 -0.9834862 0.1279737 -0.127975 -0.9834871 -0.1279712 -0.1279717 -0.1279742 0.9834864 0.1279733 0.1279724 0.9834867 -0.1279732 -0.1279715 0.9834862 -0.1279776 -0.1216021 -0.491573 -0.8623044 -0.4915753 -0.1216007 -0.8623033 -0.1279759 -0.1279777 -0.9834856 -0.4488457 -0.7727031 -0.4488512 -0.4488466 -0.4488348 -0.7727121 -0.4915672 -0.8623074 -0.1216048 -0.1216043 -0.8623095 -0.4915637 -0.8623074 -0.4915668 -0.121606 -0.8623085 -0.1216012 -0.4915662 -0.772711 -0.4488342 -0.4488494 -0.1216056 -0.8623049 0.4915712 -0.4915682 -0.8623069 0.1216041 -0.1279734 -0.9834868 0.1279711 -0.1216015 -0.4915697 0.8623064 -0.4488474 -0.7727028 0.4488501 -0.4915723 -0.1216006 0.8623051 -0.1279763 -0.127979 0.9834854 -0.7727116 -0.4488329 0.4488494 -0.4488423 -0.448836 0.7727141 -0.8623063 -0.4915688 0.1216065 -0.8623063 -0.1216015 0.4915698 -0.491572 0.1216002 -0.8623052 -0.1216015 0.4915724 -0.8623049 -0.1279798 0.127979 -0.9834849 -0.7727112 0.4488354 -0.4488477 -0.4488439 0.4488334 -0.7727146 -0.8623064 0.4915688 -0.1216055 -0.8623052 0.121601 -0.491572 -0.4488484 0.7727071 -0.4488417 -0.121604 0.8623076 -0.491567 -0.4915665 0.8623078 -0.121604 -0.1216021 0.4915682 0.8623072 -0.4915779 0.1216006 0.862302 -0.4488508 0.7727078 0.448838 -0.4488421 0.4488342 0.7727152 -0.491569 0.8623068 0.121602 -0.121606 0.8623079 0.491566 -0.8623077 0.4915665 0.1216058 -0.8623096 0.1216007 0.4915642 -0.9834869 0.1279712 0.1279726 -0.7727127 0.4488335 0.4488471 0.4915738 -0.1216008 -0.8623043 0.1216017 -0.4915696 -0.8623064 0.1279798 -0.127979 -0.9834849 0.7727099 -0.4488364 -0.4488489 0.4488461 -0.4488354 -0.7727121 0.8623076 -0.4915667 -0.1216059 0.8623056 -0.1216027 -0.491571 0.448846 -0.7727034 -0.4488505 0.1216043 -0.8623051 -0.4915714 0.4915686 -0.8623067 -0.1216047 0.121602 -0.4915734 0.8623043 0.4915791 -0.1216006 0.8623013 0.4488476 -0.7727023 0.4488508 0.4488433 -0.4488354 0.7727137 0.4915686 -0.8623065 0.1216048 0.1216057 -0.8623092 0.4915637 0.8623062 -0.491569 0.1216061 0.8623101 -0.1216025 0.4915631 0.9834868 -0.1279721 0.1279726 0.7727112 -0.4488348 0.4488482 0.1216021 0.491568 -0.8623073 0.4915741 0.1216007 -0.8623041 0.1279759 0.1279777 -0.9834856 0.4488494 0.7727085 -0.4488382 0.4488456 0.4488338 -0.7727134 0.4915671 0.8623079 -0.1216025 0.1216047 0.862308 -0.4915661 0.862306 0.4915695 -0.1216056 0.8623077 0.1216026 -0.4915671 0.7727097 0.4488382 -0.4488474 0.4915705 0.1216002 0.8623061 0.1216012 0.4915726 0.8623048 0.7727107 0.4488367 0.4488474 0.4488404 0.448834 0.7727162 0.8623074 0.4915667 0.1216062 0.8623056 0.1216028 0.4915708 0.4488504 0.7727063 0.4488413 0.1216055 0.8623074 0.4915672 0.4915704 0.8623057 0.121604 0.1279734 0.983486 0.1279773 0.1279636 -0.9834885 0.1279686 -0.1279693 -0.9834872 -0.1279718 0.1279697 -0.9834871 -0.127973 0.9834882 0.1279639 0.1279694 0.9834883 -0.1279639 -0.1279693 0.9834908 0.1279477 -0.1279658 -0.1279729 0.1279783 0.983486 0.1279743 -0.1279802 0.9834855 0.1279735 0.1279798 0.9834856 -0.9834867 -0.1279767 0.1279687 -0.9834867 0.1279767 -0.1279687 -0.9834892 -0.1279605 -0.127965 -0.1279713 0.9834878 0.1279653 0.1279622 0.9834894 -0.1279622 -0.1279692 0.9834876 -0.1279696 -0.1215991 -0.4915729 -0.8623049 -0.4915735 -0.1216064 -0.8623036 -0.1279745 -0.1279799 -0.9834855 -0.4488469 -0.7727066 -0.4488443 -0.4488523 -0.4488458 -0.7727025 -0.4915641 -0.8623093 -0.1216042 -0.1216025 -0.8623046 -0.4915727 -0.8623121 -0.4915588 -0.1216064 -0.8623109 -0.1215986 -0.4915625 -0.7727107 -0.4488296 -0.4488545 -0.1216045 -0.8623045 0.4915724 -0.4915776 -0.8623016 0.1216044 -0.1279705 -0.9834866 0.1279759 -0.1215987 -0.4915779 0.8623021 -0.4488503 -0.7727048 0.4488441 -0.4915704 -0.1216063 0.8623054 -0.127975 -0.1279812 0.9834852 -0.7727097 -0.4488317 0.4488538 -0.4488477 -0.4488467 0.7727046 -0.8623097 -0.491563 0.1216059 -0.8623085 -0.1216008 0.4915663 -0.491572 0.1216065 -0.8623044 -0.1215985 0.4915727 -0.8623052 -0.127977 0.1279796 -0.9834853 -0.7727072 0.4488313 -0.4488588 -0.4488518 0.4488445 -0.7727037 -0.8623097 0.4915629 -0.1216064 -0.8623078 0.1216004 -0.4915675 -0.448847 0.7727016 -0.4488527 -0.1216033 0.8623026 -0.491576 -0.4915761 0.8623027 -0.1216024 -0.1215991 0.4915767 0.8623028 -0.4915776 0.1216065 0.8623012 -0.4488466 0.7727008 0.4488543 -0.4488494 0.4488449 0.7727046 -0.491566 0.8623084 0.1216027 -0.1216037 0.8623067 0.4915687 -0.8623121 0.4915581 0.1216077 -0.8623127 0.1215983 0.4915597 -0.9834892 0.1279606 0.1279661 -0.7727102 0.448826 0.4488588 0.4915716 -0.1216075 -0.8623045 0.1215994 -0.4915745 -0.862304 0.1279785 -0.1279814 -0.9834848 0.7727041 -0.4488442 -0.4488512 0.4488521 -0.4488428 -0.7727045 0.862311 -0.4915607 -0.1216054 0.8623079 -0.1216028 -0.4915669 0.4488493 -0.7727041 -0.4488462 0.1216022 -0.8623039 -0.4915739 0.491578 -0.8623015 -0.1216028 0.1215996 -0.4915699 0.8623065 0.4915769 -0.1216074 0.8623015 0.4488512 -0.772702 0.4488476 0.4488494 -0.4488428 0.7727058 0.4915617 -0.8623108 0.1216034 0.1216043 -0.8623028 0.4915753 0.8623121 -0.4915585 0.1216065 0.8623123 -0.1216034 0.491559 0.9834907 -0.1279478 0.1279667 0.7727047 -0.448844 0.4488503 0.1215998 0.4915732 -0.8623047 0.4915736 0.1216078 -0.8623034 0.127973 0.1279786 -0.9834859 0.4488476 0.7726979 -0.4488584 0.4488535 0.448841 -0.7727046 0.4915601 0.8623118 -0.1216025 0.1216027 0.8623054 -0.4915714 0.8623118 0.4915588 -0.1216075 0.8623104 0.1216037 -0.4915621 0.772701 0.4488444 -0.4488561 0.4915702 0.1216075 0.8623053 0.1215988 0.4915696 0.8623068 0.7727026 0.4488415 0.4488565 0.4488487 0.4488417 0.7727071 0.8623108 0.4915607 0.1216073 0.8623084 0.1216031 0.4915658 0.4488493 0.7726994 0.4488541 0.1216039 0.8623017 0.4915774 0.4915798 0.8623008 0.1216002 0.1279716 0.9834876 0.1279665 0.1279696 -0.9834858 0.1279829 -0.1279713 -0.9834855 -0.1279837 0.1279689 -0.9834873 -0.1279717 0.9834875 0.1279698 0.127969 0.9834875 -0.1279698 -0.127969 0.9834874 0.1279696 -0.12797 -0.1279635 0.1279648 0.9834889 0.1279661 -0.1279688 0.983488 0.1279628 0.1279652 0.9834889 -0.983486 -0.1279758 0.1279751 -0.983486 0.1279758 -0.1279751 -0.9834846 -0.1279851 -0.1279762 -0.1279785 0.9834862 0.1279707 0.1279774 0.9834864 -0.1279698 -0.1279786 0.9834877 -0.1279595 -0.1216014 -0.4915609 -0.8623114 -0.4915735 -0.1216055 -0.8623037 -0.1279652 -0.127968 -0.9834883 -0.1215978 -0.8623034 -0.4915759 -0.4488471 -0.4488421 -0.7727078 -0.4915725 -0.8623054 -0.1215979 -0.8623062 -0.4915717 -0.1215953 -0.4488517 -0.7727105 -0.4488327 -0.8623101 -0.121607 -0.4915618 -0.7727211 -0.4488297 -0.4488363 -0.1215981 -0.862312 0.4915608 -0.4915753 -0.8623039 0.1215978 -0.1279706 -0.983487 0.1279726 -0.4488486 -0.4488404 0.7727077 -0.4488549 -0.7727098 0.4488307 -0.4915716 -0.1216052 0.8623048 -0.1216005 -0.4915636 0.8623101 -0.1279635 -0.1279661 0.9834887 -0.8623097 -0.1216047 0.4915632 -0.8623133 -0.4915589 0.1215959 -0.772723 -0.448826 0.4488367 -0.4915692 0.121604 -0.8623064 -0.1215994 0.4915512 -0.8623172 -0.1279619 0.1279644 -0.9834892 -0.8623106 0.121605 -0.4915616 -0.4488512 0.4488555 -0.7726975 -0.8623133 0.4915594 -0.1215943 -0.4488521 0.772711 -0.4488313 -0.772723 0.4488308 -0.448832 -0.121604 0.8623061 -0.4915697 -0.4915818 0.8622992 -0.1216035 -0.1215997 0.4915658 0.8623089 -0.4915707 0.1216036 0.8623055 -0.1216037 0.8623074 0.4915676 -0.448853 0.4488545 0.772697 -0.4915783 0.8623009 0.1216058 -0.8623052 0.4915737 0.1215942 -0.4488532 0.7727083 0.4488351 -0.862311 0.1216074 0.4915604 -0.9834846 0.1279851 0.1279762 -0.7727198 0.4488366 0.4488317 0.4915608 -0.1216028 -0.8623114 0.1216021 -0.4915622 -0.8623106 0.1279644 -0.1279668 -0.9834885 0.862307 -0.1216039 -0.4915683 0.4488461 -0.4488438 -0.7727071 0.8623057 -0.4915718 -0.121598 0.4915667 -0.8623084 -0.1215996 0.7727089 -0.4488503 -0.4488366 0.1216006 -0.862311 -0.491562 0.448848 -0.7727097 -0.4488375 0.1216022 -0.4915597 0.8623121 0.4915647 -0.1216036 0.8623089 0.1216008 -0.8623023 0.4915772 0.4488444 -0.4488459 0.772707 0.4915707 -0.862306 0.1216002 0.7727087 -0.4488456 0.4488418 0.4488517 -0.7727081 0.4488371 0.8623089 -0.121603 0.4915649 0.862308 -0.4915678 0.1215981 0.9834874 -0.1279696 0.12797 0.1216001 0.4915574 -0.8623136 0.4915654 0.1216034 -0.8623086 0.1279644 0.1279656 -0.9834887 0.121605 0.8623058 -0.4915699 0.4488496 0.4488534 -0.7726996 0.491576 0.8623033 -0.1215983 0.8623086 0.4915663 -0.1216005 0.44885 0.7727124 -0.4488313 0.8623073 0.1216034 -0.4915677 0.7727039 0.4488424 -0.4488534 0.4915639 0.1216037 0.8623093 0.1216031 0.491555 0.8623146 0.8623074 0.1216042 0.4915674 0.448849 0.4488365 0.7727099 0.8623055 0.491573 0.1215941 0.4915708 0.8623061 0.1216002 0.7727054 0.4488533 0.4488396 0.1216076 0.8623083 0.4915651 0.127976 0.9834881 0.1279587 0.4488421 0.7726986 0.4488628 0.1279739 -0.9834864 0.1279731 -0.1279726 -0.9834866 -0.1279734 0.1279718 -0.9834862 -0.1279774 -0.1279745 0.9834873 0.127967 0.1279727 0.9834874 -0.1279668 -0.1279718 0.983487 -0.1279712 -0.1216021 -0.4915679 -0.8623073 -0.4915741 -0.1216007 -0.8623041 -0.4488492 -0.7727086 -0.4488384 -0.4488454 -0.4488337 -0.7727135 -0.4915673 -0.8623077 -0.1216022 -0.1216047 -0.862308 -0.491566 -0.8623075 -0.4915669 -0.1216056 -0.8623079 -0.121601 -0.4915672 -0.772711 -0.4488355 -0.4488478 -0.1216054 -0.8623074 0.491567 -0.4915683 -0.8623069 0.1216037 -0.1279731 -0.9834861 0.1279775 -0.1216012 -0.4915726 0.8623048 -0.4488501 -0.7727063 0.4488413 -0.4915705 -0.1216001 0.8623061 -0.7727118 -0.4488343 0.4488478 -0.4488402 -0.4488339 0.7727164 -0.8623062 -0.4915688 0.1216062 -0.8623058 -0.1216013 0.4915709 -0.4915738 0.1216007 -0.8623042 -0.1216017 0.4915695 -0.8623065 -0.7727111 0.448834 -0.4488493 -0.448846 0.4488354 -0.7727123 -0.8623064 0.4915688 -0.1216059 -0.8623057 0.1216012 -0.491571 -0.4488458 0.7727037 -0.4488505 -0.1216042 0.8623052 -0.4915713 -0.4915665 0.8623079 -0.1216043 -0.121602 0.4915732 0.8623043 -0.4915791 0.1216006 0.8623013 -0.4488474 0.7727023 0.4488509 -0.4488431 0.4488353 0.7727138 -0.4915689 0.8623064 0.1216045 -0.1216057 0.8623093 0.4915636 -0.8623076 0.4915664 0.1216062 -0.8623102 0.1216009 0.4915632 -0.7727125 0.4488322 0.4488486 0.491572 -0.1216002 -0.8623053 0.1216015 -0.4915724 -0.8623048 0.77271 -0.4488378 -0.4488473 0.4488441 -0.4488335 -0.7727145 0.8623076 -0.4915668 -0.1216055 0.862305 -0.1216024 -0.491572 0.4488487 -0.772707 -0.4488416 0.1216041 -0.8623076 -0.4915673 0.4915687 -0.8623067 -0.1216043 0.121602 -0.4915683 0.8623071 0.4915779 -0.1216006 0.862302 0.4488511 -0.7727078 0.4488379 0.4488422 -0.4488343 0.772715 0.4915688 -0.8623069 0.1216022 0.1216061 -0.8623078 0.4915661 0.8623062 -0.491569 0.1216058 0.8623095 -0.1216023 0.4915641 0.7727113 -0.4488362 0.4488466 0.1216021 0.4915732 -0.8623044 0.4915753 0.1216007 -0.8623033 0.448846 0.7727032 -0.4488512 0.4488467 0.448835 -0.7727121 0.491567 0.8623076 -0.121605 0.1216043 0.8623094 -0.4915637 0.8623059 0.4915695 -0.1216059 0.8623083 0.1216028 -0.4915661 0.7727096 0.4488368 -0.448849 0.4915723 0.1216007 0.8623051 0.1216014 0.4915698 0.8623064 0.7727106 0.4488353 0.448849 0.4488424 0.448836 0.7727139 0.8623074 0.4915667 0.1216066 0.8623062 0.121603 0.4915698 0.4488477 0.7727027 0.4488502 0.1216056 0.8623049 0.4915714 0.4915703 0.8623057 0.1216045 0.1279737 0.9834868 0.1279709 0.1279639 -0.9834892 0.1279622 -0.1279697 -0.983488 -0.1279653 0.12797 -0.9834878 -0.1279666 0.9834883 0.1279639 0.1279693 0.9834883 -0.1279639 -0.1279694 0.9834908 0.1279477 -0.1279657 -0.1279743 0.1279799 0.9834855 0.1279729 -0.1279786 0.9834859 0.127975 0.1279814 0.9834852 -0.9834867 -0.1279767 0.1279688 -0.9834867 0.1279767 -0.1279686 -0.9834892 -0.1279605 -0.1279652 -0.1279709 0.983487 0.1279717 0.1279619 0.9834887 -0.1279687 -0.1279689 0.9834867 -0.127976 -0.1215992 -0.4915765 -0.8623028 -0.4915738 -0.1216067 -0.8623033 -0.127973 -0.1279783 -0.9834859 -0.448845 -0.7727016 -0.4488548 -0.4488529 -0.4488444 -0.7727029 -0.4915642 -0.8623093 -0.121603 -0.1216024 -0.8623068 -0.4915688 -0.8623119 -0.4915587 -0.1216076 -0.8623108 -0.1215986 -0.4915626 -0.7727086 -0.4488279 -0.4488596 -0.1216047 -0.8623024 0.4915759 -0.4915778 -0.8623017 0.1216021 -0.1279708 -0.9834873 0.1279695 -0.1215982 -0.4915728 0.8623051 -0.4488487 -0.7727009 0.4488523 -0.4915705 -0.1216064 0.8623052 -0.1279735 -0.1279796 0.9834856 -0.7727078 -0.4488301 0.448859 -0.448848 -0.448845 0.7727054 -0.8623095 -0.4915628 0.1216071 -0.8623085 -0.1216008 0.4915664 -0.4915719 0.1216064 -0.8623046 -0.1215989 0.4915778 -0.8623023 -0.1279785 0.1279813 -0.9834849 -0.7727092 0.4488328 -0.4488536 -0.4488514 0.4488462 -0.7727028 -0.8623097 0.4915629 -0.1216052 -0.8623079 0.1216005 -0.4915674 -0.4488486 0.7727054 -0.4488443 -0.1216031 0.8623047 -0.4915724 -0.491576 0.8623025 -0.1216047 -0.121599 0.4915731 0.8623048 -0.4915772 0.1216063 0.8623014 -0.4488486 0.7727058 0.448844 -0.4488489 0.4488463 0.7727043 -0.4915658 0.8623084 0.1216039 -0.1216039 0.8623044 0.4915727 -0.8623122 0.4915583 0.1216065 -0.8623127 0.1215983 0.4915596 -0.9834892 0.1279606 0.127966 -0.7727122 0.4488276 0.4488537 0.4915717 -0.1216076 -0.8623045 0.121599 -0.4915694 -0.862307 0.127977 -0.1279798 -0.9834852 0.772702 -0.4488425 -0.4488563 0.4488524 -0.4488411 -0.7727051 0.8623109 -0.4915606 -0.1216066 0.8623078 -0.1216028 -0.491567 0.4488477 -0.7727001 -0.4488544 0.1216025 -0.862302 -0.4915775 0.4915782 -0.8623018 -0.1216005 0.1215997 -0.4915734 0.8623045 0.4915773 -0.1216077 0.8623013 0.4488493 -0.7726972 0.4488582 0.4488501 -0.4488416 0.7727062 0.4915618 -0.8623109 0.1216023 0.1216041 -0.8623052 0.4915714 0.862312 -0.4915583 0.1216076 0.8623122 -0.1216034 0.4915592 0.9834907 -0.1279477 0.1279667 0.7727026 -0.4488424 0.4488554 0.1215997 0.4915698 -0.8623067 0.4915732 0.1216075 -0.8623036 0.1279745 0.1279802 -0.9834855 0.4488496 0.7727028 -0.448848 0.4488528 0.4488424 -0.7727041 0.4915599 0.8623117 -0.1216037 0.1216029 0.862303 -0.4915753 0.862312 0.491559 -0.1216063 0.8623105 0.1216037 -0.491562 0.7727031 0.448846 -0.4488511 0.4915701 0.1216074 0.8623054 0.1215992 0.4915747 0.8623039 0.7727046 0.4488431 0.4488514 0.4488483 0.4488433 0.7727062 0.8623109 0.4915609 0.1216061 0.8623085 0.1216031 0.4915658 0.4488509 0.7727034 0.4488458 0.1216036 0.8623037 0.4915739 0.4915797 0.8623005 0.1216025 0.1279713 0.9834868 0.1279729 0.1279767 -0.9834866 0.1279699 -0.1279792 -0.9834861 -0.1279706 0.1279768 -0.983488 -0.1279587 -0.1279652 0.127968 0.9834883 0.1279644 -0.1279656 0.9834887 0.1279644 0.1279668 0.9834885 -0.983486 -0.1279758 0.1279751 -0.983486 0.1279758 -0.1279751 -0.9834846 -0.1279851 -0.1279762 -0.1279713 0.9834855 0.1279837 0.1279696 0.9834858 -0.1279829 -0.1279706 0.983487 -0.1279726 -0.1216002 -0.4915657 -0.8623089 -0.4915707 -0.1216036 -0.8623055 -0.1279636 -0.1279648 -0.9834889 -0.121603 -0.8623074 -0.4915676 -0.4488521 -0.4488548 -0.7726975 -0.4915788 -0.8623007 -0.1216057 -0.8623058 -0.4915727 -0.1215938 -0.4488511 -0.7727091 -0.4488359 -0.862311 -0.1216073 -0.4915602 -0.7727212 -0.4488348 -0.4488311 -0.1216047 -0.862306 0.4915696 -0.4915814 -0.8622996 0.1216036 -0.1279777 -0.9834878 0.1279595 -0.4488527 -0.4488551 0.7726969 -0.4488542 -0.7727102 0.4488305 -0.4915695 -0.121604 0.8623062 -0.1215992 -0.4915513 0.8623172 -0.1279619 -0.1279644 0.9834892 -0.8623106 -0.121605 0.4915616 -0.8623128 -0.4915602 0.1215946 -0.7727217 -0.4488323 0.4488326 -0.4915714 0.1216052 -0.8623049 -0.1216008 0.4915635 -0.8623101 -0.1279635 0.1279661 -0.9834887 -0.8623097 0.1216047 -0.4915632 -0.4488451 0.4488416 -0.7727091 -0.8623137 0.4915583 -0.1215957 -0.448852 0.7727106 -0.448832 -0.7727228 0.4488256 -0.4488373 -0.1215979 0.862312 -0.4915608 -0.4915756 0.8623036 -0.1215978 -0.1216009 0.491561 0.8623116 -0.4915735 0.1216055 0.8623037 -0.121598 0.8623034 0.4915758 -0.44885 0.448841 0.7727066 -0.4915721 0.8623055 0.121598 -0.8623058 0.4915723 0.1215956 -0.4488545 0.7727096 0.4488313 -0.8623101 0.121607 0.491562 -0.9834846 0.1279851 0.1279762 -0.7727211 0.4488302 0.4488359 0.4915636 -0.1216037 -0.8623095 0.1216028 -0.491555 -0.8623147 0.1279628 -0.1279652 -0.9834889 0.8623074 -0.1216042 -0.4915674 0.4488484 -0.4488366 -0.7727102 0.8623059 -0.4915723 -0.121594 0.4915712 -0.8623058 -0.1216001 0.7727058 -0.4488529 -0.4488395 0.1216076 -0.8623083 -0.4915651 0.4488412 -0.7726989 -0.4488629 0.1215996 -0.4915575 0.8623137 0.4915654 -0.1216034 0.8623086 0.1216056 -0.8623058 0.4915698 0.4488468 -0.4488536 0.7727012 0.4915754 -0.8623036 0.1215984 0.8623079 -0.4915671 0.1216009 0.4488521 -0.7727114 0.4488304 0.8623085 -0.1216029 0.4915657 0.772702 -0.4488443 0.4488546 0.1216027 0.4915596 -0.862312 0.4915647 0.1216036 -0.8623089 0.1279661 0.1279688 -0.983488 0.1216006 0.8623022 -0.4915773 0.4488452 0.4488466 -0.7727062 0.4915716 0.8623056 -0.1216001 0.772708 0.4488462 -0.4488424 0.4488478 0.7727093 -0.4488384 0.8623077 0.1216035 -0.4915668 0.8623085 0.491567 -0.1215978 0.4915611 0.1216028 0.8623112 0.1216019 0.4915623 0.8623106 0.862307 0.1216039 0.4915683 0.4488496 0.4488427 0.7727059 0.8623054 0.4915725 0.1215982 0.4915659 0.8623088 0.1215997 0.7727101 0.4488496 0.4488355 0.1216008 0.862311 0.4915619 0.1279689 0.9834873 0.1279717 0.4488518 0.7727085 0.4488362 0.923005 0.3495371 -0.1608902 0.9225353 0.3749601 -0.09128934 0.923882 0.3474547 -0.1603667 0.3807131 0.843341 -0.3792542 0.3802078 0.9018435 -0.2052326 0.3826686 0.8424617 -0.3792401 -0.3807128 0.8433411 -0.3792539 -0.380205 0.9018449 -0.2052313 -0.3798521 0.9047245 -0.1928365 -0.9230051 0.3495366 -0.1608902 -0.9225346 0.3749616 -0.09128952 -0.9228038 0.3772918 -0.07800179 -0.922896 -0.3480921 0.1646057 -0.9224537 -0.3745918 0.09359616 -0.9227422 -0.3771267 0.07951331 -0.3801053 -0.83402 0.3999132 -0.3798726 -0.8992536 0.2168872 -0.3793753 -0.9027767 0.2026538 0.380105 -0.8340203 0.3999128 0.3798713 -0.8992545 0.2168858 0.3826422 -0.8328529 0.3999263 0.9228962 -0.3480916 0.1646057 0.9224531 -0.3745934 0.09359633 0.923869 -0.3457778 0.1640242 0.9238655 0.3827169 5.28491e-4 0.9231299 0.3844882 1.44812e-4 0.3826301 0.9238895 0.004734516 0.38065 0.924709 0.004332304 -0.3826314 0.9238891 0.004734456 -0.9238663 0.3827151 5.28468e-4 -0.9238756 -0.3826847 0.002512693 -0.382675 -0.9237992 0.0124492 0.3826761 -0.9237988 0.01244926 0.3812903 -0.9243672 0.01277321 0.9238746 -0.3826873 0.002512693 0.9232389 -0.3842155 0.002884685 0.9232222 0.3287667 -0.1989307 0.9233419 0.3424397 -0.1737096 0.360607 0.9325798 0.01605176 0.356897 0.9340221 0.01507759 -0.3806515 0.9247085 0.004332304 -0.3606085 0.9325792 0.01605182 -0.9231314 0.3844848 1.4479e-4 -0.9232238 0.3287622 -0.1989306 -0.9232401 -0.3842127 0.002884685 -0.9227632 -0.3289944 0.2006761 -0.3812893 -0.9243676 0.01277315 -0.3638871 -0.9312845 0.01719021 0.3638887 -0.9312838 0.01719033 0.3612822 -0.9322868 0.01779192 0.9227641 -0.3289915 0.2006766 0.9232971 -0.3419249 0.1749572 0.9198413 0.09899222 -0.3795952 0.3250864 0.5125843 -0.7947177 0.3709968 0.2470095 -0.8951804 0.3205794 0.5157601 -0.7944939 -0.3250856 0.5125877 -0.7947159 -0.3709978 0.2470102 -0.8951798 -0.3707171 0.2759681 -0.8867979 -0.919842 0.09899204 -0.3795939 -0.9168637 0.134814 -0.3757475 -0.9199844 -0.1002658 0.3789138 -0.9164301 -0.1385357 0.3754517 -0.325319 -0.5302678 0.7829328 -0.3720911 -0.2565429 0.8920392 -0.3692445 -0.2904046 0.8827931 0.3253189 -0.5302679 0.7829326 0.3720955 -0.2565444 0.892037 0.3245153 -0.5305907 0.7830476 0.9199848 -0.1002672 0.3789125 0.9168635 0.1348135 -0.3757485 0.9198424 -0.09899133 -0.3795928 0.3707163 0.2759652 -0.886799 0.3709958 -0.2470097 -0.8951807 -0.370714 -0.2759668 -0.8867996 -0.916864 -0.1348131 -0.3757472 -0.9164301 0.1385354 0.3754514 -0.3692485 0.2904032 0.8827919 0.3692488 -0.2904035 0.8827917 0.3720914 0.2565432 0.8920391 0.91643 -0.1385393 0.3754506 0.9199838 0.1002674 0.3789145 0.923223 -0.328764 -0.1989307 0.9233428 -0.342437 -0.1737098 0.3250856 -0.5125858 -0.7947171 0.3205792 -0.515761 -0.7944933 -0.3709946 -0.2470108 -0.8951809 -0.3250855 -0.5125865 -0.7947167 -0.9198419 -0.09899151 -0.3795941 -0.923224 -0.3287613 -0.1989307 -0.9199845 0.1002659 0.3789134 -0.9227633 0.3289933 0.2006772 -0.372096 0.2565439 0.8920369 -0.3253209 0.5302655 0.7829335 0.3253202 0.5302686 0.7829317 0.324517 0.5305916 0.7830463 0.9227628 0.3289944 0.2006774 0.9232958 0.3419279 0.174958 0.9231298 -0.3844885 1.44819e-4 0.3606078 -0.9325795 0.01605176 0.3806504 -0.924709 0.004332363 0.3568979 -0.9340218 0.01507765 -0.3606076 -0.9325795 0.01605176 -0.3806515 -0.9247086 0.004332244 -0.3826313 -0.9238891 0.004734456 -0.9231319 -0.3844836 1.44789e-4 -0.923867 -0.3827136 5.28467e-4 -0.9232397 0.3842139 0.002884685 -0.923875 0.382686 0.002512693 -0.3638856 0.9312851 0.01719015 -0.3812893 0.9243676 0.01277315 -0.3826752 0.9237992 0.0124492 0.3638904 0.9312832 0.01719039 0.3812904 0.9243672 0.01277321 0.3612841 0.9322861 0.01779204 0.9232392 0.384215 0.002884685 0.9238654 -0.3827171 5.28499e-4 0.9225358 -0.3749587 -0.0912894 0.3826302 -0.9238895 0.004734516 0.3802075 -0.9018437 -0.2052325 -0.3802046 -0.9018453 -0.2052304 -0.3798516 -0.904725 -0.1928355 -0.9225348 -0.3749611 -0.0912894 -0.9228042 -0.3772906 -0.07800173 -0.9224535 0.3745922 0.09359622 -0.9227418 0.3771278 0.07951337 -0.3798733 0.8992528 0.2168884 -0.3793761 0.9027762 0.2026551 0.382676 0.9237987 0.01244926 0.3798718 0.8992542 0.2168861 0.9238748 0.3826869 0.002512693 0.9224525 0.3745947 0.09359622 0.9230055 -0.3495357 -0.1608904 0.9238824 -0.3474534 -0.1603669 0.3807139 -0.8433399 -0.3792553 0.3826696 -0.8424606 -0.3792415 -0.3807137 -0.8433404 -0.379255 -0.923004 -0.3495396 -0.1608901 -0.9228971 0.348089 0.1646058 -0.3801059 0.8340194 0.3999143 0.3801053 0.8340198 0.3999136 0.3826425 0.8328524 0.3999271 0.9228956 0.3480931 0.1646056 0.9238685 0.3457792 0.1640241 0 -0.4190582 -0.9079595 0 -0.4190589 -0.9079591 0 -0.419059 -0.9079591 2.2962e-6 0.4190558 -0.9079606 0 0.4190673 -0.9079553 -5.14972e-7 0.4190587 -0.9079592 -0.4999964 0.8660275 0 -0.433014 0.8660245 0.250001 -0.4330151 0.8660238 0.2500014 -1 0 -6.80615e-6 -0.8660211 0 0.5000077 -1 0 7.199e-6 -0.4999964 -0.8660275 3.35725e-7 -0.4330087 -0.8660285 0.2499962 -0.4999969 -0.8660272 0 0.5000043 -0.866023 0 0.4330112 -0.8660266 -0.2499986 0.4330102 -0.8660282 -0.2499949 1 0 3.45706e-6 0.8660214 0 -0.5000069 1 0 -5.52933e-6 0.5000043 0.866023 7.26715e-7 0.4330109 0.8660257 -0.2500021 0.5000079 0.866021 1.12954e-6 -0.2500002 0.8660234 0.4330168 -0.8660282 0 0.4999954 -0.4999957 0 0.866028 -0.4330102 -0.8660276 0.2499969 -0.2500035 -0.8660205 0.4330205 0.2499966 -0.8660273 -0.4330108 0.2499958 -0.8660278 -0.4330104 0.8660266 0 -0.499998 0.4999997 0 -0.8660256 0.4330095 0.8660269 -0.2500005 0.2499966 0.8660273 -0.4330108 -0.25 0.8660241 0.4330152 -4.03707e-7 0.8660256 0.4999997 -0.5000079 0 0.8660209 7.02222e-6 0 1 -3.92203e-7 -0.866025 0.5000007 -3.74538e-7 -0.8660262 0.4999986 -1.36958e-7 -0.8660249 -0.500001 0.5000078 0 -0.8660209 -5.05791e-6 0 -1 -1.31368e-7 0.8660249 -0.500001 0 0.8660254 -0.5000001 0.25 0.8660244 0.4330149 0.2500002 0.8660241 0.4330151 -7.02222e-6 0 1 0.5000079 0 0.8660209 0.2500002 -0.8660262 0.433011 -0.2499998 -0.8660246 -0.4330144 -0.2499999 -0.866024 -0.4330157 3.36867e-6 0 -1 -0.5000046 0 -0.8660228 -0.2499997 0.8660244 -0.4330149 0.4330086 0.8660275 0.2499997 0.4999957 0 0.866028 0.8660282 0 0.4999954 0.2499997 -0.8660244 0.4330149 0.4330108 -0.8660265 0.2499999 -0.4330134 -0.8660266 -0.2499948 -0.4999975 0 -0.8660268 -0.8660267 0 -0.4999978 -0.4330126 0.866025 -0.2500018 -0.4330121 0.8660252 -0.2500022 0.4330092 0.8660268 0.2500017 0.4999951 0.8660283 0 0.8660211 0 0.5000077 1 0 -6.80615e-6 0.4999951 -0.8660283 -3.07487e-7 0.4999969 -0.8660272 0 -0.4330127 -0.8660265 -0.2499962 -0.5000059 -0.8660221 0 -0.8660229 0 -0.5000046 -1 0 5.02845e-6 -0.5000059 0.8660221 -8.94418e-7 -0.5000079 0.866021 -1.20484e-6 0.4330098 0.8660272 -0.2499988 0.4330089 0.8660279 -0.249998 1 0 7.199e-6 0.8660211 0 -0.5000076 0.4330081 -0.8660284 -0.2499976 -0.4330125 -0.8660259 0.2499989 -0.4330122 -0.8660269 0.2499962 -1 0 -3.94812e-6 -0.8660215 0 0.5000069 -0.433012 0.8660252 0.2500025 0.2500005 0.8660238 -0.4330155 0.8660281 0 -0.4999954 0.4999953 0 -0.8660283 0.4330074 -0.866029 -0.2499969 0.2500011 -0.8660232 -0.4330166 -0.2499991 -0.8660251 0.4330141 -0.2499987 -0.8660249 0.4330145 -0.8660266 0 0.499998 -0.4999988 0 0.8660262 -0.4330115 0.8660255 0.2500017 -0.2499991 0.8660251 0.4330141 0.250001 0.8660242 -0.4330146 -3.78606e-7 0.8660256 -0.4999997 0.5000075 0 -0.8660212 -7.02222e-6 0 -1 -3.92203e-7 -0.8660251 -0.5000008 -3.74538e-7 -0.8660262 -0.4999986 -1.34163e-7 -0.8660249 0.500001 -0.5000072 0 0.8660213 5.37219e-6 0 1 -1.34163e-7 0.8660249 0.500001 -0.2500039 0.8660209 -0.4330196 -0.250006 0.8660192 -0.4330216 7.02222e-6 0 -1 -0.5000075 0 -0.8660212 -0.2500011 -0.8660252 -0.4330127 0.2499958 -0.8660284 0.4330093 0.2499946 -0.8660287 0.4330091 -3.69277e-6 0 1 0.5000039 0 0.8660231 0.2499957 0.8660283 0.4330098 -0.4330108 0.8660264 -0.2499999 -0.4999953 0 -0.8660283 -0.8660281 0 -0.4999954 -0.2500011 -0.866023 -0.433017 -0.4330149 -0.8660237 -0.2500025 0.4330082 -0.86603 0.2499924 0.4999966 0 0.8660274 0.8660267 0 0.4999978 0.4330074 0.8660283 0.2499994 0.4330093 0.8660268 0.2500014 -0.4330094 0.866027 -0.2500002 -0.8660211 0 -0.5000076 0.4330099 -0.8660282 0.2499955 0.8660229 0 0.5000045 0.4899263 -0.5261754 0.6950623 0.4317361 -0.533056 0.7276368 0.4227716 -0.5338876 0.7322761 1 9.0566e-7 0 1 3.31861e-6 0 1 3.7802e-6 0 0.4843102 0.5830211 -0.6523266 0.4170839 0.5902012 -0.691161 0.4032536 0.5912123 -0.698466 -0.4843097 0.5830226 -0.6523257 -0.4170811 0.590209 -0.6911562 -0.4993303 0.5808724 -0.6428504 -1 7.56575e-6 0 -0.4899286 -0.5261694 0.6950654 -0.4317342 -0.5330621 0.7276335 -0.4998939 -0.5247189 0.6890401 0.3970962 0.6249955 0.6720829 0.445115 0.6177451 0.6482775 0.3899443 0.6259066 0.6754142 1 1.84411e-6 0 0.3861831 -0.6754465 -0.6281996 0.447363 -0.6699067 -0.5925297 0.3682624 -0.6764072 -0.6378527 -0.3861827 -0.6754471 -0.6281992 -0.4473615 -0.6699093 -0.5925278 -0.4707185 -0.666818 -0.5777353 -1 1.48951e-6 0 -1 5.39325e-7 0 -0.3970938 0.6250013 0.6720787 -0.4451155 0.617744 0.6482781 -0.454834 0.6160269 0.6431462 0.4615285 0.8749527 -0.1464558 0.4925008 0.8567691 -0.1529368 0.4548067 0.8787003 -0.1450405 1 2.32798e-6 0 1 1.69535e-6 0 0.4540156 -0.8690106 0.1966993 0.4884149 -0.8480896 0.2054139 0.4437451 -0.8748868 0.1940711 -0.4540212 -0.8690071 0.1967018 -0.4884172 -0.8480882 0.2054149 -0.4996172 -0.8408488 0.2082216 -1 5.93372e-6 0 -1 7.18317e-6 0 -0.4615237 0.8749554 -0.1464542 -0.4924991 0.8567702 -0.1529363 -0.4999333 0.8521749 -0.154482 -1.86704e-6 -0.7808653 -0.6246995 3.73401e-6 -0.780871 -0.6246923 0 -0.7808668 -0.6246977 0 -0.196118 -0.9805803 0 -0.1961157 -0.9805808 0 -0.1961171 -0.9805805 -0.4999964 0.8660275 3.36771e-7 -0.433014 0.8660243 0.2500019 -0.4330147 0.866023 0.2500048 -0.4999964 -0.8660275 0 -0.4330084 -0.8660278 0.2499995 -0.4999969 -0.8660272 0 0.5000044 -0.866023 7.2951e-7 0.4330109 -0.8660257 -0.2500021 0.4330095 -0.8660269 -0.2500005 1 0 5.02845e-6 0.8660229 0 -0.5000046 1 0 -3.94812e-6 0.5000043 0.866023 0 0.4330113 0.8660266 -0.2499986 0.5000079 0.8660209 0 -0.2500006 0.8660233 0.4330165 -0.4330099 -0.8660271 0.2499991 -0.2500036 -0.8660216 0.4330184 0.8660267 0 -0.4999978 0.4999975 0 -0.8660268 0.4330102 0.8660282 -0.2499949 -0.2500007 0.8660253 0.4330127 -3.91157e-7 0.8660251 0.5000008 -3.99524e-7 -0.8660256 0.4999997 0.5000046 0 -0.8660228 -3.36867e-6 0 -1 0.25 0.8660237 0.4330163 0.2500001 0.8660231 0.4330174 0.2499994 -0.8660246 0.4330149 -0.2499997 -0.8660244 -0.4330149 5.05791e-6 0 -1 -0.5000078 0 -0.8660209 -0.2499998 0.8660246 -0.4330144 0.4330089 0.8660283 0.2499967 0.2499992 -0.8660239 0.4330161 0.4330108 -0.8660266 0.2499993 -0.4330126 -0.866025 -0.2500018 -0.4999997 0 -0.8660256 -0.8660266 0 -0.499998 -0.4330134 0.8660266 -0.2499948 -0.4330127 0.8660266 -0.2499963 0.4330095 0.8660275 0.2499983 0.4999952 0.8660283 -3.10624e-7 0.4999951 -0.8660283 0 0.4999969 -0.8660272 0 -0.433012 -0.8660252 -0.2500021 -0.5000059 -0.8660221 -8.95816e-7 -0.8660214 0 -0.5000069 -1 0 3.45706e-6 -0.5000058 0.8660221 0 -0.5000079 0.8660209 0 0.4330097 0.8660271 -0.2499996 0.4330086 0.8660271 -0.2500016 0.4330079 -0.8660277 -0.250001 -0.433012 -0.8660252 0.2500025 -0.4330115 -0.8660255 0.2500017 -1 0 -5.52933e-6 -0.8660229 0 0.5000045 -0.4330125 0.8660259 0.2499989 0.250001 0.8660238 -0.4330152 0.4330072 -0.8660285 -0.2499991 0.2500013 -0.8660242 -0.4330144 -0.8660267 0 0.4999978 -0.4999966 0 0.8660274 -0.4330122 0.8660268 0.2499962 0.2500016 0.8660253 -0.433012 -3.91157e-7 0.866025 -0.5000007 -3.75469e-7 -0.8660256 -0.4999998 -0.5000039 0 0.8660231 3.69277e-6 0 1 -0.2500038 0.8660202 -0.4330209 -0.2500059 0.8660181 -0.4330239 -0.2500002 -0.8660235 -0.4330165 0.2499957 -0.8660281 0.4330097 -5.37219e-6 0 1 0.5000072 0 0.8660213 0.2499958 0.8660284 0.4330093 -0.4330112 0.8660272 -0.2499969 -0.2500006 -0.8660225 -0.4330182 -0.4330149 -0.8660238 -0.2500019 0.4330074 -0.8660283 0.2499994 0.4999988 0 0.8660262 0.8660266 0 0.499998 0.4330082 0.86603 0.2499924 0.4330099 0.8660281 0.2499955 -0.4330098 0.8660278 -0.249997 0.4330092 -0.8660267 0.2500014 0.8660215 0 0.5000069 -0.4899286 0.5261694 0.6950654 -0.4317342 0.5330621 0.7276335 -0.4227692 0.5338955 0.7322718 -1 -7.56575e-6 0 -1 -7.6972e-6 0 -0.4843097 -0.5830226 -0.6523257 -0.4170811 -0.590209 -0.6911562 -0.4032502 -0.5912212 -0.6984603 0.4843102 -0.5830211 -0.6523266 0.4170839 -0.5902012 -0.691161 0.4993303 -0.5808724 -0.6428504 1 -9.0566e-7 0 1 -3.31861e-6 0 0.4899263 0.5261754 0.6950623 0.4317361 0.533056 0.7276368 0.4998909 0.5247271 0.689036 -0.3970938 -0.6250013 0.6720787 -0.4451155 -0.617744 0.6482781 -0.3899416 -0.6259135 0.6754095 -1 -1.48951e-6 0 -0.3861827 0.6754471 -0.6281992 -0.4473615 0.6699093 -0.5925278 -0.3682624 0.6764072 -0.6378527 0.3861831 0.6754465 -0.6281996 0.447363 0.6699067 -0.5925297 0.4707205 0.6668145 -0.5777377 1 -1.84411e-6 0 1 -2.32798e-6 0 0.3970962 -0.6249955 0.6720829 0.445115 -0.6177451 0.6482775 0.4548329 -0.6160292 0.6431447 -0.4615237 -0.8749554 -0.1464542 -0.4924991 -0.8567702 -0.1529363 -0.4548013 -0.8787034 -0.1450388 -1 -5.39325e-7 0 -1 -5.93372e-6 0 -0.4540212 0.8690071 0.1967018 -0.4884172 0.8480882 0.2054149 -0.4437517 0.8748828 0.1940739 0.4540156 0.8690106 0.1966993 0.4884149 0.8480896 0.2054139 0.4996159 0.8408495 0.208221 1 -1.69535e-6 0 1 -2.05233e-6 0 0.4615285 -0.8749527 -0.1464558 0.4925008 -0.8567691 -0.1529368 0.4999343 -0.8521744 -0.1544823 1.86704e-6 0.7808653 -0.6246995 -3.73401e-6 0.780871 -0.6246923 0 0.7808668 -0.6246977 0 0.1961186 -0.9805802 0 0.1961168 -0.9805806 0 0.1961172 -0.9805805 0.9230033 0.3495417 -0.1608899 0.9225373 0.374955 -0.09128952 0.9238799 0.3474605 -0.1603664 0.3807125 0.8433418 -0.3792528 0.3802089 0.9018428 -0.2052332 0.3826677 0.8424628 -0.3792384 -0.3807134 0.8433409 -0.3792537 -0.3802098 0.9018425 -0.2052333 -0.3798573 0.9047219 -0.1928386 -0.9230043 0.3495392 -0.1608901 -0.9225369 0.374956 -0.09128946 -0.9228066 0.3772847 -0.07800179 -0.9228988 -0.3480843 0.1646062 -0.922451 -0.3745985 0.09359604 -0.9227389 -0.3771352 0.07951319 -0.3801081 -0.8340179 0.3999151 -0.3798692 -0.8992555 0.2168848 -0.3793715 -0.9027791 0.2026512 0.3801081 -0.8340179 0.3999151 0.3798692 -0.8992555 0.2168848 0.3826457 -0.83285 0.3999291 0.9228988 -0.3480844 0.1646062 0.9224504 -0.3745998 0.09359604 0.9238723 -0.3457687 0.1640248 0.9238651 0.382718 5.28493e-4 0.9231295 0.3844893 1.44814e-4 0.3826311 0.9238892 0.004734516 0.3806507 0.9247089 0.004332423 -0.3826317 0.9238889 0.004734575 -0.9238659 0.3827162 5.28489e-4 -0.9238762 -0.3826833 0.002512693 -0.3826758 -0.9237989 0.01244872 0.3826763 -0.9237986 0.01244878 0.3812912 -0.9243669 0.01277279 0.9238752 -0.3826856 0.002512693 0.9232401 -0.3842128 0.002884685 0.9232221 0.3287668 -0.1989306 0.3606063 0.9325801 0.01605272 0.3568956 0.9340226 0.01507872 -0.3806511 0.9247087 0.004332482 -0.3606063 0.93258 0.01605272 -0.9231304 0.3844871 1.4481e-4 -0.9232228 0.3287648 -0.1989307 -0.9232411 -0.3842104 0.002884685 -0.9227654 -0.3289878 0.2006767 -0.3812904 -0.9243671 0.01277279 -0.3638906 -0.9312831 0.01719027 0.3638904 -0.9312831 0.01719027 0.3612847 -0.9322859 0.01779204 0.922765 -0.3289892 0.2006766 0.9232985 -0.3419209 0.1749572 0.9198413 0.09899264 -0.3795952 0.3250861 0.5125857 -0.794717 0.3709971 0.2470099 -0.8951801 0.320579 0.5157619 -0.7944929 -0.325086 0.5125858 -0.7947168 -0.3709982 0.2470092 -0.8951798 -0.3707174 0.275967 -0.8867981 -0.9198418 0.09899258 -0.3795939 -0.9168635 0.1348155 -0.3757474 -0.919984 -0.1002695 0.3789136 -0.9164288 -0.1385448 0.3754512 -0.3253203 -0.530263 0.7829356 -0.3720915 -0.2565447 0.8920385 -0.3692448 -0.290408 0.8827919 0.3253203 -0.530263 0.7829355 0.372096 -0.2565459 0.8920363 0.3245168 -0.5305843 0.7830512 0.9199846 -0.1002691 0.3789123 0.9168633 0.1348143 -0.3757485 0.9198424 -0.09899187 -0.3795928 0.3707166 0.2759652 -0.8867989 0.3709961 -0.247009 -0.8951807 -0.3707143 -0.2759661 -0.8867996 -0.9168637 -0.1348146 -0.3757471 -0.9164291 0.1385445 0.375451 -0.3692488 0.290407 0.8827905 0.3692491 -0.2904065 0.8827906 0.3720918 0.2565451 0.8920383 0.9164295 -0.1385428 0.3754503 0.9199837 0.1002689 0.3789144 0.9232225 -0.3287657 -0.1989306 0.9233422 -0.3424386 -0.1737096 0.3250856 -0.5125856 -0.7947171 0.3205791 -0.5157617 -0.794493 -0.3709949 -0.2470105 -0.8951809 -0.3250855 -0.5125865 -0.7947167 -0.9198418 -0.09899258 -0.379594 -0.9232226 -0.3287655 -0.1989306 -0.9199841 0.10027 0.3789131 -0.922765 0.3289886 0.2006776 -0.3720964 0.2565463 0.8920361 -0.3253217 0.5302626 0.7829351 0.3253218 0.5302622 0.7829355 0.324519 0.5305832 0.783051 0.9227648 0.3289892 0.2006775 0.9232984 0.3419207 0.1749581 0.9231299 -0.3844883 1.44815e-4 0.3606069 -0.9325798 0.01605272 0.3806509 -0.9247088 0.004332423 0.3568963 -0.9340223 0.01507872 -0.3606072 -0.9325797 0.01605278 -0.3806512 -0.9247086 0.004332482 -0.3826317 -0.9238889 0.004734575 -0.9231301 -0.3844879 1.44811e-4 -0.9238657 -0.3827168 5.28489e-4 -0.9232413 0.3842098 0.002884685 -0.9238764 0.3826827 0.002512693 -0.3638899 0.9312834 0.01719027 -0.3812905 0.924367 0.01277279 -0.3826758 0.9237989 0.01244872 0.3638899 0.9312834 0.01719027 0.381291 0.9243669 0.01277279 0.9232398 0.3842135 0.002884685 0.9238656 -0.3827171 5.28494e-4 0.9225375 -0.3749545 -0.09128952 0.3826313 -0.9238891 0.004734516 0.3802096 -0.9018425 -0.2052333 -0.3802105 -0.9018421 -0.2052335 -0.379858 -0.9047216 -0.1928387 -0.9225372 -0.3749553 -0.09128952 -0.922807 -0.3772839 -0.07800185 -0.9224507 0.3745992 0.09359604 -0.9227385 0.377136 0.07951319 -0.3798685 0.8992559 0.2168847 -0.3793706 0.9027793 0.202651 0.3826763 0.9237986 0.01244878 0.379869 0.8992556 0.2168846 0.9238749 0.3826864 0.002512693 0.9224506 0.3745993 0.09359604 0.9230036 -0.349541 -0.1608901 0.9238802 -0.3474597 -0.1603665 0.3807125 -0.8433417 -0.3792531 0.3826676 -0.8424627 -0.3792387 -0.3807129 -0.8433414 -0.3792535 -0.9230039 -0.3495401 -0.1608901 -0.9228991 0.3480834 0.1646062 -0.3801079 0.8340178 0.3999155 0.3801074 0.8340183 0.3999149 0.382645 0.8328503 0.3999289 0.9228985 0.3480851 0.1646061 0.923872 0.3457695 0.1640247 0 -0.4190573 -0.9079599 0 -0.4190542 -0.9079613 0 -0.419057 -0.9079599 -9.18498e-7 0.4190559 -0.9079604 0 0.4190558 -0.9079605 -4.59222e-7 0.419057 -0.9079599 -0.4999979 0.8660266 0 -0.4330139 0.8660244 0.2500018 -0.4330147 0.8660238 0.2500021 -1 0 -6.83561e-6 -0.8660207 0 0.5000083 -1 0 7.16953e-6 -0.4999985 -0.8660263 0 -0.4330161 -0.8660228 0.2500033 -0.4999969 -0.8660273 0 0.4999992 -0.8660259 0 0.4330114 -0.8660261 -0.2500005 0.4330117 -0.8660264 -0.2499986 1 0 4.22311e-6 0.8660221 0 -0.5000057 1 0 -4.72399e-6 0.5000001 0.8660253 0 0.4330122 0.866025 -0.2500025 0.4999997 0.8660256 0 -0.2500005 0.866024 0.4330153 -0.2499997 0.8660234 0.4330168 -0.866028 0 0.4999955 -0.4999952 0 0.8660283 -0.4330171 -0.8660225 0.2500024 -0.2500003 -0.8660255 0.4330123 0.2499989 -0.8660261 -0.433012 0.2499993 -0.8660259 -0.4330121 0.8660271 0 -0.499997 0.4999986 0 -0.8660262 0.4330124 0.8660248 -0.2500028 0.2499989 0.8660261 -0.433012 0 0.8660269 0.4999977 7.0124e-6 0 1 0 -0.8660269 0.4999977 0 -0.8660274 0.4999969 0 -0.866026 -0.4999992 0 -0.8660254 -0.5000001 0.5000071 0 -0.8660213 -4.20347e-6 0 -1 0.2499992 0.866026 -0.4330121 0 0.866026 -0.4999992 0.2499997 0.8660255 0.4330126 0.2499982 0.8660256 0.4330133 -7.0124e-6 0 1 0.500006 0 0.866022 0.2500004 -0.8660249 0.4330137 -0.2499986 -0.8660274 -0.4330099 4.20347e-6 0 -1 -0.5000043 0 -0.866023 -0.2499992 0.8660287 -0.4330066 -0.2499986 0.8660284 -0.4330076 0.4330152 0.866024 0.2500006 0.4999942 0 0.8660289 0.8660287 0 0.4999944 0.4330145 -0.8660242 0.2500013 0.4330136 -0.8660246 0.2500015 -0.2499983 -0.8660274 -0.4330098 -0.4330117 -0.8660266 -0.2499981 -0.4999976 0 -0.8660269 -0.8660278 0 -0.4999959 -0.4330111 0.8660258 -0.250002 -0.4330109 0.8660252 -0.2500042 0.4330147 0.8660241 0.2500012 0.499998 0.8660266 0 0.8660218 0 0.5000063 1 0 -6.83561e-6 0.4999979 -0.8660266 0 0.4999969 -0.8660273 0 -0.4330115 -0.8660259 -0.2500003 -0.4999991 -0.8660259 0 -0.8660237 0 -0.5000029 -1 0 4.22311e-6 -0.4999992 0.8660259 0 -0.4999997 0.8660256 0 0.433015 0.8660236 -0.250003 0.4330155 0.8660235 -0.250002 1 0 7.16953e-6 0.8660207 0 -0.5000082 0.433014 -0.8660243 -0.2500019 -0.4330111 -0.8660262 0.2500004 -0.4330108 -0.8660269 0.2499983 -1 0 -4.72399e-6 -0.8660222 0 0.5000057 -0.4330102 0.8660263 0.2500016 0.2500005 0.8660256 -0.4330121 0.2499992 0.866026 -0.433012 0.866028 0 -0.4999957 0.4999948 0 -0.8660284 0.4330148 -0.866024 -0.2500016 0.2500011 -0.8660251 -0.4330127 -0.2499988 -0.8660266 0.4330113 -0.2499988 -0.8660265 0.4330112 -0.8660271 0 0.499997 -0.4999977 0 0.8660267 -0.4330101 0.8660266 0.2500005 -0.249999 0.8660278 0.4330086 0 0.8660268 -0.4999976 0.5000075 0 -0.8660212 -7.0124e-6 0 -1 0 -0.8660269 -0.4999977 0 -0.8660274 -0.4999969 0 -0.866026 0.4999992 0 -0.8660254 0.5000001 -0.5000064 0 0.8660218 4.51775e-6 0 1 -0.2499994 0.866028 0.433008 0 0.866026 0.4999992 -0.2500004 0.8660238 -0.4330157 -0.2499994 0.8660231 -0.4330177 7.0124e-6 0 -1 -0.5000055 0 -0.8660222 -0.250001 -0.8660247 -0.4330139 0.2499996 -0.8660268 0.4330103 -4.51775e-6 0 1 0.5000036 0 0.8660234 0.2499995 0.8660268 0.4330102 0.2499993 0.8660267 0.4330107 -0.4330143 0.8660243 -0.250001 -0.4999938 0 -0.866029 -0.8660287 0 -0.4999945 -0.4330169 -0.8660227 -0.2500027 -0.4330158 -0.8660229 -0.2500033 0.2499993 -0.866027 0.4330102 0.4330114 -0.8660266 0.249998 0.4999966 0 0.8660274 0.8660278 0 0.4999959 0.4330126 0.8660243 0.2500041 0.4330124 0.8660242 0.2500048 -0.4330139 0.8660249 -0.2500004 -0.8660218 0 -0.5000063 0.4330111 -0.8660262 0.2500002 0.8660238 0 0.5000029 0.4899291 -0.5261676 0.6950662 0.4317343 -0.5330618 0.7276336 0.4227692 -0.5338955 0.7322718 1 -2.62573e-6 0 1 8.02008e-7 0 1 9.45049e-7 0 0.4843078 0.5830267 -0.6523236 0.4170842 0.5902002 -0.6911617 0.4032544 0.59121 -0.6984674 -0.4843078 0.5830267 -0.6523236 -0.4170842 0.5902002 -0.6911617 -0.4993272 0.5808794 -0.6428464 -1 2.26415e-7 0 -1 8.59074e-7 0 -0.4899291 -0.5261676 0.6950662 -0.4317343 -0.5330618 0.7276336 -0.4998946 -0.5247169 0.6890411 0.3970927 0.6250042 0.6720767 0.4451158 0.6177436 0.6482784 0.3899403 0.6259168 0.6754071 1 1.61359e-6 0 0.3861858 -0.67544 -0.6282048 0.4473605 -0.6699106 -0.5925271 0.3682667 -0.6763978 -0.6378602 -0.3861856 -0.6754404 -0.6282046 -0.4473595 -0.6699123 -0.592526 -0.4707146 -0.6668247 -0.5777305 -1 6.9154e-7 0 -1 5.07023e-7 0 -0.3970927 0.6250043 0.6720767 -0.4451156 0.6177439 0.6482782 -0.4548344 0.6160261 0.6431468 0.4615244 0.874955 -0.1464545 0.4925031 0.8567677 -0.1529375 0.4548013 0.8787034 -0.1450388 1 1.9792e-6 0 1 8.47674e-7 0 0.4540231 -0.8690058 0.1967026 0.4884146 -0.8480898 0.2054138 0.443755 -0.8748808 0.1940754 -0.4540231 -0.8690059 0.1967026 -0.4884144 -0.8480899 0.2054138 -0.4996129 -0.8408517 0.2082198 -1 -3.3907e-6 0 -1 -4.10467e-6 0 -0.461524 0.8749554 -0.1464543 -0.4925007 0.8567692 -0.1529368 -0.4999352 0.8521738 -0.1544826 9.33505e-7 -0.7808677 -0.6246964 0 -0.780867 -0.6246973 -9.33515e-7 -0.7808678 -0.6246964 0 -0.1961184 -0.9805802 0 -0.1961187 -0.9805802 0 -0.1961189 -0.9805802 -0.4330148 0.866024 0.2500014 -0.8660218 0 0.5000063 0.4999992 -0.8660259 0 0.4330111 -0.8660255 -0.2500023 0.4330113 -0.8660258 -0.2500012 0.8660237 0 -0.5000029 0.5000001 0.8660253 0 0.4330124 0.8660254 -0.2500007 0.4999997 0.8660256 0 -0.250001 0.8660251 0.433013 -0.2500003 0.866025 0.4330136 -0.8660287 0 0.4999944 -0.4999942 0 0.8660289 0.2499993 -0.8660272 -0.4330095 0.2499998 -0.8660274 -0.4330088 0.8660278 0 -0.4999959 0.4999976 0 -0.8660269 0.4330128 0.8660256 -0.249999 -0.500006 0 0.866022 0.5000043 0 -0.866023 0.2499997 0.8660255 0.433013 0.25 -0.866024 0.4330157 -0.5000071 0 -0.8660213 -0.2499986 0.8660274 -0.4330099 -0.2499982 0.8660275 -0.4330098 0.4330152 0.8660238 0.2500019 0.4999952 0 0.8660283 0.866028 0 0.4999955 0.4330145 -0.8660243 0.2500008 0.4330137 -0.866025 0.2500001 -0.2499982 -0.8660272 -0.4330102 -0.4330111 -0.8660253 -0.2500033 -0.4999986 0 -0.8660262 -0.8660271 0 -0.499997 -0.4330115 0.8660266 -0.2499979 -0.4330113 0.8660261 -0.2500002 0.4330146 0.8660238 0.2500027 0.8660207 0 0.5000083 -0.4330111 -0.866025 -0.2500042 -0.4999992 -0.866026 0 -0.8660221 0 -0.5000057 -0.4999992 0.8660259 0 -0.4999997 0.8660256 0 0.8660218 0 -0.5000063 -0.4330108 -0.8660257 0.2500022 -0.4330102 -0.866026 0.2500021 -0.8660238 0 0.5000029 -0.4330104 0.8660267 0.2499997 0.8660287 0 -0.4999945 0.4999938 0 -0.866029 0.4330147 -0.8660238 -0.2500022 0.2500007 -0.866024 -0.4330151 -0.8660278 0 0.4999959 -0.4999966 0 0.8660274 -0.4330105 0.8660272 0.2499978 -0.2499985 0.8660267 0.4330111 0.5000055 0 -0.8660222 -0.5000036 0 0.8660234 -0.2499988 0.8660266 0.4330112 -0.2500007 0.8660248 -0.4330136 -0.25 0.8660245 -0.4330145 -0.5000075 0 -0.8660212 -0.250001 -0.8660247 -0.4330135 0.2500002 -0.8660283 0.4330071 0.5000064 0 0.8660218 0.2499994 0.8660268 0.4330102 -0.4330142 0.8660242 -0.2500015 -0.4999948 0 -0.8660284 -0.866028 0 -0.4999957 -0.433017 -0.866023 -0.2500016 -0.433016 -0.8660233 -0.2500018 0.2499997 -0.8660278 0.4330081 0.4330109 -0.8660257 0.2500022 0.4999977 0 0.8660267 0.8660271 0 0.499997 0.4330133 0.8660255 0.2499989 0.4330129 0.8660252 0.2500008 -0.4330136 0.8660244 -0.2500018 -0.8660207 0 -0.5000082 0.4330107 -0.8660253 0.2500042 0.8660222 0 0.5000057 -0.4899291 0.5261676 0.6950662 -0.4317343 0.5330618 0.7276336 -1 -2.26415e-7 0 -1 -8.59074e-7 0 -1 -9.45049e-7 0 -0.4843078 -0.5830267 -0.6523236 -0.4170842 -0.5902002 -0.6911617 -0.4032544 -0.59121 -0.6984674 0.4843078 -0.5830267 -0.6523236 0.4170842 -0.5902002 -0.6911617 0.4993272 -0.5808794 -0.6428464 1 2.62573e-6 0 1 -8.02008e-7 0 1 3.26942e-6 0 0.4899291 0.5261676 0.6950662 0.4317343 0.5330618 0.7276336 0.4998946 0.5247169 0.6890411 -0.3970927 -0.6250043 0.6720767 -0.4451156 -0.6177439 0.6482782 -0.3899403 -0.6259168 0.6754071 -1 -6.9154e-7 0 -0.3861856 0.6754404 -0.6282046 -0.4473595 0.6699123 -0.592526 -0.3682667 0.6763978 -0.6378602 0.3861858 0.67544 -0.6282048 0.4473605 0.6699106 -0.5925271 0.4707159 0.6668224 -0.5777321 1 -1.61359e-6 0 1 -1.9792e-6 0 0.3970927 -0.6250042 0.6720767 0.4451158 -0.6177436 0.6482784 0.4548345 -0.6160257 0.6431469 -0.461524 -0.8749554 -0.1464543 -0.4925007 -0.8567692 -0.1529368 -1 -5.07023e-7 0 -1 3.3907e-6 0 -0.4540231 0.8690059 0.1967026 -0.4884144 0.8480899 0.2054138 -0.443755 0.8748808 0.1940754 0.4540231 0.8690058 0.1967026 0.4884146 0.8480898 0.2054138 0.4996131 0.8408515 0.2082198 1 -8.47674e-7 0 1 -1.02617e-6 0 0.4615244 -0.874955 -0.1464545 0.4925031 -0.8567677 -0.1529375 0.4999381 -0.8521719 -0.1544834 1.867e-6 0.7808671 -0.6246972 -3.73405e-6 0.7808653 -0.6246997 0 0.7808673 -0.624697 0 0.1961189 -0.9805802 0 0.1961186 -0.9805803 0 0.196119 -0.9805802 -6.52132e-6 1 0 0.5000089 0.8660204 0 7.22846e-6 1 0 0.4999932 0.8660294 0 0.8660272 0.4999968 0 0.8660232 0.5000039 0 1 1.96425e-6 0 1 -1.96425e-6 0 0.8660232 -0.5000039 0 0.8660272 -0.4999968 0 0.499993 -0.8660294 0 0.5000089 -0.8660204 0 -6.48203e-6 -1 0 7.26774e-6 -1 0 -0.5000045 -0.866023 0 -0.4999936 -0.8660291 0 -0.8660286 -0.4999946 0 -0.8660218 -0.5000066 0 -1 6.87489e-6 0 -1 -6.87489e-6 0 -0.8660218 0.5000066 0 2.37892e-7 0 1 0 0 1 -0.8660286 0.4999946 0 -0.4999936 0.8660292 0 -0.5000045 0.8660228 0 4.89701e-7 0 -1 -2.38964e-7 0 -1 2.37893e-7 0 1 0 0 1 4.89704e-7 0 -1 -2.38965e-7 0 -1 -7.26774e-6 1 0 0.5000045 0.866023 0 6.48203e-6 1 0 0.4999936 0.8660291 0 0.8660286 0.4999946 0 0.8660218 0.5000066 0 1 -6.87489e-6 0 1 6.87489e-6 0 0.8660218 -0.5000066 0 0.8660286 -0.4999946 0 0.4999936 -0.8660292 0 0.5000045 -0.8660228 0 -7.22846e-6 -1 0 6.52132e-6 -1 0 -0.5000089 -0.8660204 0 -0.4999932 -0.8660294 0 -0.8660272 -0.4999968 0 -0.8660232 -0.5000039 0 -1 -1.96425e-6 0 -1 1.96425e-6 0 -0.8660232 0.5000039 0 -0.8660272 0.4999968 0 -0.499993 0.8660294 0 -0.5000089 0.8660204 0 0 0 -1 0 0 -1 0 0 -1 0 0 -1 2.96102e-7 0 1 0 0 1 0 0 1 0 0 1 1.63282e-7 0 1 0 0 1 3.70736e-7 0 1 0 0 1 0 0 1 -6.62118e-7 0 1 5.1564e-7 0 1 -2.23428e-7 0 1 0 0 1 0 0 1 0 0 1 0 0 1 -1.65574e-7 0 1 -5.1564e-7 0 1 0 0 1 6.62118e-7 0 1 0 0 1 6.71534e-7 0 1 0.9238801 1.78149e-5 -0.3826822 -0.3826851 7.75116e-6 -0.9238789 -0.9238802 2.62121e-5 -0.3826822 0.375312 0.07475429 0.9238792 -0.3753306 -0.07465803 0.9238794 -0.2126094 -0.3181925 -0.9238781 -0.5132806 -0.7681775 0.382683 0.3535528 0.8535519 0.3826875 0.146447 0.3535547 -0.923879 0.07474142 0.3753147 0.9238792 -0.07465887 -0.3753354 0.9238774 -1.04502e-5 0.9238795 -0.3826837 0 0.3826843 -0.9238792 -4.34234e-6 -0.3826855 -0.9238787 -1.48596e-5 -0.9238775 -0.3826885 -0.0747413 0.3753147 0.9238792 0.07465875 -0.3753347 0.9238778 -0.3535528 0.8535515 0.3826885 -0.1464471 0.3535546 -0.923879 0.2126092 -0.3181922 -0.9238783 0.5132802 -0.7681778 0.3826832 -0.3535541 0.1464471 0.9238792 0.3535541 -0.146447 0.9238792 -0.9238801 -1.91853e-5 -0.3826822 0.3826851 -7.57891e-6 -0.9238789 0.9238802 -2.62121e-5 -0.3826822 -0.3535541 -0.1464471 0.9238792 0.3535541 0.146447 0.9238792 0.2126094 0.3181925 -0.9238781 0.5132802 0.7681779 0.3826828 -0.3535529 -0.8535517 0.3826876 -0.1464471 -0.3535544 -0.9238791 -0.07474142 -0.3753147 0.9238792 0.07465887 0.3753354 0.9238774 1.04502e-5 -0.9238795 -0.3826836 0 -0.3826844 -0.9238792 4.34234e-6 0.382687 -0.923878 1.48596e-5 0.9238775 -0.3826885 0.0747413 -0.3753147 0.9238792 -0.07465875 0.3753347 0.9238778 0.3535526 -0.8535516 0.3826882 0.1464471 -0.353555 -0.923879 -0.2126092 0.3181922 -0.9238783 -0.5132806 0.7681775 0.3826835 0.375312 -0.07475429 0.9238792 -0.3753308 0.07465809 0.9238794 0.8660183 0.5000123 0 0 1 0 -0.8660407 0.4999735 0 -0.8001075 -0.4999936 -0.3314129 0.8001039 -0.5000005 0.3314111 0.6123719 0.5000066 0.6123677 0 -1 0 0 1 0 5.34697e-7 0.4999998 -0.8660256 -4.82419e-7 -0.4999992 0.8660258 0 -1 0 -0.6123765 0.4999955 0.6123722 0.800104 -0.4999997 -0.3314121 -0.8000987 -0.5000106 0.3314085 -0.866033 0.4999869 0 0 1 0 0.8660407 0.4999735 0 0.800105 -0.4999978 0.3314125 -0.8001003 -0.5000076 -0.331409 -0.6123759 0.4999957 -0.6123726 0 -1 0 0 1 0 5.34697e-7 0.4999998 0.8660256 -1.53964e-7 -0.4999992 -0.8660258 0 -1 0 0.6123719 0.5000065 -0.6123676 -0.8001106 -0.4999876 0.3314144 0.8001009 -0.5000063 -0.3314099 0 0 -1 0 0 -1 -1.32004e-6 0 -1 6.60021e-7 0 -1 0 0 -1 0 0 -1 0 0 -1 0 0 -1 0 0 -1 0 0 -1 1.27118e-7 0 -1 8.47514e-7 0 -1 -2.13109e-7 0 -1 0 0 -1 0 0 -1 -8.85901e-7 0 -1 1.14395e-6 0 -1 -2.64009e-6 0 -1 -3.74944e-7 0 1 0 0 1 4.85913e-6 0 1 0 0 1 0 0 1 0 0 1 0 0 1 -3.74946e-7 0 1 4.85908e-6 0 1 2.51829e-7 0 1 -3.74935e-7 0 1 -8.25031e-6 0 1 -3.44223e-6 0 1 -1.24277e-6 0 1 -8.25035e-6 0 1 -5.62402e-7 0 1 -4.12514e-6 0 1 -1.87469e-7 0 1 -3.44224e-6 0 1 -4.80282e-6 0 1 3.44223e-6 0 1 1.24277e-6 0 1 1.43451e-6 0 1 3.44223e-6 0 1 -4.47927e-6 0 1 1.87469e-7 0 1 5.62402e-7 0 1 4.12514e-6 0 1 8.25035e-6 0 1 2.64849e-6 0 1 1.32396e-7 0 1 0 0.7071061 -0.7071075 0 -3.28856e-7 1 1 1.35991e-5 0 1 5.42421e-7 0 1 -1.43263e-5 0 1 2.46693e-5 0 1 -1.85015e-5 0 1 4.40464e-7 0 1 2.4669e-5 0 1 -1.35991e-5 0 1 1.43262e-5 0 1 -2.46693e-5 0 -1 -1.7618e-6 0 -1 -2.46691e-5 0 -1 1.76178e-6 0 -1 2.4669e-5 0 0 3.28856e-7 1 1 -3.04143e-5 0 1 1.11241e-5 0 1 2.69736e-6 0 1 -1.85017e-5 0 1 4.40426e-7 0 1 2.46687e-5 0 1 -1.35991e-5 0 1 1.43262e-5 0 1 -2.46694e-5 0 -1 -1.76179e-6 0 -1 -2.4669e-5 0 -1 1.76179e-6 0 -1 2.4669e-5 0 -1.56602e-6 0 1 -2.03614e-5 0 1 -3.13231e-6 0 1 2.03614e-5 0 1 3.13231e-6 0 1 -1.19659e-6 0 1 2.85676e-6 0 1 -9.98731e-6 0 1 -1.5794e-5 0 1 2.6075e-5 0 1 2.6075e-5 0 1 -1.5794e-5 0 1 -1.61678e-6 0 1 4.11227e-6 0 1 -1.19659e-6 0 1 4.64025e-7 0 1 9.98731e-6 0 1 1.5794e-5 0 1 -2.6075e-5 0 1 -2.6075e-5 0 1 1.5794e-5 0 1 1.61678e-6 0 1 -1.6741e-5 0 -1 -1.30373e-5 0 -1 -5.9248e-7 0 -1 1.6741e-5 0 -1 -1.00877e-6 0 -1 1.30373e-5 0 -1 -3.21356e-7 0 -1 0.640768 0.6407684 0.4228856 0.9061831 0 0.4228855 0.6407682 -0.6407682 0.4228855 -0.6407673 -0.6407691 0.4228856 -0.9061831 0 0.4228855 -0.6407675 0.640769 0.4228855 -1.17082e-5 0 1 -2.7872e-7 0 1 7.80543e-6 0 1 2.12347e-6 0 1 1.17082e-5 0 1 2.7872e-7 0 1 -7.80543e-6 0 1 1.44666e-6 0 -1 -2.29641e-7 0 -1 -4.45484e-7 0 -1 -2.26161e-6 0 -1 8.88092e-6 0 -1 -1.44666e-6 0 -1 4.45484e-7 0 -1 2.26161e-6 0 -1 -8.88092e-6 0 -1 -5.36323e-7 0 1 -5.36377e-6 0 1 1.07275e-5 0 1 0 0 -1 1.07261e-6 0 -1 1.07275e-5 0 -1 -1.07275e-5 0 -1 -1.07262e-6 0 -1 1.07276e-5 0 -1 0.382687 0.9238781 0 0.3826792 -0.9238814 0 -0.382687 -0.9238781 0 -0.3826792 0.9238814 0 0.377969 0.05986452 0.9238808 0.9125055 0.1445254 0.3826829 0.3826786 0 -0.9238815 -0.9238797 0 -0.3826833 -0.912505 -0.144528 0.3826833 -0.3779665 -0.0598641 0.9238818 0.36395 0.1182548 -0.9238811 -0.8786603 -0.2854926 -0.382688 0.8231828 0.4194315 -0.3826847 -0.3409685 -0.1737332 0.9238817 0.3095931 0.224933 0.9238817 0.6532808 0.6532828 0.3826824 -0.2705948 -0.2705952 -0.9238814 0.2249341 0.3095946 -0.9238809 0.4194324 0.8231831 -0.3826831 -0.4194322 -0.8231828 0.3826835 -0.1737337 -0.3409695 0.9238813 -0.1182542 -0.3639492 -0.9238814 0.0598644 0.3779675 0.9238814 0 0.9238802 0.3826818 0 0.3826807 -0.9238806 0 -0.9238807 -0.3826807 -0.05986452 0.3779684 0.9238811 -0.1445267 0.9125047 -0.3826841 0.144527 -0.9125058 0.3826817 0.2854944 -0.8786602 -0.3826869 0.1737338 -0.34097 0.9238811 -0.5430424 0.7474352 -0.3826822 -0.2249333 0.3095944 -0.9238812 0.2249339 -0.3095945 -0.9238809 -0.2705944 0.2705956 0.9238814 -0.6532819 0.6532824 0.3826813 0.6532809 -0.6532824 0.382683 0.2705962 -0.2705954 0.9238809 0.3095941 -0.2249335 -0.9238813 0.3409683 -0.1737332 0.9238818 -0.8786621 0.2854942 0.3826829 -0.3639484 0.1182546 -0.9238818 0.3639501 -0.1182544 -0.9238812 0.8786618 -0.2854946 -0.3826832 -0.3779675 0.05986428 0.9238815 0.912505 -0.1445269 0.3826834 0.3779681 -0.05986428 0.9238812 -0.3826778 0 -0.9238819 0.3826801 0 -0.923881 0.9238797 0 -0.3826833 -0.3779682 -0.05986428 0.9238811 -0.9125052 -0.1445267 -0.3826832 0.912505 0.144527 0.3826835 0.3779673 0.05986434 0.9238814 0.3639492 0.1182544 -0.9238814 0.8786615 0.2854949 -0.3826836 0.3409686 0.1737332 0.9238816 -0.7474346 -0.5430423 -0.3826837 -0.3095945 -0.2249334 -0.9238811 0.3095925 0.2249336 -0.9238818 -0.2705945 -0.2705958 0.9238813 -0.6532812 -0.6532828 0.3826818 0.6532814 0.6532818 0.3826832 0.2705955 0.2705956 0.9238811 0.2249336 0.3095946 -0.9238811 -0.4194316 -0.8231818 0.3826865 -0.1737338 -0.3409701 -0.9238809 0.1737337 0.3409696 0.9238811 0.2854942 0.8786608 -0.3826859 -0.05986446 -0.377968 0.9238813 -0.1445264 -0.9125045 -0.3826848 0.1445268 0.9125054 0.3826826 0 -0.9238802 0.3826818 1.49687e-7 -0.3826807 -0.9238806 0 0.9238807 -0.3826807 0.0598644 -0.3779677 0.9238813 -0.1182543 0.3639494 -0.9238814 0.419432 -0.8231831 -0.3826832 -0.4194322 0.8231827 0.3826839 -0.1737338 0.3409699 0.9238811 0.2249333 -0.3095946 -0.9238811 -0.270595 0.2705953 -0.9238814 0.3095939 -0.2249331 0.9238814 0.7474338 -0.543044 0.3826828 0.8231827 -0.4194315 -0.3826848 0.3639491 -0.1182548 -0.9238814 -0.363951 0.1182547 -0.9238807 -0.8786605 0.2854923 -0.3826877 0.3779683 -0.05986458 0.9238811 -0.9125049 0.1445279 0.3826832 0.4999958 0 0.8660278 -0.4999999 0 0.8660255 -0.4157315 -0.2777824 -0.8660278 0.2777813 0.415731 -0.8660285 0.09754437 0.4903883 0.866028 -0.09754437 -0.4903872 0.8660286 0 0.4999963 -0.8660275 0 -0.4999944 -0.8660287 -0.0975449 0.4903877 0.8660283 0.09754431 -0.4903869 0.8660288 0.2777829 -0.4157313 -0.8660278 -0.4157311 0.2777826 -0.8660281 0.4157317 -0.2777827 -0.8660277 -0.4999958 0 0.8660278 0.4999999 0 0.8660255 -0.415733 -0.2777823 -0.8660272 0.3535496 0.3535484 0.866029 0.2777825 0.4157307 -0.8660282 -0.09754443 -0.4903882 0.8660281 0.09754437 0.4903872 0.8660286 0 -0.4999963 -0.8660275 0 0.4999944 -0.8660287 0.0975449 -0.4903879 0.8660282 -0.09754431 0.4903869 0.8660288 0.27778 -0.4157305 -0.8660292 -0.4157318 0.2777823 -0.8660277 0.4999983 0 -0.8660265 -0.4999949 0 -0.8660284 0.4619382 0.1913395 0.8660268 -0.4619312 -0.1913402 0.8660303 0.2777827 0.4157296 -0.8660287 0.09754335 0.490388 0.8660283 0 0.4999953 -0.8660281 -4.61794e-7 -0.4999958 -0.8660279 -0.097543 0.4903882 0.8660283 0.2777803 -0.415731 0.8660289 -0.3535505 0.3535496 -0.8660281 0.4157309 -0.2777826 -0.8660281 -0.4619354 0.1913398 0.8660282 0.4619342 -0.1913399 0.8660289 -0.4903859 0.09754407 -0.8660293 -0.4999962 0 0.8660276 -0.4903873 -0.09754401 -0.8660286 0.4903877 0.09754455 -0.8660283 -0.4619382 -0.1913395 0.8660268 0.4619312 0.1913402 0.8660303 0.4157302 0.2777827 -0.8660284 -0.3535488 -0.3535497 -0.8660287 0.2777803 0.415731 0.8660289 -0.09754335 -0.4903879 0.8660283 0 -0.4999953 -0.8660281 4.8432e-7 0.4999958 -0.8660279 0.09754294 -0.4903882 0.8660283 0.2777827 -0.4157296 -0.8660287 0.4619354 -0.1913398 0.8660282 -0.4619342 0.1913399 0.8660289 0 0.8660256 -0.4999998 1 0 1.14709e-5 1 0 1.1471e-5 -0.6123734 0.6123723 -0.4999991 4.11072e-6 0 -1 0.6123734 -0.6123723 -0.4999991 0.6123732 -0.612373 0.4999985 0.7071086 0.7071049 1.86701e-6 0.7071082 0.7071055 9.33499e-7 0.7071068 0.7071068 -7.46807e-6 5.26172e-6 0 1 -0.6123735 0.6123719 0.4999995 -0.7071086 -0.7071049 0 -0.7071073 -0.7071064 0 -0.7071068 -0.7071068 4.66752e-7 0 1 3.73399e-6 0 -1 1.16689e-6 0 -1 -9.33498e-7 -0.6123685 -0.6123768 -0.4999995 0.6123727 0.6123734 -0.4999986 0.6123732 0.6123725 0.4999989 -0.7071077 0.7071059 -3.73402e-6 -0.7071059 0.7071077 3.73403e-6 -0.7071087 0.7071049 -1.867e-6 1.64428e-6 0 1 -0.6123774 -0.6123713 0.4999954 0.7071086 -0.7071049 0 0.7071086 -0.7071049 -2.80052e-6 0.7071068 -0.7071068 2.80053e-6 0 -0.8660255 -0.5 0 0 -1 0 0.8660255 -0.4999999 0 0.8660256 0.4999998 -1 4.66758e-7 0 -1 0 0 -1 1.75033e-7 0 0 0 1 0 -0.8660256 0.4999998 0.6123732 -0.6123725 -0.4999989 1.15099e-6 0 -1 -0.6123675 0.6123772 -0.5000002 -0.612377 0.6123717 0.4999954 -0.7071077 -0.7071059 1.86701e-6 -0.7071059 -0.7071077 -3.73403e-6 -0.7071087 -0.7071049 -9.3351e-7 0.612374 -0.6123725 0.4999979 0.7071086 0.7071049 0 0.7071086 0.7071049 2.33377e-6 0.7071087 0.7071049 0 0 -1 3.73402e-6 0 1 1.16687e-6 0 1 -9.33512e-7 0.6123737 0.6123713 -0.5 -0.612373 -0.6123731 -0.4999986 -0.6123743 -0.6123729 0.4999971 0.7071026 -0.707111 9.3351e-7 0.7071068 -0.7071068 3.73404e-6 3.61742e-6 0 1 0.6123726 0.6123716 0.500001 -0.7071068 0.7071068 0 -0.7071059 0.7071077 4.66752e-7 -0.7071086 0.7071049 -9.33506e-7 1.27436e-6 0 1 0 0 1 3.64036e-7 0 1 5.09746e-6 0 1 7.28065e-7 0 1 -1.27436e-6 0 1 0 0 1 -3.64036e-7 0 1 -5.09746e-6 0 1 0 0 -1 5.11398e-7 0 -1 3.14229e-6 0 -1 -2.54872e-6 0 -1 -5.11398e-7 0 -1 -3.14229e-6 0 -1 2.54872e-6 0 -1 1.28019e-7 0 1 1.02426e-6 0 1 1.28021e-7 0 1 -2.75438e-6 0 1 0 0 -1 6.88594e-7 0 -1 -0.8660269 -0.4999974 0 0.8660222 0.5000058 0 -2.59856e-7 0 1 0.8660259 -0.4999994 0 -0.8660255 0.5 0 0.5000001 0.8660253 0 0 0 -1 -6.92948e-7 0 1 0.9238831 0.3779634 0.05986481 0.3826843 -0.9238792 0 -0.3826852 0.8786602 0.2854968 -0.3826812 -0.8786633 -0.2854926 -0.9238778 0.3409786 0.1737338 0.9238822 -0.3409674 -0.1737323 0.3826828 0.747436 0.5430409 0.9238831 0.2705898 0.2705942 -0.9238817 -0.2705932 -0.2705958 0.3826817 -0.6532787 -0.6532853 -0.9238816 0.2249301 0.3095953 0.9238822 0.1182525 0.3639481 -0.3826881 0.1445248 0.9125035 -0.38269 -0.1445256 -0.9125025 0.9238817 -0.05986392 -0.377967 0.3826839 0 0.9238795 -0.9238809 -5.27306e-7 0.3826803 -0.9238809 -1.09544e-6 -0.3826804 0.3826848 5.84221e-7 -0.923879 -0.3826904 0.144526 -0.9125022 0.9238811 0.05986464 -0.3779684 0.9238821 -0.1182535 0.3639479 -0.3826781 -0.2854934 0.8786643 -0.9238821 0.2705926 -0.2705948 0.3826846 -0.7474358 0.5430399 -0.9238794 -0.3096005 0.2249324 0.3826854 0.7474316 -0.5430451 0.9238813 0.3409699 -0.1737328 -0.3826839 -0.8786609 0.2854961 -0.3826803 0.8786633 -0.2854937 0.9238843 -0.3779604 0.05986452 0.3826841 0.9238793 0 -0.9238817 0.3639487 0.1182546 -0.3826805 0.8786635 0.2854931 0.3826803 -0.8231851 -0.4194307 -0.9238791 -0.3096012 -0.2249328 0.9238815 0.2705946 0.2705948 0.3826834 0.5430399 0.7474364 -0.9238807 0.1737352 0.34097 0.9238809 -0.1182535 -0.3639507 -0.3826835 -0.2854933 -0.8786621 0.9238817 0.1182519 0.3639494 -0.9238806 0.05986624 0.3779693 0.3826872 0 -0.923878 -0.9238806 -1.05008e-6 -0.382681 -0.3826868 -5.24991e-7 0.9238783 0.9238809 0 0.3826803 -0.9238807 -0.05986618 0.377969 0.923881 0.1182525 -0.363951 -0.3826823 0.2854937 -0.8786624 0.9238817 -0.1182519 0.3639494 -0.9238808 -0.1737352 0.3409701 -0.9238822 0.2249292 -0.309594 0.3826825 -0.5430396 0.7474372 0.9238814 -0.2249314 0.3095952 0.9238821 0.2705927 -0.2705951 0.382677 0.8231865 -0.419431 -0.9238783 0.3409779 -0.1737333 -0.9238811 -0.36395 0.1182548 -0.3826816 -0.878663 0.285493 0.8660265 -0.4999981 0 0.8660311 0.3535446 0.3535483 -0.8660305 -0.2777815 -0.4157266 -0.8660298 -1.32456e-6 0.4999926 0.8660298 0 -0.4999926 -0.8660305 0.2777815 -0.4157266 0.8660323 -0.3535405 0.3535495 0.8660267 0.4999978 0 -0.8660263 -0.4903913 -0.09754389 0.8660308 1.28272e-6 -0.4999906 -0.8660259 1.36736e-6 0.4999994 -0.8660288 0.4903869 -0.0975449 -0.8660303 -0.4999917 0 0.8660197 -0.4904029 -0.09754359 0.8660289 0.4157276 0.2777853 -0.8660248 0.2777863 0.4157353 -0.8660314 -0.2777768 -0.4157281 0.8660262 -0.1913419 -0.4619384 0.8660248 1.16725e-6 0.5000011 -0.8660305 -1.32456e-6 -0.4999913 0.8660261 0.1913444 -0.4619377 -0.8660237 -0.2777892 0.415736 -0.8660311 0.2777749 -0.4157299 0.8660256 -0.4157353 0.2777838 0.8660236 0.4903961 -0.09754461 -0.8660297 0.4999924 0 -0.8660234 -0.4619448 -0.1913385 0.8660227 0.4619469 0.1913378 0.8660287 -0.4157293 -0.277783 -0.8660291 0.4157284 0.2777837 -0.866029 -0.1913383 -0.4619346 0.8660295 0.09754598 0.4903855 0.8660296 -1.16725e-6 -0.499993 -0.8660278 1.32456e-6 0.4999959 0.8660289 -0.09754496 0.4903866 -0.8660289 0.1913406 -0.4619339 0.8660286 0.4157292 -0.2777836 -0.8660275 -0.4157329 0.2777819 -0.8660243 0.4619433 -0.1913384 0.8660253 -0.4619408 0.1913396 0.4999929 0 -0.8660296 7.16939e-7 -1 3.73403e-6 3.58464e-7 -1 9.33505e-6 -2.86775e-6 -1 1.49361e-5 0.5000073 -0.6123619 0.612377 1 -8.08449e-6 0 0.4999994 0.612378 -0.6123675 -0.5000073 0.6123618 -0.6123772 -3.73396e-6 -0.7071049 -0.7071087 -1.86691e-6 -0.7071049 -0.7071087 1.49364e-5 -0.7070881 -0.7071255 -1 -1.29351e-5 0 -0.4999994 -0.6123781 0.6123673 -3.73394e-6 0.7071068 0.7071068 3.73397e-6 0.7071021 0.7071115 -7.46815e-6 0.7070994 0.7071143 0.5000095 -0.86602 0 0.499987 0.8660328 0 -0.4999982 0.8660265 0 -1.49361e-5 0 -1 1.49361e-5 0 -1 3.73403e-6 0 -1 -0.4999982 -0.8660265 0 1.86703e-6 0 1 7.46809e-6 0 1 0.5000033 -0.6123699 -0.6123723 1 1.29351e-5 0 0.5000033 0.6123699 0.6123723 -0.5000073 0.6123618 0.6123772 7.46815e-6 0.7070994 -0.7071143 -7.46823e-6 0.7070919 -0.7071217 -1.86707e-6 0.7071073 -0.7071063 -1 9.70139e-6 0 -0.4999995 -0.6123781 -0.6123672 0 -0.7070956 0.707118 0 -0.7070881 0.7071255 0.5000028 -3.92179e-7 -0.8660238 7.16939e-7 1 -3.73403e-6 3.58464e-7 1 -9.33505e-6 -2.86775e-6 1 -1.49361e-5 -0.5000028 -2.587e-7 -0.8660238 0.4999922 0.612384 -0.6123674 0.4999964 -0.6123663 0.6123815 -0.4999977 -0.6123659 0.6123809 0 0.7070956 0.707118 0 0.7071031 0.7071105 5.60097e-6 0.70711 0.7071036 -1 -4.04218e-6 0 -0.4999985 0.6123719 -0.6123743 -1.867e-6 -0.7071133 -0.7071003 -6.53443e-6 -0.7071099 -0.7071038 7.46815e-6 -0.7070994 -0.7071143 -0.5000135 -0.8660177 0 -3.734e-6 0 1 -1.86697e-6 0 1 1.49362e-5 0 1 -0.4999911 0.8660307 0 0.4999999 0.6123748 0.6123703 1 6.46749e-6 0 0.5000001 -0.6123681 -0.6123768 -0.5000026 -0.612364 -0.6123788 0 -0.7071124 0.7071012 0 -0.7071179 0.7070956 0 -0.7071068 0.7071068 -0.4999994 0.612378 0.6123675 0 0.7071143 -0.7070994 -3.73411e-6 0.7071068 -0.7071068 -9.33528e-7 0.7071096 -0.707104 0 0.3826835 -0.9238795 1 -8.25702e-6 0 1 8.25702e-6 0 1 -2.94838e-7 0 1 -4.12844e-6 0 1 -2.94835e-7 0 0 0.3090157 0.951057 1 -2.55609e-5 0 1 2.22885e-5 0 1 4.74277e-6 0 1 -1.26477e-5 0 1 -3.46205e-6 0 1 -1.96357e-5 0 1 1.14962e-6 0 1 -1.96356e-5 0 1 4.82043e-6 0 1 -1.16897e-5 0 1 1.96356e-5 0 -1 2.72662e-7 0 -1 4.90889e-6 0 -1 2.72657e-7 0 -1 -1.09065e-6 0 -1 -1.96356e-5 0 -1 1.96356e-5 0 -1 1.09065e-6 0 0 -0.8660246 -0.5000014 1 1.47829e-6 0 0 0.8660267 0.4999979 0 0.4999987 -0.8660262 0 0.8660241 -0.5000024 0 -0.8660278 0.499996 0 -0.4999988 -0.8660261 0 0.5000044 0.8660229 0.9238837 0.3779619 0.05986446 0.3826843 -0.9238792 0 -0.3826845 0.8786606 0.2854964 -0.3826802 -0.8786635 -0.2854931 0.9238818 -0.340968 -0.1737329 0.382684 0.7474357 0.5430405 -0.9238803 0.3095971 0.2249329 -0.9238822 -0.2705926 -0.2705948 0.3826821 -0.653279 -0.6532849 0.9238823 0.1182525 0.3639479 -0.3826879 0.1445247 0.9125036 -0.38269 -0.1445255 -0.9125025 0.9238816 -0.05986392 -0.3779671 0.3826839 0 0.9238795 -0.9238809 -5.20502e-7 0.3826803 -0.9238809 -1.10564e-6 -0.3826804 0.3826848 5.11496e-7 -0.923879 -0.3826904 0.1445261 -0.9125022 0.9238811 0.05986464 -0.3779682 0.9238821 -0.1182535 0.3639481 -0.3826779 -0.2854933 0.8786645 -0.923882 -0.2249297 0.3095947 0.9238826 -0.2705916 0.2705941 -0.9238817 0.2705932 -0.2705958 0.3826826 0.6532784 -0.6532851 0.3826825 -0.7474364 0.5430405 -0.923878 -0.3409783 0.1737337 0.9238817 0.3409689 -0.173732 -0.3826843 -0.8786607 0.2854964 -0.3826818 0.8786629 -0.285493 0.9238837 -0.3779618 0.05986487 0.3826841 0.9238793 0 -0.9238815 0.3639489 0.1182548 -0.382681 0.8786634 0.2854926 0.3826781 -0.8231857 -0.4194316 -0.9238783 -0.3409775 -0.1737331 0.9238826 -0.2705909 -0.2705953 -0.9238822 -0.2249293 -0.3095942 0.3826814 0.5430396 0.7474375 0.9238815 0.2249312 0.309595 -0.9238807 0.1737352 0.34097 0.9238808 -0.1182535 -0.363951 -0.3826825 -0.2854933 -0.8786625 -0.9238806 0.05986624 0.3779693 0.3826872 0 -0.923878 -0.9238806 -1.04441e-6 -0.382681 -0.3826867 -5.97323e-7 0.9238782 0.9238809 0 0.3826803 -0.9238807 -0.05986618 0.3779689 0.9238811 0.1182525 -0.3639508 -0.3826835 0.2854937 -0.878662 -0.9238806 -0.1737352 0.3409702 0.3826839 -0.6532798 0.653283 0.923882 -0.2705928 0.2705951 -0.9238802 0.3095974 -0.224933 0.3826801 0.8231856 -0.4194299 -0.9238814 -0.3639495 0.1182545 -0.3826808 -0.8786632 0.2854936 0.8660265 -0.4999981 0 0.8660311 0.3535446 0.3535485 0.8660324 -0.3535406 0.3535493 0.8660267 0.4999978 0 -0.8660248 -0.4903939 -0.09754449 -0.8660306 0.4903838 -0.09754425 0.8660197 -0.490403 -0.09754419 0.866029 0.4157277 0.2777848 -0.8660248 0.2777863 0.4157353 -0.8660312 -0.2777767 -0.4157286 0.8660265 -0.191342 -0.4619379 0.8660258 0.1913443 -0.4619382 -0.8660236 -0.2777891 0.415736 -0.8660313 0.2777749 -0.4157294 0.8660255 -0.4157353 0.2777844 0.8660236 0.490396 -0.09754395 -0.8660236 -0.4619448 -0.191338 0.8660224 0.4619467 0.191339 0.8660286 -0.4157292 -0.2777836 -0.8660293 0.4157285 0.2777824 -0.8660292 -0.1913383 -0.4619341 -0.8660286 0.1913405 -0.4619344 0.8660287 0.4157293 -0.277783 -0.8660271 -0.4157326 0.2777831 -0.8660241 0.4619433 -0.191339 0.8660256 -0.4619409 0.1913384 0.5000028 0 0.8660238 0.5000026 0 -0.8660239 -0.4999929 0 -0.8660295 -0.5000028 0 0.8660238 0.5000074 -0.612362 0.6123769 0.4999995 0.6123781 -0.6123672 -0.4999985 0.6123781 -0.612368 -3.73397e-6 -0.7071059 -0.7071078 -1.86692e-6 -0.7071064 -0.7071073 -0.5000067 -0.6123626 0.6123768 0 0.7071143 0.7070994 -7.46813e-6 0.7070975 0.7071161 1.49364e-5 0.70709 0.7071236 -1.49362e-5 0 -1 1.49362e-5 0 -1 3.73405e-6 0 -1 1.86701e-6 0 1 7.46804e-6 0 1 0.5000034 0.61237 0.6123722 -0.5000073 0.6123619 0.612377 7.46807e-6 0.7070919 -0.7071217 -7.46815e-6 0.7070844 -0.7071292 -1.86705e-6 0.7071082 -0.7071055 -0.4999994 -0.612378 -0.6123675 0 -0.7071031 0.7071105 0 -0.7070919 0.7071217 0.5000028 -3.92179e-7 -0.8660238 -0.5000028 -2.587e-7 -0.8660238 0.4999923 0.612384 -0.6123672 0.5000014 -0.6123644 0.6123795 -0.5000026 -0.6123639 0.6123789 5.60096e-6 0.7071087 0.7071049 -1 1.2935e-5 0 -0.4999985 0.6123719 -0.6123741 -5.60096e-6 -0.7071077 -0.7071059 0 -0.7070994 -0.7071143 -3.73402e-6 0 1 -1.86702e-6 0 1 1.49361e-5 0 1 0.5 0.6123749 0.6123701 0.500005 -0.6123661 -0.6123747 -0.5000075 -0.6123621 -0.6123766 0 -0.7071114 0.7071021 0 -0.7071128 0.7071008 -0.4999995 0.6123781 0.6123672 0 0.7070975 -0.7071161 0 0.7071114 -0.7071022 0 0.3090163 0.9510568 0 1 -4.61964e-7 0 -0.8660252 -0.5000004 1 1.47829e-6 0 0 0.8660238 -0.5000029 0 -0.8660272 0.4999969 0 -0.4999989 -0.8660261 0 0.5000045 0.8660229 0 -1 -2.87247e-5 0 -1 1.60539e-5 0 -1 -1.52193e-5 0 -1 9.71265e-6 0 -1 4.85626e-6 0 -1 -2.87255e-5 0 -1 1.60536e-5 0 -1 -1.52194e-5 0 -1 9.71253e-6 0 -1 4.85632e-6 0.3826826 0.002110481 0.9238775 0.9238548 0.007341623 0.3826728 -0.9276382 0.006528854 -0.373423 -0.9238696 0.004676043 0.3826788 0.7902682 -0.5520054 -0.2660193 0.1459834 -0.3659224 -0.9191245 -0.1401138 0.3668566 -0.9196653 -0.7001157 0.6475478 -0.3008652 -0.6966055 0.6300309 0.343223 0 -0.9248474 0.3803386 0 -0.9248358 -0.3803668 0 0.9248412 -0.3803533 0 0.9248417 0.3803522 -0.7902675 -0.5520026 -0.2660272 0.7001171 0.6475477 -0.3008622 0.6966058 0.6300309 0.3432221 -0.3826828 0.002110362 0.9238775 -0.9238547 0.007341206 0.3826732 0.9276378 0.006528437 -0.3734242 0.9238697 0.004675865 0.3826786 0 -1 1.14715e-5 0 -1 2.86772e-6 0 -1 5.73574e-6 0 -1 -1.14715e-5 0 -1 -5.73575e-6 0.3826826 0.002110362 0.9238775 0.9238547 0.007341206 0.3826732 -0.9276377 0.006528437 -0.3734243 -0.9238696 0.004675865 0.3826788 0.790268 -0.552003 -0.2660254 -0.7001163 0.6475473 -0.3008651 0 -0.9248477 0.3803377 0 -0.9248334 -0.3803725 -0.1459833 -0.365924 -0.9191238 0.1401137 0.3668584 -0.9196648 0 0.924839 -0.3803589 0 0.9248421 0.3803514 -0.7902684 -0.5520054 -0.2660185 0.7001165 0.6475484 -0.300862 0.696606 0.6300312 0.3432212 -0.3826828 0.002110481 0.9238775 -0.923855 0.007341623 0.3826725 0.9276381 0.006528854 -0.3734233 0.9238697 0.004676043 0.3826786 0 -1 9.55908e-7 0 -1 1.14715e-5 0 -1 5.73569e-6 0 -1 -1.14714e-5 0 -1 -5.73575e-6 -0.927638 -0.006528854 0.3734235 -0.9238695 -0.004676043 -0.3826791 0.3826826 -0.002110481 -0.9238775 0.9238549 -0.007341623 -0.3826724 -0.1401135 -0.3668567 0.9196655 -0.7001156 -0.6475479 0.3008653 -0.6966052 -0.6300311 -0.3432232 0.7902683 0.5520055 0.2660194 0.1459834 0.3659224 0.9191245 0 -0.9248412 0.3803533 0 -0.9248417 -0.3803522 0 0.9248474 -0.3803386 0 0.9248358 0.3803668 0.7001171 -0.6475477 0.3008622 0.6966054 -0.6300313 -0.3432223 -0.7902675 0.5520026 0.2660272 0.9276376 -0.006528437 0.3734247 0.9238696 -0.004675865 -0.3826789 -0.3826828 -0.002110362 -0.9238775 -0.9238548 -0.007341206 -0.3826729 0 1 1.14715e-5 0 1 2.86772e-6 0 1 5.73575e-6 0 1 -1.14715e-5 0 1 -5.73574e-6 -0.9276375 -0.006528437 0.3734248 -0.9238695 -0.004675865 -0.3826791 0.3826826 -0.002110362 -0.9238775 0.9238548 -0.007341206 -0.3826729 -0.7001162 -0.6475473 0.3008651 0.7902679 0.552003 0.2660254 0.1401137 -0.3668584 0.9196648 0 -0.924839 0.3803589 0 -0.9248421 -0.3803514 0 0.9248477 -0.3803377 0 0.9248334 0.3803725 -0.145983 0.365924 0.9191239 0.7001165 -0.6475484 0.300862 0.6966056 -0.6300315 -0.3432213 -0.7902684 0.5520054 0.2660185 0.927638 -0.006528854 0.3734238 0.9238696 -0.004676043 -0.3826789 -0.3826828 -0.002110481 -0.9238775 -0.9238551 -0.007341623 -0.3826722 0 1 9.55903e-7 0 1 1.14714e-5 0 1 5.73575e-6 0 1 -1.14715e-5 0 1 -5.73569e-6 0.9228048 0.3772891 -0.07800167 0.3798552 0.9047231 -0.1928378 -0.3826686 0.8424617 -0.3792401 -0.923882 0.3474547 -0.1603667 -0.923869 -0.3457778 0.1640242 -0.3826422 -0.8328529 0.3999263 0.379374 -0.9027777 0.2026524 0.9227411 -0.3771292 0.07951349 -0.3568988 0.9340215 0.01507771 -0.9233443 0.3424333 -0.1737095 -0.9232961 -0.3419276 0.1749566 -0.3612807 -0.9322873 0.01779186 -0.3205786 0.5157638 -0.7944918 -0.3245153 -0.5305907 0.7830476 0.9168643 -0.1348135 -0.3757461 0.3707148 -0.2759682 -0.8867988 0.3692443 0.2904049 0.8827932 0.9164292 0.13854 0.3754521 -0.320579 -0.5157619 -0.7944929 -0.9233444 -0.3424327 -0.1737097 -0.9232964 0.3419262 0.1749577 -0.3245179 0.5305879 0.7830483 -0.3568979 -0.9340218 0.01507765 -0.3612788 0.9322882 0.0177918 0.9228053 -0.3772879 -0.07800173 0.3798547 -0.9047232 -0.1928376 0.3793745 0.9027773 0.2026526 0.9227406 0.3771305 0.07951337 -0.3826696 -0.8424606 -0.3792415 -0.9238808 -0.3474577 -0.1603666 -0.9238701 0.3457747 0.1640244 -0.3826425 0.8328524 0.3999271 0 -0.4190687 -0.9079545 0 -0.4190581 -0.9079594 0 -0.419057 -0.90796 0 -0.419062 -0.9079577 -3.80371e-7 0.4190574 -0.9079598 1.34504e-7 0.4190582 -0.9079595 2.2962e-6 0.4190572 -0.9079599 0 0.4190593 -0.907959 9.18498e-7 0.4190567 -0.90796 -0.4999969 0.8660272 0 0.5000079 -0.8660209 0 -0.2500054 -0.8660182 0.433024 0.2499958 0.8660278 -0.4330104 -3.74538e-7 0.8660262 0.4999986 0 -0.8660254 -0.5000001 -0.2499999 0.866024 -0.4330157 0.4330105 -0.866026 0.2500023 0.4999969 0.8660272 0 -0.5000079 -0.8660209 0 0.2500018 -0.8660221 -0.4330186 -0.2499987 0.8660249 0.4330145 -3.74538e-7 0.8660262 -0.4999986 0 -0.8660254 0.5000001 0.2499946 0.8660287 0.4330091 -0.4330159 -0.8660222 -0.2500057 0.4998909 -0.5247271 0.689036 0.4993303 0.5808724 -0.6428504 -0.4032502 0.5912212 -0.6984603 -1 7.6972e-6 0 -0.4227692 -0.5338955 0.7322718 0.4548329 0.6160292 0.6431447 0.4707205 -0.6668145 -0.5777377 -0.3682624 -0.6764072 -0.6378527 -0.3899416 0.6259135 0.6754095 0.4999343 0.8521744 -0.1544823 1 2.05233e-6 0 0.4996159 -0.8408495 0.208221 -0.4437517 -0.8748828 0.1940739 -0.4548013 0.8787034 -0.1450388 0 -0.7808675 -0.6246969 0 -0.7808657 -0.6246989 -1.86702e-6 -0.7808642 -0.6247007 0 -0.1961157 -0.9805808 0 -0.1961166 -0.9805806 0 -0.1961247 -0.980579 -0.4999969 0.8660272 0 0.5000079 -0.866021 1.12954e-6 -0.2500058 -0.8660201 0.4330202 0.4330107 -0.8660267 0.2499989 0.4999969 0.8660272 0 -0.5000079 -0.866021 -1.20484e-6 0.2500021 -0.8660238 -0.4330148 -0.4330162 -0.8660231 -0.2500023 -0.4998939 0.5247189 0.6890401 -0.4993303 -0.5808724 -0.6428504 0.4032536 -0.5912123 -0.698466 1 -3.7802e-6 0 0.4227716 0.5338876 0.7322761 -0.454834 -0.6160269 0.6431462 -0.4707185 0.666818 -0.5777353 0.3682624 0.6764072 -0.6378527 0.3899443 -0.6259066 0.6754142 -0.4999333 -0.8521749 -0.154482 -1 -7.18317e-6 0 -0.4996172 0.8408488 0.2082216 0.4437451 0.8748868 0.1940711 0.4548067 -0.8787003 -0.1450405 0 0.7808675 -0.6246969 0 0.7808657 -0.6246989 1.86702e-6 0.7808642 -0.6247007 0 0.196123 -0.9805793 0 0.1961211 -0.9805797 0 0.1961157 -0.9805808 0.9228072 0.3772834 -0.07800185 0.3798564 0.9047223 -0.1928386 -0.3826687 0.842462 -0.3792394 -0.9238809 0.3474576 -0.1603665 -0.9238723 -0.3457687 0.1640248 -0.3826457 -0.83285 0.3999291 0.3793714 -0.9027789 0.2026512 0.9227382 -0.3771365 0.07951319 -0.3568954 0.9340227 0.01507872 -0.9233427 0.3424372 -0.1737096 -0.9232991 -0.3419193 0.1749573 -0.3612849 -0.9322858 0.0177921 -0.320579 0.5157619 -0.7944929 -0.3245168 -0.5305843 0.7830512 0.3707152 -0.2759668 -0.8867991 0.3692446 0.2904087 0.8827918 0.9164288 0.138543 0.3754519 -0.3205789 -0.5157624 -0.7944926 -0.9233424 -0.342438 -0.1737096 -0.9232987 0.34192 0.1749582 -0.3245189 0.5305837 0.7830507 -0.3568963 -0.9340223 0.01507872 -0.3612841 0.9322861 0.01779204 0.9228074 -0.3772827 -0.07800185 0.379857 -0.904722 -0.1928387 0.3793712 0.9027792 0.202651 0.9227385 0.3771359 0.07951319 -0.3826681 -0.8424624 -0.3792392 -0.9238805 -0.3474586 -0.1603665 -0.9238727 0.3457676 0.1640248 -0.3826457 0.8328497 0.3999296 0 -0.4190576 -0.9079596 0 0.4190591 -0.907959 0 0.4190562 -0.9079603 0 0.4190564 -0.9079602 0 0.4190579 -0.9079596 -2.2962e-6 0.4190589 -0.9079592 -0.4999969 0.8660273 0 0.4999997 -0.8660256 0 -0.2499991 -0.8660258 0.4330124 0 0.8660274 0.4999969 0 0.8660254 -0.5000001 0.2499995 -0.8660247 0.4330146 0.4999969 0.8660273 0 -0.4999997 -0.8660256 0 0.2500005 -0.8660251 -0.4330133 0 0.8660274 -0.4999969 0 0.8660254 0.5000001 -0.2499999 -0.8660246 -0.4330145 0.4998946 -0.5247169 0.6890411 1 -3.26942e-6 0 0.4993272 0.5808794 -0.6428464 -0.4032544 0.59121 -0.6984674 -1 9.45049e-7 0 0.4548345 0.6160257 0.6431469 0.4707159 -0.6668224 -0.5777321 -0.3682667 -0.6763978 -0.6378602 -0.3899403 0.6259168 0.6754071 0.4999381 0.8521719 -0.1544834 1 1.02617e-6 0 0.4996131 -0.8408515 0.2082198 -0.443755 -0.8748808 0.1940754 0 -0.7808703 -0.6246933 -5.60108e-6 -0.7808653 -0.6246997 0 -0.7808685 -0.6246955 0 -0.1961193 -0.98058 0.4999997 -0.8660256 0 0.2499989 -0.8660233 0.4330179 -0.4999997 -0.8660256 0 0.2499999 -0.8660236 -0.4330165 -0.4998946 0.5247169 0.6890411 -0.4993272 -0.5808794 -0.6428464 0.4032544 -0.59121 -0.6984674 1 -9.45049e-7 0 0.4227692 0.5338955 0.7322718 -0.4548344 -0.6160261 0.6431468 -0.4707146 0.6668247 -0.5777305 0.3682667 0.6763978 -0.6378602 0.3899403 -0.6259168 0.6754071 -0.4999352 -0.8521738 -0.1544826 -1 4.10467e-6 0 -0.4996129 0.8408517 0.2082198 0.443755 0.8748808 0.1940754 0.4548013 -0.8787034 -0.1450388 0 0.7808703 -0.6246933 0 0.780867 -0.6246973 1.867e-6 0.7808668 -0.6246976 0 0.1961189 -0.9805802 0 0.1961193 -0.98058 -9.65497e-7 0 1 0 0 1 2.82713e-7 0 1 1.36877e-6 0 1 9.6549e-7 0 1 7.40367e-7 0 -1 -2.54447e-6 0 -1 -2.54448e-6 0 -1 7.40378e-7 0 -1 4.89706e-7 0 -1 -9.6549e-7 0 1 0 0 1 1.36877e-6 0 1 9.65497e-7 0 1 7.40376e-7 0 -1 7.40362e-7 0 -1 4.89699e-7 0 -1</float_array>
          <technique_common>
            <accessor source="#hull-mesh-normals-array" count="11650" stride="3">
              <param name="X" type="float"/>
              <param name="Y" type="float"/>
              <param name="Z" type="float"/>
            </accessor>
          </technique_common>
        </source>
        <vertices id="hull-mesh-vertices">
          <input semantic="POSITION" source="#hull-mesh-positions"/>
        </vertices>
        <triangles material="olive-material" count="1292">
          <input semantic="VERTEX" source="#hull-mesh-vertices" offset="0"/>
          <input semantic="NORMAL" source="#hull-mesh-normals" offset="1"/>
          <p>0 0 43 1 42 2 2 3 43 1 1 4 3 5 44 6 2 3 4 7 45 8 3 5 5 9 46 10 4 7 5 9 48 11 47 12 6 13 49 14 48 11 7 15 50 16 49 14 8 17 51 18 50 16 9 19 52 20 51 18 10 21 53 22 52 20 11 22 54 23 53 22 13 24 54 23 12 20 14 25 55 24 13 24 15 26 56 27 14 25 16 28 57 29 15 26 17 30 58 31 16 28 18 32 59 33 17 30 19 34 60 35 18 32 19 34 62 36 61 37 20 38 63 39 62 36 21 40 64 41 63 39 23 42 64 41 22 43 24 44 65 45 23 42 25 46 66 47 24 44 26 48 67 49 25 46 26 48 69 50 68 51 27 52 70 53 69 50 28 54 71 55 70 53 29 56 72 57 71 55 30 58 73 59 72 57 31 60 74 61 73 59 32 62 75 60 74 61 34 63 75 60 33 64 35 65 76 66 34 63 36 67 77 68 35 65 37 69 78 70 36 67 38 71 79 72 37 69 39 73 80 74 38 71 40 75 81 76 39 73 40 75 83 77 82 78 41 79 42 2 83 77 42 80 85 81 84 82 44 83 85 81 43 84 45 85 86 86 44 83 46 87 87 88 45 85 46 87 89 89 88 90 47 91 90 92 89 89 48 93 91 94 90 92 49 95 92 96 91 94 50 97 93 98 92 96 51 99 94 100 93 98 52 101 95 102 94 100 53 103 96 104 95 102 54 105 97 106 96 104 55 107 98 108 97 106 56 109 99 110 98 108 57 111 100 112 99 110 58 113 101 114 100 112 59 115 102 116 101 114 60 117 103 118 102 116 61 119 104 120 103 118 62 121 105 122 104 120 63 123 106 124 105 122 65 125 106 124 64 126 66 127 107 128 65 125 67 129 108 130 66 127 68 131 109 132 67 129 69 133 110 134 68 131 70 135 111 136 69 133 71 137 112 138 70 135 72 139 113 140 71 137 73 141 114 142 72 139 74 143 115 144 73 141 75 145 116 146 74 143 76 147 117 148 75 145 77 149 118 150 76 147 78 151 119 152 77 149 79 153 120 154 78 151 80 155 121 156 79 153 81 157 122 158 80 155 82 159 123 160 81 157 83 161 124 162 82 159 83 161 84 82 125 163 85 81 126 164 84 82 86 86 127 165 85 81 87 88 128 166 86 86 87 88 130 167 129 168 88 90 131 169 130 167 90 92 131 169 89 89 91 94 132 170 90 92 92 96 133 171 91 94 92 96 135 172 134 173 94 100 135 172 93 98 95 102 136 174 94 100 96 104 137 175 95 102 97 106 138 175 96 104 98 108 139 175 97 106 99 110 140 176 98 108 100 112 141 177 99 110 100 112 143 178 142 179 101 114 144 180 143 178 102 116 145 181 144 180 104 120 145 181 103 118 105 122 146 182 104 120 106 124 147 183 105 122 107 128 148 184 106 124 108 130 149 185 107 128 108 130 151 186 150 187 109 132 152 188 151 186 111 136 152 188 110 134 112 138 153 189 111 136 113 140 154 190 112 138 113 140 156 191 155 192 115 144 156 191 114 142 116 146 157 193 115 144 117 148 158 194 116 146 118 150 159 194 117 148 119 152 160 194 118 150 120 154 161 195 119 152 121 156 162 196 120 154 121 156 164 197 163 198 122 158 165 199 164 197 123 160 166 200 165 199 125 163 166 200 124 162 84 82 167 201 125 163 19 34 17 30 15 202 150 203 153 204 155 205 1400 1943 1397 1647 1396 1647 1401 1944 1398 1945 1397 1946 1398 1947 1403 1948 1399 1324 1403 1949 1396 1950 1399 1951 1400 1943 1405 1952 1401 1647 1405 1953 1402 1954 1401 1944 1406 1955 1403 1948 1402 1956 1407 1957 1400 1958 1403 1949 1408 1959 1405 1952 1404 1960 1409 1961 1406 1962 1405 1953 1406 1955 1411 1963 1407 1324 1411 1964 1404 1965 1407 1957 1408 1959 1413 1966 1409 1647 1413 1967 1410 1968 1409 1961 1414 1969 1411 1963 1410 1970 1415 1971 1408 1972 1411 1964 1416 1973 1413 1966 1412 1974 1417 1975 1414 1976 1413 1967 1414 1969 1419 1977 1415 1324 1419 1978 1412 1979 1415 1971 1420 1980 1417 1981 1416 1973 1421 1982 1418 1983 1417 1975 1418 1984 1423 1324 1419 1977 1423 1985 1416 1986 1419 1978 1424 1987 1421 1988 1420 1980 1425 1989 1422 1990 1421 1982 1422 1991 1427 1992 1423 1324 1427 1993 1420 1994 1423 1985 1428 1647 1425 1647 1424 1987 1429 1995 1426 1996 1425 1989 1426 1997 1431 1998 1427 1992 1431 1999 1424 2000 1427 1993 1428 1647 1433 2001 1429 1647 1433 2002 1430 2003 1429 1995 1434 2004 1431 1998 1430 2005 1435 2006 1428 2007 1431 1999 1432 2008 1437 2009 1433 2001 1437 2010 1434 2011 1433 2002 1438 2012 1435 2013 1434 2004 1439 2014 1432 2015 1435 2006 1440 2016 1437 2009 1436 1647 1441 2017 1438 2018 1437 2010 1438 2012 1443 2019 1439 2020 1443 2021 1436 2022 1439 2014 1440 2016 1445 2023 1441 2024 1445 2025 1442 2026 1441 2017 1446 2027 1443 2019 1442 2028 1447 2029 1440 2030 1443 2021 1448 2031 1445 2023 1444 2032 1449 2033 1446 2034 1445 2025 1446 2027 1451 2035 1447 1324 1451 2036 1444 2037 1447 2029 1452 2038 1449 2039 1448 2031 1453 2040 1450 2041 1449 2033 1450 2042 1455 2043 1451 2035 1455 2044 1448 2045 1451 2036 1456 2046 1453 2047 1452 2038 1457 2048 1454 2049 1453 2040 1454 2050 1459 1324 1455 2043 1459 2051 1452 2052 1455 2044 1456 2046 1461 1647 1457 2053 1461 2054 1458 2055 1457 2048 1462 2056 1459 1324 1458 1324 1463 2057 1456 2058 1459 2051 1460 2059 1465 2060 1461 1647 1465 2061 1462 2062 1461 2054 1466 2063 1463 1977 1462 2056 1467 2064 1460 2065 1463 2057 1464 2066 1469 2067 1465 2060 1469 2068 1466 2069 1465 2061 1470 2070 1467 2071 1466 2063 1471 2072 1464 2073 1467 2064 1472 2074 1469 2067 1468 2075 1473 2076 1470 2077 1469 2068 1470 2070 1475 2078 1471 1324 1475 2079 1468 2080 1471 2072 1472 2074 1477 1647 1473 1647 1477 2081 1474 2082 1473 2076 1478 2083 1475 2078 1474 2084 1479 2085 1472 2086 1475 2079 1480 2087 1477 1647 1476 1647 1481 2088 1478 2089 1477 2081 1478 2083 1483 2090 1479 1324 1483 2091 1476 2092 1479 2085 1480 2087 1485 2067 1481 1647 1485 2093 1482 2094 1481 2088 1486 2095 1483 2090 1482 2084 1487 2096 1480 2097 1483 2091 1488 2066 1485 2067 1484 2075 1489 2098 1486 2099 1485 2093 1486 2095 1491 2071 1487 1324 1491 2100 1484 2101 1487 2096 1492 2059 1489 2060 1488 2066 1493 2102 1490 2103 1489 2098 1490 2063 1495 1977 1491 2071 1495 2104 1488 2105 1491 2100 1496 2046 1493 1647 1492 2059 1497 2106 1494 2107 1493 2102 1494 2056 1499 1324 1495 1977 1499 2108 1492 2109 1495 2104 1496 2046 1501 2047 1497 2053 1501 2110 1498 2111 1497 2106 1502 2050 1499 1324 1498 1324 1503 2112 1496 2113 1499 2108 1500 2038 1505 2039 1501 2047 1505 2114 1502 2115 1501 2110 1506 2042 1503 2043 1502 2050 1507 2116 1500 2117 1503 2112 1504 2118 1509 2023 1505 2039 1509 2119 1506 2120 1505 2114 1510 2027 1507 2035 1506 2042 1511 2121 1504 2122 1507 2116 1512 2123 1509 2023 1508 2032 1513 2124 1510 2125 1509 2119 1510 2027 1515 2126 1511 1324 1515 2127 1508 2128 1511 2121 1512 2123 1517 2129 1513 2024 1517 2130 1514 2131 1513 2124 1518 2132 1515 2126 1514 2028 1519 2133 1512 2134 1515 2127 1520 2135 1517 2129 1516 1647 1521 2136 1518 2137 1517 2130 1518 2132 1523 2138 1519 2020 1523 2139 1516 2140 1519 2133 1524 1647 1521 2141 1520 2135 1525 2142 1522 2143 1521 2136 1522 2056 1527 1998 1523 2138 1527 2144 1520 2145 1523 2139 1524 1647 1529 1647 1525 1647 1529 2146 1526 2147 1525 2142 1530 1997 1527 1998 1526 2005 1531 2148 1524 2149 1527 2144 1528 1987 1533 1988 1529 1647 1533 2150 1530 2151 1529 2146 1534 1991 1531 1992 1530 1997 1535 2152 1528 2153 1531 2148 1532 1980 1537 1981 1533 1988 1537 2154 1534 2155 1533 2150 1538 1984 1535 1324 1534 1991 1539 2156 1532 2157 1535 2152 1536 1973 1541 1966 1537 1981 1541 2158 1538 2159 1537 2154 1542 1969 1539 1977 1538 1984 1543 2160 1536 2161 1539 2156 1544 1959 1541 1966 1540 1974 1545 2162 1542 2163 1541 2158 1542 1969 1547 1963 1543 1324 1547 2164 1540 2165 1543 2160 1544 1959 1549 1952 1545 1647 1549 2166 1546 2167 1545 2162 1550 1955 1547 1963 1546 1970 1551 2168 1544 2169 1547 2164 1552 2170 1549 1952 1548 1960 1553 2171 1550 2172 1549 2166 1550 1955 1555 2173 1551 1324 1555 2174 1548 2175 1551 2168 1552 2170 1397 1647 1553 1647 1397 1946 1554 2176 1553 2171 1398 1947 1555 2173 1554 1956 1399 1951 1552 2177 1555 2174 2456 3697 2453 1358 2452 1358 2457 3698 2454 3699 2453 3700 2458 3701 2455 1377 2454 1377 2459 3702 2452 3703 2455 3704 2456 3697 2461 3705 2457 3706 2461 3707 2458 3708 2457 3698 2458 3701 2463 3709 2459 3710 2463 3711 2456 3712 2459 3702 2460 3713 2465 3714 2461 3705 2465 3715 2462 3716 2461 3707 2466 3717 2463 3709 2462 3718 2467 3719 2460 3720 2463 3711 2464 3721 2469 3722 2465 3714 2469 3723 2466 3724 2465 3715 2470 3725 2467 3726 2466 3717 2471 3727 2464 3728 2467 3719 2468 1358 2473 1358 2469 3722 2473 3729 2470 3730 2469 3723 2474 1377 2471 3731 2470 3725 2475 3732 2468 3733 2471 3727 2472 3734 2477 3735 2473 1358 2477 3736 2474 3737 2473 3729 2478 3738 2475 1377 2474 1377 2475 3732 2476 3739 2472 3740 2480 3741 2477 3735 2476 3742 2481 3743 2478 3744 2477 3736 2482 3745 2479 3746 2478 3738 2479 3747 2480 3748 2476 3739 2480 3741 2485 3749 2481 3750 2485 3751 2482 3752 2481 3743 2486 3753 2483 3754 2482 3745 2483 3755 2484 3756 2480 3748 2488 3757 2485 3749 2484 3758 2489 3759 2486 3760 2485 3751 2486 3753 2491 3761 2487 3762 2491 3763 2484 3756 2487 3764 2488 3757 2493 1358 2489 1358 2493 3765 2490 3766 2489 3759 2494 3767 2491 3761 2490 3768 2495 3769 2488 3770 2491 3763 2496 1358 2493 1358 2492 1358 2497 3771 2494 3772 2493 3765 2494 3767 2499 3773 2495 1377 2499 3774 2492 3775 2495 3769 2500 3776 2497 1358 2496 1358 2501 3777 2498 3778 2497 3771 2498 3779 2503 3780 2499 3773 2503 3781 2496 3782 2499 3774 2504 3783 2501 3784 2500 3776 2505 3785 2502 3786 2501 3777 2502 3787 2507 3788 2503 3780 2507 3789 2500 3790 2503 3781 2504 3783 2509 3791 2505 1358 2509 3792 2506 3793 2505 3785 2510 3794 2507 3788 2506 1377 2511 3795 2504 3796 2507 3789 2512 1358 2509 3791 2508 3797 2513 3798 2510 3799 2509 3792 2510 3794 2515 3800 2511 3801 2511 3795 2512 3802 2508 3803 2516 1358 2513 1358 2512 1358 2517 3804 2514 3805 2513 3798 2514 3806 2519 1377 2515 3800 2515 3807 2516 3808 2512 3802 2520 3809 2517 3810 2516 1358 2521 3811 2518 3812 2517 3804 2518 1377 2523 3813 2519 1377 2523 3814 2516 3808 2519 3815 2524 3816 2521 3817 2520 3809 2525 3818 2522 3819 2521 3811 2522 3820 2527 3821 2523 3813 2527 3822 2520 3823 2523 3814 2528 3824 2525 3825 2524 3816 2529 3826 2526 3827 2525 3818 2526 3828 2531 3829 2527 3821 2531 3830 2524 3831 2527 3822 2532 1358 2529 3832 2528 3824 2533 3833 2530 3834 2529 3826 2530 3835 2535 1377 2531 3829 2535 3836 2528 3837 2531 3830 2532 1358 2537 3838 2533 1358 2537 3839 2534 3840 2533 3833 2538 3841 2535 1377 2534 1377 2539 3842 2532 3843 2535 3836 2536 3844 2541 3845 2537 3838 2541 3846 2538 3847 2537 3839 2542 3848 2539 3849 2538 3841 2543 3850 2536 3851 2539 3842 2540 3852 2545 3853 2541 3845 2545 3854 2542 3855 2541 3846 2546 3856 2543 3857 2542 3848 2547 3858 2540 3859 2543 3850 2544 3860 2549 3861 2545 3853 2549 3862 2546 3863 2545 3854 2550 3864 2547 3865 2546 3856 2551 3866 2544 3867 2547 3858 2548 1358 2553 1358 2549 3861 2553 3868 2550 3869 2549 3862 2550 3864 2555 3870 2551 3871 2555 3872 2548 3873 2551 3866 2552 1358 2557 3874 2553 1358 2557 3875 2554 3876 2553 3868 2558 3877 2555 3870 2554 3878 2559 3879 2552 3880 2555 3872 2560 3881 2557 3874 2556 3882 2561 3883 2558 3884 2557 3875 2558 3877 2563 3885 2559 3886 2563 3887 2556 3888 2559 3879 2560 3881 2565 3889 2561 1358 2565 3890 2562 3891 2561 3883 2566 3892 2563 3885 2562 1377 2567 3893 2560 3894 2563 3887 2564 3895 2569 1358 2565 3889 2569 3896 2566 3897 2565 3890 2570 3898 2567 3899 2566 3892 2571 3900 2564 3901 2567 3893 2568 1358 2573 1358 2569 1358 2573 3902 2570 3903 2569 3896 2574 3904 2571 3905 2570 3898 2575 3906 2568 3907 2571 3900 2576 3908 2573 1358 2572 1358 2577 3909 2574 3910 2573 3902 2574 3904 2579 3911 2575 1377 2579 3912 2572 3913 2575 3906 2580 3914 2577 3915 2576 3908 2581 3916 2578 3917 2577 3909 2578 3918 2583 3919 2579 3911 2583 3920 2576 3921 2579 3912 2580 3914 2585 1358 2581 1358 2585 3922 2582 3923 2581 3916 2582 3924 2587 3925 2583 3919 2587 3926 2580 3927 2583 3920 2584 3928 2589 3929 2585 1358 2589 3930 2586 3931 2585 3922 2586 3932 2591 3933 2587 3925 2591 3934 2584 3935 2587 3926 2588 3936 2593 3937 2589 3929 2593 3938 2590 3939 2589 3930 2594 3940 2591 3933 2590 3941 2595 3942 2588 3943 2591 3934 2592 3944 2597 3945 2593 3937 2597 3946 2594 3947 2593 3938 2594 3940 2599 3948 2595 1377 2599 3949 2592 3950 2595 3942 2600 3951 2597 3945 2596 3952 2601 3953 2598 3954 2597 3946 2598 3955 2603 3956 2599 3948 2603 3957 2596 3958 2599 3949 2604 3959 2601 3960 2600 3951 2605 3961 2602 3962 2601 3953 2602 3963 2607 3964 2603 3956 2607 3965 2600 3966 2603 3957 2608 3967 2605 3968 2604 3959 2609 3969 2606 3970 2605 3961 2610 3971 2607 3964 2606 3972 2611 3973 2604 3974 2607 3965 2608 3967 2453 1358 2609 3975 2453 3700 2610 3976 2609 3969 2610 3971 2455 1377 2611 3977 2455 3704 2608 3978 2611 3973 3624 3697 3621 1358 3620 1358 3625 5633 3622 3699 3621 3700 3626 3701 3623 1377 3622 1377 3627 5634 3620 3703 3623 3704 3624 3697 3629 3705 3625 3706 3629 5635 3626 5636 3625 5633 3626 3701 3631 3709 3627 3710 3631 5637 3624 5638 3627 5634 3628 3713 3633 5639 3629 3705 3633 5640 3630 5641 3629 5635 3634 3717 3631 3709 3630 3718 3635 5642 3628 5643 3631 5637 3632 5644 3637 5645 3633 5639 3637 5646 3634 5647 3633 5640 3638 5648 3635 3726 3634 3717 3639 5649 3632 5650 3635 5642 3640 5651 3637 5645 3636 5652 3641 5653 3638 5654 3637 5646 3642 1377 3639 5655 3638 5648 3643 5656 3636 5657 3639 5649 3644 5658 3641 5659 3640 5651 3645 5660 3642 5661 3641 5653 3646 5662 3643 1377 3642 1377 3643 5656 3644 5663 3640 5664 3648 5665 3645 5666 3644 5658 3649 5667 3646 5668 3645 5660 3650 5669 3647 5670 3646 5662 3647 5671 3648 5672 3644 5663 3652 5673 3649 1358 3648 5665 3653 5674 3650 5675 3649 5667 3654 5676 3651 5677 3650 5669 3651 5678 3652 5679 3648 5672 3652 5673 3657 5680 3653 1358 3657 5681 3654 5682 3653 5674 3658 5683 3655 5684 3654 5676 3659 5685 3652 5679 3655 5686 3656 5687 3661 1358 3657 5680 3661 5688 3658 5689 3657 5681 3662 5690 3659 5691 3658 5683 3663 5692 3656 5693 3659 5685 3664 1358 3661 1358 3660 1358 3665 5694 3662 5695 3661 5688 3662 5690 3667 5696 3663 1377 3667 5697 3660 5698 3663 5692 3668 5699 3665 1358 3664 1358 3669 5700 3666 5701 3665 5694 3666 5702 3671 5703 3667 5696 3671 5704 3664 5705 3667 5697 3672 5706 3669 5707 3668 5699 3673 5708 3670 5709 3669 5700 3670 5710 3675 5711 3671 5703 3675 5712 3668 5713 3671 5704 3672 5706 3677 5714 3673 1358 3677 5715 3674 5716 3673 5708 3678 5717 3675 5711 3674 1377 3679 5718 3672 5719 3675 5712 3680 1358 3677 5714 3676 5720 3681 5721 3678 5722 3677 5715 3678 5717 3683 5723 3679 5724 3679 5718 3680 5725 3676 5726 3684 1358 3681 1358 3680 1358 3685 5727 3682 5728 3681 5721 3686 5729 3683 5723 3682 5730 3683 5731 3684 5732 3680 5725 3688 5733 3685 5734 3684 1358 3689 5735 3686 5736 3685 5727 3686 5729 3691 3813 3687 5737 3691 3823 3684 5732 3687 5738 3692 3816 3689 5739 3688 5733 3693 5740 3690 5741 3689 5735 3690 5742 3695 3821 3691 3813 3695 5743 3688 5744 3691 3823 3696 3824 3693 3825 3692 3816 3697 5745 3694 5746 3693 5740 3694 3828 3699 3829 3695 3821 3699 5747 3692 5748 3695 5743 3700 1358 3697 3832 3696 3824 3701 3833 3698 5749 3697 5745 3698 3835 3703 1377 3699 3829 3703 3836 3696 5750 3699 5747 3700 1358 3705 3838 3701 1358 3705 5751 3702 3840 3701 3833 3706 3841 3703 1377 3702 1377 3707 5752 3700 3843 3703 3836 3704 3844 3709 3845 3705 3838 3709 5753 3706 5754 3705 5751 3710 3848 3707 3849 3706 3841 3711 5755 3704 5756 3707 5752 3708 3852 3713 5757 3709 3845 3713 5758 3710 5759 3709 5753 3714 5760 3711 3857 3710 3848 3715 5761 3708 5762 3711 5755 3712 5763 3717 5764 3713 5757 3717 5765 3714 5766 3713 5758 3718 1377 3715 5767 3714 5760 3719 5768 3712 5769 3715 5761 3716 1358 3721 1358 3717 5764 3721 5770 3718 5771 3717 5765 3722 5772 3719 1377 3718 1377 3723 5773 3716 5774 3719 5768 3720 1358 3725 5775 3721 1358 3725 5776 3722 5777 3721 5770 3726 5778 3723 5779 3722 5772 3727 5780 3720 5781 3723 5773 3728 5782 3725 5775 3724 5783 3729 5784 3726 5785 3725 5776 3726 5778 3731 5786 3727 5787 3731 5788 3724 5789 3727 5780 3728 5782 3733 5790 3729 1358 3733 5791 3730 5792 3729 5784 3734 5793 3731 5786 3730 1377 3735 3893 3728 5794 3731 5788 3732 5795 3737 1358 3733 5790 3737 5796 3734 5797 3733 5791 3738 5798 3735 5799 3734 5793 3739 5800 3732 5801 3735 3893 3736 1358 3741 1358 3737 1358 3741 5802 3738 5803 3737 5796 3742 5804 3739 5805 3738 5798 3743 5806 3736 5807 3739 5800 3744 5808 3741 1358 3740 1358 3745 5809 3742 5810 3741 5802 3742 5804 3747 5811 3743 1377 3747 5812 3740 5813 3743 5806 3744 5808 3749 5814 3745 1358 3749 5815 3746 5816 3745 5809 3750 5817 3747 5811 3746 5818 3751 5819 3744 5820 3747 5812 3752 5821 3749 5814 3748 5822 3753 3789 3750 5823 3749 5815 3750 5817 3755 5824 3751 5825 3755 5826 3748 5827 3751 5819 3752 5821 3757 5828 3753 5829 3757 5830 3754 5831 3753 3789 3754 5832 3759 5833 3755 5824 3759 5834 3752 5835 3755 5826 3760 5836 3757 5828 3756 5837 3761 5838 3758 3803 3757 5830 3758 5839 3763 1377 3759 5833 3763 5840 3756 5841 3759 5834 3764 1358 3761 1358 3760 5836 3765 5842 3762 5843 3761 5838 3762 1377 3767 5844 3763 1377 3767 5845 3760 5846 3763 5840 3768 5847 3765 5848 3764 1358 3769 5849 3766 5850 3765 5842 3766 5851 3771 3956 3767 5844 3771 5852 3764 5853 3767 5845 3772 3959 3769 5854 3768 5847 3773 5855 3770 5856 3769 5849 3770 5857 3775 3964 3771 3956 3775 5858 3768 3957 3771 5852 3776 3967 3773 3968 3772 3959 3777 5859 3774 5860 3773 5855 3778 3971 3775 3964 3774 3972 3779 5861 3772 5862 3775 5858 3776 3967 3621 1358 3777 3975 3621 3700 3778 5863 3777 5859 3778 3971 3623 1377 3779 3977 3623 3704 3776 5864 3779 5861 0 0 1 4 43 1 2 3 44 6 43 1 3 5 45 8 44 6 4 7 46 10 45 8 5 9 47 12 46 10 5 9 6 13 48 11 6 13 7 15 49 14 7 15 8 17 50 16 8 17 9 19 51 18 9 19 10 21 52 20 10 21 11 22 53 22 11 22 12 20 54 23 13 24 55 24 54 23 14 25 56 27 55 24 15 26 57 29 56 27 16 28 58 31 57 29 17 30 59 33 58 31 18 32 60 35 59 33 19 34 61 37 60 35 19 34 20 38 62 36 20 38 21 40 63 39 21 40 22 43 64 41 23 42 65 45 64 41 24 44 66 47 65 45 25 46 67 49 66 47 26 48 68 51 67 49 26 48 27 52 69 50 27 52 28 54 70 53 28 54 29 56 71 55 29 56 30 58 72 57 30 58 31 60 73 59 31 60 32 62 74 61 32 62 33 64 75 60 34 63 76 66 75 60 35 65 77 68 76 66 36 67 78 70 77 68 37 69 79 72 78 70 38 71 80 74 79 72 39 73 81 76 80 74 40 75 82 78 81 76 40 75 41 79 83 77 41 79 0 0 42 2 42 80 43 84 85 81 44 83 86 86 85 81 45 85 87 88 86 86 46 87 88 90 87 88 46 87 47 91 89 89 47 91 48 93 90 92 48 93 49 95 91 94 49 95 50 97 92 96 50 97 51 99 93 98 51 99 52 101 94 100 52 101 53 103 95 102 53 103 54 105 96 104 54 105 55 107 97 106 55 107 56 109 98 108 56 109 57 111 99 110 57 111 58 113 100 112 58 113 59 115 101 114 59 115 60 117 102 116 60 117 61 119 103 118 61 119 62 121 104 120 62 121 63 123 105 122 63 123 64 126 106 124 65 125 107 128 106 124 66 127 108 130 107 128 67 129 109 132 108 130 68 131 110 134 109 132 69 133 111 136 110 134 70 135 112 138 111 136 71 137 113 140 112 138 72 139 114 142 113 140 73 141 115 144 114 142 74 143 116 146 115 144 75 145 117 148 116 146 76 147 118 150 117 148 77 149 119 152 118 150 78 151 120 154 119 152 79 153 121 156 120 154 80 155 122 158 121 156 81 157 123 160 122 158 82 159 124 162 123 160 83 161 125 163 124 162 83 161 42 80 84 82 85 81 127 165 126 164 86 86 128 166 127 165 87 88 129 168 128 166 87 88 88 90 130 167 88 90 89 89 131 169 90 92 132 170 131 169 91 94 133 171 132 170 92 96 134 173 133 171 92 96 93 98 135 172 94 100 136 174 135 172 95 102 137 175 136 174 96 104 138 175 137 175 97 106 139 175 138 175 98 108 140 176 139 175 99 110 141 177 140 176 100 112 142 179 141 177 100 112 101 114 143 178 101 114 102 116 144 180 102 116 103 118 145 181 104 120 146 182 145 181 105 122 147 183 146 182 106 124 148 184 147 183 107 128 149 185 148 184 108 130 150 187 149 185 108 130 109 132 151 186 109 132 110 134 152 188 111 136 153 189 152 188 112 138 154 190 153 189 113 140 155 192 154 190 113 140 114 142 156 191 115 144 157 193 156 191 116 146 158 194 157 193 117 148 159 194 158 194 118 150 160 194 159 194 119 152 161 195 160 194 120 154 162 196 161 195 121 156 163 198 162 196 121 156 122 158 164 197 122 158 123 160 165 199 123 160 124 162 166 200 125 163 167 201 166 200 84 82 126 164 167 201 0 0 41 79 40 75 40 75 39 73 38 71 38 71 37 69 36 10514 36 10514 35 10515 1 4 35 10515 34 1647 10 1647 2 3 35 10515 10 1647 35 10515 2 3 1 4 34 1647 33 1647 11 1647 40 75 38 71 36 10514 1 4 0 0 36 10514 0 0 40 75 36 10514 4 7 3 5 9 10516 3 5 2 3 9 10516 33 1647 32 1647 12 1647 6 13 5 9 4 7 8 17 7 15 4 7 7 15 6 13 4 7 10 1647 9 10516 2 3 9 10516 8 17 4 7 11 1647 10 1647 34 1647 31 1647 30 1647 23 42 30 1647 29 56 24 44 23 42 30 1647 24 44 33 1647 12 1647 11 1647 32 1647 31 1647 13 1647 12 1647 32 1647 13 1647 29 56 28 54 25 46 28 54 27 52 25 46 27 52 26 48 25 46 25 46 24 44 29 56 22 43 21 40 15 202 21 40 20 38 15 202 23 42 22 43 31 1647 13 1647 31 1647 14 10517 15 202 14 10517 22 43 14 10517 31 1647 22 43 20 38 19 34 15 202 19 34 18 32 17 30 17 30 16 28 15 202 167 10518 126 10519 163 10520 126 10519 127 1324 162 1324 163 10520 126 10519 162 1324 128 10521 129 10522 135 10523 129 10522 130 10524 134 10525 127 1324 128 10521 161 1324 165 10526 166 10527 163 10520 166 10527 167 10518 163 10520 163 10520 164 10528 165 10526 161 1324 162 1324 127 1324 160 1324 161 1324 136 1324 136 1324 128 10521 135 10523 129 10522 134 10525 135 10523 130 10524 131 1324 132 10529 132 10529 133 10528 134 10525 136 1324 137 1324 160 1324 130 10524 132 10529 134 10525 159 1324 160 1324 137 1324 128 10521 136 1324 161 1324 158 1324 159 1324 138 1324 137 1324 138 1324 159 1324 138 1324 139 1324 158 1324 157 1324 139 1324 140 1324 155 205 156 10530 150 203 156 10530 157 1324 149 10531 157 1324 158 1324 139 1324 157 1324 140 1324 149 10531 140 1324 141 10532 148 1324 141 10532 142 10533 146 10534 142 10533 143 10535 144 10536 144 10536 145 10537 142 10533 145 10537 146 10534 142 10533 146 10534 147 10538 141 10532 147 10538 148 1324 141 10532 149 10531 150 203 156 10530 150 203 151 10539 153 204 148 1324 149 10531 140 1324 153 204 154 10535 155 205 151 10539 152 1324 153 204 1400 1943 1401 1647 1397 1647 1401 1944 1402 1954 1398 1945 1398 1947 1402 1956 1403 1948 1403 1949 1400 1958 1396 1950 1400 1943 1404 1960 1405 1952 1405 1953 1406 1962 1402 1954 1406 1955 1407 1324 1403 1948 1407 1957 1404 1965 1400 1958 1408 1959 1409 1647 1405 1952 1409 1961 1410 1968 1406 1962 1406 1955 1410 1970 1411 1963 1411 1964 1408 1972 1404 1965 1408 1959 1412 1974 1413 1966 1413 1967 1414 1976 1410 1968 1414 1969 1415 1324 1411 1963 1415 1971 1412 1979 1408 1972 1416 1973 1417 1981 1413 1966 1417 1975 1418 1983 1414 1976 1414 1969 1418 1984 1419 1977 1419 1978 1416 1986 1412 1979 1420 1980 1421 1988 1417 1981 1421 1982 1422 1990 1418 1983 1418 1984 1422 1991 1423 1324 1423 1985 1420 1994 1416 1986 1424 1987 1425 1647 1421 1988 1425 1989 1426 1996 1422 1990 1422 1991 1426 1997 1427 1992 1427 1993 1424 2000 1420 1994 1428 1647 1429 1647 1425 1647 1429 1995 1430 2003 1426 1996 1426 1997 1430 2005 1431 1998 1431 1999 1428 2007 1424 2000 1428 1647 1432 2008 1433 2001 1433 2002 1434 2011 1430 2003 1434 2004 1435 2013 1431 1998 1435 2006 1432 2015 1428 2007 1432 2008 1436 1647 1437 2009 1437 2010 1438 2018 1434 2011 1438 2012 1439 2020 1435 2013 1439 2014 1436 2022 1432 2015 1440 2016 1441 2024 1437 2009 1441 2017 1442 2026 1438 2018 1438 2012 1442 2028 1443 2019 1443 2021 1440 2030 1436 2022 1440 2016 1444 2032 1445 2023 1445 2025 1446 2034 1442 2026 1446 2027 1447 1324 1443 2019 1447 2029 1444 2037 1440 2030 1448 2031 1449 2039 1445 2023 1449 2033 1450 2041 1446 2034 1446 2027 1450 2042 1451 2035 1451 2036 1448 2045 1444 2037 1452 2038 1453 2047 1449 2039 1453 2040 1454 2049 1450 2041 1450 2042 1454 2050 1455 2043 1455 2044 1452 2052 1448 2045 1456 2046 1457 2053 1453 2047 1457 2048 1458 2055 1454 2049 1454 2050 1458 1324 1459 1324 1459 2051 1456 2058 1452 2052 1456 2046 1460 2059 1461 1647 1461 2054 1462 2062 1458 2055 1462 2056 1463 1977 1459 1324 1463 2057 1460 2065 1456 2058 1460 2059 1464 2066 1465 2060 1465 2061 1466 2069 1462 2062 1466 2063 1467 2071 1463 1977 1467 2064 1464 2073 1460 2065 1464 2066 1468 2075 1469 2067 1469 2068 1470 2077 1466 2069 1470 2070 1471 1324 1467 2071 1471 2072 1468 2080 1464 2073 1472 2074 1473 1647 1469 2067 1473 2076 1474 2082 1470 2077 1470 2070 1474 2084 1475 2078 1475 2079 1472 2086 1468 2080 1472 2074 1476 1647 1477 1647 1477 2081 1478 2089 1474 2082 1478 2083 1479 1324 1475 2078 1479 2085 1476 2092 1472 2086 1480 2087 1481 1647 1477 1647 1481 2088 1482 2094 1478 2089 1478 2083 1482 2084 1483 2090 1483 2091 1480 2097 1476 2092 1480 2087 1484 2075 1485 2067 1485 2093 1486 2099 1482 2094 1486 2095 1487 1324 1483 2090 1487 2096 1484 2101 1480 2097 1488 2066 1489 2060 1485 2067 1489 2098 1490 2103 1486 2099 1486 2095 1490 2063 1491 2071 1491 2100 1488 2105 1484 2101 1492 2059 1493 1647 1489 2060 1493 2102 1494 2107 1490 2103 1490 2063 1494 2056 1495 1977 1495 2104 1492 2109 1488 2105 1496 2046 1497 2053 1493 1647 1497 2106 1498 2111 1494 2107 1494 2056 1498 1324 1499 1324 1499 2108 1496 2113 1492 2109 1496 2046 1500 2038 1501 2047 1501 2110 1502 2115 1498 2111 1502 2050 1503 2043 1499 1324 1503 2112 1500 2117 1496 2113 1500 2038 1504 2118 1505 2039 1505 2114 1506 2120 1502 2115 1506 2042 1507 2035 1503 2043 1507 2116 1504 2122 1500 2117 1504 2118 1508 2032 1509 2023 1509 2119 1510 2125 1506 2120 1510 2027 1511 1324 1507 2035 1511 2121 1508 2128 1504 2122 1512 2123 1513 2024 1509 2023 1513 2124 1514 2131 1510 2125 1510 2027 1514 2028 1515 2126 1515 2127 1512 2134 1508 2128 1512 2123 1516 1647 1517 2129 1517 2130 1518 2137 1514 2131 1518 2132 1519 2020 1515 2126 1519 2133 1516 2140 1512 2134 1520 2135 1521 2141 1517 2129 1521 2136 1522 2143 1518 2137 1518 2132 1522 2056 1523 2138 1523 2139 1520 2145 1516 2140 1524 1647 1525 1647 1521 2141 1525 2142 1526 2147 1522 2143 1522 2056 1526 2005 1527 1998 1527 2144 1524 2149 1520 2145 1524 1647 1528 1987 1529 1647 1529 2146 1530 2151 1526 2147 1530 1997 1531 1992 1527 1998 1531 2148 1528 2153 1524 2149 1528 1987 1532 1980 1533 1988 1533 2150 1534 2155 1530 2151 1534 1991 1535 1324 1531 1992 1535 2152 1532 2157 1528 2153 1532 1980 1536 1973 1537 1981 1537 2154 1538 2159 1534 2155 1538 1984 1539 1977 1535 1324 1539 2156 1536 2161 1532 2157 1536 1973 1540 1974 1541 1966 1541 2158 1542 2163 1538 2159 1542 1969 1543 1324 1539 1977 1543 2160 1540 2165 1536 2161 1544 1959 1545 1647 1541 1966 1545 2162 1546 2167 1542 2163 1542 1969 1546 1970 1547 1963 1547 2164 1544 2169 1540 2165 1544 1959 1548 1960 1549 1952 1549 2166 1550 2172 1546 2167 1550 1955 1551 1324 1547 1963 1551 2168 1548 2175 1544 2169 1552 2170 1553 1647 1549 1952 1553 2171 1554 2176 1550 2172 1550 1955 1554 1956 1555 2173 1555 2174 1552 2177 1548 2175 1552 2170 1396 1647 1397 1647 1397 1946 1398 1945 1554 2176 1398 1947 1399 1324 1555 2173 1399 1951 1396 1950 1552 2177 2456 3697 2457 3706 2453 1358 2457 3698 2458 3708 2454 3699 2458 3701 2459 3710 2455 1377 2459 3702 2456 3712 2452 3703 2456 3697 2460 3713 2461 3705 2461 3707 2462 3716 2458 3708 2458 3701 2462 3718 2463 3709 2463 3711 2460 3720 2456 3712 2460 3713 2464 3721 2465 3714 2465 3715 2466 3724 2462 3716 2466 3717 2467 3726 2463 3709 2467 3719 2464 3728 2460 3720 2464 3721 2468 1358 2469 3722 2469 3723 2470 3730 2466 3724 2470 3725 2471 3731 2467 3726 2471 3727 2468 3733 2464 3728 2468 1358 2472 3734 2473 1358 2473 3729 2474 3737 2470 3730 2474 1377 2475 1377 2471 3731 2475 3732 2472 3740 2468 3733 2472 3734 2476 3742 2477 3735 2477 3736 2478 3744 2474 3737 2478 3738 2479 3746 2475 1377 2475 3732 2479 3747 2476 3739 2480 3741 2481 3750 2477 3735 2481 3743 2482 3752 2478 3744 2482 3745 2483 3754 2479 3746 2479 3747 2483 3755 2480 3748 2480 3741 2484 3758 2485 3749 2485 3751 2486 3760 2482 3752 2486 3753 2487 3762 2483 3754 2483 3755 2487 3764 2484 3756 2488 3757 2489 1358 2485 3749 2489 3759 2490 3766 2486 3760 2486 3753 2490 3768 2491 3761 2491 3763 2488 3770 2484 3756 2488 3757 2492 1358 2493 1358 2493 3765 2494 3772 2490 3766 2494 3767 2495 1377 2491 3761 2495 3769 2492 3775 2488 3770 2496 1358 2497 1358 2493 1358 2497 3771 2498 3778 2494 3772 2494 3767 2498 3779 2499 3773 2499 3774 2496 3782 2492 3775 2500 3776 2501 3784 2497 1358 2501 3777 2502 3786 2498 3778 2498 3779 2502 3787 2503 3780 2503 3781 2500 3790 2496 3782 2504 3783 2505 1358 2501 3784 2505 3785 2506 3793 2502 3786 2502 3787 2506 1377 2507 3788 2507 3789 2504 3796 2500 3790 2504 3783 2508 3797 2509 3791 2509 3792 2510 3799 2506 3793 2510 3794 2511 3801 2507 3788 2511 3795 2508 3803 2504 3796 2512 1358 2513 1358 2509 3791 2513 3798 2514 3805 2510 3799 2510 3794 2514 3806 2515 3800 2511 3795 2515 3807 2512 3802 2516 1358 2517 3810 2513 1358 2517 3804 2518 3812 2514 3805 2514 3806 2518 1377 2519 1377 2515 3807 2519 3815 2516 3808 2520 3809 2521 3817 2517 3810 2521 3811 2522 3819 2518 3812 2518 1377 2522 3820 2523 3813 2523 3814 2520 3823 2516 3808 2524 3816 2525 3825 2521 3817 2525 3818 2526 3827 2522 3819 2522 3820 2526 3828 2527 3821 2527 3822 2524 3831 2520 3823 2528 3824 2529 3832 2525 3825 2529 3826 2530 3834 2526 3827 2526 3828 2530 3835 2531 3829 2531 3830 2528 3837 2524 3831 2532 1358 2533 1358 2529 3832 2533 3833 2534 3840 2530 3834 2530 3835 2534 1377 2535 1377 2535 3836 2532 3843 2528 3837 2532 1358 2536 3844 2537 3838 2537 3839 2538 3847 2534 3840 2538 3841 2539 3849 2535 1377 2539 3842 2536 3851 2532 3843 2536 3844 2540 3852 2541 3845 2541 3846 2542 3855 2538 3847 2542 3848 2543 3857 2539 3849 2543 3850 2540 3859 2536 3851 2540 3852 2544 3860 2545 3853 2545 3854 2546 3863 2542 3855 2546 3856 2547 3865 2543 3857 2547 3858 2544 3867 2540 3859 2544 3860 2548 1358 2549 3861 2549 3862 2550 3869 2546 3863 2550 3864 2551 3871 2547 3865 2551 3866 2548 3873 2544 3867 2548 1358 2552 1358 2553 1358 2553 3868 2554 3876 2550 3869 2550 3864 2554 3878 2555 3870 2555 3872 2552 3880 2548 3873 2552 1358 2556 3882 2557 3874 2557 3875 2558 3884 2554 3876 2558 3877 2559 3886 2555 3870 2559 3879 2556 3888 2552 3880 2560 3881 2561 1358 2557 3874 2561 3883 2562 3891 2558 3884 2558 3877 2562 1377 2563 3885 2563 3887 2560 3894 2556 3888 2560 3881 2564 3895 2565 3889 2565 3890 2566 3897 2562 3891 2566 3892 2567 3899 2563 3885 2567 3893 2564 3901 2560 3894 2564 3895 2568 1358 2569 1358 2569 3896 2570 3903 2566 3897 2570 3898 2571 3905 2567 3899 2571 3900 2568 3907 2564 3901 2568 1358 2572 1358 2573 1358 2573 3902 2574 3910 2570 3903 2574 3904 2575 1377 2571 3905 2575 3906 2572 3913 2568 3907 2576 3908 2577 3915 2573 1358 2577 3909 2578 3917 2574 3910 2574 3904 2578 3918 2579 3911 2579 3912 2576 3921 2572 3913 2580 3914 2581 1358 2577 3915 2581 3916 2582 3923 2578 3917 2578 3918 2582 3924 2583 3919 2583 3920 2580 3927 2576 3921 2580 3914 2584 3928 2585 1358 2585 3922 2586 3931 2582 3923 2582 3924 2586 3932 2587 3925 2587 3926 2584 3935 2580 3927 2584 3928 2588 3936 2589 3929 2589 3930 2590 3939 2586 3931 2586 3932 2590 3941 2591 3933 2591 3934 2588 3943 2584 3935 2588 3936 2592 3944 2593 3937 2593 3938 2594 3947 2590 3939 2594 3940 2595 1377 2591 3933 2595 3942 2592 3950 2588 3943 2592 3944 2596 3952 2597 3945 2597 3946 2598 3954 2594 3947 2594 3940 2598 3955 2599 3948 2599 3949 2596 3958 2592 3950 2600 3951 2601 3960 2597 3945 2601 3953 2602 3962 2598 3954 2598 3955 2602 3963 2603 3956 2603 3957 2600 3966 2596 3958 2604 3959 2605 3968 2601 3960 2605 3961 2606 3970 2602 3962 2602 3963 2606 3972 2607 3964 2607 3965 2604 3974 2600 3966 2608 3967 2609 3975 2605 3968 2609 3969 2610 3976 2606 3970 2610 3971 2611 3977 2607 3964 2611 3973 2608 3978 2604 3974 2608 3967 2452 1358 2453 1358 2453 3700 2454 3699 2610 3976 2610 3971 2454 1377 2455 1377 2455 3704 2452 3703 2608 3978 3624 3697 3625 3706 3621 1358 3625 5633 3626 5636 3622 3699 3626 3701 3627 3710 3623 1377 3627 5634 3624 5638 3620 3703 3624 3697 3628 3713 3629 3705 3629 5635 3630 5641 3626 5636 3626 3701 3630 3718 3631 3709 3631 5637 3628 5643 3624 5638 3628 3713 3632 5644 3633 5639 3633 5640 3634 5647 3630 5641 3634 3717 3635 3726 3631 3709 3635 5642 3632 5650 3628 5643 3632 5644 3636 5652 3637 5645 3637 5646 3638 5654 3634 5647 3638 5648 3639 5655 3635 3726 3639 5649 3636 5657 3632 5650 3640 5651 3641 5659 3637 5645 3641 5653 3642 5661 3638 5654 3642 1377 3643 1377 3639 5655 3643 5656 3640 5664 3636 5657 3644 5658 3645 5666 3641 5659 3645 5660 3646 5668 3642 5661 3646 5662 3647 5670 3643 1377 3643 5656 3647 5671 3644 5663 3648 5665 3649 1358 3645 5666 3649 5667 3650 5675 3646 5668 3650 5669 3651 5677 3647 5670 3647 5671 3651 5678 3648 5672 3652 5673 3653 1358 3649 1358 3653 5674 3654 5682 3650 5675 3654 5676 3655 5684 3651 5677 3651 5678 3655 5686 3652 5679 3652 5673 3656 5687 3657 5680 3657 5681 3658 5689 3654 5682 3658 5683 3659 5691 3655 5684 3659 5685 3656 5693 3652 5679 3656 5687 3660 1358 3661 1358 3661 5688 3662 5695 3658 5689 3662 5690 3663 1377 3659 5691 3663 5692 3660 5698 3656 5693 3664 1358 3665 1358 3661 1358 3665 5694 3666 5701 3662 5695 3662 5690 3666 5702 3667 5696 3667 5697 3664 5705 3660 5698 3668 5699 3669 5707 3665 1358 3669 5700 3670 5709 3666 5701 3666 5702 3670 5710 3671 5703 3671 5704 3668 5713 3664 5705 3672 5706 3673 1358 3669 5707 3673 5708 3674 5716 3670 5709 3670 5710 3674 1377 3675 5711 3675 5712 3672 5719 3668 5713 3672 5706 3676 5720 3677 5714 3677 5715 3678 5722 3674 5716 3678 5717 3679 5724 3675 5711 3679 5718 3676 5726 3672 5719 3680 1358 3681 1358 3677 5714 3681 5721 3682 5728 3678 5722 3678 5717 3682 5730 3683 5723 3679 5718 3683 5731 3680 5725 3684 1358 3685 5734 3681 1358 3685 5727 3686 5736 3682 5728 3686 5729 3687 5737 3683 5723 3683 5731 3687 5738 3684 5732 3688 5733 3689 5739 3685 5734 3689 5735 3690 5741 3686 5736 3686 5729 3690 5742 3691 3813 3691 3823 3688 5744 3684 5732 3692 3816 3693 3825 3689 5739 3693 5740 3694 5746 3690 5741 3690 5742 3694 3828 3695 3821 3695 5743 3692 5748 3688 5744 3696 3824 3697 3832 3693 3825 3697 5745 3698 5749 3694 5746 3694 3828 3698 3835 3699 3829 3699 5747 3696 5750 3692 5748 3700 1358 3701 1358 3697 3832 3701 3833 3702 3840 3698 5749 3698 3835 3702 1377 3703 1377 3703 3836 3700 3843 3696 5750 3700 1358 3704 3844 3705 3838 3705 5751 3706 5754 3702 3840 3706 3841 3707 3849 3703 1377 3707 5752 3704 5756 3700 3843 3704 3844 3708 3852 3709 3845 3709 5753 3710 5759 3706 5754 3710 3848 3711 3857 3707 3849 3711 5755 3708 5762 3704 5756 3708 3852 3712 5763 3713 5757 3713 5758 3714 5766 3710 5759 3714 5760 3715 5767 3711 3857 3715 5761 3712 5769 3708 5762 3712 5763 3716 1358 3717 5764 3717 5765 3718 5771 3714 5766 3718 1377 3719 1377 3715 5767 3719 5768 3716 5774 3712 5769 3716 1358 3720 1358 3721 1358 3721 5770 3722 5777 3718 5771 3722 5772 3723 5779 3719 1377 3723 5773 3720 5781 3716 5774 3720 1358 3724 5783 3725 5775 3725 5776 3726 5785 3722 5777 3726 5778 3727 5787 3723 5779 3727 5780 3724 5789 3720 5781 3728 5782 3729 1358 3725 5775 3729 5784 3730 5792 3726 5785 3726 5778 3730 1377 3731 5786 3731 5788 3728 5794 3724 5789 3728 5782 3732 5795 3733 5790 3733 5791 3734 5797 3730 5792 3734 5793 3735 5799 3731 5786 3735 3893 3732 5801 3728 5794 3732 5795 3736 1358 3737 1358 3737 5796 3738 5803 3734 5797 3738 5798 3739 5805 3735 5799 3739 5800 3736 5807 3732 5801 3736 1358 3740 1358 3741 1358 3741 5802 3742 5810 3738 5803 3742 5804 3743 1377 3739 5805 3743 5806 3740 5813 3736 5807 3744 5808 3745 1358 3741 1358 3745 5809 3746 5816 3742 5810 3742 5804 3746 5818 3747 5811 3747 5812 3744 5820 3740 5813 3744 5808 3748 5822 3749 5814 3749 5815 3750 5823 3746 5816 3750 5817 3751 5825 3747 5811 3751 5819 3748 5827 3744 5820 3752 5821 3753 5829 3749 5814 3753 3789 3754 5831 3750 5823 3750 5817 3754 5832 3755 5824 3755 5826 3752 5835 3748 5827 3752 5821 3756 5837 3757 5828 3757 5830 3758 3803 3754 5831 3754 5832 3758 5839 3759 5833 3759 5834 3756 5841 3752 5835 3760 5836 3761 1358 3757 5828 3761 5838 3762 5843 3758 3803 3758 5839 3762 1377 3763 1377 3763 5840 3760 5846 3756 5841 3764 1358 3765 5848 3761 1358 3765 5842 3766 5850 3762 5843 3762 1377 3766 5851 3767 5844 3767 5845 3764 5853 3760 5846 3768 5847 3769 5854 3765 5848 3769 5849 3770 5856 3766 5850 3766 5851 3770 5857 3771 3956 3771 5852 3768 3957 3764 5853 3772 3959 3773 3968 3769 5854 3773 5855 3774 5860 3770 5856 3770 5857 3774 3972 3775 3964 3775 5858 3772 5862 3768 3957 3776 3967 3777 3975 3773 3968 3777 5859 3778 5863 3774 5860 3778 3971 3779 3977 3775 3964 3779 5861 3776 5864 3772 5862 3776 3967 3620 1358 3621 1358 3621 3700 3622 3699 3778 5863 3778 3971 3622 1377 3623 1377 3623 3704 3620 3703 3776 5864</p>
        </triangles>
        <triangles material="gunmetal-material" count="7380">
          <input semantic="VERTEX" source="#hull-mesh-vertices" offset="0"/>
          <input semantic="NORMAL" source="#hull-mesh-normals" offset="1"/>
          <p>168 206 177 207 176 208 169 209 178 210 177 211 171 212 178 213 170 214 172 215 179 216 171 217 173 218 180 219 172 220 174 221 181 222 173 223 174 224 183 225 182 226 175 227 176 228 183 229 177 207 184 230 176 208 178 210 185 231 177 211 179 232 186 233 178 213 180 234 187 235 179 216 181 236 188 237 180 219 182 238 189 239 181 222 183 225 190 240 182 226 176 228 191 241 183 229 185 230 192 242 184 230 186 231 193 243 185 231 187 244 194 245 186 233 188 246 195 247 187 235 189 248 196 249 188 237 190 250 197 251 189 239 191 240 198 252 190 240 184 241 199 253 191 241 193 254 200 255 192 242 194 256 201 257 193 243 194 245 203 258 202 259 195 247 204 260 203 261 196 249 205 262 204 263 197 251 206 264 205 265 199 266 206 267 198 252 192 268 207 269 199 253 201 270 208 271 200 255 202 272 209 273 201 257 202 259 211 274 210 275 203 261 212 276 211 277 204 263 213 278 212 279 205 265 214 280 213 281 207 282 214 283 206 267 200 284 215 285 207 269 208 271 217 286 216 287 210 288 217 289 209 273 210 275 219 290 218 291 212 276 219 292 211 277 213 278 220 293 212 279 213 281 222 294 221 295 215 296 222 297 214 283 215 285 216 298 223 299 216 287 225 300 224 301 218 302 225 303 217 289 218 291 227 304 226 305 220 306 227 307 219 292 221 308 228 309 220 293 221 295 230 310 229 311 223 312 230 313 222 297 223 299 224 314 231 315 224 301 233 316 232 317 226 318 233 319 225 303 226 305 235 320 234 321 228 322 235 323 227 307 229 324 236 325 228 309 229 311 238 326 237 327 231 328 238 329 230 313 231 315 232 330 239 331 232 317 241 332 240 333 234 334 241 335 233 319 234 321 243 336 242 337 236 338 243 339 235 323 237 340 244 341 236 325 237 327 246 342 245 343 239 344 246 345 238 329 239 331 240 346 247 347 240 333 249 348 248 349 242 350 249 351 241 335 242 337 251 352 250 353 244 354 251 355 243 339 244 341 253 356 252 357 246 342 253 358 245 343 246 345 255 359 254 360 240 346 255 361 247 347 249 348 256 362 248 349 249 351 258 363 257 364 251 352 258 365 250 353 251 355 260 366 259 367 252 357 261 368 260 369 254 370 261 371 253 358 254 360 263 372 262 373 248 374 263 375 255 361 256 362 265 376 264 377 257 364 266 378 265 379 259 380 266 381 258 365 260 366 267 382 259 367 261 368 268 383 260 369 262 384 269 385 261 371 262 373 271 386 270 387 263 375 264 388 271 389 264 377 273 390 272 391 265 379 274 392 273 393 267 394 274 395 266 381 268 396 275 397 267 382 269 398 276 399 268 383 270 400 277 401 269 385 270 387 279 402 278 403 271 389 272 404 279 405 273 390 280 406 272 391 274 392 281 407 273 393 275 408 282 409 274 395 276 410 283 411 275 397 277 412 284 413 276 399 278 414 285 415 277 401 279 402 286 416 278 403 272 404 287 417 279 405 281 418 288 419 280 406 282 420 289 421 281 407 283 422 290 423 282 409 284 424 291 425 283 411 285 426 292 427 284 413 286 428 293 429 285 415 287 430 294 431 286 416 280 432 295 433 287 417 289 434 296 435 288 419 290 436 297 437 289 421 291 438 298 439 290 423 292 440 299 410 291 425 293 441 300 442 292 427 294 443 301 415 293 429 295 444 302 445 294 431 288 446 303 447 295 433 297 435 304 448 296 435 298 437 305 449 297 437 299 439 306 450 298 439 300 410 307 451 299 410 301 452 308 453 300 442 302 454 309 415 301 415 303 444 310 455 302 445 296 456 311 417 303 447 305 406 312 406 304 448 306 457 313 458 305 449 307 459 314 460 306 450 308 440 315 440 307 451 309 453 316 461 308 453 310 462 317 463 309 415 311 444 318 464 310 455 304 417 319 465 311 417 313 406 320 435 312 406 314 466 321 467 313 458 315 468 322 469 314 460 316 440 323 470 315 440 317 471 324 472 316 461 318 473 325 474 317 463 319 475 326 476 318 464 312 477 327 478 319 465 321 479 328 480 320 435 322 481 329 482 321 467 322 469 331 483 330 484 323 470 332 485 331 486 324 472 333 487 332 488 325 474 334 489 333 490 327 491 334 492 326 476 320 493 335 494 327 478 329 495 336 496 328 480 330 497 337 498 329 482 330 484 339 499 338 500 331 486 340 501 339 502 332 488 341 503 340 504 333 490 342 505 341 506 335 507 342 508 334 492 328 509 343 510 335 494 336 496 345 511 344 512 338 513 345 514 337 498 338 500 347 515 346 516 340 501 347 517 339 502 341 503 348 518 340 504 341 506 350 519 349 520 343 521 350 522 342 508 343 510 344 523 351 524 345 511 352 525 344 512 345 514 354 526 353 527 347 515 354 528 346 516 347 517 356 529 355 530 349 531 356 532 348 518 349 520 358 533 357 534 351 535 358 536 350 522 351 524 352 537 359 538 353 539 360 540 352 525 353 527 362 541 361 542 355 543 362 544 354 528 355 530 364 545 363 546 356 532 365 547 364 548 358 533 365 549 357 534 358 536 367 550 366 551 352 537 367 552 359 538 361 553 368 554 360 540 361 542 370 555 369 556 363 557 370 558 362 544 363 546 372 559 371 560 364 548 373 561 372 562 366 563 373 564 365 549 366 551 375 565 374 566 360 567 375 568 367 552 369 569 376 570 368 554 369 556 378 571 377 572 371 573 378 574 370 558 371 560 380 575 379 576 372 562 381 577 380 578 374 579 381 580 373 564 374 566 383 581 382 582 368 583 383 584 375 568 376 570 385 585 384 586 377 572 386 587 385 588 379 589 386 590 378 574 380 575 387 591 379 576 381 577 388 592 380 578 382 593 389 594 381 580 382 582 391 595 390 596 383 584 384 597 391 598 384 586 393 599 392 600 385 588 394 601 393 602 387 603 394 604 386 590 388 605 395 606 387 591 389 607 396 608 388 592 390 609 397 610 389 594 390 596 399 611 398 612 391 598 392 613 399 614 392 600 401 615 400 616 393 602 402 617 401 618 395 619 402 620 394 604 396 621 403 622 395 606 397 623 404 624 396 608 398 625 405 626 397 610 398 612 407 627 406 628 399 614 400 629 407 630 401 615 408 241 400 616 402 617 409 240 401 618 403 631 410 250 402 620 404 632 411 248 403 622 405 633 412 246 404 624 406 634 413 244 405 626 407 627 414 231 406 628 400 629 415 230 407 630 409 241 416 635 408 241 410 240 417 636 409 240 411 239 418 637 410 250 412 237 419 638 411 248 413 235 420 639 412 246 414 233 421 640 413 244 415 231 422 641 414 231 408 230 423 642 415 230 417 643 424 644 416 635 418 645 425 646 417 636 418 637 427 647 426 648 419 638 428 649 427 650 420 639 429 651 428 652 421 640 430 653 429 654 423 655 430 656 422 641 416 657 431 658 423 642 425 659 432 660 424 644 426 661 433 662 425 646 426 648 435 663 434 664 427 650 436 665 435 666 428 652 437 667 436 668 429 654 438 669 437 670 431 671 438 672 430 656 424 673 439 674 431 658 433 675 440 676 432 660 434 677 441 678 433 662 434 664 443 679 442 680 435 666 444 681 443 682 436 668 445 683 444 684 437 670 446 685 445 686 439 687 446 688 438 672 432 689 447 690 439 674 440 676 449 691 448 692 442 693 449 694 441 678 442 680 451 695 450 696 444 681 451 697 443 682 445 683 452 698 444 684 445 686 454 699 453 700 447 701 454 702 446 688 447 690 448 703 455 704 448 692 457 705 456 706 450 707 457 708 449 694 450 696 459 709 458 710 452 711 459 712 451 697 453 713 460 714 452 698 453 700 462 715 461 716 455 717 462 718 454 702 455 704 456 719 463 720 456 706 465 721 464 722 458 723 465 724 457 708 458 710 467 725 466 726 460 727 467 728 459 712 461 729 468 730 460 714 461 716 470 731 469 732 463 733 470 734 462 718 463 720 464 735 471 736 464 722 473 737 472 738 466 739 473 740 465 724 466 726 475 741 474 742 468 743 475 744 467 728 468 730 477 745 476 746 470 731 477 747 469 732 470 734 479 748 478 749 464 735 479 750 471 736 473 737 480 751 472 738 473 740 482 752 481 753 475 741 482 754 474 742 475 744 484 755 483 756 476 746 485 757 484 758 478 759 485 760 477 747 478 749 487 761 486 762 472 763 487 764 479 750 480 751 489 765 488 766 481 753 490 767 489 768 483 769 490 770 482 754 484 755 491 771 483 756 485 757 492 772 484 758 486 773 493 774 485 760 486 762 495 775 494 776 487 764 488 777 495 778 488 766 497 779 496 780 489 768 498 781 497 782 491 783 498 784 490 770 492 785 499 786 491 771 493 787 500 788 492 772 494 789 501 790 493 774 494 776 503 791 502 792 495 778 496 793 503 794 497 779 504 795 496 780 498 781 505 475 497 782 499 796 506 473 498 784 500 797 507 798 499 786 501 799 508 800 500 788 502 801 509 468 501 790 503 791 510 466 502 792 496 793 511 434 503 794 505 795 512 795 504 795 506 464 513 444 505 475 507 463 514 802 506 473 508 798 515 798 507 798 509 411 516 425 508 800 510 460 517 459 509 468 511 458 518 803 510 466 504 804 519 805 511 434 513 806 520 807 512 795 514 808 521 809 513 444 515 810 522 811 514 802 516 812 523 797 515 798 517 425 524 813 516 425 518 814 525 459 517 459 519 815 526 816 518 803 512 805 527 817 519 805 521 807 528 795 520 807 522 809 529 818 521 809 523 811 530 819 522 811 524 797 531 471 523 797 525 820 532 821 524 813 526 822 533 459 525 459 527 815 534 420 526 816 520 823 535 418 527 817 529 417 536 824 528 795 530 825 537 826 529 818 531 827 538 443 530 819 532 828 539 441 531 471 533 829 540 830 532 821 534 831 541 832 533 459 535 833 542 834 534 420 528 835 543 836 535 418 537 465 544 807 536 824 538 837 545 838 537 826 539 839 546 840 538 443 540 798 547 841 539 441 541 425 548 842 540 830 542 843 549 844 541 832 543 815 550 845 542 834 536 846 551 847 543 836 545 848 552 849 544 807 546 850 553 851 545 838 546 840 555 852 554 853 547 841 556 854 555 855 548 842 557 856 556 857 549 844 558 858 557 859 551 860 558 861 550 845 544 862 559 863 551 847 553 864 560 865 552 849 554 866 561 867 553 851 554 853 563 868 562 869 555 855 564 870 563 871 556 857 565 872 564 873 557 859 566 874 565 875 559 876 566 877 558 861 552 878 567 879 559 863 560 865 569 880 568 881 562 882 569 883 561 867 562 869 571 884 570 885 564 870 571 886 563 871 565 872 572 887 564 873 565 875 574 888 573 889 567 890 574 891 566 877 567 879 568 892 575 893 569 880 576 894 568 881 569 883 578 895 577 896 571 884 578 897 570 885 571 886 580 898 579 899 573 900 580 901 572 887 573 889 582 902 581 903 575 904 582 905 574 891 575 893 576 906 583 907 577 908 584 909 576 894 577 896 586 910 585 911 579 912 586 913 578 897 579 899 588 914 587 915 580 901 589 916 588 917 582 902 589 918 581 903 582 905 591 919 590 920 576 906 591 921 583 907 585 922 592 923 584 909 585 911 594 924 593 925 587 926 594 927 586 913 587 915 596 928 595 929 588 917 597 930 596 931 590 932 597 933 589 918 590 920 599 934 598 935 584 936 599 937 591 921 593 938 600 939 592 923 593 925 602 940 601 941 595 942 602 943 594 927 595 929 604 944 603 945 596 931 605 946 604 947 598 948 605 949 597 933 598 935 607 950 606 951 592 952 607 953 599 937 601 954 608 955 600 939 601 941 610 956 609 957 603 958 610 959 602 943 603 945 612 960 611 961 604 947 613 962 612 963 606 964 613 965 605 949 606 951 615 966 614 967 600 968 615 969 607 953 608 955 169 970 168 206 609 957 170 971 169 209 611 972 170 214 610 959 612 960 171 217 611 961 613 962 172 220 612 963 614 973 173 223 613 965 614 967 175 974 174 224 615 969 168 975 175 227 677 976 617 977 666 978 701 979 665 980 690 981 652 982 676 983 700 984 630 985 641 986 618 987 653 988 689 989 642 990 619 991 620 992 616 993 619 991 624 994 621 995 622 996 623 997 617 977 626 998 624 994 622 996 625 999 626 998 618 987 625 999 621 995 627 1000 621 995 624 994 627 1000 631 1001 632 1002 628 1003 635 1004 633 1005 631 1001 634 1006 635 1004 629 1007 638 1008 636 1009 634 1006 637 1010 638 1008 630 985 637 1010 633 1005 639 1011 633 1005 636 1009 639 1011 643 1012 644 1013 640 1014 647 1015 645 1016 643 1012 646 1017 647 1015 641 986 646 1017 651 1018 648 1019 649 1020 650 1021 642 990 644 1013 651 1018 649 1020 645 1016 648 1019 651 1018 655 1022 656 1023 652 982 655 1022 660 1024 657 1025 658 1026 659 1027 653 988 662 1028 660 1024 658 1026 661 1029 662 1028 654 1030 661 1029 657 1025 663 1031 657 1025 660 1024 663 1031 667 1032 668 1033 664 1034 671 1035 669 1036 667 1032 670 1037 671 1035 665 980 670 1037 675 1038 672 1039 673 1040 674 1041 666 978 668 1033 675 1038 673 1040 669 1036 672 1039 675 1038 679 1042 680 1043 676 983 679 1042 684 1044 681 1045 682 1046 683 1047 677 976 686 1048 684 1044 682 1046 685 1049 686 1048 678 1050 685 1049 681 1045 687 1051 681 1045 684 1044 687 1051 691 1052 692 1053 688 1054 691 1052 696 1055 693 1056 694 1057 695 1058 689 989 698 1059 696 1055 694 1057 697 1060 698 1059 690 981 697 1060 693 1056 699 1061 693 1056 696 1055 699 1061 703 1062 704 1063 700 984 707 1064 705 1065 703 1062 706 1066 707 1064 701 979 706 1066 711 1067 708 1068 709 1069 710 1070 702 1071 704 1063 711 1067 709 1069 705 1065 708 1068 711 1067 616 993 643 1012 640 1014 620 992 647 1015 643 1012 625 999 641 986 647 1015 628 1003 622 996 617 977 632 1002 626 998 622 996 637 1010 618 987 626 998 652 982 634 1006 629 1007 656 1023 638 1008 634 1006 661 1029 630 985 638 1008 642 990 658 1026 653 988 650 1021 662 1028 658 1026 646 1017 654 1030 662 1028 640 1014 691 1052 688 1054 644 1013 695 1058 691 1052 649 1020 689 989 695 1058 700 984 655 1022 652 982 704 1063 659 1027 655 1022 709 1069 653 988 659 1027 690 981 706 1066 701 979 698 1059 710 1070 706 1066 694 1057 702 1071 710 1070 688 1054 667 1032 664 1034 692 1053 671 1035 667 1032 697 1060 665 980 671 1035 676 983 703 1062 700 984 680 1043 707 1064 703 1062 685 1049 701 979 707 1064 666 978 682 1046 677 976 674 1041 686 1048 682 1046 670 1037 678 1050 686 1048 664 1034 619 991 616 993 668 1033 623 997 619 991 673 1040 617 977 623 997 629 1007 679 1042 676 983 635 1004 683 1047 679 1042 631 1001 677 976 683 1047 688 1054 616 993 640 1014 712 1072 719 1073 718 1074 713 1075 720 1076 719 1077 714 1078 721 1079 720 1080 716 1081 721 1082 715 1083 717 1084 722 1085 716 1086 712 1087 723 1088 717 1089 719 1073 724 1090 718 1074 719 1077 726 1091 725 1092 721 1079 726 1093 720 1080 721 1082 728 1094 727 1095 723 1096 728 1097 722 1085 723 1088 724 1098 729 1099 724 1090 731 1100 730 1101 725 1092 732 1102 731 1103 727 1104 732 1105 726 1093 727 1095 734 1106 733 1107 729 1108 734 1109 728 1097 724 1098 735 1110 729 1099 730 1101 737 1111 736 1112 732 1102 737 1113 731 1103 733 1114 738 1115 732 1105 733 1107 740 1116 739 1117 734 1109 741 1118 740 1119 730 1120 741 1121 735 1110 737 1111 742 1122 736 1112 737 1113 744 1123 743 1124 738 1115 745 1125 744 1126 740 1116 745 1127 739 1117 741 1118 746 1128 740 1119 741 1121 742 1129 747 1130 743 1131 748 1132 742 1122 744 1123 749 1133 743 1124 744 1126 751 1134 750 1135 746 1136 751 1137 745 1127 746 1128 753 1138 752 1139 747 1130 748 1140 753 1141 748 1132 755 1142 754 1143 750 1144 755 1145 749 1133 750 1135 757 1146 756 1147 752 1148 757 1149 751 1137 752 1139 759 1150 758 1151 748 1140 759 1152 753 1141 755 1142 760 1153 754 1143 756 1154 761 1155 755 1145 757 1146 762 1156 756 1147 757 1149 764 1157 763 1158 758 1151 765 1159 764 1160 759 1152 760 1161 765 1162 760 1153 767 1163 766 1164 761 1155 768 1165 767 1166 762 1156 769 1167 768 1168 764 1157 769 1169 763 1158 765 1159 770 1170 764 1160 760 1161 771 1171 765 1162 767 1163 772 1172 766 1164 767 1166 774 1173 773 1174 769 1167 774 1175 768 1168 769 1169 776 1176 775 1177 771 1178 776 1179 770 1170 771 1171 772 1180 777 1181 772 1172 779 1182 778 1183 773 1174 780 1184 779 1185 775 1186 780 1187 774 1175 775 1177 782 1188 781 1189 777 1190 782 1191 776 1179 772 1180 783 1192 777 1181 778 1183 785 1193 784 1194 780 1184 785 1195 779 1185 781 1196 786 1197 780 1187 781 1189 788 1198 787 1199 782 1191 789 1200 788 1201 778 1202 789 1203 783 1192 785 1193 790 1204 784 1194 785 1195 792 1205 791 1206 786 1197 793 1207 792 1208 788 1198 793 1209 787 1199 789 1200 794 1210 788 1201 789 1203 790 1211 795 1212 791 1213 796 1214 790 1204 792 1205 797 1215 791 1206 792 1208 799 1216 798 1217 794 1218 799 1219 793 1209 794 1210 801 1220 800 1221 795 1212 796 1222 801 1223 796 1214 803 1224 802 1225 798 1226 803 1227 797 1215 798 1217 805 1228 804 1229 800 1230 805 1231 799 1219 800 1221 807 1232 806 1233 796 1222 807 1234 801 1223 803 1224 712 1072 802 1225 804 1235 713 1075 803 1227 805 1228 714 1078 804 1229 805 1231 716 1081 715 1083 806 1233 717 1084 716 1086 807 1234 712 1087 717 1089 924 1361 929 1362 925 1363 929 1364 926 1365 925 1366 926 1367 931 1368 927 1369 931 1370 924 1371 927 1372 928 1358 933 1373 929 1362 933 1374 930 1375 929 1364 934 1376 931 1368 930 1377 935 1378 928 1379 931 1370 936 1380 933 1373 932 1381 937 1382 934 1383 933 1374 934 1376 939 1384 935 1385 939 1386 932 1387 935 1378 936 1380 941 1358 937 1388 941 1389 938 1390 937 1382 942 1391 939 1384 938 1392 943 1393 936 1394 939 1386 944 1395 941 1358 940 1358 945 1396 942 1397 941 1389 942 1391 947 1398 943 1377 947 1399 940 1400 943 1393 944 1395 949 1401 945 1388 949 1402 946 1403 945 1396 950 1404 947 1398 946 1405 951 1406 944 1407 947 1399 952 1408 949 1401 948 1409 953 1410 950 1411 949 1402 950 1404 955 1412 951 1413 955 1414 948 1415 951 1406 952 1408 957 1416 953 1417 957 1418 954 1419 953 1410 954 1377 959 1420 955 1412 959 1421 952 1422 955 1414 960 1423 957 1416 956 1358 957 1418 962 1424 958 1425 958 1426 963 1427 959 1420 963 1428 956 1429 959 1421 960 1423 965 1430 961 1431 965 1432 962 1424 961 1433 966 1434 963 1427 962 1377 967 1435 960 1436 963 1428 968 1437 965 1430 964 1438 969 1439 966 1440 965 1432 966 1434 971 1441 967 1442 971 1443 964 1444 967 1435 968 1437 973 1358 969 1445 973 1446 970 1447 969 1439 974 1448 971 1441 970 1449 975 1450 968 1451 971 1443 976 1452 973 1358 972 1358 977 1453 974 1454 973 1446 974 1448 979 1455 975 1377 979 1456 972 1457 975 1450 976 1452 981 1430 977 1445 981 1458 978 1459 977 1453 982 1460 979 1455 978 1449 983 1461 976 1462 979 1456 984 1463 981 1430 980 1438 985 1464 982 1465 981 1458 982 1460 987 1466 983 1442 987 1467 980 1468 983 1461 984 1463 925 1363 985 1469 985 1464 926 1365 986 1470 926 1367 987 1466 986 1377 927 1372 984 1471 987 1467 1024 1505 1021 1506 1020 1507 1025 1508 1022 1509 1021 1510 1022 1511 1027 1512 1023 1513 1027 1514 1020 1515 1023 1516 1024 1505 1029 1517 1025 1518 1029 1519 1026 1520 1025 1508 1030 1521 1027 1512 1026 1377 1031 1522 1024 1523 1027 1514 1032 1524 1029 1517 1028 1525 1033 1526 1030 1527 1029 1519 1030 1521 1035 1528 1031 1529 1035 1530 1028 1531 1031 1522 1032 1524 1037 1358 1033 1532 1037 1533 1034 1534 1033 1526 1038 1535 1035 1528 1034 1536 1039 1537 1032 1538 1035 1530 1040 1539 1037 1358 1036 1358 1041 1540 1038 1541 1037 1533 1038 1535 1043 1542 1039 1377 1043 1543 1036 1544 1039 1537 1040 1539 1045 1517 1041 1532 1045 1545 1042 1356 1041 1540 1046 1546 1043 1542 1042 1536 1047 1547 1040 1548 1043 1543 1048 1549 1045 1517 1044 1525 1049 1550 1046 1551 1045 1545 1046 1546 1051 1552 1047 1529 1051 1553 1044 1554 1047 1547 1048 1549 1053 1555 1049 1556 1053 1557 1050 1558 1049 1550 1054 1559 1051 1552 1050 1377 1055 1560 1048 1561 1051 1553 1056 1562 1053 1555 1052 1358 1053 1557 1058 1563 1054 1564 1058 1377 1055 1565 1054 1559 1059 1566 1052 1567 1055 1560 1056 1562 1061 1568 1057 1569 1061 1570 1058 1563 1057 1571 1062 1572 1059 1573 1058 1377 1063 1574 1056 1575 1059 1566 1064 1576 1061 1568 1060 1577 1065 1578 1062 1579 1061 1570 1062 1572 1067 1580 1063 1581 1067 1582 1060 1583 1063 1574 1064 1576 1069 1358 1065 1584 1069 1585 1066 1586 1065 1578 1070 1587 1067 1580 1066 1588 1071 1589 1064 1590 1067 1582 1072 1591 1069 1358 1068 1358 1073 1592 1070 1593 1069 1585 1070 1587 1075 1594 1071 1377 1075 1595 1068 1596 1071 1589 1072 1591 1077 1597 1073 1584 1077 1598 1074 1599 1073 1592 1078 1600 1075 1594 1074 1601 1079 1602 1072 1603 1075 1595 1080 1358 1077 1597 1076 1604 1081 1605 1078 1606 1077 1598 1078 1600 1083 1607 1079 1608 1083 1609 1076 1610 1079 1602 1020 1507 1081 1611 1080 1358 1081 1605 1022 1509 1082 1612 1022 1511 1083 1607 1082 1377 1023 1516 1080 1613 1083 1609 1085 1614 1086 1615 1084 1616 1087 1617 1088 1618 1086 1615 1089 1619 1090 1620 1088 1618 1091 1621 1092 1622 1090 1620 1093 1623 1094 1624 1092 1622 1095 1625 1096 1626 1094 1624 1097 1627 1098 1628 1096 1626 1099 1629 1100 1630 1098 1628 1101 1631 1102 1632 1100 1630 1103 1633 1104 1634 1102 1632 1105 1635 1106 1636 1104 1634 1107 1637 1108 1638 1106 1636 1109 1639 1110 1640 1108 1638 1111 1641 1112 1642 1110 1640 1105 1324 1097 1643 1089 1324 1113 1644 1114 1645 1112 1642 1115 1646 1084 1616 1114 1645 1090 1647 1098 1647 1106 1647 1117 1648 1118 1649 1116 1650 1119 1651 1120 1652 1118 1649 1121 1653 1122 1654 1120 1652 1123 1618 1124 1655 1122 1654 1125 1656 1126 1657 1124 1655 1127 1658 1128 1659 1126 1657 1129 1660 1130 1661 1128 1659 1131 1662 1132 1663 1130 1661 1133 1664 1134 1665 1132 1663 1135 1666 1136 1667 1134 1665 1137 1668 1138 1669 1136 1667 1139 1670 1140 1671 1138 1669 1141 1672 1142 1673 1140 1671 1143 1674 1144 1675 1142 1673 1145 1676 1146 1677 1144 1675 1147 1678 1148 1679 1146 1677 1149 1680 1150 1681 1148 1679 1151 1682 1152 1683 1150 1681 1153 1684 1154 1685 1152 1683 1155 1686 1156 1687 1154 1685 1157 1688 1158 1689 1156 1687 1159 1690 1160 1691 1158 1689 1129 1692 1121 1693 1153 1694 1161 1695 1162 1696 1160 1691 1163 1697 1116 1650 1162 1696 1122 1698 1130 1699 1146 1700 1165 1701 1166 1702 1164 1703 1167 1704 1168 1705 1166 1702 1168 1705 1171 1706 1170 1707 1171 1706 1172 1708 1170 1707 1172 1708 1175 1709 1174 1710 1175 1709 1176 1711 1174 1710 1176 1711 1179 1712 1178 1713 1179 1712 1180 1714 1178 1713 1181 1715 1182 1716 1180 1714 1183 1717 1184 1718 1182 1716 1184 1718 1187 1719 1186 1720 1187 1719 1188 1721 1186 1720 1188 1721 1191 1722 1190 1723 1191 1722 1192 1724 1190 1723 1185 1725 1177 1726 1169 1727 1192 1724 1195 1728 1194 1729 1195 1728 1164 1703 1194 1729 1178 1730 1186 1731 1194 1732 1357 1893 1358 1894 1356 1895 1359 1896 1360 1897 1358 1894 1361 1898 1362 1899 1360 1897 1363 1900 1364 1901 1362 1899 1365 1902 1366 1903 1364 1901 1367 1904 1368 1905 1366 1903 1369 1906 1370 1907 1368 1905 1371 1908 1372 1909 1370 1907 1373 1910 1374 1911 1372 1909 1375 1912 1376 1913 1374 1911 1357 1914 1377 1915 1369 1916 1377 1917 1378 1918 1376 1913 1379 1919 1356 1895 1378 1918 1370 1920 1374 1921 1378 1922 1557 2178 1564 2179 1556 2180 1558 2181 1565 2182 1557 2183 1559 2184 1566 2185 1558 2186 1559 2187 1568 2188 1567 2189 1561 2190 1568 2191 1560 2192 1561 2193 1570 2194 1569 2195 1563 2196 1570 2197 1562 2198 1556 2199 1571 2200 1563 2201 1564 2179 1573 2202 1572 2203 1565 2182 1574 2204 1573 2205 1567 2206 1574 2207 1566 2185 1568 2188 1575 2208 1567 2189 1569 2209 1576 2210 1568 2191 1570 2194 1577 2211 1569 2195 1570 2197 1579 2212 1578 2213 1571 2200 1572 2214 1579 2215 1573 2202 1580 2216 1572 2203 1573 2205 1582 2217 1581 2218 1575 2219 1582 2220 1574 2207 1575 2208 1584 2221 1583 2222 1577 2223 1584 2224 1576 2210 1577 2211 1586 2225 1585 2226 1579 2212 1586 2227 1578 2213 1572 2214 1587 2228 1579 2215 1581 2229 1588 2230 1580 2216 1582 2217 1589 2231 1581 2218 1582 2220 1591 2232 1590 2233 1583 2222 1592 2234 1591 2235 1585 2236 1592 2237 1584 2224 1585 2226 1594 2238 1593 2239 1587 2240 1594 2241 1586 2227 1587 2228 1588 2242 1595 2243 1588 2230 1597 2244 1596 2245 1590 2246 1597 2247 1589 2231 1591 2232 1598 2248 1590 2233 1592 2234 1599 2249 1591 2235 1593 2250 1600 2251 1592 2237 1593 2239 1602 2252 1601 2253 1595 2254 1602 2255 1594 2241 1595 2243 1596 2256 1603 2257 1596 2245 1605 2258 1604 2259 1597 2247 1606 2260 1605 2261 1599 2262 1606 2263 1598 2248 1600 2264 1607 2265 1599 2249 1600 2251 1609 2266 1608 2267 1601 2253 1610 2268 1609 2269 1603 2270 1610 2271 1602 2255 1596 2256 1611 2272 1603 2257 1605 2258 1612 2273 1604 2259 1605 2261 1614 2274 1613 2275 1607 2276 1614 2277 1606 2263 1607 2265 1616 2278 1615 2279 1608 2267 1617 2280 1616 2281 1609 2269 1618 2282 1617 2283 1611 2284 1618 2285 1610 2271 1604 2286 1619 2287 1611 2272 1613 2288 1620 2289 1612 2273 1614 2274 1621 2290 1613 2275 1614 2277 1623 2291 1622 2292 1615 2279 1624 2293 1623 2294 1617 2280 1624 2295 1616 2281 1618 2282 1625 2296 1617 2283 1618 2285 1627 2297 1626 2298 1619 2287 1620 2299 1627 2300 1621 2301 1628 2302 1620 2289 1622 2303 1629 2304 1621 2290 1622 2292 1631 2305 1630 2306 1623 2294 1632 2307 1631 2308 1624 2295 1633 2309 1632 2310 1626 2311 1633 2312 1625 2296 1626 2298 1635 2313 1634 2314 1620 2299 1635 2315 1627 2300 1628 2302 1637 2316 1636 2317 1630 2318 1637 2319 1629 2304 1630 2306 1639 2320 1638 2321 1632 2307 1639 2322 1631 2308 1632 2310 1641 2323 1640 2324 1634 2325 1641 2326 1633 2312 1634 2314 1643 2327 1642 2328 1628 2329 1643 2330 1635 2315 1637 2316 1644 2331 1636 2317 1637 2319 1646 2332 1645 2333 1639 2320 1646 2334 1638 2321 1639 2322 1648 2335 1647 2336 1640 2324 1649 2337 1648 2338 1641 2326 1650 2339 1649 2340 1643 2327 1650 2341 1642 2328 1636 2342 1651 2343 1643 2330 1644 2331 1653 2344 1652 2345 1646 2332 1653 2346 1645 2333 1646 2334 1655 2347 1654 2348 1648 2335 1655 2349 1647 2336 1648 2338 1657 2350 1656 2351 1650 2339 1657 2352 1649 2340 1650 2341 1659 2353 1658 2354 1644 2355 1659 2356 1651 2343 1652 2345 1661 2357 1660 2358 1654 2359 1661 2360 1653 2346 1654 2348 1663 2361 1662 2362 1656 2363 1663 2364 1655 2349 1656 2351 1665 2365 1664 2366 1657 2352 1666 2367 1665 2368 1659 2353 1666 2369 1658 2354 1652 2370 1667 2371 1659 2356 1661 2357 1668 2372 1660 2358 1662 2373 1669 2374 1661 2360 1663 2361 1670 2375 1662 2362 1664 2376 1671 2377 1663 2364 1665 2365 1672 2378 1664 2366 1665 2368 1674 2379 1673 2380 1667 2381 1674 2382 1666 2369 1667 2371 1668 2383 1675 2384 1669 2385 1676 2386 1668 2372 1670 2387 1677 2388 1669 2374 1670 2375 1679 2389 1678 2390 1671 2377 1680 2391 1679 2392 1672 2378 1681 2393 1680 2394 1673 2380 1682 2395 1681 2396 1675 2397 1682 2398 1674 2382 1668 2383 1683 2399 1675 2384 1676 2386 1685 2400 1684 2401 1677 2388 1686 2402 1685 2403 1679 2389 1686 2404 1678 2390 1680 2391 1687 2405 1679 2392 1681 2393 1688 2406 1680 2394 1682 2395 1689 2407 1681 2396 1682 2398 1691 2408 1690 2409 1683 2399 1684 2410 1691 2411 1685 2400 1692 2412 1684 2401 1686 2402 1693 2413 1685 2403 1687 2414 1694 2415 1686 2404 1688 2416 1695 2417 1687 2405 1688 2406 1697 2418 1696 2419 1690 2420 1697 2421 1689 2407 1690 2409 1699 2422 1698 2423 1684 2410 1699 2424 1691 2411 1693 2425 1700 2426 1692 2412 1694 2427 1701 2428 1693 2413 1695 2429 1702 2430 1694 2415 1696 2431 1703 2432 1695 2417 1697 2418 1704 2433 1696 2419 1698 2434 1705 2435 1697 2421 1698 2423 1707 2436 1706 2437 1699 2424 1700 2438 1707 2439 1701 2440 1708 2441 1700 2426 1701 2428 1710 2442 1709 2443 1703 2444 1710 2445 1702 2430 1703 2432 1712 2446 1711 2447 1704 2433 1713 2448 1712 2449 1705 2435 1714 2450 1713 2451 1707 2436 1714 2452 1706 2437 1700 2438 1715 2453 1707 2439 1708 2441 1717 2454 1716 2455 1710 2442 1717 2456 1709 2443 1711 2457 1718 2458 1710 2445 1712 2446 1719 2459 1711 2447 1713 2448 1720 2460 1712 2449 1714 2450 1721 2461 1713 2451 1714 2452 1723 2462 1722 2463 1715 2453 1716 2464 1723 2465 1717 2454 1724 2466 1716 2455 1718 2467 1725 2468 1717 2456 1719 2469 1726 2470 1718 2458 1719 2459 1728 2471 1727 2472 1720 2460 1729 2473 1728 2474 1721 2461 1730 2475 1729 2476 1723 2462 1730 2477 1722 2463 1716 2464 1731 2478 1723 2465 1724 2466 1733 2479 1732 2480 1726 2481 1733 2482 1725 2468 1726 2470 1735 2483 1734 2484 1728 2471 1735 2485 1727 2472 1729 2473 1736 2486 1728 2474 1730 2475 1737 2487 1729 2476 1730 2477 1739 2488 1738 2489 1731 2478 1732 2490 1739 2491 1733 2479 1740 2492 1732 2480 1734 2493 1741 2494 1733 2482 1735 2483 1742 2495 1734 2484 1736 2496 1743 2497 1735 2485 1736 2486 1745 2498 1744 2499 1737 2487 1746 2500 1745 2501 1739 2488 1746 2502 1738 2489 1732 2490 1747 2503 1739 2491 1741 2504 1748 2505 1740 2492 1742 2506 1749 2507 1741 2494 1743 2508 1750 2509 1742 2495 1744 2510 1751 2511 1743 2497 1745 2498 1752 2512 1744 2499 1745 2501 1754 2513 1753 2514 1747 2515 1754 2516 1746 2502 1747 2503 1748 2517 1755 2518 1749 2519 1756 2520 1748 2505 1750 2521 1757 2522 1749 2507 1750 2509 1759 2523 1758 2524 1751 2511 1760 2525 1759 2526 1752 2512 1761 2527 1760 2528 1753 2514 1762 2529 1761 2530 1755 2531 1762 2532 1754 2516 1748 2517 1763 2533 1755 2518 1756 2520 1765 2534 1764 2535 1757 2522 1766 2536 1765 2537 1759 2523 1766 2538 1758 2524 1760 2525 1767 2539 1759 2526 1761 2527 1768 2540 1760 2528 1762 2529 1769 2541 1761 2530 1762 2532 1771 2542 1770 2543 1763 2533 1764 2544 1771 2545 1765 2534 1772 2546 1764 2535 1766 2536 1773 2547 1765 2537 1767 2548 1774 2549 1766 2538 1768 2550 1775 2551 1767 2539 1768 2540 1777 2552 1776 2553 1770 2554 1777 2555 1769 2541 1770 2543 1779 2556 1778 2557 1764 2544 1779 2558 1771 2545 1773 2559 1780 2560 1772 2546 1773 2547 1782 2561 1781 2562 1775 2563 1782 2564 1774 2549 1775 2551 1784 2565 1783 2566 1777 2552 1784 2567 1776 2553 1778 2568 1785 2569 1777 2555 1778 2557 1787 2570 1786 2571 1779 2558 1780 2572 1787 2573 1781 2574 1788 2575 1780 2560 1781 2562 1790 2576 1789 2577 1783 2578 1790 2579 1782 2564 1783 2566 1792 2580 1791 2581 1785 2582 1792 2583 1784 2567 1785 2569 1794 2584 1793 2585 1787 2570 1794 2586 1786 2571 1787 2573 1788 2587 1795 2588 1788 2575 1797 2589 1796 2590 1790 2576 1797 2591 1789 2577 1790 2579 1799 2592 1798 2593 1792 2580 1799 2594 1791 2581 1793 2595 1800 2596 1792 2583 1794 2584 1801 2597 1793 2585 1794 2586 1803 2598 1802 2599 1795 2588 1796 2600 1803 2601 1797 2589 1804 2602 1796 2590 1797 2591 1806 2603 1805 2604 1799 2592 1806 2605 1798 2593 1799 2594 1808 2606 1807 2607 1801 2608 1808 2609 1800 2596 1801 2597 1810 2610 1809 2611 1803 2598 1810 2612 1802 2599 1803 2601 1804 2613 1811 2614 1804 2602 1813 2615 1812 2616 1805 2604 1814 2617 1813 2618 1807 2619 1814 2620 1806 2605 1808 2606 1815 2621 1807 2607 1809 2622 1816 2623 1808 2609 1809 2611 1818 2624 1817 2625 1811 2626 1818 2627 1810 2612 1811 2614 1812 2628 1819 2629 1812 2616 1821 2630 1820 2631 1813 2618 1822 2632 1821 2633 1815 2634 1822 2635 1814 2620 1816 2636 1823 2637 1815 2621 1816 2623 1825 2638 1824 2639 1817 2625 1826 2640 1825 2641 1819 2642 1826 2643 1818 2627 1812 2628 1827 2644 1819 2629 1820 2631 1829 2645 1828 2646 1822 2632 1829 2647 1821 2633 1822 2635 1831 2648 1830 2649 1824 2650 1831 2651 1823 2637 1825 2638 1832 2652 1824 2639 1826 2640 1833 2653 1825 2641 1826 2643 1835 2654 1834 2655 1827 2644 1828 2656 1835 2657 1829 2645 1836 2658 1828 2646 1830 2659 1837 2660 1829 2647 1830 2649 1839 2661 1838 2662 1831 2651 1840 2663 1839 2664 1833 2665 1840 2666 1832 2652 1834 2667 1841 2668 1833 2653 1834 2655 1843 2669 1842 2670 1835 2657 1836 2671 1843 2672 1837 2673 1844 2674 1836 2658 1838 2675 1845 2676 1837 2660 1839 2661 1846 2677 1838 2662 1839 2664 1848 2678 1847 2679 1840 2666 1849 2680 1848 2681 1842 2682 1849 2683 1841 2668 1842 2670 1851 2684 1850 2685 1836 2671 1851 2686 1843 2672 1844 2674 1853 2687 1852 2688 1845 2676 1854 2689 1853 2690 1847 2691 1854 2692 1846 2677 1848 2678 1855 2693 1847 2679 1848 2681 1857 2694 1856 2695 1850 2696 1857 2697 1849 2683 1850 2685 1859 2698 1858 2699 1844 2700 1859 2701 1851 2686 1852 2688 1861 2702 1860 2703 1854 2689 1861 2704 1853 2690 1854 2692 1863 2705 1862 2706 1856 2707 1863 2708 1855 2693 1857 2694 1864 2709 1856 2695 1858 2710 1865 2711 1857 2697 1858 2699 1867 2712 1866 2713 1852 2714 1867 2715 1859 2701 1861 2702 1868 2716 1860 2703 1862 2717 1869 2718 1861 2704 1862 2706 1871 2719 1870 2720 1863 2708 1872 2721 1871 2722 1864 2709 1873 2723 1872 2724 1865 2711 1874 2725 1873 2726 1867 2712 1874 2727 1866 2713 1860 2728 1875 2729 1867 2715 1868 2716 1557 2178 1556 2180 1870 2730 1557 2183 1869 2718 1871 2719 1558 2186 1870 2720 1872 2721 1559 2187 1871 2722 1873 2723 1560 2192 1872 2724 1874 2725 1561 2193 1873 2726 1874 2727 1563 2196 1562 2198 1868 2731 1563 2201 1875 2729 2389 3617 2390 3618 2388 3619 2391 3620 2392 3621 2390 3618 2393 3622 2394 3623 2392 3621 2395 3624 2396 3625 2394 3623 2397 3626 2398 3627 2396 3625 2399 3628 2400 3629 2398 3627 2401 3630 2402 3631 2400 3629 2403 3632 2404 3633 2402 3631 2405 3634 2406 3635 2404 3633 2407 3636 2408 3637 2406 3635 2409 3638 2410 3639 2408 3637 2411 3640 2412 3641 2410 3639 2413 3642 2414 3643 2412 3641 2415 3644 2416 3645 2414 3643 2417 3646 2418 3647 2416 3645 2419 3648 2420 3649 2418 3647 2421 3650 2422 3651 2420 3649 2423 3652 2424 3653 2422 3651 2409 3654 2401 3655 2393 3656 2425 3657 2426 3658 2424 3653 2427 3659 2388 3619 2426 3658 2402 1647 2410 1647 2418 3660 2429 3661 2430 3662 2428 3663 2431 3664 2434 3665 2430 3666 2435 3667 2432 3668 2434 3669 2433 3670 2428 3671 2432 3672 2434 3673 2428 3674 2430 3675 2435 3676 2429 3677 2433 3678 2437 3679 2438 3680 2436 3681 2439 3682 2442 3683 2438 3682 2443 3684 2440 1687 2442 3685 2441 3686 2436 3687 2440 3688 2438 3689 2440 3690 2436 1647 2439 3691 2441 3692 2443 3693 2445 3479 2446 3479 2444 3479 2447 1377 2450 1377 2446 1377 2451 3485 2448 3485 2450 3485 2449 3694 2444 3695 2448 3696 2446 1647 2448 1647 2444 1647 2447 1324 2449 1324 2451 1324 2613 3979 2620 3980 2612 3981 2613 3982 2622 3983 2621 3984 2615 3985 2622 3986 2614 3987 2615 3988 2624 3989 2623 3990 2616 3991 2625 3992 2624 3993 2618 3994 2625 3995 2617 3996 2618 3997 2627 3998 2626 3999 2612 4000 2627 4001 2619 4002 2620 3980 2629 4003 2628 4004 2621 3984 2630 4005 2629 4006 2623 4007 2630 4008 2622 3986 2624 3989 2631 4009 2623 3990 2624 3993 2633 4010 2632 4011 2626 4012 2633 4013 2625 3995 2626 3999 2635 4014 2634 4015 2620 4016 2635 4017 2627 4001 2628 4004 2637 4018 2636 4019 2630 4005 2637 4020 2629 4006 2630 4008 2639 4021 2638 4022 2632 4023 2639 4024 2631 4009 2632 4011 2641 4025 2640 4026 2633 4013 2642 4027 2641 4028 2635 4014 2642 4029 2634 4015 2628 4030 2643 4031 2635 4017 2637 4018 2644 4032 2636 4019 2638 4033 2645 4034 2637 4020 2638 4022 2647 4035 2646 4036 2639 4024 2648 4037 2647 4038 2641 4025 2648 4039 2640 4026 2641 4028 2650 4040 2649 4041 2643 4042 2650 4043 2642 4029 2643 4031 2644 4044 2651 4045 2645 4046 2652 4047 2644 4032 2645 4034 2654 4048 2653 4049 2647 4035 2654 4050 2646 4036 2647 4038 2656 4051 2655 4052 2649 4053 2656 4054 2648 4039 2649 4041 2658 4055 2657 4056 2651 4057 2658 4058 2650 4043 2651 4045 2652 4059 2659 4060 2652 4047 2661 4061 2660 4062 2653 4049 2662 4063 2661 4064 2655 4065 2662 4066 2654 4050 2656 4051 2663 4067 2655 4052 2656 4054 2665 4068 2664 4069 2658 4055 2665 4070 2657 4056 2658 4058 2667 4071 2666 4072 2652 4059 2667 4073 2659 4060 2661 4061 2668 4074 2660 4062 2661 4064 2670 4075 2669 4076 2663 4077 2670 4078 2662 4066 2663 4067 2672 4079 2671 4080 2664 4069 2673 4081 2672 4082 2666 4083 2673 4084 2665 4070 2666 4072 2675 4085 2674 4086 2660 4087 2675 4088 2667 4073 2669 4089 2676 4090 2668 4074 2669 4076 2678 4091 2677 4092 2671 4093 2678 4094 2670 4078 2671 4080 2680 4095 2679 4096 2672 4082 2681 4097 2680 4098 2674 4099 2681 4100 2673 4084 2674 4086 2683 4101 2682 4102 2668 4103 2683 4104 2675 4088 2676 4090 2685 4105 2684 4106 2678 4091 2685 4107 2677 4092 2679 4108 2686 4109 2678 4094 2680 4095 2687 4110 2679 4096 2680 4098 2689 4111 2688 4112 2682 4113 2689 4114 2681 4100 2682 4102 2691 4115 2690 4116 2676 4117 2691 4118 2683 4104 2684 4106 2693 4119 2692 4120 2686 4121 2693 4122 2685 4107 2686 4109 2695 4123 2694 4124 2688 4125 2695 4126 2687 4110 2689 4111 2696 4127 2688 4112 2689 4114 2698 4128 2697 4129 2691 4115 2698 4130 2690 4116 2691 4118 2692 4131 2699 4132 2693 4119 2700 4133 2692 4120 2693 4122 2702 4134 2701 4135 2695 4123 2702 4136 2694 4124 2695 4126 2704 4137 2703 4138 2696 4127 2705 4139 2704 4140 2698 4128 2705 4141 2697 4129 2698 4130 2707 4142 2706 4143 2692 4131 2707 4144 2699 4132 2701 4145 2708 4146 2700 4133 2702 4134 2709 4147 2701 4135 2703 4148 2710 4149 2702 4136 2703 4138 2712 4150 2711 4151 2705 4139 2712 4152 2704 4140 2705 4141 2714 4153 2713 4154 2707 4142 2714 4155 2706 4143 2707 4144 2708 4156 2715 4157 2708 4146 2717 4158 2716 4159 2710 4160 2717 4161 2709 4147 2710 4149 2719 4162 2718 4163 2712 4150 2719 4164 2711 4151 2713 4165 2720 4166 2712 4152 2713 4154 2722 4167 2721 4168 2715 4169 2722 4170 2714 4155 2715 4157 2716 4171 2723 4172 2716 4159 2725 4173 2724 4174 2718 4175 2725 4176 2717 4161 2718 4163 2727 4177 2726 4178 2720 4179 2727 4180 2719 4164 2721 4181 2728 4182 2720 4166 2721 4168 2730 4183 2729 4184 2723 4185 2730 4186 2722 4170 2723 4172 2724 4187 2731 4188 2724 4174 2733 4189 2732 4190 2726 4191 2733 4192 2725 4176 2726 4178 2735 4193 2734 4194 2728 4195 2735 4196 2727 4180 2729 4197 2736 4198 2728 4182 2729 4184 2738 4199 2737 4200 2731 4201 2738 4202 2730 4186 2731 4188 2732 4203 2739 4204 2732 4190 2741 4205 2740 4206 2734 4207 2741 4208 2733 4192 2734 4194 2743 4209 2742 4210 2736 4211 2743 4212 2735 4196 2736 4198 2745 4213 2744 4214 2738 4199 2745 4215 2737 4200 2739 4216 2746 4217 2738 4202 2732 4203 2747 4218 2739 4204 2741 4205 2748 4219 2740 4206 2741 4208 2750 4220 2749 4221 2743 4209 2750 4222 2742 4210 2743 4212 2752 4223 2751 4224 2744 4214 2753 4225 2752 4226 2746 4227 2753 4228 2745 4215 2746 4217 2755 4229 2754 4230 2740 4231 2755 4232 2747 4218 2749 4233 2756 4234 2748 4219 2749 4221 2758 4235 2757 4236 2751 4237 2758 4238 2750 4222 2751 4224 2760 4239 2759 4240 2753 4225 2760 4241 2752 4226 2754 4242 2761 4243 2753 4228 2754 4230 2763 4244 2762 4245 2755 4232 2756 4246 2763 4247 2757 4248 2764 4249 2756 4234 2758 4235 2765 4250 2757 4236 2758 4238 2767 4251 2766 4252 2759 4240 2768 4253 2767 4254 2761 4255 2768 4256 2760 4241 2761 4243 2770 4257 2769 4258 2763 4244 2770 4259 2762 4245 2763 4247 2764 4260 2771 4261 2764 4249 2773 4262 2772 4263 2766 4264 2773 4265 2765 4250 2766 4252 2775 4266 2774 4267 2768 4253 2775 4268 2767 4254 2769 4269 2776 4270 2768 4256 2769 4258 2778 4271 2777 4272 2771 4273 2778 4274 2770 4259 2771 4261 2772 4275 2779 4276 2772 4263 2781 4277 2780 4278 2774 4279 2781 4280 2773 4265 2774 4267 2783 4281 2782 4282 2776 4283 2783 4284 2775 4268 2777 4285 2784 4286 2776 4270 2778 4271 2785 4287 2777 4272 2778 4274 2787 4288 2786 4289 2779 4276 2780 4290 2787 4291 2780 4278 2789 4292 2788 4293 2782 4294 2789 4295 2781 4280 2782 4282 2791 4296 2790 4297 2784 4298 2791 4299 2783 4284 2785 4300 2792 4301 2784 4286 2786 4302 2793 4303 2785 4287 2786 4289 2795 4304 2794 4305 2787 4291 2788 4306 2795 4307 2788 4293 2797 4308 2796 4309 2790 4310 2797 4311 2789 4295 2790 4297 2799 4312 2798 4313 2792 4314 2799 4315 2791 4299 2792 4301 2801 4316 2800 4317 2793 4303 2802 4318 2801 4319 2795 4304 2802 4320 2794 4305 2788 4306 2803 4321 2795 4307 2796 4309 2805 4322 2804 4323 2797 4311 2806 4324 2805 4325 2799 4312 2806 4326 2798 4313 2800 4327 2807 4328 2799 4315 2800 4317 2809 4329 2808 4330 2801 4319 2810 4331 2809 4332 2803 4333 2810 4334 2802 4320 2796 4335 2811 4336 2803 4321 2805 4322 2812 4337 2804 4323 2805 4325 2814 4338 2813 4339 2807 4340 2814 4341 2806 4326 2807 4328 2816 4342 2815 4343 2808 4330 2817 4344 2816 4345 2809 4332 2818 4346 2817 4347 2811 4348 2818 4349 2810 4334 2804 4350 2819 4351 2811 4336 2813 4352 2820 4353 2812 4337 2813 4339 2822 4354 2821 4355 2815 4356 2822 4357 2814 4341 2815 4343 2824 4358 2823 4359 2817 4344 2824 4360 2816 4345 2818 4346 2825 4361 2817 4347 2819 4362 2826 4363 2818 4349 2819 4351 2820 4364 2827 4365 2821 4366 2828 4367 2820 4353 2821 4355 2830 4368 2829 4369 2823 4370 2830 4371 2822 4357 2823 4359 2832 4372 2831 4373 2825 4374 2832 4375 2824 4360 2826 4376 2833 4377 2825 4361 2826 4363 2835 4378 2834 4379 2827 4365 2828 4380 2835 4381 2829 4382 2836 4383 2828 4367 2829 4369 2838 4384 2837 4385 2831 4386 2838 4387 2830 4371 2831 4373 2840 4388 2839 4389 2832 4375 2841 4390 2840 4391 2834 4392 2841 4393 2833 4377 2834 4379 2843 4394 2842 4395 2828 4380 2843 4396 2835 4381 2836 4383 2845 4397 2844 4398 2838 4384 2845 4399 2837 4385 2838 4387 2847 4400 2846 4401 2840 4388 2847 4402 2839 4389 2841 4390 2848 4403 2840 4391 2842 4404 2849 4405 2841 4393 2842 4395 2851 4406 2850 4407 2843 4396 2844 4408 2851 4409 2844 4398 2853 4410 2852 4411 2846 4412 2853 4413 2845 4399 2846 4401 2855 4414 2854 4415 2848 4416 2855 4417 2847 4402 2848 4403 2857 4418 2856 4419 2850 4420 2857 4421 2849 4405 2850 4407 2859 4422 2858 4423 2844 4408 2859 4424 2851 4409 2853 4410 2860 4425 2852 4411 2853 4413 2862 4426 2861 4427 2855 4414 2862 4428 2854 4415 2855 4417 2864 4429 2863 4430 2857 4418 2864 4431 2856 4419 2857 4421 2866 4432 2865 4433 2859 4422 2866 4434 2858 4423 2859 4424 2860 4435 2867 4436 2861 4437 2868 4438 2860 4425 2861 4427 2870 4439 2869 4440 2863 4441 2870 4442 2862 4428 2863 4430 2872 4443 2871 4444 2864 4431 2873 4445 2872 4446 2865 4433 2874 4447 2873 4448 2867 4449 2874 4450 2866 4434 2860 4435 2875 4451 2867 4436 2868 4438 2877 4452 2876 4453 2870 4439 2877 4454 2869 4440 2870 4442 2879 4455 2878 4456 2872 4443 2879 4457 2871 4444 2873 4445 2880 4458 2872 4446 2873 4448 2882 4459 2881 4460 2875 4461 2882 4462 2874 4450 2875 4451 2876 4463 2883 4464 2876 4453 2885 4465 2884 4466 2878 4467 2885 4468 2877 4454 2878 4456 2887 4469 2886 4470 2880 4471 2887 4472 2879 4457 2880 4458 2889 4473 2888 4474 2881 4460 2890 4475 2889 4476 2883 4477 2890 4478 2882 4462 2876 4463 2891 4479 2883 4464 2885 4465 2892 4480 2884 4466 2886 4481 2893 4482 2885 4468 2886 4470 2895 4483 2894 4484 2887 4472 2896 4485 2895 4486 2889 4473 2896 4487 2888 4474 2890 4475 2897 4488 2889 4476 2890 4478 2899 4489 2898 4490 2891 4479 2892 4491 2899 4492 2892 4480 2901 4493 2900 4494 2894 4495 2901 4496 2893 4482 2894 4484 2903 4497 2902 4498 2896 4485 2903 4499 2895 4486 2897 4500 2904 4501 2896 4487 2898 4502 2905 4503 2897 4488 2898 4490 2907 4504 2906 4505 2899 4492 2900 4506 2907 4507 2900 4494 2909 4508 2908 4509 2902 4510 2909 4511 2901 4496 2902 4498 2911 4512 2910 4513 2904 4514 2911 4515 2903 4499 2905 4516 2912 4517 2904 4501 2906 4518 2913 4519 2905 4503 2906 4505 2915 4520 2914 4521 2907 4507 2908 4522 2915 4523 2909 4508 2916 4524 2908 4509 2909 4511 2918 4525 2917 4526 2911 4512 2918 4527 2910 4513 2911 4515 2920 4528 2919 4529 2913 4530 2920 4531 2912 4517 2914 4532 2921 4533 2913 4519 2914 4521 2923 4534 2922 4535 2915 4523 2916 4536 2923 4537 2917 4538 2924 4539 2916 4524 2917 4526 2926 4540 2925 4541 2919 4542 2926 4543 2918 4527 2919 4529 2928 4544 2927 4545 2920 4531 2929 4546 2928 4547 2921 4533 2930 4548 2929 4549 2923 4534 2930 4550 2922 4535 2916 4536 2931 4551 2923 4537 2925 4552 2612 3981 2924 4539 2925 4541 2614 4553 2613 3982 2927 4554 2614 3987 2926 4543 2927 4545 2616 4555 2615 3988 2928 4547 2617 4556 2616 3991 2929 4549 2618 3994 2617 3996 2931 4557 2618 3997 2930 4550 2924 4558 2619 4002 2931 4551 3445 5460 3446 5461 3444 5462 3447 5463 3448 5464 3446 5461 3449 5465 3450 5466 3448 5464 3451 5467 3452 5468 3450 5466 3453 5469 3454 5470 3452 5468 3455 5471 3456 5472 3454 5470 3457 5473 3458 5474 3456 5472 3459 5475 3460 5476 3458 5474 3461 5477 3462 5478 3460 5476 3463 5479 3464 5480 3462 5478 3465 5481 3466 5482 3464 5480 3467 5483 3468 5484 3466 5482 3469 5485 3470 5486 3468 5484 3471 5487 3472 5488 3470 5486 3473 5489 3474 5490 3472 5488 3475 5491 3476 5492 3474 5490 3476 5492 3479 5493 3478 5494 3478 5494 3481 5495 3480 5496 3473 5497 3457 5498 3449 5499 3481 5495 3482 5500 3480 5496 3483 5501 3444 5462 3482 5500 3466 1358 3474 1358 3482 1358 3484 1358 3487 1358 3486 1358 3487 1324 3490 1324 3486 1324 3491 1377 3488 1377 3490 1377 3489 1647 3484 1647 3488 1647 3490 3479 3484 3479 3486 3479 3487 5502 3489 5503 3491 5504 3492 5505 3495 5506 3494 5507 3495 5508 3498 5509 3494 5510 3499 5511 3496 5512 3498 5513 3497 5514 3492 5515 3496 5516 3498 5517 3492 5518 3494 5519 3495 5520 3497 5521 3499 5520 3500 5522 3503 5523 3502 5524 3503 5525 3506 5526 3502 5527 3507 1377 3504 1377 3506 1377 3505 5528 3500 5529 3504 5530 3506 5531 3500 5532 3502 5533 3503 5534 3505 5535 3507 5536 3605 1358 3606 1358 3604 1358 3607 3479 3610 3479 3606 3479 3611 1377 3608 1377 3610 1377 3609 3485 3604 3485 3608 3485 3610 1647 3604 1647 3606 1647 3607 1324 3609 1324 3611 1324 3613 1358 3614 1358 3612 1358 3615 3479 3618 3479 3614 3479 3619 1377 3616 1377 3618 1377 3617 3485 3612 3485 3616 3485 3618 1647 3612 1647 3614 1647 3615 1324 3617 1324 3619 1324 3781 5865 3788 5866 3780 5867 3781 5868 3790 5869 3789 5870 3783 5871 3790 5872 3782 5873 3783 5874 3792 5875 3791 5876 3784 5877 3793 5878 3792 5879 3786 5880 3793 5881 3785 5882 3786 5883 3795 5884 3794 5885 3780 5886 3795 5887 3787 5888 3788 5866 3797 5889 3796 5890 3789 5870 3798 5891 3797 5892 3791 5893 3798 5894 3790 5872 3792 5875 3799 5895 3791 5876 3792 5879 3801 5896 3800 5897 3794 5898 3801 5899 3793 5881 3794 5885 3803 5900 3802 5901 3788 5902 3803 5903 3795 5887 3796 5890 3805 5904 3804 5905 3798 5891 3805 5906 3797 5892 3798 5894 3807 5907 3806 5908 3800 5909 3807 5910 3799 5895 3800 5897 3809 5911 3808 5912 3801 5899 3810 5913 3809 5914 3803 5900 3810 5915 3802 5901 3796 5916 3811 5917 3803 5903 3804 5905 3813 5918 3812 5919 3806 5920 3813 5921 3805 5906 3806 5908 3815 5922 3814 5923 3808 5924 3815 5925 3807 5910 3809 5911 3816 5926 3808 5912 3809 5914 3818 5927 3817 5928 3811 5929 3818 5930 3810 5915 3811 5917 3812 5931 3819 5932 3813 5918 3820 5933 3812 5919 3813 5921 3822 5934 3821 5935 3815 5922 3822 5936 3814 5923 3815 5925 3824 5937 3823 5938 3817 5939 3824 5940 3816 5926 3818 5927 3825 5941 3817 5928 3819 5942 3826 5943 3818 5930 3819 5932 3820 5944 3827 5945 3821 5946 3828 5947 3820 5933 3821 5935 3830 5948 3829 5949 3823 5950 3830 5951 3822 5936 3823 5938 3832 5952 3831 5953 3824 5940 3833 5954 3832 5955 3826 5956 3833 5957 3825 5941 3826 5943 3835 5958 3834 5959 3820 5944 3835 5960 3827 5945 3829 5961 3836 5962 3828 5947 3829 5949 3838 5963 3837 5964 3831 5965 3838 5966 3830 5951 3831 5953 3840 5967 3839 5968 3832 5955 3841 5969 3840 5970 3834 5971 3841 5972 3833 5957 3834 5959 3843 5973 3842 5974 3828 5975 3843 5976 3835 5960 3837 5977 3844 5978 3836 5962 3837 5964 3846 5979 3845 5980 3839 5981 3846 5982 3838 5966 3839 5968 3848 5983 3847 5984 3840 5970 3849 5985 3848 5986 3842 5987 3849 5988 3841 5972 3842 5974 3851 5989 3850 5990 3836 5991 3851 5992 3843 5976 3844 5978 3853 5993 3852 5994 3846 5979 3853 5995 3845 5980 3847 5996 3854 5997 3846 5982 3848 5983 3855 5998 3847 5984 3848 5986 3857 5999 3856 6000 3850 6001 3857 6002 3849 5988 3850 5990 3859 6003 3858 6004 3844 6005 3859 6006 3851 5992 3852 5994 3861 6007 3860 6008 3854 6009 3861 6010 3853 5995 3854 5997 3863 6011 3862 6012 3856 6013 3863 6014 3855 5998 3857 5999 3864 6015 3856 6000 3857 6002 3866 6016 3865 6017 3859 6003 3866 6018 3858 6004 3859 6006 3860 6019 3867 6020 3861 6007 3868 6021 3860 6008 3861 6010 3870 6022 3869 6023 3863 6011 3870 6024 3862 6012 3863 6014 3872 6025 3871 6026 3864 6015 3873 6027 3872 6028 3866 6016 3873 6029 3865 6017 3866 6018 3875 6030 3874 6031 3860 6019 3875 6032 3867 6020 3869 6033 3876 6034 3868 6021 3870 6022 3877 6035 3869 6023 3871 6036 3878 6037 3870 6024 3871 6026 3880 6038 3879 6039 3873 6027 3880 6040 3872 6028 3873 6029 3882 6041 3881 6042 3875 6030 3882 6043 3874 6031 3875 6032 3876 6044 3883 6045 3876 6034 3885 6046 3884 6047 3878 6048 3885 6049 3877 6035 3878 6037 3887 6050 3886 6051 3880 6038 3887 6052 3879 6039 3881 6053 3888 6054 3880 6040 3881 6042 3890 6055 3889 6056 3883 6057 3890 6058 3882 6043 3883 6045 3884 6059 3891 6060 3884 6047 3893 6061 3892 6062 3886 6063 3893 6064 3885 6049 3886 6051 3895 6065 3894 6066 3888 6067 3895 6068 3887 6052 3889 6069 3896 6070 3888 6054 3889 6056 3898 6071 3897 6072 3891 6073 3898 6074 3890 6058 3891 6060 3892 6075 3899 6076 3893 6061 3900 6077 3892 6062 3894 6078 3901 6079 3893 6064 3894 6066 3903 6080 3902 6081 3895 6068 3904 6082 3903 6083 3897 6084 3904 6085 3896 6070 3897 6072 3906 6086 3905 6087 3899 6088 3906 6089 3898 6074 3899 6076 3900 6090 3907 6091 3900 6077 3909 6092 3908 6093 3902 6094 3909 6095 3901 6079 3902 6081 3911 6096 3910 6097 3904 6082 3911 6098 3903 6083 3904 6085 3913 6099 3912 6100 3906 6086 3913 6101 3905 6087 3906 6089 3915 6102 3914 6103 3900 6090 3915 6104 3907 6091 3908 6093 3917 6105 3916 6106 3909 6095 3918 6107 3917 6108 3911 6096 3918 6109 3910 6097 3912 6110 3919 6111 3911 6098 3912 6100 3921 6112 3920 6113 3914 6114 3921 6115 3913 6101 3914 6103 3923 6116 3922 6117 3908 6118 3923 6119 3915 6104 3917 6105 3924 6120 3916 6106 3917 6108 3926 6121 3925 6122 3919 6123 3926 6124 3918 6109 3919 6111 3928 6125 3927 6126 3921 6112 3928 6127 3920 6113 3922 6128 3929 6129 3921 6115 3922 6117 3931 6130 3930 6131 3923 6119 3924 6132 3931 6133 3925 6134 3932 6135 3924 6120 3926 6121 3933 6136 3925 6122 3926 6124 3935 6137 3934 6138 3927 6126 3936 6139 3935 6140 3929 6141 3936 6142 3928 6127 3929 6129 3938 6143 3937 6144 3931 6130 3938 6145 3930 6131 3931 6133 3932 6146 3939 6147 3932 6135 3941 6148 3940 6149 3934 6150 3941 6151 3933 6136 3934 6138 3943 6152 3942 6153 3936 6139 3943 6154 3935 6140 3937 6155 3944 6156 3936 6142 3937 6144 3946 6157 3945 6158 3939 6159 3946 6160 3938 6145 3939 6147 3940 6161 3947 6162 3940 6149 3949 6163 3948 6164 3942 6165 3949 6166 3941 6151 3942 6153 3951 6167 3950 6168 3944 6169 3951 6170 3943 6154 3945 6171 3952 6172 3944 6156 3946 6157 3953 6173 3945 6158 3946 6160 3955 6174 3954 6175 3947 6162 3948 6176 3955 6177 3948 6164 3957 6178 3956 6179 3950 6180 3957 6181 3949 6166 3950 6168 3959 6182 3958 6183 3952 6184 3959 6185 3951 6170 3953 6186 3960 6187 3952 6172 3954 6188 3961 6189 3953 6173 3954 6175 3963 6190 3962 6191 3955 6177 3956 6192 3963 6193 3956 6179 3965 6194 3964 6195 3958 6196 3965 6197 3957 6181 3958 6183 3967 6198 3966 6199 3960 6200 3967 6201 3959 6185 3960 6187 3969 6202 3968 6203 3961 6189 3970 6204 3969 6205 3963 6190 3970 6206 3962 6191 3956 6192 3971 6207 3963 6193 3965 6194 3972 6208 3964 6195 3965 6197 3974 6209 3973 6210 3967 6198 3974 6211 3966 6199 3967 6201 3976 6212 3975 6213 3968 6203 3977 6214 3976 6215 3969 6205 3978 6216 3977 6217 3971 6218 3978 6219 3970 6206 3964 6220 3979 6221 3971 6207 3973 6222 3980 6223 3972 6208 3973 6210 3982 6224 3981 6225 3975 6226 3982 6227 3974 6211 3975 6213 3984 6228 3983 6229 3976 6215 3985 6230 3984 6231 3977 6217 3986 6232 3985 6233 3979 6234 3986 6235 3978 6219 3972 6236 3987 6237 3979 6221 3980 6223 3989 6238 3988 6239 3981 6225 3990 6240 3989 6241 3983 6242 3990 6243 3982 6227 3984 6228 3991 6244 3983 6229 3984 6231 3993 6245 3992 6246 3985 6233 3994 6247 3993 6248 3987 6249 3994 6250 3986 6235 3980 6251 3995 6252 3987 6237 3989 6238 3996 6253 3988 6239 3989 6241 3998 6254 3997 6255 3991 6256 3998 6257 3990 6243 3991 6244 4000 6258 3999 6259 3993 6245 4000 6260 3992 6246 3994 6247 4001 6261 3993 6248 3994 6250 4003 6262 4002 6263 3995 6252 3996 6264 4003 6265 3997 6266 4004 6267 3996 6253 3997 6255 4006 6268 4005 6269 3999 6270 4006 6271 3998 6257 3999 6259 4008 6272 4007 6273 4000 6260 4009 6274 4008 4391 4002 6275 4009 6276 4001 6261 4002 6263 4011 6277 4010 6278 3996 6264 4011 6279 4003 6265 4004 6267 4013 6280 4012 6281 4006 6268 4013 6282 4005 6269 4006 6271 4015 6283 4014 6284 4008 6272 4015 6285 4007 6273 4009 6274 4016 6286 4008 4391 4010 6287 4017 6288 4009 6276 4010 6278 4019 6289 4018 6290 4011 6279 4012 6291 4019 6292 4012 6281 4021 6293 4020 6294 4014 6295 4021 6296 4013 6282 4014 6284 4023 6297 4022 6298 4016 6299 4023 6300 4015 6285 4016 6286 4025 6301 4024 6302 4018 6303 4025 6304 4017 6288 4018 6290 4027 6305 4026 6306 4012 6291 4027 6307 4019 6292 4021 6293 4028 6308 4020 6294 4021 6296 4030 6309 4029 6310 4023 6297 4030 6311 4022 6298 4023 6300 4032 6312 4031 6313 4025 6301 4032 6314 4024 6302 4025 6304 4034 6315 4033 6316 4027 6305 4034 6317 4026 6306 4027 6307 4028 6318 4035 6319 4029 6320 4036 6321 4028 6308 4029 6310 4038 6322 4037 6323 4031 6324 4038 6325 4030 6311 4031 6313 4040 6326 4039 6327 4032 6314 4041 6328 4040 4446 4033 6316 4042 6329 4041 6330 4035 6331 4042 6332 4034 6317 4028 6318 4043 6333 4035 6319 4036 6321 4045 6334 4044 6335 4038 6322 4045 6336 4037 6323 4038 6325 4047 6337 4046 6338 4040 6326 4047 6339 4039 6327 4041 6328 4048 6340 4040 4446 4041 6330 4050 6341 4049 6342 4043 6343 4050 6344 4042 6332 4043 6333 4044 6345 4051 6346 4044 6335 4053 6347 4052 6348 4046 6349 4053 6350 4045 6336 4046 6338 4055 6351 4054 6352 4048 6353 4055 6354 4047 6339 4048 6340 4057 6355 4056 6356 4049 6342 4058 6357 4057 6358 4051 6359 4058 6360 4050 6344 4044 6345 4059 6361 4051 6346 4052 6348 4061 6362 4060 6363 4054 6364 4061 6365 4053 6350 4054 6352 4063 6366 4062 6367 4056 6368 4063 6369 4055 6354 4056 6356 4065 6370 4064 6371 4058 6357 4065 6372 4057 6358 4059 6373 4066 6374 4058 6360 4052 6375 4067 6376 4059 6361 4060 6363 4069 6377 4068 6378 4062 6379 4069 6380 4061 6365 4062 6367 4071 6381 4070 6382 4064 6383 4071 6384 4063 6369 4065 6370 4072 6385 4064 6371 4066 6386 4073 6387 4065 6372 4066 6374 4075 6388 4074 6389 4067 6376 4068 6390 4075 6391 4069 6377 4076 6392 4068 6378 4070 6393 4077 6394 4069 6380 4070 6382 4079 6395 4078 6396 4071 6384 4080 6397 4079 6398 4073 6399 4080 6400 4072 6385 4074 6401 4081 6402 4073 6387 4074 6389 4083 6403 4082 6404 4075 6391 4076 6405 4083 6406 4077 6407 4084 6408 4076 6392 4077 6394 4086 6409 4085 6410 4079 6395 4086 6411 4078 6396 4079 6398 4088 6412 4087 6413 4081 6414 4088 6415 4080 6400 4082 6416 4089 6417 4081 6402 4082 6404 4091 6418 4090 6419 4083 6406 4084 6420 4091 6421 4085 6422 4092 6423 4084 6408 4085 6410 4094 6424 4093 6425 4087 6426 4094 6427 4086 6411 4087 6413 4096 6428 4095 6429 4088 6415 4097 6430 4096 6431 4089 6417 4098 6432 4097 6433 4091 6418 4098 6434 4090 6419 4084 6420 4099 6435 4091 6421 4093 6436 3780 5867 4092 6423 4093 6425 3782 6437 3781 5868 4095 6438 3782 5873 4094 6427 4095 6429 3784 6439 3783 5874 4096 6431 3785 6440 3784 5877 4097 6433 3786 5880 3785 5882 4099 6441 3786 5883 4098 6434 4092 6442 3787 5888 4099 6435 4613 7205 4614 7206 4612 7207 4615 7208 4616 7209 4614 7206 4617 7210 4618 7211 4616 7209 4619 7212 4620 7213 4618 7211 4621 7214 4622 5470 4620 7213 4623 5471 4624 7215 4622 5470 4625 7216 4626 7217 4624 7215 4627 7218 4628 7219 4626 7217 4629 7220 4630 7221 4628 7219 4631 7222 4632 7223 4630 7221 4633 7224 4634 7225 4632 7223 4635 7226 4636 7227 4634 7225 4637 7228 4638 7229 4636 7227 4639 7230 4640 7231 4638 7229 4641 7232 4642 5490 4640 7231 4643 5491 4644 7233 4642 5490 4644 7233 4647 7234 4646 7235 4646 7235 4649 7236 4648 7237 4641 5497 4625 5498 4617 5499 4649 7236 4650 7238 4648 7237 4651 7239 4612 7207 4650 7238 4634 1358 4642 1358 4650 1358 4652 1358 4655 1358 4654 1358 4655 1324 4658 1324 4654 1324 4659 1377 4656 1377 4658 1377 4657 1647 4652 1647 4656 1647 4658 7240 4652 7241 4654 3479 4655 3485 4657 3485 4659 3485 4660 7242 4663 7243 4662 7244 4663 7245 4666 7246 4662 7247 4667 7248 4664 7249 4666 7250 4665 5514 4660 5515 4664 5516 4666 5518 4660 5518 4662 5518 4663 7251 4665 5520 4667 7252 4668 7253 4671 7254 4670 7255 4671 7256 4674 7257 4670 7258 4675 1377 4672 1377 4674 1377 4673 7259 4668 7260 4672 5530 4674 7261 4668 7262 4670 7263 4671 5534 4673 7264 4675 5536 4773 1358 4774 1358 4772 1358 4775 3479 4778 3479 4774 3479 4779 1377 4776 1377 4778 1377 4777 3485 4772 3485 4776 3485 4778 1647 4772 1647 4774 1647 4775 1324 4777 1324 4779 1324 4781 1358 4782 1358 4780 1358 4783 3479 4786 3479 4782 3479 4787 1377 4784 1377 4786 1377 4785 3485 4780 3485 4784 3485 4786 1647 4780 1647 4782 1647 4783 1324 4785 1324 4787 1324 5049 7553 5043 7554 5051 7555 5019 7556 5010 7557 5018 7558 5169 7559 4980 7560 5165 7561 5051 7555 5042 7562 5050 7563 5009 7564 5019 7556 5017 7565 5001 7566 5005 7567 4997 7568 5039 7569 5046 7570 5038 7571 5006 7572 5012 7573 5004 7574 5009 7564 5013 7575 5005 7567 5045 7576 5039 7569 5037 7577 5015 7578 5006 7572 5007 7579 5017 7565 5021 7580 5013 7575 5042 7562 5032 7581 5040 7582 5005 7567 5015 7578 5007 7579 5025 7583 5029 7584 5021 7580 5043 7554 5034 7585 5042 7562 5010 7557 5000 7586 5008 7587 5033 7588 5037 7577 5029 7584 5033 7588 5043 7554 5041 7589 5003 7590 5010 7557 5011 7591 5041 7589 5045 7576 5037 7577 5038 7571 5028 7592 5030 7593 5009 7564 5003 7590 5011 7591 5049 7553 5053 7594 5045 7576 5031 7595 5038 7571 5030 7593 5006 7572 4996 7596 4998 7597 5057 7598 5061 7599 5053 7594 5037 7577 5031 7595 5029 7584 4999 7600 5006 7572 4998 7597 5065 7601 5069 7602 5061 7599 5026 7603 5032 7581 5034 7585 5005 7567 4999 7600 4997 7568 5073 7604 5077 7605 5069 7602 5035 7606 5026 7603 5034 7585 5002 7607 4992 7608 5000 7586 5081 7609 5085 7610 5077 7605 5025 7583 5035 7606 5033 7588 4995 7611 5002 7607 5003 7590 5089 7612 5093 7613 5085 7610 5022 7614 5028 7592 5020 7615 5001 7566 4995 7611 5003 7590 5097 7616 5101 7617 5093 7613 5023 7618 5030 7593 5022 7614 4998 7597 4988 7619 4990 7620 5101 7617 5113 7621 5109 7622 5029 7584 5023 7618 5021 7580 4991 7623 4998 7597 4990 7620 5113 7621 5117 7624 5109 7622 5018 7558 5024 7625 5026 7603 4997 7568 4991 7623 4989 7626 5121 7627 5125 7628 5117 7624 5027 7629 5018 7558 5026 7603 4994 7630 4984 7631 4992 7608 5129 7632 5133 7633 5125 7628 5017 7565 5027 7629 5025 7583 4987 7634 4994 7630 4995 7611 5137 7635 5141 7636 5133 7633 5014 7637 5020 7615 5012 7573 4993 7638 4987 7634 4995 7611 5141 7636 5153 7639 5149 7640 5015 7578 5022 7614 5014 7637 4990 7620 4981 7641 4982 7642 5153 7639 5157 7643 5149 7640 5013 7575 5023 7618 5015 7578 4983 7644 4990 7620 4982 7642 5161 7645 5165 7561 5157 7643 4993 7638 4997 7568 4989 7626 4989 7626 4983 7644 4980 7560 5046 7570 5036 7646 5038 7571 5010 7557 5016 7647 5018 7558 5128 7648 5064 7649 5000 7586 4985 7650 4989 7626 4980 7560 5050 7563 5040 7582 5048 7651 5053 7594 5047 7652 5045 7576 5047 7652 5054 7653 5046 7570 5054 7653 5044 7654 5046 7570 5057 7598 5051 7555 5059 7655 5051 7555 5058 7656 5059 7655 5058 7656 5048 7651 5056 7657 5053 7594 5063 7658 5055 7659 5063 7658 5054 7653 5055 7659 5054 7653 5060 7660 5052 7661 5057 7598 5067 7662 5065 7601 5067 7662 5058 7656 5066 7663 5058 7656 5064 7649 5066 7663 5061 7599 5071 7664 5063 7658 5071 7664 5062 7665 5063 7658 5062 7665 5068 7666 5060 7660 5065 7601 5075 7667 5073 7604 5075 7667 5066 7663 5074 7668 5066 7663 5072 7669 5074 7668 5069 7602 5079 7670 5071 7664 5079 7670 5070 7671 5071 7664 5070 7671 5076 7672 5068 7666 5073 7604 5083 7673 5081 7609 5083 7673 5074 7668 5082 7674 5074 7668 5080 7675 5082 7674 5085 7610 5079 7670 5077 7605 5079 7670 5086 7676 5078 7677 5086 7676 5076 7672 5078 7677 5089 7612 5083 7673 5091 7678 5083 7673 5090 7679 5091 7678 5090 7679 5080 7675 5088 7680 5093 7613 5087 7681 5085 7610 5087 7681 5094 7682 5086 7676 5094 7682 5084 7683 5086 7676 5097 7616 5091 7678 5099 7684 5091 7678 5098 7685 5099 7684 5098 7685 5088 7680 5096 7686 5101 7617 5095 7687 5093 7613 5095 7687 5102 7688 5094 7682 5102 7688 5092 7689 5094 7682 5105 7690 5099 7684 5107 7691 5099 7684 5106 7692 5107 7691 5106 7692 5096 7686 5104 7693 5101 7617 5111 7694 5103 7695 5111 7694 5102 7688 5103 7695 5102 7688 5108 7696 5100 7697 5105 7690 5115 7698 5113 7621 5115 7698 5106 7692 5114 7699 5106 7692 5112 7700 5114 7699 5109 7622 5119 7701 5111 7694 5119 7701 5110 7702 5111 7694 5110 7702 5116 7703 5108 7696 5113 7621 5123 7704 5121 7627 5115 7698 5122 7705 5123 7704 5114 7699 5120 7706 5122 7705 5117 7624 5127 7707 5119 7701 5127 7707 5118 7708 5119 7701 5118 7708 5124 7709 5116 7703 5129 7632 5123 7704 5131 7710 5123 7704 5130 7711 5131 7710 5122 7705 5128 7648 5130 7711 5125 7628 5135 7712 5127 7707 5135 7712 5126 7713 5127 7707 5134 7714 5124 7709 5126 7713 5137 7635 5131 7710 5139 7715 5131 7710 5138 7716 5139 7715 5138 7716 5128 7648 5136 7717 5141 7636 5135 7712 5133 7633 5143 7718 5134 7714 5135 7712 5142 7719 5132 7720 5134 7714 5145 7721 5139 7715 5147 7722 5139 7715 5146 7723 5147 7722 5146 7723 5136 7717 5144 7724 5149 7640 5143 7718 5141 7636 5143 7718 5150 7725 5142 7719 5150 7725 5140 7726 5142 7719 5153 7639 5147 7722 5155 7727 5147 7722 5154 7728 5155 7727 5154 7728 5144 7724 5152 7729 5149 7640 5159 7730 5151 7731 5159 7730 5150 7725 5151 7731 5150 7725 5156 7732 5148 7733 5153 7639 5163 7734 5161 7645 5163 7734 5154 7728 5162 7735 5154 7728 5160 7736 5162 7735 5157 7643 5167 7737 5159 7730 5167 7737 5158 7738 5159 7730 5158 7738 5164 7739 5156 7732 5161 7645 5171 7740 5169 7559 5171 7740 5162 7735 5170 7741 5162 7735 5168 7742 5170 7741 5165 7561 4983 7644 5167 7737 4983 7644 5166 7743 5167 7737 5166 7743 4981 7641 5164 7739 5169 7559 4987 7634 4985 7650 4987 7634 5170 7741 4986 7744 5170 7741 4984 7631 4986 7744 5036 7646 5100 7697 5164 7739 5361 7852 5355 7853 5363 7854 5331 7855 5322 7856 5330 7857 5481 7858 5292 7859 5477 7860 5363 7854 5354 7861 5362 7862 5321 7863 5331 7855 5329 7864 5313 7865 5317 7866 5309 7867 5351 7868 5358 7869 5350 7870 5318 7871 5324 7872 5316 7873 5321 7863 5325 7874 5317 7866 5357 7875 5351 7868 5349 7876 5327 7877 5318 7871 5319 7878 5329 7864 5333 7879 5325 7874 5354 7861 5344 7880 5352 7881 5317 7866 5327 7877 5319 7878 5337 7882 5341 7883 5333 7879 5355 7853 5346 7884 5354 7861 5322 7856 5312 7885 5320 7886 5345 7887 5349 7876 5341 7883 5345 7887 5355 7853 5353 7888 5315 7889 5322 7856 5323 7890 5353 7888 5357 7875 5349 7876 5350 7870 5340 7891 5342 7892 5321 7863 5315 7889 5323 7890 5361 7852 5365 7893 5357 7875 5343 7894 5350 7870 5342 7892 5318 7871 5308 7895 5310 7896 5369 7897 5373 7898 5365 7893 5349 7876 5343 7894 5341 7883 5311 7899 5318 7871 5310 7896 5377 7900 5381 7901 5373 7898 5338 7902 5344 7880 5346 7884 5317 7866 5311 7899 5309 7867 5385 7903 5389 7904 5381 7901 5347 7905 5338 7902 5346 7884 5314 7906 5304 7907 5312 7885 5393 7609 5397 7908 5389 7904 5337 7882 5347 7905 5345 7887 5307 7909 5314 7906 5315 7889 5401 7910 5405 7911 5397 7908 5334 7912 5340 7891 5332 7913 5313 7865 5307 7909 5315 7889 5409 7914 5413 7915 5405 7911 5335 7916 5342 7892 5334 7912 5310 7896 5300 7917 5302 7918 5413 7915 5425 7919 5421 7920 5341 7883 5335 7916 5333 7879 5303 7921 5310 7896 5302 7918 5425 7919 5429 7922 5421 7920 5330 7857 5336 7923 5338 7902 5309 7867 5303 7921 5301 7924 5433 7925 5437 7926 5429 7922 5339 7927 5330 7857 5338 7902 5306 7928 5296 7929 5304 7907 5441 7930 5445 7931 5437 7926 5329 7864 5339 7927 5337 7882 5299 7932 5306 7928 5307 7909 5449 7933 5453 7934 5445 7931 5326 7935 5332 7913 5324 7872 5305 7936 5299 7932 5307 7909 5453 7934 5465 7937 5461 7938 5327 7877 5334 7912 5326 7935 5302 7918 5293 7641 5294 7939 5465 7937 5469 7940 5461 7938 5325 7874 5335 7916 5327 7877 5295 7941 5302 7918 5294 7939 5473 7942 5477 7860 5469 7940 5305 7936 5309 7867 5301 7924 5301 7924 5295 7941 5292 7859 5358 7869 5348 7943 5350 7870 5322 7856 5328 7944 5330 7857 5344 7880 5312 7885 5440 7945 5297 7946 5301 7924 5292 7859 5362 7862 5352 7881 5360 7947 5365 7893 5359 7948 5357 7875 5359 7948 5366 7949 5358 7869 5366 7949 5356 7950 5358 7869 5369 7897 5363 7854 5371 7951 5363 7854 5370 7952 5371 7951 5370 7952 5360 7947 5368 7953 5365 7893 5375 7954 5367 7955 5375 7954 5366 7949 5367 7955 5366 7949 5372 7956 5364 7957 5369 7897 5379 7958 5377 7900 5379 7958 5370 7952 5378 7959 5370 7952 5376 7960 5378 7959 5373 7898 5383 7961 5375 7954 5383 7961 5374 7962 5375 7954 5374 7962 5380 7963 5372 7956 5377 7900 5387 7964 5385 7903 5387 7964 5378 7959 5386 7965 5378 7959 5384 7966 5386 7965 5381 7901 5391 7967 5383 7961 5391 7967 5382 7968 5383 7961 5382 7968 5388 7969 5380 7963 5385 7903 5395 7970 5393 7609 5395 7970 5386 7965 5394 7971 5386 7965 5392 7972 5394 7971 5397 7908 5391 7967 5389 7904 5391 7967 5398 7973 5390 7974 5398 7973 5388 7969 5390 7974 5401 7910 5395 7970 5403 7975 5395 7970 5402 7976 5403 7975 5402 7976 5392 7972 5400 7977 5405 7911 5399 7978 5397 7908 5399 7978 5406 7979 5398 7973 5406 7979 5396 7980 5398 7973 5409 7914 5403 7975 5411 7981 5403 7975 5410 7982 5411 7981 5410 7982 5400 7977 5408 7983 5413 7915 5407 7984 5405 7911 5407 7984 5414 7985 5406 7979 5414 7985 5404 7986 5406 7979 5417 7987 5411 7981 5419 7988 5411 7981 5418 7989 5419 7988 5418 7989 5408 7983 5416 7990 5413 7915 5423 7991 5415 7992 5423 7991 5414 7985 5415 7992 5414 7985 5420 7993 5412 7994 5417 7987 5427 7995 5425 7919 5427 7995 5418 7989 5426 7996 5418 7989 5424 7997 5426 7996 5421 7920 5431 7998 5423 7991 5431 7998 5422 7999 5423 7991 5422 7999 5428 8000 5420 7993 5425 7919 5435 8001 5433 7925 5427 7995 5434 8002 5435 8001 5426 7996 5432 8003 5434 8002 5429 7922 5439 8004 5431 7998 5439 8004 5430 8005 5431 7998 5430 8005 5436 8006 5428 8000 5441 7930 5435 8001 5443 8007 5435 8001 5442 8008 5443 8007 5434 8002 5440 7945 5442 8008 5437 7926 5447 8009 5439 8004 5447 8009 5438 8010 5439 8004 5446 8011 5436 8006 5438 8010 5449 7933 5443 8007 5451 8012 5443 8007 5450 8013 5451 8012 5450 8013 5440 7945 5448 8014 5453 7934 5447 8009 5445 7931 5455 8015 5446 8011 5447 8009 5454 8016 5444 8017 5446 8011 5457 8018 5451 8012 5459 8019 5451 8012 5458 8020 5459 8019 5458 8020 5448 8014 5456 8021 5461 7938 5455 8015 5453 7934 5455 8015 5462 8022 5454 8016 5462 8022 5452 8023 5454 8016 5465 7937 5459 8019 5467 8024 5459 8019 5466 8025 5467 8024 5466 8025 5456 8021 5464 8026 5461 7938 5471 8027 5463 8028 5471 8027 5462 8022 5463 8028 5462 8022 5468 8029 5460 8030 5465 7937 5475 8031 5473 7942 5475 8031 5466 8025 5474 8032 5466 8025 5472 8033 5474 8032 5469 7940 5479 8034 5471 8027 5479 8034 5470 8035 5471 8027 5470 8035 5476 8036 5468 8029 5473 7942 5483 8037 5481 7858 5483 8037 5474 8032 5482 8038 5474 8032 5480 8039 5482 8038 5477 7860 5295 7941 5479 8034 5295 7941 5478 8040 5479 8034 5478 8040 5293 7641 5476 8036 5481 7858 5299 7932 5297 7946 5299 7932 5482 8038 5298 8041 5482 8038 5296 7929 5298 8041 5348 7943 5412 7994 5476 8036 5673 8133 5667 8134 5675 8135 5643 8136 5634 8137 5642 8138 5793 8139 5604 7560 5789 8140 5675 8135 5666 8141 5674 8142 5633 8143 5643 8136 5641 8144 5625 8145 5629 8146 5621 8147 5663 8148 5670 8149 5662 8150 5630 8151 5636 8152 5628 7574 5633 8143 5637 8153 5629 8146 5669 8154 5663 8148 5661 8155 5639 8156 5630 8151 5631 8157 5641 8144 5645 8158 5637 8153 5666 8141 5656 8159 5664 8160 5629 8146 5639 8156 5631 8157 5649 8161 5653 8162 5645 8158 5667 8134 5658 8163 5666 8141 5634 8137 5624 8164 5632 7587 5657 8165 5661 8155 5653 8162 5657 8165 5667 8134 5665 8166 5627 8167 5634 8137 5635 8168 5665 8166 5669 8154 5661 8155 5662 8150 5652 7592 5654 8169 5633 8143 5627 8167 5635 8168 5673 8133 5677 8170 5669 8154 5655 8171 5662 8150 5654 8169 5630 8151 5620 8172 5622 8173 5681 8174 5685 8175 5677 8170 5661 8155 5655 8171 5653 8162 5623 8176 5630 8151 5622 8173 5689 8177 5693 8178 5685 8175 5650 8179 5656 8159 5658 8163 5629 8146 5623 8176 5621 8147 5697 8180 5701 7605 5693 8178 5659 8181 5650 8179 5658 8163 5626 8182 5616 8183 5624 8164 5705 7609 5709 8184 5701 7605 5649 8161 5659 8181 5657 8165 5619 8185 5626 8182 5627 8167 5713 8186 5717 8187 5709 8184 5646 8188 5652 7592 5644 8189 5625 8145 5619 8185 5627 8167 5721 8190 5725 8191 5717 8187 5647 8192 5654 8169 5646 8188 5622 8173 5612 8193 5614 8194 5725 8191 5737 8195 5733 8196 5653 8162 5647 8192 5645 8158 5615 8197 5622 8173 5614 8194 5737 8195 5741 8198 5733 8196 5642 8138 5648 8199 5650 8179 5621 8147 5615 8197 5613 8200 5745 8201 5749 8202 5741 8198 5651 8203 5642 8138 5650 8179 5618 8204 5608 8205 5616 8183 5753 8206 5757 8207 5749 8202 5641 8144 5651 8203 5649 8161 5611 7634 5618 8204 5619 8185 5761 8208 5765 8209 5757 8207 5638 8210 5644 8189 5636 8152 5617 8211 5611 7634 5619 8185 5765 8209 5777 8212 5773 8213 5639 8156 5646 8188 5638 8210 5614 8194 5605 8214 5606 8215 5777 8212 5781 8216 5773 8213 5637 8153 5647 8192 5639 8156 5607 8217 5614 8194 5606 8215 5785 8218 5789 8140 5781 8216 5617 8211 5621 8147 5613 8200 5613 8200 5607 8217 5604 7560 5670 8149 5660 8219 5662 8150 5634 8137 5640 8220 5642 8138 5752 8221 5688 8222 5624 8164 5609 7650 5613 8200 5604 7560 5674 8142 5664 8160 5672 8223 5677 8170 5671 8224 5669 8154 5671 8224 5678 8225 5670 8149 5678 8225 5668 8226 5670 8149 5681 8174 5675 8135 5683 8227 5675 8135 5682 8228 5683 8227 5682 8228 5672 8223 5680 7657 5677 8170 5687 8229 5679 8230 5687 8229 5678 8225 5679 8230 5678 8225 5684 8231 5676 7661 5681 8174 5691 8232 5689 8177 5691 8232 5682 8228 5690 8233 5682 8228 5688 8222 5690 8233 5685 8175 5695 8234 5687 8229 5695 8234 5686 8235 5687 8229 5686 8235 5692 8236 5684 8231 5689 8177 5699 8237 5697 8180 5699 8237 5690 8233 5698 8238 5690 8233 5696 8239 5698 8238 5693 8178 5703 8240 5695 8234 5703 8240 5694 8241 5695 8234 5694 8241 5700 8242 5692 8236 5697 8180 5707 8243 5705 7609 5707 8243 5698 8238 5706 8244 5698 8238 5704 8245 5706 8244 5709 8184 5703 8240 5701 7605 5703 8240 5710 8246 5702 8247 5710 8246 5700 8242 5702 8247 5713 8186 5707 8243 5715 8248 5707 8243 5714 8249 5715 8248 5714 8249 5704 8245 5712 8250 5717 8187 5711 8251 5709 8184 5711 8251 5718 8252 5710 8246 5718 8252 5708 8253 5710 8246 5721 8190 5715 8248 5723 8254 5715 8248 5722 8255 5723 8254 5722 8255 5712 8250 5720 8256 5725 8191 5719 8257 5717 8187 5719 8257 5726 8258 5718 8252 5726 8258 5716 8259 5718 8252 5729 8260 5723 8254 5731 8261 5723 8254 5730 8262 5731 8261 5730 8262 5720 8256 5728 7693 5725 8191 5735 8263 5727 8264 5735 8263 5726 8258 5727 8264 5726 8258 5732 8265 5724 7697 5729 8260 5739 8266 5737 8195 5739 8266 5730 8262 5738 8267 5730 8262 5736 8268 5738 8267 5733 8196 5743 8269 5735 8263 5743 8269 5734 8270 5735 8263 5734 8270 5740 8271 5732 8265 5737 8195 5747 8272 5745 8201 5739 8266 5746 8273 5747 8272 5738 8267 5744 8274 5746 8273 5741 8198 5751 8275 5743 8269 5751 8275 5742 8276 5743 8269 5742 8276 5748 7709 5740 8271 5753 8206 5747 8272 5755 8277 5747 8272 5754 8278 5755 8277 5746 8273 5752 8221 5754 8278 5749 8202 5759 8279 5751 8275 5759 8279 5750 8280 5751 8275 5758 8281 5748 7709 5750 8280 5761 8208 5755 8277 5763 8282 5755 8277 5762 8283 5763 8282 5762 8283 5752 8221 5760 8284 5765 8209 5759 8279 5757 8207 5767 8285 5758 8281 5759 8279 5766 8286 5756 8287 5758 8281 5769 8288 5763 8282 5771 8289 5763 8282 5770 8290 5771 8289 5770 8290 5760 8284 5768 8291 5773 8213 5767 8285 5765 8209 5767 8285 5774 8292 5766 8286 5774 8292 5764 8293 5766 8286 5777 8212 5771 8289 5779 8294 5771 8289 5778 8295 5779 8294 5778 8295 5768 8291 5776 7729 5773 8213 5783 8296 5775 8297 5783 8296 5774 8292 5775 8297 5774 8292 5780 8298 5772 7733 5777 8212 5787 8299 5785 8218 5787 8299 5778 8295 5786 8300 5778 8295 5784 8301 5786 8300 5781 8216 5791 8302 5783 8296 5791 8302 5782 8303 5783 8296 5782 8303 5788 8304 5780 8298 5785 8218 5795 8305 5793 8139 5795 8305 5786 8300 5794 8306 5786 8300 5792 8307 5794 8306 5789 8140 5607 8217 5791 8302 5607 8217 5790 8308 5791 8302 5790 8308 5605 8214 5788 8304 5793 8139 5611 7634 5609 7650 5611 7634 5794 8306 5610 8309 5794 8306 5608 8205 5610 8309 5660 8219 5724 7697 5788 8304 5985 8385 5979 8386 5987 8387 5955 8388 5946 8389 5954 8390 6105 8391 5916 7859 6101 8392 5987 8387 5978 8393 5986 8394 5945 8395 5955 8388 5953 8396 5937 8397 5941 8398 5933 8399 5975 8400 5982 8401 5974 8402 5942 8403 5948 8404 5940 7873 5945 8395 5949 8405 5941 8398 5981 8406 5975 8400 5973 8407 5951 8408 5942 8403 5943 8409 5953 8396 5957 8410 5949 8405 5978 8393 5968 8411 5976 8412 5941 8398 5951 8408 5943 8409 5961 8413 5965 8414 5957 8410 5979 8386 5970 8415 5978 8393 5946 8389 5936 8416 5944 7886 5969 8417 5973 8407 5965 8414 5969 8417 5979 8386 5977 8418 5939 8419 5946 8389 5947 8420 5977 8418 5981 8406 5973 8407 5974 8402 5964 8421 5966 8422 5945 8395 5939 8419 5947 8420 5985 8385 5989 8423 5981 8406 5967 8424 5974 8402 5966 8422 5942 8403 5932 8425 5934 8426 5993 8427 5997 8428 5989 8423 5973 8407 5967 8424 5965 8414 5935 8429 5942 8403 5934 8426 6001 8430 6005 8431 5997 8428 5962 8432 5968 8411 5970 8415 5941 8398 5935 8429 5933 8399 6009 8433 6013 7904 6005 8431 5971 8434 5962 8432 5970 8415 5938 8435 5928 8436 5936 8416 6017 7609 6021 8437 6013 7904 5961 8413 5971 8434 5969 8417 5931 8438 5938 8435 5939 8419 6025 8439 6029 8440 6021 8437 5958 8441 5964 8421 5956 8442 5937 8397 5931 8438 5939 8419 6033 8443 6037 8444 6029 8440 5959 8445 5966 8422 5958 8441 5934 8426 5924 8446 5926 8447 6037 8444 6049 8448 6045 8449 5965 8414 5959 8445 5957 8410 5927 8450 5934 8426 5926 8447 6049 8448 6053 8451 6045 8449 5954 8390 5960 8452 5962 8432 5933 8399 5927 8450 5925 8453 6057 8454 6061 8455 6053 8451 5963 8456 5954 8390 5962 8432 5930 8457 5920 8458 5928 8436 6065 8459 6069 8460 6061 8455 5953 8396 5963 8456 5961 8413 5923 8461 5930 8457 5931 8438 6073 8462 6077 8463 6069 8460 5950 8464 5956 8442 5948 8404 5929 8465 5923 8461 5931 8438 6077 8463 6089 8466 6085 8467 5951 8408 5958 8441 5950 8464 5926 8447 5917 8214 5918 8468 6089 8466 6093 8469 6085 8467 5949 8405 5959 8445 5951 8408 5919 8470 5926 8447 5918 8468 6097 8471 6101 8392 6093 8469 5929 8465 5933 8399 5925 8453 5925 8453 5919 8470 5916 7859 5982 8401 5972 8472 5974 8402 5946 8389 5952 8473 5954 8390 5968 8411 5936 8416 6064 8474 5921 7946 5925 8453 5916 7859 5986 8394 5976 8412 5984 8475 5989 8423 5983 8476 5981 8406 5983 8476 5990 8477 5982 8401 5990 8477 5980 8478 5982 8401 5993 8427 5987 8387 5995 8479 5987 8387 5994 8480 5995 8479 5994 8480 5984 8475 5992 7953 5989 8423 5999 8481 5991 8482 5999 8481 5990 8477 5991 8482 5990 8477 5996 8483 5988 7957 5993 8427 6003 8484 6001 8430 6003 8484 5994 8480 6002 8485 5994 8480 6000 8486 6002 8485 5997 8428 6007 8487 5999 8481 6007 8487 5998 8488 5999 8481 5998 8488 6004 8489 5996 8483 6001 8430 6011 8490 6009 8433 6011 8490 6002 8485 6010 8491 6002 8485 6008 8492 6010 8491 6005 8431 6015 8493 6007 8487 6015 8493 6006 8494 6007 8487 6006 8494 6012 8495 6004 8489 6009 8433 6019 8496 6017 7609 6019 8496 6010 8491 6018 8497 6010 8491 6016 8498 6018 8497 6021 8437 6015 8493 6013 7904 6015 8493 6022 8499 6014 8500 6022 8499 6012 8495 6014 8500 6025 8439 6019 8496 6027 8501 6019 8496 6026 8502 6027 8501 6026 8502 6016 8498 6024 8503 6029 8440 6023 8504 6021 8437 6023 8504 6030 8505 6022 8499 6030 8505 6020 8506 6022 8499 6033 8443 6027 8501 6035 8507 6027 8501 6034 8508 6035 8507 6034 8508 6024 8503 6032 8509 6037 8444 6031 8510 6029 8440 6031 8510 6038 8511 6030 8505 6038 8511 6028 8512 6030 8505 6041 8513 6035 8507 6043 8514 6035 8507 6042 8515 6043 8514 6042 8515 6032 8509 6040 7990 6037 8444 6047 8516 6039 8517 6047 8516 6038 8511 6039 8517 6038 8511 6044 8518 6036 7994 6041 8513 6051 8519 6049 8448 6051 8519 6042 8515 6050 8520 6042 8515 6048 8521 6050 8520 6045 8449 6055 8522 6047 8516 6055 8522 6046 8523 6047 8516 6046 8523 6052 8524 6044 8518 6049 8448 6059 8525 6057 8454 6051 8519 6058 8526 6059 8525 6050 8520 6056 8527 6058 8526 6053 8451 6063 8528 6055 8522 6063 8528 6054 8529 6055 8522 6054 8529 6060 8006 6052 8524 6065 8459 6059 8525 6067 8530 6059 8525 6066 8531 6067 8530 6058 8526 6064 8474 6066 8531 6061 8455 6071 8532 6063 8528 6071 8532 6062 8533 6063 8528 6070 8534 6060 8006 6062 8533 6073 8462 6067 8530 6075 8535 6067 8530 6074 8536 6075 8535 6074 8536 6064 8474 6072 8537 6077 8463 6071 8532 6069 8460 6079 8538 6070 8534 6071 8532 6078 8539 6068 8540 6070 8534 6081 8541 6075 8535 6083 8542 6075 8535 6082 8543 6083 8542 6082 8543 6072 8537 6080 8544 6085 8467 6079 8538 6077 8463 6079 8538 6086 8545 6078 8539 6086 8545 6076 8546 6078 8539 6089 8466 6083 8542 6091 8547 6083 8542 6090 8548 6091 8547 6090 8548 6080 8544 6088 8026 6085 8467 6095 8549 6087 8550 6095 8549 6086 8545 6087 8550 6086 8545 6092 8551 6084 8030 6089 8466 6099 8552 6097 8471 6099 8552 6090 8548 6098 8553 6090 8548 6096 8554 6098 8553 6093 8469 6103 8555 6095 8549 6103 8555 6094 8556 6095 8549 6094 8556 6100 8557 6092 8551 6097 8471 6107 8558 6105 8391 6107 8558 6098 8553 6106 8559 6098 8553 6104 8560 6106 8559 6101 8392 5919 8470 6103 8555 5919 8470 6102 8561 6103 8555 6102 8561 5917 8214 6100 8557 6105 8391 5923 8461 5921 7946 5923 8461 6106 8559 5922 8562 6106 8559 5920 8458 5922 8562 5972 8472 6036 7994 6100 8557 6132 8566 6141 8567 6140 8568 6133 8569 6142 8570 6141 8571 6135 8572 6142 8573 6134 8574 6136 8575 6143 8576 6135 8577 6137 8578 6144 8579 6136 8580 6138 8581 6145 8582 6137 8583 6138 8584 6147 8585 6146 8586 6139 8587 6140 8588 6147 8589 6140 8568 6149 8590 6148 8591 6141 8571 6150 8592 6149 8593 6143 8594 6150 8595 6142 8573 6144 8596 6151 8597 6143 8576 6145 8598 6152 8599 6144 8579 6146 8600 6153 8601 6145 8602 6146 8603 6155 8604 6154 8605 6147 8589 6148 8606 6155 8607 6149 8590 6156 8608 6148 8591 6149 8609 6158 8610 6157 8611 6151 8612 6158 8613 6150 8614 6151 8597 6160 8615 6159 8616 6152 8599 6161 8617 6160 8618 6154 8619 6161 8620 6153 8621 6154 8622 6163 8623 6162 8624 6148 8606 6163 8625 6155 8607 6157 8626 6164 8627 6156 8608 6158 8628 6165 8629 6157 8630 6158 8631 6167 8632 6166 8633 6159 8616 6168 8634 6167 8635 6160 8618 6169 8636 6168 8637 6161 8638 6170 8639 6169 8640 6163 8641 6170 8642 6162 8643 6156 8644 6171 8645 6163 8625 6165 8646 6172 8647 6164 8627 6166 8648 6173 8649 6165 8629 6166 8633 6175 8650 6174 8651 6167 8635 6176 8652 6175 8653 6168 8637 6177 8654 6176 8655 6169 8656 6178 8657 6177 8658 6171 8659 6178 8660 6170 8661 6164 8662 6179 8663 6171 8645 6134 3485 6133 3485 6137 3485 6174 8664 6176 8665 6178 8666 6180 8667 6189 8668 6188 8669 6181 8670 6190 8671 6189 8672 6183 8673 6190 8674 6182 8675 6184 8676 6191 8677 6183 8678 6185 8679 6192 8680 6184 8580 6186 8681 6193 8682 6185 8683 6186 8684 6195 8685 6194 8686 6187 8687 6188 8688 6195 8689 6188 8669 6197 8690 6196 8691 6189 8672 6198 8692 6197 8693 6191 8694 6198 8695 6190 8674 6192 8696 6199 8697 6191 8677 6193 8698 6200 8699 6192 8680 6194 8700 6201 8701 6193 8602 6194 8702 6203 8703 6202 8704 6195 8689 6196 8705 6203 8706 6196 8691 6205 8707 6204 8708 6198 8709 6205 8710 6197 8711 6198 8712 6207 8713 6206 8714 6200 8715 6207 8716 6199 8697 6201 8717 6208 8718 6200 8699 6201 8719 6210 8720 6209 8721 6203 8722 6210 8723 6202 8724 6203 8706 6204 8725 6211 8726 6205 8707 6212 8727 6204 8708 6206 8728 6213 8729 6205 8730 6206 8731 6215 8732 6214 8733 6207 8716 6216 8734 6215 8735 6208 8718 6217 8736 6216 8737 6209 8738 6218 8739 6217 8740 6211 8741 6218 8742 6210 8743 6204 8725 6219 8744 6211 8726 6213 8745 6220 8746 6212 8727 6214 8747 6221 8748 6213 8729 6214 8733 6223 8749 6222 8750 6215 8735 6224 8751 6223 8752 6216 8737 6225 8753 6224 8655 6217 8754 6226 8755 6225 8756 6219 8757 6226 8758 6218 8759 6212 8760 6227 8761 6219 8744 6182 3485 6181 3485 6185 3485 6220 8762 6222 8763 6224 8764 6229 8765 6236 8766 6228 8767 6230 8768 6237 8769 6229 8770 6230 8771 6239 8772 6238 8773 6231 8774 6240 8775 6239 8776 6232 8777 6241 8778 6240 8779 6233 8780 6242 8781 6241 8782 6235 8783 6242 8784 6234 8785 6228 8786 6243 8787 6235 8788 6237 8789 6244 8790 6236 8766 6238 8791 6245 8792 6237 8793 6238 8794 6247 8795 6246 8796 6239 8776 6248 8797 6247 8798 6240 8779 6249 8799 6248 8800 6241 8782 6250 8801 6249 8802 6243 8803 6250 8804 6242 8784 6236 8805 6251 8806 6243 8787 6244 8790 6253 8807 6252 8808 6246 8809 6253 8810 6245 8811 6246 8812 6255 8813 6254 8814 6248 8797 6255 8815 6247 8798 6249 8799 6256 8816 6248 8800 6249 8817 6258 8818 6257 8819 6251 8820 6258 8821 6250 8822 6251 8806 6252 8823 6259 8824 6252 8808 6261 8825 6260 8826 6253 8827 6262 8828 6261 8829 6255 8830 6262 8831 6254 8832 6256 8833 6263 8834 6255 8815 6257 8835 6264 8836 6256 8816 6258 8837 6265 8838 6257 8839 6258 8840 6267 8841 6266 8842 6259 8824 6260 8843 6267 8844 6260 8826 6269 8845 6268 8846 6261 8847 6270 8848 6269 8849 6263 8850 6270 8851 6262 8852 6264 8853 6271 8854 6263 8834 6265 8855 6272 8856 6264 8836 6266 8857 6273 8858 6265 8838 6266 8842 6275 8859 6274 8860 6267 8844 6268 8861 6275 8862 6230 3479 6229 3479 6233 3479 6270 8863 6272 8864 6274 8865 6277 8866 6284 8867 6276 8767 6278 8868 6285 8869 6277 8870 6278 8871 6287 8872 6286 8873 6279 8874 6288 8875 6287 8876 6280 8877 6289 8878 6288 8879 6281 8880 6290 8881 6289 8882 6283 8883 6290 8884 6282 8885 6276 8886 6291 8887 6283 8888 6285 8889 6292 8890 6284 8867 6286 8891 6293 8892 6285 8793 6286 8893 6295 8894 6294 8895 6287 8876 6296 8896 6295 8897 6288 8879 6297 8898 6296 8899 6289 8882 6298 8900 6297 8901 6291 8902 6298 8903 6290 8884 6284 8904 6299 8905 6291 8887 6293 8906 6300 8907 6292 8890 6293 8908 6302 8909 6301 8910 6295 8911 6302 8912 6294 8913 6295 8897 6304 8914 6303 8915 6296 8899 6305 8916 6304 8917 6298 8918 6305 8919 6297 8920 6298 8921 6307 8922 6306 8923 6292 8924 6307 8925 6299 8905 6300 8907 6309 8926 6308 8927 6301 8928 6310 8929 6309 8930 6303 8931 6310 8932 6302 8933 6304 8914 6311 8934 6303 8915 6305 8916 6312 8935 6304 8917 6306 8936 6313 8937 6305 8938 6306 8939 6315 8940 6314 8941 6307 8925 6308 8942 6315 8943 6308 8927 6317 8944 6316 8846 6309 8945 6318 8946 6317 8947 6311 8948 6318 8949 6310 8950 6312 8951 6319 8952 6311 8934 6313 8953 6320 8954 6312 8935 6314 8955 6321 8956 6313 8937 6314 8941 6323 8957 6322 8958 6315 8943 6316 8959 6323 8960 6278 3479 6277 3479 6281 3479 6316 8961 6318 8962 6320 8963 6325 1358 6326 1358 6324 1358 6327 3479 6330 3479 6326 3479 6331 1377 6328 1377 6330 1377 6329 3485 6324 3485 6328 3485 6330 1647 6324 1647 6326 1647 6327 1324 6329 1324 6331 1324 6393 8964 6333 8965 6382 8966 6417 8967 6381 8968 6406 8969 6368 8970 6392 8971 6416 8972 6346 8973 6357 8974 6334 8975 6369 8976 6405 8977 6358 8978 6335 8979 6336 8980 6332 8981 6335 8979 6340 8982 6337 8983 6338 8984 6339 8985 6333 8965 6342 8986 6340 8982 6338 8984 6341 8987 6342 8986 6334 8975 6336 8980 6343 8988 6341 8987 6337 8983 6340 8982 6343 8988 6347 8989 6348 8990 6344 8991 6351 8992 6349 8993 6347 8989 6350 8994 6351 8992 6345 8995 6350 8994 6355 8996 6352 8997 6353 8998 6354 8999 6346 8973 6353 8998 6349 8993 6355 8996 6349 8993 6352 8997 6355 8996 6359 9000 6360 9001 6356 9002 6359 9000 6364 9003 6361 9004 6362 9005 6363 9006 6357 8974 6362 9005 6367 9007 6364 9003 6365 9008 6366 9009 6358 8978 6360 9001 6367 9007 6365 9008 6361 9004 6364 9003 6367 9007 6371 9010 6372 9011 6368 8970 6371 9010 6376 9012 6373 9013 6374 9014 6375 9015 6369 8976 6378 9016 6376 9012 6374 9014 6377 9017 6378 9016 6370 9018 6372 9011 6379 9019 6377 9017 6373 9013 6376 9012 6379 9019 6383 9020 6384 9021 6380 9022 6383 9020 6388 9023 6385 9024 6386 9025 6387 9026 6381 8968 6386 9025 6391 9027 6388 9023 6389 9028 6390 9029 6382 8966 6384 9021 6391 9027 6389 9028 6385 9024 6388 9023 6391 9027 6395 9030 6396 9031 6392 8971 6395 9030 6400 9032 6397 9033 6398 9034 6399 9035 6393 8964 6402 9036 6400 9032 6398 9034 6401 9037 6402 9036 6394 9038 6396 9031 6403 9039 6401 9037 6397 9033 6400 9032 6403 9039 6407 9040 6408 9041 6404 9042 6407 9040 6412 9043 6409 9044 6410 9045 6411 9046 6405 8977 6414 9047 6412 9043 6410 9045 6413 9048 6414 9047 6406 8969 6408 9041 6415 9049 6413 9048 6409 9044 6412 9043 6415 9049 6419 9050 6420 9051 6416 8972 6419 9050 6424 9052 6421 9053 6422 9054 6423 9055 6417 8967 6422 9054 6427 9056 6424 9052 6425 9057 6426 9058 6418 9059 6420 9051 6427 9056 6425 9057 6421 9053 6424 9052 6427 9056 6332 8981 6359 9000 6356 9002 6336 8980 6363 9006 6359 9000 6341 8987 6357 8974 6363 9006 6344 8991 6338 8984 6333 8965 6348 8990 6342 8986 6338 8984 6353 8998 6334 8975 6342 8986 6368 8970 6350 8994 6345 8995 6372 9011 6354 8999 6350 8994 6377 9017 6346 8973 6354 8999 6358 8978 6374 9014 6369 8976 6366 9009 6378 9016 6374 9014 6362 9005 6370 9018 6378 9016 6356 9002 6407 9040 6404 9042 6360 9001 6411 9046 6407 9040 6365 9008 6405 8977 6411 9046 6416 8972 6371 9010 6368 8970 6420 9051 6375 9015 6371 9010 6425 9057 6369 8976 6375 9015 6406 8969 6422 9054 6417 8967 6414 9047 6426 9058 6422 9054 6410 9045 6418 9059 6426 9058 6404 9042 6383 9020 6380 9022 6408 9041 6387 9026 6383 9020 6413 9048 6381 8968 6387 9026 6392 8971 6419 9050 6416 8972 6396 9031 6423 9055 6419 9050 6401 9037 6417 8967 6423 9055 6382 8966 6398 9034 6393 8964 6390 9029 6402 9036 6398 9034 6386 9025 6394 9038 6402 9036 6380 9022 6335 8979 6332 8981 6384 9021 6339 8985 6335 8979 6389 9028 6333 8965 6339 8985 6345 8995 6395 9030 6392 8971 6351 8992 6399 9035 6395 9030 6347 8989 6393 8964 6399 9035 6404 9042 6332 8981 6356 9002 6489 9060 6429 9061 6478 9062 6513 9063 6477 9064 6502 9065 6464 9066 6488 9067 6512 9068 6442 9069 6453 9070 6430 9071 6465 9072 6501 9073 6454 9074 6431 9075 6432 9076 6428 9077 6431 9075 6436 9078 6433 9079 6434 9080 6435 9081 6429 9061 6438 9082 6436 9078 6434 9080 6437 9083 6438 9082 6430 9071 6432 9076 6439 9084 6437 9083 6433 9079 6436 9078 6439 9084 6443 9085 6444 9086 6440 9087 6447 9088 6445 9089 6443 9085 6446 9090 6447 9088 6441 9091 6446 9090 6451 9092 6448 9093 6449 9094 6450 9095 6442 9069 6449 9094 6445 9089 6451 9092 6445 9089 6448 9093 6451 9092 6455 9096 6456 9097 6452 9098 6455 9096 6460 9099 6457 9100 6458 9101 6459 9102 6453 9070 6458 9101 6463 9103 6460 9099 6461 9104 6462 9105 6454 9074 6456 9097 6463 9103 6461 9104 6457 9100 6460 9099 6463 9103 6467 9106 6468 9107 6464 9066 6467 9106 6472 9108 6469 9109 6470 9110 6471 9111 6465 9072 6474 9112 6472 9108 6470 9110 6473 9113 6474 9112 6466 9114 6468 9107 6475 9115 6473 9113 6469 9109 6472 9108 6475 9115 6479 9116 6480 9117 6476 9118 6479 9116 6484 9119 6481 9120 6482 9121 6483 9122 6477 9064 6482 9121 6487 9123 6484 9119 6485 9124 6486 9125 6478 9062 6480 9117 6487 9123 6485 9124 6481 9120 6484 9119 6487 9123 6491 9126 6492 9127 6488 9067 6491 9126 6496 9128 6493 9129 6494 9130 6495 9131 6489 9060 6498 9132 6496 9128 6494 9130 6497 9133 6498 9132 6490 9134 6492 9127 6499 9135 6497 9133 6493 9129 6496 9128 6499 9135 6503 9136 6504 9137 6500 9138 6503 9136 6508 9139 6505 9140 6506 9141 6507 9142 6501 9073 6510 9143 6508 9139 6506 9141 6509 9144 6510 9143 6502 9065 6504 9137 6511 9145 6509 9144 6505 9140 6508 9139 6511 9145 6515 9146 6516 9147 6512 9068 6515 9146 6520 9148 6517 9149 6518 9150 6519 9151 6513 9063 6518 9150 6523 9152 6520 9148 6521 9153 6522 9154 6514 9155 6516 9147 6523 9152 6521 9153 6517 9149 6520 9148 6523 9152 6428 9077 6455 9096 6452 9098 6432 9076 6459 9102 6455 9096 6437 9083 6453 9070 6459 9102 6440 9087 6434 9080 6429 9061 6444 9086 6438 9082 6434 9080 6449 9094 6430 9071 6438 9082 6464 9066 6446 9090 6441 9091 6468 9107 6450 9095 6446 9090 6473 9113 6442 9069 6450 9095 6454 9074 6470 9110 6465 9072 6462 9105 6474 9112 6470 9110 6458 9101 6466 9114 6474 9112 6452 9098 6503 9136 6500 9138 6456 9097 6507 9142 6503 9136 6461 9104 6501 9073 6507 9142 6512 9068 6467 9106 6464 9066 6516 9147 6471 9111 6467 9106 6521 9153 6465 9072 6471 9111 6502 9065 6518 9150 6513 9063 6510 9143 6522 9154 6518 9150 6506 9141 6514 9155 6522 9154 6500 9138 6479 9116 6476 9118 6504 9137 6483 9122 6479 9116 6509 9144 6477 9064 6483 9122 6488 9067 6515 9146 6512 9068 6492 9127 6519 9151 6515 9146 6497 9133 6513 9063 6519 9151 6478 9062 6494 9130 6489 9060 6486 9125 6498 9132 6494 9130 6482 9121 6490 9134 6498 9132 6476 9118 6431 9075 6428 9077 6480 9117 6435 9081 6431 9075 6485 9124 6429 9061 6435 9081 6441 9091 6491 9126 6488 9067 6447 9088 6495 9131 6491 9126 6443 9085 6489 9060 6495 9131 6500 9138 6428 9077 6452 9098 6621 1358 6622 1358 6620 1358 6623 3479 6626 3479 6622 3479 6627 1377 6624 1377 6626 1377 6625 3485 6620 3485 6624 3485 6626 1647 6620 1647 6622 1647 6623 1324 6625 1324 6627 1324 6689 9252 6629 9253 6678 9254 6713 8967 6677 8968 6702 8969 6664 8970 6688 8971 6712 8972 6642 8973 6653 8974 6630 8975 6665 9255 6701 9256 6654 9257 6631 9258 6632 9259 6628 8981 6631 9258 6636 9260 6633 9261 6634 9262 6635 9263 6629 9253 6638 9264 6636 9260 6634 9262 6637 9265 6638 9264 6630 8975 6632 9259 6639 9266 6637 9265 6633 9261 6636 9260 6639 9266 6643 9267 6644 9268 6640 9269 6647 9270 6645 9271 6643 9267 6646 9272 6647 9270 6641 8995 6646 9272 6651 9273 6648 9274 6649 9275 6650 9276 6642 8973 6649 9275 6645 9271 6651 9273 6645 9271 6648 9274 6651 9273 6655 9277 6656 9278 6652 9002 6655 9277 6660 9279 6657 9280 6658 9281 6659 9282 6653 8974 6658 9281 6663 9283 6660 9279 6661 9284 6662 9285 6654 9257 6656 9278 6663 9283 6661 9284 6657 9280 6660 9279 6663 9283 6667 9286 6668 9287 6664 8970 6667 9286 6672 9288 6669 9289 6670 9290 6671 9291 6665 9255 6674 9292 6672 9288 6670 9290 6673 9293 6674 9292 6666 9018 6668 9287 6675 9294 6673 9293 6669 9289 6672 9288 6675 9294 6679 9295 6680 9296 6676 9022 6679 9295 6684 9297 6681 9298 6682 9299 6683 9300 6677 8968 6682 9299 6687 9301 6684 9297 6685 9302 6686 9303 6678 9254 6680 9296 6687 9301 6685 9302 6681 9298 6684 9297 6687 9301 6691 9304 6692 9305 6688 8971 6691 9304 6696 9306 6693 9307 6694 9308 6695 9309 6689 9252 6698 9310 6696 9306 6694 9308 6697 9311 6698 9310 6690 9038 6692 9305 6699 9312 6697 9311 6693 9307 6696 9306 6699 9312 6703 9313 6704 9314 6700 9042 6703 9313 6708 9315 6705 9316 6706 9317 6707 9318 6701 9256 6710 9319 6708 9315 6706 9317 6709 9320 6710 9319 6702 8969 6704 9314 6711 9321 6709 9320 6705 9316 6708 9315 6711 9321 6715 9322 6716 9323 6712 8972 6715 9322 6720 9324 6717 9325 6718 9326 6719 9327 6713 8967 6718 9326 6723 9328 6720 9324 6721 9329 6722 9330 6714 9331 6716 9323 6723 9328 6721 9329 6717 9325 6720 9324 6723 9328 6628 8981 6655 9277 6652 9002 6632 9259 6659 9282 6655 9277 6637 9265 6653 8974 6659 9282 6640 9269 6634 9262 6629 9253 6644 9268 6638 9264 6634 9262 6649 9275 6630 8975 6638 9264 6664 8970 6646 9272 6641 8995 6668 9287 6650 9276 6646 9272 6673 9293 6642 8973 6650 9276 6654 9257 6670 9290 6665 9255 6662 9285 6674 9292 6670 9290 6658 9281 6666 9018 6674 9292 6652 9002 6703 9313 6700 9042 6656 9278 6707 9318 6703 9313 6661 9284 6701 9256 6707 9318 6712 8972 6667 9286 6664 8970 6716 9323 6671 9291 6667 9286 6721 9329 6665 9255 6671 9291 6702 8969 6718 9326 6713 8967 6710 9319 6722 9330 6718 9326 6706 9317 6714 9331 6722 9330 6700 9042 6679 9295 6676 9022 6704 9314 6683 9300 6679 9295 6709 9320 6677 8968 6683 9300 6688 8971 6715 9322 6712 8972 6692 9305 6719 9327 6715 9322 6697 9311 6713 8967 6719 9327 6678 9254 6694 9308 6689 9252 6686 9303 6698 9310 6694 9308 6682 9299 6690 9038 6698 9310 6676 9022 6631 9258 6628 8981 6680 9296 6635 9263 6631 9258 6685 9302 6629 9253 6635 9263 6641 8995 6691 9304 6688 8971 6647 9270 6695 9309 6691 9304 6643 9267 6689 9252 6695 9309 6700 9042 6628 8981 6652 9002 6785 9332 6725 9333 6774 9334 6809 9335 6773 9336 6798 9337 6760 9338 6784 9339 6808 9340 6738 9341 6749 9342 6726 9343 6761 9344 6797 9345 6750 9346 6727 9347 6728 9348 6724 9349 6727 9347 6732 9350 6729 9351 6730 9352 6731 9353 6725 9333 6734 9354 6732 9350 6730 9352 6733 9355 6734 9354 6726 9343 6728 9348 6735 9356 6733 9355 6729 9351 6732 9350 6735 9356 6739 9357 6740 9358 6736 9359 6743 9360 6741 9361 6739 9357 6742 9362 6743 9360 6737 9363 6742 9362 6747 9364 6744 9365 6745 9366 6746 9367 6738 9341 6745 9366 6741 9361 6747 9364 6741 9361 6744 9365 6747 9364 6751 9368 6752 9369 6748 9370 6751 9368 6756 9371 6753 9372 6754 9373 6755 9374 6749 9342 6754 9373 6759 9375 6756 9371 6757 9376 6758 9377 6750 9346 6752 9369 6759 9375 6757 9376 6753 9372 6756 9371 6759 9375 6763 9378 6764 9379 6760 9338 6763 9378 6768 9380 6765 9381 6766 9382 6767 9383 6761 9344 6770 9384 6768 9380 6766 9382 6769 9385 6770 9384 6762 9386 6764 9379 6771 9387 6769 9385 6765 9381 6768 9380 6771 9387 6775 9388 6776 9389 6772 9390 6775 9388 6780 9391 6777 9392 6778 9393 6779 9394 6773 9336 6778 9393 6783 9395 6780 9391 6781 9396 6782 9397 6774 9334 6776 9389 6783 9395 6781 9396 6777 9392 6780 9391 6783 9395 6787 9398 6788 9399 6784 9339 6787 9398 6792 9400 6789 9401 6790 9402 6791 9403 6785 9332 6794 9404 6792 9400 6790 9402 6793 9405 6794 9404 6786 9406 6788 9399 6795 9407 6793 9405 6789 9401 6792 9400 6795 9407 6799 9408 6800 9409 6796 9410 6799 9408 6804 9411 6801 9412 6802 9413 6803 9414 6797 9345 6806 9415 6804 9411 6802 9413 6805 9416 6806 9415 6798 9337 6800 9409 6807 9417 6805 9416 6801 9412 6804 9411 6807 9417 6811 9418 6812 9419 6808 9340 6811 9418 6816 9420 6813 9421 6814 9422 6815 9423 6809 9335 6814 9422 6819 9424 6816 9420 6817 9425 6818 9426 6810 9427 6812 9419 6819 9424 6817 9425 6813 9421 6816 9420 6819 9424 6724 9349 6751 9368 6748 9370 6728 9348 6755 9374 6751 9368 6733 9355 6749 9342 6755 9374 6736 9359 6730 9352 6725 9333 6740 9358 6734 9354 6730 9352 6745 9366 6726 9343 6734 9354 6760 9338 6742 9362 6737 9363 6764 9379 6746 9367 6742 9362 6769 9385 6738 9341 6746 9367 6750 9346 6766 9382 6761 9344 6758 9377 6770 9384 6766 9382 6754 9373 6762 9386 6770 9384 6748 9370 6799 9408 6796 9410 6752 9369 6803 9414 6799 9408 6757 9376 6797 9345 6803 9414 6808 9340 6763 9378 6760 9338 6812 9419 6767 9383 6763 9378 6817 9425 6761 9344 6767 9383 6798 9337 6814 9422 6809 9335 6806 9415 6818 9426 6814 9422 6802 9413 6810 9427 6818 9426 6796 9410 6775 9388 6772 9390 6800 9409 6779 9394 6775 9388 6805 9416 6773 9336 6779 9394 6784 9339 6811 9418 6808 9340 6788 9399 6815 9423 6811 9418 6793 9405 6809 9335 6815 9423 6774 9334 6790 9402 6785 9332 6782 9397 6794 9404 6790 9402 6778 9393 6786 9406 6794 9404 6772 9390 6727 9347 6724 9349 6776 9389 6731 9353 6727 9347 6781 9396 6725 9333 6731 9353 6737 9363 6787 9398 6784 9339 6743 9360 6791 9403 6787 9398 6739 9357 6785 9332 6791 9403 6796 9410 6724 9349 6748 9370 6997 1358 6998 1358 6996 1358 6999 3479 7002 3479 6998 3479 7003 1377 7000 1377 7002 1377 7001 3485 6996 3485 7000 3485 7002 1647 6996 1647 6998 1647 6999 1324 7001 1324 7003 1324 7004 9670 7011 9671 7010 9672 7006 9673 7011 9674 7005 9675 7007 9676 7012 9677 7006 9678 7007 9679 7014 9680 7013 9681 7009 9682 7014 9683 7008 9684 7004 9685 7015 9686 7009 9687 7011 9671 7016 9688 7010 9672 7012 9689 7017 9690 7011 9674 7013 9691 7018 9692 7012 9677 7013 9681 7020 9693 7019 9694 7015 9695 7020 9696 7014 9683 7010 9697 7021 9698 7015 9686 7017 9699 7022 9700 7016 9688 7018 9701 7023 9702 7017 9690 7018 9692 7025 9703 7024 9704 7020 9693 7025 9705 7019 9694 7021 9706 7026 9707 7020 9696 7021 9698 7022 9708 7027 9709 7022 9700 7029 9710 7028 9711 7024 9712 7029 9713 7023 9702 7025 9703 7030 9714 7024 9704 7025 9705 7032 9715 7031 9716 7027 9717 7032 9718 7026 9707 7022 9708 7033 9719 7027 9709 7029 9710 7034 9720 7028 9711 7030 9721 7035 9722 7029 9713 7031 9723 7036 9724 7030 9714 7032 9715 7037 9725 7031 9716 7033 9726 7038 9727 7032 9718 7033 9719 7034 9728 7039 9729 7035 9730 7040 9731 7034 9720 7036 9732 7041 9733 7035 9722 7036 9724 7043 9734 7042 9735 7038 9736 7043 9737 7037 9725 7039 9738 7044 9739 7038 9727 7039 9729 7040 9740 7045 9741 7040 9731 7047 9742 7046 9743 7042 9744 7047 9745 7041 9733 7043 9734 7048 9746 7042 9735 7043 9737 7050 9747 7049 9748 7045 9749 7050 9750 7044 9739 7040 9740 7051 9751 7045 9741 7047 9742 7052 9752 7046 9743 7048 9753 7053 9754 7047 9745 7049 9755 7054 9756 7048 9746 7049 9748 7056 9757 7055 9758 7051 9759 7056 9760 7050 9750 7046 9761 7057 9762 7051 9751 7053 9763 7058 9764 7052 9752 7054 9765 7059 9766 7053 9754 7054 9756 7061 9767 7060 9768 7056 9757 7061 9769 7055 9758 7057 9770 7062 9771 7056 9760 7057 9762 7058 9772 7063 3520 7058 9764 7065 9773 7064 9774 7060 9775 7065 9776 7059 9766 7061 9767 7066 9777 7060 9768 7061 9769 7068 9778 7067 9779 7063 9780 7068 9781 7062 9771 7058 9772 7069 9782 7063 3520 7065 9773 7070 9783 7064 9774 7066 9784 7071 9785 7065 9776 7067 9786 7072 9787 7066 9777 7068 9778 7073 9788 7067 9779 7069 9789 7074 9790 7068 9781 7069 9782 7070 9791 7075 9792 7071 9793 7004 9670 7070 9783 7072 9794 7005 9675 7071 9785 7072 9787 7007 9676 7006 9678 7074 9795 7007 9679 7073 9788 7075 9796 7008 9684 7074 9790 7075 9792 7004 9685 7009 9687 7101 1358 7102 1358 7100 1358 7103 3479 7106 3479 7102 3479 7107 1377 7104 1377 7106 1377 7105 3485 7100 3485 7104 3485 7106 1647 7100 1647 7102 1647 7103 1324 7105 1324 7107 1324 7108 9850 7115 9851 7114 9852 7110 9673 7115 9674 7109 9675 7111 9853 7116 9854 7110 9855 7111 9856 7118 9857 7117 9858 7113 9859 7118 9860 7112 9861 7108 9862 7119 9863 7113 9864 7115 9851 7120 9865 7114 9852 7116 9689 7121 9690 7115 9674 7117 9866 7122 9867 7116 9854 7117 9858 7124 9693 7123 9694 7119 9868 7124 9869 7118 9860 7114 9870 7125 9698 7119 9863 7121 9871 7126 9872 7120 9865 7122 9701 7127 9702 7121 9690 7122 9867 7129 9873 7128 9704 7124 9693 7129 9705 7123 9694 7125 9874 7130 9875 7124 9869 7125 9698 7126 9708 7131 9709 7126 9872 7133 9876 7132 9877 7128 9712 7133 9713 7127 9702 7129 9873 7134 9878 7128 9704 7129 9705 7136 9879 7135 9716 7131 9880 7136 9881 7130 9875 7126 9708 7137 9882 7131 9709 7133 9876 7138 9883 7132 9877 7134 9721 7139 9722 7133 9713 7135 9884 7140 9885 7134 9878 7136 9879 7141 9886 7135 9716 7137 9887 7142 9888 7136 9881 7137 9882 7138 9889 7143 9890 7139 9891 7144 9892 7138 9883 7140 9732 7145 9733 7139 9722 7140 9885 7147 9893 7146 9894 7142 9895 7147 9896 7141 9886 7143 9897 7148 9898 7142 9888 7143 9890 7144 9899 7149 9900 7144 9892 7151 9901 7150 9902 7146 9744 7151 9745 7145 9733 7147 9893 7152 9903 7146 9894 7147 9896 7154 9904 7153 9905 7149 9906 7154 9907 7148 9898 7144 9899 7155 9908 7149 9900 7151 9901 7156 9909 7150 9902 7152 9753 7157 9754 7151 9745 7153 9910 7158 9911 7152 9903 7153 9905 7160 9757 7159 9758 7155 9912 7160 9913 7154 9907 7150 9914 7161 9762 7155 9908 7157 9915 7162 9916 7156 9909 7158 9765 7163 9766 7157 9754 7158 9911 7165 9917 7164 9768 7160 9757 7165 9769 7159 9758 7161 9918 7166 9919 7160 9913 7161 9762 7162 9772 7167 3520 7162 9916 7169 9920 7168 9921 7164 9775 7169 9776 7163 9766 7165 9917 7170 9922 7164 9768 7165 9769 7172 9923 7171 9779 7167 9924 7172 9925 7166 9919 7162 9772 7173 9926 7167 3520 7169 9920 7174 9927 7168 9921 7170 9784 7175 9785 7169 9776 7171 9928 7176 9929 7170 9922 7172 9923 7177 9930 7171 9779 7173 9931 7178 9932 7172 9925 7173 9926 7174 9933 7179 9934 7175 9935 7108 9850 7174 9927 7176 9794 7109 9675 7175 9785 7176 9929 7111 9853 7110 9855 7178 9936 7111 9856 7177 9930 7179 9937 7112 9861 7178 9932 7179 9934 7108 9862 7113 9864 7285 1358 7286 1358 7284 1358 7287 3479 7290 3479 7286 3479 7291 1377 7288 1377 7290 1377 7289 3485 7284 3485 7288 3485 7290 1647 7284 1647 7286 1647 7287 1324 7289 1324 7291 1324 7292 10139 7299 10140 7298 10141 7294 10142 7299 10143 7293 10144 7295 10145 7300 10146 7294 10147 7295 10148 7302 10149 7301 10150 7297 10151 7302 10152 7296 10153 7292 10154 7303 10155 7297 10156 7298 10141 7305 10157 7304 10158 7300 10159 7305 10160 7299 10143 7301 10161 7306 10162 7300 10146 7301 10150 7308 10163 7307 10164 7303 10165 7308 10166 7302 10152 7298 10167 7309 10168 7303 10155 7305 10157 7310 10169 7304 10158 7306 9701 7311 10170 7305 10160 7306 10162 7313 10171 7312 10172 7307 10164 7314 10173 7313 10174 7309 10175 7314 10176 7308 10166 7304 10177 7315 10178 7309 10168 7310 10169 7317 10179 7316 10180 7312 10181 7317 10182 7311 10170 7313 10171 7318 10183 7312 10172 7314 10173 7319 10184 7313 10174 7315 10185 7320 10186 7314 10176 7315 10178 7316 10187 7321 10188 7317 10179 7322 10189 7316 10180 7318 10190 7323 10191 7317 10182 7318 10183 7325 10192 7324 10193 7320 10194 7325 10195 7319 10184 7321 10196 7326 10197 7320 10186 7321 10188 7322 10198 7327 10199 7323 10200 7328 10201 7322 10189 7324 10202 7329 10203 7323 10191 7324 10193 7331 10204 7330 10205 7326 10206 7331 10207 7325 10195 7327 10208 7332 10209 7326 10197 7327 10199 7328 10210 7333 10211 7328 10201 7335 10212 7334 10213 7330 10214 7335 10215 7329 10203 7331 10204 7336 10216 7330 10205 7331 10207 7338 10217 7337 10218 7333 10219 7338 10220 7332 10209 7328 10210 7339 10221 7333 10211 7334 10213 7341 10222 7340 10223 7336 10224 7341 10225 7335 10215 7337 10226 7342 10227 7336 10216 7337 10218 7344 10228 7343 10229 7339 10230 7344 10231 7338 10220 7334 10232 7345 10233 7339 10221 7341 10222 7346 10234 7340 10223 7342 10235 7347 10236 7341 10225 7342 10227 7349 10237 7348 10238 7343 10229 7350 10239 7349 10240 7345 10241 7350 10242 7344 10231 7340 10243 7351 10244 7345 10233 7346 10234 7353 10245 7352 10246 7348 10247 7353 10248 7347 10236 7349 10237 7354 10249 7348 10238 7350 10239 7355 10250 7349 10240 7351 10251 7356 10252 7350 10242 7351 10244 7352 10253 7357 10254 7353 10245 7358 10255 7352 10246 7354 10256 7359 10257 7353 10248 7354 10249 7361 10258 7360 10259 7356 10260 7361 10261 7355 10250 7357 10262 7362 10263 7356 10252 7357 10254 7358 10264 7363 10265 7359 10266 7292 10139 7358 10255 7360 10267 7293 10144 7359 10257 7360 10259 7295 10145 7294 10147 7362 10268 7295 10148 7361 10261 7363 10269 7296 10153 7362 10263 7363 10265 7292 10154 7297 10156 7389 1358 7390 1358 7388 1358 7391 3479 7394 3479 7390 3479 7395 1377 7392 1377 7394 1377 7393 3485 7388 3485 7392 3485 7394 1647 7388 1647 7390 1647 7391 1324 7393 1324 7395 1324 7396 10139 7403 10140 7402 10324 7398 10142 7403 10325 7397 10144 7399 10145 7404 10146 7398 10147 7399 10326 7406 10327 7405 10328 7401 10151 7406 10329 7400 10153 7396 10330 7407 10331 7401 10332 7402 10324 7409 10333 7408 10334 7404 10335 7409 10336 7403 10325 7405 10161 7410 10162 7404 10146 7405 10328 7412 10337 7411 10338 7407 10339 7412 10340 7406 10329 7402 10341 7413 10168 7407 10331 7409 10333 7414 10169 7408 10334 7410 10342 7415 10170 7409 10336 7410 10162 7417 10171 7416 10172 7411 10338 7418 10173 7417 10174 7413 10343 7418 10176 7412 10340 7408 10177 7419 10178 7413 10168 7414 10169 7421 10344 7420 10180 7416 10181 7421 9713 7415 10170 7417 10171 7422 10345 7416 10172 7418 10173 7423 10184 7417 10174 7419 10185 7424 10346 7418 10176 7419 10178 7420 10347 7425 10348 7421 10344 7426 10349 7420 10180 7422 10350 7427 10351 7421 9713 7422 10345 7429 10352 7428 10353 7424 10354 7429 10355 7423 10184 7425 10356 7430 10357 7424 10346 7425 10348 7426 10358 7431 10359 7427 10360 7432 10201 7426 10349 7428 10361 7433 10203 7427 10351 7428 10353 7435 10204 7434 10205 7430 10362 7435 10363 7429 10355 7431 10364 7436 10209 7430 10357 7431 10359 7432 10365 7437 10366 7432 10201 7439 10212 7438 10213 7434 10214 7439 10367 7433 10203 7435 10204 7440 10216 7434 10205 7435 10363 7442 10368 7441 10369 7437 10219 7442 10370 7436 10209 7432 10365 7443 10371 7437 10366 7438 10213 7445 10222 7444 10223 7440 10372 7445 10373 7439 10367 7441 10374 7446 10375 7440 10216 7441 10369 7448 10228 7447 10229 7443 10376 7448 10377 7442 10370 7438 10378 7449 10379 7443 10371 7445 10222 7450 10234 7444 10223 7446 10380 7451 10236 7445 10373 7446 10375 7453 10237 7452 10238 7447 10229 7454 10239 7453 10240 7449 10381 7454 10242 7448 10377 7444 10382 7455 10244 7449 10379 7450 10234 7457 10383 7456 10384 7452 10247 7457 10385 7451 10236 7453 10237 7458 10386 7452 10238 7454 10239 7459 10387 7453 10240 7455 10251 7460 10388 7454 10242 7455 10244 7456 10253 7461 10389 7457 10383 7462 10390 7456 10384 7458 10391 7463 10392 7457 10385 7458 10386 7465 10393 7464 10394 7460 10395 7465 10396 7459 10387 7461 10397 7466 10398 7460 10388 7461 10389 7462 10399 7467 10400 7463 10401 7396 10139 7462 10390 7464 10402 7397 10144 7463 10392 7464 10394 7399 10145 7398 10147 7466 10403 7399 10326 7465 10396 7467 10404 7400 10153 7466 10398 7467 10400 7396 10330 7401 10332 168 206 169 970 177 207 169 209 170 971 178 210 171 212 179 232 178 213 172 215 180 234 179 216 173 218 181 236 180 219 174 221 182 238 181 222 174 224 175 974 183 225 175 227 168 975 176 228 177 207 185 230 184 230 178 210 186 231 185 231 179 232 187 244 186 233 180 234 188 246 187 235 181 236 189 248 188 237 182 238 190 250 189 239 183 225 191 240 190 240 176 228 184 241 191 241 185 230 193 254 192 242 186 231 194 256 193 243 187 244 195 10540 194 245 188 246 196 234 195 247 189 248 197 10541 196 249 190 250 198 10542 197 251 191 240 199 266 198 252 184 241 192 268 199 253 193 254 201 270 200 255 194 256 202 272 201 257 194 245 195 10540 203 258 195 247 196 234 204 260 196 249 197 10541 205 262 197 251 198 10542 206 264 199 266 207 282 206 267 192 268 200 284 207 269 201 270 209 10543 208 271 202 272 210 288 209 273 202 259 203 258 211 274 203 261 204 260 212 276 204 263 205 262 213 278 205 265 206 264 214 280 207 282 215 296 214 283 200 284 208 10544 215 285 208 271 209 10543 217 286 210 288 218 302 217 289 210 275 211 274 219 290 212 276 220 306 219 292 213 278 221 308 220 293 213 281 214 280 222 294 215 296 223 312 222 297 215 285 208 10544 216 298 216 287 217 286 225 300 218 302 226 318 225 303 218 291 219 290 227 304 220 306 228 322 227 307 221 308 229 324 228 309 221 295 222 294 230 310 223 312 231 328 230 313 223 299 216 298 224 314 224 301 225 300 233 316 226 318 234 334 233 319 226 305 227 304 235 320 228 322 236 338 235 323 229 324 237 340 236 325 229 311 230 310 238 326 231 328 239 344 238 329 231 315 224 314 232 330 232 317 233 316 241 332 234 334 242 350 241 335 234 321 235 320 243 336 236 338 244 354 243 339 237 340 245 10545 244 341 237 327 238 326 246 342 239 344 247 10546 246 345 239 331 232 330 240 346 240 333 241 332 249 348 242 350 250 10547 249 351 242 337 243 336 251 352 244 354 252 10548 251 355 244 341 245 10545 253 356 246 342 254 370 253 358 246 345 247 10546 255 359 240 346 248 374 255 361 249 348 257 10549 256 362 249 351 250 10547 258 363 251 352 259 380 258 365 251 355 252 10548 260 366 252 357 253 356 261 368 254 370 262 384 261 371 254 360 255 359 263 372 248 374 256 10550 263 375 256 362 257 10549 265 376 257 364 258 363 266 378 259 380 267 394 266 381 260 366 268 396 267 382 261 368 269 398 268 383 262 384 270 400 269 385 262 373 263 372 271 386 263 375 256 10550 264 388 264 377 265 376 273 390 265 379 266 378 274 392 267 394 275 408 274 395 268 396 276 410 275 397 269 398 277 412 276 399 270 400 278 414 277 401 270 387 271 386 279 402 271 389 264 388 272 404 273 390 281 418 280 406 274 392 282 420 281 407 275 408 283 422 282 409 276 410 284 424 283 411 277 412 285 426 284 413 278 414 286 428 285 415 279 402 287 430 286 416 272 404 280 432 287 417 281 418 289 434 288 419 282 420 290 436 289 421 283 422 291 438 290 423 284 424 292 440 291 425 285 426 293 441 292 427 286 428 294 443 293 429 287 430 295 444 294 431 280 432 288 446 295 433 289 434 297 435 296 435 290 436 298 437 297 437 291 438 299 439 298 439 292 440 300 410 299 410 293 441 301 452 300 442 294 443 302 454 301 415 295 444 303 444 302 445 288 446 296 456 303 447 297 435 305 406 304 448 298 437 306 457 305 449 299 439 307 459 306 450 300 410 308 440 307 451 301 452 309 453 308 453 302 454 310 462 309 415 303 444 311 444 310 455 296 456 304 417 311 417 305 406 313 406 312 406 306 457 314 466 313 458 307 459 315 468 314 460 308 440 316 440 315 440 309 453 317 471 316 461 310 462 318 473 317 463 311 444 319 475 318 464 304 417 312 477 319 465 313 406 321 479 320 435 314 466 322 481 321 467 315 468 323 10551 322 469 316 440 324 10552 323 470 317 471 325 10553 324 472 318 473 326 10554 325 474 319 475 327 491 326 476 312 477 320 493 327 478 321 479 329 495 328 480 322 481 330 497 329 482 322 469 323 10551 331 483 323 470 324 10552 332 485 324 472 325 10553 333 487 325 474 326 10554 334 489 327 491 335 507 334 492 320 493 328 509 335 494 329 495 337 10555 336 496 330 497 338 513 337 498 330 484 331 483 339 499 331 486 332 485 340 501 332 488 333 487 341 503 333 490 334 489 342 505 335 507 343 521 342 508 328 509 336 10556 343 510 336 496 337 10555 345 511 338 513 346 10557 345 514 338 500 339 499 347 515 340 501 348 10558 347 517 341 503 349 531 348 518 341 506 342 505 350 519 343 521 351 535 350 522 343 510 336 10556 344 523 345 511 353 539 352 525 345 514 346 10557 354 526 347 515 355 543 354 528 347 517 348 10558 356 529 349 531 357 10559 356 532 349 520 350 519 358 533 351 535 359 10560 358 536 351 524 344 523 352 537 353 539 361 553 360 540 353 527 354 526 362 541 355 543 363 557 362 544 355 530 356 529 364 545 356 532 357 10559 365 547 358 533 366 563 365 549 358 536 359 10560 367 550 352 537 360 567 367 552 361 553 369 569 368 554 361 542 362 541 370 555 363 557 371 573 370 558 363 546 364 545 372 559 364 548 365 547 373 561 366 563 374 579 373 564 366 551 367 550 375 565 360 567 368 583 375 568 369 569 377 10561 376 570 369 556 370 555 378 571 371 573 379 589 378 574 371 560 372 559 380 575 372 562 373 561 381 577 374 579 382 593 381 580 374 566 375 565 383 581 368 583 376 10562 383 584 376 570 377 10561 385 585 377 572 378 571 386 587 379 589 387 603 386 590 380 575 388 605 387 591 381 577 389 607 388 592 382 593 390 609 389 594 382 582 383 581 391 595 383 584 376 10562 384 597 384 586 385 585 393 599 385 588 386 587 394 601 387 603 395 619 394 604 388 605 396 621 395 606 389 607 397 623 396 608 390 609 398 625 397 610 390 596 391 595 399 611 391 598 384 597 392 613 392 600 393 599 401 615 393 602 394 601 402 617 395 619 403 631 402 620 396 621 404 632 403 622 397 623 405 633 404 624 398 625 406 634 405 626 398 612 399 611 407 627 399 614 392 613 400 629 401 615 409 241 408 241 402 617 410 240 409 240 403 631 411 239 410 250 404 632 412 237 411 248 405 633 413 235 412 246 406 634 414 233 413 244 407 627 415 231 414 231 400 629 408 230 415 230 409 241 417 643 416 635 410 240 418 645 417 636 411 239 419 10563 418 637 412 237 420 632 419 638 413 235 421 10564 420 639 414 233 422 10565 421 640 415 231 423 655 422 641 408 230 416 657 423 642 417 643 425 659 424 644 418 645 426 661 425 646 418 637 419 10563 427 647 419 638 420 632 428 649 420 639 421 10564 429 651 421 640 422 10565 430 653 423 655 431 671 430 656 416 657 424 673 431 658 425 659 433 675 432 660 426 661 434 677 433 662 426 648 427 647 435 663 427 650 428 649 436 665 428 652 429 651 437 667 429 654 430 653 438 669 431 671 439 687 438 672 424 673 432 689 439 674 433 675 441 10566 440 676 434 677 442 693 441 678 434 664 435 663 443 679 435 666 436 665 444 681 436 668 437 667 445 683 437 670 438 669 446 685 439 687 447 701 446 688 432 689 440 10567 447 690 440 676 441 10566 449 691 442 693 450 707 449 694 442 680 443 679 451 695 444 681 452 711 451 697 445 683 453 713 452 698 445 686 446 685 454 699 447 701 455 717 454 702 447 690 440 10567 448 703 448 692 449 691 457 705 450 707 458 723 457 708 450 696 451 695 459 709 452 711 460 727 459 712 453 713 461 729 460 714 453 700 454 699 462 715 455 717 463 733 462 718 455 704 448 703 456 719 456 706 457 705 465 721 458 723 466 739 465 724 458 710 459 709 467 725 460 727 468 743 467 728 461 729 469 10568 468 730 461 716 462 715 470 731 463 733 471 10569 470 734 463 720 456 719 464 735 464 722 465 721 473 737 466 739 474 10570 473 740 466 726 467 725 475 741 468 743 476 10571 475 744 468 730 469 10568 477 745 470 731 478 759 477 747 470 734 471 10569 479 748 464 735 472 763 479 750 473 737 481 10572 480 751 473 740 474 10570 482 752 475 741 483 769 482 754 475 744 476 10571 484 755 476 746 477 745 485 757 478 759 486 773 485 760 478 749 479 748 487 761 472 763 480 10573 487 764 480 751 481 10572 489 765 481 753 482 752 490 767 483 769 491 783 490 770 484 755 492 785 491 771 485 757 493 787 492 772 486 773 494 789 493 774 486 762 487 761 495 775 487 764 480 10573 488 777 488 766 489 765 497 779 489 768 490 767 498 781 491 783 499 796 498 784 492 785 500 797 499 786 493 787 501 799 500 788 494 789 502 801 501 790 494 776 495 775 503 791 495 778 488 777 496 793 497 779 505 795 504 795 498 781 506 464 505 475 499 796 507 463 506 473 500 797 508 798 507 798 501 799 509 411 508 800 502 801 510 460 509 468 503 791 511 458 510 466 496 793 504 804 511 434 505 795 513 806 512 795 506 464 514 808 513 444 507 463 515 810 514 802 508 798 516 812 515 798 509 411 517 425 516 425 510 460 518 814 517 459 511 458 519 815 518 803 504 804 512 805 519 805 513 806 521 807 520 807 514 808 522 809 521 809 515 810 523 811 522 811 516 812 524 797 523 797 517 425 525 820 524 813 518 814 526 822 525 459 519 815 527 815 526 816 512 805 520 823 527 817 521 807 529 417 528 795 522 809 530 825 529 818 523 811 531 827 530 819 524 797 532 828 531 471 525 820 533 829 532 821 526 822 534 831 533 459 527 815 535 833 534 420 520 823 528 835 535 418 529 417 537 465 536 824 530 825 538 837 537 826 531 827 539 839 538 443 532 828 540 798 539 441 533 829 541 425 540 830 534 831 542 843 541 832 535 833 543 815 542 834 528 835 536 846 543 836 537 465 545 848 544 807 538 837 546 850 545 838 539 839 547 10574 546 840 540 798 548 10575 547 841 541 425 549 10576 548 842 542 843 550 10577 549 844 543 815 551 860 550 845 536 846 544 862 551 847 545 848 553 864 552 849 546 850 554 866 553 851 546 840 547 10574 555 852 547 841 548 10575 556 854 548 842 549 10576 557 856 549 844 550 10577 558 858 551 860 559 876 558 861 544 862 552 878 559 863 553 864 561 10578 560 865 554 866 562 882 561 867 554 853 555 852 563 868 555 855 556 854 564 870 556 857 557 856 565 872 557 859 558 858 566 874 559 876 567 890 566 877 552 878 560 10579 567 879 560 865 561 10578 569 880 562 882 570 10580 569 883 562 869 563 868 571 884 564 870 572 10581 571 886 565 872 573 900 572 887 565 875 566 874 574 888 567 890 575 904 574 891 567 879 560 10579 568 892 569 880 577 908 576 894 569 883 570 10580 578 895 571 884 579 912 578 897 571 886 572 10581 580 898 573 900 581 10582 580 901 573 889 574 888 582 902 575 904 583 10583 582 905 575 893 568 892 576 906 577 908 585 922 584 909 577 896 578 895 586 910 579 912 587 926 586 913 579 899 580 898 588 914 580 901 581 10582 589 916 582 902 590 932 589 918 582 905 583 10583 591 919 576 906 584 936 591 921 585 922 593 938 592 923 585 911 586 910 594 924 587 926 595 942 594 927 587 915 588 914 596 928 588 917 589 916 597 930 590 932 598 948 597 933 590 920 591 919 599 934 584 936 592 952 599 937 593 938 601 954 600 939 593 925 594 924 602 940 595 942 603 958 602 943 595 929 596 928 604 944 596 931 597 930 605 946 598 948 606 964 605 949 598 935 599 934 607 950 592 952 600 968 607 953 601 954 609 10584 608 955 601 941 602 940 610 956 603 958 611 972 610 959 603 945 604 944 612 960 604 947 605 946 613 962 606 964 614 973 613 965 606 951 607 950 615 966 600 968 608 10585 615 969 608 955 609 10584 169 970 609 957 610 956 170 971 611 972 171 212 170 214 612 960 172 215 171 217 613 962 173 218 172 220 614 973 174 221 173 223 614 967 615 966 175 974 615 969 608 10585 168 975 677 976 628 1003 617 977 701 979 678 1050 665 980 652 982 629 1007 676 983 630 985 654 1030 641 986 653 988 702 1071 689 989 619 991 621 995 620 992 619 991 623 997 624 994 622 996 624 994 623 997 626 998 627 1000 624 994 625 999 627 1000 626 998 625 999 620 992 621 995 631 1001 633 1005 632 1002 635 1004 636 1009 633 1005 634 1006 636 1009 635 1004 638 1008 639 1011 636 1009 637 1010 639 1011 638 1008 637 1010 632 1002 633 1005 643 1012 645 1016 644 1013 647 1015 648 1019 645 1016 646 1017 648 1019 647 1015 646 1017 650 1021 651 1018 649 1020 651 1018 650 1021 644 1013 645 1016 651 1018 655 1022 657 1025 656 1023 655 1022 659 1027 660 1024 658 1026 660 1024 659 1027 662 1028 663 1031 660 1024 661 1029 663 1031 662 1028 661 1029 656 1023 657 1025 667 1032 669 1036 668 1033 671 1035 672 1039 669 1036 670 1037 672 1039 671 1035 670 1037 674 1041 675 1038 673 1040 675 1038 674 1041 668 1033 669 1036 675 1038 679 1042 681 1045 680 1043 679 1042 683 1047 684 1044 682 1046 684 1044 683 1047 686 1048 687 1051 684 1044 685 1049 687 1051 686 1048 685 1049 680 1043 681 1045 691 1052 693 1056 692 1053 691 1052 695 1058 696 1055 694 1057 696 1055 695 1058 698 1059 699 1061 696 1055 697 1060 699 1061 698 1059 697 1060 692 1053 693 1056 703 1062 705 1065 704 1063 707 1064 708 1068 705 1065 706 1066 708 1068 707 1064 706 1066 710 1070 711 1067 709 1069 711 1067 710 1070 704 1063 705 1065 711 1067 616 993 620 992 643 1012 620 992 625 999 647 1015 625 999 618 987 641 986 628 1003 632 1002 622 996 632 1002 637 1010 626 998 637 1010 630 985 618 987 652 982 656 1023 634 1006 656 1023 661 1029 638 1008 661 1029 654 1030 630 985 642 990 650 1021 658 1026 650 1021 646 1017 662 1028 646 1017 641 986 654 1030 640 1014 644 1013 691 1052 644 1013 649 1020 695 1058 649 1020 642 990 689 989 700 984 704 1063 655 1022 704 1063 709 1069 659 1027 709 1069 702 1071 653 988 690 981 698 1059 706 1066 698 1059 694 1057 710 1070 694 1057 689 989 702 1071 688 1054 692 1053 667 1032 692 1053 697 1060 671 1035 697 1060 690 981 665 980 676 983 680 1043 703 1062 680 1043 685 1049 707 1064 685 1049 678 1050 701 979 666 978 674 1041 682 1046 674 1041 670 1037 686 1048 670 1037 665 980 678 1050 664 1034 668 1033 619 991 668 1033 673 1040 623 997 673 1040 666 978 617 977 629 1007 635 1004 679 1042 635 1004 631 1001 683 1047 631 1001 628 1003 677 976 688 1054 664 1034 616 993 712 1072 713 10586 719 1073 713 1075 714 10587 720 1076 714 1078 715 10588 721 1079 716 1081 722 10589 721 1082 717 1084 723 1096 722 1085 712 1087 718 10590 723 1088 719 1073 725 10591 724 1090 719 1077 720 1076 726 1091 721 1079 727 1104 726 1093 721 1082 722 10589 728 1094 723 1096 729 1108 728 1097 723 1088 718 10590 724 1098 724 1090 725 10591 731 1100 725 1092 726 1091 732 1102 727 1104 733 1114 732 1105 727 1095 728 1094 734 1106 729 1108 735 10592 734 1109 724 1098 730 1120 735 1110 730 1101 731 1100 737 1111 732 1102 738 10593 737 1113 733 1114 739 10594 738 1115 733 1107 734 1106 740 1116 734 1109 735 10592 741 1118 730 1120 736 10595 741 1121 737 1111 743 1131 742 1122 737 1113 738 10593 744 1123 738 1115 739 10594 745 1125 740 1116 746 1136 745 1127 741 1118 747 10596 746 1128 741 1121 736 10595 742 1129 743 1131 749 10597 748 1132 744 1123 750 1144 749 1133 744 1126 745 1125 751 1134 746 1136 752 1148 751 1137 746 1128 747 10596 753 1138 747 1130 742 1129 748 1140 748 1132 749 10597 755 1142 750 1144 756 1154 755 1145 750 1135 751 1134 757 1146 752 1148 758 10598 757 1149 752 1139 753 1138 759 1150 748 1140 754 10599 759 1152 755 1142 761 10600 760 1153 756 1154 762 10601 761 1155 757 1146 763 10602 762 1156 757 1149 758 10598 764 1157 758 1151 759 1150 765 1159 759 1152 754 10599 760 1161 760 1153 761 10600 767 1163 761 1155 762 10601 768 1165 762 1156 763 10602 769 1167 764 1157 770 10603 769 1169 765 1159 771 1178 770 1170 760 1161 766 10604 771 1171 767 1163 773 10605 772 1172 767 1166 768 1165 774 1173 769 1167 775 1186 774 1175 769 1169 770 10603 776 1176 771 1178 777 1190 776 1179 771 1171 766 10604 772 1180 772 1172 773 10605 779 1182 773 1174 774 1173 780 1184 775 1186 781 1196 780 1187 775 1177 776 1176 782 1188 777 1190 783 10606 782 1191 772 1180 778 1202 783 1192 778 1183 779 1182 785 1193 780 1184 786 10607 785 1195 781 1196 787 10608 786 1197 781 1189 782 1188 788 1198 782 1191 783 10606 789 1200 778 1202 784 10609 789 1203 785 1193 791 1213 790 1204 785 1195 786 10607 792 1205 786 1197 787 10608 793 1207 788 1198 794 1218 793 1209 789 1200 795 10610 794 1210 789 1203 784 10609 790 1211 791 1213 797 10611 796 1214 792 1205 798 1226 797 1215 792 1208 793 1207 799 1216 794 1218 800 1230 799 1219 794 1210 795 10610 801 1220 795 1212 790 1211 796 1222 796 1214 797 10611 803 1224 798 1226 804 1235 803 1227 798 1217 799 1216 805 1228 800 1230 806 10612 805 1231 800 1221 801 1220 807 1232 796 1222 802 10613 807 1234 803 1224 713 10586 712 1072 804 1235 714 10587 713 1075 805 1228 715 10588 714 1078 805 1231 806 10612 716 1081 806 1233 807 1232 717 1084 807 1234 802 10613 712 1087 924 1361 928 1358 929 1362 929 1364 930 1375 926 1365 926 1367 930 1377 931 1368 931 1370 928 1379 924 1371 928 1358 932 1381 933 1373 933 1374 934 1383 930 1375 934 1376 935 1385 931 1368 935 1378 932 1387 928 1379 936 1380 937 1388 933 1373 937 1382 938 1390 934 1383 934 1376 938 1392 939 1384 939 1386 936 1394 932 1387 936 1380 940 1358 941 1358 941 1389 942 1397 938 1390 942 1391 943 1377 939 1384 943 1393 940 1400 936 1394 944 1395 945 1388 941 1358 945 1396 946 1403 942 1397 942 1391 946 1405 947 1398 947 1399 944 1407 940 1400 944 1395 948 1409 949 1401 949 1402 950 1411 946 1403 950 1404 951 1413 947 1398 951 1406 948 1415 944 1407 952 1408 953 1417 949 1401 953 1410 954 1419 950 1411 950 1404 954 1377 955 1412 955 1414 952 1422 948 1415 952 1408 956 1358 957 1416 957 1418 958 1425 954 1419 954 1377 958 1426 959 1420 959 1421 956 1429 952 1422 960 1423 961 1431 957 1416 957 1418 961 1433 962 1424 958 1426 962 1377 963 1427 963 1428 960 1436 956 1429 960 1423 964 1438 965 1430 965 1432 966 1440 962 1424 966 1434 967 1442 963 1427 967 1435 964 1444 960 1436 968 1437 969 1445 965 1430 969 1439 970 1447 966 1440 966 1434 970 1449 971 1441 971 1443 968 1451 964 1444 968 1437 972 1358 973 1358 973 1446 974 1454 970 1447 974 1448 975 1377 971 1441 975 1450 972 1457 968 1451 976 1452 977 1445 973 1358 977 1453 978 1459 974 1454 974 1448 978 1449 979 1455 979 1456 976 1462 972 1457 976 1452 980 1438 981 1430 981 1458 982 1465 978 1459 982 1460 983 1442 979 1455 983 1461 980 1468 976 1462 984 1463 985 1469 981 1430 985 1464 986 1470 982 1465 982 1460 986 1377 987 1466 987 1467 984 1471 980 1468 984 1463 924 1361 925 1363 985 1464 925 1366 926 1365 926 1367 927 1369 987 1466 927 1372 924 1371 984 1471 1024 1505 1025 1518 1021 1506 1025 1508 1026 1520 1022 1509 1022 1511 1026 1377 1027 1512 1027 1514 1024 1523 1020 1515 1024 1505 1028 1525 1029 1517 1029 1519 1030 1527 1026 1520 1030 1521 1031 1529 1027 1512 1031 1522 1028 1531 1024 1523 1032 1524 1033 1532 1029 1517 1033 1526 1034 1534 1030 1527 1030 1521 1034 1536 1035 1528 1035 1530 1032 1538 1028 1531 1032 1524 1036 1358 1037 1358 1037 1533 1038 1541 1034 1534 1038 1535 1039 1377 1035 1528 1039 1537 1036 1544 1032 1538 1040 1539 1041 1532 1037 1358 1041 1540 1042 1356 1038 1541 1038 1535 1042 1536 1043 1542 1043 1543 1040 1548 1036 1544 1040 1539 1044 1525 1045 1517 1045 1545 1046 1551 1042 1356 1046 1546 1047 1529 1043 1542 1047 1547 1044 1554 1040 1548 1048 1549 1049 1556 1045 1517 1049 1550 1050 1558 1046 1551 1046 1546 1050 1377 1051 1552 1051 1553 1048 1561 1044 1554 1048 1549 1052 1358 1053 1555 1053 1557 1054 1564 1050 1558 1054 1559 1055 1565 1051 1552 1055 1560 1052 1567 1048 1561 1056 1562 1057 1569 1053 1555 1053 1557 1057 1571 1058 1563 1058 1377 1059 1573 1055 1565 1059 1566 1056 1575 1052 1567 1056 1562 1060 1577 1061 1568 1061 1570 1062 1579 1058 1563 1062 1572 1063 1581 1059 1573 1063 1574 1060 1583 1056 1575 1064 1576 1065 1584 1061 1568 1065 1578 1066 1586 1062 1579 1062 1572 1066 1588 1067 1580 1067 1582 1064 1590 1060 1583 1064 1576 1068 1358 1069 1358 1069 1585 1070 1593 1066 1586 1070 1587 1071 1377 1067 1580 1071 1589 1068 1596 1064 1590 1072 1591 1073 1584 1069 1358 1073 1592 1074 1599 1070 1593 1070 1587 1074 1601 1075 1594 1075 1595 1072 1603 1068 1596 1072 1591 1076 1604 1077 1597 1077 1598 1078 1606 1074 1599 1078 1600 1079 1608 1075 1594 1079 1602 1076 1610 1072 1603 1080 1358 1081 1611 1077 1597 1081 1605 1082 1612 1078 1606 1078 1600 1082 1377 1083 1607 1083 1609 1080 1613 1076 1610 1020 1507 1021 1506 1081 1611 1081 1605 1021 1510 1022 1509 1022 1511 1023 1513 1083 1607 1023 1516 1020 1515 1080 1613 1085 1614 1087 1617 1086 1615 1087 1617 1089 1619 1088 1618 1089 1619 1091 1621 1090 1620 1091 1621 1093 1623 1092 1622 1093 1623 1095 1625 1094 1624 1095 1625 1097 1627 1096 1626 1097 1627 1099 1629 1098 1628 1099 1629 1101 1631 1100 1630 1101 1631 1103 1633 1102 1632 1103 1633 1105 1635 1104 1634 1105 1635 1107 1637 1106 1636 1107 1637 1109 1639 1108 1638 1109 1639 1111 1641 1110 1640 1111 1641 1113 1644 1112 1642 1089 1324 1087 1324 1085 1324 1085 1324 1115 1324 1113 10693 1113 10693 1111 1324 1109 10694 1109 10694 1107 10695 1113 10693 1107 10695 1105 1324 1113 10693 1105 1324 1103 1324 1101 1324 1101 1324 1099 1324 1097 1643 1097 1643 1095 1324 1093 10696 1093 10696 1091 10697 1097 1643 1091 10697 1089 1324 1097 1643 1089 1324 1085 1324 1113 10693 1105 1324 1101 1324 1097 1643 1089 1324 1113 10693 1105 1324 1113 1644 1115 1646 1114 1645 1115 1646 1085 1614 1084 1616 1114 1647 1084 1647 1090 1647 1084 1647 1086 1647 1090 1647 1086 1647 1088 1647 1090 1647 1090 1647 1092 1647 1094 1647 1094 1647 1096 1647 1090 1647 1096 1647 1098 1647 1090 1647 1098 1647 1100 1647 1106 1647 1100 1647 1102 1647 1106 1647 1102 1647 1104 1647 1106 1647 1106 1647 1108 1647 1110 1647 1110 1647 1112 1647 1106 1647 1112 1647 1114 1647 1106 1647 1114 1647 1090 1647 1106 1647 1117 1648 1119 1651 1118 1649 1119 1651 1121 1653 1120 1652 1121 1653 1123 1618 1122 1654 1123 1618 1125 1656 1124 1655 1125 1656 1127 1658 1126 1657 1127 1658 1129 1660 1128 1659 1129 1660 1131 1662 1130 1661 1131 1662 1133 1664 1132 1663 1133 1664 1135 1666 1134 1665 1135 1666 1137 1668 1136 1667 1137 1668 1139 1670 1138 1669 1139 1670 1141 1672 1140 1671 1141 1672 1143 1674 1142 1673 1143 1674 1145 1676 1144 1675 1145 1676 1147 1678 1146 1677 1147 1678 1149 1680 1148 1679 1149 1680 1151 1682 1150 1681 1151 1682 1153 1684 1152 1683 1153 1684 1155 1686 1154 1685 1155 1686 1157 1688 1156 1687 1157 1688 1159 1690 1158 1689 1159 1690 1161 1695 1160 1691 1121 1693 1119 1324 1117 10698 1117 10698 1163 1324 1161 10699 1161 10699 1159 10700 1153 1694 1159 10700 1157 10701 1153 1694 1157 10701 1155 10702 1153 1694 1153 1694 1151 10703 1149 10704 1149 10704 1147 10705 1153 1694 1147 10705 1145 10706 1153 1694 1145 10706 1143 1324 1141 10707 1141 10707 1139 1324 1137 10708 1137 10708 1135 10709 1129 1692 1135 10709 1133 10710 1129 1692 1133 10710 1131 10711 1129 1692 1129 1692 1127 10712 1125 10713 1125 10713 1123 10714 1129 1692 1123 10714 1121 1693 1129 1692 1121 1693 1117 10698 1153 1694 1117 10698 1161 10699 1153 1694 1145 10706 1141 10707 1153 1694 1141 10707 1137 10708 1153 1694 1137 10708 1129 1692 1153 1694 1161 1695 1163 1697 1162 1696 1163 1697 1117 1648 1116 1650 1162 1647 1116 1647 1122 1698 1116 1647 1118 1647 1122 1698 1118 1647 1120 1647 1122 1698 1122 1698 1124 1647 1126 1647 1126 1647 1128 10715 1122 1698 1128 10715 1130 1699 1122 1698 1130 1699 1132 10716 1134 10717 1134 10717 1136 1647 1138 1647 1138 1647 1140 1647 1146 1700 1140 1647 1142 1647 1146 1700 1142 1647 1144 1647 1146 1700 1146 1700 1148 1647 1150 1647 1150 1647 1152 10718 1146 1700 1152 10718 1154 10719 1146 1700 1154 10719 1156 10720 1158 10721 1158 10721 1160 1647 1162 1647 1130 1699 1134 10717 1146 1700 1134 10717 1138 1647 1146 1700 1154 10719 1158 10721 1146 1700 1158 10721 1162 1647 1146 1700 1162 1647 1122 1698 1146 1700 1165 1701 1167 1704 1166 1702 1167 1704 1169 10722 1168 1705 1168 1705 1169 10722 1171 1706 1171 1706 1173 10723 1172 1708 1172 1708 1173 10723 1175 1709 1175 1709 1177 10724 1176 1711 1176 1711 1177 10724 1179 1712 1179 1712 1181 1715 1180 1714 1181 1715 1183 1717 1182 1716 1183 1717 1185 10725 1184 1718 1184 1718 1185 10725 1187 1719 1187 1719 1189 10726 1188 1721 1188 1721 1189 10726 1191 1722 1191 1722 1193 10727 1192 1724 1169 1727 1167 10728 1165 10729 1165 10729 1195 10730 1193 10731 1193 10731 1191 1324 1189 10696 1189 10696 1187 10697 1193 10731 1187 10697 1185 1725 1193 10731 1185 1725 1183 10732 1181 10733 1181 10733 1179 10734 1177 1726 1177 1726 1175 1324 1173 10694 1173 10694 1171 10695 1177 1726 1171 10695 1169 1727 1177 1726 1169 1727 1165 10729 1193 10731 1185 1725 1181 10733 1177 1726 1169 1727 1193 10731 1185 1725 1192 1724 1193 10727 1195 1728 1195 1728 1165 1701 1164 1703 1194 1732 1164 1647 1166 1647 1166 1647 1168 10735 1194 1732 1168 10735 1170 10736 1194 1732 1170 10736 1172 10737 1178 1730 1172 10737 1174 10738 1178 1730 1174 10738 1176 10739 1178 1730 1178 1730 1180 1647 1182 1647 1182 1647 1184 10740 1178 1730 1184 10740 1186 1731 1178 1730 1186 1731 1188 10741 1194 1732 1188 10741 1190 10742 1194 1732 1190 10742 1192 10743 1194 1732 1194 1732 1170 10736 1178 1730 1357 1893 1359 1896 1358 1894 1359 1896 1361 1898 1360 1897 1361 1898 1363 1900 1362 1899 1363 1900 1365 1902 1364 1901 1365 1902 1367 1904 1366 1903 1367 1904 1369 1906 1368 1905 1369 1906 1371 1908 1370 1907 1371 1908 1373 1910 1372 1909 1373 1910 1375 1912 1374 1911 1375 1912 1377 1917 1376 1913 1361 10744 1359 10745 1357 1914 1357 1914 1379 10746 1377 1915 1377 1915 1375 1324 1373 1324 1373 1324 1371 1324 1377 1915 1371 1324 1369 1916 1377 1915 1369 1916 1367 1324 1361 10744 1367 1324 1365 1324 1361 10744 1365 1324 1363 1324 1361 10744 1361 10744 1357 1914 1369 1916 1377 1917 1379 1919 1378 1918 1379 1919 1357 1893 1356 1895 1378 1922 1356 1647 1362 10747 1356 1647 1358 10748 1362 10747 1358 10748 1360 10749 1362 10747 1362 10747 1364 10750 1366 10751 1366 10751 1368 1647 1370 1920 1370 1920 1372 10752 1374 1921 1374 1921 1376 10750 1378 1922 1362 10747 1366 10751 1378 1922 1366 10751 1370 1920 1378 1922 1557 2178 1565 10757 1564 2179 1558 2181 1566 10758 1565 2182 1559 2184 1567 2206 1566 2185 1559 2187 1560 10759 1568 2188 1561 2190 1569 2209 1568 2191 1561 2193 1562 10760 1570 2194 1563 2196 1571 10761 1570 2197 1556 2199 1564 10762 1571 2200 1564 2179 1565 10757 1573 2202 1565 2182 1566 10758 1574 2204 1567 2206 1575 2219 1574 2207 1568 2188 1576 10763 1575 2208 1569 2209 1577 2223 1576 2210 1570 2194 1578 10764 1577 2211 1570 2197 1571 10761 1579 2212 1571 2200 1564 10762 1572 2214 1573 2202 1581 2229 1580 2216 1573 2205 1574 2204 1582 2217 1575 2219 1583 10765 1582 2220 1575 2208 1576 10763 1584 2221 1577 2223 1585 2236 1584 2224 1577 2211 1578 10764 1586 2225 1579 2212 1587 2240 1586 2227 1572 2214 1580 10766 1587 2228 1581 2229 1589 10767 1588 2230 1582 2217 1590 2246 1589 2231 1582 2220 1583 10765 1591 2232 1583 2222 1584 2221 1592 2234 1585 2236 1593 2250 1592 2237 1585 2226 1586 2225 1594 2238 1587 2240 1595 2254 1594 2241 1587 2228 1580 10766 1588 2242 1588 2230 1589 10767 1597 2244 1590 2246 1598 10768 1597 2247 1591 2232 1599 2262 1598 2248 1592 2234 1600 2264 1599 2249 1593 2250 1601 10769 1600 2251 1593 2239 1594 2238 1602 2252 1595 2254 1603 2270 1602 2255 1595 2243 1588 2242 1596 2256 1596 2245 1597 2244 1605 2258 1597 2247 1598 10768 1606 2260 1599 2262 1607 2276 1606 2263 1600 2264 1608 10770 1607 2265 1600 2251 1601 10769 1609 2266 1601 2253 1602 2252 1610 2268 1603 2270 1611 2284 1610 2271 1596 2256 1604 2286 1611 2272 1605 2258 1613 2288 1612 2273 1605 2261 1606 2260 1614 2274 1607 2276 1615 10771 1614 2277 1607 2265 1608 10770 1616 2278 1608 2267 1609 2266 1617 2280 1609 2269 1610 2268 1618 2282 1611 2284 1619 10772 1618 2285 1604 2286 1612 10773 1619 2287 1613 2288 1621 2301 1620 2289 1614 2274 1622 2303 1621 2290 1614 2277 1615 10771 1623 2291 1615 2279 1616 2278 1624 2293 1617 2280 1625 10774 1624 2295 1618 2282 1626 2311 1625 2296 1618 2285 1619 10772 1627 2297 1619 2287 1612 10773 1620 2299 1621 2301 1629 10775 1628 2302 1622 2303 1630 2318 1629 2304 1622 2292 1623 2291 1631 2305 1623 2294 1624 2293 1632 2307 1624 2295 1625 10774 1633 2309 1626 2311 1634 2325 1633 2312 1626 2298 1627 2297 1635 2313 1620 2299 1628 2329 1635 2315 1628 2302 1629 10775 1637 2316 1630 2318 1638 10776 1637 2319 1630 2306 1631 2305 1639 2320 1632 2307 1640 10777 1639 2322 1632 2310 1633 2309 1641 2323 1634 2325 1642 10778 1641 2326 1634 2314 1635 2313 1643 2327 1628 2329 1636 2342 1643 2330 1637 2316 1645 10779 1644 2331 1637 2319 1638 10776 1646 2332 1639 2320 1647 10780 1646 2334 1639 2322 1640 10777 1648 2335 1640 2324 1641 2323 1649 2337 1641 2326 1642 10778 1650 2339 1643 2327 1651 10781 1650 2341 1636 2342 1644 2355 1651 2343 1644 2331 1645 10779 1653 2344 1646 2332 1654 2359 1653 2346 1646 2334 1647 10780 1655 2347 1648 2335 1656 2363 1655 2349 1648 2338 1649 2337 1657 2350 1650 2339 1658 10782 1657 2352 1650 2341 1651 10781 1659 2353 1644 2355 1652 2370 1659 2356 1652 2345 1653 2344 1661 2357 1654 2359 1662 2373 1661 2360 1654 2348 1655 2347 1663 2361 1656 2363 1664 2376 1663 2364 1656 2351 1657 2350 1665 2365 1657 2352 1658 10782 1666 2367 1659 2353 1667 2381 1666 2369 1652 2370 1660 10783 1667 2371 1661 2357 1669 2385 1668 2372 1662 2373 1670 2387 1669 2374 1663 2361 1671 10784 1670 2375 1664 2376 1672 10785 1671 2377 1665 2365 1673 10786 1672 2378 1665 2368 1666 2367 1674 2379 1667 2381 1675 2397 1674 2382 1667 2371 1660 10783 1668 2383 1669 2385 1677 10787 1676 2386 1670 2387 1678 10788 1677 2388 1670 2375 1671 10784 1679 2389 1671 2377 1672 10785 1680 2391 1672 2378 1673 10786 1681 2393 1673 2380 1674 2379 1682 2395 1675 2397 1683 10789 1682 2398 1668 2383 1676 10790 1683 2399 1676 2386 1677 10787 1685 2400 1677 2388 1678 10788 1686 2402 1679 2389 1687 2414 1686 2404 1680 2391 1688 2416 1687 2405 1681 2393 1689 10791 1688 2406 1682 2395 1690 2420 1689 2407 1682 2398 1683 10789 1691 2408 1683 2399 1676 10790 1684 2410 1685 2400 1693 2425 1692 2412 1686 2402 1694 2427 1693 2413 1687 2414 1695 2429 1694 2415 1688 2416 1696 2431 1695 2417 1688 2406 1689 10791 1697 2418 1690 2420 1698 2434 1697 2421 1690 2409 1691 2408 1699 2422 1684 2410 1692 10792 1699 2424 1693 2425 1701 2440 1700 2426 1694 2427 1702 10793 1701 2428 1695 2429 1703 2444 1702 2430 1696 2431 1704 10794 1703 2432 1697 2418 1705 10795 1704 2433 1698 2434 1706 10796 1705 2435 1698 2423 1699 2422 1707 2436 1699 2424 1692 10792 1700 2438 1701 2440 1709 10797 1708 2441 1701 2428 1702 10793 1710 2442 1703 2444 1711 2457 1710 2445 1703 2432 1704 10794 1712 2446 1704 2433 1705 10795 1713 2448 1705 2435 1706 10796 1714 2450 1707 2436 1715 10798 1714 2452 1700 2438 1708 10799 1715 2453 1708 2441 1709 10797 1717 2454 1710 2442 1718 2467 1717 2456 1711 2457 1719 2469 1718 2458 1712 2446 1720 10800 1719 2459 1713 2448 1721 10801 1720 2460 1714 2450 1722 10802 1721 2461 1714 2452 1715 10798 1723 2462 1715 2453 1708 10799 1716 2464 1717 2454 1725 10803 1724 2466 1718 2467 1726 2481 1725 2468 1719 2469 1727 10804 1726 2470 1719 2459 1720 10800 1728 2471 1720 2460 1721 10801 1729 2473 1721 2461 1722 10802 1730 2475 1723 2462 1731 10805 1730 2477 1716 2464 1724 10806 1731 2478 1724 2466 1725 10803 1733 2479 1726 2481 1734 2493 1733 2482 1726 2470 1727 10804 1735 2483 1728 2471 1736 2496 1735 2485 1729 2473 1737 10807 1736 2486 1730 2475 1738 10808 1737 2487 1730 2477 1731 10805 1739 2488 1731 2478 1724 10806 1732 2490 1733 2479 1741 2504 1740 2492 1734 2493 1742 2506 1741 2494 1735 2483 1743 2508 1742 2495 1736 2496 1744 2510 1743 2497 1736 2486 1737 10807 1745 2498 1737 2487 1738 10808 1746 2500 1739 2488 1747 2515 1746 2502 1732 2490 1740 10809 1747 2503 1741 2504 1749 2519 1748 2505 1742 2506 1750 2521 1749 2507 1743 2508 1751 10810 1750 2509 1744 2510 1752 10811 1751 2511 1745 2498 1753 10812 1752 2512 1745 2501 1746 2500 1754 2513 1747 2515 1755 2531 1754 2516 1747 2503 1740 10809 1748 2517 1749 2519 1757 10813 1756 2520 1750 2521 1758 10814 1757 2522 1750 2509 1751 10810 1759 2523 1751 2511 1752 10811 1760 2525 1752 2512 1753 10812 1761 2527 1753 2514 1754 2513 1762 2529 1755 2531 1763 10815 1762 2532 1748 2517 1756 10816 1763 2533 1756 2520 1757 10813 1765 2534 1757 2522 1758 10814 1766 2536 1759 2523 1767 2548 1766 2538 1760 2525 1768 2550 1767 2539 1761 2527 1769 10817 1768 2540 1762 2529 1770 2554 1769 2541 1762 2532 1763 10815 1771 2542 1763 2533 1756 10816 1764 2544 1765 2534 1773 2559 1772 2546 1766 2536 1774 10818 1773 2547 1767 2548 1775 2563 1774 2549 1768 2550 1776 10819 1775 2551 1768 2540 1769 10817 1777 2552 1770 2554 1778 2568 1777 2555 1770 2543 1771 2542 1779 2556 1764 2544 1772 10820 1779 2558 1773 2559 1781 2574 1780 2560 1773 2547 1774 10818 1782 2561 1775 2563 1783 2578 1782 2564 1775 2551 1776 10819 1784 2565 1777 2552 1785 2582 1784 2567 1778 2568 1786 10821 1785 2569 1778 2557 1779 2556 1787 2570 1779 2558 1772 10820 1780 2572 1781 2574 1789 10822 1788 2575 1781 2562 1782 2561 1790 2576 1783 2578 1791 10823 1790 2579 1783 2566 1784 2565 1792 2580 1785 2582 1793 2595 1792 2583 1785 2569 1786 10821 1794 2584 1787 2570 1795 10824 1794 2586 1787 2573 1780 2572 1788 2587 1788 2575 1789 10822 1797 2589 1790 2576 1798 10825 1797 2591 1790 2579 1791 10823 1799 2592 1792 2580 1800 10826 1799 2594 1793 2595 1801 2608 1800 2596 1794 2584 1802 10827 1801 2597 1794 2586 1795 10824 1803 2598 1795 2588 1788 2587 1796 2600 1797 2589 1805 10828 1804 2602 1797 2591 1798 10825 1806 2603 1799 2592 1807 2619 1806 2605 1799 2594 1800 10826 1808 2606 1801 2608 1809 2622 1808 2609 1801 2597 1802 10827 1810 2610 1803 2598 1811 2626 1810 2612 1803 2601 1796 2600 1804 2613 1804 2602 1805 10828 1813 2615 1805 2604 1806 2603 1814 2617 1807 2619 1815 2634 1814 2620 1808 2606 1816 2636 1815 2621 1809 2622 1817 10829 1816 2623 1809 2611 1810 2610 1818 2624 1811 2626 1819 2642 1818 2627 1811 2614 1804 2613 1812 2628 1812 2616 1813 2615 1821 2630 1813 2618 1814 2617 1822 2632 1815 2634 1823 10830 1822 2635 1816 2636 1824 2650 1823 2637 1816 2623 1817 10829 1825 2638 1817 2625 1818 2624 1826 2640 1819 2642 1827 10831 1826 2643 1812 2628 1820 10832 1827 2644 1820 2631 1821 2630 1829 2645 1822 2632 1830 2659 1829 2647 1822 2635 1823 10830 1831 2648 1824 2650 1832 10833 1831 2651 1825 2638 1833 2665 1832 2652 1826 2640 1834 2667 1833 2653 1826 2643 1827 10831 1835 2654 1827 2644 1820 10832 1828 2656 1829 2645 1837 2673 1836 2658 1830 2659 1838 2675 1837 2660 1830 2649 1831 2648 1839 2661 1831 2651 1832 10833 1840 2663 1833 2665 1841 10834 1840 2666 1834 2667 1842 2682 1841 2668 1834 2655 1835 2654 1843 2669 1835 2657 1828 2656 1836 2671 1837 2673 1845 10835 1844 2674 1838 2675 1846 10836 1845 2676 1839 2661 1847 2691 1846 2677 1839 2664 1840 2663 1848 2678 1840 2666 1841 10834 1849 2680 1842 2682 1850 2696 1849 2683 1842 2670 1843 2669 1851 2684 1836 2671 1844 2700 1851 2686 1844 2674 1845 10835 1853 2687 1845 2676 1846 10836 1854 2689 1847 2691 1855 10837 1854 2692 1848 2678 1856 2707 1855 2693 1848 2681 1849 2680 1857 2694 1850 2696 1858 2710 1857 2697 1850 2685 1851 2684 1859 2698 1844 2700 1852 2714 1859 2701 1852 2688 1853 2687 1861 2702 1854 2689 1862 2717 1861 2704 1854 2692 1855 10837 1863 2705 1856 2707 1864 10838 1863 2708 1857 2694 1865 10839 1864 2709 1858 2710 1866 10840 1865 2711 1858 2699 1859 2698 1867 2712 1852 2714 1860 2728 1867 2715 1861 2702 1869 10841 1868 2716 1862 2717 1870 2730 1869 2718 1862 2706 1863 2705 1871 2719 1863 2708 1864 10838 1872 2721 1864 2709 1865 10839 1873 2723 1865 2711 1866 10840 1874 2725 1867 2712 1875 10842 1874 2727 1860 2728 1868 2731 1875 2729 1868 2716 1869 10841 1557 2178 1870 2730 1558 2181 1557 2183 1871 2719 1559 2184 1558 2186 1872 2721 1560 10759 1559 2187 1873 2723 1561 2190 1560 2192 1874 2725 1562 10760 1561 2193 1874 2727 1875 10842 1563 2196 1868 2731 1556 2199 1563 2201 2389 3617 2391 3620 2390 3618 2391 3620 2393 3622 2392 3621 2393 3622 2395 3624 2394 3623 2395 3624 2397 3626 2396 3625 2397 3626 2399 3628 2398 3627 2399 3628 2401 3630 2400 3629 2401 3630 2403 3632 2402 3631 2403 3632 2405 3634 2404 3633 2405 3634 2407 3636 2406 3635 2407 3636 2409 3638 2408 3637 2409 3638 2411 3640 2410 3639 2411 3640 2413 3642 2412 3641 2413 3642 2415 3644 2414 3643 2415 3644 2417 3646 2416 3645 2417 3646 2419 3648 2418 3647 2419 3648 2421 3650 2420 3649 2421 3650 2423 3652 2422 3651 2423 3652 2425 3657 2424 3653 2393 3656 2391 1324 2425 10977 2391 1324 2389 1324 2425 10977 2389 1324 2427 1324 2425 10977 2425 10977 2423 1324 2421 10978 2421 10978 2419 1324 2417 10979 2417 10979 2415 1324 2413 1324 2413 1324 2411 1324 2417 10979 2411 1324 2409 3654 2417 10979 2409 3654 2407 1324 2405 1324 2405 1324 2403 1324 2409 3654 2403 1324 2401 3655 2409 3654 2401 3655 2399 1324 2397 1324 2397 1324 2395 10980 2401 3655 2395 10980 2393 3656 2401 3655 2425 10977 2421 10978 2417 10979 2393 3656 2425 10977 2417 10979 2417 10979 2409 3654 2393 3656 2425 3657 2427 3659 2426 3658 2427 3659 2389 3617 2388 3619 2426 10981 2388 1647 2390 1647 2390 1647 2392 1647 2394 1647 2394 1647 2396 1647 2398 1647 2398 1647 2400 1647 2402 1647 2402 1647 2404 1647 2406 1647 2406 1647 2408 1647 2410 1647 2410 1647 2412 1647 2414 1647 2414 1647 2416 1647 2410 1647 2416 1647 2418 3660 2410 1647 2418 3660 2420 10982 2426 10981 2420 10982 2422 1647 2426 10981 2422 1647 2424 1647 2426 10981 2426 10981 2390 1647 2394 1647 2394 1647 2398 1647 2402 1647 2402 1647 2406 1647 2410 1647 2426 10981 2394 1647 2418 3660 2394 1647 2402 1647 2418 3660 2429 3661 2431 10983 2430 3662 2431 3664 2435 3665 2434 3665 2435 3667 2433 10984 2432 3668 2433 3670 2429 3671 2428 3671 2434 3673 2432 1647 2428 3674 2435 3676 2431 10985 2429 3677 2437 3679 2439 10986 2438 3680 2439 3682 2443 3683 2442 3683 2443 3684 2441 10987 2440 1687 2441 3686 2437 10988 2436 3687 2438 3689 2442 10989 2440 3690 2439 3691 2437 10990 2441 3692 2445 3479 2447 3479 2446 3479 2447 1377 2451 1377 2450 1377 2451 3485 2449 3485 2448 3485 2449 3694 2445 1358 2444 3695 2446 1647 2450 1647 2448 1647 2447 1324 2445 1324 2449 1324 2613 3979 2621 10991 2620 3980 2613 3982 2614 4553 2622 3983 2615 3985 2623 4007 2622 3986 2615 3988 2616 4555 2624 3989 2616 3991 2617 4556 2625 3992 2618 3994 2626 4012 2625 3995 2618 3997 2619 10992 2627 3998 2612 4000 2620 4016 2627 4001 2620 3980 2621 10991 2629 4003 2621 3984 2622 3983 2630 4005 2623 4007 2631 10993 2630 4008 2624 3989 2632 4023 2631 4009 2624 3993 2625 3992 2633 4010 2626 4012 2634 10994 2633 4013 2626 3999 2627 3998 2635 4014 2620 4016 2628 4030 2635 4017 2628 4004 2629 4003 2637 4018 2630 4005 2638 4033 2637 4020 2630 4008 2631 10993 2639 4021 2632 4023 2640 10995 2639 4024 2632 4011 2633 4010 2641 4025 2633 4013 2634 10994 2642 4027 2635 4014 2643 4042 2642 4029 2628 4030 2636 10996 2643 4031 2637 4018 2645 4046 2644 4032 2638 4033 2646 10997 2645 4034 2638 4022 2639 4021 2647 4035 2639 4024 2640 10995 2648 4037 2641 4025 2649 4053 2648 4039 2641 4028 2642 4027 2650 4040 2643 4042 2651 4057 2650 4043 2643 4031 2636 10996 2644 4044 2645 4046 2653 10998 2652 4047 2645 4034 2646 10997 2654 4048 2647 4035 2655 4065 2654 4050 2647 4038 2648 4037 2656 4051 2649 4053 2657 10999 2656 4054 2649 4041 2650 4040 2658 4055 2651 4057 2659 11000 2658 4058 2651 4045 2644 4044 2652 4059 2652 4047 2653 10998 2661 4061 2653 4049 2654 4048 2662 4063 2655 4065 2663 4077 2662 4066 2656 4051 2664 11001 2663 4067 2656 4054 2657 10999 2665 4068 2658 4055 2666 4083 2665 4070 2658 4058 2659 11000 2667 4071 2652 4059 2660 4087 2667 4073 2661 4061 2669 4089 2668 4074 2661 4064 2662 4063 2670 4075 2663 4077 2671 4093 2670 4078 2663 4067 2664 11001 2672 4079 2664 4069 2665 4068 2673 4081 2666 4083 2674 4099 2673 4084 2666 4072 2667 4071 2675 4085 2660 4087 2668 4103 2675 4088 2669 4089 2677 11002 2676 4090 2669 4076 2670 4075 2678 4091 2671 4093 2679 4108 2678 4094 2671 4080 2672 4079 2680 4095 2672 4082 2673 4081 2681 4097 2674 4099 2682 4113 2681 4100 2674 4086 2675 4085 2683 4101 2668 4103 2676 4117 2683 4104 2676 4090 2677 11002 2685 4105 2678 4091 2686 4121 2685 4107 2679 4108 2687 11003 2686 4109 2680 4095 2688 4125 2687 4110 2680 4098 2681 4097 2689 4111 2682 4113 2690 11004 2689 4114 2682 4102 2683 4101 2691 4115 2676 4117 2684 11005 2691 4118 2684 4106 2685 4105 2693 4119 2686 4121 2694 11006 2693 4122 2686 4109 2687 11003 2695 4123 2688 4125 2696 11007 2695 4126 2689 4111 2697 11008 2696 4127 2689 4114 2690 11004 2698 4128 2691 4115 2699 11009 2698 4130 2691 4118 2684 11005 2692 4131 2693 4119 2701 4145 2700 4133 2693 4122 2694 11006 2702 4134 2695 4123 2703 4148 2702 4136 2695 4126 2696 11007 2704 4137 2696 4127 2697 11008 2705 4139 2698 4128 2706 11010 2705 4141 2698 4130 2699 11009 2707 4142 2692 4131 2700 11011 2707 4144 2701 4145 2709 11012 2708 4146 2702 4134 2710 4160 2709 4147 2703 4148 2711 11013 2710 4149 2703 4138 2704 4137 2712 4150 2705 4139 2713 4165 2712 4152 2705 4141 2706 11010 2714 4153 2707 4142 2715 4169 2714 4155 2707 4144 2700 11011 2708 4156 2708 4146 2709 11012 2717 4158 2710 4160 2718 4175 2717 4161 2710 4149 2711 11013 2719 4162 2712 4150 2720 4179 2719 4164 2713 4165 2721 4181 2720 4166 2713 4154 2714 4153 2722 4167 2715 4169 2723 4185 2722 4170 2715 4157 2708 4156 2716 4171 2716 4159 2717 4158 2725 4173 2718 4175 2726 4191 2725 4176 2718 4163 2719 4162 2727 4177 2720 4179 2728 4195 2727 4180 2721 4181 2729 4197 2728 4182 2721 4168 2722 4167 2730 4183 2723 4185 2731 4201 2730 4186 2723 4172 2716 4171 2724 4187 2724 4174 2725 4173 2733 4189 2726 4191 2734 4207 2733 4192 2726 4178 2727 4177 2735 4193 2728 4195 2736 4211 2735 4196 2729 4197 2737 11014 2736 4198 2729 4184 2730 4183 2738 4199 2731 4201 2739 4216 2738 4202 2731 4188 2724 4187 2732 4203 2732 4190 2733 4189 2741 4205 2734 4207 2742 11015 2741 4208 2734 4194 2735 4193 2743 4209 2736 4211 2744 11016 2743 4212 2736 4198 2737 11014 2745 4213 2738 4199 2746 4227 2745 4215 2739 4216 2747 11017 2746 4217 2732 4203 2740 4231 2747 4218 2741 4205 2749 4233 2748 4219 2741 4208 2742 11015 2750 4220 2743 4209 2751 4237 2750 4222 2743 4212 2744 11016 2752 4223 2744 4214 2745 4213 2753 4225 2746 4227 2754 4242 2753 4228 2746 4217 2747 11017 2755 4229 2740 4231 2748 11018 2755 4232 2749 4233 2757 4248 2756 4234 2749 4221 2750 4220 2758 4235 2751 4237 2759 11019 2758 4238 2751 4224 2752 4223 2760 4239 2753 4225 2761 4255 2760 4241 2754 4242 2762 11020 2761 4243 2754 4230 2755 4229 2763 4244 2755 4232 2748 11018 2756 4246 2757 4248 2765 11021 2764 4249 2758 4235 2766 4264 2765 4250 2758 4238 2759 11019 2767 4251 2759 4240 2760 4239 2768 4253 2761 4255 2769 4269 2768 4256 2761 4243 2762 11020 2770 4257 2763 4244 2771 4273 2770 4259 2763 4247 2756 4246 2764 4260 2764 4249 2765 11021 2773 4262 2766 4264 2774 4279 2773 4265 2766 4252 2767 4251 2775 4266 2768 4253 2776 4283 2775 4268 2769 4269 2777 4285 2776 4270 2769 4258 2770 4257 2778 4271 2771 4273 2779 11022 2778 4274 2771 4261 2764 4260 2772 4275 2772 4263 2773 4262 2781 4277 2774 4279 2782 4294 2781 4280 2774 4267 2775 4266 2783 4281 2776 4283 2784 4298 2783 4284 2777 4285 2785 4300 2784 4286 2778 4271 2786 4302 2785 4287 2778 4274 2779 11022 2787 4288 2779 4276 2772 4275 2780 4290 2780 4278 2781 4277 2789 4292 2782 4294 2790 4310 2789 4295 2782 4282 2783 4281 2791 4296 2784 4298 2792 4314 2791 4299 2785 4300 2793 11023 2792 4301 2786 4302 2794 11024 2793 4303 2786 4289 2787 4288 2795 4304 2787 4291 2780 4290 2788 4306 2788 4293 2789 4292 2797 4308 2790 4310 2798 11025 2797 4311 2790 4297 2791 4296 2799 4312 2792 4314 2800 4327 2799 4315 2792 4301 2793 11023 2801 4316 2793 4303 2794 11024 2802 4318 2795 4304 2803 4333 2802 4320 2788 4306 2796 4335 2803 4321 2796 4309 2797 4308 2805 4322 2797 4311 2798 11025 2806 4324 2799 4312 2807 4340 2806 4326 2800 4327 2808 11026 2807 4328 2800 4317 2801 4316 2809 4329 2801 4319 2802 4318 2810 4331 2803 4333 2811 4348 2810 4334 2796 4335 2804 4350 2811 4336 2805 4322 2813 4352 2812 4337 2805 4325 2806 4324 2814 4338 2807 4340 2815 4356 2814 4341 2807 4328 2808 11026 2816 4342 2808 4330 2809 4329 2817 4344 2809 4332 2810 4331 2818 4346 2811 4348 2819 4362 2818 4349 2804 4350 2812 11027 2819 4351 2813 4352 2821 4366 2820 4353 2813 4339 2814 4338 2822 4354 2815 4356 2823 4370 2822 4357 2815 4343 2816 4342 2824 4358 2817 4344 2825 4374 2824 4360 2818 4346 2826 4376 2825 4361 2819 4362 2827 11028 2826 4363 2819 4351 2812 11027 2820 4364 2821 4366 2829 4382 2828 4367 2821 4355 2822 4354 2830 4368 2823 4370 2831 4386 2830 4371 2823 4359 2824 4358 2832 4372 2825 4374 2833 11029 2832 4375 2826 4376 2834 4392 2833 4377 2826 4363 2827 11028 2835 4378 2827 4365 2820 4364 2828 4380 2829 4382 2837 11030 2836 4383 2829 4369 2830 4368 2838 4384 2831 4386 2839 11031 2838 4387 2831 4373 2832 4372 2840 4388 2832 4375 2833 11029 2841 4390 2834 4392 2842 4404 2841 4393 2834 4379 2835 4378 2843 4394 2828 4380 2836 11032 2843 4396 2836 4383 2837 11030 2845 4397 2838 4384 2846 4412 2845 4399 2838 4387 2839 11031 2847 4400 2840 4388 2848 4416 2847 4402 2841 4390 2849 11033 2848 4403 2842 4404 2850 4420 2849 4405 2842 4395 2843 4394 2851 4406 2843 4396 2836 11032 2844 4408 2844 4398 2845 4397 2853 4410 2846 4412 2854 11034 2853 4413 2846 4401 2847 4400 2855 4414 2848 4416 2856 11035 2855 4417 2848 4403 2849 11033 2857 4418 2850 4420 2858 11036 2857 4421 2850 4407 2851 4406 2859 4422 2844 4408 2852 11037 2859 4424 2853 4410 2861 4437 2860 4425 2853 4413 2854 11034 2862 4426 2855 4414 2863 4441 2862 4428 2855 4417 2856 11035 2864 4429 2857 4418 2865 11038 2864 4431 2857 4421 2858 11036 2866 4432 2859 4422 2867 4449 2866 4434 2859 4424 2852 11037 2860 4435 2861 4437 2869 11039 2868 4438 2861 4427 2862 4426 2870 4439 2863 4441 2871 11040 2870 4442 2863 4430 2864 4429 2872 4443 2864 4431 2865 11038 2873 4445 2865 4433 2866 4432 2874 4447 2867 4449 2875 4461 2874 4450 2860 4435 2868 11041 2875 4451 2868 4438 2869 11039 2877 4452 2870 4439 2878 4467 2877 4454 2870 4442 2871 11040 2879 4455 2872 4443 2880 4471 2879 4457 2873 4445 2881 11042 2880 4458 2873 4448 2874 4447 2882 4459 2875 4461 2883 4477 2882 4462 2875 4451 2868 11041 2876 4463 2876 4453 2877 4452 2885 4465 2878 4467 2886 4481 2885 4468 2878 4456 2879 4455 2887 4469 2880 4471 2888 11043 2887 4472 2880 4458 2881 11042 2889 4473 2881 4460 2882 4459 2890 4475 2883 4477 2891 11044 2890 4478 2876 4463 2884 11045 2891 4479 2885 4465 2893 11046 2892 4480 2886 4481 2894 4495 2893 4482 2886 4470 2887 4469 2895 4483 2887 4472 2888 11043 2896 4485 2889 4473 2897 4500 2896 4487 2890 4475 2898 4502 2897 4488 2890 4478 2891 11044 2899 4489 2891 4479 2884 11045 2892 4491 2892 4480 2893 11046 2901 4493 2894 4495 2902 4510 2901 4496 2894 4484 2895 4483 2903 4497 2896 4485 2904 4514 2903 4499 2897 4500 2905 4516 2904 4501 2898 4502 2906 4518 2905 4503 2898 4490 2899 4489 2907 4504 2899 4492 2892 4491 2900 4506 2900 4494 2901 4493 2909 4508 2902 4510 2910 11047 2909 4511 2902 4498 2903 4497 2911 4512 2904 4514 2912 11048 2911 4515 2905 4516 2913 4530 2912 4517 2906 4518 2914 4532 2913 4519 2906 4505 2907 4504 2915 4520 2907 4507 2900 4506 2908 4522 2909 4508 2917 4538 2916 4524 2909 4511 2910 11047 2918 4525 2911 4512 2919 4542 2918 4527 2911 4515 2912 11048 2920 4528 2913 4530 2921 11049 2920 4531 2914 4532 2922 11050 2921 4533 2914 4521 2915 4520 2923 4534 2915 4523 2908 4522 2916 4536 2917 4538 2925 4552 2924 4539 2917 4526 2918 4525 2926 4540 2919 4542 2927 4554 2926 4543 2919 4529 2920 4528 2928 4544 2920 4531 2921 11049 2929 4546 2921 4533 2922 11050 2930 4548 2923 4534 2931 4557 2930 4550 2916 4536 2924 4558 2931 4551 2925 4552 2613 3979 2612 3981 2925 4541 2926 4540 2614 4553 2927 4554 2615 3985 2614 3987 2927 4545 2928 4544 2616 4555 2928 4547 2929 4546 2617 4556 2929 4549 2930 4548 2618 3994 2931 4557 2619 10992 2618 3997 2924 4558 2612 4000 2619 4002 3445 5460 3447 5463 3446 5461 3447 5463 3449 5465 3448 5464 3449 5465 3451 5467 3450 5466 3451 5467 3453 5469 3452 5468 3453 5469 3455 5471 3454 5470 3455 5471 3457 5473 3456 5472 3457 5473 3459 5475 3458 5474 3459 5475 3461 5477 3460 5476 3461 5477 3463 5479 3462 5478 3463 5479 3465 5481 3464 5480 3465 5481 3467 5483 3466 5482 3467 5483 3469 5485 3468 5484 3469 5485 3471 5487 3470 5486 3471 5487 3473 5489 3472 5488 3473 5489 3475 5491 3474 5490 3475 5491 3477 11165 3476 5492 3476 5492 3477 11165 3479 5493 3478 5494 3479 5493 3481 5495 3449 5499 3447 1377 3445 11166 3445 11166 3483 11167 3449 5499 3483 11167 3481 11168 3449 5499 3481 11168 3479 1377 3477 1377 3477 1377 3475 1377 3473 5497 3473 5497 3471 1377 3469 1377 3469 1377 3467 11169 3473 5497 3467 11169 3465 11170 3473 5497 3465 11170 3463 11171 3461 11172 3461 11172 3459 11173 3457 5498 3457 5498 3455 11174 3449 5499 3455 11174 3453 11175 3449 5499 3453 11175 3451 11176 3449 5499 3481 11168 3477 1377 3449 5499 3477 1377 3473 5497 3449 5499 3465 11170 3461 11172 3473 5497 3461 11172 3457 5498 3473 5497 3481 5495 3483 5501 3482 5500 3483 5501 3445 5460 3444 5462 3482 1358 3444 1358 3446 1358 3446 1358 3448 1358 3482 1358 3448 1358 3450 11177 3482 1358 3450 11177 3452 11178 3454 11179 3454 11179 3456 1358 3458 1358 3458 1358 3460 1358 3466 1358 3460 1358 3462 1358 3466 1358 3462 1358 3464 1358 3466 1358 3466 1358 3468 1358 3470 11180 3470 11180 3472 11181 3474 1358 3474 1358 3476 11182 3478 11183 3478 11183 3480 1358 3482 1358 3450 11177 3454 11179 3482 1358 3454 11179 3458 1358 3482 1358 3466 1358 3470 11180 3474 1358 3474 1358 3478 11183 3482 1358 3458 1358 3466 1358 3482 1358 3484 1358 3485 1358 3487 1358 3487 1324 3491 1324 3490 1324 3491 1377 3489 1377 3488 1377 3489 1647 3485 1647 3484 1647 3490 3479 3488 3479 3484 3479 3487 5502 3485 3485 3489 5503 3492 5505 3493 1358 3495 5506 3495 5508 3499 11184 3498 5509 3499 5511 3497 11185 3496 5512 3497 5514 3493 11186 3492 5515 3498 5517 3496 5518 3492 5518 3495 5520 3493 11187 3497 5521 3500 5522 3501 1358 3503 5523 3503 5525 3507 11188 3506 5526 3507 1377 3505 1377 3504 1377 3505 5528 3501 11189 3500 5529 3506 5531 3504 11190 3500 5532 3503 5534 3501 11191 3505 5535 3605 1358 3607 1358 3606 1358 3607 3479 3611 3479 3610 3479 3611 1377 3609 1377 3608 1377 3609 3485 3605 3485 3604 3485 3610 1647 3608 1647 3604 1647 3607 1324 3605 1324 3609 1324 3613 1358 3615 1358 3614 1358 3615 3479 3619 3479 3618 3479 3619 1377 3617 1377 3616 1377 3617 3485 3613 3485 3612 3485 3618 1647 3616 1647 3612 1647 3615 1324 3613 1324 3617 1324 3781 5865 3789 11192 3788 5866 3781 5868 3782 6437 3790 5869 3783 5871 3791 5893 3790 5872 3783 5874 3784 6439 3792 5875 3784 5877 3785 6440 3793 5878 3786 5880 3794 5898 3793 5881 3786 5883 3787 11193 3795 5884 3780 5886 3788 5902 3795 5887 3788 5866 3789 11192 3797 5889 3789 5870 3790 5869 3798 5891 3791 5893 3799 11194 3798 5894 3792 5875 3800 5909 3799 5895 3792 5879 3793 5878 3801 5896 3794 5898 3802 11195 3801 5899 3794 5885 3795 5884 3803 5900 3788 5902 3796 5916 3803 5903 3796 5890 3797 5889 3805 5904 3798 5891 3806 5920 3805 5906 3798 5894 3799 11194 3807 5907 3800 5909 3808 5924 3807 5910 3800 5897 3801 5896 3809 5911 3801 5899 3802 11195 3810 5913 3803 5900 3811 5929 3810 5915 3796 5916 3804 11196 3811 5917 3804 5905 3805 5904 3813 5918 3806 5920 3814 11197 3813 5921 3806 5908 3807 5907 3815 5922 3808 5924 3816 11198 3815 5925 3809 5911 3817 5939 3816 5926 3809 5914 3810 5913 3818 5927 3811 5929 3819 5942 3818 5930 3811 5917 3804 11196 3812 5931 3813 5918 3821 5946 3820 5933 3813 5921 3814 11197 3822 5934 3815 5922 3823 5950 3822 5936 3815 5925 3816 11198 3824 5937 3817 5939 3825 11199 3824 5940 3818 5927 3826 5956 3825 5941 3819 5942 3827 11200 3826 5943 3819 5932 3812 5931 3820 5944 3821 5946 3829 5961 3828 5947 3821 5935 3822 5934 3830 5948 3823 5950 3831 5965 3830 5951 3823 5938 3824 5937 3832 5952 3824 5940 3825 11199 3833 5954 3826 5956 3834 5971 3833 5957 3826 5943 3827 11200 3835 5958 3820 5944 3828 5975 3835 5960 3829 5961 3837 5977 3836 5962 3829 5949 3830 5948 3838 5963 3831 5965 3839 5981 3838 5966 3831 5953 3832 5952 3840 5967 3832 5955 3833 5954 3841 5969 3834 5971 3842 5987 3841 5972 3834 5959 3835 5958 3843 5973 3828 5975 3836 5991 3843 5976 3837 5977 3845 11201 3844 5978 3837 5964 3838 5963 3846 5979 3839 5981 3847 5996 3846 5982 3839 5968 3840 5967 3848 5983 3840 5970 3841 5969 3849 5985 3842 5987 3850 6001 3849 5988 3842 5974 3843 5973 3851 5989 3836 5991 3844 6005 3851 5992 3844 5978 3845 11201 3853 5993 3846 5979 3854 6009 3853 5995 3847 5996 3855 11202 3854 5997 3848 5983 3856 6013 3855 5998 3848 5986 3849 5985 3857 5999 3850 6001 3858 11203 3857 6002 3850 5990 3851 5989 3859 6003 3844 6005 3852 11204 3859 6006 3852 5994 3853 5993 3861 6007 3854 6009 3862 11205 3861 6010 3854 5997 3855 11202 3863 6011 3856 6013 3864 11206 3863 6014 3857 5999 3865 11207 3864 6015 3857 6002 3858 11203 3866 6016 3859 6003 3867 11208 3866 6018 3859 6006 3852 11204 3860 6019 3861 6007 3869 6033 3868 6021 3861 6010 3862 11205 3870 6022 3863 6011 3871 6036 3870 6024 3863 6014 3864 11206 3872 6025 3864 6015 3865 11207 3873 6027 3866 6016 3874 11209 3873 6029 3866 6018 3867 11208 3875 6030 3860 6019 3868 11210 3875 6032 3869 6033 3877 11211 3876 6034 3870 6022 3878 6048 3877 6035 3871 6036 3879 11212 3878 6037 3871 6026 3872 6025 3880 6038 3873 6027 3881 6053 3880 6040 3873 6029 3874 11209 3882 6041 3875 6030 3883 6057 3882 6043 3875 6032 3868 11210 3876 6044 3876 6034 3877 11211 3885 6046 3878 6048 3886 6063 3885 6049 3878 6037 3879 11212 3887 6050 3880 6038 3888 6067 3887 6052 3881 6053 3889 6069 3888 6054 3881 6042 3882 6041 3890 6055 3883 6057 3891 6073 3890 6058 3883 6045 3876 6044 3884 6059 3884 6047 3885 6046 3893 6061 3886 6063 3894 6078 3893 6064 3886 6051 3887 6050 3895 6065 3888 6067 3896 11213 3895 6068 3889 6069 3897 6084 3896 6070 3889 6056 3890 6055 3898 6071 3891 6073 3899 6088 3898 6074 3891 6060 3884 6059 3892 6075 3893 6061 3901 11214 3900 6077 3894 6078 3902 6094 3901 6079 3894 6066 3895 6065 3903 6080 3895 6068 3896 11213 3904 6082 3897 6084 3905 11215 3904 6085 3897 6072 3898 6071 3906 6086 3899 6088 3907 11216 3906 6089 3899 6076 3892 6075 3900 6090 3900 6077 3901 11214 3909 6092 3902 6094 3910 11217 3909 6095 3902 6081 3903 6080 3911 6096 3904 6082 3912 6110 3911 6098 3904 6085 3905 11215 3913 6099 3906 6086 3914 6114 3913 6101 3906 6089 3907 11216 3915 6102 3900 6090 3908 6118 3915 6104 3908 6093 3909 6092 3917 6105 3909 6095 3910 11217 3918 6107 3911 6096 3919 6123 3918 6109 3912 6110 3920 11218 3919 6111 3912 6100 3913 6099 3921 6112 3914 6114 3922 6128 3921 6115 3914 6103 3915 6102 3923 6116 3908 6118 3916 11219 3923 6119 3917 6105 3925 6134 3924 6120 3917 6108 3918 6107 3926 6121 3919 6123 3927 11220 3926 6124 3919 6111 3920 11218 3928 6125 3921 6112 3929 6141 3928 6127 3922 6128 3930 11221 3929 6129 3922 6117 3923 6116 3931 6130 3923 6119 3916 11219 3924 6132 3925 6134 3933 11222 3932 6135 3926 6121 3934 6150 3933 6136 3926 6124 3927 11220 3935 6137 3927 6126 3928 6125 3936 6139 3929 6141 3937 6155 3936 6142 3929 6129 3930 11221 3938 6143 3931 6130 3939 6159 3938 6145 3931 6133 3924 6132 3932 6146 3932 6135 3933 11222 3941 6148 3934 6150 3942 6165 3941 6151 3934 6138 3935 6137 3943 6152 3936 6139 3944 6169 3943 6154 3937 6155 3945 6171 3944 6156 3937 6144 3938 6143 3946 6157 3939 6159 3947 11223 3946 6160 3939 6147 3932 6146 3940 6161 3940 6149 3941 6148 3949 6163 3942 6165 3950 6180 3949 6166 3942 6153 3943 6152 3951 6167 3944 6169 3952 6184 3951 6170 3945 6171 3953 6186 3952 6172 3946 6157 3954 6188 3953 6173 3946 6160 3947 11223 3955 6174 3947 6162 3940 6161 3948 6176 3948 6164 3949 6163 3957 6178 3950 6180 3958 6196 3957 6181 3950 6168 3951 6167 3959 6182 3952 6184 3960 6200 3959 6185 3953 6186 3961 11224 3960 6187 3954 6188 3962 11225 3961 6189 3954 6175 3955 6174 3963 6190 3955 6177 3948 6176 3956 6192 3956 6179 3957 6178 3965 6194 3958 6196 3966 11226 3965 6197 3958 6183 3959 6182 3967 6198 3960 6200 3968 11227 3967 6201 3960 6187 3961 11224 3969 6202 3961 6189 3962 11225 3970 6204 3963 6190 3971 6218 3970 6206 3956 6192 3964 6220 3971 6207 3965 6194 3973 6222 3972 6208 3965 6197 3966 11226 3974 6209 3967 6198 3975 6226 3974 6211 3967 6201 3968 11227 3976 6212 3968 6203 3969 6202 3977 6214 3969 6205 3970 6204 3978 6216 3971 6218 3979 6234 3978 6219 3964 6220 3972 6236 3979 6221 3973 6222 3981 11228 3980 6223 3973 6210 3974 6209 3982 6224 3975 6226 3983 6242 3982 6227 3975 6213 3976 6212 3984 6228 3976 6215 3977 6214 3985 6230 3977 6217 3978 6216 3986 6232 3979 6234 3987 6249 3986 6235 3972 6236 3980 6251 3987 6237 3980 6223 3981 11228 3989 6238 3981 6225 3982 6224 3990 6240 3983 6242 3991 6256 3990 6243 3984 6228 3992 11229 3991 6244 3984 6231 3985 6230 3993 6245 3985 6233 3986 6232 3994 6247 3987 6249 3995 11230 3994 6250 3980 6251 3988 11231 3995 6252 3989 6238 3997 6266 3996 6253 3989 6241 3990 6240 3998 6254 3991 6256 3999 6270 3998 6257 3991 6244 3992 11229 4000 6258 3993 6245 4001 11232 4000 6260 3994 6247 4002 6275 4001 6261 3994 6250 3995 11230 4003 6262 3995 6252 3988 11231 3996 6264 3997 6266 4005 11233 4004 6267 3997 6255 3998 6254 4006 6268 3999 6270 4007 11234 4006 6271 3999 6259 4000 6258 4008 6272 4000 6260 4001 11232 4009 6274 4002 6275 4010 6287 4009 6276 4002 6263 4003 6262 4011 6277 3996 6264 4004 11032 4011 6279 4004 6267 4005 11233 4013 6280 4006 6268 4014 6295 4013 6282 4006 6271 4007 11234 4015 6283 4008 6272 4016 6299 4015 6285 4009 6274 4017 11235 4016 6286 4010 6287 4018 6303 4017 6288 4010 6278 4011 6277 4019 6289 4011 6279 4004 11032 4012 6291 4012 6281 4013 6280 4021 6293 4014 6295 4022 11236 4021 6296 4014 6284 4015 6283 4023 6297 4016 6299 4024 11237 4023 6300 4016 6286 4017 11235 4025 6301 4018 6303 4026 11238 4025 6304 4018 6290 4019 6289 4027 6305 4012 6291 4020 11239 4027 6307 4021 6293 4029 6320 4028 6308 4021 6296 4022 11236 4030 6309 4023 6297 4031 6324 4030 6311 4023 6300 4024 11237 4032 6312 4025 6301 4033 11240 4032 6314 4025 6304 4026 11238 4034 6315 4027 6305 4035 6331 4034 6317 4027 6307 4020 11239 4028 6318 4029 6320 4037 11241 4036 6321 4029 6310 4030 6309 4038 6322 4031 6324 4039 11242 4038 6325 4031 6313 4032 6312 4040 6326 4032 6314 4033 11240 4041 6328 4033 6316 4034 6315 4042 6329 4035 6331 4043 6343 4042 6332 4028 6318 4036 11041 4043 6333 4036 6321 4037 11241 4045 6334 4038 6322 4046 6349 4045 6336 4038 6325 4039 11242 4047 6337 4040 6326 4048 6353 4047 6339 4041 6328 4049 11243 4048 6340 4041 6330 4042 6329 4050 6341 4043 6343 4051 6359 4050 6344 4043 6333 4036 11041 4044 6345 4044 6335 4045 6334 4053 6347 4046 6349 4054 6364 4053 6350 4046 6338 4047 6337 4055 6351 4048 6353 4056 6368 4055 6354 4048 6340 4049 11243 4057 6355 4049 6342 4050 6341 4058 6357 4051 6359 4059 6373 4058 6360 4044 6345 4052 6375 4059 6361 4052 6348 4053 6347 4061 6362 4054 6364 4062 6379 4061 6365 4054 6352 4055 6351 4063 6366 4056 6368 4064 6383 4063 6369 4056 6356 4057 6355 4065 6370 4058 6357 4066 6386 4065 6372 4059 6373 4067 11244 4066 6374 4052 6375 4060 11245 4067 6376 4060 6363 4061 6362 4069 6377 4062 6379 4070 6393 4069 6380 4062 6367 4063 6366 4071 6381 4064 6383 4072 11246 4071 6384 4065 6370 4073 6399 4072 6385 4066 6386 4074 6401 4073 6387 4066 6374 4067 11244 4075 6388 4067 6376 4060 11245 4068 6390 4069 6377 4077 6407 4076 6392 4070 6393 4078 11247 4077 6394 4070 6382 4071 6381 4079 6395 4071 6384 4072 11246 4080 6397 4073 6399 4081 6414 4080 6400 4074 6401 4082 6416 4081 6402 4074 6389 4075 6388 4083 6403 4075 6391 4068 6390 4076 6405 4077 6407 4085 6422 4084 6408 4077 6394 4078 11247 4086 6409 4079 6395 4087 6426 4086 6411 4079 6398 4080 6397 4088 6412 4081 6414 4089 11248 4088 6415 4082 6416 4090 11249 4089 6417 4082 6404 4083 6403 4091 6418 4083 6406 4076 6405 4084 6420 4085 6422 4093 6436 4092 6423 4085 6410 4086 6409 4094 6424 4087 6426 4095 6438 4094 6427 4087 6413 4088 6412 4096 6428 4088 6415 4089 11248 4097 6430 4089 6417 4090 11249 4098 6432 4091 6418 4099 6441 4098 6434 4084 6420 4092 6442 4099 6435 4093 6436 3781 5865 3780 5867 4093 6425 4094 6424 3782 6437 4095 6438 3783 5871 3782 5873 4095 6429 4096 6428 3784 6439 4096 6431 4097 6430 3785 6440 4097 6433 4098 6432 3786 5880 4099 6441 3787 11193 3786 5883 4092 6442 3780 5886 3787 5888 4613 7205 4615 7208 4614 7206 4615 7208 4617 7210 4616 7209 4617 7210 4619 7212 4618 7211 4619 7212 4621 7214 4620 7213 4621 7214 4623 5471 4622 5470 4623 5471 4625 7216 4624 7215 4625 7216 4627 7218 4626 7217 4627 7218 4629 7220 4628 7219 4629 7220 4631 7222 4630 7221 4631 7222 4633 7224 4632 7223 4633 7224 4635 7226 4634 7225 4635 7226 4637 7228 4636 7227 4637 7228 4639 7230 4638 7229 4639 7230 4641 7232 4640 7231 4641 7232 4643 5491 4642 5490 4643 5491 4645 11323 4644 7233 4644 7233 4645 11323 4647 7234 4646 7235 4647 7234 4649 7236 4617 5499 4615 1377 4613 11166 4613 11166 4651 11167 4617 5499 4651 11167 4649 11168 4617 5499 4649 11168 4647 1377 4645 1377 4645 1377 4643 1377 4641 5497 4641 5497 4639 1377 4637 1377 4637 1377 4635 11169 4641 5497 4635 11169 4633 11170 4641 5497 4633 11170 4631 11171 4629 11172 4629 11172 4627 11173 4625 5498 4625 5498 4623 11174 4617 5499 4623 11174 4621 11175 4617 5499 4621 11175 4619 11176 4617 5499 4649 11168 4645 1377 4617 5499 4645 1377 4641 5497 4617 5499 4633 11170 4629 11172 4641 5497 4629 11172 4625 5498 4641 5497 4649 7236 4651 7239 4650 7238 4651 7239 4613 7205 4612 7207 4650 1358 4612 1358 4614 1358 4614 1358 4616 1358 4650 1358 4616 1358 4618 11177 4650 1358 4618 11177 4620 11178 4622 11179 4622 11179 4624 1358 4626 1358 4626 1358 4628 1358 4634 1358 4628 1358 4630 1358 4634 1358 4630 1358 4632 1358 4634 1358 4634 1358 4636 1358 4638 11180 4638 11180 4640 11181 4642 1358 4642 1358 4644 11182 4646 11183 4646 11183 4648 1358 4650 1358 4618 11177 4622 11179 4650 1358 4622 11179 4626 1358 4650 1358 4634 1358 4638 11180 4642 1358 4642 1358 4646 11183 4650 1358 4626 1358 4634 1358 4650 1358 4652 1358 4653 1358 4655 1358 4655 1324 4659 1324 4658 1324 4659 1377 4657 1377 4656 1377 4657 1647 4653 1647 4652 1647 4658 7240 4656 11324 4652 7241 4655 3485 4653 3485 4657 3485 4660 7242 4661 1358 4663 7243 4663 7245 4667 11325 4666 7246 4667 7248 4665 11326 4664 7249 4665 5514 4661 11186 4660 5515 4666 5518 4664 5518 4660 5518 4663 7251 4661 5520 4665 5520 4668 7253 4669 1358 4671 7254 4671 7256 4675 11327 4674 7257 4675 1377 4673 1377 4672 1377 4673 7259 4669 11328 4668 7260 4674 7261 4672 11329 4668 7262 4671 5534 4669 11330 4673 7264 4773 1358 4775 1358 4774 1358 4775 3479 4779 3479 4778 3479 4779 1377 4777 1377 4776 1377 4777 3485 4773 3485 4772 3485 4778 1647 4776 1647 4772 1647 4775 1324 4773 1324 4777 1324 4781 1358 4783 1358 4782 1358 4783 3479 4787 3479 4786 3479 4787 1377 4785 1377 4784 1377 4785 3485 4781 3485 4780 3485 4786 1647 4784 1647 4780 1647 4783 1324 4781 1324 4785 1324 5049 7553 5041 7589 5043 7554 5019 7556 5011 7591 5010 7557 5169 7559 4985 7650 4980 7560 5051 7555 5043 7554 5042 7562 5009 7564 5011 7591 5019 7556 5001 7566 5009 7564 5005 7567 5039 7569 5047 7652 5046 7570 5006 7572 5014 7637 5012 7573 5009 7564 5017 7565 5013 7575 5045 7576 5047 7652 5039 7569 5015 7578 5014 7637 5006 7572 5017 7565 5025 7583 5021 7580 5042 7562 5034 7585 5032 7581 5005 7567 5013 7575 5015 7578 5025 7583 5033 7588 5029 7584 5043 7554 5035 7606 5034 7585 5010 7557 5002 7607 5000 7586 5033 7588 5041 7589 5037 7577 5033 7588 5035 7606 5043 7554 5003 7590 5002 7607 5010 7557 5041 7589 5049 7553 5045 7576 5038 7571 5036 7646 5028 7592 5009 7564 5001 7566 5003 7590 5049 7553 5057 7598 5053 7594 5031 7595 5039 7569 5038 7571 5006 7572 5004 7574 4996 7596 5057 7598 5065 7601 5061 7599 5037 7577 5039 7569 5031 7595 4999 7600 5007 7579 5006 7572 5065 7601 5073 7604 5069 7602 5026 7603 5024 7625 5032 7581 5005 7567 5007 7579 4999 7600 5073 7604 5081 7609 5077 7605 5035 7606 5027 7629 5026 7603 5002 7607 4994 7630 4992 7608 5081 7609 5089 7612 5085 7610 5025 7583 5027 7629 5035 7606 4995 7611 4994 7630 5002 7607 5089 7612 5097 7616 5093 7613 5022 7614 5030 7593 5028 7592 5001 7566 4993 7638 4995 7611 5097 7616 5105 7690 5101 7617 5023 7618 5031 7595 5030 7593 4998 7597 4996 7596 4988 7619 5101 7617 5105 7690 5113 7621 5029 7584 5031 7595 5023 7618 4991 7623 4999 7600 4998 7597 5113 7621 5121 7627 5117 7624 5018 7558 5016 7647 5024 7625 4997 7568 4999 7600 4991 7623 5121 7627 5129 7632 5125 7628 5027 7629 5019 7556 5018 7558 4994 7630 4986 7744 4984 7631 5129 7632 5137 7635 5133 7633 5017 7565 5019 7556 5027 7629 4987 7634 4986 7744 4994 7630 5137 7635 5145 7721 5141 7636 5014 7637 5022 7614 5020 7615 4993 7638 4985 7650 4987 7634 5141 7636 5145 7721 5153 7639 5015 7578 5023 7618 5022 7614 4990 7620 4988 7619 4981 7641 5153 7639 5161 7645 5157 7643 5013 7575 5021 7580 5023 7618 4983 7644 4991 7623 4990 7620 5161 7645 5169 7559 5165 7561 4993 7638 5001 7566 4997 7568 4989 7626 4991 7623 4983 7644 5046 7570 5044 7654 5036 7646 5010 7557 5008 7587 5016 7647 5000 7586 4992 7608 4984 7631 4984 7631 5168 7742 5160 7736 5160 7736 5152 7729 5144 7724 5144 7724 5136 7717 5128 7648 5128 7648 5120 7706 5112 7700 5112 7700 5104 7693 5096 7686 5096 7686 5088 7680 5064 7649 5088 7680 5080 7675 5064 7649 5080 7675 5072 7669 5064 7649 5064 7649 5056 7657 5048 7651 5048 7651 5040 7582 5032 7581 5032 7581 5024 7625 5016 7647 5016 7647 5008 7587 5000 7586 5000 7586 4984 7631 5160 7736 5160 7736 5144 7724 5000 7586 5144 7724 5128 7648 5000 7586 5128 7648 5112 7700 5096 7686 5064 7649 5048 7651 5000 7586 5048 7651 5032 7581 5000 7586 5032 7581 5016 7647 5000 7586 5128 7648 5096 7686 5064 7649 4985 7650 4993 7638 4989 7626 5050 7563 5042 7562 5040 7582 5053 7594 5055 7659 5047 7652 5047 7652 5055 7659 5054 7653 5054 7653 5052 7661 5044 7654 5057 7598 5049 7553 5051 7555 5051 7555 5050 7563 5058 7656 5058 7656 5050 7563 5048 7651 5053 7594 5061 7599 5063 7658 5063 7658 5062 7665 5054 7653 5054 7653 5062 7665 5060 7660 5057 7598 5059 7655 5067 7662 5067 7662 5059 7655 5058 7656 5058 7656 5056 7657 5064 7649 5061 7599 5069 7602 5071 7664 5071 7664 5070 7671 5062 7665 5062 7665 5070 7671 5068 7666 5065 7601 5067 7662 5075 7667 5075 7667 5067 7662 5066 7663 5066 7663 5064 7649 5072 7669 5069 7602 5077 7605 5079 7670 5079 7670 5078 7677 5070 7671 5070 7671 5078 7677 5076 7672 5073 7604 5075 7667 5083 7673 5083 7673 5075 7667 5074 7668 5074 7668 5072 7669 5080 7675 5085 7610 5087 7681 5079 7670 5079 7670 5087 7681 5086 7676 5086 7676 5084 7683 5076 7672 5089 7612 5081 7609 5083 7673 5083 7673 5082 7674 5090 7679 5090 7679 5082 7674 5080 7675 5093 7613 5095 7687 5087 7681 5087 7681 5095 7687 5094 7682 5094 7682 5092 7689 5084 7683 5097 7616 5089 7612 5091 7678 5091 7678 5090 7679 5098 7685 5098 7685 5090 7679 5088 7680 5101 7617 5103 7695 5095 7687 5095 7687 5103 7695 5102 7688 5102 7688 5100 7697 5092 7689 5105 7690 5097 7616 5099 7684 5099 7684 5098 7685 5106 7692 5106 7692 5098 7685 5096 7686 5101 7617 5109 7622 5111 7694 5111 7694 5110 7702 5102 7688 5102 7688 5110 7702 5108 7696 5105 7690 5107 7691 5115 7698 5115 7698 5107 7691 5106 7692 5106 7692 5104 7693 5112 7700 5109 7622 5117 7624 5119 7701 5119 7701 5118 7708 5110 7702 5110 7702 5118 7708 5116 7703 5113 7621 5115 7698 5123 7704 5115 7698 5114 7699 5122 7705 5114 7699 5112 7700 5120 7706 5117 7624 5125 7628 5127 7707 5127 7707 5126 7713 5118 7708 5118 7708 5126 7713 5124 7709 5129 7632 5121 7627 5123 7704 5123 7704 5122 7705 5130 7711 5122 7705 5120 7706 5128 7648 5125 7628 5133 7633 5135 7712 5135 7712 5134 7714 5126 7713 5134 7714 5132 7720 5124 7709 5137 7635 5129 7632 5131 7710 5131 7710 5130 7711 5138 7716 5138 7716 5130 7711 5128 7648 5141 7636 5143 7718 5135 7712 5143 7718 5142 7719 5134 7714 5142 7719 5140 7726 5132 7720 5145 7721 5137 7635 5139 7715 5139 7715 5138 7716 5146 7723 5146 7723 5138 7716 5136 7717 5149 7640 5151 7731 5143 7718 5143 7718 5151 7731 5150 7725 5150 7725 5148 7733 5140 7726 5153 7639 5145 7721 5147 7722 5147 7722 5146 7723 5154 7728 5154 7728 5146 7723 5144 7724 5149 7640 5157 7643 5159 7730 5159 7730 5158 7738 5150 7725 5150 7725 5158 7738 5156 7732 5153 7639 5155 7727 5163 7734 5163 7734 5155 7727 5154 7728 5154 7728 5152 7729 5160 7736 5157 7643 5165 7561 5167 7737 5167 7737 5166 7743 5158 7738 5158 7738 5166 7743 5164 7739 5161 7645 5163 7734 5171 7740 5171 7740 5163 7734 5162 7735 5162 7735 5160 7736 5168 7742 5165 7561 4980 7560 4983 7644 4983 7644 4982 7642 5166 7743 5166 7743 4982 7642 4981 7641 5169 7559 5171 7740 4987 7634 4987 7634 5171 7740 5170 7741 5170 7741 5168 7742 4984 7631 5164 7739 4981 7641 4988 7619 4988 7619 4996 7596 5004 7574 5004 7574 5012 7573 5020 7615 5020 7615 5028 7592 5004 7574 5028 7592 5036 7646 5004 7574 5036 7646 5044 7654 5052 7661 5052 7661 5060 7660 5036 7646 5060 7660 5068 7666 5036 7646 5068 7666 5076 7672 5100 7697 5076 7672 5084 7683 5100 7697 5084 7683 5092 7689 5100 7697 5100 7697 5108 7696 5116 7703 5116 7703 5124 7709 5100 7697 5124 7709 5132 7720 5100 7697 5132 7720 5140 7726 5164 7739 5140 7726 5148 7733 5164 7739 5148 7733 5156 7732 5164 7739 5164 7739 4988 7619 5036 7646 4988 7619 5004 7574 5036 7646 5036 7646 5068 7666 5100 7697 5100 7697 5132 7720 5164 7739 5361 7852 5353 7888 5355 7853 5331 7855 5323 7890 5322 7856 5481 7858 5297 7946 5292 7859 5363 7854 5355 7853 5354 7861 5321 7863 5323 7890 5331 7855 5313 7865 5321 7863 5317 7866 5351 7868 5359 7948 5358 7869 5318 7871 5326 7935 5324 7872 5321 7863 5329 7864 5325 7874 5357 7875 5359 7948 5351 7868 5327 7877 5326 7935 5318 7871 5329 7864 5337 7882 5333 7879 5354 7861 5346 7884 5344 7880 5317 7866 5325 7874 5327 7877 5337 7882 5345 7887 5341 7883 5355 7853 5347 7905 5346 7884 5322 7856 5314 7906 5312 7885 5345 7887 5353 7888 5349 7876 5345 7887 5347 7905 5355 7853 5315 7889 5314 7906 5322 7856 5353 7888 5361 7852 5357 7875 5350 7870 5348 7943 5340 7891 5321 7863 5313 7865 5315 7889 5361 7852 5369 7897 5365 7893 5343 7894 5351 7868 5350 7870 5318 7871 5316 7873 5308 7895 5369 7897 5377 7900 5373 7898 5349 7876 5351 7868 5343 7894 5311 7899 5319 7878 5318 7871 5377 7900 5385 7903 5381 7901 5338 7902 5336 7923 5344 7880 5317 7866 5319 7878 5311 7899 5385 7903 5393 7609 5389 7904 5347 7905 5339 7927 5338 7902 5314 7906 5306 7928 5304 7907 5393 7609 5401 7910 5397 7908 5337 7882 5339 7927 5347 7905 5307 7909 5306 7928 5314 7906 5401 7910 5409 7914 5405 7911 5334 7912 5342 7892 5340 7891 5313 7865 5305 7936 5307 7909 5409 7914 5417 7987 5413 7915 5335 7916 5343 7894 5342 7892 5310 7896 5308 7895 5300 7917 5413 7915 5417 7987 5425 7919 5341 7883 5343 7894 5335 7916 5303 7921 5311 7899 5310 7896 5425 7919 5433 7925 5429 7922 5330 7857 5328 7944 5336 7923 5309 7867 5311 7899 5303 7921 5433 7925 5441 7930 5437 7926 5339 7927 5331 7855 5330 7857 5306 7928 5298 8041 5296 7929 5441 7930 5449 7933 5445 7931 5329 7864 5331 7855 5339 7927 5299 7932 5298 8041 5306 7928 5449 7933 5457 8018 5453 7934 5326 7935 5334 7912 5332 7913 5305 7936 5297 7946 5299 7932 5453 7934 5457 8018 5465 7937 5327 7877 5335 7916 5334 7912 5302 7918 5300 7917 5293 7641 5465 7937 5473 7942 5469 7940 5325 7874 5333 7879 5335 7916 5295 7941 5303 7921 5302 7918 5473 7942 5481 7858 5477 7860 5305 7936 5313 7865 5309 7867 5301 7924 5303 7921 5295 7941 5358 7869 5356 7950 5348 7943 5322 7856 5320 7886 5328 7944 5312 7885 5304 7907 5296 7929 5296 7929 5480 8039 5472 8033 5472 8033 5464 8026 5456 8021 5456 8021 5448 8014 5440 7945 5440 7945 5432 8003 5424 7997 5424 7997 5416 7990 5408 7983 5408 7983 5400 7977 5392 7972 5392 7972 5384 7966 5408 7983 5384 7966 5376 7960 5408 7983 5376 7960 5368 7953 5360 7947 5360 7947 5352 7881 5344 7880 5344 7880 5336 7923 5328 7944 5328 7944 5320 7886 5312 7885 5312 7885 5296 7929 5472 8033 5472 8033 5456 8021 5440 7945 5440 7945 5424 7997 5408 7983 5376 7960 5360 7947 5344 7880 5344 7880 5328 7944 5312 7885 5312 7885 5472 8033 5440 7945 5440 7945 5408 7983 5376 7960 5376 7960 5344 7880 5440 7945 5297 7946 5305 7936 5301 7924 5362 7862 5354 7861 5352 7881 5365 7893 5367 7955 5359 7948 5359 7948 5367 7955 5366 7949 5366 7949 5364 7957 5356 7950 5369 7897 5361 7852 5363 7854 5363 7854 5362 7862 5370 7952 5370 7952 5362 7862 5360 7947 5365 7893 5373 7898 5375 7954 5375 7954 5374 7962 5366 7949 5366 7949 5374 7962 5372 7956 5369 7897 5371 7951 5379 7958 5379 7958 5371 7951 5370 7952 5370 7952 5368 7953 5376 7960 5373 7898 5381 7901 5383 7961 5383 7961 5382 7968 5374 7962 5374 7962 5382 7968 5380 7963 5377 7900 5379 7958 5387 7964 5387 7964 5379 7958 5378 7959 5378 7959 5376 7960 5384 7966 5381 7901 5389 7904 5391 7967 5391 7967 5390 7974 5382 7968 5382 7968 5390 7974 5388 7969 5385 7903 5387 7964 5395 7970 5395 7970 5387 7964 5386 7965 5386 7965 5384 7966 5392 7972 5397 7908 5399 7978 5391 7967 5391 7967 5399 7978 5398 7973 5398 7973 5396 7980 5388 7969 5401 7910 5393 7609 5395 7970 5395 7970 5394 7971 5402 7976 5402 7976 5394 7971 5392 7972 5405 7911 5407 7984 5399 7978 5399 7978 5407 7984 5406 7979 5406 7979 5404 7986 5396 7980 5409 7914 5401 7910 5403 7975 5403 7975 5402 7976 5410 7982 5410 7982 5402 7976 5400 7977 5413 7915 5415 7992 5407 7984 5407 7984 5415 7992 5414 7985 5414 7985 5412 7994 5404 7986 5417 7987 5409 7914 5411 7981 5411 7981 5410 7982 5418 7989 5418 7989 5410 7982 5408 7983 5413 7915 5421 7920 5423 7991 5423 7991 5422 7999 5414 7985 5414 7985 5422 7999 5420 7993 5417 7987 5419 7988 5427 7995 5427 7995 5419 7988 5418 7989 5418 7989 5416 7990 5424 7997 5421 7920 5429 7922 5431 7998 5431 7998 5430 8005 5422 7999 5422 7999 5430 8005 5428 8000 5425 7919 5427 7995 5435 8001 5427 7995 5426 7996 5434 8002 5426 7996 5424 7997 5432 8003 5429 7922 5437 7926 5439 8004 5439 8004 5438 8010 5430 8005 5430 8005 5438 8010 5436 8006 5441 7930 5433 7925 5435 8001 5435 8001 5434 8002 5442 8008 5434 8002 5432 8003 5440 7945 5437 7926 5445 7931 5447 8009 5447 8009 5446 8011 5438 8010 5446 8011 5444 8017 5436 8006 5449 7933 5441 7930 5443 8007 5443 8007 5442 8008 5450 8013 5450 8013 5442 8008 5440 7945 5453 7934 5455 8015 5447 8009 5455 8015 5454 8016 5446 8011 5454 8016 5452 8023 5444 8017 5457 8018 5449 7933 5451 8012 5451 8012 5450 8013 5458 8020 5458 8020 5450 8013 5448 8014 5461 7938 5463 8028 5455 8015 5455 8015 5463 8028 5462 8022 5462 8022 5460 8030 5452 8023 5465 7937 5457 8018 5459 8019 5459 8019 5458 8020 5466 8025 5466 8025 5458 8020 5456 8021 5461 7938 5469 7940 5471 8027 5471 8027 5470 8035 5462 8022 5462 8022 5470 8035 5468 8029 5465 7937 5467 8024 5475 8031 5475 8031 5467 8024 5466 8025 5466 8025 5464 8026 5472 8033 5469 7940 5477 7860 5479 8034 5479 8034 5478 8040 5470 8035 5470 8035 5478 8040 5476 8036 5473 7942 5475 8031 5483 8037 5483 8037 5475 8031 5474 8032 5474 8032 5472 8033 5480 8039 5477 7860 5292 7859 5295 7941 5295 7941 5294 7939 5478 8040 5478 8040 5294 7939 5293 7641 5481 7858 5483 8037 5299 7932 5299 7932 5483 8037 5482 8038 5482 8038 5480 8039 5296 7929 5476 8036 5293 7641 5300 7917 5300 7917 5308 7895 5316 7873 5316 7873 5324 7872 5348 7943 5324 7872 5332 7913 5348 7943 5332 7913 5340 7891 5348 7943 5348 7943 5356 7950 5364 7957 5364 7957 5372 7956 5348 7943 5372 7956 5380 7963 5348 7943 5380 7963 5388 7969 5396 7980 5396 7980 5404 7986 5380 7963 5404 7986 5412 7994 5380 7963 5412 7994 5420 7993 5428 8000 5428 8000 5436 8006 5412 7994 5436 8006 5444 8017 5412 7994 5444 8017 5452 8023 5476 8036 5452 8023 5460 8030 5476 8036 5460 8030 5468 8029 5476 8036 5476 8036 5300 7917 5348 7943 5300 7917 5316 7873 5348 7943 5348 7943 5380 7963 5412 7994 5412 7994 5444 8017 5476 8036 5673 8133 5665 8166 5667 8134 5643 8136 5635 8168 5634 8137 5793 8139 5609 7650 5604 7560 5675 8135 5667 8134 5666 8141 5633 8143 5635 8168 5643 8136 5625 8145 5633 8143 5629 8146 5663 8148 5671 8224 5670 8149 5630 8151 5638 8210 5636 8152 5633 8143 5641 8144 5637 8153 5669 8154 5671 8224 5663 8148 5639 8156 5638 8210 5630 8151 5641 8144 5649 8161 5645 8158 5666 8141 5658 8163 5656 8159 5629 8146 5637 8153 5639 8156 5649 8161 5657 8165 5653 8162 5667 8134 5659 8181 5658 8163 5634 8137 5626 8182 5624 8164 5657 8165 5665 8166 5661 8155 5657 8165 5659 8181 5667 8134 5627 8167 5626 8182 5634 8137 5665 8166 5673 8133 5669 8154 5662 8150 5660 8219 5652 7592 5633 8143 5625 8145 5627 8167 5673 8133 5681 8174 5677 8170 5655 8171 5663 8148 5662 8150 5630 8151 5628 7574 5620 8172 5681 8174 5689 8177 5685 8175 5661 8155 5663 8148 5655 8171 5623 8176 5631 8157 5630 8151 5689 8177 5697 8180 5693 8178 5650 8179 5648 8199 5656 8159 5629 8146 5631 8157 5623 8176 5697 8180 5705 7609 5701 7605 5659 8181 5651 8203 5650 8179 5626 8182 5618 8204 5616 8183 5705 7609 5713 8186 5709 8184 5649 8161 5651 8203 5659 8181 5619 8185 5618 8204 5626 8182 5713 8186 5721 8190 5717 8187 5646 8188 5654 8169 5652 7592 5625 8145 5617 8211 5619 8185 5721 8190 5729 8260 5725 8191 5647 8192 5655 8171 5654 8169 5622 8173 5620 8172 5612 8193 5725 8191 5729 8260 5737 8195 5653 8162 5655 8171 5647 8192 5615 8197 5623 8176 5622 8173 5737 8195 5745 8201 5741 8198 5642 8138 5640 8220 5648 8199 5621 8147 5623 8176 5615 8197 5745 8201 5753 8206 5749 8202 5651 8203 5643 8136 5642 8138 5618 8204 5610 8309 5608 8205 5753 8206 5761 8208 5757 8207 5641 8144 5643 8136 5651 8203 5611 7634 5610 8309 5618 8204 5761 8208 5769 8288 5765 8209 5638 8210 5646 8188 5644 8189 5617 8211 5609 7650 5611 7634 5765 8209 5769 8288 5777 8212 5639 8156 5647 8192 5646 8188 5614 8194 5612 8193 5605 8214 5777 8212 5785 8218 5781 8216 5637 8153 5645 8158 5647 8192 5607 8217 5615 8197 5614 8194 5785 8218 5793 8139 5789 8140 5617 8211 5625 8145 5621 8147 5613 8200 5615 8197 5607 8217 5670 8149 5668 8226 5660 8219 5634 8137 5632 7587 5640 8220 5624 8164 5616 8183 5608 8205 5608 8205 5792 8307 5784 8301 5784 8301 5776 7729 5768 8291 5768 8291 5760 8284 5752 8221 5752 8221 5744 8274 5736 8268 5736 8268 5728 7693 5720 8256 5720 8256 5712 8250 5688 8222 5712 8250 5704 8245 5688 8222 5704 8245 5696 8239 5688 8222 5688 8222 5680 7657 5672 8223 5672 8223 5664 8160 5656 8159 5656 8159 5648 8199 5640 8220 5640 8220 5632 7587 5624 8164 5624 8164 5608 8205 5784 8301 5784 8301 5768 8291 5624 8164 5768 8291 5752 8221 5624 8164 5752 8221 5736 8268 5720 8256 5688 8222 5672 8223 5624 8164 5672 8223 5656 8159 5624 8164 5656 8159 5640 8220 5624 8164 5752 8221 5720 8256 5688 8222 5609 7650 5617 8211 5613 8200 5674 8142 5666 8141 5664 8160 5677 8170 5679 8230 5671 8224 5671 8224 5679 8230 5678 8225 5678 8225 5676 7661 5668 8226 5681 8174 5673 8133 5675 8135 5675 8135 5674 8142 5682 8228 5682 8228 5674 8142 5672 8223 5677 8170 5685 8175 5687 8229 5687 8229 5686 8235 5678 8225 5678 8225 5686 8235 5684 8231 5681 8174 5683 8227 5691 8232 5691 8232 5683 8227 5682 8228 5682 8228 5680 7657 5688 8222 5685 8175 5693 8178 5695 8234 5695 8234 5694 8241 5686 8235 5686 8235 5694 8241 5692 8236 5689 8177 5691 8232 5699 8237 5699 8237 5691 8232 5690 8233 5690 8233 5688 8222 5696 8239 5693 8178 5701 7605 5703 8240 5703 8240 5702 8247 5694 8241 5694 8241 5702 8247 5700 8242 5697 8180 5699 8237 5707 8243 5707 8243 5699 8237 5698 8238 5698 8238 5696 8239 5704 8245 5709 8184 5711 8251 5703 8240 5703 8240 5711 8251 5710 8246 5710 8246 5708 8253 5700 8242 5713 8186 5705 7609 5707 8243 5707 8243 5706 8244 5714 8249 5714 8249 5706 8244 5704 8245 5717 8187 5719 8257 5711 8251 5711 8251 5719 8257 5718 8252 5718 8252 5716 8259 5708 8253 5721 8190 5713 8186 5715 8248 5715 8248 5714 8249 5722 8255 5722 8255 5714 8249 5712 8250 5725 8191 5727 8264 5719 8257 5719 8257 5727 8264 5726 8258 5726 8258 5724 7697 5716 8259 5729 8260 5721 8190 5723 8254 5723 8254 5722 8255 5730 8262 5730 8262 5722 8255 5720 8256 5725 8191 5733 8196 5735 8263 5735 8263 5734 8270 5726 8258 5726 8258 5734 8270 5732 8265 5729 8260 5731 8261 5739 8266 5739 8266 5731 8261 5730 8262 5730 8262 5728 7693 5736 8268 5733 8196 5741 8198 5743 8269 5743 8269 5742 8276 5734 8270 5734 8270 5742 8276 5740 8271 5737 8195 5739 8266 5747 8272 5739 8266 5738 8267 5746 8273 5738 8267 5736 8268 5744 8274 5741 8198 5749 8202 5751 8275 5751 8275 5750 8280 5742 8276 5742 8276 5750 8280 5748 7709 5753 8206 5745 8201 5747 8272 5747 8272 5746 8273 5754 8278 5746 8273 5744 8274 5752 8221 5749 8202 5757 8207 5759 8279 5759 8279 5758 8281 5750 8280 5758 8281 5756 8287 5748 7709 5761 8208 5753 8206 5755 8277 5755 8277 5754 8278 5762 8283 5762 8283 5754 8278 5752 8221 5765 8209 5767 8285 5759 8279 5767 8285 5766 8286 5758 8281 5766 8286 5764 8293 5756 8287 5769 8288 5761 8208 5763 8282 5763 8282 5762 8283 5770 8290 5770 8290 5762 8283 5760 8284 5773 8213 5775 8297 5767 8285 5767 8285 5775 8297 5774 8292 5774 8292 5772 7733 5764 8293 5777 8212 5769 8288 5771 8289 5771 8289 5770 8290 5778 8295 5778 8295 5770 8290 5768 8291 5773 8213 5781 8216 5783 8296 5783 8296 5782 8303 5774 8292 5774 8292 5782 8303 5780 8298 5777 8212 5779 8294 5787 8299 5787 8299 5779 8294 5778 8295 5778 8295 5776 7729 5784 8301 5781 8216 5789 8140 5791 8302 5791 8302 5790 8308 5782 8303 5782 8303 5790 8308 5788 8304 5785 8218 5787 8299 5795 8305 5795 8305 5787 8299 5786 8300 5786 8300 5784 8301 5792 8307 5789 8140 5604 7560 5607 8217 5607 8217 5606 8215 5790 8308 5790 8308 5606 8215 5605 8214 5793 8139 5795 8305 5611 7634 5611 7634 5795 8305 5794 8306 5794 8306 5792 8307 5608 8205 5788 8304 5605 8214 5612 8193 5612 8193 5620 8172 5628 7574 5628 7574 5636 8152 5644 8189 5644 8189 5652 7592 5628 7574 5652 7592 5660 8219 5628 7574 5660 8219 5668 8226 5676 7661 5676 7661 5684 8231 5660 8219 5684 8231 5692 8236 5660 8219 5692 8236 5700 8242 5724 7697 5700 8242 5708 8253 5724 7697 5708 8253 5716 8259 5724 7697 5724 7697 5732 8265 5740 8271 5740 8271 5748 7709 5724 7697 5748 7709 5756 8287 5724 7697 5756 8287 5764 8293 5788 8304 5764 8293 5772 7733 5788 8304 5772 7733 5780 8298 5788 8304 5788 8304 5612 8193 5660 8219 5612 8193 5628 7574 5660 8219 5660 8219 5692 8236 5724 7697 5724 7697 5756 8287 5788 8304 5985 8385 5977 8418 5979 8386 5955 8388 5947 8420 5946 8389 6105 8391 5921 7946 5916 7859 5987 8387 5979 8386 5978 8393 5945 8395 5947 8420 5955 8388 5937 8397 5945 8395 5941 8398 5975 8400 5983 8476 5982 8401 5942 8403 5950 8464 5948 8404 5945 8395 5953 8396 5949 8405 5981 8406 5983 8476 5975 8400 5951 8408 5950 8464 5942 8403 5953 8396 5961 8413 5957 8410 5978 8393 5970 8415 5968 8411 5941 8398 5949 8405 5951 8408 5961 8413 5969 8417 5965 8414 5979 8386 5971 8434 5970 8415 5946 8389 5938 8435 5936 8416 5969 8417 5977 8418 5973 8407 5969 8417 5971 8434 5979 8386 5939 8419 5938 8435 5946 8389 5977 8418 5985 8385 5981 8406 5974 8402 5972 8472 5964 8421 5945 8395 5937 8397 5939 8419 5985 8385 5993 8427 5989 8423 5967 8424 5975 8400 5974 8402 5942 8403 5940 7873 5932 8425 5993 8427 6001 8430 5997 8428 5973 8407 5975 8400 5967 8424 5935 8429 5943 8409 5942 8403 6001 8430 6009 8433 6005 8431 5962 8432 5960 8452 5968 8411 5941 8398 5943 8409 5935 8429 6009 8433 6017 7609 6013 7904 5971 8434 5963 8456 5962 8432 5938 8435 5930 8457 5928 8436 6017 7609 6025 8439 6021 8437 5961 8413 5963 8456 5971 8434 5931 8438 5930 8457 5938 8435 6025 8439 6033 8443 6029 8440 5958 8441 5966 8422 5964 8421 5937 8397 5929 8465 5931 8438 6033 8443 6041 8513 6037 8444 5959 8445 5967 8424 5966 8422 5934 8426 5932 8425 5924 8446 6037 8444 6041 8513 6049 8448 5965 8414 5967 8424 5959 8445 5927 8450 5935 8429 5934 8426 6049 8448 6057 8454 6053 8451 5954 8390 5952 8473 5960 8452 5933 8399 5935 8429 5927 8450 6057 8454 6065 8459 6061 8455 5963 8456 5955 8388 5954 8390 5930 8457 5922 8562 5920 8458 6065 8459 6073 8462 6069 8460 5953 8396 5955 8388 5963 8456 5923 8461 5922 8562 5930 8457 6073 8462 6081 8541 6077 8463 5950 8464 5958 8441 5956 8442 5929 8465 5921 7946 5923 8461 6077 8463 6081 8541 6089 8466 5951 8408 5959 8445 5958 8441 5926 8447 5924 8446 5917 8214 6089 8466 6097 8471 6093 8469 5949 8405 5957 8410 5959 8445 5919 8470 5927 8450 5926 8447 6097 8471 6105 8391 6101 8392 5929 8465 5937 8397 5933 8399 5925 8453 5927 8450 5919 8470 5982 8401 5980 8478 5972 8472 5946 8389 5944 7886 5952 8473 5936 8416 5928 8436 5920 8458 5920 8458 6104 8560 6096 8554 6096 8554 6088 8026 6080 8544 6080 8544 6072 8537 6064 8474 6064 8474 6056 8527 6048 8521 6048 8521 6040 7990 6032 8509 6032 8509 6024 8503 6016 8498 6016 8498 6008 8492 6032 8509 6008 8492 6000 8486 6032 8509 6000 8486 5992 7953 5984 8475 5984 8475 5976 8412 5968 8411 5968 8411 5960 8452 5952 8473 5952 8473 5944 7886 5936 8416 5936 8416 5920 8458 6096 8554 6096 8554 6080 8544 6064 8474 6064 8474 6048 8521 6032 8509 6000 8486 5984 8475 5968 8411 5968 8411 5952 8473 5936 8416 5936 8416 6096 8554 6064 8474 6064 8474 6032 8509 6000 8486 6000 8486 5968 8411 6064 8474 5921 7946 5929 8465 5925 8453 5986 8394 5978 8393 5976 8412 5989 8423 5991 8482 5983 8476 5983 8476 5991 8482 5990 8477 5990 8477 5988 7957 5980 8478 5993 8427 5985 8385 5987 8387 5987 8387 5986 8394 5994 8480 5994 8480 5986 8394 5984 8475 5989 8423 5997 8428 5999 8481 5999 8481 5998 8488 5990 8477 5990 8477 5998 8488 5996 8483 5993 8427 5995 8479 6003 8484 6003 8484 5995 8479 5994 8480 5994 8480 5992 7953 6000 8486 5997 8428 6005 8431 6007 8487 6007 8487 6006 8494 5998 8488 5998 8488 6006 8494 6004 8489 6001 8430 6003 8484 6011 8490 6011 8490 6003 8484 6002 8485 6002 8485 6000 8486 6008 8492 6005 8431 6013 7904 6015 8493 6015 8493 6014 8500 6006 8494 6006 8494 6014 8500 6012 8495 6009 8433 6011 8490 6019 8496 6019 8496 6011 8490 6010 8491 6010 8491 6008 8492 6016 8498 6021 8437 6023 8504 6015 8493 6015 8493 6023 8504 6022 8499 6022 8499 6020 8506 6012 8495 6025 8439 6017 7609 6019 8496 6019 8496 6018 8497 6026 8502 6026 8502 6018 8497 6016 8498 6029 8440 6031 8510 6023 8504 6023 8504 6031 8510 6030 8505 6030 8505 6028 8512 6020 8506 6033 8443 6025 8439 6027 8501 6027 8501 6026 8502 6034 8508 6034 8508 6026 8502 6024 8503 6037 8444 6039 8517 6031 8510 6031 8510 6039 8517 6038 8511 6038 8511 6036 7994 6028 8512 6041 8513 6033 8443 6035 8507 6035 8507 6034 8508 6042 8515 6042 8515 6034 8508 6032 8509 6037 8444 6045 8449 6047 8516 6047 8516 6046 8523 6038 8511 6038 8511 6046 8523 6044 8518 6041 8513 6043 8514 6051 8519 6051 8519 6043 8514 6042 8515 6042 8515 6040 7990 6048 8521 6045 8449 6053 8451 6055 8522 6055 8522 6054 8529 6046 8523 6046 8523 6054 8529 6052 8524 6049 8448 6051 8519 6059 8525 6051 8519 6050 8520 6058 8526 6050 8520 6048 8521 6056 8527 6053 8451 6061 8455 6063 8528 6063 8528 6062 8533 6054 8529 6054 8529 6062 8533 6060 8006 6065 8459 6057 8454 6059 8525 6059 8525 6058 8526 6066 8531 6058 8526 6056 8527 6064 8474 6061 8455 6069 8460 6071 8532 6071 8532 6070 8534 6062 8533 6070 8534 6068 8540 6060 8006 6073 8462 6065 8459 6067 8530 6067 8530 6066 8531 6074 8536 6074 8536 6066 8531 6064 8474 6077 8463 6079 8538 6071 8532 6079 8538 6078 8539 6070 8534 6078 8539 6076 8546 6068 8540 6081 8541 6073 8462 6075 8535 6075 8535 6074 8536 6082 8543 6082 8543 6074 8536 6072 8537 6085 8467 6087 8550 6079 8538 6079 8538 6087 8550 6086 8545 6086 8545 6084 8030 6076 8546 6089 8466 6081 8541 6083 8542 6083 8542 6082 8543 6090 8548 6090 8548 6082 8543 6080 8544 6085 8467 6093 8469 6095 8549 6095 8549 6094 8556 6086 8545 6086 8545 6094 8556 6092 8551 6089 8466 6091 8547 6099 8552 6099 8552 6091 8547 6090 8548 6090 8548 6088 8026 6096 8554 6093 8469 6101 8392 6103 8555 6103 8555 6102 8561 6094 8556 6094 8556 6102 8561 6100 8557 6097 8471 6099 8552 6107 8558 6107 8558 6099 8552 6098 8553 6098 8553 6096 8554 6104 8560 6101 8392 5916 7859 5919 8470 5919 8470 5918 8468 6102 8561 6102 8561 5918 8468 5917 8214 6105 8391 6107 8558 5923 8461 5923 8461 6107 8558 6106 8559 6106 8559 6104 8560 5920 8458 6100 8557 5917 8214 5924 8446 5924 8446 5932 8425 5940 7873 5940 7873 5948 8404 5972 8472 5948 8404 5956 8442 5972 8472 5956 8442 5964 8421 5972 8472 5972 8472 5980 8478 5988 7957 5988 7957 5996 8483 5972 8472 5996 8483 6004 8489 5972 8472 6004 8489 6012 8495 6020 8506 6020 8506 6028 8512 6004 8489 6028 8512 6036 7994 6004 8489 6036 7994 6044 8518 6052 8524 6052 8524 6060 8006 6036 7994 6060 8006 6068 8540 6036 7994 6068 8540 6076 8546 6100 8557 6076 8546 6084 8030 6100 8557 6084 8030 6092 8551 6100 8557 6100 8557 5924 8446 5972 8472 5924 8446 5940 7873 5972 8472 5972 8472 6004 8489 6036 7994 6036 7994 6068 8540 6100 8557 6132 8566 6133 11341 6141 8567 6133 8569 6134 11342 6142 8570 6135 8572 6143 8594 6142 8573 6136 8575 6144 8596 6143 8576 6137 8578 6145 8598 6144 8579 6138 8581 6146 11343 6145 8582 6138 8584 6139 11344 6147 8585 6139 8587 6132 8767 6140 8588 6140 8568 6141 8567 6149 8590 6141 8571 6142 8570 6150 8592 6143 8594 6151 11345 6150 8595 6144 8596 6152 11346 6151 8597 6145 8598 6153 11347 6152 8599 6146 8600 6154 11348 6153 8601 6146 8603 6147 11349 6155 8604 6147 8589 6140 8588 6148 8606 6149 8590 6157 8626 6156 8608 6149 8609 6150 11350 6158 8610 6151 8612 6159 11351 6158 8613 6151 8597 6152 11346 6160 8615 6152 8599 6153 11347 6161 8617 6154 8619 6162 11352 6161 8620 6154 8622 6155 11353 6163 8623 6148 8606 6156 8644 6163 8625 6157 8626 6165 8646 6164 8627 6158 8628 6166 8648 6165 8629 6158 8631 6159 11354 6167 8632 6159 8616 6160 8615 6168 8634 6160 8618 6161 8617 6169 8636 6161 8638 6162 11355 6170 8639 6163 8641 6171 11356 6170 8642 6156 8644 6164 8662 6171 8645 6165 8646 6173 11357 6172 8647 6166 8648 6174 11358 6173 8649 6166 8633 6167 8632 6175 8650 6167 8635 6168 8634 6176 8652 6168 8637 6169 8636 6177 8654 6169 8656 6170 11359 6178 8657 6171 8659 6179 11360 6178 8660 6164 8662 6172 8846 6179 8663 6133 3485 6132 3485 6139 3485 6139 3485 6138 3485 6133 3485 6138 3485 6137 3485 6133 3485 6137 3485 6136 3485 6135 3485 6135 3485 6134 3485 6137 3485 6178 8666 6179 11361 6172 11362 6172 11362 6173 11363 6174 8664 6174 8664 6175 11364 6176 8665 6176 8665 6177 11365 6178 8666 6178 8666 6172 11362 6174 8664 6180 8667 6181 11366 6189 8668 6181 8670 6182 11367 6190 8671 6183 8673 6191 8694 6190 8674 6184 8676 6192 8696 6191 8677 6185 8679 6193 8698 6192 8680 6186 8681 6194 11368 6193 8682 6186 8684 6187 11369 6195 8685 6187 8687 6180 8767 6188 8688 6188 8669 6189 8668 6197 8690 6189 8672 6190 8671 6198 8692 6191 8694 6199 11370 6198 8695 6192 8696 6200 8715 6199 8697 6193 8698 6201 8717 6200 8699 6194 8700 6202 11371 6201 8701 6194 8702 6195 11349 6203 8703 6195 8689 6188 8688 6196 8705 6196 8691 6197 8690 6205 8707 6198 8709 6206 11372 6205 8710 6198 8712 6199 11373 6207 8713 6200 8715 6208 11374 6207 8716 6201 8717 6209 11375 6208 8718 6201 8719 6202 11376 6210 8720 6203 8722 6211 11377 6210 8723 6203 8706 6196 8705 6204 8725 6205 8707 6213 8745 6212 8727 6206 8728 6214 8747 6213 8729 6206 8731 6207 11378 6215 8732 6207 8716 6208 11374 6216 8734 6208 8718 6209 11375 6217 8736 6209 8738 6210 11379 6218 8739 6211 8741 6219 11380 6218 8742 6204 8725 6212 8760 6219 8744 6213 8745 6221 11381 6220 8746 6214 8747 6222 11382 6221 8748 6214 8733 6215 8732 6223 8749 6215 8735 6216 8734 6224 8751 6216 8737 6217 8736 6225 8753 6217 8754 6218 11383 6226 8755 6219 8757 6227 11384 6226 8758 6212 8760 6220 8846 6227 8761 6181 3485 6180 3485 6187 3485 6187 3485 6186 3485 6181 3485 6186 3485 6185 3485 6181 3485 6185 3485 6184 3485 6183 3485 6183 3485 6182 3485 6185 3485 6226 11385 6227 11386 6220 8762 6220 8762 6221 11387 6222 8763 6222 8763 6223 11388 6224 8764 6224 8764 6225 11389 6226 11385 6226 11385 6220 8762 6224 8764 6229 8765 6237 8789 6236 8766 6230 8768 6238 11390 6237 8769 6230 8771 6231 11391 6239 8772 6231 8774 6232 8580 6240 8775 6232 8777 6233 11392 6241 8778 6233 8780 6234 11393 6242 8781 6235 8783 6243 8803 6242 8784 6228 8786 6236 8805 6243 8787 6237 8789 6245 11394 6244 8790 6238 8791 6246 11395 6245 8792 6238 8794 6239 11396 6247 8795 6239 8776 6240 8775 6248 8797 6240 8779 6241 8778 6249 8799 6241 8782 6242 8781 6250 8801 6243 8803 6251 11397 6250 8804 6236 8805 6244 11398 6251 8806 6244 8790 6245 11394 6253 8807 6246 8809 6254 11399 6253 8810 6246 8812 6247 11400 6255 8813 6248 8797 6256 8833 6255 8815 6249 8799 6257 8835 6256 8816 6249 8817 6250 11401 6258 8818 6251 8820 6259 11402 6258 8821 6251 8806 6244 11398 6252 8823 6252 8808 6253 8807 6261 8825 6253 8827 6254 11403 6262 8828 6255 8830 6263 11404 6262 8831 6256 8833 6264 8853 6263 8834 6257 8835 6265 8855 6264 8836 6258 8837 6266 8857 6265 8838 6258 8840 6259 11405 6267 8841 6259 8824 6252 8823 6260 8843 6260 8826 6261 8825 6269 8845 6261 8847 6262 11406 6270 8848 6263 8850 6271 11407 6270 8851 6264 8853 6272 8655 6271 8854 6265 8855 6273 11408 6272 8856 6266 8857 6274 11409 6273 8858 6266 8842 6267 8841 6275 8859 6267 8844 6260 8843 6268 8861 6229 3479 6228 3479 6235 3479 6235 3479 6234 3479 6229 3479 6234 3479 6233 3479 6229 3479 6233 3479 6232 3479 6231 3479 6231 3479 6230 3479 6233 3479 6274 8865 6275 11410 6268 11411 6268 11411 6269 11412 6270 8863 6270 8863 6271 11413 6272 8864 6272 8864 6273 11414 6274 8865 6274 8865 6268 11411 6270 8863 6277 8866 6285 8889 6284 8867 6278 8868 6286 11415 6285 8869 6278 8871 6279 11416 6287 8872 6279 8874 6280 8580 6288 8875 6280 8877 6281 11417 6289 8878 6281 8880 6282 11418 6290 8881 6283 8883 6291 8902 6290 8884 6276 8886 6284 8904 6291 8887 6285 8889 6293 8906 6292 8890 6286 8891 6294 11419 6293 8892 6286 8893 6287 11396 6295 8894 6287 8876 6288 8875 6296 8896 6288 8879 6289 8878 6297 8898 6289 8882 6290 8881 6298 8900 6291 8902 6299 11420 6298 8903 6284 8904 6292 8924 6299 8905 6293 8906 6301 11421 6300 8907 6293 8908 6294 11422 6302 8909 6295 8911 6303 11423 6302 8912 6295 8897 6296 8896 6304 8914 6296 8899 6297 8898 6305 8916 6298 8918 6306 11424 6305 8919 6298 8921 6299 11425 6307 8922 6292 8924 6300 11426 6307 8925 6300 8907 6301 11421 6309 8926 6301 8928 6302 11427 6310 8929 6303 8931 6311 11428 6310 8932 6304 8914 6312 8951 6311 8934 6305 8916 6313 8953 6312 8935 6306 8936 6314 8955 6313 8937 6306 8939 6307 11429 6315 8940 6307 8925 6300 11426 6308 8942 6308 8927 6309 8926 6317 8944 6309 8945 6310 11430 6318 8946 6311 8948 6319 11431 6318 8949 6312 8951 6320 8655 6319 8952 6313 8953 6321 11432 6320 8954 6314 8955 6322 11433 6321 8956 6314 8941 6315 8940 6323 8957 6315 8943 6308 8942 6316 8959 6277 3479 6276 3479 6283 3479 6283 3479 6282 3479 6277 3479 6282 3479 6281 3479 6277 3479 6281 3479 6280 3479 6279 3479 6279 3479 6278 3479 6281 3479 6322 11434 6323 11435 6316 8961 6316 8961 6317 11436 6318 8962 6318 8962 6319 11437 6320 8963 6320 8963 6321 11438 6322 11434 6322 11434 6316 8961 6320 8963 6325 1358 6327 1358 6326 1358 6327 3479 6331 3479 6330 3479 6331 1377 6329 1377 6328 1377 6329 3485 6325 3485 6324 3485 6330 1647 6328 1647 6324 1647 6327 1324 6325 1324 6329 1324 6393 8964 6344 8991 6333 8965 6417 8967 6394 9038 6381 8968 6368 8970 6345 8995 6392 8971 6346 8973 6370 9018 6357 8974 6369 8976 6418 9059 6405 8977 6335 8979 6337 8983 6336 8980 6335 8979 6339 8985 6340 8982 6338 8984 6340 8982 6339 8985 6342 8986 6343 8988 6340 8982 6341 8987 6343 8988 6342 8986 6336 8980 6337 8983 6343 8988 6347 8989 6349 8993 6348 8990 6351 8992 6352 8997 6349 8993 6350 8994 6352 8997 6351 8992 6350 8994 6354 8999 6355 8996 6353 8998 6355 8996 6354 8999 6353 8998 6348 8990 6349 8993 6359 9000 6361 9004 6360 9001 6359 9000 6363 9006 6364 9003 6362 9005 6364 9003 6363 9006 6362 9005 6366 9009 6367 9007 6365 9008 6367 9007 6366 9009 6360 9001 6361 9004 6367 9007 6371 9010 6373 9013 6372 9011 6371 9010 6375 9015 6376 9012 6374 9014 6376 9012 6375 9015 6378 9016 6379 9019 6376 9012 6377 9017 6379 9019 6378 9016 6372 9011 6373 9013 6379 9019 6383 9020 6385 9024 6384 9021 6383 9020 6387 9026 6388 9023 6386 9025 6388 9023 6387 9026 6386 9025 6390 9029 6391 9027 6389 9028 6391 9027 6390 9029 6384 9021 6385 9024 6391 9027 6395 9030 6397 9033 6396 9031 6395 9030 6399 9035 6400 9032 6398 9034 6400 9032 6399 9035 6402 9036 6403 9039 6400 9032 6401 9037 6403 9039 6402 9036 6396 9031 6397 9033 6403 9039 6407 9040 6409 9044 6408 9041 6407 9040 6411 9046 6412 9043 6410 9045 6412 9043 6411 9046 6414 9047 6415 9049 6412 9043 6413 9048 6415 9049 6414 9047 6408 9041 6409 9044 6415 9049 6419 9050 6421 9053 6420 9051 6419 9050 6423 9055 6424 9052 6422 9054 6424 9052 6423 9055 6422 9054 6426 9058 6427 9056 6425 9057 6427 9056 6426 9058 6420 9051 6421 9053 6427 9056 6332 8981 6336 8980 6359 9000 6336 8980 6341 8987 6363 9006 6341 8987 6334 8975 6357 8974 6344 8991 6348 8990 6338 8984 6348 8990 6353 8998 6342 8986 6353 8998 6346 8973 6334 8975 6368 8970 6372 9011 6350 8994 6372 9011 6377 9017 6354 8999 6377 9017 6370 9018 6346 8973 6358 8978 6366 9009 6374 9014 6366 9009 6362 9005 6378 9016 6362 9005 6357 8974 6370 9018 6356 9002 6360 9001 6407 9040 6360 9001 6365 9008 6411 9046 6365 9008 6358 8978 6405 8977 6416 8972 6420 9051 6371 9010 6420 9051 6425 9057 6375 9015 6425 9057 6418 9059 6369 8976 6406 8969 6414 9047 6422 9054 6414 9047 6410 9045 6426 9058 6410 9045 6405 8977 6418 9059 6404 9042 6408 9041 6383 9020 6408 9041 6413 9048 6387 9026 6413 9048 6406 8969 6381 8968 6392 8971 6396 9031 6419 9050 6396 9031 6401 9037 6423 9055 6401 9037 6394 9038 6417 8967 6382 8966 6390 9029 6398 9034 6390 9029 6386 9025 6402 9036 6386 9025 6381 8968 6394 9038 6380 9022 6384 9021 6335 8979 6384 9021 6389 9028 6339 8985 6389 9028 6382 8966 6333 8965 6345 8995 6351 8992 6395 9030 6351 8992 6347 8989 6399 9035 6347 8989 6344 8991 6393 8964 6404 9042 6380 9022 6332 8981 6489 9060 6440 9087 6429 9061 6513 9063 6490 9134 6477 9064 6464 9066 6441 9091 6488 9067 6442 9069 6466 9114 6453 9070 6465 9072 6514 9155 6501 9073 6431 9075 6433 9079 6432 9076 6431 9075 6435 9081 6436 9078 6434 9080 6436 9078 6435 9081 6438 9082 6439 9084 6436 9078 6437 9083 6439 9084 6438 9082 6432 9076 6433 9079 6439 9084 6443 9085 6445 9089 6444 9086 6447 9088 6448 9093 6445 9089 6446 9090 6448 9093 6447 9088 6446 9090 6450 9095 6451 9092 6449 9094 6451 9092 6450 9095 6449 9094 6444 9086 6445 9089 6455 9096 6457 9100 6456 9097 6455 9096 6459 9102 6460 9099 6458 9101 6460 9099 6459 9102 6458 9101 6462 9105 6463 9103 6461 9104 6463 9103 6462 9105 6456 9097 6457 9100 6463 9103 6467 9106 6469 9109 6468 9107 6467 9106 6471 9111 6472 9108 6470 9110 6472 9108 6471 9111 6474 9112 6475 9115 6472 9108 6473 9113 6475 9115 6474 9112 6468 9107 6469 9109 6475 9115 6479 9116 6481 9120 6480 9117 6479 9116 6483 9122 6484 9119 6482 9121 6484 9119 6483 9122 6482 9121 6486 9125 6487 9123 6485 9124 6487 9123 6486 9125 6480 9117 6481 9120 6487 9123 6491 9126 6493 9129 6492 9127 6491 9126 6495 9131 6496 9128 6494 9130 6496 9128 6495 9131 6498 9132 6499 9135 6496 9128 6497 9133 6499 9135 6498 9132 6492 9127 6493 9129 6499 9135 6503 9136 6505 9140 6504 9137 6503 9136 6507 9142 6508 9139 6506 9141 6508 9139 6507 9142 6510 9143 6511 9145 6508 9139 6509 9144 6511 9145 6510 9143 6504 9137 6505 9140 6511 9145 6515 9146 6517 9149 6516 9147 6515 9146 6519 9151 6520 9148 6518 9150 6520 9148 6519 9151 6518 9150 6522 9154 6523 9152 6521 9153 6523 9152 6522 9154 6516 9147 6517 9149 6523 9152 6428 9077 6432 9076 6455 9096 6432 9076 6437 9083 6459 9102 6437 9083 6430 9071 6453 9070 6440 9087 6444 9086 6434 9080 6444 9086 6449 9094 6438 9082 6449 9094 6442 9069 6430 9071 6464 9066 6468 9107 6446 9090 6468 9107 6473 9113 6450 9095 6473 9113 6466 9114 6442 9069 6454 9074 6462 9105 6470 9110 6462 9105 6458 9101 6474 9112 6458 9101 6453 9070 6466 9114 6452 9098 6456 9097 6503 9136 6456 9097 6461 9104 6507 9142 6461 9104 6454 9074 6501 9073 6512 9068 6516 9147 6467 9106 6516 9147 6521 9153 6471 9111 6521 9153 6514 9155 6465 9072 6502 9065 6510 9143 6518 9150 6510 9143 6506 9141 6522 9154 6506 9141 6501 9073 6514 9155 6500 9138 6504 9137 6479 9116 6504 9137 6509 9144 6483 9122 6509 9144 6502 9065 6477 9064 6488 9067 6492 9127 6515 9146 6492 9127 6497 9133 6519 9151 6497 9133 6490 9134 6513 9063 6478 9062 6486 9125 6494 9130 6486 9125 6482 9121 6498 9132 6482 9121 6477 9064 6490 9134 6476 9118 6480 9117 6431 9075 6480 9117 6485 9124 6435 9081 6485 9124 6478 9062 6429 9061 6441 9091 6447 9088 6491 9126 6447 9088 6443 9085 6495 9131 6443 9085 6440 9087 6489 9060 6500 9138 6476 9118 6428 9077 6621 1358 6623 1358 6622 1358 6623 3479 6627 3479 6626 3479 6627 1377 6625 1377 6624 1377 6625 3485 6621 3485 6620 3485 6626 1647 6624 1647 6620 1647 6623 1324 6621 1324 6625 1324 6689 9252 6640 9269 6629 9253 6713 8967 6690 9038 6677 8968 6664 8970 6641 8995 6688 8971 6642 8973 6666 9018 6653 8974 6665 9255 6714 9331 6701 9256 6631 9258 6633 9261 6632 9259 6631 9258 6635 9263 6636 9260 6634 9262 6636 9260 6635 9263 6638 9264 6639 9266 6636 9260 6637 9265 6639 9266 6638 9264 6632 9259 6633 9261 6639 9266 6643 9267 6645 9271 6644 9268 6647 9270 6648 9274 6645 9271 6646 9272 6648 9274 6647 9270 6646 9272 6650 9276 6651 9273 6649 9275 6651 9273 6650 9276 6649 9275 6644 9268 6645 9271 6655 9277 6657 9280 6656 9278 6655 9277 6659 9282 6660 9279 6658 9281 6660 9279 6659 9282 6658 9281 6662 9285 6663 9283 6661 9284 6663 9283 6662 9285 6656 9278 6657 9280 6663 9283 6667 9286 6669 9289 6668 9287 6667 9286 6671 9291 6672 9288 6670 9290 6672 9288 6671 9291 6674 9292 6675 9294 6672 9288 6673 9293 6675 9294 6674 9292 6668 9287 6669 9289 6675 9294 6679 9295 6681 9298 6680 9296 6679 9295 6683 9300 6684 9297 6682 9299 6684 9297 6683 9300 6682 9299 6686 9303 6687 9301 6685 9302 6687 9301 6686 9303 6680 9296 6681 9298 6687 9301 6691 9304 6693 9307 6692 9305 6691 9304 6695 9309 6696 9306 6694 9308 6696 9306 6695 9309 6698 9310 6699 9312 6696 9306 6697 9311 6699 9312 6698 9310 6692 9305 6693 9307 6699 9312 6703 9313 6705 9316 6704 9314 6703 9313 6707 9318 6708 9315 6706 9317 6708 9315 6707 9318 6710 9319 6711 9321 6708 9315 6709 9320 6711 9321 6710 9319 6704 9314 6705 9316 6711 9321 6715 9322 6717 9325 6716 9323 6715 9322 6719 9327 6720 9324 6718 9326 6720 9324 6719 9327 6718 9326 6722 9330 6723 9328 6721 9329 6723 9328 6722 9330 6716 9323 6717 9325 6723 9328 6628 8981 6632 9259 6655 9277 6632 9259 6637 9265 6659 9282 6637 9265 6630 8975 6653 8974 6640 9269 6644 9268 6634 9262 6644 9268 6649 9275 6638 9264 6649 9275 6642 8973 6630 8975 6664 8970 6668 9287 6646 9272 6668 9287 6673 9293 6650 9276 6673 9293 6666 9018 6642 8973 6654 9257 6662 9285 6670 9290 6662 9285 6658 9281 6674 9292 6658 9281 6653 8974 6666 9018 6652 9002 6656 9278 6703 9313 6656 9278 6661 9284 6707 9318 6661 9284 6654 9257 6701 9256 6712 8972 6716 9323 6667 9286 6716 9323 6721 9329 6671 9291 6721 9329 6714 9331 6665 9255 6702 8969 6710 9319 6718 9326 6710 9319 6706 9317 6722 9330 6706 9317 6701 9256 6714 9331 6700 9042 6704 9314 6679 9295 6704 9314 6709 9320 6683 9300 6709 9320 6702 8969 6677 8968 6688 8971 6692 9305 6715 9322 6692 9305 6697 9311 6719 9327 6697 9311 6690 9038 6713 8967 6678 9254 6686 9303 6694 9308 6686 9303 6682 9299 6698 9310 6682 9299 6677 8968 6690 9038 6676 9022 6680 9296 6631 9258 6680 9296 6685 9302 6635 9263 6685 9302 6678 9254 6629 9253 6641 8995 6647 9270 6691 9304 6647 9270 6643 9267 6695 9309 6643 9267 6640 9269 6689 9252 6700 9042 6676 9022 6628 8981 6785 9332 6736 9359 6725 9333 6809 9335 6786 9406 6773 9336 6760 9338 6737 9363 6784 9339 6738 9341 6762 9386 6749 9342 6761 9344 6810 9427 6797 9345 6727 9347 6729 9351 6728 9348 6727 9347 6731 9353 6732 9350 6730 9352 6732 9350 6731 9353 6734 9354 6735 9356 6732 9350 6733 9355 6735 9356 6734 9354 6728 9348 6729 9351 6735 9356 6739 9357 6741 9361 6740 9358 6743 9360 6744 9365 6741 9361 6742 9362 6744 9365 6743 9360 6742 9362 6746 9367 6747 9364 6745 9366 6747 9364 6746 9367 6745 9366 6740 9358 6741 9361 6751 9368 6753 9372 6752 9369 6751 9368 6755 9374 6756 9371 6754 9373 6756 9371 6755 9374 6754 9373 6758 9377 6759 9375 6757 9376 6759 9375 6758 9377 6752 9369 6753 9372 6759 9375 6763 9378 6765 9381 6764 9379 6763 9378 6767 9383 6768 9380 6766 9382 6768 9380 6767 9383 6770 9384 6771 9387 6768 9380 6769 9385 6771 9387 6770 9384 6764 9379 6765 9381 6771 9387 6775 9388 6777 9392 6776 9389 6775 9388 6779 9394 6780 9391 6778 9393 6780 9391 6779 9394 6778 9393 6782 9397 6783 9395 6781 9396 6783 9395 6782 9397 6776 9389 6777 9392 6783 9395 6787 9398 6789 9401 6788 9399 6787 9398 6791 9403 6792 9400 6790 9402 6792 9400 6791 9403 6794 9404 6795 9407 6792 9400 6793 9405 6795 9407 6794 9404 6788 9399 6789 9401 6795 9407 6799 9408 6801 9412 6800 9409 6799 9408 6803 9414 6804 9411 6802 9413 6804 9411 6803 9414 6806 9415 6807 9417 6804 9411 6805 9416 6807 9417 6806 9415 6800 9409 6801 9412 6807 9417 6811 9418 6813 9421 6812 9419 6811 9418 6815 9423 6816 9420 6814 9422 6816 9420 6815 9423 6814 9422 6818 9426 6819 9424 6817 9425 6819 9424 6818 9426 6812 9419 6813 9421 6819 9424 6724 9349 6728 9348 6751 9368 6728 9348 6733 9355 6755 9374 6733 9355 6726 9343 6749 9342 6736 9359 6740 9358 6730 9352 6740 9358 6745 9366 6734 9354 6745 9366 6738 9341 6726 9343 6760 9338 6764 9379 6742 9362 6764 9379 6769 9385 6746 9367 6769 9385 6762 9386 6738 9341 6750 9346 6758 9377 6766 9382 6758 9377 6754 9373 6770 9384 6754 9373 6749 9342 6762 9386 6748 9370 6752 9369 6799 9408 6752 9369 6757 9376 6803 9414 6757 9376 6750 9346 6797 9345 6808 9340 6812 9419 6763 9378 6812 9419 6817 9425 6767 9383 6817 9425 6810 9427 6761 9344 6798 9337 6806 9415 6814 9422 6806 9415 6802 9413 6818 9426 6802 9413 6797 9345 6810 9427 6796 9410 6800 9409 6775 9388 6800 9409 6805 9416 6779 9394 6805 9416 6798 9337 6773 9336 6784 9339 6788 9399 6811 9418 6788 9399 6793 9405 6815 9423 6793 9405 6786 9406 6809 9335 6774 9334 6782 9397 6790 9402 6782 9397 6778 9393 6794 9404 6778 9393 6773 9336 6786 9406 6772 9390 6776 9389 6727 9347 6776 9389 6781 9396 6731 9353 6781 9396 6774 9334 6725 9333 6737 9363 6743 9360 6787 9398 6743 9360 6739 9357 6791 9403 6739 9357 6736 9359 6785 9332 6796 9410 6772 9390 6724 9349 6997 1358 6999 1358 6998 1358 6999 3479 7003 3479 7002 3479 7003 1377 7001 1377 7000 1377 7001 3485 6997 3485 6996 3485 7002 1647 7000 1647 6996 1647 6999 1324 6997 1324 7001 1324 7004 9670 7005 11480 7011 9671 7006 9673 7012 9689 7011 9674 7007 9676 7013 9691 7012 9677 7007 9679 7008 11481 7014 9680 7009 9682 7015 9695 7014 9683 7004 9685 7010 9697 7015 9686 7011 9671 7017 9699 7016 9688 7012 9689 7018 9701 7017 9690 7013 9691 7019 11482 7018 9692 7013 9681 7014 9680 7020 9693 7015 9695 7021 9706 7020 9696 7010 9697 7016 11483 7021 9698 7017 9699 7023 11484 7022 9700 7018 9701 7024 9712 7023 9702 7018 9692 7019 11482 7025 9703 7020 9693 7026 11485 7025 9705 7021 9706 7027 9717 7026 9707 7021 9698 7016 11483 7022 9708 7022 9700 7023 11484 7029 9710 7024 9712 7030 9721 7029 9713 7025 9703 7031 9723 7030 9714 7025 9705 7026 11485 7032 9715 7027 9717 7033 9726 7032 9718 7022 9708 7028 11486 7033 9719 7029 9710 7035 9730 7034 9720 7030 9721 7036 9732 7035 9722 7031 9723 7037 11487 7036 9724 7032 9715 7038 9736 7037 9725 7033 9726 7039 9738 7038 9727 7033 9719 7028 11486 7034 9728 7035 9730 7041 11488 7040 9731 7036 9732 7042 9744 7041 9733 7036 9724 7037 11487 7043 9734 7038 9736 7044 11489 7043 9737 7039 9738 7045 9749 7044 9739 7039 9729 7034 9728 7040 9740 7040 9731 7041 11488 7047 9742 7042 9744 7048 9753 7047 9745 7043 9734 7049 9755 7048 9746 7043 9737 7044 11489 7050 9747 7045 9749 7051 9759 7050 9750 7040 9740 7046 9761 7051 9751 7047 9742 7053 9763 7052 9752 7048 9753 7054 9765 7053 9754 7049 9755 7055 11490 7054 9756 7049 9748 7050 9747 7056 9757 7051 9759 7057 9770 7056 9760 7046 9761 7052 11491 7057 9762 7053 9763 7059 11492 7058 9764 7054 9765 7060 9775 7059 9766 7054 9756 7055 11490 7061 9767 7056 9757 7062 11493 7061 9769 7057 9770 7063 9780 7062 9771 7057 9762 7052 11491 7058 9772 7058 9764 7059 11492 7065 9773 7060 9775 7066 9784 7065 9776 7061 9767 7067 9786 7066 9777 7061 9769 7062 11493 7068 9778 7063 9780 7069 9789 7068 9781 7058 9772 7064 11494 7069 9782 7065 9773 7071 9793 7070 9783 7066 9784 7072 9794 7071 9785 7067 9786 7073 11495 7072 9787 7068 9778 7074 9795 7073 9788 7069 9789 7075 9796 7074 9790 7069 9782 7064 11494 7070 9791 7071 9793 7005 11480 7004 9670 7072 9794 7006 9673 7005 9675 7072 9787 7073 11495 7007 9676 7074 9795 7008 11481 7007 9679 7075 9796 7009 9682 7008 9684 7075 9792 7070 9791 7004 9685 7101 1358 7103 1358 7102 1358 7103 3479 7107 3479 7106 3479 7107 1377 7105 1377 7104 1377 7105 3485 7101 3485 7100 3485 7106 1647 7104 1647 7100 1647 7103 1324 7101 1324 7105 1324 7108 9850 7109 11516 7115 9851 7110 9673 7116 9689 7115 9674 7111 9853 7117 9866 7116 9854 7111 9856 7112 11517 7118 9857 7113 9859 7119 9868 7118 9860 7108 9862 7114 9870 7119 9863 7115 9851 7121 9871 7120 9865 7116 9689 7122 9701 7121 9690 7117 9866 7123 11518 7122 9867 7117 9858 7118 9857 7124 9693 7119 9868 7125 9874 7124 9869 7114 9870 7120 11483 7125 9698 7121 9871 7127 11484 7126 9872 7122 9701 7128 9712 7127 9702 7122 9867 7123 11518 7129 9873 7124 9693 7130 11485 7129 9705 7125 9874 7131 9880 7130 9875 7125 9698 7120 11483 7126 9708 7126 9872 7127 11484 7133 9876 7128 9712 7134 9721 7133 9713 7129 9873 7135 9884 7134 9878 7129 9705 7130 11485 7136 9879 7131 9880 7137 9887 7136 9881 7126 9708 7132 11486 7137 9882 7133 9876 7139 9891 7138 9883 7134 9721 7140 9732 7139 9722 7135 9884 7141 11519 7140 9885 7136 9879 7142 9895 7141 9886 7137 9887 7143 9897 7142 9888 7137 9882 7132 11486 7138 9889 7139 9891 7145 11520 7144 9892 7140 9732 7146 9744 7145 9733 7140 9885 7141 11519 7147 9893 7142 9895 7148 11521 7147 9896 7143 9897 7149 9906 7148 9898 7143 9890 7138 9889 7144 9899 7144 9892 7145 11520 7151 9901 7146 9744 7152 9753 7151 9745 7147 9893 7153 9910 7152 9903 7147 9896 7148 11521 7154 9904 7149 9906 7155 9912 7154 9907 7144 9899 7150 9914 7155 9908 7151 9901 7157 9915 7156 9909 7152 9753 7158 9765 7157 9754 7153 9910 7159 11522 7158 9911 7153 9905 7154 9904 7160 9757 7155 9912 7161 9918 7160 9913 7150 9914 7156 11491 7161 9762 7157 9915 7163 11492 7162 9916 7158 9765 7164 9775 7163 9766 7158 9911 7159 11522 7165 9917 7160 9757 7166 11493 7165 9769 7161 9918 7167 9924 7166 9919 7161 9762 7156 11491 7162 9772 7162 9916 7163 11492 7169 9920 7164 9775 7170 9784 7169 9776 7165 9917 7171 9928 7170 9922 7165 9769 7166 11493 7172 9923 7167 9924 7173 9931 7172 9925 7162 9772 7168 11494 7173 9926 7169 9920 7175 9935 7174 9927 7170 9784 7176 9794 7175 9785 7171 9928 7177 11523 7176 9929 7172 9923 7178 9936 7177 9930 7173 9931 7179 9937 7178 9932 7173 9926 7168 11494 7174 9933 7175 9935 7109 11516 7108 9850 7176 9794 7110 9673 7109 9675 7176 9929 7177 11523 7111 9853 7178 9936 7112 11517 7111 9856 7179 9937 7113 9859 7112 9861 7179 9934 7174 9933 7108 9862 7285 1358 7287 1358 7286 1358 7287 3479 7291 3479 7290 3479 7291 1377 7289 1377 7288 1377 7289 3485 7285 3485 7284 3485 7290 1647 7288 1647 7284 1647 7287 1324 7285 1324 7289 1324 7292 10139 7293 11581 7299 10140 7294 10142 7300 10159 7299 10143 7295 10145 7301 10161 7300 10146 7295 10148 7296 11582 7302 10149 7297 10151 7303 10165 7302 10152 7292 10154 7298 10167 7303 10155 7298 10141 7299 10140 7305 10157 7300 10159 7306 9701 7305 10160 7301 10161 7307 11583 7306 10162 7301 10150 7302 10149 7308 10163 7303 10165 7309 10175 7308 10166 7298 10167 7304 10177 7309 10168 7305 10157 7311 11584 7310 10169 7306 9701 7312 10181 7311 10170 7306 10162 7307 11583 7313 10171 7307 10164 7308 10163 7314 10173 7309 10175 7315 10185 7314 10176 7304 10177 7310 11585 7315 10178 7310 10169 7311 11584 7317 10179 7312 10181 7318 10190 7317 10182 7313 10171 7319 11586 7318 10183 7314 10173 7320 10194 7319 10184 7315 10185 7321 10196 7320 10186 7315 10178 7310 11585 7316 10187 7317 10179 7323 10200 7322 10189 7318 10190 7324 10202 7323 10191 7318 10183 7319 11586 7325 10192 7320 10194 7326 10206 7325 10195 7321 10196 7327 10208 7326 10197 7321 10188 7316 10187 7322 10198 7323 10200 7329 11587 7328 10201 7324 10202 7330 10214 7329 10203 7324 10193 7325 10192 7331 10204 7326 10206 7332 11588 7331 10207 7327 10208 7333 10219 7332 10209 7327 10199 7322 10198 7328 10210 7328 10201 7329 11587 7335 10212 7330 10214 7336 10224 7335 10215 7331 10204 7337 10226 7336 10216 7331 10207 7332 11588 7338 10217 7333 10219 7339 10230 7338 10220 7328 10210 7334 10232 7339 10221 7334 10213 7335 10212 7341 10222 7336 10224 7342 10235 7341 10225 7337 10226 7343 11589 7342 10227 7337 10218 7338 10217 7344 10228 7339 10230 7345 10241 7344 10231 7334 10232 7340 10243 7345 10233 7341 10222 7347 11590 7346 10234 7342 10235 7348 10247 7347 10236 7342 10227 7343 11589 7349 10237 7343 10229 7344 10228 7350 10239 7345 10241 7351 10251 7350 10242 7340 10243 7346 11591 7351 10244 7346 10234 7347 11590 7353 10245 7348 10247 7354 10256 7353 10248 7349 10237 7355 11592 7354 10249 7350 10239 7356 10260 7355 10250 7351 10251 7357 10262 7356 10252 7351 10244 7346 11591 7352 10253 7353 10245 7359 10266 7358 10255 7354 10256 7360 10267 7359 10257 7354 10249 7355 11592 7361 10258 7356 10260 7362 10268 7361 10261 7357 10262 7363 10269 7362 10263 7357 10254 7352 10253 7358 10264 7359 10266 7293 11581 7292 10139 7360 10267 7294 10142 7293 10144 7360 10259 7361 10258 7295 10145 7362 10268 7296 11582 7295 10148 7363 10269 7297 10151 7296 10153 7363 10265 7358 10264 7292 10154 7389 1358 7391 1358 7390 1358 7391 3479 7395 3479 7394 3479 7395 1377 7393 1377 7392 1377 7393 3485 7389 3485 7388 3485 7394 1647 7392 1647 7388 1647 7391 1324 7389 1324 7393 1324 7396 10139 7397 11581 7403 10140 7398 10142 7404 10335 7403 10325 7399 10145 7405 10161 7404 10146 7399 10326 7400 11610 7406 10327 7401 10151 7407 10339 7406 10329 7396 10330 7402 10341 7407 10331 7402 10324 7403 10140 7409 10333 7404 10335 7410 10342 7409 10336 7405 10161 7411 11583 7410 10162 7405 10328 7406 10327 7412 10337 7407 10339 7413 10343 7412 10340 7402 10341 7408 10177 7413 10168 7409 10333 7415 11584 7414 10169 7410 10342 7416 10181 7415 10170 7410 10162 7411 11583 7417 10171 7411 10338 7412 10337 7418 10173 7413 10343 7419 10185 7418 10176 7408 10177 7414 11585 7419 10178 7414 10169 7415 11584 7421 10344 7416 10181 7422 10350 7421 9713 7417 10171 7423 11611 7422 10345 7418 10173 7424 10354 7423 10184 7419 10185 7425 10356 7424 10346 7419 10178 7414 11585 7420 10347 7421 10344 7427 10360 7426 10349 7422 10350 7428 10361 7427 10351 7422 10345 7423 11611 7429 10352 7424 10354 7430 10362 7429 10355 7425 10356 7431 10364 7430 10357 7425 10348 7420 10347 7426 10358 7427 10360 7433 11587 7432 10201 7428 10361 7434 10214 7433 10203 7428 10353 7429 10352 7435 10204 7430 10362 7436 11612 7435 10363 7431 10364 7437 10219 7436 10209 7431 10359 7426 10358 7432 10365 7432 10201 7433 11587 7439 10212 7434 10214 7440 10372 7439 10367 7435 10204 7441 10374 7440 10216 7435 10363 7436 11612 7442 10368 7437 10219 7443 10376 7442 10370 7432 10365 7438 10378 7443 10371 7438 10213 7439 10212 7445 10222 7440 10372 7446 10380 7445 10373 7441 10374 7447 11613 7446 10375 7441 10369 7442 10368 7448 10228 7443 10376 7449 10381 7448 10377 7438 10378 7444 10382 7449 10379 7445 10222 7451 11590 7450 10234 7446 10380 7452 10247 7451 10236 7446 10375 7447 11613 7453 10237 7447 10229 7448 10228 7454 10239 7449 10381 7455 10251 7454 10242 7444 10382 7450 11591 7455 10244 7450 10234 7451 11590 7457 10383 7452 10247 7458 10391 7457 10385 7453 10237 7459 11592 7458 10386 7454 10239 7460 10395 7459 10387 7455 10251 7461 10397 7460 10388 7455 10244 7450 11591 7456 10253 7457 10383 7463 10401 7462 10390 7458 10391 7464 10402 7463 10392 7458 10386 7459 11592 7465 10393 7460 10395 7466 10403 7465 10396 7461 10397 7467 10404 7466 10398 7461 10389 7456 10253 7462 10399 7463 10401 7397 11581 7396 10139 7464 10402 7398 10142 7397 10144 7464 10394 7465 10393 7399 10145 7466 10403 7400 11610 7399 10326 7467 10404 7401 10151 7400 10153 7467 10400 7462 10399 7396 10330</p>
        </triangles>
        <triangles material="dark_green-material" count="1856">
          <input semantic="VERTEX" source="#hull-mesh-vertices" offset="0"/>
          <input semantic="NORMAL" source="#hull-mesh-normals" offset="1"/>
          <p>809 1236 850 1237 808 1238 810 1239 851 1240 809 1236 810 1239 853 1241 852 1240 812 1242 853 1241 811 1243 813 1244 854 1245 812 1242 814 1246 855 1247 813 1244 815 1248 856 1249 814 1246 816 1250 857 1251 815 1248 817 1252 858 1253 816 1250 818 1254 859 1255 817 1252 819 1256 860 1257 818 1254 820 1258 861 1259 819 1256 821 1260 862 1261 820 1258 822 1262 863 1263 821 1260 822 1262 865 1264 864 1265 823 1266 866 1267 865 1264 824 1268 867 1269 866 1267 825 1270 868 1271 867 1269 826 1272 869 1273 868 1271 828 1274 869 1273 827 1275 829 1276 870 1277 828 1274 830 1278 871 1279 829 1276 831 1280 872 1281 830 1278 831 1280 874 1282 873 1283 832 1284 875 1285 874 1282 833 1286 876 1287 875 1285 835 1288 876 1287 834 1289 836 1290 877 1291 835 1288 837 1292 878 1293 836 1290 838 1294 879 1295 837 1292 839 1296 880 1297 838 1294 839 1296 882 1298 881 1299 840 1300 883 1301 882 1298 841 1302 884 1303 883 1301 842 1304 885 1305 884 1303 843 1306 886 1307 885 1305 844 1308 887 1309 886 1307 845 1310 888 1311 887 1309 846 1312 889 1313 888 1311 847 1314 890 1315 889 1313 848 1316 891 1317 890 1315 849 1318 850 1237 891 1317 824 1319 828 1320 826 1321 871 1322 853 1323 862 1324 3569 5537 3509 5538 3558 5539 3593 5540 3557 5541 3582 5542 3544 5543 3568 5544 3592 5545 3522 5546 3533 5547 3510 5548 3545 5549 3581 5550 3534 5551 3511 5552 3512 5553 3508 5554 3515 5555 3513 5556 3511 5552 3514 5557 3515 5555 3509 5538 3518 5558 3516 5559 3514 5557 3517 5560 3518 5558 3510 5548 3517 5560 3513 5556 3519 5561 3513 5556 3516 5559 3519 5561 3523 5562 3524 5563 3520 5564 3523 5562 3528 5565 3525 5566 3526 5567 3527 5568 3521 5569 3530 5570 3528 5565 3526 5567 3529 5571 3530 5570 3522 5546 3529 5571 3525 5566 3531 5572 3525 5566 3528 5565 3531 5572 3535 5573 3536 5574 3532 5575 3539 5576 3537 5577 3535 5573 3538 5578 3539 5576 3533 5547 3538 5578 3543 5579 3540 5580 3541 5581 3542 5582 3534 5551 3541 5581 3537 5577 3543 5579 3537 5577 3540 5580 3543 5579 3547 5583 3548 5584 3544 5543 3551 5585 3549 5586 3547 5583 3550 5587 3551 5585 3545 5549 3554 5588 3552 5589 3550 5587 3553 5590 3554 5588 3546 5591 3553 5590 3549 5586 3555 5592 3549 5586 3552 5589 3555 5592 3559 5593 3560 5594 3556 5595 3563 5596 3561 5597 3559 5593 3562 5598 3563 5596 3557 5541 3562 5598 3567 5599 3564 5600 3565 5601 3566 5602 3558 5539 3565 5601 3561 5597 3567 5599 3561 5597 3564 5600 3567 5599 3571 5603 3572 5604 3568 5544 3575 5605 3573 5606 3571 5603 3574 5607 3575 5605 3569 5537 3578 5608 3576 5609 3574 5607 3577 5610 3578 5608 3570 5611 3577 5610 3573 5606 3579 5612 3573 5606 3576 5609 3579 5612 3583 5613 3584 5614 3580 5615 3587 5616 3585 5617 3583 5613 3586 5618 3587 5616 3581 5550 3590 5619 3588 5620 3586 5618 3589 5621 3590 5619 3582 5542 3589 5621 3585 5617 3591 5622 3585 5617 3588 5620 3591 5622 3595 5623 3596 5624 3592 5545 3599 5625 3597 5626 3595 5623 3598 5627 3599 5625 3593 5540 3598 5627 3603 5628 3600 5629 3601 5630 3602 5631 3594 5632 3601 5630 3597 5626 3603 5628 3597 5626 3600 5629 3603 5628 3508 5554 3535 5573 3532 5575 3512 5553 3539 5576 3535 5573 3517 5560 3533 5547 3539 5576 3520 5564 3514 5557 3509 5538 3524 5563 3518 5558 3514 5557 3529 5571 3510 5548 3518 5558 3544 5543 3526 5567 3521 5569 3548 5584 3530 5570 3526 5567 3553 5590 3522 5546 3530 5570 3534 5551 3550 5587 3545 5549 3542 5582 3554 5588 3550 5587 3538 5578 3546 5591 3554 5588 3532 5575 3583 5613 3580 5615 3536 5574 3587 5616 3583 5613 3541 5581 3581 5550 3587 5616 3592 5545 3547 5583 3544 5543 3596 5624 3551 5585 3547 5583 3601 5630 3545 5549 3551 5585 3582 5542 3598 5627 3593 5540 3590 5619 3602 5631 3598 5627 3586 5618 3594 5632 3602 5631 3580 5615 3559 5593 3556 5595 3584 5614 3563 5596 3559 5593 3589 5621 3557 5541 3563 5596 3568 5544 3595 5623 3592 5545 3572 5604 3599 5625 3595 5623 3577 5610 3593 5540 3599 5625 3558 5539 3574 5607 3569 5537 3566 5602 3578 5608 3574 5607 3562 5598 3570 5611 3578 5608 3556 5595 3511 5552 3508 5554 3560 5594 3515 5555 3511 5552 3565 5601 3509 5538 3515 5555 3521 5569 3571 5603 3568 5544 3527 5568 3575 5605 3571 5603 3523 5562 3569 5537 3575 5605 3580 5615 3508 5554 3532 5575 4737 7265 4677 7266 4726 7267 4761 7268 4725 7269 4750 7270 4712 7271 4736 7272 4760 7273 4690 7274 4701 7275 4678 7276 4713 7277 4749 7278 4702 7279 4679 7280 4680 7281 4676 7282 4683 7283 4681 7284 4679 7280 4682 7285 4683 7283 4677 7266 4686 7286 4684 7287 4682 7285 4685 7288 4686 7286 4678 7276 4685 7288 4681 7284 4687 7289 4681 7284 4684 7287 4687 7289 4691 7290 4692 7291 4688 7292 4691 7290 4696 7293 4693 7294 4694 7295 4695 7296 4689 7297 4698 7298 4696 7293 4694 7295 4697 7299 4698 7298 4690 7274 4697 7299 4693 7294 4699 7300 4693 7294 4696 7293 4699 7300 4703 7301 4704 7302 4700 7303 4707 7304 4705 7305 4703 7301 4706 7306 4707 7304 4701 7275 4706 7306 4711 7307 4708 7308 4709 7309 4710 7310 4702 7279 4709 7309 4705 7305 4711 7307 4705 7305 4708 7308 4711 7307 4715 7311 4716 7312 4712 7271 4719 7313 4717 7314 4715 7311 4718 7315 4719 7313 4713 7277 4722 7316 4720 7317 4718 7315 4721 7318 4722 7316 4714 7319 4721 7318 4717 7314 4723 7320 4717 7314 4720 7317 4723 7320 4727 7321 4728 7322 4724 7323 4731 7324 4729 7325 4727 7321 4730 7326 4731 7324 4725 7269 4730 7326 4735 7327 4732 7328 4733 7329 4734 7330 4726 7267 4733 7329 4729 7325 4735 7327 4729 7325 4732 7328 4735 7327 4739 7331 4740 7332 4736 7272 4743 7333 4741 7334 4739 7331 4742 7335 4743 7333 4737 7265 4746 7336 4744 7337 4742 7335 4745 7338 4746 7336 4738 7339 4745 7338 4741 7334 4747 7340 4741 7334 4744 7337 4747 7340 4751 7341 4752 7342 4748 7343 4755 7344 4753 7345 4751 7341 4754 7346 4755 7344 4749 7278 4758 7347 4756 7348 4754 7346 4757 7349 4758 7347 4750 7270 4757 7349 4753 7345 4759 7350 4753 7345 4756 7348 4759 7350 4763 7351 4764 7352 4760 7273 4767 7353 4765 7354 4763 7351 4766 7355 4767 7353 4761 7268 4766 7355 4771 7356 4768 7357 4769 7358 4770 7359 4762 7360 4769 7358 4765 7354 4771 7356 4765 7354 4768 7357 4771 7356 4676 7282 4703 7301 4700 7303 4680 7281 4707 7304 4703 7301 4685 7288 4701 7275 4707 7304 4688 7292 4682 7285 4677 7266 4692 7291 4686 7286 4682 7285 4697 7299 4678 7276 4686 7286 4712 7271 4694 7295 4689 7297 4716 7312 4698 7298 4694 7295 4721 7318 4690 7274 4698 7298 4702 7279 4718 7315 4713 7277 4710 7310 4722 7316 4718 7315 4706 7306 4714 7319 4722 7316 4700 7303 4751 7341 4748 7343 4704 7302 4755 7344 4751 7341 4709 7309 4749 7278 4755 7344 4760 7273 4715 7311 4712 7271 4764 7352 4719 7313 4715 7311 4769 7358 4713 7277 4719 7313 4750 7270 4766 7355 4761 7268 4758 7347 4770 7359 4766 7355 4754 7346 4762 7360 4770 7359 4748 7343 4727 7321 4724 7323 4752 7342 4731 7324 4727 7321 4757 7349 4725 7269 4731 7324 4736 7272 4763 7351 4760 7273 4740 7332 4767 7353 4763 7351 4745 7338 4761 7268 4767 7353 4726 7267 4742 7335 4737 7265 4734 7330 4746 7336 4742 7335 4730 7326 4738 7339 4746 7336 4724 7323 4679 7280 4676 7282 4728 7322 4683 7283 4679 7280 4733 7329 4677 7266 4683 7283 4689 7297 4739 7331 4736 7272 4695 7296 4743 7333 4739 7331 4691 7290 4737 7265 4743 7333 4748 7343 4676 7282 4700 7303 4849 7361 4789 7362 4838 7363 4873 7364 4837 7365 4862 7366 4824 7367 4848 7368 4872 7369 4802 7370 4813 7371 4790 7372 4825 7373 4861 7374 4814 7375 4791 7376 4792 7377 4788 7378 4791 7376 4796 7379 4793 7380 4794 7381 4795 7382 4789 7362 4798 7383 4796 7379 4794 7381 4797 7384 4798 7383 4790 7372 4797 7384 4793 7380 4799 7385 4793 7380 4796 7379 4799 7385 4803 7386 4804 7387 4800 7388 4807 7389 4805 7390 4803 7386 4806 7391 4807 7389 4801 7392 4810 7393 4808 7394 4806 7391 4809 7395 4810 7393 4802 7370 4809 7395 4805 7390 4811 7396 4805 7390 4808 7394 4811 7396 4815 7397 4816 7398 4812 7399 4819 7400 4817 7401 4815 7397 4818 7402 4819 7400 4813 7371 4818 7402 4823 7403 4820 7404 4821 7405 4822 7406 4814 7375 4816 7398 4823 7403 4821 7405 4817 7401 4820 7404 4823 7403 4827 7407 4828 7408 4824 7367 4827 7407 4832 7409 4829 7410 4830 7411 4831 7412 4825 7373 4834 7413 4832 7409 4830 7411 4833 7414 4834 7413 4826 7415 4833 7414 4829 7410 4835 7416 4829 7410 4832 7409 4835 7416 4839 7417 4840 7418 4836 7419 4843 7420 4841 7421 4839 7417 4842 7422 4843 7420 4837 7365 4842 7422 4847 7423 4844 7424 4845 7425 4846 7426 4838 7363 4840 7418 4847 7423 4845 7425 4841 7421 4844 7424 4847 7423 4851 7427 4852 7428 4848 7368 4851 7427 4856 7429 4853 7430 4854 7431 4855 7432 4849 7361 4858 7433 4856 7429 4854 7431 4857 7434 4858 7433 4850 7435 4857 7434 4853 7430 4859 7436 4853 7430 4856 7429 4859 7436 4863 7437 4864 7438 4860 7439 4863 7437 4868 7440 4865 7441 4866 7442 4867 7443 4861 7374 4870 7444 4868 7440 4866 7442 4869 7445 4870 7444 4862 7366 4869 7445 4865 7441 4871 7446 4865 7441 4868 7440 4871 7446 4875 7447 4876 7448 4872 7369 4879 7449 4877 7450 4875 7447 4878 7451 4879 7449 4873 7364 4878 7451 4883 7452 4880 7453 4881 7454 4882 7455 4874 7456 4876 7448 4883 7452 4881 7454 4877 7450 4880 7453 4883 7452 4788 7378 4815 7397 4812 7399 4792 7377 4819 7400 4815 7397 4797 7384 4813 7371 4819 7400 4800 7388 4794 7381 4789 7362 4804 7387 4798 7383 4794 7381 4809 7395 4790 7372 4798 7383 4824 7367 4806 7391 4801 7392 4828 7408 4810 7393 4806 7391 4833 7414 4802 7370 4810 7393 4814 7375 4830 7411 4825 7373 4822 7406 4834 7413 4830 7411 4818 7402 4826 7415 4834 7413 4812 7399 4863 7437 4860 7439 4816 7398 4867 7443 4863 7437 4821 7405 4861 7374 4867 7443 4872 7369 4827 7407 4824 7367 4876 7448 4831 7412 4827 7407 4881 7454 4825 7373 4831 7412 4862 7366 4878 7451 4873 7364 4870 7444 4882 7455 4878 7451 4866 7442 4874 7456 4882 7455 4860 7439 4839 7417 4836 7419 4864 7438 4843 7420 4839 7417 4869 7445 4837 7365 4843 7420 4848 7368 4875 7447 4872 7369 4852 7428 4879 7449 4875 7447 4857 7434 4873 7364 4879 7449 4838 7363 4854 7431 4849 7361 4846 7426 4858 7433 4854 7431 4842 7422 4850 7435 4858 7433 4836 7419 4791 7376 4788 7378 4840 7418 4795 7382 4791 7376 4845 7425 4789 7362 4795 7382 4801 7392 4851 7427 4848 7368 4807 7389 4855 7432 4851 7427 4803 7386 4849 7361 4855 7432 4860 7439 4788 7378 4812 7399 4945 7457 4885 7458 4934 7459 4969 7460 4933 7461 4958 7462 4920 7463 4944 7464 4968 7465 4898 7466 4909 7467 4886 7468 4921 7469 4957 7470 4910 7471 4887 7472 4888 7473 4884 7474 4887 7472 4892 7475 4889 7476 4890 7477 4891 7478 4885 7458 4894 7479 4892 7475 4890 7477 4893 7480 4894 7479 4886 7468 4888 7473 4895 7481 4893 7480 4889 7476 4892 7475 4895 7481 4899 7482 4900 7483 4896 7484 4903 7485 4901 7486 4899 7482 4902 7487 4903 7485 4897 7488 4902 7487 4907 7489 4904 7490 4905 7491 4906 7492 4898 7466 4900 7483 4907 7489 4905 7491 4901 7486 4904 7490 4907 7489 4911 7493 4912 7494 4908 7495 4911 7493 4916 7496 4913 7497 4914 7498 4915 7499 4909 7467 4918 7500 4916 7496 4914 7498 4917 7501 4918 7500 4910 7471 4912 7494 4919 7502 4917 7501 4913 7497 4916 7496 4919 7502 4923 7503 4924 7504 4920 7463 4923 7503 4928 7505 4925 7506 4926 7507 4927 7508 4921 7469 4930 7509 4928 7505 4926 7507 4929 7510 4930 7509 4922 7511 4924 7504 4931 7512 4929 7510 4925 7506 4928 7505 4931 7512 4935 7513 4936 7514 4932 7515 4935 7513 4940 7516 4937 7517 4938 7518 4939 7519 4933 7461 4942 7520 4940 7516 4938 7518 4941 7521 4942 7520 4934 7459 4936 7514 4943 7522 4941 7521 4937 7517 4940 7516 4943 7522 4947 7523 4948 7524 4944 7464 4947 7523 4952 7525 4949 7526 4950 7527 4951 7528 4945 7457 4954 7529 4952 7525 4950 7527 4953 7530 4954 7529 4946 7531 4948 7524 4955 7532 4953 7530 4949 7526 4952 7525 4955 7532 4959 7533 4960 7534 4956 7535 4959 7533 4964 7536 4961 7537 4962 7538 4963 7539 4957 7470 4966 7540 4964 7536 4962 7538 4965 7541 4966 7540 4958 7462 4960 7534 4967 7542 4965 7541 4961 7537 4964 7536 4967 7542 4971 7543 4972 7544 4968 7465 4971 7543 4976 7545 4973 7546 4974 7547 4975 7548 4969 7460 4978 7549 4976 7545 4974 7547 4977 7550 4978 7549 4970 7551 4972 7544 4979 7552 4977 7550 4973 7546 4976 7545 4979 7552 4884 7474 4911 7493 4908 7495 4888 7473 4915 7499 4911 7493 4893 7480 4909 7467 4915 7499 4896 7484 4890 7477 4885 7458 4900 7483 4894 7479 4890 7477 4905 7491 4886 7468 4894 7479 4920 7463 4902 7487 4897 7488 4924 7504 4906 7492 4902 7487 4929 7510 4898 7466 4906 7492 4910 7471 4926 7507 4921 7469 4918 7500 4930 7509 4926 7507 4914 7498 4922 7511 4930 7509 4908 7495 4959 7533 4956 7535 4912 7494 4963 7539 4959 7533 4917 7501 4957 7470 4963 7539 4968 7465 4923 7503 4920 7463 4972 7544 4927 7508 4923 7503 4977 7550 4921 7469 4927 7508 4958 7462 4974 7547 4969 7460 4966 7540 4978 7549 4974 7547 4962 7538 4970 7551 4978 7549 4956 7535 4935 7513 4932 7515 4960 7534 4939 7519 4935 7513 4965 7541 4933 7461 4939 7519 4944 7464 4971 7543 4968 7465 4948 7524 4975 7548 4971 7543 4953 7530 4969 7460 4975 7548 4934 7459 4950 7527 4945 7457 4942 7520 4954 7529 4950 7527 4938 7518 4946 7531 4954 7529 4932 7515 4887 7472 4884 7474 4936 7514 4891 7478 4887 7472 4941 7521 4885 7458 4891 7478 4897 7488 4947 7523 4944 7464 4903 7485 4951 7528 4947 7523 4899 7482 4945 7457 4951 7528 4956 7535 4884 7474 4908 7495 5257 7457 5197 7458 5246 7459 5281 7769 5245 7770 5270 7771 5232 7772 5256 7773 5280 7774 5210 7775 5221 7776 5198 7777 5233 7469 5269 7470 5222 7471 5199 7778 5200 7779 5196 7780 5199 7778 5204 7781 5201 7782 5202 7783 5203 7784 5197 7458 5206 7785 5204 7781 5202 7783 5205 7786 5206 7785 5198 7777 5200 7779 5207 7787 5205 7786 5201 7782 5204 7781 5207 7787 5211 7788 5212 7789 5208 7484 5215 7790 5213 7791 5211 7788 5214 7792 5215 7790 5209 7793 5214 7792 5219 7794 5216 7795 5217 7491 5218 7796 5210 7775 5212 7789 5219 7794 5217 7491 5213 7791 5216 7795 5219 7794 5223 7797 5224 7798 5220 7799 5223 7797 5228 7800 5225 7801 5226 7498 5227 7802 5221 7776 5230 7803 5228 7800 5226 7498 5229 7804 5230 7803 5222 7471 5224 7798 5231 7805 5229 7804 5225 7801 5228 7800 5231 7805 5235 7806 5236 7807 5232 7772 5235 7806 5240 7808 5237 7809 5238 7810 5239 7811 5233 7469 5242 7812 5240 7808 5238 7810 5241 7813 5242 7812 5234 7814 5236 7807 5243 7815 5241 7813 5237 7809 5240 7808 5243 7815 5247 7816 5248 7817 5244 7818 5247 7816 5252 7819 5249 7820 5250 7518 5251 7821 5245 7770 5254 7822 5252 7819 5250 7518 5253 7823 5254 7822 5246 7459 5248 7817 5255 7824 5253 7823 5249 7820 5252 7819 5255 7824 5259 7825 5260 7826 5256 7773 5259 7825 5264 7827 5261 7828 5262 7829 5263 7830 5257 7457 5266 7831 5264 7827 5262 7829 5265 7530 5266 7831 5258 7832 5260 7826 5267 7833 5265 7530 5261 7828 5264 7827 5267 7833 5271 7834 5272 7835 5268 7836 5271 7834 5276 7837 5273 7838 5274 7839 5275 7840 5269 7470 5278 7841 5276 7837 5274 7839 5277 7842 5278 7841 5270 7771 5272 7835 5279 7843 5277 7842 5273 7838 5276 7837 5279 7843 5283 7844 5284 7845 5280 7774 5283 7844 5288 7846 5285 7847 5286 7547 5287 7848 5281 7769 5290 7849 5288 7846 5286 7547 5289 7850 5290 7849 5282 7551 5284 7845 5291 7851 5289 7850 5285 7847 5288 7846 5291 7851 5196 7780 5223 7797 5220 7799 5200 7779 5227 7802 5223 7797 5205 7786 5221 7776 5227 7802 5208 7484 5202 7783 5197 7458 5212 7789 5206 7785 5202 7783 5217 7491 5198 7777 5206 7785 5232 7772 5214 7792 5209 7793 5236 7807 5218 7796 5214 7792 5241 7813 5210 7775 5218 7796 5222 7471 5238 7810 5233 7469 5230 7803 5242 7812 5238 7810 5226 7498 5234 7814 5242 7812 5220 7799 5271 7834 5268 7836 5224 7798 5275 7840 5271 7834 5229 7804 5269 7470 5275 7840 5280 7774 5235 7806 5232 7772 5284 7845 5239 7811 5235 7806 5289 7850 5233 7469 5239 7811 5270 7771 5286 7547 5281 7769 5278 7841 5290 7849 5286 7547 5274 7839 5282 7551 5290 7849 5268 7836 5247 7816 5244 7818 5272 7835 5251 7821 5247 7816 5277 7842 5245 7770 5251 7821 5256 7773 5283 7844 5280 7774 5260 7826 5287 7848 5283 7844 5265 7530 5281 7769 5287 7848 5246 7459 5262 7829 5257 7457 5254 7822 5266 7831 5262 7829 5250 7518 5258 7832 5266 7831 5244 7818 5199 7778 5196 7780 5248 7817 5203 7784 5199 7778 5253 7823 5197 7458 5203 7784 5209 7793 5259 7825 5256 7773 5215 7790 5263 7830 5259 7825 5211 7788 5257 7457 5263 7830 5268 7836 5196 7780 5220 7799 5569 8045 5509 8046 5558 8047 5593 8048 5557 8049 5582 8050 5544 8051 5568 8052 5592 8053 5522 8054 5533 8055 5510 8056 5545 8057 5581 8058 5534 8059 5511 8060 5512 8061 5508 8062 5511 8060 5516 8063 5513 7476 5514 8064 5515 8065 5509 8046 5518 8066 5516 8063 5514 8064 5517 8067 5518 8066 5510 8056 5512 8061 5519 8068 5517 8067 5513 7476 5516 8063 5519 8068 5523 8069 5524 8070 5520 8071 5527 8072 5525 8073 5523 8069 5526 8074 5527 8072 5521 8075 5526 8074 5531 8076 5528 7490 5529 8077 5530 8078 5522 8054 5524 8070 5531 8076 5529 8077 5525 8073 5528 7490 5531 8076 5535 8079 5536 8080 5532 8081 5535 8079 5540 8082 5537 7497 5538 8083 5539 8084 5533 8055 5542 8085 5540 8082 5538 8083 5541 8086 5542 8085 5534 8059 5536 8080 5543 8087 5541 8086 5537 7497 5540 8082 5543 8087 5547 8088 5548 8089 5544 8051 5547 8088 5552 8090 5549 7506 5550 8091 5551 8092 5545 8057 5554 8093 5552 8090 5550 8091 5553 8094 5554 8093 5546 8095 5548 8089 5555 8096 5553 8094 5549 7506 5552 8090 5555 8096 5559 8097 5560 8098 5556 8099 5559 8097 5564 8100 5561 7517 5562 8101 5563 8102 5557 8049 5566 8103 5564 8100 5562 8101 5565 8104 5566 8103 5558 8047 5560 8098 5567 8105 5565 8104 5561 7517 5564 8100 5567 8105 5571 8106 5572 8107 5568 8052 5571 8106 5576 8108 5573 7526 5574 8109 5575 8110 5569 8045 5578 8111 5576 8108 5574 8109 5577 8112 5578 8111 5570 8113 5572 8107 5579 8114 5577 8112 5573 7526 5576 8108 5579 8114 5583 8115 5584 8116 5580 8117 5583 8115 5588 8118 5585 7537 5586 8119 5587 8120 5581 8058 5590 8121 5588 8118 5586 8119 5589 8122 5590 8121 5582 8050 5584 8116 5591 8123 5589 8122 5585 7537 5588 8118 5591 8123 5595 8124 5596 8125 5592 8053 5595 8124 5600 8126 5597 7546 5598 8127 5599 8128 5593 8048 5602 8129 5600 8126 5598 8127 5601 8130 5602 8129 5594 8131 5596 8125 5603 8132 5601 8130 5597 7546 5600 8126 5603 8132 5508 8062 5535 8079 5532 8081 5512 8061 5539 8084 5535 8079 5517 8067 5533 8055 5539 8084 5520 8071 5514 8064 5509 8046 5524 8070 5518 8066 5514 8064 5529 8077 5510 8056 5518 8066 5544 8051 5526 8074 5521 8075 5548 8089 5530 8078 5526 8074 5553 8094 5522 8054 5530 8078 5534 8059 5550 8091 5545 8057 5542 8085 5554 8093 5550 8091 5538 8083 5546 8095 5554 8093 5532 8081 5583 8115 5580 8117 5536 8080 5587 8120 5583 8115 5541 8086 5581 8058 5587 8120 5592 8053 5547 8088 5544 8051 5596 8125 5551 8092 5547 8088 5601 8130 5545 8057 5551 8092 5582 8050 5598 8127 5593 8048 5590 8121 5602 8129 5598 8127 5586 8119 5594 8131 5602 8129 5580 8117 5559 8097 5556 8099 5584 8116 5563 8102 5559 8097 5589 8122 5557 8049 5563 8102 5568 8052 5595 8124 5592 8053 5572 8107 5599 8128 5595 8124 5577 8112 5593 8048 5599 8128 5558 8047 5574 8109 5569 8045 5566 8103 5578 8111 5574 8109 5562 8101 5570 8113 5578 8111 5556 8099 5511 8060 5508 8062 5560 8098 5515 8065 5511 8060 5565 8104 5509 8046 5515 8065 5521 8075 5571 8106 5568 8052 5527 8072 5575 8110 5571 8106 5523 8069 5569 8045 5575 8110 5580 8117 5508 8062 5532 8081 5881 8045 5821 8046 5870 8047 5905 8310 5869 8311 5894 8312 5856 8313 5880 8314 5904 8315 5834 8316 5845 8317 5822 8318 5857 8057 5893 8058 5846 8059 5823 8319 5824 8320 5820 8321 5823 8319 5828 8322 5825 7782 5826 8323 5827 8324 5821 8046 5830 8325 5828 8322 5826 8323 5829 8326 5830 8325 5822 8318 5824 8320 5831 8327 5829 8326 5825 7782 5828 8322 5831 8327 5835 8328 5836 8329 5832 8071 5839 8330 5837 8331 5835 8328 5838 8332 5839 8330 5833 8333 5838 8332 5843 8334 5840 7795 5841 8077 5842 8335 5834 8316 5836 8329 5843 8334 5841 8077 5837 8331 5840 7795 5843 8334 5847 8336 5848 8337 5844 8338 5847 8336 5852 8339 5849 7801 5850 8083 5851 8340 5845 8317 5854 8341 5852 8339 5850 8083 5853 8342 5854 8341 5846 8059 5848 8337 5855 8343 5853 8342 5849 7801 5852 8339 5855 8343 5859 8344 5860 8345 5856 8313 5859 8344 5864 8346 5861 7809 5862 8347 5863 8348 5857 8057 5866 8349 5864 8346 5862 8347 5865 8094 5866 8349 5858 8350 5860 8345 5867 8351 5865 8094 5861 7809 5864 8346 5867 8351 5871 8352 5872 8353 5868 8354 5871 8352 5876 8355 5873 7820 5874 8101 5875 8356 5869 8311 5878 8357 5876 8355 5874 8101 5877 8358 5878 8357 5870 8047 5872 8353 5879 8359 5877 8358 5873 7820 5876 8355 5879 8359 5883 8360 5884 8361 5880 8314 5883 8360 5888 8362 5885 7828 5886 8363 5887 8364 5881 8045 5890 8365 5888 8362 5886 8363 5889 8366 5890 8365 5882 8367 5884 8361 5891 8368 5889 8366 5885 7828 5888 8362 5891 8368 5895 8369 5896 8370 5892 8371 5895 8369 5900 8372 5897 7838 5898 8373 5899 8374 5893 8058 5902 8375 5900 8372 5898 8373 5901 8376 5902 8375 5894 8312 5896 8370 5903 8377 5901 8376 5897 7838 5900 8372 5903 8377 5907 8378 5908 8379 5904 8315 5907 8378 5912 8380 5909 7847 5910 8127 5911 8381 5905 8310 5914 8382 5912 8380 5910 8127 5913 8383 5914 8382 5906 8131 5908 8379 5915 8384 5913 8383 5909 7847 5912 8380 5915 8384 5820 8321 5847 8336 5844 8338 5824 8320 5851 8340 5847 8336 5829 8326 5845 8317 5851 8340 5832 8071 5826 8323 5821 8046 5836 8329 5830 8325 5826 8323 5841 8077 5822 8318 5830 8325 5856 8313 5838 8332 5833 8333 5860 8345 5842 8335 5838 8332 5865 8094 5834 8316 5842 8335 5846 8059 5862 8347 5857 8057 5854 8341 5866 8349 5862 8347 5850 8083 5858 8350 5866 8349 5844 8338 5895 8369 5892 8371 5848 8337 5899 8374 5895 8369 5853 8342 5893 8058 5899 8374 5904 8315 5859 8344 5856 8313 5908 8379 5863 8348 5859 8344 5913 8383 5857 8057 5863 8348 5894 8312 5910 8127 5905 8310 5902 8375 5914 8382 5910 8127 5898 8373 5906 8131 5914 8382 5892 8371 5871 8352 5868 8354 5896 8370 5875 8356 5871 8352 5901 8376 5869 8311 5875 8356 5880 8314 5907 8378 5904 8315 5884 8361 5911 8381 5907 8378 5889 8366 5905 8310 5911 8381 5870 8047 5886 8363 5881 8045 5878 8357 5890 8365 5886 8363 5874 8101 5882 8367 5890 8365 5868 8354 5823 8319 5820 8321 5872 8353 5827 8324 5823 8319 5877 8358 5821 8046 5827 8324 5833 8333 5883 8360 5880 8314 5839 8330 5887 8364 5883 8360 5835 8328 5881 8045 5887 8364 5892 8371 5820 8321 5844 8338 6585 9156 6525 9157 6574 9158 6609 9159 6573 9160 6598 9161 6560 9162 6584 9163 6608 9164 6538 9165 6549 9166 6526 9167 6561 9168 6597 9169 6550 9170 6527 9171 6528 9172 6524 9173 6531 9174 6529 9175 6527 9171 6530 9176 6531 9174 6525 9157 6534 9177 6532 9178 6530 9176 6533 9179 6534 9177 6526 9167 6533 9179 6529 9175 6535 9180 6529 9175 6532 9178 6535 9180 6539 9181 6540 9182 6536 9183 6539 9181 6544 9184 6541 9185 6542 9186 6543 9187 6537 9188 6546 9189 6544 9184 6542 9186 6545 9190 6546 9189 6538 9165 6545 9190 6541 9185 6547 9191 6541 9185 6544 9184 6547 9191 6551 9192 6552 9193 6548 9194 6555 9195 6553 9196 6551 9192 6554 9197 6555 9195 6549 9166 6554 9197 6559 9198 6556 9199 6557 9200 6558 9201 6550 9170 6557 9200 6553 9196 6559 9198 6553 9196 6556 9199 6559 9198 6563 9202 6564 9203 6560 9162 6567 9204 6565 9205 6563 9202 6566 9206 6567 9204 6561 9168 6570 9207 6568 9208 6566 9206 6569 9209 6570 9207 6562 9210 6569 9209 6565 9205 6571 9211 6565 9205 6568 9208 6571 9211 6575 9212 6576 9213 6572 9214 6579 9215 6577 9216 6575 9212 6578 9217 6579 9215 6573 9160 6582 9218 6580 9219 6578 9217 6581 9220 6582 9218 6574 9158 6581 9220 6577 9216 6583 9221 6577 9216 6580 9219 6583 9221 6587 9222 6588 9223 6584 9163 6591 9224 6589 9225 6587 9222 6590 9226 6591 9224 6585 9156 6590 9226 6595 9227 6592 9228 6593 9229 6594 9230 6586 9231 6588 9223 6595 9227 6593 9229 6589 9225 6592 9228 6595 9227 6599 9232 6600 9233 6596 9234 6603 9235 6601 9236 6599 9232 6602 9237 6603 9235 6597 9169 6606 9238 6604 9239 6602 9237 6605 9240 6606 9238 6598 9161 6600 9233 6607 9241 6605 9240 6601 9236 6604 9239 6607 9241 6611 9242 6612 9243 6608 9164 6615 9244 6613 9245 6611 9242 6614 9246 6615 9244 6609 9159 6618 9247 6616 9248 6614 9246 6617 9249 6618 9247 6610 9250 6612 9243 6619 9251 6617 9249 6613 9245 6616 9248 6619 9251 6524 9173 6551 9192 6548 9194 6528 9172 6555 9195 6551 9192 6533 9179 6549 9166 6555 9195 6536 9183 6530 9176 6525 9157 6540 9182 6534 9177 6530 9176 6545 9190 6526 9167 6534 9177 6560 9162 6542 9186 6537 9188 6564 9203 6546 9189 6542 9186 6569 9209 6538 9165 6546 9189 6550 9170 6566 9206 6561 9168 6558 9201 6570 9207 6566 9206 6554 9197 6562 9210 6570 9207 6548 9194 6599 9232 6596 9234 6552 9193 6603 9235 6599 9232 6557 9200 6597 9169 6603 9235 6608 9164 6563 9202 6560 9162 6612 9243 6567 9204 6563 9202 6617 9249 6561 9168 6567 9204 6598 9161 6614 9246 6609 9159 6606 9238 6618 9247 6614 9246 6602 9237 6610 9250 6618 9247 6596 9234 6575 9212 6572 9214 6600 9233 6579 9215 6575 9212 6605 9240 6573 9160 6579 9215 6584 9163 6611 9242 6608 9164 6588 9223 6615 9244 6611 9242 6593 9229 6609 9159 6615 9244 6574 9158 6590 9226 6585 9156 6582 9218 6594 9230 6590 9226 6578 9217 6586 9231 6594 9230 6572 9214 6527 9171 6524 9173 6576 9213 6531 9174 6527 9171 6581 9220 6525 9157 6531 9174 6537 9188 6587 9222 6584 9163 6543 9187 6591 9224 6587 9222 6539 9181 6585 9156 6591 9224 6596 9234 6524 9173 6548 9194 6881 9428 6821 9429 6870 9430 6905 9159 6869 9160 6894 9161 6856 9431 6880 9432 6904 9433 6834 9434 6845 9435 6822 9436 6857 9437 6893 9438 6846 9439 6823 9440 6824 9441 6820 9442 6827 9443 6825 9444 6823 9440 6826 9445 6827 9443 6821 9429 6830 9446 6828 9447 6826 9445 6829 9448 6830 9446 6822 9436 6829 9448 6825 9444 6831 9449 6825 9444 6828 9447 6831 9449 6835 9450 6836 9451 6832 9452 6835 9450 6840 9453 6837 9454 6838 9455 6839 9456 6833 9457 6842 9458 6840 9453 6838 9455 6841 9459 6842 9458 6834 9434 6841 9459 6837 9454 6843 9460 6837 9454 6840 9453 6843 9460 6847 9461 6848 9462 6844 9463 6851 9464 6849 9465 6847 9461 6850 9466 6851 9464 6845 9435 6850 9466 6855 9467 6852 9468 6853 9469 6854 9470 6846 9439 6853 9469 6849 9465 6855 9467 6849 9465 6852 9468 6855 9467 6859 9471 6860 9472 6856 9431 6863 9473 6861 9474 6859 9471 6862 9475 6863 9473 6857 9437 6866 9476 6864 9477 6862 9475 6865 9478 6866 9476 6858 9479 6865 9478 6861 9474 6867 9480 6861 9474 6864 9477 6867 9480 6871 9481 6872 9482 6868 9483 6875 9484 6873 9485 6871 9481 6874 9486 6875 9484 6869 9160 6878 9487 6876 9488 6874 9486 6877 9489 6878 9487 6870 9430 6872 9482 6879 9490 6877 9489 6873 9485 6876 9488 6879 9490 6883 9491 6884 9492 6880 9432 6887 9493 6885 9494 6883 9491 6886 9495 6887 9493 6881 9428 6890 9496 6888 9497 6886 9495 6889 9498 6890 9496 6882 9231 6884 9492 6891 9499 6889 9498 6885 9494 6888 9497 6891 9499 6895 9500 6896 9501 6892 9502 6899 9503 6897 9504 6895 9500 6898 9505 6899 9503 6893 9438 6898 9505 6903 9506 6900 9507 6901 9508 6902 9509 6894 9161 6896 9501 6903 9506 6901 9508 6897 9504 6900 9507 6903 9506 6907 9510 6908 9511 6904 9433 6911 9512 6909 9513 6907 9510 6910 9514 6911 9512 6905 9159 6914 9515 6912 9516 6910 9514 6913 9517 6914 9515 6906 9518 6913 9517 6909 9513 6915 9519 6909 9513 6912 9516 6915 9519 6820 9442 6847 9461 6844 9463 6824 9441 6851 9464 6847 9461 6829 9448 6845 9435 6851 9464 6832 9452 6826 9445 6821 9429 6836 9451 6830 9446 6826 9445 6841 9459 6822 9436 6830 9446 6856 9431 6838 9455 6833 9457 6860 9472 6842 9458 6838 9455 6865 9478 6834 9434 6842 9458 6846 9439 6862 9475 6857 9437 6854 9470 6866 9476 6862 9475 6850 9466 6858 9479 6866 9476 6844 9463 6895 9500 6892 9502 6848 9462 6899 9503 6895 9500 6853 9469 6893 9438 6899 9503 6904 9433 6859 9471 6856 9431 6908 9511 6863 9473 6859 9471 6913 9517 6857 9437 6863 9473 6894 9161 6910 9514 6905 9159 6902 9509 6914 9515 6910 9514 6898 9505 6906 9518 6914 9515 6892 9502 6871 9481 6868 9483 6896 9501 6875 9484 6871 9481 6901 9508 6869 9160 6875 9484 6880 9432 6907 9510 6904 9433 6884 9492 6911 9512 6907 9510 6889 9498 6905 9159 6911 9512 6870 9430 6886 9495 6881 9428 6878 9487 6890 9496 6886 9495 6874 9486 6882 9231 6890 9496 6868 9483 6823 9440 6820 9442 6872 9482 6827 9443 6823 9440 6877 9489 6821 9429 6827 9443 6833 9457 6883 9491 6880 9432 6839 9456 6887 9493 6883 9491 6835 9450 6881 9428 6887 9493 6892 9502 6820 9442 6844 9463 809 1236 851 1240 850 1237 810 1239 852 1240 851 1240 810 1239 811 1243 853 1241 812 1242 854 1245 853 1241 813 1244 855 1247 854 1245 814 1246 856 1249 855 1247 815 1248 857 1251 856 1249 816 1250 858 1253 857 1251 817 1252 859 1255 858 1253 818 1254 860 1257 859 1255 819 1256 861 1259 860 1257 820 1258 862 1261 861 1259 821 1260 863 1263 862 1261 822 1262 864 1265 863 1263 822 1262 823 1266 865 1264 823 1266 824 1268 866 1267 824 1268 825 1270 867 1269 825 1270 826 1272 868 1271 826 1272 827 1275 869 1273 828 1274 870 1277 869 1273 829 1276 871 1279 870 1277 830 1278 872 1281 871 1279 831 1280 873 1283 872 1281 831 1280 832 1284 874 1282 832 1284 833 1286 875 1285 833 1286 834 1289 876 1287 835 1288 877 1291 876 1287 836 1290 878 1293 877 1291 837 1292 879 1295 878 1293 838 1294 880 1297 879 1295 839 1296 881 1299 880 1297 839 1296 840 1300 882 1298 840 1300 841 1302 883 1301 841 1302 842 1304 884 1303 842 1304 843 1306 885 1305 843 1306 844 1308 886 1307 844 1308 845 1310 887 1309 845 1310 846 1312 888 1311 846 1312 847 1314 889 1313 847 1314 848 1316 890 1315 848 1316 849 1318 891 1317 849 1318 808 1238 850 1237 808 1647 849 1647 846 10614 849 1647 848 10615 846 10614 848 10615 847 10616 846 10614 846 10614 845 10617 844 10618 846 10614 844 10618 808 1647 844 10618 843 1647 808 1647 809 10619 808 1647 842 1647 809 10619 842 1647 841 1647 843 1647 842 1647 808 1647 810 10620 809 10619 831 10621 831 10621 840 1647 832 10622 812 10623 811 1647 817 1647 811 1647 810 10620 819 1647 814 1647 813 1647 812 10623 816 10624 815 10625 812 10623 815 10625 814 1647 812 10623 818 1647 817 1647 811 1647 817 1647 816 10624 812 10623 819 1647 818 1647 811 1647 840 1647 831 10621 841 1647 809 10619 841 1647 831 10621 839 1647 838 1647 832 10622 838 1647 837 10626 832 10622 840 1647 839 1647 832 10622 820 10627 819 1647 810 10620 821 1647 820 10627 830 10628 837 10626 836 10629 832 10622 836 10629 835 1647 834 10630 834 10630 833 10631 832 10622 834 10630 832 10622 836 10629 820 10627 810 10620 830 10628 830 10628 810 10620 831 10621 824 1319 823 1647 828 1320 823 1647 822 1647 829 1647 828 1320 823 1647 829 1647 822 1647 821 1647 829 1647 830 10628 829 1647 821 1647 826 1321 825 10616 824 1319 828 1320 827 1647 826 1321 891 10632 850 10633 886 10634 850 10633 851 10635 873 10636 852 10637 853 1323 872 10638 853 1323 854 10639 859 10640 872 10638 853 1323 871 1322 850 10633 873 10636 874 10641 851 10635 852 10637 873 10636 889 10642 890 10643 891 10632 887 1324 888 1324 889 10642 885 10644 886 10634 850 10633 886 10634 887 1324 891 10632 884 10645 885 10644 850 10633 887 1324 889 10642 891 10632 873 10636 852 10637 872 10638 854 10639 855 10646 856 10647 856 10647 857 10648 858 10649 858 10649 859 10640 854 10639 859 10640 860 10650 853 1323 860 10650 861 10645 853 1323 854 10639 856 10647 858 10649 883 1324 884 10645 850 10633 880 10651 881 10652 874 10641 881 10652 882 10653 874 10641 880 10651 874 10641 875 10654 882 10653 883 1324 874 10641 850 10633 874 10641 883 1324 861 10645 862 1324 853 1323 863 10653 864 10655 871 1322 864 10655 865 10656 871 1322 862 1324 863 10653 871 1322 879 10657 880 10651 875 10654 877 10658 878 10659 879 10657 875 10654 876 10660 877 10658 870 1324 871 1322 865 10656 875 10654 877 10658 879 10657 865 10656 866 10661 869 10662 866 10661 867 1324 869 10662 867 1324 868 1324 869 10662 869 10662 870 1324 865 10656 3569 5537 3520 5564 3509 5538 3593 5540 3570 5611 3557 5541 3544 5543 3521 5569 3568 5544 3522 5546 3546 5591 3533 5547 3545 5549 3594 5632 3581 5550 3511 5552 3513 5556 3512 5553 3515 5555 3516 5559 3513 5556 3514 5557 3516 5559 3515 5555 3518 5558 3519 5561 3516 5559 3517 5560 3519 5561 3518 5558 3517 5560 3512 5553 3513 5556 3523 5562 3525 5566 3524 5563 3523 5562 3527 5568 3528 5565 3526 5567 3528 5565 3527 5568 3530 5570 3531 5572 3528 5565 3529 5571 3531 5572 3530 5570 3529 5571 3524 5563 3525 5566 3535 5573 3537 5577 3536 5574 3539 5576 3540 5580 3537 5577 3538 5578 3540 5580 3539 5576 3538 5578 3542 5582 3543 5579 3541 5581 3543 5579 3542 5582 3541 5581 3536 5574 3537 5577 3547 5583 3549 5586 3548 5584 3551 5585 3552 5589 3549 5586 3550 5587 3552 5589 3551 5585 3554 5588 3555 5592 3552 5589 3553 5590 3555 5592 3554 5588 3553 5590 3548 5584 3549 5586 3559 5593 3561 5597 3560 5594 3563 5596 3564 5600 3561 5597 3562 5598 3564 5600 3563 5596 3562 5598 3566 5602 3567 5599 3565 5601 3567 5599 3566 5602 3565 5601 3560 5594 3561 5597 3571 5603 3573 5606 3572 5604 3575 5605 3576 5609 3573 5606 3574 5607 3576 5609 3575 5605 3578 5608 3579 5612 3576 5609 3577 5610 3579 5612 3578 5608 3577 5610 3572 5604 3573 5606 3583 5613 3585 5617 3584 5614 3587 5616 3588 5620 3585 5617 3586 5618 3588 5620 3587 5616 3590 5619 3591 5622 3588 5620 3589 5621 3591 5622 3590 5619 3589 5621 3584 5614 3585 5617 3595 5623 3597 5626 3596 5624 3599 5625 3600 5629 3597 5626 3598 5627 3600 5629 3599 5625 3598 5627 3602 5631 3603 5628 3601 5630 3603 5628 3602 5631 3601 5630 3596 5624 3597 5626 3508 5554 3512 5553 3535 5573 3512 5553 3517 5560 3539 5576 3517 5560 3510 5548 3533 5547 3520 5564 3524 5563 3514 5557 3524 5563 3529 5571 3518 5558 3529 5571 3522 5546 3510 5548 3544 5543 3548 5584 3526 5567 3548 5584 3553 5590 3530 5570 3553 5590 3546 5591 3522 5546 3534 5551 3542 5582 3550 5587 3542 5582 3538 5578 3554 5588 3538 5578 3533 5547 3546 5591 3532 5575 3536 5574 3583 5613 3536 5574 3541 5581 3587 5616 3541 5581 3534 5551 3581 5550 3592 5545 3596 5624 3547 5583 3596 5624 3601 5630 3551 5585 3601 5630 3594 5632 3545 5549 3582 5542 3590 5619 3598 5627 3590 5619 3586 5618 3602 5631 3586 5618 3581 5550 3594 5632 3580 5615 3584 5614 3559 5593 3584 5614 3589 5621 3563 5596 3589 5621 3582 5542 3557 5541 3568 5544 3572 5604 3595 5623 3572 5604 3577 5610 3599 5625 3577 5610 3570 5611 3593 5540 3558 5539 3566 5602 3574 5607 3566 5602 3562 5598 3578 5608 3562 5598 3557 5541 3570 5611 3556 5595 3560 5594 3511 5552 3560 5594 3565 5601 3515 5555 3565 5601 3558 5539 3509 5538 3521 5569 3527 5568 3571 5603 3527 5568 3523 5562 3575 5605 3523 5562 3520 5564 3569 5537 3580 5615 3556 5595 3508 5554 4737 7265 4688 7292 4677 7266 4761 7268 4738 7339 4725 7269 4712 7271 4689 7297 4736 7272 4690 7274 4714 7319 4701 7275 4713 7277 4762 7360 4749 7278 4679 7280 4681 7284 4680 7281 4683 7283 4684 7287 4681 7284 4682 7285 4684 7287 4683 7283 4686 7286 4687 7289 4684 7287 4685 7288 4687 7289 4686 7286 4685 7288 4680 7281 4681 7284 4691 7290 4693 7294 4692 7291 4691 7290 4695 7296 4696 7293 4694 7295 4696 7293 4695 7296 4698 7298 4699 7300 4696 7293 4697 7299 4699 7300 4698 7298 4697 7299 4692 7291 4693 7294 4703 7301 4705 7305 4704 7302 4707 7304 4708 7308 4705 7305 4706 7306 4708 7308 4707 7304 4706 7306 4710 7310 4711 7307 4709 7309 4711 7307 4710 7310 4709 7309 4704 7302 4705 7305 4715 7311 4717 7314 4716 7312 4719 7313 4720 7317 4717 7314 4718 7315 4720 7317 4719 7313 4722 7316 4723 7320 4720 7317 4721 7318 4723 7320 4722 7316 4721 7318 4716 7312 4717 7314 4727 7321 4729 7325 4728 7322 4731 7324 4732 7328 4729 7325 4730 7326 4732 7328 4731 7324 4730 7326 4734 7330 4735 7327 4733 7329 4735 7327 4734 7330 4733 7329 4728 7322 4729 7325 4739 7331 4741 7334 4740 7332 4743 7333 4744 7337 4741 7334 4742 7335 4744 7337 4743 7333 4746 7336 4747 7340 4744 7337 4745 7338 4747 7340 4746 7336 4745 7338 4740 7332 4741 7334 4751 7341 4753 7345 4752 7342 4755 7344 4756 7348 4753 7345 4754 7346 4756 7348 4755 7344 4758 7347 4759 7350 4756 7348 4757 7349 4759 7350 4758 7347 4757 7349 4752 7342 4753 7345 4763 7351 4765 7354 4764 7352 4767 7353 4768 7357 4765 7354 4766 7355 4768 7357 4767 7353 4766 7355 4770 7359 4771 7356 4769 7358 4771 7356 4770 7359 4769 7358 4764 7352 4765 7354 4676 7282 4680 7281 4703 7301 4680 7281 4685 7288 4707 7304 4685 7288 4678 7276 4701 7275 4688 7292 4692 7291 4682 7285 4692 7291 4697 7299 4686 7286 4697 7299 4690 7274 4678 7276 4712 7271 4716 7312 4694 7295 4716 7312 4721 7318 4698 7298 4721 7318 4714 7319 4690 7274 4702 7279 4710 7310 4718 7315 4710 7310 4706 7306 4722 7316 4706 7306 4701 7275 4714 7319 4700 7303 4704 7302 4751 7341 4704 7302 4709 7309 4755 7344 4709 7309 4702 7279 4749 7278 4760 7273 4764 7352 4715 7311 4764 7352 4769 7358 4719 7313 4769 7358 4762 7360 4713 7277 4750 7270 4758 7347 4766 7355 4758 7347 4754 7346 4770 7359 4754 7346 4749 7278 4762 7360 4748 7343 4752 7342 4727 7321 4752 7342 4757 7349 4731 7324 4757 7349 4750 7270 4725 7269 4736 7272 4740 7332 4763 7351 4740 7332 4745 7338 4767 7353 4745 7338 4738 7339 4761 7268 4726 7267 4734 7330 4742 7335 4734 7330 4730 7326 4746 7336 4730 7326 4725 7269 4738 7339 4724 7323 4728 7322 4679 7280 4728 7322 4733 7329 4683 7283 4733 7329 4726 7267 4677 7266 4689 7297 4695 7296 4739 7331 4695 7296 4691 7290 4743 7333 4691 7290 4688 7292 4737 7265 4748 7343 4724 7323 4676 7282 4849 7361 4800 7388 4789 7362 4873 7364 4850 7435 4837 7365 4824 7367 4801 7392 4848 7368 4802 7370 4826 7415 4813 7371 4825 7373 4874 7456 4861 7374 4791 7376 4793 7380 4792 7377 4791 7376 4795 7382 4796 7379 4794 7381 4796 7379 4795 7382 4798 7383 4799 7385 4796 7379 4797 7384 4799 7385 4798 7383 4797 7384 4792 7377 4793 7380 4803 7386 4805 7390 4804 7387 4807 7389 4808 7394 4805 7390 4806 7391 4808 7394 4807 7389 4810 7393 4811 7396 4808 7394 4809 7395 4811 7396 4810 7393 4809 7395 4804 7387 4805 7390 4815 7397 4817 7401 4816 7398 4819 7400 4820 7404 4817 7401 4818 7402 4820 7404 4819 7400 4818 7402 4822 7406 4823 7403 4821 7405 4823 7403 4822 7406 4816 7398 4817 7401 4823 7403 4827 7407 4829 7410 4828 7408 4827 7407 4831 7412 4832 7409 4830 7411 4832 7409 4831 7412 4834 7413 4835 7416 4832 7409 4833 7414 4835 7416 4834 7413 4833 7414 4828 7408 4829 7410 4839 7417 4841 7421 4840 7418 4843 7420 4844 7424 4841 7421 4842 7422 4844 7424 4843 7420 4842 7422 4846 7426 4847 7423 4845 7425 4847 7423 4846 7426 4840 7418 4841 7421 4847 7423 4851 7427 4853 7430 4852 7428 4851 7427 4855 7432 4856 7429 4854 7431 4856 7429 4855 7432 4858 7433 4859 7436 4856 7429 4857 7434 4859 7436 4858 7433 4857 7434 4852 7428 4853 7430 4863 7437 4865 7441 4864 7438 4863 7437 4867 7443 4868 7440 4866 7442 4868 7440 4867 7443 4870 7444 4871 7446 4868 7440 4869 7445 4871 7446 4870 7444 4869 7445 4864 7438 4865 7441 4875 7447 4877 7450 4876 7448 4879 7449 4880 7453 4877 7450 4878 7451 4880 7453 4879 7449 4878 7451 4882 7455 4883 7452 4881 7454 4883 7452 4882 7455 4876 7448 4877 7450 4883 7452 4788 7378 4792 7377 4815 7397 4792 7377 4797 7384 4819 7400 4797 7384 4790 7372 4813 7371 4800 7388 4804 7387 4794 7381 4804 7387 4809 7395 4798 7383 4809 7395 4802 7370 4790 7372 4824 7367 4828 7408 4806 7391 4828 7408 4833 7414 4810 7393 4833 7414 4826 7415 4802 7370 4814 7375 4822 7406 4830 7411 4822 7406 4818 7402 4834 7413 4818 7402 4813 7371 4826 7415 4812 7399 4816 7398 4863 7437 4816 7398 4821 7405 4867 7443 4821 7405 4814 7375 4861 7374 4872 7369 4876 7448 4827 7407 4876 7448 4881 7454 4831 7412 4881 7454 4874 7456 4825 7373 4862 7366 4870 7444 4878 7451 4870 7444 4866 7442 4882 7455 4866 7442 4861 7374 4874 7456 4860 7439 4864 7438 4839 7417 4864 7438 4869 7445 4843 7420 4869 7445 4862 7366 4837 7365 4848 7368 4852 7428 4875 7447 4852 7428 4857 7434 4879 7449 4857 7434 4850 7435 4873 7364 4838 7363 4846 7426 4854 7431 4846 7426 4842 7422 4858 7433 4842 7422 4837 7365 4850 7435 4836 7419 4840 7418 4791 7376 4840 7418 4845 7425 4795 7382 4845 7425 4838 7363 4789 7362 4801 7392 4807 7389 4851 7427 4807 7389 4803 7386 4855 7432 4803 7386 4800 7388 4849 7361 4860 7439 4836 7419 4788 7378 4945 7457 4896 7484 4885 7458 4969 7460 4946 7531 4933 7461 4920 7463 4897 7488 4944 7464 4898 7466 4922 7511 4909 7467 4921 7469 4970 7551 4957 7470 4887 7472 4889 7476 4888 7473 4887 7472 4891 7478 4892 7475 4890 7477 4892 7475 4891 7478 4894 7479 4895 7481 4892 7475 4893 7480 4895 7481 4894 7479 4888 7473 4889 7476 4895 7481 4899 7482 4901 7486 4900 7483 4903 7485 4904 7490 4901 7486 4902 7487 4904 7490 4903 7485 4902 7487 4906 7492 4907 7489 4905 7491 4907 7489 4906 7492 4900 7483 4901 7486 4907 7489 4911 7493 4913 7497 4912 7494 4911 7493 4915 7499 4916 7496 4914 7498 4916 7496 4915 7499 4918 7500 4919 7502 4916 7496 4917 7501 4919 7502 4918 7500 4912 7494 4913 7497 4919 7502 4923 7503 4925 7506 4924 7504 4923 7503 4927 7508 4928 7505 4926 7507 4928 7505 4927 7508 4930 7509 4931 7512 4928 7505 4929 7510 4931 7512 4930 7509 4924 7504 4925 7506 4931 7512 4935 7513 4937 7517 4936 7514 4935 7513 4939 7519 4940 7516 4938 7518 4940 7516 4939 7519 4942 7520 4943 7522 4940 7516 4941 7521 4943 7522 4942 7520 4936 7514 4937 7517 4943 7522 4947 7523 4949 7526 4948 7524 4947 7523 4951 7528 4952 7525 4950 7527 4952 7525 4951 7528 4954 7529 4955 7532 4952 7525 4953 7530 4955 7532 4954 7529 4948 7524 4949 7526 4955 7532 4959 7533 4961 7537 4960 7534 4959 7533 4963 7539 4964 7536 4962 7538 4964 7536 4963 7539 4966 7540 4967 7542 4964 7536 4965 7541 4967 7542 4966 7540 4960 7534 4961 7537 4967 7542 4971 7543 4973 7546 4972 7544 4971 7543 4975 7548 4976 7545 4974 7547 4976 7545 4975 7548 4978 7549 4979 7552 4976 7545 4977 7550 4979 7552 4978 7549 4972 7544 4973 7546 4979 7552 4884 7474 4888 7473 4911 7493 4888 7473 4893 7480 4915 7499 4893 7480 4886 7468 4909 7467 4896 7484 4900 7483 4890 7477 4900 7483 4905 7491 4894 7479 4905 7491 4898 7466 4886 7468 4920 7463 4924 7504 4902 7487 4924 7504 4929 7510 4906 7492 4929 7510 4922 7511 4898 7466 4910 7471 4918 7500 4926 7507 4918 7500 4914 7498 4930 7509 4914 7498 4909 7467 4922 7511 4908 7495 4912 7494 4959 7533 4912 7494 4917 7501 4963 7539 4917 7501 4910 7471 4957 7470 4968 7465 4972 7544 4923 7503 4972 7544 4977 7550 4927 7508 4977 7550 4970 7551 4921 7469 4958 7462 4966 7540 4974 7547 4966 7540 4962 7538 4978 7549 4962 7538 4957 7470 4970 7551 4956 7535 4960 7534 4935 7513 4960 7534 4965 7541 4939 7519 4965 7541 4958 7462 4933 7461 4944 7464 4948 7524 4971 7543 4948 7524 4953 7530 4975 7548 4953 7530 4946 7531 4969 7460 4934 7459 4942 7520 4950 7527 4942 7520 4938 7518 4954 7529 4938 7518 4933 7461 4946 7531 4932 7515 4936 7514 4887 7472 4936 7514 4941 7521 4891 7478 4941 7521 4934 7459 4885 7458 4897 7488 4903 7485 4947 7523 4903 7485 4899 7482 4951 7528 4899 7482 4896 7484 4945 7457 4956 7535 4932 7515 4884 7474 5257 7457 5208 7484 5197 7458 5281 7769 5258 7832 5245 7770 5232 7772 5209 7793 5256 7773 5210 7775 5234 7814 5221 7776 5233 7469 5282 7551 5269 7470 5199 7778 5201 7782 5200 7779 5199 7778 5203 7784 5204 7781 5202 7783 5204 7781 5203 7784 5206 7785 5207 7787 5204 7781 5205 7786 5207 7787 5206 7785 5200 7779 5201 7782 5207 7787 5211 7788 5213 7791 5212 7789 5215 7790 5216 7795 5213 7791 5214 7792 5216 7795 5215 7790 5214 7792 5218 7796 5219 7794 5217 7491 5219 7794 5218 7796 5212 7789 5213 7791 5219 7794 5223 7797 5225 7801 5224 7798 5223 7797 5227 7802 5228 7800 5226 7498 5228 7800 5227 7802 5230 7803 5231 7805 5228 7800 5229 7804 5231 7805 5230 7803 5224 7798 5225 7801 5231 7805 5235 7806 5237 7809 5236 7807 5235 7806 5239 7811 5240 7808 5238 7810 5240 7808 5239 7811 5242 7812 5243 7815 5240 7808 5241 7813 5243 7815 5242 7812 5236 7807 5237 7809 5243 7815 5247 7816 5249 7820 5248 7817 5247 7816 5251 7821 5252 7819 5250 7518 5252 7819 5251 7821 5254 7822 5255 7824 5252 7819 5253 7823 5255 7824 5254 7822 5248 7817 5249 7820 5255 7824 5259 7825 5261 7828 5260 7826 5259 7825 5263 7830 5264 7827 5262 7829 5264 7827 5263 7830 5266 7831 5267 7833 5264 7827 5265 7530 5267 7833 5266 7831 5260 7826 5261 7828 5267 7833 5271 7834 5273 7838 5272 7835 5271 7834 5275 7840 5276 7837 5274 7839 5276 7837 5275 7840 5278 7841 5279 7843 5276 7837 5277 7842 5279 7843 5278 7841 5272 7835 5273 7838 5279 7843 5283 7844 5285 7847 5284 7845 5283 7844 5287 7848 5288 7846 5286 7547 5288 7846 5287 7848 5290 7849 5291 7851 5288 7846 5289 7850 5291 7851 5290 7849 5284 7845 5285 7847 5291 7851 5196 7780 5200 7779 5223 7797 5200 7779 5205 7786 5227 7802 5205 7786 5198 7777 5221 7776 5208 7484 5212 7789 5202 7783 5212 7789 5217 7491 5206 7785 5217 7491 5210 7775 5198 7777 5232 7772 5236 7807 5214 7792 5236 7807 5241 7813 5218 7796 5241 7813 5234 7814 5210 7775 5222 7471 5230 7803 5238 7810 5230 7803 5226 7498 5242 7812 5226 7498 5221 7776 5234 7814 5220 7799 5224 7798 5271 7834 5224 7798 5229 7804 5275 7840 5229 7804 5222 7471 5269 7470 5280 7774 5284 7845 5235 7806 5284 7845 5289 7850 5239 7811 5289 7850 5282 7551 5233 7469 5270 7771 5278 7841 5286 7547 5278 7841 5274 7839 5290 7849 5274 7839 5269 7470 5282 7551 5268 7836 5272 7835 5247 7816 5272 7835 5277 7842 5251 7821 5277 7842 5270 7771 5245 7770 5256 7773 5260 7826 5283 7844 5260 7826 5265 7530 5287 7848 5265 7530 5258 7832 5281 7769 5246 7459 5254 7822 5262 7829 5254 7822 5250 7518 5266 7831 5250 7518 5245 7770 5258 7832 5244 7818 5248 7817 5199 7778 5248 7817 5253 7823 5203 7784 5253 7823 5246 7459 5197 7458 5209 7793 5215 7790 5259 7825 5215 7790 5211 7788 5263 7830 5211 7788 5208 7484 5257 7457 5268 7836 5244 7818 5196 7780 5569 8045 5520 8071 5509 8046 5593 8048 5570 8113 5557 8049 5544 8051 5521 8075 5568 8052 5522 8054 5546 8095 5533 8055 5545 8057 5594 8131 5581 8058 5511 8060 5513 7476 5512 8061 5511 8060 5515 8065 5516 8063 5514 8064 5516 8063 5515 8065 5518 8066 5519 8068 5516 8063 5517 8067 5519 8068 5518 8066 5512 8061 5513 7476 5519 8068 5523 8069 5525 8073 5524 8070 5527 8072 5528 7490 5525 8073 5526 8074 5528 7490 5527 8072 5526 8074 5530 8078 5531 8076 5529 8077 5531 8076 5530 8078 5524 8070 5525 8073 5531 8076 5535 8079 5537 7497 5536 8080 5535 8079 5539 8084 5540 8082 5538 8083 5540 8082 5539 8084 5542 8085 5543 8087 5540 8082 5541 8086 5543 8087 5542 8085 5536 8080 5537 7497 5543 8087 5547 8088 5549 7506 5548 8089 5547 8088 5551 8092 5552 8090 5550 8091 5552 8090 5551 8092 5554 8093 5555 8096 5552 8090 5553 8094 5555 8096 5554 8093 5548 8089 5549 7506 5555 8096 5559 8097 5561 7517 5560 8098 5559 8097 5563 8102 5564 8100 5562 8101 5564 8100 5563 8102 5566 8103 5567 8105 5564 8100 5565 8104 5567 8105 5566 8103 5560 8098 5561 7517 5567 8105 5571 8106 5573 7526 5572 8107 5571 8106 5575 8110 5576 8108 5574 8109 5576 8108 5575 8110 5578 8111 5579 8114 5576 8108 5577 8112 5579 8114 5578 8111 5572 8107 5573 7526 5579 8114 5583 8115 5585 7537 5584 8116 5583 8115 5587 8120 5588 8118 5586 8119 5588 8118 5587 8120 5590 8121 5591 8123 5588 8118 5589 8122 5591 8123 5590 8121 5584 8116 5585 7537 5591 8123 5595 8124 5597 7546 5596 8125 5595 8124 5599 8128 5600 8126 5598 8127 5600 8126 5599 8128 5602 8129 5603 8132 5600 8126 5601 8130 5603 8132 5602 8129 5596 8125 5597 7546 5603 8132 5508 8062 5512 8061 5535 8079 5512 8061 5517 8067 5539 8084 5517 8067 5510 8056 5533 8055 5520 8071 5524 8070 5514 8064 5524 8070 5529 8077 5518 8066 5529 8077 5522 8054 5510 8056 5544 8051 5548 8089 5526 8074 5548 8089 5553 8094 5530 8078 5553 8094 5546 8095 5522 8054 5534 8059 5542 8085 5550 8091 5542 8085 5538 8083 5554 8093 5538 8083 5533 8055 5546 8095 5532 8081 5536 8080 5583 8115 5536 8080 5541 8086 5587 8120 5541 8086 5534 8059 5581 8058 5592 8053 5596 8125 5547 8088 5596 8125 5601 8130 5551 8092 5601 8130 5594 8131 5545 8057 5582 8050 5590 8121 5598 8127 5590 8121 5586 8119 5602 8129 5586 8119 5581 8058 5594 8131 5580 8117 5584 8116 5559 8097 5584 8116 5589 8122 5563 8102 5589 8122 5582 8050 5557 8049 5568 8052 5572 8107 5595 8124 5572 8107 5577 8112 5599 8128 5577 8112 5570 8113 5593 8048 5558 8047 5566 8103 5574 8109 5566 8103 5562 8101 5578 8111 5562 8101 5557 8049 5570 8113 5556 8099 5560 8098 5511 8060 5560 8098 5565 8104 5515 8065 5565 8104 5558 8047 5509 8046 5521 8075 5527 8072 5571 8106 5527 8072 5523 8069 5575 8110 5523 8069 5520 8071 5569 8045 5580 8117 5556 8099 5508 8062 5881 8045 5832 8071 5821 8046 5905 8310 5882 8367 5869 8311 5856 8313 5833 8333 5880 8314 5834 8316 5858 8350 5845 8317 5857 8057 5906 8131 5893 8058 5823 8319 5825 7782 5824 8320 5823 8319 5827 8324 5828 8322 5826 8323 5828 8322 5827 8324 5830 8325 5831 8327 5828 8322 5829 8326 5831 8327 5830 8325 5824 8320 5825 7782 5831 8327 5835 8328 5837 8331 5836 8329 5839 8330 5840 7795 5837 8331 5838 8332 5840 7795 5839 8330 5838 8332 5842 8335 5843 8334 5841 8077 5843 8334 5842 8335 5836 8329 5837 8331 5843 8334 5847 8336 5849 7801 5848 8337 5847 8336 5851 8340 5852 8339 5850 8083 5852 8339 5851 8340 5854 8341 5855 8343 5852 8339 5853 8342 5855 8343 5854 8341 5848 8337 5849 7801 5855 8343 5859 8344 5861 7809 5860 8345 5859 8344 5863 8348 5864 8346 5862 8347 5864 8346 5863 8348 5866 8349 5867 8351 5864 8346 5865 8094 5867 8351 5866 8349 5860 8345 5861 7809 5867 8351 5871 8352 5873 7820 5872 8353 5871 8352 5875 8356 5876 8355 5874 8101 5876 8355 5875 8356 5878 8357 5879 8359 5876 8355 5877 8358 5879 8359 5878 8357 5872 8353 5873 7820 5879 8359 5883 8360 5885 7828 5884 8361 5883 8360 5887 8364 5888 8362 5886 8363 5888 8362 5887 8364 5890 8365 5891 8368 5888 8362 5889 8366 5891 8368 5890 8365 5884 8361 5885 7828 5891 8368 5895 8369 5897 7838 5896 8370 5895 8369 5899 8374 5900 8372 5898 8373 5900 8372 5899 8374 5902 8375 5903 8377 5900 8372 5901 8376 5903 8377 5902 8375 5896 8370 5897 7838 5903 8377 5907 8378 5909 7847 5908 8379 5907 8378 5911 8381 5912 8380 5910 8127 5912 8380 5911 8381 5914 8382 5915 8384 5912 8380 5913 8383 5915 8384 5914 8382 5908 8379 5909 7847 5915 8384 5820 8321 5824 8320 5847 8336 5824 8320 5829 8326 5851 8340 5829 8326 5822 8318 5845 8317 5832 8071 5836 8329 5826 8323 5836 8329 5841 8077 5830 8325 5841 8077 5834 8316 5822 8318 5856 8313 5860 8345 5838 8332 5860 8345 5865 8094 5842 8335 5865 8094 5858 8350 5834 8316 5846 8059 5854 8341 5862 8347 5854 8341 5850 8083 5866 8349 5850 8083 5845 8317 5858 8350 5844 8338 5848 8337 5895 8369 5848 8337 5853 8342 5899 8374 5853 8342 5846 8059 5893 8058 5904 8315 5908 8379 5859 8344 5908 8379 5913 8383 5863 8348 5913 8383 5906 8131 5857 8057 5894 8312 5902 8375 5910 8127 5902 8375 5898 8373 5914 8382 5898 8373 5893 8058 5906 8131 5892 8371 5896 8370 5871 8352 5896 8370 5901 8376 5875 8356 5901 8376 5894 8312 5869 8311 5880 8314 5884 8361 5907 8378 5884 8361 5889 8366 5911 8381 5889 8366 5882 8367 5905 8310 5870 8047 5878 8357 5886 8363 5878 8357 5874 8101 5890 8365 5874 8101 5869 8311 5882 8367 5868 8354 5872 8353 5823 8319 5872 8353 5877 8358 5827 8324 5877 8358 5870 8047 5821 8046 5833 8333 5839 8330 5883 8360 5839 8330 5835 8328 5887 8364 5835 8328 5832 8071 5881 8045 5892 8371 5868 8354 5820 8321 6585 9156 6536 9183 6525 9157 6609 9159 6586 9231 6573 9160 6560 9162 6537 9188 6584 9163 6538 9165 6562 9210 6549 9166 6561 9168 6610 9250 6597 9169 6527 9171 6529 9175 6528 9172 6531 9174 6532 9178 6529 9175 6530 9176 6532 9178 6531 9174 6534 9177 6535 9180 6532 9178 6533 9179 6535 9180 6534 9177 6533 9179 6528 9172 6529 9175 6539 9181 6541 9185 6540 9182 6539 9181 6543 9187 6544 9184 6542 9186 6544 9184 6543 9187 6546 9189 6547 9191 6544 9184 6545 9190 6547 9191 6546 9189 6545 9190 6540 9182 6541 9185 6551 9192 6553 9196 6552 9193 6555 9195 6556 9199 6553 9196 6554 9197 6556 9199 6555 9195 6554 9197 6558 9201 6559 9198 6557 9200 6559 9198 6558 9201 6557 9200 6552 9193 6553 9196 6563 9202 6565 9205 6564 9203 6567 9204 6568 9208 6565 9205 6566 9206 6568 9208 6567 9204 6570 9207 6571 9211 6568 9208 6569 9209 6571 9211 6570 9207 6569 9209 6564 9203 6565 9205 6575 9212 6577 9216 6576 9213 6579 9215 6580 9219 6577 9216 6578 9217 6580 9219 6579 9215 6582 9218 6583 9221 6580 9219 6581 9220 6583 9221 6582 9218 6581 9220 6576 9213 6577 9216 6587 9222 6589 9225 6588 9223 6591 9224 6592 9228 6589 9225 6590 9226 6592 9228 6591 9224 6590 9226 6594 9230 6595 9227 6593 9229 6595 9227 6594 9230 6588 9223 6589 9225 6595 9227 6599 9232 6601 9236 6600 9233 6603 9235 6604 9239 6601 9236 6602 9237 6604 9239 6603 9235 6606 9238 6607 9241 6604 9239 6605 9240 6607 9241 6606 9238 6600 9233 6601 9236 6607 9241 6611 9242 6613 9245 6612 9243 6615 9244 6616 9248 6613 9245 6614 9246 6616 9248 6615 9244 6618 9247 6619 9251 6616 9248 6617 9249 6619 9251 6618 9247 6612 9243 6613 9245 6619 9251 6524 9173 6528 9172 6551 9192 6528 9172 6533 9179 6555 9195 6533 9179 6526 9167 6549 9166 6536 9183 6540 9182 6530 9176 6540 9182 6545 9190 6534 9177 6545 9190 6538 9165 6526 9167 6560 9162 6564 9203 6542 9186 6564 9203 6569 9209 6546 9189 6569 9209 6562 9210 6538 9165 6550 9170 6558 9201 6566 9206 6558 9201 6554 9197 6570 9207 6554 9197 6549 9166 6562 9210 6548 9194 6552 9193 6599 9232 6552 9193 6557 9200 6603 9235 6557 9200 6550 9170 6597 9169 6608 9164 6612 9243 6563 9202 6612 9243 6617 9249 6567 9204 6617 9249 6610 9250 6561 9168 6598 9161 6606 9238 6614 9246 6606 9238 6602 9237 6618 9247 6602 9237 6597 9169 6610 9250 6596 9234 6600 9233 6575 9212 6600 9233 6605 9240 6579 9215 6605 9240 6598 9161 6573 9160 6584 9163 6588 9223 6611 9242 6588 9223 6593 9229 6615 9244 6593 9229 6586 9231 6609 9159 6574 9158 6582 9218 6590 9226 6582 9218 6578 9217 6594 9230 6578 9217 6573 9160 6586 9231 6572 9214 6576 9213 6527 9171 6576 9213 6581 9220 6531 9174 6581 9220 6574 9158 6525 9157 6537 9188 6543 9187 6587 9222 6543 9187 6539 9181 6591 9224 6539 9181 6536 9183 6585 9156 6596 9234 6572 9214 6524 9173 6881 9428 6832 9452 6821 9429 6905 9159 6882 9231 6869 9160 6856 9431 6833 9457 6880 9432 6834 9434 6858 9479 6845 9435 6857 9437 6906 9518 6893 9438 6823 9440 6825 9444 6824 9441 6827 9443 6828 9447 6825 9444 6826 9445 6828 9447 6827 9443 6830 9446 6831 9449 6828 9447 6829 9448 6831 9449 6830 9446 6829 9448 6824 9441 6825 9444 6835 9450 6837 9454 6836 9451 6835 9450 6839 9456 6840 9453 6838 9455 6840 9453 6839 9456 6842 9458 6843 9460 6840 9453 6841 9459 6843 9460 6842 9458 6841 9459 6836 9451 6837 9454 6847 9461 6849 9465 6848 9462 6851 9464 6852 9468 6849 9465 6850 9466 6852 9468 6851 9464 6850 9466 6854 9470 6855 9467 6853 9469 6855 9467 6854 9470 6853 9469 6848 9462 6849 9465 6859 9471 6861 9474 6860 9472 6863 9473 6864 9477 6861 9474 6862 9475 6864 9477 6863 9473 6866 9476 6867 9480 6864 9477 6865 9478 6867 9480 6866 9476 6865 9478 6860 9472 6861 9474 6871 9481 6873 9485 6872 9482 6875 9484 6876 9488 6873 9485 6874 9486 6876 9488 6875 9484 6878 9487 6879 9490 6876 9488 6877 9489 6879 9490 6878 9487 6872 9482 6873 9485 6879 9490 6883 9491 6885 9494 6884 9492 6887 9493 6888 9497 6885 9494 6886 9495 6888 9497 6887 9493 6890 9496 6891 9499 6888 9497 6889 9498 6891 9499 6890 9496 6884 9492 6885 9494 6891 9499 6895 9500 6897 9504 6896 9501 6899 9503 6900 9507 6897 9504 6898 9505 6900 9507 6899 9503 6898 9505 6902 9509 6903 9506 6901 9508 6903 9506 6902 9509 6896 9501 6897 9504 6903 9506 6907 9510 6909 9513 6908 9511 6911 9512 6912 9516 6909 9513 6910 9514 6912 9516 6911 9512 6914 9515 6915 9519 6912 9516 6913 9517 6915 9519 6914 9515 6913 9517 6908 9511 6909 9513 6820 9442 6824 9441 6847 9461 6824 9441 6829 9448 6851 9464 6829 9448 6822 9436 6845 9435 6832 9452 6836 9451 6826 9445 6836 9451 6841 9459 6830 9446 6841 9459 6834 9434 6822 9436 6856 9431 6860 9472 6838 9455 6860 9472 6865 9478 6842 9458 6865 9478 6858 9479 6834 9434 6846 9439 6854 9470 6862 9475 6854 9470 6850 9466 6866 9476 6850 9466 6845 9435 6858 9479 6844 9463 6848 9462 6895 9500 6848 9462 6853 9469 6899 9503 6853 9469 6846 9439 6893 9438 6904 9433 6908 9511 6859 9471 6908 9511 6913 9517 6863 9473 6913 9517 6906 9518 6857 9437 6894 9161 6902 9509 6910 9514 6902 9509 6898 9505 6914 9515 6898 9505 6893 9438 6906 9518 6892 9502 6896 9501 6871 9481 6896 9501 6901 9508 6875 9484 6901 9508 6894 9161 6869 9160 6880 9432 6884 9492 6907 9510 6884 9492 6889 9498 6911 9512 6889 9498 6882 9231 6905 9159 6870 9430 6878 9487 6886 9495 6878 9487 6874 9486 6890 9496 6874 9486 6869 9160 6882 9231 6868 9483 6872 9482 6823 9440 6872 9482 6877 9489 6827 9443 6877 9489 6870 9430 6821 9429 6833 9457 6839 9456 6883 9491 6839 9456 6835 9450 6887 9493 6835 9450 6832 9452 6881 9428 6892 9502 6868 9483 6820 9442</p>
        </triangles>
        <triangles material="lamp-material" count="120">
          <input semantic="VERTEX" source="#hull-mesh-vertices" offset="0"/>
          <input semantic="NORMAL" source="#hull-mesh-normals" offset="1"/>
          <p>893 1325 894 1326 892 1327 895 1328 896 1329 894 1326 896 1329 899 1330 898 1331 898 1331 901 1332 900 1333 901 1332 902 1334 900 1333 903 1335 904 1336 902 1334 905 1337 906 1338 904 1336 907 1339 908 1340 906 1338 909 1341 910 1342 908 1340 911 1343 912 1344 910 1342 913 1345 914 1346 912 1344 915 1347 916 1348 914 1346 916 1348 919 1349 918 1350 918 1350 921 1351 920 1352 913 1353 905 1354 897 1355 921 1351 922 1356 920 1352 923 1357 892 1327 922 1356 906 1358 914 1359 922 1360 989 1472 990 1473 988 1474 991 1475 992 1476 990 1473 992 1476 995 1477 994 1478 994 1478 997 1479 996 1480 997 1479 998 1481 996 1480 999 1482 1000 1483 998 1481 1001 1484 1002 1459 1000 1483 1003 1485 1004 1486 1002 1459 1005 1487 1006 1488 1004 1486 1007 1489 1008 1490 1006 1488 1009 1491 1010 1492 1008 1490 1011 1493 1012 1494 1010 1492 1012 1494 1015 1495 1014 1496 1014 1496 1017 1497 1016 1352 1009 1498 1001 1499 993 1500 1017 1497 1018 1501 1016 1352 1019 1502 988 1474 1018 1501 1002 1358 1010 1503 1018 1504 893 1325 895 1328 894 1326 895 1328 897 10663 896 1329 896 1329 897 10663 899 1330 898 1331 899 1330 901 1332 901 1332 903 1335 902 1334 903 1335 905 1337 904 1336 905 1337 907 1339 906 1338 907 1339 909 1341 908 1340 909 1341 911 1343 910 1342 911 1343 913 1345 912 1344 913 1345 915 1347 914 1346 915 1347 917 10664 916 1348 916 1348 917 10664 919 1349 918 1350 919 1349 921 1351 897 1355 895 10665 921 10666 895 10665 893 10667 921 10666 893 10667 923 10668 921 10666 921 10666 919 10669 917 10670 917 10670 915 10671 913 1353 913 1353 911 10672 905 1354 911 10672 909 10673 905 1354 909 10673 907 10674 905 1354 905 1354 903 1377 897 1355 903 1377 901 1377 897 1355 901 1377 899 1377 897 1355 921 10666 917 10670 913 1353 897 1355 921 10666 913 1353 921 1351 923 1357 922 1356 923 1357 893 1325 892 1327 922 1360 892 1358 894 1358 894 1358 896 1358 898 1358 898 1358 900 1358 902 1358 902 1358 904 1358 898 1358 904 1358 906 1358 898 1358 906 1358 908 1358 910 10675 910 10675 912 10676 914 1359 914 1359 916 1358 918 10677 918 10677 920 10678 922 1360 922 1360 894 1358 906 1358 894 1358 898 1358 906 1358 906 1358 910 10675 914 1359 914 1359 918 10677 922 1360 989 1472 991 1475 990 1473 991 1475 993 10663 992 1476 992 1476 993 10663 995 1477 994 1478 995 1477 997 1479 997 1479 999 1482 998 1481 999 1482 1001 1484 1000 1483 1001 1484 1003 1485 1002 1459 1003 1485 1005 1487 1004 1486 1005 1487 1007 1489 1006 1488 1007 1489 1009 1491 1008 1490 1009 1491 1011 1493 1010 1492 1011 1493 1013 10679 1012 1494 1012 1494 1013 10679 1015 1495 1014 1496 1015 1495 1017 1497 993 1500 991 10668 989 10680 989 10680 1019 10681 993 1500 1019 10681 1017 10682 993 1500 1017 10682 1015 10683 1013 10684 1013 10684 1011 10685 1009 1498 1009 1498 1007 10686 1001 1499 1007 10686 1005 10687 1001 1499 1005 10687 1003 10688 1001 1499 1001 1499 999 1377 997 1377 997 1377 995 1377 1001 1499 995 1377 993 1500 1001 1499 1017 10682 1013 10684 1009 1498 993 1500 1017 10682 1009 1498 1017 1497 1019 1502 1018 1501 1019 1502 989 1472 988 1474 1018 1504 988 1358 990 1358 990 1358 992 1358 994 1358 994 1358 996 1358 1002 1358 996 1358 998 1358 1002 1358 998 1358 1000 1358 1002 1358 1002 1358 1004 1358 1006 10689 1006 10689 1008 10690 1010 1503 1010 1503 1012 1358 1014 10691 1014 10691 1016 10692 1018 1504 1018 1504 990 1358 1002 1358 990 1358 994 1358 1002 1358 1002 1358 1006 10689 1010 1503 1010 1503 1014 10691 1018 1504</p>
        </triangles>
        <triangles material="blade-material" count="3484">
          <input semantic="VERTEX" source="#hull-mesh-vertices" offset="0"/>
          <input semantic="NORMAL" source="#hull-mesh-normals" offset="1"/>
          <p>1255 1733 1246 1734 1247 1735 1221 1736 1231 1737 1223 1738 1353 1739 1196 1740 1349 1741 1246 1734 1252 1742 1244 1743 1218 1744 1224 1745 1226 1746 1217 1747 1221 1736 1213 1748 1242 1749 1248 1750 1250 1751 1219 1752 1226 1746 1227 1753 1225 1754 1229 1755 1221 1736 1251 1756 1242 1749 1250 1751 1217 1747 1227 1753 1225 1754 1233 1757 1237 1758 1229 1755 1241 1759 1251 1756 1249 1760 1222 1761 1212 1762 1214 1763 1241 1759 1245 1764 1237 1758 1238 1765 1244 1743 1236 1766 1223 1738 1214 1763 1215 1767 1249 1760 1253 1768 1245 1764 1239 1769 1246 1734 1238 1765 1213 1748 1223 1738 1215 1767 1257 1770 1261 1771 1253 1768 1245 1764 1239 1769 1237 1758 1210 1772 1216 1773 1218 1744 1265 1774 1269 1775 1261 1771 1242 1749 1232 1776 1240 1777 1219 1752 1210 1772 1218 1744 1273 1778 1277 1779 1269 1775 1243 1780 1234 1781 1242 1749 1209 1782 1219 1752 1217 1747 1281 1783 1285 1784 1277 1779 1233 1757 1243 1780 1241 1759 1206 1785 1212 1762 1204 1786 1289 1787 1293 1788 1285 1784 1238 1765 1228 1789 1230 1790 1215 1767 1206 1785 1207 1791 1297 1792 1301 1793 1293 1788 1239 1769 1230 1790 1231 1737 1205 1794 1215 1767 1207 1791 1305 1795 1309 1796 1301 1793 1229 1755 1239 1769 1231 1737 1210 1772 1200 1797 1208 1798 1313 1799 1317 1800 1309 1796 1234 1781 1224 1745 1232 1776 1203 1801 1210 1772 1211 1802 1321 1803 1325 1804 1317 1800 1227 1753 1234 1781 1235 1805 1209 1782 1203 1801 1211 1802 1329 1806 1333 1807 1325 1804 1225 1754 1235 1805 1233 1757 1206 1785 1197 1808 1198 1809 1337 1810 1341 1811 1333 1807 1230 1790 1220 1812 1222 1761 1199 1813 1206 1785 1198 1809 1345 1814 1349 1741 1341 1811 1209 1782 1213 1748 1205 1794 1205 1794 1199 1813 1196 1740 1245 1764 1255 1733 1247 1735 1223 1738 1230 1790 1222 1761 1232 1776 1216 1773 1312 1815 1201 1816 1205 1794 1196 1740 1249 1760 1259 1817 1257 1770 1259 1817 1250 1751 1258 1818 1250 1751 1256 1819 1258 1818 1261 1771 1255 1733 1253 1768 1255 1733 1262 1820 1254 1821 1262 1820 1252 1742 1254 1821 1265 1774 1259 1817 1267 1822 1259 1817 1266 1823 1267 1822 1266 1823 1256 1819 1264 1824 1269 1775 1263 1825 1261 1771 1263 1825 1270 1826 1262 1820 1270 1826 1260 1827 1262 1820 1273 1778 1267 1822 1275 1828 1267 1822 1274 1829 1275 1828 1274 1829 1264 1824 1272 1830 1269 1775 1279 1831 1271 1832 1279 1831 1270 1826 1271 1832 1270 1826 1276 1833 1268 1834 1273 1778 1283 1835 1281 1783 1283 1835 1274 1829 1282 1836 1274 1829 1280 1837 1282 1836 1285 1784 1279 1831 1277 1779 1279 1831 1286 1838 1278 1839 1286 1838 1276 1833 1278 1839 1289 1787 1283 1835 1291 1840 1283 1835 1290 1841 1291 1840 1290 1841 1280 1837 1288 1842 1285 1784 1295 1843 1287 1844 1295 1843 1286 1838 1287 1844 1286 1838 1292 1845 1284 1846 1289 1787 1299 1847 1297 1792 1299 1847 1290 1841 1298 1848 1290 1841 1296 1849 1298 1848 1293 1788 1303 1850 1295 1843 1303 1850 1294 1851 1295 1843 1294 1851 1300 1852 1292 1845 1297 1792 1307 1853 1305 1795 1307 1853 1298 1848 1306 1854 1298 1848 1304 1855 1306 1854 1309 1796 1303 1850 1301 1793 1303 1850 1310 1856 1302 1857 1310 1856 1300 1852 1302 1857 1313 1799 1307 1853 1315 1858 1307 1853 1314 1859 1315 1858 1314 1859 1304 1855 1312 1815 1317 1800 1311 1860 1309 1796 1311 1860 1318 1861 1310 1856 1318 1861 1308 1862 1310 1856 1313 1799 1323 1863 1321 1803 1323 1863 1314 1859 1322 1864 1322 1864 1312 1815 1320 1865 1325 1804 1319 1866 1317 1800 1319 1866 1326 1867 1318 1861 1318 1861 1324 1868 1316 1869 1329 1806 1323 1863 1331 1870 1323 1863 1330 1871 1331 1870 1322 1864 1328 1872 1330 1871 1333 1807 1327 1873 1325 1804 1335 1874 1326 1867 1327 1873 1326 1867 1332 1875 1324 1868 1337 1810 1331 1870 1339 1876 1339 1876 1330 1871 1338 1877 1330 1871 1336 1878 1338 1877 1341 1811 1335 1874 1333 1807 1343 1879 1334 1880 1335 1874 1342 1881 1332 1875 1334 1880 1345 1814 1339 1876 1347 1882 1339 1876 1346 1883 1347 1882 1338 1877 1344 1884 1346 1883 1349 1741 1343 1879 1341 1811 1343 1879 1350 1885 1342 1881 1350 1885 1340 1886 1342 1881 1353 1739 1347 1882 1355 1887 1347 1882 1354 1888 1355 1887 1354 1888 1344 1884 1352 1889 1349 1741 1199 1813 1351 1890 1199 1813 1350 1885 1351 1890 1350 1885 1197 1808 1348 1891 1353 1739 1203 1801 1201 1816 1203 1801 1354 1888 1202 1892 1354 1888 1200 1797 1202 1892 1252 1742 1316 1869 1348 1891 1381 1923 1382 1924 1380 1925 1383 1926 1384 1926 1382 1927 1385 1928 1386 1928 1384 1929 1387 1930 1388 1931 1386 1932 1389 1933 1390 1934 1388 1935 1391 1936 1392 1936 1390 1937 1381 1324 1393 1324 1389 1324 1393 1938 1394 1938 1392 1939 1395 1940 1380 1941 1394 1942 1390 1647 1392 1647 1394 1647 1876 2732 1883 2733 1882 2734 1878 2735 1883 2736 1877 2737 1879 2738 1884 2739 1878 2740 1880 2741 1885 2742 1879 2743 1881 1358 1886 2744 1880 2745 1881 2746 1882 2747 1887 2748 1882 2734 1889 2749 1888 2750 1884 2751 1889 2752 1883 2736 1885 2753 1890 2754 1884 2739 1886 2755 1891 2756 1885 2742 1887 2757 1892 2758 1886 2744 1887 2748 1888 2759 1893 2760 1888 2750 1895 2761 1894 2762 1890 2763 1895 2764 1889 2752 1891 2765 1896 2766 1890 2754 1892 2767 1897 2768 1891 2756 1893 2769 1898 2770 1892 2758 1893 2760 1894 2771 1899 2772 1894 2762 1901 2773 1900 2774 1896 2775 1901 2776 1895 2764 1897 2777 1902 2778 1896 2766 1897 2768 1904 2779 1903 2780 1899 2781 1904 2782 1898 2770 1894 2771 1905 2783 1899 2772 1900 2774 1907 2784 1906 2785 1902 2786 1907 2787 1901 2776 1903 2788 1908 2789 1902 2778 1903 2780 1910 2790 1909 2791 1905 2792 1910 2793 1904 2782 1900 2794 1911 2795 1905 2783 1907 2784 1912 2796 1906 2785 1908 2797 1913 2798 1907 2787 1908 2789 1915 2799 1914 2800 1909 2791 1916 2801 1915 2802 1911 2803 1916 2804 1910 2793 1906 2805 1917 2806 1911 2795 1913 2807 1918 2808 1912 2796 1914 2809 1919 2810 1913 2798 1914 2800 1921 2811 1920 2812 1915 2802 1922 2813 1921 2814 1917 2815 1922 2816 1916 2804 1912 2817 1923 2818 1917 2806 1918 2808 1925 2819 1924 2820 1920 2821 1925 2822 1919 2810 1921 2811 1926 2823 1920 2812 1922 2813 1927 2824 1921 2814 1923 2825 1928 2826 1922 2816 1923 2818 1924 2827 1929 2828 1925 2819 1930 2829 1924 2820 1926 2830 1931 2831 1925 2822 1926 2823 1933 2832 1932 2833 1927 2824 1934 2834 1933 2835 1929 2836 1934 2837 1928 2826 1924 2827 1935 2838 1929 2828 1930 2829 1937 2839 1936 2840 1932 2841 1937 2842 1931 2831 1933 2832 1938 2843 1932 2833 1934 2834 1939 2844 1933 2835 1935 2845 1940 2846 1934 2837 1935 2838 1936 2847 1941 2848 1936 2840 1943 2849 1942 2850 1938 2851 1943 2852 1937 2842 1939 2853 1944 2854 1938 2843 1940 2855 1945 2856 1939 2844 1941 2857 1946 2858 1940 2846 1941 2848 1942 2859 1947 2860 1942 2850 1949 2861 1948 2862 1944 2863 1949 2864 1943 2852 1945 2865 1950 2866 1944 2854 1945 2856 1952 2867 1951 2868 1947 2869 1952 2870 1946 2858 1942 2859 1953 2871 1947 2860 1948 2862 1955 2872 1954 2873 1950 2874 1955 2875 1949 2864 1951 2876 1956 2877 1950 2866 1952 2867 1957 2878 1951 2868 1953 2879 1958 2880 1952 2870 1948 2881 1959 2882 1953 2871 1955 2872 1960 2883 1954 2873 1956 2884 1961 2885 1955 2875 1956 2877 1963 2886 1962 2887 1957 2878 1964 2888 1963 2889 1959 2890 1964 2891 1958 2880 1954 2892 1965 2893 1959 2882 1961 2894 1966 2895 1960 2883 1962 2896 1967 2897 1961 2885 1962 2887 1969 2898 1968 2899 1963 2889 1970 2900 1969 2901 1965 2902 1970 2903 1964 2891 1960 2904 1971 2905 1965 2893 1967 2906 1972 2907 1966 2895 1968 2908 1973 2909 1967 2897 1968 2899 1975 2910 1974 2911 1969 2901 1976 2912 1975 2913 1971 2914 1976 2915 1970 2903 1966 2916 1977 2917 1971 2905 1972 2907 1979 2918 1978 2919 1974 2920 1979 2744 1973 2909 1975 2910 1980 2921 1974 2911 1976 2912 1981 2922 1975 2913 1977 1377 1982 2923 1976 2915 1977 2917 1978 2924 1983 2925 1978 2919 1985 2926 1984 2927 1980 2928 1985 2929 1979 2744 1981 2930 1986 2931 1980 2921 1982 2932 1987 2933 1981 2922 1983 2934 1988 2935 1982 2923 1983 2925 1984 2936 1989 2937 1984 2927 1991 2938 1990 2939 1986 2940 1991 2941 1985 2929 1987 2942 1992 2943 1986 2931 1988 2944 1993 2945 1987 2933 1989 2946 1994 2947 1988 2935 1989 2937 1990 2948 1995 2949 1991 2938 1996 2950 1990 2939 1992 2951 1997 2952 1991 2941 1992 2943 1999 2953 1998 2954 1994 2955 1999 2956 1993 2945 1995 2957 2000 2958 1994 2947 1990 2948 2001 2959 1995 2949 1997 2960 2002 2961 1996 2950 1998 2962 2003 2963 1997 2952 1998 2954 2005 2964 2004 2965 2000 2966 2005 2967 1999 2956 2001 2968 2006 2969 2000 2958 2001 2959 2002 2970 2007 2971 2003 2972 2008 2973 2002 2961 2004 2974 2009 2975 2003 2963 2004 2965 2011 2976 2010 2977 2005 2967 2012 2978 2011 2979 2007 2980 2012 2981 2006 2969 2002 2970 2013 2982 2007 2971 2009 2983 2014 2984 2008 2973 2010 2985 2015 2986 2009 2975 2010 2977 2017 2987 2016 2988 2011 2979 2018 2989 2017 2990 2013 2991 2018 2992 2012 2981 2008 2993 2019 2994 2013 2982 2014 2984 2021 2995 2020 2996 2016 2997 2021 2998 2015 2986 2017 2987 2022 2999 2016 2988 2018 2989 2023 3000 2017 2990 2019 3001 2024 3002 2018 2992 2019 2994 2020 3003 2025 3004 2021 2995 2026 3005 2020 2996 2022 3006 2027 3007 2021 2998 2022 2999 2029 3008 2028 3009 2023 3000 2030 3010 2029 3011 2025 3012 2030 3013 2024 3002 2020 3003 2031 3014 2025 3004 2026 3005 2033 3015 2032 3016 2028 3017 2033 3018 2027 3007 2029 3008 2034 3019 2028 3009 2030 3010 2035 3020 2029 3011 2031 3021 2036 3022 2030 3013 2031 3014 2032 3023 2037 3024 2032 3016 2039 3025 2038 3026 2034 3027 2039 3028 2033 3018 2035 3029 2040 3030 2034 3019 2036 3031 2041 3032 2035 3020 2037 3033 2042 3034 2036 3022 2037 3024 2038 3035 2043 3036 2039 3025 2044 3037 2038 3026 2040 3038 2045 3039 2039 3028 2040 3030 2047 3040 2046 3041 2042 3042 2047 3043 2041 3032 2043 3044 2048 3045 2042 3034 2043 3036 2044 3046 2049 3047 2045 3048 2050 3049 2044 3037 2046 3050 2051 3051 2045 3039 2046 3041 2053 3052 2052 3053 2048 3054 2053 3055 2047 3043 2049 3056 2054 3057 2048 3045 2049 3047 2050 3058 2055 3059 2051 3060 2056 3061 2050 3049 2052 3062 2057 3063 2051 3051 2052 3053 2059 3064 2058 3065 2053 3055 2060 3066 2059 3067 2055 3068 2060 3069 2054 3057 2050 3058 2061 3070 2055 3059 2057 3071 2062 3072 2056 3061 2058 3073 2063 3074 2057 3063 2058 3065 2065 3075 2064 3076 2059 3067 2066 3077 2065 3078 2061 3079 2066 3080 2060 3069 2056 3081 2067 3082 2061 3070 2063 3083 1876 2732 2062 3072 2064 3084 1877 2737 2063 3074 2064 3076 1879 2738 1878 2740 2065 3078 1880 2741 1879 2743 2067 3085 1880 2745 2066 3080 2062 3086 1881 2746 2067 3082 2069 3087 2074 3088 2068 3089 2070 3090 2075 3091 2069 3092 2070 3093 2077 3094 2076 3095 2071 3096 2078 3097 2077 3098 2073 3099 2078 3100 2072 3101 2068 3102 2079 3103 2073 3104 2075 3105 2080 3106 2074 3088 2076 3107 2081 3108 2075 3091 2076 3095 2083 3109 2082 3110 2077 3098 2084 3111 2083 3112 2079 3113 2084 3114 2078 3100 2074 3115 2085 3116 2079 3103 2080 3106 2087 3117 2086 3118 2082 3119 2087 3120 2081 3108 2083 3109 2088 3121 2082 3110 2084 3111 2089 3122 2083 3112 2085 3123 2090 3124 2084 3114 2085 3116 2086 3125 2091 3126 2086 3118 2093 3127 2092 3128 2088 3129 2093 3130 2087 3120 2089 3131 2094 3132 2088 3121 2090 3133 2095 3134 2089 3122 2091 3135 2096 3136 2090 3124 2091 3126 2092 3137 2097 3138 2092 3128 2099 3139 2098 3140 2094 3141 2099 3142 2093 3130 2095 3143 2100 3144 2094 3132 2096 3145 2101 3146 2095 3134 2097 3147 2102 3148 2096 3136 2097 3138 2098 3149 2103 3150 2099 3139 2104 3151 2098 3140 2100 3152 2105 3153 2099 3142 2100 3144 2107 3154 2106 3155 2102 3156 2107 3157 2101 3146 2103 3158 2108 3159 2102 3148 2103 3150 2104 3160 2109 3161 2105 3162 2110 3163 2104 3151 2106 3164 2111 3165 2105 3153 2106 3155 2113 3166 2112 3167 2108 3168 2113 3169 2107 3157 2109 3170 2114 3171 2108 3159 2109 3161 2110 3172 2115 3173 2110 3163 2117 3174 2116 3175 2112 3176 2117 3177 2111 3165 2113 3166 2118 3178 2112 3167 2114 3179 2119 3180 2113 3169 2115 3181 2120 3182 2114 3171 2115 3173 2116 3183 2121 3184 2117 3174 2122 3185 2116 3175 2118 3186 2123 3187 2117 3177 2118 3178 2125 3188 2124 3189 2119 3180 2126 3190 2125 3191 2121 3192 2126 3193 2120 3182 2116 3183 2127 3194 2121 3184 2122 3185 2129 3195 2128 3196 2124 3197 2129 3198 2123 3187 2125 3188 2130 3199 2124 3189 2125 3191 2132 3200 2131 3201 2127 3202 2132 3203 2126 3193 2122 3204 2133 3205 2127 3194 2128 3196 2135 3206 2134 3207 2130 3208 2135 3209 2129 3198 2131 3210 2136 3211 2130 3199 2131 3201 2138 3212 2137 3213 2133 3214 2138 3215 2132 3203 2128 3216 2139 3217 2133 3205 2134 3207 2141 3218 2140 3219 2136 3220 2141 3221 2135 3209 2137 3222 2142 3223 2136 3211 2138 3212 2143 3224 2137 3213 2139 3225 2144 2051 2138 3215 2139 3217 2140 3226 2145 3227 2141 3218 2146 3228 2140 3219 2142 3229 2147 3230 2141 3221 2142 3223 2149 3231 2148 3232 2144 3233 2149 3234 2143 3224 2145 3235 2150 3236 2144 2051 2145 3227 2146 3237 2151 3238 2147 3239 2152 3240 2146 3228 2148 3241 2153 3242 2147 3230 2148 3232 2155 3243 2154 3244 2149 3234 2156 3245 2155 3246 2151 3247 2156 3248 2150 3236 2146 3237 2157 3249 2151 3238 2152 3240 2159 3250 2158 3251 2154 3252 2159 3253 2153 3242 2155 3243 2160 3254 2154 3244 2156 3245 2161 3255 2155 3246 2157 3256 2162 3257 2156 3248 2157 3249 2158 3258 2163 3259 2159 3250 2164 3260 2158 3251 2160 3261 2165 3262 2159 3253 2160 3254 2167 3263 2166 3264 2162 3265 2167 3266 2161 3255 2163 3267 2168 3268 2162 3257 2158 3258 2169 3269 2163 3259 2164 3260 2171 3270 2170 3271 2166 3272 2171 3273 2165 3262 2167 3263 2172 3274 2166 3264 2168 3275 2173 3276 2167 3266 2169 3277 2174 3278 2168 3268 2164 3279 2175 3280 2169 3269 2171 3270 2176 3281 2170 3271 2172 3282 2177 3283 2171 3273 2172 3274 2179 3284 2178 3285 2173 3276 2180 3286 2179 3287 2175 3288 2180 3289 2174 3278 2170 3290 2181 3291 2175 3280 2176 3281 2183 3292 2182 3293 2178 3294 2183 3295 2177 3283 2179 3284 2184 3296 2178 3285 2180 3286 2185 3297 2179 3287 2181 3298 2186 3299 2180 3289 2181 3291 2182 3300 2187 3301 2182 3293 2189 3302 2188 3303 2184 3304 2189 3305 2183 3295 2185 3306 2190 3307 2184 3296 2185 3297 2192 3308 2191 3309 2187 3310 2192 3311 2186 3299 2182 3300 2193 3312 2187 3301 2189 3302 2194 3313 2188 3303 2190 3314 2195 3315 2189 3305 2190 3307 2197 3316 2196 3317 2191 3309 2198 3318 2197 3319 2193 3320 2198 3321 2192 3311 2188 3322 2199 3323 2193 3312 2195 3324 2200 3325 2194 3313 2196 3326 2201 3327 2195 3315 2196 3317 2203 3328 2202 3329 2198 3318 2203 3330 2197 3319 2199 3331 2204 3332 2198 3321 2199 3323 2200 3333 2205 3334 2201 3335 2206 3336 2200 3325 2202 3337 2207 3338 2201 3327 2202 3329 2209 3339 2208 3340 2204 3341 2209 3342 2203 3330 2205 3343 2210 3344 2204 3332 2205 3334 2206 3345 2211 3346 2206 3336 2213 3347 2212 3348 2208 3349 2213 3350 2207 3338 2209 3339 2214 3351 2208 3340 2210 3352 2215 3353 2209 3342 2211 3354 2216 3355 2210 3344 2211 3346 2212 3356 2217 3357 2213 3347 2218 3358 2212 3348 2214 3359 2219 3360 2213 3350 2214 3351 2221 3361 2220 3362 2215 3353 2222 3363 2221 3364 2217 3365 2222 3366 2216 3355 2212 3356 2223 3367 2217 3357 2218 3358 2225 3368 2224 3369 2220 3370 2225 3371 2219 3360 2221 3361 2226 3372 2220 3362 2221 3364 2228 3373 2227 3374 2223 3375 2228 3376 2222 3366 2218 3377 2229 3378 2223 3367 2224 3369 2231 3379 2230 3380 2226 3381 2231 3382 2225 3371 2227 3383 2232 3384 2226 3372 2227 3374 2234 3385 2233 3386 2229 3387 2234 3388 2228 3376 2224 3389 2235 3390 2229 3378 2231 3379 2236 3391 2230 3380 2232 3392 2237 3393 2231 3382 2232 3384 2239 3394 2238 3395 2233 3386 2240 3396 2239 3397 2235 3398 2240 3399 2234 3388 2230 3400 2241 3401 2235 3390 2237 3402 2242 3403 2236 3391 2238 3404 2243 3405 2237 3393 2238 3395 2245 3406 2244 3407 2239 3397 2246 3408 2245 3409 2241 3410 2246 3411 2240 3399 2236 3412 2247 3413 2241 3401 2243 3414 2248 3415 2242 3403 2244 3416 2249 3417 2243 3405 2244 3407 2251 3418 2250 3419 2245 3409 2252 3420 2251 3421 2247 3422 2252 3423 2246 3411 2242 3424 2253 3425 2247 3413 2248 3415 2255 3426 2254 3427 2250 3428 2255 3429 2249 3417 2251 3418 2256 3430 2250 3419 2252 3420 2257 3431 2251 3421 2253 3432 2258 3433 2252 3423 2253 3425 2254 3434 2259 3435 2254 3427 2069 3087 2068 3089 2256 3436 2069 3092 2255 3429 2257 3437 2070 3093 2256 3430 2258 3438 2071 3096 2257 3431 2259 3439 2072 3101 2258 3433 2259 3435 2068 3102 2073 3104 2261 3440 2262 3441 2260 3442 2263 1647 2264 1647 2262 1647 2265 3443 2266 3444 2264 3445 2266 3446 2269 3447 2268 3446 2267 3448 2265 1377 2261 3449 2269 1324 2270 1324 2268 1324 2271 3450 2260 3451 2270 3451 2266 1358 2268 1358 2270 1358 2273 3452 2274 3453 2272 3454 2274 3455 2277 3456 2276 1647 2277 3457 2278 3458 2276 3459 2278 3460 2281 3461 2280 3462 2281 3463 2279 3464 2277 3465 2281 3466 2282 3467 2280 3468 2282 3469 2273 3470 2272 3471 2278 3472 2280 3473 2282 3474 2285 3475 2286 3475 2284 3475 2287 1647 2288 1647 2286 1647 2289 3476 2290 3476 2288 3476 2291 3477 2292 3477 2290 3478 2291 3479 2289 3480 2285 3481 2293 1324 2294 1324 2292 1324 2295 3482 2284 3482 2294 3483 2290 3484 2292 3485 2294 3486 2296 3487 2299 3488 2298 3489 2299 3490 2300 3491 2298 3492 2300 3493 2303 3494 2302 3495 2303 3496 2304 3497 2302 3498 2303 3499 2301 3500 2297 3501 2304 3502 2307 3503 2306 1324 2307 3504 2296 3505 2306 3506 2298 3507 2302 3508 2306 3509 2309 3510 2310 3511 2308 3512 2311 3513 2312 3514 2310 1647 2313 3515 2314 3516 2312 3517 2315 3518 2316 3519 2314 3520 2315 3521 2313 3522 2309 3523 2317 3524 2318 3525 2316 1324 2319 3526 2308 3527 2318 3528 2314 1377 2316 1377 2318 1377 2321 3529 2322 3530 2320 3531 2322 3532 2325 3533 2324 1647 2325 3534 2326 3535 2324 3536 2326 3537 2329 3538 2328 3539 2327 3540 2325 3541 2321 3542 2329 3543 2330 3544 2328 3545 2330 3546 2321 3547 2320 3548 2328 3549 2330 3550 2322 3551 2333 3552 2334 3552 2332 3476 2335 1647 2336 1647 2334 1647 2337 3553 2338 3553 2336 3475 2339 3483 2340 3483 2338 3483 2339 3485 2337 3554 2333 3555 2341 1324 2342 1324 2340 1324 2343 3478 2332 3478 2342 3478 2338 3556 2340 3479 2342 3557 2344 3558 2347 3559 2346 3560 2347 3561 2348 3562 2346 3563 2348 3564 2351 3565 2350 3566 2351 3567 2352 3568 2350 3569 2353 3570 2351 3571 2349 3572 2352 3573 2355 3574 2354 3575 2355 3576 2344 3577 2354 3578 2350 3579 2352 3580 2354 3581 2357 3582 2358 3583 2356 3584 2359 3585 2360 3586 2358 3583 2361 3587 2362 3588 2360 3586 2363 3589 2364 3590 2362 3588 2365 3591 2366 3592 2364 3590 2367 3593 2368 3404 2366 3592 2369 3594 2370 3595 2368 3404 2371 3596 2372 3597 2370 3595 2373 3598 2374 3599 2372 3597 2375 3600 2376 3601 2374 3599 2377 3602 2378 3603 2376 3601 2379 3604 2380 3605 2378 3603 2381 3606 2382 3607 2380 3605 2383 3608 2384 3609 2382 3607 2365 3610 2361 3611 2377 3612 2385 3613 2386 3614 2384 3609 2387 3615 2356 3584 2386 3614 2362 1647 2370 3616 2378 1647 2933 4559 2938 4560 2932 4561 2934 4562 2939 4563 2933 4564 2934 4565 2941 4566 2940 4567 2936 4568 2941 4569 2935 4570 2937 4571 2942 4572 2936 4573 2937 4574 2938 4575 2943 4576 2939 4577 2944 4578 2938 4560 2940 4579 2945 4580 2939 4563 2940 4567 2947 4581 2946 4582 2942 4583 2947 4584 2941 4569 2943 4585 2948 4586 2942 4572 2943 4576 2944 4587 2949 4588 2945 4589 2950 4590 2944 4578 2946 4591 2951 4592 2945 4580 2946 4582 2953 4593 2952 4594 2948 4595 2953 4596 2947 4584 2949 4597 2954 4598 2948 4586 2949 4588 2950 4599 2955 4600 2951 4601 2956 4602 2950 4590 2952 4603 2957 4604 2951 4592 2952 4594 2959 4605 2958 4606 2954 4607 2959 4608 2953 4596 2955 4609 2960 4610 2954 4598 2955 4600 2956 4611 2961 4612 2956 4602 2963 4613 2962 4614 2958 4615 2963 4616 2957 4604 2959 4605 2964 4617 2958 4606 2960 4618 2965 4619 2959 4608 2961 4620 2966 4621 2960 4610 2961 4612 2962 4622 2967 4623 2962 4614 2969 4624 2968 4625 2964 4626 2969 4627 2963 4616 2965 4628 2970 4629 2964 4617 2965 4619 2972 4630 2971 4631 2967 4632 2972 4633 2966 4621 2962 4622 2973 4634 2967 4623 2968 4625 2975 4635 2974 4636 2970 4637 2975 4638 2969 4627 2971 4639 2976 4640 2970 4629 2971 4631 2978 4641 2977 4642 2973 4643 2978 4644 2972 4633 2968 4645 2979 4646 2973 4634 2974 4636 2981 4647 2980 4648 2976 4649 2981 4650 2975 4638 2977 4651 2982 4652 2976 4640 2977 4642 2984 4653 2983 4654 2979 4655 2984 4656 2978 4644 2974 4657 2985 4658 2979 4646 2981 4647 2986 4659 2980 4648 2982 4660 2987 4661 2981 4650 2982 4652 2989 4662 2988 4663 2984 4653 2989 4664 2983 4654 2985 4665 2990 4666 2984 4656 2985 4658 2986 4667 2991 4668 2987 4669 2992 4670 2986 4659 2988 4671 2993 4672 2987 4661 2988 4663 2995 4673 2994 4674 2990 4675 2995 4676 2989 4664 2991 4677 2996 4678 2990 4666 2991 4668 2992 4679 2997 4680 2993 4681 2998 4682 2992 4670 2994 4683 2999 4684 2993 4672 2994 4674 3001 4685 3000 4686 2996 4687 3001 4688 2995 4676 2997 4689 3002 4690 2996 4678 2997 4680 2998 4691 3003 4692 2999 4693 3004 4694 2998 4682 3000 4695 3005 4696 2999 4684 3000 4686 3007 4697 3006 4698 3001 4688 3008 4699 3007 4700 3003 4701 3008 4702 3002 4690 2998 4691 3009 4703 3003 4692 3004 4694 3011 4704 3010 4705 3006 4706 3011 4707 3005 4696 3007 4697 3012 4708 3006 4698 3007 4700 3014 4709 3013 4710 3009 4711 3014 4712 3008 4702 3004 4713 3015 4714 3009 4703 3010 4705 3017 4715 3016 4716 3012 4717 3017 4718 3011 4707 3013 4719 3018 4720 3012 4708 3013 4710 3020 4721 3019 4722 3015 4723 3020 4724 3014 4712 3010 4725 3021 4726 3015 4714 3016 4716 3023 4727 3022 4728 3018 4729 3023 4730 3017 4718 3019 4731 3024 4732 3018 4720 3019 4722 3026 4733 3025 4734 3021 4735 3026 4736 3020 4724 3016 4737 3027 4738 3021 4726 3022 4728 3029 4739 3028 4740 3024 4741 3029 4742 3023 4730 3025 4743 3030 4744 3024 4732 3025 4734 3032 4745 3031 4746 3027 4747 3032 4748 3026 4736 3022 4749 3033 4750 3027 4738 3028 4740 3035 4751 3034 4752 3030 4753 3035 4754 3029 4742 3031 4755 3036 4756 3030 4744 3032 4745 3037 4757 3031 4746 3033 4758 3038 4759 3032 4748 3033 4750 3034 4760 3039 4761 3035 4751 3040 4762 3034 4752 3036 4763 3041 4764 3035 4754 3036 4756 3043 4765 3042 4766 3038 4767 3043 4768 3037 4757 3039 4769 3044 4770 3038 4759 3039 4761 3040 4771 3045 4772 3041 4773 3046 4774 3040 4762 3042 4775 3047 4776 3041 4764 3042 4766 3049 4777 3048 4778 3044 4779 3049 4780 3043 4768 3045 4781 3050 4782 3044 4770 3045 4772 3046 4783 3051 4784 3047 4785 3052 4786 3046 4774 3048 4787 3053 4788 3047 4776 3048 4778 3055 4789 3054 4790 3050 4791 3055 4792 3049 4780 3051 4793 3056 4794 3050 4782 3051 4784 3052 4795 3057 4796 3053 4797 3058 4798 3052 4786 3054 4799 3059 4800 3053 4788 3054 4790 3061 4801 3060 4802 3056 4803 3061 4804 3055 4792 3057 4805 3062 4806 3056 4794 3057 4796 3058 4807 3063 4808 3059 4809 3064 4810 3058 4798 3060 4811 3065 4812 3059 4800 3060 4802 3067 4813 3066 4814 3062 4815 3067 4816 3061 4804 3063 4817 3068 4818 3062 4806 3063 4808 3064 4819 3069 4820 3065 4821 3070 4822 3064 4810 3066 4823 3071 4824 3065 4812 3066 4814 3073 4825 3072 4826 3068 4827 3073 4828 3067 4816 3069 4829 3074 4830 3068 4818 3069 4820 3070 4831 3075 4832 3071 4833 3076 4834 3070 4822 3072 4835 3077 4836 3071 4824 3072 4826 3079 4837 3078 4838 3074 4839 3079 4840 3073 4828 3075 4841 3080 4842 3074 4830 3075 4832 3076 4843 3081 4844 3076 4834 3083 4845 3082 4846 3078 4847 3083 4848 3077 4836 3079 4837 3084 4849 3078 4838 3079 4840 3086 4850 3085 4851 3081 4852 3086 4853 3080 4842 3076 4843 3087 4854 3081 4844 3082 4846 3089 4855 3088 4856 3084 4857 3089 4858 3083 4848 3085 4859 3090 4860 3084 4849 3085 4851 3092 4861 3091 4862 3087 4863 3092 4864 3086 4853 3082 4865 3093 4866 3087 4854 3088 4856 3095 4867 3094 4868 3090 4869 3095 4870 3089 4858 3091 4871 3096 4872 3090 4860 3091 4862 3098 4873 3097 4874 3093 4875 3098 4876 3092 4864 3088 4877 3099 4878 3093 4866 3094 4868 3101 4879 3100 4880 3096 4881 3101 4882 3095 4870 3097 4883 3102 4884 3096 4872 3097 4874 3104 4885 3103 4886 3099 4887 3104 4888 3098 4876 3094 4889 3105 4890 3099 4878 3100 4880 3107 4891 3106 4892 3102 4893 3107 4894 3101 4882 3103 4895 3108 4896 3102 4884 3103 4886 3110 4897 3109 4898 3105 4899 3110 4900 3104 4888 3100 4901 3111 4902 3105 4890 3106 4892 3113 4903 3112 4904 3108 4905 3113 4906 3107 4894 3109 4907 3114 4908 3108 4896 3109 4898 3116 4909 3115 4910 3111 4911 3116 4912 3110 4900 3106 4913 3117 4914 3111 4902 3112 4904 3119 4915 3118 4916 3114 4917 3119 4918 3113 4906 3115 4919 3120 4920 3114 4908 3115 4910 3122 4921 3121 4922 3117 4923 3122 4924 3116 4912 3112 4925 3123 4926 3117 4914 3119 4915 2932 4561 3118 4916 3120 4927 2933 4564 3119 4918 3120 4920 2935 4928 2934 4565 3121 4922 2936 4568 2935 4570 3123 4929 2936 4573 3122 4924 3118 4930 2937 4574 3123 4926 3125 4931 3130 4932 3124 4933 3126 4934 3131 4935 3125 4936 3126 4937 3133 4938 3132 4939 3127 4940 3134 4941 3133 4942 3129 4943 3134 4944 3128 4945 3124 4946 3135 4947 3129 4948 3131 4949 3136 4950 3130 4932 3132 4951 3137 4952 3131 4935 3132 4939 3139 4953 3138 4954 3134 4941 3139 4955 3133 4942 3135 4956 3140 4957 3134 4944 3135 4947 3136 4958 3141 4959 3137 4960 3142 4961 3136 4950 3138 4962 3143 4963 3137 4952 3138 4954 3145 4964 3144 4965 3140 4966 3145 4967 3139 4955 3141 4968 3146 4969 3140 4957 3141 4959 3142 4970 3147 4971 3142 4961 3149 4972 3148 4973 3144 4974 3149 4975 3143 4963 3145 4964 3150 4976 3144 4965 3146 4977 3151 4978 3145 4967 3147 4979 3152 4980 3146 4969 3147 4971 3148 4981 3153 4982 3148 4973 3155 4983 3154 4984 3150 4985 3155 4986 3149 4975 3151 4987 3156 4988 3150 4976 3152 4989 3157 4990 3151 4978 3153 4991 3158 4992 3152 4980 3153 4982 3154 4993 3159 4994 3155 4983 3160 4995 3154 4984 3156 4996 3161 4997 3155 4986 3156 4988 3163 4998 3162 4999 3157 4990 3164 5000 3163 5001 3159 5002 3164 5003 3158 4992 3154 4993 3165 5004 3159 4994 3161 5005 3166 5006 3160 4995 3162 5007 3167 5008 3161 4997 3162 4999 3169 5009 3168 5010 3164 5000 3169 5011 3163 5001 3165 5012 3170 5013 3164 5003 3165 5004 3166 5014 3171 5015 3167 5016 3172 5017 3166 5006 3168 5018 3173 5019 3167 5008 3168 5010 3175 5020 3174 5021 3170 5022 3175 5023 3169 5011 3171 5024 3176 5025 3170 5013 3171 5015 3172 5026 3177 5027 3172 5017 3179 5028 3178 5029 3174 5030 3179 5031 3173 5019 3175 5020 3180 5032 3174 5021 3175 5023 3182 5033 3181 5034 3177 5035 3182 5036 3176 5025 3172 5026 3183 5037 3177 5027 3178 5029 3185 5038 3184 5039 3180 5040 3185 5041 3179 5031 3181 5042 3186 5043 3180 5032 3181 5034 3188 5044 3187 5045 3183 5046 3188 5047 3182 5036 3178 5048 3189 5049 3183 5037 3184 5039 3191 5050 3190 5051 3186 5052 3191 5053 3185 5041 3187 5054 3192 5055 3186 5043 3188 5044 3193 5056 3187 5045 3189 5057 3194 5058 3188 5047 3189 5049 3190 5059 3195 5060 3191 5050 3196 5061 3190 5051 3192 5062 3197 5063 3191 5053 3192 5055 3199 5064 3198 5065 3193 5056 3200 5066 3199 5067 3195 4881 3200 5068 3194 5058 3190 5059 3201 5069 3195 5060 3197 5070 3202 5071 3196 5061 3198 5072 3203 5073 3197 5063 3198 5065 3205 5074 3204 5075 3199 5067 3206 5076 3205 5077 3201 5078 3206 5079 3200 5068 3196 5080 3207 5081 3201 5069 3202 5071 3209 5082 3208 5083 3204 5084 3209 5085 3203 5073 3205 5074 3210 5086 3204 5075 3205 5077 3212 5087 3211 5088 3207 5089 3212 5090 3206 5079 3202 5091 3213 5092 3207 5081 3208 5083 3215 5093 3214 5094 3210 5095 3215 5096 3209 5085 3211 5097 3216 5098 3210 5086 3211 5088 3218 5099 3217 5100 3213 5101 3218 5102 3212 5090 3208 5103 3219 5104 3213 5092 3214 5094 3221 5105 3220 5106 3216 5107 3221 5108 3215 5096 3217 5109 3222 5110 3216 5098 3218 5099 3223 5111 3217 5100 3219 5112 3224 5113 3218 5102 3219 5104 3220 5114 3225 5115 3220 5106 3227 5116 3226 5117 3222 5118 3227 5119 3221 5108 3223 5120 3228 5121 3222 5110 3223 5111 3230 5122 3229 5123 3225 5124 3230 5125 3224 5113 3220 5114 3231 5126 3225 5115 3226 5117 3233 5127 3232 5128 3228 5129 3233 5130 3227 5119 3229 5131 3234 5132 3228 5121 3229 5123 3236 5133 3235 5134 3231 5135 3236 5136 3230 5125 3226 5137 3237 5138 3231 5126 3233 5127 3238 5139 3232 5128 3234 5140 3239 5141 3233 5130 3234 5132 3241 5142 3240 5143 3236 5133 3241 5144 3235 5134 3237 5145 3242 5146 3236 5136 3237 5138 3238 5147 3243 5148 3238 5139 3245 5149 3244 5150 3240 5151 3245 5152 3239 5141 3241 5142 3246 5153 3240 5143 3241 5144 3248 5154 3247 5155 3243 5156 3248 5157 3242 5146 3238 5147 3249 5158 3243 5148 3244 5150 3251 5159 3250 5160 3246 5161 3251 5162 3245 5152 3247 5163 3252 5164 3246 5153 3247 5155 3254 5165 3253 5166 3249 5167 3254 5168 3248 5157 3244 5169 3255 5170 3249 5158 3250 5160 3257 5171 3256 5172 3252 5173 3257 5174 3251 5162 3253 5175 3258 5176 3252 5164 3253 5166 3260 5177 3259 5178 3255 5179 3260 5180 3254 5168 3250 5181 3261 5182 3255 5170 3257 5171 3262 5183 3256 5172 3258 5184 3263 5185 3257 5174 3258 5176 3265 5186 3264 5187 3259 5178 3266 5188 3265 5189 3261 5190 3266 5191 3260 5180 3256 5192 3267 5193 3261 5182 3263 5194 3268 5195 3262 5183 3264 5196 3269 5197 3263 5185 3264 5187 3271 5198 3270 5199 3266 5188 3271 5200 3265 5189 3267 5201 3272 5202 3266 5191 3267 5193 3268 5203 3273 5204 3268 5195 3275 5205 3274 5206 3270 5207 3275 5208 3269 5197 3271 5198 3276 5209 3270 5199 3271 5200 3278 5210 3277 5211 3273 5212 3278 5213 3272 5202 3268 5203 3279 5214 3273 5204 3274 5206 3281 5215 3280 5216 3276 5217 3281 5218 3275 5208 3277 5219 3282 5220 3276 5209 3278 5210 3283 5221 3277 5211 3279 5222 3284 5223 3278 5213 3279 5214 3280 5224 3285 5225 3281 5215 3286 5226 3280 5216 3282 5227 3287 5228 3281 5218 3282 5220 3289 5229 3288 5230 3284 5231 3289 5232 3283 5221 3285 5233 3290 5234 3284 5223 3285 5225 3286 5235 3291 5236 3287 5237 3292 5238 3286 5226 3288 5239 3293 5240 3287 5228 3288 5230 3295 5241 3294 5242 3290 5243 3295 5244 3289 5232 3291 5245 3296 5246 3290 5234 3291 5236 3292 5247 3297 5248 3293 5249 3298 5250 3292 5238 3294 5251 3299 5252 3293 5240 3294 5242 3301 5253 3300 5254 3296 5255 3301 5256 3295 5244 3297 5257 3302 5258 3296 5246 3297 5248 3298 5259 3303 5260 3298 5250 3305 5261 3304 5262 3300 5263 3305 5264 3299 5252 3301 5253 3306 5265 3300 5254 3301 5256 3308 5266 3307 5267 3303 5268 3308 5269 3302 5258 3298 5259 3309 5270 3303 5260 3305 5261 3310 5271 3304 5262 3306 5272 3311 5273 3305 5264 3306 5265 3313 5274 3312 5275 3308 5266 3313 5276 3307 5267 3309 4729 3314 5277 3308 5269 3309 5270 3310 5278 3315 5279 3311 5280 3124 4933 3310 5271 3312 5281 3125 4936 3311 5273 3312 5275 3127 5282 3126 4937 3314 5283 3127 4940 3313 5276 3315 5284 3128 4945 3314 5277 3315 5279 3124 4946 3129 4948 3317 5285 3318 5285 3316 5285 3319 1377 3320 1377 3318 1377 3321 5286 3322 5287 3320 5288 3323 5289 3324 5290 3322 5291 3325 5292 3323 3485 3321 3485 3324 1358 3327 1358 3326 1358 3327 5293 3316 5293 3326 5293 3318 3479 3322 3479 3326 3479 3329 5294 3330 5295 3328 5296 3330 5297 3333 5298 3332 5299 3333 5300 3334 5301 3332 5302 3335 5303 3336 5304 3334 5305 3337 5306 3335 5307 3333 5308 3337 5309 3338 5310 3336 5311 3339 5312 3328 5313 3338 5314 3334 5315 3336 5316 3338 5317 3341 5318 3342 5319 3340 5320 3343 1377 3344 1377 3342 1377 3345 5321 3346 5322 3344 5323 3347 5324 3348 5325 3346 5326 3347 1647 3345 5327 3341 1647 3349 1358 3350 1358 3348 1358 3351 5328 3340 5329 3350 5330 3346 5331 3348 1324 3350 1324 3353 5332 3354 5333 3352 5334 3355 5335 3356 5336 3354 5337 3357 5338 3358 5339 3356 5340 3359 5341 3360 5342 3358 5343 3359 5344 3357 5345 3353 5346 3360 5347 3363 5348 3362 5349 3363 5350 3352 5351 3362 5352 3354 5353 3358 5354 3362 5355 3365 5356 3366 5357 3364 5288 3367 1377 3368 1377 3366 1377 3369 5358 3370 5285 3368 5285 3371 5359 3372 5293 3370 5293 3373 5360 3371 3479 3369 3479 3372 5361 3375 5362 3374 5363 3375 5364 3364 5365 3374 5366 3370 3485 3372 3485 3374 3485 3376 5367 3379 5368 3378 5369 3379 5370 3380 5371 3378 5372 3380 5373 3383 5374 3382 5375 3383 5376 3384 5377 3382 5378 3383 5379 3381 5380 3377 5381 3384 5382 3387 5383 3386 1358 3387 5384 3376 5385 3386 5386 3382 5387 3384 5388 3386 5389 3389 5390 3390 5391 3388 5391 3391 1377 3392 1377 3390 1377 3393 5392 3394 5393 3392 5393 3395 5394 3396 5395 3394 5396 3397 5397 3395 1324 3393 1324 3397 1358 3398 1358 3396 1358 3399 5398 3388 5399 3398 5400 3394 5401 3396 5402 3398 5401 3400 5403 3403 5404 3402 5405 3402 5406 3405 5407 3404 5408 3404 5409 3407 5410 3406 5411 3407 5412 3408 5413 3406 5414 3409 5415 3407 5416 3405 5417 3409 5418 3410 5419 3408 5420 3411 5421 3400 5422 3410 5423 3408 5424 3410 5425 3402 5426 3413 5427 3414 5428 3412 5429 3415 5430 3416 5431 3414 5428 3417 5432 3418 5433 3416 5431 3418 5433 3421 5434 3420 5435 3421 5434 3422 5436 3420 5435 3423 5437 3424 5438 3422 5436 3425 5439 3426 5440 3424 5438 3427 5441 3428 5442 3426 5440 3429 5443 3430 5444 3428 5442 3431 5445 3432 5446 3430 5444 3433 5447 3434 5448 3432 5446 3435 5449 3436 5450 3434 5448 3437 5451 3438 5452 3436 5450 3439 5453 3440 5454 3438 5452 3417 1377 3441 5455 3433 5456 3441 5457 3442 5458 3440 5454 3443 5459 3412 5429 3442 5458 3426 1358 3434 1358 3442 1358 4101 6443 4106 6444 4100 6445 4102 6446 4107 6447 4101 6448 4102 6449 4109 6450 4108 6451 4104 6452 4109 6453 4103 6454 4105 6455 4110 6456 4104 6457 4105 6458 4106 6459 4111 6460 4107 6461 4112 6462 4106 6444 4108 6463 4113 6464 4107 6447 4108 6451 4115 6465 4114 6466 4110 6467 4115 6468 4109 6453 4111 6469 4116 6470 4110 6456 4111 6460 4112 6471 4117 6472 4113 6473 4118 6474 4112 6462 4114 6475 4119 6476 4113 6464 4114 6466 4121 6477 4120 6478 4116 6479 4121 6480 4115 6468 4117 6481 4122 6482 4116 6470 4117 6472 4118 6483 4123 6484 4119 6485 4124 6486 4118 6474 4120 6487 4125 6488 4119 6476 4120 6478 4127 6489 4126 6490 4122 6491 4127 6492 4121 6480 4123 6493 4128 6494 4122 6482 4123 6484 4124 6495 4129 6496 4124 6486 4131 6497 4130 6498 4126 6499 4131 6500 4125 6488 4127 6489 4132 6501 4126 6490 4128 6502 4133 4619 4127 6492 4129 6503 4134 4621 4128 6494 4129 6496 4130 6504 4135 4623 4130 6498 4137 6505 4136 6506 4132 6507 4137 6508 4131 6500 4133 6509 4138 6510 4132 6501 4133 4619 4140 4630 4139 4631 4135 6511 4140 6512 4134 4621 4130 6504 4141 4634 4135 4623 4136 6506 4143 6513 4142 6514 4138 6515 4143 6516 4137 6508 4139 6517 4144 6518 4138 6510 4139 4631 4146 4641 4145 4642 4141 6519 4146 6520 4140 6512 4136 4645 4147 4646 4141 4634 4142 6514 4149 6521 4148 4648 4144 6522 4149 4650 4143 6516 4145 6523 4150 6524 4144 6518 4145 4642 4152 4653 4151 4654 4147 6525 4152 6526 4146 6520 4142 4657 4153 4658 4147 4646 4149 6521 4154 6527 4148 4648 4150 4660 4155 6528 4149 4650 4150 6524 4157 6529 4156 6530 4152 4653 4157 4664 4151 4654 4153 6531 4158 6532 4152 6526 4153 4658 4154 4667 4159 4668 4155 6533 4160 6534 4154 6527 4156 6535 4161 6536 4155 6528 4156 6530 4163 6537 4162 6538 4158 4675 4163 4676 4157 4664 4159 6539 4164 6540 4158 6532 4159 4668 4160 4679 4165 4680 4161 6541 4166 6542 4160 6534 4162 6543 4167 6544 4161 6536 4162 6538 4169 6545 4168 6546 4164 4687 4169 6547 4163 4676 4165 6548 4170 6549 4164 6540 4165 4680 4166 6550 4171 4692 4167 6551 4172 6552 4166 6542 4168 6553 4173 6554 4167 6544 4168 6546 4175 6555 4174 6556 4169 6547 4176 6557 4175 6558 4171 6559 4176 6560 4170 6549 4166 6550 4177 6561 4171 4692 4172 6552 4179 6562 4178 6563 4174 6564 4179 6565 4173 6554 4175 6555 4180 6566 4174 6556 4175 6558 4182 6567 4181 6568 4177 6569 4182 6570 4176 6560 4172 6571 4183 6572 4177 6561 4178 6563 4185 6573 4184 6574 4180 6575 4185 6576 4179 6565 4181 6577 4186 6578 4180 6566 4181 6568 4188 6579 4187 6580 4183 6581 4188 6582 4182 6570 4178 6583 4189 6584 4183 6572 4184 6574 4191 6585 4190 6586 4186 6587 4191 6588 4185 6576 4187 6589 4192 6590 4186 6578 4187 6580 4194 6591 4193 6592 4189 6593 4194 6594 4188 6582 4184 6595 4195 6596 4189 6584 4190 6586 4197 6597 4196 6598 4192 6599 4197 6600 4191 6588 4193 6601 4198 6602 4192 6590 4193 6592 4200 6603 4199 6604 4195 6605 4200 6606 4194 6594 4190 6607 4201 6608 4195 6596 4196 6598 4203 6609 4202 6610 4198 6611 4203 6612 4197 6600 4199 6613 4204 6614 4198 6602 4200 6603 4205 6615 4199 6604 4201 6616 4206 6617 4200 6606 4201 6608 4202 6618 4207 6619 4203 6609 4208 6620 4202 6610 4204 6621 4209 6622 4203 6612 4204 6614 4211 6623 4210 6624 4206 6625 4211 6626 4205 6615 4207 6627 4212 6628 4206 6617 4207 6619 4208 6629 4213 6630 4209 6631 4214 6632 4208 6620 4210 6481 4215 6633 4209 6622 4210 6624 4217 6634 4216 6635 4212 6636 4217 6637 4211 6626 4213 6638 4218 6639 4212 6628 4213 6630 4214 6640 4219 6641 4215 6642 4220 6643 4214 6632 4216 6644 4221 6645 4215 6633 4216 6635 4223 6646 4222 6647 4218 6648 4223 6649 4217 6637 4219 6650 4224 6651 4218 6639 4219 6641 4220 6652 4225 6653 4221 6654 4226 6655 4220 6643 4222 6656 4227 6657 4221 6645 4222 6647 4229 6658 4228 6659 4224 6660 4229 6661 4223 6649 4225 6662 4230 6663 4224 6651 4225 6653 4226 4807 4231 4808 4227 6664 4232 6665 4226 6655 4228 6666 4233 6667 4227 6657 4228 6659 4235 6668 4234 6669 4230 4815 4235 4816 4229 6661 4231 4817 4236 6670 4230 6663 4231 4808 4232 4819 4237 4820 4233 6671 4238 6672 4232 6665 4234 6673 4239 6674 4233 6667 4234 6669 4241 6675 4240 6676 4236 4827 4241 4828 4235 4816 4237 817 4242 6677 4236 6670 4237 4820 4238 4831 4243 4832 4239 6678 4244 6679 4238 6672 4240 6680 4245 4836 4239 6674 4240 6676 4247 6681 4246 4838 4242 4839 4247 4840 4241 4828 4243 6682 4248 6683 4242 6677 4243 4832 4244 4843 4249 4844 4244 6679 4251 6684 4250 6685 4246 4847 4251 6686 4245 4836 4247 6681 4252 6687 4246 4838 4247 4840 4254 4850 4253 4851 4249 6688 4254 6689 4248 6683 4244 4843 4255 4854 4249 4844 4250 6685 4257 6690 4256 6691 4252 6692 4257 6693 4251 6686 4253 6694 4258 6695 4252 6687 4253 4851 4260 4861 4259 4862 4255 6696 4260 6697 4254 6689 4250 4865 4261 4866 4255 4854 4256 6691 4263 6698 4262 6699 4258 6700 4263 6701 4257 6693 4259 6702 4264 6703 4258 6695 4259 4862 4266 4873 4265 6704 4261 1379 4266 6705 4260 6697 4256 4877 4267 4878 4261 4866 4262 6699 4269 6706 4268 6707 4264 6708 4269 6709 4263 6701 4265 6710 4270 6711 4264 6703 4265 6704 4272 6712 4271 6713 4267 6714 4272 6715 4266 6705 4262 6716 4273 6717 4267 4878 4268 6707 4275 6718 4274 6719 4270 6720 4275 6721 4269 6709 4271 6722 4276 6723 4270 6711 4271 6713 4278 6724 4277 6725 4273 6726 4278 6727 4272 6715 4268 6728 4279 6729 4273 6717 4274 6719 4281 6730 4280 6731 4276 6732 4281 6733 4275 6721 4277 6734 4282 6735 4276 6723 4277 6725 4284 6736 4283 6737 4279 6738 4284 6739 4278 6727 4274 6740 4285 6741 4279 6729 4280 6731 4287 6742 4286 6743 4282 6744 4287 6745 4281 6733 4283 6746 4288 6747 4282 6735 4283 6737 4290 6748 4289 6749 4285 6750 4290 6751 4284 6739 4280 6752 4291 6753 4285 6741 4287 6742 4100 6445 4286 6743 4288 6754 4101 6448 4287 6745 4288 6747 4103 6755 4102 6449 4289 6749 4104 6452 4103 6454 4291 6756 4104 6457 4290 6751 4286 6757 4105 6458 4291 6753 4293 6758 4298 6759 4292 6760 4294 6761 4299 6762 4293 6763 4294 6764 4301 6765 4300 6766 4295 6767 4302 6768 4301 6769 4297 6770 4302 6771 4296 6772 4292 6773 4303 6774 4297 4948 4299 6775 4304 6776 4298 6759 4300 6777 4305 6778 4299 6762 4300 6766 4307 6779 4306 6780 4302 6768 4307 6781 4301 6769 4303 6782 4308 6783 4302 6771 4303 6774 4304 6784 4309 6785 4305 6786 4310 6787 4304 6776 4306 6788 4311 6789 4305 6778 4306 6780 4313 6790 4312 6791 4308 6792 4313 6793 4307 6781 4309 6794 4314 6795 4308 6783 4309 6785 4310 6796 4315 6797 4310 6787 4317 6798 4316 6799 4312 6800 4317 6801 4311 6789 4313 6790 4318 6802 4312 6791 4314 6803 4319 6804 4313 6793 4315 6805 4320 6806 4314 6795 4315 6797 4316 6807 4321 6808 4316 6799 4323 6809 4322 6810 4318 6811 4323 6812 4317 6801 4319 6813 4324 6814 4318 6802 4320 6815 4325 6816 4319 6804 4321 6817 4326 6818 4320 6806 4321 6808 4322 6819 4327 6820 4323 6809 4328 6821 4322 6810 4324 6822 4329 6823 4323 6812 4324 6814 4331 6824 4330 6825 4325 6816 4332 6826 4331 6827 4327 5162 4332 6828 4326 6818 4322 6819 4333 6829 4327 6820 4329 6830 4334 6831 4328 6821 4330 6832 4335 6833 4329 6823 4330 6825 4337 6834 4336 6835 4332 6826 4337 5011 4331 6827 4333 6836 4338 6837 4332 6828 4333 6829 4334 5014 4339 5015 4335 6838 4340 6839 4334 6831 4336 6840 4341 6841 4335 6833 4336 6835 4343 6842 4342 5021 4338 5022 4343 5023 4337 5011 4339 6843 4344 6844 4338 6837 4339 5015 4340 5026 4345 5027 4340 6839 4347 6845 4346 6846 4342 6847 4347 6848 4341 6841 4343 6842 4348 6849 4342 5021 4343 5023 4350 5033 4349 5034 4345 6850 4350 6851 4344 6844 4340 5026 4351 5037 4345 5027 4346 6846 4353 6852 4352 6853 4348 6854 4353 6855 4347 6848 4349 6856 4354 6857 4348 6849 4349 5034 4356 6858 4355 6859 4351 6860 4356 6861 4350 6851 4346 5048 4357 6862 4351 5037 4352 6853 4359 6863 4358 6864 4354 6865 4359 6866 4353 6855 4355 6867 4360 6868 4354 6857 4356 6858 4361 6869 4355 6859 4357 6870 4362 6871 4356 6861 4357 6862 4358 6872 4363 6873 4359 6863 4364 6874 4358 6864 4360 6875 4365 6876 4359 6866 4360 6868 4367 6877 4366 6878 4361 6869 4368 6879 4367 6880 4363 6881 4368 6882 4362 6871 4358 6872 4369 6883 4363 6873 4365 6884 4370 6885 4364 6874 4366 6886 4371 6887 4365 6876 4366 6878 4373 6888 4372 6889 4367 6880 4374 6890 4373 6891 4369 6892 4374 6893 4368 6882 4364 6894 4375 6895 4369 6883 4370 6885 4377 6896 4376 6897 4372 6898 4377 6899 4371 6887 4373 6888 4378 6900 4372 6889 4373 6891 4380 6901 4379 6902 4375 6903 4380 6904 4374 6893 4370 6905 4381 6906 4375 6895 4376 6897 4383 6907 4382 6908 4378 6909 4383 6910 4377 6899 4379 6911 4384 6912 4378 6900 4379 6902 4386 6913 4385 6914 4381 6744 4386 6915 4380 6904 4376 6916 4387 6917 4381 6906 4382 6908 4389 6918 4388 6919 4384 6920 4389 6921 4383 6910 4385 6922 4390 6923 4384 6912 4386 6913 4391 6924 4385 6914 4387 6925 4392 6926 4386 6915 4387 6917 4388 6927 4393 5115 4388 6919 4395 6928 4394 6929 4390 6930 4395 6931 4389 6921 4391 6932 4396 6933 4390 6923 4391 6924 4398 6934 4397 6935 4393 6936 4398 6937 4392 6926 4388 6927 4399 6938 4393 5115 4394 6929 4401 6939 4400 6940 4396 6941 4401 6942 4395 6931 4397 6943 4402 6944 4396 6933 4397 6935 4404 6945 4403 6946 4399 6947 4404 6948 4398 6937 4394 6949 4405 6950 4399 6938 4401 6939 4406 6951 4400 6940 4402 6952 4407 6953 4401 6942 4402 6944 4409 6954 4408 6955 4404 6945 4409 6956 4403 6946 4405 6957 4410 6958 4404 6948 4405 6950 4406 6959 4411 6960 4406 6951 4413 6961 4412 6962 4408 6963 4413 6964 4407 6953 4409 6954 4414 6965 4408 6955 4409 6956 4416 6966 4415 6967 4411 6968 4416 6969 4410 6958 4406 6959 4417 6970 4411 6960 4412 6962 4419 6971 4418 6972 4414 4610 4419 6973 4413 6964 4415 6974 4420 6975 4414 6965 4415 6967 4422 6976 4421 6977 4417 5167 4422 6978 4416 6969 4412 6979 4423 6980 4417 6970 4418 6972 4425 6981 4424 6982 4420 6983 4425 6984 4419 6973 4421 6985 4426 6986 4420 6975 4421 6977 4428 6987 4427 6988 4423 6989 4428 6990 4422 6978 4418 6991 4429 6992 4423 6980 4425 6981 4430 6993 4424 6982 4426 6994 4431 6995 4425 6984 4426 6986 4433 6996 4432 6997 4427 6988 4434 5188 4433 5189 4429 6998 4434 6999 4428 6990 4424 7000 4435 5193 4429 6992 4431 7001 4436 7002 4430 6993 4432 7003 4437 7004 4431 6995 4432 6997 4439 7005 4438 5199 4434 5188 4439 5200 4433 5189 4435 7006 4440 7007 4434 6999 4435 5193 4436 5203 4441 5204 4436 7002 4443 7008 4442 7009 4438 7010 4443 7011 4437 7004 4439 7005 4444 7012 4438 5199 4439 5200 4446 5210 4445 5211 4441 7013 4446 7014 4440 7007 4436 5203 4447 5214 4441 5204 4442 7009 4449 7015 4448 7016 4444 7017 4449 7018 4443 7011 4445 7019 4450 7020 4444 7012 4446 5210 4451 7021 4445 5211 4447 7022 4452 7023 4446 7014 4447 5214 4448 7024 4453 7025 4449 7015 4454 7026 4448 7016 4450 7027 4455 7028 4449 7018 4450 7020 4457 7029 4456 7030 4452 7031 4457 7032 4451 7021 4453 7033 4458 7034 4452 7023 4453 7025 4454 7035 4459 7036 4455 7037 4460 7038 4454 7026 4456 7039 4461 7040 4455 7028 4456 7030 4463 7041 4462 7042 4458 7043 4463 7044 4457 7032 4459 7045 4464 6876 4458 7034 4459 7036 4460 7046 4465 7047 4461 7048 4466 7049 4460 7038 4462 7050 4467 7051 4461 7040 4462 7042 4469 7052 4468 7053 4464 7054 4469 7055 4463 7044 4465 7056 4470 7057 4464 6876 4465 7047 4466 7058 4471 7059 4466 7049 4473 7060 4472 7061 4468 7062 4473 7063 4467 7051 4469 7052 4474 7064 4468 7053 4469 7055 4476 7065 4475 7066 4471 7067 4476 7068 4470 7057 4466 7058 4477 7069 4471 7059 4473 7060 4478 7070 4472 7061 4474 7071 4479 4918 4473 7063 4474 7064 4481 7072 4480 7073 4476 7065 4481 7074 4475 7066 4477 4923 4482 7075 4476 7068 4477 7069 4478 7076 4483 7077 4479 7078 4292 6760 4478 7070 4480 7079 4293 6763 4479 4918 4480 7073 4295 7080 4294 6764 4482 7081 4295 6767 4481 7074 4483 7082 4296 6772 4482 7075 4483 7077 4292 6773 4297 4948 4485 5285 4486 5285 4484 5285 4487 1377 4488 1377 4486 1377 4489 7083 4490 7084 4488 5286 4491 7085 4492 7086 4490 7087 4493 5292 4491 3485 4489 3485 4492 1358 4495 1358 4494 1358 4495 5293 4484 5293 4494 5293 4486 3479 4490 3479 4494 3479 4497 7088 4498 7089 4496 7090 4498 7091 4501 5298 4500 5299 4501 7092 4502 7093 4500 7094 4502 7095 4505 7096 4504 7097 4505 7098 4503 5307 4501 5308 4505 7099 4506 7100 4504 7101 4506 7102 4497 7103 4496 7104 4498 7105 4502 7106 4506 7107 4509 5318 4510 5319 4508 5320 4511 1377 4512 1377 4510 1377 4513 5321 4514 5322 4512 5323 4515 5324 4516 5325 4514 5326 4515 1647 4513 7108 4509 1647 4517 1358 4518 1358 4516 1358 4519 5328 4508 5329 4518 5330 4514 7109 4516 1324 4518 1324 4521 7110 4522 7111 4520 7112 4523 7113 4524 7114 4522 7115 4525 7116 4526 7117 4524 7118 4527 7119 4528 7120 4526 7121 4527 7122 4525 7123 4521 7124 4528 7125 4531 7126 4530 5349 4531 7127 4520 7128 4530 7129 4526 7130 4528 7131 4530 7132 4533 7133 4534 7134 4532 5288 4535 1377 4536 1377 4534 1377 4537 7135 4538 5285 4536 5285 4539 7136 4540 5293 4538 5293 4541 5360 4539 3479 4537 3479 4540 5361 4543 5362 4542 5363 4543 7137 4532 5365 4542 5366 4538 3485 4540 3485 4542 3485 4544 5367 4547 7138 4546 5369 4547 7139 4548 7140 4546 7141 4548 7142 4551 7143 4550 7144 4551 7145 4552 7146 4550 7147 4551 1468 4549 7148 4545 6499 4553 7149 4554 7150 4552 7151 4555 7152 4544 7153 4554 5386 4550 7154 4552 7155 4554 7156 4557 5390 4558 5391 4556 5391 4559 1377 4560 1377 4558 1377 4561 5392 4562 5393 4560 5393 4563 5394 4564 5395 4562 5396 4565 7157 4563 1324 4561 1324 4565 1358 4566 1358 4564 1358 4567 5398 4556 5399 4566 5400 4562 7158 4564 7159 4566 7160 4568 7161 4571 7162 4570 7163 4570 7164 4573 5407 4572 5408 4572 7165 4575 7166 4574 7167 4575 7168 4576 7169 4574 7170 4577 7171 4575 7172 4573 1522 4577 7173 4578 7174 4576 7175 4579 7176 4568 7177 4578 7178 4576 7179 4578 5240 4570 7180 4581 7181 4582 7182 4580 7183 4583 7184 4584 7185 4582 7182 4585 5432 4586 7186 4584 7185 4586 7186 4589 7187 4588 7188 4589 7187 4590 7189 4588 7188 4591 5437 4592 5438 4590 7189 4593 7190 4594 7191 4592 5438 4595 7192 4596 7193 4594 7191 4597 7194 4598 7195 4596 7193 4599 7196 4600 7197 4598 7195 4601 5447 4602 5448 4600 7197 4603 7198 4604 7199 4602 5448 4605 7200 4606 7201 4604 7199 4607 5453 4608 5454 4606 7201 4585 1377 4609 5455 4601 5456 4609 7202 4610 7203 4608 5454 4611 7204 4580 7183 4610 7203 4594 1358 4602 1358 4610 1358 7493 10458 7494 10459 7492 10460 7495 10461 7496 10462 7494 10459 7497 10463 7498 10464 7496 10462 7499 10465 7500 10466 7498 10464 7501 10467 7502 10468 7500 10466 7503 10469 7504 10470 7502 10468 7505 10471 7506 10472 7504 10470 7507 10473 7508 10474 7506 10472 7509 10475 7510 10476 7508 10474 7511 10477 7512 10478 7510 10476 7513 1324 7505 10479 7497 10480 7513 10481 7514 10482 7512 10478 7515 10483 7492 10460 7514 10482 7510 1647 7514 10484 7498 10485 7517 10458 7518 10459 7516 10460 7519 10461 7520 10462 7518 10459 7521 10463 7522 10464 7520 10462 7523 10465 7524 10466 7522 10464 7525 10467 7526 10468 7524 10466 7527 10469 7528 10470 7526 10468 7529 10471 7530 10472 7528 10470 7531 10473 7532 10474 7530 10472 7533 10475 7534 10476 7532 10474 7535 10477 7536 10478 7534 10476 7537 1324 7529 10486 7521 10487 7537 10481 7538 10482 7536 10478 7539 10483 7516 10460 7538 10482 7534 1647 7538 10488 7522 10489 7541 10490 7542 10491 7540 10492 7543 10493 7544 10494 7542 10491 7545 10495 7546 10496 7544 10494 7547 10497 7548 10498 7546 10496 7549 10499 7550 10500 7548 10498 7551 10501 7552 10502 7550 10500 7553 10503 7554 10504 7552 10502 7555 10505 7556 10506 7554 10504 7557 10507 7558 10508 7556 10506 7559 10509 7560 10510 7558 10508 7561 1324 7553 10479 7545 10480 7561 10511 7562 10512 7560 10510 7563 10513 7540 10492 7562 10512 7558 1647 7562 10484 7546 10485 7565 10490 7566 10491 7564 10492 7567 10493 7568 10494 7566 10491 7569 10495 7570 10496 7568 10494 7571 10497 7572 10498 7570 10496 7573 10499 7574 10500 7572 10498 7575 10501 7576 10502 7574 10500 7577 10503 7578 10504 7576 10502 7579 10505 7580 10506 7578 10504 7581 10507 7582 10508 7580 10506 7583 10509 7584 10510 7582 10508 7585 1324 7577 10486 7569 10487 7585 10511 7586 10512 7584 10510 7587 10513 7564 10492 7586 10512 7582 1647 7586 10488 7570 10489 1255 1733 1254 1821 1246 1734 1221 1736 1229 1755 1231 1737 1353 1739 1201 1816 1196 1740 1246 1734 1254 1821 1252 1742 1218 1744 1216 1773 1224 1745 1217 1747 1225 1754 1221 1736 1242 1749 1240 1777 1248 1750 1219 1752 1218 1744 1226 1746 1225 1754 1233 1757 1229 1755 1251 1756 1243 1780 1242 1749 1217 1747 1219 1752 1227 1753 1233 1757 1241 1759 1237 1758 1241 1759 1243 1780 1251 1756 1222 1761 1220 1812 1212 1762 1241 1759 1249 1760 1245 1764 1238 1765 1246 1734 1244 1743 1223 1738 1222 1761 1214 1763 1249 1760 1257 1770 1253 1768 1239 1769 1247 1735 1246 1734 1213 1748 1221 1736 1223 1738 1257 1770 1265 1774 1261 1771 1245 1764 1247 1735 1239 1769 1210 1772 1208 1798 1216 1773 1265 1774 1273 1778 1269 1775 1242 1749 1234 1781 1232 1776 1219 1752 1211 1802 1210 1772 1273 1778 1281 1783 1277 1779 1243 1780 1235 1805 1234 1781 1209 1782 1211 1802 1219 1752 1281 1783 1289 1787 1285 1784 1233 1757 1235 1805 1243 1780 1206 1785 1214 1763 1212 1762 1289 1787 1297 1792 1293 1788 1238 1765 1236 1766 1228 1789 1215 1767 1214 1763 1206 1785 1297 1792 1305 1795 1301 1793 1239 1769 1238 1765 1230 1790 1205 1794 1213 1748 1215 1767 1305 1795 1313 1799 1309 1796 1229 1755 1237 1758 1239 1769 1210 1772 1202 1892 1200 1797 1313 1799 1321 1803 1317 1800 1234 1781 1226 1746 1224 1745 1203 1801 1202 1892 1210 1772 1321 1803 1329 1806 1325 1804 1227 1753 1226 1746 1234 1781 1209 1782 1201 1816 1203 1801 1329 1806 1337 1810 1333 1807 1225 1754 1227 1753 1235 1805 1206 1785 1204 1786 1197 1808 1337 1810 1345 1814 1341 1811 1230 1790 1228 1789 1220 1812 1199 1813 1207 1791 1206 1785 1345 1814 1353 1739 1349 1741 1209 1782 1217 1747 1213 1748 1205 1794 1207 1791 1199 1813 1245 1764 1253 1768 1255 1733 1223 1738 1231 1737 1230 1790 1216 1773 1208 1798 1200 1797 1200 1797 1352 1889 1344 1884 1344 1884 1336 1878 1328 1872 1328 1872 1320 1865 1344 1884 1320 1865 1312 1815 1344 1884 1312 1815 1304 1855 1296 1849 1296 1849 1288 1842 1280 1837 1280 1837 1272 1830 1264 1824 1264 1824 1256 1819 1248 1750 1248 1750 1240 1777 1232 1776 1232 1776 1224 1745 1216 1773 1216 1773 1200 1797 1312 1815 1200 1797 1344 1884 1312 1815 1312 1815 1296 1849 1280 1837 1280 1837 1264 1824 1312 1815 1264 1824 1248 1750 1312 1815 1248 1750 1232 1776 1312 1815 1201 1816 1209 1782 1205 1794 1249 1760 1251 1756 1259 1817 1259 1817 1251 1756 1250 1751 1250 1751 1248 1750 1256 1819 1261 1771 1263 1825 1255 1733 1255 1733 1263 1825 1262 1820 1262 1820 1260 1827 1252 1742 1265 1774 1257 1770 1259 1817 1259 1817 1258 1818 1266 1823 1266 1823 1258 1818 1256 1819 1269 1775 1271 1832 1263 1825 1263 1825 1271 1832 1270 1826 1270 1826 1268 1834 1260 1827 1273 1778 1265 1774 1267 1822 1267 1822 1266 1823 1274 1829 1274 1829 1266 1823 1264 1824 1269 1775 1277 1779 1279 1831 1279 1831 1278 1839 1270 1826 1270 1826 1278 1839 1276 1833 1273 1778 1275 1828 1283 1835 1283 1835 1275 1828 1274 1829 1274 1829 1272 1830 1280 1837 1285 1784 1287 1844 1279 1831 1279 1831 1287 1844 1286 1838 1286 1838 1284 1846 1276 1833 1289 1787 1281 1783 1283 1835 1283 1835 1282 1836 1290 1841 1290 1841 1282 1836 1280 1837 1285 1784 1293 1788 1295 1843 1295 1843 1294 1851 1286 1838 1286 1838 1294 1851 1292 1845 1289 1787 1291 1840 1299 1847 1299 1847 1291 1840 1290 1841 1290 1841 1288 1842 1296 1849 1293 1788 1301 1793 1303 1850 1303 1850 1302 1857 1294 1851 1294 1851 1302 1857 1300 1852 1297 1792 1299 1847 1307 1853 1307 1853 1299 1847 1298 1848 1298 1848 1296 1849 1304 1855 1309 1796 1311 1860 1303 1850 1303 1850 1311 1860 1310 1856 1310 1856 1308 1862 1300 1852 1313 1799 1305 1795 1307 1853 1307 1853 1306 1854 1314 1859 1314 1859 1306 1854 1304 1855 1317 1800 1319 1866 1311 1860 1311 1860 1319 1866 1318 1861 1318 1861 1316 1869 1308 1862 1313 1799 1315 1858 1323 1863 1323 1863 1315 1858 1314 1859 1322 1864 1314 1859 1312 1815 1325 1804 1327 1873 1319 1866 1319 1866 1327 1873 1326 1867 1318 1861 1326 1867 1324 1868 1329 1806 1321 1803 1323 1863 1323 1863 1322 1864 1330 1871 1322 1864 1320 1865 1328 1872 1333 1807 1335 1874 1327 1873 1335 1874 1334 1880 1326 1867 1326 1867 1334 1880 1332 1875 1337 1810 1329 1806 1331 1870 1339 1876 1331 1870 1330 1871 1330 1871 1328 1872 1336 1878 1341 1811 1343 1879 1335 1874 1343 1879 1342 1881 1334 1880 1342 1881 1340 1886 1332 1875 1345 1814 1337 1810 1339 1876 1339 1876 1338 1877 1346 1883 1338 1877 1336 1878 1344 1884 1349 1741 1351 1890 1343 1879 1343 1879 1351 1890 1350 1885 1350 1885 1348 1891 1340 1886 1353 1739 1345 1814 1347 1882 1347 1882 1346 1883 1354 1888 1354 1888 1346 1883 1344 1884 1349 1741 1196 1740 1199 1813 1199 1813 1198 1809 1350 1885 1350 1885 1198 1809 1197 1808 1353 1739 1355 1887 1203 1801 1203 1801 1355 1887 1354 1888 1354 1888 1352 1889 1200 1797 1348 1891 1197 1808 1220 1812 1197 1808 1204 1786 1220 1812 1204 1786 1212 1762 1220 1812 1220 1812 1228 1789 1236 1766 1236 1766 1244 1743 1252 1742 1252 1742 1260 1827 1284 1846 1260 1827 1268 1834 1284 1846 1268 1834 1276 1833 1284 1846 1284 1846 1292 1845 1316 1869 1292 1845 1300 1852 1316 1869 1300 1852 1308 1862 1316 1869 1316 1869 1324 1868 1348 1891 1324 1868 1332 1875 1348 1891 1332 1875 1340 1886 1348 1891 1220 1812 1236 1766 1348 1891 1236 1766 1252 1742 1348 1891 1252 1742 1284 1846 1316 1869 1381 1923 1383 10753 1382 1924 1383 1926 1385 1927 1384 1926 1385 1928 1387 1929 1386 1928 1387 1930 1389 10754 1388 1931 1389 1933 1391 10755 1390 1934 1391 1936 1393 1937 1392 1936 1385 1324 1383 1324 1381 1324 1381 1324 1395 1324 1393 1324 1393 1324 1391 1324 1389 1324 1389 1324 1387 1324 1385 1324 1385 1324 1381 1324 1389 1324 1393 1938 1395 1939 1394 1938 1395 1940 1381 10756 1380 1941 1394 1647 1380 1647 1386 1647 1380 1647 1382 1647 1386 1647 1382 1647 1384 1647 1386 1647 1386 1647 1388 1647 1394 1647 1388 1647 1390 1647 1394 1647 1876 2732 1877 10843 1883 2733 1878 2735 1884 2751 1883 2736 1879 2738 1885 2753 1884 2739 1880 2741 1886 2755 1885 2742 1881 1358 1887 2757 1886 2744 1881 2746 1876 10844 1882 2747 1882 2734 1883 2733 1889 2749 1884 2751 1890 2763 1889 2752 1885 2753 1891 2765 1890 2754 1886 2755 1892 2767 1891 2756 1887 2757 1893 2769 1892 2758 1887 2748 1882 2747 1888 2759 1888 2750 1889 2749 1895 2761 1890 2763 1896 2775 1895 2764 1891 2765 1897 2777 1896 2766 1892 2767 1898 10845 1897 2768 1893 2769 1899 2781 1898 2770 1893 2760 1888 2759 1894 2771 1894 2762 1895 2761 1901 2773 1896 2775 1902 2786 1901 2776 1897 2777 1903 2788 1902 2778 1897 2768 1898 10845 1904 2779 1899 2781 1905 2792 1904 2782 1894 2771 1900 2794 1905 2783 1900 2774 1901 2773 1907 2784 1902 2786 1908 2797 1907 2787 1903 2788 1909 10846 1908 2789 1903 2780 1904 2779 1910 2790 1905 2792 1911 2803 1910 2793 1900 2794 1906 2805 1911 2795 1907 2784 1913 2807 1912 2796 1908 2797 1914 2809 1913 2798 1908 2789 1909 10846 1915 2799 1909 2791 1910 2790 1916 2801 1911 2803 1917 2815 1916 2804 1906 2805 1912 2817 1917 2806 1913 2807 1919 10847 1918 2808 1914 2809 1920 2821 1919 2810 1914 2800 1915 2799 1921 2811 1915 2802 1916 2801 1922 2813 1917 2815 1923 2825 1922 2816 1912 2817 1918 10848 1923 2818 1918 2808 1919 10847 1925 2819 1920 2821 1926 2830 1925 2822 1921 2811 1927 10849 1926 2823 1922 2813 1928 10850 1927 2824 1923 2825 1929 2836 1928 2826 1923 2818 1918 10848 1924 2827 1925 2819 1931 10851 1930 2829 1926 2830 1932 2841 1931 2831 1926 2823 1927 10849 1933 2832 1927 2824 1928 10850 1934 2834 1929 2836 1935 2845 1934 2837 1924 2827 1930 10852 1935 2838 1930 2829 1931 10851 1937 2839 1932 2841 1938 2851 1937 2842 1933 2832 1939 2853 1938 2843 1934 2834 1940 2855 1939 2844 1935 2845 1941 2857 1940 2846 1935 2838 1930 10852 1936 2847 1936 2840 1937 2839 1943 2849 1938 2851 1944 2863 1943 2852 1939 2853 1945 2865 1944 2854 1940 2855 1946 10853 1945 2856 1941 2857 1947 2869 1946 2858 1941 2848 1936 2847 1942 2859 1942 2850 1943 2849 1949 2861 1944 2863 1950 2874 1949 2864 1945 2865 1951 2876 1950 2866 1945 2856 1946 10853 1952 2867 1947 2869 1953 2879 1952 2870 1942 2859 1948 2881 1953 2871 1948 2862 1949 2861 1955 2872 1950 2874 1956 2884 1955 2875 1951 2876 1957 10854 1956 2877 1952 2867 1958 10855 1957 2878 1953 2879 1959 2890 1958 2880 1948 2881 1954 2892 1959 2882 1955 2872 1961 2894 1960 2883 1956 2884 1962 2896 1961 2885 1956 2877 1957 10854 1963 2886 1957 2878 1958 10855 1964 2888 1959 2890 1965 2902 1964 2891 1954 2892 1960 2904 1965 2893 1961 2894 1967 2906 1966 2895 1962 2896 1968 2908 1967 2897 1962 2887 1963 2886 1969 2898 1963 2889 1964 2888 1970 2900 1965 2902 1971 2914 1970 2903 1960 2904 1966 2916 1971 2905 1967 2906 1973 10856 1972 2907 1968 2908 1974 2920 1973 2909 1968 2899 1969 2898 1975 2910 1969 2901 1970 2900 1976 2912 1971 2914 1977 1377 1976 2915 1966 2916 1972 10857 1977 2917 1972 2907 1973 10856 1979 2918 1974 2920 1980 2928 1979 2744 1975 2910 1981 2930 1980 2921 1976 2912 1982 2932 1981 2922 1977 1377 1983 2934 1982 2923 1977 2917 1972 10857 1978 2924 1978 2919 1979 2918 1985 2926 1980 2928 1986 2940 1985 2929 1981 2930 1987 2942 1986 2931 1982 2932 1988 2944 1987 2933 1983 2934 1989 2946 1988 2935 1983 2925 1978 2924 1984 2936 1984 2927 1985 2926 1991 2938 1986 2940 1992 2951 1991 2941 1987 2942 1993 10858 1992 2943 1988 2944 1994 2955 1993 2945 1989 2946 1995 2957 1994 2947 1989 2937 1984 2936 1990 2948 1991 2938 1997 2960 1996 2950 1992 2951 1998 2962 1997 2952 1992 2943 1993 10858 1999 2953 1994 2955 2000 2966 1999 2956 1995 2957 2001 2968 2000 2958 1990 2948 1996 10859 2001 2959 1997 2960 2003 2972 2002 2961 1998 2962 2004 2974 2003 2963 1998 2954 1999 2953 2005 2964 2000 2966 2006 10860 2005 2967 2001 2968 2007 2980 2006 2969 2001 2959 1996 10859 2002 2970 2003 2972 2009 2983 2008 2973 2004 2974 2010 2985 2009 2975 2004 2965 2005 2964 2011 2976 2005 2967 2006 10860 2012 2978 2007 2980 2013 2991 2012 2981 2002 2970 2008 2993 2013 2982 2009 2983 2015 10861 2014 2984 2010 2985 2016 2997 2015 2986 2010 2977 2011 2976 2017 2987 2011 2979 2012 2978 2018 2989 2013 2991 2019 3001 2018 2992 2008 2993 2014 10862 2019 2994 2014 2984 2015 10861 2021 2995 2016 2997 2022 3006 2021 2998 2017 2987 2023 10863 2022 2999 2018 2989 2024 10864 2023 3000 2019 3001 2025 3012 2024 3002 2019 2994 2014 10862 2020 3003 2021 2995 2027 10865 2026 3005 2022 3006 2028 3017 2027 3007 2022 2999 2023 10863 2029 3008 2023 3000 2024 10864 2030 3010 2025 3012 2031 3021 2030 3013 2020 3003 2026 10866 2031 3014 2026 3005 2027 10865 2033 3015 2028 3017 2034 3027 2033 3018 2029 3008 2035 3029 2034 3019 2030 3010 2036 3031 2035 3020 2031 3021 2037 3033 2036 3022 2031 3014 2026 10866 2032 3023 2032 3016 2033 3015 2039 3025 2034 3027 2040 3038 2039 3028 2035 3029 2041 10867 2040 3030 2036 3031 2042 3042 2041 3032 2037 3033 2043 3044 2042 3034 2037 3024 2032 3023 2038 3035 2039 3025 2045 3048 2044 3037 2040 3038 2046 3050 2045 3039 2040 3030 2041 10867 2047 3040 2042 3042 2048 3054 2047 3043 2043 3044 2049 3056 2048 3045 2043 3036 2038 3035 2044 3046 2045 3048 2051 3060 2050 3049 2046 3050 2052 3062 2051 3051 2046 3041 2047 3040 2053 3052 2048 3054 2054 10868 2053 3055 2049 3056 2055 3068 2054 3057 2049 3047 2044 3046 2050 3058 2051 3060 2057 3071 2056 3061 2052 3062 2058 3073 2057 3063 2052 3053 2053 3052 2059 3064 2053 3055 2054 10868 2060 3066 2055 3068 2061 3079 2060 3069 2050 3058 2056 3081 2061 3070 2057 3071 2063 3083 2062 3072 2058 3073 2064 3084 2063 3074 2058 3065 2059 3064 2065 3075 2059 3067 2060 3066 2066 3077 2061 3079 2067 3085 2066 3080 2056 3081 2062 3086 2067 3082 2063 3083 1877 10843 1876 2732 2064 3084 1878 2735 1877 2737 2064 3076 2065 3075 1879 2738 2065 3078 2066 3077 1880 2741 2067 3085 1881 1358 1880 2745 2062 3086 1876 10844 1881 2746 2069 3087 2075 3105 2074 3088 2070 3090 2076 3107 2075 3091 2070 3093 2071 10869 2077 3094 2071 3096 2072 10870 2078 3097 2073 3099 2079 3113 2078 3100 2068 3102 2074 3115 2079 3103 2075 3105 2081 10871 2080 3106 2076 3107 2082 3119 2081 3108 2076 3095 2077 3094 2083 3109 2077 3098 2078 3097 2084 3111 2079 3113 2085 3123 2084 3114 2074 3115 2080 10872 2085 3116 2080 3106 2081 10871 2087 3117 2082 3119 2088 3129 2087 3120 2083 3109 2089 3131 2088 3121 2084 3111 2090 3133 2089 3122 2085 3123 2091 3135 2090 3124 2085 3116 2080 10872 2086 3125 2086 3118 2087 3117 2093 3127 2088 3129 2094 3141 2093 3130 2089 3131 2095 3143 2094 3132 2090 3133 2096 3145 2095 3134 2091 3135 2097 3147 2096 3136 2091 3126 2086 3125 2092 3137 2092 3128 2093 3127 2099 3139 2094 3141 2100 3152 2099 3142 2095 3143 2101 10873 2100 3144 2096 3145 2102 3156 2101 3146 2097 3147 2103 3158 2102 3148 2097 3138 2092 3137 2098 3149 2099 3139 2105 3162 2104 3151 2100 3152 2106 3164 2105 3153 2100 3144 2101 10873 2107 3154 2102 3156 2108 3168 2107 3157 2103 3158 2109 3170 2108 3159 2103 3150 2098 3149 2104 3160 2105 3162 2111 10874 2110 3163 2106 3164 2112 3176 2111 3165 2106 3155 2107 3154 2113 3166 2108 3168 2114 3179 2113 3169 2109 3170 2115 3181 2114 3171 2109 3161 2104 3160 2110 3172 2110 3163 2111 10874 2117 3174 2112 3176 2118 3186 2117 3177 2113 3166 2119 10875 2118 3178 2114 3179 2120 10876 2119 3180 2115 3181 2121 3192 2120 3182 2115 3173 2110 3172 2116 3183 2117 3174 2123 10877 2122 3185 2118 3186 2124 3197 2123 3187 2118 3178 2119 10875 2125 3188 2119 3180 2120 10876 2126 3190 2121 3192 2127 3202 2126 3193 2116 3183 2122 3204 2127 3194 2122 3185 2123 10877 2129 3195 2124 3197 2130 3208 2129 3198 2125 3188 2131 3210 2130 3199 2125 3191 2126 3190 2132 3200 2127 3202 2133 3214 2132 3203 2122 3204 2128 3216 2133 3205 2128 3196 2129 3195 2135 3206 2130 3208 2136 3220 2135 3209 2131 3210 2137 3222 2136 3211 2131 3201 2132 3200 2138 3212 2133 3214 2139 3225 2138 3215 2128 3216 2134 10878 2139 3217 2134 3207 2135 3206 2141 3218 2136 3220 2142 3229 2141 3221 2137 3222 2143 10879 2142 3223 2138 3212 2144 3233 2143 3224 2139 3225 2145 3235 2144 2051 2139 3217 2134 10878 2140 3226 2141 3218 2147 3239 2146 3228 2142 3229 2148 3241 2147 3230 2142 3223 2143 10879 2149 3231 2144 3233 2150 10880 2149 3234 2145 3235 2151 3247 2150 3236 2145 3227 2140 3226 2146 3237 2147 3239 2153 10881 2152 3240 2148 3241 2154 3252 2153 3242 2148 3232 2149 3231 2155 3243 2149 3234 2150 10880 2156 3245 2151 3247 2157 3256 2156 3248 2146 3237 2152 10882 2157 3249 2152 3240 2153 10881 2159 3250 2154 3252 2160 3261 2159 3253 2155 3243 2161 10883 2160 3254 2156 3245 2162 3265 2161 3255 2157 3256 2163 3267 2162 3257 2157 3249 2152 10882 2158 3258 2159 3250 2165 10884 2164 3260 2160 3261 2166 3272 2165 3262 2160 3254 2161 10883 2167 3263 2162 3265 2168 3275 2167 3266 2163 3267 2169 3277 2168 3268 2158 3258 2164 3279 2169 3269 2164 3260 2165 10884 2171 3270 2166 3272 2172 3282 2171 3273 2167 3263 2173 10885 2172 3274 2168 3275 2174 10886 2173 3276 2169 3277 2175 3288 2174 3278 2164 3279 2170 3290 2175 3280 2171 3270 2177 10887 2176 3281 2172 3282 2178 3294 2177 3283 2172 3274 2173 10885 2179 3284 2173 3276 2174 10886 2180 3286 2175 3288 2181 3298 2180 3289 2170 3290 2176 10888 2181 3291 2176 3281 2177 10887 2183 3292 2178 3294 2184 3304 2183 3295 2179 3284 2185 3306 2184 3296 2180 3286 2186 10889 2185 3297 2181 3298 2187 3310 2186 3299 2181 3291 2176 10888 2182 3300 2182 3293 2183 3292 2189 3302 2184 3304 2190 3314 2189 3305 2185 3306 2191 10890 2190 3307 2185 3297 2186 10889 2192 3308 2187 3310 2193 3320 2192 3311 2182 3300 2188 3322 2193 3312 2189 3302 2195 3324 2194 3313 2190 3314 2196 3326 2195 3315 2190 3307 2191 10890 2197 3316 2191 3309 2192 3308 2198 3318 2193 3320 2199 3331 2198 3321 2188 3322 2194 10891 2199 3323 2195 3324 2201 3335 2200 3325 2196 3326 2202 3337 2201 3327 2196 3317 2197 3316 2203 3328 2198 3318 2204 3341 2203 3330 2199 3331 2205 3343 2204 3332 2199 3323 2194 10891 2200 3333 2201 3335 2207 10892 2206 3336 2202 3337 2208 3349 2207 3338 2202 3329 2203 3328 2209 3339 2204 3341 2210 3352 2209 3342 2205 3343 2211 3354 2210 3344 2205 3334 2200 3333 2206 3345 2206 3336 2207 10892 2213 3347 2208 3349 2214 3359 2213 3350 2209 3339 2215 10893 2214 3351 2210 3352 2216 10894 2215 3353 2211 3354 2217 3365 2216 3355 2211 3346 2206 3345 2212 3356 2213 3347 2219 10895 2218 3358 2214 3359 2220 3370 2219 3360 2214 3351 2215 10893 2221 3361 2215 3353 2216 10894 2222 3363 2217 3365 2223 3375 2222 3366 2212 3356 2218 3377 2223 3367 2218 3358 2219 10895 2225 3368 2220 3370 2226 3381 2225 3371 2221 3361 2227 3383 2226 3372 2221 3364 2222 3363 2228 3373 2223 3375 2229 3387 2228 3376 2218 3377 2224 3389 2229 3378 2224 3369 2225 3368 2231 3379 2226 3381 2232 3392 2231 3382 2227 3383 2233 10896 2232 3384 2227 3374 2228 3373 2234 3385 2229 3387 2235 3398 2234 3388 2224 3389 2230 3400 2235 3390 2231 3379 2237 3402 2236 3391 2232 3392 2238 3404 2237 3393 2232 3384 2233 10896 2239 3394 2233 3386 2234 3385 2240 3396 2235 3398 2241 3410 2240 3399 2230 3400 2236 3412 2241 3401 2237 3402 2243 3414 2242 3403 2238 3404 2244 3416 2243 3405 2238 3395 2239 3394 2245 3406 2239 3397 2240 3396 2246 3408 2241 3410 2247 3422 2246 3411 2236 3412 2242 3424 2247 3413 2243 3414 2249 10897 2248 3415 2244 3416 2250 3428 2249 3417 2244 3407 2245 3406 2251 3418 2245 3409 2246 3408 2252 3420 2247 3422 2253 3432 2252 3423 2242 3424 2248 10898 2253 3425 2248 3415 2249 10897 2255 3426 2250 3428 2256 3436 2255 3429 2251 3418 2257 3437 2256 3430 2252 3420 2258 3438 2257 3431 2253 3432 2259 3439 2258 3433 2253 3425 2248 10898 2254 3434 2254 3427 2255 3426 2069 3087 2256 3436 2070 3090 2069 3092 2257 3437 2071 10869 2070 3093 2258 3438 2072 10870 2071 3096 2259 3439 2073 3099 2072 3101 2259 3435 2254 3434 2068 3102 2261 3440 2263 10899 2262 3441 2263 1647 2265 1647 2264 1647 2265 3443 2267 3443 2266 3444 2266 3446 2267 3447 2269 3447 2265 1377 2263 1377 2261 3449 2261 3449 2271 10900 2269 10901 2269 10901 2267 3448 2261 3449 2269 1324 2271 1324 2270 1324 2271 3450 2261 3450 2260 3451 2270 1358 2260 1358 2266 1358 2260 1358 2262 1358 2266 1358 2262 1358 2264 1358 2266 1358 2273 3452 2275 10902 2274 3453 2274 3455 2275 10903 2277 3456 2277 3457 2279 10904 2278 3458 2278 3460 2279 10905 2281 3461 2277 3465 2275 10906 2281 3463 2275 10906 2273 10907 2281 3463 2273 10907 2283 10908 2281 3463 2281 3466 2283 10909 2282 3467 2282 3469 2283 10910 2273 3470 2282 3474 2272 10911 2274 10912 2274 10912 2276 10913 2282 3474 2276 10913 2278 3472 2282 3474 2285 3475 2287 3475 2286 3475 2287 1647 2289 1647 2288 1647 2289 3476 2291 3476 2290 3476 2291 3477 2293 3478 2292 3477 2289 3480 2287 10914 2285 3481 2285 3481 2295 3479 2293 3479 2293 3479 2291 3479 2285 3481 2293 1324 2295 1324 2294 1324 2295 3482 2285 3483 2284 3482 2294 3486 2284 3485 2290 3484 2284 3485 2286 10915 2290 3484 2286 10915 2288 10916 2290 3484 2296 3487 2297 10917 2299 3488 2299 3490 2301 1647 2300 3491 2300 3493 2301 10918 2303 3494 2303 3496 2305 10919 2304 3497 2301 3500 2299 10920 2297 3501 2297 3501 2307 10921 2305 10922 2305 10922 2303 3499 2297 3501 2304 3502 2305 10923 2307 3503 2307 3504 2297 10924 2296 3505 2306 3509 2296 10925 2298 3507 2298 3507 2300 10926 2302 3508 2302 3508 2304 10927 2306 3509 2309 3510 2311 10928 2310 3511 2311 3513 2313 10929 2312 3514 2313 3515 2315 10930 2314 3516 2315 3518 2317 10931 2316 3519 2313 3522 2311 10932 2309 3523 2309 3523 2319 10933 2317 10934 2317 10934 2315 3521 2309 3523 2317 3524 2319 10935 2318 3525 2319 3526 2309 10936 2308 3527 2318 1377 2308 1377 2314 1377 2308 1377 2310 1377 2314 1377 2310 1377 2312 1377 2314 1377 2321 3529 2323 10937 2322 3530 2322 3532 2323 10938 2325 3533 2325 3534 2327 10939 2326 3535 2326 3537 2327 10940 2329 3538 2325 3541 2323 10941 2321 3542 2321 3542 2331 10942 2329 10943 2329 10943 2327 3540 2321 3542 2329 3543 2331 1324 2330 3544 2330 3546 2331 10944 2321 3547 2330 3550 2320 10945 2322 3551 2322 3551 2324 10946 2326 10947 2326 10947 2328 3549 2322 3551 2333 3552 2335 3476 2334 3552 2335 1647 2337 1647 2336 1647 2337 3553 2339 3475 2338 3553 2339 3483 2341 3483 2340 3483 2337 3554 2335 10948 2333 3555 2333 3555 2343 3485 2341 3485 2341 3485 2339 3485 2333 3555 2341 1324 2343 1324 2342 1324 2343 3478 2333 3478 2332 3478 2342 3557 2332 3479 2338 3556 2332 3479 2334 10949 2338 3556 2334 10949 2336 10950 2338 3556 2344 3558 2345 10951 2347 3559 2347 3561 2349 1647 2348 3562 2348 3564 2349 10952 2351 3565 2351 3567 2353 10953 2352 3568 2349 3572 2347 10925 2353 3570 2347 10925 2345 10954 2353 3570 2345 10954 2355 10955 2353 3570 2352 3573 2353 10956 2355 3574 2355 3576 2345 10957 2344 3577 2354 3581 2344 10958 2350 3579 2344 10958 2346 10959 2350 3579 2346 10959 2348 10960 2350 3579 2357 3582 2359 3585 2358 3583 2359 3585 2361 3587 2360 3586 2361 3587 2363 3589 2362 3588 2363 3589 2365 3591 2364 3590 2365 3591 2367 3593 2366 3592 2367 3593 2369 3594 2368 3404 2369 3594 2371 3596 2370 3595 2371 3596 2373 3598 2372 3597 2373 3598 2375 3600 2374 3599 2375 3600 2377 3602 2376 3601 2377 3602 2379 3604 2378 3603 2379 3604 2381 3606 2380 3605 2381 3606 2383 3608 2382 3607 2383 3608 2385 3613 2384 3609 2361 3611 2359 10961 2357 10962 2357 10962 2387 1324 2385 10963 2385 10963 2383 10964 2381 10965 2381 10965 2379 10964 2377 3612 2377 3612 2375 10966 2373 10967 2373 10967 2371 1324 2369 10968 2369 10968 2367 10969 2365 3610 2365 3610 2363 10969 2361 3611 2361 3611 2357 10962 2385 10963 2385 10963 2381 10965 2361 3611 2381 10965 2377 3612 2361 3611 2377 3612 2373 10967 2369 10968 2369 10968 2365 3610 2377 3612 2385 3613 2387 3615 2386 3614 2387 3615 2357 3582 2356 3584 2386 10970 2356 1647 2358 1647 2358 1647 2360 1647 2362 1647 2362 1647 2364 10971 2370 3616 2364 10971 2366 10972 2370 3616 2366 10972 2368 10973 2370 3616 2370 3616 2372 1647 2374 1647 2374 1647 2376 1647 2378 1647 2378 1647 2380 10974 2386 10970 2380 10974 2382 10975 2386 10970 2382 10975 2384 10976 2386 10970 2386 10970 2358 1647 2362 1647 2370 3616 2374 1647 2378 1647 2386 10970 2362 1647 2378 1647 2933 4559 2939 4577 2938 4560 2934 4562 2940 4579 2939 4563 2934 4565 2935 4928 2941 4566 2936 4568 2942 4583 2941 4569 2937 4571 2943 4585 2942 4572 2937 4574 2932 11051 2938 4575 2939 4577 2945 4589 2944 4578 2940 4579 2946 4591 2945 4580 2940 4567 2941 4566 2947 4581 2942 4583 2948 4595 2947 4584 2943 4585 2949 4597 2948 4586 2943 4576 2938 4575 2944 4587 2945 4589 2951 4601 2950 4590 2946 4591 2952 4603 2951 4592 2946 4582 2947 4581 2953 4593 2948 4595 2954 4607 2953 4596 2949 4597 2955 4609 2954 4598 2949 4588 2944 4587 2950 4599 2951 4601 2957 11052 2956 4602 2952 4603 2958 4615 2957 4604 2952 4594 2953 4593 2959 4605 2954 4607 2960 4618 2959 4608 2955 4609 2961 4620 2960 4610 2955 4600 2950 4599 2956 4611 2956 4602 2957 11052 2963 4613 2958 4615 2964 4626 2963 4616 2959 4605 2965 4628 2964 4617 2960 4618 2966 11053 2965 4619 2961 4620 2967 4632 2966 4621 2961 4612 2956 4611 2962 4622 2962 4614 2963 4613 2969 4624 2964 4626 2970 4637 2969 4627 2965 4628 2971 4639 2970 4629 2965 4619 2966 11053 2972 4630 2967 4632 2973 4643 2972 4633 2962 4622 2968 4645 2973 4634 2968 4625 2969 4624 2975 4635 2970 4637 2976 4649 2975 4638 2971 4639 2977 4651 2976 4640 2971 4631 2972 4630 2978 4641 2973 4643 2979 4655 2978 4644 2968 4645 2974 4657 2979 4646 2974 4636 2975 4635 2981 4647 2976 4649 2982 4660 2981 4650 2977 4651 2983 11054 2982 4652 2977 4642 2978 4641 2984 4653 2979 4655 2985 4665 2984 4656 2974 4657 2980 11055 2985 4658 2981 4647 2987 4669 2986 4659 2982 4660 2988 4671 2987 4661 2982 4652 2983 11054 2989 4662 2984 4653 2990 4675 2989 4664 2985 4665 2991 4677 2990 4666 2985 4658 2980 11055 2986 4667 2987 4669 2993 4681 2992 4670 2988 4671 2994 4683 2993 4672 2988 4663 2989 4662 2995 4673 2990 4675 2996 4687 2995 4676 2991 4677 2997 4689 2996 4678 2991 4668 2986 4667 2992 4679 2993 4681 2999 4693 2998 4682 2994 4683 3000 4695 2999 4684 2994 4674 2995 4673 3001 4685 2996 4687 3002 11056 3001 4688 2997 4689 3003 4701 3002 4690 2997 4680 2992 4679 2998 4691 2999 4693 3005 11057 3004 4694 3000 4695 3006 4706 3005 4696 3000 4686 3001 4685 3007 4697 3001 4688 3002 11056 3008 4699 3003 4701 3009 4711 3008 4702 2998 4691 3004 4713 3009 4703 3004 4694 3005 11057 3011 4704 3006 4706 3012 4717 3011 4707 3007 4697 3013 4719 3012 4708 3007 4700 3008 4699 3014 4709 3009 4711 3015 4723 3014 4712 3004 4713 3010 4725 3015 4714 3010 4705 3011 4704 3017 4715 3012 4717 3018 4729 3017 4718 3013 4719 3019 4731 3018 4720 3013 4710 3014 4709 3020 4721 3015 4723 3021 4735 3020 4724 3010 4725 3016 4737 3021 4726 3016 4716 3017 4715 3023 4727 3018 4729 3024 4741 3023 4730 3019 4731 3025 4743 3024 4732 3019 4722 3020 4721 3026 4733 3021 4735 3027 4747 3026 4736 3016 4737 3022 4749 3027 4738 3022 4728 3023 4727 3029 4739 3024 4741 3030 4753 3029 4742 3025 4743 3031 4755 3030 4744 3025 4734 3026 4733 3032 4745 3027 4747 3033 4758 3032 4748 3022 4749 3028 11058 3033 4750 3028 4740 3029 4739 3035 4751 3030 4753 3036 4763 3035 4754 3031 4755 3037 11059 3036 4756 3032 4745 3038 4767 3037 4757 3033 4758 3039 4769 3038 4759 3033 4750 3028 11058 3034 4760 3035 4751 3041 4773 3040 4762 3036 4763 3042 4775 3041 4764 3036 4756 3037 11059 3043 4765 3038 4767 3044 4779 3043 4768 3039 4769 3045 4781 3044 4770 3039 4761 3034 4760 3040 4771 3041 4773 3047 4785 3046 4774 3042 4775 3048 4787 3047 4776 3042 4766 3043 4765 3049 4777 3044 4779 3050 4791 3049 4780 3045 4781 3051 4793 3050 4782 3045 4772 3040 4771 3046 4783 3047 4785 3053 4797 3052 4786 3048 4787 3054 4799 3053 4788 3048 4778 3049 4777 3055 4789 3050 4791 3056 4803 3055 4792 3051 4793 3057 4805 3056 4794 3051 4784 3046 4783 3052 4795 3053 4797 3059 4809 3058 4798 3054 4799 3060 4811 3059 4800 3054 4790 3055 4789 3061 4801 3056 4803 3062 4815 3061 4804 3057 4805 3063 4817 3062 4806 3057 4796 3052 4795 3058 4807 3059 4809 3065 4821 3064 4810 3060 4811 3066 4823 3065 4812 3060 4802 3061 4801 3067 4813 3062 4815 3068 4827 3067 4816 3063 4817 3069 4829 3068 4818 3063 4808 3058 4807 3064 4819 3065 4821 3071 4833 3070 4822 3066 4823 3072 4835 3071 4824 3066 4814 3067 4813 3073 4825 3068 4827 3074 4839 3073 4828 3069 4829 3075 4841 3074 4830 3069 4820 3064 4819 3070 4831 3071 4833 3077 11060 3076 4834 3072 4835 3078 4847 3077 4836 3072 4826 3073 4825 3079 4837 3074 4839 3080 11061 3079 4840 3075 4841 3081 4852 3080 4842 3075 4832 3070 4831 3076 4843 3076 4834 3077 11060 3083 4845 3078 4847 3084 4857 3083 4848 3079 4837 3085 4859 3084 4849 3079 4840 3080 11061 3086 4850 3081 4852 3087 4863 3086 4853 3076 4843 3082 4865 3087 4854 3082 4846 3083 4845 3089 4855 3084 4857 3090 4869 3089 4858 3085 4859 3091 4871 3090 4860 3085 4851 3086 4850 3092 4861 3087 4863 3093 4875 3092 4864 3082 4865 3088 4877 3093 4866 3088 4856 3089 4855 3095 4867 3090 4869 3096 4881 3095 4870 3091 4871 3097 4883 3096 4872 3091 4862 3092 4861 3098 4873 3093 4875 3099 4887 3098 4876 3088 4877 3094 4889 3099 4878 3094 4868 3095 4867 3101 4879 3096 4881 3102 4893 3101 4882 3097 4883 3103 4895 3102 4884 3097 4874 3098 4873 3104 4885 3099 4887 3105 4899 3104 4888 3094 4889 3100 4901 3105 4890 3100 4880 3101 4879 3107 4891 3102 4893 3108 4905 3107 4894 3103 4895 3109 4907 3108 4896 3103 4886 3104 4885 3110 4897 3105 4899 3111 4911 3110 4900 3100 4901 3106 4913 3111 4902 3106 4892 3107 4891 3113 4903 3108 4905 3114 4917 3113 4906 3109 4907 3115 4919 3114 4908 3109 4898 3110 4897 3116 4909 3111 4911 3117 4923 3116 4912 3106 4913 3112 4925 3117 4914 3112 4904 3113 4903 3119 4915 3114 4917 3120 4927 3119 4918 3115 4919 3121 11062 3120 4920 3115 4910 3116 4909 3122 4921 3117 4923 3123 4929 3122 4924 3112 4925 3118 4930 3123 4926 3119 4915 2933 4559 2932 4561 3120 4927 2934 4562 2933 4564 3120 4920 3121 11062 2935 4928 3121 4922 3122 4921 2936 4568 3123 4929 2937 4571 2936 4573 3118 4930 2932 11051 2937 4574 3125 4931 3131 4949 3130 4932 3126 4934 3132 4951 3131 4935 3126 4937 3127 5282 3133 4938 3127 4940 3128 11063 3134 4941 3129 4943 3135 4956 3134 4944 3124 4946 3130 11064 3135 4947 3131 4949 3137 4960 3136 4950 3132 4951 3138 4962 3137 4952 3132 4939 3133 4938 3139 4953 3134 4941 3140 4966 3139 4955 3135 4956 3141 4968 3140 4957 3135 4947 3130 11064 3136 4958 3137 4960 3143 11065 3142 4961 3138 4962 3144 4974 3143 4963 3138 4954 3139 4953 3145 4964 3140 4966 3146 4977 3145 4967 3141 4968 3147 4979 3146 4969 3141 4959 3136 4958 3142 4970 3142 4961 3143 11065 3149 4972 3144 4974 3150 4985 3149 4975 3145 4964 3151 4987 3150 4976 3146 4977 3152 4989 3151 4978 3147 4979 3153 4991 3152 4980 3147 4971 3142 4970 3148 4981 3148 4973 3149 4972 3155 4983 3150 4985 3156 4996 3155 4986 3151 4987 3157 11066 3156 4988 3152 4989 3158 11067 3157 4990 3153 4991 3159 5002 3158 4992 3153 4982 3148 4981 3154 4993 3155 4983 3161 5005 3160 4995 3156 4996 3162 5007 3161 4997 3156 4988 3157 11066 3163 4998 3157 4990 3158 11067 3164 5000 3159 5002 3165 5012 3164 5003 3154 4993 3160 11068 3165 5004 3161 5005 3167 5016 3166 5006 3162 5007 3168 5018 3167 5008 3162 4999 3163 4998 3169 5009 3164 5000 3170 5022 3169 5011 3165 5012 3171 5024 3170 5013 3165 5004 3160 11068 3166 5014 3167 5016 3173 11069 3172 5017 3168 5018 3174 5030 3173 5019 3168 5010 3169 5009 3175 5020 3170 5022 3176 11070 3175 5023 3171 5024 3177 5035 3176 5025 3171 5015 3166 5014 3172 5026 3172 5017 3173 11069 3179 5028 3174 5030 3180 5040 3179 5031 3175 5020 3181 5042 3180 5032 3175 5023 3176 11070 3182 5033 3177 5035 3183 5046 3182 5036 3172 5026 3178 5048 3183 5037 3178 5029 3179 5028 3185 5038 3180 5040 3186 5052 3185 5041 3181 5042 3187 5054 3186 5043 3181 5034 3182 5033 3188 5044 3183 5046 3189 5057 3188 5047 3178 5048 3184 11071 3189 5049 3184 5039 3185 5038 3191 5050 3186 5052 3192 5062 3191 5053 3187 5054 3193 11072 3192 5055 3188 5044 3194 11073 3193 5056 3189 5057 3195 4881 3194 5058 3189 5049 3184 11071 3190 5059 3191 5050 3197 5070 3196 5061 3192 5062 3198 5072 3197 5063 3192 5055 3193 11072 3199 5064 3193 5056 3194 11073 3200 5066 3195 4881 3201 5078 3200 5068 3190 5059 3196 5080 3201 5069 3197 5070 3203 11074 3202 5071 3198 5072 3204 5084 3203 5073 3198 5065 3199 5064 3205 5074 3199 5067 3200 5066 3206 5076 3201 5078 3207 5089 3206 5079 3196 5080 3202 5091 3207 5081 3202 5071 3203 11074 3209 5082 3204 5084 3210 5095 3209 5085 3205 5074 3211 5097 3210 5086 3205 5077 3206 5076 3212 5087 3207 5089 3213 5101 3212 5090 3202 5091 3208 5103 3213 5092 3208 5083 3209 5082 3215 5093 3210 5095 3216 5107 3215 5096 3211 5097 3217 5109 3216 5098 3211 5088 3212 5087 3218 5099 3213 5101 3219 5112 3218 5102 3208 5103 3214 11075 3219 5104 3214 5094 3215 5093 3221 5105 3216 5107 3222 5118 3221 5108 3217 5109 3223 5120 3222 5110 3218 5099 3224 11076 3223 5111 3219 5112 3225 5124 3224 5113 3219 5104 3214 11075 3220 5114 3220 5106 3221 5105 3227 5116 3222 5118 3228 5129 3227 5119 3223 5120 3229 5131 3228 5121 3223 5111 3224 11076 3230 5122 3225 5124 3231 5135 3230 5125 3220 5114 3226 5137 3231 5126 3226 5117 3227 5116 3233 5127 3228 5129 3234 5140 3233 5130 3229 5131 3235 11077 3234 5132 3229 5123 3230 5122 3236 5133 3231 5135 3237 5145 3236 5136 3226 5137 3232 11078 3237 5138 3233 5127 3239 11079 3238 5139 3234 5140 3240 5151 3239 5141 3234 5132 3235 11077 3241 5142 3236 5133 3242 11080 3241 5144 3237 5145 3243 5156 3242 5146 3237 5138 3232 11078 3238 5147 3238 5139 3239 11079 3245 5149 3240 5151 3246 5161 3245 5152 3241 5142 3247 5163 3246 5153 3241 5144 3242 11080 3248 5154 3243 5156 3249 5167 3248 5157 3238 5147 3244 5169 3249 5158 3244 5150 3245 5149 3251 5159 3246 5161 3252 5173 3251 5162 3247 5163 3253 5175 3252 5164 3247 5155 3248 5154 3254 5165 3249 5167 3255 5179 3254 5168 3244 5169 3250 5181 3255 5170 3250 5160 3251 5159 3257 5171 3252 5173 3258 5184 3257 5174 3253 5175 3259 11081 3258 5176 3253 5166 3254 5165 3260 5177 3255 5179 3261 5190 3260 5180 3250 5181 3256 5192 3261 5182 3257 5171 3263 5194 3262 5183 3258 5184 3264 5196 3263 5185 3258 5176 3259 11081 3265 5186 3259 5178 3260 5177 3266 5188 3261 5190 3267 5201 3266 5191 3256 5192 3262 11082 3267 5193 3263 5194 3269 11083 3268 5195 3264 5196 3270 5207 3269 5197 3264 5187 3265 5186 3271 5198 3266 5188 3272 11084 3271 5200 3267 5201 3273 5212 3272 5202 3267 5193 3262 11082 3268 5203 3268 5195 3269 11083 3275 5205 3270 5207 3276 5217 3275 5208 3271 5198 3277 5219 3276 5209 3271 5200 3272 11084 3278 5210 3273 5212 3279 5222 3278 5213 3268 5203 3274 11085 3279 5214 3274 5206 3275 5205 3281 5215 3276 5217 3282 5227 3281 5218 3277 5219 3283 11086 3282 5220 3278 5210 3284 5231 3283 5221 3279 5222 3285 5233 3284 5223 3279 5214 3274 11085 3280 5224 3281 5215 3287 5237 3286 5226 3282 5227 3288 5239 3287 5228 3282 5220 3283 11086 3289 5229 3284 5231 3290 5243 3289 5232 3285 5233 3291 5245 3290 5234 3285 5225 3280 5224 3286 5235 3287 5237 3293 5249 3292 5238 3288 5239 3294 5251 3293 5240 3288 5230 3289 5229 3295 5241 3290 5243 3296 5255 3295 5244 3291 5245 3297 5257 3296 5246 3291 5236 3286 5235 3292 5247 3293 5249 3299 11087 3298 5250 3294 5251 3300 5263 3299 5252 3294 5242 3295 5241 3301 5253 3296 5255 3302 11088 3301 5256 3297 5257 3303 5268 3302 5258 3297 5248 3292 5247 3298 5259 3298 5250 3299 11087 3305 5261 3300 5263 3306 5272 3305 5264 3301 5253 3307 11089 3306 5265 3301 5256 3302 11088 3308 5266 3303 5268 3309 4729 3308 5269 3298 5259 3304 11090 3309 5270 3305 5261 3311 5280 3310 5271 3306 5272 3312 5281 3311 5273 3306 5265 3307 11089 3313 5274 3308 5266 3314 5283 3313 5276 3309 4729 3315 5284 3314 5277 3309 5270 3304 11090 3310 5278 3311 5280 3125 4931 3124 4933 3312 5281 3126 4934 3125 4936 3312 5275 3313 5274 3127 5282 3314 5283 3128 11063 3127 4940 3315 5284 3129 4943 3128 4945 3315 5279 3310 5278 3124 4946 3317 5285 3319 5285 3318 5285 3319 1377 3321 1377 3320 1377 3321 5286 3323 11091 3322 5287 3323 5289 3325 7086 3324 5290 3321 3485 3319 11092 3325 5292 3319 11092 3317 11093 3325 5292 3317 11093 3327 11094 3325 5292 3324 1358 3325 1358 3327 1358 3327 5293 3317 5293 3316 5293 3326 3479 3316 3479 3318 3479 3318 3479 3320 3479 3322 3479 3322 3479 3324 3479 3326 3479 3329 5294 3331 11095 3330 5295 3330 5297 3331 11096 3333 5298 3333 5300 3335 11097 3334 5301 3335 5303 3337 11098 3336 5304 3333 5308 3331 11099 3337 5306 3331 11099 3329 11100 3337 5306 3329 11100 3339 11101 3337 5306 3337 5309 3339 11102 3338 5310 3339 5312 3329 11103 3328 5313 3338 5317 3328 11104 3334 5315 3328 11104 3330 11105 3334 5315 3330 11105 3332 11106 3334 5315 3341 5318 3343 11107 3342 5319 3343 1377 3345 1377 3344 1377 3345 5321 3347 11108 3346 5322 3347 5324 3349 11109 3348 5325 3345 5327 3343 11110 3341 1647 3341 1647 3351 11111 3349 11112 3349 11112 3347 1647 3341 1647 3349 1358 3351 1358 3350 1358 3351 5328 3341 11113 3340 5329 3350 1324 3340 1324 3346 5331 3340 1324 3342 11114 3346 5331 3342 11114 3344 11115 3346 5331 3353 5332 3355 11116 3354 5333 3355 5335 3357 11117 3356 5336 3357 5338 3359 11118 3358 5339 3359 5341 3361 11119 3360 5342 3357 5345 3355 11120 3353 5346 3353 5346 3363 11121 3361 11122 3361 11122 3359 5344 3353 5346 3360 5347 3361 11123 3363 5348 3363 5350 3353 11124 3352 5351 3362 5355 3352 5416 3354 5353 3354 5353 3356 11125 3358 5354 3358 5354 3360 11126 3362 5355 3365 5356 3367 11127 3366 5357 3367 1377 3369 1377 3368 1377 3369 5358 3371 5358 3370 5285 3371 5359 3373 5359 3372 5293 3369 3479 3367 11128 3373 5360 3367 11128 3365 11129 3373 5360 3365 11129 3375 11130 3373 5360 3372 5361 3373 1358 3375 5362 3375 5364 3365 11131 3364 5365 3374 3485 3364 3485 3366 3485 3366 3485 3368 3485 3374 3485 3368 3485 3370 3485 3374 3485 3376 5367 3377 11132 3379 5368 3379 5370 3381 1377 3380 5371 3380 5373 3381 11133 3383 5374 3383 5376 3385 11134 3384 5377 3381 5380 3379 11135 3377 5381 3377 5381 3387 11136 3385 11137 3385 11137 3383 5379 3377 5381 3384 5382 3385 11138 3387 5383 3387 5384 3377 11139 3376 5385 3386 5389 3376 11140 3382 5387 3376 11140 3378 11141 3382 5387 3378 11141 3380 11142 3382 5387 3389 5390 3391 5390 3390 5391 3391 1377 3393 1377 3392 1377 3393 5392 3395 5392 3394 5393 3395 5394 3397 11143 3396 5395 3393 1324 3391 11144 3397 5397 3391 11144 3389 11145 3397 5397 3389 11145 3399 11146 3397 5397 3397 1358 3399 1358 3398 1358 3399 5398 3389 11147 3388 5399 3398 5401 3388 1647 3390 1647 3390 1647 3392 1647 3398 5401 3392 1647 3394 5401 3398 5401 3400 5403 3401 11148 3403 5404 3402 5406 3403 11149 3405 5407 3404 5409 3405 11150 3407 5410 3407 5412 3409 11151 3408 5413 3405 5417 3403 11152 3409 5415 3403 11152 3401 11153 3409 5415 3401 11153 3411 11154 3409 5415 3409 5418 3411 1358 3410 5419 3411 5421 3401 11155 3400 5422 3410 5425 3400 11156 3402 5426 3402 5426 3404 11157 3406 11158 3406 11158 3408 5424 3402 5426 3413 5427 3415 5430 3414 5428 3415 5430 3417 5432 3416 5431 3417 5432 3419 11159 3418 5433 3418 5433 3419 11159 3421 5434 3421 5434 3423 5437 3422 5436 3423 5437 3425 5439 3424 5438 3425 5439 3427 5441 3426 5440 3427 5441 3429 5443 3428 5442 3429 5443 3431 5445 3430 5444 3431 5445 3433 5447 3432 5446 3433 5447 3435 5449 3434 5448 3435 5449 3437 5451 3436 5450 3437 5451 3439 5453 3438 5452 3439 5453 3441 5457 3440 5454 3417 1377 3415 1377 3413 1377 3413 1377 3443 1377 3441 5455 3441 5455 3439 11160 3437 1377 3437 1377 3435 11161 3433 5456 3433 5456 3431 1377 3429 1377 3429 1377 3427 1377 3425 11162 3425 11162 3423 11163 3421 11164 3421 11164 3419 1377 3417 1377 3417 1377 3413 1377 3441 5455 3441 5455 3437 1377 3433 5456 3433 5456 3429 1377 3425 11162 3425 11162 3421 11164 3433 5456 3421 11164 3417 1377 3433 5456 3441 5457 3443 5459 3442 5458 3443 5459 3413 5427 3412 5429 3442 1358 3412 1358 3414 1358 3414 1358 3416 1358 3442 1358 3416 1358 3418 1358 3442 1358 3418 1358 3420 1358 3422 1358 3422 1358 3424 1358 3418 1358 3424 1358 3426 1358 3418 1358 3426 1358 3428 1358 3430 1358 3430 1358 3432 1358 3426 1358 3432 1358 3434 1358 3426 1358 3434 1358 3436 1358 3438 1358 3438 1358 3440 1358 3434 1358 3440 1358 3442 1358 3434 1358 3442 1358 3418 1358 3426 1358 4101 6443 4107 6461 4106 6444 4102 6446 4108 6463 4107 6447 4102 6449 4103 6755 4109 6450 4104 6452 4110 6467 4109 6453 4105 6455 4111 6469 4110 6456 4105 6458 4100 11250 4106 6459 4107 6461 4113 6473 4112 6462 4108 6463 4114 6475 4113 6464 4108 6451 4109 6450 4115 6465 4110 6467 4116 6479 4115 6468 4111 6469 4117 6481 4116 6470 4111 6460 4106 6459 4112 6471 4113 6473 4119 6485 4118 6474 4114 6475 4120 6487 4119 6476 4114 6466 4115 6465 4121 6477 4116 6479 4122 6491 4121 6480 4117 6481 4123 6493 4122 6482 4117 6472 4112 6471 4118 6483 4119 6485 4125 11251 4124 6486 4120 6487 4126 6499 4125 6488 4120 6478 4121 6477 4127 6489 4122 6491 4128 6502 4127 6492 4123 6493 4129 6503 4128 6494 4123 6484 4118 6483 4124 6495 4124 6486 4125 11251 4131 6497 4126 6499 4132 6507 4131 6500 4127 6489 4133 6509 4132 6501 4128 6502 4134 11053 4133 4619 4129 6503 4135 6511 4134 4621 4129 6496 4124 6495 4130 6504 4130 6498 4131 6497 4137 6505 4132 6507 4138 6515 4137 6508 4133 6509 4139 6517 4138 6510 4133 4619 4134 11053 4140 4630 4135 6511 4141 6519 4140 6512 4130 6504 4136 4645 4141 4634 4136 6506 4137 6505 4143 6513 4138 6515 4144 6522 4143 6516 4139 6517 4145 6523 4144 6518 4139 4631 4140 4630 4146 4641 4141 6519 4147 6525 4146 6520 4136 4645 4142 4657 4147 4646 4142 6514 4143 6513 4149 6521 4144 6522 4150 4660 4149 4650 4145 6523 4151 11054 4150 6524 4145 4642 4146 4641 4152 4653 4147 6525 4153 6531 4152 6526 4142 4657 4148 11055 4153 4658 4149 6521 4155 6533 4154 6527 4150 4660 4156 6535 4155 6528 4150 6524 4151 11054 4157 6529 4152 4653 4158 4675 4157 4664 4153 6531 4159 6539 4158 6532 4153 4658 4148 11055 4154 4667 4155 6533 4161 6541 4160 6534 4156 6535 4162 6543 4161 6536 4156 6530 4157 6529 4163 6537 4158 4675 4164 4687 4163 4676 4159 6539 4165 6548 4164 6540 4159 4668 4154 4667 4160 4679 4161 6541 4167 6551 4166 6542 4162 6543 4168 6553 4167 6544 4162 6538 4163 6537 4169 6545 4164 4687 4170 11056 4169 6547 4165 6548 4171 6559 4170 6549 4165 4680 4160 4679 4166 6550 4167 6551 4173 11252 4172 6552 4168 6553 4174 6564 4173 6554 4168 6546 4169 6545 4175 6555 4169 6547 4170 11056 4176 6557 4171 6559 4177 6569 4176 6560 4166 6550 4172 6571 4177 6561 4172 6552 4173 11252 4179 6562 4174 6564 4180 6575 4179 6565 4175 6555 4181 6577 4180 6566 4175 6558 4176 6557 4182 6567 4177 6569 4183 6581 4182 6570 4172 6571 4178 6583 4183 6572 4178 6563 4179 6562 4185 6573 4180 6575 4186 6587 4185 6576 4181 6577 4187 6589 4186 6578 4181 6568 4182 6567 4188 6579 4183 6581 4189 6593 4188 6582 4178 6583 4184 6595 4189 6584 4184 6574 4185 6573 4191 6585 4186 6587 4192 6599 4191 6588 4187 6589 4193 6601 4192 6590 4187 6580 4188 6579 4194 6591 4189 6593 4195 6605 4194 6594 4184 6595 4190 6607 4195 6596 4190 6586 4191 6585 4197 6597 4192 6599 4198 6611 4197 6600 4193 6601 4199 6613 4198 6602 4193 6592 4194 6591 4200 6603 4195 6605 4201 6616 4200 6606 4190 6607 4196 11253 4201 6608 4196 6598 4197 6597 4203 6609 4198 6611 4204 6621 4203 6612 4199 6613 4205 11254 4204 6614 4200 6603 4206 6625 4205 6615 4201 6616 4207 6627 4206 6617 4201 6608 4196 11253 4202 6618 4203 6609 4209 6631 4208 6620 4204 6621 4210 6481 4209 6622 4204 6614 4205 11254 4211 6623 4206 6625 4212 6636 4211 6626 4207 6627 4213 6638 4212 6628 4207 6619 4202 6618 4208 6629 4209 6631 4215 6642 4214 6632 4210 6481 4216 6644 4215 6633 4210 6624 4211 6623 4217 6634 4212 6636 4218 6648 4217 6637 4213 6638 4219 6650 4218 6639 4213 6630 4208 6629 4214 6640 4215 6642 4221 6654 4220 6643 4216 6644 4222 6656 4221 6645 4216 6635 4217 6634 4223 6646 4218 6648 4224 6660 4223 6649 4219 6650 4225 6662 4224 6651 4219 6641 4214 6640 4220 6652 4221 6654 4227 6664 4226 6655 4222 6656 4228 6666 4227 6657 4222 6647 4223 6646 4229 6658 4224 6660 4230 4815 4229 6661 4225 6662 4231 4817 4230 6663 4225 6653 4220 6652 4226 4807 4227 6664 4233 6671 4232 6665 4228 6666 4234 6673 4233 6667 4228 6659 4229 6658 4235 6668 4230 4815 4236 4827 4235 4816 4231 4817 4237 817 4236 6670 4231 4808 4226 4807 4232 4819 4233 6671 4239 6678 4238 6672 4234 6673 4240 6680 4239 6674 4234 6669 4235 6668 4241 6675 4236 4827 4242 4839 4241 4828 4237 817 4243 6682 4242 6677 4237 4820 4232 4819 4238 4831 4239 6678 4245 11060 4244 6679 4240 6680 4246 4847 4245 4836 4240 6676 4241 6675 4247 6681 4242 4839 4248 11061 4247 4840 4243 6682 4249 6688 4248 6683 4243 4832 4238 4831 4244 4843 4244 6679 4245 11060 4251 6684 4246 4847 4252 6692 4251 6686 4247 6681 4253 6694 4252 6687 4247 4840 4248 11061 4254 4850 4249 6688 4255 6696 4254 6689 4244 4843 4250 4865 4255 4854 4250 6685 4251 6684 4257 6690 4252 6692 4258 6700 4257 6693 4253 6694 4259 6702 4258 6695 4253 4851 4254 4850 4260 4861 4255 6696 4261 1379 4260 6697 4250 4865 4256 4877 4261 4866 4256 6691 4257 6690 4263 6698 4258 6700 4264 6708 4263 6701 4259 6702 4265 6710 4264 6703 4259 4862 4260 4861 4266 4873 4261 1379 4267 6714 4266 6705 4256 4877 4262 6716 4267 4878 4262 6699 4263 6698 4269 6706 4264 6708 4270 6720 4269 6709 4265 6710 4271 6722 4270 6711 4265 6704 4266 4873 4272 6712 4267 6714 4273 6726 4272 6715 4262 6716 4268 6728 4273 6717 4268 6707 4269 6706 4275 6718 4270 6720 4276 6732 4275 6721 4271 6722 4277 6734 4276 6723 4271 6713 4272 6712 4278 6724 4273 6726 4279 6738 4278 6727 4268 6728 4274 6740 4279 6729 4274 6719 4275 6718 4281 6730 4276 6732 4282 6744 4281 6733 4277 6734 4283 6746 4282 6735 4277 6725 4278 6724 4284 6736 4279 6738 4285 6750 4284 6739 4274 6740 4280 6752 4285 6741 4280 6731 4281 6730 4287 6742 4282 6744 4288 6754 4287 6745 4283 6746 4289 11255 4288 6747 4283 6737 4284 6736 4290 6748 4285 6750 4291 6756 4290 6751 4280 6752 4286 6757 4291 6753 4287 6742 4101 6443 4100 6445 4288 6754 4102 6446 4101 6448 4288 6747 4289 11255 4103 6755 4289 6749 4290 6748 4104 6452 4291 6756 4105 6455 4104 6457 4286 6757 4100 11250 4105 6458 4293 6758 4299 6775 4298 6759 4294 6761 4300 6777 4299 6762 4294 6764 4295 7080 4301 6765 4295 6767 4296 11063 4302 6768 4297 6770 4303 6782 4302 6771 4292 6773 4298 11256 4303 6774 4299 6775 4305 6786 4304 6776 4300 6777 4306 6788 4305 6778 4300 6766 4301 6765 4307 6779 4302 6768 4308 6792 4307 6781 4303 6782 4309 6794 4308 6783 4303 6774 4298 11256 4304 6784 4305 6786 4311 11257 4310 6787 4306 6788 4312 6800 4311 6789 4306 6780 4307 6779 4313 6790 4308 6792 4314 6803 4313 6793 4309 6794 4315 6805 4314 6795 4309 6785 4304 6784 4310 6796 4310 6787 4311 11257 4317 6798 4312 6800 4318 6811 4317 6801 4313 6790 4319 6813 4318 6802 4314 6803 4320 6815 4319 6804 4315 6805 4321 6817 4320 6806 4315 6797 4310 6796 4316 6807 4316 6799 4317 6798 4323 6809 4318 6811 4324 6822 4323 6812 4319 6813 4325 11258 4324 6814 4320 6815 4326 11259 4325 6816 4321 6817 4327 5162 4326 6818 4321 6808 4316 6807 4322 6819 4323 6809 4329 6830 4328 6821 4324 6822 4330 6832 4329 6823 4324 6814 4325 11258 4331 6824 4325 6816 4326 11259 4332 6826 4327 5162 4333 6836 4332 6828 4322 6819 4328 11260 4333 6829 4329 6830 4335 6838 4334 6831 4330 6832 4336 6840 4335 6833 4330 6825 4331 6824 4337 6834 4332 6826 4338 5022 4337 5011 4333 6836 4339 6843 4338 6837 4333 6829 4328 11260 4334 5014 4335 6838 4341 11069 4340 6839 4336 6840 4342 6847 4341 6841 4336 6835 4337 6834 4343 6842 4338 5022 4344 11070 4343 5023 4339 6843 4345 6850 4344 6844 4339 5015 4334 5014 4340 5026 4340 6839 4341 11069 4347 6845 4342 6847 4348 6854 4347 6848 4343 6842 4349 6856 4348 6849 4343 5023 4344 11070 4350 5033 4345 6850 4351 6860 4350 6851 4340 5026 4346 5048 4351 5037 4346 6846 4347 6845 4353 6852 4348 6854 4354 6865 4353 6855 4349 6856 4355 6867 4354 6857 4349 5034 4350 5033 4356 6858 4351 6860 4357 6870 4356 6861 4346 5048 4352 11261 4357 6862 4352 6853 4353 6852 4359 6863 4354 6865 4360 6875 4359 6866 4355 6867 4361 11262 4360 6868 4356 6858 4362 11263 4361 6869 4357 6870 4363 6881 4362 6871 4357 6862 4352 11261 4358 6872 4359 6863 4365 6884 4364 6874 4360 6875 4366 6886 4365 6876 4360 6868 4361 11262 4367 6877 4361 6869 4362 11263 4368 6879 4363 6881 4369 6892 4368 6882 4358 6872 4364 6894 4369 6883 4365 6884 4371 11264 4370 6885 4366 6886 4372 6898 4371 6887 4366 6878 4367 6877 4373 6888 4367 6880 4368 6879 4374 6890 4369 6892 4375 6903 4374 6893 4364 6894 4370 6905 4375 6895 4370 6885 4371 11264 4377 6896 4372 6898 4378 6909 4377 6899 4373 6888 4379 6911 4378 6900 4373 6891 4374 6890 4380 6901 4375 6903 4381 6744 4380 6904 4370 6905 4376 6916 4381 6906 4376 6897 4377 6896 4383 6907 4378 6909 4384 6920 4383 6910 4379 6911 4385 6922 4384 6912 4379 6902 4380 6901 4386 6913 4381 6744 4387 6925 4386 6915 4376 6916 4382 11265 4387 6917 4382 6908 4383 6907 4389 6918 4384 6920 4390 6930 4389 6921 4385 6922 4391 6932 4390 6923 4386 6913 4392 11076 4391 6924 4387 6925 4393 6936 4392 6926 4387 6917 4382 11265 4388 6927 4388 6919 4389 6918 4395 6928 4390 6930 4396 6941 4395 6931 4391 6932 4397 6943 4396 6933 4391 6924 4392 11076 4398 6934 4393 6936 4399 6947 4398 6937 4388 6927 4394 6949 4399 6938 4394 6929 4395 6928 4401 6939 4396 6941 4402 6952 4401 6942 4397 6943 4403 11266 4402 6944 4397 6935 4398 6934 4404 6945 4399 6947 4405 6957 4404 6948 4394 6949 4400 11267 4405 6950 4401 6939 4407 11268 4406 6951 4402 6952 4408 6963 4407 6953 4402 6944 4403 11266 4409 6954 4404 6945 4410 11269 4409 6956 4405 6957 4411 6968 4410 6958 4405 6950 4400 11267 4406 6959 4406 6951 4407 11268 4413 6961 4408 6963 4414 4610 4413 6964 4409 6954 4415 6974 4414 6965 4409 6956 4410 11269 4416 6966 4411 6968 4417 5167 4416 6969 4406 6959 4412 6979 4417 6970 4412 6962 4413 6961 4419 6971 4414 4610 4420 6983 4419 6973 4415 6974 4421 6985 4420 6975 4415 6967 4416 6966 4422 6976 4417 5167 4423 6989 4422 6978 4412 6979 4418 6991 4423 6980 4418 6972 4419 6971 4425 6981 4420 6983 4426 6994 4425 6984 4421 6985 4427 11270 4426 6986 4421 6977 4422 6976 4428 6987 4423 6989 4429 6998 4428 6990 4418 6991 4424 7000 4429 6992 4425 6981 4431 7001 4430 6993 4426 6994 4432 7003 4431 6995 4426 6986 4427 11270 4433 6996 4427 6988 4428 6987 4434 5188 4429 6998 4435 7006 4434 6999 4424 7000 4430 11082 4435 5193 4431 7001 4437 11083 4436 7002 4432 7003 4438 7010 4437 7004 4432 6997 4433 6996 4439 7005 4434 5188 4440 11084 4439 5200 4435 7006 4441 7013 4440 7007 4435 5193 4430 11082 4436 5203 4436 7002 4437 11083 4443 7008 4438 7010 4444 7017 4443 7011 4439 7005 4445 7019 4444 7012 4439 5200 4440 11084 4446 5210 4441 7013 4447 7022 4446 7014 4436 5203 4442 11085 4447 5214 4442 7009 4443 7008 4449 7015 4444 7017 4450 7027 4449 7018 4445 7019 4451 11271 4450 7020 4446 5210 4452 7031 4451 7021 4447 7022 4453 7033 4452 7023 4447 5214 4442 11085 4448 7024 4449 7015 4455 7037 4454 7026 4450 7027 4456 7039 4455 7028 4450 7020 4451 11271 4457 7029 4452 7031 4458 7043 4457 7032 4453 7033 4459 7045 4458 7034 4453 7025 4448 7024 4454 7035 4455 7037 4461 7048 4460 7038 4456 7039 4462 7050 4461 7040 4456 7030 4457 7029 4463 7041 4458 7043 4464 7054 4463 7044 4459 7045 4465 7056 4464 6876 4459 7036 4454 7035 4460 7046 4461 7048 4467 11272 4466 7049 4462 7050 4468 7062 4467 7051 4462 7042 4463 7041 4469 7052 4464 7054 4470 11273 4469 7055 4465 7056 4471 7067 4470 7057 4465 7047 4460 7046 4466 7058 4466 7049 4467 11272 4473 7060 4468 7062 4474 7071 4473 7063 4469 7052 4475 11274 4474 7064 4469 7055 4470 11273 4476 7065 4471 7067 4477 4923 4476 7068 4466 7058 4472 11275 4477 7069 4473 7060 4479 7078 4478 7070 4474 7071 4480 7079 4479 4918 4474 7064 4475 11274 4481 7072 4476 7065 4482 7081 4481 7074 4477 4923 4483 7082 4482 7075 4477 7069 4472 11275 4478 7076 4479 7078 4293 6758 4292 6760 4480 7079 4294 6761 4293 6763 4480 7073 4481 7072 4295 7080 4482 7081 4296 11063 4295 6767 4483 7082 4297 6770 4296 6772 4483 7077 4478 7076 4292 6773 4485 5285 4487 11276 4486 5285 4487 1377 4489 1377 4488 1377 4489 7083 4491 11277 4490 7084 4491 7085 4493 11278 4492 7086 4489 3485 4487 11092 4493 5292 4487 11092 4485 11093 4493 5292 4485 11093 4495 11094 4493 5292 4492 1358 4493 1358 4495 1358 4495 5293 4485 11279 4484 5293 4494 3479 4484 3479 4486 3479 4486 3479 4488 3479 4490 3479 4490 3479 4492 3479 4494 3479 4497 7088 4499 11280 4498 7089 4498 7091 4499 11096 4501 5298 4501 7092 4503 11281 4502 7093 4502 7095 4503 11282 4505 7096 4501 5308 4499 11283 4505 7098 4499 11283 4497 11284 4505 7098 4497 11284 4507 11101 4505 7098 4505 7099 4507 11102 4506 7100 4506 7102 4507 11285 4497 7103 4506 7107 4496 11286 4498 7105 4498 7105 4500 11287 4502 7106 4502 7106 4504 11288 4506 7107 4509 5318 4511 11107 4510 5319 4511 1377 4513 1377 4512 1377 4513 5321 4515 11108 4514 5322 4515 5324 4517 11109 4516 5325 4513 7108 4511 11289 4509 1647 4509 1647 4519 11290 4517 11291 4517 11291 4515 1647 4509 1647 4517 1358 4519 1358 4518 1358 4519 5328 4509 11113 4508 5329 4518 1324 4508 1324 4514 7109 4508 1324 4510 11292 4514 7109 4510 11292 4512 11293 4514 7109 4521 7110 4523 11116 4522 7111 4523 7113 4525 11117 4524 7114 4525 7116 4527 11294 4526 7117 4527 7119 4529 11295 4528 7120 4525 7123 4523 11296 4521 7124 4521 7124 4531 11297 4529 11298 4529 11298 4527 7122 4521 7124 4528 7125 4529 11123 4531 7126 4531 7127 4521 11299 4520 7128 4530 7132 4520 1522 4526 7130 4520 1522 4522 11300 4526 7130 4522 11300 4524 11301 4526 7130 4533 7133 4535 11302 4534 7134 4535 1377 4537 1377 4536 1377 4537 7135 4539 7135 4538 5285 4539 7136 4541 7136 4540 5293 4537 3479 4535 11128 4541 5360 4535 11128 4533 11129 4541 5360 4533 11129 4543 11130 4541 5360 4540 5361 4541 1358 4543 5362 4543 7137 4533 11303 4532 5365 4542 3485 4532 3485 4534 3485 4534 3485 4536 3485 4542 3485 4536 3485 4538 3485 4542 3485 4544 5367 4545 11304 4547 7138 4547 7139 4549 1377 4548 7140 4548 7142 4549 11305 4551 7143 4551 7145 4553 11306 4552 7146 4549 7148 4547 11135 4545 6499 4545 6499 4555 11136 4553 11307 4553 11307 4551 1468 4545 6499 4553 7149 4555 11308 4554 7150 4555 7152 4545 11309 4544 7153 4554 7156 4544 1554 4550 7154 4544 1554 4546 11310 4550 7154 4546 11310 4548 11311 4550 7154 4557 5390 4559 5390 4558 5391 4559 1377 4561 1377 4560 1377 4561 5392 4563 5392 4562 5393 4563 5394 4565 11143 4564 5395 4561 1324 4559 11312 4565 7157 4559 11312 4557 11313 4565 7157 4557 11313 4567 11314 4565 7157 4565 1358 4567 1358 4566 1358 4567 5398 4557 11147 4556 5399 4566 7160 4556 1647 4558 1647 4558 1647 4560 1647 4566 7160 4560 1647 4562 7158 4566 7160 4568 7161 4569 11315 4571 7162 4570 7164 4571 11149 4573 5407 4572 7165 4573 11316 4575 7166 4575 7168 4577 11317 4576 7169 4573 1522 4571 11318 4577 7171 4571 11318 4569 11319 4577 7171 4569 11319 4579 11300 4577 7171 4577 7173 4579 1358 4578 7174 4579 7176 4569 11320 4568 7177 4578 5240 4568 1435 4570 7180 4570 7180 4572 11321 4574 11322 4574 11322 4576 7179 4570 7180 4581 7181 4583 7184 4582 7182 4583 7184 4585 5432 4584 7185 4585 5432 4587 11159 4586 7186 4586 7186 4587 11159 4589 7187 4589 7187 4591 5437 4590 7189 4591 5437 4593 7190 4592 5438 4593 7190 4595 7192 4594 7191 4595 7192 4597 7194 4596 7193 4597 7194 4599 7196 4598 7195 4599 7196 4601 5447 4600 7197 4601 5447 4603 7198 4602 5448 4603 7198 4605 7200 4604 7199 4605 7200 4607 5453 4606 7201 4607 5453 4609 7202 4608 5454 4585 1377 4583 1377 4581 1377 4581 1377 4611 1377 4609 5455 4609 5455 4607 11160 4605 1377 4605 1377 4603 11161 4601 5456 4601 5456 4599 1377 4597 1377 4597 1377 4595 1377 4593 11162 4593 11162 4591 11163 4589 11164 4589 11164 4587 1377 4585 1377 4585 1377 4581 1377 4609 5455 4609 5455 4605 1377 4601 5456 4601 5456 4597 1377 4593 11162 4593 11162 4589 11164 4601 5456 4589 11164 4585 1377 4601 5456 4609 7202 4611 7204 4610 7203 4611 7204 4581 7181 4580 7183 4610 1358 4580 1358 4582 1358 4582 1358 4584 1358 4610 1358 4584 1358 4586 1358 4610 1358 4586 1358 4588 1358 4590 1358 4590 1358 4592 1358 4586 1358 4592 1358 4594 1358 4586 1358 4594 1358 4596 1358 4598 1358 4598 1358 4600 1358 4594 1358 4600 1358 4602 1358 4594 1358 4602 1358 4604 1358 4606 1358 4606 1358 4608 1358 4602 1358 4608 1358 4610 1358 4602 1358 4610 1358 4586 1358 4594 1358 7493 10458 7495 10461 7494 10459 7495 10461 7497 10463 7496 10462 7497 10463 7499 10465 7498 10464 7499 10465 7501 10467 7500 10466 7501 10467 7503 10469 7502 10468 7503 10469 7505 10471 7504 10470 7505 10471 7507 10473 7506 10472 7507 10473 7509 10475 7508 10474 7509 10475 7511 10477 7510 10476 7511 10477 7513 10481 7512 10478 7497 10480 7495 11633 7493 11634 7493 11634 7515 1324 7497 10480 7515 1324 7513 1324 7497 10480 7513 1324 7511 11635 7505 10479 7511 11635 7509 11636 7505 10479 7509 11636 7507 11637 7505 10479 7505 10479 7503 1324 7501 1324 7501 1324 7499 1324 7505 10479 7499 1324 7497 10480 7505 10479 7513 10481 7515 10483 7514 10482 7515 10483 7493 10458 7492 10460 7514 10484 7492 11638 7498 10485 7492 11638 7494 11639 7498 10485 7494 11639 7496 1647 7498 10485 7498 10485 7500 1647 7502 11640 7502 11640 7504 11641 7498 10485 7504 11641 7506 11642 7498 10485 7506 11642 7508 1647 7510 1647 7510 1647 7512 1647 7514 10484 7506 11642 7510 1647 7498 10485 7517 10458 7519 10461 7518 10459 7519 10461 7521 10463 7520 10462 7521 10463 7523 10465 7522 10464 7523 10465 7525 10467 7524 10466 7525 10467 7527 10469 7526 10468 7527 10469 7529 10471 7528 10470 7529 10471 7531 10473 7530 10472 7531 10473 7533 10475 7532 10474 7533 10475 7535 10477 7534 10476 7535 10477 7537 10481 7536 10478 7521 10487 7519 11643 7517 11644 7517 11644 7539 1324 7521 10487 7539 1324 7537 1324 7521 10487 7537 1324 7535 11635 7529 10486 7535 11635 7533 11645 7529 10486 7533 11645 7531 11646 7529 10486 7529 10486 7527 1324 7525 1324 7525 1324 7523 1324 7529 10486 7523 1324 7521 10487 7529 10486 7537 10481 7539 10483 7538 10482 7539 10483 7517 10458 7516 10460 7538 10488 7516 11647 7522 10489 7516 11647 7518 11639 7522 10489 7518 11639 7520 1647 7522 10489 7522 10489 7524 1647 7526 11640 7526 11640 7528 11648 7522 10489 7528 11648 7530 11649 7522 10489 7530 11649 7532 1647 7534 1647 7534 1647 7536 1647 7538 10488 7530 11649 7534 1647 7522 10489 7541 10490 7543 10493 7542 10491 7543 10493 7545 10495 7544 10494 7545 10495 7547 10497 7546 10496 7547 10497 7549 10499 7548 10498 7549 10499 7551 10501 7550 10500 7551 10501 7553 10503 7552 10502 7553 10503 7555 10505 7554 10504 7555 10505 7557 10507 7556 10506 7557 10507 7559 10509 7558 10508 7559 10509 7561 10511 7560 10510 7545 10480 7543 11633 7541 11634 7541 11634 7563 1324 7545 10480 7563 1324 7561 1324 7545 10480 7561 1324 7559 11635 7553 10479 7559 11635 7557 11636 7553 10479 7557 11636 7555 11637 7553 10479 7553 10479 7551 1324 7549 1324 7549 1324 7547 1324 7553 10479 7547 1324 7545 10480 7553 10479 7561 10511 7563 10513 7562 10512 7563 10513 7541 10490 7540 10492 7562 10484 7540 11638 7546 10485 7540 11638 7542 11639 7546 10485 7542 11639 7544 1647 7546 10485 7546 10485 7548 1647 7550 11640 7550 11640 7552 11641 7546 10485 7552 11641 7554 11642 7546 10485 7554 11642 7556 1647 7558 1647 7558 1647 7560 1647 7562 10484 7554 11642 7558 1647 7546 10485 7565 10490 7567 10493 7566 10491 7567 10493 7569 10495 7568 10494 7569 10495 7571 10497 7570 10496 7571 10497 7573 10499 7572 10498 7573 10499 7575 10501 7574 10500 7575 10501 7577 10503 7576 10502 7577 10503 7579 10505 7578 10504 7579 10505 7581 10507 7580 10506 7581 10507 7583 10509 7582 10508 7583 10509 7585 10511 7584 10510 7569 10487 7567 11643 7565 11644 7565 11644 7587 1324 7569 10487 7587 1324 7585 1324 7569 10487 7585 1324 7583 11635 7577 10486 7583 11635 7581 11645 7577 10486 7581 11645 7579 11646 7577 10486 7577 10486 7575 1324 7573 1324 7573 1324 7571 1324 7577 10486 7571 1324 7569 10487 7577 10486 7585 10511 7587 10513 7586 10512 7587 10513 7565 10490 7564 10492 7586 10488 7564 11647 7570 10489 7564 11647 7566 11639 7570 10489 7566 11639 7568 1647 7570 10489 7570 10489 7572 1647 7574 11640 7574 11640 7576 11648 7570 10489 7576 11648 7578 11649 7570 10489 7578 11649 7580 1647 7582 1647 7582 1647 7584 1647 7586 10488 7578 11649 7582 1647 7570 10489</p>
        </triangles>
        <triangles material="aluminium-material" count="352">
          <input semantic="VERTEX" source="#hull-mesh-vertices" offset="0"/>
          <input semantic="NORMAL" source="#hull-mesh-normals" offset="1"/>
          <p>5173 7745 5174 7746 5172 7747 5175 7748 5176 7749 5174 7746 5177 7750 5178 7751 5176 7749 5179 7752 5180 7753 5178 7751 5181 7754 5182 7755 5180 7753 5183 7756 5184 7757 5182 7755 5185 7758 5186 7759 5184 7757 5187 7760 5188 7761 5186 7759 5189 7762 5190 7763 5188 7761 5191 7764 5192 7765 5190 7763 5189 3485 5185 3485 5177 3485 5193 7766 5194 7767 5192 7765 5195 7768 5172 7747 5194 7767 5182 3479 5186 3479 5194 3479 5485 7745 5486 7746 5484 7747 5487 7748 5488 7749 5486 7746 5489 7750 5490 7751 5488 7749 5491 7752 5492 7753 5490 7751 5493 7754 5494 7755 5492 7753 5495 7756 5496 7757 5494 7755 5497 7758 5498 7759 5496 7757 5499 7760 5500 7761 5498 7759 5501 7762 5502 7763 5500 7761 5503 7764 5504 7765 5502 7763 5505 8042 5497 8043 5489 8044 5505 7766 5506 7767 5504 7765 5507 7768 5484 7747 5506 7767 5494 3479 5498 3479 5506 3479 5797 7745 5798 7746 5796 7747 5799 7748 5800 7749 5798 7746 5801 7750 5802 7751 5800 7749 5803 7752 5804 7753 5802 7751 5805 7754 5806 7755 5804 7753 5807 7756 5808 7757 5806 7755 5809 7758 5810 7759 5808 7757 5811 7760 5812 7761 5810 7759 5813 7762 5814 7763 5812 7761 5815 7764 5816 7765 5814 7763 5813 3485 5809 3485 5801 3485 5817 7766 5818 7767 5816 7765 5819 7768 5796 7747 5818 7767 5806 3479 5810 3479 5818 3479 6109 7745 6110 7746 6108 7747 6111 7748 6112 7749 6110 7746 6113 7750 6114 7751 6112 7749 6115 7752 6116 7753 6114 7751 6117 7754 6118 7755 6116 7753 6119 7756 6120 7757 6118 7755 6121 7758 6122 7759 6120 7757 6123 7760 6124 7761 6122 7759 6125 7762 6126 7763 6124 7761 6127 7764 6128 7765 6126 7763 6129 8563 6121 8564 6113 8565 6129 7766 6130 7767 6128 7765 6131 7768 6108 7747 6130 7767 6118 3479 6122 3479 6130 3479 7076 9797 7083 9798 7082 9799 7077 9800 7084 9801 7083 9802 7078 9803 7085 9804 7084 9805 7080 9806 7085 9807 7079 9808 7081 1358 7086 9809 7080 1358 7076 9810 7087 9811 7081 9812 7083 9813 7088 9814 7082 9815 7084 9801 7089 9816 7083 9802 7085 9817 7090 9818 7084 9819 7085 9820 7092 9821 7091 9822 7086 9809 7093 9823 7092 9824 7087 9825 7088 9826 7093 9827 7089 9828 7094 9829 7088 9830 7090 9831 7095 9832 7089 9816 7091 9833 7096 9834 7090 9835 7091 9836 7098 9837 7097 9838 7092 9824 7099 9839 7098 9840 7093 9841 7094 9842 7099 9843 7079 9844 7078 9845 7077 9846 7096 9847 7097 9848 7098 9849 7180 9938 7187 9939 7186 9940 7181 1358 7188 9941 7187 9942 7182 9943 7189 9944 7188 9945 7184 9946 7189 9947 7183 9948 7185 9949 7190 9950 7184 1377 7180 9951 7191 9952 7185 9953 7187 9954 7192 9955 7186 9956 7188 9941 7193 9957 7187 9942 7189 9958 7194 9959 7188 9960 7189 9961 7196 9962 7195 9963 7190 9950 7197 9964 7196 9965 7191 9966 7192 9967 7197 9968 7193 9969 7198 9970 7192 9971 7194 9972 7199 9973 7193 9957 7195 9974 7200 9975 7194 9976 7195 9977 7202 9978 7201 9979 7196 9965 7203 9980 7202 9981 7197 9982 7198 9983 7203 9984 7183 9985 7182 9986 7181 9987 7198 9988 7200 9989 7202 9990 7364 10270 7371 10271 7370 10272 7365 10273 7372 10274 7371 10275 7366 10276 7373 10277 7372 10278 7368 10279 7373 10280 7367 10281 7369 10282 7374 10283 7368 1358 7364 10284 7375 10285 7369 10286 7371 10287 7376 10288 7370 10289 7372 10274 7377 10290 7371 10275 7373 10291 7378 10292 7372 10293 7373 10294 7380 10295 7379 10296 7374 10283 7381 10297 7380 10298 7375 10299 7376 10300 7381 10301 7377 10302 7382 10303 7376 10304 7378 10305 7383 10306 7377 10290 7379 10307 7384 10308 7378 10309 7379 10310 7386 10311 7385 10312 7380 10298 7387 10313 7386 10314 7381 10315 7382 10316 7387 10317 7366 10318 7365 10319 7369 10320 7385 10321 7386 10322 7382 10323 7468 10405 7475 10406 7474 9940 7469 10407 7476 10408 7475 10409 7470 10410 7477 10411 7476 10412 7472 10413 7477 10414 7471 10415 7473 10416 7478 10417 7472 10418 7468 10419 7479 10420 7473 10421 7475 10422 7480 10423 7474 10424 7476 10408 7481 10425 7475 10409 7477 10426 7482 10427 7476 10428 7477 10429 7484 10430 7483 10431 7478 10417 7485 10432 7484 10433 7479 10434 7480 10435 7485 10436 7481 10437 7486 10438 7480 9971 7482 10439 7487 10440 7481 10425 7483 10441 7488 10442 7482 10443 7483 10444 7490 10445 7489 10446 7484 10433 7491 10447 7490 10448 7485 10449 7486 10450 7491 10451 7471 10452 7470 10453 7469 10454 7489 10455 7490 10456 7486 10457 5173 7745 5175 7748 5174 7746 5175 7748 5177 7750 5176 7749 5177 7750 5179 7752 5178 7751 5179 7752 5181 7754 5180 7753 5181 7754 5183 7756 5182 7755 5183 7756 5185 7758 5184 7757 5185 7758 5187 7760 5186 7759 5187 7760 5189 7762 5188 7761 5189 7762 5191 7764 5190 7763 5191 7764 5193 7766 5192 7765 5177 3485 5175 3485 5173 3485 5173 3485 5195 3485 5177 3485 5195 3485 5193 3485 5177 3485 5193 3485 5191 3485 5189 3485 5189 3485 5187 3485 5185 3485 5185 3485 5183 3485 5177 3485 5183 3485 5181 3485 5177 3485 5181 3485 5179 3485 5177 3485 5193 3485 5189 3485 5177 3485 5193 7766 5195 7768 5194 7767 5195 7768 5173 7745 5172 7747 5194 3479 5172 3479 5174 3479 5174 3479 5176 3479 5194 3479 5176 3479 5178 3479 5194 3479 5178 3479 5180 3479 5182 3479 5182 3479 5184 3479 5186 3479 5186 3479 5188 3479 5190 3479 5190 3479 5192 3479 5186 3479 5192 3479 5194 3479 5186 3479 5178 3479 5182 3479 5194 3479 5485 7745 5487 7748 5486 7746 5487 7748 5489 7750 5488 7749 5489 7750 5491 7752 5490 7751 5491 7752 5493 7754 5492 7753 5493 7754 5495 7756 5494 7755 5495 7756 5497 7758 5496 7757 5497 7758 5499 7760 5498 7759 5499 7760 5501 7762 5500 7761 5501 7762 5503 7764 5502 7763 5503 7764 5505 7766 5504 7765 5489 8044 5487 11331 5485 11332 5485 11332 5507 11333 5489 8044 5507 11333 5505 8042 5489 8044 5505 8042 5503 3485 5501 3485 5501 3485 5499 11334 5505 8042 5499 11334 5497 8043 5505 8042 5497 8043 5495 11335 5489 8044 5495 11335 5493 3485 5489 8044 5493 3485 5491 3485 5489 8044 5505 7766 5507 7768 5506 7767 5507 7768 5485 7745 5484 7747 5506 3479 5484 3479 5486 3479 5486 3479 5488 3479 5506 3479 5488 3479 5490 3479 5506 3479 5490 3479 5492 3479 5494 3479 5494 3479 5496 3479 5498 3479 5498 3479 5500 3479 5502 3479 5502 3479 5504 3479 5498 3479 5504 3479 5506 3479 5498 3479 5490 3479 5494 3479 5506 3479 5797 7745 5799 7748 5798 7746 5799 7748 5801 7750 5800 7749 5801 7750 5803 7752 5802 7751 5803 7752 5805 7754 5804 7753 5805 7754 5807 7756 5806 7755 5807 7756 5809 7758 5808 7757 5809 7758 5811 7760 5810 7759 5811 7760 5813 7762 5812 7761 5813 7762 5815 7764 5814 7763 5815 7764 5817 7766 5816 7765 5801 3485 5799 3485 5797 3485 5797 3485 5819 3485 5801 3485 5819 3485 5817 3485 5801 3485 5817 3485 5815 3485 5813 3485 5813 3485 5811 3485 5809 3485 5809 3485 5807 3485 5801 3485 5807 3485 5805 3485 5801 3485 5805 3485 5803 3485 5801 3485 5817 3485 5813 3485 5801 3485 5817 7766 5819 7768 5818 7767 5819 7768 5797 7745 5796 7747 5818 3479 5796 3479 5798 3479 5798 3479 5800 3479 5818 3479 5800 3479 5802 3479 5818 3479 5802 3479 5804 3479 5806 3479 5806 3479 5808 3479 5810 3479 5810 3479 5812 3479 5814 3479 5814 3479 5816 3479 5810 3479 5816 3479 5818 3479 5810 3479 5802 3479 5806 3479 5818 3479 6109 7745 6111 7748 6110 7746 6111 7748 6113 7750 6112 7749 6113 7750 6115 7752 6114 7751 6115 7752 6117 7754 6116 7753 6117 7754 6119 7756 6118 7755 6119 7756 6121 7758 6120 7757 6121 7758 6123 7760 6122 7759 6123 7760 6125 7762 6124 7761 6125 7762 6127 7764 6126 7763 6127 7764 6129 7766 6128 7765 6113 8565 6111 11336 6109 11337 6109 11337 6131 11338 6113 8565 6131 11338 6129 8563 6113 8565 6129 8563 6127 3485 6125 3485 6125 3485 6123 11339 6129 8563 6123 11339 6121 8564 6129 8563 6121 8564 6119 11340 6113 8565 6119 11340 6117 3485 6113 8565 6117 3485 6115 3485 6113 8565 6129 7766 6131 7768 6130 7767 6131 7768 6109 7745 6108 7747 6130 3479 6108 3479 6110 3479 6110 3479 6112 3479 6130 3479 6112 3479 6114 3479 6130 3479 6114 3479 6116 3479 6118 3479 6118 3479 6120 3479 6122 3479 6122 3479 6124 3479 6126 3479 6126 3479 6128 3479 6122 3479 6128 3479 6130 3479 6122 3479 6114 3479 6118 3479 6130 3479 7076 9797 7077 11496 7083 9798 7077 9800 7078 1377 7084 9801 7078 9803 7079 11497 7085 9804 7080 9806 7086 11498 7085 9807 7081 1358 7087 11499 7086 9809 7076 9810 7082 11500 7087 9811 7083 9813 7089 11501 7088 9814 7084 9801 7090 9831 7089 9816 7085 9817 7091 11502 7090 9818 7085 9820 7086 11503 7092 9821 7086 9809 7087 11499 7093 9823 7087 9825 7082 11504 7088 9826 7089 9828 7095 11505 7094 9829 7090 9831 7096 11506 7095 9832 7091 9833 7097 11507 7096 9834 7091 9836 7092 11508 7098 9837 7092 9824 7093 9823 7099 9839 7093 9841 7088 11509 7094 9842 7077 9846 7076 11510 7081 11511 7081 11511 7080 11512 7077 9846 7080 11512 7079 9844 7077 9846 7098 9849 7099 11513 7096 9847 7099 11513 7094 11514 7096 9847 7094 11514 7095 11515 7096 9847 7180 9938 7181 11524 7187 9939 7181 1358 7182 1358 7188 9941 7182 9943 7183 11525 7189 9944 7184 9946 7190 11526 7189 9947 7185 9949 7191 11527 7190 9950 7180 9951 7186 11528 7191 9952 7187 9954 7193 11529 7192 9955 7188 9941 7194 9972 7193 9957 7189 9958 7195 11530 7194 9959 7189 9961 7190 11531 7196 9962 7190 9950 7191 11527 7197 9964 7191 9966 7186 11532 7192 9967 7193 9969 7199 11533 7198 9970 7194 9972 7200 11534 7199 9973 7195 9974 7201 11535 7200 9975 7195 9977 7196 11536 7202 9978 7196 9965 7197 9964 7203 9980 7197 9982 7192 11537 7198 9983 7181 9987 7180 11538 7185 11539 7185 11539 7184 11540 7181 9987 7184 11540 7183 9985 7181 9987 7202 9990 7203 11541 7198 9988 7198 9988 7199 11542 7200 9989 7200 9989 7201 11543 7202 9990 7364 10270 7365 11593 7371 10271 7365 10273 7366 11594 7372 10274 7366 10276 7367 11595 7373 10277 7368 10279 7374 11596 7373 10280 7369 10282 7375 11597 7374 10283 7364 10284 7370 11500 7375 10285 7371 10287 7377 11598 7376 10288 7372 10274 7378 10305 7377 10290 7373 10291 7379 11599 7378 10292 7373 10294 7374 11600 7380 10295 7374 10283 7375 11597 7381 10297 7375 10299 7370 11601 7376 10300 7377 10302 7383 11602 7382 10303 7378 10305 7384 11603 7383 10306 7379 10307 7385 11604 7384 10308 7379 10310 7380 11605 7386 10311 7380 10298 7381 10297 7387 10313 7381 10315 7376 11509 7382 10316 7365 10319 7364 11606 7369 10320 7369 10320 7368 11607 7367 11608 7367 11608 7366 10318 7369 10320 7386 10322 7387 11609 7382 10323 7382 10323 7383 11609 7384 10322 7384 10322 7385 10321 7382 10323 7468 10405 7469 11614 7475 10406 7469 10407 7470 1358 7476 10408 7470 10410 7471 11615 7477 10411 7472 10413 7478 11616 7477 10414 7473 10416 7479 11617 7478 10417 7468 10419 7474 11618 7479 10420 7475 10422 7481 11619 7480 10423 7476 10408 7482 10439 7481 10425 7477 10426 7483 11620 7482 10427 7477 10429 7478 11621 7484 10430 7478 10417 7479 11617 7485 10432 7479 10434 7474 11622 7480 10435 7481 10437 7487 11623 7486 10438 7482 10439 7488 11624 7487 10440 7483 10441 7489 11625 7488 10442 7483 10444 7484 11626 7490 10445 7484 10433 7485 10432 7491 10447 7485 10449 7480 11627 7486 10450 7469 10454 7468 11628 7473 11629 7473 11629 7472 11630 7469 10454 7472 11630 7471 10452 7469 10454 7490 10456 7491 11631 7486 10457 7486 10457 7487 11632 7488 11632 7488 11632 7489 10455 7486 10457</p>
        </triangles>
        <triangles material="bungee-material" count="312">
          <input semantic="VERTEX" source="#hull-mesh-vertices" offset="0"/>
          <input semantic="NORMAL" source="#hull-mesh-normals" offset="1"/>
          <p>6917 9520 6924 9521 6916 9522 6918 9523 6925 9524 6917 9525 6918 9526 6927 9527 6926 9528 6919 9529 6928 9530 6927 9531 6920 9532 6929 9533 6928 9534 6921 9535 6930 9536 6929 9537 6923 9538 6930 9539 6922 9540 6916 9541 6931 9542 6923 9543 6924 9521 6933 9544 6932 9545 6925 9524 6934 9546 6933 9547 6927 9527 6934 9548 6926 9528 6928 9530 6935 9549 6927 9531 6929 9533 6936 9550 6928 9534 6930 9536 6937 9551 6929 9537 6930 9539 6939 9552 6938 9553 6931 9542 6932 9554 6939 9555 6932 9545 6941 9556 6940 9557 6933 9547 6942 9558 6941 9559 6935 9560 6942 9561 6934 9548 6936 9562 6943 9563 6935 9549 6937 9564 6944 9565 6936 9550 6938 9566 6945 9567 6937 9551 6938 9553 6947 9568 6946 9569 6939 9555 6940 9570 6947 9571 6941 9556 6948 9572 6940 9557 6942 9573 6949 9574 6941 9575 6942 9576 6951 9577 6950 9578 6943 9563 6952 9579 6951 9580 6944 9565 6953 9581 6952 9582 6945 9583 6954 9584 6953 9585 6947 9586 6954 9587 6946 9588 6940 9570 6955 9589 6947 9571 6949 9590 6956 9591 6948 9572 6950 9592 6957 9593 6949 9574 6951 9577 6958 9594 6950 9578 6952 9579 6959 9595 6951 9580 6953 9581 6960 9596 6952 9582 6954 9584 6961 9597 6953 9585 6955 9598 6962 9599 6954 9587 6948 9600 6963 9601 6955 9589 6956 9591 6965 9602 6964 9603 6957 9593 6966 9604 6965 9605 6959 9606 6966 9607 6958 9594 6960 9608 6967 9609 6959 9595 6961 9610 6968 9611 6960 9596 6962 9612 6969 9613 6961 9597 6962 9599 6971 9614 6970 9615 6963 9601 6964 9616 6971 9617 6965 9602 6972 9618 6964 9603 6966 9619 6973 9620 6965 9621 6966 9622 6975 9623 6974 9624 6967 9609 6976 9625 6975 9626 6968 9611 6977 9627 6976 9628 6969 9629 6978 9630 6977 9631 6971 9632 6978 9633 6970 9634 6964 9616 6979 9635 6971 9617 6973 9636 6980 9637 6972 9618 6974 9638 6981 9639 6973 9620 6974 9624 6983 9640 6982 9641 6975 9626 6984 9642 6983 9643 6976 9628 6985 9644 6984 9645 6977 9631 6986 9646 6985 9647 6979 9648 6986 9649 6978 9633 6972 9650 6987 9651 6979 9635 6980 9637 6989 9652 6988 9653 6981 9639 6990 9654 6989 9655 6983 9640 6990 9656 6982 9641 6984 9642 6991 9657 6983 9643 6985 9644 6992 9658 6984 9645 6986 9646 6993 9659 6985 9647 6986 9649 6995 9660 6994 9661 6987 9651 6988 9662 6995 9663 6921 9664 6919 9665 6917 9666 6992 9667 6993 9668 6994 9669 7205 9991 7212 9992 7204 9993 7206 9994 7213 9995 7205 9996 7206 9997 7215 9998 7214 9999 7207 10000 7216 10001 7215 10002 7208 10003 7217 10004 7216 10005 7209 10006 7218 10007 7217 10008 7211 10009 7218 10010 7210 10011 7204 10012 7219 10013 7211 10014 7212 9992 7221 10015 7220 10016 7213 9995 7222 10017 7221 10018 7215 9998 7222 10019 7214 9999 7216 10001 7223 10020 7215 10002 7217 10004 7224 10021 7216 10005 7218 10007 7225 10022 7217 10008 7218 10010 7227 10023 7226 10024 7219 10013 7220 10025 7227 10026 7220 10016 7229 10027 7228 9557 7221 10018 7230 10028 7229 10029 7223 10030 7230 10031 7222 10019 7224 10032 7231 10033 7223 10020 7225 10034 7232 10035 7224 10021 7226 10036 7233 10037 7225 10022 7226 10024 7235 10038 7234 10039 7227 10026 7228 10040 7235 10041 7229 10027 7236 10042 7228 9557 7230 10043 7237 10044 7229 10045 7230 10046 7239 10047 7238 10048 7231 10033 7240 10049 7239 10050 7232 10035 7241 10051 7240 10052 7233 10053 7242 10054 7241 10055 7235 10056 7242 10057 7234 10058 7228 10040 7243 10059 7235 10041 7237 10060 7244 10061 7236 10042 7238 10062 7245 10063 7237 10044 7239 10047 7246 10064 7238 10048 7240 10049 7247 10065 7239 10050 7241 10051 7248 10066 7240 10052 7242 10054 7249 10067 7241 10055 7243 10068 7250 10069 7242 10057 7236 10070 7251 10071 7243 10059 7244 10061 7253 10072 7252 10073 7245 10063 7254 10074 7253 10075 7247 10076 7254 10077 7246 10064 7248 10078 7255 10079 7247 10065 7249 10080 7256 10081 7248 10066 7250 10082 7257 10083 7249 10067 7250 10069 7259 10084 7258 10085 7251 10071 7252 10086 7259 10087 7253 10072 7260 10088 7252 10073 7254 10089 7261 10090 7253 10091 7254 10092 7263 10093 7262 10094 7255 10079 7264 10095 7263 10096 7256 10081 7265 10097 7264 10098 7257 10099 7266 10100 7265 10101 7259 10102 7266 10103 7258 9634 7252 10086 7267 10104 7259 10087 7261 10105 7268 10106 7260 10088 7262 10107 7269 10108 7261 10090 7262 10094 7271 10109 7270 10110 7263 10096 7272 10111 7271 10112 7264 10098 7273 10113 7272 10114 7265 10101 7274 10115 7273 10116 7267 10117 7274 10118 7266 10103 7260 10119 7275 10120 7267 10104 7268 10106 7277 10121 7276 10122 7269 10108 7278 10123 7277 10124 7271 10109 7278 10125 7270 10110 7272 10111 7279 10126 7271 10112 7273 10113 7280 10127 7272 10114 7274 10115 7281 10128 7273 10116 7274 10118 7283 10129 7282 10130 7275 10120 7276 10131 7283 10132 7207 10133 7206 10134 7205 10135 7281 10136 7282 10137 7278 10138 6917 9520 6925 11439 6924 9521 6918 9523 6926 11440 6925 9524 6918 9526 6919 11441 6927 9527 6919 9529 6920 11442 6928 9530 6920 9532 6921 11443 6929 9533 6921 9535 6922 11444 6930 9536 6923 9538 6931 11445 6930 9539 6916 9541 6924 11446 6931 9542 6924 9521 6925 11439 6933 9544 6925 9524 6926 11440 6934 9546 6927 9527 6935 9560 6934 9548 6928 9530 6936 9562 6935 9549 6929 9533 6937 9564 6936 9550 6930 9536 6938 9566 6937 9551 6930 9539 6931 11445 6939 9552 6931 9542 6924 11446 6932 9554 6932 9545 6933 9544 6941 9556 6933 9547 6934 9546 6942 9558 6935 9560 6943 11447 6942 9561 6936 9562 6944 11448 6943 9563 6937 9564 6945 11449 6944 9565 6938 9566 6946 11450 6945 9567 6938 9553 6939 9552 6947 9568 6939 9555 6932 9554 6940 9570 6941 9556 6949 9590 6948 9572 6942 9573 6950 9592 6949 9574 6942 9576 6943 11451 6951 9577 6943 9563 6944 11448 6952 9579 6944 9565 6945 11449 6953 9581 6945 9583 6946 11452 6954 9584 6947 9586 6955 9598 6954 9587 6940 9570 6948 9600 6955 9589 6949 9590 6957 11453 6956 9591 6950 9592 6958 11454 6957 9593 6951 9577 6959 9606 6958 9594 6952 9579 6960 9608 6959 9595 6953 9581 6961 9610 6960 9596 6954 9584 6962 9612 6961 9597 6955 9598 6963 11455 6962 9599 6948 9600 6956 11456 6963 9601 6956 9591 6957 11453 6965 9602 6957 9593 6958 11454 6966 9604 6959 9606 6967 11457 6966 9607 6960 9608 6968 11458 6967 9609 6961 9610 6969 11459 6968 9611 6962 9612 6970 11460 6969 9613 6962 9599 6963 11455 6971 9614 6963 9601 6956 11456 6964 9616 6965 9602 6973 9636 6972 9618 6966 9619 6974 9638 6973 9620 6966 9622 6967 11461 6975 9623 6967 9609 6968 11458 6976 9625 6968 9611 6969 11459 6977 9627 6969 9629 6970 11462 6978 9630 6971 9632 6979 9648 6978 9633 6964 9616 6972 9650 6979 9635 6973 9636 6981 11463 6980 9637 6974 9638 6982 11464 6981 9639 6974 9624 6975 9623 6983 9640 6975 9626 6976 9625 6984 9642 6976 9628 6977 9627 6985 9644 6977 9631 6978 9630 6986 9646 6979 9648 6987 11465 6986 9649 6972 9650 6980 11466 6987 9651 6980 9637 6981 11463 6989 9652 6981 9639 6982 11464 6990 9654 6983 9640 6991 11467 6990 9656 6984 9642 6992 11468 6991 9657 6985 9644 6993 11469 6992 9658 6986 9646 6994 11470 6993 9659 6986 9649 6987 11465 6995 9660 6987 9651 6980 11466 6988 9662 6917 9666 6916 11471 6923 11472 6923 11472 6922 11473 6921 9664 6921 9664 6920 11471 6919 9665 6919 9665 6918 11474 6917 9666 6917 9666 6923 11472 6921 9664 6994 9669 6995 11475 6990 11476 6995 11475 6988 11477 6990 11476 6988 11477 6989 11478 6990 11476 6990 11476 6991 11479 6994 9669 6991 11479 6992 9667 6994 9669 7205 9991 7213 11544 7212 9992 7206 9994 7214 11545 7213 9995 7206 9997 7207 11546 7215 9998 7207 10000 7208 11547 7216 10001 7208 10003 7209 11548 7217 10004 7209 10006 7210 11549 7218 10007 7211 10009 7219 11550 7218 10010 7204 10012 7212 11551 7219 10013 7212 9992 7213 11544 7221 10015 7213 9995 7214 11545 7222 10017 7215 9998 7223 10030 7222 10019 7216 10001 7224 10032 7223 10020 7217 10004 7225 10034 7224 10021 7218 10007 7226 10036 7225 10022 7218 10010 7219 11550 7227 10023 7219 10013 7212 11551 7220 10025 7220 10016 7221 10015 7229 10027 7221 10018 7222 10017 7230 10028 7223 10030 7231 11552 7230 10031 7224 10032 7232 11553 7231 10033 7225 10034 7233 11554 7232 10035 7226 10036 7234 11555 7233 10037 7226 10024 7227 10023 7235 10038 7227 10026 7220 10025 7228 10040 7229 10027 7237 10060 7236 10042 7230 10043 7238 10062 7237 10044 7230 10046 7231 11556 7239 10047 7231 10033 7232 11553 7240 10049 7232 10035 7233 11554 7241 10051 7233 10053 7234 11557 7242 10054 7235 10056 7243 10068 7242 10057 7228 10040 7236 10070 7243 10059 7237 10060 7245 11453 7244 10061 7238 10062 7246 11558 7245 10063 7239 10047 7247 10076 7246 10064 7240 10049 7248 10078 7247 10065 7241 10051 7249 10080 7248 10066 7242 10054 7250 10082 7249 10067 7243 10068 7251 11559 7250 10069 7236 10070 7244 11560 7251 10071 7244 10061 7245 11453 7253 10072 7245 10063 7246 11558 7254 10074 7247 10076 7255 11561 7254 10077 7248 10078 7256 11562 7255 10079 7249 10080 7257 11563 7256 10081 7250 10082 7258 11564 7257 10083 7250 10069 7251 11559 7259 10084 7251 10071 7244 11560 7252 10086 7253 10072 7261 10105 7260 10088 7254 10089 7262 10107 7261 10090 7254 10092 7255 11565 7263 10093 7255 10079 7256 11562 7264 10095 7256 10081 7257 11563 7265 10097 7257 10099 7258 11566 7266 10100 7259 10102 7267 10117 7266 10103 7252 10086 7260 10119 7267 10104 7261 10105 7269 11567 7268 10106 7262 10107 7270 11568 7269 10108 7262 10094 7263 10093 7271 10109 7263 10096 7264 10095 7272 10111 7264 10098 7265 10097 7273 10113 7265 10101 7266 10100 7274 10115 7267 10117 7275 11569 7274 10118 7260 10119 7268 11570 7275 10120 7268 10106 7269 11567 7277 10121 7269 10108 7270 11568 7278 10123 7271 10109 7279 11571 7278 10125 7272 10111 7280 11572 7279 10126 7273 10113 7281 11573 7280 10127 7274 10115 7282 11574 7281 10128 7274 10118 7275 11569 7283 10129 7275 10120 7268 11570 7276 10131 7205 10135 7204 11575 7209 10135 7204 11575 7211 10133 7209 10135 7211 10133 7210 10134 7209 10135 7209 10135 7208 11575 7205 10135 7208 11575 7207 10133 7205 10135 7282 10137 7283 11576 7276 11577 7276 11577 7277 11578 7282 10137 7277 11578 7278 10138 7282 10137 7278 10138 7279 11579 7280 11580 7280 11580 7281 10136 7278 10138</p>
        </triangles>
      </mesh>
    </geometry>
  </library_geometries>
  <library_visual_scenes>
    <visual_scene id="Scene" name="Scene">
      <node id="hull" name="hull" type="NODE">
        <matrix sid="transform">1 0 0 0 0 1 0 0 0 0 1 0 0 0 0 1</matrix>
        <instance_geometry url="#hull-mesh" name="hull">
          <bind_material>
            <technique_common>
              <instance_material symbol="olive-material" target="#olive-material"/>
              <instance_material symbol="gunmetal-material" target="#gunmetal-material"/>
              <instance_material symbol="dark_green-material" target="#dark_green-material"/>
              <instance_material symbol="lamp-material" target="#lamp-material"/>
              <instance_material symbol="blade-material" target="#blade-material"/>
              <instance_material symbol="aluminium-material" target="#aluminium-material"/>
              <instance_material symbol="bungee-material" target="#bungee-material"/>
            </technique_common>
          </bind_material>
        </instance_geometry>
      </node>
    </visual_scene>
  </library_visual_scenes>
  <scene>
    <instance_visual_scene url="#Scene"/>
  </scene>
</COLLADA>