<?xml version="1.0" encoding="utf-8"?>
<COLLADA xmlns="http://www.collada.org/2005/11/COLLADASchema" version="1.4.1" xmlns:xsi="http://www.w3.org/2001/XMLSchema-instance">
  <asset>
    <contributor>
      <author>Blender User</author>
      <authoring_tool>Blender 4.2.0 commit date:2024-07-16, commit time:07:50, hash:bf738fd35afe</authoring_tool>
    </contributor>
    <created>2026-09-25T18:34:11</created>
    <modified>2026-09-25T18:34:11</modified>
    <unit name="meter" meter="1"/>
    <up_axis>Z_UP</up_axis>
  </asset>
  <library_effects>
    <effect id="orange-effect">
      <profile_COMMON>
        <technique sid="common">
          <lambert>
            <emission>
              <color sid="emission">0 0 0 1</color>
            </emission>
            <diffuse>
              <color sid="diffuse">1 0.23 0.01 1</color>
            </diffuse>
            <index_of_refraction>
              <float sid="ior">1.5</float>
            </index_of_refraction>
          </lambert>
        </technique>
      </profile_COMMON>
    </effect>
    <effect id="rubber-effect">
      <profile_COMMON>
        <technique sid="common">
          <lambert>
            <emission>
              <color sid="emission">0 0 0 1</color>
            </emission>
            <diffuse>
              <color sid="diffuse">0.012 0.012 0.012 1</color>
            </diffuse>
            <index_of_refraction>
              <float sid="ior">1.5</float>
            </index_of_refraction>
          </lambert>
        </technique>
      </profile_COMMON>
    </effect>
    <effect id="gunmetal-effect">
      <profile_COMMON>
        <technique sid="common">
          <lambert>
            <emission>
              <color sid="emission">0 0 0 1</color>
            </emission>
            <diffuse>
              <color sid="diffuse">0.045 0.047 0.05 1</color>
            </diffuse>
            <reflectivity>
              <float sid="specular">0.7</float>
            </reflectivity>
            <index_of_refraction>
              <float sid="ior">1.5</float>
            </index_of_refraction>
          </lambert>
        </technique>
      </profile_COMMON>
    </effect>
    <effect id="label-effect">
      <profile_COMMON>
        <technique sid="common">
          <lambert>
            <emission>
              <color sid="emission">0 0 0 1</color>
            </emission>
            <diffuse>
              <color sid="diffuse">0.8 0.8 0.78 1</color>
            </diffuse>
            <index_of_refraction>
              <float sid="ior">1.5</float>
            </index_of_refraction>
          </lambert>
        </technique>
      </profile_COMMON>
    </effect>
  </library_effects>
  <library_images/>
  <library_materials>
    <material id="orange-material" name="orange">
      <instance_effect url="#orange-effect"/>
    </material>
    <material id="rubber-material" name="rubber">
      <instance_effect url="#rubber-effect"/>
    </material>
    <material id="gunmetal-material" name="gunmetal">
      <instance_effect url="#gunmetal-effect"/>
    </material>
    <material id="label-material" name="label">
      <instance_effect url="#label-effect"/>
    </material>
  </library_materials>
  <library_geometries>
    <geometry id="payload_box-mesh" name="payload_box">
      <mesh>
        <source id="payload_box-mesh-positions">
          <float_array id="payload_box-mesh-positions-array" count="2736">-0.163 -0.113 0 -0.163 -0.125 0.01199996 -0.175 -0.113 0.01199996 -0.1629999 -0.1189921 0.001603126 -0.1689921 -0.113 0.001603126 -0.1687385 -0.1187385 0.003160357 -0.1689921 -0.1233968 0.01199996 -0.1629999 -0.1233968 0.00600785 -0.1687385 -0.1218396 0.006261408 -0.1733968 -0.113 0.00600785 -0.1733968 -0.1189921 0.01199996 -0.1718395 -0.1187385 0.006261408 -0.163 -0.125 0.148 -0.163 -0.113 0.16 -0.175 -0.113 0.148 -0.1629999 -0.1233968 0.1539921 -0.1689921 -0.1233968 0.148 -0.1687385 -0.1218396 0.1537385 -0.1689921 -0.113 0.1583968 -0.1629999 -0.1189921 0.1583968 -0.1687385 -0.1187385 0.1568396 -0.1733968 -0.1189921 0.148 -0.1733968 -0.113 0.1539921 -0.1718395 -0.1187385 0.1537385 -0.163 0.113 0 -0.175 0.113 0.01199996 -0.163 0.125 0.01199996 -0.1689921 0.113 0.001603126 -0.1629999 0.1189921 0.001603126 -0.1687385 0.1187385 0.003160357 -0.1733968 0.1189921 0.01199996 -0.1733968 0.113 0.00600785 -0.1718395 0.1187385 0.006261408 -0.1629999 0.1233968 0.00600785 -0.1689921 0.1233968 0.01199996 -0.1687385 0.1218396 0.006261408 -0.163 0.113 0.16 -0.163 0.125 0.148 -0.175 0.113 0.148 -0.1629999 0.1189921 0.1583968 -0.1689921 0.113 0.1583968 -0.1687385 0.1187385 0.1568396 -0.1689921 0.1233968 0.148 -0.1629999 0.1233968 0.1539921 -0.1687385 0.1218396 0.1537385 -0.1733968 0.113 0.1539921 -0.1733968 0.1189921 0.148 -0.1718395 0.1187385 0.1537385 0.163 -0.113 0 0.175 -0.113 0.01199996 0.163 -0.125 0.01199996 0.1689921 -0.113 0.001603126 0.1629999 -0.1189921 0.001603126 0.1687385 -0.1187385 0.003160357 0.1733968 -0.1189921 0.01199996 0.1733968 -0.113 0.00600785 0.1718395 -0.1187385 0.006261408 0.1629999 -0.1233968 0.00600785 0.1689921 -0.1233968 0.01199996 0.1687385 -0.1218396 0.006261408 0.163 -0.113 0.16 0.163 -0.125 0.148 0.175 -0.113 0.148 0.1629999 -0.1189921 0.1583968 0.1689921 -0.113 0.1583968 0.1687385 -0.1187385 0.1568396 0.1689921 -0.1233968 0.148 0.1629999 -0.1233968 0.1539921 0.1687385 -0.1218396 0.1537385 0.1733968 -0.113 0.1539921 0.1733968 -0.1189921 0.148 0.1718395 -0.1187385 0.1537385 0.163 0.113 0 0.163 0.125 0.01199996 0.175 0.113 0.01199996 0.1629999 0.1189921 0.001603126 0.1689921 0.113 0.001603126 0.1687385 0.1187385 0.003160357 0.1689921 0.1233968 0.01199996 0.1629999 0.1233968 0.00600785 0.1687385 0.1218396 0.006261408 0.1733968 0.113 0.00600785 0.1733968 0.1189921 0.01199996 0.1718395 0.1187385 0.006261408 0.163 0.113 0.16 0.175 0.113 0.148 0.163 0.125 0.148 0.1689921 0.113 0.1583968 0.1629999 0.1189921 0.1583968 0.1687385 0.1187385 0.1568396 0.1733968 0.1189921 0.148 0.1733968 0.113 0.1539921 0.1718395 0.1187385 0.1537385 0.1629999 0.1233968 0.1539921 0.1689921 0.1233968 0.148 0.1687385 0.1218396 0.1537385 -0.1759999 -0.126 0.16 -0.1759999 -0.126 0.166 -0.1759999 0.126 0.16 -0.1759999 0.126 0.166 0.1759999 -0.126 0.16 0.1759999 -0.126 0.166 0.1759999 0.126 0.16 0.1759999 0.126 0.166 -0.1669999 -0.117 0.166 -0.1669999 -0.127 0.1759999 -0.177 -0.117 0.1759999 -0.1669999 -0.1219934 0.1673359 -0.1719934 -0.117 0.1673359 -0.1717821 -0.1217821 0.1686336 -0.1719934 -0.125664 0.1759999 -0.1669999 -0.125664 0.1710065 -0.1717821 -0.1243663 0.1712179 -0.175664 -0.117 0.1710065 -0.175664 -0.1219934 0.1759999 -0.1743663 -0.1217821 0.1712179 -0.1669999 -0.127 0.19 -0.1669999 -0.117 0.2 -0.177 -0.117 0.19 -0.1669999 -0.125664 0.1949934 -0.1719934 -0.125664 0.19 -0.1717821 -0.1243663 0.1947821 -0.1719934 -0.117 0.198664 -0.1669999 -0.1219934 0.198664 -0.1717821 -0.1217821 0.1973663 -0.175664 -0.1219934 0.19 -0.175664 -0.117 0.1949934 -0.1743663 -0.1217821 0.1947821 -0.1669999 0.117 0.166 -0.177 0.117 0.1759999 -0.1669999 0.127 0.1759999 -0.1719934 0.117 0.1673359 -0.1669999 0.1219934 0.1673359 -0.1717821 0.1217821 0.1686336 -0.175664 0.1219934 0.1759999 -0.175664 0.117 0.1710065 -0.1743663 0.1217821 0.1712179 -0.1669999 0.125664 0.1710065 -0.1719934 0.125664 0.1759999 -0.1717821 0.1243663 0.1712179 -0.1669999 0.117 0.2 -0.1669999 0.127 0.19 -0.177 0.117 0.19 -0.1669999 0.1219934 0.198664 -0.1719934 0.117 0.198664 -0.1717821 0.1217821 0.1973663 -0.1719934 0.125664 0.19 -0.1669999 0.125664 0.1949934 -0.1717821 0.1243663 0.1947821 -0.175664 0.117 0.1949934 -0.175664 0.1219934 0.19 -0.1743663 0.1217821 0.1947821 0.1669999 -0.117 0.166 0.177 -0.117 0.1759999 0.1669999 -0.127 0.1759999 0.1719934 -0.117 0.1673359 0.1669999 -0.1219934 0.1673359 0.1717821 -0.1217821 0.1686336 0.175664 -0.1219934 0.1759999 0.175664 -0.117 0.1710065 0.1743663 -0.1217821 0.1712179 0.1669999 -0.125664 0.1710065 0.1719934 -0.125664 0.1759999 0.1717821 -0.1243663 0.1712179 0.1669999 -0.117 0.2 0.1669999 -0.127 0.19 0.177 -0.117 0.19 0.1669999 -0.1219934 0.198664 0.1719934 -0.117 0.198664 0.1717821 -0.1217821 0.1973663 0.1719934 -0.125664 0.19 0.1669999 -0.125664 0.1949934 0.1717821 -0.1243663 0.1947821 0.175664 -0.117 0.1949934 0.175664 -0.1219934 0.19 0.1743663 -0.1217821 0.1947821 0.1669999 0.117 0.166 0.1669999 0.127 0.1759999 0.177 0.117 0.1759999 0.1669999 0.1219934 0.1673359 0.1719934 0.117 0.1673359 0.1717821 0.1217821 0.1686336 0.1719934 0.125664 0.1759999 0.1669999 0.125664 0.1710065 0.1717821 0.1243663 0.1712179 0.175664 0.117 0.1710065 0.175664 0.1219934 0.1759999 0.1743663 0.1217821 0.1712179 0.1669999 0.117 0.2 0.177 0.117 0.19 0.1669999 0.127 0.19 0.1719934 0.117 0.198664 0.1669999 0.1219934 0.198664 0.1717821 0.1217821 0.1973663 0.175664 0.1219934 0.19 0.175664 0.117 0.1949934 0.1743663 0.1217821 0.1947821 0.1669999 0.125664 0.1949934 0.1719934 0.125664 0.19 0.1717821 0.1243663 0.1947821 -0.143 -0.06399995 0.199 -0.143 -0.06599998 0.201 -0.145 -0.06399995 0.201 -0.143 -0.06499868 0.1992672 -0.1439987 -0.06399995 0.1992672 -0.1439564 -0.06495642 0.1995267 -0.1439987 -0.06573277 0.201 -0.143 -0.06573277 0.2000013 -0.1439564 -0.06547325 0.2000436 -0.1447328 -0.06399995 0.2000013 -0.1447328 -0.06499868 0.201 -0.1444733 -0.06495642 0.2000436 -0.143 -0.06599998 0.203 -0.143 -0.06399995 0.205 -0.145 -0.06399995 0.203 -0.143 -0.06573277 0.2039986 -0.1439987 -0.06573277 0.203 -0.1439564 -0.06547325 0.2039564 -0.1439987 -0.06399995 0.2047328 -0.143 -0.06499868 0.2047328 -0.1439564 -0.06495642 0.2044732 -0.1447328 -0.06499868 0.203 -0.1447328 -0.06399995 0.2039986 -0.1444733 -0.06495642 0.2039564 -0.143 -0.05599999 0.199 -0.145 -0.05599999 0.201 -0.143 -0.05399996 0.201 -0.1439987 -0.05599999 0.1992672 -0.143 -0.05500125 0.1992672 -0.1439564 -0.05504357 0.1995267 -0.1447328 -0.05500125 0.201 -0.1447328 -0.05599999 0.2000013 -0.1444733 -0.05504357 0.2000436 -0.143 -0.05426716 0.2000013 -0.1439987 -0.05426716 0.201 -0.1439564 -0.05452668 0.2000436 -0.143 -0.05599999 0.205 -0.143 -0.05399996 0.203 -0.145 -0.05599999 0.203 -0.143 -0.05500125 0.2047328 -0.1439987 -0.05599999 0.2047328 -0.1439564 -0.05504357 0.2044732 -0.1439987 -0.05426716 0.203 -0.143 -0.05426716 0.2039986 -0.1439564 -0.05452668 0.2039564 -0.1447328 -0.05599999 0.2039986 -0.1447328 -0.05500125 0.203 -0.1444733 -0.05504357 0.2039564 0.143 -0.06399995 0.199 0.145 -0.06399995 0.201 0.143 -0.06599998 0.201 0.1439987 -0.06399995 0.1992672 0.143 -0.06499868 0.1992672 0.1439564 -0.06495642 0.1995267 0.1447328 -0.06499868 0.201 0.1447328 -0.06399995 0.2000013 0.1444733 -0.06495642 0.2000436 0.143 -0.06573277 0.2000013 0.1439987 -0.06573277 0.201 0.1439564 -0.06547325 0.2000436 0.143 -0.06399995 0.205 0.143 -0.06599998 0.203 0.145 -0.06399995 0.203 0.143 -0.06499868 0.2047328 0.1439987 -0.06399995 0.2047328 0.1439564 -0.06495642 0.2044732 0.1439987 -0.06573277 0.203 0.143 -0.06573277 0.2039986 0.1439564 -0.06547325 0.2039564 0.1447328 -0.06399995 0.2039986 0.1447328 -0.06499868 0.203 0.1444733 -0.06495642 0.2039564 0.143 -0.05599999 0.199 0.143 -0.05399996 0.201 0.145 -0.05599999 0.201 0.143 -0.05500125 0.1992672 0.1439987 -0.05599999 0.1992672 0.1439564 -0.05504357 0.1995267 0.1439987 -0.05426716 0.201 0.143 -0.05426716 0.2000013 0.1439564 -0.05452668 0.2000436 0.1447328 -0.05599999 0.2000013 0.1447328 -0.05500125 0.201 0.1444733 -0.05504357 0.2000436 0.143 -0.05599999 0.205 0.145 -0.05599999 0.203 0.143 -0.05399996 0.203 0.1439987 -0.05599999 0.2047328 0.143 -0.05500125 0.2047328 0.1439564 -0.05504357 0.2044732 0.1447328 -0.05500125 0.203 0.1447328 -0.05599999 0.2039986 0.1444733 -0.05504357 0.2039564 0.143 -0.05426716 0.2039986 0.1439987 -0.05426716 0.203 0.1439564 -0.05452668 0.2039564 -0.143 0.05599999 0.199 -0.143 0.05399996 0.201 -0.145 0.05599999 0.201 -0.143 0.05500125 0.1992672 -0.1439987 0.05599999 0.1992672 -0.1439564 0.05504357 0.1995267 -0.1439987 0.05426716 0.201 -0.143 0.05426716 0.2000013 -0.1439564 0.05452668 0.2000436 -0.1447328 0.05599999 0.2000013 -0.1447328 0.05500125 0.201 -0.1444733 0.05504357 0.2000436 -0.143 0.05399996 0.203 -0.143 0.05599999 0.205 -0.145 0.05599999 0.203 -0.143 0.05426716 0.2039986 -0.1439987 0.05426716 0.203 -0.1439564 0.05452668 0.2039564 -0.1439987 0.05599999 0.2047328 -0.143 0.05500125 0.2047328 -0.1439564 0.05504357 0.2044732 -0.1447328 0.05500125 0.203 -0.1447328 0.05599999 0.2039986 -0.1444733 0.05504357 0.2039564 -0.143 0.06399995 0.199 -0.145 0.06399995 0.201 -0.143 0.06599998 0.201 -0.1439987 0.06399995 0.1992672 -0.143 0.06499868 0.1992672 -0.1439564 0.06495642 0.1995267 -0.1447328 0.06499868 0.201 -0.1447328 0.06399995 0.2000013 -0.1444733 0.06495642 0.2000436 -0.143 0.06573277 0.2000013 -0.1439987 0.06573277 0.201 -0.1439564 0.06547325 0.2000436 -0.143 0.06399995 0.205 -0.143 0.06599998 0.203 -0.145 0.06399995 0.203 -0.143 0.06499868 0.2047328 -0.1439987 0.06399995 0.2047328 -0.1439564 0.06495642 0.2044732 -0.1439987 0.06573277 0.203 -0.143 0.06573277 0.2039986 -0.1439564 0.06547325 0.2039564 -0.1447328 0.06399995 0.2039986 -0.1447328 0.06499868 0.203 -0.1444733 0.06495642 0.2039564 0.143 0.05599999 0.199 0.145 0.05599999 0.201 0.143 0.05399996 0.201 0.1439987 0.05599999 0.1992672 0.143 0.05500125 0.1992672 0.1439564 0.05504357 0.1995267 0.1447328 0.05500125 0.201 0.1447328 0.05599999 0.2000013 0.1444733 0.05504357 0.2000436 0.143 0.05426716 0.2000013 0.1439987 0.05426716 0.201 0.1439564 0.05452668 0.2000436 0.143 0.05599999 0.205 0.143 0.05399996 0.203 0.145 0.05599999 0.203 0.143 0.05500125 0.2047328 0.1439987 0.05599999 0.2047328 0.1439564 0.05504357 0.2044732 0.1439987 0.05426716 0.203 0.143 0.05426716 0.2039986 0.1439564 0.05452668 0.2039564 0.1447328 0.05599999 0.2039986 0.1447328 0.05500125 0.203 0.1444733 0.05504357 0.2039564 0.143 0.06399995 0.199 0.143 0.06599998 0.201 0.145 0.06399995 0.201 0.143 0.06499868 0.1992672 0.1439987 0.06399995 0.1992672 0.1439564 0.06495642 0.1995267 0.1439987 0.06573277 0.201 0.143 0.06573277 0.2000013 0.1439564 0.06547325 0.2000436 0.1447328 0.06399995 0.2000013 0.1447328 0.06499868 0.201 0.1444733 0.06495642 0.2000436 0.143 0.06399995 0.205 0.145 0.06399995 0.203 0.143 0.06599998 0.203 0.1439987 0.06399995 0.2047328 0.143 0.06499868 0.2047328 0.1439564 0.06495642 0.2044732 0.1447328 0.06499868 0.203 0.1447328 0.06399995 0.2039986 0.1444733 0.06495642 0.2039564 0.143 0.06573277 0.2039986 0.1439987 0.06573277 0.203 0.1439564 0.06547325 0.2039564 -0.06399995 0 0.2 -0.06575733 0.004242599 0.2 -0.06999999 0.005999982 0.2 -0.07424259 0.004242599 0.2 -0.07599997 0 0.2 -0.07424259 -0.004242599 0.2 -0.06999999 -0.005999982 0.2 -0.06575733 -0.004242599 0.2 -0.06439989 0 0.2158461 -0.06604009 0.004242599 0.216477 -0.06999999 0.005999982 0.218 -0.07395982 0.004242599 0.219523 -0.07560002 0 0.2201539 -0.07395982 -0.004242599 0.219523 -0.06999999 -0.005999982 0.218 -0.06604009 -0.004242599 0.216477 -0.05963146 0 0.2200113 -0.05973941 0.004242599 0.2217653 -0.06 0.005999982 0.226 -0.06026059 0.004242599 0.2302346 -0.06036853 0 0.2319886 -0.06026059 -0.004242599 0.2302346 -0.06 -0.005999982 0.226 -0.05973941 -0.004242599 0.2217653 0.05963146 0 0.2200113 0.05973941 0.004242599 0.2217653 0.06 0.005999982 0.226 0.06026059 0.004242599 0.2302346 0.06036853 0 0.2319886 0.06026059 -0.004242599 0.2302346 0.06 -0.005999982 0.226 0.05973941 -0.004242599 0.2217653 0.06439989 0 0.2158461 0.06604015 0.004242599 0.216477 0.06999999 0.005999982 0.218 0.07395982 0.004242599 0.219523 0.07560008 0 0.2201539 0.07395982 -0.004242599 0.219523 0.06999999 -0.005999982 0.218 0.06604015 -0.004242599 0.216477 0.06400001 0 0.2 0.06575733 0.004242599 0.2 0.06999999 0.005999982 0.2 0.07424265 0.004242599 0.2 0.07599997 0 0.2 0.07424265 -0.004242599 0.2 0.06999999 -0.005999982 0.2 0.06575733 -0.004242599 0.2 -0.1809999 -0.04499995 0.171 -0.1809999 -0.09499996 0.171 -0.1769999 -0.04499995 0.1699282 -0.1769999 -0.09499996 0.1699282 -0.1740717 -0.04499995 0.167 -0.1740717 -0.09499996 0.167 -0.173 -0.04499995 0.163 -0.173 -0.09499996 0.163 -0.1740717 -0.04499995 0.159 -0.1740717 -0.09499996 0.159 -0.1769999 -0.04499995 0.1560718 -0.1769999 -0.09499996 0.1560718 -0.1809999 -0.04499995 0.155 -0.1809999 -0.09499996 0.155 -0.185 -0.04499995 0.1560718 -0.185 -0.09499996 0.1560718 -0.1879281 -0.04499995 0.159 -0.1879281 -0.09499996 0.159 -0.189 -0.04499995 0.163 -0.189 -0.09499996 0.163 -0.1879281 -0.04499995 0.167 -0.1879281 -0.09499996 0.167 -0.185 -0.04499995 0.1699282 -0.185 -0.09499996 0.1699282 -0.1809999 0.09499996 0.171 -0.1809999 0.04499995 0.171 -0.1769999 0.09499996 0.1699282 -0.1769999 0.04499995 0.1699282 -0.1740717 0.09499996 0.167 -0.1740717 0.04499995 0.167 -0.173 0.09499996 0.163 -0.173 0.04499995 0.163 -0.1740717 0.09499996 0.159 -0.1740717 0.04499995 0.159 -0.1769999 0.09499996 0.1560718 -0.1769999 0.04499995 0.1560718 -0.1809999 0.09499996 0.155 -0.1809999 0.04499995 0.155 -0.185 0.09499996 0.1560718 -0.185 0.04499995 0.1560718 -0.1879281 0.09499996 0.159 -0.1879281 0.04499995 0.159 -0.189 0.09499996 0.163 -0.189 0.04499995 0.163 -0.1879281 0.09499996 0.167 -0.1879281 0.04499995 0.167 -0.185 0.09499996 0.1699282 -0.185 0.04499995 0.1699282 0.177 -0.0855 0.1405 0.177 -0.08749997 0.1425 0.175 -0.0855 0.1425 0.177 -0.08649867 0.1407672 0.1760013 -0.0855 0.1407672 0.1760435 -0.08645641 0.1410267 0.1760013 -0.08723276 0.1425 0.177 -0.08723276 0.1415013 0.1760435 -0.08697324 0.1415436 0.1752672 -0.0855 0.1415013 0.1752672 -0.08649867 0.1425 0.1755267 -0.08645641 0.1415436 0.177 -0.08749997 0.1835 0.177 -0.0855 0.1855 0.175 -0.0855 0.1835 0.177 -0.08723276 0.1844987 0.1760013 -0.08723276 0.1835 0.1760435 -0.08697324 0.1844564 0.1760013 -0.0855 0.1852328 0.177 -0.08649867 0.1852328 0.1760435 -0.08645641 0.1849732 0.1752672 -0.08649867 0.1835 0.1752672 -0.0855 0.1844987 0.1755267 -0.08645641 0.1844564 0.177 -0.05449998 0.1405 0.175 -0.05449998 0.1425 0.177 -0.05249994 0.1425 0.1760013 -0.05449998 0.1407672 0.177 -0.0535013 0.1407672 0.1760435 -0.05354356 0.1410267 0.1752672 -0.0535013 0.1425 0.1752672 -0.05449998 0.1415013 0.1755267 -0.05354356 0.1415436 0.177 -0.05276715 0.1415013 0.1760013 -0.05276715 0.1425 0.1760435 -0.05302673 0.1415436 0.177 -0.05449998 0.1855 0.177 -0.05249994 0.1835 0.175 -0.05449998 0.1835 0.177 -0.0535013 0.1852328 0.1760013 -0.05449998 0.1852328 0.1760435 -0.05354356 0.1849732 0.1760013 -0.05276715 0.1835 0.177 -0.05276715 0.1844987 0.1760435 -0.05302673 0.1844564 0.1752672 -0.05449998 0.1844987 0.1752672 -0.0535013 0.1835 0.1755267 -0.05354356 0.1844564 0.185 -0.0855 0.1405 0.187 -0.0855 0.1425 0.185 -0.08749997 0.1425 0.1859987 -0.0855 0.1407672 0.185 -0.08649867 0.1407672 0.1859564 -0.08645641 0.1410267 0.1867328 -0.08649867 0.1425 0.1867328 -0.0855 0.1415013 0.1864733 -0.08645641 0.1415436 0.185 -0.08723276 0.1415013 0.1859987 -0.08723276 0.1425 0.1859564 -0.08697324 0.1415436 0.185 -0.0855 0.1855 0.185 -0.08749997 0.1835 0.187 -0.0855 0.1835 0.185 -0.08649867 0.1852328 0.1859987 -0.0855 0.1852328 0.1859564 -0.08645641 0.1849732 0.1859987 -0.08723276 0.1835 0.185 -0.08723276 0.1844987 0.1859564 -0.08697324 0.1844564 0.1867328 -0.0855 0.1844987 0.1867328 -0.08649867 0.1835 0.1864733 -0.08645641 0.1844564 0.185 -0.05449998 0.1405 0.185 -0.05249994 0.1425 0.187 -0.05449998 0.1425 0.185 -0.0535013 0.1407672 0.1859987 -0.05449998 0.1407672 0.1859564 -0.05354356 0.1410267 0.1859987 -0.05276715 0.1425 0.185 -0.05276715 0.1415013 0.1859564 -0.05302673 0.1415436 0.1867328 -0.05449998 0.1415013 0.1867328 -0.0535013 0.1425 0.1864733 -0.05354356 0.1415436 0.185 -0.05449998 0.1855 0.187 -0.05449998 0.1835 0.185 -0.05249994 0.1835 0.1859987 -0.05449998 0.1852328 0.185 -0.0535013 0.1852328 0.1859564 -0.05354356 0.1849732 0.1867328 -0.0535013 0.1835 0.1867328 -0.05449998 0.1844987 0.1864733 -0.05354356 0.1844564 0.185 -0.05276715 0.1844987 0.1859987 -0.05276715 0.1835 0.1859564 -0.05302673 0.1844564 0.177 0.05449998 0.1405 0.177 0.05249994 0.1425 0.175 0.05449998 0.1425 0.177 0.0535013 0.1407672 0.1760013 0.05449998 0.1407672 0.1760435 0.05354356 0.1410267 0.1760013 0.05276715 0.1425 0.177 0.05276715 0.1415013 0.1760435 0.05302673 0.1415436 0.1752672 0.05449998 0.1415013 0.1752672 0.0535013 0.1425 0.1755267 0.05354356 0.1415436 0.177 0.05249994 0.1835 0.177 0.05449998 0.1855 0.175 0.05449998 0.1835 0.177 0.05276715 0.1844987 0.1760013 0.05276715 0.1835 0.1760435 0.05302673 0.1844564 0.1760013 0.05449998 0.1852328 0.177 0.0535013 0.1852328 0.1760435 0.05354356 0.1849732 0.1752672 0.0535013 0.1835 0.1752672 0.05449998 0.1844987 0.1755267 0.05354356 0.1844564 0.177 0.0855 0.1405 0.175 0.0855 0.1425 0.177 0.08749997 0.1425 0.1760013 0.0855 0.1407672 0.177 0.08649867 0.1407672 0.1760435 0.08645641 0.1410267 0.1752672 0.08649867 0.1425 0.1752672 0.0855 0.1415013 0.1755267 0.08645641 0.1415436 0.177 0.08723276 0.1415013 0.1760013 0.08723276 0.1425 0.1760435 0.08697324 0.1415436 0.177 0.0855 0.1855 0.177 0.08749997 0.1835 0.175 0.0855 0.1835 0.177 0.08649867 0.1852328 0.1760013 0.0855 0.1852328 0.1760435 0.08645641 0.1849732 0.1760013 0.08723276 0.1835 0.177 0.08723276 0.1844987 0.1760435 0.08697324 0.1844564 0.1752672 0.0855 0.1844987 0.1752672 0.08649867 0.1835 0.1755267 0.08645641 0.1844564 0.185 0.05449998 0.1405 0.187 0.05449998 0.1425 0.185 0.05249994 0.1425 0.1859987 0.05449998 0.1407672 0.185 0.0535013 0.1407672 0.1859564 0.05354356 0.1410267 0.1867328 0.0535013 0.1425 0.1867328 0.05449998 0.1415013 0.1864733 0.05354356 0.1415436 0.185 0.05276715 0.1415013 0.1859987 0.05276715 0.1425 0.1859564 0.05302673 0.1415436 0.185 0.05449998 0.1855 0.185 0.05249994 0.1835 0.187 0.05449998 0.1835 0.185 0.0535013 0.1852328 0.1859987 0.05449998 0.1852328 0.1859564 0.05354356 0.1849732 0.1859987 0.05276715 0.1835 0.185 0.05276715 0.1844987 0.1859564 0.05302673 0.1844564 0.1867328 0.05449998 0.1844987 0.1867328 0.0535013 0.1835 0.1864733 0.05354356 0.1844564 0.185 0.0855 0.1405 0.185 0.08749997 0.1425 0.187 0.0855 0.1425 0.185 0.08649867 0.1407672 0.1859987 0.0855 0.1407672 0.1859564 0.08645641 0.1410267 0.1859987 0.08723276 0.1425 0.185 0.08723276 0.1415013 0.1859564 0.08697324 0.1415436 0.1867328 0.0855 0.1415013 0.1867328 0.08649867 0.1425 0.1864733 0.08645641 0.1415436 0.185 0.0855 0.1855 0.187 0.0855 0.1835 0.185 0.08749997 0.1835 0.1859987 0.0855 0.1852328 0.185 0.08649867 0.1852328 0.1859564 0.08645641 0.1849732 0.1867328 0.08649867 0.1835 0.1867328 0.0855 0.1844987 0.1864733 0.08645641 0.1844564 0.185 0.08723276 0.1844987 0.1859987 0.08723276 0.1835 0.1859564 0.08697324 0.1844564 -0.01549994 0.127 0.1405 -0.01549994 0.125 0.1425 -0.01749998 0.127 0.1425 -0.01549994 0.1260013 0.1407672 -0.01649868 0.127 0.1407672 -0.01645642 0.1260436 0.1410267 -0.01649868 0.1252672 0.1425 -0.01549994 0.1252672 0.1415013 -0.01645642 0.1255267 0.1415436 -0.01723277 0.127 0.1415013 -0.01723277 0.1260013 0.1425 -0.01697325 0.1260436 0.1415436 -0.01549994 0.125 0.1835 -0.01549994 0.127 0.1855 -0.01749998 0.127 0.1835 -0.01549994 0.1252672 0.1844987 -0.01649868 0.1252672 0.1835 -0.01645642 0.1255267 0.1844564 -0.01649868 0.127 0.1852328 -0.01549994 0.1260013 0.1852328 -0.01645642 0.1260436 0.1849732 -0.01723277 0.1260013 0.1835 -0.01723277 0.127 0.1844987 -0.01697325 0.1260436 0.1844564 -0.01549994 0.1349999 0.1405 -0.01749998 0.1349999 0.1425 -0.01549994 0.137 0.1425 -0.01649868 0.1349999 0.1407672 -0.01549994 0.1359987 0.1407672 -0.01645642 0.1359564 0.1410267 -0.01723277 0.1359987 0.1425 -0.01723277 0.1349999 0.1415013 -0.01697325 0.1359564 0.1415436 -0.01549994 0.1367328 0.1415013 -0.01649868 0.1367328 0.1425 -0.01645642 0.1364732 0.1415436 -0.01549994 0.1349999 0.1855 -0.01549994 0.137 0.1835 -0.01749998 0.1349999 0.1835 -0.01549994 0.1359987 0.1852328 -0.01649868 0.1349999 0.1852328 -0.01645642 0.1359564 0.1849732 -0.01649868 0.1367328 0.1835 -0.01549994 0.1367328 0.1844987 -0.01645642 0.1364732 0.1844564 -0.01723277 0.1349999 0.1844987 -0.01723277 0.1359987 0.1835 -0.01697325 0.1359564 0.1844564 0.01549994 0.127 0.1405 0.01749998 0.127 0.1425 0.01549994 0.125 0.1425 0.01649868 0.127 0.1407672 0.01549994 0.1260013 0.1407672 0.01645642 0.1260436 0.1410267 0.01723277 0.1260013 0.1425 0.01723277 0.127 0.1415013 0.01697325 0.1260436 0.1415436 0.01549994 0.1252672 0.1415013 0.01649868 0.1252672 0.1425 0.01645642 0.1255267 0.1415436 0.01549994 0.127 0.1855 0.01549994 0.125 0.1835 0.01749998 0.127 0.1835 0.01549994 0.1260013 0.1852328 0.01649868 0.127 0.1852328 0.01645642 0.1260436 0.1849732 0.01649868 0.1252672 0.1835 0.01549994 0.1252672 0.1844987 0.01645642 0.1255267 0.1844564 0.01723277 0.127 0.1844987 0.01723277 0.1260013 0.1835 0.01697325 0.1260436 0.1844564 0.01549994 0.1349999 0.1405 0.01549994 0.137 0.1425 0.01749998 0.1349999 0.1425 0.01549994 0.1359987 0.1407672 0.01649868 0.1349999 0.1407672 0.01645642 0.1359564 0.1410267 0.01649868 0.1367328 0.1425 0.01549994 0.1367328 0.1415013 0.01645642 0.1364732 0.1415436 0.01723277 0.1349999 0.1415013 0.01723277 0.1359987 0.1425 0.01697325 0.1359564 0.1415436 0.01549994 0.1349999 0.1855 0.01749998 0.1349999 0.1835 0.01549994 0.137 0.1835 0.01649868 0.1349999 0.1852328 0.01549994 0.1359987 0.1852328 0.01645642 0.1359564 0.1849732 0.01723277 0.1359987 0.1835 0.01723277 0.1349999 0.1844987 0.01697325 0.1359564 0.1844564 0.01549994 0.1367328 0.1844987 0.01649868 0.1367328 0.1835 0.01645642 0.1364732 0.1844564 0.01999998 0.1245 0.05499994 0.01999998 0.1245 0.105 0.01999998 0.1274999 0.05499994 0.01999998 0.1274999 0.105 0.08999997 0.1245 0.05499994 0.08999997 0.1245 0.105 0.08999997 0.1274999 0.05499994 0.08999997 0.1274999 0.105 -0.01549994 -0.1349999 0.1405 -0.01549994 -0.137 0.1425 -0.01749998 -0.1349999 0.1425 -0.01549994 -0.1359987 0.1407672 -0.01649868 -0.1349999 0.1407672 -0.01645642 -0.1359564 0.1410267 -0.01649868 -0.1367328 0.1425 -0.01549994 -0.1367328 0.1415013 -0.01645642 -0.1364732 0.1415436 -0.01723277 -0.1349999 0.1415013 -0.01723277 -0.1359987 0.1425 -0.01697325 -0.1359564 0.1415436 -0.01549994 -0.137 0.1835 -0.01549994 -0.1349999 0.1855 -0.01749998 -0.1349999 0.1835 -0.01549994 -0.1367328 0.1844987 -0.01649868 -0.1367328 0.1835 -0.01645642 -0.1364732 0.1844564 -0.01649868 -0.1349999 0.1852328 -0.01549994 -0.1359987 0.1852328 -0.01645642 -0.1359564 0.1849732 -0.01723277 -0.1359987 0.1835 -0.01723277 -0.1349999 0.1844987 -0.01697325 -0.1359564 0.1844564 -0.01549994 -0.127 0.1405 -0.01749998 -0.127 0.1425 -0.01549994 -0.125 0.1425 -0.01649868 -0.127 0.1407672 -0.01549994 -0.1260013 0.1407672 -0.01645642 -0.1260436 0.1410267 -0.01723277 -0.1260013 0.1425 -0.01723277 -0.127 0.1415013 -0.01697325 -0.1260436 0.1415436 -0.01549994 -0.1252672 0.1415013 -0.01649868 -0.1252672 0.1425 -0.01645642 -0.1255267 0.1415436 -0.01549994 -0.127 0.1855 -0.01549994 -0.125 0.1835 -0.01749998 -0.127 0.1835 -0.01549994 -0.1260013 0.1852328 -0.01649868 -0.127 0.1852328 -0.01645642 -0.1260436 0.1849732 -0.01649868 -0.1252672 0.1835 -0.01549994 -0.1252672 0.1844987 -0.01645642 -0.1255267 0.1844564 -0.01723277 -0.127 0.1844987 -0.01723277 -0.1260013 0.1835 -0.01697325 -0.1260436 0.1844564 0.01549994 -0.1349999 0.1405 0.01749998 -0.1349999 0.1425 0.01549994 -0.137 0.1425 0.01649868 -0.1349999 0.1407672 0.01549994 -0.1359987 0.1407672 0.01645642 -0.1359564 0.1410267 0.01723277 -0.1359987 0.1425 0.01723277 -0.1349999 0.1415013 0.01697325 -0.1359564 0.1415436 0.01549994 -0.1367328 0.1415013 0.01649868 -0.1367328 0.1425 0.01645642 -0.1364732 0.1415436 0.01549994 -0.1349999 0.1855 0.01549994 -0.137 0.1835 0.01749998 -0.1349999 0.1835 0.01549994 -0.1359987 0.1852328 0.01649868 -0.1349999 0.1852328 0.01645642 -0.1359564 0.1849732 0.01649868 -0.1367328 0.1835 0.01549994 -0.1367328 0.1844987 0.01645642 -0.1364732 0.1844564 0.01723277 -0.1349999 0.1844987 0.01723277 -0.1359987 0.1835 0.01697325 -0.1359564 0.1844564 0.01549994 -0.127 0.1405 0.01549994 -0.125 0.1425 0.01749998 -0.127 0.1425 0.01549994 -0.1260013 0.1407672 0.01649868 -0.127 0.1407672 0.01645642 -0.1260436 0.1410267 0.01649868 -0.1252672 0.1425 0.01549994 -0.1252672 0.1415013 0.01645642 -0.1255267 0.1415436 0.01723277 -0.127 0.1415013 0.01723277 -0.1260013 0.1425 0.01697325 -0.1260436 0.1415436 0.01549994 -0.127 0.1855 0.01749998 -0.127 0.1835 0.01549994 -0.125 0.1835 0.01649868 -0.127 0.1852328 0.01549994 -0.1260013 0.1852328 0.01645642 -0.1260436 0.1849732 0.01723277 -0.1260013 0.1835 0.01723277 -0.127 0.1844987 0.01697325 -0.1260436 0.1844564 0.01549994 -0.1252672 0.1844987 0.01649868 -0.1252672 0.1835 0.01645642 -0.1255267 0.1844564 0.01999998 -0.1274999 0.05499994 0.01999998 -0.1274999 0.105 0.01999998 -0.1245 0.05499994 0.01999998 -0.1245 0.105 0.08999997 -0.1274999 0.05499994 0.08999997 -0.1274999 0.105 0.08999997 -0.1245 0.05499994 0.08999997 -0.1245 0.105 0.148 0.092 0.199 0.148 0.092 0.209 0.154 0.09039229 0.199 0.154 0.09039229 0.209 0.1583923 0.08599996 0.199 0.1583923 0.08599996 0.209 0.16 0.07999998 0.199 0.16 0.07999998 0.209 0.1583923 0.074 0.199 0.1583923 0.074 0.209 0.154 0.06960767 0.199 0.154 0.06960767 0.209 0.148 0.06799995 0.199 0.148 0.06799995 0.209 0.142 0.06960767 0.199 0.142 0.06960767 0.209 0.1376076 0.074 0.199 0.1376076 0.074 0.209 0.136 0.07999998 0.199 0.136 0.07999998 0.209 0.1376076 0.08599996 0.199 0.1376076 0.08599996 0.209 0.142 0.09039229 0.199 0.142 0.09039229 0.209</float_array>
          <technique_common>
            <accessor source="#payload_box-mesh-positions-array" count="912" stride="3">
              <param name="X" type="float"/>
              <param name="Y" type="float"/>
              <param name="Z" type="float"/>
            </accessor>
          </technique_common>
        </source>
        <source id="payload_box-mesh-normals">
          <float_array id="payload_box-mesh-normals-array" count="3024">0.1279724 -0.9834868 0.1279724 -0.1279732 -0.9834865 -0.1279737 0.1279714 -0.9834872 -0.1279697 0.9834867 0.1279719 0.127973 0.9834871 -0.1279702 -0.1279724 0.9834868 0.1279731 -0.1279713 -0.1279744 0.127973 0.9834864 0.1279742 -0.1279732 0.9834864 0.1279737 0.1279742 0.9834864 -0.9834871 -0.1279705 0.1279722 -0.9834871 0.1279702 -0.1279714 -0.983487 -0.1279721 -0.1279703 -0.1279729 0.9834865 0.1279741 0.1279724 0.9834868 -0.1279717 -0.1279719 0.9834869 -0.1279719 -0.1216033 -0.4915688 -0.8623067 -0.4915714 -0.1216043 -0.8623051 -0.1279738 -0.127973 -0.9834865 -0.4488404 -0.7727065 -0.4488508 -0.4488437 -0.4488451 -0.7727079 -0.4915689 -0.8623066 -0.1216039 -0.1216024 -0.8623062 -0.4915698 -0.7727054 -0.4488463 -0.4488468 -0.862308 -0.121604 -0.4915664 -0.8623073 -0.4915677 -0.121603 -0.1216017 -0.8623076 0.4915676 -0.4915704 -0.8623058 0.1216041 -0.1279715 -0.9834869 0.1279723 -0.1216027 -0.491571 0.8623056 -0.4488396 -0.7727069 0.4488509 -0.4915714 -0.1216037 0.8623052 -0.1279741 -0.127974 0.9834863 -0.7727064 -0.4488444 0.4488469 -0.448843 -0.4488453 0.7727082 -0.8623092 -0.4915643 0.1216031 -0.8623085 -0.1216022 0.491566 -0.4915699 0.1216044 -0.8623058 -0.1216031 0.49157 -0.862306 -0.1279742 0.1279741 -0.9834863 -0.7727054 0.4488465 -0.4488468 -0.4488437 0.4488452 -0.7727079 -0.862309 0.4915649 -0.121603 -0.8623071 0.121604 -0.4915679 -0.4915706 0.8623056 -0.121604 -0.1216027 0.8623069 -0.4915687 -0.4488406 0.7727066 -0.4488506 -0.1216026 0.4915697 0.8623062 -0.4915725 0.1216036 0.8623045 -0.4488394 0.772707 0.4488511 -0.4488427 0.4488453 0.7727084 -0.4915686 0.8623067 0.121604 -0.1216014 0.862307 0.4915687 -0.7727066 0.448844 0.4488469 -0.8623091 0.1216021 0.491565 -0.8623078 0.491567 0.1216032 -0.983487 0.1279724 0.1279707 0.4915691 -0.1216028 -0.8623066 0.1216033 -0.4915701 -0.8623059 0.1279738 -0.1279742 -0.9834864 0.7727069 -0.4488418 -0.4488486 0.4488437 -0.4488437 -0.7727088 0.8623078 -0.4915671 -0.1216029 0.8623067 -0.1216017 -0.4915693 0.4488449 -0.7727072 -0.4488452 0.1216028 -0.862308 -0.4915665 0.4915685 -0.862307 -0.1216026 0.121603 -0.4915699 0.8623061 0.4915718 -0.1216026 0.8623052 0.4488441 -0.7727079 0.4488447 0.4488427 -0.4488438 0.7727092 0.4915664 -0.8623082 0.1216024 0.1216016 -0.8623082 0.4915665 0.8623055 -0.491571 0.1216031 0.8623085 -0.1216013 0.4915663 0.9834866 -0.1279749 0.1279716 0.772708 -0.4488398 0.4488486 0.1216036 0.4915689 -0.8623067 0.4915707 0.1216028 -0.8623057 0.1279736 0.1279732 -0.9834865 0.4488449 0.7727074 -0.4488447 0.4488437 0.4488437 -0.7727087 0.4915665 0.8623082 -0.1216023 0.1216025 0.8623076 -0.4915675 0.8623057 0.4915708 -0.1216028 0.8623075 0.1216017 -0.4915678 0.7727069 0.4488417 -0.4488487 0.4915706 0.1216026 0.8623058 0.1216029 0.491571 0.8623054 0.7727078 0.4488402 0.4488486 0.448843 0.4488438 0.772709 0.8623076 0.4915673 0.1216031 0.8623079 0.1216014 0.4915673 0.4488441 0.7727076 0.4488452 0.1216019 0.8623087 0.4915655 0.4915683 0.862307 0.1216027 0.1279714 0.9834872 0.1279704 -1 0 0 0 1 0 1 0 0 0 -1 0 0 0 -1 0 0 1 0.1279696 -0.9834876 0.1279688 -0.1279693 -0.9834877 -0.1279678 0.1279698 -0.9834871 -0.1279731 0.9834872 0.1279704 0.1279715 0.9834873 -0.1279702 -0.1279708 0.983487 0.1279693 -0.1279734 -0.1279724 0.1279714 0.9834868 0.1279709 -0.1279715 0.9834871 0.1279729 0.1279733 0.9834866 -0.9834869 -0.1279709 0.1279725 -0.983487 0.1279717 -0.127972 -0.9834868 -0.1279697 -0.1279746 -0.1279696 0.9834878 0.1279677 0.1279693 0.9834877 -0.1279678 -0.1279698 0.9834871 -0.1279731 -0.1216034 -0.4915667 -0.862308 -0.4915682 -0.1216042 -0.8623068 -0.1279736 -0.1279715 -0.9834867 -0.1216046 -0.862307 -0.4915678 -0.4488455 -0.4488474 -0.7727055 -0.4915707 -0.8623054 -0.1216056 -0.772705 -0.4488527 -0.4488411 -0.4488465 -0.7727066 -0.4488446 -0.8623045 -0.1216056 -0.491572 -0.8623084 -0.4915652 -0.1216057 -0.121605 -0.8623062 0.4915692 -0.4915647 -0.8623088 0.1216055 -0.1279687 -0.9834874 0.1279717 -0.4488465 -0.4488473 0.772705 -0.4488451 -0.7727074 0.4488446 -0.4915661 -0.1216043 0.8623081 -0.1216048 -0.4915668 0.8623076 -0.1279711 -0.1279729 0.9834869 -0.8623047 -0.121605 0.4915718 -0.862305 -0.491571 0.1216059 -0.7727042 -0.4488533 0.4488418 -0.491566 0.1216042 -0.8623081 -0.1216038 0.4915665 -0.862308 -0.127972 0.1279732 -0.9834867 -0.8623052 0.1216048 -0.4915711 -0.4488452 0.4488477 -0.7727056 -0.8623053 0.4915707 -0.1216059 -0.491566 0.8623078 -0.1216066 -0.7727051 0.4488521 -0.4488416 -0.1216049 0.8623052 -0.491571 -0.4488461 0.7727067 -0.4488449 -0.1216049 0.4915665 0.8623077 -0.4915675 0.1216041 0.8623073 -0.1216052 0.862307 0.4915678 -0.4488464 0.4488473 0.772705 -0.4915704 0.8623056 0.1216054 -0.772704 0.4488537 0.4488418 -0.4488452 0.7727071 0.4488449 -0.862305 0.1216052 0.4915711 -0.8623081 0.4915658 0.1216056 -0.9834869 0.12797 0.127974 0.491566 -0.1216042 -0.8623081 0.1216038 -0.4915665 -0.862308 0.127972 -0.1279732 -0.9834867 0.8623057 -0.1216048 -0.4915702 0.4488448 -0.4488475 -0.7727058 0.8623051 -0.4915708 -0.1216063 0.4488515 -0.7727053 -0.4488418 0.7727048 -0.4488481 -0.4488461 0.1216047 -0.8623052 -0.491571 0.4915656 -0.8623082 -0.1216055 0.1216046 -0.4915667 0.8623077 0.4915668 -0.1216039 0.8623078 0.1216052 -0.8623065 0.4915688 0.4488472 -0.4488469 0.7727049 0.4915704 -0.8623056 0.1216054 0.7727047 -0.4488539 0.4488406 0.4488455 -0.7727067 0.4488455 0.8623058 -0.1216055 0.4915698 0.8623082 -0.4915658 0.1216053 0.983487 -0.1279695 0.1279733 0.121603 0.4915668 -0.8623079 0.491568 0.1216039 -0.862307 0.1279736 0.1279715 -0.9834867 0.1216045 0.862307 -0.4915679 0.4488463 0.4488469 -0.7727053 0.4915707 0.8623053 -0.1216053 0.7727056 0.4488528 -0.44884 0.4488466 0.7727061 -0.4488451 0.8623052 0.1216055 -0.4915708 0.8623085 0.4915652 -0.1216051 0.4915667 0.1216041 0.8623077 0.1216048 0.4915664 0.8623079 0.8623049 0.1216049 0.4915716 0.4488459 0.4488473 0.7727053 0.862305 0.491571 0.1216064 0.4488508 0.7727055 0.4488421 0.7727048 0.448848 0.4488462 0.1216049 0.8623052 0.491571 0.4915649 0.8623086 0.1216056 0.1279693 0.9834871 0.1279731 0.1279699 -0.9834871 0.1279724 -0.127963 -0.9834879 -0.127973 0.1279686 -0.9834871 -0.1279731 0.9834883 0.1279664 0.1279665 0.9834885 -0.1279648 -0.1279669 0.9834879 0.1279685 -0.1279677 -0.1279754 0.1279758 0.983486 0.1279724 -0.1279746 0.9834864 0.1279798 0.1279762 0.9834854 -0.9834851 -0.1279783 0.1279798 -0.9834849 0.1279783 -0.1279811 -0.9834848 -0.12798 -0.1279795 -0.127964 0.983488 0.1279718 0.1279691 0.9834871 -0.1279731 -0.1279628 0.9834881 -0.1279722 -0.121611 -0.4915834 -0.8622972 -0.4915903 -0.1216109 -0.8622934 -0.1279745 -0.127975 -0.9834862 -0.1216018 -0.8623117 -0.4915603 -0.4488568 -0.4488551 -0.7726946 -0.4915734 -0.8623037 -0.1216054 -0.8623083 -0.4915661 -0.1216025 -0.4488488 -0.7727082 -0.4488397 -0.8623151 -0.1216002 -0.4915549 -0.7727189 -0.4488333 -0.4488367 -0.1216042 -0.8623104 0.4915621 -0.4915748 -0.862303 0.1216052 -0.127963 -0.9834879 0.1279735 -0.4488629 -0.4488524 0.7726925 -0.4488515 -0.7727071 0.4488388 -0.4915826 -0.1216108 0.8622977 -0.1216113 -0.4915805 0.8622989 -0.1279683 -0.1279757 0.9834869 -0.8623134 -0.1215987 0.4915582 -0.8623114 -0.4915606 0.1216031 -0.7727222 -0.4488294 0.4488348 -0.4915813 0.1216112 -0.8622986 -0.1216064 0.4915822 -0.8622986 -0.1279692 0.1279765 -0.9834867 -0.8623132 0.1215988 -0.4915587 -0.4488548 0.4488568 -0.7726947 -0.8623116 0.4915603 -0.1216021 -0.4488483 0.7727079 -0.4488403 -0.7727239 0.4488299 -0.4488314 -0.1216017 0.8623111 -0.4915614 -0.4915718 0.8623045 -0.1216068 -0.1216093 0.4915833 0.8622975 -0.4915827 0.1216112 0.8622976 -0.1216037 0.8623114 0.4915606 -0.4488556 0.4488558 0.7726948 -0.4915754 0.8623025 0.1216066 -0.862308 0.4915668 0.121602 -0.4488538 0.772706 0.4488384 -0.8623127 0.1216008 0.4915588 -0.9834845 0.1279817 0.1279807 -0.772722 0.4488344 0.44883 0.4915786 -0.1216131 -0.8622997 0.1216115 -0.4915785 -0.8623 0.127979 -0.1279748 -0.9834856 0.8623123 -0.1216041 -0.4915587 0.4488517 -0.4488603 -0.7726945 0.8623114 -0.4915601 -0.1216054 0.4488461 -0.772706 -0.4488459 0.7727067 -0.448845 -0.4488458 0.1216042 -0.862309 -0.4915645 0.4915678 -0.8623067 -0.1216076 0.1216136 -0.4915804 0.8622986 0.4915773 -0.1216135 0.8623005 0.1216068 -0.8623101 0.491562 0.448861 -0.4488577 0.7726906 0.4915696 -0.8623057 0.1216072 0.8623099 -0.4915626 0.1216058 0.4488493 -0.7727054 0.4488439 0.8623126 -0.1216022 0.4915586 0.9834878 -0.1279685 0.1279681 0.7727102 -0.448841 0.4488438 0.1216093 0.4915806 -0.8622991 0.491581 0.1216136 -0.8622982 0.127973 0.1279759 -0.9834863 0.1216042 0.8623094 -0.4915638 0.4488546 0.4488601 -0.7726928 0.4915673 0.8623073 -0.1216061 0.8623099 0.4915627 -0.1216053 0.4488463 0.7727066 -0.4488447 0.8623152 0.1216025 -0.4915542 0.7727101 0.4488412 -0.4488439 0.4915778 0.1216133 0.8623002 0.1216124 0.4915792 0.8622995 0.8623135 0.1216042 0.4915567 0.4488553 0.4488589 0.7726932 0.8623114 0.4915603 0.1216047 0.4488515 0.7727047 0.4488427 0.7727096 0.4488447 0.4488414 0.1216059 0.8623086 0.491565 0.4915704 0.8623054 0.1216058 0.127969 0.983487 0.1279747 0.1279699 -0.983487 0.1279731 -0.1279631 -0.9834881 -0.1279717 0.1279687 -0.983487 -0.1279747 0.9834883 0.1279655 0.1279668 0.9834883 -0.1279655 -0.1279681 0.9834882 0.1279672 -0.1279665 -0.1279681 0.1279753 0.983487 0.1279793 -0.1279756 0.9834854 0.1279727 0.1279751 0.9834864 -0.9834849 -0.1279792 0.1279794 -0.9834851 0.1279776 -0.1279799 -0.9834845 -0.1279813 -0.1279807 -0.1279639 0.9834879 0.127973 0.127969 0.9834872 -0.1279723 -0.1279627 0.9834879 -0.1279735 -0.1216078 -0.4915835 -0.8622977 -0.4915869 -0.1216114 -0.8622952 -0.1279689 -0.1279761 -0.9834867 -0.1216018 -0.8623116 -0.4915606 -0.4488574 -0.4488564 -0.7726933 -0.4915722 -0.8623042 -0.1216071 -0.8623083 -0.4915663 -0.1216022 -0.4488484 -0.7727079 -0.4488403 -0.8623151 -0.1216009 -0.4915547 -0.7727215 -0.448834 -0.4488314 -0.1216036 -0.8623109 0.4915613 -0.4915754 -0.8623025 0.1216063 -0.1279631 -0.983488 0.1279722 -0.448858 -0.4488552 0.7726937 -0.4488537 -0.772706 0.4488384 -0.4915835 -0.1216109 0.8622972 -0.1216107 -0.4915819 0.8622981 -0.1279755 -0.1279761 0.9834858 -0.8623139 -0.1215988 0.4915574 -0.8623116 -0.4915606 0.1216021 -0.7727242 -0.4488307 0.4488302 -0.4915845 0.1216106 -0.8622968 -0.1216094 0.491581 -0.8622989 -0.1279747 0.1279754 -0.9834861 -0.8623126 0.1215987 -0.4915595 -0.448854 0.4488552 -0.7726961 -0.8623115 0.4915603 -0.121603 -0.4488486 0.7727078 -0.4488403 -0.7727201 0.4488301 -0.4488376 -0.1216017 0.8623105 -0.4915624 -0.491573 0.862304 -0.1216055 -0.1216115 0.4915829 0.8622974 -0.4915832 0.1216111 0.8622974 -0.1216042 0.8623116 0.4915601 -0.4488632 0.4488527 0.7726922 -0.4915747 0.862303 0.1216052 -0.8623082 0.4915661 0.121603 -0.4488517 0.7727073 0.4488382 -0.8623124 0.1216006 0.4915594 -0.9834844 0.1279813 0.1279811 -0.7727204 0.448833 0.4488344 0.4915755 -0.1216136 -0.8623014 0.121608 -0.4915794 -0.8623 0.1279734 -0.1279765 -0.9834861 0.8623127 -0.1216041 -0.491558 0.448852 -0.4488605 -0.7726942 0.8623116 -0.49156 -0.1216047 0.4488462 -0.7727067 -0.4488446 0.7727092 -0.4488439 -0.4488425 0.121604 -0.8623088 -0.4915651 0.4915668 -0.8623074 -0.1216064 0.1216109 -0.4915804 0.8622991 0.4915769 -0.1216135 0.8623006 0.1216061 -0.8623093 0.4915637 0.4488528 -0.4488595 0.7726943 0.4915704 -0.8623054 0.1216055 0.8623095 -0.4915633 0.121605 0.4488517 -0.7727046 0.4488427 0.8623129 -0.1216024 0.4915581 0.9834879 -0.1279689 0.1279677 0.7727106 -0.4488416 0.4488424 0.1216132 0.4915809 -0.8622984 0.4915844 0.1216133 -0.8622964 0.1279788 0.1279743 -0.9834856 0.1216043 0.8623102 -0.4915623 0.4488546 0.4488601 -0.7726929 0.4915683 0.8623064 -0.1216074 0.86231 0.4915627 -0.1216054 0.4488463 0.7727062 -0.4488454 0.8623152 0.1216019 -0.4915543 0.7727087 0.4488413 -0.4488461 0.4915768 0.1216133 0.8623008 0.1216135 0.4915781 0.8623 0.8623132 0.1216041 0.4915574 0.4488607 0.4488574 0.7726908 0.8623113 0.4915602 0.1216055 0.448849 0.7727053 0.4488443 0.7727088 0.4488443 0.4488431 0.1216067 0.8623088 0.4915643 0.4915696 0.8623057 0.1216073 0.127969 0.9834871 0.1279731 0.9254094 0.3783288 0.02201974 0.9318411 0.3624579 0.01721936 0.9236266 0.3825839 0.02331179 0.3864522 0.9222931 0.005492627 0.3423261 0.9239562 -0.1706392 0.3826761 0.9238592 0.00656712 -0.3858966 0.9225417 8.87788e-4 -0.3386429 0.9234394 0.1805019 -0.3826839 0.9238795 0 -0.9249697 0.3797783 0.01412749 -0.9306013 0.3656015 0.01779681 -0.9237951 0.3826538 0.01337987 -0.9249697 -0.3797783 0.01412749 -0.9306013 -0.3656015 0.01779681 -0.9316372 -0.362919 0.01848804 -0.3858966 -0.9225417 8.87788e-4 -0.3386429 -0.9234394 0.1805019 -0.3482776 -0.9229168 0.1640956 0.3864522 -0.9222931 0.005492627 0.3423262 -0.9239563 -0.1706392 0.3513315 -0.92248 -0.1599904 0.9254094 -0.3783288 0.02201974 0.9318411 -0.3624579 0.01721936 0.9334031 -0.3584718 0.01601827 0.6146851 0.3327528 -0.7151488 0.6124565 0.3247416 -0.7207219 0.6177155 0.3439645 -0.7071888 0.3513315 0.92248 -0.1599904 0.1616349 0.9160259 -0.3671116 -0.3482776 0.9229168 0.1640956 -0.1579195 0.9159232 0.3689799 -0.5804485 0.3328273 0.7431727 -0.5805181 0.3251659 0.7465025 -0.5804243 0.3347687 0.742319 -0.5804485 -0.3328273 0.7431727 -0.5805181 -0.3251659 0.7465025 -0.580527 -0.3236659 0.7471472 -0.1579191 -0.9159232 0.3689801 -0.1124113 -0.9201988 0.3749639 0.1616345 -0.9160259 -0.3671115 0.1140838 -0.9200586 -0.3748027 0.6146851 -0.3327528 -0.7151488 0.6124565 -0.3247416 -0.7207219 0.6099562 -0.3159679 -0.7267172 0 0.3820673 -0.9241345 0.1140842 0.9200585 -0.374803 -0.1616346 0.9160258 -0.3671116 -0.1124117 0.9201989 0.3749637 0.1579194 0.9159232 0.3689802 0 0.3820673 0.9241345 0 0.3820673 0.9241346 0 0.3820673 0.9241345 0 -0.3820673 0.9241346 0 -0.3820673 0.9241345 0 -0.3820673 0.9241346 0.112412 -0.9201988 0.3749638 -0.1140846 -0.9200584 -0.3748029 0 -0.3820673 -0.9241345 -0.6124552 0.3247423 -0.7207227 -0.614684 0.332755 -0.7151488 -0.6177146 0.3439686 -0.7071877 -0.3513312 0.9224801 -0.159991 -0.3423255 0.9239563 -0.1706398 0.3482776 0.9229166 0.1640965 0.3386428 0.9234392 0.1805027 0.5805175 0.3251656 0.746503 0.5804478 0.332831 0.7431715 0.5804236 0.3347734 0.7423175 0.5805175 -0.3251656 0.746503 0.5804478 -0.332831 0.7431715 0.5805264 -0.3236649 0.747148 0.1579198 -0.9159231 0.3689801 0.3482776 -0.9229166 0.1640965 -0.1616351 -0.9160257 -0.3671118 -0.3513312 -0.9224801 -0.159991 -0.6124552 -0.3247423 -0.7207227 -0.614684 -0.332755 -0.7151488 -0.6099547 -0.3159672 -0.7267188 -0.9318398 0.3624612 0.01722049 -0.9254109 0.3783251 0.02201867 -0.9236289 0.3825785 0.02331012 -0.3864511 0.9222936 0.005493223 -0.3826748 0.9238598 0.006567776 0.3858964 0.9225418 8.87846e-4 0.3826838 0.9238795 0 0.9305994 0.3656067 0.0177958 0.9249715 0.3797737 0.01412856 0.9237976 0.3826473 0.01338136 0.9305994 -0.3656067 0.0177958 0.9249715 -0.3797737 0.01412856 0.9316346 -0.3629261 0.01848661 0.3386428 -0.9234392 0.1805027 0.3858964 -0.9225418 8.87846e-4 -0.3423255 -0.9239563 -0.1706399 -0.3864511 -0.9222936 0.005493223 -0.9318398 -0.3624612 0.01722049 -0.9254109 -0.3783251 0.02201867 -0.9334013 -0.3584768 0.01601994 1.95157e-6 0 -1 -6.50547e-7 0 -1 -1.95157e-6 0 -1 -2.08204e-6 0 1 0.5000017 0 0.8660245 2.08204e-6 0 1 0.5000017 0 0.8660244 0.866025 0 0.5000007 0.8660275 0 0.4999964 1 0 1.70884e-6 1 0 -2.13114e-6 0.8660271 0 -0.4999973 0.8660255 0 -0.4999999 0.5000017 0 -0.8660244 0.4999999 0 -0.8660255 0 0 -1 0 0 -1 -0.5 0 -0.8660255 -0.5000017 0 -0.8660244 -0.8660255 0 -0.4999999 -0.8660269 0 -0.4999973 -1 0 1.09994e-6 -0.8660265 0 0.4999982 -0.8660259 0 0.4999992 -0.5000017 0 0.8660244 -0.5000017 0 0.8660245 1.27204e-7 1 -4.2423e-7 1.27203e-7 1 -4.44404e-7 -1.27204e-7 1 -5.69606e-7 6.15774e-6 0 1 0.4999983 0 0.8660264 -6.15774e-6 0 1 0.5000055 0 0.8660222 0.8660249 0 0.500001 0.8660275 0 0.4999963 1 0 2.01329e-6 1 0 -2.19007e-6 0.8660269 0 -0.4999973 0.8660262 0 -0.4999987 0.4999995 0 -0.8660258 2.03294e-6 0 -1 -2.03294e-6 0 -1 -0.4999995 0 -0.8660258 -0.5000017 0 -0.8660244 -0.8660266 0 -0.4999979 -1 0 5.7943e-7 -1 0 -1.1687e-6 -0.8660275 0 0.4999964 0 -1 0 0 -1 4.96926e-7 0 -1 0 -0.8660249 0 0.5000008 -0.5000055 0 0.8660223 -0.4999983 0 0.8660264 0 1 -5.00797e-7 0 1 -5.81511e-7 0 1 -7.59475e-7 0.1279699 -0.9834876 0.1279688 -0.1279668 -0.9834881 -0.1279675 0.127967 -0.9834877 -0.1279707 0.9834876 0.1279667 0.1279714 0.9834873 -0.1279681 -0.1279727 0.9834877 0.127965 -0.1279732 -0.1279503 0.1279528 0.9834921 0.1279568 -0.1279514 0.9834915 0.1279554 0.127951 0.9834918 -0.9834876 -0.1279675 0.1279706 -0.9834871 0.1279693 -0.1279727 -0.9834855 -0.1279817 -0.1279727 -0.1279693 0.9834876 0.1279692 0.1279708 0.9834872 -0.1279705 -0.127969 0.9834873 -0.1279713 -0.1216096 -0.4915683 -0.8623061 -0.4915655 -0.1216033 -0.8623085 -0.1279502 -0.1279533 -0.9834921 -0.1216062 -0.8623142 -0.4915549 -0.4488607 -0.4488542 -0.7726927 -0.4915623 -0.8623105 -0.1216022 -0.8623016 -0.4915772 -0.1216061 -0.4488506 -0.7727025 -0.4488475 -0.8623098 -0.121606 -0.4915627 -0.7727043 -0.4488388 -0.4488565 -0.1216039 -0.8623111 0.4915608 -0.4915667 -0.8623078 0.1216039 -0.1279681 -0.9834877 0.1279696 -0.4488532 -0.4488562 0.7726959 -0.448853 -0.7727006 0.4488484 -0.4915704 -0.1216033 0.8623057 -0.1216025 -0.4915669 0.862308 -0.1279618 -0.1279515 0.9834908 -0.8623094 -0.121605 0.4915635 -0.8623089 -0.4915642 0.121606 -0.7727018 -0.4488418 0.4488575 -0.4915634 0.1216039 -0.8623097 -0.1216068 0.4915673 -0.862307 -0.1279482 0.1279525 -0.9834925 -0.8623088 0.1216058 -0.4915646 -0.4488596 0.4488556 -0.7726925 -0.8623105 0.4915617 -0.1216053 -0.4488523 0.772701 -0.4488486 -0.7727082 0.448837 -0.4488511 -0.1216036 0.8623104 -0.4915621 -0.4915689 0.8623068 -0.1216028 -0.1216028 0.4915667 0.862308 -0.4915622 0.1216041 0.8623103 -0.1216037 0.862312 0.4915595 -0.4488531 0.4488568 0.7726957 -0.491561 0.8623112 0.1216029 -0.8623014 0.4915776 0.1216053 -0.4488482 0.7727032 0.4488487 -0.8623101 0.1216053 0.4915624 -0.9834859 0.1279803 0.1279714 -0.772705 0.4488409 0.448853 0.4915645 -0.1216075 -0.8623086 0.1216115 -0.4915623 -0.8623092 0.1279484 -0.1279501 -0.9834928 0.8623082 -0.1216061 -0.4915656 0.4488568 -0.4488573 -0.7726933 0.8623076 -0.4915667 -0.1216054 0.4915637 -0.8623093 -0.1216045 0.772697 -0.448851 -0.4488567 0.1216077 -0.8623108 -0.4915605 0.4488386 -0.7727069 -0.448852 0.1216041 -0.491566 0.8623082 0.4915664 -0.1216077 0.8623074 0.1216055 -0.8623134 0.4915567 0.4488487 -0.4488594 0.7726966 0.4915665 -0.8623077 0.1216053 0.7726942 -0.4488546 0.4488576 0.4488443 -0.7727041 0.448851 0.8623095 -0.1216061 0.4915632 0.8623094 -0.4915634 0.1216058 0.9834882 -0.1279632 0.1279712 0.1216095 0.4915635 -0.8623088 0.491567 0.1216084 -0.862307 0.1279502 0.1279512 -0.9834924 0.1216052 0.8623113 -0.4915602 0.4488564 0.4488582 -0.7726929 0.4915691 0.8623063 -0.1216052 0.7726981 0.4488517 -0.448854 0.4488417 0.7727052 -0.4488518 0.8623094 0.1216066 -0.4915632 0.8623103 0.4915615 -0.121607 0.4915697 0.1216083 0.8623055 0.121607 0.4915642 0.8623089 0.8623089 0.1216052 0.4915643 0.4488525 0.4488588 0.7726948 0.8623063 0.4915686 0.1216068 0.4915628 0.8623099 0.1216055 0.7726963 0.4488533 0.4488555 0.1216052 0.8623099 0.4915627 0.1279694 0.9834871 0.1279723 0.4488373 0.7727075 0.4488521 0.1279723 -0.983487 0.1279704 -0.1279677 -0.9834879 -0.1279693 0.1279678 -0.9834873 -0.1279724 0.9834877 0.1279665 0.127971 0.9834872 -0.1279683 -0.1279731 0.9834877 0.1279648 -0.1279728 -0.1279568 0.127953 0.9834914 0.1279504 -0.1279512 0.9834924 0.1279618 0.1279498 0.9834911 -0.9834876 -0.1279678 0.127971 -0.9834872 0.1279692 -0.1279723 -0.9834854 -0.1279819 -0.127973 -0.1279668 0.9834881 0.1279675 0.1279699 0.9834876 -0.1279688 -0.1279681 0.9834877 -0.1279696 -0.1216071 -0.4915665 -0.8623074 -0.4915654 -0.1216037 -0.8623086 -0.1279501 -0.1279528 -0.9834923 -0.1216032 -0.862312 -0.4915595 -0.4488603 -0.4488555 -0.7726923 -0.4915623 -0.8623105 -0.1216026 -0.8623026 -0.4915755 -0.1216049 -0.4488514 -0.7727015 -0.4488484 -0.8623099 -0.1216056 -0.4915626 -0.7727087 -0.4488367 -0.4488508 -0.1216041 -0.8623104 0.4915622 -0.4915675 -0.8623074 0.1216031 -0.1279706 -0.9834871 0.1279712 -0.4488566 -0.4488563 0.7726939 -0.4488491 -0.7727027 0.4488488 -0.4915682 -0.1216038 0.862307 -0.1216047 -0.4915674 0.8623073 -0.1279553 -0.1279526 0.9834915 -0.8623093 -0.1216049 0.4915637 -0.8623097 -0.491563 0.1216052 -0.7727056 -0.4488403 0.4488524 -0.4915639 0.1216036 -0.8623094 -0.1216097 0.491566 -0.8623073 -0.1279483 0.1279517 -0.9834926 -0.8623089 0.1216058 -0.4915644 -0.4488608 0.4488546 -0.7726924 -0.8623097 0.4915628 -0.1216062 -0.4488511 0.772701 -0.4488496 -0.7727045 0.4488386 -0.4488563 -0.1216065 0.862311 -0.4915606 -0.4915688 0.8623067 -0.1216034 -0.1216019 0.4915692 0.8623067 -0.4915655 0.1216034 0.8623086 -0.1216036 0.8623144 0.4915552 -0.448852 0.4488561 0.7726967 -0.4915602 0.8623116 0.1216026 -0.8623008 0.4915786 0.1216061 -0.4488525 0.7727021 0.4488462 -0.8623102 0.1216052 0.491562 -0.9834859 0.1279801 0.127971 -0.7727014 0.4488422 0.4488579 0.4915648 -0.1216084 -0.8623083 0.121609 -0.4915641 -0.8623085 0.1279484 -0.1279509 -0.9834927 0.8623084 -0.1216061 -0.4915652 0.4488556 -0.4488582 -0.7726933 0.8623067 -0.4915677 -0.1216073 0.4915643 -0.8623091 -0.1216051 0.7726983 -0.4488508 -0.4488546 0.1216047 -0.8623101 -0.4915627 0.448841 -0.7727056 -0.4488518 0.1216051 -0.4915636 0.8623093 0.4915637 -0.1216087 0.8623088 0.1216057 -0.8623113 0.4915603 0.4488492 -0.4488596 0.7726964 0.4915676 -0.8623071 0.1216056 0.772695 -0.4488552 0.4488559 0.448838 -0.7727072 0.4488522 0.8623097 -0.1216063 0.4915629 0.8623095 -0.4915628 0.1216072 0.983488 -0.1279634 0.1279716 0.1216118 0.4915651 -0.8623076 0.4915665 0.1216077 -0.8623074 0.1279503 0.1279517 -0.9834924 0.1216081 0.8623132 -0.4915563 0.4488574 0.4488576 -0.7726927 0.4915686 0.8623065 -0.1216049 0.7726961 0.4488524 -0.4488566 0.4488392 0.7727062 -0.4488527 0.862309 0.1216069 -0.4915639 0.862311 0.4915607 -0.1216055 0.491571 0.1216073 0.8623049 0.1216043 0.4915632 0.8623096 0.8623087 0.1216052 0.4915648 0.4488492 0.4488589 0.7726967 0.8623061 0.4915692 0.1216056 0.4915617 0.8623105 0.121605 0.7726954 0.448853 0.4488574 0.121605 0.862311 0.4915607 0.1279669 0.9834877 0.1279707 0.4488437 0.7727048 0.4488505 0.1279695 -0.9834884 0.1279628 -0.1279695 -0.9834885 -0.1279628 0.1279715 -0.9834868 -0.1279734 0.9834872 0.1279699 0.1279719 0.983487 -0.1279715 -0.1279718 0.9834868 0.127972 -0.1279724 -0.1279575 0.1279529 0.9834912 0.127959 -0.1279546 0.9834908 0.1279557 0.1279503 0.9834918 -0.9834872 -0.1279699 0.1279719 -0.983487 0.1279715 -0.1279718 -0.9834868 -0.127972 -0.1279724 -0.1279692 0.9834876 0.1279691 0.1279692 0.9834876 -0.1279691 -0.1279711 0.9834865 -0.1279762 -0.1216081 -0.4915642 -0.8623086 -0.4915645 -0.1216068 -0.8623086 -0.1279526 -0.1279549 -0.9834916 -0.1216021 -0.8623121 -0.4915598 -0.4488503 -0.4488535 -0.7726991 -0.4915664 -0.8623084 -0.1216005 -0.8623084 -0.4915671 -0.1215978 -0.4488382 -0.7727075 -0.4488514 -0.862309 -0.1216034 -0.4915646 -0.7727072 -0.4488382 -0.4488517 -0.1216017 -0.8623082 0.4915667 -0.4915667 -0.8623082 0.1216011 -0.1279714 -0.9834868 0.1279734 -0.4488469 -0.4488546 0.7727006 -0.4488365 -0.7727088 0.4488509 -0.4915638 -0.121607 0.862309 -0.1216041 -0.4915656 0.8623085 -0.1279571 -0.1279529 0.9834914 -0.8623106 -0.1216025 0.4915621 -0.8623086 -0.4915661 0.1216008 -0.7727068 -0.448844 0.4488465 -0.4915648 0.1216073 -0.8623085 -0.1216065 0.4915606 -0.862311 -0.1279492 0.1279506 -0.9834926 -0.8623102 0.1216034 -0.4915627 -0.4488513 0.4488549 -0.7726978 -0.8623097 0.491564 -0.1216018 -0.4915689 0.8623068 -0.1216024 -0.7727053 0.448842 -0.4488513 -0.1216016 0.8623089 -0.4915655 -0.4488365 0.7727133 -0.4488433 -0.1216031 0.4915605 0.8623114 -0.4915692 0.1216071 0.8623059 -0.1216017 0.8623114 0.4915609 -0.448849 0.4488549 0.7726991 -0.4915631 0.86231 0.1216027 -0.8623073 0.4915689 0.1215994 -0.4488427 0.7727112 0.4488403 -0.862313 0.1216028 0.4915578 -0.9834873 0.1279703 0.1279708 -0.7727106 0.4488373 0.4488468 0.4915637 -0.121607 -0.862309 0.1216076 -0.4915653 -0.8623082 0.1279507 -0.1279532 -0.9834921 0.8623099 -0.1216033 -0.491563 0.4488494 -0.4488539 -0.7726995 0.8623098 -0.4915642 -0.1216001 0.491569 -0.862307 -0.1216006 0.7727056 -0.4488422 -0.4488503 0.1216018 -0.8623081 -0.4915667 0.4488351 -0.7727089 -0.4488521 0.1216045 -0.4915645 0.8623089 0.4915684 -0.121607 0.8623065 0.1216019 -0.862312 0.4915598 0.4488476 -0.4488543 0.7727003 0.4915633 -0.8623101 0.1216011 0.8623074 -0.4915689 0.1215985 0.4488413 -0.7727065 0.4488499 0.8623129 -0.1216026 0.4915581 0.9834873 -0.1279703 0.1279708 0.7727106 -0.4488373 0.4488468 0.1216067 0.4915601 -0.8623111 0.4915653 0.121607 -0.8623082 0.1279512 0.1279532 -0.983492 0.1216018 0.8623114 -0.491561 0.4488518 0.4488541 -0.772698 0.4915662 0.8623083 -0.121602 0.8623084 0.4915671 -0.1215988 0.4488396 0.7727124 -0.4488418 0.8623092 0.1216035 -0.4915643 0.7727072 0.4488382 -0.4488517 0.4915647 0.1216073 0.8623084 0.121603 0.4915609 0.8623112 0.8623108 0.1216027 0.4915617 0.4488487 0.4488556 0.7726989 0.8623085 0.4915659 0.1216024 0.4915665 0.862308 0.1216029 0.7727065 0.4488438 0.4488475 0.1216015 0.8623089 0.4915655 0.1279711 0.9834865 0.1279762 0.4488378 0.7727131 0.448842 0.1279692 -0.9834876 0.1279691 -0.1279692 -0.9834876 -0.1279691 0.1279711 -0.9834865 -0.1279762 -0.127959 0.1279546 0.9834908 0.1279575 -0.1279529 0.9834912 0.1279571 0.1279529 0.9834914 -0.1279695 0.9834884 0.1279628 0.1279695 0.9834885 -0.1279628 -0.1279715 0.9834868 -0.1279734 -0.1216067 -0.4915601 -0.8623111 -0.4915653 -0.121607 -0.8623082 -0.1279512 -0.1279532 -0.983492 -0.1216018 -0.8623114 -0.491561 -0.4488518 -0.4488541 -0.772698 -0.4915662 -0.8623083 -0.121602 -0.8623084 -0.4915671 -0.1215988 -0.4488396 -0.7727124 -0.4488418 -0.8623092 -0.1216035 -0.4915643 -0.1216015 -0.8623089 0.4915655 -0.4915665 -0.862308 0.1216028 -0.1279711 -0.9834865 0.1279762 -0.4488487 -0.4488556 0.7726989 -0.4488378 -0.7727131 0.448842 -0.4915647 -0.1216073 0.8623084 -0.121603 -0.4915609 0.8623112 -0.1279557 -0.1279503 0.9834918 -0.8623108 -0.1216027 0.4915617 -0.8623085 -0.4915659 0.1216024 -0.7727065 -0.4488438 0.4488475 -0.4915637 0.121607 -0.862309 -0.1216076 0.4915653 -0.8623082 -0.1279507 0.1279532 -0.9834921 -0.8623099 0.1216033 -0.491563 -0.4488494 0.4488539 -0.7726995 -0.8623098 0.4915642 -0.1216001 -0.491569 0.862307 -0.1216006 -0.7727056 0.4488422 -0.4488503 -0.1216018 0.8623081 -0.4915667 -0.4488351 0.7727089 -0.4488521 -0.1216045 0.4915645 0.8623089 -0.4915684 0.121607 0.8623065 -0.1216019 0.862312 0.4915598 -0.4488476 0.4488543 0.7727003 -0.4915633 0.8623101 0.1216011 -0.8623074 0.4915689 0.1215985 -0.4488413 0.7727065 0.4488499 -0.8623129 0.1216026 0.4915581 0.4915648 -0.1216073 -0.8623085 0.1216065 -0.4915606 -0.862311 0.1279492 -0.1279506 -0.9834926 0.8623102 -0.1216034 -0.4915627 0.4488513 -0.4488549 -0.7726978 0.8623097 -0.491564 -0.1216018 0.4915689 -0.8623068 -0.1216024 0.7727053 -0.448842 -0.4488513 0.1216016 -0.8623089 -0.4915655 0.4488365 -0.7727133 -0.4488433 0.1216031 -0.4915605 0.8623114 0.4915692 -0.1216071 0.8623059 0.1216017 -0.8623114 0.4915609 0.448849 -0.4488549 0.7726991 0.4915631 -0.86231 0.1216027 0.8623073 -0.4915689 0.1215994 0.4488427 -0.7727112 0.4488403 0.862313 -0.1216028 0.4915578 0.1216081 0.4915642 -0.8623086 0.4915645 0.1216068 -0.8623086 0.1279526 0.1279549 -0.9834916 0.1216021 0.8623121 -0.4915598 0.4488503 0.4488535 -0.7726991 0.4915664 0.8623084 -0.1216005 0.8623084 0.4915671 -0.1215978 0.4488382 0.7727075 -0.4488514 0.862309 0.1216034 -0.4915646 0.4915638 0.121607 0.862309 0.1216041 0.4915656 0.8623085 0.8623106 0.1216025 0.4915621 0.4488469 0.4488546 0.7727006 0.8623086 0.4915661 0.1216008 0.4915666 0.8623082 0.1216011 0.7727068 0.448844 0.4488465 0.1216017 0.8623082 0.4915667 0.1279714 0.9834868 0.1279734 0.4488365 0.7727088 0.4488509 -5.69618e-7 1 0 0.5000008 0.8660249 0 0 1 0 0.4999995 0.8660258 0 0.8660262 0.4999988 0 0.8660252 0.5000006 0 1 -1.12942e-6 0 1 7.75859e-7 0 0.866025 -0.5000007 0 0.8660264 -0.4999983 0 0.4999991 -0.8660259 0 0.500001 -0.8660249 0 -2.25883e-7 -1 0 2.55346e-7 -1 0 -0.4999998 -0.8660255 0 -0.5000002 -0.8660254 0 -0.866025 -0.5000007 0 -0.866026 -0.499999 0 -1 -1.22763e-6 0 -1 1.56154e-6 0 -0.8660259 0.4999991 0 3.82511e-7 0 1 -0.8660254 0.5000002 0 -0.4999998 0.8660255 0 -0.5 0.8660255 0 1.81006e-6 0 -1 -9.27005e-7 0 -1 -1.0634e-6 0 -1 0.9334031 0.3584718 0.01601827 -0.9316372 0.362919 0.01848804 -0.9237951 -0.3826538 0.01337987 -0.3826839 -0.9238795 0 0.3826761 -0.9238592 0.00656712 0.9236266 -0.3825839 0.02331179 0.6099562 0.3159679 -0.7267172 -0.580527 0.3236659 0.7471472 -0.5804243 -0.3347687 0.742319 0.6177155 -0.3439645 -0.7071888 -0.1140841 0.9200586 -0.3748027 0.1124116 0.9201987 0.3749639 0 0.3820673 0.9241346 0 -0.3820673 0.9241345 -0.6099547 0.3159672 -0.7267188 0.5805264 0.3236649 0.747148 0.5804236 -0.3347734 0.7423175 -0.6177146 -0.3439686 -0.7071877 -0.9334013 0.3584768 0.01601994 0.9316346 0.3629261 0.01848661 0.9237976 -0.3826473 0.01338136 0.3826838 -0.9238795 0 -0.3826748 -0.9238598 0.006567776 -0.9236289 -0.3825785 0.02331012 6.50547e-7 0 -1 7.80697e-6 0 -1 3.90349e-6 0 -1 -7.80697e-6 0 -1 -3.90349e-6 0 -1 -1.27204e-7 1 -6.74628e-7 -1.27221e-6 1 -2.54572e-6 0 1 -8.40181e-7 0 1 -2.94891e-7 0 1 -8.48562e-7 1.2722e-6 1 -3.39425e-6 -0.8660263 0 -0.4999986 -1.66585e-7 -1 4.96952e-7 5.72501e-7 -1 2.23633e-6 -5.72501e-7 -1 2.23633e-6 1.66585e-7 -1 4.96952e-7 0 1 3.39384e-7 0 1 3.39429e-6 0 1 -6.78859e-6 0 1 -6.78767e-7 0 1 -3.39381e-7 0 1 -3.39425e-6 0 1 6.7885e-6 6.03431e-6 0 1 -1.38451e-6 0 1 -4.41739e-7 0 1 -6.0335e-7 0 1 -6.03433e-6 0 1 6.03433e-6 0 1 6.0335e-7 0 1 -2.31369e-6 0 -1 6.74476e-6 0 -1 -1.20685e-5 0 -1 -6.03427e-6 0 -1 7.34809e-6 0 -1 -2.31368e-6 0 -1 -3.23673e-7 0 -1 1.20685e-5 0 -1 6.03422e-6 0 -1</float_array>
          <technique_common>
            <accessor source="#payload_box-mesh-normals-array" count="1008" stride="3">
              <param name="X" type="float"/>
              <param name="Y" type="float"/>
              <param name="Z" type="float"/>
            </accessor>
          </technique_common>
        </source>
        <vertices id="payload_box-mesh-vertices">
          <input semantic="POSITION" source="#payload_box-mesh-positions"/>
        </vertices>
        <triangles material="orange-material" count="752">
          <input semantic="VERTEX" source="#payload_box-mesh-vertices" offset="0"/>
          <input semantic="NORMAL" source="#payload_box-mesh-normals" offset="1"/>
          <p>61 0 1 1 50 2 85 3 49 4 74 5 36 6 60 7 84 8 14 9 25 10 2 11 37 12 73 13 26 14 3 15 4 16 0 17 3 15 8 18 5 19 6 20 7 21 1 1 6 20 11 22 8 18 9 23 10 24 2 11 4 16 11 22 9 23 5 19 8 18 11 22 15 25 16 26 12 27 19 28 17 29 15 25 18 30 19 28 13 31 18 30 23 32 20 33 21 34 22 35 14 9 16 26 23 32 21 34 17 29 20 33 23 32 27 36 28 37 24 38 27 36 32 39 29 40 30 41 31 42 25 10 34 43 32 39 30 41 33 44 34 43 26 14 28 37 35 45 33 44 29 40 32 39 35 45 39 46 40 47 36 6 39 46 44 48 41 49 42 50 43 51 37 12 42 50 47 52 44 48 45 53 46 54 38 55 40 47 47 52 45 53 41 49 44 48 47 52 51 56 52 57 48 58 51 56 56 59 53 60 54 61 55 62 49 4 54 61 59 63 56 59 57 64 58 65 50 2 52 57 59 63 57 64 53 60 56 59 59 63 63 66 64 67 60 7 63 66 68 68 65 69 66 70 67 71 61 0 70 72 68 68 66 70 69 73 70 72 62 74 64 67 71 75 69 73 65 69 68 68 71 75 75 76 76 77 72 78 75 76 80 79 77 80 78 81 79 82 73 13 82 83 80 79 78 81 81 84 82 83 74 5 76 77 83 85 81 84 77 80 80 79 83 85 87 86 88 87 84 8 87 86 92 88 89 89 90 90 91 91 85 3 90 90 95 92 92 88 93 93 94 94 86 95 88 87 95 92 93 93 89 89 92 88 95 92 0 17 27 36 24 38 4 16 31 42 27 36 9 23 25 10 31 42 12 27 6 20 1 1 16 26 10 24 6 20 21 34 2 11 10 24 36 6 18 30 13 31 40 47 22 35 18 30 45 53 14 9 22 35 26 14 42 50 37 12 34 43 46 54 42 50 30 41 38 55 46 54 72 78 28 37 75 76 28 37 79 82 75 76 33 44 73 13 79 82 84 8 39 46 36 6 88 87 43 51 39 46 43 51 86 95 37 12 74 5 90 90 85 3 82 83 94 94 90 90 78 81 86 95 94 94 72 78 51 56 48 58 76 77 55 62 51 56 81 84 49 4 55 62 60 7 87 86 84 8 64 67 91 91 87 86 69 73 85 3 91 91 50 2 66 70 61 0 58 65 70 72 66 70 54 61 62 74 70 72 48 58 3 15 0 17 52 57 7 21 3 15 7 21 50 2 1 1 60 7 19 28 63 66 19 28 67 71 63 66 15 25 61 0 67 71 72 78 0 17 24 38 165 102 105 103 154 104 189 105 153 106 178 107 140 108 164 109 188 110 118 111 129 112 106 113 141 114 177 115 130 116 107 117 108 118 104 119 111 120 109 121 107 117 110 122 111 120 105 103 110 122 115 123 112 124 113 125 114 126 106 113 113 125 109 121 115 123 109 121 112 124 115 123 119 127 120 128 116 129 119 127 124 130 121 131 122 132 123 133 117 134 126 135 124 130 122 132 125 136 126 135 118 111 120 128 127 137 125 136 121 131 124 130 127 137 131 138 132 139 128 140 135 141 133 142 131 138 134 143 135 141 129 112 138 144 136 145 134 143 137 146 138 144 130 116 137 146 133 142 139 147 133 142 136 145 139 147 143 148 144 149 140 108 147 150 145 151 143 148 146 152 147 150 141 114 146 152 151 153 148 154 149 155 150 156 142 157 149 155 145 151 151 153 145 151 148 154 151 153 155 158 156 159 152 160 159 161 157 162 155 158 158 163 159 161 153 106 158 163 163 164 160 165 161 166 162 167 154 104 161 166 157 162 163 164 157 162 160 165 163 164 167 168 168 169 164 109 171 170 169 171 167 168 170 172 171 170 165 102 170 172 175 173 172 174 173 175 174 176 166 177 173 175 169 171 175 173 169 171 172 174 175 173 179 178 180 179 176 180 183 181 181 182 179 178 182 183 183 181 177 115 182 183 187 184 184 185 185 186 186 187 178 107 185 186 181 182 187 184 181 182 184 185 187 184 191 188 192 189 188 110 195 190 193 191 191 188 194 192 195 190 189 105 194 192 199 193 196 194 197 195 198 196 190 197 197 195 193 191 199 193 193 191 196 194 199 193 104 119 131 138 128 140 108 118 135 141 131 138 135 141 106 113 129 112 116 129 110 122 105 103 120 128 114 126 110 122 125 136 106 113 114 126 140 108 122 132 117 134 144 149 126 135 122 132 149 155 118 111 126 135 130 116 146 152 141 114 138 144 150 156 146 152 134 143 142 157 150 156 128 140 179 178 176 180 132 139 183 181 179 178 137 146 177 115 183 181 188 110 143 148 140 108 192 189 147 150 143 148 197 195 141 114 147 150 178 107 194 192 189 105 186 187 198 196 194 192 182 183 190 197 198 196 176 180 155 158 152 160 180 179 159 161 155 158 159 161 178 107 153 106 164 109 191 188 188 110 168 169 195 190 191 188 195 190 166 177 189 105 154 104 170 172 165 102 162 167 174 176 170 172 158 163 166 177 174 176 152 160 107 117 104 119 156 159 111 120 107 117 161 166 105 103 111 120 117 134 167 168 164 109 123 133 171 170 167 168 119 127 165 102 171 170 176 180 104 119 128 140 261 198 201 199 250 200 285 201 249 202 274 203 236 204 260 205 284 206 214 207 225 208 202 209 237 210 273 211 226 212 203 213 204 214 200 215 207 216 205 217 203 213 206 218 207 216 201 199 210 219 208 220 206 218 209 221 210 219 202 209 209 221 205 217 211 222 205 217 208 220 211 222 215 223 216 224 212 225 215 223 220 226 217 227 218 228 219 229 213 230 222 231 220 226 218 228 221 232 222 231 214 207 221 232 217 227 223 233 217 227 220 226 223 233 227 234 228 235 224 236 231 237 229 238 227 234 230 239 231 237 225 208 230 239 235 240 232 241 233 242 234 243 226 212 233 242 229 238 235 240 229 238 232 241 235 240 239 244 240 245 236 204 243 246 241 247 239 244 242 248 243 246 237 210 246 249 244 250 242 248 245 251 246 249 238 252 245 251 241 247 247 253 241 247 244 250 247 253 251 254 252 255 248 256 255 257 253 258 251 254 254 259 255 257 249 202 254 259 259 260 256 261 257 262 258 263 250 200 257 262 253 258 259 260 253 258 256 261 259 260 263 264 264 265 260 205 267 266 265 267 263 264 266 268 267 266 261 198 270 269 268 270 266 268 269 271 270 269 262 272 269 271 265 267 271 273 265 267 268 270 271 273 275 274 276 275 272 276 279 277 277 278 275 274 278 279 279 277 273 211 282 280 280 281 278 279 281 282 282 280 274 203 281 282 277 278 283 283 277 278 280 281 283 283 287 284 288 285 284 206 291 286 289 287 287 284 290 288 291 286 285 201 290 288 295 289 292 290 293 291 294 292 286 293 293 291 289 287 295 289 289 287 292 290 295 289 200 215 227 234 224 236 204 214 231 237 227 234 209 221 225 208 231 237 212 225 206 218 201 199 216 224 210 219 206 218 221 232 202 209 210 219 236 204 218 228 213 230 240 245 222 231 218 228 245 251 214 207 222 231 226 212 242 248 237 210 234 243 246 249 242 248 230 239 238 252 246 249 224 236 275 274 272 276 228 235 279 277 275 274 279 277 226 212 273 211 236 204 288 285 239 244 288 285 243 246 239 244 293 291 237 210 243 246 274 203 290 288 285 201 282 280 294 292 290 288 278 279 286 293 294 292 272 276 251 254 248 256 276 275 255 257 251 254 281 282 249 202 255 257 260 205 287 284 284 206 264 265 291 286 287 284 269 271 285 201 291 286 250 200 266 268 261 198 258 263 270 269 266 268 254 259 262 272 270 269 200 215 252 255 203 213 252 255 207 216 203 213 257 262 201 199 207 216 213 230 263 264 260 205 219 229 267 266 263 264 267 266 212 225 261 198 272 276 200 215 224 236 357 294 297 295 346 296 381 297 345 298 370 299 332 300 356 301 380 302 310 303 321 304 298 305 333 306 369 307 322 308 299 309 300 310 296 311 303 312 301 313 299 309 302 314 303 312 297 295 306 315 304 316 302 314 305 317 306 315 298 305 305 317 301 313 307 318 301 313 304 316 307 318 311 319 312 320 308 321 311 319 316 322 313 323 314 324 315 325 309 326 318 327 316 322 314 324 317 328 318 327 310 303 317 328 313 323 319 329 313 323 316 322 319 329 323 330 324 331 320 332 327 333 325 334 323 330 326 335 327 333 321 304 326 335 331 336 328 337 329 338 330 339 322 308 329 338 325 334 331 336 325 334 328 337 331 336 335 340 336 341 332 300 339 342 337 343 335 340 338 344 339 342 333 306 342 345 340 346 338 344 341 347 342 345 334 348 341 347 337 343 343 349 337 343 340 346 343 349 347 350 348 351 344 352 351 353 349 354 347 350 350 355 351 353 345 298 350 355 355 356 352 357 353 358 354 359 346 296 353 358 349 354 355 356 349 354 352 357 355 356 359 360 360 361 356 301 363 362 361 363 359 360 362 364 363 362 357 294 366 365 364 366 362 364 365 367 366 365 358 368 365 367 361 363 367 369 361 363 364 366 367 369 371 370 372 371 368 372 375 373 373 374 371 370 374 375 375 373 369 307 378 376 376 377 374 375 377 378 378 376 370 299 377 378 373 374 379 379 373 374 376 377 379 379 383 380 384 381 380 302 387 382 385 383 383 380 386 384 387 382 381 297 386 384 391 385 388 386 389 387 390 388 382 389 389 387 385 383 391 385 385 383 388 386 391 385 296 311 323 330 320 332 300 310 327 333 323 330 305 317 321 304 327 333 308 321 302 314 297 295 312 320 306 315 302 314 317 328 298 305 306 315 332 300 314 324 309 326 336 341 318 327 314 324 341 347 310 303 318 327 322 308 338 344 333 306 330 339 342 345 338 344 326 335 334 348 342 345 320 332 371 370 368 372 324 331 375 373 371 370 375 373 322 308 369 307 332 300 384 381 335 340 384 381 339 342 335 340 389 387 333 306 339 342 370 299 386 384 381 297 378 376 390 388 386 384 374 375 382 389 390 388 368 372 347 350 344 352 372 371 351 353 347 350 377 378 345 298 351 353 356 301 383 380 380 302 360 361 387 382 383 380 365 367 381 297 387 382 346 296 362 364 357 294 354 359 366 365 362 364 350 355 358 368 366 365 296 311 348 351 299 309 348 351 303 312 299 309 353 358 297 295 303 312 309 326 359 360 356 301 315 325 363 362 359 360 363 362 308 321 357 294 368 372 296 311 320 332 61 0 12 27 1 1 85 3 62 74 49 4 36 6 13 31 60 7 14 9 38 55 25 10 37 12 86 95 73 13 3 15 5 19 4 16 3 15 7 21 8 18 6 20 8 18 7 21 6 20 10 24 11 22 9 23 11 22 10 24 4 16 5 19 11 22 15 25 17 29 16 26 19 28 20 33 17 29 18 30 20 33 19 28 18 30 22 35 23 32 21 34 23 32 22 35 16 26 17 29 23 32 27 36 29 40 28 37 27 36 31 42 32 39 30 41 32 39 31 42 34 43 35 45 32 39 33 44 35 45 34 43 28 37 29 40 35 45 39 46 41 49 40 47 39 46 43 51 44 48 42 50 44 48 43 51 42 50 46 54 47 52 45 53 47 52 46 54 40 47 41 49 47 52 51 56 53 60 52 57 51 56 55 62 56 59 54 61 56 59 55 62 54 61 58 65 59 63 57 64 59 63 58 65 52 57 53 60 59 63 63 66 65 69 64 67 63 66 67 71 68 68 66 70 68 68 67 71 70 72 71 75 68 68 69 73 71 75 70 72 64 67 65 69 71 75 75 76 77 80 76 77 75 76 79 82 80 79 78 81 80 79 79 82 82 83 83 85 80 79 81 84 83 85 82 83 76 77 77 80 83 85 87 86 89 89 88 87 87 86 91 91 92 88 90 90 92 88 91 91 90 90 94 94 95 92 93 93 95 92 94 94 88 87 89 89 95 92 0 17 4 16 27 36 4 16 9 23 31 42 9 23 2 11 25 10 12 27 16 26 6 20 16 26 21 34 10 24 21 34 14 9 2 11 36 6 40 47 18 30 40 47 45 53 22 35 45 53 38 55 14 9 26 14 34 43 42 50 34 43 30 41 46 54 30 41 25 10 38 55 72 78 24 38 28 37 28 37 33 44 79 82 33 44 26 14 73 13 84 8 88 87 39 46 88 87 93 93 43 51 43 51 93 93 86 95 74 5 82 83 90 90 82 83 78 81 94 94 78 81 73 13 86 95 72 78 76 77 51 56 76 77 81 84 55 62 81 84 74 5 49 4 60 7 64 67 87 86 64 67 69 73 91 91 69 73 62 74 85 3 50 2 58 65 66 70 58 65 54 61 70 72 54 61 49 4 62 74 48 58 52 57 3 15 52 57 57 64 7 21 7 21 57 64 50 2 60 7 13 31 19 28 19 28 15 25 67 71 15 25 12 27 61 0 72 78 48 58 0 17 165 102 116 129 105 103 189 105 166 177 153 106 140 108 117 134 164 109 118 111 142 157 129 112 141 114 190 197 177 115 107 117 109 121 108 118 111 120 112 124 109 121 110 122 112 124 111 120 110 122 114 126 115 123 113 125 115 123 114 126 113 125 108 118 109 121 119 127 121 131 120 128 119 127 123 133 124 130 122 132 124 130 123 133 126 135 127 137 124 130 125 136 127 137 126 135 120 128 121 131 127 137 131 138 133 142 132 139 135 141 136 145 133 142 134 143 136 145 135 141 138 144 139 147 136 145 137 146 139 147 138 144 137 146 132 139 133 142 143 148 145 151 144 149 147 150 148 154 145 151 146 152 148 154 147 150 146 152 150 156 151 153 149 155 151 153 150 156 149 155 144 149 145 151 155 158 157 162 156 159 159 161 160 165 157 162 158 163 160 165 159 161 158 163 162 167 163 164 161 166 163 164 162 167 161 166 156 159 157 162 167 168 169 171 168 169 171 170 172 174 169 171 170 172 172 174 171 170 170 172 174 176 175 173 173 175 175 173 174 176 173 175 168 169 169 171 179 178 181 182 180 179 183 181 184 185 181 182 182 183 184 185 183 181 182 183 186 187 187 184 185 186 187 184 186 187 185 186 180 179 181 182 191 188 193 191 192 189 195 190 196 194 193 191 194 192 196 194 195 190 194 192 198 196 199 193 197 195 199 193 198 196 197 195 192 189 193 191 104 119 108 118 131 138 108 118 113 125 135 141 135 141 113 125 106 113 116 129 120 128 110 122 120 128 125 136 114 126 125 136 118 111 106 113 140 108 144 149 122 132 144 149 149 155 126 135 149 155 142 157 118 111 130 116 138 144 146 152 138 144 134 143 150 156 134 143 129 112 142 157 128 140 132 139 179 178 132 139 137 146 183 181 137 146 130 116 177 115 188 110 192 189 143 148 192 189 197 195 147 150 197 195 190 197 141 114 178 107 186 187 194 192 186 187 182 183 198 196 182 183 177 115 190 197 176 180 180 179 155 158 180 179 185 186 159 161 159 161 185 186 178 107 164 109 168 169 191 188 168 169 173 175 195 190 195 190 173 175 166 177 154 104 162 167 170 172 162 167 158 163 174 176 158 163 153 106 166 177 152 160 156 159 107 117 156 159 161 166 111 120 161 166 154 104 105 103 117 134 123 133 167 168 123 133 119 127 171 170 119 127 116 129 165 102 176 180 152 160 104 119 261 198 212 225 201 199 285 201 262 272 249 202 236 204 213 230 260 205 214 207 238 252 225 208 237 210 286 293 273 211 203 213 205 217 204 214 207 216 208 220 205 217 206 218 208 220 207 216 210 219 211 222 208 220 209 221 211 222 210 219 209 221 204 214 205 217 215 223 217 227 216 224 215 223 219 229 220 226 218 228 220 226 219 229 222 231 223 233 220 226 221 232 223 233 222 231 221 232 216 224 217 227 227 234 229 238 228 235 231 237 232 241 229 238 230 239 232 241 231 237 230 239 234 243 235 240 233 242 235 240 234 243 233 242 228 235 229 238 239 244 241 247 240 245 243 246 244 250 241 247 242 248 244 250 243 246 246 249 247 253 244 250 245 251 247 253 246 249 245 251 240 245 241 247 251 254 253 258 252 255 255 257 256 261 253 258 254 259 256 261 255 257 254 259 258 263 259 260 257 262 259 260 258 263 257 262 252 255 253 258 263 264 265 267 264 265 267 266 268 270 265 267 266 268 268 270 267 266 270 269 271 273 268 270 269 271 271 273 270 269 269 271 264 265 265 267 275 274 277 278 276 275 279 277 280 281 277 278 278 279 280 281 279 277 282 280 283 283 280 281 281 282 283 283 282 280 281 282 276 275 277 278 287 284 289 287 288 285 291 286 292 290 289 287 290 288 292 290 291 286 290 288 294 292 295 289 293 291 295 289 294 292 293 291 288 285 289 287 200 215 204 214 227 234 204 214 209 221 231 237 209 221 202 209 225 208 212 225 216 224 206 218 216 224 221 232 210 219 221 232 214 207 202 209 236 204 240 245 218 228 240 245 245 251 222 231 245 251 238 252 214 207 226 212 234 243 242 248 234 243 230 239 246 249 230 239 225 208 238 252 224 236 228 235 275 274 228 235 233 242 279 277 279 277 233 242 226 212 236 204 284 206 288 285 288 285 293 291 243 246 293 291 286 293 237 210 274 203 282 280 290 288 282 280 278 279 294 292 278 279 273 211 286 293 272 276 276 275 251 254 276 275 281 282 255 257 281 282 274 203 249 202 260 205 264 265 287 284 264 265 269 271 291 286 269 271 262 272 285 201 250 200 258 263 266 268 258 263 254 259 270 269 254 259 249 202 262 272 200 215 248 256 252 255 252 255 257 262 207 216 257 262 250 200 201 199 213 230 219 229 263 264 219 229 215 223 267 266 267 266 215 223 212 225 272 276 248 256 200 215 357 294 308 321 297 295 381 297 358 368 345 298 332 300 309 326 356 301 310 303 334 348 321 304 333 306 382 389 369 307 299 309 301 313 300 310 303 312 304 316 301 313 302 314 304 316 303 312 306 315 307 318 304 316 305 317 307 318 306 315 305 317 300 310 301 313 311 319 313 323 312 320 311 319 315 325 316 322 314 324 316 322 315 325 318 327 319 329 316 322 317 328 319 329 318 327 317 328 312 320 313 323 323 330 325 334 324 331 327 333 328 337 325 334 326 335 328 337 327 333 326 335 330 339 331 336 329 338 331 336 330 339 329 338 324 331 325 334 335 340 337 343 336 341 339 342 340 346 337 343 338 344 340 346 339 342 342 345 343 349 340 346 341 347 343 349 342 345 341 347 336 341 337 343 347 350 349 354 348 351 351 353 352 357 349 354 350 355 352 357 351 353 350 355 354 359 355 356 353 358 355 356 354 359 353 358 348 351 349 354 359 360 361 363 360 361 363 362 364 366 361 363 362 364 364 366 363 362 366 365 367 369 364 366 365 367 367 369 366 365 365 367 360 361 361 363 371 370 373 374 372 371 375 373 376 377 373 374 374 375 376 377 375 373 378 376 379 379 376 377 377 378 379 379 378 376 377 378 372 371 373 374 383 380 385 383 384 381 387 382 388 386 385 383 386 384 388 386 387 382 386 384 390 388 391 385 389 387 391 385 390 388 389 387 384 381 385 383 296 311 300 310 323 330 300 310 305 317 327 333 305 317 298 305 321 304 308 321 312 320 302 314 312 320 317 328 306 315 317 328 310 303 298 305 332 300 336 341 314 324 336 341 341 347 318 327 341 347 334 348 310 303 322 308 330 339 338 344 330 339 326 335 342 345 326 335 321 304 334 348 320 332 324 331 371 370 324 331 329 338 375 373 375 373 329 338 322 308 332 300 380 302 384 381 384 381 389 387 339 342 389 387 382 389 333 306 370 299 378 376 386 384 378 376 374 375 390 388 374 375 369 307 382 389 368 372 372 371 347 350 372 371 377 378 351 353 377 378 370 299 345 298 356 301 360 361 383 380 360 361 365 367 387 382 365 367 358 368 381 297 346 296 354 359 362 364 354 359 350 355 366 365 350 355 345 298 358 368 296 311 344 352 348 351 348 351 353 358 303 312 353 358 346 296 297 295 309 326 315 325 359 360 315 325 311 319 363 362 363 362 311 319 308 321 368 372 344 352 296 311</p>
        </triangles>
        <triangles material="rubber-material" count="104">
          <input semantic="VERTEX" source="#payload_box-mesh-vertices" offset="0"/>
          <input semantic="NORMAL" source="#payload_box-mesh-normals" offset="1"/>
          <p>97 96 98 96 96 96 99 97 102 97 98 97 103 98 100 98 102 98 101 99 96 99 100 99 102 100 96 100 98 100 99 101 101 101 103 101 393 390 400 391 392 392 394 393 401 394 393 395 395 396 402 397 394 398 396 399 403 400 395 401 396 402 405 403 404 404 397 405 406 406 405 407 398 408 407 409 406 410 399 411 400 412 407 413 401 414 408 415 400 416 402 417 409 418 401 394 403 419 410 420 402 397 404 421 411 422 403 423 404 424 413 425 412 426 405 407 414 427 413 428 406 410 415 429 414 430 407 431 408 432 415 433 409 434 416 434 408 434 410 435 417 436 409 418 411 437 418 438 410 420 412 439 419 440 411 441 413 442 420 443 412 444 414 427 421 445 413 428 415 429 422 446 414 430 408 447 423 447 415 447 416 448 425 449 424 450 417 436 426 451 425 452 418 438 427 453 426 454 419 455 428 456 427 457 421 458 428 459 420 460 422 461 429 462 421 445 423 463 430 464 422 446 416 465 431 466 423 467 424 468 433 469 432 470 425 452 434 471 433 472 426 454 435 473 434 474 427 475 436 476 435 477 429 478 436 479 428 480 430 481 437 482 429 462 431 483 438 484 430 464 424 485 439 486 431 487 397 100 395 100 393 100 432 488 434 489 436 490 97 96 99 96 98 96 99 97 103 97 102 97 103 98 101 98 100 98 101 99 97 99 96 99 102 100 100 100 96 100 99 101 97 101 101 101 393 390 401 945 400 391 394 393 402 417 401 394 395 396 403 419 402 397 396 399 404 946 403 400 396 402 397 947 405 403 397 405 398 948 406 406 398 408 399 949 407 409 399 411 392 950 400 412 401 414 409 951 408 415 402 417 410 435 409 418 403 419 411 437 410 420 404 421 412 952 411 422 404 424 405 953 413 425 405 407 406 406 414 427 406 410 407 409 415 429 407 431 400 954 408 432 409 434 417 434 416 434 410 435 418 955 417 436 411 437 419 956 418 438 412 439 420 957 419 440 413 442 421 958 420 443 414 427 422 461 421 445 415 429 423 463 422 446 408 447 416 447 423 447 416 448 417 959 425 449 417 436 418 955 426 451 418 438 419 956 427 453 419 455 420 960 428 456 421 458 429 961 428 459 422 461 430 481 429 462 423 463 431 483 430 464 416 465 424 962 431 466 424 468 425 963 433 469 425 452 426 451 434 471 426 454 427 453 435 473 427 475 428 964 436 476 429 478 437 965 436 479 430 481 438 966 437 482 431 483 439 967 438 484 424 485 432 968 439 486 393 100 392 100 399 100 399 100 398 100 397 100 397 100 396 100 395 100 395 100 394 100 393 100 393 100 399 100 397 100 438 969 439 970 432 488 432 488 433 971 434 489 434 489 435 972 436 490 436 490 437 973 438 969 438 969 432 488 436 490</p>
        </triangles>
        <triangles material="gunmetal-material" count="884">
          <input semantic="VERTEX" source="#payload_box-mesh-vertices" offset="0"/>
          <input semantic="NORMAL" source="#payload_box-mesh-normals" offset="1"/>
          <p>441 491 442 492 440 493 443 494 444 495 442 492 445 496 446 497 444 495 447 498 448 499 446 497 449 500 450 501 448 499 451 502 452 503 450 501 453 504 454 505 452 503 455 506 456 507 454 505 457 508 458 509 456 507 458 509 461 510 460 511 461 99 453 99 445 99 461 510 462 512 460 511 463 513 440 493 462 512 458 514 462 515 446 516 465 517 466 518 464 519 467 520 468 521 466 518 469 522 470 523 468 521 471 524 472 525 470 523 473 526 474 501 472 525 475 527 476 528 474 501 477 529 478 530 476 528 479 531 480 532 478 530 480 532 483 533 482 534 483 533 484 535 482 534 485 536 477 537 469 538 485 539 486 540 484 535 487 541 464 519 486 540 482 542 486 543 470 544 549 545 489 546 538 547 573 548 537 549 562 550 524 551 548 552 572 553 502 554 513 555 490 556 525 557 561 558 514 559 491 560 492 561 488 562 495 563 493 564 491 560 494 565 495 563 489 546 498 566 496 567 494 565 497 568 498 566 490 556 497 568 493 564 499 569 493 564 496 567 499 569 503 570 504 571 500 572 503 570 508 573 505 574 506 575 507 576 501 577 510 578 508 573 506 575 509 579 510 578 502 554 509 579 505 574 511 580 505 574 508 573 511 580 515 581 516 582 512 583 519 584 517 585 515 581 518 586 519 584 513 555 518 586 523 587 520 588 521 589 522 590 514 559 521 589 517 585 523 587 517 585 520 588 523 587 527 591 528 592 524 551 531 593 529 594 527 591 530 595 531 593 525 557 534 596 532 597 530 595 533 598 534 596 526 599 533 598 529 594 535 600 529 594 532 597 535 600 539 601 540 602 536 603 543 604 541 605 539 601 542 606 543 604 537 549 546 607 544 608 542 606 545 609 546 607 538 547 545 609 541 605 547 610 541 605 544 608 547 610 551 611 552 612 548 552 555 613 553 614 551 611 554 615 555 613 549 545 554 615 559 616 556 617 557 618 558 619 550 620 557 618 553 614 559 616 553 614 556 617 559 616 563 621 564 622 560 623 567 624 565 625 563 621 566 626 567 624 561 558 566 626 571 627 568 628 569 629 570 630 562 550 569 629 565 625 571 627 565 625 568 628 571 627 575 631 576 632 572 553 579 633 577 634 575 631 578 635 579 633 573 548 582 636 580 637 578 635 581 638 582 636 574 639 581 638 577 634 583 640 577 634 580 637 583 640 488 562 515 581 512 583 492 561 519 584 515 581 497 568 513 555 519 584 500 572 494 565 489 546 504 571 498 566 494 565 509 579 490 556 498 566 524 551 506 575 501 577 528 592 510 578 506 575 533 598 502 554 510 578 514 559 530 595 525 557 522 590 534 596 530 595 518 586 526 599 534 596 512 583 563 621 560 623 516 582 567 624 563 621 521 589 561 558 567 624 572 553 527 591 524 551 576 632 531 593 527 591 581 638 525 557 531 593 562 550 578 635 573 548 570 630 582 636 578 635 566 626 574 639 582 636 560 623 539 601 536 603 564 622 543 604 539 601 569 629 537 549 543 604 548 552 575 631 572 553 552 612 579 633 575 631 557 618 573 548 579 633 538 547 554 615 549 545 546 607 558 619 554 615 542 606 550 620 558 619 536 603 491 560 488 562 540 602 495 563 491 560 545 609 489 546 495 563 501 577 551 611 548 552 507 576 555 613 551 611 503 570 549 545 555 613 560 623 488 562 512 583 645 641 585 642 634 643 669 644 633 645 658 646 620 647 644 648 668 649 598 650 609 651 586 652 621 653 657 654 610 655 587 656 588 657 584 658 591 659 589 660 587 656 590 661 591 659 585 642 594 662 592 663 590 661 593 664 594 662 586 652 593 664 589 660 595 665 589 660 592 663 595 665 599 666 600 667 596 668 599 666 604 669 601 670 602 671 603 672 597 673 606 674 604 669 602 671 605 675 606 674 598 650 605 675 601 670 607 676 601 670 604 669 607 676 611 677 612 678 608 679 615 680 613 681 611 677 614 682 615 680 609 651 614 682 619 683 616 684 617 685 618 686 610 655 617 685 613 681 619 683 613 681 616 684 619 683 623 687 624 688 620 647 627 689 625 690 623 687 626 691 627 689 621 653 630 692 628 693 626 691 629 694 630 692 622 695 629 694 625 690 631 696 625 690 628 693 631 696 635 697 636 698 632 699 639 700 637 701 635 697 638 702 639 700 633 645 642 703 640 704 638 702 641 705 642 703 634 643 641 705 637 701 643 706 637 701 640 704 643 706 647 707 648 708 644 648 651 709 649 710 647 707 650 711 651 709 645 641 650 711 655 712 652 713 653 714 654 715 646 716 653 714 649 710 655 712 649 710 652 713 655 712 659 717 660 718 656 719 663 720 661 721 659 717 662 722 663 720 657 654 662 722 667 723 664 724 665 725 666 726 658 646 665 725 661 721 667 723 661 721 664 724 667 723 671 727 672 728 668 649 675 729 673 730 671 727 674 731 675 729 669 644 678 732 676 733 674 731 677 734 678 732 670 735 677 734 673 730 679 736 673 730 676 733 679 736 584 658 611 677 608 679 588 657 615 680 611 677 593 664 609 651 615 680 596 668 590 661 585 642 600 667 594 662 590 661 605 675 586 652 594 662 620 647 602 671 597 673 624 688 606 674 602 671 629 694 598 650 606 674 610 655 626 691 621 653 618 686 630 692 626 691 614 682 622 695 630 692 608 679 659 717 656 719 612 678 663 720 659 717 617 685 657 654 663 720 668 649 623 687 620 647 672 728 627 689 623 687 677 734 621 653 627 689 658 646 674 731 669 644 666 726 678 732 674 731 662 722 670 735 678 732 656 719 635 697 632 699 660 718 639 700 635 697 665 725 633 645 639 700 644 648 671 727 668 649 648 708 675 729 671 727 653 714 669 644 675 729 634 643 650 711 645 641 642 703 654 715 650 711 638 702 646 716 654 715 632 699 587 656 584 658 636 698 591 659 587 656 641 705 585 642 591 659 597 673 647 707 644 648 603 672 651 709 647 707 599 666 645 641 651 709 656 719 584 658 608 679 741 737 681 738 730 739 765 740 729 741 754 742 716 743 740 744 764 745 694 746 705 747 682 748 717 749 753 750 706 751 683 752 684 753 680 754 687 755 685 756 683 752 686 757 687 755 681 738 690 758 688 759 686 757 689 760 690 758 682 748 689 760 685 756 691 761 685 756 688 759 691 761 695 762 696 763 692 764 695 762 700 765 697 766 698 767 699 768 693 769 702 770 700 765 698 767 701 771 702 770 694 746 696 763 703 772 701 771 697 766 700 765 703 772 707 773 708 774 704 775 711 776 709 777 707 773 710 778 711 776 705 747 714 779 712 780 710 778 713 781 714 779 706 751 713 781 709 777 715 782 709 777 712 780 715 782 719 783 720 784 716 743 723 785 721 786 719 783 722 787 723 785 717 749 726 788 724 789 722 787 725 790 726 788 718 791 725 790 721 786 727 792 721 786 724 789 727 792 731 793 732 794 728 795 735 796 733 797 731 793 734 798 735 796 729 741 738 799 736 800 734 798 737 801 738 799 730 739 737 801 733 797 739 802 733 797 736 800 739 802 743 803 744 804 740 744 747 805 745 806 743 803 746 807 747 805 741 737 750 808 748 809 746 807 749 810 750 808 742 811 749 810 745 806 751 812 745 806 748 809 751 812 755 813 756 814 752 815 759 816 757 817 755 813 758 818 759 816 753 750 762 819 760 820 758 818 761 821 762 819 754 742 761 821 757 817 763 822 757 817 760 820 763 822 767 823 768 824 764 745 771 825 769 826 767 823 770 827 771 825 765 740 774 828 772 829 770 827 773 830 774 828 766 831 773 830 769 826 775 832 769 826 772 829 775 832 680 754 707 773 704 775 684 753 711 776 707 773 689 760 705 747 711 776 692 764 686 757 681 738 696 763 690 758 686 757 701 771 682 748 690 758 716 743 698 767 693 769 720 784 702 770 698 767 725 790 694 746 702 770 706 751 722 787 717 749 714 779 726 788 722 787 710 778 718 791 726 788 704 775 755 813 752 815 708 774 759 816 755 813 713 781 753 750 759 816 764 745 719 783 716 743 768 824 723 785 719 783 773 830 717 749 723 785 754 742 770 827 765 740 762 819 774 828 770 827 758 818 766 831 774 828 752 815 731 793 728 795 756 814 735 796 731 793 761 821 729 741 735 796 740 744 767 823 764 745 744 804 771 825 767 823 749 810 765 740 771 825 730 739 746 807 741 737 738 799 750 808 746 807 734 798 742 811 750 808 728 795 683 752 680 754 732 794 687 755 683 752 737 801 681 738 687 755 693 769 743 803 740 744 699 768 747 805 743 803 695 762 741 737 747 805 752 815 680 754 704 775 845 833 785 834 834 835 869 740 833 741 858 742 820 836 844 837 868 838 798 746 809 747 786 748 821 839 857 840 810 841 787 842 788 843 784 844 791 845 789 846 787 842 790 847 791 845 785 834 794 848 792 849 790 847 793 850 794 848 786 748 793 850 789 846 795 761 789 846 792 849 795 761 799 851 800 852 796 853 799 851 804 854 801 855 802 856 803 857 797 858 806 859 804 854 802 856 805 860 806 859 798 746 800 852 807 861 805 860 801 855 804 854 807 861 811 862 812 863 808 864 815 865 813 866 811 862 814 867 815 865 809 747 818 868 816 869 814 867 817 870 818 868 810 841 817 870 813 866 819 871 813 866 816 869 819 871 823 872 824 873 820 836 827 874 825 875 823 872 826 876 827 874 821 839 830 877 828 878 826 876 829 879 830 877 822 791 829 879 825 875 831 792 825 875 828 878 831 792 835 880 836 881 832 882 839 883 837 884 835 880 838 885 839 883 833 741 842 886 840 887 838 885 841 888 842 886 834 835 841 888 837 884 843 889 837 884 840 887 843 889 847 890 848 891 844 837 851 892 849 893 847 890 850 894 851 892 845 833 854 895 852 896 850 894 853 897 854 895 846 811 853 897 849 893 855 812 849 893 852 896 855 812 859 898 860 899 856 900 863 901 861 902 859 898 862 903 863 901 857 840 866 904 864 905 862 903 865 906 866 904 858 742 865 906 861 902 867 822 861 902 864 905 867 822 871 907 872 908 868 838 875 909 873 910 871 907 874 911 875 909 869 740 878 912 876 913 874 911 877 914 878 912 870 915 877 914 873 910 879 916 873 910 876 913 879 916 784 844 811 862 808 864 788 843 815 865 811 862 793 850 809 747 815 865 796 853 790 847 785 834 800 852 794 848 790 847 805 860 786 748 794 848 820 836 802 856 797 858 824 873 806 859 802 856 829 879 798 746 806 859 810 841 826 876 821 839 818 868 830 877 826 876 814 867 822 791 830 877 808 864 859 898 856 900 812 863 863 901 859 898 817 870 857 840 863 901 868 838 823 872 820 836 872 908 827 874 823 872 877 914 821 839 827 874 858 742 874 911 869 740 866 904 878 912 874 911 862 903 870 915 878 912 856 900 835 880 832 882 860 899 839 883 835 880 865 906 833 741 839 883 844 837 871 907 868 838 848 891 875 909 871 907 853 897 869 740 875 909 834 835 850 894 845 833 842 886 854 895 850 894 838 885 846 811 854 895 832 882 787 842 784 844 836 881 791 845 787 842 841 888 785 834 791 845 797 858 847 890 844 837 803 857 851 892 847 890 799 851 845 833 851 892 856 900 784 844 808 864 889 917 890 918 888 919 891 920 892 921 890 918 893 922 894 923 892 921 895 924 896 925 894 923 897 926 898 927 896 925 899 928 900 929 898 927 901 930 902 931 900 929 903 932 904 933 902 931 905 934 906 935 904 933 907 936 908 937 906 935 909 101 901 101 893 938 909 939 910 940 908 937 911 941 888 919 910 940 906 942 910 943 894 944 441 491 443 494 442 492 443 494 445 496 444 495 445 496 447 498 446 497 447 498 449 500 448 499 449 500 451 502 450 501 451 502 453 504 452 503 453 504 455 506 454 505 455 506 457 508 456 507 457 508 459 534 458 509 458 509 459 534 461 510 445 99 443 99 461 99 443 99 441 99 461 99 441 99 463 99 461 99 461 99 459 99 453 99 459 99 457 99 453 99 457 99 455 99 453 99 453 99 451 99 449 99 449 99 447 99 453 99 447 99 445 99 453 99 461 510 463 513 462 512 463 513 441 491 440 493 462 515 440 97 442 974 442 974 444 975 446 516 446 516 448 97 450 976 450 976 452 97 454 977 454 977 456 978 458 514 458 514 460 979 462 515 462 515 442 974 446 516 446 516 450 976 454 977 454 977 458 514 446 516 465 517 467 520 466 518 467 520 469 522 468 521 469 522 471 524 470 523 471 524 473 526 472 525 473 526 475 527 474 501 475 527 477 529 476 528 477 529 479 531 478 530 479 531 481 980 480 532 480 532 481 980 483 533 483 533 485 539 484 535 469 538 467 99 485 536 467 99 465 99 485 536 465 99 487 99 485 536 485 536 483 981 477 537 483 981 481 982 477 537 481 982 479 99 477 537 477 537 475 99 473 983 473 983 471 984 477 537 471 984 469 538 477 537 485 539 487 541 486 540 487 541 465 517 464 519 486 543 464 97 466 985 466 985 468 986 470 544 470 544 472 987 474 988 474 988 476 97 478 989 478 989 480 990 482 542 482 542 484 991 486 543 486 543 466 985 470 544 470 544 474 988 478 989 478 989 482 542 470 544 549 545 500 572 489 546 573 548 550 620 537 549 524 551 501 577 548 552 502 554 526 599 513 555 525 557 574 639 561 558 491 560 493 564 492 561 495 563 496 567 493 564 494 565 496 567 495 563 498 566 499 569 496 567 497 568 499 569 498 566 497 568 492 561 493 564 503 570 505 574 504 571 503 570 507 576 508 573 506 575 508 573 507 576 510 578 511 580 508 573 509 579 511 580 510 578 509 579 504 571 505 574 515 581 517 585 516 582 519 584 520 588 517 585 518 586 520 588 519 584 518 586 522 590 523 587 521 589 523 587 522 590 521 589 516 582 517 585 527 591 529 594 528 592 531 593 532 597 529 594 530 595 532 597 531 593 534 596 535 600 532 597 533 598 535 600 534 596 533 598 528 592 529 594 539 601 541 605 540 602 543 604 544 608 541 605 542 606 544 608 543 604 546 607 547 610 544 608 545 609 547 610 546 607 545 609 540 602 541 605 551 611 553 614 552 612 555 613 556 617 553 614 554 615 556 617 555 613 554 615 558 619 559 616 557 618 559 616 558 619 557 618 552 612 553 614 563 621 565 625 564 622 567 624 568 628 565 625 566 626 568 628 567 624 566 626 570 630 571 627 569 629 571 627 570 630 569 629 564 622 565 625 575 631 577 634 576 632 579 633 580 637 577 634 578 635 580 637 579 633 582 636 583 640 580 637 581 638 583 640 582 636 581 638 576 632 577 634 488 562 492 561 515 581 492 561 497 568 519 584 497 568 490 556 513 555 500 572 504 571 494 565 504 571 509 579 498 566 509 579 502 554 490 556 524 551 528 592 506 575 528 592 533 598 510 578 533 598 526 599 502 554 514 559 522 590 530 595 522 590 518 586 534 596 518 586 513 555 526 599 512 583 516 582 563 621 516 582 521 589 567 624 521 589 514 559 561 558 572 553 576 632 527 591 576 632 581 638 531 593 581 638 574 639 525 557 562 550 570 630 578 635 570 630 566 626 582 636 566 626 561 558 574 639 560 623 564 622 539 601 564 622 569 629 543 604 569 629 562 550 537 549 548 552 552 612 575 631 552 612 557 618 579 633 557 618 550 620 573 548 538 547 546 607 554 615 546 607 542 606 558 619 542 606 537 549 550 620 536 603 540 602 491 560 540 602 545 609 495 563 545 609 538 547 489 546 501 577 507 576 551 611 507 576 503 570 555 613 503 570 500 572 549 545 560 623 536 603 488 562 645 641 596 668 585 642 669 644 646 716 633 645 620 647 597 673 644 648 598 650 622 695 609 651 621 653 670 735 657 654 587 656 589 660 588 657 591 659 592 663 589 660 590 661 592 663 591 659 594 662 595 665 592 663 593 664 595 665 594 662 593 664 588 657 589 660 599 666 601 670 600 667 599 666 603 672 604 669 602 671 604 669 603 672 606 674 607 676 604 669 605 675 607 676 606 674 605 675 600 667 601 670 611 677 613 681 612 678 615 680 616 684 613 681 614 682 616 684 615 680 614 682 618 686 619 683 617 685 619 683 618 686 617 685 612 678 613 681 623 687 625 690 624 688 627 689 628 693 625 690 626 691 628 693 627 689 630 692 631 696 628 693 629 694 631 696 630 692 629 694 624 688 625 690 635 697 637 701 636 698 639 700 640 704 637 701 638 702 640 704 639 700 642 703 643 706 640 704 641 705 643 706 642 703 641 705 636 698 637 701 647 707 649 710 648 708 651 709 652 713 649 710 650 711 652 713 651 709 650 711 654 715 655 712 653 714 655 712 654 715 653 714 648 708 649 710 659 717 661 721 660 718 663 720 664 724 661 721 662 722 664 724 663 720 662 722 666 726 667 723 665 725 667 723 666 726 665 725 660 718 661 721 671 727 673 730 672 728 675 729 676 733 673 730 674 731 676 733 675 729 678 732 679 736 676 733 677 734 679 736 678 732 677 734 672 728 673 730 584 658 588 657 611 677 588 657 593 664 615 680 593 664 586 652 609 651 596 668 600 667 590 661 600 667 605 675 594 662 605 675 598 650 586 652 620 647 624 688 602 671 624 688 629 694 606 674 629 694 622 695 598 650 610 655 618 686 626 691 618 686 614 682 630 692 614 682 609 651 622 695 608 679 612 678 659 717 612 678 617 685 663 720 617 685 610 655 657 654 668 649 672 728 623 687 672 728 677 734 627 689 677 734 670 735 621 653 658 646 666 726 674 731 666 726 662 722 678 732 662 722 657 654 670 735 656 719 660 718 635 697 660 718 665 725 639 700 665 725 658 646 633 645 644 648 648 708 671 727 648 708 653 714 675 729 653 714 646 716 669 644 634 643 642 703 650 711 642 703 638 702 654 715 638 702 633 645 646 716 632 699 636 698 587 656 636 698 641 705 591 659 641 705 634 643 585 642 597 673 603 672 647 707 603 672 599 666 651 709 599 666 596 668 645 641 656 719 632 699 584 658 741 737 692 764 681 738 765 740 742 811 729 741 716 743 693 769 740 744 694 746 718 791 705 747 717 749 766 831 753 750 683 752 685 756 684 753 687 755 688 759 685 756 686 757 688 759 687 755 690 758 691 761 688 759 689 760 691 761 690 758 689 760 684 753 685 756 695 762 697 766 696 763 695 762 699 768 700 765 698 767 700 765 699 768 702 770 703 772 700 765 701 771 703 772 702 770 696 763 697 766 703 772 707 773 709 777 708 774 711 776 712 780 709 777 710 778 712 780 711 776 714 779 715 782 712 780 713 781 715 782 714 779 713 781 708 774 709 777 719 783 721 786 720 784 723 785 724 789 721 786 722 787 724 789 723 785 726 788 727 792 724 789 725 790 727 792 726 788 725 790 720 784 721 786 731 793 733 797 732 794 735 796 736 800 733 797 734 798 736 800 735 796 738 799 739 802 736 800 737 801 739 802 738 799 737 801 732 794 733 797 743 803 745 806 744 804 747 805 748 809 745 806 746 807 748 809 747 805 750 808 751 812 748 809 749 810 751 812 750 808 749 810 744 804 745 806 755 813 757 817 756 814 759 816 760 820 757 817 758 818 760 820 759 816 762 819 763 822 760 820 761 821 763 822 762 819 761 821 756 814 757 817 767 823 769 826 768 824 771 825 772 829 769 826 770 827 772 829 771 825 774 828 775 832 772 829 773 830 775 832 774 828 773 830 768 824 769 826 680 754 684 753 707 773 684 753 689 760 711 776 689 760 682 748 705 747 692 764 696 763 686 757 696 763 701 771 690 758 701 771 694 746 682 748 716 743 720 784 698 767 720 784 725 790 702 770 725 790 718 791 694 746 706 751 714 779 722 787 714 779 710 778 726 788 710 778 705 747 718 791 704 775 708 774 755 813 708 774 713 781 759 816 713 781 706 751 753 750 764 745 768 824 719 783 768 824 773 830 723 785 773 830 766 831 717 749 754 742 762 819 770 827 762 819 758 818 774 828 758 818 753 750 766 831 752 815 756 814 731 793 756 814 761 821 735 796 761 821 754 742 729 741 740 744 744 804 767 823 744 804 749 810 771 825 749 810 742 811 765 740 730 739 738 799 746 807 738 799 734 798 750 808 734 798 729 741 742 811 728 795 732 794 683 752 732 794 737 801 687 755 737 801 730 739 681 738 693 769 699 768 743 803 699 768 695 762 747 805 695 762 692 764 741 737 752 815 728 795 680 754 845 833 796 853 785 834 869 740 846 811 833 741 820 836 797 858 844 837 798 746 822 791 809 747 821 839 870 915 857 840 787 842 789 846 788 843 791 845 792 849 789 846 790 847 792 849 791 845 794 848 795 761 792 849 793 850 795 761 794 848 793 850 788 843 789 846 799 851 801 855 800 852 799 851 803 857 804 854 802 856 804 854 803 857 806 859 807 861 804 854 805 860 807 861 806 859 800 852 801 855 807 861 811 862 813 866 812 863 815 865 816 869 813 866 814 867 816 869 815 865 818 868 819 871 816 869 817 870 819 871 818 868 817 870 812 863 813 866 823 872 825 875 824 873 827 874 828 878 825 875 826 876 828 878 827 874 830 877 831 792 828 878 829 879 831 792 830 877 829 879 824 873 825 875 835 880 837 884 836 881 839 883 840 887 837 884 838 885 840 887 839 883 842 886 843 889 840 887 841 888 843 889 842 886 841 888 836 881 837 884 847 890 849 893 848 891 851 892 852 896 849 893 850 894 852 896 851 892 854 895 855 812 852 896 853 897 855 812 854 895 853 897 848 891 849 893 859 898 861 902 860 899 863 901 864 905 861 902 862 903 864 905 863 901 866 904 867 822 864 905 865 906 867 822 866 904 865 906 860 899 861 902 871 907 873 910 872 908 875 909 876 913 873 910 874 911 876 913 875 909 878 912 879 916 876 913 877 914 879 916 878 912 877 914 872 908 873 910 784 844 788 843 811 862 788 843 793 850 815 865 793 850 786 748 809 747 796 853 800 852 790 847 800 852 805 860 794 848 805 860 798 746 786 748 820 836 824 873 802 856 824 873 829 879 806 859 829 879 822 791 798 746 810 841 818 868 826 876 818 868 814 867 830 877 814 867 809 747 822 791 808 864 812 863 859 898 812 863 817 870 863 901 817 870 810 841 857 840 868 838 872 908 823 872 872 908 877 914 827 874 877 914 870 915 821 839 858 742 866 904 874 911 866 904 862 903 878 912 862 903 857 840 870 915 856 900 860 899 835 880 860 899 865 906 839 883 865 906 858 742 833 741 844 837 848 891 871 907 848 891 853 897 875 909 853 897 846 811 869 740 834 835 842 886 850 894 842 886 838 885 854 895 838 885 833 741 846 811 832 882 836 881 787 842 836 881 841 888 791 845 841 888 834 835 785 834 797 858 803 857 847 890 803 857 799 851 851 892 799 851 796 853 845 833 856 900 832 882 784 844 889 917 891 920 890 918 891 920 893 922 892 921 893 922 895 924 894 923 895 924 897 926 896 925 897 926 899 928 898 927 899 928 901 930 900 929 901 930 903 932 902 931 903 932 905 934 904 933 905 934 907 936 906 935 907 936 909 939 908 937 893 938 891 992 889 993 889 993 911 994 893 938 911 994 909 101 893 938 909 101 907 101 901 101 907 101 905 995 901 101 905 995 903 996 901 101 901 101 899 997 897 998 897 998 895 101 901 101 895 101 893 938 901 101 909 939 911 941 910 940 911 941 889 917 888 919 910 943 888 999 894 944 888 999 890 1000 894 944 890 1000 892 1001 894 944 894 944 896 1002 898 1003 898 1003 900 1004 894 944 900 1004 902 1005 894 944 902 1005 904 1006 906 942 906 942 908 1007 910 943 902 1005 906 942 894 944</p>
        </triangles>
        <triangles material="label-material" count="24">
          <input semantic="VERTEX" source="#payload_box-mesh-vertices" offset="0"/>
          <input semantic="NORMAL" source="#payload_box-mesh-normals" offset="1"/>
          <p>777 96 778 96 776 96 779 97 782 97 778 97 783 98 780 98 782 98 781 99 776 99 780 99 782 100 776 100 778 100 779 101 781 101 783 101 881 96 882 96 880 96 883 97 886 97 882 97 887 98 884 98 886 98 885 99 880 99 884 99 886 100 880 100 882 100 883 101 885 101 887 101 777 96 779 96 778 96 779 97 783 97 782 97 783 98 781 98 780 98 781 99 777 99 776 99 782 100 780 100 776 100 779 101 777 101 781 101 881 96 883 96 882 96 883 97 887 97 886 97 887 98 885 98 884 98 885 99 881 99 880 99 886 100 884 100 880 100 883 101 881 101 885 101</p>
        </triangles>
      </mesh>
    </geometry>
  </library_geometries>
  <library_visual_scenes>
    <visual_scene id="Scene" name="Scene">
      <node id="payload_box" name="payload_box" type="NODE">
        <matrix sid="transform">1 0 0 0 0 1 0 0 0 0 1 0 0 0 0 1</matrix>
        <instance_geometry url="#payload_box-mesh" name="payload_box">
          <bind_material>
            <technique_common>
              <instance_material symbol="orange-material" target="#orange-material"/>
              <instance_material symbol="rubber-material" target="#rubber-material"/>
              <instance_material symbol="gunmetal-material" target="#gunmetal-material"/>
              <instance_material symbol="label-material" target="#label-material"/>
            </technique_common>
          </bind_material>
        </instance_geometry>
      </node>
    </visual_scene>
  </library_visual_scenes>
  <scene>
    <instance_visual_scene url="#Scene"/>
  </scene>
</COLLADA>