<?xml version="1.0" encoding="utf-8"?>
<COLLADA xmlns="http://www.collada.org/2005/11/COLLADASchema" version="1.4.1" xmlns:xsi="http://www.w3.org/2001/XMLSchema-instance">
  <asset>
    <contributor>
      <author>Blender User</author>
      <authoring_tool>Blender 4.2.0 commit date:2024-07-16, commit time:07:50, hash:bf738fd35afe</authoring_tool>
    </contributor>
    <created>2026-09-25T18:34:11</created>
    <modified>2026-09-25T18:34:11</modified>
    <unit name="meter" meter="1"/>
    <up_axis>Z_UP</up_axis>
  </asset>
  <library_effects>
    <effect id="rubber-effect">
      <profile_COMMON>
        <technique sid="common">
          <lambert>
            <emission>
              <color sid="emission">0 0 0 1</color>
            </emission>
            <diffuse>
              <color sid="diffuse">0.012 0.012 0.012 1</color>
            </diffuse>
            <index_of_refraction>
              <float sid="ior">1.5</float>
            </index_of_refraction>
          </lambert>
        </technique>
      </profile_COMMON>
    </effect>
    <effect id="aluminium-effect">
      <profile_COMMON>
        <technique sid="common">
          <lambert>
            <emission>
              <color sid="emission">0 0 0 1</color>
            </emission>
            <diffuse>
              <color sid="diffuse">0.55 0.55 0.56 1</color>
            </diffuse>
            <reflectivity>
              <float sid="specular">1</float>
            </reflectivity>
            <index_of_refraction>
              <float sid="ior">1.5</float>
            </index_of_refraction>
          </lambert>
        </technique>
      </profile_COMMON>
    </effect>
    <effect id="gunmetal-effect">
      <profile_COMMON>
        <technique sid="common">
          <lambert>
            <emission>
              <color sid="emission">0 0 0 1</color>
            </emission>
            <diffuse>
              <color sid="diffuse">0.045 0.047 0.05 1</color>
            </diffuse>
            <reflectivity>
              <float sid="specular">0.7</float>
            </reflectivity>
            <index_of_refraction>
              <float sid="ior">1.5</float>
            </index_of_refraction>
          </lambert>
        </technique>
      </profile_COMMON>
    </effect>
  </library_effects>
  <library_images/>
  <library_materials>
    <material id="rubber-material" name="rubber">
      <instance_effect url="#rubber-effect"/>
    </material>
    <material id="aluminium-material" name="aluminium">
      <instance_effect url="#aluminium-effect"/>
    </material>
    <material id="gunmetal-material" name="gunmetal">
      <instance_effect url="#gunmetal-effect"/>
    </material>
  </library_materials>
  <library_geometries>
    <geometry id="wheel_rl-mesh" name="wheel_rl">
      <mesh>
        <source id="wheel_rl-mesh-positions">
          <float_array id="wheel_rl-mesh-positions-array" count="3288">0 0.01599997 0.141 0 0.04000002 0.1169083 0 0.03678458 0.1289541 0 0.02799999 0.1377723 0 -0.03999996 0.1169083 0 -0.01599997 0.141 0 -0.03678458 0.1289541 0 -0.02799999 0.1377723 0.02030092 0.04000002 0.1151322 0.02448439 0.01599997 0.1388579 0.02239263 0.03678458 0.126995 0.02392393 0.02799999 0.1356793 0.02030092 -0.03999996 0.1151322 0.02448439 -0.01599997 0.1388579 0.02239263 -0.03678458 0.126995 0.02392393 -0.02799999 0.1356793 0.039985 0.04000002 0.1098579 0.0482248 0.01599997 0.1324966 0.04410493 0.03678458 0.1211772 0.04712092 0.02799999 0.1294636 0.039985 -0.03999996 0.1098579 0.0482248 -0.01599997 0.1324966 0.04410493 -0.03678458 0.1211773 0.04712092 -0.02799999 0.1294636 0.05845415 0.04000002 0.1012455 0.07050001 0.01599997 0.1221095 0.06447708 0.03678458 0.1116775 0.06888616 0.02799999 0.1193143 0.05845415 -0.03999996 0.1012455 0.07050001 -0.01599997 0.1221095 0.06447708 -0.03678458 0.1116775 0.06888616 -0.02799999 0.1193143 0.07514721 0.03999996 0.08955693 0.09063303 0.01599997 0.1080122 0.08289015 0.03678458 0.09878456 0.08855831 0.02799999 0.1055397 0.07514721 -0.03999996 0.08955693 0.09063303 -0.01599997 0.1080122 0.08289015 -0.03678458 0.09878462 0.08855831 -0.02799999 0.1055397 0.08955693 0.03999996 0.07514721 0.1080122 0.01599997 0.09063303 0.09878462 0.03678458 0.08289009 0.1055397 0.02799999 0.08855831 0.08955693 -0.03999996 0.07514721 0.1080122 -0.01599997 0.09063303 0.09878462 -0.03678458 0.08289015 0.1055397 -0.02799999 0.08855831 0.1012455 0.03999996 0.05845415 0.1221095 0.01599997 0.07049995 0.1116775 0.03678458 0.06447708 0.1193143 0.02799999 0.06888616 0.1012455 -0.03999996 0.05845415 0.1221095 -0.01599997 0.07049995 0.1116775 -0.03678458 0.06447708 0.1193143 -0.02799999 0.06888616 0.1098579 0.03999996 0.039985 0.1324966 0.01599997 0.0482248 0.1211772 0.03678458 0.04410493 0.1294636 0.02799999 0.04712086 0.1098579 -0.03999996 0.039985 0.1324966 -0.01599997 0.0482248 0.1211772 -0.03678458 0.04410493 0.1294636 -0.02799999 0.04712086 0.1151322 0.03999996 0.02030092 0.1388579 0.01599997 0.02448439 0.126995 0.03678458 0.02239263 0.1356793 0.02799999 0.02392387 0.1151322 -0.03999996 0.02030092 0.1388579 -0.01599997 0.02448439 0.126995 -0.03678458 0.02239263 0.1356792 -0.02799999 0.02392387 0.1169083 0.03999996 0 0.141 0.01599997 0 0.1289541 0.03678458 0 0.1377723 0.02799999 0 0.1169083 -0.03999996 0 0.141 -0.01599997 0 0.1289541 -0.03678458 0 0.1377723 -0.02799999 0 0.1151322 0.03999996 -0.02030092 0.1388579 0.01599997 -0.02448439 0.126995 0.03678458 -0.02239263 0.1356793 0.02799999 -0.02392387 0.1151322 -0.03999996 -0.02030092 0.1388579 -0.01599997 -0.02448439 0.126995 -0.03678458 -0.02239263 0.1356792 -0.02799999 -0.02392387 0.1098579 0.03999996 -0.039985 0.1324966 0.01599997 -0.0482248 0.1211772 0.03678458 -0.04410493 0.1294636 0.02799999 -0.04712086 0.1098579 -0.03999996 -0.039985 0.1324966 -0.01599997 -0.0482248 0.1211772 -0.03678458 -0.04410487 0.1294636 -0.02799999 -0.04712086 0.1012455 0.03999996 -0.05845415 0.1221095 0.01599997 -0.07049995 0.1116775 0.03678458 -0.06447708 0.1193143 0.02799999 -0.06888616 0.1012455 -0.03999996 -0.05845415 0.1221095 -0.01599997 -0.07049995 0.1116775 -0.03678458 -0.06447708 0.1193143 -0.02799999 -0.06888616 0.08955693 0.03999996 -0.07514721 0.1080122 0.01599997 -0.09063303 0.09878462 0.03678458 -0.08289015 0.1055397 0.02799999 -0.08855831 0.08955693 -0.03999996 -0.07514721 0.1080122 -0.01599997 -0.09063303 0.09878462 -0.03678458 -0.08289015 0.1055397 -0.02799999 -0.08855831 0.07514721 0.03999996 -0.08955693 0.09063303 0.01599997 -0.1080123 0.08289015 0.03678458 -0.09878462 0.08855831 0.02799999 -0.1055397 0.07514721 -0.03999996 -0.08955693 0.09063303 -0.01599997 -0.1080123 0.08289015 -0.03678458 -0.09878456 0.08855831 -0.02799999 -0.1055397 0.05845415 0.03999996 -0.1012455 0.07050001 0.01599997 -0.1221095 0.06447708 0.03678458 -0.1116775 0.06888616 0.02799999 -0.1193143 0.05845415 -0.04000002 -0.1012455 0.07050001 -0.01599997 -0.1221095 0.06447708 -0.03678458 -0.1116775 0.06888616 -0.02799999 -0.1193143 0.039985 0.03999996 -0.1098579 0.0482248 0.01599997 -0.1324966 0.04410493 0.03678458 -0.1211773 0.04712092 0.02799999 -0.1294636 0.039985 -0.04000002 -0.1098579 0.0482248 -0.01599997 -0.1324966 0.04410493 -0.03678458 -0.1211773 0.04712092 -0.02799999 -0.1294636 0.02030092 0.03999996 -0.1151322 0.02448439 0.01599997 -0.1388579 0.02239263 0.03678458 -0.126995 0.02392393 0.02799999 -0.1356793 0.02030092 -0.04000002 -0.1151322 0.02448439 -0.01599997 -0.1388579 0.02239263 -0.03678458 -0.126995 0.02392393 -0.02799999 -0.1356793 0 0.03999996 -0.1169083 0 0.01599997 -0.141 0 0.03678458 -0.1289541 0 0.02799999 -0.1377723 0 -0.04000002 -0.1169083 0 -0.01599997 -0.141 0 -0.03678458 -0.1289541 0 -0.02799999 -0.1377723 -0.02030092 0.03999996 -0.1151322 -0.02448439 0.01599997 -0.1388579 -0.02239263 0.03678458 -0.126995 -0.02392393 0.02799999 -0.1356793 -0.02030092 -0.04000002 -0.1151322 -0.02448439 -0.01599997 -0.1388579 -0.02239263 -0.03678458 -0.126995 -0.02392393 -0.02799999 -0.1356793 -0.039985 0.03999996 -0.1098579 -0.0482248 0.01599997 -0.1324966 -0.04410493 0.03678458 -0.1211773 -0.04712092 0.02799999 -0.1294636 -0.039985 -0.04000002 -0.1098579 -0.0482248 -0.01599997 -0.1324966 -0.04410493 -0.03678458 -0.1211773 -0.04712092 -0.02799999 -0.1294636 -0.05845415 0.03999996 -0.1012455 -0.07050001 0.01599997 -0.1221095 -0.06447708 0.03678458 -0.1116775 -0.06888616 0.02799999 -0.1193143 -0.05845415 -0.04000002 -0.1012455 -0.07050001 -0.01599997 -0.1221095 -0.06447708 -0.03678458 -0.1116775 -0.06888616 -0.02799999 -0.1193143 -0.07514721 0.03999996 -0.08955693 -0.09063303 0.01599997 -0.1080123 -0.08289015 0.03678458 -0.09878462 -0.08855837 0.02799999 -0.1055397 -0.07514721 -0.03999996 -0.08955693 -0.09063303 -0.01599997 -0.1080123 -0.08289015 -0.03678458 -0.09878456 -0.08855837 -0.02799999 -0.1055397 -0.08955699 0.03999996 -0.07514721 -0.1080122 0.01599997 -0.09063303 -0.09878462 0.03678458 -0.08289015 -0.1055397 0.02799999 -0.08855831 -0.08955699 -0.03999996 -0.07514721 -0.1080122 -0.01599997 -0.09063303 -0.09878462 -0.03678458 -0.08289015 -0.1055397 -0.02799999 -0.08855831 -0.1012455 0.03999996 -0.05845415 -0.1221095 0.01599997 -0.07049995 -0.1116775 0.03678458 -0.06447708 -0.1193143 0.02799999 -0.06888616 -0.1012455 -0.03999996 -0.05845415 -0.1221095 -0.01599997 -0.07049995 -0.1116775 -0.03678458 -0.06447708 -0.1193143 -0.02799999 -0.06888616 -0.1098578 0.03999996 -0.039985 -0.1324966 0.01599997 -0.0482248 -0.1211772 0.03678458 -0.04410493 -0.1294636 0.02799999 -0.04712086 -0.1098578 -0.03999996 -0.039985 -0.1324966 -0.01599997 -0.0482248 -0.1211772 -0.03678458 -0.04410487 -0.1294636 -0.02799999 -0.04712086 -0.1151322 0.03999996 -0.02030092 -0.1388579 0.01599997 -0.02448439 -0.126995 0.03678458 -0.02239263 -0.1356793 0.02799999 -0.02392387 -0.1151322 -0.03999996 -0.02030092 -0.1388579 -0.01599997 -0.02448439 -0.126995 -0.03678458 -0.02239263 -0.1356792 -0.02799999 -0.02392387 -0.1169083 0.03999996 0 -0.1409999 0.01599997 0 -0.1289541 0.03678458 0 -0.1377723 0.02799999 0 -0.1169083 -0.03999996 0 -0.1409999 -0.01599997 0 -0.1289541 -0.03678458 0 -0.1377723 -0.02799999 0 -0.1151322 0.03999996 0.02030092 -0.1388579 0.01599997 0.02448439 -0.126995 0.03678458 0.02239263 -0.1356793 0.02799999 0.02392387 -0.1151322 -0.03999996 0.02030092 -0.1388579 -0.01599997 0.02448439 -0.126995 -0.03678458 0.02239263 -0.1356792 -0.02799999 0.02392387 -0.1098578 0.03999996 0.039985 -0.1324966 0.01599997 0.0482248 -0.1211772 0.03678458 0.04410493 -0.1294636 0.02799999 0.04712086 -0.1098578 -0.03999996 0.039985 -0.1324966 -0.01599997 0.0482248 -0.1211772 -0.03678458 0.04410493 -0.1294636 -0.02799999 0.04712086 -0.1012455 0.03999996 0.05845415 -0.1221095 0.01599997 0.07049995 -0.1116775 0.03678458 0.06447708 -0.1193143 0.02799999 0.06888616 -0.1012455 -0.03999996 0.05845415 -0.1221095 -0.01599997 0.07049995 -0.1116775 -0.03678458 0.06447708 -0.1193143 -0.02799999 0.06888616 -0.08955699 0.03999996 0.07514721 -0.1080122 0.01599997 0.09063303 -0.09878462 0.03678458 0.08289009 -0.1055397 0.02799999 0.08855831 -0.08955699 -0.03999996 0.07514721 -0.1080122 -0.01599997 0.09063303 -0.09878462 -0.03678458 0.08289015 -0.1055397 -0.02799999 0.08855831 -0.07514721 0.03999996 0.08955693 -0.09063303 0.01599997 0.1080122 -0.08289015 0.03678458 0.09878456 -0.08855837 0.02799999 0.1055397 -0.07514721 -0.03999996 0.08955693 -0.09063303 -0.01599997 0.1080122 -0.08289015 -0.03678458 0.09878462 -0.08855837 -0.02799999 0.1055397 -0.05845415 0.04000002 0.1012455 -0.07050001 0.01599997 0.1221095 -0.06447708 0.03678458 0.1116775 -0.06888616 0.02799999 0.1193143 -0.05845415 -0.03999996 0.1012455 -0.07050001 -0.01599997 0.1221095 -0.06447708 -0.03678458 0.1116775 -0.06888616 -0.02799999 0.1193143 -0.039985 0.04000002 0.1098579 -0.0482248 0.01599997 0.1324966 -0.04410493 0.03678458 0.1211772 -0.04712092 0.02799999 0.1294636 -0.039985 -0.03999996 0.1098579 -0.0482248 -0.01599997 0.1324966 -0.04410493 -0.03678458 0.1211773 -0.04712092 -0.02799999 0.1294636 -0.02030092 0.04000002 0.1151322 -0.02448439 0.01599997 0.1388579 -0.02239263 0.03678458 0.126995 -0.02392393 0.02799999 0.1356793 -0.02030092 -0.03999996 0.1151322 -0.02448439 -0.01599997 0.1388579 -0.02239263 -0.03678458 0.126995 -0.02392393 -0.02799999 0.1356793 -0.007172226 0.03599494 0.141 -0.01755517 0.004039466 0.141 -0.007172226 0.03599494 0.15 -0.01755517 0.004039466 0.15 0.01755517 0.02796053 0.141 0.007172226 -0.003994941 0.141 0.01755517 0.02796053 0.15 0.007172226 -0.003994941 0.15 -0.03580921 -0.004039466 0.1375023 -0.02551507 -0.03599494 0.1388576 -0.03698396 -0.004039466 0.1464253 -0.02668982 -0.03599494 0.1477805 -0.01129329 0.003994941 0.1407299 -9.99153e-4 -0.02796053 0.1420851 -0.01246803 0.003994941 0.1496529 -0.0021739 -0.02796053 0.1510081 -0.04342132 0.03599494 0.1343392 -0.05345046 0.004039466 0.1316519 -0.04575067 0.03599494 0.1430325 -0.05577987 0.004039466 0.1403452 -0.01953643 0.02796053 0.1407392 -0.02956557 -0.003994941 0.1380518 -0.02186578 0.02796053 0.1494325 -0.03189498 -0.003994941 0.1467452 -0.07017725 -0.004039466 0.1235489 -0.06058466 -0.03599494 0.1275223 -0.07362139 -0.004039466 0.1318638 -0.06402879 -0.03599494 0.1358372 -0.04733204 0.003994941 0.1330117 -0.03773945 -0.02796053 0.1369851 -0.05077618 0.003994941 0.1413266 -0.04118359 -0.02796053 0.1453 -0.07671135 0.03599494 0.1185234 -0.08570331 0.004039466 0.1133319 -0.08121138 0.03599494 0.1263176 -0.09020328 0.004039466 0.1211262 -0.05529677 0.02796053 0.1308872 -0.06428867 -0.003994941 0.1256957 -0.05979675 0.02796053 0.1386814 -0.0687887 -0.003994941 0.1334899 -0.09976285 -0.004039466 0.1011759 -0.09152549 -0.03599494 0.1074966 -0.1052417 -0.004039466 0.108316 -0.09700429 -0.03599494 0.1146368 -0.08014523 0.003994941 0.116229 -0.07190781 -0.02796053 0.1225497 -0.08562403 0.003994941 0.1233692 -0.07738667 -0.02796053 0.1296899 -0.1047736 0.03599494 0.09463047 -0.1121155 0.004039466 0.08728861 -0.1111375 0.03599494 0.1009944 -0.1184794 0.004039466 0.09365254 -0.08728867 0.02796053 0.1121155 -0.09463053 -0.003994941 0.1047735 -0.0936526 0.02796053 0.1184794 -0.1009944 -0.003994941 0.1111375 -0.1225497 -0.004039466 0.07190787 -0.1162289 -0.03599494 0.08014523 -0.1296899 -0.004039466 0.07738673 -0.1233692 -0.03599494 0.08562409 -0.1074966 0.003994941 0.09152549 -0.1011759 -0.02796053 0.09976285 -0.1146368 0.003994941 0.09700435 -0.108316 -0.02796053 0.1052417 -0.1256957 0.03599494 0.06428861 -0.1308872 0.004039466 0.05529671 -0.1334899 0.03599494 0.06878858 -0.1386814 0.004039466 0.05979669 -0.1133319 0.02796053 0.08570325 -0.1185234 -0.003994941 0.07671129 -0.1211262 0.02796053 0.09020322 -0.1263177 -0.003994941 0.08121132 -0.136985 -0.004039466 0.03773945 -0.1330116 -0.03599494 0.0473321 -0.1452999 -0.004039466 0.04118365 -0.1413266 -0.03599494 0.05077624 -0.1275222 0.003994941 0.06058466 -0.1235489 -0.02796053 0.07017731 -0.1358371 0.003994941 0.06402885 -0.1318638 -0.02796053 0.07362145 -0.1380518 0.03599494 0.02956557 -0.1407391 0.004039466 0.01953643 -0.1467452 0.03599494 0.03189498 -0.1494324 0.004039466 0.02186578 -0.1316519 0.02796053 0.05345052 -0.1343392 -0.003994941 0.04342132 -0.1403452 0.02796053 0.05577987 -0.1430325 -0.003994941 0.04575067 -0.1420851 -0.004039466 9.99123e-4 -0.1407299 -0.03599494 0.01129323 -0.1510081 -0.004039466 0.00217384 -0.1496528 -0.03599494 0.01246798 -0.1388575 0.003994941 0.02551501 -0.1375023 -0.02796053 0.03580915 -0.1477805 0.003994941 0.02668976 -0.1464253 -0.02796053 0.0369839 -0.141 0.03599494 -0.007172226 -0.141 0.004039466 -0.01755517 -0.1499999 0.03599494 -0.007172226 -0.1499999 0.004039466 -0.01755517 -0.141 0.02796053 0.01755523 -0.141 -0.003994941 0.007172226 -0.1499999 0.02796053 0.01755523 -0.1499999 -0.003994941 0.007172226 -0.1375023 -0.004039466 -0.03580921 -0.1388575 -0.03599494 -0.02551507 -0.1464253 -0.004039466 -0.03698396 -0.1477805 -0.03599494 -0.02668982 -0.1407299 0.003994941 -0.01129329 -0.1420851 -0.02796053 -9.99168e-4 -0.1496528 0.003994941 -0.01246803 -0.1510081 -0.02796053 -0.0021739 -0.1343392 0.03599494 -0.04342132 -0.1316519 0.004039466 -0.05345046 -0.1430325 0.03599494 -0.04575067 -0.1403452 0.004039466 -0.05577987 -0.1407391 0.02796053 -0.01953643 -0.1380518 -0.003994941 -0.02956557 -0.1494324 0.02796053 -0.02186578 -0.1467452 -0.003994941 -0.03189492 -0.1235489 -0.004039466 -0.07017725 -0.1275223 -0.03599494 -0.06058466 -0.1318638 -0.004039466 -0.07362139 -0.1358372 -0.03599494 -0.06402879 -0.1330117 0.003994941 -0.04733204 -0.1369851 -0.02796053 -0.03773945 -0.1413266 0.003994941 -0.05077618 -0.1453 -0.02796053 -0.04118359 -0.1185234 0.03599494 -0.07671129 -0.1133319 0.004039466 -0.08570325 -0.1263177 0.03599494 -0.08121132 -0.1211262 0.004039466 -0.09020322 -0.1308872 0.02796053 -0.05529665 -0.1256957 -0.003994941 -0.06428861 -0.1386814 0.02796053 -0.05979669 -0.1334899 -0.003994941 -0.06878858 -0.1011759 -0.004039466 -0.09976285 -0.1074966 -0.03599494 -0.09152549 -0.108316 -0.004039466 -0.1052417 -0.1146368 -0.03599494 -0.09700429 -0.1162289 0.003994941 -0.08014523 -0.1225497 -0.02796053 -0.07190787 -0.1233692 0.003994941 -0.08562403 -0.1296899 -0.02796053 -0.07738667 -0.09463047 0.03599494 -0.1047736 -0.08728861 0.004039466 -0.1121155 -0.1009944 0.03599494 -0.1111376 -0.09365254 0.004039466 -0.1184794 -0.1121154 0.02796053 -0.08728867 -0.1047735 -0.003994941 -0.09463053 -0.1184793 0.02796053 -0.0936526 -0.1111375 -0.003994941 -0.1009945 -0.07190787 -0.004039466 -0.1225497 -0.08014523 -0.03599494 -0.116229 -0.07738667 -0.004039466 -0.1296899 -0.08562403 -0.03599494 -0.1233692 -0.09152549 0.003994941 -0.1074966 -0.09976285 -0.02796053 -0.1011759 -0.09700429 0.003994941 -0.1146368 -0.1052416 -0.02796053 -0.108316 -0.06428867 0.03599494 -0.1256957 -0.05529677 0.004039466 -0.1308872 -0.0687887 0.03599494 -0.1334899 -0.05979675 0.004039466 -0.1386814 -0.08570331 0.02796053 -0.1133319 -0.07671135 -0.003994941 -0.1185234 -0.09020328 0.02796053 -0.1211262 -0.08121138 -0.003994941 -0.1263176 -0.03773945 -0.004039466 -0.1369851 -0.04733204 -0.03599494 -0.1330117 -0.04118359 -0.004039466 -0.1453 -0.05077624 -0.03599494 -0.1413266 -0.06058466 0.003994941 -0.1275223 -0.07017725 -0.02796053 -0.1235489 -0.06402879 0.003994941 -0.1358372 -0.07362145 -0.02796053 -0.1318638 -0.02956557 0.03599494 -0.1380518 -0.01953643 0.004039466 -0.1407392 -0.03189498 0.03599494 -0.1467452 -0.02186578 0.004039466 -0.1494325 -0.05345046 0.02796053 -0.1316519 -0.04342132 -0.003994941 -0.1343392 -0.05577987 0.02796053 -0.1403452 -0.04575067 -0.003994941 -0.1430326 -9.99182e-4 -0.004039466 -0.1420851 -0.01129329 -0.03599494 -0.1407299 -0.0021739 -0.004039466 -0.1510081 -0.01246803 -0.03599494 -0.1496528 -0.02551507 0.003994941 -0.1388576 -0.03580921 -0.02796053 -0.1375023 -0.02668982 0.003994941 -0.1477805 -0.03698396 -0.02796053 -0.1464253 0.007172226 0.03599494 -0.141 0.01755517 0.004039466 -0.141 0.007172226 0.03599494 -0.15 0.01755517 0.004039466 -0.15 -0.01755517 0.02796053 -0.141 -0.007172226 -0.003994941 -0.141 -0.01755517 0.02796053 -0.15 -0.007172226 -0.003994941 -0.15 0.03580921 -0.004039466 -0.1375023 0.02551507 -0.03599494 -0.1388575 0.03698396 -0.004039466 -0.1464253 0.02668982 -0.03599494 -0.1477805 0.01129329 0.003994941 -0.1407299 9.99182e-4 -0.02796053 -0.1420851 0.01246803 0.003994941 -0.1496528 0.0021739 -0.02796053 -0.1510081 0.04342132 0.03599494 -0.1343392 0.05345046 0.004039466 -0.1316519 0.04575067 0.03599494 -0.1430326 0.05577987 0.004039466 -0.1403452 0.01953643 0.02796053 -0.1407392 0.02956557 -0.003994941 -0.1380518 0.02186578 0.02796053 -0.1494325 0.03189498 -0.003994941 -0.1467452 0.07017719 -0.004039466 -0.1235489 0.0605846 -0.03599494 -0.1275223 0.07362139 -0.004039466 -0.1318638 0.06402873 -0.03599494 -0.1358372 0.04733198 0.003994941 -0.1330117 0.03773939 -0.02796053 -0.1369851 0.05077618 0.003994941 -0.1413266 0.04118353 -0.02796053 -0.1453 0.07671129 0.03599494 -0.1185235 0.08570325 0.004039466 -0.113332 0.08121132 0.03599494 -0.1263177 0.09020322 0.004039466 -0.1211262 0.05529671 0.02796053 -0.1308872 0.06428861 -0.003994941 -0.1256957 0.05979669 0.02796053 -0.1386814 0.06878858 -0.003994941 -0.1334899 0.09976285 -0.004039466 -0.1011759 0.09152549 -0.03599494 -0.1074966 0.1052417 -0.004039466 -0.108316 0.09700435 -0.03599494 -0.1146368 0.08014523 0.003994941 -0.116229 0.07190787 -0.02796053 -0.1225497 0.08562409 0.003994941 -0.1233692 0.07738673 -0.02796053 -0.1296899 0.1047735 0.03599494 -0.09463053 0.1121154 0.004039466 -0.08728867 0.1111375 0.03599494 -0.1009945 0.1184794 0.004039466 -0.0936526 0.08728855 0.02796053 -0.1121155 0.09463047 -0.003994941 -0.1047736 0.09365254 0.02796053 -0.1184794 0.1009944 -0.003994941 -0.1111376 0.1225497 -0.004039466 -0.07190793 0.1162289 -0.03599494 -0.08014529 0.1296899 -0.004039466 -0.07738679 0.1233691 -0.03599494 -0.08562415 0.1074966 0.003994941 -0.09152555 0.1011758 -0.02796053 -0.09976285 0.1146367 0.003994941 -0.09700441 0.108316 -0.02796053 -0.1052417 0.1256957 0.03599494 -0.06428861 0.1308872 0.004039466 -0.05529665 0.1334899 0.03599494 -0.06878858 0.1386814 0.004039466 -0.05979669 0.113332 0.02796053 -0.08570325 0.1185234 -0.003994941 -0.07671129 0.1211262 0.02796053 -0.09020322 0.1263177 -0.003994941 -0.08121132 0.1369851 -0.004039466 -0.03773945 0.1330117 -0.03599494 -0.04733204 0.1453 -0.004039466 -0.04118359 0.1413266 -0.03599494 -0.05077618 0.1275223 0.003994941 -0.06058466 0.1235489 -0.02796053 -0.07017725 0.1358372 0.003994941 -0.06402879 0.1318638 -0.02796053 -0.07362139 0.1380518 0.03599494 -0.02956563 0.1407392 0.004039466 -0.01953649 0.1467452 0.03599494 -0.03189504 0.1494325 0.004039466 -0.02186584 0.1316519 0.02796053 -0.05345052 0.1343392 -0.003994941 -0.04342138 0.1403452 0.02796053 -0.05577993 0.1430325 -0.003994941 -0.04575073 0.1420851 -0.004039466 -9.99257e-4 0.1407299 -0.03599494 -0.01129335 0.1510081 -0.004039466 -0.00217396 0.1496528 -0.03599494 -0.01246809 0.1388575 0.003994941 -0.02551513 0.1375023 -0.02796053 -0.03580927 0.1477805 0.003994941 -0.02668988 0.1464253 -0.02796053 -0.03698402 0.141 0.03599494 0.007172226 0.141 0.004039466 0.01755523 0.15 0.03599494 0.007172226 0.15 0.004039466 0.01755523 0.141 0.02796053 -0.01755517 0.141 -0.003994941 -0.007172226 0.15 0.02796053 -0.01755517 0.15 -0.003994941 -0.007172226 0.1375023 -0.004039466 0.03580915 0.1388575 -0.03599494 0.02551501 0.1464253 -0.004039466 0.0369839 0.1477805 -0.03599494 0.02668976 0.1407299 0.003994941 0.01129323 0.1420851 -0.02796053 9.99138e-4 0.1496528 0.003994941 0.01246798 0.1510081 -0.02796053 0.00217384 0.1343392 0.03599494 0.04342126 0.1316519 0.004039466 0.05345046 0.1430325 0.03599494 0.04575061 0.1403452 0.004039466 0.05577981 0.1407392 0.02796053 0.01953637 0.1380518 -0.003994941 0.02956551 0.1494324 0.02796053 0.02186572 0.1467452 -0.003994941 0.03189492 0.1235489 -0.004039466 0.07017731 0.1275222 -0.03599494 0.06058466 0.1318638 -0.004039466 0.07362145 0.1358371 -0.03599494 0.06402885 0.1330116 0.003994941 0.0473321 0.1369851 -0.02796053 0.03773945 0.1413266 0.003994941 0.05077624 0.1453 -0.02796053 0.04118365 0.1185234 0.03599494 0.07671129 0.113332 0.004039466 0.08570325 0.1263177 0.03599494 0.08121132 0.1211262 0.004039466 0.09020322 0.1308872 0.02796053 0.05529671 0.1256957 -0.003994941 0.06428861 0.1386814 0.02796053 0.05979669 0.1334899 -0.003994941 0.06878858 0.1011759 -0.004039466 0.09976279 0.1074966 -0.03599494 0.09152543 0.1083161 -0.004039466 0.1052417 0.1146368 -0.03599494 0.09700429 0.116229 0.003994941 0.08014518 0.1225498 -0.02796053 0.07190781 0.1233692 0.003994941 0.08562403 0.1296899 -0.02796053 0.07738667 0.09463059 0.03599494 0.1047735 0.08728873 0.004039466 0.1121154 0.1009945 0.03599494 0.1111375 0.09365266 0.004039466 0.1184794 0.1121155 0.02796053 0.08728855 0.1047737 -0.003994941 0.09463042 0.1184794 0.02796053 0.09365254 0.1111376 -0.003994941 0.1009944 0.07190781 -0.004039466 0.1225497 0.08014518 -0.03599494 0.116229 0.07738667 -0.004039466 0.1296899 0.08562403 -0.03599494 0.1233692 0.09152543 0.003994941 0.1074966 0.09976279 -0.02796053 0.1011759 0.09700429 0.003994941 0.1146368 0.1052417 -0.02796053 0.108316 0.06428867 0.03599494 0.1256957 0.05529677 0.004039466 0.1308872 0.06878864 0.03599494 0.1334899 0.05979675 0.004039466 0.1386814 0.08570325 0.02796053 0.1133319 0.07671135 -0.003994941 0.1185234 0.09020328 0.02796053 0.1211262 0.08121138 -0.003994941 0.1263176 0.03773951 -0.004039466 0.1369851 0.0473321 -0.03599494 0.1330116 0.04118365 -0.004039466 0.1453 0.05077624 -0.03599494 0.1413266 0.06058466 0.003994941 0.1275222 0.07017731 -0.02796053 0.1235489 0.06402885 0.003994941 0.1358371 0.07362145 -0.02796053 0.1318638 0.02956557 0.03599494 0.1380518 0.01953637 0.004039466 0.1407392 0.03189492 0.03599494 0.1467452 0.02186572 0.004039466 0.1494325 0.05345046 0.02796053 0.1316519 0.04342126 -0.003994941 0.1343392 0.05577981 0.02796053 0.1403452 0.04575067 -0.003994941 0.1430325 9.99153e-4 -0.004039466 0.1420851 0.01129329 -0.03599494 0.1407299 0.0021739 -0.004039466 0.1510081 0.01246803 -0.03599494 0.1496529 0.02551507 0.003994941 0.1388576 0.03580921 -0.02796053 0.1375023 0.02668982 0.003994941 0.1477805 0.03698396 -0.02796053 0.1464253 0 0.03799998 0.08799999 0 0.04199999 0.08397465 0 0.04146409 0.08598732 0 0.03999996 0.08746069 0 -0.04199999 0.08397465 0 -0.03799998 0.08799999 0 -0.04146409 0.08598732 0 -0.03999996 0.08746069 0.01868611 0.04199999 0.08186924 0.01958185 0.03799998 0.08579361 0.01913398 0.04146409 0.08383142 0.01946181 0.03999996 0.08526784 0.01868611 -0.04199999 0.08186924 0.01958185 -0.03799998 0.08579361 0.01913398 -0.04146409 0.08383142 0.01946181 -0.03999996 0.08526784 0.03643518 0.04199999 0.07565855 0.03818178 0.03799998 0.0792852 0.03730851 0.04146409 0.07747191 0.03794777 0.03999996 0.07879936 0.03643518 -0.04199999 0.07565855 0.03818178 -0.03799998 0.07928526 0.03730851 -0.04146409 0.07747191 0.03794777 -0.03999996 0.07879936 0.05235737 0.04199999 0.06565403 0.05486708 0.03799998 0.06880116 0.05361223 0.04146409 0.0672276 0.05453085 0.03999996 0.06837952 0.05235737 -0.04199999 0.06565403 0.05486708 -0.03799998 0.06880116 0.05361223 -0.04146409 0.0672276 0.05453085 -0.03999996 0.06837952 0.06565403 0.04199999 0.05235737 0.06880116 0.03799998 0.05486708 0.0672276 0.04146409 0.05361223 0.06837952 0.03999996 0.05453085 0.06565403 -0.04199999 0.05235737 0.06880116 -0.03799998 0.05486708 0.0672276 -0.04146409 0.05361223 0.06837952 -0.03999996 0.05453085 0.07565855 0.04199999 0.03643518 0.07928526 0.03799998 0.03818172 0.07747191 0.04146409 0.03730845 0.07879936 0.03999996 0.03794777 0.07565855 -0.04199999 0.03643518 0.07928526 -0.03799998 0.03818172 0.07747191 -0.04146409 0.03730845 0.07879936 -0.03999996 0.03794777 0.08186924 0.04199999 0.01868611 0.08579361 0.03799998 0.01958179 0.08383142 0.04146409 0.01913398 0.08526784 0.03999996 0.01946181 0.08186924 -0.04199999 0.01868611 0.08579361 -0.03799998 0.01958179 0.08383142 -0.04146409 0.01913398 0.0852679 -0.03999996 0.01946181 0.08397465 0.04199999 0 0.08799999 0.03799998 0 0.08598732 0.04146409 0 0.08746069 0.03999996 0 0.08397465 -0.04199999 0 0.08799999 -0.03799998 0 0.08598732 -0.04146409 0 0.08746069 -0.03999996 0 0.08186924 0.04199999 -0.01868611 0.08579361 0.03799998 -0.01958179 0.08383142 0.04146409 -0.01913398 0.0852679 0.03999996 -0.01946181 0.08186924 -0.04199999 -0.01868611 0.08579361 -0.03799998 -0.01958179 0.08383142 -0.04146409 -0.01913398 0.08526784 -0.03999996 -0.01946181 0.07565855 0.04199999 -0.03643518 0.07928526 0.03799998 -0.03818172 0.07747191 0.04146409 -0.03730845 0.07879936 0.03999996 -0.03794777 0.07565855 -0.04199999 -0.03643518 0.07928526 -0.03799998 -0.03818172 0.07747191 -0.04146409 -0.03730845 0.07879936 -0.03999996 -0.03794777 0.06565403 0.04199999 -0.05235737 0.06880116 0.03799998 -0.05486708 0.0672276 0.04146409 -0.05361223 0.06837952 0.03999996 -0.05453085 0.06565403 -0.04199999 -0.05235737 0.06880116 -0.03799998 -0.05486708 0.0672276 -0.04146409 -0.05361223 0.06837952 -0.03999996 -0.05453085 0.05235737 0.04199999 -0.06565403 0.05486708 0.03799998 -0.06880116 0.05361223 0.04146409 -0.0672276 0.05453085 0.03999996 -0.06837952 0.05235737 -0.04199999 -0.06565403 0.05486708 -0.03799998 -0.06880116 0.05361223 -0.04146409 -0.0672276 0.05453085 -0.03999996 -0.06837952 0.03643518 0.04199999 -0.07565855 0.03818178 0.03799998 -0.07928526 0.03730851 0.04146409 -0.07747191 0.03794777 0.03999996 -0.07879936 0.03643518 -0.04199999 -0.07565855 0.03818178 -0.03799998 -0.07928526 0.03730851 -0.04146409 -0.07747191 0.03794777 -0.03999996 -0.07879936 0.01868611 0.04199999 -0.08186924 0.01958185 0.03799998 -0.08579361 0.01913398 0.04146409 -0.08383142 0.01946181 0.03999996 -0.08526784 0.01868611 -0.04199999 -0.08186924 0.01958185 -0.03799998 -0.08579361 0.01913398 -0.04146409 -0.08383142 0.01946181 -0.03999996 -0.08526784 0 0.04199999 -0.08397465 0 0.03799998 -0.08799999 0 0.04146409 -0.08598732 0 0.03999996 -0.08746069 0 -0.04199999 -0.08397465 0 -0.03799998 -0.08799999 0 -0.04146409 -0.08598732 0 -0.03999996 -0.08746069 -0.01868611 0.04199999 -0.08186924 -0.01958185 0.03799998 -0.08579361 -0.01913398 0.04146409 -0.08383142 -0.01946181 0.03999996 -0.08526784 -0.01868611 -0.04199999 -0.08186924 -0.01958185 -0.03799998 -0.08579361 -0.01913398 -0.04146409 -0.08383142 -0.01946181 -0.03999996 -0.08526784 -0.03643518 0.04199999 -0.07565855 -0.03818178 0.03799998 -0.07928526 -0.03730851 0.04146409 -0.07747191 -0.03794777 0.03999996 -0.07879936 -0.03643518 -0.04199999 -0.07565855 -0.03818178 -0.03799998 -0.07928526 -0.03730851 -0.04146409 -0.07747191 -0.03794777 -0.03999996 -0.07879936 -0.05235737 0.04199999 -0.06565403 -0.05486708 0.03799998 -0.06880116 -0.05361223 0.04146409 -0.0672276 -0.05453085 0.03999996 -0.06837952 -0.05235737 -0.04199999 -0.06565403 -0.05486708 -0.03799998 -0.06880116 -0.05361223 -0.04146409 -0.0672276 -0.05453085 -0.03999996 -0.06837952 -0.06565403 0.04199999 -0.05235737 -0.06880116 0.03799998 -0.05486708 -0.0672276 0.04146409 -0.05361223 -0.06837952 0.03999996 -0.05453085 -0.06565403 -0.04199999 -0.05235737 -0.06880116 -0.03799998 -0.05486708 -0.0672276 -0.04146409 -0.05361223 -0.06837952 -0.03999996 -0.05453085 -0.07565861 0.04199999 -0.03643518 -0.07928526 0.03799998 -0.03818172 -0.07747191 0.04146409 -0.03730845 -0.07879936 0.03999996 -0.03794777 -0.07565861 -0.04199999 -0.03643518 -0.07928526 -0.03799998 -0.03818172 -0.07747191 -0.04146409 -0.03730845 -0.07879936 -0.03999996 -0.03794777 -0.08186924 0.04199999 -0.01868611 -0.08579367 0.03799998 -0.01958179 -0.08383142 0.04146409 -0.01913398 -0.0852679 0.03999996 -0.01946181 -0.08186924 -0.04199999 -0.01868611 -0.08579367 -0.03799998 -0.01958179 -0.08383148 -0.04146409 -0.01913398 -0.0852679 -0.03999996 -0.01946181 -0.08397465 0.04199999 0 -0.08799999 0.03799998 0 -0.08598732 0.04146409 0 -0.08746069 0.03999996 0 -0.08397465 -0.04199999 0 -0.08799999 -0.03799998 0 -0.08598732 -0.04146409 0 -0.08746069 -0.03999996 0 -0.08186924 0.04199999 0.01868611 -0.08579367 0.03799998 0.01958179 -0.08383148 0.04146409 0.01913398 -0.0852679 0.03999996 0.01946181 -0.08186924 -0.04199999 0.01868611 -0.08579367 -0.03799998 0.01958179 -0.08383142 -0.04146409 0.01913398 -0.0852679 -0.03999996 0.01946181 -0.07565861 0.04199999 0.03643518 -0.07928526 0.03799998 0.03818172 -0.07747191 0.04146409 0.03730845 -0.07879936 0.03999996 0.03794777 -0.07565861 -0.04199999 0.03643518 -0.07928526 -0.03799998 0.03818172 -0.07747191 -0.04146409 0.03730845 -0.07879936 -0.03999996 0.03794777 -0.06565403 0.04199999 0.05235737 -0.06880116 0.03799998 0.05486708 -0.0672276 0.04146409 0.05361223 -0.06837952 0.03999996 0.05453085 -0.06565403 -0.04199999 0.05235737 -0.06880116 -0.03799998 0.05486708 -0.0672276 -0.04146409 0.05361223 -0.06837952 -0.03999996 0.05453085 -0.05235737 0.04199999 0.06565403 -0.05486708 0.03799998 0.06880116 -0.05361223 0.04146409 0.0672276 -0.05453085 0.03999996 0.06837952 -0.05235737 -0.04199999 0.06565403 -0.05486708 -0.03799998 0.06880116 -0.05361223 -0.04146409 0.0672276 -0.05453085 -0.03999996 0.06837952 -0.03643518 0.04199999 0.07565855 -0.03818178 0.03799998 0.0792852 -0.03730851 0.04146409 0.07747191 -0.03794777 0.03999996 0.07879936 -0.03643518 -0.04199999 0.07565855 -0.03818178 -0.03799998 0.07928526 -0.03730851 -0.04146409 0.07747191 -0.03794777 -0.03999996 0.07879936 -0.01868611 0.04199999 0.08186924 -0.01958185 0.03799998 0.08579361 -0.01913398 0.04146409 0.08383142 -0.01946181 0.03999996 0.08526784 -0.01868611 -0.04199999 0.08186924 -0.01958185 -0.03799998 0.08579361 -0.01913398 -0.04146409 0.08383142 -0.01946181 -0.03999996 0.08526784 0 0.04199999 0.02799999 0 0.04500001 0.0249412 0 0.04459804 0.0264706 0 0.0435 0.02759015 0 -0.04499995 0.0249412 0 -0.04199999 0.02799999 0 -0.04459804 0.0264706 0 -0.0435 0.02759015 0.00954461 0.04500001 0.02304267 0.01071512 0.04199999 0.02586859 0.01012986 0.04459804 0.0244556 0.0105583 0.0435 0.02548998 0.00954461 -0.04499995 0.02304267 0.01071512 -0.04199999 0.02586859 0.01012986 -0.04459804 0.02445566 0.0105583 -0.0435 0.02548998 0.01763612 0.04500001 0.01763606 0.01979899 0.04199999 0.01979899 0.01871752 0.04459804 0.01871752 0.01950919 0.0435 0.01950919 0.01763612 -0.04499995 0.01763612 0.01979899 -0.04199999 0.01979899 0.01871752 -0.04459804 0.01871752 0.01950919 -0.0435 0.01950919 0.02304267 0.04500001 0.009544551 0.02586859 0.04199999 0.01071512 0.02445566 0.04459804 0.01012986 0.02548998 0.0435 0.0105583 0.02304267 -0.04499995 0.009544551 0.02586859 -0.04199999 0.01071512 0.02445566 -0.04459804 0.01012986 0.02548998 -0.0435 0.0105583 0.0249412 0.04500001 0 0.02799999 0.04199999 0 0.0264706 0.04459804 0 0.02759021 0.0435 0 0.0249412 -0.04500001 0 0.02799999 -0.04199999 0 0.0264706 -0.04459804 0 0.02759021 -0.0435 0 0.02304267 0.04499995 -0.009544551 0.02586859 0.04199999 -0.01071512 0.02445566 0.04459804 -0.01012986 0.02548998 0.0435 -0.0105583 0.02304267 -0.04500001 -0.009544551 0.02586859 -0.04199999 -0.01071512 0.02445566 -0.04459804 -0.01012986 0.02548998 -0.0435 -0.0105583 0.01763612 0.04499995 -0.01763612 0.01979899 0.04199999 -0.01979899 0.01871752 0.04459804 -0.01871752 0.01950919 0.0435 -0.01950919 0.01763612 -0.04500001 -0.01763606 0.01979899 -0.04199999 -0.01979899 0.01871752 -0.04459804 -0.01871752 0.01950919 -0.0435 -0.01950919 0.00954461 0.04499995 -0.02304267 0.01071512 0.04199999 -0.02586859 0.01012986 0.04459804 -0.02445566 0.0105583 0.0435 -0.02548998 0.00954461 -0.04500001 -0.02304267 0.01071512 -0.04199999 -0.02586859 0.01012986 -0.04459804 -0.0244556 0.0105583 -0.0435 -0.02548998 0 0.04499995 -0.0249412 0 0.04199999 -0.02799999 0 0.04459804 -0.0264706 0 0.0435 -0.02759015 0 -0.04500001 -0.0249412 0 -0.04199999 -0.02799999 0 -0.04459804 -0.0264706 0 -0.0435 -0.02759015 -0.00954461 0.04499995 -0.02304267 -0.01071512 0.04199999 -0.02586859 -0.01012986 0.04459804 -0.02445566 -0.0105583 0.0435 -0.02548998 -0.00954461 -0.04500001 -0.02304267 -0.01071512 -0.04199999 -0.02586859 -0.01012986 -0.04459804 -0.0244556 -0.0105583 -0.0435 -0.02548998 -0.01763612 0.04499995 -0.01763612 -0.01979899 0.04199999 -0.01979899 -0.01871752 0.04459804 -0.01871752 -0.01950919 0.0435 -0.01950919 -0.01763612 -0.04500001 -0.01763606 -0.01979899 -0.04199999 -0.01979899 -0.01871752 -0.04459804 -0.01871752 -0.01950919 -0.0435 -0.01950919 -0.02304267 0.04499995 -0.009544551 -0.02586859 0.04199999 -0.01071512 -0.02445566 0.04459804 -0.01012986 -0.02548998 0.0435 -0.0105583 -0.02304267 -0.04500001 -0.009544551 -0.02586859 -0.04199999 -0.01071512 -0.02445566 -0.04459804 -0.01012986 -0.02548998 -0.0435 -0.0105583 -0.0249412 0.04500001 0 -0.02799999 0.04199999 0 -0.0264706 0.04459804 0 -0.02759021 0.0435 0 -0.0249412 -0.04500001 0 -0.02799999 -0.04199999 0 -0.0264706 -0.04459804 0 -0.02759021 -0.0435 0 -0.02304267 0.04500001 0.009544551 -0.02586859 0.04199999 0.01071512 -0.02445566 0.04459804 0.01012986 -0.02548998 0.0435 0.0105583 -0.02304267 -0.04499995 0.009544551 -0.02586859 -0.04199999 0.01071512 -0.02445566 -0.04459804 0.01012986 -0.02548998 -0.0435 0.0105583 -0.01763612 0.04500001 0.01763606 -0.01979899 0.04199999 0.01979899 -0.01871752 0.04459804 0.01871752 -0.01950919 0.0435 0.01950919 -0.01763612 -0.04499995 0.01763612 -0.01979899 -0.04199999 0.01979899 -0.01871752 -0.04459804 0.01871752 -0.01950919 -0.0435 0.01950919 -0.00954461 0.04500001 0.02304267 -0.01071512 0.04199999 0.02586859 -0.01012986 0.04459804 0.0244556 -0.0105583 0.0435 0.02548998 -0.00954461 -0.04499995 0.02304267 -0.01071512 -0.04199999 0.02586859 -0.01012986 -0.04459804 0.02445566 -0.0105583 -0.0435 0.02548998 0.04500001 0.04199999 0.005999982 0.04500001 -0.04199999 0.005999982 0.05019617 0.04199999 0.002999961 0.05019617 -0.04199999 0.002999961 0.05019617 0.04199999 -0.002999961 0.05019617 -0.04199999 -0.002999961 0.04500001 0.04199999 -0.005999982 0.04500001 -0.04199999 -0.005999982 0.03980386 0.04199999 -0.002999961 0.03980386 -0.04199999 -0.002999961 0.03980386 0.04199999 0.002999961 0.03980386 -0.04199999 0.002999961 0.01730382 0.04199999 0.04197114 0.01730382 -0.04199999 0.04197114 0.02249997 0.04199999 0.0449711 0.02249997 -0.04199999 0.0449711 0.02769613 0.04199999 0.04197114 0.02769613 -0.04199999 0.04197114 0.02769613 0.04199999 0.0359711 0.02769613 -0.04199999 0.03597116 0.02249997 0.04199999 0.03297114 0.02249997 -0.04199999 0.03297114 0.01730382 0.04199999 0.0359711 0.01730382 -0.04199999 0.03597116 -0.02769613 0.04199999 0.0359711 -0.02769613 -0.04199999 0.03597116 -0.02769613 0.04199999 0.04197114 -0.02769613 -0.04199999 0.04197114 -0.02249997 0.04199999 0.0449711 -0.02249997 -0.04199999 0.0449711 -0.01730382 0.04199999 0.04197114 -0.01730382 -0.04199999 0.04197114 -0.01730382 0.04199999 0.0359711 -0.01730382 -0.04199999 0.03597116 -0.02249997 0.04199999 0.03297114 -0.02249997 -0.04199999 0.03297114 -0.04500001 0.04199999 -0.005999982 -0.04500001 -0.04199999 -0.005999982 -0.05019617 0.04199999 -0.002999961 -0.05019617 -0.04199999 -0.002999961 -0.05019617 0.04199999 0.002999961 -0.05019617 -0.04199999 0.002999961 -0.04500001 0.04199999 0.005999982 -0.04500001 -0.04199999 0.005999982 -0.03980386 0.04199999 0.002999961 -0.03980386 -0.04199999 0.002999961 -0.03980386 0.04199999 -0.002999961 -0.03980386 -0.04199999 -0.002999961 -0.01730382 0.04199999 -0.04197114 -0.01730382 -0.04199999 -0.04197114 -0.02249997 0.04199999 -0.0449711 -0.02249997 -0.04199999 -0.0449711 -0.02769613 0.04199999 -0.04197114 -0.02769613 -0.04199999 -0.04197114 -0.02769613 0.04199999 -0.0359711 -0.02769613 -0.04199999 -0.0359711 -0.02249997 0.04199999 -0.03297114 -0.02249997 -0.04199999 -0.03297114 -0.01730382 0.04199999 -0.0359711 -0.01730382 -0.04199999 -0.0359711 0.02769613 0.04199999 -0.0359711 0.02769613 -0.04199999 -0.0359711 0.02769613 0.04199999 -0.04197114 0.02769613 -0.04199999 -0.04197114 0.02249997 0.04199999 -0.0449711 0.02249997 -0.04199999 -0.0449711 0.01730382 0.04199999 -0.04197114 0.01730382 -0.04199999 -0.04197114 0.01730382 0.04199999 -0.0359711 0.01730382 -0.04199999 -0.0359711 0.02249997 0.04199999 -0.03297114 0.02249997 -0.04199999 -0.03297114</float_array>
          <technique_common>
            <accessor source="#wheel_rl-mesh-positions-array" count="1096" stride="3">
              <param name="X" type="float"/>
              <param name="Y" type="float"/>
              <param name="Z" type="float"/>
            </accessor>
          </technique_common>
        </source>
        <source id="wheel_rl-mesh-normals">
          <float_array id="wheel_rl-mesh-normals-array" count="5640">0.8586689 -0.1300632 -0.4957533 0.8164399 -0.4950979 -0.2971596 0.7524349 -0.4950994 -0.4344173 0.7524343 -0.4951009 0.4344168 0.3902111 -0.8605391 0.3274258 0.4411394 -0.8605394 0.2546922 -0.1721734 -0.1300631 0.9764425 0 0.1300645 0.9915056 -0.1721748 0.1300628 0.9764423 0.4411394 -0.8605396 -0.2546918 0.7595364 -0.1300633 0.6373288 0.8586682 -0.1300646 0.4957543 0.3391149 -0.1300607 0.931711 0.4957528 0.1300651 0.8586689 0.3391154 0.1300652 0.9317102 0.8164398 0.4950978 -0.2971601 0.4411394 0.8605393 -0.2546923 0.4786663 0.8605381 -0.1742206 0.3902108 0.8605394 0.3274258 0.1187674 0.9905516 0.06857037 0.1050587 0.9905511 0.08815473 0.4957525 -0.1300642 0.8586692 0.6373286 0.1300632 0.7595367 0.858669 0.1300647 -0.4957529 0.9317104 0.1300639 -0.3391151 0.7524346 0.4951 0.4344171 0.6655669 0.4951007 0.5584766 0.7595381 0.1300623 0.637327 0.4786663 -0.8605383 -0.1742202 0.1350607 -0.9905511 -0.02381485 0.1288701 -0.9905516 -0.04690492 0.8586689 0.1300647 0.495753 0.5016458 -0.860539 -0.088454 0.3274267 -0.8605383 0.3902123 0.1050573 -0.9905513 0.08815366 0.9317099 -0.1300643 0.3391165 0.9317104 0.130064 0.3391151 0.9317099 -0.1300644 -0.3391164 0.8556361 -0.4951004 -0.1508724 0.665568 -0.4951002 0.5584757 0.9764423 -0.1300632 0.1721742 0.9764422 0.1300656 0.1721733 0.1350572 0.9905517 -0.02381408 0.5016451 0.8605394 -0.08845412 0.6373271 -0.1300645 0.7595376 0.9915058 0.130063 8.09585e-7 0.8556358 0.495101 -0.1508727 0.327426 0.8605388 0.3902117 0.08815538 0.9905511 0.1050584 0.9915054 -0.1300655 -8.08964e-7 0.9764424 0.1300647 -0.1721724 0.5584775 0.4950976 0.6655685 0.9764421 -0.1300645 -0.1721749 0.1371406 -0.9905516 0 0.5093832 -0.8605399 0 0.06857097 -0.9905515 0.1187685 0.0881533 -0.9905514 0.1050565 0.7595376 0.1300634 -0.6373274 0.8688342 -0.4951031 0 0.5584775 -0.4951003 0.6655665 0.2546924 -0.860539 0.4411399 0.7595373 -0.1300634 -0.6373276 0.6373274 0.1300638 -0.7595375 0.137141 0.9905516 0 0.5093832 0.8605399 3.06002e-7 0.637327 -0.1300653 -0.7595376 0.4957535 0.1300629 -0.8586689 0.8688363 0.4950995 -3.91455e-7 0.2546926 0.8605386 0.4411405 0.06857281 0.9905511 0.1187704 0.4957519 -0.1300629 -0.8586697 0.3391165 0.1300636 -0.93171 0.434418 0.495101 0.7524334 0.3391147 -0.1300637 -0.9317106 0.1721746 0.1300629 -0.9764423 0.5016457 -0.8605391 0.08845406 0.1721734 -0.1300634 -0.9764424 6.33628e-7 0.1300655 -0.9915054 0.8556362 -0.4951004 0.1508724 0.04690605 -0.9905512 0.1288735 -6.34837e-7 -0.1300655 -0.9915054 -0.172173 0.1300629 -0.9764426 0.4344184 -0.4951009 0.7524333 0.1742193 -0.86054 0.4786634 -0.1721751 -0.1300634 -0.9764422 -0.3391149 0.1300636 -0.9317106 0.501645 0.8605395 0.08845388 0.1350579 0.9905515 0.02381438 -0.3391164 -0.1300637 -0.9317101 -0.4957529 0.1300645 -0.8586689 0.8556345 0.4951032 0.1508717 0.1742199 0.8605386 0.4786657 0.04690527 0.9905513 0.1288721 -0.4957544 -0.1300645 -0.858668 -0.6373276 0.1300629 -0.7595376 0.2971602 0.4951006 0.8164383 -0.6373289 -0.1300629 -0.7595365 -0.7595371 0.1300619 -0.6373283 0.4786663 -0.8605381 0.1742206 0.1350581 -0.9905515 0.02381443 -0.759538 -0.1300622 -0.6373271 -0.8586682 0.1300647 -0.4957543 0.8164399 -0.4950981 0.2971596 0.08845353 -0.8605387 0.5016465 -0.858669 -0.1300647 -0.4957529 -0.9317098 0.130064 -0.3391168 0.1508704 -0.4951005 0.8556364 0.2971596 -0.4951012 0.816438 -0.9317104 -0.1300644 -0.3391149 -0.9764425 0.1300633 -0.1721735 0.4786663 0.8605381 0.1742202 0.1288734 0.9905511 0.04690587 -0.9764425 -0.1300659 -0.1721718 -0.9915059 0.1300615 -8.11399e-7 0.81644 0.4950977 0.2971599 0.08845359 0.8605391 0.5016458 0.02381449 0.9905513 0.1350591 -0.991506 -0.1300619 8.0898e-7 -0.9764428 0.1300634 0.1721719 0.1508712 0.4951015 0.8556357 -0.9764421 -0.1300658 0.1721734 -0.9317104 0.1300637 0.3391153 0.1187705 -0.9905511 0.06857246 0.1288701 -0.9905516 0.04690515 0.1721748 0.1300628 0.9764423 -0.9317099 -0.1300644 0.3391165 -0.8586689 0.1300647 0.495753 0 -0.990551 0.1371454 0.02381438 -0.9905514 0.1350589 -0.8586682 -0.1300646 0.4957543 -0.759538 0.130062 0.6373271 0 -0.4950994 0.8688365 -0.7595371 -0.1300618 0.6373285 -0.6373289 0.1300632 0.7595363 0.4411391 0.8605396 0.2546917 0.1721734 -0.1300631 0.9764425 -0.6373276 -0.1300624 0.7595376 -0.4957544 0.1300651 0.858668 0 0.8605381 0.5093864 0 0.9905515 0.137142 -0.4957523 -0.1300656 0.8586692 -0.339116 0.1300639 0.9317101 0 0.4950987 0.8688367 -0.3391143 -0.1300619 0.9317111 0.1187683 0.9905514 -0.06857115 0.1288729 0.9905512 -0.04690575 -0.1187751 -0.9905503 0.06857496 0.1187678 -0.9905515 -0.06857055 0.7524342 0.4951009 -0.4344168 0.3902122 0.8605385 -0.3274266 0.6655673 -0.4950996 -0.5584771 0.390211 -0.8605391 -0.3274261 0.1050564 -0.9905515 -0.08815312 0.665568 0.4951003 -0.5584757 0.3274261 0.8605389 -0.3902117 0.08815318 0.9905515 -0.105056 0.1050593 0.9905511 -0.08815509 0.5584771 -0.495101 -0.6655662 0.3274269 -0.8605384 -0.3902121 0.08815491 -0.9905511 -0.1050582 0.5584771 0.4951006 -0.6655665 0.2546914 0.8605397 -0.441139 0.0685721 0.9905511 -0.1187705 0.4344186 -0.4950995 -0.7524341 0.2546926 -0.8605387 -0.4411405 0.0685693 -0.990552 -0.1187652 0.2971594 0.4951027 -0.8164371 0.4344184 0.4951002 -0.7524337 0.1742199 0.8605392 -0.4786648 0.2971589 -0.4951021 -0.8164377 0.1742202 -0.8605387 -0.4786652 0.04690641 -0.9905511 -0.1288738 0.1508708 0.4951001 -0.8556366 0.08845359 0.8605386 -0.5016465 0.04690515 0.9905514 -0.1288719 0.1508711 -0.4950996 -0.8556368 0.08845382 -0.8605388 -0.5016463 0.02381443 -0.9905514 -0.1350584 0 0.4950994 -0.8688364 0 0.9905515 -0.1371421 0.02381503 0.9905509 -0.1350618 0 -0.4950987 -0.8688368 0 -0.8605393 -0.5093842 0 -0.9905511 -0.1371443 -0.08845359 0.8605386 -0.5016465 0 0.8605398 -0.5093833 -0.1508711 -0.4950996 -0.8556368 -0.08845388 -0.860538 -0.5016475 -0.02381443 -0.9905515 -0.1350581 -0.1508708 0.4951001 -0.8556366 -0.1742199 0.8605392 -0.4786648 -0.04690515 0.9905514 -0.1288719 -0.02381491 0.9905511 -0.1350609 -0.2971589 -0.4951021 -0.8164377 -0.1742196 -0.8605395 -0.4786641 -0.04690539 -0.9905515 -0.1288712 -0.2971594 0.4951027 -0.8164371 -0.4344179 0.4950988 -0.7524349 -0.06857126 0.9905514 -0.1187689 -0.4344182 -0.4950981 -0.7524352 -0.2546935 -0.8605379 -0.4411417 -0.0685696 -0.9905519 -0.1187652 -0.3274256 0.8605392 -0.3902112 -0.2546921 0.860539 -0.4411403 -0.08815336 0.9905514 -0.1050575 -0.5584762 -0.4950993 -0.6655683 -0.3274253 -0.8605395 -0.3902108 -0.08815538 -0.9905509 -0.1050595 -0.5584761 0.4950998 -0.6655679 -0.3902102 0.8605399 -0.3274249 -0.1050594 0.990551 -0.08815538 -0.665567 -0.495101 -0.5584763 -0.3902101 -0.86054 -0.327425 -0.1050561 -0.9905515 -0.08815252 -0.7524343 0.4951009 -0.4344169 -0.6655668 0.4951015 -0.5584761 -0.4411407 0.8605385 -0.2546929 -0.7524346 -0.4951 -0.434417 -0.4411405 -0.8605387 -0.2546923 -0.1187678 -0.9905516 -0.06857037 -0.8164395 0.4950983 -0.2971602 -0.4786665 0.8605381 -0.1742204 -0.1187683 0.9905514 -0.06857097 -0.8164401 -0.4950981 -0.2971594 -0.4786664 -0.8605382 -0.1742199 -0.1288706 -0.9905515 -0.04690492 -0.8556358 0.4951011 -0.1508727 -0.5016438 0.8605401 -0.08845418 -0.1350575 0.9905515 -0.0238142 -0.1288731 0.9905512 -0.04690587 -0.8556355 -0.4951017 -0.1508724 -0.5016448 -0.8605397 -0.08845406 -0.13506 -0.9905512 -0.02381473 -0.5093826 0.8605403 0 -0.1371434 0.9905513 0 -0.8688363 -0.4950997 0 -0.5093829 -0.86054 0 -0.1371408 -0.9905516 0 -0.8556358 0.495101 0.1508727 -0.8688358 0.4951004 0 -0.5016437 0.8605402 0.08845418 -0.8556355 -0.4951015 0.1508724 -0.5016452 -0.8605393 0.08845406 -0.1350578 -0.9905515 0.02381432 -0.8164399 0.4950979 0.2971601 -0.4786664 0.8605382 0.17422 -0.1350573 0.9905517 0.02381408 -0.8164399 -0.4950981 0.2971595 -0.4786666 -0.8605381 0.1742204 -0.1288706 -0.9905515 0.04690498 -0.4411404 0.8605388 0.2546923 -0.1187674 0.9905516 0.06857013 -0.1288706 0.9905515 0.04690504 -0.7524343 -0.4951009 0.4344168 -0.4411394 -0.8605394 0.2546922 -0.7524346 0.4951 0.4344171 -0.39021 0.86054 0.3274249 -0.1050597 0.990551 0.08815544 -0.665567 -0.4951014 0.5584758 -0.3902112 -0.860539 0.3274258 -0.105057 -0.9905514 0.08815336 -0.5584762 0.4950993 0.6655682 -0.6655672 0.4951005 0.5584764 -0.3274254 0.8605394 0.3902111 -0.5584761 -0.4950994 0.6655683 -0.3274263 -0.8605386 0.3902119 -0.08815336 -0.9905514 0.1050571 -0.4344182 0.4950986 0.7524349 -0.2546927 0.8605386 0.4411407 -0.08815318 0.9905515 0.1050569 -0.4344183 -0.4950993 0.7524344 -0.2546925 -0.8605389 0.4411401 -0.06857097 -0.9905515 0.1187686 -0.2971602 0.4951005 0.8164382 -0.1742199 0.8605386 0.4786657 -0.06857085 0.9905517 0.1187664 -0.2971596 -0.4951012 0.816438 -0.1742193 -0.86054 0.4786634 -0.04690617 -0.9905511 0.1288737 -0.1508712 0.4951015 0.8556357 -0.08845359 0.8605391 0.5016458 -0.04690527 0.9905513 0.1288721 -0.1508704 -0.4951005 0.8556364 -0.08845353 -0.8605387 0.5016465 -0.02381438 -0.9905514 0.1350589 -0.02381503 0.9905509 0.1350622 0 -0.1300666 0.9915053 0 -0.8605397 0.5093835 -0.9510568 0.3090162 0 -0.9510568 0.3090162 0 0 0 1 1.54777e-7 0 1 2.66519e-7 0 1 0.9510568 -0.3090162 0 0.9510568 -0.3090162 0 0 0 -1 -1.54777e-7 0 -1 0 0 -1 0.3090169 0.9510565 0 0.309017 0.9510565 0 0.309017 0.9510566 0 -0.3090169 -0.9510565 0 -0.309017 -0.9510565 0 -0.309017 -0.9510566 0 -0.9429202 -0.3090165 -0.124139 -0.9429199 -0.3090172 -0.124139 -0.9429202 -0.3090163 -0.124139 -0.1305261 -1.20473e-7 0.9914449 -0.1305258 0 0.9914449 -0.1305269 -6.16324e-7 0.9914448 0.9429199 0.3090171 0.1241392 0.9429202 0.3090164 0.1241387 0.9429203 0.3090163 0.1241387 0.1305258 0 -0.991445 0.1305258 0 -0.991445 0.1305258 -5.66352e-7 -0.991445 -0.3063735 0.9510565 -0.04033511 -0.3063735 0.9510565 -0.04033517 -0.3063735 0.9510565 -0.04033523 0.3063732 -0.9510565 0.04033499 0.3063728 -0.9510567 0.04033529 0.3063735 -0.9510565 0.04033493 -0.9186503 0.3090162 -0.2461521 -0.9186499 0.3090169 -0.2461525 -0.9186499 0.309017 -0.2461526 -0.2588195 2.99833e-7 0.9659257 -0.2588196 2.99833e-7 0.9659257 -0.2588196 2.99833e-7 0.9659257 0.9186503 -0.3090162 0.2461519 0.9186499 -0.309017 0.2461525 0.9186504 -0.3090161 0.2461518 0.2588195 -2.85866e-7 -0.9659257 0.2588196 -2.80486e-7 -0.9659257 0.2588194 -2.99833e-7 -0.9659258 0.2984875 0.9510565 0.07998001 0.298487 0.9510567 0.07997953 0.2984877 0.9510565 0.07998025 -0.2984875 -0.9510565 -0.07997965 -0.298487 -0.9510567 -0.07997965 -0.2984868 -0.9510568 -0.07997965 -0.8786624 -0.3090163 -0.3639526 -0.8786619 -0.3090167 -0.3639532 -0.8786619 -0.3090169 -0.3639534 -0.3826838 0 0.9238794 -0.3826839 0 0.9238793 -0.3826836 -1.99889e-7 0.9238795 0.8786615 0.3090163 0.3639546 0.8786621 0.309017 0.3639528 0.8786614 0.3090162 0.3639551 0.3826833 -2.66518e-7 -0.9238796 0.3826835 -2.66519e-7 -0.9238796 0.3826835 -2.66519e-7 -0.9238796 -0.2854945 0.9510567 -0.1182554 -0.2854945 0.9510565 -0.118256 -0.2854945 0.9510566 -0.1182552 0.2854945 -0.9510566 0.1182551 0.2854945 -0.9510566 0.1182551 0.2854945 -0.9510566 0.1182551 -0.8236405 0.3090163 -0.4755263 -0.8236379 0.3090177 -0.4755302 -0.8236372 0.309018 -0.4755311 -0.5000004 3.86944e-7 0.8660253 -0.5000002 2.79353e-7 0.8660253 -0.4999997 0 0.8660258 0.8236389 -0.3090167 0.475529 0.8236385 -0.3090165 0.4755298 0.823639 -0.3090167 0.4755288 0.4999997 -3.86943e-7 -0.8660256 0.5 -2.79353e-7 -0.8660255 0.5000007 0 -0.866025 0.2676168 0.9510563 0.1545091 0.2676159 0.9510566 0.1545093 0.2676156 0.9510567 0.1545093 -0.2676169 -0.9510565 -0.1545079 -0.267616 -0.9510566 -0.154509 -0.2676157 -0.9510567 -0.1545094 -0.7545254 -0.3090175 -0.5789643 -0.7545243 -0.3090172 -0.5789659 -0.7545241 -0.3090171 -0.5789663 -0.6087611 0 0.7933537 -0.6087608 -2.9672e-7 0.793354 -0.60876 -7.99554e-7 0.7933546 0.7545248 0.309018 0.5789648 0.7545241 0.3090173 0.5789661 0.754525 0.3090182 0.5789645 0.6087613 0 -0.7933535 0.6087609 2.9672e-7 -0.7933538 0.6087622 -3.99778e-7 -0.7933529 -0.2451595 0.9510567 -0.1881173 -0.2451596 0.9510568 -0.1881166 -0.2451595 0.9510566 -0.1881176 0.2451595 -0.9510568 0.1881166 0.2451593 -0.9510567 0.1881171 0.2451593 -0.9510568 0.1881173 -0.6725007 0.3090171 -0.6724963 -0.6724998 0.3090168 -0.6724973 -0.6725009 0.3090171 -0.6724961 -0.7071068 -4.21296e-7 0.7071068 -0.7071068 -3.7826e-7 0.7071068 -0.7071067 -5.33037e-7 0.7071068 0.6724994 -0.3090177 0.6724973 0.6725001 -0.3090173 0.6724969 0.6725001 -0.3090171 0.6724968 0.7071068 3.00871e-7 -0.7071068 0.7071068 3.65425e-7 -0.7071067 0.7071071 5.33037e-7 -0.7071065 0.2185087 0.9510567 0.2185069 0.2185083 0.9510567 0.2185073 0.2185088 0.9510566 0.2185068 -0.2185081 -0.9510567 -0.2185073 -0.2185082 -0.9510566 -0.2185074 -0.2185083 -0.9510567 -0.2185075 -0.5789657 -0.3090162 -0.7545248 -0.5789676 -0.309017 -0.7545232 -0.5789681 -0.3090171 -0.7545226 -0.7933533 0 0.6087615 -0.7933533 2.83886e-7 0.6087617 -0.7933536 -7.99557e-7 0.6087611 0.5789667 0.3090164 0.754524 0.5789647 0.3090169 0.7545255 0.5789641 0.309017 0.7545258 0.7933536 1.72145e-7 -0.6087612 0.7933535 -1.72144e-7 -0.6087613 0.7933533 -1.06607e-6 -0.6087617 -0.1881178 0.9510567 -0.2451594 -0.1881175 0.9510565 -0.2451601 -0.1881179 0.9510566 -0.2451591 0.1881176 -0.9510566 0.2451597 0.188117 -0.9510567 0.2451595 0.1881178 -0.9510565 0.2451598 -0.4755271 0.309017 -0.8236399 -0.4755266 0.309017 -0.8236401 -0.4755266 0.309017 -0.8236402 -0.8660255 3.7826e-7 0.5000001 -0.8660255 4.21296e-7 0.5 -0.8660254 2.66519e-7 0.5000001 0.4755268 -0.3090174 0.8236398 0.4755262 -0.3090169 0.8236404 0.475527 -0.3090175 0.8236396 0.8660254 -5.33037e-7 -0.5 0.8660254 -5.33037e-7 -0.5 0.154508 0.9510567 0.2676166 0.1545079 0.9510567 0.2676164 0.1545079 0.9510568 0.2676164 -0.154508 -0.9510566 -0.2676166 -0.1545079 -0.9510567 -0.2676165 -0.154508 -0.9510565 -0.2676167 -0.3639553 -0.3090165 -0.8786611 -0.363954 -0.3090168 -0.8786616 -0.3639537 -0.3090169 -0.8786617 -0.9238799 6.01742e-7 0.3826826 -0.9238799 7.30851e-7 0.3826827 -0.9238799 2.66519e-7 0.3826825 0.3639547 0.3090171 0.8786612 0.3639539 0.3090163 0.8786618 0.3639549 0.3090173 0.8786611 0.9238799 -3.7826e-7 -0.3826826 0.9238799 -4.21296e-7 -0.3826826 0.9238799 -5.33037e-7 -0.3826827 -0.1182558 0.9510565 -0.2854943 -0.118256 0.9510566 -0.2854942 -0.1182557 0.9510566 -0.2854944 0.1182561 -0.9510567 0.2854939 0.1182558 -0.9510565 0.2854945 0.1182557 -0.9510565 0.2854947 -0.246152 0.3090168 -0.91865 -0.2461509 0.3090163 -0.9186505 -0.2461523 0.3090169 -0.9186499 -0.965926 -7.5652e-7 0.2588185 -0.965926 -8.42592e-7 0.2588185 -0.965926 -1.06607e-6 0.2588185 0.2461517 -0.3090168 0.91865 0.2461508 -0.3090165 0.9186505 0.2461506 -0.3090164 0.9186506 0.965926 6.87815e-7 -0.2588184 0.9659261 6.44778e-7 -0.2588185 0.965926 7.99556e-7 -0.2588184 0.07997947 0.9510567 0.2984868 0.07997924 0.9510565 0.2984876 0.07997959 0.9510568 0.2984865 -0.07997918 -0.9510566 -0.2984874 -0.07997965 -0.9510565 -0.2984876 -0.07997983 -0.9510564 -0.2984877 -0.1241379 -0.3090169 -0.9429202 -0.1241389 -0.3090174 -0.9429199 -0.1241391 -0.3090175 -0.9429197 -0.9914448 9.11297e-7 0.1305263 -0.9914448 9.54333e-7 0.1305263 -0.9914449 1.06607e-6 0.1305264 0.1241382 0.3090167 0.9429202 0.1241392 0.3090167 0.94292 0.1241379 0.3090167 0.9429203 0.9914448 -6.87814e-7 -0.1305263 0.9914448 -6.44778e-7 -0.1305263 0.991445 -7.99555e-7 -0.1305263 -0.04033505 0.9510568 -0.3063728 -0.04033488 0.9510565 -0.3063734 -0.04033511 0.9510568 -0.3063726 0.04033482 -0.9510565 0.3063732 0.04033505 -0.9510566 0.3063732 0.04033517 -0.9510566 0.3063731 0 0.3090167 -0.9510566 0 0.3090168 -0.9510567 0 0.3090168 -0.9510566 -1 -1.54777e-7 0 -1 0 0 -1 0 0 0 -0.3090168 0.9510567 0 -0.3090168 0.9510567 0 -0.3090168 0.9510566 1 0 0 1 -1.97813e-7 0 1 2.66518e-7 0 0 0.9510566 0.3090168 0 0.9510565 0.309017 0 0.9510566 0.3090171 0 -0.9510566 -0.3090167 0 -0.9510565 -0.3090171 0 -0.9510565 -0.3090172 0.1241379 -0.3090168 -0.9429202 0.1241379 -0.3090169 -0.9429201 0.1241379 -0.3090167 -0.9429203 -0.9914448 -8.42592e-7 -0.1305263 -0.9914448 -7.56519e-7 -0.1305263 -0.9914448 -1.06607e-6 -0.1305264 -0.1241389 0.3090173 0.9429199 -0.1241379 0.3090168 0.9429202 -0.1241376 0.3090167 0.9429203 0.991445 9.11297e-7 0.1305263 0.991445 9.54333e-7 0.1305263 0.9914448 7.99555e-7 0.1305263 0.04033482 0.9510565 -0.3063732 0.04033476 0.9510565 -0.3063734 0.04033482 0.9510566 -0.3063732 -0.04033511 -0.9510568 0.3063728 -0.04033499 -0.9510565 0.3063733 -0.04033517 -0.9510567 0.3063726 0.2461513 0.3090164 -0.9186504 0.2461512 0.3090169 -0.9186502 0.2461512 0.309017 -0.9186502 -0.9659261 1.13478e-6 -0.2588183 -0.9659261 1.26389e-6 -0.2588184 -0.9659261 1.59911e-6 -0.2588184 -0.246151 -0.3090164 0.9186505 -0.2461515 -0.3090168 0.9186502 -0.2461509 -0.3090164 0.9186505 0.965926 -7.56519e-7 0.2588184 0.9659261 -8.42592e-7 0.2588184 0.965926 -5.33037e-7 0.2588184 -0.07997953 0.9510565 0.2984877 -0.07997936 0.9510565 0.2984876 -0.07997965 0.9510565 0.2984877 0.07997941 -0.9510567 -0.2984872 0.07997918 -0.9510567 -0.298487 0.07997947 -0.9510566 -0.2984872 0.3639528 -0.3090168 -0.8786621 0.3639545 -0.3090167 -0.8786615 0.3639523 -0.3090168 -0.8786623 -0.9238799 -4.64333e-7 -0.3826828 -0.9238799 -3.35224e-7 -0.3826828 -0.9238799 -7.99556e-7 -0.3826828 -0.3639538 0.3090167 0.8786618 -0.3639542 0.3090166 0.8786616 -0.3639543 0.3090166 0.8786615 0.9238799 6.01742e-7 0.3826827 0.9238799 7.30851e-7 0.3826827 0.9238799 1.06607e-6 0.3826826 0.1182557 0.9510565 -0.2854943 0.1182557 0.9510566 -0.2854944 -0.1182557 -0.9510565 0.2854944 -0.1182557 -0.9510565 0.2854943 -0.1182557 -0.9510566 0.2854945 0.4755261 0.3090171 -0.8236403 0.4755269 0.3090172 -0.8236398 0.475526 0.3090171 -0.8236405 -0.8660254 -4.64332e-7 -0.5 -0.8660254 -3.35223e-7 -0.5000001 -0.8660255 -7.99555e-7 -0.4999998 -0.4755266 -0.309017 0.8236401 -0.4755271 -0.309017 0.8236399 -0.4755271 -0.3090169 0.8236398 0.8660255 5.33037e-7 0.5 0.8660255 5.33037e-7 0.5 0.8660255 5.33037e-7 0.4999998 -0.154508 0.9510566 0.2676166 -0.1545079 0.9510567 0.2676165 -0.154508 0.9510567 0.2676166 0.154508 -0.9510566 -0.2676167 0.1545079 -0.9510567 -0.2676165 0.1545079 -0.9510567 -0.2676165 0.5789638 -0.3090172 -0.754526 0.5789665 -0.3090168 -0.754524 0.5789672 -0.3090167 -0.7545235 -0.7933534 -3.95627e-7 -0.6087614 -0.7933535 -1.37409e-7 -0.6087613 -0.7933533 -1.06607e-6 -0.6087616 -0.5789648 0.3090168 0.7545253 -0.5789676 0.3090159 0.7545235 -0.5789641 0.309017 0.7545258 0.7933535 2.4085e-7 0.6087613 0.7933537 0 0.608761 0.7933542 -5.33037e-7 0.6087604 0.1881175 0.9510565 -0.2451597 0.1881168 0.9510566 -0.2451599 0.1881178 0.9510565 -0.2451596 -0.1881166 -0.9510568 0.2451598 -0.1881179 -0.9510565 0.2451598 -0.1881183 -0.9510564 0.2451597 0.6725009 0.3090167 -0.6724964 0.6724996 0.3090173 -0.6724973 0.6724993 0.3090174 -0.6724976 -0.7071067 0 -0.7071068 -0.7071066 0 -0.707107 -0.7071063 -2.66519e-7 -0.7071074 -0.6725009 -0.3090166 0.6724964 -0.6724997 -0.309017 0.6724973 -0.6725011 -0.3090165 0.6724962 0.7071067 0 0.7071069 0.7071067 -1.54777e-7 0.707107 0.7071067 0 0.7071068 -0.2185087 0.9510566 0.2185075 -0.2185089 0.9510566 0.2185072 -0.218509 0.9510565 0.2185071 0.2185089 -0.9510566 -0.2185072 0.2185086 -0.9510565 -0.2185072 0.218509 -0.9510565 -0.2185072 0.7545271 -0.3090168 -0.5789626 0.7545266 -0.3090168 -0.5789632 0.7545272 -0.3090168 -0.5789624 -0.6087615 0 -0.7933533 -0.6087616 0 -0.7933534 -0.6087615 2.66519e-7 -0.7933533 -0.754527 0.3090171 0.5789626 -0.7545267 0.3090166 0.5789632 -0.7545267 0.3090165 0.5789633 0.6087614 0 0.7933533 0.6087616 0 0.7933533 0.6087611 -1.33259e-7 0.7933537 0.2451608 0.9510565 -0.1881165 0.2451606 0.9510565 -0.1881164 0.2451606 0.9510566 -0.1881164 -0.2451603 -0.9510566 0.1881163 -0.2451603 -0.9510565 0.1881166 -0.2451603 -0.9510567 0.1881161 0.8236377 0.3090171 -0.4755306 0.8236393 0.3090165 -0.4755282 0.8236374 0.3090173 -0.4755312 -0.5000002 -1.46094e-7 -0.8660254 -0.5000004 -2.53684e-7 -0.8660252 -0.5000008 -5.33038e-7 -0.866025 -0.8236379 -0.3090176 0.47553 -0.8236406 -0.3090164 0.4755262 -0.8236413 -0.309016 0.4755253 0.5000002 2.40658e-7 0.8660254 0.4999999 3.59008e-7 0.8660255 0.4999995 6.66296e-7 0.8660258 -0.2676169 0.9510566 0.154508 -0.267616 0.9510566 0.154509 -0.2676157 0.9510567 0.1545094 0.2676161 -0.9510567 -0.1545087 0.2676164 -0.9510565 -0.1545091 0.2676165 -0.9510565 -0.1545093 0.8786625 -0.3090166 -0.3639519 0.8786615 -0.3090167 -0.3639543 0.8786628 -0.3090166 -0.3639513 -0.3826835 4.98685e-7 -0.9238795 -0.3826836 4.3413e-7 -0.9238795 -0.3826841 2.66519e-7 -0.9238793 -0.8786615 0.309017 0.363954 -0.8786607 0.309017 0.363956 -0.8786617 0.309017 0.3639534 0.382683 3.05213e-7 0.9238797 0.3826832 2.94454e-7 0.9238797 0.3826835 2.66519e-7 0.9238796 0.2854949 0.9510565 -0.1182553 0.2854952 0.9510564 -0.1182552 0.2854954 0.9510564 -0.1182551 -0.2854948 -0.9510563 0.1182565 -0.2854945 -0.9510564 0.1182567 -0.2854944 -0.9510565 0.1182568 0.9186499 0.3090171 -0.2461526 0.9186499 0.3090167 -0.2461526 0.9186497 0.3090171 -0.2461526 -0.2588185 0 -0.965926 -0.2588186 0 -0.965926 -0.2588186 0 -0.9659259 -0.9186499 -0.3090168 0.2461525 -0.9186502 -0.3090161 0.2461519 -0.9186503 -0.3090159 0.2461519 0.2588193 -1.95643e-7 0.9659258 0.2588193 0 0.9659259 0.2588194 -4.33093e-7 0.9659258 -0.2984876 0.9510566 0.07997941 -0.2984871 0.9510567 0.07997971 -0.2984878 0.9510565 0.0799793 0.2984879 -0.9510564 -0.07997971 0.2984872 -0.9510566 -0.07997971 0.2984869 -0.9510567 -0.07997971 0.9429201 -0.3090166 -0.1241391 0.9429197 -0.3090175 -0.1241393 0.9429197 -0.3090177 -0.1241393 -0.1305263 0 -0.991445 -0.1305264 -1.38687e-7 -0.9914448 -0.1305258 1.99889e-7 -0.991445 -0.9429199 0.3090171 0.1241393 -0.94292 0.309017 0.124139 -0.9429199 0.3090173 0.1241394 0.1305263 0 0.9914448 0.1305261 1.45269e-7 0.9914449 0.1305255 3.91449e-7 0.991445 0.3063737 0.9510564 -0.04033517 0.3063729 0.9510567 -0.04033517 0.306374 0.9510563 -0.04033511 -0.3063734 -0.9510565 0.04033529 -0.3063731 -0.9510566 0.04033493 -0.306373 -0.9510566 0.04033482 0.9510568 0.3090162 0 0.9510568 0.3090162 0 0 0 -1 -1.54777e-7 0 -1 -2.66519e-7 0 -1 -0.9510568 -0.3090162 0 -0.9510568 -0.3090162 0 0 0 1 1.54777e-7 0 1 0 0 1 -0.3090169 0.9510565 0 -0.309017 0.9510565 0 -0.309017 0.9510566 0 0.3090169 -0.9510565 0 0.309017 -0.9510565 0 0.309017 -0.9510566 0 0.94292 -0.309017 0.124139 0.9429197 -0.3090175 0.1241393 0.9429201 -0.3090169 0.124139 0.1305266 1.43523e-7 -0.9914448 0.1305264 0 -0.9914448 0.1305269 3.91449e-7 -0.9914448 -0.9429198 0.3090175 -0.1241393 -0.9429201 0.3090166 -0.1241391 -0.9429202 0.3090164 -0.124139 -0.1305265 1.99889e-7 0.9914448 -0.1305267 1.99889e-7 0.9914448 -0.1305274 1.99889e-7 0.9914447 0.3063734 0.9510565 0.04033517 0.3063731 0.9510566 0.04033517 0.306373 0.9510566 0.04033517 -0.306373 -0.9510567 -0.04033499 -0.3063731 -0.9510566 -0.04033535 -0.306373 -0.9510566 -0.04033488 0.9186503 0.3090162 0.2461521 0.9186499 0.3090169 0.2461525 0.9186499 0.309017 0.2461526 0.2588185 0 -0.9659261 0.2588184 0 -0.9659261 0.2588184 0 -0.965926 -0.9186499 -0.3090167 -0.2461525 -0.9186499 -0.3090171 -0.2461526 -0.91865 -0.3090166 -0.2461525 -0.2588192 0 0.9659259 -0.2588192 1.76296e-7 0.9659259 -0.2588194 -1.33259e-7 0.9659258 -0.2984879 0.9510564 -0.07997977 -0.2984872 0.9510566 -0.07997959 -0.2984869 0.9510567 -0.07997953 0.2984876 -0.9510565 0.07997965 0.2984871 -0.9510567 0.07997971 0.2984878 -0.9510564 0.07997965 0.878661 -0.3090171 0.3639549 0.878661 -0.3090173 0.363955 0.8786611 -0.3090171 0.3639549 0.3826835 0 -0.9238796 0.3826835 0 -0.9238795 0.3826836 0 -0.9238795 -0.8786612 0.309017 -0.3639549 -0.8786616 0.3090167 -0.3639541 -0.8786617 0.3090165 -0.363954 -0.382683 0 0.9238798 -0.3826832 0 0.9238797 -0.3826823 0 0.92388 0.2854939 0.9510567 0.118256 0.285494 0.9510566 0.118256 0.285494 0.9510567 0.118256 -0.2854942 -0.9510565 -0.118256 -0.285494 -0.9510567 -0.1182559 -0.2854943 -0.9510565 -0.1182561 0.8236396 0.3090162 0.4755279 0.8236404 0.3090169 0.4755262 0.8236395 0.3090161 0.4755283 0.4999999 2.32166e-7 -0.8660255 0.4999997 1.67612e-7 -0.8660256 0.4999991 0 -0.8660261 -0.8236393 -0.3090165 -0.4755282 -0.8236406 -0.3090168 -0.4755257 -0.823641 -0.3090168 -0.4755252 -0.4999998 0 0.8660256 -0.4999998 0 0.8660255 -0.4999997 -1.99889e-7 0.8660256 -0.267617 0.9510565 -0.154508 -0.2676163 0.9510567 -0.1545076 -0.2676172 0.9510565 -0.1545081 0.2676169 -0.9510565 0.1545078 0.2676163 -0.9510567 0.1545083 0.267616 -0.9510567 0.1545085 0.7545239 -0.3090166 0.5789667 0.754523 -0.3090173 0.5789675 0.7545241 -0.3090164 0.5789665 0.608761 -1.54778e-7 -0.7933537 0.6087611 0 -0.7933536 0.6087608 -2.66519e-7 -0.7933539 -0.7545235 0.3090166 -0.5789674 -0.7545229 0.3090173 -0.5789677 -0.7545228 0.3090174 -0.5789678 -0.6087613 0 0.7933534 -0.6087613 1.54777e-7 0.7933536 -0.6087611 2.66519e-7 0.7933536 0.245159 0.9510567 0.1881176 0.2451592 0.9510566 0.1881177 0.2451592 0.9510566 0.1881178 -0.2451594 -0.9510566 -0.1881179 -0.2451593 -0.9510567 -0.1881178 -0.2451595 -0.9510566 -0.1881179 0.6724978 0.3090178 0.6724989 0.6724984 0.3090173 0.6724985 0.6724986 0.3090172 0.6724984 0.7071064 3.43907e-7 -0.7071072 0.7071064 3.22389e-7 -0.7071072 0.7071063 3.99778e-7 -0.7071073 -0.6724978 -0.3090178 -0.6724989 -0.6724984 -0.3090173 -0.6724985 -0.6724976 -0.3090178 -0.672499 -0.7071065 -4.55648e-7 0.7071072 -0.7071064 -4.77167e-7 0.7071073 -0.7071062 -5.33037e-7 0.7071074 -0.2185082 0.9510565 -0.2185078 -0.2185078 0.9510567 -0.2185078 -0.2185077 0.9510567 -0.2185078 0.2185078 -0.9510567 0.2185078 0.2185084 -0.9510565 0.2185079 0.2185076 -0.9510567 0.2185078 0.5789678 -0.3090168 0.754523 0.5789661 -0.3090167 0.7545244 0.5789657 -0.3090167 0.7545248 0.7933528 0 -0.6087622 0.7933529 -1.97814e-7 -0.608762 0.7933527 2.66519e-7 -0.6087624 -0.5789666 0.3090165 -0.754524 -0.5789663 0.3090172 -0.7545241 -0.5789662 0.3090174 -0.7545241 -0.7933529 0 0.608762 -0.7933531 1.97814e-7 0.608762 -0.7933533 5.33037e-7 0.6087614 0.1881176 0.9510567 0.2451596 0.188118 0.9510566 0.2451594 0.1881175 0.9510566 0.2451596 -0.1881179 -0.9510566 -0.2451593 -0.1881178 -0.9510566 -0.2451596 -0.1881177 -0.9510565 -0.2451597 0.4755274 0.3090171 0.8236395 0.4755283 0.309017 0.8236391 0.4755272 0.3090172 0.8236397 0.8660256 -4.64332e-7 -0.4999998 0.8660256 -3.35224e-7 -0.4999998 0.8660256 0 -0.4999997 -0.4755284 -0.309017 -0.8236392 -0.4755275 -0.3090168 -0.8236396 -0.4755274 -0.3090168 -0.8236398 -0.8660256 3.7826e-7 0.4999998 -0.8660256 4.21296e-7 0.4999998 -0.8660255 2.66519e-7 0.4999999 -0.1545084 0.9510567 -0.2676163 -0.1545085 0.9510565 -0.2676166 -0.1545085 0.9510565 -0.2676167 0.1545084 -0.9510567 0.2676164 0.1545085 -0.9510565 0.2676166 0.1545084 -0.9510566 0.2676163 0.3639542 -0.3090167 0.8786615 0.3639537 -0.309017 0.8786617 0.3639543 -0.3090166 0.8786615 0.9238794 -2.23482e-7 -0.3826838 0.9238794 -3.09555e-7 -0.3826838 0.9238794 -5.33037e-7 -0.3826838 -0.3639536 0.3090173 -0.8786616 -0.3639536 0.309017 -0.8786617 -0.3639537 0.3090169 -0.8786617 -0.9238794 0 0.3826838 -0.9238794 1.97813e-7 0.3826837 -0.9238795 5.33037e-7 0.3826838 0.1182557 0.9510567 0.2854943 0.1182557 0.9510567 0.2854943 0.1182556 0.9510567 0.2854943 -0.1182557 -0.9510567 -0.2854943 -0.1182557 -0.9510567 -0.285494 -0.1182557 -0.9510567 -0.2854939 0.2461523 0.3090169 0.9186499 0.9659257 -2.23482e-7 -0.2588196 0.9659257 -3.09555e-7 -0.2588196 0.9659257 -5.33037e-7 -0.2588196 -0.2461519 -0.3090169 -0.91865 -0.2461519 -0.3090168 -0.9186501 -0.2461519 -0.3090167 -0.91865 -0.9659258 5.33037e-7 0.2588196 -0.9659257 5.33037e-7 0.2588196 -0.9659258 5.33037e-7 0.2588196 -0.07997936 0.9510567 -0.2984873 -0.07997965 0.9510565 -0.2984874 -0.07997977 0.9510566 -0.2984874 0.07997953 -0.9510566 0.2984873 0.07997965 -0.9510566 0.2984873 0.07997947 -0.9510566 0.2984873 0.1241388 -0.3090166 0.9429201 0.1241376 -0.3090163 0.9429204 0.1241372 -0.3090162 0.9429205 0.9914448 1.54777e-7 -0.1305271 0.9914448 0 -0.130527 0.9914448 2.66519e-7 -0.1305274 -0.1241385 0.3090167 -0.9429202 -0.1241377 0.3090167 -0.9429202 -0.1241387 0.3090167 -0.9429201 -0.9914448 -5.50405e-7 0.1305271 -0.9914448 -2.49151e-7 0.130527 -0.9914448 5.33037e-7 0.1305266 0.04033488 0.9510567 0.3063731 0.04033458 0.9510567 0.3063728 0.04033452 0.9510567 0.3063728 -0.04033499 -0.9510566 -0.3063731 -0.04033511 -0.9510567 -0.3063732 -0.04033488 -0.9510567 -0.306373 0 0.3090164 0.9510567 0 0.3090169 0.9510567 0 0.309017 0.9510566 1 0 0 1 1.97813e-7 0 1 5.33037e-7 0 0 -0.3090169 -0.9510567 0 -0.3090165 -0.9510567 0 -0.3090164 -0.9510568 0 0.9510566 -0.3090169 0 0.9510565 -0.3090172 0 0.9510565 -0.3090173 0 -0.9510566 0.3090168 0 -0.9510565 0.3090171 0 -0.9510565 0.3090173 -0.1241381 -0.3090162 0.9429204 -0.1241388 -0.3090168 0.9429201 -0.1241379 -0.309016 0.9429205 0.9914449 0 0.130526 0.9914449 0 0.1305259 0.9914448 -5.33037e-7 0.1305264 0.1241378 0.3090168 -0.9429202 0.1241386 0.3090168 -0.9429202 0.1241388 0.3090168 -0.9429201 -0.9914449 3.09555e-7 -0.130526 -0.9914449 2.23482e-7 -0.1305259 -0.991445 0 -0.1305255 -0.04033505 0.9510567 0.3063731 -0.04033488 0.9510565 0.3063735 -0.04033476 0.9510565 0.3063737 0.04033482 -0.9510566 -0.3063733 0.04033505 -0.9510565 -0.3063735 0.0403347 -0.9510566 -0.3063732 -0.2461516 0.3090166 0.9186502 -0.2461531 0.309017 0.9186497 -0.2461534 0.3090171 0.9186495 0.9659259 0 0.2588187 0.9659259 -1.97814e-7 0.2588186 0.9659259 -5.33037e-7 0.2588186 0.2461519 -0.3090167 -0.9186502 0.2461525 -0.3090171 -0.9186497 0.2461517 -0.3090165 -0.9186503 -0.9659259 3.09555e-7 -0.2588187 -0.9659259 2.23482e-7 -0.2588187 -0.9659259 5.33037e-7 -0.2588188 0.07997959 0.9510565 -0.2984875 0.07997977 0.9510565 -0.2984874 0.07997977 0.9510565 -0.2984874 -0.07997971 -0.9510565 0.2984874 -0.07997959 -0.9510566 0.2984874 -0.07997977 -0.9510565 0.2984874 -0.3639537 -0.3090166 0.8786618 -0.3639537 -0.3090164 0.8786618 -0.3639537 -0.3090164 0.8786619 0.9238794 0 0.3826838 0.9238795 0 0.3826838 0.3639538 0.3090162 -0.8786619 0.3639542 0.309017 -0.8786615 0.3639537 0.309016 -0.8786619 -0.9238794 0 -0.3826838 -0.9238794 1.97813e-7 -0.3826837 -0.9238795 5.33037e-7 -0.3826838 -0.1182559 0.9510565 0.2854944 -0.1182557 0.9510567 0.2854943 -0.1182556 0.9510567 0.2854943 0.1182555 -0.9510567 -0.285494 0.1182557 -0.9510567 -0.2854943 0.1182557 -0.9510565 -0.2854944 -0.4755277 0.3090166 0.8236398 -0.4755282 0.3090168 0.8236392 -0.4755284 0.3090169 0.823639 0.8660256 2.92187e-7 0.4999997 0.8660256 5.07368e-7 0.4999997 0.8660255 1.06607e-6 0.4999998 0.475528 -0.309017 -0.8236393 0.4755284 -0.3090167 -0.8236391 0.4755279 -0.3090171 -0.8236393 -0.8660256 -3.7826e-7 -0.4999997 -0.8660256 -4.21296e-7 -0.4999998 -0.8660256 -2.66518e-7 -0.4999997 0.1545084 0.9510567 -0.2676165 0.1545086 0.9510565 -0.2676166 0.1545087 0.9510565 -0.2676167 -0.1545084 -0.9510566 0.2676163 -0.1545085 -0.9510565 0.2676165 -0.1545084 -0.9510566 0.2676163 -0.5789671 -0.3090168 0.7545236 -0.5789664 -0.309017 0.7545241 -0.5789672 -0.3090167 0.7545235 0.7933537 -1.54777e-7 0.6087611 0.7933537 0 0.6087611 0.7933537 -2.66519e-7 0.6087611 0.5789673 0.3090164 -0.7545236 0.5789672 0.3090166 -0.7545235 0.5789672 0.3090167 -0.7545235 -0.7933537 0 -0.608761 -0.7933537 0 -0.6087609 -0.1881181 0.9510565 0.2451595 -0.1881177 0.9510567 0.2451593 -0.1881175 0.9510567 0.2451593 0.1881175 -0.9510567 -0.2451591 0.1881178 -0.9510567 -0.2451594 0.1881174 -0.9510567 -0.245159 -0.6724987 0.3090173 0.6724984 -0.6724986 0.3090172 0.6724984 -0.6724986 0.3090172 0.6724984 0.7071075 2.66519e-7 0.7071062 0.7071075 2.66519e-7 0.7071062 0.7071074 2.66519e-7 0.7071063 0.6724988 -0.3090169 -0.6724984 0.6724992 -0.3090171 -0.6724978 0.6724987 -0.3090168 -0.6724985 -0.7071077 -2.66519e-7 -0.7071059 -0.7071077 -2.66519e-7 -0.7071059 -0.7071076 -2.66519e-7 -0.7071061 0.2185082 0.9510565 -0.2185081 0.2185079 0.9510567 -0.2185078 0.2185078 0.9510567 -0.2185077 -0.2185081 -0.9510565 0.2185079 -0.2185083 -0.9510565 0.2185081 -0.2185081 -0.9510566 0.2185078 -0.7545229 -0.3090168 0.578968 -0.7545225 -0.3090171 0.5789685 -0.7545222 -0.3090171 0.5789686 0.6087613 1.8913e-7 0.7933535 0.6087612 2.10648e-7 0.7933536 0.6087615 1.33259e-7 0.7933533 0.7545231 0.3090162 -0.5789681 0.7545229 0.3090166 -0.5789679 0.7545232 0.3090161 -0.5789681 -0.6087612 0 -0.7933536 -0.6087612 0 -0.7933535 -0.6087613 0 -0.7933534 -0.245159 0.9510566 0.188118 -0.2451591 0.9510567 0.188118 -0.245159 0.9510567 0.188118 0.2451592 -0.9510565 -0.1881181 0.2451592 -0.9510567 -0.1881181 0.2451592 -0.9510567 -0.188118 -0.8236398 0.309016 0.4755279 -0.8236391 0.3090164 0.4755287 -0.823639 0.3090165 0.4755289 0.5000001 0 0.8660253 0.5000002 0 0.8660253 0.5000006 0 0.8660251 0.823639 -0.3090168 -0.4755287 0.8236398 -0.3090158 -0.4755279 0.8236401 -0.3090155 -0.4755277 -0.5000002 0 -0.8660253 -0.5000001 0 -0.8660253 -0.5000006 0 -0.8660251 0.2676166 0.9510565 -0.1545088 0.2676162 0.9510566 -0.1545084 0.267616 0.9510567 -0.1545082 -0.2676168 -0.9510565 0.1545085 -0.2676162 -0.9510566 0.1545085 -0.2676171 -0.9510564 0.1545085 -0.8786621 -0.309017 0.3639528 -0.8786616 -0.3090164 0.3639546 -0.8786622 -0.3090171 0.3639523 0.3826842 0 0.9238793 0.3826842 0 0.9238793 0.3826842 -3.33148e-7 0.9238792 0.8786621 0.309017 -0.3639528 0.8786615 0.3090165 -0.3639546 0.8786613 0.3090164 -0.363955 -0.3826838 0 -0.9238794 -0.382684 0 -0.9238794 -0.3826845 -1.99889e-7 -0.9238791 -0.2854943 0.9510566 0.118256 -0.2854937 0.9510568 0.1182554 -0.2854935 0.9510568 0.1182552 0.2854943 -0.9510567 -0.1182554 0.2854937 -0.9510567 -0.1182559 0.2854945 -0.9510566 -0.1182552 -0.9186503 0.3090176 0.2461501 -0.9186502 0.3090163 0.2461522 -0.9186501 0.3090159 0.2461526 0.2588188 1.67612e-7 0.9659259 0.258819 2.32166e-7 0.9659259 0.2588185 0 0.965926 0.9186503 -0.3090176 -0.2461501 0.9186501 -0.3090165 -0.2461522 0.9186502 -0.3090179 -0.2461495 -0.2588188 -1.77285e-7 -0.9659259 -0.258819 -2.3915e-7 -0.9659259 -0.2588194 -3.99777e-7 -0.9659258 0.2984874 0.9510566 -0.07997864 0.298487 0.9510567 -0.07997983 0.2984868 0.9510567 -0.07998025 -0.2984875 -0.9510565 0.07997965 -0.298487 -0.9510568 0.07997894 -0.2984877 -0.9510565 0.07997989 -0.9429202 -0.3090164 0.1241388 -0.9429199 -0.3090171 0.1241392 -0.9429199 -0.3090173 0.1241393 0.1305255 0 0.991445 0.1305258 1.20473e-7 0.991445 0.1305248 -5.66352e-7 0.9914451 0.9429199 0.3090171 -0.124139 0.9429201 0.3090165 -0.124139 0.9429199 0.3090173 -0.124139 -0.1305259 0 -0.9914449 -0.130526 0 -0.9914449 -0.1305261 -6.07995e-7 -0.991445 -0.3063732 0.9510565 0.04033517 -0.3063728 0.9510567 0.04033511 -0.3063735 0.9510565 0.04033523 0.3063735 -0.9510565 -0.04033523 0.3063735 -0.9510565 -0.04033499 0.3063735 -0.9510565 -0.04033488 0.4987369 -0.859246 -0.1138328 0.1250861 -0.9903155 -0.06023865 0.4608971 -0.8592496 -0.2219551 0.4608981 0.8592489 0.2219558 0.1085417 0.9903162 0.08655917 0.3999512 0.8592499 0.3189496 -0.2206301 -0.130111 0.9666404 1.18226e-6 0.130111 0.9914995 -0.2206279 0.1301128 0.9666406 0.7751842 0.1301112 -0.6181914 0.7832671 0.4941775 -0.3772021 0.8933097 0.1301127 -0.4301961 0.783267 0.4941782 0.3772012 0.6796944 0.4941766 0.5420379 0.4301949 0.1301107 0.8933105 0.6181902 -0.1301128 0.7751849 0.6181893 0.1301137 0.7751855 0.8933106 -0.1301118 -0.4301943 0.8475655 -0.4941754 -0.1934516 0.7832667 -0.4941789 -0.3772011 0.7751862 0.130114 0.6181884 0.4987329 0.8592483 -0.1138324 0.1250877 0.9903153 -0.06023901 0.1353552 0.9903154 -0.0308938 0.3999518 -0.8592494 0.31895 0.08656257 -0.9903154 0.1085464 0.108546 -0.9903156 0.08656221 0.7751846 -0.1301089 0.6181914 0.8933106 0.1301118 0.4301944 0.8475642 0.4941779 -0.1934509 0.6796938 -0.494176 0.5420392 0.3189486 -0.8592522 0.3999472 0.8933095 -0.1301114 0.4301965 0.9666407 0.1301106 0.2206285 0.9666413 0.1301028 -0.2206307 0.9666413 -0.1301028 0.2206308 0.9914993 0.1301127 -1.18073e-6 0.1388359 -0.9903154 0 0.1353555 -0.9903153 -0.0308938 0.08656024 0.9903162 0.1085425 0.3189489 0.8592515 0.3999481 0.9914993 -0.1301127 1.18316e-6 0.8693642 -0.494172 0 0.5420375 0.4941772 0.6796944 0.9666408 -0.1301106 -0.2206284 0.1388398 0.9903149 0 0.5115551 0.8592505 0 0.2219563 -0.8592494 0.4608969 0.7751864 -0.1301128 -0.6181884 0.6181892 0.1301128 -0.7751858 0.8693642 0.494172 0 0.5420371 -0.4941801 0.6796925 0.6181901 -0.1301143 -0.7751847 0.4301949 0.13011 -0.8933106 0.4301965 -0.1301113 0.8933096 0.4301968 -0.130112 -0.8933094 0.2206276 0.130111 -0.9666409 0.4987289 -0.8592509 0.1138308 0.5115551 -0.8592505 0 0.2219563 0.8592503 0.4608951 0.06023502 0.9903166 0.1250793 0.2206302 -0.1301112 -0.9666403 -1.26699e-6 0.1301091 -0.9914997 0.3772028 0.4941729 0.7832696 1.28035e-6 -0.1301109 -0.9914995 -0.2206302 0.1301093 -0.9666405 -0.2206276 -0.1301128 -0.9666407 -0.4301967 0.13011 -0.8933098 0.498737 0.8592459 0.1138328 0.1353548 0.9903154 0.03089368 0.113833 -0.859247 0.4987352 0.06023907 -0.9903151 0.1250886 -0.4301949 -0.1301119 -0.8933103 -0.6181908 0.1301128 -0.7751844 0.8475655 0.4941753 0.1934515 0.377201 -0.4941777 0.7832674 -0.6181885 -0.1301144 -0.7751861 -0.7751848 0.1301126 -0.6181904 0.2206288 -0.1301096 0.9666409 -0.8933097 -0.130113 -0.4301959 -0.89331 0.1301105 -0.4301961 0.4608993 -0.8592479 0.221957 0.1353594 -0.9903148 0.03089493 0.1138328 0.8592486 0.4987324 0.03089225 0.9903165 0.1353479 -0.9666408 0.1301106 -0.2206283 0.8475669 -0.4941732 0.1934508 0.1934512 0.4941731 0.8475669 -0.9666404 -0.1301093 -0.2206308 -0.9914993 0.1301128 1.18073e-6 0.2206293 0.1301109 0.9666405 -0.9914993 -0.1301128 -1.18073e-6 -0.9666404 0.1301093 0.2206308 0.125087 0.9903154 0.06023883 0 -0.9903154 0.1388359 0.03089398 -0.9903154 0.135355 -0.966641 -0.1301093 0.2206285 -0.8933095 0.1301131 0.4301961 0 -0.4941745 0.8693628 0.1934493 -0.4941814 0.8475626 -0.7751852 -0.1301103 0.6181904 -0.7751855 0.1301126 0.6181894 -1.29735e-6 -0.1301091 0.9914997 -0.6181883 0.1301151 0.7751861 0.1250881 -0.9903152 0.06023925 0 0.9903166 0.1388276 -2.38099e-7 0.8592513 0.5115537 -0.6181911 -0.1301114 0.7751843 -0.4301949 0.1301107 0.8933105 0.7832657 -0.4941795 0.3772021 -3.68538e-7 0.4941788 0.8693603 -0.4301965 -0.1301113 0.8933096 -0.1353605 -0.9903147 0.03089505 0 -0.9903166 -0.1388275 0.6796922 0.494178 -0.5420393 0.4608966 0.8592496 -0.2219563 0.1085458 0.9903156 -0.08656185 0.6796949 -0.4941753 -0.5420385 0.3999514 -0.8592495 -0.3189499 0.1085438 -0.9903159 -0.0865609 0.5420371 0.4941777 -0.6796942 0.3999515 0.8592491 -0.3189511 0.08656513 0.9903149 -0.1085489 0.5420372 -0.4941773 -0.6796944 0.3189484 -0.8592521 -0.3999474 0.08655798 -0.9903166 -0.1085403 0.2219563 0.8592493 -0.4608971 0.3189475 0.8592523 -0.3999475 0.3772025 -0.4941743 -0.7832689 0.2219562 -0.8592504 -0.4608951 0.06023573 -0.9903163 -0.1250809 0.3772014 0.4941763 -0.7832682 0.1138334 0.8592478 -0.4987338 0.06023818 0.9903154 -0.1250867 0.1934499 -0.4941772 -0.8475648 0.1138327 -0.8592476 -0.4987342 0.03089219 -0.9903165 -0.1353477 0.1934504 0.4941785 -0.8475639 5.61513e-7 0.8592511 -0.5115541 0 0.9903156 -0.1388346 0.0308941 0.9903153 -0.1353561 -1.12317e-6 -0.4941753 -0.8693623 -7.38346e-7 -0.8592517 -0.5115531 -0.1934494 0.4941799 -0.8475634 9.65229e-7 0.4941779 -0.8693608 -0.1138329 0.8592472 -0.4987348 -0.1934508 -0.494176 -0.8475654 -0.1138331 -0.8592482 -0.4987331 -0.03089225 -0.9903164 -0.1353481 -0.3772016 0.4941762 -0.7832682 -0.06023752 0.9903156 -0.1250861 -0.03089541 0.9903145 -0.1353613 -0.3772023 -0.4941743 -0.7832691 -0.221956 -0.8592504 -0.4608952 -0.06023573 -0.9903163 -0.125081 -0.5420369 0.4941805 -0.6796923 -0.2219565 0.8592493 -0.4608972 -0.08656293 0.9903154 -0.1085461 -0.5420373 -0.4941774 -0.6796944 -0.3189484 -0.859252 -0.3999474 -0.08655798 -0.9903165 -0.1085403 -0.6796929 0.4941782 -0.5420382 -0.318949 0.8592516 -0.3999478 -0.3999519 0.8592492 -0.3189501 -0.6796949 -0.4941753 -0.5420385 -0.7751858 -0.1301115 -0.6181894 -0.3999514 -0.8592495 -0.3189499 -0.1085438 -0.9903159 -0.0865609 -0.7832674 0.4941763 -0.377203 -0.4608974 0.8592492 -0.221956 -0.1085466 0.9903154 -0.08656322 -0.783266 -0.4941797 -0.3772016 -0.4608975 -0.8592493 -0.2219557 -0.1250879 -0.9903153 -0.06023901 -0.8475598 0.494185 -0.193452 -0.498726 0.8592524 -0.1138319 -0.1250911 0.9903148 -0.0602402 -0.8475652 -0.4941758 -0.1934517 -0.4987328 -0.8592486 -0.1138319 -0.1353514 -0.990316 -0.03089308 -0.8693609 0.494178 -9.03791e-7 -0.5115525 0.8592522 -1.01879e-6 -0.1388378 0.9903151 -3.34658e-7 -0.1353546 0.9903154 -0.0308938 -0.8693608 -0.4941779 9.05044e-7 -0.5115525 -0.8592522 1.01879e-6 -0.1388361 -0.9903154 4.24544e-7 -0.4987328 0.8592486 0.1138319 -0.8475623 -0.4941808 0.1934514 -0.4987251 -0.8592531 0.1138307 -0.8475653 0.4941758 0.1934517 -0.460899 0.8592479 0.2219575 -0.1250897 0.990315 0.06023991 -0.1353507 0.9903161 0.03089272 -0.8933101 -0.1301102 0.4301959 -0.7832658 -0.4941795 0.3772022 -0.4608977 -0.859249 0.2219557 -0.1250885 -0.9903153 0.06023895 -0.7832642 0.4941822 0.3772018 -0.6796939 0.4941758 0.5420392 -0.1085413 0.9903163 0.08655881 -0.6796938 -0.4941761 0.5420392 -0.3999519 -0.8592494 0.31895 -0.1085469 -0.9903154 0.08656322 -0.5420377 0.4941747 0.679696 -0.399951 0.8592494 0.3189508 -0.08655852 0.9903166 0.1085398 -0.5420371 -0.4941801 0.6796925 -0.3189486 -0.8592522 0.3999472 -0.08656257 -0.9903154 0.1085464 -0.2219561 0.8592503 0.4608952 -0.3189474 0.8592525 0.3999472 -0.377201 -0.4941777 0.7832674 -0.2219564 -0.8592495 0.4608969 -0.06023961 -0.9903151 0.1250897 -0.3772026 0.494173 0.7832696 -0.1138329 0.8592481 0.4987331 -0.06023436 0.9903167 0.1250787 -0.1934493 -0.4941813 0.8475625 -0.113833 -0.859247 0.4987352 -0.03089398 -0.9903154 0.135355 -0.1934507 0.494176 0.8475652 -0.03089314 0.9903159 0.1353519 0 -0.8592515 0.5115535 0.5171613 -0.855888 -4.35008e-7 0.1328811 -0.9896026 -0.05504131 0.4777952 -0.8558879 -0.1979081 0.3656923 0.8558849 0.3656914 0.1328838 0.9896021 0.05504184 0.1017056 0.9896019 0.1017063 -0.3793941 -0.1308202 0.9159401 -2.32995e-7 0.1308259 0.9914054 -0.3793959 0.1308255 0.9159386 0.7010305 0.1308226 -0.7010291 0.8040012 0.4926199 -0.3330284 0.9159383 0.1308244 -0.3793967 0.8040022 0.4926185 0.3330278 0.6153579 0.4926236 0.6153508 0.7010285 -0.130824 0.7010308 0.9159398 0.1308237 0.3793939 0.7010306 0.1308262 0.7010282 0.9159398 -0.1308237 -0.3793939 0.8702444 -0.4926202 -2.89161e-6 0.8040022 -0.4926185 -0.3330278 0.9914061 -0.1308211 0 0.9914061 0.1308211 0 0.5171613 0.855888 4.34459e-7 0.1328759 0.9896033 -0.05503952 0.1438313 0.9896023 -1.2492e-6 0.3656876 -0.8558893 0.3656859 0.05503791 -0.9896036 0.1328749 0.1017014 -0.9896029 0.1017003 0.8702444 0.4926202 2.88552e-6 0.4777878 0.8558927 -0.1979054 0.6153565 -0.4926214 0.6153541 0.1979079 -0.8558901 0.4777914 0.3793944 -0.1308202 0.9159401 0.7010308 -0.1308262 -0.7010281 0.3793959 0.1308254 -0.9159386 0.1328746 -0.9896035 0.05503898 0.1438347 -0.9896017 1.43984e-6 0.05504262 0.9896019 0.1328854 0.1979109 0.8558863 0.4777972 0 -0.1308259 -0.9914054 0 0.1308259 -0.9914054 0.4777878 -0.8558927 0.1979054 0.3330309 0.4926217 0.803999 -0.3793958 0.1308254 -0.9159386 0.9159384 -0.1308244 0.3793967 0.3793955 0.1308255 0.9159387 -0.3793957 -0.1308236 -0.9159389 -0.7010304 0.1308226 -0.7010292 0.4777952 0.8558879 0.1979081 0 -0.9896035 0.1438229 -0.7010309 -0.1308262 -0.701028 -0.9159384 0.1308243 -0.3793969 0.3330293 -0.4926196 0.8040009 0 -0.8558924 0.5171541 -0.9159398 -0.1308239 -0.3793938 -0.9914061 0.1308211 0 0 -0.4926225 0.8702431 -0.9914061 -0.1308211 0 -0.9159398 0.1308239 0.3793938 0 0.9896022 0.143832 0 0.8558889 0.5171599 -0.9159383 -0.1308243 0.3793969 -0.7010307 0.1308263 0.7010281 0.804001 -0.4926199 0.3330285 0 0.4926229 0.870243 -0.7010284 -0.130824 0.701031 0 -0.9896023 -0.1438316 0.1017078 -0.9896015 -0.1017077 2.32995e-7 -0.1308259 0.9914054 0.3656876 0.8558893 -0.3656858 0.6153582 -0.4926236 -0.6153506 0.3656923 -0.8558848 -0.3656914 0.3330312 0.4926204 -0.8039997 0.6153572 0.4926232 -0.6153518 0.1979083 0.8558893 -0.4777929 0.05503869 0.9896032 -0.1328771 0.1016986 0.9896035 -0.1016981 0.3330307 -0.4926211 -0.8039994 0.3793957 -0.1308237 -0.9159389 0.1979104 -0.855887 -0.4777959 0.05504179 -0.9896021 -0.1328838 0 0.4926241 -0.8702422 0 0.8558931 -0.5171528 0 0.9896035 -0.1438236 0 -0.4926241 -0.8702422 0 -0.8558895 -0.5171588 -0.3330312 0.4926204 -0.8039997 -0.1979083 0.8558893 -0.4777929 -0.3330307 -0.4926211 -0.8039994 -0.1979104 -0.855887 -0.4777959 -0.05504179 -0.9896021 -0.1328838 -0.6153572 0.4926232 -0.6153518 -0.3656877 0.8558893 -0.3656858 -0.05503875 0.9896032 -0.1328768 -0.6153581 -0.4926236 -0.6153506 -0.3656923 -0.855885 -0.3656914 -0.1017103 -0.989601 -0.1017103 -0.804001 0.4926199 -0.3330285 -0.1328749 0.9896035 -0.05503916 -0.1016986 0.9896035 -0.1016977 -0.8040023 -0.4926185 -0.3330278 -0.4777953 -0.8558878 -0.1979081 -0.1328811 -0.9896026 -0.05504131 -0.8702444 0.4926203 2.88937e-6 -0.4777878 0.8558927 -0.1979054 -0.5171613 0.855888 4.34381e-7 -0.8702444 -0.4926202 -2.89161e-6 -0.5171613 -0.855888 -4.33754e-7 -0.1438347 -0.9896017 1.43984e-6 -0.8040023 0.4926185 0.3330278 -0.1328836 0.9896021 0.05504167 -0.1438313 0.9896023 -1.2492e-6 -0.8040012 -0.4926199 0.3330285 -0.4777878 -0.8558927 0.1979054 -0.1328747 -0.9896035 0.05503898 -0.6153579 0.4926236 0.6153508 -0.3656923 0.8558849 0.3656914 -0.4777953 0.8558878 0.1979081 -0.6153565 -0.4926213 0.6153541 -0.3656876 -0.8558893 0.3656858 -0.1016989 -0.9896034 0.1016978 -0.3330309 0.4926218 0.8039989 -0.1979109 0.8558863 0.4777972 -0.05504256 0.9896019 0.1328854 -0.1017056 0.9896019 0.1017063 -0.3330294 -0.4926196 0.8040009 -0.1979079 -0.8558901 0.4777914 -0.05503791 -0.9896036 0.1328749 0.4999989 1.32349e-7 0.8660261 0.5000005 0 0.8660252 0.5000007 0 0.8660251 1 0 0 1 0 0 1 0 0 0.5000005 0 -0.8660252 0.4999989 0 -0.8660261 0.4999988 0 -0.8660261 -0.5000007 -1.23527e-7 -0.866025 -0.4999988 0 -0.8660261 -0.4999988 0 -0.8660262 0 -1 0 -1 0 0 -1 0 0 -0.4999988 0 0.8660261 -0.5000007 0 0.866025 -0.5000008 0 0.8660251 0 1 0 -0.4999988 0 0.8660262 -0.5000007 1.51594e-7 0.866025 -0.5000008 1.58801e-7 0.8660251 0.4999994 1.30143e-7 0.8660258 0.5 0 0.8660255 0.5 0 0.8660254 1 0 0 1 0 0 1 0 0 0.5000007 0 -0.866025 0.4999988 -1.37813e-7 -0.8660262 0.4999986 -1.44364e-7 -0.8660262 -0.5000007 -1.53295e-7 -0.866025 -0.4999988 0 -0.8660262 -0.4999986 0 -0.8660262 -1 0 0 -1 0 0 -1 0 0 -1 0 0 -0.4999988 0 0.8660262 -0.5000007 1.65375e-7 0.866025 -0.5000008 1.73237e-7 0.8660251 0.4999994 1.39515e-7 0.8660258 0.5 0 0.8660255 1 0 0 1 0 0 1 0 0 -0.5000007 -1.57704e-7 -0.866025 -0.4999988 0 -0.8660262 -0.5000007 -1.32348e-7 -0.866025 -0.4999988 0 -0.8660261 -1 0 0 -1 0 0 0.4999989 1.23527e-7 0.8660261 0.5000005 0 0.8660252 1 0 0 1 0 0 1 0 0 0.4999994 0 -0.8660259 0.5000007 0 -0.866025 0.5000008 0 -0.8660251 -0.5 0 -0.8660255 -0.4999994 0 -0.8660258 -0.4999993 0 -0.8660258 -0.5000007 0 0.866025 -0.4999994 0 0.8660259 -0.4999993 0 0.8660258 0.5 0 0.8660255 0.4999994 0 0.8660258 0.4999993 0 0.8660258 1 0 0 1 0 0 1 0 0 1 0 0 1 0 0 1 0 0 0.4999994 0 -0.8660258 0.5 0 -0.8660255 0.5 0 -0.8660254 -0.5 0 -0.8660255 -0.4999994 0 -0.8660258 -0.4999993 0 -0.8660258 -1 0 0 -1 0 0 -0.4999994 0 0.8660258 -0.5 0 0.8660255 -0.5 0 0.8660254 0.5 0 0.8660255 0.4999994 0 0.8660258 0.309017 0.9510565 0 -0.309017 -0.9510565 0 -0.9429199 -0.3090173 -0.124139 -0.1305251 5.66352e-7 0.991445 0.9429199 0.3090173 0.1241393 0.1305258 6.07995e-7 -0.991445 -0.3063735 0.9510565 -0.04033505 0.3063725 -0.9510567 0.04033541 -0.9186503 0.309016 -0.2461519 -0.2588195 2.99833e-7 0.9659258 0.9186497 -0.3090171 0.2461526 0.2588197 -2.66519e-7 -0.9659257 0.2984868 0.9510568 0.07997936 -0.2984877 -0.9510565 -0.07997965 -0.8786624 -0.3090162 -0.3639524 -0.3826842 2.66518e-7 0.9238793 0.8786622 0.3090171 0.3639523 0.3826833 -2.66519e-7 -0.9238797 -0.2854945 0.9510564 -0.1182562 0.2854944 -0.9510566 0.1182551 -0.8236413 0.309016 -0.4755254 -0.500001 6.66297e-7 0.866025 0.8236384 -0.3090164 0.47553 0.4999991 -6.66296e-7 -0.8660261 0.2676172 0.9510563 0.1545091 -0.2676172 -0.9510565 -0.1545076 -0.7545257 -0.3090175 -0.5789639 -0.6087618 3.99778e-7 0.7933531 0.7545239 0.3090171 0.5789664 0.60876 7.99554e-7 -0.7933546 -0.2451596 0.9510567 -0.1881164 0.2451595 -0.9510568 0.1881163 -0.6724995 0.3090168 -0.6724976 -0.7071068 -2.66519e-7 0.7071068 0.6724993 -0.3090178 0.6724974 0.7071065 1.33259e-7 -0.7071071 0.2185081 0.9510566 0.2185074 -0.2185081 -0.9510567 -0.2185072 -0.5789653 -0.309016 -0.7545253 -0.7933529 1.06607e-6 0.608762 0.5789673 0.3090164 0.7545237 0.7933539 1.06607e-6 -0.6087608 -0.1881173 0.9510564 -0.2451604 0.1881167 -0.9510568 0.2451595 -0.4755271 0.3090169 -0.8236398 -0.8660255 5.33037e-7 0.4999999 0.475526 -0.3090168 0.8236405 0.154508 0.9510567 0.2676166 -0.1545079 -0.9510567 -0.2676165 -0.3639556 -0.3090164 -0.878661 -0.9238798 1.06607e-6 0.3826828 0.3639537 0.3090161 0.8786619 0.9238799 -2.66519e-7 -0.3826825 -0.1182561 0.9510567 -0.2854942 0.1182562 -0.9510567 0.2854937 -0.2461506 0.3090162 -0.9186507 -0.965926 -5.33037e-7 0.2588184 0.2461519 -0.309017 0.91865 0.9659261 5.33037e-7 -0.2588185 0.07997912 0.9510565 0.2984879 -0.079979 -0.9510567 -0.2984873 -0.1241376 -0.3090167 -0.9429203 -0.9914449 7.99555e-7 0.1305263 0.1241394 0.3090167 0.94292 0.9914448 -5.33037e-7 -0.1305264 -0.04033482 0.9510565 -0.3063735 0.0403347 -0.9510566 0.3063733 -1 -2.66518e-7 0 0 -0.3090168 0.9510566 1 -5.33037e-7 0 0 0.9510567 0.3090167 0 -0.9510567 -0.3090166 0.1241379 -0.309017 -0.9429201 -0.9914448 -5.33037e-7 -0.1305263 -0.1241391 0.3090174 0.9429198 0.991445 1.06607e-6 0.1305263 0.04033476 0.9510565 -0.3063734 -0.04033493 -0.9510565 0.3063735 0.2461513 0.3090163 -0.9186504 -0.9659261 7.99556e-7 -0.2588183 -0.2461516 -0.309017 0.9186502 0.9659261 -1.06607e-6 0.2588183 -0.0799793 0.9510565 0.2984876 0.07997912 -0.9510568 -0.2984869 0.363955 -0.3090167 -0.8786613 -0.9238799 0 -0.3826828 -0.3639537 0.3090167 0.8786618 0.9238799 2.66519e-7 0.3826828 -0.1182557 -0.9510565 0.2854943 0.4755271 0.3090173 -0.8236398 -0.8660253 0 -0.5000002 -0.4755265 -0.309017 0.8236401 0.8660254 5.33037e-7 0.5000001 -0.1545079 0.9510567 0.2676165 0.154508 -0.9510565 -0.2676168 0.5789631 -0.3090173 -0.7545264 -0.7933537 5.33038e-7 -0.608761 -0.5789684 0.3090157 0.7545231 0.7933531 7.99556e-7 0.608762 0.1881166 0.9510567 -0.2451601 -0.1881161 -0.9510568 0.2451598 0.6725012 0.3090165 -0.6724962 -0.7071071 2.66518e-7 -0.7071066 -0.6724994 -0.3090171 0.6724976 0.7071066 -2.66519e-7 0.7071071 -0.2185086 0.9510565 0.2185075 0.2185086 -0.9510567 -0.2185072 0.7545264 -0.3090168 -0.5789633 -0.6087616 -2.66519e-7 -0.7933533 -0.754527 0.3090172 0.5789624 0.6087619 0 0.7933531 0.2451607 0.9510564 -0.1881164 -0.2451604 -0.9510566 0.1881167 0.8236398 0.3090164 -0.4755276 -0.4999998 1.33259e-7 -0.8660256 -0.8236372 -0.309018 0.4755311 0.5000007 0 0.866025 -0.2676172 0.9510565 0.1545076 0.267616 -0.9510567 -0.1545085 0.8786612 -0.3090167 -0.363955 -0.3826831 6.66296e-7 -0.9238798 -0.8786605 0.3090169 0.3639566 0.3826828 3.33149e-7 0.9238799 0.2854948 0.9510565 -0.1182553 -0.2854949 -0.9510564 0.1182565 0.91865 0.3090166 -0.2461526 -0.2588185 0 -0.965926 -0.9186499 -0.309017 0.2461526 0.2588192 1.33259e-7 0.9659258 -0.2984869 0.9510567 0.07997983 0.2984881 -0.9510563 -0.07997971 0.9429202 -0.3090164 -0.1241391 -0.1305269 -3.8312e-7 -0.9914448 -0.94292 0.3090169 0.1241389 0.1305269 -1.95725e-7 0.9914448 0.3063725 0.9510568 -0.04033523 -0.3063734 -0.9510565 0.04033541 -0.309017 0.9510565 0 0.309017 -0.9510565 0 0.9429197 -0.3090176 0.1241394 0.1305261 -1.99889e-7 -0.991445 -0.9429197 0.3090177 -0.1241393 -0.1305258 1.99889e-7 0.991445 0.3063734 0.9510565 0.04033517 -0.3063731 -0.9510566 -0.04033547 0.9186503 0.309016 0.2461519 0.2588185 0 -0.965926 -0.9186497 -0.3090171 -0.2461526 -0.2588189 3.99778e-7 0.9659259 -0.2984881 0.9510563 -0.07997983 0.2984869 -0.9510567 0.07997971 0.8786609 -0.3090174 0.363955 0.3826832 -1.66574e-7 -0.9238796 -0.8786611 0.309017 -0.363955 -0.3826839 0 0.9238794 0.2854939 0.9510567 0.118256 -0.2854939 -0.9510567 -0.1182559 0.8236405 0.3090171 0.4755258 0.5000005 3.99778e-7 -0.8660252 -0.823639 -0.3090165 -0.4755288 -0.5 2.66518e-7 0.8660255 -0.2676161 0.9510569 -0.1545075 0.2676172 -0.9510565 0.1545076 0.7545228 -0.3090175 0.5789678 0.6087613 0 -0.7933536 -0.7545236 0.3090164 -0.5789673 -0.6087614 0 0.7933534 0.245159 0.9510567 0.1881176 -0.2451592 -0.9510566 -0.1881177 0.6724976 0.3090178 0.672499 0.7071065 2.66519e-7 -0.7071072 -0.6724986 -0.3090172 -0.6724984 -0.7071066 -3.99778e-7 0.707107 -0.2185083 0.9510565 -0.2185078 0.2185087 -0.9510564 0.2185079 0.5789682 -0.3090168 0.7545227 0.7933531 -5.33037e-7 -0.6087618 -0.5789667 0.3090164 -0.754524 -0.7933526 -2.66519e-7 0.6087626 0.1881181 0.9510566 0.2451593 -0.1881179 -0.9510566 -0.2451592 0.4755285 0.309017 0.823639 0.8660255 -7.99556e-7 -0.4999999 -0.4755285 -0.309017 -0.823639 -0.8660257 5.33037e-7 0.4999997 -0.1545084 0.9510567 -0.2676162 0.1545085 -0.9510565 0.2676167 0.3639536 -0.309017 0.8786616 0.9238795 0 -0.3826838 -0.3639535 0.3090174 -0.8786616 -0.9238795 -2.66518e-7 0.3826838 0.1182557 0.9510566 0.2854944 -0.1182557 -0.9510566 -0.2854945 0.9659257 0 -0.2588197 -0.2461519 -0.309017 -0.91865 -0.9659258 5.33037e-7 0.2588197 -0.07997924 0.9510567 -0.2984873 0.07997971 -0.9510566 0.2984873 0.1241391 -0.3090167 0.9429201 0.9914449 0 -0.1305266 -0.1241375 0.3090167 -0.9429203 -0.9914447 -1.33259e-6 0.1305274 0.04033493 0.9510566 0.3063732 -0.04033523 -0.9510565 -0.3063732 0 0.3090163 0.9510568 1 -2.66518e-7 0 0 -0.309017 -0.9510566 0 0.9510566 -0.3090167 0 -0.9510567 0.3090167 -0.124139 -0.309017 0.94292 0.991445 5.33037e-7 0.1305255 0.1241376 0.3090168 -0.9429203 -0.9914448 5.33037e-7 -0.1305264 -0.04033517 0.9510567 0.306373 0.04033517 -0.9510564 -0.3063736 -0.2461513 0.3090165 0.9186503 0.9659259 2.66519e-7 0.2588187 0.2461527 -0.3090173 -0.9186497 -0.965926 0 -0.2588186 0.07997953 0.9510565 -0.2984875 -0.07997953 -0.9510566 0.2984874 -0.3639537 -0.3090167 0.8786618 0.9238795 0 0.3826839 0.3639543 0.3090171 -0.8786613 -0.9238795 -2.66518e-7 -0.3826838 -0.1182559 0.9510566 0.2854944 0.1182554 -0.9510567 -0.2854939 -0.4755275 0.3090165 0.8236398 0.8660257 -2.66518e-7 0.4999997 0.4755285 -0.3090167 -0.8236391 -0.8660256 -5.33037e-7 -0.4999998 0.1545084 0.9510566 -0.2676165 -0.1545085 -0.9510566 0.2676166 -0.5789662 -0.309017 0.7545242 0.7933536 0 0.6087611 0.5789673 0.3090164 -0.7545236 -0.7933536 0 -0.6087611 -0.1881183 0.9510564 0.2451596 0.1881178 -0.9510565 -0.2451595 0.7071076 2.66519e-7 0.707106 0.6724994 -0.3090172 -0.6724976 -0.7071079 -2.66519e-7 -0.7071058 0.2185083 0.9510565 -0.2185083 -0.2185084 -0.9510564 0.2185081 -0.754523 -0.3090168 0.5789679 0.6087609 2.66519e-7 0.7933537 0.7545229 0.3090167 -0.5789679 -0.6087611 0 -0.7933537 -0.2451592 0.9510567 0.1881181 0.2451592 -0.9510565 -0.1881181 -0.8236399 0.3090159 0.4755277 0.4999998 0 0.8660256 0.8236388 -0.309017 -0.4755288 -0.4999998 -1.33259e-7 -0.8660256 0.2676168 0.9510564 -0.1545089 -0.2676159 -0.9510567 0.1545084 -0.8786614 -0.3090162 0.363955 0.3826841 2.66519e-7 0.9238793 0.8786622 0.3090171 -0.3639523 -0.3826833 1.99889e-7 -0.9238797 -0.2854945 0.9510565 0.1182562 0.2854936 -0.9510568 -0.1182561 -0.9186503 0.3090179 0.2461495 0.2588194 3.99777e-7 0.9659258 0.91865 -0.3090161 -0.2461526 -0.2588185 0 -0.965926 0.2984876 0.9510566 -0.07997822 -0.2984867 -0.9510568 0.07997864 -0.9429203 -0.3090163 0.1241387 0.1305266 6.16324e-7 0.9914448 0.9429201 0.3090164 -0.1241389 -0.1305258 5.70516e-7 -0.991445 -0.3063726 0.9510568 0.04033511 0.3063735 -0.9510565 -0.04033529 0.4999988 1.3864e-7 0.8660261 0.5000007 0 -0.8660251 -0.5000008 -1.29399e-7 -0.8660251 -1 0 0 -0.4999988 0 0.8660262 -0.4999986 0 0.8660262 0.4999993 1.3633e-7 0.8660258 1 0 0 -0.5000008 -1.60582e-7 -0.8660251 -1 0 0 -1 0 0 0.4999993 1.46148e-7 0.8660258 1 0 0 -0.5000008 -1.65201e-7 -0.8660251 -0.5000008 -1.3864e-7 -0.8660251 -1 0 0 0.4999988 1.29399e-7 0.8660261 0.4999993 0 -0.8660258 -0.5 0 -0.8660254 -0.5000008 0 0.8660251 0.5 0 0.8660254 1 0 0 0.4999993 0 -0.8660258 -0.5 0 -0.8660254 -1 0 0 -0.4999993 0 0.8660258 0.5 0 0.8660254</float_array>
          <technique_common>
            <accessor source="#wheel_rl-mesh-normals-array" count="1880" stride="3">
              <param name="X" type="float"/>
              <param name="Y" type="float"/>
              <param name="Z" type="float"/>
            </accessor>
          </technique_common>
        </source>
        <vertices id="wheel_rl-mesh-vertices">
          <input semantic="POSITION" source="#wheel_rl-mesh-positions"/>
        </vertices>
        <triangles material="rubber-material" count="1148">
          <input semantic="VERTEX" source="#wheel_rl-mesh-vertices" offset="0"/>
          <input semantic="NORMAL" source="#wheel_rl-mesh-normals" offset="1"/>
          <p>101 0 95 1 103 2 55 3 46 4 54 5 285 6 0 7 281 8 95 1 102 9 103 2 45 10 55 3 53 11 21 12 25 13 17 14 91 15 98 16 90 17 42 18 48 19 40 20 29 21 33 22 25 13 97 23 91 15 89 24 51 25 42 18 43 26 33 22 45 10 41 27 94 28 84 29 92 30 41 27 51 25 43 26 41 27 53 11 49 31 95 1 86 32 94 28 38 33 44 34 46 4 49 31 61 35 57 36 93 37 87 38 95 1 47 39 38 33 46 4 57 36 69 40 65 41 90 17 80 42 82 43 37 44 47 39 45 10 69 40 73 45 65 41 91 15 82 43 83 46 34 47 40 20 32 48 77 49 81 50 73 45 89 24 83 46 81 50 35 51 42 18 34 47 85 52 89 24 81 50 86 32 76 53 84 29 41 27 35 51 33 22 93 37 97 23 89 24 87 38 78 54 86 32 38 33 28 55 36 56 101 0 105 57 97 23 85 52 79 58 87 38 39 59 30 60 38 33 109 61 113 62 105 57 82 43 72 63 74 64 29 21 39 59 37 44 117 65 121 66 113 62 83 46 74 64 75 67 26 68 32 48 24 69 125 70 129 71 121 66 73 45 83 46 75 67 35 51 26 68 27 72 133 73 137 74 129 71 70 75 76 53 78 54 33 22 27 72 25 13 141 76 145 77 137 74 71 78 78 54 79 58 30 60 20 79 28 55 149 80 153 81 145 77 69 40 79 58 77 49 31 82 22 83 30 60 157 84 161 85 153 81 66 86 72 63 64 87 21 12 31 82 29 21 165 88 169 89 161 85 75 67 66 86 67 90 18 91 24 69 16 92 173 93 177 94 169 89 73 45 67 90 65 41 27 72 18 91 19 95 181 96 185 97 177 94 62 98 68 99 70 75 25 13 19 95 17 14 189 100 193 101 185 97 63 102 70 75 71 78 14 103 20 79 22 83 197 104 201 105 193 101 61 35 71 78 69 40 15 106 22 83 23 107 205 108 209 109 201 105 58 110 64 87 56 111 21 12 15 106 23 107 213 112 217 113 209 109 59 114 66 86 58 110 10 115 16 92 8 116 221 117 225 118 217 113 57 36 67 90 59 114 19 95 10 115 11 119 229 120 233 121 225 118 62 98 52 122 60 123 17 14 11 119 9 124 237 125 241 126 233 121 63 102 54 5 62 98 14 103 4 127 12 128 245 129 249 130 241 126 53 11 63 102 61 35 7 131 14 103 15 106 253 132 257 133 249 130 58 110 48 19 50 134 13 135 7 131 15 106 261 136 265 137 257 133 59 114 50 134 51 25 2 138 8 116 1 139 269 140 273 141 265 137 49 31 59 114 51 25 3 142 10 115 2 138 277 143 281 8 273 141 9 124 21 12 17 14 9 124 3 142 0 7 90 17 96 144 88 145 46 4 52 122 54 5 52 122 20 79 244 146 0 7 13 135 9 124 94 28 100 147 102 9 105 57 99 148 97 23 99 148 106 149 98 16 106 149 96 144 98 16 101 0 111 150 109 61 103 2 110 151 111 150 110 151 100 147 108 152 113 62 107 153 105 57 107 153 114 154 106 149 106 149 112 155 104 156 109 61 119 157 117 65 111 150 118 158 119 157 118 158 108 152 116 159 121 66 115 160 113 62 115 160 122 161 114 154 114 154 120 162 112 155 125 70 119 157 127 163 119 157 126 164 127 163 118 158 124 165 126 164 121 66 131 166 123 167 123 167 130 168 122 161 130 168 120 162 122 161 125 70 135 169 133 73 127 163 134 170 135 169 126 164 132 171 134 170 129 71 139 172 131 166 139 172 130 168 131 166 138 173 128 174 130 168 133 73 143 175 141 76 143 175 134 170 142 176 134 170 140 177 142 176 137 74 147 178 139 172 147 178 138 173 139 172 138 173 144 179 136 180 141 76 151 181 149 80 151 181 142 176 150 182 142 176 148 183 150 182 153 81 147 178 145 77 147 178 154 184 146 185 154 184 144 179 146 185 157 84 151 181 159 186 151 181 158 187 159 186 158 187 148 183 156 188 161 85 155 189 153 81 155 189 162 190 154 184 154 184 160 191 152 192 165 88 159 186 167 193 159 186 166 194 167 193 158 187 164 195 166 194 169 89 163 196 161 85 171 197 162 190 163 196 162 190 168 198 160 191 173 93 167 193 175 199 175 199 166 194 174 200 174 200 164 195 172 201 177 94 171 197 169 89 171 197 178 202 170 203 170 203 176 204 168 198 181 96 175 199 183 205 175 199 182 206 183 205 174 200 180 207 182 206 185 97 179 208 177 94 179 208 186 209 178 202 178 202 184 210 176 204 189 100 183 205 191 211 183 205 190 212 191 211 182 206 188 213 190 212 185 97 195 214 187 215 195 214 186 209 187 215 194 216 184 210 186 209 189 100 199 217 197 104 199 217 190 212 198 218 198 218 188 213 196 219 193 101 203 220 195 214 203 220 194 216 195 214 202 221 192 222 194 216 197 104 207 223 205 108 207 223 198 218 206 224 206 224 196 219 204 225 201 105 211 226 203 220 203 220 210 227 202 221 202 221 208 228 200 229 205 108 215 230 213 112 207 223 214 231 215 230 206 224 212 232 214 231 217 113 211 226 209 109 211 226 218 233 210 227 210 227 216 234 208 228 221 117 215 230 223 235 215 230 222 236 223 235 214 231 220 237 222 236 217 113 227 238 219 239 227 238 218 233 219 239 226 240 216 234 218 233 221 117 231 241 229 120 231 241 222 236 230 242 230 242 220 237 228 243 233 121 227 238 225 118 235 244 226 240 227 238 234 245 224 246 226 240 237 125 231 241 239 247 239 247 230 242 238 248 238 248 228 243 236 249 241 126 235 244 233 121 235 244 242 250 234 245 234 245 240 251 232 252 245 129 239 247 247 253 239 247 246 254 247 253 238 248 244 146 246 254 249 130 243 255 241 126 243 255 250 256 242 250 242 250 248 257 240 251 253 132 247 253 255 258 247 253 254 259 255 258 254 259 244 146 252 260 249 130 259 261 251 262 259 261 250 256 251 262 258 263 248 257 250 256 253 132 263 264 261 136 263 264 254 259 262 265 262 265 252 260 260 266 257 133 267 267 259 261 267 267 258 263 259 261 266 268 256 269 258 263 261 136 271 270 269 140 271 270 262 265 270 271 262 265 268 272 270 271 265 137 275 273 267 267 267 267 274 274 266 268 274 274 264 275 266 268 277 143 271 270 279 276 271 270 278 277 279 276 270 271 276 278 278 277 273 141 283 279 275 273 275 273 282 280 274 274 282 280 272 281 274 274 277 143 287 282 285 6 287 282 278 277 286 283 286 283 276 278 284 284 281 8 3 142 283 279 3 142 282 280 283 279 2 138 280 285 282 280 285 6 7 131 5 286 7 131 286 283 6 287 286 283 4 127 6 287 56 111 120 162 184 210 289 288 290 288 288 289 291 290 294 291 290 292 295 293 292 293 294 294 292 295 289 296 288 297 294 298 288 299 290 300 291 301 293 302 295 303 296 304 299 305 298 306 298 307 303 308 302 309 303 310 300 311 302 312 301 313 296 314 300 315 302 316 296 317 298 318 303 319 297 320 301 321 305 322 306 323 304 324 307 325 310 326 306 327 310 328 309 329 308 330 308 331 305 332 304 333 306 334 308 335 304 336 307 337 309 338 311 339 313 340 314 341 312 342 314 343 319 344 318 345 318 346 317 347 316 348 317 349 312 350 316 351 314 352 316 353 312 354 315 355 317 356 319 357 321 358 322 359 320 360 323 361 326 362 322 363 326 364 325 365 324 366 325 367 320 368 324 369 326 370 320 371 322 372 323 373 325 374 327 375 329 376 330 377 328 378 331 379 334 380 330 381 334 382 333 383 332 384 332 385 329 386 328 387 330 388 332 389 328 390 331 391 333 392 335 393 336 394 339 395 338 396 338 397 343 398 342 399 343 400 340 401 342 402 341 403 336 404 340 405 338 406 340 407 336 408 339 409 341 410 343 411 345 412 346 413 344 414 346 415 351 416 350 417 351 418 348 419 350 420 349 421 344 422 348 423 346 424 348 425 344 426 351 427 345 428 349 429 353 430 354 431 352 432 354 433 359 434 358 435 358 436 357 437 356 438 357 439 352 439 356 440 358 441 352 442 354 443 359 444 353 445 357 446 361 447 362 448 360 449 362 450 367 451 366 452 366 453 365 454 364 455 365 456 360 457 364 458 362 459 364 460 360 461 363 462 365 463 367 464 368 465 371 466 370 467 371 468 374 469 370 470 375 471 372 472 374 473 372 474 369 475 368 476 370 477 372 478 368 479 371 480 373 481 375 482 377 483 378 484 376 485 379 486 382 487 378 488 382 489 381 490 380 491 380 492 377 493 376 494 378 495 380 496 376 497 379 498 381 499 383 500 385 501 386 502 384 503 387 504 390 505 386 506 391 507 388 508 390 509 388 510 385 511 384 512 390 513 384 514 386 515 387 516 389 517 391 518 392 519 395 520 394 521 394 522 399 523 398 524 399 525 396 526 398 527 396 528 393 529 392 530 394 531 396 532 392 533 399 534 393 535 397 536 401 537 402 538 400 539 403 540 406 541 402 542 406 543 405 544 404 545 404 546 401 547 400 548 402 549 404 550 400 551 407 552 401 553 405 554 408 555 411 556 410 557 410 558 415 559 414 560 415 561 412 562 414 563 413 564 408 565 412 566 414 567 408 567 410 568 415 569 409 570 413 571 416 572 419 573 418 574 418 575 423 576 422 577 423 578 420 579 422 580 421 581 416 582 420 583 418 584 420 585 416 586 419 587 421 588 423 589 425 590 426 591 424 592 426 593 431 594 430 595 430 596 429 597 428 598 429 599 424 600 428 601 426 602 428 603 424 604 427 605 429 606 431 607 433 608 434 609 432 610 435 611 438 612 434 613 438 614 437 615 436 616 436 617 433 618 432 619 438 620 432 621 434 622 439 623 433 624 437 625 440 626 443 627 442 628 442 629 447 630 446 631 447 632 444 633 446 634 444 635 441 636 440 637 446 638 440 639 442 640 447 641 441 642 445 643 448 644 451 645 450 646 451 647 454 648 450 649 455 650 452 651 454 652 453 653 448 654 452 655 454 656 448 657 450 658 451 659 453 660 455 661 456 662 459 663 458 664 459 665 462 666 458 667 462 668 461 669 460 670 461 671 456 672 460 673 462 674 456 675 458 676 459 677 461 678 463 679 464 680 467 681 466 682 467 683 470 684 466 685 471 686 468 687 470 688 468 689 465 690 464 691 466 692 468 693 464 694 467 695 469 696 471 697 473 698 474 699 472 700 474 701 479 702 478 703 478 704 477 705 476 706 477 707 472 708 476 709 474 710 476 711 472 712 475 713 477 714 479 715 481 716 482 716 480 717 483 718 486 719 482 720 487 721 484 721 486 722 484 723 481 724 480 725 486 726 480 727 482 728 483 729 485 730 487 731 488 732 491 733 490 734 490 735 495 736 494 737 495 738 492 739 494 740 493 741 488 742 492 743 494 744 488 745 490 746 495 747 489 748 493 749 497 750 498 751 496 752 499 753 502 754 498 755 502 756 501 757 500 758 500 759 497 760 496 761 502 762 496 763 498 764 503 765 497 766 501 767 504 768 507 769 506 770 507 771 510 772 506 773 511 774 508 775 510 776 508 777 505 778 504 779 510 780 504 781 506 782 511 783 505 784 509 785 512 786 515 787 514 788 515 789 518 790 514 791 519 792 516 793 518 794 516 795 513 796 512 797 514 798 516 799 512 800 515 801 517 802 519 803 520 804 523 805 522 806 522 807 527 808 526 809 527 810 524 811 526 812 525 813 520 814 524 815 526 816 520 817 522 818 527 819 521 820 525 821 529 822 530 823 528 824 530 825 535 826 534 827 534 828 533 829 532 830 533 831 528 832 532 833 534 834 528 835 530 836 535 837 529 838 533 839 537 840 538 841 536 842 538 843 543 844 542 845 543 846 540 847 542 848 541 849 536 850 540 851 538 852 540 853 536 854 539 855 541 856 543 857 544 858 547 859 546 860 547 861 550 862 546 863 551 864 548 865 550 866 548 867 545 868 544 869 550 870 544 871 546 872 551 873 545 874 549 875 552 876 555 877 554 878 555 879 558 880 554 881 559 882 556 883 558 884 557 885 552 886 556 887 558 888 552 889 554 890 555 891 557 892 559 893 560 894 563 894 562 894 563 895 566 896 562 897 567 898 564 899 566 900 565 901 560 902 564 903 566 904 560 905 562 906 567 907 561 908 565 909 569 910 570 911 568 912 570 913 575 914 574 915 574 916 573 917 572 918 573 919 568 920 572 921 574 922 568 923 570 924 575 925 569 926 573 927 577 928 578 929 576 930 579 931 582 932 578 933 583 934 580 935 582 936 580 506 577 506 576 506 582 937 576 938 578 939 579 940 581 941 583 942 584 943 587 944 586 945 586 946 591 947 590 948 591 949 588 950 590 951 589 952 584 953 588 954 590 955 584 956 586 957 591 958 585 959 589 960 593 961 594 962 592 963 595 964 598 965 594 966 598 967 597 968 596 969 596 970 593 971 592 972 598 973 592 974 594 975 599 976 593 977 597 978 601 979 602 980 600 981 603 982 606 982 602 983 606 984 605 985 604 986 605 987 600 988 604 989 606 990 600 991 602 992 603 993 605 994 607 995 609 996 610 997 608 998 611 999 614 1000 610 1001 614 1002 613 1003 612 1004 612 1005 609 1006 608 1007 614 1008 608 1009 610 1010 615 1011 609 1012 613 1013 616 1014 619 1015 618 1016 618 1017 623 1018 622 1019 623 1020 620 1021 622 1022 621 1023 616 1023 620 1024 622 1025 616 1026 618 1027 623 1028 617 1029 621 1030 625 1031 626 1032 624 1033 626 1034 631 1035 630 1036 630 1037 629 1038 628 1039 629 1040 624 1041 628 1042 630 1043 624 1044 626 1045 631 1046 625 1047 629 1048 633 1049 634 1050 632 1051 634 1052 639 1053 638 1054 638 1055 637 1056 636 1057 637 1058 632 1059 636 1060 634 1061 636 1062 632 1063 635 1064 637 1065 639 1066 641 1067 642 1068 640 1069 643 1070 646 1071 642 1072 647 1073 644 1074 646 1075 644 1076 641 1077 640 1078 646 1079 640 1080 642 1081 647 1082 641 1083 645 1084 648 1085 651 1086 650 1087 650 1088 655 1089 654 1090 655 1091 652 1092 654 1093 653 1094 648 1095 652 1096 654 1097 648 1098 650 1099 655 1100 649 1101 653 1102 657 1103 658 1104 656 1105 658 1106 663 1107 662 1108 662 1109 661 1110 660 1111 661 1112 656 1113 660 1114 662 1115 656 1116 658 1117 663 1118 657 1119 661 1120 665 1121 666 1122 664 1123 666 1124 671 1125 670 1126 670 1127 669 1128 668 1129 669 1130 664 1131 668 1132 666 1133 668 1134 664 1135 667 1136 669 1137 671 1138 101 0 93 37 95 1 55 3 47 39 46 4 285 6 5 286 0 7 95 1 94 28 102 9 45 10 47 39 55 3 21 12 29 21 25 13 91 15 99 148 98 16 42 18 50 134 48 19 29 21 37 44 33 22 97 23 99 148 91 15 51 25 50 134 42 18 33 22 37 44 45 10 94 28 86 32 84 29 41 27 49 31 51 25 41 27 45 10 53 11 95 1 87 38 86 32 38 33 36 56 44 34 49 31 53 11 61 35 93 37 85 52 87 38 47 39 39 59 38 33 57 36 61 35 69 40 90 17 88 145 80 42 37 44 39 59 47 39 69 40 77 49 73 45 91 15 90 17 82 43 34 47 42 18 40 20 77 49 85 52 81 50 89 24 91 15 83 46 35 51 43 26 42 18 85 52 93 37 89 24 86 32 78 54 76 53 41 27 43 26 35 51 93 37 101 0 97 23 87 38 79 58 78 54 38 33 30 60 28 55 101 0 109 61 105 57 85 52 77 49 79 58 39 59 31 82 30 60 109 61 117 65 113 62 82 43 80 42 72 63 29 21 31 82 39 59 117 65 125 70 121 66 83 46 82 43 74 64 26 68 34 47 32 48 125 70 133 73 129 71 73 45 81 50 83 46 35 51 34 47 26 68 133 73 141 76 137 74 70 75 68 99 76 53 33 22 35 51 27 72 141 76 149 80 145 77 71 78 70 75 78 54 30 60 22 83 20 79 149 80 157 84 153 81 69 40 71 78 79 58 31 82 23 107 22 83 157 84 165 88 161 85 66 86 74 64 72 63 21 12 23 107 31 82 165 88 173 93 169 89 75 67 74 64 66 86 18 91 26 68 24 69 173 93 181 96 177 94 73 45 75 67 67 90 27 72 26 68 18 91 181 96 189 100 185 97 62 98 60 123 68 99 25 13 27 72 19 95 189 100 197 104 193 101 63 102 62 98 70 75 14 103 12 128 20 79 197 104 205 108 201 105 61 35 63 102 71 78 15 106 14 103 22 83 205 108 213 112 209 109 58 110 66 86 64 87 21 12 13 135 15 106 213 112 221 117 217 113 59 114 67 90 66 86 10 115 18 91 16 92 221 117 229 120 225 118 57 36 65 41 67 90 19 95 18 91 10 115 229 120 237 125 233 121 62 98 54 5 52 122 17 14 19 95 11 119 237 125 245 129 241 126 63 102 55 3 54 5 14 103 6 287 4 127 245 129 253 132 249 130 53 11 55 3 63 102 7 131 6 287 14 103 253 132 261 136 257 133 58 110 56 111 48 19 13 135 5 286 7 131 261 136 269 140 265 137 59 114 58 110 50 134 2 138 10 115 8 116 269 140 277 143 273 141 49 31 57 36 59 114 3 142 11 119 10 115 277 143 285 6 281 8 9 124 13 135 21 12 9 124 11 119 3 142 90 17 98 16 96 144 46 4 44 34 52 122 20 79 12 128 4 127 4 127 284 284 276 278 276 278 268 272 260 266 260 266 252 260 244 146 244 146 236 249 212 232 236 249 228 243 212 232 228 243 220 237 212 232 212 232 204 225 180 207 204 225 196 219 180 207 196 219 188 213 180 207 180 207 172 201 164 195 164 195 156 188 148 183 148 183 140 177 132 171 132 171 124 165 116 159 116 159 108 152 84 29 108 152 100 147 84 29 100 147 92 30 84 29 84 29 76 53 68 99 68 99 60 123 52 122 52 122 44 34 20 79 44 34 36 56 20 79 36 56 28 55 20 79 20 79 4 127 244 146 4 127 276 278 244 146 276 278 260 266 244 146 180 207 164 195 148 183 148 183 132 171 180 207 132 171 116 159 180 207 84 29 68 99 52 122 244 146 212 232 116 159 212 232 180 207 116 159 116 159 84 29 244 146 84 29 52 122 244 146 0 7 5 286 13 135 94 28 92 30 100 147 105 57 107 153 99 148 99 148 107 153 106 149 106 149 104 156 96 144 101 0 103 2 111 150 103 2 102 9 110 151 110 151 102 9 100 147 113 62 115 160 107 153 107 153 115 160 114 154 106 149 114 154 112 155 109 61 111 150 119 157 111 150 110 151 118 158 118 158 110 151 108 152 121 66 123 167 115 160 115 160 123 167 122 161 114 154 122 161 120 162 125 70 117 65 119 157 119 157 118 158 126 164 118 158 116 159 124 165 121 66 129 71 131 166 123 167 131 166 130 168 130 168 128 174 120 162 125 70 127 163 135 169 127 163 126 164 134 170 126 164 124 165 132 171 129 71 137 74 139 172 139 172 138 173 130 168 138 173 136 180 128 174 133 73 135 169 143 175 143 175 135 169 134 170 134 170 132 171 140 177 137 74 145 77 147 178 147 178 146 185 138 173 138 173 146 185 144 179 141 76 143 175 151 181 151 181 143 175 142 176 142 176 140 177 148 183 153 81 155 189 147 178 147 178 155 189 154 184 154 184 152 192 144 179 157 84 149 80 151 181 151 181 150 182 158 187 158 187 150 182 148 183 161 85 163 196 155 189 155 189 163 196 162 190 154 184 162 190 160 191 165 88 157 84 159 186 159 186 158 187 166 194 158 187 156 188 164 195 169 89 171 197 163 196 171 197 170 203 162 190 162 190 170 203 168 198 173 93 165 88 167 193 175 199 167 193 166 194 174 200 166 194 164 195 177 94 179 208 171 197 171 197 179 208 178 202 170 203 178 202 176 204 181 96 173 93 175 199 175 199 174 200 182 206 174 200 172 201 180 207 185 97 187 215 179 208 179 208 187 215 186 209 178 202 186 209 184 210 189 100 181 96 183 205 183 205 182 206 190 212 182 206 180 207 188 213 185 97 193 101 195 214 195 214 194 216 186 209 194 216 192 222 184 210 189 100 191 211 199 217 199 217 191 211 190 212 198 218 190 212 188 213 193 101 201 105 203 220 203 220 202 221 194 216 202 221 200 229 192 222 197 104 199 217 207 223 207 223 199 217 198 218 206 224 198 218 196 219 201 105 209 109 211 226 203 220 211 226 210 227 202 221 210 227 208 228 205 108 207 223 215 230 207 223 206 224 214 231 206 224 204 225 212 232 217 113 219 239 211 226 211 226 219 239 218 233 210 227 218 233 216 234 221 117 213 112 215 230 215 230 214 231 222 236 214 231 212 232 220 237 217 113 225 118 227 238 227 238 226 240 218 233 226 240 224 246 216 234 221 117 223 235 231 241 231 241 223 235 222 236 230 242 222 236 220 237 233 121 235 244 227 238 235 244 234 245 226 240 234 245 232 252 224 246 237 125 229 120 231 241 239 247 231 241 230 242 238 248 230 242 228 243 241 126 243 255 235 244 235 244 243 255 242 250 234 245 242 250 240 251 245 129 237 125 239 247 239 247 238 248 246 254 238 248 236 249 244 146 249 130 251 262 243 255 243 255 251 262 250 256 242 250 250 256 248 257 253 132 245 129 247 253 247 253 246 254 254 259 254 259 246 254 244 146 249 130 257 133 259 261 259 261 258 263 250 256 258 263 256 269 248 257 253 132 255 258 263 264 263 264 255 258 254 259 262 265 254 259 252 260 257 133 265 137 267 267 267 267 266 268 258 263 266 268 264 275 256 269 261 136 263 264 271 270 271 270 263 264 262 265 262 265 260 266 268 272 265 137 273 141 275 273 267 267 275 273 274 274 274 274 272 281 264 275 277 143 269 140 271 270 271 270 270 271 278 277 270 271 268 272 276 278 273 141 281 8 283 279 275 273 283 279 282 280 282 280 280 285 272 281 277 143 279 276 287 282 287 282 279 276 278 277 286 283 278 277 276 278 281 8 0 7 3 142 3 142 2 138 282 280 2 138 1 139 280 285 285 6 287 282 7 131 7 131 287 282 286 283 286 283 284 284 4 127 280 285 1 139 8 116 8 116 16 92 24 69 24 69 32 48 40 20 40 20 48 19 56 111 56 111 64 87 88 145 64 87 72 63 88 145 72 63 80 42 88 145 88 145 96 144 104 156 104 156 112 155 120 162 120 162 128 174 136 180 136 180 144 179 152 192 152 192 160 191 168 198 168 198 176 204 152 192 176 204 184 210 152 192 184 210 192 222 200 229 200 229 208 228 216 234 216 234 224 246 232 252 232 252 240 251 248 257 248 257 256 269 280 285 256 269 264 275 280 285 264 275 272 281 280 285 280 285 8 116 24 69 24 69 40 20 280 285 40 20 56 111 280 285 88 145 104 156 56 111 104 156 120 162 56 111 120 162 136 180 184 210 136 180 152 192 184 210 184 210 200 229 248 257 200 229 216 234 248 257 216 234 232 252 248 257 248 257 280 285 184 210 280 285 56 111 184 210 289 288 291 289 290 288 291 290 295 725 294 291 295 293 293 294 292 293 292 295 293 720 289 296 294 298 292 1579 288 299 291 301 289 1580 293 302 296 304 297 1581 299 305 298 307 299 1582 303 308 303 310 301 1583 300 311 301 313 297 1584 296 314 302 316 300 1585 296 317 303 319 299 1586 297 320 305 322 307 1587 306 323 307 325 311 1588 310 326 310 328 311 1589 309 329 308 331 309 1590 305 332 306 334 310 1591 308 335 307 337 305 1592 309 338 313 340 315 1593 314 341 314 343 315 1594 319 344 318 346 319 1595 317 347 317 349 313 1596 312 350 314 352 318 1597 316 353 315 355 313 1598 317 356 321 358 323 1599 322 359 323 361 327 1600 326 362 326 364 327 1601 325 365 325 367 321 1602 320 368 326 370 324 1603 320 371 323 373 321 1604 325 374 329 376 331 1605 330 377 331 379 335 1606 334 380 334 382 335 1607 333 383 332 385 333 1608 329 386 330 388 334 1609 332 389 331 391 329 1610 333 392 336 394 337 1611 339 395 338 397 339 1612 343 398 343 400 341 1613 340 401 341 403 337 1614 336 404 338 406 342 1615 340 407 339 409 337 1616 341 410 345 412 347 1617 346 413 346 415 347 1618 351 416 351 418 349 1619 348 419 349 421 345 1620 344 422 346 424 350 1621 348 425 351 427 347 1622 345 428 353 430 355 1623 354 431 354 433 355 1624 359 434 358 436 359 1625 357 437 357 439 353 440 352 439 358 441 356 1626 352 442 359 444 355 1627 353 445 361 447 363 1628 362 448 362 450 363 1629 367 451 366 453 367 1630 365 454 365 456 361 1631 360 457 362 459 366 1632 364 460 363 462 361 1633 365 463 368 465 369 1634 371 466 371 468 375 1635 374 469 375 471 373 1636 372 472 372 474 373 1637 369 475 370 477 374 1638 372 478 371 480 369 1639 373 481 377 483 379 1640 378 484 379 486 383 1641 382 487 382 489 383 1642 381 490 380 492 381 1643 377 493 378 495 382 1644 380 496 379 498 377 1645 381 499 385 501 387 501 386 502 387 504 391 1646 390 505 391 507 389 1647 388 508 388 510 389 1648 385 511 390 513 388 1649 384 514 387 516 385 1650 389 517 392 519 393 1651 395 520 394 522 395 1652 399 523 399 525 397 1653 396 526 396 528 397 1654 393 529 394 531 398 1655 396 532 399 534 395 1656 393 535 401 537 403 1657 402 538 403 540 407 1658 406 541 406 543 407 1659 405 544 404 546 405 1660 401 547 402 549 406 1661 404 550 407 552 403 1662 401 553 408 555 409 1663 411 556 410 558 411 1664 415 559 415 561 413 1665 412 562 413 564 409 1666 408 565 414 567 412 568 408 567 415 569 411 1667 409 570 416 572 417 1668 419 573 418 575 419 1669 423 576 423 578 421 1670 420 579 421 581 417 1671 416 582 418 584 422 1672 420 585 419 587 417 1673 421 588 425 590 427 1674 426 591 426 593 427 1675 431 594 430 596 431 1676 429 597 429 599 425 1677 424 600 426 602 430 1678 428 603 427 605 425 1679 429 606 433 608 435 1680 434 609 435 611 439 1681 438 612 438 614 439 1682 437 615 436 617 437 1683 433 618 438 620 436 1684 432 621 439 623 435 1685 433 624 440 626 441 1686 443 627 442 629 443 1687 447 630 447 632 445 1688 444 633 444 635 445 1689 441 636 446 638 444 1690 440 639 447 641 443 1691 441 642 448 644 449 1692 451 645 451 647 455 1693 454 648 455 650 453 1694 452 651 453 653 449 1695 448 654 454 656 452 1696 448 657 451 659 449 1697 453 660 456 662 457 1698 459 663 459 665 463 1699 462 666 462 668 463 1700 461 669 461 671 457 1701 456 672 462 674 460 1702 456 675 459 677 457 1703 461 678 464 680 465 1704 467 681 467 683 471 1705 470 684 471 686 469 1706 468 687 468 689 469 1707 465 690 466 692 470 1708 468 693 467 695 465 1709 469 696 473 698 475 1710 474 699 474 701 475 1711 479 702 478 704 479 1712 477 705 477 707 473 1713 472 708 474 710 478 1714 476 711 475 713 473 1715 477 714 481 716 483 717 482 716 483 718 487 297 486 719 487 721 485 722 484 721 484 723 485 292 481 724 486 726 484 1716 480 727 483 729 481 1717 485 730 488 732 489 1718 491 733 490 735 491 1719 495 736 495 738 493 1720 492 739 493 741 489 1721 488 742 494 744 492 1722 488 745 495 747 491 1723 489 748 497 750 499 1724 498 751 499 753 503 1725 502 754 502 756 503 1726 501 757 500 759 501 1727 497 760 502 762 500 1728 496 763 503 765 499 1729 497 766 504 768 505 1730 507 769 507 771 511 1731 510 772 511 774 509 1732 508 775 508 777 509 1733 505 778 510 780 508 1734 504 781 511 783 507 1735 505 784 512 786 513 1736 515 787 515 789 519 1737 518 790 519 792 517 1738 516 793 516 795 517 1739 513 796 514 798 518 1740 516 799 515 801 513 1741 517 802 520 804 521 1742 523 805 522 807 523 1743 527 808 527 810 525 1744 524 811 525 813 521 1745 520 814 526 816 524 1746 520 817 527 819 523 1747 521 820 529 822 531 1748 530 823 530 825 531 1749 535 826 534 828 535 1750 533 829 533 831 529 1751 528 832 534 834 532 1752 528 835 535 837 531 1753 529 838 537 840 539 1754 538 841 538 843 539 1755 543 844 543 846 541 1756 540 847 541 849 537 1757 536 850 538 852 542 1758 540 853 539 855 537 1759 541 856 544 858 545 1760 547 859 547 861 551 1761 550 862 551 864 549 1762 548 865 548 867 549 1763 545 868 550 870 548 1764 544 871 551 873 547 1765 545 874 552 876 553 1766 555 877 555 879 559 1767 558 880 559 882 557 1768 556 883 557 885 553 1769 552 886 558 888 556 1770 552 889 555 891 553 1771 557 892 560 894 561 894 563 894 563 895 567 1772 566 896 567 898 565 1773 564 899 565 901 561 1774 560 902 566 904 564 1775 560 905 567 907 563 1776 561 908 569 910 571 1777 570 911 570 913 571 1778 575 914 574 916 575 1779 573 917 573 919 569 1780 568 920 574 922 572 1781 568 923 575 925 571 1782 569 926 577 928 579 1783 578 929 579 931 583 1784 582 932 583 934 581 1785 580 935 580 506 581 506 577 506 582 937 580 1786 576 938 579 940 577 1787 581 941 584 943 585 1788 587 944 586 946 587 1789 591 947 591 949 589 1790 588 950 589 952 585 1791 584 953 590 955 588 1792 584 956 591 958 587 1793 585 959 593 961 595 1794 594 962 595 964 599 1795 598 965 598 967 599 1796 597 968 596 970 597 1797 593 971 598 973 596 1798 592 974 599 976 595 1799 593 977 601 979 603 1800 602 980 603 982 607 1801 606 982 606 984 607 1802 605 985 605 987 601 1803 600 988 606 990 604 1804 600 991 603 993 601 1805 605 994 609 996 611 1806 610 997 611 999 615 1807 614 1000 614 1002 615 1808 613 1003 612 1005 613 1809 609 1006 614 1008 612 1810 608 1009 615 1011 611 1811 609 1012 616 1014 617 1812 619 1015 618 1017 619 1813 623 1018 623 1020 621 1814 620 1021 621 1023 617 1815 616 1023 622 1025 620 1816 616 1026 623 1028 619 1817 617 1029 625 1031 627 1031 626 1032 626 1034 627 1818 631 1035 630 1037 631 1819 629 1038 629 1040 625 1820 624 1041 630 1043 628 1821 624 1044 631 1046 627 1822 625 1047 633 1049 635 1823 634 1050 634 1052 635 1824 639 1053 638 1055 639 1825 637 1056 637 1058 633 1826 632 1059 634 1061 638 1827 636 1062 635 1064 633 1828 637 1065 641 1067 643 1829 642 1068 643 1070 647 1830 646 1071 647 1073 645 1831 644 1074 644 1076 645 1832 641 1077 646 1079 644 1833 640 1080 647 1082 643 1834 641 1083 648 1085 649 1835 651 1086 650 1088 651 1836 655 1089 655 1091 653 1837 652 1092 653 1094 649 1838 648 1095 654 1097 652 1839 648 1098 655 1100 651 1840 649 1101 657 1103 659 1841 658 1104 658 1106 659 1842 663 1107 662 1109 663 1843 661 1110 661 1112 657 1844 656 1113 662 1115 660 1845 656 1116 663 1118 659 1846 657 1119 665 1121 667 1847 666 1122 666 1124 667 1848 671 1125 670 1127 671 1849 669 1128 669 1130 665 1850 664 1131 666 1133 670 1851 668 1134 667 1136 665 1852 669 1137</p>
        </triangles>
        <triangles material="aluminium-material" count="564">
          <input semantic="VERTEX" source="#wheel_rl-mesh-vertices" offset="0"/>
          <input semantic="NORMAL" source="#wheel_rl-mesh-normals" offset="1"/>
          <p>742 1139 748 1140 750 1141 714 1142 704 1143 706 1144 893 1145 672 1146 889 1147 753 1148 747 1149 745 1150 715 1151 706 1144 707 1152 689 1153 701 1154 697 1155 749 1156 743 1157 751 1158 705 1159 715 1151 707 1152 701 1154 705 1159 697 1155 738 1160 744 1161 736 1162 710 1163 700 1164 708 1165 709 1166 713 1167 705 1159 747 1149 738 1160 739 1168 711 1169 702 1170 710 1163 717 1171 721 1172 713 1167 737 1173 747 1149 739 1168 701 1154 711 1169 709 1166 725 1174 729 1175 721 1172 742 1139 732 1176 740 1177 706 1144 696 1178 698 1179 733 1180 737 1173 729 1175 735 1181 742 1139 743 1157 707 1152 698 1179 699 1182 741 1183 745 1150 737 1173 741 1183 735 1181 743 1157 697 1155 707 1152 699 1182 749 1156 753 1148 745 1150 738 1160 728 1184 730 1185 694 1186 700 1164 702 1170 757 1187 761 1188 753 1148 731 1189 738 1160 730 1185 703 1190 694 1186 702 1170 765 1191 769 1192 761 1188 737 1173 731 1189 729 1175 693 1193 703 1190 701 1154 773 1194 777 1195 769 1192 726 1196 732 1176 734 1197 690 1198 696 1178 688 1199 781 1200 785 1201 777 1195 735 1181 726 1196 734 1197 699 1182 690 1198 691 1202 789 1203 793 1204 785 1201 725 1174 735 1181 733 1180 689 1153 699 1182 691 1202 797 1205 801 1206 793 1204 722 1207 728 1184 720 1208 686 1209 692 1210 694 1186 805 1211 809 1212 801 1206 731 1189 722 1207 723 1213 695 1214 686 1209 694 1186 813 1215 817 1216 809 1212 721 1172 731 1189 723 1213 685 1217 695 1214 693 1193 817 1216 829 1218 825 1219 718 1220 724 1221 726 1196 682 1222 688 1199 680 1223 829 1218 833 1224 825 1219 727 1225 718 1220 726 1196 691 1202 682 1222 683 1226 837 1227 841 1228 833 1224 717 1171 727 1225 725 1174 681 1229 691 1202 683 1226 845 1230 849 1231 841 1228 722 1207 712 1232 714 1142 686 1209 676 1233 684 1234 853 1235 857 1236 849 1231 723 1213 714 1142 715 1151 679 1237 686 1209 687 1238 857 1236 869 1239 865 1240 713 1167 723 1213 715 1151 677 1241 687 1238 685 1217 869 1239 873 1242 865 1240 718 1220 708 1165 716 1243 682 1222 673 1244 674 1245 877 1246 881 1247 873 1242 719 1248 710 1163 718 1220 683 1226 674 1245 675 1249 885 1250 889 1147 881 1247 681 1229 693 1193 689 1153 672 1146 683 1226 675 1249 743 1157 750 1141 751 1158 709 1166 719 1248 717 1171 692 1210 852 1251 788 1252 677 1241 681 1229 672 1146 755 1253 746 1254 747 1149 746 1254 752 1255 744 1161 757 1187 751 1158 759 1256 751 1158 758 1257 759 1256 750 1141 756 1258 758 1257 761 1188 755 1253 753 1148 763 1259 754 1260 755 1253 754 1260 760 1261 752 1255 765 1191 759 1256 767 1262 759 1256 766 1263 767 1262 758 1257 764 1264 766 1263 769 1192 763 1259 761 1188 763 1259 770 1265 762 1266 770 1265 760 1261 762 1266 773 1194 767 1262 775 1267 767 1262 774 1268 775 1267 774 1268 764 1264 772 1269 777 1195 771 1270 769 1192 771 1270 778 1271 770 1265 778 1271 768 1272 770 1265 781 1200 775 1267 783 1273 775 1267 782 1274 783 1273 782 1274 772 1269 780 1275 785 1201 779 1276 777 1195 779 1276 786 1277 778 1271 778 1271 784 1278 776 1279 789 1203 783 1273 791 1280 791 1280 782 1274 790 1281 782 1274 788 1252 790 1281 785 1201 795 1282 787 1283 787 1283 794 1284 786 1277 794 1284 784 1278 786 1277 789 1203 799 1285 797 1205 799 1285 790 1281 798 1286 798 1286 788 1252 796 1287 793 1204 803 1288 795 1282 803 1288 794 1284 795 1282 794 1284 800 1289 792 1290 797 1205 807 1291 805 1211 807 1291 798 1286 806 1292 798 1286 804 1293 806 1292 801 1206 811 1294 803 1288 811 1294 802 1295 803 1288 802 1295 808 1296 800 1289 805 1211 815 1297 813 1215 815 1297 806 1292 814 1298 806 1292 812 1299 814 1298 809 1212 819 1300 811 1294 819 1300 810 1301 811 1294 818 1302 808 1296 810 1301 813 1215 823 1303 821 1304 823 1303 814 1298 822 1305 822 1305 812 1299 820 1306 817 1216 827 1307 819 1300 827 1307 818 1302 819 1300 826 1308 816 1309 818 1302 821 1304 831 1310 829 1218 831 1310 822 1305 830 1311 830 1311 820 1306 828 1312 825 1219 835 1313 827 1307 827 1307 834 1314 826 1308 834 1314 824 1315 826 1308 829 1218 839 1316 837 1227 839 1316 830 1311 838 1317 838 1317 828 1312 836 1318 833 1224 843 1319 835 1313 835 1313 842 1320 834 1314 834 1314 840 1321 832 1322 837 1227 847 1323 845 1230 847 1323 838 1317 846 1324 838 1317 844 1325 846 1324 849 1231 843 1319 841 1228 843 1319 850 1326 842 1320 850 1326 840 1321 842 1320 853 1235 847 1323 855 1327 855 1327 846 1324 854 1328 854 1328 844 1325 852 1251 857 1236 851 1329 849 1231 851 1329 858 1330 850 1326 850 1326 856 1331 848 1332 861 1333 855 1327 863 1334 855 1327 862 1335 863 1334 854 1328 860 1336 862 1335 865 1240 859 1337 857 1236 867 1338 858 1330 859 1337 858 1330 864 1339 856 1331 869 1239 863 1334 871 1340 863 1334 870 1341 871 1340 862 1335 868 1342 870 1341 873 1242 867 1338 865 1240 875 1343 866 1344 867 1338 866 1344 872 1345 864 1339 877 1246 871 1340 879 1346 871 1340 878 1347 879 1346 870 1341 876 1348 878 1347 881 1247 875 1343 873 1242 875 1343 882 1349 874 1350 882 1349 872 1345 874 1350 885 1250 879 1346 887 1351 879 1346 886 1352 887 1351 886 1352 876 1348 884 1353 889 1147 883 1354 881 1247 883 1354 890 1355 882 1349 890 1355 880 1356 882 1349 893 1145 887 1351 895 1357 887 1351 894 1358 895 1357 894 1358 884 1353 892 1359 672 1146 891 1360 889 1147 891 1360 674 1245 890 1355 890 1355 673 1244 888 1361 677 1241 895 1357 679 1237 679 1237 894 1358 678 1362 894 1358 676 1233 678 1362 888 1361 728 1184 792 1290 1025 1491 1026 1492 1024 1493 1026 1494 1029 1495 1028 1496 1029 1497 1030 1498 1028 1499 1031 1500 1032 1501 1030 1502 1025 1503 1033 1503 1029 1503 1033 1504 1034 1505 1032 506 1035 1506 1024 1507 1034 1508 1026 1509 1030 1509 1034 1509 1037 1510 1038 1511 1036 1512 1039 1513 1040 1514 1038 1515 1040 1516 1043 1517 1042 1518 1043 1519 1044 1520 1042 1521 1045 1503 1043 1503 1041 1503 1045 1522 1046 1523 1044 1524 1047 1525 1036 1526 1046 506 1044 1509 1046 1509 1038 1509 1049 1527 1050 1528 1048 506 1051 1529 1052 1530 1050 1531 1053 1532 1054 1533 1052 1515 1054 1534 1057 1535 1056 1536 1049 1503 1057 1503 1053 1503 1057 1519 1058 1520 1056 1521 1059 1537 1048 1538 1058 1524 1050 1509 1054 1509 1058 1509 1061 1539 1062 1540 1060 1502 1063 1541 1064 1542 1062 506 1065 1506 1066 1507 1064 1508 1067 1543 1068 1544 1066 1493 1067 1503 1065 1503 1061 1503 1068 1545 1071 1546 1070 1547 1071 1497 1060 1498 1070 1499 1066 1509 1068 1509 1070 1509 1073 1548 1074 1549 1072 1550 1075 1551 1076 1552 1074 1553 1077 506 1078 506 1076 506 1079 1554 1080 1555 1078 1556 1081 1503 1079 1503 1077 1503 1081 1557 1082 1558 1080 1559 1082 1560 1073 1561 1072 1562 1078 1509 1080 1509 1082 1509 1084 1563 1087 1564 1086 1565 1087 1566 1088 1567 1086 1568 1089 1569 1090 1570 1088 1571 1091 1572 1092 1573 1090 506 1093 1503 1091 1503 1089 1503 1093 1574 1094 1575 1092 1576 1095 1577 1084 1578 1094 1559 1090 1509 1092 1509 1094 1509 742 1139 740 1177 748 1140 714 1142 712 1232 704 1143 893 1145 677 1241 672 1146 753 1148 755 1253 747 1149 715 1151 714 1142 706 1144 689 1153 693 1193 701 1154 749 1156 741 1183 743 1157 705 1159 713 1167 715 1151 701 1154 709 1166 705 1159 738 1160 746 1254 744 1161 710 1163 702 1170 700 1164 709 1166 717 1171 713 1167 747 1149 746 1254 738 1160 711 1169 703 1190 702 1170 717 1171 725 1174 721 1172 737 1173 745 1150 747 1149 701 1154 703 1190 711 1169 725 1174 733 1180 729 1175 742 1139 734 1197 732 1176 706 1144 704 1143 696 1178 733 1180 741 1183 737 1173 735 1181 734 1197 742 1139 707 1152 706 1144 698 1179 741 1183 749 1156 745 1150 741 1183 733 1180 735 1181 697 1155 705 1159 707 1152 749 1156 757 1187 753 1148 738 1160 736 1162 728 1184 694 1186 692 1210 700 1164 757 1187 765 1191 761 1188 731 1189 739 1168 738 1160 703 1190 695 1214 694 1186 765 1191 773 1194 769 1192 737 1173 739 1168 731 1189 693 1193 695 1214 703 1190 773 1194 781 1200 777 1195 726 1196 724 1221 732 1176 690 1198 698 1179 696 1178 781 1200 789 1203 785 1201 735 1181 727 1225 726 1196 699 1182 698 1179 690 1198 789 1203 797 1205 793 1204 725 1174 727 1225 735 1181 689 1153 697 1155 699 1182 797 1205 805 1211 801 1206 722 1207 730 1185 728 1184 686 1209 684 1234 692 1210 805 1211 813 1215 809 1212 731 1189 730 1185 722 1207 695 1214 687 1238 686 1209 813 1215 821 1304 817 1216 721 1172 729 1175 731 1189 685 1217 687 1238 695 1214 817 1216 821 1304 829 1218 718 1220 716 1243 724 1221 682 1222 690 1198 688 1199 829 1218 837 1227 833 1224 727 1225 719 1248 718 1220 691 1202 690 1198 682 1222 837 1227 845 1230 841 1228 717 1171 719 1248 727 1225 681 1229 689 1153 691 1202 845 1230 853 1235 849 1231 722 1207 720 1208 712 1232 686 1209 678 1362 676 1233 853 1235 861 1333 857 1236 723 1213 722 1207 714 1142 679 1237 678 1362 686 1209 857 1236 861 1333 869 1239 713 1167 721 1172 723 1213 677 1241 679 1237 687 1238 869 1239 877 1246 873 1242 718 1220 710 1163 708 1165 682 1222 680 1223 673 1244 877 1246 885 1250 881 1247 719 1248 711 1169 710 1163 683 1226 682 1222 674 1245 885 1250 893 1145 889 1147 681 1229 685 1217 693 1193 672 1146 681 1229 683 1226 743 1157 742 1139 750 1141 709 1166 711 1169 719 1248 692 1210 684 1234 676 1233 676 1233 892 1359 884 1353 884 1353 876 1348 868 1342 868 1342 860 1336 852 1251 852 1251 844 1325 820 1306 844 1325 836 1318 820 1306 836 1318 828 1312 820 1306 820 1306 812 1299 804 1293 804 1293 796 1287 788 1252 788 1252 780 1275 772 1269 772 1269 764 1264 756 1258 756 1258 748 1140 740 1177 740 1177 732 1176 756 1258 732 1176 724 1221 756 1258 724 1221 716 1243 692 1210 716 1243 708 1165 692 1210 708 1165 700 1164 692 1210 692 1210 676 1233 884 1353 884 1353 868 1342 852 1251 820 1306 804 1293 852 1251 804 1293 788 1252 852 1251 788 1252 772 1269 724 1221 772 1269 756 1258 724 1221 692 1210 884 1353 852 1251 724 1221 692 1210 788 1252 677 1241 685 1217 681 1229 755 1253 754 1260 746 1254 746 1254 754 1260 752 1255 757 1187 749 1156 751 1158 751 1158 750 1141 758 1257 750 1141 748 1140 756 1258 761 1188 763 1259 755 1253 763 1259 762 1266 754 1260 754 1260 762 1266 760 1261 765 1191 757 1187 759 1256 759 1256 758 1257 766 1263 758 1257 756 1258 764 1264 769 1192 771 1270 763 1259 763 1259 771 1270 770 1265 770 1265 768 1272 760 1261 773 1194 765 1191 767 1262 767 1262 766 1263 774 1268 774 1268 766 1263 764 1264 777 1195 779 1276 771 1270 771 1270 779 1276 778 1271 778 1271 776 1279 768 1272 781 1200 773 1194 775 1267 775 1267 774 1268 782 1274 782 1274 774 1268 772 1269 785 1201 787 1283 779 1276 779 1276 787 1283 786 1277 778 1271 786 1277 784 1278 789 1203 781 1200 783 1273 791 1280 783 1273 782 1274 782 1274 780 1275 788 1252 785 1201 793 1204 795 1282 787 1283 795 1282 794 1284 794 1284 792 1290 784 1278 789 1203 791 1280 799 1285 799 1285 791 1280 790 1281 798 1286 790 1281 788 1252 793 1204 801 1206 803 1288 803 1288 802 1295 794 1284 794 1284 802 1295 800 1289 797 1205 799 1285 807 1291 807 1291 799 1285 798 1286 798 1286 796 1287 804 1293 801 1206 809 1212 811 1294 811 1294 810 1301 802 1295 802 1295 810 1301 808 1296 805 1211 807 1291 815 1297 815 1297 807 1291 806 1292 806 1292 804 1293 812 1299 809 1212 817 1216 819 1300 819 1300 818 1302 810 1301 818 1302 816 1309 808 1296 813 1215 815 1297 823 1303 823 1303 815 1297 814 1298 822 1305 814 1298 812 1299 817 1216 825 1219 827 1307 827 1307 826 1308 818 1302 826 1308 824 1315 816 1309 821 1304 823 1303 831 1310 831 1310 823 1303 822 1305 830 1311 822 1305 820 1306 825 1219 833 1224 835 1313 827 1307 835 1313 834 1314 834 1314 832 1322 824 1315 829 1218 831 1310 839 1316 839 1316 831 1310 830 1311 838 1317 830 1311 828 1312 833 1224 841 1228 843 1319 835 1313 843 1319 842 1320 834 1314 842 1320 840 1321 837 1227 839 1316 847 1323 847 1323 839 1316 838 1317 838 1317 836 1318 844 1325 849 1231 851 1329 843 1319 843 1319 851 1329 850 1326 850 1326 848 1332 840 1321 853 1235 845 1230 847 1323 855 1327 847 1323 846 1324 854 1328 846 1324 844 1325 857 1236 859 1337 851 1329 851 1329 859 1337 858 1330 850 1326 858 1330 856 1331 861 1333 853 1235 855 1327 855 1327 854 1328 862 1335 854 1328 852 1251 860 1336 865 1240 867 1338 859 1337 867 1338 866 1344 858 1330 858 1330 866 1344 864 1339 869 1239 861 1333 863 1334 863 1334 862 1335 870 1341 862 1335 860 1336 868 1342 873 1242 875 1343 867 1338 875 1343 874 1350 866 1344 866 1344 874 1350 872 1345 877 1246 869 1239 871 1340 871 1340 870 1341 878 1347 870 1341 868 1342 876 1348 881 1247 883 1354 875 1343 875 1343 883 1354 882 1349 882 1349 880 1356 872 1345 885 1250 877 1246 879 1346 879 1346 878 1347 886 1352 886 1352 878 1347 876 1348 889 1147 891 1360 883 1354 883 1354 891 1360 890 1355 890 1355 888 1361 880 1356 893 1145 885 1250 887 1351 887 1351 886 1352 894 1358 894 1358 886 1352 884 1353 672 1146 675 1249 891 1360 891 1360 675 1249 674 1245 890 1355 674 1245 673 1244 677 1241 893 1145 895 1357 679 1237 895 1357 894 1358 894 1358 892 1359 676 1233 888 1361 673 1244 680 1223 680 1223 688 1199 888 1361 688 1199 696 1178 888 1361 696 1178 704 1143 728 1184 704 1143 712 1232 728 1184 712 1232 720 1208 728 1184 728 1184 736 1162 744 1161 744 1161 752 1255 760 1261 760 1261 768 1272 792 1290 768 1272 776 1279 792 1290 776 1279 784 1278 792 1290 792 1290 800 1289 808 1296 808 1296 816 1309 792 1290 816 1309 824 1315 792 1290 824 1315 832 1322 840 1321 840 1321 848 1332 856 1331 856 1331 864 1339 888 1361 864 1339 872 1345 888 1361 872 1345 880 1356 888 1361 728 1184 744 1161 760 1261 824 1315 840 1321 792 1290 840 1321 856 1331 792 1290 888 1361 696 1178 728 1184 728 1184 760 1261 792 1290 856 1331 888 1361 792 1290 1025 1491 1027 1853 1026 1492 1026 1494 1027 1562 1029 1495 1029 1497 1031 1854 1030 1498 1031 1500 1033 1855 1032 1501 1029 1503 1027 1503 1025 1503 1025 1503 1035 1503 1033 1503 1033 1503 1031 1503 1029 1503 1033 1504 1035 1856 1034 1505 1035 1506 1025 1857 1024 1507 1034 1509 1024 1509 1026 1509 1026 1509 1028 1509 1030 1509 1030 1509 1032 1509 1034 1509 1037 1510 1039 1858 1038 1511 1039 1513 1041 1859 1040 1514 1040 1516 1041 1860 1043 1517 1043 1519 1045 1550 1044 1520 1041 1503 1039 1503 1045 1503 1039 1503 1037 1503 1045 1503 1037 1503 1047 1503 1045 1503 1045 1522 1047 1861 1046 1523 1047 1525 1037 1862 1036 1526 1046 1509 1036 1509 1038 1509 1038 1509 1040 1509 1042 1509 1042 1509 1044 1509 1038 1509 1049 1527 1051 1863 1050 1528 1051 1529 1053 1858 1052 1530 1053 1532 1055 1864 1054 1533 1054 1534 1055 1865 1057 1535 1053 1503 1051 1503 1049 1503 1049 1503 1059 1503 1057 1503 1057 1503 1055 1503 1053 1503 1057 1519 1059 1550 1058 1520 1059 1537 1049 1866 1048 1538 1058 1509 1048 1509 1050 1509 1050 1509 1052 1509 1054 1509 1054 1509 1056 1509 1058 1509 1061 1539 1063 1867 1062 1540 1063 1541 1065 1868 1064 1542 1065 1506 1067 1857 1066 1507 1067 1543 1069 1869 1068 1544 1065 1503 1063 1503 1061 1503 1061 1503 1071 1503 1069 1503 1069 1503 1067 1503 1061 1503 1068 1545 1069 1562 1071 1546 1071 1497 1061 1854 1060 1498 1070 1509 1060 1509 1066 1509 1060 1509 1062 1509 1066 1509 1062 1509 1064 1509 1066 1509 1073 1548 1075 1870 1074 1549 1075 1551 1077 1871 1076 1552 1077 506 1079 506 1078 506 1079 1554 1081 1872 1080 1555 1077 1503 1075 1503 1081 1503 1075 1503 1073 1503 1081 1503 1073 1503 1083 1503 1081 1503 1081 1557 1083 1873 1082 1558 1082 1560 1083 1874 1073 1561 1082 1509 1072 1509 1078 1509 1072 1509 1074 1509 1078 1509 1074 1509 1076 1509 1078 1509 1084 1563 1085 1562 1087 1564 1087 1566 1089 1875 1088 1567 1089 1569 1091 1876 1090 1570 1091 1572 1093 1877 1092 1573 1089 1503 1087 1503 1085 1503 1085 1503 1095 1503 1089 1503 1095 1503 1093 1503 1089 1503 1093 1574 1095 1878 1094 1575 1095 1577 1085 1879 1084 1578 1094 1509 1084 1509 1086 1509 1086 1509 1088 1509 1094 1509 1088 1509 1090 1509 1094 1509</p>
        </triangles>
        <triangles material="gunmetal-material" count="252">
          <input semantic="VERTEX" source="#wheel_rl-mesh-vertices" offset="0"/>
          <input semantic="NORMAL" source="#wheel_rl-mesh-normals" offset="1"/>
          <p>934 1363 940 1364 942 1365 914 1366 920 1367 912 1368 1021 1369 896 1370 1017 1371 945 1372 939 1373 937 1374 923 1375 914 1366 915 1376 917 1377 921 1378 913 1379 941 1380 935 1381 943 1382 921 1378 915 1376 913 1379 921 1378 933 1383 929 1384 930 1385 936 1386 928 1387 918 1388 908 1389 916 1390 929 1384 941 1380 937 1374 931 1391 938 1392 930 1385 919 1393 910 1394 918 1388 941 1380 945 1372 937 1374 937 1374 931 1391 929 1384 909 1395 919 1393 917 1377 949 1396 953 1397 945 1372 934 1363 924 1398 932 1399 914 1366 904 1400 906 1401 953 1397 965 1402 961 1403 935 1381 926 1404 934 1363 915 1376 906 1401 907 1405 965 1402 969 1406 961 1403 925 1407 935 1381 933 1383 913 1379 907 1405 905 1408 973 1409 977 1410 969 1406 930 1385 920 1367 922 1411 910 1394 900 1412 908 1389 981 1413 985 1414 977 1410 923 1375 930 1385 922 1411 911 1415 902 1416 910 1394 989 1417 993 1418 985 1414 921 1378 931 1391 923 1375 909 1395 903 1419 911 1415 997 1420 1001 1421 993 1418 918 1388 924 1398 926 1404 906 1401 897 1422 898 1423 1005 1424 1009 1425 1001 1421 927 1426 918 1388 926 1404 907 1405 898 1423 899 1427 1013 1428 1017 1371 1009 1425 909 1395 913 1379 905 1408 905 1408 899 1427 896 1370 943 1382 934 1363 942 1365 917 1377 927 1426 925 1407 964 1429 948 1430 916 1390 901 1431 905 1408 896 1370 939 1373 946 1432 938 1392 946 1432 936 1386 938 1392 941 1380 951 1433 949 1396 943 1382 950 1434 951 1433 950 1434 940 1364 948 1430 945 1372 955 1435 947 1436 947 1436 954 1437 946 1432 946 1432 952 1438 944 1439 949 1396 959 1440 957 1441 951 1433 958 1442 959 1440 950 1434 956 1443 958 1442 953 1397 963 1444 955 1435 955 1435 962 1445 954 1437 954 1437 960 1446 952 1438 957 1441 967 1447 965 1402 959 1440 966 1448 967 1447 958 1442 964 1429 966 1448 969 1406 963 1444 961 1403 971 1449 962 1445 963 1444 970 1450 960 1446 962 1445 973 1409 967 1447 975 1451 975 1451 966 1448 974 1452 974 1452 964 1429 972 1453 977 1410 971 1449 969 1406 979 1454 970 1450 971 1449 978 1455 968 1456 970 1450 981 1413 975 1451 983 1457 983 1457 974 1452 982 1458 982 1458 972 1453 980 1459 977 1410 987 1460 979 1454 987 1460 978 1455 979 1454 978 1455 984 1461 976 1462 989 1417 983 1457 991 1463 991 1463 982 1458 990 1464 982 1458 988 1465 990 1464 985 1414 995 1466 987 1460 995 1466 986 1467 987 1460 994 1468 984 1461 986 1467 989 1417 999 1469 997 1420 991 1463 998 1470 999 1469 998 1470 988 1465 996 1471 1001 1421 995 1466 993 1418 1003 1472 994 1468 995 1466 994 1468 1000 1473 992 1474 1005 1424 999 1469 1007 1475 999 1469 1006 1476 1007 1475 998 1470 1004 1477 1006 1476 1001 1421 1011 1478 1003 1472 1003 1472 1010 1479 1002 1480 1010 1479 1000 1473 1002 1480 1013 1428 1007 1475 1015 1481 1007 1475 1014 1482 1015 1481 1014 1482 1004 1477 1012 1483 1009 1425 1019 1484 1011 1478 1011 1478 1018 1485 1010 1479 1010 1479 1016 1486 1008 1487 1021 1369 1015 1481 1023 1488 1015 1481 1022 1489 1023 1488 1014 1482 1020 1490 1022 1489 1017 1371 899 1427 1019 1484 1019 1484 898 1423 1018 1485 1018 1485 897 1422 1016 1486 1021 1369 903 1419 901 1431 1023 1488 902 1416 903 1419 1022 1489 900 1412 902 1416 920 1367 952 1438 984 1461 934 1363 932 1399 940 1364 914 1366 922 1411 920 1367 1021 1369 901 1431 896 1370 945 1372 947 1436 939 1373 923 1375 922 1411 914 1366 917 1377 925 1407 921 1378 941 1380 933 1383 935 1381 921 1378 923 1375 915 1376 921 1378 925 1407 933 1383 930 1385 938 1392 936 1386 918 1388 910 1394 908 1389 929 1384 933 1383 941 1380 931 1391 939 1373 938 1392 919 1393 911 1415 910 1394 941 1380 949 1396 945 1372 937 1374 939 1373 931 1391 909 1395 911 1415 919 1393 949 1396 957 1441 953 1397 934 1363 926 1404 924 1398 914 1366 912 1368 904 1400 953 1397 957 1441 965 1402 935 1381 927 1426 926 1404 915 1376 914 1366 906 1401 965 1402 973 1409 969 1406 925 1407 927 1426 935 1381 913 1379 915 1376 907 1405 973 1409 981 1413 977 1410 930 1385 928 1387 920 1367 910 1394 902 1416 900 1412 981 1413 989 1417 985 1414 923 1375 931 1391 930 1385 911 1415 903 1419 902 1416 989 1417 997 1420 993 1418 921 1378 929 1384 931 1391 909 1395 901 1431 903 1419 997 1420 1005 1424 1001 1421 918 1388 916 1390 924 1398 906 1401 904 1400 897 1422 1005 1424 1013 1428 1009 1425 927 1426 919 1393 918 1388 907 1405 906 1401 898 1423 1013 1428 1021 1369 1017 1371 909 1395 917 1377 913 1379 905 1408 907 1405 899 1427 943 1382 935 1381 934 1363 917 1377 919 1393 927 1426 916 1390 908 1389 900 1412 900 1412 1020 1490 1012 1483 1012 1483 1004 1477 980 1459 1004 1477 996 1471 980 1459 996 1471 988 1465 980 1459 980 1459 972 1453 964 1429 964 1429 956 1443 948 1430 948 1430 940 1364 932 1399 932 1399 924 1398 948 1430 924 1398 916 1390 948 1430 916 1390 900 1412 980 1459 900 1412 1012 1483 980 1459 980 1459 964 1429 916 1390 901 1431 909 1395 905 1408 939 1373 947 1436 946 1432 946 1432 944 1439 936 1386 941 1380 943 1382 951 1433 943 1382 942 1365 950 1434 950 1434 942 1365 940 1364 945 1372 953 1397 955 1435 947 1436 955 1435 954 1437 946 1432 954 1437 952 1438 949 1396 951 1433 959 1440 951 1433 950 1434 958 1442 950 1434 948 1430 956 1443 953 1397 961 1403 963 1444 955 1435 963 1444 962 1445 954 1437 962 1445 960 1446 957 1441 959 1440 967 1447 959 1440 958 1442 966 1448 958 1442 956 1443 964 1429 969 1406 971 1449 963 1444 971 1449 970 1450 962 1445 970 1450 968 1456 960 1446 973 1409 965 1402 967 1447 975 1451 967 1447 966 1448 974 1452 966 1448 964 1429 977 1410 979 1454 971 1449 979 1454 978 1455 970 1450 978 1455 976 1462 968 1456 981 1413 973 1409 975 1451 983 1457 975 1451 974 1452 982 1458 974 1452 972 1453 977 1410 985 1414 987 1460 987 1460 986 1467 978 1455 978 1455 986 1467 984 1461 989 1417 981 1413 983 1457 991 1463 983 1457 982 1458 982 1458 980 1459 988 1465 985 1414 993 1418 995 1466 995 1466 994 1468 986 1467 994 1468 992 1474 984 1461 989 1417 991 1463 999 1469 991 1463 990 1464 998 1470 998 1470 990 1464 988 1465 1001 1421 1003 1472 995 1466 1003 1472 1002 1480 994 1468 994 1468 1002 1480 1000 1473 1005 1424 997 1420 999 1469 999 1469 998 1470 1006 1476 998 1470 996 1471 1004 1477 1001 1421 1009 1425 1011 1478 1003 1472 1011 1478 1010 1479 1010 1479 1008 1487 1000 1473 1013 1428 1005 1424 1007 1475 1007 1475 1006 1476 1014 1482 1014 1482 1006 1476 1004 1477 1009 1425 1017 1371 1019 1484 1011 1478 1019 1484 1018 1485 1010 1479 1018 1485 1016 1486 1021 1369 1013 1428 1015 1481 1015 1481 1014 1482 1022 1489 1014 1482 1012 1483 1020 1490 1017 1371 896 1370 899 1427 1019 1484 899 1427 898 1423 1018 1485 898 1423 897 1422 1021 1369 1023 1488 903 1419 1023 1488 1022 1489 902 1416 1022 1489 1020 1490 900 1412 1016 1486 897 1422 920 1367 897 1422 904 1400 920 1367 904 1400 912 1368 920 1367 920 1367 928 1387 936 1386 936 1386 944 1439 952 1438 952 1438 960 1446 984 1461 960 1446 968 1456 984 1461 968 1456 976 1462 984 1461 984 1461 992 1474 1000 1473 1000 1473 1008 1487 1016 1486 920 1367 936 1386 952 1438 984 1461 1000 1473 1016 1486 1016 1486 920 1367 984 1461</p>
        </triangles>
      </mesh>
    </geometry>
  </library_geometries>
  <library_visual_scenes>
    <visual_scene id="Scene" name="Scene">
      <node id="wheel_rl" name="wheel_rl" type="NODE">
        <matrix sid="transform">1 0 0 0 0 1 0 0 0 0 1 0 0 0 0 1</matrix>
        <instance_geometry url="#wheel_rl-mesh" name="wheel_rl">
          <bind_material>
            <technique_common>
              <instance_material symbol="rubber-material" target="#rubber-material"/>
              <instance_material symbol="aluminium-material" target="#aluminium-material"/>
              <instance_material symbol="gunmetal-material" target="#gunmetal-material"/>
            </technique_common>
          </bind_material>
        </instance_geometry>
      </node>
    </visual_scene>
  </library_visual_scenes>
  <scene>
    <instance_visual_scene url="#Scene"/>
  </scene>
</COLLADA>