<?xml version="1.0" encoding="utf-8"?>
<COLLADA xmlns="http://www.collada.org/2005/11/COLLADASchema" version="1.4.1" xmlns:xsi="http://www.w3.org/2001/XMLSchema-instance">
  <asset>
    <contributor>
      <author>Blender User</author>
      <authoring_tool>Blender 4.2.0 commit date:2024-07-16, commit time:07:50, hash:bf738fd35afe</authoring_tool>
    </contributor>
    <created>2026-09-25T18:34:11</created>
    <modified>2026-09-25T18:34:11</modified>
    <unit name="meter" meter="1"/>
    <up_axis>Z_UP</up_axis>
  </asset>
  <library_effects>
    <effect id="olive-effect">
      <profile_COMMON>
        <technique sid="common">
          <lambert>
            <emission>
              <color sid="emission">0 0 0 1</color>
            </emission>
            <diffuse>
              <color sid="diffuse">0.115 0.135 0.04 1</color>
            </diffuse>
            <index_of_refraction>
              <float sid="ior">1.5</float>
            </index_of_refraction>
          </lambert>
        </technique>
      </profile_COMMON>
    </effect>
    <effect id="dark_green-effect">
      <profile_COMMON>
        <technique sid="common">
          <lambert>
            <emission>
              <color sid="emission">0 0 0 1</color>
            </emission>
            <diffuse>
              <color sid="diffuse">0.035 0.055 0.022 1</color>
            </diffuse>
            <index_of_refraction>
              <float sid="ior">1.5</float>
            </index_of_refraction>
          </lambert>
        </technique>
      </profile_COMMON>
    </effect>
    <effect id="gunmetal-effect">
      <profile_COMMON>
        <technique sid="common">
          <lambert>
            <emission>
              <color sid="emission">0 0 0 1</color>
            </emission>
            <diffuse>
              <color sid="diffuse">0.045 0.047 0.05 1</color>
            </diffuse>
            <reflectivity>
              <float sid="specular">0.7</float>
            </reflectivity>
            <index_of_refraction>
              <float sid="ior">1.5</float>
            </index_of_refraction>
          </lambert>
        </technique>
      </profile_COMMON>
    </effect>
    <effect id="spring-effect">
      <profile_COMMON>
        <technique sid="common">
          <lambert>
            <emission>
              <color sid="emission">0 0 0 1</color>
            </emission>
            <diffuse>
              <color sid="diffuse">0.6 0.45 0.02 1</color>
            </diffuse>
            <reflectivity>
              <float sid="specular">0.8</float>
            </reflectivity>
            <index_of_refraction>
              <float sid="ior">1.5</float>
            </index_of_refraction>
          </lambert>
        </technique>
      </profile_COMMON>
    </effect>
  </library_effects>
  <library_images/>
  <library_materials>
    <material id="olive-material" name="olive">
      <instance_effect url="#olive-effect"/>
    </material>
    <material id="dark_green-material" name="dark_green">
      <instance_effect url="#dark_green-effect"/>
    </material>
    <material id="gunmetal-material" name="gunmetal">
      <instance_effect url="#gunmetal-effect"/>
    </material>
    <material id="spring-material" name="spring">
      <instance_effect url="#spring-effect"/>
    </material>
  </library_materials>
  <library_geometries>
    <geometry id="wheel_leg_rl-mesh" name="wheel_leg_rl">
      <mesh>
        <source id="wheel_leg_rl-mesh-positions">
          <float_array id="wheel_leg_rl-mesh-positions-array" count="2442">0 0.01199996 0.032 0 0.01599997 0.0279501 0 0.01546406 0.02997505 0 0.01399999 0.03145742 0 -0.01599997 0.0279501 0 -0.01199996 0.032 0 -0.01546406 0.02997505 0 -0.01399999 0.03145742 0.00863707 0.01599997 0.02658212 0.009888529 0.01199996 0.03043377 0.0092628 0.01546406 0.02850794 0.009720861 0.01399999 0.02991777 0.00863707 -0.01599997 0.02658212 0.009888529 -0.01199996 0.03043377 0.0092628 -0.01546406 0.02850794 0.009720861 -0.01399999 0.02991777 0.01642864 0.01599997 0.02261209 0.01880913 0.01199996 0.0258885 0.01761889 0.01546406 0.02425032 0.01849019 0.01399999 0.02544957 0.01642864 -0.01599997 0.02261215 0.01880913 -0.01199996 0.0258885 0.01761889 -0.01546406 0.02425032 0.01849019 -0.01399999 0.02544957 0.02261215 0.01599997 0.01642864 0.0258885 0.01199996 0.01880913 0.02425032 0.01546406 0.01761889 0.02544957 0.01399999 0.01849019 0.02261215 -0.01599997 0.01642864 0.0258885 -0.01199996 0.01880913 0.02425032 -0.01546406 0.01761889 0.02544957 -0.01399999 0.01849019 0.02658212 0.01599997 0.00863707 0.03043377 0.01199996 0.009888529 0.02850794 0.01546406 0.0092628 0.02991777 0.01399999 0.009720861 0.02658212 -0.01599997 0.00863707 0.03043377 -0.01199996 0.009888529 0.02850794 -0.01546406 0.0092628 0.02991777 -0.01399999 0.009720861 0.0279501 0.01599997 0 0.032 0.01199996 0 0.02997505 0.01546406 0 0.03145742 0.01399999 0 0.0279501 -0.01599997 0 0.032 -0.01199996 0 0.02997505 -0.01546406 0 0.03145742 -0.01399999 0 0.02658212 0.01599997 -0.00863707 0.03043377 0.01199996 -0.009888529 0.02850794 0.01546406 -0.0092628 0.02991777 0.01399999 -0.009720861 0.02658212 -0.01599997 -0.00863707 0.03043377 -0.01199996 -0.009888529 0.02850794 -0.01546406 -0.0092628 0.02991777 -0.01399999 -0.009720861 0.02261215 0.01599997 -0.01642864 0.0258885 0.01199996 -0.01880913 0.02425032 0.01546406 -0.01761889 0.02544957 0.01399999 -0.01849019 0.02261215 -0.01599997 -0.01642864 0.0258885 -0.01199996 -0.01880913 0.02425032 -0.01546406 -0.01761889 0.02544957 -0.01399999 -0.01849019 0.01642864 0.01599997 -0.02261215 0.01880913 0.01199996 -0.0258885 0.01761889 0.01546406 -0.02425032 0.01849019 0.01399999 -0.02544957 0.01642864 -0.01599997 -0.02261209 0.01880913 -0.01199996 -0.0258885 0.01761889 -0.01546406 -0.02425032 0.01849019 -0.01399999 -0.02544957 0.00863707 0.01599997 -0.02658212 0.009888529 0.01199996 -0.03043377 0.0092628 0.01546406 -0.02850794 0.009720861 0.01399999 -0.02991777 0.00863707 -0.01599997 -0.02658212 0.009888529 -0.01199996 -0.03043377 0.0092628 -0.01546406 -0.02850794 0.009720861 -0.01399999 -0.02991777 0 0.01599997 -0.0279501 0 0.01199996 -0.032 0 0.01546406 -0.02997505 0 0.01399999 -0.03145742 0 -0.01599997 -0.0279501 0 -0.01199996 -0.032 0 -0.01546406 -0.02997505 0 -0.01399999 -0.03145742 -0.00863707 0.01599997 -0.02658212 -0.009888529 0.01199996 -0.03043377 -0.0092628 0.01546406 -0.02850794 -0.009720861 0.01399999 -0.02991777 -0.00863707 -0.01599997 -0.02658212 -0.009888529 -0.01199996 -0.03043377 -0.0092628 -0.01546406 -0.02850794 -0.009720861 -0.01399999 -0.02991777 -0.01642864 0.01599997 -0.02261215 -0.01880913 0.01199996 -0.0258885 -0.01761889 0.01546406 -0.02425032 -0.01849019 0.01399999 -0.02544957 -0.01642864 -0.01599997 -0.02261209 -0.01880913 -0.01199996 -0.0258885 -0.01761889 -0.01546406 -0.02425032 -0.01849019 -0.01399999 -0.02544957 -0.02261215 0.01599997 -0.01642864 -0.0258885 0.01199996 -0.01880913 -0.02425032 0.01546406 -0.01761889 -0.02544957 0.01399999 -0.01849019 -0.02261215 -0.01599997 -0.01642864 -0.0258885 -0.01199996 -0.01880913 -0.02425032 -0.01546406 -0.01761889 -0.02544957 -0.01399999 -0.01849019 -0.02658212 0.01599997 -0.00863707 -0.03043377 0.01199996 -0.009888529 -0.02850794 0.01546406 -0.0092628 -0.02991777 0.01399999 -0.009720861 -0.02658212 -0.01599997 -0.00863707 -0.03043377 -0.01199996 -0.009888529 -0.02850794 -0.01546406 -0.0092628 -0.02991777 -0.01399999 -0.009720861 -0.0279501 0.01599997 0 -0.032 0.01199996 0 -0.02997505 0.01546406 0 -0.03145742 0.01399999 0 -0.0279501 -0.01599997 0 -0.032 -0.01199996 0 -0.02997505 -0.01546406 0 -0.03145742 -0.01399999 0 -0.02658212 0.01599997 0.00863707 -0.03043377 0.01199996 0.009888529 -0.02850794 0.01546406 0.0092628 -0.02991777 0.01399999 0.009720861 -0.02658212 -0.01599997 0.00863707 -0.03043377 -0.01199996 0.009888529 -0.02850794 -0.01546406 0.0092628 -0.02991777 -0.01399999 0.009720861 -0.02261215 0.01599997 0.01642864 -0.0258885 0.01199996 0.01880913 -0.02425032 0.01546406 0.01761889 -0.02544957 0.01399999 0.01849019 -0.02261215 -0.01599997 0.01642864 -0.0258885 -0.01199996 0.01880913 -0.02425032 -0.01546406 0.01761889 -0.02544957 -0.01399999 0.01849019 -0.01642864 0.01599997 0.02261209 -0.01880913 0.01199996 0.0258885 -0.01761889 0.01546406 0.02425032 -0.01849019 0.01399999 0.02544957 -0.01642864 -0.01599997 0.02261215 -0.01880913 -0.01199996 0.0258885 -0.01761889 -0.01546406 0.02425032 -0.01849019 -0.01399999 0.02544957 -0.00863707 0.01599997 0.02658212 -0.009888529 0.01199996 0.03043377 -0.0092628 0.01546406 0.02850794 -0.009720861 0.01399999 0.02991777 -0.00863707 -0.01599997 0.02658212 -0.009888529 -0.01199996 0.03043377 -0.0092628 -0.01546406 0.02850794 -0.009720861 -0.01399999 0.02991777 0 0.01899999 -0.115 0 0.01899999 -0.02000004 0.007270991 0.01755368 -0.115 0.007270991 0.01755368 -0.02000004 0.013435 0.013435 -0.115 0.013435 0.013435 -0.02000004 0.01755368 0.007270991 -0.115 0.01755368 0.007270991 -0.02000004 0.01899999 0 -0.115 0.01899999 0 -0.02000004 0.01755368 -0.007270991 -0.115 0.01755368 -0.007270991 -0.02000004 0.013435 -0.013435 -0.115 0.013435 -0.013435 -0.02000004 0.007270991 -0.01755368 -0.115 0.007270991 -0.01755368 -0.02000004 0 -0.01899999 -0.115 0 -0.01899999 -0.02000004 -0.007270991 -0.01755368 -0.115 -0.007270991 -0.01755368 -0.02000004 -0.013435 -0.013435 -0.115 -0.013435 -0.013435 -0.02000004 -0.01755368 -0.007270991 -0.115 -0.01755368 -0.007270991 -0.02000004 -0.01899999 0 -0.115 -0.01899999 0 -0.02000004 -0.01755368 0.007270991 -0.115 -0.01755368 0.007270991 -0.02000004 -0.013435 0.013435 -0.115 -0.013435 0.013435 -0.02000004 -0.007270991 0.01755368 -0.115 -0.007270991 0.01755368 -0.02000004 0 0.03399997 -0.04900002 0 0.03399997 -0.041 0.01050657 0.03233593 -0.04900002 0.01050657 0.03233593 -0.041 0.01998466 0.02750658 -0.04900002 0.01998466 0.02750658 -0.041 0.02750658 0.01998466 -0.04900002 0.02750658 0.01998466 -0.041 0.03233593 0.01050657 -0.04900002 0.03233593 0.01050657 -0.041 0.03399997 0 -0.04900002 0.03399997 0 -0.041 0.03233593 -0.01050657 -0.04900002 0.03233593 -0.01050657 -0.041 0.02750658 -0.01998466 -0.04900002 0.02750658 -0.01998466 -0.041 0.01998466 -0.02750658 -0.04900002 0.01998466 -0.02750658 -0.041 0.01050657 -0.03233593 -0.04900002 0.01050657 -0.03233593 -0.041 0 -0.03399997 -0.04900002 0 -0.03399997 -0.041 -0.01050657 -0.03233593 -0.04900002 -0.01050657 -0.03233593 -0.041 -0.01998466 -0.02750658 -0.04900002 -0.01998466 -0.02750658 -0.041 -0.02750658 -0.01998466 -0.04900002 -0.02750658 -0.01998466 -0.041 -0.03233593 -0.01050657 -0.04900002 -0.03233593 -0.01050657 -0.041 -0.03399997 0 -0.04900002 -0.03399997 0 -0.041 -0.03233593 0.01050657 -0.04900002 -0.03233593 0.01050657 -0.041 -0.02750658 0.01998466 -0.04900002 -0.02750658 0.01998466 -0.041 -0.01998466 0.02750658 -0.04900002 -0.01998466 0.02750658 -0.041 -0.01050657 0.03233593 -0.04900002 -0.01050657 0.03233593 -0.041 0.0289241 3.81351e-4 -0.04481804 0.03252947 9.00298e-4 -0.04690903 0.03260529 5.18918e-4 -0.05109101 0.0290758 -3.81351e-4 -0.05318194 0.02547049 -9.00298e-4 -0.05109101 0.02539461 -5.18918e-4 -0.04690903 0.02671092 0.01149296 -0.04587149 0.03011393 0.01268136 -0.04802721 0.03019553 0.01228618 -0.05220776 0.02687406 0.01070261 -0.05423265 0.02347099 0.009514212 -0.05207699 0.02338945 0.009909391 -0.04789638 0.020383 0.0209428 -0.04692876 0.02302575 0.02328002 -0.04920768 0.02314877 0.0228433 -0.05338311 0.02062916 0.02006936 -0.05527961 0.01798641 0.0177322 -0.05300068 0.01786333 0.01816886 -0.04882526 0.01086932 0.02727299 -0.04799008 0.0123974 0.03036987 -0.05038052 0.01262587 0.0298894 -0.05454671 0.01132625 0.02631199 -0.05632239 0.009798228 0.02321505 -0.05393195 0.009569764 0.02369558 -0.04976582 -3.93778e-4 0.02948087 -0.04905456 -1.57595e-4 0.03285384 -0.05154603 2.36183e-4 0.03237295 -0.05569982 3.93778e-4 0.02851909 -0.05736207 1.57595e-4 0.02514618 -0.0548706 -2.36183e-4 0.02562707 -0.05071687 -0.01168829 0.02719271 -0.05012142 -0.01272594 0.03033769 -0.05270457 -0.01213544 0.02993744 -0.05684351 -0.01050734 0.02639222 -0.05839937 -0.009469687 0.0232473 -0.05581629 -0.01006019 0.02364748 -0.05167728 -0.02127873 0.02072602 -0.05119001 -0.02338767 0.0231924 -0.05385637 -0.02261501 0.02297246 -0.05797886 -0.01973348 0.02028614 -0.05943495 -0.01762455 0.01781976 -0.05676859 -0.01839715 0.0180397 -0.05264616 -0.02768051 0.01104444 -0.05225986 -0.03051036 0.01249796 -0.05500197 -0.02962237 0.01255136 -0.05910664 -0.02590447 0.01115119 -0.06046926 -0.02307456 0.009697616 -0.05772721 -0.02396261 0.009644269 -0.05362248 -0.02989083 -3.87371e-4 -0.05333054 -0.03299999 -1.20878e-4 -0.05614167 -0.03210914 2.66492e-4 -0.06022775 -0.02810919 3.87371e-4 -0.06150275 -0.02500003 1.20878e-4 -0.05869168 -0.02589088 -2.66492e-4 -0.05460554 -0.02754575 -0.01182711 -0.05440169 -0.03046822 -0.01274275 -0.05727589 -0.029715 -0.01201343 -0.06134289 -0.02603924 -0.01036846 -0.06253576 -0.0231167 -0.009452879 -0.05966162 -0.02386999 -0.0101822 -0.05559462 -0.02097946 -0.0215221 -0.05547314 -0.02329343 -0.02344298 -0.05840498 -0.02282005 -0.02242696 -0.06245267 -0.02003276 -0.01949006 -0.06356847 -0.01771873 -0.01756912 -0.06063663 -0.01819211 -0.01858514 -0.056589 -0.01117581 -0.02797865 -0.05654466 -0.01256281 -0.03058785 -0.05952936 -0.01248478 -0.02940165 -0.06355762 -0.01101982 -0.02560627 -0.06460118 -0.009632766 -0.02299714 -0.06161642 -0.009710788 -0.02418333 -0.05758821 3.80039e-4 -0.03019326 -0.05761605 9.24766e-5 -0.03308403 -0.06064933 -2.87563e-4 -0.03189069 -0.06465828 -3.80039e-4 -0.02780663 -0.06563395 -9.24766e-5 -0.02491593 -0.06260061 2.87563e-4 -0.02610921 -0.05859166 0.01192802 -0.02780836 -0.05868726 0.01274627 -0.0305463 -0.06176525 0.01191604 -0.0295304 -0.06575506 0.01026761 -0.02577656 -0.0666669 0.009449362 -0.02303862 -0.06358885 0.01027953 -0.02405452 -0.05959904 0.02170211 -0.02116972 -0.05975812 0.02347075 -0.02335655 -0.06287741 0.02227467 -0.02269291 -0.06684839 0.01930999 -0.01984238 -0.06770014 0.0175414 -0.01765561 -0.06458091 0.01873743 -0.01831924 -0.06060987 0.02820152 -0.01127582 -0.06082868 0.03063082 -0.01260608 -0.06398606 0.02922177 -0.01242804 -0.06793862 0.02538347 -0.01091974 -0.06873387 0.02295416 -0.009589493 -0.06557649 0.02436316 -0.009767591 -0.06162387 0.03042125 3.73006e-4 -0.06189876 0.03313332 7.03335e-5 -0.06509143 0.03171205 -3.02672e-4 -0.06902599 0.02757871 -3.73006e-4 -0.06976789 0.02486664 -7.03335e-5 -0.06657522 0.02628791 3.02672e-4 -0.06264066 0.02800792 0.01200318 -0.06296843 0.03059422 0.01274353 -0.06619381 0.02937877 0.01183813 -0.07011079 0.025577 0.01019239 -0.07080245 0.0229907 0.009452104 -0.06757706 0.02420622 0.01035749 -0.06366002 0.02131563 0.02183848 -0.06403756 0.02339726 0.02348369 -0.06729334 0.02258771 0.02215129 -0.07119327 0.01969653 0.01917368 -0.07183742 0.01761484 0.01752853 -0.06858164 0.01842439 0.01886093 -0.0646817 0.01135355 0.02837187 -0.06510627 0.012636 0.03065443 -0.0683903 0.01238024 0.02907508 -0.07227367 0.01084208 0.02521312 -0.07287293 0.009559631 0.0229305 -0.06958884 0.009815335 0.0245099 -0.06570553 -3.66628e-4 0.03059691 -0.06617444 -5.27799e-5 0.03316259 -0.06948488 3.13818e-4 0.03156566 -0.07335209 3.66628e-4 0.02740305 -0.07390886 5.27799e-5 0.02483743 -0.07059848 -3.13818e-4 0.02643436 -0.06673127 -0.01206064 0.02816283 -0.06724214 -0.01273798 0.03062433 -0.07057714 -0.01177513 0.0292539 -0.07442879 -0.01013493 0.02542209 -0.07494539 -0.009457588 0.02296066 -0.07161033 -0.01042044 0.02433103 -0.06775873 -0.0219441 0.02142977 -0.0683093 -0.02348852 0.02342438 -0.07166737 -0.02205049 0.02250069 -0.07550388 -0.01906806 0.01958239 -0.07598233 -0.0175237 0.01758784 -0.07262432 -0.01896172 0.01851153 -0.06878775 -0.0285049 0.01141494 -0.06937599 -0.03066706 0.01265734 -0.07275563 -0.02895462 0.01234018 -0.07657754 -0.02508002 0.01078063 -0.07701981 -0.02291792 0.009538292 -0.07364022 -0.02463036 0.009855449 -0.06981831 -0.03073507 -3.60966e-4 -0.07044219 -0.03317993 -3.86834e-5 -0.07384204 -0.03144484 3.22312e-4 -0.07764983 -0.02726489 3.60966e-4 -0.07805776 -0.02482002 3.86834e-5 -0.07465797 -0.02655512 -3.22312e-4 -0.07085019 -0.0282855 -0.01210558 -0.07150799 -0.03064352 -0.01273143 -0.07492673 -0.02915048 -0.01172369 -0.07872086 -0.02529942 -0.01009005 -0.07909619 -0.02294147 -0.009464144 -0.07567739 -0.0244345 -0.01047188 -0.07188326 -0.02152073 -0.02202761 -0.07257324 -0.0234428 -0.02348893 -0.07600986 -0.02242809 -0.02196735 -0.07979077 -0.01949143 -0.01898449 -0.08013504 -0.01756942 -0.01752322 -0.07669842 -0.01858407 -0.01904481 -0.07291752 -0.01146435 -0.02861088 -0.07363808 -0.01267296 -0.0306732 -0.07709151 -0.01230639 -0.02885478 -0.08085966 -0.01073127 -0.02497404 -0.08117443 -0.009522676 -0.02291178 -0.07772094 -0.009889185 -0.0247302 -0.07395279 3.56048e-4 -0.03084576 -0.0747025 2.71797e-5 -0.03319007 -0.07817173 -3.28898e-4 -0.03134429 -0.08192759 -3.56048e-4 -0.0271542 -0.08221417 -2.71797e-5 -0.02480983 -0.07874488 3.28898e-4 -0.02665561 -0.07498908 0.01214134 -0.02838432 -0.07576644 0.01272469 -0.03065586 -0.07925069 0.01168119 -0.02906399 -0.08299463 0.01005429 -0.02520066 -0.08325433 0.00947088 -0.02292913 -0.07977014 0.01051443 -0.02452093 -0.0760262 0.02209484 -0.02159446 -0.07683002 0.02348697 -0.02345556 -0.08032834 0.02189815 -0.02236717 -0.08406084 0.01891726 -0.0194177 -0.08429491 0.01752519 -0.01755654 -0.08079659 0.01911395 -0.01864492 -0.07706415 0.02869671 -0.0115047 -0.07789319 0.03067547 -0.0126847 -0.08140492 0.02877128 -0.01227778 -0.08512628 0.02488827 -0.01069092 -0.08533591 0.02290946 -0.009510934 -0.08182424 0.02481365 -0.009917795 -0.07810288 0.03093582 3.51787e-4 -0.07895606 0.03319579 1.76728e-5 -0.08248037 0.03125995 -3.34114e-4 -0.08619099 0.02706414 -3.51787e-4 -0.08637732 0.02480411 -1.76728e-5 -0.08285295 0.02674001 3.34114e-4 -0.07914233 0.02846515 0.01217031 -0.08001852 0.03066384 0.0127182 -0.0835548 0.02899122 0.01164567 -0.08725506 0.02511984 0.01002526 -0.08741903 0.02292114 0.009477436 -0.08388274 0.02459377 0.0105499 -0.08018243 0.02165502 0.0221498 -0.08108055 0.02346462 0.02348375 -0.08462828 0.02231568 0.02184003 -0.08831852 0.01935708 0.01886236 -0.0884611 0.01754748 0.01752841 -0.08491343 0.01869648 0.01917213 -0.08122318 0.01153808 0.02876716 -0.08214235 0.0126937 0.03067553 -0.0857008 0.0122534 0.02870082 -0.08938139 0.01065754 0.02481776 -0.08950352 0.009501934 0.0229094 -0.08594506 0.009942173 0.0248841 -0.08226448 -3.48032e-4 0.03101015 -0.08320373 -9.71556e-6 0.03319871 -0.0867725 3.38316e-4 0.03118854 -0.09044373 3.48032e-4 0.02698981 -0.09054625 9.71556e-6 0.02480125 -0.08697754 -3.38316e-4 0.02681142 -0.08330631 -0.01219415 0.02853208 -0.08426487 -0.01271206 0.03066897 -0.08784335 -0.01161575 0.02892935 -0.09150558 -0.01000148 0.0250529 -0.09158933 -0.009483516 0.02291601 -0.08801084 -0.01057988 0.02465558 -0.08434861 -0.02219533 0.0217055 -0.08532565 -0.02347999 0.02347117 -0.08891344 -0.02179074 0.02227175 -0.0925669 -0.01881688 0.01930671 -0.09263265 -0.01753222 0.01754105 -0.08904486 -0.01922142 0.01874041 -0.0853914 -0.02882581 0.01156598 -0.0863862 -0.03067427 0.01270073 -0.0899828 -0.02864092 0.01223254 -0.09362787 -0.02475917 0.01062959 -0.09367632 -0.02291071 0.0094949 -0.09007966 -0.024944 0.009963095 -0.08643466 -0.03107225 -3.44783e-4 -0.08744645 -0.0331999 -3.01003e-6 -0.09105145 -0.03112763 3.41773e-4 -0.09468835 -0.02692776 3.44783e-4 -0.09472024 -0.02480012 3.01003e-6 -0.09111517 -0.02687233 -3.41773e-4 -0.08747828 -0.02858817 -0.012214 -0.0885064 -0.03067219 -0.01270645 -0.09211951 -0.02887648 -0.0115903 -0.09574848 -0.02499675 -0.009981632 -0.09576439 -0.0229128 -0.009489178 -0.09215134 -0.0247085 -0.01060533 -0.08852231 -0.02174788 -0.02223336 -0.08956611 -0.02347588 -0.02347594 -0.09318691 -0.02223408 -0.02174866 -0.09680825 -0.01926428 -0.01877874 -0.09680885 -0.01753628 -0.01753616 -0.09318804 -0.01877808 -0.0192635 -0.0895667 -0.01158958 -0.02887511 -0.09062558 -0.01270627 -0.03067225 -0.09425371 -0.01221448 -0.0285896 -0.09786772 -0.01060599 -0.02470988 -0.09785354 -0.009489297 -0.02291274 -0.0942254 -0.009981095 -0.02499532 -0.09061145 3.41922e-4 -0.03112453 -0.09168481 -2.68221e-6 -0.03319984 -0.09531998 -3.44604e-4 -0.03107529 -0.09892678 -3.41922e-4 -0.02687537 -0.09889847 2.68221e-6 -0.02480006 -0.09526336 3.44604e-4 -0.02692466 -0.0916565 0.01223063 -0.02863568 -0.09274381 0.01270133 -0.03067409 -0.09638571 0.01156848 -0.02883094 -0.09998559 0.009964942 -0.02494931 -0.09994363 0.009494304 -0.02291083 -0.09630179 0.01062715 -0.02475404 -0.09270185 0.02226561 -0.02178388 -0.09380263 0.02347195 -0.02347934 -0.09745091 0.02171242 -0.02220153 -0.1010441 0.01874649 -0.01922827 -0.100989 0.01754015 -0.01753276 -0.0973407 0.01929974 -0.01881062 -0.09374749 0.02891695 -0.01160973 -0.09486114 0.0306698 -0.0127108 -0.09851562 0.02854537 -0.01219886 -0.1021023 0.02466803 -0.01058584 -0.1020346 0.02291512 -0.009484827 -0.09838014 0.02503961 -0.009996771 -0.09479343 0.03116911 3.39448e-4 -0.09591954 0.03319919 -7.56979e-6 -0.09957993 0.03103005 -3.47018e-4 -0.1031603 0.02683085 -3.39448e-4 -0.1030804 0.02480071 7.56979e-6 -0.09942007 0.0269699 3.47018e-4 -0.09583961 0.02867615 0.01224482 -0.09697771 0.03067517 0.01269668 -0.1006438 0.02879148 0.01154965 -0.1042181 0.02490878 0.009950757 -0.1041265 0.02290982 0.009498953 -0.1004604 0.0247935 0.01064598 -0.09688603 0.0218147 0.02229315 -0.09803569 0.0234819 0.02346813 -0.1017072 0.02217328 0.02168107 -0.1052756 0.01919746 0.01871907 -0.1051726 0.0175302 0.01754403 -0.1015011 0.01883882 0.01933109 -0.09793269 0.01162701 0.02895271 -0.09909349 0.01271444 0.03066718 -0.1027702 0.01218521 0.02850693 -0.1063329 0.01056855 0.02463221 -0.106219 0.009481132 0.02291774 -0.1025423 0.01001036 0.02507799 -0.09897959 -3.37213e-4 0.03120738 -0.1001511 1.18017e-5 0.03319811 -0.1038328 3.49015e-4 0.03099077 -0.1073901 3.37213e-4 0.02679264 -0.1072655 -1.18017e-5 0.02480185 -0.1035838 -3.49015e-4 0.02700924 -0.1000266 -0.01225692 0.02871102 -0.1012086 -0.01269245 0.03067564 -0.1048951 -0.01153331 0.02875715 -0.1084469 -0.009938657 0.02487397 -0.1083123 -0.009503185 0.02290934 -0.1046257 -0.01066231 0.02482783 -0.1010739 -0.02231675 0.02184128 -0.1022658 -0.0234645 0.02348387 -0.105957 -0.02165383 0.02214866 -0.1095036 -0.01869541 0.01917093 -0.1093592 -0.01754772 0.01752835 -0.105668 -0.01935839 0.01886349 -0.1021213 -0.02898359 0.01164197 -0.1033229 -0.03066456 0.01271748 -0.1070186 -0.02847343 0.01217329 -0.1105602 -0.02460139 0.01055365 -0.1104062 -0.02292042 0.009478151 -0.1067106 -0.02511149 0.01002228 -0.103169 -0.03124034 -3.35276e-4 -0.10438 -0.0331968 1.54674e-5 -0.1080799 -0.03095644 3.50744e-4 -0.1116166 -0.02675962 3.35276e-4 -0.1114534 -0.02480322 -1.54674e-5 -0.1077535 -0.02704358 -3.50744e-4 -0.1042168 -0.02874112 -0.01226741 -0.1054368 -0.0306757 -0.01268863 -0.1091408 -0.02872705 -0.01151907 -0.1126728 -0.02484381 -0.009928226 -0.1125007 -0.02290922 -0.00950694 -0.1087967 -0.02485787 -0.01067656 -0.1052647 -0.02186429 -0.02233719 -0.1064934 -0.0234853 -0.02346104 -0.1102015 -0.02212709 -0.02162992 -0.1137288 -0.01914787 -0.01867496 -0.1135482 -0.01752692 -0.01755112 -0.1098402 -0.01888513 -0.01938223 -0.1063128 -0.01165497 -0.02901029 -0.10755 -0.01271998 -0.03066194 -0.1112619 -0.0121628 -0.02844411 -0.1147847 -0.01054066 -0.02457463 -0.1145958 -0.009475648 -0.02292299 -0.110884 -0.01003277 -0.02514082 -0.107361 3.33548e-4 -0.03126901 -0.1086064 -1.86861e-5 -0.03319531 -0.112322 -3.52234e-4 -0.03092628 -0.1158405 -3.33548e-4 -0.02673095 -0.1156435 1.86861e-5 -0.02480465 -0.111928 3.52234e-4 -0.02707368 -0.1084094 0.01227647 -0.02876734 -0.1096627 0.01268523 -0.03067553 -0.1133818 0.01150655 -0.02870064 -0.1168962 0.009919166 -0.02481758 -0.1166914 0.009510397 -0.0229094 -0.1129723 0.01068902 -0.02488428 -0.1094579 0.02235496 -0.02188438 -0.1107189 0.02345788 -0.02348631 -0.1144415 0.02160894 -0.02210801 -0.1179517 0.01865714 -0.01912778 -0.1177394 0.01755428 -0.01752579 -0.1140168 0.01940315 -0.01890408 -0.1105066 0.0290336 -0.01166635 -0.1117749 0.03065943 -0.01272207 -0.1155008 0.0284183 -0.01215356 -0.1190071 0.02455133 -0.01052927 -0.1187875 0.02292549 -0.009473502 -0.1150617 0.02516663 -0.01004207 -0.1115554 0.03129404 3.32028e-4 -0.1128309 0.03319376 -2.14875e-5 -0.1165599 0.0308997 -3.53515e-4 -0.1200624 0.02670592 -3.32028e-4 -0.1198357 0.02480614 2.14875e-5 -0.1161067 0.0271002 3.53515e-4 -0.1126043 0.02879029 0.01228433 -0.1138867 0.03067517 0.01268213 -0.1176189 0.02867734 0.01149559 -0.1211175 0.02479463 0.009911298 -0.1208841 0.02290976 0.009513497 -0.1171519 0.02490758 0.01070004 -0.1136533 0.02190196 0.02237057 -0.1149424 0.02348709 0.02345496 -0.1186776 0.0220912 0.02159053 -0.1221726 0.0191102 0.01864165 -0.1219325 0.01752501 0.01755726 -0.1181974 0.01892089 0.01942169 -0.1147024 0.01167631 0.02905404 -0.115998 0.01272386 0.03065705 -0.1197361 0.01214534 0.02839553 -0.1232276 0.01051932 0.02453094 -0.1229811 0.009471714 0.02292788 -0.119243 0.01005023 0.02518945 -0.1157515 -3.30687e-4 0.03131604 -0.1170536 2.39611e-5 0.03319233 -0.1207944 3.54618e-4 0.03087627 -0.1242825 3.30687e-4 0.02668398 -0.1240297 -2.39611e-5 0.02480769 -0.1202889 -3.54618e-4 0.02712368 -0.1168009 -0.01229125 0.02881044 -0.118109 -0.01267933 0.03067469 -0.1218525 -0.01148587 0.02865672 -0.1253373 -0.009904325 0.02477449 -0.1250784 -0.009516298 0.02291023 -0.121335 -0.01070976 0.02492821 -0.1178502 -0.02238422 0.02191746 -0.1191644 -0.02345228 0.02348774 -0.1229104 -0.02157413 0.02207636 -0.126392 -0.018628 0.01909476 -0.1261273 -0.01755994 0.01752448 -0.1223812 -0.01943802 0.01893579 -0.1188997 -0.02907198 0.01168507 -0.1202195 -0.03065484 0.01272541 -0.1239682 -0.02837532 0.01213806 -0.1274465 -0.02451294 0.0105105 -0.1271762 -0.02293008 0.009470224 -0.1234276 -0.0252096 0.0100575 -0.1199492 -0.03133535 -3.29465e-4 -0.1212747 -0.03319084 2.61366e-5 -0.1250258 -0.03085547 3.55601e-4 -0.1285011 -0.02666461 3.29465e-4 -0.1282253 -0.02480912 -2.61366e-5 -0.1244742 -0.02714449 -3.55601e-4 -0.1209989 -0.02882826 -0.01229733 -0.1223298 -0.03067421 -0.01267683 -0.1260833 -0.02863842 -0.01147729 -0.1295555 -0.02475672 -0.009898245 -0.1292744 -0.02291077 -0.009518802 -0.1255209 -0.02494651 -0.01071834 -0.1220486 -0.02193111 -0.0223962 -0.1233848 -0.02348816 -0.02344977 -0.1271405 -0.02206313 -0.02155959 -0.1306099 -0.01908111 -0.0186159 -0.1303235 -0.017524 -0.01756238 -0.1265678 -0.01894903 -0.01945251 -0.1230984 -0.01169288 -0.02908784 -0.1244397 -0.01272666 -0.03065276 -0.1281976 -0.01213163 -0.02835738 -0.1316642 -0.01050275 -0.02449709 -0.1313728 -0.009468913 -0.02293217 -0.1276149 -0.010064 -0.02522754 -0.1241483 3.28362e-4 -0.0313524 -0.1254945 -2.80738e-5 -0.03318941 -0.1292546 -3.56466e-4 -0.03083693 -0.1327185 -3.28362e-4 -0.0266475 -0.1324222 2.80738e-5 -0.02481055 -0.1286621 3.56466e-4 -0.02716296 -0.1251982 0.01230269 -0.02884393 -0.1265493 0.01267451 -0.03067362 -0.1303114 0.0114696 -0.02862215 -0.1337726 0.00989288 -0.02474099 -0.1334716 0.009521067 -0.02291131 -0.1297094 0.01072597 -0.02496284 -0.1262482 0.02240687 -0.02194321 -0.1276039 0.02344745 -0.02348846 -0.1313681 0.02154666 -0.02205133 -0.1348267 0.01860529 -0.01906895 -0.134521 0.01756465 -0.0175237 -0.1307569 0.01946544 -0.01896077 -0.1272982 0.0291019 -0.01169979 -0.1286585 0.03065085 -0.01272779 -0.1324247 0.02834141 -0.01212584 -0.1358807 0.02448302 -0.01049584 -0.1355706 0.02293413 -0.00946778 -0.1318045 0.02524358 -0.01006978 -0.1283484 0.03136759 3.27408e-4 -0.1297131 0.03318804 -2.98023e-5 -0.1334812 0.03082042 -3.57211e-4 -0.1369347 0.02663236 -3.27408e-4 -0.1366202 0.02481186 2.98023e-5 -0.1328522 0.02717947 3.57211e-4 -0.1293986 0.02885794 0.01230746 -0.1307675 0.03067302 0.01267248 -0.1345375 0.0286076 0.0114628 -0.1379886 0.02472704 0.009888112 -0.1376699 0.0229119 0.009523153 -0.1339001 0.02497738 0.01073276 -0.1304488 0.02195394 0.02241635 -0.131822 0.0234887 0.02344542 -0.1355937 0.02204084 0.02153515 -0.1390425 0.01905816 0.01859581 -0.1387197 0.01752346 0.01756674 -0.134948 0.01897132 0.019477 -0.1314991 0.01170593 0.02911436 -0.1328763 0.01272881 0.03064906 -0.1366497 0.01212066 0.0283271 -0.1400963 0.0104897 0.02447056 -0.1397695 0.009466826 0.02293592 -0.1359961 0.01007491 0.02525782 -0.1325495 -3.26544e-4 0.03138113 -0.1339306 3.1352e-5 0.03318685 -0.1377057 3.57866e-4 0.0308057 -0.1411501 3.26544e-4 0.02661889 -0.1408194 -3.1352e-5 0.02481317 -0.1370443 -3.57866e-4 0.02719426 -0.1335999 -0.01231169 0.02887034 -0.1349849 -0.01267063 0.03067249 -0.1387615 -0.01145672 0.02859461 -0.1422038 -0.00988388 0.02471458 -0.1418693 -0.009525001 0.0229125 -0.1380926 -0.01073884 0.02499037 -0.1346504 -0.02242475 0.02196353 -0.136039 -0.02344357 0.02348887 -0.1398173 -0.02152484 0.02203142 -0.1432574 -0.01858741 0.01904863 -0.1429193 -0.01756864 0.01752328 -0.139141 -0.01948732 0.01898074 -0.1357008 -0.02912551 0.01171135 -0.1370931 -0.03064739 0.01272964 -0.140873 -0.02831435 0.01211601 -0.1443111 -0.02445942 0.01048421 -0.1439693 -0.02293759 0.009465992 -0.1401895 -0.02527058 0.01007956 -0.1367514 -0.03139311 -3.25739e-4 -0.1381472 -0.03318566 3.2723e-5 -0.1419285 -0.03079253 3.58462e-4 -0.1453647 -0.02660685 3.25739e-4 -0.1450194 -0.02481436 -3.2723e-5 -0.1412381 -0.02720749 -3.58462e-4 -0.137802 -0.02888143 -0.01231545 -0.1392012 -0.03067189 -0.01266896 -0.142984 -0.02858293 -0.0114513 -0.1464182 -0.0247035 -0.009880125 -0.1460696 -0.02291303 -0.009526669 -0.1422868 -0.025002 -0.01074433 -0.1388527 -0.02197211 -0.02243226 -0.1402552 -0.02348899 -0.02344179 -0.1440393 -0.02202296 -0.0215156 -0.1474717 -0.01904004 -0.0185799 -0.1471198 -0.01752316 -0.01757031 -0.1433356 -0.0189892 -0.0194965 -0.1399033 -0.0117163 -0.02913546 -0.1413091 -0.01273036 -0.0306459 -0.1450946 -0.0121119 -0.0283029 -0.1485251 -0.01047933 -0.02444952 -0.14817 -0.009465217 -0.02293908 -0.1443845 -0.01008373 -0.02528202 -0.140954 3.25054e-4 -0.03140383 -0.142363 -3.39448e-5 -0.03318452 -0.1461498 -3.58999e-4 -0.03078067 -0.1495785 -3.25054e-4 -0.02659606 -0.1492203 3.39448e-5 -0.02481538 -0.1454334 3.58999e-4 -0.02721929 -0.1420048 0.01231884 -0.02889138 -0.1434168 0.01266741 -0.03067135 -0.1472049 0.01144641 -0.02857249 -0.1506319 0.009876787 -0.0246936 -0.1502707 0.00952816 -0.02291357 -0.1464825 0.01074922 -0.02501249 -0.1430556 0.02243894 -0.02197974 -0.1444706 0.02344024 -0.02348905 -0.14826 0.02150732 -0.02201533 -0.1516852 0.01857316 -0.01903235 -0.1513211 0.01757192 -0.0175231 -0.1475316 0.01950484 -0.01899677 -0.1441064 0.02914434 -0.01172065 -0.1455243 0.03064447 -0.01273101 -0.1493149 0.02829265 -0.01210814 -0.1527385 0.02444064 -0.01047492 -0.1523715 0.02294045 -0.009464561 -0.1485809 0.02529233 -0.01008743 -0.1451573 0.03145813 -1.66506e-4 -0.1465986 0.03309243 -8.52555e-4 -0.1504063 0.03063422 -6.86049e-4 -0.1538076 0.02654182 1.66506e-4 -0.1534014 0.02490752 8.52555e-4 -0.1495937 0.02736568 6.86049e-4 -0.1461923</float_array>
          <technique_common>
            <accessor source="#wheel_leg_rl-mesh-positions-array" count="814" stride="3">
              <param name="X" type="float"/>
              <param name="Y" type="float"/>
              <param name="Z" type="float"/>
            </accessor>
          </technique_common>
        </source>
        <source id="wheel_leg_rl-mesh-normals">
          <float_array id="wheel_leg_rl-mesh-normals-array" count="4305">0.8274198 0.4930522 -0.2688425 0.4165436 0.8572649 -0.3026357 0.4896824 0.857261 -0.1591064 0.9429383 0.1303783 0.3063806 0.7038476 0.493051 0.5113701 0.8021123 0.1303807 0.5827665 -0.306381 -0.1303775 0.9429382 2.03384e-6 0.1303832 0.9914637 -0.3063771 0.1303775 0.9429395 0.1145943 0.9899174 -0.08325731 0.134707 0.9899184 -0.0437687 0.4165436 -0.857265 0.3026356 0.08325576 -0.9899178 0.1145917 0.114591 -0.9899181 0.08325493 0.5827645 -0.1303784 0.8021141 0.5827699 0.1303812 0.8021097 0.4896824 -0.857261 -0.1591065 0.1416399 -0.9899184 0 0.1347129 -0.9899175 -0.04377084 0.511371 -0.4930475 0.7038493 0.7038434 -0.4930548 0.5113722 0.9429391 -0.1303791 0.3063775 0.8700051 -0.4930427 -1.36904e-7 0.8274202 -0.4930506 -0.2688438 0.8021115 -0.1303758 0.5827688 0.9914638 -0.1303827 -2.15896e-6 0.9914638 0.1303827 2.15896e-6 0.9429382 -0.1303783 -0.3063806 0.4165445 0.8572645 0.3026359 0.08325588 0.9899179 0.1145918 0.3026378 0.8572641 0.4165439 0.9429391 0.1303791 -0.3063775 0.141641 0.9899182 0 0.514874 0.8572659 0 0.5113707 0.4930554 0.7038441 0.8021123 -0.1303807 -0.5827665 0.8021115 0.1303758 -0.5827688 0.8700051 0.4930427 1.35953e-7 0.5827646 0.1303784 -0.802114 0.3026387 -0.8572625 0.4165463 0.04376929 -0.9899184 0.1347072 0.5827699 -0.1303812 -0.8021098 0.3063771 0.1303775 -0.9429395 0.4896824 -0.8572611 0.1591065 0.514874 -0.8572659 0 0.268844 -0.4930499 0.8274207 0.306381 -0.1303775 -0.9429382 -2.03384e-6 0.1303832 -0.9914637 0.3063771 -0.1303775 0.9429395 2.03139e-6 -0.1303832 -0.9914637 -0.306381 0.1303775 -0.9429382 0.04377001 0.989918 0.1347091 0.159106 0.8572639 0.4896774 -0.3063771 -0.1303775 -0.9429395 -0.5827678 0.1303784 -0.8021117 0.4896824 0.857261 0.1591065 0.134707 0.9899184 0.0437687 0.2688443 0.4930501 0.8274204 -0.5827649 -0.1303789 -0.8021137 -0.8021125 0.1303774 -0.5827671 0.8274202 0.4930506 0.2688438 0.3063809 0.1303775 0.9429382 -0.8021097 -0.1303813 -0.5827699 -0.9429391 0.1303791 -0.3063776 0.1591053 -0.857264 0.4896776 0 -0.9899182 0.1416406 -0.9429382 -0.1303783 -0.3063806 -0.9914638 0.1303827 2.15896e-6 0.1347112 -0.9899178 0.04377031 0 -0.4930428 0.8700051 -0.9914637 -0.1303827 -2.16141e-6 -0.9429383 0.1303783 0.3063806 0.8274198 -0.4930522 0.2688425 -0.9429391 -0.1303791 0.3063776 -0.8021097 0.1303813 0.5827699 0 0.9899183 0.1416395 0 0.857266 0.5148739 -0.8021125 -0.1303774 0.5827671 -0.5827649 0.1303789 0.8021137 0.1145929 0.9899176 0.0832566 0 0.4930428 0.8700051 -0.5827678 -0.1303784 0.8021117 0.7038434 0.4930548 -0.5113722 -0.1347138 -0.9899173 -0.04377114 -2.03139e-6 -0.1303832 0.9914637 0.7038476 -0.493051 -0.5113701 0.4165445 -0.8572645 -0.3026359 0.1145909 -0.989918 -0.08325517 0.511371 0.4930475 -0.7038493 0.08325439 0.9899181 -0.1145899 0.5113707 -0.4930554 -0.7038441 0.3026378 -0.8572641 -0.4165438 0.08325523 -0.9899181 -0.1145907 0.268844 0.4930499 -0.8274207 0.3026387 0.8572626 -0.4165464 0.04377031 0.9899178 -0.1347108 0.2688443 -0.4930501 -0.8274204 0.159106 -0.8572639 -0.4896774 0.04377037 -0.9899179 -0.1347101 0 0.4930428 -0.8700051 0.1591053 0.8572639 -0.4896775 0 0.9899183 -0.1416395 0 -0.4930428 -0.8700051 0 -0.857266 -0.5148739 0 -0.989918 -0.1416419 -0.1591053 0.857264 -0.4896776 0 0.857266 -0.5148739 -0.2688443 -0.49305 -0.8274204 -0.159106 -0.8572639 -0.4896774 -0.04376953 -0.9899184 -0.1347072 -0.5113708 0.4930522 -0.7038462 -0.268844 0.4930498 -0.8274206 -0.302639 0.8572621 -0.416547 -0.04377096 0.9899175 -0.1347129 -0.51137 -0.4930508 -0.7038478 -0.3026363 -0.8572649 -0.4165431 -0.08325499 -0.9899181 -0.1145905 -0.7038476 0.4930495 -0.5113715 -0.4165431 0.8572661 -0.3026332 -0.08325439 0.9899181 -0.1145899 -0.703844 -0.4930555 -0.5113708 -0.4165452 -0.8572635 -0.3026375 -0.1145909 -0.9899179 -0.08325511 -0.8274198 0.4930522 -0.2688426 -0.4896824 0.857261 -0.1591065 -0.1145921 0.9899178 -0.08325576 -0.8274202 -0.4930506 -0.2688438 -0.4896824 -0.857261 -0.1591064 -0.8700052 0.4930427 1.33418e-7 -0.1416406 0.9899182 0 -0.1347095 0.9899181 -0.04376995 -0.8700052 -0.4930427 -1.36904e-7 -0.514874 -0.8572659 0 -0.1416399 -0.9899184 0 -0.4896824 0.8572611 0.1591065 -0.514874 0.8572659 0 -0.8274198 -0.4930522 0.2688425 -0.4896824 -0.857261 0.1591065 -0.1347101 -0.9899179 0.04376995 -0.703844 0.4930555 0.5113708 -0.8274202 0.4930506 0.2688438 -0.4165452 0.8572635 0.3026375 -0.1145921 0.9899178 0.08325582 -0.1347095 0.9899181 0.04376971 -0.7038476 -0.4930495 0.5113715 -0.4165431 -0.8572661 0.3026332 -0.114591 -0.9899181 0.08325493 -0.51137 0.4930507 0.7038478 -0.08325439 0.9899182 0.1145897 -0.5113708 -0.4930522 0.7038462 -0.3026391 -0.8572621 0.416547 -0.08325672 -0.9899176 0.114593 -0.2688443 0.4930501 0.8274203 -0.3026363 0.8572649 0.4165431 -0.04377156 0.9899173 0.1347139 -0.268844 -0.4930498 0.8274206 -0.1591053 -0.857264 0.4896776 -0.04376929 -0.9899184 0.1347072 -0.159106 0.8572639 0.4896774 0 -0.857266 0.5148739 1.58623e-6 1 0 0.382681 0.9238805 0 -1.58623e-6 1 0 0.3826841 0.9238794 0 0.7071057 0.7071079 0 0.7071079 0.7071057 0 0.9238794 0.3826841 0 0.9238805 0.382681 0 1 1.74099e-6 0 1 -1.74099e-6 0 0.9238805 -0.382681 0 0.9238794 -0.3826841 0 0.7071079 -0.7071058 0 0.7071058 -0.7071079 0 0.382684 -0.9238793 0 0.3826811 -0.9238805 0 1.58623e-6 -1 0 -1.58623e-6 -1 0 -0.382681 -0.9238805 0 -0.3826841 -0.9238794 0 -0.7071057 -0.7071079 0 -0.7071079 -0.7071057 0 -0.9238794 -0.3826841 0 -0.9238805 -0.382681 0 -1 -1.74099e-6 0 -1 1.74099e-6 0 -0.9238805 0.382681 0 -0.9238794 0.3826841 0 -0.7071079 0.7071058 0 0 0 1 0 0 1 0 0 1 -0.7071058 0.7071079 0 -0.382684 0.9238793 0 -0.3826811 0.9238805 0 0 0 -1 3.68563e-7 0 -1 0 0 -1 2.5836e-6 1 0 0.3090143 0.9510574 0 -2.69405e-6 1 0 0.3090195 0.9510558 0 0.5877832 0.8090185 0 0.5877876 0.8090153 0 0.8090154 0.5877875 0 0.8090186 0.5877832 0 0.9510558 0.3090195 0 0.9510574 0.3090143 0 1 2.78049e-6 0 1 -2.78049e-6 0 0.9510574 -0.3090143 0 0.9510558 -0.3090195 0 0.8090186 -0.5877832 0 0.8090154 -0.5877875 0 0.5877875 -0.8090154 0 0.5877832 -0.8090185 0 0.3090194 -0.9510558 0 0.3090144 -0.9510574 0 2.69405e-6 -1 0 -2.5836e-6 -1 0 -0.3090143 -0.9510574 0 -0.3090195 -0.9510558 0 -0.5877832 -0.8090185 0 -0.5877876 -0.8090153 0 -0.8090154 -0.5877875 0 -0.8090186 -0.5877832 0 -0.9510558 -0.3090195 0 -0.9510574 -0.3090143 0 -1 -2.78049e-6 0 -1 2.78049e-6 0 -0.9510574 0.3090143 0 -0.9510558 0.3090195 0 -0.8090186 0.5877832 0 -0.8090154 0.5877875 0 -0.5877875 0.8090154 0 0 0 1 -0.5877832 0.8090185 0 -0.3090194 0.9510558 0 -0.3090144 0.9510574 0 0 0 -1 0 0 -1 0 0 -1 0.4760676 0.1771348 0.8613844 0.4440361 0.2729722 0.8534156 0.4747211 0.176306 0.8622969 0.9796657 0.2006369 -3.8506e-4 0.9233691 0.3834767 -0.01830607 0.9233032 0.3836515 -0.01796847 0.5074355 0.01981741 -0.8614618 0.4779471 0.1096372 -0.8715196 0.4787259 0.1101726 -0.8710244 -0.4769087 -0.1739106 -0.861576 -0.4447116 -0.2710664 -0.8536713 -0.4454829 -0.2717369 -0.8530558 -0.9820379 -0.1886824 -7.76042e-4 -0.9256939 -0.3778573 0.01774406 -0.9820538 -0.1886006 -6.11464e-4 -0.5081829 -0.01699435 0.8610815 -0.478371 -0.1083701 0.8714454 -0.5066463 -0.0158019 0.8620092 0.3296977 0.4413348 0.8345795 0.3290579 0.4412025 0.834902 0.7099407 0.7022789 -0.0528075 0.7096019 0.7026793 -0.05202931 0.3804676 0.2607601 -0.8872703 0.3805662 0.2614904 -0.8870131 -0.3299129 -0.441128 -0.8346039 -0.9256449 -0.3779971 0.01731574 -0.7098413 -0.702373 0.05289262 -0.4791411 -0.109181 0.870921 -0.3799044 -0.2619101 0.887173 0.1477361 0.5580537 0.8165478 0.1467241 0.5574188 0.8171636 0.3892623 0.9171984 -0.08498364 0.3884633 0.9176515 -0.08373862 0.2418808 0.3590579 -0.9014273 0.2416192 0.3603282 -0.9009904 -0.3294268 -0.4407737 -0.834983 -0.14685 -0.5577098 -0.8169424 -0.7096846 -0.7026068 0.0518794 -0.3889714 -0.9173061 0.08515226 -0.2408129 -0.3594227 0.9015679 -0.2414031 -0.3604046 0.9010179 -0.07526242 0.5964791 0.7990922 -0.0762661 0.595134 0.7999995 0.01159924 0.9933338 -0.1146895 0.01033556 0.993539 -0.1130195 0.08728796 0.3969352 -0.9136866 0.08631432 0.3984695 -0.9131112 0.07580167 -0.5964985 -0.7990267 0.07552003 -0.5949633 -0.8001973 -0.3886784 -0.9175805 0.08351802 -0.009447515 -0.9934546 0.1138373 -0.08602267 -0.3968179 0.9138576 -0.08632451 -0.3984509 0.9131183 -0.3046512 0.543349 0.7822784 -0.3052077 0.541314 0.7834714 -0.3655192 0.9198915 -0.1421098 -0.3671033 0.9195759 -0.1400553 -0.0604549 0.3768178 -0.9243125 -0.0623067 0.3781812 -0.9236325 0.3052868 -0.5431235 -0.7821872 0.3042581 -0.5414791 -0.7837267 0.3666056 -0.9193996 0.1424955 0.3667569 -0.9197633 0.1397314 0.06168162 -0.3761389 0.924508 0.0620858 -0.3782426 0.9236223 -0.5024039 0.4007592 0.7661479 -0.5021331 0.398279 0.7676173 -0.6851068 0.7089368 -0.1674437 -0.686738 0.7079207 -0.1650432 -0.1823992 0.3086377 -0.9335274 -0.1850524 0.309342 -0.9327718 0.5030032 -0.4002326 -0.7660298 0.5011699 -0.3988937 -0.7679275 0.6859993 -0.7079658 0.1678966 0.686403 -0.7083326 0.164669 0.1833264 -0.3074361 0.9337423 0.1847179 -0.3096213 0.9327454 -0.6337745 0.1864337 0.7507146 -0.6324492 0.1839236 0.7524495 -0.8993827 0.3932936 -0.190869 -0.9007198 0.3915366 -0.1881566 -0.2654927 0.207449 -0.94153 -0.2686253 0.2070771 -0.9407229 0.6341841 -0.1856223 -0.7505697 0.6317047 -0.184994 -0.7528124 0.8998646 -0.3919389 0.1913833 0.9005329 -0.3921668 0.1877384 0.2658997 -0.2058767 0.9417603 0.2683406 -0.2076292 0.9406824 -0.6734957 -0.06878966 0.7359834 -0.671105 -0.07083112 0.737971 -0.9769175 0.02132701 -0.2125499 -0.9776131 0.01895499 -0.2095556 -0.3035439 0.09074825 -0.9484861 -0.3066474 0.08906203 -0.9476473 0.6735786 0.06979238 -0.7358131 0.6707982 0.06941574 -0.7383842 0.9768258 -0.01978534 0.2131197 0.9776957 -0.01972293 0.209099 0.3032902 -0.08904397 0.9487288 0.3065819 -0.08984869 0.9475942 -0.6104736 -0.3257744 0.721937 -0.6072393 -0.3268735 0.7241645 -0.9071964 -0.3505387 -0.2326313 -0.9069733 -0.3532452 -0.2293847 -0.2971024 -0.0241934 -0.9545392 -0.2995765 -0.02717787 -0.9536852 0.6101454 0.3268254 -0.7217395 0.6075224 0.3253268 -0.7246234 0.9064686 0.3520063 0.2332514 0.907397 0.3524738 0.2288951 0.2961618 0.02573847 0.954791 0.2998643 0.02627694 0.95362 -0.4501088 -0.5434475 0.7085668 -0.4464541 -0.5432567 0.7110211 -0.7019785 -0.6664005 -0.2512702 -0.700694 -0.6690475 -0.2477973 -0.2524615 -0.1225434 -0.9598159 -0.2537403 -0.1265389 -0.9589598 0.4493579 0.54436 -0.7083429 0.4473745 0.5418391 -0.7115241 0.7006679 0.6675274 0.251936 0.7014557 0.6684406 0.2472793 0.2509316 0.1236538 0.9600746 0.2544407 0.125708 0.9588834 -0.2139385 -0.685588 0.6958445 -0.2104194 -0.6839624 0.6985121 -0.3932989 -0.879306 -0.2685832 -0.3909875 -0.8814499 -0.2649056 -0.1800974 -0.1935585 -0.964417 -0.1797686 -0.1980335 -0.9635695 0.2128299 0.6861853 -0.6955956 0.2118945 0.6829498 -0.6990568 0.3915762 0.8798584 0.2692903 0.3920093 0.881159 0.2643626 0.1781879 0.194009 0.9646812 0.1808484 0.1974701 0.963483 0.06348639 -0.7269534 0.6837458 0.06628167 -0.7239936 0.6866149 -0.02845412 -0.9581978 -0.2846885 -0.02533751 -0.9594237 -0.2808277 -0.09271019 -0.2313752 -0.9684371 -0.09061068 -0.2356407 -0.967607 -0.06480741 0.727095 -0.6834713 -0.06444138 0.7236066 -0.6871978 0.02657556 0.9580301 0.2854331 0.02647244 0.9595581 0.2802634 0.09071069 0.2310459 0.968705 0.09194242 0.2355193 0.9675109 0.3398876 -0.6576919 0.6722484 0.3414433 -0.6537414 0.6753064 0.3372581 -0.892434 -0.2996976 0.3407907 -0.8924351 -0.295671 -0.003314733 -0.2351587 -0.9719514 4.17103e-4 -0.2384884 -0.9711453 -0.3412203 0.6573057 -0.6719509 -0.3395108 0.6541069 -0.6759264 -0.3389881 0.8915165 0.3004757 -0.3397315 0.8930317 0.2950881 0.001544117 0.2340548 0.9722223 9.66423e-4 0.2389144 0.9710401 0.5719319 -0.4853447 0.6613126 0.5719005 -0.4809426 0.6645481 0.6489103 -0.6931891 -0.3136947 0.6523557 -0.6918309 -0.3095191 0.07648223 -0.2085079 -0.9750256 0.08140665 -0.2102674 -0.9742488 -0.5730645 0.4844447 -0.6609921 -0.5701962 0.482061 -0.6652019 -0.6501879 0.6916239 0.3145029 -0.6515626 0.6928454 0.3089199 -0.07772904 0.2067623 0.9752987 -0.0802139 0.2112482 0.9741355 0.7221831 -0.2339975 0.6509199 0.7204568 -0.2297937 0.6543216 0.8601675 -0.3915725 -0.3267765 0.8629859 -0.388935 -0.322467 0.1377696 -0.1583954 -0.977717 0.1432021 -0.1581627 -0.9769738 -0.7229143 0.2326905 -0.6505768 -0.7192739 0.2315404 -0.6550071 -0.8607543 0.38958 0.3276121 -0.8626275 0.3902354 0.3218543 -0.1382637 0.156259 0.977991 -0.1424276 0.1596074 0.976852 0.7652289 0.059188 0.6410317 0.7619677 0.06253206 0.6445891 0.9401744 -0.03379434 -0.3390133 0.9418832 -0.03016799 -0.3345835 0.1750558 -0.09384351 -0.980076 0.1801741 -0.09150034 -0.9793697 -0.7654133 -0.06072556 -0.6406676 -0.7615332 -0.06040847 -0.6453048 -0.9399378 0.0316748 0.3398733 -0.9420593 0.03156465 0.333958 -0.1746856 0.09163492 0.980351 -0.1799967 0.09321397 0.9792407 0.691943 0.3496561 0.6316293 0.6875622 0.351583 0.6353328 0.8780385 0.3258978 -0.3504844 0.8782927 0.3300372 -0.3459445 0.1865295 -0.02452784 -0.9821432 0.1905072 -0.02029675 -0.981476 -0.6915171 -0.3511908 -0.6312442 -0.6879868 -0.3494014 -0.6360762 -0.876974 -0.3278078 0.3513669 -0.8790167 -0.3287726 0.345309 -0.1853206 0.02259296 0.9824184 -0.1910173 0.02202469 0.9813395 0.5112548 0.5923603 0.6226779 0.5063675 0.5925087 0.6265187 0.6843032 0.633433 -0.3612365 0.6829635 0.6374948 -0.3565968 0.1737548 0.04051297 -0.9839553 0.1758986 0.04608577 -0.983329 -0.5102514 -0.593649 -0.6222737 -0.5076239 -0.5906158 -0.6272886 -0.6825484 -0.6348094 0.3621392 -0.6841596 -0.636572 0.3559521 -0.1718672 -0.04186022 0.9842304 -0.1770733 -0.04462486 0.9831855 0.2490335 0.7488602 0.6141586 0.244358 0.747132 0.6181286 0.3891857 0.8429961 -0.3713383 0.3863545 0.8463615 -0.3666095 0.1410281 0.09387958 -0.9855444 0.1409026 0.1000005 -0.9849601 -0.2475832 -0.7496879 -0.613735 -0.246285 -0.7458408 -0.6189227 -0.3869925 -0.8435996 0.3722587 -0.3878556 -0.8459573 0.3659569 -0.1387377 -0.09441012 0.9858188 -0.1426067 -0.09906303 0.9848096 -0.05568873 0.7934773 0.6060467 -0.05943894 0.7900624 0.610138 0.03788834 0.9238638 -0.3808415 0.03390777 0.9259861 -0.3760319 0.09450024 0.1304781 -0.9869373 0.0920121 0.1362254 -0.9863957 0.05738353 -0.7936937 -0.605605 0.05712354 -0.7896014 -0.6109554 -0.035591 -0.9235683 0.3817786 -0.03548878 -0.9261941 0.3753732 -0.09214621 -0.1300873 0.9872114 -0.09400409 -0.1359989 0.9862391 -0.356645 0.7175095 0.598318 -0.3588715 0.712866 0.6025225 -0.3162874 0.8648833 -0.3897939 -0.3208795 0.8653789 -0.3849101 0.04118674 0.1478113 -0.9881577 0.03661561 0.152279 -0.9876592 0.3583257 -0.7170549 -0.5978587 0.3565202 -0.7133365 -0.603361 0.3183297 -0.863703 0.3907471 0.3194676 -0.866196 0.3842461 -0.03913396 -0.1465352 0.9884312 -0.03859764 -0.1528429 0.9874965 -0.6074577 0.5308278 0.5909459 -0.6077793 0.525618 0.5952565 -0.6200246 0.6760067 -0.3982266 -0.6245653 0.6747242 -0.3932755 -0.01194781 0.1459005 -0.9892272 -0.01798313 0.1483482 -0.9887717 0.6088607 -0.5297488 -0.59047 0.6057602 -0.5269739 -0.5961151 0.6214727 -0.6741044 0.3991931 0.6235511 -0.6760508 0.3926061 0.01337575 -0.1439135 0.9894999 0.01632475 -0.1496555 0.9886034 -0.7688607 0.2605795 0.5839107 -0.7671779 0.2555693 0.5883216 -0.8279599 0.3866397 -0.4061926 -0.8317655 0.3836929 -0.4011808 -0.05879932 0.1269717 -0.990162 -0.06542468 0.1269485 -0.9897493 0.7697594 -0.2590216 -0.5834196 0.7658163 -0.2576225 -0.5891996 0.8285716 -0.3842925 0.4071711 0.8313288 -0.3853393 0.4005072 0.05936342 -0.1245669 0.9904338 0.06436234 -0.1288344 0.9895753 -0.8148942 -0.05281919 0.577198 -0.81141 -0.05687153 0.581704 -0.9094772 0.04109561 -0.4137181 -0.9119464 0.03685933 -0.4086505 -0.09465056 0.0948801 -0.9909789 -0.1008673 0.09230613 -0.9906086 0.8151333 0.05462878 -0.5766918 0.8109352 0.05442678 -0.5825993 0.9091327 -0.03866273 0.4147086 0.9121782 -0.03858125 0.4079737 0.09425228 -0.09242022 0.9912492 0.1005998 -0.09450113 0.9904288 -0.7370921 -0.3617956 0.5707883 -0.7322878 -0.364264 0.5753837 -0.8531855 -0.3081713 -0.4208387 -0.8538976 -0.3131049 -0.4157214 -0.1165211 0.05450576 -0.9916915 -0.1213649 0.04969584 -0.9913632 0.7366152 0.3635842 -0.5702672 0.7327946 0.3617944 -0.5762959 0.8519167 0.3103063 0.4218388 0.8547858 0.3115798 0.4150416 0.1151998 -0.05236417 0.9919612 0.121962 -0.05186808 0.9911786 -0.5459765 -0.6189191 0.5646669 -0.5405475 -0.6193984 0.5693452 -0.6685146 -0.6084864 -0.4275892 -0.6673017 -0.6134047 -0.4224254 -0.1232716 0.01108562 -0.9923111 -0.1259617 0.00471276 -0.992024 0.544842 0.6204044 -0.5641326 0.5419778 0.6172913 -0.5702733 0.6664956 0.6099883 0.4286 0.668727 0.6123207 0.4217436 0.1212155 -0.009597718 0.9925798 0.1273662 -0.00652486 0.9918343 -0.2696448 -0.7842388 0.5588036 -0.2643923 -0.7826215 0.5635606 -0.384162 -0.8149122 -0.4339789 -0.3811444 -0.8190749 -0.4287718 -0.1154544 -0.03034818 -0.9928491 -0.1155229 -0.03734862 -0.9926025 0.2680051 0.7851904 -0.5582557 0.2665362 0.7812137 -0.5645031 0.3816967 0.8155272 0.4349977 0.382905 0.8186119 0.4280868 0.1129701 0.03094339 0.9931165 0.1175463 0.0361905 0.9924077 0.05044353 -0.8315179 0.5532028 0.05472922 -0.8280107 0.558035 -0.04365521 -0.896915 -0.4400429 -0.03923279 -0.8996734 -0.4347975 -0.09509432 -0.06544613 -0.9933147 -0.0924685 -0.07202011 -0.9931077 -0.05233705 0.8317735 -0.5526426 -0.05218571 0.8275296 -0.5589916 0.04111891 0.8965302 0.4410703 0.0410605 0.8999229 0.4341117 0.09255367 0.06504493 0.9935809 0.09481471 0.07171577 0.9929084 0.3656884 -0.7524257 0.5478391 0.3683518 -0.7475247 0.5527421 0.3012844 -0.8429045 -0.4458026 0.3064847 -0.8438054 -0.4405218 -0.06531476 -0.0909022 -0.9937157 -0.06033605 -0.09603708 -0.9935474 -0.3675593 0.7519304 -0.5472667 -0.3658024 0.7480583 -0.5537123 -0.3034995 0.8415609 0.4468371 -0.3048771 0.8447458 0.4398348 0.06310433 0.08955293 0.993981 0.06265175 0.09665864 0.9933438 0.6278215 -0.5579495 0.5427086 0.6284404 -0.5523692 0.5476778 0.5985764 -0.6618565 -0.4512785 0.6037945 -0.6607171 -0.4459654 -0.02993875 -0.104641 -0.9940593 -0.02331668 -0.1075242 -0.993929 -0.6293711 0.5567693 -0.5421255 -0.6262722 0.5538542 -0.5486608 -0.6001167 0.6597477 0.4523196 -0.6026558 0.6622192 0.4452772 0.0284 0.1025369 0.9943238 0.02524429 0.109 0.9937213 0.7963164 -0.2768955 0.5377817 0.7947704 -0.2714636 0.5428144 0.8036229 -0.3818494 -0.4564881 0.808074 -0.3787925 -0.4511461 0.006946563 -0.1059064 -0.9943519 0.01423215 -0.1060555 -0.9942584 -0.7973079 0.275193 -0.5371863 -0.7933315 0.2736754 -0.5438079 -0.8042369 0.3792944 0.4575356 -0.8075911 0.3806372 0.4504575 -0.007566154 0.1033625 0.994615 -0.01299649 0.1081826 0.9940461 0.8446811 0.04845649 0.5330721 0.8411765 0.0529251 0.5381646 0.8859827 -0.04573404 -0.4614578 0.8889819 -0.04117333 -0.4560877 0.04132717 -0.09520691 -0.9945993 0.0481764 -0.09255069 -0.9945419 -0.8449481 -0.05041903 -0.5324665 -0.8406932 -0.05031043 -0.5391697 -0.8855654 0.04311388 0.4625097 -0.8892456 0.0430777 0.4553974 -0.04092758 0.09260749 0.9948612 -0.04784333 0.09501659 0.9943254 0.7646597 0.368696 0.5285441 0.7597007 0.3715206 0.5336924 0.8339081 0.2954217 -0.4661796 0.834973 0.3008289 -0.4607843 0.06965601 -0.07421761 -0.9948064 0.07502114 -0.06911373 -0.9947841 -0.7641502 -0.3706286 -0.527929 -0.7602588 -0.3689092 -0.5347081 -0.8325082 -0.2976903 0.4672374 -0.835955 -0.2991521 0.4600947 -0.06828629 0.07195353 0.9950677 -0.07565808 0.07154268 0.9945641 0.5675814 0.6348719 0.5242034 0.5618951 0.6356126 0.5294058 0.6559752 0.5900362 -0.470695 0.6549062 0.5954949 -0.465278 0.08913511 -0.04554879 -0.9949775 0.0921756 -0.03873801 -0.994989 -0.566364 -0.6364731 -0.5235779 -0.5634207 -0.6334034 -0.5304312 -0.6537943 -0.591606 0.4717578 -0.6564666 -0.5943141 0.4645885 -0.08699804 0.04397428 0.9952375 -0.09370833 0.04076164 0.9947649 0.2827886 0.8059741 0.5200352 0.2772216 0.8045001 0.5252885 0.3797363 0.7938335 -0.475004 0.3766547 0.7985236 -0.4695651 0.09790855 -0.01252174 -0.9951167 0.0981273 -0.005016088 -0.9951613 -0.2810388 -0.8069942 -0.5194012 -0.2794864 -0.8030384 -0.526324 -0.377104 -0.7944492 0.4760705 -0.3785651 -0.7980257 0.4688746 -0.09532129 0.01187884 0.9953757 -0.100335 0.006312608 0.9949337 -0.04677736 0.8552912 0.5160319 -0.05138945 0.8518041 0.5213338 0.04744136 0.8764684 -0.4791165 0.04277616 0.8796697 -0.4736574 0.09525543 0.02119165 -0.9952273 0.09258234 0.02825891 -0.9953039 0.04879629 -0.8555657 -0.5153896 0.04872596 -0.8513206 -0.5223784 -0.04475766 -0.8760231 0.4801878 -0.04474395 -0.8799428 0.472968 -0.09260737 -0.02079582 0.9954856 -0.09513753 -0.0278995 0.9950731 -0.371065 0.7745816 0.5121858 -0.3740224 0.7695887 0.517533 -0.2903956 0.8260368 -0.4830464 -0.295968 0.8272424 -0.4775699 0.0816304 0.05185812 -0.9953127 0.07643514 0.05740648 -0.9954207 0.3730453 -0.7740606 -0.5115343 0.3713657 -0.7701668 -0.5185855 0.2927133 -0.8245884 0.484121 0.2942411 -0.8282556 0.4768804 -0.07932478 -0.05047613 0.9955701 -0.0789535 -0.0580545 0.9951865 -0.6405507 0.5754469 0.5084838 -0.6413977 0.5696856 0.5138749 -0.5826501 0.6507948 -0.4868112 -0.5883063 0.6497911 -0.4813183 0.05863207 0.07609105 -0.9953755 0.05167591 0.07925903 -0.9955137 0.6421917 -0.574199 -0.5078241 0.6391591 -0.571242 -0.5149352 0.5842446 -0.6485542 0.487889 0.5870912 -0.6513985 0.4806287 -0.05702626 -0.07392728 0.9956319 -0.05377477 -0.08083248 0.995276 -0.8138236 0.2876473 0.5049259 -0.8124178 0.2819759 0.5103597 -0.7853316 0.3778258 -0.4904102 -0.7902197 0.3747315 -0.4849014 0.02889001 0.09114843 -0.9954183 0.02121222 0.09142756 -0.9955859 0.814868 -0.2858553 -0.5042588 0.8109417 -0.2842794 -0.5114282 0.7859459 -0.3751322 0.4914926 0.7897083 -0.3766944 0.4842132 -0.02822959 -0.0885263 0.9956738 -0.02255958 -0.09369736 0.9953452 -0.8639637 -0.04535001 0.5015081 -0.8605012 -0.05007869 0.5069813 -0.8681685 0.04886436 -0.4938581 -0.8715401 0.04411715 -0.4883356 -0.004199564 0.09526526 -0.9954432 -0.01143962 0.09258341 -0.9956393 0.8642446 0.04741328 -0.5008326 0.8600203 0.04737466 -0.5080559 0.8677008 -0.04612982 0.494942 0.8718214 -0.04613804 0.4876462 0.003810763 -0.09258204 0.9956979 0.01106154 -0.09521341 0.9953955 -0.7827426 -0.3729613 0.4982106 -0.7777314 -0.376031 0.5037208 -0.8191436 -0.2860658 -0.4971621 -0.8204714 -0.2917709 -0.4916266 -0.03679835 0.08787089 -0.9954521 -0.04249501 0.08260709 -0.9956759 0.7822113 0.3749821 -0.497528 0.7783266 0.373339 -0.5048025 0.8176562 0.2884209 0.4982488 0.8215094 0.2900035 0.4909384 0.035407 -0.08553326 0.995706 0.04315018 -0.08519858 0.9954292 -0.5819514 -0.6451913 0.4950361 -0.5761358 -0.6461306 0.5005826 -0.6462311 -0.576242 -0.5003305 -0.645288 -0.5820599 -0.4947825 -0.06501752 0.06970107 -0.9954469 -0.06829071 0.06263267 -0.9956975 0.5806815 0.646861 -0.494348 0.5777198 0.6438673 -0.5016721 0.6439431 0.5778545 0.5014195 0.6469331 0.5808169 0.4940944 0.0628342 -0.06806725 0.9957001 0.0698961 -0.06478947 0.9954481 -0.2916975 -0.8202862 0.4919788 -0.2859456 -0.8189443 0.4975595 -0.3761082 -0.777922 -0.5033687 -0.3730091 -0.782975 -0.4978097 -0.08538228 0.04278677 -0.9954292 -0.08571362 0.03497195 -0.995706 0.2898749 0.8213485 -0.4912833 0.2882816 0.8174577 -0.4986549 0.3733677 0.7785348 0.5044603 0.3750173 0.7824521 0.4971225 0.08273339 -0.04210883 0.9956818 0.08803337 -0.03635978 0.9954537 0.04412764 -0.8711487 0.4890328 0.04894906 -0.8677151 0.494646 -0.05006247 -0.8609104 -0.5062875 -0.04525208 -0.8644266 -0.5007187 -0.09525072 0.01025754 -0.9954005 -0.09256625 0.002878606 -0.9957024 -0.04622596 0.8714333 -0.4883311 -0.04621636 0.8672361 -0.4957476 0.04728561 0.8604238 0.5073805 0.04731404 0.8647137 0.5000318 0.09253996 -0.01064395 0.9956521 0.0952568 -0.00327748 0.9954473 0.3744995 -0.7895371 0.4861909 0.3776615 -0.7845188 0.4918355 0.2823142 -0.813095 -0.5090926 0.2881287 -0.8145275 -0.5035145 -0.09317666 -0.02394294 -0.9953617 -0.08786082 -0.02976036 -0.9956882 -0.3765547 0.7889949 -0.485483 -0.3749484 0.7851254 -0.4929423 -0.2847008 0.8115749 0.5101879 -0.286327 0.8155856 0.502829 0.09081101 0.02254658 0.995613 0.09050929 0.03042149 0.9954309 0.6490303 -0.5873979 0.4834493 0.6500517 -0.5815416 0.489124 0.5706551 -0.6422034 -0.5117886 0.5766075 -0.6413144 -0.5062013 -0.0791468 -0.0555405 -0.9953145 -0.0719887 -0.05890154 -0.9956648 -0.6507282 0.5861054 -0.4827352 -0.647772 0.5831466 -0.4902361 -0.572281 0.6398761 0.5128871 -0.5753412 0.6429891 0.5055172 0.07749116 0.0533412 0.9955652 0.07419449 0.06053161 0.9954051 0.8256728 -0.2951127 0.4808046 0.8243888 -0.2892975 0.4865081 0.7714372 -0.37457 -0.5143754 0.7766289 -0.3714709 -0.50878 -0.05467218 -0.08043187 -0.9952596 -0.04674744 -0.08080846 -0.9956329 -0.8267487 0.2932645 -0.4800859 -0.8228951 0.2916581 -0.4876262 -0.7720487 0.3717888 0.5154745 -0.776098 0.3735122 0.5080951 0.05397808 0.07776278 0.9955096 0.04816722 0.08316951 0.9953708 0.8771643 0.04307496 0.4782546 0.8737605 0.04797488 0.4839848 0.8545395 -0.05108249 -0.5168684 0.8581794 -0.04621958 -0.5112651 -0.022659 -0.09522449 -0.995198 -0.01516628 -0.0925396 -0.9955936 -0.8774529 -0.04519921 -0.4775288 -0.8732855 -0.04521369 -0.4851066 -0.8540363 0.04826945 0.5179692 -0.8584709 0.04831755 0.5105813 0.02304065 0.09248858 0.9954472 0.01558119 0.09527653 0.9953289 0.7952536 0.3757661 0.4757853 0.7902345 0.3790082 0.4815418 0.8077732 0.2790493 -0.519263 0.8092969 0.2849554 -0.5136527 0.0128982 -0.0977174 -0.9951307 0.0188167 -0.09236043 -0.9955478 -0.7947037 -0.3778469 -0.4750557 -0.7908526 -0.3762737 -0.4826699 -0.8062254 -0.2814612 0.5203655 -0.8103723 -0.2831223 0.5129703 -0.0115 0.0953316 0.9953792 -0.01948451 0.09505999 0.9952809 0.5919987 0.6522448 0.4734071 0.5861139 0.6533361 0.4791896 0.6386478 0.5657634 -0.5215753 0.6378061 0.5718303 -0.515959 0.04738134 -0.08725953 -0.9950582 0.05081588 -0.08002924 -0.9954964 -0.5906913 -0.653961 -0.4726722 -0.5877369 -0.6510429 -0.4803214 -0.6362836 -0.5674056 0.5226797 -0.6395044 -0.5705462 0.5152777 -0.04517155 0.08558708 0.9953062 -0.05246812 0.08227837 0.9952273 0.2980168 0.830207 0.4711077 0.2921502 0.8289763 0.4769137 0.3731933 0.7657442 -0.5237966 0.3700957 0.7710548 -0.5181737 0.07615309 -0.06490862 -0.9949812 0.07656872 -0.05689448 -0.9954397 -0.2961462 -0.831295 -0.470368 -0.294532 -0.8274776 -0.4780499 -0.3703769 -0.7663548 0.5249015 -0.3721656 -0.7705159 0.5174921 -0.07346808 0.06420552 0.9952287 -0.07896375 0.05834597 0.9951686 -0.04215842 0.882253 0.4688843 -0.0471217 0.8788782 0.4747132 0.05195355 0.8489355 -0.5259367 0.04705089 0.8526814 -0.5203083 0.09518772 -0.0333656 -0.9949001 0.09250485 -0.02577972 -0.9953786 0.04430788 -0.8825427 -0.4681401 0.04434412 -0.8784061 -0.4758534 -0.04911094 -0.8484188 0.5270425 -0.04917448 -0.8529766 0.5196275 -0.09243148 0.03374183 0.9951472 -0.09528046 0.02620738 0.9951055 -0.3768175 0.8001052 0.4667336 -0.3801282 0.7950887 0.472585 -0.2761955 0.8030772 -0.5279993 -0.2821768 0.8046802 -0.522366 0.1016356 0.003340303 -0.9948161 0.09624594 0.009342432 -0.9953138 0.3789224 -0.7995476 -0.4659845 0.3773792 -0.7957171 -0.473729 0.2786302 -0.8015061 0.5291061 0.2803215 -0.805769 0.5216859 -0.09922927 -0.001937747 0.9950628 -0.09898453 -0.01001054 0.9950386 -0.6549591 0.5959212 0.4646576 -0.6561129 0.5900148 0.4705301 -0.5614715 0.6354984 -0.5299921 -0.5676334 0.6347008 -0.5243541 0.09428185 0.0403034 -0.9947294 0.08699285 0.04380071 -0.9952456 0.6566923 -0.5945991 -0.4639043 0.6538091 -0.5916528 -0.4716786 0.5631223 -0.6331087 0.5310995 0.5663328 -0.6364212 0.5236748 -0.09259408 -0.03808432 0.9949753 -0.08927679 -0.04546946 0.9949684 -0.8340597 0.3005073 0.4626447 -0.8328767 0.2945991 0.4685379 -0.7607316 0.3719614 -0.5319136 -0.7661434 0.368867 -0.5262712 0.07378911 0.07243227 -0.99464 0.06569927 0.07288229 -0.9951742 0.8351571 -0.2986156 -0.4618889 0.8313745 -0.2969962 -0.469691 0.7613401 -0.3691149 0.5330248 0.7655967 -0.3709604 0.525595 -0.07306802 -0.06973719 0.9948859 -0.06716877 -0.07530832 0.9948955 -0.8865906 -0.04136013 0.4607023 -0.8832437 -0.04637813 0.466615 -0.8439872 0.05270564 -0.5337677 -0.8478245 0.04776906 -0.5281211 0.04265773 0.09514504 -0.994549 0.03499275 0.09246623 -0.9951008 0.8868831 0.04352998 -0.4599386 0.8827759 0.04358428 -0.4677684 0.8434582 -0.04983794 0.534878 0.8481222 -0.04991734 0.527444 -0.04302531 -0.09237515 0.9947943 -0.03543031 -0.09527629 0.9948202 -0.8042553 -0.3777016 0.458819 -0.7992447 -0.3810712 0.4647502 -0.7989193 -0.2736886 -0.5355583 -0.8005917 -0.2797334 -0.5299079 0.004970192 0.1050325 -0.9944564 -0.001101732 0.09961915 -0.995025 0.8036917 0.3798239 -0.4580541 0.7998816 0.3783084 -0.4659102 0.7973282 0.2761413 0.5366691 0.8016913 0.2778577 0.5292318 -0.006377518 -0.1026111 0.9947012 0.001768708 -0.1023903 0.9947428 -0.599291 -0.657271 0.4569959 -0.5933684 -0.6584796 0.4629456 -0.6327012 -0.557685 -0.5372865 -0.6319428 -0.5639287 -0.5316323 -0.0341354 0.1003904 -0.9943625 -0.03768587 0.09305429 -0.9949477 0.5979548 0.6590189 -0.4562282 0.5950173 0.6561686 -0.4641092 0.6302869 0.5593432 0.5383992 0.6336801 0.5626133 0.5309576 0.03191596 -0.09868395 0.9946069 0.03937548 -0.09536176 0.9946637 -0.3026531 -0.8373557 0.4552326 -0.296711 -0.8362162 0.4611999 -0.3708571 -0.756302 -0.5389549 -0.3677678 -0.7618008 -0.5332977 -0.06918245 0.08152246 -0.9942675 -0.06966263 0.0733717 -0.9948687 0.3007463 0.8384609 -0.4544612 0.2991225 0.8347114 -0.4623663 0.3679872 0.7569105 0.5400668 0.3698829 0.7612494 0.532622 0.06647443 -0.08079558 0.9945116 0.07210797 -0.07486534 0.9945832 0.04065972 -0.8903162 0.4535241 0.04572373 -0.886996 0.4595079 -0.05335891 -0.8396055 -0.5405696 -0.04839503 -0.8435224 -0.5349093 -0.0951029 0.05077093 -0.9941719 -0.09242814 0.04304128 -0.9947887 -0.042849 0.8906085 -0.4527478 -0.04291856 0.8865302 -0.4606759 0.0504685 0.8390672 0.541682 0.05056166 0.8438228 0.5342345 0.09231913 -0.05113798 0.9944155 0.09526544 -0.04349088 0.9945014 0.3784486 -0.8078314 0.4518686 0.381869 -0.8028277 0.4578686 0.2714778 -0.7952331 -0.5421292 0.2775769 -0.7969663 -0.5364661 -0.107995 0.01223796 -0.9940762 -0.1025621 0.006106436 -0.994708 -0.3805891 0.8072615 -0.4510886 -0.3790984 0.8034721 -0.4590396 -0.2739462 0.7936262 0.5432413 -0.2756839 0.7980766 0.5357911 0.1055638 -0.01364523 0.9943189 0.1053648 -0.005437612 0.9944187 0.6592546 -0.6022002 0.4502649 0.6605111 -0.5962662 0.4562803 0.5543349 -0.630213 -0.54364 0.5606489 -0.6294892 -0.5379741 -0.1057301 -0.02873516 -0.9939796 -0.09835517 -0.03233128 -0.9946261 -0.661014 0.6008548 -0.449482 -0.6581944 0.5979262 -0.4574543 -0.5560002 0.6277798 0.5447535 -0.559322 0.6312422 0.537301 0.1040168 0.02650475 0.9942224 0.1006914 0.03402668 0.9943358 0.8401954 -0.3045173 0.4487102 0.8390951 -0.2985482 0.4547402 0.7523742 -0.3698678 -0.5450971 0.7579485 -0.3667846 -0.5394286 -0.08829325 -0.06632965 -0.9938836 -0.08009213 -0.06683605 -0.9945443 -0.8413079 0.3025986 -0.4479234 -0.8375901 0.3009709 -0.455916 -0.7529806 0.366979 0.5462112 -0.7573916 0.3689172 0.538756 0.08756333 0.06361222 0.9941259 0.08160752 0.0693019 0.9942522 0.8935374 0.04004377 0.4471999 0.8902423 0.04514706 0.4532443 0.8357165 -0.05392813 -0.5465069 0.8397027 -0.04894071 -0.5408365 -0.05788552 -0.09505975 -0.9937872 -0.05010241 -0.09238994 -0.9944616 -0.8938303 -0.04224842 -0.4464107 -0.889779 -0.04233187 -0.4544242 -0.8351687 0.05102038 0.5476224 -0.8400043 0.05112659 0.5401656 0.05824875 0.09226572 0.9940293 0.05055975 0.09525179 0.9941684 0.8109306 0.3790873 0.4457404 0.8059359 0.3825507 0.4517991 0.7919542 0.2695235 -0.5478739 0.7937406 0.2756686 -0.5422017 -0.01862609 -0.1105947 -0.9936911 -0.0124433 -0.1051449 -0.9943791 -0.8103559 -0.3812384 -0.4449503 -0.8065858 -0.3797717 -0.4529822 -0.7903313 -0.272006 0.5489892 -0.7948583 -0.2737614 0.5415303 0.02002793 0.1081492 0.993933 0.01176851 0.1079698 0.9940846 0.6047334 0.6609678 0.4443188 0.5987904 0.6622671 0.4503913 0.6279959 0.5513669 -0.5491957 0.6273034 0.5577412 -0.5435212 0.02398717 -0.110417 -0.9935958 0.02762323 -0.1030094 -0.9942967 -0.6033768 -0.662739 -0.443524 -0.6004583 -0.6599467 -0.4515754 -0.6255453 -0.5530379 0.5503111 -0.6290692 -0.5564038 0.5428506 -0.02175301 0.1086952 0.9938372 -0.02932798 0.1053684 0.9940007 0.3061442 0.8426574 0.4429495 0.3001502 0.8415921 0.4490352 0.368982 0.7488865 -0.5504737 0.3659048 0.7545257 -0.5447978 0.06381547 -0.09425693 -0.9935005 0.06434464 -0.08601135 -0.9942142 -0.3042122 -0.8437752 -0.442152 -0.3025844 -0.8400851 -0.450222 -0.3660739 -0.7494924 0.5515897 -0.3680493 -0.7539654 0.5441286 -0.06108915 0.09351801 0.9937418 -0.06682538 0.08754068 0.993917 -0.0394997 0.8963356 0.4416136 -0.04463738 0.8930636 0.4477109 0.05442708 0.8322542 -0.5517163 0.04942101 0.8363011 -0.5460387 0.09501731 -0.06415259 -0.9934064 0.09235239 -0.05632054 -0.9941323 0.0417177 -0.8966289 -0.4408131 0.04181247 -0.8926035 -0.4488995 -0.05150353 -0.8316991 0.5528329 -0.05161994 -0.8366044 0.5453701 -0.09221506 0.06451231 0.9936471 -0.09523558 0.056786 0.9938338 -0.3796358 0.8136322 0.4403175 -0.3831393 0.808645 0.4464275 -0.2677904 0.7890325 -0.5529161 -0.273975 0.7908665 -0.5472367 0.1128785 -0.02425009 -0.9933128 0.1074171 -0.01802402 -0.9940508 0.381799 -0.813054 -0.4395142 0.3803511 -0.8093029 -0.447618 0.2702822 -0.7873976 0.5540331 0.272054 -0.7919911 0.5465682 -0.1104279 0.02565485 0.9935531 -0.1102655 0.01735061 0.9937508 -0.6624542 0.6069415 0.4390633 -0.6637907 0.6009924 0.4451856 -0.5487225 0.6260169 -0.5540817 -0.5551506 0.6253516 -0.5484008 0.1145547 0.01979279 -0.9932199 0.1071202 0.02346289 -0.9939692 0.6642335 -0.6055775 -0.4382576 0.6614671 -0.6026674 -0.4463779 0.5504019 -0.6235482 0.5551986 0.5538064 -0.627126 0.547733 -0.1128247 -0.01755481 0.9934598 -0.1094963 -0.02517598 0.9936683 -0.8448024 0.30757 0.4378466 -0.8437686 0.3015572 0.4439795 -0.7457771 0.3681839 -0.5552092 -0.7514743 0.3651121 -0.5495267 0.09951633 0.06159293 -0.9931278 0.09123378 0.06214314 -0.9938887 0.8459261 -0.3056262 -0.4370374 0.8422631 -0.3039971 -0.4451727 0.7463823 -0.3652594 0.5563265 0.7509101 -0.3672695 0.54886 -0.09877234 -0.05886125 0.9933678 -0.09277695 -0.06463843 0.9935866 -0.8987804 -0.03901869 0.4366595 -0.8955298 -0.04418432 0.4428027 -0.8291663 0.05486643 -0.556303 -0.8332667 0.04984325 -0.5506199 0.06969213 0.09497737 -0.993037 0.06181949 0.09231698 -0.9938089 0.899074 0.04124724 -0.4358493 0.8950726 0.0413537 -0.443999 0.8286063 -0.05192935 0.5574181 0.8335727 -0.05205756 0.5499514 -0.07004672 -0.09216684 0.9932768 -0.06229072 -0.09521734 0.9935057 -0.8159965 -0.3801094 0.4355071 -0.8110182 -0.3836464 0.4416617 -0.7864198 -0.2662478 -0.5573654 -0.7882957 -0.2724661 -0.5516813 0.02922952 0.1148983 -0.9929472 0.02296549 0.1094257 -0.9937297 0.8154148 0.3822823 -0.4346941 0.811681 0.3808533 -0.4428598 0.784773 0.268751 0.5584841 0.7894242 0.2705364 0.5510168 -0.03063338 -0.1124374 0.9931865 -0.02229243 -0.1122915 0.9934253 -0.6088809 -0.6637511 0.4343945 -0.6029267 -0.665122 0.440559 -0.6242436 -0.546367 -0.5583934 -0.6236035 -0.552841 -0.5527076 -0.0160765 0.1182132 -0.9928582 -0.01977711 0.1107549 -0.993651 0.6075114 0.6655362 -0.43358 0.6046103 0.662793 -0.44176 0.6217625 0.5480495 0.5595116 0.6253883 0.5514878 0.5520424 0.01383703 -0.1164742 0.9930974 0.02149695 -0.113147 0.9933457 -0.3088256 -0.8466824 0.433308 -0.302797 -0.8456773 0.4394816 -0.3674679 -0.7430029 -0.5593873 -0.3644003 -0.7487512 -0.5537003 -0.05962109 0.1041756 -0.9927703 -0.06019014 0.09586137 -0.9935733 0.3068735 0.8478089 -0.4324913 0.3052424 0.8441711 -0.4406837 0.3645285 0.7436078 0.5605057 0.3665705 0.748183 0.5530356 0.05688375 -0.1034252 0.9930094 0.06269633 -0.09741604 0.993267 0.03859162 -0.9009265 0.4322524 0.04378193 -0.8976953 0.4384361 -0.05525475 -0.8264086 -0.5603532 -0.05021697 -0.8305561 -0.5546665 -0.09493792 0.07460373 -0.9926838 -0.09228247 0.06669676 -0.9934966 -0.04082775 0.9012203 -0.4314337 -0.04094493 0.8972404 -0.4396399 0.05230635 0.8258412 0.5614717 0.05244511 0.8308617 0.5540023 0.09212303 -0.07495689 0.9929224 0.09519988 -0.06717473 0.9931892 0.3805204 -0.8180739 0.4312303 0.384088 -0.8131038 0.4374229 0.2648729 -0.7840835 -0.561298 0.2711212 -0.785997 -0.5556097 -0.1166898 0.03365057 -0.9925982 -0.1112083 0.02735412 -0.9934207 -0.3827021 0.8174883 -0.4304091 -0.3812888 0.8137717 -0.438628 -0.2673851 0.7824275 0.5624168 -0.2691828 0.7871309 0.5549465 0.1142227 -0.0350545 0.9928366 0.1140902 -0.02667963 0.9931121 0.6648903 -0.6105926 0.4302299 0.6662901 -0.6046365 0.4364314 0.544265 -0.6226577 -0.5622038 0.5507798 -0.6220396 -0.5565145 -0.1214604 -0.01277709 -0.9925141 -0.1139818 -0.01650303 -0.9933457 -0.6666843 0.6092144 -0.4294064 -0.6639627 0.6063225 -0.4376375 -0.5459529 0.6201649 0.5633212 -0.5494193 0.6238336 0.5558508 0.1197168 0.01053339 0.9927523 0.1163896 0.01822876 0.9930363 0.8483352 -0.3099363 0.4292632 0.8473556 -0.3038937 0.4354736 0.7405184 -0.3668239 -0.5630921 0.746311 -0.3637614 -0.5574024 -0.1083142 -0.05786603 -0.9924312 -0.09997397 -0.05845052 -0.9932718 -0.8494666 0.3079749 -0.4284366 -0.8458505 0.306345 -0.4366804 -0.7411221 0.3638725 0.5642119 -0.7457386 0.3659404 0.556742 0.1075586 0.05512672 0.9926693 0.1015382 0.06097072 0.9929615 0.902818 0.03821015 0.428322 0.899605 0.04342359 0.4345403 0.8239341 -0.05559742 -0.5639517 0.8281243 -0.05054873 -0.5582608 -0.07897245 -0.09490311 -0.9923492 -0.07103568 -0.09225183 -0.9931986 -0.903112 -0.04045355 -0.4274954 -0.8991525 -0.04057812 -0.4357506 -0.8233626 0.05263805 0.5650694 -0.8284316 0.05278462 0.5575976 0.07932275 0.09208047 0.9925872 0.07151997 0.09518063 0.9928875 0.8199126 0.380878 0.4274053 0.8149505 0.3844723 0.4336321 0.78199 0.2636453 -0.5647857 0.7839377 0.2699178 -0.559094 -0.03757882 -0.1182791 -0.9922691 -0.03125369 -0.112791 -0.9931271 -0.8193241 -0.3830685 -0.4265756 -0.8156223 -0.3816708 -0.4348424 -0.7803261 -0.266164 0.5659046 -0.785076 -0.2679716 0.5584326 0.0389865 0.1158052 0.9925066 0.03058362 0.1156861 0.992815 0.6121043 0.665892 0.4265164 0.6061441 0.6673195 0.4327519 0.6212303 0.5423803 -0.565594 0.6206327 0.5489297 -0.559903 0.009837687 -0.1243525 -0.9921894 0.01358646 -0.1168574 -0.9930558 -0.6107227 -0.6676902 -0.4256851 -0.6078387 -0.664987 -0.4339637 -0.6187261 -0.5440713 0.5667137 -0.6224324 -0.5475635 0.5592425 -0.007592797 0.1226015 0.9924269 -0.01531833 0.1192759 0.992743 0.3109173 0.8497923 0.4256568 0.3048621 0.8488359 0.431899 0.3662416 0.7382911 -0.5663863 0.3631846 0.7441223 -0.5606951 0.05630064 -0.1120056 -0.9921114 0.05689966 -0.1036401 -0.992986 -0.3089513 -0.8509251 -0.4248244 -0.3073216 -0.8473293 -0.4331125 -0.3632785 -0.7388953 0.5675056 -0.3653702 -0.7435494 0.5600348 -0.05355691 0.1112458 0.9923488 -0.05942863 0.1052142 0.9926723 -0.03786718 0.9044893 0.4248118 -0.04310035 0.901293 0.4310608 0.05590456 0.8217151 -0.56715 0.05084663 0.8259419 -0.5614576 0.09486877 -0.08286303 -0.9920352 0.09222185 -0.07489919 -0.9929175 0.04012417 -0.9047834 -0.4239776 0.04025417 -0.9008427 -0.4322755 -0.05293488 -0.8211385 0.5682689 -0.05308794 -0.8262493 0.5607976 -0.09204208 0.08321082 0.9922723 -0.09516358 0.07538712 0.9926031 -0.3811923 0.8215371 0.423992 -0.38481 0.8165825 0.4302492 -0.262544 0.7801093 -0.567891 -0.2688399 0.7820857 -0.5621985 0.1196986 -0.04109221 -0.9919595 0.114204 -0.03474211 -0.9928497 0.3833888 -0.8209457 -0.4231564 0.3820043 -0.8172577 -0.4314658 0.2650685 -0.778438 0.5690106 0.2668853 -0.7832278 0.5615395 -0.1172185 0.04249495 0.9921966 -0.1171115 0.03406739 0.9925343 -0.6667756 0.613441 0.4232028 -0.6682273 0.6074793 0.4294662 -0.540688 0.6199473 -0.5686141 -0.5472703 0.6193668 -0.5629209 0.1269314 0.007211923 -0.9918853 0.1194216 0.01098096 -0.992783 0.6685765 -0.6120557 -0.4223662 0.6658928 -0.6091786 -0.4306835 0.5423825 -0.6174342 0.5697336 0.5458979 -0.6211738 0.5622622 -0.1251738 -0.004966318 0.9921224 -0.1218504 -0.01271778 0.9924671 -0.8510845 0.3117933 0.4224218 -0.8501501 0.305727 0.4286909 -0.7362988 0.3657158 -0.569312 -0.7421646 0.3626642 -0.563619 0.1152929 0.05490207 -0.9918133 0.1069096 0.05551379 -0.9927178 0.8522218 -0.3098173 -0.4215821 0.8486452 -0.3081887 -0.4299081 0.7368983 -0.3627486 0.5704337 0.7415852 -0.3648617 0.562963 -0.114533 -0.05215525 0.9920494 -0.1084944 -0.05805033 0.9924008 -0.9059725 -0.03756415 0.4216669 -0.9027909 -0.04281365 0.4279435 -0.8197218 0.05617618 -0.5700004 -0.8239815 0.05110961 -0.564307 0.08634692 0.0948376 -0.991741 0.07836079 0.09219467 -0.9926529 0.9062665 0.03982359 -0.420827 0.9023423 0.03996199 -0.4291636 0.8191425 -0.05319887 0.5711178 0.8242902 -0.05335897 0.5636475 -0.08669221 -0.09200656 0.9919775 -0.07885211 -0.09514588 0.9923354 -0.8229786 -0.3814701 0.4209356 -0.8180322 -0.3851071 0.4272186 -0.7784172 -0.2615572 -0.5706614 -0.7804201 -0.2678732 -0.5649678 0.04423087 0.1209656 -0.9916709 0.03785681 0.1154659 -0.9925898 0.8223846 0.3836729 -0.4200937 0.8187095 0.3823018 -0.4284392 0.7767401 0.264088 0.5717801 0.7815656 0.2659122 0.5643103 -0.04563373 -0.1184805 0.9919072 -0.03718274 -0.1183831 0.9922716 -0.6146355 -0.6675596 0.4202232 -0.6086741 -0.6690317 0.4265121 -0.618792 -0.5391682 -0.5713091 -0.6182285 -0.5457769 -0.5656158 -0.004865586 0.1292355 -0.991602 -0.008652985 0.1217131 -0.9925277 0.6132441 0.669367 -0.41938 0.6103748 0.6666982 -0.4277338 0.61627 0.5408661 0.5724292 0.6200364 0.5444037 0.5649598 0.002618789 -0.1274755 0.9918383 0.01039326 -0.1241524 0.9922088 -0.3125711 -0.8522303 0.4195272 -0.3064976 -0.8513136 0.4258221 -0.365243 -0.7344973 -0.5719365 -0.3621942 -0.740395 -0.5662426 -0.0536493 0.1182438 -0.9915343 -0.05427187 0.1098405 -0.9924665 0.3105925 0.8533676 -0.4186838 0.3089637 0.849808 -0.4270456 0.3622632 0.7351004 0.5730558 0.3643947 0.7398172 0.5655856 0.05090028 -0.1174765 0.9917705 0.05681544 -0.1114294 0.9921469 0.03729069 -0.9072895 0.4188501 0.04255509 -0.9041217 0.4251508 -0.05641978 -0.8179289 -0.5725464 -0.05134415 -0.822218 -0.5668521 -0.09480631 0.08945906 -0.9914681 -0.09216767 0.08145213 -0.9924066 -0.03955525 0.9075835 -0.4180045 -0.03969937 0.9036754 -0.426374 0.05343478 0.8173441 0.5736666 0.05360162 0.8225258 0.5661963 0.09197241 -0.0898022 0.9917039 0.09512758 -0.08194768 0.9920864 0.3817161 -0.8242636 0.4181894 0.3853719 -0.8193241 0.4244958 0.2606678 -0.7768926 -0.5731409 0.2670024 -0.7789185 -0.5674467 -0.1220978 0.04704147 -0.9914028 -0.1165949 0.04064947 -0.9923474 -0.3839224 0.8236676 -0.4173431 -0.3825625 0.8200048 -0.4257208 -0.2632036 0.7752093 0.5742601 -0.2650343 0.7800678 0.5667902 0.1196099 -0.0484429 0.9916384 0.1195221 -0.03997427 0.9920265 0.6682584 -0.6156976 0.4175491 0.6697495 -0.6097354 0.4238613 0.5377994 -0.6177513 -0.5737205 0.5444339 -0.6172023 -0.5680256 -0.1312999 -0.002758562 -0.9913389 -0.1237665 -0.006561636 -0.9922897 -0.6700705 0.6143012 -0.4167009 -0.6674157 0.6114388 -0.4250869 -0.5394996 0.6152218 0.5748411 -0.5430551 0.6190165 0.567371 0.1295362 5.10853e-4 0.9915747 0.1262154 0.008305907 0.9919681 0.8530957 -0.3136232 0.4169752 0.8523432 -0.3093807 0.4216573 0.7334796 -0.3634494 -0.5743799 0.736374 -0.3618363 -0.5716887 -0.1182482 -0.04915463 -0.9917667 -0.115584 -0.04966205 -0.9920555 -0.8531975 0.3119822 -0.4179968 -0.8521453 0.3117238 -0.4203293 -0.7331159 0.3627299 0.5752983 -0.7355259 0.3637979 0.5715354 0.1208772 0.05165886 0.9913224 0.1170836 0.05620694 0.9915302 0.9011808 -0.1436837 0.4089357 0.9000988 -0.1419548 0.4119115 0.7863855 -0.2153733 -0.5789752 -0.1157987 -0.07207489 -0.9906544 -0.9033589 0.1338428 -0.4074663 -0.7881301 0.2072108 0.5795815 -0.7880712 0.2071621 0.5796789 0.1157559 0.07198065 0.9906661 0.1136343 0.07332098 0.9908134 0.1942539 -0.9765728 0.0925796 0.1942463 -0.9765741 0.09258264 0.1942549 -0.9765728 0.09257799 0.1942528 0.9765731 -0.09257918 0.1942527 0.9765732 -0.09257763 0.1942536 0.9765729 -0.09257966 -1.72974e-7 0 1 0 0 1 1.72974e-7 0 1 0 0 1 -3.68563e-7 0 -1 -5.55312e-7 0 -1 -3.41212e-6 0 -1 2.76759e-6 0 -1 5.55312e-7 0 -1 3.41212e-6 0 -1 -2.76759e-6 0 -1 -8.3231e-7 0 1 8.3231e-7 0 1 0 0 1 0 0 1 0 0 1 -3.98719e-7 0 -1 0.4448921 0.273159 0.8529098 0.9796782 0.2005749 -5.2373e-4 0.5060551 0.01878333 -0.8622967 -0.4753909 -0.1729354 -0.8626104 -0.379743 -0.261705 0.8873025 -0.1464921 -0.5581295 -0.81672 -0.009291529 -0.9934225 0.1141299 0.7864332 -0.2154101 -0.5788968 -0.1136509 -0.07345449 -0.9908016 -0.9021185 0.1316523 -0.4109135 0.1942541 -0.9765731 0.09257644 0.1942531 -0.9765731 0.09257805 0.1942609 -0.9765712 0.09258276 0.1942539 0.9765728 -0.0925799 0.1942532 0.9765731 -0.09257942 0.1942507 0.9765735 -0.09257924</float_array>
          <technique_common>
            <accessor source="#wheel_leg_rl-mesh-normals-array" count="1435" stride="3">
              <param name="X" type="float"/>
              <param name="Y" type="float"/>
              <param name="Z" type="float"/>
            </accessor>
          </technique_common>
        </source>
        <vertices id="wheel_leg_rl-mesh-vertices">
          <input semantic="POSITION" source="#wheel_leg_rl-mesh-positions"/>
        </vertices>
        <triangles material="olive-material" count="316">
          <input semantic="VERTEX" source="#wheel_leg_rl-mesh-vertices" offset="0"/>
          <input semantic="NORMAL" source="#wheel_leg_rl-mesh-normals" offset="1"/>
          <p>51 0 58 1 50 2 33 3 27 4 25 5 157 6 0 7 153 8 50 2 56 9 48 10 30 11 20 12 28 13 21 14 25 5 17 15 54 16 44 17 52 18 23 19 30 11 31 20 25 5 37 21 33 3 47 22 54 16 55 23 21 14 31 20 29 24 33 3 45 25 41 26 53 27 47 22 55 23 26 28 16 29 18 30 41 26 53 27 49 31 50 2 40 32 42 33 27 4 18 30 19 34 49 31 61 35 57 36 43 37 50 2 42 33 25 5 19 34 17 15 61 35 65 38 57 36 49 31 43 37 41 26 22 39 12 40 20 12 69 41 73 42 65 38 38 43 44 17 46 44 15 45 22 39 23 19 77 46 81 47 73 42 47 22 38 43 46 44 13 48 23 19 21 14 85 49 89 50 81 47 37 21 47 22 45 25 18 30 8 51 10 52 93 53 97 54 89 50 34 55 40 32 32 56 11 57 18 30 10 52 101 58 105 59 97 54 43 37 34 55 35 60 9 61 19 34 11 57 109 62 113 63 105 59 33 3 43 37 35 60 14 64 4 65 12 40 117 66 121 67 113 63 38 43 28 13 36 68 7 69 14 64 15 45 125 70 129 71 121 67 39 72 30 11 38 43 13 48 7 69 15 45 133 73 137 74 129 71 37 21 31 20 39 72 10 52 1 75 2 76 141 77 145 78 137 74 34 55 24 79 26 28 3 80 10 52 2 76 149 81 153 8 145 78 13 48 17 15 9 61 9 61 3 80 0 7 49 31 59 82 51 0 35 60 26 28 27 4 36 68 20 12 116 83 5 84 9 61 0 7 53 27 63 85 61 35 55 23 62 86 63 85 54 16 60 87 62 86 65 38 59 82 57 36 67 88 58 1 59 82 58 1 64 89 56 9 61 35 71 90 69 41 63 85 70 91 71 90 62 86 68 92 70 91 73 42 67 88 65 38 75 93 66 94 67 88 66 94 72 95 64 89 77 46 71 90 79 96 79 96 70 91 78 97 70 91 76 98 78 97 73 42 83 99 75 93 83 99 74 100 75 93 74 100 80 101 72 95 77 46 87 102 85 49 87 102 78 97 86 103 78 97 84 104 86 103 89 50 83 99 81 47 83 99 90 105 82 106 90 105 80 101 82 106 93 53 87 102 95 107 87 102 94 108 95 107 94 108 84 104 92 109 89 50 99 110 91 111 91 111 98 112 90 105 98 112 88 113 90 105 93 53 103 114 101 58 95 107 102 115 103 114 102 115 92 109 100 116 97 54 107 117 99 110 107 117 98 112 99 110 106 118 96 119 98 112 101 58 111 120 109 62 103 114 110 121 111 120 110 121 100 116 108 122 113 63 107 117 105 59 115 123 106 118 107 117 114 124 104 125 106 118 117 66 111 120 119 126 119 126 110 121 118 127 118 127 108 122 116 83 113 63 123 128 115 123 123 128 114 124 115 123 114 124 120 129 112 130 117 66 127 131 125 70 127 131 118 127 126 132 118 127 124 133 126 132 129 71 123 128 121 67 123 128 130 134 122 135 130 134 120 129 122 135 133 73 127 131 135 136 127 131 134 137 135 136 134 137 124 133 132 138 129 71 139 139 131 140 131 140 138 141 130 134 130 134 136 142 128 143 133 73 143 144 141 77 135 136 142 145 143 144 134 137 140 146 142 145 145 78 139 139 137 74 147 147 138 141 139 139 138 141 144 148 136 142 149 81 143 144 151 149 143 144 150 150 151 149 142 145 148 151 150 150 153 8 147 147 145 78 155 152 146 153 147 147 146 153 152 154 144 148 157 6 151 149 159 155 159 155 150 150 158 156 150 150 156 157 158 156 153 8 3 80 155 152 3 80 154 158 155 152 154 158 1 75 152 154 157 6 7 69 5 84 7 69 158 156 6 159 158 156 4 65 6 159 88 113 120 129 152 154 51 0 59 82 58 1 33 3 35 60 27 4 157 6 5 84 0 7 50 2 58 1 56 9 30 11 22 39 20 12 21 14 29 24 25 5 54 16 46 44 44 17 23 19 22 39 30 11 25 5 29 24 37 21 47 22 46 44 54 16 21 14 23 19 31 20 33 3 37 21 45 25 53 27 45 25 47 22 26 28 24 79 16 29 41 26 45 25 53 27 50 2 48 10 40 32 27 4 26 28 18 30 49 31 53 27 61 35 43 37 51 0 50 2 25 5 27 4 19 34 61 35 69 41 65 38 49 31 51 0 43 37 22 39 14 64 12 40 69 41 77 46 73 42 38 43 36 68 44 17 15 45 14 64 22 39 77 46 85 49 81 47 47 22 39 72 38 43 13 48 15 45 23 19 85 49 93 53 89 50 37 21 39 72 47 22 18 30 16 29 8 51 93 53 101 58 97 54 34 55 42 33 40 32 11 57 19 34 18 30 101 58 109 62 105 59 43 37 42 33 34 55 9 61 17 15 19 34 109 62 117 66 113 63 33 3 41 26 43 37 14 64 6 159 4 65 117 66 125 70 121 67 38 43 30 11 28 13 7 69 6 159 14 64 125 70 133 73 129 71 39 72 31 20 30 11 13 48 5 84 7 69 133 73 141 77 137 74 37 21 29 24 31 20 10 52 8 51 1 75 141 77 149 81 145 78 34 55 32 56 24 79 3 80 11 57 10 52 149 81 157 6 153 8 13 48 21 14 17 15 9 61 11 57 3 80 49 31 57 36 59 82 35 60 34 55 26 28 20 12 12 40 4 65 4 65 156 157 148 151 148 151 140 146 132 138 132 138 124 133 116 83 116 83 108 122 100 116 100 116 92 109 84 104 84 104 76 98 52 18 76 98 68 92 52 18 68 92 60 87 52 18 52 18 44 17 36 68 36 68 28 13 20 12 20 12 4 65 116 83 4 65 148 151 116 83 148 151 132 138 116 83 116 83 100 116 52 18 100 116 84 104 52 18 52 18 36 68 116 83 5 84 13 48 9 61 53 27 55 23 63 85 55 23 54 16 62 86 54 16 52 18 60 87 65 38 67 88 59 82 67 88 66 94 58 1 58 1 66 94 64 89 61 35 63 85 71 90 63 85 62 86 70 91 62 86 60 87 68 92 73 42 75 93 67 88 75 93 74 100 66 94 66 94 74 100 72 95 77 46 69 41 71 90 79 96 71 90 70 91 70 91 68 92 76 98 73 42 81 47 83 99 83 99 82 106 74 100 74 100 82 106 80 101 77 46 79 96 87 102 87 102 79 96 78 97 78 97 76 98 84 104 89 50 91 111 83 99 83 99 91 111 90 105 90 105 88 113 80 101 93 53 85 49 87 102 87 102 86 103 94 108 94 108 86 103 84 104 89 50 97 54 99 110 91 111 99 110 98 112 98 112 96 119 88 113 93 53 95 107 103 114 95 107 94 108 102 115 102 115 94 108 92 109 97 54 105 59 107 117 107 117 106 118 98 112 106 118 104 125 96 119 101 58 103 114 111 120 103 114 102 115 110 121 110 121 102 115 100 116 113 63 115 123 107 117 115 123 114 124 106 118 114 124 112 130 104 125 117 66 109 62 111 120 119 126 111 120 110 121 118 127 110 121 108 122 113 63 121 67 123 128 123 128 122 135 114 124 114 124 122 135 120 129 117 66 119 126 127 131 127 131 119 126 118 127 118 127 116 83 124 133 129 71 131 140 123 128 123 128 131 140 130 134 130 134 128 143 120 129 133 73 125 70 127 131 127 131 126 132 134 137 134 137 126 132 124 133 129 71 137 74 139 139 131 140 139 139 138 141 130 134 138 141 136 142 133 73 135 136 143 144 135 136 134 137 142 145 134 137 132 138 140 146 145 78 147 147 139 139 147 147 146 153 138 141 138 141 146 153 144 148 149 81 141 77 143 144 143 144 142 145 150 150 142 145 140 146 148 151 153 8 155 152 147 147 155 152 154 158 146 153 146 153 154 158 152 154 157 6 149 81 151 149 159 155 151 149 150 150 150 150 148 151 156 157 153 8 0 7 3 80 3 80 2 76 154 158 154 158 2 76 1 75 157 6 159 155 7 69 7 69 159 155 158 156 158 156 156 157 4 65 152 154 1 75 8 51 8 51 16 29 152 154 16 29 24 79 152 154 24 79 32 56 40 32 40 32 48 10 56 9 56 9 64 89 72 95 72 95 80 101 88 113 88 113 96 119 104 125 104 125 112 130 88 113 112 130 120 129 88 113 120 129 128 143 152 154 128 143 136 142 152 154 136 142 144 148 152 154 24 79 40 32 152 154 40 32 56 9 152 154 56 9 72 95 88 113 56 9 88 113 152 154</p>
        </triangles>
        <triangles material="dark_green-material" count="60">
          <input semantic="VERTEX" source="#wheel_leg_rl-mesh-vertices" offset="0"/>
          <input semantic="NORMAL" source="#wheel_leg_rl-mesh-normals" offset="1"/>
          <p>161 160 162 161 160 162 163 163 164 164 162 161 165 165 166 166 164 164 167 167 168 168 166 166 169 169 170 170 168 168 171 171 172 172 170 170 173 173 174 174 172 172 175 175 176 176 174 174 177 177 178 178 176 176 179 179 180 180 178 178 181 181 182 182 180 180 183 183 184 184 182 182 185 185 186 186 184 184 187 187 188 188 186 186 169 189 165 190 181 191 189 192 190 193 188 188 191 194 160 162 190 193 174 195 182 196 190 197 161 160 163 163 162 161 163 163 165 165 164 164 165 165 167 167 166 166 167 167 169 169 168 168 169 169 171 171 170 170 171 171 173 173 172 172 173 173 175 175 174 174 175 175 177 177 176 176 177 177 179 179 178 178 179 179 181 181 180 180 181 181 183 183 182 182 183 183 185 185 184 184 185 185 187 187 186 186 187 187 189 192 188 188 165 190 163 1402 161 1403 161 1403 191 189 189 189 189 189 187 189 185 189 185 189 183 189 181 191 181 191 179 1404 177 1405 177 1405 175 189 173 189 173 189 171 189 169 189 169 189 167 189 165 190 165 190 161 1403 189 189 189 189 185 189 165 190 185 189 181 191 165 190 181 191 177 1405 173 189 173 189 169 189 181 191 189 192 191 194 190 193 191 194 161 160 160 162 190 197 160 239 166 1406 160 239 162 239 166 1406 162 239 164 239 166 1406 166 1406 168 1407 174 195 168 1407 170 1408 174 195 170 1408 172 1409 174 195 174 195 176 239 182 196 176 239 178 239 182 196 178 239 180 239 182 196 182 196 184 1410 190 197 184 1410 186 1411 190 197 186 1411 188 1412 190 197 190 197 166 1406 174 195</p>
        </triangles>
        <triangles material="gunmetal-material" count="76">
          <input semantic="VERTEX" source="#wheel_leg_rl-mesh-vertices" offset="0"/>
          <input semantic="NORMAL" source="#wheel_leg_rl-mesh-normals" offset="1"/>
          <p>193 198 194 199 192 200 195 201 196 202 194 199 197 203 198 204 196 202 199 205 200 206 198 204 201 207 202 208 200 206 203 209 204 210 202 208 205 211 206 212 204 210 207 213 208 214 206 212 209 215 210 216 208 214 211 217 212 218 210 216 213 219 214 220 212 218 215 221 216 222 214 220 217 223 218 224 216 222 219 225 220 226 218 224 221 227 222 228 220 226 223 229 224 230 222 228 225 231 226 232 224 230 227 233 228 234 226 232 221 189 205 189 197 235 229 236 230 237 228 234 231 238 192 200 230 237 206 239 222 240 230 241 193 198 195 201 194 199 195 201 197 203 196 202 197 203 199 205 198 204 199 205 201 207 200 206 201 207 203 209 202 208 203 209 205 211 204 210 205 211 207 213 206 212 207 213 209 215 208 214 209 215 211 217 210 216 211 217 213 219 212 218 213 219 215 221 214 220 215 221 217 223 216 222 217 223 219 225 218 224 219 225 221 227 220 226 221 227 223 229 222 228 223 229 225 231 224 230 225 231 227 233 226 232 227 233 229 236 228 234 197 235 195 1413 193 189 193 189 231 1414 229 1415 229 1415 227 189 221 189 227 189 225 189 221 189 225 189 223 189 221 189 221 189 219 189 217 1416 217 1416 215 1414 213 189 213 189 211 1413 209 1417 209 1417 207 189 205 189 205 189 203 189 201 189 201 189 199 189 205 189 199 189 197 235 205 189 197 235 193 189 229 1415 221 189 217 1416 213 189 213 189 209 1417 221 189 209 1417 205 189 221 189 197 235 229 1415 221 189 229 236 231 238 230 237 231 238 193 198 192 200 230 241 192 239 194 239 194 239 196 239 230 241 196 239 198 239 230 241 198 239 200 239 202 239 202 239 204 239 206 239 206 239 208 239 214 239 208 239 210 239 214 239 210 239 212 239 214 239 214 239 216 239 218 239 218 239 220 239 222 240 222 240 224 239 226 1418 226 1418 228 239 230 241 198 239 202 239 206 239 214 239 218 239 206 239 218 239 222 240 206 239 222 240 226 1418 230 241 230 241 198 239 206 239</p>
        </triangles>
        <triangles material="spring-material" count="1160">
          <input semantic="VERTEX" source="#wheel_leg_rl-mesh-vertices" offset="0"/>
          <input semantic="NORMAL" source="#wheel_leg_rl-mesh-normals" offset="1"/>
          <p>233 242 238 243 232 244 233 245 240 246 239 247 234 248 241 249 240 250 235 251 242 252 241 253 237 254 242 255 236 256 232 257 243 258 237 259 238 243 245 260 244 261 239 247 246 262 245 263 240 250 247 264 246 265 242 252 247 266 241 253 243 267 248 268 242 255 238 269 249 270 243 258 244 261 251 271 250 272 245 263 252 273 251 274 246 265 253 275 252 276 248 277 253 278 247 266 249 279 254 280 248 268 249 270 250 281 255 282 250 272 257 283 256 284 251 274 258 285 257 286 252 276 259 287 258 288 253 278 260 289 259 290 255 291 260 292 254 280 255 282 256 293 261 294 256 284 263 295 262 296 257 286 264 297 263 298 258 288 265 299 264 300 259 290 266 301 265 302 260 292 267 303 266 304 261 294 262 305 267 306 262 296 269 307 268 308 263 298 270 309 269 310 264 300 271 311 270 312 265 302 272 313 271 314 266 304 273 315 272 316 267 306 268 317 273 318 268 308 275 319 274 320 269 310 276 321 275 322 270 312 277 323 276 324 271 314 278 325 277 326 272 316 279 327 278 328 273 318 274 329 279 330 274 320 281 331 280 332 275 322 282 333 281 334 276 324 283 335 282 336 277 326 284 337 283 338 278 328 285 339 284 340 279 330 280 341 285 342 280 332 287 343 286 344 281 334 288 345 287 346 282 336 289 347 288 348 283 338 290 349 289 350 284 340 291 351 290 352 285 342 286 353 291 354 286 344 293 355 292 356 287 346 294 357 293 358 288 348 295 359 294 360 289 350 296 361 295 362 290 352 297 363 296 364 291 354 292 365 297 366 292 356 299 367 298 368 293 358 300 369 299 370 294 360 301 371 300 372 295 362 302 373 301 374 296 364 303 375 302 376 297 366 298 377 303 378 298 368 305 379 304 380 299 370 306 381 305 382 300 372 307 383 306 384 301 374 308 385 307 386 302 376 309 387 308 388 303 378 304 389 309 390 304 380 311 391 310 392 305 382 312 393 311 394 306 384 313 395 312 396 307 386 314 397 313 398 308 388 315 399 314 400 309 390 310 401 315 402 310 392 317 403 316 404 311 394 318 405 317 406 312 396 319 407 318 408 313 398 320 409 319 410 314 400 321 411 320 412 315 402 316 413 321 414 316 404 323 415 322 416 317 406 324 417 323 418 318 408 325 419 324 420 319 410 326 421 325 422 320 412 327 423 326 424 321 414 322 425 327 426 322 416 329 427 328 428 323 418 330 429 329 430 324 420 331 431 330 432 325 422 332 433 331 434 326 424 333 435 332 436 327 426 328 437 333 438 328 428 335 439 334 440 329 430 336 441 335 442 330 432 337 443 336 444 331 434 338 445 337 446 332 436 339 447 338 448 333 438 334 449 339 450 334 440 341 451 340 452 335 442 342 453 341 454 336 444 343 455 342 456 337 446 344 457 343 458 338 448 345 459 344 460 339 450 340 461 345 462 340 452 347 463 346 464 341 454 348 465 347 466 342 456 349 467 348 468 343 458 350 469 349 470 344 460 351 471 350 472 345 462 346 473 351 474 346 464 353 475 352 476 347 466 354 477 353 478 348 468 355 479 354 480 349 470 356 481 355 482 350 472 357 483 356 484 351 474 352 485 357 486 352 476 359 487 358 488 353 478 360 489 359 490 354 480 361 491 360 492 355 482 362 493 361 494 356 484 363 495 362 496 357 486 358 497 363 498 358 488 365 499 364 500 359 490 366 501 365 502 360 492 367 503 366 504 361 494 368 505 367 506 362 496 369 507 368 508 363 498 364 509 369 510 364 500 371 511 370 512 365 502 372 513 371 514 366 504 373 515 372 516 367 506 374 517 373 518 368 508 375 519 374 520 369 510 370 521 375 522 370 512 377 523 376 524 371 514 378 525 377 526 372 516 379 527 378 528 373 518 380 529 379 530 374 520 381 531 380 532 375 522 376 533 381 534 376 524 383 535 382 536 377 526 384 537 383 538 378 528 385 539 384 540 379 530 386 541 385 542 380 532 387 543 386 544 381 534 382 545 387 546 382 536 389 547 388 548 383 538 390 549 389 550 384 540 391 551 390 552 385 542 392 553 391 554 386 544 393 555 392 556 387 546 388 557 393 558 388 548 395 559 394 560 389 550 396 561 395 562 390 552 397 563 396 564 391 554 398 565 397 566 392 556 399 567 398 568 393 558 394 569 399 570 394 560 401 571 400 572 395 562 402 573 401 574 396 564 403 575 402 576 397 566 404 577 403 578 398 568 405 579 404 580 399 570 400 581 405 582 400 572 407 583 406 584 401 574 408 585 407 586 402 576 409 587 408 588 403 578 410 589 409 590 404 580 411 591 410 592 405 582 406 593 411 594 406 584 413 595 412 596 407 586 414 597 413 598 408 588 415 599 414 600 409 590 416 601 415 602 410 592 417 603 416 604 411 594 412 605 417 606 412 596 419 607 418 608 413 598 420 609 419 610 414 600 421 611 420 612 415 602 422 613 421 614 416 604 423 615 422 616 417 606 418 617 423 618 418 608 425 619 424 620 419 610 426 621 425 622 420 612 427 623 426 624 421 614 428 625 427 626 422 616 429 627 428 628 423 618 424 629 429 630 424 620 431 631 430 632 425 622 432 633 431 634 426 624 433 635 432 636 427 626 434 637 433 638 428 628 435 639 434 640 429 630 430 641 435 642 430 632 437 643 436 644 431 634 438 645 437 646 432 636 439 647 438 648 433 638 440 649 439 650 434 640 441 651 440 652 435 642 436 653 441 654 436 644 443 655 442 656 437 646 444 657 443 658 438 648 445 659 444 660 439 650 446 661 445 662 440 652 447 663 446 664 441 654 442 665 447 666 442 656 449 667 448 668 443 658 450 669 449 670 444 660 451 671 450 672 445 662 452 673 451 674 446 664 453 675 452 676 447 666 448 677 453 678 448 668 455 679 454 680 449 670 456 681 455 682 450 672 457 683 456 684 451 674 458 685 457 686 452 676 459 687 458 688 453 678 454 689 459 690 454 680 461 691 460 692 455 682 462 693 461 694 456 684 463 695 462 696 457 686 464 697 463 698 458 688 465 699 464 700 459 690 460 701 465 702 460 692 467 703 466 704 461 694 468 705 467 706 462 696 469 707 468 708 463 698 470 709 469 710 464 700 471 711 470 712 465 702 466 713 471 714 466 704 473 715 472 716 467 706 474 717 473 718 468 708 475 719 474 720 469 710 476 721 475 722 470 712 477 723 476 724 471 714 472 725 477 726 472 716 479 727 478 728 473 718 480 729 479 730 474 720 481 731 480 732 475 722 482 733 481 734 476 724 483 735 482 736 477 726 478 737 483 738 478 728 485 739 484 740 479 730 486 741 485 742 480 732 487 743 486 744 481 734 488 745 487 746 482 736 489 747 488 748 483 738 484 749 489 750 484 740 491 751 490 752 485 742 492 753 491 754 486 744 493 755 492 756 487 746 494 757 493 758 488 748 495 759 494 760 489 750 490 761 495 762 490 752 497 763 496 764 491 754 498 765 497 766 492 756 499 767 498 768 493 758 500 769 499 770 494 760 501 771 500 772 495 762 496 773 501 774 496 764 503 775 502 776 497 766 504 777 503 778 498 768 505 779 504 780 499 770 506 781 505 782 500 772 507 783 506 784 501 774 502 785 507 786 502 776 509 787 508 788 503 778 510 789 509 790 504 780 511 791 510 792 505 782 512 793 511 794 506 784 513 795 512 796 507 786 508 797 513 798 508 788 515 799 514 800 509 790 516 801 515 802 510 792 517 803 516 804 511 794 518 805 517 806 512 796 519 807 518 808 513 798 514 809 519 810 514 800 521 811 520 812 515 802 522 813 521 814 516 804 523 815 522 816 517 806 524 817 523 818 518 808 525 819 524 820 519 810 520 821 525 822 520 812 527 823 526 824 521 814 528 825 527 826 522 816 529 827 528 828 523 818 530 829 529 830 524 820 531 831 530 832 525 822 526 833 531 834 526 824 533 835 532 836 527 826 534 837 533 838 528 828 535 839 534 840 529 830 536 841 535 842 530 832 537 843 536 844 531 834 532 845 537 846 532 836 539 847 538 848 533 838 540 849 539 850 534 840 541 851 540 852 535 842 542 853 541 854 536 844 543 855 542 856 537 846 538 857 543 858 538 848 545 859 544 860 539 850 546 861 545 862 540 852 547 863 546 864 541 854 548 865 547 866 542 856 549 867 548 868 543 858 544 869 549 870 544 860 551 871 550 872 545 862 552 873 551 874 546 864 553 875 552 876 547 866 554 877 553 878 548 868 555 879 554 880 549 870 550 881 555 882 550 872 557 883 556 884 551 874 558 885 557 886 552 876 559 887 558 888 553 878 560 889 559 890 554 880 561 891 560 892 555 882 556 893 561 894 556 884 563 895 562 896 557 886 564 897 563 898 558 888 565 899 564 900 559 890 566 901 565 902 560 892 567 903 566 904 561 894 562 905 567 906 562 896 569 907 568 908 563 898 570 909 569 910 564 900 571 911 570 912 565 902 572 913 571 914 566 904 573 915 572 916 567 906 568 917 573 918 568 908 575 919 574 920 569 910 576 921 575 922 570 912 577 923 576 924 571 914 578 925 577 926 572 916 579 927 578 928 573 918 574 929 579 930 574 920 581 931 580 932 575 922 582 933 581 934 576 924 583 935 582 936 577 926 584 937 583 938 578 928 585 939 584 940 579 930 580 941 585 942 580 932 587 943 586 944 581 934 588 945 587 946 582 936 589 947 588 948 583 938 590 949 589 950 584 940 591 951 590 952 585 942 586 953 591 954 586 944 593 955 592 956 587 946 594 957 593 958 588 948 595 959 594 960 589 950 596 961 595 962 590 952 597 963 596 964 591 954 592 965 597 966 592 956 599 967 598 968 593 958 600 969 599 970 594 960 601 971 600 972 595 962 602 973 601 974 596 964 603 975 602 976 597 966 598 977 603 978 598 968 605 979 604 980 599 970 606 981 605 982 600 972 607 983 606 984 601 974 608 985 607 986 602 976 609 987 608 988 603 978 604 989 609 990 604 980 611 991 610 992 605 982 612 993 611 994 606 984 613 995 612 996 607 986 614 997 613 998 608 988 615 999 614 1000 609 990 610 1001 615 1002 610 992 617 1003 616 1004 611 994 618 1005 617 1006 612 996 619 1007 618 1008 613 998 620 1009 619 1010 614 1000 621 1011 620 1012 615 1002 616 1013 621 1014 616 1004 623 1015 622 1016 617 1006 624 1017 623 1018 618 1008 625 1019 624 1020 619 1010 626 1021 625 1022 620 1012 627 1023 626 1024 621 1014 622 1025 627 1026 622 1016 629 1027 628 1028 623 1018 630 1029 629 1030 624 1020 631 1031 630 1032 625 1022 632 1033 631 1034 626 1024 633 1035 632 1036 627 1026 628 1037 633 1038 628 1028 635 1039 634 1040 629 1030 636 1041 635 1042 630 1032 637 1043 636 1044 631 1034 638 1045 637 1046 632 1036 639 1047 638 1048 633 1038 634 1049 639 1050 634 1040 641 1051 640 1052 635 1042 642 1053 641 1054 636 1044 643 1055 642 1056 637 1046 644 1057 643 1058 638 1048 645 1059 644 1060 639 1050 640 1061 645 1062 640 1052 647 1063 646 1064 641 1054 648 1065 647 1066 642 1056 649 1067 648 1068 643 1058 650 1069 649 1070 644 1060 651 1071 650 1072 645 1062 646 1073 651 1074 646 1064 653 1075 652 1076 647 1066 654 1077 653 1078 648 1068 655 1079 654 1080 649 1070 656 1081 655 1082 650 1072 657 1083 656 1084 651 1074 652 1085 657 1086 652 1076 659 1087 658 1088 653 1078 660 1089 659 1090 654 1080 661 1091 660 1092 655 1082 662 1093 661 1094 656 1084 663 1095 662 1096 657 1086 658 1097 663 1098 658 1088 665 1099 664 1100 659 1090 666 1101 665 1102 660 1092 667 1103 666 1104 661 1094 668 1105 667 1106 662 1096 669 1107 668 1108 663 1098 664 1109 669 1110 664 1100 671 1111 670 1112 665 1102 672 1113 671 1114 666 1104 673 1115 672 1116 667 1106 674 1117 673 1118 668 1108 675 1119 674 1120 669 1110 670 1121 675 1122 670 1112 677 1123 676 1124 671 1114 678 1125 677 1126 672 1116 679 1127 678 1128 673 1118 680 1129 679 1130 674 1120 681 1131 680 1132 675 1122 676 1133 681 1134 676 1124 683 1135 682 1136 677 1126 684 1137 683 1138 678 1128 685 1139 684 1140 679 1130 686 1141 685 1142 680 1132 687 1143 686 1144 681 1134 682 1145 687 1146 682 1136 689 1147 688 1148 683 1138 690 1149 689 1150 684 1140 691 1151 690 1152 685 1142 692 1153 691 1154 686 1144 693 1155 692 1156 687 1146 688 1157 693 1158 688 1148 695 1159 694 1160 689 1150 696 1161 695 1162 690 1152 697 1163 696 1164 691 1154 698 1165 697 1166 692 1156 699 1167 698 1168 693 1158 694 1169 699 1170 694 1160 701 1171 700 1172 695 1162 702 1173 701 1174 696 1164 703 1175 702 1176 697 1166 704 1177 703 1178 698 1168 705 1179 704 1180 699 1170 700 1181 705 1182 700 1172 707 1183 706 1184 701 1174 708 1185 707 1186 702 1176 709 1187 708 1188 703 1178 710 1189 709 1190 704 1180 711 1191 710 1192 705 1182 706 1193 711 1194 706 1184 713 1195 712 1196 707 1186 714 1197 713 1198 708 1188 715 1199 714 1200 709 1190 716 1201 715 1202 710 1192 717 1203 716 1204 711 1194 712 1205 717 1206 712 1196 719 1207 718 1208 713 1198 720 1209 719 1210 714 1200 721 1211 720 1212 715 1202 722 1213 721 1214 716 1204 723 1215 722 1216 717 1206 718 1217 723 1218 718 1208 725 1219 724 1220 719 1210 726 1221 725 1222 720 1212 727 1223 726 1224 721 1214 728 1225 727 1226 722 1216 729 1227 728 1228 723 1218 724 1229 729 1230 724 1220 731 1231 730 1232 725 1222 732 1233 731 1234 726 1224 733 1235 732 1236 727 1226 734 1237 733 1238 728 1228 735 1239 734 1240 729 1230 730 1241 735 1242 730 1232 737 1243 736 1244 731 1234 738 1245 737 1246 732 1236 739 1247 738 1248 733 1238 740 1249 739 1250 734 1240 741 1251 740 1252 735 1242 736 1253 741 1254 736 1244 743 1255 742 1256 737 1246 744 1257 743 1258 738 1248 745 1259 744 1260 739 1250 746 1261 745 1262 740 1252 747 1263 746 1264 741 1254 742 1265 747 1266 742 1256 749 1267 748 1268 743 1258 750 1269 749 1270 744 1260 751 1271 750 1272 745 1262 752 1273 751 1274 746 1264 753 1275 752 1276 747 1266 748 1277 753 1278 748 1268 755 1279 754 1280 749 1270 756 1281 755 1282 750 1272 757 1283 756 1284 751 1274 758 1285 757 1286 752 1276 759 1287 758 1288 753 1278 754 1289 759 1290 754 1280 761 1291 760 1292 755 1282 762 1293 761 1294 756 1284 763 1295 762 1296 757 1286 764 1297 763 1298 758 1288 765 1299 764 1300 759 1290 760 1301 765 1302 760 1292 767 1303 766 1304 761 1294 768 1305 767 1306 762 1296 769 1307 768 1308 763 1298 770 1309 769 1310 764 1300 771 1311 770 1312 765 1302 766 1313 771 1314 766 1304 773 1315 772 1316 767 1306 774 1317 773 1318 768 1308 775 1319 774 1320 769 1310 776 1321 775 1322 770 1312 777 1323 776 1324 771 1314 772 1325 777 1326 772 1316 779 1327 778 1328 773 1318 780 1329 779 1330 774 1320 781 1331 780 1332 775 1322 782 1333 781 1334 776 1324 783 1335 782 1336 777 1326 778 1337 783 1338 778 1328 785 1339 784 1340 779 1330 786 1341 785 1342 780 1332 787 1343 786 1344 781 1334 788 1345 787 1346 782 1336 789 1347 788 1348 783 1338 784 1349 789 1350 784 1340 791 1351 790 1352 785 1342 792 1353 791 1354 786 1344 793 1355 792 1356 787 1346 794 1357 793 1358 788 1348 795 1359 794 1360 789 1350 790 1361 795 1362 790 1352 797 1363 796 1364 791 1354 798 1365 797 1366 792 1356 799 1367 798 1368 793 1358 800 1369 799 1370 794 1360 801 1371 800 1372 795 1362 796 1373 801 1374 796 1364 803 1375 802 1376 797 1366 804 1377 803 1378 798 1368 805 1379 804 1380 799 1370 806 1381 805 1382 800 1372 807 1383 806 1384 801 1374 802 1385 807 1386 802 1376 809 1387 808 1388 804 1377 809 1389 803 1378 805 1379 810 1390 804 1380 806 1381 811 1391 805 1382 806 1384 813 1392 812 1393 807 1386 808 1394 813 1395 235 1396 234 1397 233 1398 810 1399 811 1400 812 1401 233 242 239 1419 238 243 233 245 234 1420 240 246 234 248 235 1421 241 249 235 251 236 1422 242 252 237 254 243 267 242 255 232 257 238 269 243 258 238 243 239 1419 245 260 239 247 240 246 246 262 240 250 241 249 247 264 242 252 248 277 247 266 243 267 249 279 248 268 238 269 244 1423 249 270 244 261 245 260 251 271 245 263 246 262 252 273 246 265 247 264 253 275 248 277 254 1424 253 278 249 279 255 291 254 280 249 270 244 1423 250 281 250 272 251 271 257 283 251 274 252 273 258 285 252 276 253 275 259 287 253 278 254 1424 260 289 255 291 261 1425 260 292 255 282 250 281 256 293 256 284 257 283 263 295 257 286 258 285 264 297 258 288 259 287 265 299 259 290 260 289 266 301 260 292 261 1425 267 303 261 294 256 293 262 305 262 296 263 295 269 307 263 298 264 297 270 309 264 300 265 299 271 311 265 302 266 301 272 313 266 304 267 303 273 315 267 306 262 305 268 317 268 308 269 307 275 319 269 310 270 309 276 321 270 312 271 311 277 323 271 314 272 313 278 325 272 316 273 315 279 327 273 318 268 317 274 329 274 320 275 319 281 331 275 322 276 321 282 333 276 324 277 323 283 335 277 326 278 325 284 337 278 328 279 327 285 339 279 330 274 329 280 341 280 332 281 331 287 343 281 334 282 333 288 345 282 336 283 335 289 347 283 338 284 337 290 349 284 340 285 339 291 351 285 342 280 341 286 353 286 344 287 343 293 355 287 346 288 345 294 357 288 348 289 347 295 359 289 350 290 349 296 361 290 352 291 351 297 363 291 354 286 353 292 365 292 356 293 355 299 367 293 358 294 357 300 369 294 360 295 359 301 371 295 362 296 361 302 373 296 364 297 363 303 375 297 366 292 365 298 377 298 368 299 367 305 379 299 370 300 369 306 381 300 372 301 371 307 383 301 374 302 373 308 385 302 376 303 375 309 387 303 378 298 377 304 389 304 380 305 379 311 391 305 382 306 381 312 393 306 384 307 383 313 395 307 386 308 385 314 397 308 388 309 387 315 399 309 390 304 389 310 401 310 392 311 391 317 403 311 394 312 393 318 405 312 396 313 395 319 407 313 398 314 397 320 409 314 400 315 399 321 411 315 402 310 401 316 413 316 404 317 403 323 415 317 406 318 405 324 417 318 408 319 407 325 419 319 410 320 409 326 421 320 412 321 411 327 423 321 414 316 413 322 425 322 416 323 415 329 427 323 418 324 417 330 429 324 420 325 419 331 431 325 422 326 421 332 433 326 424 327 423 333 435 327 426 322 425 328 437 328 428 329 427 335 439 329 430 330 429 336 441 330 432 331 431 337 443 331 434 332 433 338 445 332 436 333 435 339 447 333 438 328 437 334 449 334 440 335 439 341 451 335 442 336 441 342 453 336 444 337 443 343 455 337 446 338 445 344 457 338 448 339 447 345 459 339 450 334 449 340 461 340 452 341 451 347 463 341 454 342 453 348 465 342 456 343 455 349 467 343 458 344 457 350 469 344 460 345 459 351 471 345 462 340 461 346 473 346 464 347 463 353 475 347 466 348 465 354 477 348 468 349 467 355 479 349 470 350 469 356 481 350 472 351 471 357 483 351 474 346 473 352 485 352 476 353 475 359 487 353 478 354 477 360 489 354 480 355 479 361 491 355 482 356 481 362 493 356 484 357 483 363 495 357 486 352 485 358 497 358 488 359 487 365 499 359 490 360 489 366 501 360 492 361 491 367 503 361 494 362 493 368 505 362 496 363 495 369 507 363 498 358 497 364 509 364 500 365 499 371 511 365 502 366 501 372 513 366 504 367 503 373 515 367 506 368 505 374 517 368 508 369 507 375 519 369 510 364 509 370 521 370 512 371 511 377 523 371 514 372 513 378 525 372 516 373 515 379 527 373 518 374 517 380 529 374 520 375 519 381 531 375 522 370 521 376 533 376 524 377 523 383 535 377 526 378 525 384 537 378 528 379 527 385 539 379 530 380 529 386 541 380 532 381 531 387 543 381 534 376 533 382 545 382 536 383 535 389 547 383 538 384 537 390 549 384 540 385 539 391 551 385 542 386 541 392 553 386 544 387 543 393 555 387 546 382 545 388 557 388 548 389 547 395 559 389 550 390 549 396 561 390 552 391 551 397 563 391 554 392 553 398 565 392 556 393 555 399 567 393 558 388 557 394 569 394 560 395 559 401 571 395 562 396 561 402 573 396 564 397 563 403 575 397 566 398 565 404 577 398 568 399 567 405 579 399 570 394 569 400 581 400 572 401 571 407 583 401 574 402 573 408 585 402 576 403 575 409 587 403 578 404 577 410 589 404 580 405 579 411 591 405 582 400 581 406 593 406 584 407 583 413 595 407 586 408 585 414 597 408 588 409 587 415 599 409 590 410 589 416 601 410 592 411 591 417 603 411 594 406 593 412 605 412 596 413 595 419 607 413 598 414 597 420 609 414 600 415 599 421 611 415 602 416 601 422 613 416 604 417 603 423 615 417 606 412 605 418 617 418 608 419 607 425 619 419 610 420 609 426 621 420 612 421 611 427 623 421 614 422 613 428 625 422 616 423 615 429 627 423 618 418 617 424 629 424 620 425 619 431 631 425 622 426 621 432 633 426 624 427 623 433 635 427 626 428 625 434 637 428 628 429 627 435 639 429 630 424 629 430 641 430 632 431 631 437 643 431 634 432 633 438 645 432 636 433 635 439 647 433 638 434 637 440 649 434 640 435 639 441 651 435 642 430 641 436 653 436 644 437 643 443 655 437 646 438 645 444 657 438 648 439 647 445 659 439 650 440 649 446 661 440 652 441 651 447 663 441 654 436 653 442 665 442 656 443 655 449 667 443 658 444 657 450 669 444 660 445 659 451 671 445 662 446 661 452 673 446 664 447 663 453 675 447 666 442 665 448 677 448 668 449 667 455 679 449 670 450 669 456 681 450 672 451 671 457 683 451 674 452 673 458 685 452 676 453 675 459 687 453 678 448 677 454 689 454 680 455 679 461 691 455 682 456 681 462 693 456 684 457 683 463 695 457 686 458 685 464 697 458 688 459 687 465 699 459 690 454 689 460 701 460 692 461 691 467 703 461 694 462 693 468 705 462 696 463 695 469 707 463 698 464 697 470 709 464 700 465 699 471 711 465 702 460 701 466 713 466 704 467 703 473 715 467 706 468 705 474 717 468 708 469 707 475 719 469 710 470 709 476 721 470 712 471 711 477 723 471 714 466 713 472 725 472 716 473 715 479 727 473 718 474 717 480 729 474 720 475 719 481 731 475 722 476 721 482 733 476 724 477 723 483 735 477 726 472 725 478 737 478 728 479 727 485 739 479 730 480 729 486 741 480 732 481 731 487 743 481 734 482 733 488 745 482 736 483 735 489 747 483 738 478 737 484 749 484 740 485 739 491 751 485 742 486 741 492 753 486 744 487 743 493 755 487 746 488 745 494 757 488 748 489 747 495 759 489 750 484 749 490 761 490 752 491 751 497 763 491 754 492 753 498 765 492 756 493 755 499 767 493 758 494 757 500 769 494 760 495 759 501 771 495 762 490 761 496 773 496 764 497 763 503 775 497 766 498 765 504 777 498 768 499 767 505 779 499 770 500 769 506 781 500 772 501 771 507 783 501 774 496 773 502 785 502 776 503 775 509 787 503 778 504 777 510 789 504 780 505 779 511 791 505 782 506 781 512 793 506 784 507 783 513 795 507 786 502 785 508 797 508 788 509 787 515 799 509 790 510 789 516 801 510 792 511 791 517 803 511 794 512 793 518 805 512 796 513 795 519 807 513 798 508 797 514 809 514 800 515 799 521 811 515 802 516 801 522 813 516 804 517 803 523 815 517 806 518 805 524 817 518 808 519 807 525 819 519 810 514 809 520 821 520 812 521 811 527 823 521 814 522 813 528 825 522 816 523 815 529 827 523 818 524 817 530 829 524 820 525 819 531 831 525 822 520 821 526 833 526 824 527 823 533 835 527 826 528 825 534 837 528 828 529 827 535 839 529 830 530 829 536 841 530 832 531 831 537 843 531 834 526 833 532 845 532 836 533 835 539 847 533 838 534 837 540 849 534 840 535 839 541 851 535 842 536 841 542 853 536 844 537 843 543 855 537 846 532 845 538 857 538 848 539 847 545 859 539 850 540 849 546 861 540 852 541 851 547 863 541 854 542 853 548 865 542 856 543 855 549 867 543 858 538 857 544 869 544 860 545 859 551 871 545 862 546 861 552 873 546 864 547 863 553 875 547 866 548 865 554 877 548 868 549 867 555 879 549 870 544 869 550 881 550 872 551 871 557 883 551 874 552 873 558 885 552 876 553 875 559 887 553 878 554 877 560 889 554 880 555 879 561 891 555 882 550 881 556 893 556 884 557 883 563 895 557 886 558 885 564 897 558 888 559 887 565 899 559 890 560 889 566 901 560 892 561 891 567 903 561 894 556 893 562 905 562 896 563 895 569 907 563 898 564 897 570 909 564 900 565 899 571 911 565 902 566 901 572 913 566 904 567 903 573 915 567 906 562 905 568 917 568 908 569 907 575 919 569 910 570 909 576 921 570 912 571 911 577 923 571 914 572 913 578 925 572 916 573 915 579 927 573 918 568 917 574 929 574 920 575 919 581 931 575 922 576 921 582 933 576 924 577 923 583 935 577 926 578 925 584 937 578 928 579 927 585 939 579 930 574 929 580 941 580 932 581 931 587 943 581 934 582 933 588 945 582 936 583 935 589 947 583 938 584 937 590 949 584 940 585 939 591 951 585 942 580 941 586 953 586 944 587 943 593 955 587 946 588 945 594 957 588 948 589 947 595 959 589 950 590 949 596 961 590 952 591 951 597 963 591 954 586 953 592 965 592 956 593 955 599 967 593 958 594 957 600 969 594 960 595 959 601 971 595 962 596 961 602 973 596 964 597 963 603 975 597 966 592 965 598 977 598 968 599 967 605 979 599 970 600 969 606 981 600 972 601 971 607 983 601 974 602 973 608 985 602 976 603 975 609 987 603 978 598 977 604 989 604 980 605 979 611 991 605 982 606 981 612 993 606 984 607 983 613 995 607 986 608 985 614 997 608 988 609 987 615 999 609 990 604 989 610 1001 610 992 611 991 617 1003 611 994 612 993 618 1005 612 996 613 995 619 1007 613 998 614 997 620 1009 614 1000 615 999 621 1011 615 1002 610 1001 616 1013 616 1004 617 1003 623 1015 617 1006 618 1005 624 1017 618 1008 619 1007 625 1019 619 1010 620 1009 626 1021 620 1012 621 1011 627 1023 621 1014 616 1013 622 1025 622 1016 623 1015 629 1027 623 1018 624 1017 630 1029 624 1020 625 1019 631 1031 625 1022 626 1021 632 1033 626 1024 627 1023 633 1035 627 1026 622 1025 628 1037 628 1028 629 1027 635 1039 629 1030 630 1029 636 1041 630 1032 631 1031 637 1043 631 1034 632 1033 638 1045 632 1036 633 1035 639 1047 633 1038 628 1037 634 1049 634 1040 635 1039 641 1051 635 1042 636 1041 642 1053 636 1044 637 1043 643 1055 637 1046 638 1045 644 1057 638 1048 639 1047 645 1059 639 1050 634 1049 640 1061 640 1052 641 1051 647 1063 641 1054 642 1053 648 1065 642 1056 643 1055 649 1067 643 1058 644 1057 650 1069 644 1060 645 1059 651 1071 645 1062 640 1061 646 1073 646 1064 647 1063 653 1075 647 1066 648 1065 654 1077 648 1068 649 1067 655 1079 649 1070 650 1069 656 1081 650 1072 651 1071 657 1083 651 1074 646 1073 652 1085 652 1076 653 1075 659 1087 653 1078 654 1077 660 1089 654 1080 655 1079 661 1091 655 1082 656 1081 662 1093 656 1084 657 1083 663 1095 657 1086 652 1085 658 1097 658 1088 659 1087 665 1099 659 1090 660 1089 666 1101 660 1092 661 1091 667 1103 661 1094 662 1093 668 1105 662 1096 663 1095 669 1107 663 1098 658 1097 664 1109 664 1100 665 1099 671 1111 665 1102 666 1101 672 1113 666 1104 667 1103 673 1115 667 1106 668 1105 674 1117 668 1108 669 1107 675 1119 669 1110 664 1109 670 1121 670 1112 671 1111 677 1123 671 1114 672 1113 678 1125 672 1116 673 1115 679 1127 673 1118 674 1117 680 1129 674 1120 675 1119 681 1131 675 1122 670 1121 676 1133 676 1124 677 1123 683 1135 677 1126 678 1125 684 1137 678 1128 679 1127 685 1139 679 1130 680 1129 686 1141 680 1132 681 1131 687 1143 681 1134 676 1133 682 1145 682 1136 683 1135 689 1147 683 1138 684 1137 690 1149 684 1140 685 1139 691 1151 685 1142 686 1141 692 1153 686 1144 687 1143 693 1155 687 1146 682 1145 688 1157 688 1148 689 1147 695 1159 689 1150 690 1149 696 1161 690 1152 691 1151 697 1163 691 1154 692 1153 698 1165 692 1156 693 1155 699 1167 693 1158 688 1157 694 1169 694 1160 695 1159 701 1171 695 1162 696 1161 702 1173 696 1164 697 1163 703 1175 697 1166 698 1165 704 1177 698 1168 699 1167 705 1179 699 1170 694 1169 700 1181 700 1172 701 1171 707 1183 701 1174 702 1173 708 1185 702 1176 703 1175 709 1187 703 1178 704 1177 710 1189 704 1180 705 1179 711 1191 705 1182 700 1181 706 1193 706 1184 707 1183 713 1195 707 1186 708 1185 714 1197 708 1188 709 1187 715 1199 709 1190 710 1189 716 1201 710 1192 711 1191 717 1203 711 1194 706 1193 712 1205 712 1196 713 1195 719 1207 713 1198 714 1197 720 1209 714 1200 715 1199 721 1211 715 1202 716 1201 722 1213 716 1204 717 1203 723 1215 717 1206 712 1205 718 1217 718 1208 719 1207 725 1219 719 1210 720 1209 726 1221 720 1212 721 1211 727 1223 721 1214 722 1213 728 1225 722 1216 723 1215 729 1227 723 1218 718 1217 724 1229 724 1220 725 1219 731 1231 725 1222 726 1221 732 1233 726 1224 727 1223 733 1235 727 1226 728 1225 734 1237 728 1228 729 1227 735 1239 729 1230 724 1229 730 1241 730 1232 731 1231 737 1243 731 1234 732 1233 738 1245 732 1236 733 1235 739 1247 733 1238 734 1237 740 1249 734 1240 735 1239 741 1251 735 1242 730 1241 736 1253 736 1244 737 1243 743 1255 737 1246 738 1245 744 1257 738 1248 739 1247 745 1259 739 1250 740 1249 746 1261 740 1252 741 1251 747 1263 741 1254 736 1253 742 1265 742 1256 743 1255 749 1267 743 1258 744 1257 750 1269 744 1260 745 1259 751 1271 745 1262 746 1261 752 1273 746 1264 747 1263 753 1275 747 1266 742 1265 748 1277 748 1268 749 1267 755 1279 749 1270 750 1269 756 1281 750 1272 751 1271 757 1283 751 1274 752 1273 758 1285 752 1276 753 1275 759 1287 753 1278 748 1277 754 1289 754 1280 755 1279 761 1291 755 1282 756 1281 762 1293 756 1284 757 1283 763 1295 757 1286 758 1285 764 1297 758 1288 759 1287 765 1299 759 1290 754 1289 760 1301 760 1292 761 1291 767 1303 761 1294 762 1293 768 1305 762 1296 763 1295 769 1307 763 1298 764 1297 770 1309 764 1300 765 1299 771 1311 765 1302 760 1301 766 1313 766 1304 767 1303 773 1315 767 1306 768 1305 774 1317 768 1308 769 1307 775 1319 769 1310 770 1309 776 1321 770 1312 771 1311 777 1323 771 1314 766 1313 772 1325 772 1316 773 1315 779 1327 773 1318 774 1317 780 1329 774 1320 775 1319 781 1331 775 1322 776 1321 782 1333 776 1324 777 1323 783 1335 777 1326 772 1325 778 1337 778 1328 779 1327 785 1339 779 1330 780 1329 786 1341 780 1332 781 1331 787 1343 781 1334 782 1333 788 1345 782 1336 783 1335 789 1347 783 1338 778 1337 784 1349 784 1340 785 1339 791 1351 785 1342 786 1341 792 1353 786 1344 787 1343 793 1355 787 1346 788 1345 794 1357 788 1348 789 1347 795 1359 789 1350 784 1349 790 1361 790 1352 791 1351 797 1363 791 1354 792 1353 798 1365 792 1356 793 1355 799 1367 793 1358 794 1357 800 1369 794 1360 795 1359 801 1371 795 1362 790 1361 796 1373 796 1364 797 1363 803 1375 797 1366 798 1365 804 1377 798 1368 799 1367 805 1379 799 1370 800 1369 806 1381 800 1372 801 1371 807 1383 801 1374 796 1373 802 1385 802 1376 803 1375 809 1387 804 1377 810 1426 809 1389 805 1379 811 1427 810 1390 806 1381 812 1428 811 1391 806 1384 807 1383 813 1392 807 1386 802 1385 808 1394 233 1398 232 1429 235 1396 232 1429 237 1430 235 1396 237 1430 236 1431 235 1396 812 1401 813 1432 810 1399 813 1432 808 1433 810 1399 808 1433 809 1434 810 1399</p>
        </triangles>
      </mesh>
    </geometry>
  </library_geometries>
  <library_visual_scenes>
    <visual_scene id="Scene" name="Scene">
      <node id="wheel_leg_rl" name="wheel_leg_rl" type="NODE">
        <matrix sid="transform">1 0 0 0 0 1 0 0 0 0 1 0 0 0 0 1</matrix>
        <instance_geometry url="#wheel_leg_rl-mesh" name="wheel_leg_rl">
          <bind_material>
            <technique_common>
              <instance_material symbol="olive-material" target="#olive-material"/>
              <instance_material symbol="dark_green-material" target="#dark_green-material"/>
              <instance_material symbol="gunmetal-material" target="#gunmetal-material"/>
              <instance_material symbol="spring-material" target="#spring-material"/>
            </technique_common>
          </bind_material>
        </instance_geometry>
      </node>
    </visual_scene>
  </library_visual_scenes>
  <scene>
    <instance_visual_scene url="#Scene"/>
  </scene>
</COLLADA>