<?xml version="1.0" encoding="utf-8"?>
<COLLADA xmlns="http://www.collada.org/2005/11/COLLADASchema" version="1.4.1" xmlns:xsi="http://www.w3.org/2001/XMLSchema-instance">
  <asset>
    <contributor>
      <author>Blender User</author>
      <authoring_tool>Blender 4.2.0 commit date:2024-07-16, commit time:07:50, hash:bf738fd35afe</authoring_tool>
    </contributor>
    <created>2026-09-25T18:34:11</created>
    <modified>2026-09-25T18:34:11</modified>
    <unit name="meter" meter="1"/>
    <up_axis>Z_UP</up_axis>
  </asset>
  <library_effects>
    <effect id="rubber-effect">
      <profile_COMMON>
        <technique sid="common">
          <lambert>
            <emission>
              <color sid="emission">0 0 0 1</color>
            </emission>
            <diffuse>
              <color sid="diffuse">0.012 0.012 0.012 1</color>
            </diffuse>
            <index_of_refraction>
              <float sid="ior">1.5</float>
            </index_of_refraction>
          </lambert>
        </technique>
      </profile_COMMON>
    </effect>
    <effect id="aluminium-effect">
      <profile_COMMON>
        <technique sid="common">
          <lambert>
            <emission>
              <color sid="emission">0 0 0 1</color>
            </emission>
            <diffuse>
              <color sid="diffuse">0.55 0.55 0.56 1</color>
            </diffuse>
            <reflectivity>
              <float sid="specular">1</float>
            </reflectivity>
            <index_of_refraction>
              <float sid="ior">1.5</float>
            </index_of_refraction>
          </lambert>
        </technique>
      </profile_COMMON>
    </effect>
    <effect id="gunmetal-effect">
      <profile_COMMON>
        <technique sid="common">
          <lambert>
            <emission>
              <color sid="emission">0 0 0 1</color>
            </emission>
            <diffuse>
              <color sid="diffuse">0.045 0.047 0.05 1</color>
            </diffuse>
            <reflectivity>
              <float sid="specular">0.7</float>
            </reflectivity>
            <index_of_refraction>
              <float sid="ior">1.5</float>
            </index_of_refraction>
          </lambert>
        </technique>
      </profile_COMMON>
    </effect>
  </library_effects>
  <library_images/>
  <library_materials>
    <material id="rubber-material" name="rubber">
      <instance_effect url="#rubber-effect"/>
    </material>
    <material id="aluminium-material" name="aluminium">
      <instance_effect url="#aluminium-effect"/>
    </material>
    <material id="gunmetal-material" name="gunmetal">
      <instance_effect url="#gunmetal-effect"/>
    </material>
  </library_materials>
  <library_geometries>
    <geometry id="wheel_fl-mesh" name="wheel_fl">
      <mesh>
        <source id="wheel_fl-mesh-positions">
          <float_array id="wheel_fl-mesh-positions-array" count="3288">0 0.01599997 0.141 0 0.04000002 0.1169083 0 0.03678458 0.1289541 0 0.02799999 0.1377723 0 -0.03999996 0.1169083 0 -0.01599997 0.141 0 -0.03678458 0.1289541 0 -0.02799999 0.1377723 0.02030092 0.04000002 0.1151322 0.02448439 0.01599997 0.1388579 0.02239263 0.03678458 0.126995 0.02392393 0.02799999 0.1356793 0.02030092 -0.03999996 0.1151322 0.02448439 -0.01599997 0.1388579 0.02239263 -0.03678458 0.126995 0.02392393 -0.02799999 0.1356793 0.039985 0.04000002 0.1098579 0.0482248 0.01599997 0.1324966 0.04410493 0.03678458 0.1211772 0.04712092 0.02799999 0.1294636 0.039985 -0.03999996 0.1098579 0.0482248 -0.01599997 0.1324966 0.04410493 -0.03678458 0.1211773 0.04712092 -0.02799999 0.1294636 0.05845415 0.04000002 0.1012455 0.07050001 0.01599997 0.1221095 0.06447708 0.03678458 0.1116775 0.06888616 0.02799999 0.1193143 0.05845415 -0.03999996 0.1012455 0.07050001 -0.01599997 0.1221095 0.06447708 -0.03678458 0.1116775 0.06888616 -0.02799999 0.1193143 0.07514721 0.03999996 0.08955693 0.09063303 0.01599997 0.1080122 0.08289015 0.03678458 0.09878456 0.08855837 0.02799999 0.1055397 0.07514721 -0.03999996 0.08955693 0.09063303 -0.01599997 0.1080122 0.08289015 -0.03678458 0.09878462 0.08855837 -0.02799999 0.1055397 0.08955699 0.03999996 0.07514721 0.1080122 0.01599997 0.09063303 0.09878462 0.03678458 0.08289009 0.1055397 0.02799999 0.08855831 0.08955699 -0.03999996 0.07514721 0.1080122 -0.01599997 0.09063303 0.09878462 -0.03678458 0.08289015 0.1055397 -0.02799999 0.08855831 0.1012455 0.03999996 0.05845415 0.1221095 0.01599997 0.07049995 0.1116775 0.03678458 0.06447708 0.1193143 0.02799999 0.06888616 0.1012455 -0.03999996 0.05845415 0.1221095 -0.01599997 0.07049995 0.1116775 -0.03678458 0.06447708 0.1193143 -0.02799999 0.06888616 0.1098578 0.03999996 0.039985 0.1324966 0.01599997 0.0482248 0.1211772 0.03678458 0.04410493 0.1294636 0.02799999 0.04712086 0.1098578 -0.03999996 0.039985 0.1324966 -0.01599997 0.0482248 0.1211772 -0.03678458 0.04410493 0.1294636 -0.02799999 0.04712086 0.1151322 0.03999996 0.02030092 0.1388579 0.01599997 0.02448439 0.126995 0.03678458 0.02239263 0.1356793 0.02799999 0.02392387 0.1151322 -0.03999996 0.02030092 0.1388579 -0.01599997 0.02448439 0.126995 -0.03678458 0.02239263 0.1356792 -0.02799999 0.02392387 0.1169083 0.03999996 0 0.1409999 0.01599997 0 0.1289541 0.03678458 0 0.1377723 0.02799999 0 0.1169083 -0.03999996 0 0.1409999 -0.01599997 0 0.1289541 -0.03678458 0 0.1377723 -0.02799999 0 0.1151322 0.03999996 -0.02030092 0.1388579 0.01599997 -0.02448439 0.126995 0.03678458 -0.02239263 0.1356793 0.02799999 -0.02392387 0.1151322 -0.03999996 -0.02030092 0.1388579 -0.01599997 -0.02448439 0.126995 -0.03678458 -0.02239263 0.1356792 -0.02799999 -0.02392387 0.1098578 0.03999996 -0.039985 0.1324966 0.01599997 -0.0482248 0.1211772 0.03678458 -0.04410493 0.1294636 0.02799999 -0.04712086 0.1098578 -0.03999996 -0.039985 0.1324966 -0.01599997 -0.0482248 0.1211772 -0.03678458 -0.04410487 0.1294636 -0.02799999 -0.04712086 0.1012455 0.03999996 -0.05845415 0.1221095 0.01599997 -0.07049995 0.1116775 0.03678458 -0.06447708 0.1193143 0.02799999 -0.06888616 0.1012455 -0.03999996 -0.05845415 0.1221095 -0.01599997 -0.07049995 0.1116775 -0.03678458 -0.06447708 0.1193143 -0.02799999 -0.06888616 0.08955699 0.03999996 -0.07514721 0.1080122 0.01599997 -0.09063303 0.09878462 0.03678458 -0.08289015 0.1055397 0.02799999 -0.08855831 0.08955699 -0.03999996 -0.07514721 0.1080122 -0.01599997 -0.09063303 0.09878462 -0.03678458 -0.08289015 0.1055397 -0.02799999 -0.08855831 0.07514721 0.03999996 -0.08955693 0.09063303 0.01599997 -0.1080123 0.08289015 0.03678458 -0.09878462 0.08855837 0.02799999 -0.1055397 0.07514721 -0.03999996 -0.08955693 0.09063303 -0.01599997 -0.1080123 0.08289015 -0.03678458 -0.09878456 0.08855837 -0.02799999 -0.1055397 0.05845415 0.03999996 -0.1012455 0.07050001 0.01599997 -0.1221095 0.06447708 0.03678458 -0.1116775 0.06888616 0.02799999 -0.1193143 0.05845415 -0.04000002 -0.1012455 0.07050001 -0.01599997 -0.1221095 0.06447708 -0.03678458 -0.1116775 0.06888616 -0.02799999 -0.1193143 0.039985 0.03999996 -0.1098579 0.0482248 0.01599997 -0.1324966 0.04410493 0.03678458 -0.1211773 0.04712092 0.02799999 -0.1294636 0.039985 -0.04000002 -0.1098579 0.0482248 -0.01599997 -0.1324966 0.04410493 -0.03678458 -0.1211773 0.04712092 -0.02799999 -0.1294636 0.02030092 0.03999996 -0.1151322 0.02448439 0.01599997 -0.1388579 0.02239263 0.03678458 -0.126995 0.02392393 0.02799999 -0.1356793 0.02030092 -0.04000002 -0.1151322 0.02448439 -0.01599997 -0.1388579 0.02239263 -0.03678458 -0.126995 0.02392393 -0.02799999 -0.1356793 0 0.03999996 -0.1169083 0 0.01599997 -0.141 0 0.03678458 -0.1289541 0 0.02799999 -0.1377723 0 -0.04000002 -0.1169083 0 -0.01599997 -0.141 0 -0.03678458 -0.1289541 0 -0.02799999 -0.1377723 -0.02030092 0.03999996 -0.1151322 -0.02448439 0.01599997 -0.1388579 -0.02239263 0.03678458 -0.126995 -0.02392393 0.02799999 -0.1356793 -0.02030092 -0.04000002 -0.1151322 -0.02448439 -0.01599997 -0.1388579 -0.02239263 -0.03678458 -0.126995 -0.02392393 -0.02799999 -0.1356793 -0.039985 0.03999996 -0.1098579 -0.0482248 0.01599997 -0.1324966 -0.04410493 0.03678458 -0.1211773 -0.04712092 0.02799999 -0.1294636 -0.039985 -0.04000002 -0.1098579 -0.0482248 -0.01599997 -0.1324966 -0.04410493 -0.03678458 -0.1211773 -0.04712092 -0.02799999 -0.1294636 -0.05845415 0.03999996 -0.1012455 -0.07050001 0.01599997 -0.1221095 -0.06447708 0.03678458 -0.1116775 -0.06888616 0.02799999 -0.1193143 -0.05845415 -0.04000002 -0.1012455 -0.07050001 -0.01599997 -0.1221095 -0.06447708 -0.03678458 -0.1116775 -0.06888616 -0.02799999 -0.1193143 -0.07514721 0.03999996 -0.08955693 -0.09063303 0.01599997 -0.1080123 -0.08289015 0.03678458 -0.09878462 -0.08855831 0.02799999 -0.1055397 -0.07514721 -0.03999996 -0.08955693 -0.09063303 -0.01599997 -0.1080123 -0.08289015 -0.03678458 -0.09878456 -0.08855831 -0.02799999 -0.1055397 -0.08955693 0.03999996 -0.07514721 -0.1080122 0.01599997 -0.09063303 -0.09878462 0.03678458 -0.08289015 -0.1055397 0.02799999 -0.08855831 -0.08955693 -0.03999996 -0.07514721 -0.1080122 -0.01599997 -0.09063303 -0.09878462 -0.03678458 -0.08289015 -0.1055397 -0.02799999 -0.08855831 -0.1012455 0.03999996 -0.05845415 -0.1221095 0.01599997 -0.07049995 -0.1116775 0.03678458 -0.06447708 -0.1193143 0.02799999 -0.06888616 -0.1012455 -0.03999996 -0.05845415 -0.1221095 -0.01599997 -0.07049995 -0.1116775 -0.03678458 -0.06447708 -0.1193143 -0.02799999 -0.06888616 -0.1098579 0.03999996 -0.039985 -0.1324966 0.01599997 -0.0482248 -0.1211772 0.03678458 -0.04410493 -0.1294636 0.02799999 -0.04712086 -0.1098579 -0.03999996 -0.039985 -0.1324966 -0.01599997 -0.0482248 -0.1211772 -0.03678458 -0.04410487 -0.1294636 -0.02799999 -0.04712086 -0.1151322 0.03999996 -0.02030092 -0.1388579 0.01599997 -0.02448439 -0.126995 0.03678458 -0.02239263 -0.1356793 0.02799999 -0.02392387 -0.1151322 -0.03999996 -0.02030092 -0.1388579 -0.01599997 -0.02448439 -0.126995 -0.03678458 -0.02239263 -0.1356792 -0.02799999 -0.02392387 -0.1169083 0.03999996 0 -0.141 0.01599997 0 -0.1289541 0.03678458 0 -0.1377723 0.02799999 0 -0.1169083 -0.03999996 0 -0.141 -0.01599997 0 -0.1289541 -0.03678458 0 -0.1377723 -0.02799999 0 -0.1151322 0.03999996 0.02030092 -0.1388579 0.01599997 0.02448439 -0.126995 0.03678458 0.02239263 -0.1356793 0.02799999 0.02392387 -0.1151322 -0.03999996 0.02030092 -0.1388579 -0.01599997 0.02448439 -0.126995 -0.03678458 0.02239263 -0.1356792 -0.02799999 0.02392387 -0.1098579 0.03999996 0.039985 -0.1324966 0.01599997 0.0482248 -0.1211772 0.03678458 0.04410493 -0.1294636 0.02799999 0.04712086 -0.1098579 -0.03999996 0.039985 -0.1324966 -0.01599997 0.0482248 -0.1211772 -0.03678458 0.04410493 -0.1294636 -0.02799999 0.04712086 -0.1012455 0.03999996 0.05845415 -0.1221095 0.01599997 0.07049995 -0.1116775 0.03678458 0.06447708 -0.1193143 0.02799999 0.06888616 -0.1012455 -0.03999996 0.05845415 -0.1221095 -0.01599997 0.07049995 -0.1116775 -0.03678458 0.06447708 -0.1193143 -0.02799999 0.06888616 -0.08955693 0.03999996 0.07514721 -0.1080122 0.01599997 0.09063303 -0.09878462 0.03678458 0.08289009 -0.1055397 0.02799999 0.08855831 -0.08955693 -0.03999996 0.07514721 -0.1080122 -0.01599997 0.09063303 -0.09878462 -0.03678458 0.08289015 -0.1055397 -0.02799999 0.08855831 -0.07514721 0.03999996 0.08955693 -0.09063303 0.01599997 0.1080122 -0.08289015 0.03678458 0.09878456 -0.08855831 0.02799999 0.1055397 -0.07514721 -0.03999996 0.08955693 -0.09063303 -0.01599997 0.1080122 -0.08289015 -0.03678458 0.09878462 -0.08855831 -0.02799999 0.1055397 -0.05845415 0.04000002 0.1012455 -0.07050001 0.01599997 0.1221095 -0.06447708 0.03678458 0.1116775 -0.06888616 0.02799999 0.1193143 -0.05845415 -0.03999996 0.1012455 -0.07050001 -0.01599997 0.1221095 -0.06447708 -0.03678458 0.1116775 -0.06888616 -0.02799999 0.1193143 -0.039985 0.04000002 0.1098579 -0.0482248 0.01599997 0.1324966 -0.04410493 0.03678458 0.1211772 -0.04712092 0.02799999 0.1294636 -0.039985 -0.03999996 0.1098579 -0.0482248 -0.01599997 0.1324966 -0.04410493 -0.03678458 0.1211773 -0.04712092 -0.02799999 0.1294636 -0.02030092 0.04000002 0.1151322 -0.02448439 0.01599997 0.1388579 -0.02239263 0.03678458 0.126995 -0.02392393 0.02799999 0.1356793 -0.02030092 -0.03999996 0.1151322 -0.02448439 -0.01599997 0.1388579 -0.02239263 -0.03678458 0.126995 -0.02392393 -0.02799999 0.1356793 -0.007172226 0.03599494 0.141 -0.01755517 0.004039466 0.141 -0.007172226 0.03599494 0.15 -0.01755517 0.004039466 0.15 0.01755517 0.02796053 0.141 0.007172226 -0.003994941 0.141 0.01755517 0.02796053 0.15 0.007172226 -0.003994941 0.15 -0.03580921 -0.004039466 0.1375023 -0.02551507 -0.03599494 0.1388576 -0.03698396 -0.004039466 0.1464253 -0.02668982 -0.03599494 0.1477805 -0.01129329 0.003994941 0.1407299 -9.99153e-4 -0.02796053 0.1420851 -0.01246803 0.003994941 0.1496529 -0.0021739 -0.02796053 0.1510081 -0.04342132 0.03599494 0.1343392 -0.05345046 0.004039466 0.1316519 -0.04575067 0.03599494 0.1430325 -0.05577987 0.004039466 0.1403452 -0.01953643 0.02796053 0.1407392 -0.02956557 -0.003994941 0.1380518 -0.02186578 0.02796053 0.1494325 -0.03189498 -0.003994941 0.1467452 -0.07017725 -0.004039466 0.1235489 -0.0605846 -0.03599494 0.1275223 -0.07362139 -0.004039466 0.1318638 -0.06402879 -0.03599494 0.1358372 -0.04733204 0.003994941 0.1330117 -0.03773945 -0.02796053 0.1369851 -0.05077618 0.003994941 0.1413266 -0.04118359 -0.02796053 0.1453 -0.07671135 0.03599494 0.1185234 -0.08570325 0.004039466 0.1133319 -0.08121138 0.03599494 0.1263176 -0.09020328 0.004039466 0.1211262 -0.05529677 0.02796053 0.1308872 -0.06428867 -0.003994941 0.1256957 -0.05979675 0.02796053 0.1386814 -0.06878864 -0.003994941 0.1334899 -0.09976279 -0.004039466 0.1011759 -0.09152543 -0.03599494 0.1074966 -0.1052417 -0.004039466 0.108316 -0.09700429 -0.03599494 0.1146368 -0.08014518 0.003994941 0.116229 -0.07190781 -0.02796053 0.1225497 -0.08562403 0.003994941 0.1233692 -0.07738667 -0.02796053 0.1296899 -0.1047736 0.03599494 0.09463047 -0.1121155 0.004039466 0.08728861 -0.1111375 0.03599494 0.1009944 -0.1184794 0.004039466 0.09365254 -0.08728861 0.02796053 0.1121155 -0.09463053 -0.003994941 0.1047735 -0.0936526 0.02796053 0.1184794 -0.1009945 -0.003994941 0.1111375 -0.1225497 -0.004039466 0.07190787 -0.1162289 -0.03599494 0.08014523 -0.1296899 -0.004039466 0.07738673 -0.1233691 -0.03599494 0.08562409 -0.1074966 0.003994941 0.09152549 -0.1011758 -0.02796053 0.09976285 -0.1146367 0.003994941 0.09700435 -0.108316 -0.02796053 0.1052417 -0.1256957 0.03599494 0.06428861 -0.1308872 0.004039466 0.05529671 -0.1334899 0.03599494 0.06878858 -0.1386814 0.004039466 0.05979669 -0.113332 0.02796053 0.08570325 -0.1185234 -0.003994941 0.07671129 -0.1211262 0.02796053 0.09020322 -0.1263177 -0.003994941 0.08121132 -0.1369851 -0.004039466 0.03773945 -0.1330116 -0.03599494 0.0473321 -0.1453 -0.004039466 0.04118365 -0.1413266 -0.03599494 0.05077624 -0.1275222 0.003994941 0.06058466 -0.1235489 -0.02796053 0.07017731 -0.1358371 0.003994941 0.06402885 -0.1318638 -0.02796053 0.07362145 -0.1380518 0.03599494 0.02956557 -0.1407392 0.004039466 0.01953643 -0.1467452 0.03599494 0.03189498 -0.1494325 0.004039466 0.02186578 -0.1316519 0.02796053 0.05345052 -0.1343392 -0.003994941 0.04342132 -0.1403452 0.02796053 0.05577987 -0.1430325 -0.003994941 0.04575067 -0.1420851 -0.004039466 9.99123e-4 -0.1407299 -0.03599494 0.01129323 -0.1510081 -0.004039466 0.00217384 -0.1496528 -0.03599494 0.01246798 -0.1388575 0.003994941 0.02551501 -0.1375023 -0.02796053 0.03580915 -0.1477805 0.003994941 0.02668976 -0.1464253 -0.02796053 0.0369839 -0.141 0.03599494 -0.007172226 -0.141 0.004039466 -0.01755517 -0.15 0.03599494 -0.007172226 -0.15 0.004039466 -0.01755517 -0.141 0.02796053 0.01755523 -0.141 -0.003994941 0.007172226 -0.15 0.02796053 0.01755523 -0.15 -0.003994941 0.007172226 -0.1375023 -0.004039466 -0.03580921 -0.1388575 -0.03599494 -0.02551507 -0.1464253 -0.004039466 -0.03698396 -0.1477805 -0.03599494 -0.02668982 -0.1407299 0.003994941 -0.01129329 -0.1420851 -0.02796053 -9.99168e-4 -0.1496528 0.003994941 -0.01246803 -0.1510081 -0.02796053 -0.0021739 -0.1343392 0.03599494 -0.04342132 -0.1316519 0.004039466 -0.05345046 -0.1430325 0.03599494 -0.04575067 -0.1403452 0.004039466 -0.05577987 -0.1407392 0.02796053 -0.01953643 -0.1380518 -0.003994941 -0.02956557 -0.1494325 0.02796053 -0.02186578 -0.1467452 -0.003994941 -0.03189492 -0.1235489 -0.004039466 -0.07017725 -0.1275223 -0.03599494 -0.06058466 -0.1318638 -0.004039466 -0.07362139 -0.1358372 -0.03599494 -0.06402879 -0.1330117 0.003994941 -0.04733204 -0.1369851 -0.02796053 -0.03773945 -0.1413266 0.003994941 -0.05077618 -0.1453 -0.02796053 -0.04118359 -0.1185234 0.03599494 -0.07671129 -0.113332 0.004039466 -0.08570325 -0.1263177 0.03599494 -0.08121132 -0.1211262 0.004039466 -0.09020322 -0.1308872 0.02796053 -0.05529665 -0.1256957 -0.003994941 -0.06428861 -0.1386814 0.02796053 -0.05979669 -0.1334899 -0.003994941 -0.06878858 -0.1011759 -0.004039466 -0.09976285 -0.1074966 -0.03599494 -0.09152549 -0.108316 -0.004039466 -0.1052417 -0.1146368 -0.03599494 -0.09700429 -0.116229 0.003994941 -0.08014523 -0.1225497 -0.02796053 -0.07190787 -0.1233692 0.003994941 -0.08562403 -0.1296899 -0.02796053 -0.07738667 -0.09463047 0.03599494 -0.1047736 -0.08728855 0.004039466 -0.1121155 -0.1009944 0.03599494 -0.1111376 -0.09365254 0.004039466 -0.1184794 -0.1121154 0.02796053 -0.08728867 -0.1047735 -0.003994941 -0.09463053 -0.1184794 0.02796053 -0.0936526 -0.1111375 -0.003994941 -0.1009945 -0.07190787 -0.004039466 -0.1225497 -0.08014523 -0.03599494 -0.116229 -0.07738673 -0.004039466 -0.1296899 -0.08562409 -0.03599494 -0.1233692 -0.09152549 0.003994941 -0.1074966 -0.09976285 -0.02796053 -0.1011759 -0.09700435 0.003994941 -0.1146368 -0.1052417 -0.02796053 -0.108316 -0.06428867 0.03599494 -0.1256957 -0.05529677 0.004039466 -0.1308872 -0.06878864 0.03599494 -0.1334899 -0.05979675 0.004039466 -0.1386814 -0.08570325 0.02796053 -0.1133319 -0.07671135 -0.003994941 -0.1185234 -0.09020328 0.02796053 -0.1211262 -0.08121138 -0.003994941 -0.1263176 -0.03773945 -0.004039466 -0.1369851 -0.04733204 -0.03599494 -0.1330117 -0.04118359 -0.004039466 -0.1453 -0.05077624 -0.03599494 -0.1413266 -0.06058466 0.003994941 -0.1275223 -0.07017725 -0.02796053 -0.1235489 -0.06402879 0.003994941 -0.1358372 -0.07362139 -0.02796053 -0.1318638 -0.02956557 0.03599494 -0.1380518 -0.01953643 0.004039466 -0.1407392 -0.03189498 0.03599494 -0.1467452 -0.02186578 0.004039466 -0.1494325 -0.05345046 0.02796053 -0.1316519 -0.04342132 -0.003994941 -0.1343392 -0.05577987 0.02796053 -0.1403452 -0.04575067 -0.003994941 -0.1430326 -9.99182e-4 -0.004039466 -0.1420851 -0.01129329 -0.03599494 -0.1407299 -0.0021739 -0.004039466 -0.1510081 -0.01246803 -0.03599494 -0.1496528 -0.02551507 0.003994941 -0.1388576 -0.03580921 -0.02796053 -0.1375023 -0.02668982 0.003994941 -0.1477805 -0.03698396 -0.02796053 -0.1464253 0.007172226 0.03599494 -0.141 0.01755517 0.004039466 -0.141 0.007172226 0.03599494 -0.15 0.01755517 0.004039466 -0.15 -0.01755517 0.02796053 -0.141 -0.007172226 -0.003994941 -0.141 -0.01755517 0.02796053 -0.15 -0.007172226 -0.003994941 -0.15 0.03580921 -0.004039466 -0.1375023 0.02551507 -0.03599494 -0.1388575 0.03698396 -0.004039466 -0.1464253 0.02668982 -0.03599494 -0.1477805 0.01129329 0.003994941 -0.1407299 9.99182e-4 -0.02796053 -0.1420851 0.01246803 0.003994941 -0.1496528 0.0021739 -0.02796053 -0.1510081 0.04342132 0.03599494 -0.1343392 0.05345046 0.004039466 -0.1316519 0.04575067 0.03599494 -0.1430326 0.05577987 0.004039466 -0.1403452 0.01953643 0.02796053 -0.1407392 0.02956557 -0.003994941 -0.1380518 0.02186578 0.02796053 -0.1494325 0.03189498 -0.003994941 -0.1467452 0.07017725 -0.004039466 -0.1235489 0.0605846 -0.03599494 -0.1275223 0.07362139 -0.004039466 -0.1318638 0.06402873 -0.03599494 -0.1358372 0.04733198 0.003994941 -0.1330117 0.03773939 -0.02796053 -0.1369851 0.05077618 0.003994941 -0.1413266 0.04118353 -0.02796053 -0.1453 0.07671129 0.03599494 -0.1185235 0.08570325 0.004039466 -0.113332 0.08121132 0.03599494 -0.1263177 0.09020322 0.004039466 -0.1211262 0.05529671 0.02796053 -0.1308872 0.06428861 -0.003994941 -0.1256957 0.05979669 0.02796053 -0.1386814 0.06878864 -0.003994941 -0.1334899 0.09976285 -0.004039466 -0.1011759 0.09152549 -0.03599494 -0.1074966 0.1052416 -0.004039466 -0.108316 0.09700429 -0.03599494 -0.1146368 0.08014523 0.003994941 -0.116229 0.07190787 -0.02796053 -0.1225497 0.08562403 0.003994941 -0.1233692 0.07738667 -0.02796053 -0.1296899 0.1047735 0.03599494 -0.09463053 0.1121154 0.004039466 -0.08728867 0.1111375 0.03599494 -0.1009945 0.1184793 0.004039466 -0.0936526 0.08728861 0.02796053 -0.1121155 0.09463047 -0.003994941 -0.1047736 0.09365254 0.02796053 -0.1184794 0.1009944 -0.003994941 -0.1111376 0.1225497 -0.004039466 -0.07190793 0.1162289 -0.03599494 -0.08014529 0.1296898 -0.004039466 -0.07738679 0.1233691 -0.03599494 -0.08562415 0.1074965 0.003994941 -0.09152555 0.1011758 -0.02796053 -0.09976285 0.1146367 0.003994941 -0.09700441 0.108316 -0.02796053 -0.1052417 0.1256957 0.03599494 -0.06428861 0.1308872 0.004039466 -0.05529665 0.1334899 0.03599494 -0.06878858 0.1386814 0.004039466 -0.05979669 0.1133319 0.02796053 -0.08570325 0.1185234 -0.003994941 -0.07671129 0.1211262 0.02796053 -0.09020322 0.1263177 -0.003994941 -0.08121132 0.1369851 -0.004039466 -0.03773945 0.1330117 -0.03599494 -0.04733204 0.1453 -0.004039466 -0.04118359 0.1413266 -0.03599494 -0.05077618 0.1275223 0.003994941 -0.06058466 0.1235489 -0.02796053 -0.07017725 0.1358372 0.003994941 -0.06402879 0.1318638 -0.02796053 -0.07362139 0.1380518 0.03599494 -0.02956563 0.1407392 0.004039466 -0.01953649 0.1467452 0.03599494 -0.03189504 0.1494324 0.004039466 -0.02186584 0.1316519 0.02796053 -0.05345052 0.1343392 -0.003994941 -0.04342138 0.1403452 0.02796053 -0.05577993 0.1430325 -0.003994941 -0.04575073 0.1420851 -0.004039466 -9.99257e-4 0.1407299 -0.03599494 -0.01129335 0.1510081 -0.004039466 -0.00217396 0.1496528 -0.03599494 -0.01246809 0.1388575 0.003994941 -0.02551513 0.1375023 -0.02796053 -0.03580927 0.1477805 0.003994941 -0.02668988 0.1464253 -0.02796053 -0.03698402 0.141 0.03599494 0.007172226 0.141 0.004039466 0.01755523 0.1499999 0.03599494 0.007172226 0.1499999 0.004039466 0.01755523 0.141 0.02796053 -0.01755517 0.141 -0.003994941 -0.007172226 0.1499999 0.02796053 -0.01755517 0.1499999 -0.003994941 -0.007172226 0.1375023 -0.004039466 0.03580915 0.1388575 -0.03599494 0.02551501 0.1464253 -0.004039466 0.0369839 0.1477805 -0.03599494 0.02668976 0.1407299 0.003994941 0.01129323 0.1420851 -0.02796053 9.99138e-4 0.1496528 0.003994941 0.01246798 0.1510081 -0.02796053 0.00217384 0.1343392 0.03599494 0.04342126 0.1316519 0.004039466 0.05345046 0.1430325 0.03599494 0.04575061 0.1403452 0.004039466 0.05577981 0.1407391 0.02796053 0.01953637 0.1380518 -0.003994941 0.02956551 0.1494324 0.02796053 0.02186572 0.1467452 -0.003994941 0.03189492 0.1235489 -0.004039466 0.07017731 0.1275222 -0.03599494 0.06058466 0.1318638 -0.004039466 0.07362145 0.1358371 -0.03599494 0.06402885 0.1330116 0.003994941 0.0473321 0.136985 -0.02796053 0.03773945 0.1413266 0.003994941 0.05077624 0.1452999 -0.02796053 0.04118365 0.1185234 0.03599494 0.07671129 0.1133319 0.004039466 0.08570325 0.1263177 0.03599494 0.08121132 0.1211262 0.004039466 0.09020322 0.1308872 0.02796053 0.05529671 0.1256957 -0.003994941 0.06428861 0.1386814 0.02796053 0.05979669 0.1334899 -0.003994941 0.06878858 0.1011759 -0.004039466 0.09976279 0.1074966 -0.03599494 0.09152543 0.108316 -0.004039466 0.1052417 0.1146368 -0.03599494 0.09700429 0.1162289 0.003994941 0.08014518 0.1225497 -0.02796053 0.07190781 0.1233692 0.003994941 0.08562403 0.1296899 -0.02796053 0.07738667 0.09463059 0.03599494 0.1047735 0.08728873 0.004039466 0.1121154 0.1009945 0.03599494 0.1111375 0.09365266 0.004039466 0.1184794 0.1121155 0.02796053 0.08728855 0.1047737 -0.003994941 0.09463042 0.1184794 0.02796053 0.09365254 0.1111376 -0.003994941 0.1009944 0.07190781 -0.004039466 0.1225497 0.08014523 -0.03599494 0.116229 0.07738667 -0.004039466 0.1296899 0.08562403 -0.03599494 0.1233692 0.09152549 0.003994941 0.1074966 0.09976285 -0.02796053 0.1011759 0.09700429 0.003994941 0.1146368 0.1052417 -0.02796053 0.108316 0.06428867 0.03599494 0.1256957 0.05529677 0.004039466 0.1308872 0.0687887 0.03599494 0.1334899 0.05979675 0.004039466 0.1386814 0.08570331 0.02796053 0.1133319 0.07671135 -0.003994941 0.1185234 0.09020328 0.02796053 0.1211262 0.08121138 -0.003994941 0.1263176 0.03773951 -0.004039466 0.1369851 0.0473321 -0.03599494 0.1330116 0.04118365 -0.004039466 0.1453 0.05077624 -0.03599494 0.1413266 0.06058472 0.003994941 0.1275222 0.07017731 -0.02796053 0.1235489 0.06402885 0.003994941 0.1358371 0.07362145 -0.02796053 0.1318638 0.02956557 0.03599494 0.1380518 0.01953637 0.004039466 0.1407392 0.03189492 0.03599494 0.1467452 0.02186572 0.004039466 0.1494325 0.05345046 0.02796053 0.1316519 0.04342126 -0.003994941 0.1343392 0.05577981 0.02796053 0.1403452 0.04575067 -0.003994941 0.1430325 9.99153e-4 -0.004039466 0.1420851 0.01129329 -0.03599494 0.1407299 0.0021739 -0.004039466 0.1510081 0.01246803 -0.03599494 0.1496529 0.02551507 0.003994941 0.1388576 0.03580921 -0.02796053 0.1375023 0.02668982 0.003994941 0.1477805 0.03698396 -0.02796053 0.1464253 0 0.03799998 0.08799999 0 0.04199999 0.08397465 0 0.04146409 0.08598732 0 0.03999996 0.08746069 0 -0.04199999 0.08397465 0 -0.03799998 0.08799999 0 -0.04146409 0.08598732 0 -0.03999996 0.08746069 0.01868611 0.04199999 0.08186924 0.01958185 0.03799998 0.08579361 0.01913398 0.04146409 0.08383142 0.01946181 0.03999996 0.08526784 0.01868611 -0.04199999 0.08186924 0.01958185 -0.03799998 0.08579361 0.01913398 -0.04146409 0.08383142 0.01946181 -0.03999996 0.08526784 0.03643518 0.04199999 0.07565855 0.03818178 0.03799998 0.0792852 0.03730851 0.04146409 0.07747191 0.03794777 0.03999996 0.07879936 0.03643518 -0.04199999 0.07565855 0.03818178 -0.03799998 0.07928526 0.03730851 -0.04146409 0.07747191 0.03794777 -0.03999996 0.07879936 0.05235737 0.04199999 0.06565403 0.05486708 0.03799998 0.06880116 0.05361223 0.04146409 0.0672276 0.05453085 0.03999996 0.06837952 0.05235737 -0.04199999 0.06565403 0.05486708 -0.03799998 0.06880116 0.05361223 -0.04146409 0.0672276 0.05453085 -0.03999996 0.06837952 0.06565403 0.04199999 0.05235737 0.06880116 0.03799998 0.05486708 0.0672276 0.04146409 0.05361223 0.06837952 0.03999996 0.05453085 0.06565403 -0.04199999 0.05235737 0.06880116 -0.03799998 0.05486708 0.0672276 -0.04146409 0.05361223 0.06837952 -0.03999996 0.05453085 0.07565861 0.04199999 0.03643518 0.07928526 0.03799998 0.03818172 0.07747191 0.04146409 0.03730845 0.07879936 0.03999996 0.03794777 0.07565861 -0.04199999 0.03643518 0.07928526 -0.03799998 0.03818172 0.07747191 -0.04146409 0.03730845 0.07879936 -0.03999996 0.03794777 0.08186924 0.04199999 0.01868611 0.08579367 0.03799998 0.01958179 0.08383142 0.04146409 0.01913398 0.0852679 0.03999996 0.01946181 0.08186924 -0.04199999 0.01868611 0.08579367 -0.03799998 0.01958179 0.08383148 -0.04146409 0.01913398 0.0852679 -0.03999996 0.01946181 0.08397465 0.04199999 0 0.08799999 0.03799998 0 0.08598732 0.04146409 0 0.08746069 0.03999996 0 0.08397465 -0.04199999 0 0.08799999 -0.03799998 0 0.08598732 -0.04146409 0 0.08746069 -0.03999996 0 0.08186924 0.04199999 -0.01868611 0.08579367 0.03799998 -0.01958179 0.08383148 0.04146409 -0.01913398 0.0852679 0.03999996 -0.01946181 0.08186924 -0.04199999 -0.01868611 0.08579367 -0.03799998 -0.01958179 0.08383142 -0.04146409 -0.01913398 0.0852679 -0.03999996 -0.01946181 0.07565861 0.04199999 -0.03643518 0.07928526 0.03799998 -0.03818172 0.07747191 0.04146409 -0.03730845 0.07879936 0.03999996 -0.03794777 0.07565861 -0.04199999 -0.03643518 0.07928526 -0.03799998 -0.03818172 0.07747191 -0.04146409 -0.03730845 0.07879936 -0.03999996 -0.03794777 0.06565403 0.04199999 -0.05235737 0.06880116 0.03799998 -0.05486708 0.0672276 0.04146409 -0.05361223 0.06837952 0.03999996 -0.05453085 0.06565403 -0.04199999 -0.05235737 0.06880116 -0.03799998 -0.05486708 0.0672276 -0.04146409 -0.05361223 0.06837952 -0.03999996 -0.05453085 0.05235737 0.04199999 -0.06565403 0.05486708 0.03799998 -0.06880116 0.05361223 0.04146409 -0.0672276 0.05453085 0.03999996 -0.06837952 0.05235737 -0.04199999 -0.06565403 0.05486708 -0.03799998 -0.06880116 0.05361223 -0.04146409 -0.0672276 0.05453085 -0.03999996 -0.06837952 0.03643518 0.04199999 -0.07565855 0.03818178 0.03799998 -0.07928526 0.03730851 0.04146409 -0.07747191 0.03794777 0.03999996 -0.07879936 0.03643518 -0.04199999 -0.07565855 0.03818178 -0.03799998 -0.07928526 0.03730851 -0.04146409 -0.07747191 0.03794777 -0.03999996 -0.07879936 0.01868611 0.04199999 -0.08186924 0.01958185 0.03799998 -0.08579361 0.01913398 0.04146409 -0.08383142 0.01946181 0.03999996 -0.08526784 0.01868611 -0.04199999 -0.08186924 0.01958185 -0.03799998 -0.08579361 0.01913398 -0.04146409 -0.08383142 0.01946181 -0.03999996 -0.08526784 0 0.04199999 -0.08397465 0 0.03799998 -0.08799999 0 0.04146409 -0.08598732 0 0.03999996 -0.08746069 0 -0.04199999 -0.08397465 0 -0.03799998 -0.08799999 0 -0.04146409 -0.08598732 0 -0.03999996 -0.08746069 -0.01868611 0.04199999 -0.08186924 -0.01958185 0.03799998 -0.08579361 -0.01913398 0.04146409 -0.08383142 -0.01946181 0.03999996 -0.08526784 -0.01868611 -0.04199999 -0.08186924 -0.01958185 -0.03799998 -0.08579361 -0.01913398 -0.04146409 -0.08383142 -0.01946181 -0.03999996 -0.08526784 -0.03643518 0.04199999 -0.07565855 -0.03818178 0.03799998 -0.07928526 -0.03730851 0.04146409 -0.07747191 -0.03794777 0.03999996 -0.07879936 -0.03643518 -0.04199999 -0.07565855 -0.03818178 -0.03799998 -0.07928526 -0.03730851 -0.04146409 -0.07747191 -0.03794777 -0.03999996 -0.07879936 -0.05235737 0.04199999 -0.06565403 -0.05486708 0.03799998 -0.06880116 -0.05361223 0.04146409 -0.0672276 -0.05453085 0.03999996 -0.06837952 -0.05235737 -0.04199999 -0.06565403 -0.05486708 -0.03799998 -0.06880116 -0.05361223 -0.04146409 -0.0672276 -0.05453085 -0.03999996 -0.06837952 -0.06565403 0.04199999 -0.05235737 -0.06880116 0.03799998 -0.05486708 -0.0672276 0.04146409 -0.05361223 -0.06837952 0.03999996 -0.05453085 -0.06565403 -0.04199999 -0.05235737 -0.06880116 -0.03799998 -0.05486708 -0.0672276 -0.04146409 -0.05361223 -0.06837952 -0.03999996 -0.05453085 -0.07565855 0.04199999 -0.03643518 -0.07928526 0.03799998 -0.03818172 -0.07747191 0.04146409 -0.03730845 -0.07879936 0.03999996 -0.03794777 -0.07565855 -0.04199999 -0.03643518 -0.07928526 -0.03799998 -0.03818172 -0.07747191 -0.04146409 -0.03730845 -0.07879936 -0.03999996 -0.03794777 -0.08186924 0.04199999 -0.01868611 -0.08579361 0.03799998 -0.01958179 -0.08383142 0.04146409 -0.01913398 -0.08526784 0.03999996 -0.01946181 -0.08186924 -0.04199999 -0.01868611 -0.08579361 -0.03799998 -0.01958179 -0.08383142 -0.04146409 -0.01913398 -0.0852679 -0.03999996 -0.01946181 -0.08397465 0.04199999 0 -0.08799999 0.03799998 0 -0.08598732 0.04146409 0 -0.08746069 0.03999996 0 -0.08397465 -0.04199999 0 -0.08799999 -0.03799998 0 -0.08598732 -0.04146409 0 -0.08746069 -0.03999996 0 -0.08186924 0.04199999 0.01868611 -0.08579361 0.03799998 0.01958179 -0.08383142 0.04146409 0.01913398 -0.0852679 0.03999996 0.01946181 -0.08186924 -0.04199999 0.01868611 -0.08579361 -0.03799998 0.01958179 -0.08383142 -0.04146409 0.01913398 -0.08526784 -0.03999996 0.01946181 -0.07565855 0.04199999 0.03643518 -0.07928526 0.03799998 0.03818172 -0.07747191 0.04146409 0.03730845 -0.07879936 0.03999996 0.03794777 -0.07565855 -0.04199999 0.03643518 -0.07928526 -0.03799998 0.03818172 -0.07747191 -0.04146409 0.03730845 -0.07879936 -0.03999996 0.03794777 -0.06565403 0.04199999 0.05235737 -0.06880116 0.03799998 0.05486708 -0.0672276 0.04146409 0.05361223 -0.06837952 0.03999996 0.05453085 -0.06565403 -0.04199999 0.05235737 -0.06880116 -0.03799998 0.05486708 -0.0672276 -0.04146409 0.05361223 -0.06837952 -0.03999996 0.05453085 -0.05235737 0.04199999 0.06565403 -0.05486708 0.03799998 0.06880116 -0.05361223 0.04146409 0.0672276 -0.05453085 0.03999996 0.06837952 -0.05235737 -0.04199999 0.06565403 -0.05486708 -0.03799998 0.06880116 -0.05361223 -0.04146409 0.0672276 -0.05453085 -0.03999996 0.06837952 -0.03643518 0.04199999 0.07565855 -0.03818178 0.03799998 0.0792852 -0.03730851 0.04146409 0.07747191 -0.03794777 0.03999996 0.07879936 -0.03643518 -0.04199999 0.07565855 -0.03818178 -0.03799998 0.07928526 -0.03730851 -0.04146409 0.07747191 -0.03794777 -0.03999996 0.07879936 -0.01868611 0.04199999 0.08186924 -0.01958185 0.03799998 0.08579361 -0.01913398 0.04146409 0.08383142 -0.01946181 0.03999996 0.08526784 -0.01868611 -0.04199999 0.08186924 -0.01958185 -0.03799998 0.08579361 -0.01913398 -0.04146409 0.08383142 -0.01946181 -0.03999996 0.08526784 0 0.04199999 0.02799999 0 0.04500001 0.0249412 0 0.04459804 0.0264706 0 0.0435 0.02759015 0 -0.04499995 0.0249412 0 -0.04199999 0.02799999 0 -0.04459804 0.0264706 0 -0.0435 0.02759015 0.00954461 0.04500001 0.02304267 0.01071512 0.04199999 0.02586859 0.01012986 0.04459804 0.0244556 0.0105583 0.0435 0.02548998 0.00954461 -0.04499995 0.02304267 0.01071512 -0.04199999 0.02586859 0.01012986 -0.04459804 0.02445566 0.0105583 -0.0435 0.02548998 0.01763612 0.04500001 0.01763606 0.01979899 0.04199999 0.01979899 0.01871752 0.04459804 0.01871752 0.01950919 0.0435 0.01950919 0.01763612 -0.04499995 0.01763612 0.01979899 -0.04199999 0.01979899 0.01871752 -0.04459804 0.01871752 0.01950919 -0.0435 0.01950919 0.02304267 0.04500001 0.009544551 0.02586859 0.04199999 0.01071512 0.02445566 0.04459804 0.01012986 0.02548998 0.0435 0.0105583 0.02304267 -0.04499995 0.009544551 0.02586859 -0.04199999 0.01071512 0.02445566 -0.04459804 0.01012986 0.02548998 -0.0435 0.0105583 0.0249412 0.04500001 0 0.02799999 0.04199999 0 0.0264706 0.04459804 0 0.02759021 0.0435 0 0.0249412 -0.04500001 0 0.02799999 -0.04199999 0 0.0264706 -0.04459804 0 0.02759021 -0.0435 0 0.02304267 0.04499995 -0.009544551 0.02586859 0.04199999 -0.01071512 0.02445566 0.04459804 -0.01012986 0.02548998 0.0435 -0.0105583 0.02304267 -0.04500001 -0.009544551 0.02586859 -0.04199999 -0.01071512 0.02445566 -0.04459804 -0.01012986 0.02548998 -0.0435 -0.0105583 0.01763612 0.04499995 -0.01763612 0.01979899 0.04199999 -0.01979899 0.01871752 0.04459804 -0.01871752 0.01950919 0.0435 -0.01950919 0.01763612 -0.04500001 -0.01763606 0.01979899 -0.04199999 -0.01979899 0.01871752 -0.04459804 -0.01871752 0.01950919 -0.0435 -0.01950919 0.00954461 0.04499995 -0.02304267 0.01071512 0.04199999 -0.02586859 0.01012986 0.04459804 -0.02445566 0.0105583 0.0435 -0.02548998 0.00954461 -0.04500001 -0.02304267 0.01071512 -0.04199999 -0.02586859 0.01012986 -0.04459804 -0.0244556 0.0105583 -0.0435 -0.02548998 0 0.04499995 -0.0249412 0 0.04199999 -0.02799999 0 0.04459804 -0.0264706 0 0.0435 -0.02759015 0 -0.04500001 -0.0249412 0 -0.04199999 -0.02799999 0 -0.04459804 -0.0264706 0 -0.0435 -0.02759015 -0.00954461 0.04499995 -0.02304267 -0.01071512 0.04199999 -0.02586859 -0.01012986 0.04459804 -0.02445566 -0.0105583 0.0435 -0.02548998 -0.00954461 -0.04500001 -0.02304267 -0.01071512 -0.04199999 -0.02586859 -0.01012986 -0.04459804 -0.0244556 -0.0105583 -0.0435 -0.02548998 -0.01763612 0.04499995 -0.01763612 -0.01979899 0.04199999 -0.01979899 -0.01871752 0.04459804 -0.01871752 -0.01950919 0.0435 -0.01950919 -0.01763612 -0.04500001 -0.01763606 -0.01979899 -0.04199999 -0.01979899 -0.01871752 -0.04459804 -0.01871752 -0.01950919 -0.0435 -0.01950919 -0.02304267 0.04499995 -0.009544551 -0.02586859 0.04199999 -0.01071512 -0.02445566 0.04459804 -0.01012986 -0.02548998 0.0435 -0.0105583 -0.02304267 -0.04500001 -0.009544551 -0.02586859 -0.04199999 -0.01071512 -0.02445566 -0.04459804 -0.01012986 -0.02548998 -0.0435 -0.0105583 -0.0249412 0.04500001 0 -0.02799999 0.04199999 0 -0.0264706 0.04459804 0 -0.02759021 0.0435 0 -0.0249412 -0.04500001 0 -0.02799999 -0.04199999 0 -0.0264706 -0.04459804 0 -0.02759021 -0.0435 0 -0.02304267 0.04500001 0.009544551 -0.02586859 0.04199999 0.01071512 -0.02445566 0.04459804 0.01012986 -0.02548998 0.0435 0.0105583 -0.02304267 -0.04499995 0.009544551 -0.02586859 -0.04199999 0.01071512 -0.02445566 -0.04459804 0.01012986 -0.02548998 -0.0435 0.0105583 -0.01763612 0.04500001 0.01763606 -0.01979899 0.04199999 0.01979899 -0.01871752 0.04459804 0.01871752 -0.01950919 0.0435 0.01950919 -0.01763612 -0.04499995 0.01763612 -0.01979899 -0.04199999 0.01979899 -0.01871752 -0.04459804 0.01871752 -0.01950919 -0.0435 0.01950919 -0.00954461 0.04500001 0.02304267 -0.01071512 0.04199999 0.02586859 -0.01012986 0.04459804 0.0244556 -0.0105583 0.0435 0.02548998 -0.00954461 -0.04499995 0.02304267 -0.01071512 -0.04199999 0.02586859 -0.01012986 -0.04459804 0.02445566 -0.0105583 -0.0435 0.02548998 0.04500001 0.04199999 0.005999982 0.04500001 -0.04199999 0.005999982 0.05019617 0.04199999 0.002999961 0.05019617 -0.04199999 0.002999961 0.05019617 0.04199999 -0.002999961 0.05019617 -0.04199999 -0.002999961 0.04500001 0.04199999 -0.005999982 0.04500001 -0.04199999 -0.005999982 0.03980386 0.04199999 -0.002999961 0.03980386 -0.04199999 -0.002999961 0.03980386 0.04199999 0.002999961 0.03980386 -0.04199999 0.002999961 0.01730382 0.04199999 0.04197114 0.01730382 -0.04199999 0.04197114 0.02249997 0.04199999 0.0449711 0.02249997 -0.04199999 0.0449711 0.02769613 0.04199999 0.04197114 0.02769613 -0.04199999 0.04197114 0.02769613 0.04199999 0.0359711 0.02769613 -0.04199999 0.03597116 0.02249997 0.04199999 0.03297114 0.02249997 -0.04199999 0.03297114 0.01730382 0.04199999 0.0359711 0.01730382 -0.04199999 0.03597116 -0.02769613 0.04199999 0.0359711 -0.02769613 -0.04199999 0.03597116 -0.02769613 0.04199999 0.04197114 -0.02769613 -0.04199999 0.04197114 -0.02249997 0.04199999 0.0449711 -0.02249997 -0.04199999 0.0449711 -0.01730382 0.04199999 0.04197114 -0.01730382 -0.04199999 0.04197114 -0.01730382 0.04199999 0.0359711 -0.01730382 -0.04199999 0.03597116 -0.02249997 0.04199999 0.03297114 -0.02249997 -0.04199999 0.03297114 -0.04500001 0.04199999 -0.005999982 -0.04500001 -0.04199999 -0.005999982 -0.05019617 0.04199999 -0.002999961 -0.05019617 -0.04199999 -0.002999961 -0.05019617 0.04199999 0.002999961 -0.05019617 -0.04199999 0.002999961 -0.04500001 0.04199999 0.005999982 -0.04500001 -0.04199999 0.005999982 -0.03980386 0.04199999 0.002999961 -0.03980386 -0.04199999 0.002999961 -0.03980386 0.04199999 -0.002999961 -0.03980386 -0.04199999 -0.002999961 -0.01730382 0.04199999 -0.04197114 -0.01730382 -0.04199999 -0.04197114 -0.02249997 0.04199999 -0.0449711 -0.02249997 -0.04199999 -0.0449711 -0.02769613 0.04199999 -0.04197114 -0.02769613 -0.04199999 -0.04197114 -0.02769613 0.04199999 -0.0359711 -0.02769613 -0.04199999 -0.0359711 -0.02249997 0.04199999 -0.03297114 -0.02249997 -0.04199999 -0.03297114 -0.01730382 0.04199999 -0.0359711 -0.01730382 -0.04199999 -0.0359711 0.02769613 0.04199999 -0.0359711 0.02769613 -0.04199999 -0.0359711 0.02769613 0.04199999 -0.04197114 0.02769613 -0.04199999 -0.04197114 0.02249997 0.04199999 -0.0449711 0.02249997 -0.04199999 -0.0449711 0.01730382 0.04199999 -0.04197114 0.01730382 -0.04199999 -0.04197114 0.01730382 0.04199999 -0.0359711 0.01730382 -0.04199999 -0.0359711 0.02249997 0.04199999 -0.03297114 0.02249997 -0.04199999 -0.03297114</float_array>
          <technique_common>
            <accessor source="#wheel_fl-mesh-positions-array" count="1096" stride="3">
              <param name="X" type="float"/>
              <param name="Y" type="float"/>
              <param name="Z" type="float"/>
            </accessor>
          </technique_common>
        </source>
        <source id="wheel_fl-mesh-normals">
          <float_array id="wheel_fl-mesh-normals-array" count="5643">0.8586689 -0.1300632 -0.4957533 0.81644 -0.495098 -0.2971594 0.7524349 -0.4950994 -0.4344173 0.7524343 -0.4951009 0.4344168 0.3902112 -0.8605391 0.3274258 0.4411394 -0.8605394 0.2546922 -0.1721734 -0.1300631 0.9764425 0 0.1300645 0.9915056 -0.1721748 0.1300628 0.9764423 0.4411405 -0.8605387 -0.2546923 0.759537 -0.1300618 0.6373284 0.8586682 -0.1300646 0.4957543 0.3391149 -0.1300607 0.931711 0.4957532 0.1300651 0.8586687 0.3391154 0.1300652 0.9317102 0.8164395 0.4950983 -0.2971602 0.4411407 0.8605385 -0.2546929 0.4786665 0.8605381 -0.1742203 0.4411404 0.8605389 0.2546923 0.1050564 0.9905515 0.088153 0.39021 0.86054 0.3274248 0.4957536 -0.1300656 0.8586683 0.6373285 0.1300621 0.7595371 0.858669 0.1300647 -0.4957529 0.9317104 0.130064 -0.3391153 0.7524346 0.4951 0.4344171 0.6655672 0.4951006 0.5584764 0.7595381 0.130062 0.6373272 0.4786664 -0.8605383 -0.17422 0.1350615 -0.990551 -0.02381497 0.1288706 -0.9905515 -0.04690498 0.8586689 0.1300647 0.495753 0.5016448 -0.8605397 -0.08845406 0.3274264 -0.8605386 0.3902119 0.105057 -0.9905514 0.08815336 0.9317099 -0.1300643 0.3391165 0.9317104 0.1300638 0.3391153 0.9317099 -0.1300644 -0.3391164 0.8556354 -0.4951017 -0.1508724 0.5584761 -0.4950994 0.6655683 0.665567 -0.4951014 0.5584758 0.9764424 -0.1300646 0.1721726 0.9764424 0.1300646 0.1721727 0.1350575 0.9905515 -0.02381408 0.5016438 0.8605401 -0.08845418 0.9915059 0.1300615 8.11399e-7 0.8556358 0.4951011 -0.1508727 0.3274254 0.8605394 0.3902111 0.08815437 0.9905512 0.1050575 0.991506 -0.1300619 -8.0898e-7 0.9764428 0.1300633 -0.1721719 0.5584763 0.4950993 0.6655682 0.9764421 -0.1300659 -0.1721734 0.1371408 -0.9905516 0 0.5093829 -0.86054 0 0.06857097 -0.9905515 0.1187686 0.08815336 -0.9905514 0.1050571 0.7595381 0.1300619 -0.6373271 0.4344183 -0.4950993 0.7524344 0.7595372 -0.1300632 -0.6373279 0.6373289 0.1300629 -0.7595365 0.1371417 0.9905515 0 0.5093826 0.8605403 0 0.637328 -0.1300635 0.759537 0.6373276 -0.1300629 -0.7595375 0.4957544 0.1300645 -0.858668 0.8688358 0.4951004 0 0.2546927 0.8605386 0.4411407 0.06857275 0.9905511 0.1187703 0.4957529 -0.1300645 -0.858669 0.3391165 0.1300636 -0.93171 0.4344182 0.4950985 0.7524349 0.3391147 -0.1300637 -0.9317106 0.1721746 0.1300629 -0.9764423 0.5016452 -0.8605395 0.08845406 0.1721734 -0.1300634 -0.9764424 6.33628e-7 0.1300655 -0.9915054 0.8556355 -0.4951016 0.1508724 0.8688363 -0.4950997 0 0.2546925 -0.8605389 0.4411401 0.04690569 -0.9905513 0.1288726 -6.34837e-7 -0.1300655 -0.9915054 -0.172173 0.1300629 -0.9764426 0.1742193 -0.86054 0.4786634 -0.1721751 -0.1300634 -0.9764422 -0.3391149 0.1300636 -0.9317106 0.5016438 0.8605402 0.08845418 0.1350573 0.9905516 0.0238142 -0.3391164 -0.1300637 -0.9317101 -0.4957519 0.1300629 -0.8586697 0.8556358 0.495101 0.1508727 0.1742199 0.8605386 0.4786657 0.04690527 0.9905513 0.1288721 -0.4957534 -0.1300629 -0.8586689 -0.6373262 0.1300638 -0.7595386 0.2971602 0.4951006 0.8164383 -0.6373283 -0.1300654 -0.7595366 -0.7595366 0.1300635 -0.6373285 0.4786666 -0.8605381 0.1742204 0.1350578 -0.9905515 0.02381432 -0.7595381 -0.1300624 -0.6373271 -0.8586682 0.1300647 -0.4957543 0.8164399 -0.4950981 0.2971594 0.08845353 -0.8605387 0.5016465 -0.858669 -0.1300647 -0.4957529 -0.9317099 0.1300639 -0.3391166 0.1508704 -0.4951005 0.8556364 0.2971596 -0.4951012 0.816438 -0.9317104 -0.1300644 -0.3391149 -0.9764421 0.1300647 -0.172174 0.4786663 0.8605382 0.1742199 0.1288747 0.990551 0.04690635 -0.9764424 -0.1300645 -0.1721733 -0.9915058 0.130063 -8.09585e-7 0.8164398 0.4950979 0.2971601 0.08845359 0.8605391 0.5016458 0.02381491 0.9905511 0.1350616 -0.9915054 -0.1300655 8.08964e-7 -0.9764425 0.1300644 0.1721725 0.1508712 0.4951015 0.8556357 -0.9764421 -0.1300644 0.1721749 -0.9317106 0.1300639 0.3391151 0.1187715 -0.9905509 0.06857293 0.1288706 -0.9905515 0.04690492 0.1721748 0.1300628 0.9764423 -0.9317099 -0.1300644 0.3391165 -0.8586689 0.1300647 0.495753 0 -0.990551 0.1371454 0.02381438 -0.9905514 0.1350589 -0.8586682 -0.1300646 0.4957543 -0.7595381 0.1300624 0.6373271 0 -0.4950994 0.8688365 -0.7595365 -0.1300633 0.6373288 -0.6373284 0.1300657 0.7595364 0.1187674 0.9905517 0.06857013 0.1721734 -0.1300631 0.9764425 -0.6373266 -0.1300633 0.7595382 -0.4957532 0.1300636 0.8586689 0 0.8605381 0.5093864 0 0.9905515 0.137142 -0.4957511 -0.1300642 0.85867 -0.339116 0.1300639 0.9317101 0 0.4950987 0.8688367 -0.3391143 -0.1300619 0.9317111 0.1187683 0.9905514 -0.06857097 0.128874 0.9905511 -0.04690617 -0.1187732 -0.9905506 0.06857401 0.08815729 -0.9905505 -0.1050617 0.1187678 -0.9905515 -0.06857085 0.7524342 0.4951009 -0.4344168 0.3902102 0.8605399 -0.327425 0.1050572 0.9905514 -0.08815407 0.6655661 -0.4951019 -0.5584764 0.39021 -0.86054 -0.327425 0.1050561 -0.9905515 -0.08815252 0.5584761 0.4950997 -0.6655679 0.6655667 0.4951015 -0.558476 0.3274256 0.8605391 -0.3902112 0.5584762 -0.4950993 -0.6655683 0.3274253 -0.8605395 -0.3902108 0.4344179 0.4950987 -0.7524349 0.2546921 0.860539 -0.4411403 0.08815336 0.9905513 -0.1050575 0.4344182 -0.4950981 -0.7524352 0.2546935 -0.8605379 -0.4411416 0.0685696 -0.9905519 -0.1187652 0.2971594 0.4951027 -0.8164371 0.1742199 0.8605392 -0.4786648 0.06857287 0.990551 -0.1187716 0.2971589 -0.4951021 -0.8164377 0.1742202 -0.8605387 -0.4786652 0.04690539 -0.9905514 -0.128871 0.1508708 0.4951001 -0.8556366 0.08845359 0.8605386 -0.5016465 0.04690515 0.9905514 -0.1288719 0.1508711 -0.4950996 -0.8556368 0.08845382 -0.8605388 -0.5016463 0.02381443 -0.9905514 -0.1350584 0 0.4950994 -0.8688364 0 0.9905515 -0.1371421 0.02381503 0.9905511 -0.1350615 0 -0.4950987 -0.8688368 0 -0.8605393 -0.5093842 0 -0.9905511 -0.1371444 -0.08845359 0.8605386 -0.5016465 0 0.8605398 -0.5093833 -0.1508711 -0.4950996 -0.8556368 -0.08845388 -0.860538 -0.5016475 -0.02381443 -0.9905515 -0.1350581 -0.1508708 0.4951001 -0.8556366 -0.1742199 0.8605392 -0.4786648 -0.04690545 0.9905513 -0.1288719 -0.02381485 0.9905511 -0.1350605 -0.2971589 -0.4951021 -0.8164377 -0.1742196 -0.8605395 -0.4786641 -0.04690647 -0.9905511 -0.128874 -0.2971594 0.4951027 -0.8164371 -0.4344184 0.4951002 -0.7524337 -0.06857126 0.9905514 -0.1187689 -0.4344187 -0.4950995 -0.7524341 -0.2546926 -0.8605387 -0.4411405 -0.0685693 -0.990552 -0.1187652 -0.5584771 0.4951006 -0.6655666 -0.2546915 0.8605398 -0.441139 -0.3274261 0.8605388 -0.3902117 -0.5584771 -0.495101 -0.6655662 -0.3274269 -0.8605384 -0.3902121 -0.08815377 -0.9905514 -0.1050569 -0.665568 0.4951003 -0.5584757 -0.3902122 0.8605385 -0.3274266 -0.08815318 0.9905515 -0.105056 -0.6655682 -0.4950985 -0.5584769 -0.390211 -0.8605391 -0.3274261 -0.1050564 -0.9905515 -0.08815312 -0.7524343 0.4951009 -0.4344169 -0.1187683 0.9905514 -0.06857115 -0.105061 0.9905508 -0.08815646 -0.7524346 -0.4951 -0.434417 -0.4411394 -0.8605396 -0.2546918 -0.1187678 -0.9905516 -0.06857055 -0.8164399 0.4950979 -0.2971601 -0.4411394 0.8605393 -0.2546923 -0.4786663 0.8605381 -0.1742206 -0.8164401 -0.495098 -0.2971596 -0.4786664 -0.8605382 -0.1742202 -0.12887 -0.9905516 -0.0469051 -0.8556358 0.495101 -0.1508727 -0.5016451 0.8605394 -0.08845412 -0.135058 0.9905515 -0.02381438 -0.1288705 0.9905515 -0.04690492 -0.8556361 -0.4951003 -0.1508724 -0.5016458 -0.8605391 -0.08845406 -0.1350598 -0.9905513 -0.02381473 -0.5093832 0.8605398 3.05693e-7 -0.1371443 0.9905511 0 -0.8688343 -0.4951032 0 -0.5093832 -0.8605399 0 -0.1371415 -0.9905515 0 -0.8556346 0.4951033 0.1508717 -0.8688363 0.4950995 -3.91455e-7 -0.5016451 0.8605395 0.08845388 -0.8556361 -0.4951003 0.1508723 -0.5016457 -0.8605391 0.08845406 -0.1350575 -0.9905516 0.02381432 -0.81644 0.4950977 0.2971599 -0.4786664 0.8605381 0.1742202 -0.1350579 0.9905515 0.02381438 -0.8164399 -0.4950981 0.2971597 -0.4786663 -0.8605381 0.1742206 -0.1288701 -0.9905516 0.04690492 -0.4411391 0.8605396 0.2546917 -0.1187674 0.9905516 0.06857037 -0.1288704 0.9905515 0.04690486 -0.7524343 -0.4951009 0.4344168 -0.4411394 -0.8605394 0.2546922 -0.7524346 0.4951 0.4344171 -0.3902108 0.8605394 0.3274258 -0.665568 -0.4951002 0.5584757 -0.3902111 -0.8605391 0.3274258 -0.1050573 -0.9905513 0.08815366 -0.5584775 0.4950988 0.6655675 -0.6655669 0.4951007 0.5584766 -0.3274261 0.8605388 0.3902117 -0.1050584 0.9905511 0.08815443 -0.5584775 -0.4951003 0.6655665 -0.3274267 -0.8605384 0.3902122 -0.0881533 -0.9905514 0.105057 -0.2546926 0.8605387 0.4411405 -0.08815538 0.9905511 0.1050584 -0.4344184 -0.4951009 0.7524333 -0.2546924 -0.860539 0.4411399 -0.06857097 -0.9905515 0.1187685 -0.2971602 0.4951005 0.8164382 -0.4344185 0.4951002 0.7524338 -0.1742199 0.8605386 0.4786657 -0.0685712 0.9905515 0.1187678 -0.2971596 -0.4951012 0.816438 -0.1742193 -0.86054 0.4786634 -0.04690617 -0.9905511 0.1288738 -0.1508712 0.4951015 0.8556357 -0.08845359 0.8605391 0.5016458 -0.04690533 0.9905513 0.1288721 -0.1508704 -0.4951005 0.8556364 -0.08845353 -0.8605387 0.5016465 -0.02381438 -0.9905514 0.1350589 -0.02381467 0.9905512 0.1350599 0 -0.1300666 0.9915053 0 -0.8605397 0.5093835 -0.9510568 0.3090162 0 -0.9510568 0.3090162 0 0 0 1 1.54777e-7 0 1 2.66519e-7 0 1 0.9510568 -0.3090162 0 0.9510568 -0.3090162 0 0 0 -1 -1.54777e-7 0 -1 0 0 -1 0.3090169 0.9510565 0 0.309017 0.9510565 0 0.309017 0.9510566 0 -0.3090169 -0.9510565 0 -0.309017 -0.9510565 0 -0.309017 -0.9510566 0 -0.9429202 -0.3090165 -0.124139 -0.9429199 -0.3090172 -0.124139 -0.9429202 -0.3090163 -0.124139 -0.1305261 -1.20473e-7 0.9914449 -0.1305258 0 0.9914449 -0.1305269 -6.16324e-7 0.9914448 0.9429199 0.3090171 0.1241392 0.9429202 0.3090164 0.1241387 0.9429203 0.3090163 0.1241387 0.1305258 0 -0.991445 0.1305258 0 -0.991445 0.1305258 -5.66352e-7 -0.991445 -0.3063735 0.9510565 -0.04033511 -0.3063735 0.9510565 -0.04033517 -0.3063735 0.9510565 -0.04033523 0.3063732 -0.9510565 0.04033499 0.3063728 -0.9510567 0.04033529 0.3063735 -0.9510565 0.04033493 -0.9186503 0.3090162 -0.2461521 -0.9186499 0.3090169 -0.2461525 -0.9186499 0.309017 -0.2461526 -0.2588195 2.99833e-7 0.9659257 -0.2588196 2.99833e-7 0.9659257 -0.2588196 2.99833e-7 0.9659257 0.9186503 -0.3090162 0.2461519 0.9186499 -0.309017 0.2461525 0.9186504 -0.3090161 0.2461518 0.2588195 -2.85866e-7 -0.9659257 0.2588196 -2.80486e-7 -0.9659257 0.2588194 -2.99833e-7 -0.9659258 0.2984875 0.9510565 0.07998001 0.298487 0.9510567 0.07997953 0.2984877 0.9510565 0.07998025 -0.2984875 -0.9510565 -0.07997965 -0.298487 -0.9510567 -0.07997965 -0.2984868 -0.9510568 -0.07997965 -0.8786614 -0.3090163 -0.3639548 -0.8786616 -0.3090173 -0.3639537 -0.8786616 -0.3090175 -0.3639534 -0.3826838 0 0.9238794 -0.3826839 0 0.9238793 -0.3826836 -1.99889e-7 0.9238795 0.8786615 0.3090163 0.3639546 0.8786621 0.309017 0.3639528 0.8786614 0.3090162 0.3639551 0.3826836 0 -0.9238795 0.3826836 0 -0.9238796 0.3826835 -2.66519e-7 -0.9238796 -0.2854945 0.9510567 -0.1182554 -0.2854945 0.9510565 -0.118256 -0.2854945 0.9510566 -0.1182552 0.2854944 -0.9510565 0.1182559 0.2854945 -0.9510566 0.1182553 0.2854945 -0.9510566 0.1182551 -0.8236398 0.3090158 -0.475528 -0.8236391 0.3090168 -0.4755287 -0.8236388 0.309017 -0.4755288 -0.5000002 0 0.8660253 -0.5 0 0.8660254 -0.4999997 0 0.8660258 0.8236391 -0.3090164 0.4755287 0.8236398 -0.3090158 0.4755279 0.82364 -0.3090157 0.4755278 0.5000001 0 -0.8660254 0.5000001 0 -0.8660255 0.4999998 1.33259e-7 -0.8660256 0.2676169 0.9510565 0.1545082 0.2676162 0.9510567 0.1545086 0.2676171 0.9510565 0.1545081 -0.2676166 -0.9510565 -0.1545084 -0.2676162 -0.9510566 -0.1545085 -0.267616 -0.9510567 -0.1545085 -0.754524 -0.3090165 -0.5789667 -0.754523 -0.3090173 -0.5789675 -0.7545241 -0.3090164 -0.5789665 -0.6087616 0 0.7933533 -0.6087616 0 0.7933534 -0.6087613 -2.66519e-7 0.7933535 0.7545233 0.3090171 0.5789672 0.7545228 0.3090174 0.5789677 0.7545228 0.3090174 0.5789678 0.6087617 -1.54777e-7 -0.7933531 0.6087616 0 -0.7933532 0.6087622 -2.66518e-7 -0.7933529 -0.2451591 0.9510566 -0.1881179 -0.2451594 0.9510566 -0.1881176 -0.2451595 0.9510566 -0.1881176 0.2451592 -0.9510567 0.1881175 0.2451592 -0.9510566 0.1881179 0.2451593 -0.9510568 0.1881173 -0.6724973 0.3090172 -0.6724997 -0.6724983 0.3090173 -0.6724987 -0.6724986 0.3090172 -0.6724984 -0.7071071 0 0.7071065 -0.7071069 0 0.7071067 -0.7071074 -2.66519e-7 0.7071063 0.6724975 -0.3090181 0.672499 0.6724971 -0.3090174 0.6724997 0.672497 -0.3090173 0.6725 0.707107 0 -0.7071066 0.7071071 0 -0.7071066 0.707107 0 -0.7071066 0.2185082 0.9510565 0.2185081 0.2185077 0.9510565 0.2185087 0.2185083 0.9510565 0.2185078 -0.2185078 -0.9510565 -0.2185083 -0.2185074 -0.9510566 -0.2185084 -0.218508 -0.9510565 -0.2185083 -0.5789679 -0.3090168 -0.7545229 -0.5789669 -0.3090167 -0.7545237 -0.5789666 -0.3090167 -0.7545239 -0.7933529 -2.23482e-7 0.6087621 -0.793353 -3.09555e-7 0.608762 -0.7933527 0 0.6087624 0.578966 0.309017 0.7545245 0.578967 0.3090168 0.7545237 0.5789672 0.3090167 0.7545235 0.7933534 0 -0.6087616 0.7933531 0 -0.6087617 0.7933537 0 -0.6087611 -0.1881176 0.9510566 -0.2451595 -0.1881178 0.9510567 -0.2451592 -0.1881175 0.9510566 -0.2451596 0.1881172 -0.9510566 0.2451596 0.1881179 -0.9510565 0.2451593 0.188117 -0.9510566 0.2451598 -0.4755283 0.3090169 -0.8236391 -0.475528 0.3090168 -0.8236393 -0.4755284 0.3090169 -0.823639 -0.8660256 -4.64332e-7 0.4999998 -0.8660256 -3.35224e-7 0.4999998 -0.8660256 0 0.4999998 0.4755284 -0.309017 0.8236391 0.4755277 -0.3090166 0.8236398 0.4755274 -0.3090165 0.8236398 0.8660256 3.7826e-7 -0.4999997 0.8660256 4.21296e-7 -0.4999997 0.8660256 2.66519e-7 -0.4999998 0.1545084 0.9510566 0.2676163 0.1545085 0.9510565 0.2676166 0.1545084 0.9510567 0.2676162 -0.1545084 -0.9510566 -0.2676164 -0.1545086 -0.9510565 -0.2676166 -0.1545087 -0.9510565 -0.2676168 -0.3639552 -0.309017 -0.878661 -0.363954 -0.3090166 -0.8786617 -0.3639537 -0.3090165 -0.8786619 -0.9238794 0 0.3826838 -0.9238795 0 0.3826838 -0.9238795 0 0.3826836 0.3639547 0.3090171 0.8786612 0.3639538 0.3090168 0.8786616 0.3639549 0.3090173 0.8786611 0.9238795 0 -0.3826839 0.9238795 0 -0.3826839 0.9238793 0 -0.382684 -0.1182557 0.9510565 -0.2854943 -0.118256 0.9510566 -0.2854942 -0.1182557 0.9510566 -0.2854943 0.1182563 -0.9510565 0.2854944 0.1182558 -0.9510566 0.2854943 0.1182556 -0.9510567 0.2854942 -0.246152 0.3090169 -0.91865 -0.2461508 0.3090165 -0.9186504 -0.2461523 0.3090169 -0.9186499 -0.9659258 0 0.2588197 -0.9659258 -1.97814e-7 0.2588198 -0.9659257 -5.33037e-7 0.2588198 0.2461517 -0.3090169 0.91865 0.2461507 -0.3090167 0.9186504 0.2461505 -0.3090167 0.9186505 0.9659258 3.09555e-7 -0.2588197 0.9659258 2.23482e-7 -0.2588197 0.9659257 5.33037e-7 -0.2588196 0.0799793 0.9510566 0.2984873 0.07997947 0.9510567 0.2984874 0.07997953 0.9510566 0.2984874 -0.07997941 -0.9510567 -0.2984873 -0.0799793 -0.9510566 -0.2984874 -0.07997947 -0.9510566 -0.2984873 -0.1241375 -0.3090171 -0.9429202 -0.1241388 -0.3090169 -0.94292 -0.1241391 -0.3090168 -0.94292 -0.9914449 0 0.130526 -0.991445 1.97814e-7 0.1305258 -0.991445 5.33037e-7 0.1305253 0.1241378 0.3090167 0.9429202 0.1241391 0.3090173 0.9429199 0.1241375 0.3090165 0.9429203 0.9914449 -2.23482e-7 -0.130526 0.991445 -3.09555e-7 -0.1305258 0.9914448 0 -0.1305266 -0.04033499 0.9510568 -0.3063728 -0.04033476 0.9510566 -0.3063732 -0.04033511 0.9510568 -0.3063726 0.0403347 -0.9510565 0.3063735 0.04033505 -0.9510565 0.3063732 0.04033517 -0.9510566 0.3063731 0 0.3090164 -0.9510567 0 0.3090169 -0.9510567 0 0.309017 -0.9510566 -1 0 0 -1 1.97813e-7 0 -1 5.33037e-7 0 0 -0.3090169 0.9510567 0 -0.3090165 0.9510567 0 -0.3090164 0.9510568 1 0 0 0 0.9510566 0.3090169 0 0.9510565 0.3090172 0 0.9510565 0.3090173 0 -0.9510566 -0.3090168 0 -0.9510565 -0.3090171 0 -0.9510565 -0.3090173 0.1241378 -0.3090168 -0.9429202 0.1241376 -0.3090169 -0.9429202 0.1241379 -0.3090167 -0.9429203 -0.9914449 -1.72145e-7 -0.130526 -0.9914449 1.72145e-7 -0.1305258 -0.9914448 -1.06607e-6 -0.1305264 -0.1241388 0.3090168 0.94292 -0.1241375 0.3090173 0.9429202 -0.1241372 0.3090173 0.9429202 0.991445 1.54777e-7 0.1305258 0.9914449 0 0.130526 0.991445 2.66519e-7 0.1305252 0.04033476 0.9510567 -0.3063732 0.04033464 0.9510565 -0.3063732 0.04033482 0.9510566 -0.3063732 -0.04033511 -0.9510568 0.3063728 -0.04033488 -0.9510567 0.3063731 -0.04033517 -0.9510567 0.3063726 0.2461512 0.309017 -0.9186502 0.2461512 0.309017 -0.9186502 -0.9659257 2.23482e-7 -0.2588196 -0.9659257 3.09555e-7 -0.2588196 -0.9659258 5.33037e-7 -0.2588196 -0.2461515 -0.3090169 0.9186502 -0.246151 -0.3090166 0.9186504 -0.2461509 -0.3090165 0.9186505 0.9659257 -3.7826e-7 0.2588196 0.9659258 -4.21296e-7 0.2588196 0.9659257 -2.66518e-7 0.2588196 -0.07997941 0.9510566 0.2984873 -0.0799793 0.9510566 0.2984874 -0.07997947 0.9510566 0.2984873 0.07997941 -0.9510567 -0.2984873 0.0799793 -0.9510567 -0.2984873 0.07997924 -0.9510567 -0.2984873 0.3639527 -0.3090169 -0.8786621 0.3639545 -0.309017 -0.8786613 0.363955 -0.3090171 -0.8786612 -0.9238795 0 -0.3826839 -0.9238793 0 -0.3826839 -0.9238794 0 -0.3826839 -0.3639538 0.3090167 0.8786617 -0.3639543 0.3090166 0.8786615 -0.3639543 0.3090166 0.8786615 0.9238795 1.54777e-7 0.3826839 0.9238795 0 0.3826839 0.9238795 2.66518e-7 0.3826839 0.1182557 0.9510565 -0.2854944 0.1182557 0.9510565 -0.2854945 0.1182557 0.9510566 -0.2854944 -0.1182557 -0.9510565 0.2854945 -0.1182558 -0.9510565 0.2854947 -0.1182559 -0.9510564 0.2854948 0.4755277 0.309016 -0.8236399 0.4755283 0.3090167 -0.8236393 0.4755284 0.3090169 -0.823639 -0.8660255 4.64332e-7 -0.4999998 -0.8660256 3.35224e-7 -0.4999998 -0.8660256 0 -0.4999997 -0.475528 -0.309017 0.8236393 -0.4755284 -0.3090167 0.8236391 -0.4755279 -0.3090171 0.8236393 0.8660256 -3.7826e-7 0.4999997 0.8660256 -4.21296e-7 0.4999998 0.8660256 -2.66518e-7 0.4999997 -0.1545084 0.9510567 0.2676165 -0.1545086 0.9510565 0.2676166 -0.1545087 0.9510565 0.2676167 0.1545086 -0.9510565 -0.2676167 0.1545085 -0.9510567 -0.2676165 0.1545084 -0.9510567 -0.2676164 0.5789661 -0.3090173 -0.7545242 0.5789657 -0.3090171 -0.7545245 0.5789656 -0.309017 -0.7545246 -0.793353 0 -0.6087619 -0.7933531 -1.97814e-7 -0.6087617 -0.7933534 -5.33037e-7 -0.6087614 -0.5789672 0.3090165 0.7545236 -0.5789667 0.309017 0.7545238 -0.5789673 0.3090164 0.7545236 0.7933533 0 0.6087616 0.7933534 0 0.6087614 0.793353 0 0.608762 0.1881176 0.9510566 -0.2451596 0.188117 0.9510567 -0.2451594 0.1881169 0.9510568 -0.2451594 -0.1881173 -0.9510567 0.2451595 -0.1881174 -0.9510567 0.2451596 -0.1881174 -0.9510566 0.2451596 0.6724991 0.3090171 -0.6724979 0.6724979 0.3090177 -0.6724988 0.6724994 0.3090169 -0.6724977 -0.7071065 -4.21296e-7 -0.7071071 -0.7071064 -3.7826e-7 -0.7071072 -0.7071068 -5.33037e-7 -0.7071067 -0.6724991 -0.3090171 0.6724979 -0.6724979 -0.3090177 0.6724988 -0.6724976 -0.3090178 0.672499 0.7071065 5.33037e-7 0.7071071 0.7071065 5.33037e-7 0.7071071 0.7071063 5.33037e-7 0.7071073 -0.2185082 0.9510565 0.2185077 -0.2185085 0.9510564 0.218508 -0.2185087 0.9510564 0.218508 0.2185084 -0.9510565 -0.2185078 0.2185081 -0.9510565 -0.2185077 0.2185086 -0.9510565 -0.2185078 0.7545241 -0.3090165 -0.5789666 0.7545235 -0.309017 -0.578967 0.7545234 -0.3090171 -0.5789672 -0.6087615 0 -0.7933533 -0.6087616 0 -0.7933534 -0.6087615 1.33259e-7 -0.7933533 -0.7545235 0.3090171 0.578967 -0.7545239 0.3090168 0.5789666 -0.7545234 0.3090171 0.5789672 0.6087614 0 0.7933533 0.6087616 0 0.7933533 0.6087611 -1.33259e-7 0.7933537 0.2451597 0.9510565 -0.1881178 0.2451597 0.9510565 -0.1881177 -0.2451593 -0.9510567 0.1881177 -0.2451595 -0.9510566 0.1881176 -0.2451596 -0.9510565 0.1881176 0.8236391 0.3090168 -0.4755286 0.8236397 0.3090161 -0.4755278 0.8236399 0.3090159 -0.4755277 -0.5000001 1.8913e-7 -0.8660255 -0.5000001 2.10648e-7 -0.8660255 -0.5000004 2.66519e-7 -0.8660253 -0.823639 -0.3090168 0.4755287 -0.8236399 -0.3090158 0.4755279 -0.8236401 -0.3090155 0.4755277 0.5000001 -1.93472e-7 0.8660255 0.5000002 -1.39677e-7 0.8660253 0.4999998 -3.33148e-7 0.8660256 -0.2676168 0.9510565 0.1545089 -0.2676163 0.9510567 0.1545084 -0.267616 0.9510567 0.1545082 0.2676161 -0.9510567 -0.1545084 0.2676165 -0.9510565 -0.1545084 0.267616 -0.9510567 -0.1545085 0.8786625 -0.3090166 -0.3639519 0.8786615 -0.3090167 -0.3639543 0.8786628 -0.3090166 -0.3639513 -0.3826834 0 -0.9238796 -0.3826835 0 -0.9238796 -0.3826833 0 -0.9238796 -0.8786619 0.3090171 0.3639527 -0.8786615 0.3090162 0.3639546 -0.8786614 0.309016 0.3639551 0.3826828 1.93472e-7 0.9238798 0.382683 1.39676e-7 0.9238798 0.3826834 0 0.9238796 0.2854946 0.9510565 -0.118256 0.2854949 0.9510565 -0.1182553 0.285495 0.9510565 -0.118255 -0.2854951 -0.9510565 0.1182553 -0.2854951 -0.9510564 0.1182557 -0.2854952 -0.9510565 0.1182551 0.9186499 0.3090171 -0.2461526 0.9186499 0.3090167 -0.2461526 0.9186497 0.3090171 -0.2461526 -0.2588185 0 -0.965926 -0.2588186 0 -0.965926 -0.2588186 0 -0.9659259 -0.9186499 -0.3090168 0.2461525 -0.9186502 -0.3090161 0.2461519 -0.9186503 -0.3090159 0.2461519 0.2588193 -1.95643e-7 0.9659258 0.2588193 0 0.9659259 0.2588194 -4.33093e-7 0.9659258 -0.2984876 0.9510566 0.07997941 -0.2984871 0.9510567 0.07997971 -0.2984878 0.9510565 0.0799793 0.2984879 -0.9510564 -0.07997971 0.2984872 -0.9510566 -0.07997971 0.2984869 -0.9510567 -0.07997971 0.9429201 -0.3090166 -0.1241391 0.9429197 -0.3090175 -0.1241393 0.9429197 -0.3090177 -0.1241393 -0.1305263 0 -0.991445 -0.1305264 -1.38687e-7 -0.9914448 -0.1305258 1.99889e-7 -0.991445 -0.9429199 0.3090171 0.1241393 -0.94292 0.309017 0.124139 -0.9429199 0.3090173 0.1241394 0.1305263 0 0.9914448 0.1305261 1.45269e-7 0.9914449 0.1305255 3.91449e-7 0.991445 0.3063737 0.9510564 -0.04033517 0.3063729 0.9510567 -0.04033517 0.306374 0.9510563 -0.04033511 -0.3063734 -0.9510565 0.04033529 -0.3063731 -0.9510566 0.04033493 -0.306373 -0.9510566 0.04033482 0.9510568 0.3090162 0 0.9510568 0.3090162 0 0 0 -1 -1.54777e-7 0 -1 -2.66519e-7 0 -1 -0.9510568 -0.3090162 0 -0.9510568 -0.3090162 0 0 0 1 1.54777e-7 0 1 0 0 1 -0.3090169 0.9510565 0 -0.309017 0.9510565 0 -0.309017 0.9510566 0 0.3090169 -0.9510565 0 0.309017 -0.9510565 0 0.309017 -0.9510566 0 0.94292 -0.309017 0.124139 0.9429197 -0.3090175 0.1241393 0.9429201 -0.3090169 0.124139 0.1305266 1.43523e-7 -0.9914448 0.1305264 0 -0.9914448 0.1305269 3.91449e-7 -0.9914448 -0.9429198 0.3090175 -0.1241393 -0.9429201 0.3090166 -0.1241391 -0.9429202 0.3090164 -0.124139 -0.1305265 1.99889e-7 0.9914448 -0.1305267 1.99889e-7 0.9914448 -0.1305274 1.99889e-7 0.9914447 0.3063734 0.9510565 0.04033517 0.3063731 0.9510566 0.04033517 0.306373 0.9510566 0.04033517 -0.306373 -0.9510567 -0.04033499 -0.3063731 -0.9510566 -0.04033535 -0.306373 -0.9510566 -0.04033488 0.9186503 0.3090162 0.2461521 0.9186499 0.3090169 0.2461525 0.9186499 0.309017 0.2461526 0.2588185 0 -0.9659261 0.2588184 0 -0.9659261 0.2588184 0 -0.965926 -0.9186499 -0.3090167 -0.2461525 -0.9186499 -0.3090171 -0.2461526 -0.91865 -0.3090166 -0.2461525 -0.2588192 0 0.9659259 -0.2588192 1.76296e-7 0.9659259 -0.2588194 -1.33259e-7 0.9659258 -0.2984879 0.9510564 -0.07997977 -0.2984872 0.9510566 -0.07997959 -0.2984869 0.9510567 -0.07997953 0.2984876 -0.9510565 0.07997965 0.2984871 -0.9510567 0.07997971 0.2984878 -0.9510564 0.07997965 0.8786623 -0.3090177 0.3639515 0.8786614 -0.3090187 0.3639528 0.8786612 -0.309019 0.3639531 0.3826836 -2.47171e-7 -0.9238796 0.3826836 -2.52551e-7 -0.9238795 0.3826836 -2.66518e-7 -0.9238796 -0.8786612 0.309017 -0.3639549 -0.8786616 0.3090167 -0.3639541 -0.8786617 0.3090165 -0.363954 -0.3826827 0 0.9238799 -0.382683 0 0.9238798 -0.3826819 1.99889e-7 0.9238803 0.2854937 0.9510567 0.1182557 0.2854941 0.9510567 0.1182553 0.2854942 0.9510567 0.1182551 -0.2854943 -0.9510565 -0.1182559 -0.2854944 -0.9510566 -0.1182555 -0.2854943 -0.9510565 -0.1182561 0.8236403 0.3090162 0.4755267 0.8236381 0.3090175 0.4755296 0.8236376 0.3090178 0.4755303 0.4999997 3.86943e-7 -0.8660256 0.5 2.79353e-7 -0.8660255 0.4999991 6.66296e-7 -0.866026 -0.8236399 -0.3090167 -0.4755271 -0.8236386 -0.3090171 -0.4755293 -0.8236403 -0.3090166 -0.4755266 -0.5 -3.65425e-7 0.8660254 -0.5000001 -3.00871e-7 0.8660255 -0.5000003 -1.33259e-7 0.8660253 -0.2676171 0.9510565 -0.1545081 -0.267616 0.9510567 -0.154509 -0.2676156 0.9510567 -0.1545093 0.2676169 -0.9510566 0.154508 0.2676162 -0.9510565 0.1545091 0.267616 -0.9510566 0.1545095 0.7545265 -0.3090165 0.5789633 0.7545266 -0.3090168 0.5789632 0.7545266 -0.3090168 0.5789631 0.608761 -1.8913e-7 -0.7933537 0.6087611 -2.10648e-7 -0.7933536 0.6087608 -1.33259e-7 -0.7933539 -0.7545263 0.3090171 -0.5789633 -0.754526 0.3090169 -0.5789638 -0.7545264 0.3090172 -0.5789632 -0.6087613 0 0.7933534 -0.6087613 1.54777e-7 0.7933536 -0.6087611 2.66519e-7 0.7933536 0.2451603 0.9510567 0.1881165 0.2451602 0.9510565 0.1881164 -0.2451601 -0.9510567 -0.1881164 -0.2451603 -0.9510566 -0.1881164 -0.2451604 -0.9510566 -0.1881165 0.6724995 0.3090171 0.6724975 0.6725001 0.3090169 0.672497 0.6724994 0.3090171 0.6724976 0.7071066 -1.8913e-7 -0.707107 0.7071067 -2.10648e-7 -0.7071069 0.707107 -2.66518e-7 -0.7071066 -0.6724997 -0.3090168 -0.6724975 -0.6725 -0.3090171 -0.672497 -0.6725001 -0.3090171 -0.6724968 -0.7071066 2.32166e-7 0.707107 -0.7071067 1.67612e-7 0.707107 -0.7071065 3.99778e-7 0.7071071 -0.2185087 0.9510565 -0.2185072 -0.2185086 0.9510565 -0.2185073 -0.2185087 0.9510565 -0.2185072 0.2185086 -0.9510565 0.2185072 0.2185086 -0.9510565 0.2185074 0.2185087 -0.9510566 0.2185074 0.5789656 -0.3090162 0.754525 0.5789667 -0.3090171 0.7545236 0.578967 -0.3090174 0.7545233 0.7933533 0 -0.6087616 0.7933531 0 -0.6087617 0.7933536 -5.33038e-7 -0.6087611 -0.5789674 0.3090162 -0.7545235 -0.578964 0.3090171 -0.7545259 -0.5789631 0.3090173 -0.7545264 -0.7933534 0 0.6087616 -0.7933532 0 0.6087616 -0.7933531 -5.33037e-7 0.6087619 0.1881173 0.9510565 0.2451599 0.1881179 0.9510566 0.2451595 0.1881181 0.9510566 0.2451593 -0.1881181 -0.9510565 -0.2451598 -0.1881174 -0.9510565 -0.24516 -0.1881183 -0.9510564 -0.2451597 0.4755269 0.309017 0.8236399 0.4755261 0.3090174 0.8236402 0.4755259 0.3090174 0.8236403 0.8660255 3.7826e-7 -0.4999999 0.8660255 4.21296e-7 -0.5000001 0.8660256 2.66518e-7 -0.4999997 -0.4755268 -0.3090174 -0.8236398 -0.4755262 -0.3090169 -0.8236403 -0.475527 -0.3090175 -0.8236396 -0.8660255 -5.33037e-7 0.5000001 -0.8660255 -5.33037e-7 0.5000001 -0.8660253 -5.33037e-7 0.5000003 -0.154508 0.9510566 -0.2676166 -0.1545079 0.9510566 -0.2676165 -0.1545079 0.9510566 -0.2676165 0.154508 -0.9510566 0.2676167 0.1545079 -0.9510567 0.2676165 0.154508 -0.9510565 0.2676167 0.3639542 -0.3090166 0.8786616 0.3639538 -0.3090167 0.8786617 0.3639537 -0.3090167 0.8786618 0.92388 5.33037e-7 -0.3826826 0.9238799 5.33037e-7 -0.3826826 0.9238799 5.33037e-7 -0.3826825 -0.3639537 0.3090167 -0.8786618 -0.3639537 0.3090164 -0.8786618 -0.3639537 0.3090167 -0.8786618 -0.92388 -3.09555e-7 0.3826826 -0.92388 -2.23482e-7 0.3826826 -0.9238799 0 0.3826826 0.1182557 0.9510566 0.2854944 0.1182557 0.9510565 0.2854945 0.1182557 0.9510566 0.2854944 -0.1182557 -0.9510567 -0.2854943 -0.1182559 -0.9510565 -0.2854945 -0.1182559 -0.9510565 -0.2854946 0.2461526 0.3090169 0.9186499 0.2461536 0.3090167 0.9186496 0.2461523 0.3090169 0.9186499 0.9659257 -2.7482e-7 -0.2588196 0.9659256 -7.91254e-7 -0.2588198 0.9659255 -2.13215e-6 -0.2588204 -0.2461522 -0.3090168 -0.9186499 -0.2461533 -0.3090165 -0.9186498 -0.2461535 -0.3090165 -0.9186497 -0.9659256 2.23482e-7 0.2588198 -0.9659258 3.09555e-7 0.2588195 -0.9659261 5.33037e-7 0.2588183 -0.07997947 0.9510568 -0.2984867 -0.07997983 0.9510567 -0.298487 -0.0799793 0.9510568 -0.2984865 0.07997989 -0.9510566 0.2984871 0.07997977 -0.9510567 0.2984872 0.07997971 -0.9510567 0.2984872 0.1241389 -0.3090167 0.9429202 0.1241379 -0.3090164 0.9429203 0.1241376 -0.3090164 0.9429203 0.9914448 6.01742e-7 -0.1305263 0.9914448 7.30851e-7 -0.1305264 0.9914449 2.66519e-7 -0.1305264 -0.1241385 0.3090167 -0.9429201 -0.1241381 0.3090168 -0.9429202 -0.1241387 0.3090167 -0.9429201 -0.9914448 -6.87814e-7 0.1305264 -0.9914448 -6.44778e-7 0.1305264 -0.9914448 -5.33037e-7 0.1305264 0.04033488 0.9510567 0.3063731 0.04033476 0.9510567 0.3063731 0.0403347 0.9510567 0.306373 -0.04033517 -0.9510567 -0.3063728 -0.04033505 -0.9510566 -0.3063732 -0.04033499 -0.9510565 -0.3063734 0 0.3090167 0.9510566 0 0.3090168 0.9510567 0 0.3090168 0.9510566 1 -1.54777e-7 0 1 0 0 0 -0.3090168 -0.9510567 0 -0.3090168 -0.9510567 0 -0.3090168 -0.9510566 -1 0 0 -1 -1.97813e-7 0 -1 2.66518e-7 0 0 0.9510566 -0.3090168 0 0.9510565 -0.309017 0 0.9510566 -0.3090171 0 -0.9510566 0.3090167 0 -0.9510565 0.3090171 0 -0.9510565 0.3090172 -0.1241382 -0.3090162 0.9429203 -0.1241392 -0.309017 0.94292 -0.1241379 -0.309016 0.9429205 0.9914448 -5.33037e-7 0.1305264 0.9914448 -5.33037e-7 0.1305263 0.9914448 -5.33037e-7 0.1305264 0.1241379 0.3090162 -0.9429203 0.1241389 0.3090168 -0.94292 0.1241391 0.3090169 -0.94292 -0.9914448 5.33037e-7 -0.1305264 -0.9914448 5.33037e-7 -0.1305264 -0.9914448 5.33037e-7 -0.1305263 -0.04033511 0.9510568 0.3063728 -0.04033488 0.9510565 0.3063734 -0.04033476 0.9510565 0.3063737 0.04033482 -0.9510566 -0.3063732 0.04033511 -0.9510566 -0.3063732 0.0403347 -0.9510566 -0.3063732 -0.2461509 0.3090164 0.9186504 -0.2461524 0.3090167 0.91865 -0.2461526 0.3090167 0.9186499 0.9659261 8.42592e-7 0.2588185 0.965926 7.56519e-7 0.2588184 0.965926 5.33037e-7 0.2588184 0.2461511 -0.3090164 -0.9186505 0.2461518 -0.3090168 -0.91865 0.2461509 -0.3090164 -0.9186505 -0.965926 -9.11297e-7 -0.2588184 -0.965926 -9.54333e-7 -0.2588184 -0.965926 -7.99556e-7 -0.2588185 0.0799793 0.9510567 -0.2984874 0.07997953 0.9510566 -0.2984876 0.07997959 0.9510565 -0.2984876 -0.0799793 -0.9510567 0.2984869 -0.07997936 -0.9510565 0.2984876 -0.0799793 -0.9510568 0.2984867 -0.3639537 -0.3090161 0.8786619 -0.3639537 -0.3090164 0.8786618 -0.3639537 -0.3090159 0.8786619 0.9238799 -3.7826e-7 0.3826826 0.9238799 -4.21296e-7 0.3826826 0.9238799 -2.66519e-7 0.3826826 0.3639538 0.3090167 -0.8786617 0.3639543 0.3090165 -0.8786616 0.3639544 0.3090164 -0.8786616 -0.92388 0 -0.3826826 -0.9238799 0 -0.3826826 -0.1182559 0.9510566 0.2854944 -0.1182557 0.9510565 0.2854945 -0.1182557 0.9510565 0.2854945 0.1182558 -0.9510564 -0.2854948 0.1182556 -0.9510567 -0.285494 0.1182559 -0.9510564 -0.2854951 -0.4755262 0.3090172 0.8236403 -0.4755268 0.3090175 0.8236398 -0.475526 0.3090171 0.8236405 0.8660255 -4.64332e-7 0.5 0.8660255 -3.35223e-7 0.5 0.8660255 -7.99555e-7 0.4999998 0.4755266 -0.309017 -0.8236401 0.4755271 -0.309017 -0.8236399 0.4755271 -0.3090169 -0.8236398 -0.8660255 5.33037e-7 -0.4999999 -0.8660255 5.33037e-7 -0.4999999 0.154508 0.9510566 -0.2676166 0.1545079 0.9510567 -0.2676165 0.154508 0.9510567 -0.2676166 -0.154508 -0.9510566 0.2676167 -0.1545079 -0.9510567 0.2676165 -0.1545079 -0.9510567 0.2676165 -0.5789645 -0.3090169 0.7545255 -0.5789659 -0.3090167 0.7545245 -0.5789663 -0.3090166 0.7545242 0.7933537 -1.72144e-7 0.6087611 0.7933537 1.72145e-7 0.608761 0.7933533 -1.06607e-6 0.6087616 0.5789646 0.3090168 -0.7545254 0.5789667 0.3090161 -0.7545241 0.5789641 0.309017 -0.7545258 -0.7933537 0 -0.6087611 -0.7933537 -2.83886e-7 -0.6087609 -0.7933542 -1.06607e-6 -0.6087604 -0.1881176 0.9510566 0.2451592 -0.1881167 0.9510567 0.2451597 -0.1881179 0.9510566 0.2451591 0.1881169 -0.9510567 -0.2451598 0.1881176 -0.9510566 -0.2451598 0.1881179 -0.9510565 -0.2451598 -0.6725001 0.3090171 0.6724968 -0.6725001 0.3090171 0.6724969 0.7071068 5.33037e-7 0.7071068 0.7071069 5.33037e-7 0.7071067 0.7071067 5.33037e-7 0.7071068 0.6725004 -0.3090169 -0.6724968 0.6725008 -0.3090171 -0.6724962 0.6725003 -0.3090168 -0.6724969 -0.7071071 -2.66518e-7 -0.7071065 -0.7071071 -2.66518e-7 -0.7071065 -0.707107 -2.66518e-7 -0.7071067 0.2185086 0.9510565 -0.2185077 0.2185082 0.9510567 -0.2185073 0.2185081 0.9510568 -0.2185072 -0.2185083 -0.9510568 0.218507 -0.2185086 -0.9510565 0.2185073 -0.2185081 -0.9510567 0.2185068 -0.7545253 -0.3090171 0.5789648 -0.7545227 -0.309018 0.5789678 -0.754522 -0.3090181 0.5789685 0.6087605 4.98684e-7 0.7933541 0.6087606 4.3413e-7 0.793354 0.608761 2.66519e-7 0.7933537 0.7545255 0.3090165 -0.5789647 0.7545232 0.3090178 -0.5789671 0.7545261 0.3090161 -0.5789641 -0.6087604 -4.64331e-7 -0.7933541 -0.6087607 -3.35223e-7 -0.7933539 -0.6087598 -7.99554e-7 -0.7933546 -0.2451589 0.9510568 0.1881174 -0.2451598 0.9510567 0.188117 -0.2451586 0.9510568 0.1881176 0.2451599 -0.9510565 -0.1881171 0.245159 -0.9510567 -0.1881177 0.2451586 -0.9510568 -0.1881179 -0.8236385 0.3090165 0.4755298 -0.8236389 0.3090165 0.4755291 -0.8236384 0.3090164 0.47553 0.5000003 -3.35224e-7 0.8660253 0.5000005 -4.64333e-7 0.8660252 0.500001 -7.99556e-7 0.866025 0.8236379 -0.3090177 -0.4755302 0.8236406 -0.3090163 -0.4755262 0.8236413 -0.309016 -0.4755253 -0.5000001 3.18047e-7 -0.8660253 -0.4999998 4.14879e-7 -0.8660255 -0.4999992 6.66296e-7 -0.8660259 0.2676169 0.9510566 -0.154508 0.267616 0.9510566 -0.154509 0.2676157 0.9510567 -0.1545094 -0.2676169 -0.9510564 0.1545087 -0.2676159 -0.9510566 0.1545091 -0.2676156 -0.9510567 0.1545093 -0.8786621 -0.309017 0.3639528 -0.8786616 -0.3090164 0.3639546 -0.8786622 -0.3090171 0.3639523 0.3826842 0 0.9238793 0.3826842 0 0.9238793 0.3826842 -3.33148e-7 0.9238792 0.8786624 0.3090162 -0.3639523 0.8786623 0.3090166 -0.3639523 0.8786623 0.3090167 -0.3639523 -0.3826837 2.27824e-7 -0.9238795 -0.3826838 2.38583e-7 -0.9238795 -0.3826842 2.66518e-7 -0.9238793 -0.2854943 0.9510566 0.1182552 -0.2854937 0.9510568 0.1182552 -0.2854935 0.9510568 0.1182552 0.2854943 -0.9510567 -0.1182554 0.2854937 -0.9510567 -0.1182559 0.2854945 -0.9510566 -0.1182552 -0.9186503 0.3090176 0.2461501 -0.9186502 0.3090163 0.2461522 -0.9186501 0.3090159 0.2461526 0.2588188 1.67612e-7 0.9659259 0.258819 2.32166e-7 0.9659259 0.2588185 0 0.965926 0.9186503 -0.3090176 -0.2461501 0.9186501 -0.3090165 -0.2461522 0.9186502 -0.3090179 -0.2461495 -0.2588188 -1.77285e-7 -0.9659259 -0.258819 -2.3915e-7 -0.9659259 -0.2588194 -3.99777e-7 -0.9659258 0.2984874 0.9510566 -0.07997864 0.298487 0.9510567 -0.07997983 0.2984868 0.9510567 -0.07998025 -0.2984875 -0.9510565 0.07997965 -0.298487 -0.9510568 0.07997894 -0.2984877 -0.9510565 0.07997989 -0.9429202 -0.3090164 0.1241388 -0.9429199 -0.3090171 0.1241392 -0.9429199 -0.3090173 0.1241393 0.1305255 0 0.991445 0.1305258 1.20473e-7 0.991445 0.1305248 -5.66352e-7 0.9914451 0.9429199 0.3090171 -0.124139 0.9429201 0.3090165 -0.124139 0.9429199 0.3090173 -0.124139 -0.1305259 0 -0.9914449 -0.130526 0 -0.9914449 -0.1305261 -6.07995e-7 -0.991445 -0.3063732 0.9510565 0.04033517 -0.3063728 0.9510567 0.04033511 -0.3063735 0.9510565 0.04033523 0.3063735 -0.9510565 -0.04033523 0.3063735 -0.9510565 -0.04033499 0.3063735 -0.9510565 -0.04033488 0.4987257 -0.8592526 -0.1138319 0.125088 -0.9903152 -0.06023865 0.4608958 -0.8592504 -0.2219545 0.4608968 0.8592497 0.2219552 0.1085405 0.9903165 0.08655828 0.3999512 0.8592499 0.3189496 -0.2206301 -0.130111 0.9666404 1.18226e-6 0.130111 0.9914995 -0.2206279 0.1301128 0.9666406 0.7751842 0.1301112 -0.6181914 0.7832648 0.4941813 -0.377202 0.8933093 0.1301119 -0.4301971 0.7832671 0.4941771 0.3772025 0.6796944 0.4941766 0.5420379 0.4301949 0.1301107 0.8933105 0.6181902 -0.1301128 0.7751849 0.6181893 0.1301137 0.7751855 0.8933103 -0.1301116 -0.4301949 0.8475604 -0.4941838 -0.1934521 0.7832667 -0.4941778 -0.3772023 0.7751862 0.130114 0.6181884 0.4609019 0.859246 -0.221959 0.1353529 0.9903158 -0.03089356 0.4987291 0.8592507 -0.1138314 0.3999518 -0.8592494 0.31895 0.08656257 -0.9903154 0.1085464 0.1085469 -0.9903154 0.08656334 0.7751846 -0.1301089 0.6181914 0.8933103 0.1301117 0.430195 0.8475642 0.4941776 -0.1934513 0.6796938 -0.494176 0.5420392 0.3189486 -0.8592522 0.3999472 0.8933094 -0.1301116 0.430197 0.966641 0.1301093 0.2206284 0.9666403 0.1301106 -0.2206307 0.9666404 -0.1301093 0.2206308 0.9914993 0.1301128 -1.18073e-6 0.1388361 -0.9903154 -2.38069e-7 0.1353549 -0.9903154 -0.03089392 0.08656078 0.990316 0.108543 0.3189489 0.8592515 0.3999481 0.9914993 -0.1301128 1.18073e-6 0.5115525 -0.8592522 -1.01879e-6 0.5420375 0.4941772 0.6796944 0.966641 -0.1301093 -0.2206285 0.8693609 -0.494178 -9.03791e-7 0.1388395 0.9903149 3.2635e-7 0.5115525 0.8592521 1.02003e-6 0.2219563 -0.8592494 0.4608969 0.7751864 -0.1301128 -0.6181884 0.6181892 0.1301128 -0.7751858 0.8693608 0.494178 9.0332e-7 0.5420371 -0.4941801 0.6796925 0.6181901 -0.1301143 -0.7751847 0.4301949 0.13011 -0.8933106 0.4301965 -0.1301113 0.8933096 0.4301968 -0.130112 -0.8933094 0.2206276 0.130111 -0.9666409 0.49873 -0.8592503 0.1138317 0.2219563 0.8592503 0.4608951 0.06023436 0.9903167 0.1250787 0.2206302 -0.1301112 -0.9666403 -1.26699e-6 0.1301091 -0.9914997 0.3772028 0.4941729 0.7832696 1.28035e-6 -0.1301109 -0.9914995 -0.2206302 0.1301093 -0.9666405 -0.2206276 -0.1301128 -0.9666407 -0.4301967 0.13011 -0.8933098 0.4987257 0.8592526 0.1138319 0.1353558 0.9903153 0.03089386 0.113833 -0.859247 0.4987352 0.06024008 -0.9903149 0.1250907 -0.4301949 -0.1301119 -0.8933103 -0.6181908 0.1301128 -0.7751844 0.8475604 0.494184 0.1934522 0.377201 -0.4941777 0.7832674 -0.6181885 -0.1301144 -0.7751861 -0.7751848 0.1301126 -0.6181904 0.2206288 -0.1301096 0.9666409 -0.8933098 -0.1301128 -0.4301955 -0.8933101 0.1301117 -0.4301954 0.4609003 -0.8592473 0.2219576 0.1353555 -0.9903153 0.03089416 0.1138328 0.8592486 0.4987324 0.03089278 0.9903161 0.1353504 -0.966641 0.1301092 -0.2206284 0.8475652 -0.4941759 0.1934517 0.1934512 0.4941731 0.8475669 -0.9666413 -0.1301028 -0.2206308 -0.9914993 0.1301127 1.18073e-6 0.2206293 0.1301109 0.9666405 -0.9914993 -0.1301127 -1.18316e-6 -0.9666413 0.1301029 0.2206308 0.1250891 0.9903151 0.06023925 0 -0.9903154 0.1388359 0.03089398 -0.9903154 0.135355 -0.9666408 -0.1301106 0.2206284 -0.89331 0.130114 0.430195 0 -0.4941745 0.8693628 0.1934493 -0.4941814 0.8475626 -0.7751852 -0.1301103 0.6181904 -0.7751855 0.1301126 0.6181894 -1.29735e-6 -0.1301091 0.9914997 -0.6181883 0.1301151 0.7751861 0.1250884 -0.9903153 0.06023913 0 0.9903166 0.1388276 -2.38099e-7 0.8592513 0.5115537 -0.6181911 -0.1301114 0.7751843 -0.4301949 0.1301107 0.8933105 0.7832657 -0.4941795 0.3772021 -3.68538e-7 0.4941788 0.8693603 -0.4301965 -0.1301113 0.8933096 -0.1353582 -0.9903149 0.03089469 0 -0.9903166 -0.1388279 0.6796922 0.494178 -0.5420393 0.1085458 0.9903155 -0.08656251 0.1250887 0.9903152 -0.06023919 0.6796949 -0.4941753 -0.5420385 0.3999514 -0.8592495 -0.3189499 0.1085438 -0.9903159 -0.08656084 0.5420371 0.4941777 -0.6796942 0.3999515 0.8592491 -0.3189511 0.08656531 0.9903149 -0.1085491 0.5420372 -0.4941773 -0.6796944 0.3189484 -0.8592521 -0.3999474 0.08655798 -0.9903166 -0.1085403 0.2219563 0.8592493 -0.4608971 0.3189475 0.8592523 -0.3999475 0.3772025 -0.4941743 -0.7832689 0.2219562 -0.8592504 -0.4608951 0.06023573 -0.9903163 -0.125081 0.3772014 0.4941763 -0.7832682 0.1138334 0.8592478 -0.4987338 0.06023818 0.9903154 -0.1250867 0.1934499 -0.4941772 -0.8475648 0.1138327 -0.8592476 -0.4987342 0.03089219 -0.9903165 -0.1353477 0.1934504 0.4941785 -0.8475639 5.61513e-7 0.8592511 -0.5115541 0 0.9903156 -0.1388346 0.0308941 0.9903153 -0.1353561 -1.12317e-6 -0.4941753 -0.8693623 -7.38346e-7 -0.8592517 -0.5115531 -0.1934494 0.4941799 -0.8475634 9.65229e-7 0.4941779 -0.8693608 -0.1138329 0.8592472 -0.4987348 -0.1934508 -0.494176 -0.8475654 -0.1138331 -0.8592482 -0.4987331 -0.03089225 -0.9903164 -0.1353481 -0.3772016 0.4941762 -0.7832682 -0.06023818 0.9903155 -0.125087 -0.03089523 0.9903147 -0.1353607 -0.3772023 -0.4941743 -0.7832691 -0.221956 -0.8592504 -0.4608952 -0.06023573 -0.9903163 -0.125081 -0.5420369 0.4941805 -0.6796923 -0.2219565 0.8592493 -0.4608972 -0.08656293 0.9903154 -0.1085461 -0.5420373 -0.4941774 -0.6796944 -0.3189484 -0.859252 -0.3999474 -0.08655798 -0.9903165 -0.1085403 -0.6796929 0.4941782 -0.5420382 -0.318949 0.8592516 -0.3999478 -0.3999519 0.8592492 -0.3189501 -0.6796949 -0.4941753 -0.5420385 -0.7751858 -0.1301115 -0.6181894 -0.3999514 -0.8592495 -0.3189499 -0.1085438 -0.9903159 -0.08656084 -0.7832662 0.4941795 -0.3772012 -0.4608981 0.8592488 -0.2219562 -0.1085455 0.9903156 -0.08656197 -0.783266 -0.4941797 -0.3772016 -0.4608961 -0.8592501 -0.2219551 -0.1250861 -0.9903155 -0.06023865 -0.8475657 0.4941751 -0.1934515 -0.4987364 0.8592463 -0.1138325 -0.1250903 0.9903149 -0.06024038 -0.8475669 -0.4941732 -0.1934508 -0.4987319 -0.8592492 -0.113831 -0.1353555 -0.9903153 -0.0308938 -0.8693642 0.494172 0 -0.1388376 0.9903151 0 -0.1353552 0.9903154 -0.03089392 -0.8693643 -0.4941719 0 -0.5115551 -0.8592505 0 -0.1388359 -0.9903154 0 -0.4987326 0.8592485 0.1138323 -0.5115551 0.8592505 0 -0.8475655 -0.4941754 0.1934515 -0.4987341 -0.8592477 0.1138325 -0.7832669 0.4941776 0.3772021 -0.8475642 0.4941779 0.193451 -0.1250876 0.9903153 0.06023913 -0.1353548 0.9903154 0.03089362 -0.8933105 -0.1301091 0.4301953 -0.7832668 -0.4941783 0.3772017 -0.4608995 -0.8592479 0.2219567 -0.1250867 -0.9903154 0.06023877 -0.6796939 0.4941758 0.5420392 -0.4608967 0.8592495 0.2219564 -0.1085402 0.9903166 0.0865572 -0.6796938 -0.4941761 0.5420392 -0.3999519 -0.8592494 0.31895 -0.108548 -0.9903151 0.08656418 -0.5420377 0.4941747 0.679696 -0.399951 0.8592494 0.3189508 -0.08655852 0.9903165 0.1085402 -0.5420371 -0.4941801 0.6796925 -0.3189486 -0.8592522 0.3999472 -0.08656257 -0.9903154 0.1085464 -0.2219561 0.8592503 0.4608952 -0.3189474 0.8592525 0.3999472 -0.377201 -0.4941777 0.7832674 -0.2219564 -0.8592495 0.4608969 -0.06023925 -0.9903151 0.1250888 -0.3772026 0.494173 0.7832696 -0.1138329 0.8592481 0.4987331 -0.06023502 0.9903166 0.1250795 -0.1934493 -0.4941813 0.8475625 -0.113833 -0.859247 0.4987352 -0.03089398 -0.9903154 0.135355 -0.1934507 0.494176 0.8475652 -0.03089261 0.9903162 0.1353495 0 -0.8592515 0.5115535 0.5171613 -0.855888 -4.35008e-7 0.1328811 -0.9896026 -0.05504131 0.4777952 -0.8558879 -0.1979081 0.3656923 0.8558849 0.3656914 0.1328838 0.9896021 0.05504184 0.1017056 0.9896019 0.1017063 -0.3793941 -0.1308202 0.9159401 -2.32995e-7 0.1308259 0.9914054 -0.3793959 0.1308255 0.9159386 0.7010305 0.1308226 -0.7010291 0.8040012 0.4926199 -0.3330284 0.9159383 0.1308244 -0.3793967 0.8040022 0.4926185 0.3330278 0.6153579 0.4926236 0.6153508 0.7010285 -0.130824 0.7010308 0.9159398 0.1308237 0.3793939 0.7010306 0.1308262 0.7010282 0.9159398 -0.1308237 -0.3793939 0.8702444 -0.4926202 -2.89161e-6 0.8040022 -0.4926185 -0.3330278 0.9914061 -0.1308211 0 0.9914061 0.1308211 0 0.5171613 0.855888 4.34459e-7 0.1328759 0.9896033 -0.05503952 0.1438313 0.9896023 -1.2492e-6 0.3656876 -0.8558893 0.3656859 0.05503791 -0.9896036 0.1328749 0.1017014 -0.9896029 0.1017003 0.8702444 0.4926202 2.88552e-6 0.4777878 0.8558927 -0.1979054 0.6153565 -0.4926214 0.6153541 0.1979079 -0.8558901 0.4777914 0.3793944 -0.1308202 0.9159401 0.7010308 -0.1308262 -0.7010281 0.3793959 0.1308254 -0.9159386 0.1328746 -0.9896035 0.05503898 0.1438347 -0.9896017 1.43984e-6 0.05504262 0.9896019 0.1328854 0.1979109 0.8558863 0.4777972 0 -0.1308259 -0.9914054 0 0.1308259 -0.9914054 0.4777878 -0.8558927 0.1979054 0.3330309 0.4926217 0.803999 -0.3793958 0.1308254 -0.9159386 0.9159384 -0.1308244 0.3793967 0.3793955 0.1308255 0.9159387 -0.3793957 -0.1308236 -0.9159389 -0.7010304 0.1308226 -0.7010292 0.4777952 0.8558879 0.1979081 0 -0.9896035 0.1438229 -0.7010309 -0.1308262 -0.701028 -0.9159384 0.1308243 -0.3793969 0.3330293 -0.4926196 0.8040009 0 -0.8558924 0.5171541 -0.9159398 -0.1308239 -0.3793938 -0.9914061 0.1308211 0 0 -0.4926225 0.8702431 -0.9914061 -0.1308211 0 -0.9159398 0.1308239 0.3793938 0 0.9896022 0.143832 0 0.8558889 0.5171599 -0.9159383 -0.1308243 0.3793969 -0.7010307 0.1308263 0.7010281 0.804001 -0.4926199 0.3330285 0 0.4926229 0.870243 -0.7010284 -0.130824 0.701031 0 -0.9896023 -0.1438316 0.1017078 -0.9896015 -0.1017077 2.32995e-7 -0.1308259 0.9914054 0.3656876 0.8558893 -0.3656858 0.6153582 -0.4926236 -0.6153506 0.3656923 -0.8558848 -0.3656914 0.3330312 0.4926204 -0.8039997 0.6153572 0.4926232 -0.6153518 0.1979083 0.8558893 -0.4777929 0.05503869 0.9896032 -0.1328771 0.1016986 0.9896035 -0.1016981 0.3330307 -0.4926211 -0.8039994 0.3793957 -0.1308237 -0.9159389 0.1979104 -0.855887 -0.4777959 0.05504179 -0.9896021 -0.1328838 0 0.4926241 -0.8702422 0 0.8558931 -0.5171528 0 0.9896035 -0.1438236 0 -0.4926241 -0.8702422 0 -0.8558895 -0.5171588 -0.3330312 0.4926204 -0.8039997 -0.1979083 0.8558893 -0.4777929 -0.3330307 -0.4926211 -0.8039994 -0.1979104 -0.855887 -0.4777959 -0.05504179 -0.9896021 -0.1328838 -0.6153572 0.4926232 -0.6153518 -0.3656877 0.8558893 -0.3656858 -0.05503875 0.9896032 -0.1328768 -0.6153581 -0.4926236 -0.6153506 -0.3656923 -0.855885 -0.3656914 -0.1017103 -0.989601 -0.1017103 -0.804001 0.4926199 -0.3330285 -0.1328749 0.9896035 -0.05503916 -0.1016986 0.9896035 -0.1016977 -0.8040023 -0.4926185 -0.3330278 -0.4777953 -0.8558878 -0.1979081 -0.1328811 -0.9896026 -0.05504131 -0.8702444 0.4926203 2.88937e-6 -0.4777878 0.8558927 -0.1979054 -0.5171613 0.855888 4.34381e-7 -0.8702444 -0.4926202 -2.89161e-6 -0.5171613 -0.855888 -4.33754e-7 -0.1438347 -0.9896017 1.43984e-6 -0.8040023 0.4926185 0.3330278 -0.1328836 0.9896021 0.05504167 -0.1438313 0.9896023 -1.2492e-6 -0.8040012 -0.4926199 0.3330285 -0.4777878 -0.8558927 0.1979054 -0.1328747 -0.9896035 0.05503898 -0.6153579 0.4926236 0.6153508 -0.3656923 0.8558849 0.3656914 -0.4777953 0.8558878 0.1979081 -0.6153565 -0.4926213 0.6153541 -0.3656876 -0.8558893 0.3656858 -0.1016989 -0.9896034 0.1016978 -0.3330309 0.4926218 0.8039989 -0.1979109 0.8558863 0.4777972 -0.05504256 0.9896019 0.1328854 -0.1017056 0.9896019 0.1017063 -0.3330294 -0.4926196 0.8040009 -0.1979079 -0.8558901 0.4777914 -0.05503791 -0.9896036 0.1328749 0.4999989 1.32349e-7 0.8660261 0.5000005 0 0.8660252 0.5000007 0 0.8660251 1 0 0 1 0 0 1 0 0 0.5000005 0 -0.8660252 0.4999989 0 -0.8660261 0.4999988 0 -0.8660261 -0.5000007 -1.23527e-7 -0.866025 -0.4999988 0 -0.8660261 -0.4999988 0 -0.8660262 0 -1 0 -1 0 0 -1 0 0 -1 0 0 -0.4999988 0 0.8660261 -0.5000007 0 0.866025 -0.5000008 0 0.8660251 0 1 0 -0.4999988 0 0.8660262 -0.5000007 1.51594e-7 0.866025 -0.5000008 1.58801e-7 0.8660251 0.4999994 1.30143e-7 0.8660258 0.5 0 0.8660255 0.5 0 0.8660254 1 0 0 1 0 0 1 0 0 0.5000007 0 -0.866025 0.4999988 -1.37813e-7 -0.8660262 0.4999986 -1.44364e-7 -0.8660262 -0.5000007 -1.53295e-7 -0.866025 -0.4999988 0 -0.8660262 -0.4999986 0 -0.8660262 -1 0 0 -1 0 0 -1 0 0 -1 0 0 -0.4999988 0 0.8660262 -0.5000007 1.65375e-7 0.866025 -0.5000008 1.73237e-7 0.8660251 0.4999994 1.39515e-7 0.8660258 0.5 0 0.8660255 1 0 0 1 0 0 1 0 0 -0.5000007 -1.57704e-7 -0.866025 -0.4999988 0 -0.8660262 -0.5000007 -1.32348e-7 -0.866025 -0.4999988 0 -0.8660261 -1 0 0 -1 0 0 0.4999989 1.23527e-7 0.8660261 0.5000005 0 0.8660252 1 0 0 1 0 0 1 0 0 0.4999994 0 -0.8660259 0.5000007 0 -0.866025 0.5000008 0 -0.8660251 -0.5 0 -0.8660255 -0.4999994 0 -0.8660258 -0.4999993 0 -0.8660258 -0.5000007 0 0.866025 -0.4999994 0 0.8660259 -0.4999993 0 0.8660258 0.5 0 0.8660255 0.4999994 0 0.8660258 0.4999993 0 0.8660258 1 0 0 1 0 0 1 0 0 1 0 0 1 0 0 0.4999994 0 -0.8660258 0.5 0 -0.8660255 0.5 0 -0.8660254 -0.5 0 -0.8660255 -0.4999994 0 -0.8660258 -0.4999993 0 -0.8660258 -1 0 0 -1 0 0 -0.4999994 0 0.8660258 -0.5 0 0.8660255 -0.5 0 0.8660254 0.5 0 0.8660255 0.4999994 0 0.8660258 0.309017 0.9510565 0 -0.309017 -0.9510565 0 -0.9429199 -0.3090173 -0.124139 -0.1305251 5.66352e-7 0.991445 0.9429199 0.3090173 0.1241393 0.1305258 6.07995e-7 -0.991445 -0.3063735 0.9510565 -0.04033505 0.3063725 -0.9510567 0.04033541 -0.9186503 0.309016 -0.2461519 -0.2588195 2.99833e-7 0.9659258 0.9186497 -0.3090171 0.2461526 0.2588197 -2.66519e-7 -0.9659257 0.2984868 0.9510568 0.07997936 -0.2984877 -0.9510565 -0.07997965 -0.8786614 -0.309016 -0.3639551 -0.3826842 2.66518e-7 0.9238793 0.8786622 0.3090171 0.3639523 0.3826836 1.33259e-7 -0.9238795 -0.2854945 0.9510564 -0.1182562 0.2854944 -0.9510566 0.1182562 -0.82364 0.3090155 -0.4755278 -0.5000006 0 0.8660251 0.823639 -0.3090165 0.4755288 0.5000004 -1.33259e-7 -0.8660253 0.2676159 0.9510567 0.1545087 -0.2676168 -0.9510565 -0.1545084 -0.7545228 -0.3090175 -0.5789678 -0.6087618 1.33259e-7 0.7933531 0.7545234 0.3090171 0.5789672 0.6087613 0 -0.7933535 -0.245159 0.9510567 -0.188118 0.2451592 -0.9510567 0.188118 -0.672497 0.3090172 -0.6725 -0.7071067 2.66518e-7 0.707107 0.6724976 -0.3090183 0.6724989 0.7071071 -1.33259e-7 -0.7071066 0.2185074 0.9510564 0.2185089 -0.2185072 -0.9510566 -0.2185085 -0.5789682 -0.3090168 -0.7545227 -0.7933533 -5.33037e-7 0.6087616 0.5789657 0.309017 0.7545247 0.7933529 0 -0.6087622 -0.1881178 0.9510567 -0.245159 0.1881181 -0.9510565 0.2451592 -0.475528 0.3090168 -0.8236394 -0.8660255 -7.99556e-7 0.4999999 0.4755285 -0.309017 0.823639 0.8660256 5.33037e-7 -0.4999998 0.1545085 0.9510565 0.2676167 -0.1545084 -0.9510566 -0.2676163 -0.3639556 -0.3090171 -0.8786609 -0.9238793 0 0.382684 0.3639537 0.3090167 0.8786618 0.9238795 0 -0.3826836 -0.1182561 0.9510567 -0.2854942 0.1182564 -0.9510565 0.2854945 -0.2461505 0.3090165 -0.9186505 -0.9659257 2.66518e-7 0.2588197 0.2461519 -0.309017 0.91865 0.9659258 0 -0.2588198 0.07997924 0.9510567 0.2984873 -0.0799793 -0.9510565 -0.2984874 -0.1241372 -0.3090172 -0.9429202 -0.9914449 -2.66518e-7 0.1305266 0.1241394 0.3090174 0.9429199 0.9914451 -5.33037e-7 -0.1305253 -0.04033464 0.9510566 -0.3063734 0.04033458 -0.9510564 0.3063737 0 0.3090163 -0.9510568 -1 -2.66518e-7 0 0 -0.309017 0.9510566 0 0.9510566 0.3090167 0 -0.9510567 -0.3090167 0.1241375 -0.3090169 -0.9429202 -0.991445 1.06607e-6 -0.1305255 -0.1241391 0.3090167 0.94292 0.9914448 0 0.1305266 0.04033458 0.9510566 -0.3063733 -0.04033482 -0.9510566 0.3063733 -0.9659258 0 -0.2588196 -0.2461516 -0.309017 0.9186501 0.9659258 -5.33037e-7 0.2588196 -0.0799793 0.9510565 0.2984874 0.07997947 -0.9510566 -0.2984873 0.3639523 -0.3090168 -0.8786623 -0.9238794 0 -0.3826839 -0.3639537 0.3090167 0.8786618 0.9238794 0 0.3826839 0.1182557 0.9510565 -0.2854945 -0.1182557 -0.9510566 0.2854945 0.4755275 0.3090158 -0.8236399 -0.8660255 7.99556e-7 -0.4999999 -0.4755285 -0.3090167 0.8236391 0.8660255 -5.33037e-7 0.4999999 -0.1545084 0.9510566 0.2676165 0.1545087 -0.9510565 -0.2676168 0.5789662 -0.3090174 -0.7545241 -0.7933529 2.66518e-7 -0.6087622 -0.5789666 0.3090171 0.7545238 0.7933537 0 0.608761 0.1881178 0.9510565 -0.2451596 -0.1881173 -0.9510567 0.2451595 0.6724976 0.3090178 -0.672499 -0.7071061 -2.66519e-7 -0.7071076 -0.6724994 -0.3090169 0.6724976 0.7071066 5.33037e-7 0.707107 -0.2185081 0.9510566 0.2185076 0.218508 -0.9510567 -0.2185077 0.7545242 -0.3090164 -0.5789664 -0.6087616 -2.66519e-7 -0.7933533 -0.7545241 0.3090168 0.5789665 0.6087619 0 0.7933531 -0.2451592 -0.9510566 0.1881177 0.8236388 0.309017 -0.4755288 -0.4999998 1.33259e-7 -0.8660256 -0.8236388 -0.309017 0.4755288 0.5000006 0 0.8660251 -0.2676171 0.9510563 0.154509 0.2676167 -0.9510565 -0.1545083 0.8786612 -0.3090167 -0.363955 -0.3826836 1.33259e-7 -0.9238795 -0.8786621 0.3090174 0.3639522 0.3826823 3.33148e-7 0.92388 0.2854945 0.9510564 -0.1182562 -0.2854951 -0.9510564 0.1182559 0.91865 0.3090166 -0.2461526 -0.2588185 0 -0.965926 -0.9186499 -0.309017 0.2461526 0.2588192 1.33259e-7 0.9659258 -0.2984869 0.9510567 0.07997983 0.2984881 -0.9510563 -0.07997971 0.9429202 -0.3090164 -0.1241391 -0.1305269 -3.8312e-7 -0.9914448 -0.94292 0.3090169 0.1241389 0.1305269 -1.95725e-7 0.9914448 0.3063725 0.9510568 -0.04033523 -0.3063734 -0.9510565 0.04033541 -0.309017 0.9510565 0 0.309017 -0.9510565 0 0.9429197 -0.3090176 0.1241394 0.1305261 -1.99889e-7 -0.991445 -0.9429197 0.3090177 -0.1241393 -0.1305258 1.99889e-7 0.991445 0.3063734 0.9510565 0.04033517 -0.3063731 -0.9510566 -0.04033547 0.9186503 0.309016 0.2461519 0.2588185 0 -0.965926 -0.9186497 -0.3090171 -0.2461526 -0.2588189 3.99778e-7 0.9659259 -0.2984881 0.9510563 -0.07997983 0.2984869 -0.9510567 0.07997971 0.8786625 -0.3090174 0.3639512 0.3826836 -2.33204e-7 -0.9238795 -0.8786611 0.309017 -0.363955 -0.3826839 0 0.9238794 0.2854937 0.9510568 0.1182559 -0.2854945 -0.9510566 -0.1182553 0.8236408 0.3090158 0.475526 0.5000007 0 -0.866025 -0.8236382 -0.3090171 -0.4755299 -0.4999999 -5.33036e-7 0.8660256 -0.2676175 0.9510565 -0.1545078 0.2676172 -0.9510565 0.1545076 0.7545265 -0.3090164 0.5789633 0.6087613 -2.66519e-7 -0.7933536 -0.754526 0.3090168 -0.5789639 -0.6087614 0 0.7933534 -0.24516 -0.9510567 -0.1881163 0.6725003 0.3090168 0.6724969 0.7071062 -1.33259e-7 -0.7071074 -0.6724995 -0.3090168 -0.6724976 -0.7071068 0 0.7071068 -0.2185086 0.9510565 -0.2185073 0.2185086 -0.9510567 0.2185072 0.5789653 -0.309016 0.7545253 0.7933527 5.33037e-7 -0.6087622 -0.5789683 0.3090161 -0.754523 -0.7933534 5.33038e-7 0.6087613 0.1881171 0.9510565 0.2451601 -0.1881172 -0.9510565 -0.2451601 0.4755271 0.3090169 0.8236398 0.8660252 5.33037e-7 -0.5000004 -0.475526 -0.3090168 -0.8236405 -0.8660255 -5.33037e-7 0.4999998 -0.154508 0.9510567 -0.2676166 0.1545079 -0.9510567 0.2676165 0.3639543 -0.3090166 0.8786616 0.9238799 5.33037e-7 -0.3826826 -0.3639537 0.3090164 -0.8786619 -0.9238799 -5.33037e-7 0.3826825 0.1182557 0.9510565 0.2854945 -0.1182557 -0.9510566 -0.2854942 0.2461539 0.3090166 0.9186496 0.9659259 1.06607e-6 -0.2588189 -0.2461519 -0.309017 -0.91865 -0.9659253 0 0.258821 -0.07998001 0.9510566 -0.2984871 0.07997995 -0.9510566 0.2984871 0.1241391 -0.3090167 0.9429201 0.9914449 1.06607e-6 -0.1305263 -0.1241379 0.3090168 -0.9429202 -0.9914449 -7.99556e-7 0.1305263 0.04033493 0.9510566 0.3063732 -0.04033523 -0.9510567 -0.3063727 1 -2.66518e-7 0 0 -0.3090168 -0.9510566 -1 -5.33037e-7 0 0 0.9510567 -0.3090167 0 -0.9510567 0.3090166 -0.1241394 -0.3090171 0.9429199 0.9914449 -5.33037e-7 0.1305263 0.1241376 0.3090161 -0.9429205 -0.9914448 5.33037e-7 -0.1305264 -0.04033523 0.9510568 0.3063726 0.04033523 -0.9510565 -0.3063732 -0.2461506 0.3090164 0.9186506 0.9659261 1.06607e-6 0.2588185 0.2461519 -0.3090169 -0.91865 -0.9659261 -1.06607e-6 -0.2588183 0.07997924 0.9510567 -0.2984873 -0.07997936 -0.9510565 0.2984879 -0.3639537 -0.3090165 0.8786618 0.9238799 -5.33037e-7 0.3826826 0.3639537 0.3090167 -0.8786618 -0.9238799 0 -0.3826825 -0.1182559 0.9510566 0.2854944 0.1182555 -0.9510568 -0.2854938 -0.475527 0.3090175 0.8236396 0.8660254 0 0.5000001 0.4755265 -0.309017 -0.8236401 -0.8660255 5.33037e-7 -0.4999998 0.1545079 0.9510567 -0.2676165 -0.154508 -0.9510565 0.2676168 -0.5789641 -0.309017 0.7545258 0.793354 1.06607e-6 0.6087605 0.5789673 0.309016 -0.7545237 -0.7933532 7.99555e-7 -0.6087617 -0.1881164 0.9510568 0.2451599 0.1881167 -0.9510568 -0.2451598 -0.6725002 0.3090171 0.6724968 0.707107 5.33037e-7 0.7071066 0.6725009 -0.3090172 -0.672496 -0.7071073 -2.66518e-7 -0.7071063 0.2185087 0.9510564 -0.2185077 -0.2185087 -0.9510565 0.2185075 -0.7545259 -0.3090168 0.578964 0.6087601 6.66295e-7 0.7933545 0.7545226 0.3090181 -0.5789677 -0.6087613 0 -0.7933535 -0.2451602 0.9510567 0.1881168 0.2451602 -0.9510565 -0.1881169 -0.823639 0.3090165 0.475529 0.4999998 0 0.8660256 0.8236372 -0.309018 -0.4755311 -0.5000007 0 -0.866025 0.2676172 0.9510565 -0.1545076 -0.2676172 -0.9510564 0.1545086 -0.8786614 -0.3090162 0.363955 0.3826841 2.66519e-7 0.9238793 0.8786625 0.3090162 -0.3639523 -0.3826833 1.99889e-7 -0.9238797 -0.2854945 0.9510565 0.1182552 0.2854936 -0.9510568 -0.1182561 -0.9186503 0.3090179 0.2461495 0.2588194 3.99777e-7 0.9659258 0.91865 -0.3090161 -0.2461526 -0.2588185 0 -0.965926 0.2984876 0.9510566 -0.07997822 -0.2984867 -0.9510568 0.07997864 -0.9429203 -0.3090163 0.1241387 0.1305266 6.16324e-7 0.9914448 0.9429201 0.3090164 -0.1241389 -0.1305258 5.70516e-7 -0.991445 -0.3063726 0.9510568 0.04033511 0.3063735 -0.9510565 -0.04033529 0.4999988 1.3864e-7 0.8660261 0.5000007 0 -0.8660251 -0.5000008 -1.29399e-7 -0.8660251 -1 0 0 -0.4999988 0 0.8660262 -0.4999986 0 0.8660262 0.4999993 1.3633e-7 0.8660258 1 0 0 -0.5000008 -1.60582e-7 -0.8660251 -1 0 0 -1 0 0 0.4999993 1.46148e-7 0.8660258 1 0 0 -0.5000008 -1.65201e-7 -0.8660251 -0.5000008 -1.3864e-7 -0.8660251 -1 0 0 0.4999988 1.29399e-7 0.8660261 0.4999993 0 -0.8660258 -0.5 0 -0.8660254 -0.5000008 0 0.8660251 0.5 0 0.8660254 1 0 0 0.4999993 0 -0.8660258 -0.5 0 -0.8660254 -1 0 0 -0.4999993 0 0.8660258 0.5 0 0.8660254</float_array>
          <technique_common>
            <accessor source="#wheel_fl-mesh-normals-array" count="1881" stride="3">
              <param name="X" type="float"/>
              <param name="Y" type="float"/>
              <param name="Z" type="float"/>
            </accessor>
          </technique_common>
        </source>
        <vertices id="wheel_fl-mesh-vertices">
          <input semantic="POSITION" source="#wheel_fl-mesh-positions"/>
        </vertices>
        <triangles material="rubber-material" count="1148">
          <input semantic="VERTEX" source="#wheel_fl-mesh-vertices" offset="0"/>
          <input semantic="NORMAL" source="#wheel_fl-mesh-normals" offset="1"/>
          <p>101 0 95 1 103 2 55 3 46 4 54 5 285 6 0 7 281 8 95 1 102 9 103 2 45 10 55 3 53 11 21 12 25 13 17 14 91 15 98 16 90 17 50 18 40 19 42 20 29 21 33 22 25 13 97 23 91 15 89 24 51 25 42 20 43 26 33 22 45 10 41 27 94 28 84 29 92 30 41 27 51 25 43 26 41 27 53 11 49 31 95 1 86 32 94 28 38 33 44 34 46 4 49 31 61 35 57 36 93 37 87 38 95 1 39 39 46 4 47 40 57 36 69 41 65 42 90 17 80 43 82 44 45 10 39 39 47 40 69 41 73 45 65 42 91 15 82 44 83 46 34 47 40 19 32 48 77 49 81 50 73 45 89 24 83 46 81 50 35 51 42 20 34 47 85 52 89 24 81 50 86 32 76 53 84 29 41 27 35 51 33 22 93 37 97 23 89 24 87 38 78 54 86 32 38 33 28 55 36 56 101 0 105 57 97 23 77 49 87 38 85 52 31 58 38 33 39 39 109 59 113 60 105 57 82 44 72 61 74 62 37 63 31 58 39 39 117 64 121 65 113 60 83 46 74 62 75 66 26 67 32 48 24 68 125 69 129 70 121 65 73 45 83 46 75 66 27 71 34 47 26 67 133 72 137 73 129 70 70 74 76 53 78 54 33 22 27 71 25 13 141 75 145 76 137 73 71 77 78 54 79 78 30 79 20 80 28 55 149 81 153 82 145 76 77 49 71 77 79 78 31 58 22 83 30 79 157 84 161 85 153 82 66 86 72 61 64 87 21 12 31 58 29 21 165 88 169 89 161 85 67 90 74 62 66 86 18 91 24 68 16 92 173 93 177 94 169 89 73 45 67 90 65 42 27 71 18 91 19 95 181 96 185 97 177 94 62 98 68 99 70 74 25 13 19 95 17 14 189 100 193 101 185 97 63 102 70 74 71 77 14 103 20 80 22 83 197 104 201 105 193 101 61 35 71 77 69 41 15 106 22 83 23 107 205 108 209 109 201 105 58 110 64 87 56 111 21 12 15 106 23 107 213 112 217 113 209 109 59 114 66 86 58 110 10 115 16 92 8 116 221 117 225 118 217 113 57 36 67 90 59 114 19 95 10 115 11 119 229 120 233 121 225 118 62 98 52 122 60 123 17 14 11 119 9 124 237 125 241 126 233 121 63 102 54 5 62 98 14 103 4 127 12 128 245 129 249 130 241 126 53 11 63 102 61 35 7 131 14 103 15 106 253 132 257 133 249 130 58 110 48 134 50 18 13 135 7 131 15 106 261 136 265 137 257 133 59 114 50 18 51 25 2 138 8 116 1 139 269 140 273 141 265 137 49 31 59 114 51 25 3 142 10 115 2 138 277 143 281 8 273 141 9 124 21 12 17 14 9 124 3 142 0 7 90 17 96 144 88 145 46 4 52 122 54 5 20 80 244 146 116 147 0 7 13 135 9 124 94 28 100 148 102 9 105 57 99 149 97 23 99 149 106 150 98 16 98 16 104 151 96 144 101 0 111 152 109 59 103 2 110 153 111 152 102 9 108 154 110 153 105 57 115 155 107 156 115 155 106 150 107 156 114 157 104 151 106 150 109 59 119 158 117 64 119 158 110 153 118 159 118 159 108 154 116 147 113 60 123 160 115 155 123 160 114 157 115 155 122 161 112 162 114 157 117 64 127 163 125 69 127 163 118 159 126 164 126 164 116 147 124 165 121 65 131 166 123 160 123 160 130 167 122 161 130 167 120 168 122 161 125 69 135 169 133 72 127 163 134 170 135 169 126 164 132 171 134 170 129 70 139 172 131 166 139 172 130 167 131 166 138 173 128 174 130 167 133 72 143 175 141 75 143 175 134 170 142 176 134 170 140 177 142 176 137 73 147 178 139 172 147 178 138 173 139 172 138 173 144 179 136 180 141 75 151 181 149 81 151 181 142 176 150 182 142 176 148 183 150 182 153 82 147 178 145 76 147 178 154 184 146 185 154 184 144 179 146 185 157 84 151 181 159 186 151 181 158 187 159 186 158 187 148 183 156 188 161 85 155 189 153 82 155 189 162 190 154 184 154 184 160 191 152 192 165 88 159 186 167 193 159 186 166 194 167 193 158 187 164 195 166 194 169 89 163 196 161 85 171 197 162 190 163 196 162 190 168 198 160 191 173 93 167 193 175 199 175 199 166 194 174 200 174 200 164 195 172 201 169 89 179 202 171 197 179 202 170 203 171 197 178 204 168 198 170 203 173 93 183 205 181 96 183 205 174 200 182 206 182 206 172 201 180 207 177 94 187 208 179 202 187 208 178 204 179 202 186 209 176 210 178 204 189 100 183 205 191 211 191 211 182 206 190 212 182 206 188 213 190 212 185 97 195 214 187 208 195 214 186 209 187 208 186 209 192 215 184 216 189 100 199 217 197 104 199 217 190 212 198 218 190 212 196 219 198 218 193 101 203 220 195 214 203 220 194 221 195 214 202 222 192 215 194 221 197 104 207 223 205 108 207 223 198 218 206 224 206 224 196 219 204 225 201 105 211 226 203 220 203 220 210 227 202 222 202 222 208 228 200 229 205 108 215 230 213 112 207 223 214 231 215 230 206 224 212 232 214 231 217 113 211 226 209 109 211 226 218 233 210 227 210 227 216 234 208 228 213 112 223 235 221 117 215 230 222 236 223 235 214 231 220 237 222 236 217 113 227 238 219 239 219 239 226 240 218 233 226 240 216 234 218 233 229 120 223 235 231 241 231 241 222 236 230 242 230 242 220 237 228 243 233 121 227 238 225 118 235 244 226 240 227 238 234 245 224 246 226 240 237 125 231 241 239 247 239 247 230 242 238 248 238 248 228 243 236 249 241 126 235 244 233 121 235 244 242 250 234 245 234 245 240 251 232 252 245 129 239 247 247 253 239 247 246 254 247 253 238 248 244 146 246 254 249 130 243 255 241 126 243 255 250 256 242 250 250 256 240 251 242 250 253 132 247 253 255 257 247 253 254 258 255 257 254 258 244 146 252 259 249 130 259 260 251 261 259 260 250 256 251 261 258 262 248 263 250 256 261 136 255 257 263 264 255 257 262 265 263 264 262 265 252 259 260 266 265 137 259 260 257 133 259 260 266 267 258 262 266 267 256 268 258 262 269 140 263 264 271 269 263 264 270 270 271 269 262 265 268 271 270 270 265 137 275 272 267 273 267 273 274 274 266 267 274 274 264 275 266 267 277 143 271 269 279 276 271 269 278 277 279 276 270 270 276 278 278 277 273 141 283 279 275 272 275 272 282 280 274 274 282 280 272 281 274 274 277 143 287 282 285 6 287 282 278 277 286 283 286 283 276 278 284 284 281 8 3 142 283 279 3 142 282 280 283 279 2 138 280 285 282 280 285 6 7 131 5 286 7 131 286 283 6 287 286 283 4 127 6 287 56 111 184 216 248 263 289 288 290 288 288 289 291 290 294 291 290 292 295 293 292 293 294 294 292 295 289 296 288 297 294 298 288 299 290 300 291 301 293 302 295 303 296 304 299 305 298 306 298 307 303 308 302 309 303 310 300 311 302 312 301 313 296 314 300 315 302 316 296 317 298 318 303 319 297 320 301 321 305 322 306 323 304 324 307 325 310 326 306 327 310 328 309 329 308 330 308 331 305 332 304 333 306 334 308 335 304 336 307 337 309 338 311 339 313 340 314 341 312 342 314 343 319 344 318 345 318 346 317 347 316 348 317 349 312 350 316 351 314 352 316 353 312 354 315 355 317 356 319 357 321 358 322 359 320 360 323 361 326 362 322 363 327 364 324 365 326 366 324 367 321 368 320 369 322 370 324 371 320 372 323 373 325 374 327 375 328 376 331 377 330 378 331 379 334 380 330 381 335 382 332 383 334 384 332 385 329 386 328 387 334 388 328 389 330 390 335 391 329 392 333 393 337 394 338 395 336 396 338 397 343 398 342 399 343 400 340 401 342 402 341 403 336 404 340 405 338 406 340 407 336 408 343 409 337 410 341 411 345 412 346 413 344 414 346 415 351 416 350 417 351 418 348 419 350 420 348 421 345 422 344 423 346 424 348 425 344 426 351 427 345 428 349 429 352 430 355 431 354 432 355 433 358 434 354 435 359 436 356 437 358 438 356 439 353 440 352 441 354 442 356 443 352 444 355 445 357 446 359 447 361 448 362 449 360 450 363 451 366 452 362 453 366 454 365 455 364 456 364 457 361 458 360 459 362 460 364 461 360 462 363 463 365 464 367 465 368 466 371 467 370 468 371 469 374 470 370 471 375 472 372 473 374 474 372 475 369 476 368 477 374 478 368 479 370 480 375 481 369 482 373 483 377 484 378 485 376 486 379 487 382 488 378 489 382 490 381 491 380 492 380 493 377 494 376 495 378 496 380 497 376 498 379 499 381 500 383 501 385 502 386 503 384 504 387 505 390 506 386 507 391 508 388 509 390 510 388 511 385 511 384 511 390 512 384 513 386 514 387 515 389 516 391 517 392 518 395 519 394 520 394 521 399 522 398 523 399 524 396 525 398 526 396 527 393 528 392 529 394 530 396 531 392 532 399 533 393 534 397 535 401 536 402 536 400 537 403 538 406 539 402 540 407 541 404 542 406 543 404 544 401 545 400 546 402 547 404 548 400 549 403 550 405 551 407 552 409 553 410 554 408 555 411 556 414 557 410 558 415 559 412 560 414 561 412 562 409 563 408 564 410 565 412 566 408 567 411 568 413 569 415 570 417 571 418 572 416 573 419 574 422 575 418 576 422 577 421 578 420 579 420 580 417 581 416 582 422 583 416 584 418 585 419 586 421 587 423 588 425 589 426 590 424 591 427 592 430 593 426 594 430 595 429 596 428 597 428 598 425 599 424 600 430 601 424 602 426 603 427 604 429 605 431 606 432 607 435 608 434 609 434 610 439 611 438 612 439 613 436 614 438 615 437 616 432 617 436 618 438 619 432 620 434 621 439 622 433 623 437 624 441 625 442 626 440 627 442 628 447 629 446 630 446 631 445 632 444 633 444 634 441 635 440 636 442 637 444 638 440 638 443 639 445 640 447 641 449 642 450 643 448 644 451 645 454 646 450 647 455 648 452 649 454 650 452 651 449 652 448 653 454 654 448 655 450 656 455 657 449 658 453 659 456 660 459 661 458 662 458 663 463 664 462 665 463 666 460 667 462 668 461 669 456 670 460 671 462 672 456 673 458 674 463 675 457 676 461 677 464 678 467 679 466 680 467 681 470 682 466 683 471 684 468 685 470 686 468 687 465 688 464 689 466 690 468 691 464 692 467 693 469 694 471 695 473 696 474 697 472 698 474 699 479 700 478 701 478 702 477 703 476 704 477 705 472 706 476 707 474 708 476 709 472 710 475 711 477 712 479 713 481 714 482 714 480 715 483 716 486 717 482 718 487 719 484 719 486 720 484 721 481 722 480 723 486 724 480 725 482 726 483 727 485 728 487 729 488 730 491 731 490 732 490 733 495 734 494 735 495 736 492 737 494 738 493 739 488 740 492 741 494 742 488 743 490 744 495 745 489 746 493 747 497 748 498 749 496 750 499 751 502 752 498 753 502 754 501 755 500 756 500 757 497 758 496 759 502 760 496 761 498 762 503 763 497 764 501 765 505 766 506 767 504 768 507 769 510 770 506 771 511 772 508 773 510 774 508 775 505 776 504 777 510 778 504 779 506 780 511 781 505 782 509 783 513 784 514 785 512 786 514 787 519 788 518 789 518 790 517 791 516 792 517 793 512 794 516 795 518 796 512 797 514 798 515 799 517 800 519 801 521 802 522 803 520 804 522 805 527 806 526 807 526 808 525 809 524 810 525 811 520 812 524 813 522 814 524 814 520 815 523 816 525 817 527 818 528 819 531 820 530 821 531 822 534 823 530 824 535 825 532 826 534 827 532 828 529 829 528 830 530 831 532 832 528 833 531 834 533 835 535 836 537 837 538 838 536 839 538 840 543 841 542 842 543 843 540 844 542 845 541 846 536 847 540 848 542 849 536 850 538 851 543 852 537 853 541 854 545 855 546 856 544 857 546 858 551 859 550 860 550 861 549 862 548 863 549 864 544 865 548 866 550 867 544 868 546 869 551 870 545 871 549 872 553 873 554 874 552 875 554 876 559 877 558 878 558 879 557 880 556 881 557 882 552 883 556 884 554 885 556 886 552 887 555 888 557 889 559 890 560 891 563 892 562 893 563 894 566 895 562 896 567 897 564 898 566 899 565 900 560 901 564 902 562 903 564 904 560 905 563 906 565 907 567 908 569 909 570 910 568 911 570 912 575 913 574 914 574 915 573 916 572 917 573 918 568 919 572 920 574 921 568 922 570 923 571 924 573 925 575 926 577 927 578 928 576 929 579 930 582 931 578 511 583 932 580 933 582 934 580 935 577 936 576 937 582 938 576 939 578 940 579 941 581 942 583 943 584 944 587 945 586 946 586 947 591 948 590 949 591 950 588 951 590 952 589 953 584 954 588 955 590 956 584 957 586 958 591 959 585 960 589 961 593 962 594 963 592 964 595 965 598 966 594 967 598 968 597 969 596 970 596 971 593 972 592 973 598 974 592 975 594 976 599 977 593 978 597 979 600 980 603 981 602 982 602 983 607 984 606 985 607 986 604 987 606 988 605 989 600 989 604 990 606 991 600 992 602 993 607 994 601 995 605 996 608 997 611 998 610 999 610 1000 615 1001 614 1002 615 1003 612 1004 614 1005 613 1006 608 1006 612 1007 610 1008 612 1009 608 1010 611 1011 613 1012 615 1013 617 1014 618 1015 616 1016 618 1017 623 1018 622 1019 622 1020 621 1021 620 1022 621 1023 616 1024 620 1025 618 1026 620 1027 616 1028 619 1029 621 1030 623 1031 625 1032 626 1032 624 1033 626 1034 631 1035 630 1036 630 1037 629 1038 628 1039 629 1040 624 1041 628 1042 630 1043 624 1044 626 1045 631 1046 625 1047 629 1048 633 1049 634 1050 632 1051 635 1052 638 1053 634 1054 638 1055 637 1056 636 1057 636 1058 633 1059 632 1060 634 1061 636 1062 632 1063 635 1064 637 1065 639 1066 640 1067 643 1068 642 1069 643 1070 646 1071 642 1072 647 1073 644 1074 646 1075 645 1076 640 1077 644 1078 646 1079 640 1080 642 1081 643 1082 645 1083 647 1084 648 1085 651 1086 650 1087 650 1088 655 1089 654 1090 655 1091 652 1092 654 1093 653 1094 648 1095 652 1096 654 1097 648 1098 650 1099 655 1100 649 1101 653 1102 657 1103 658 1104 656 1105 658 1106 663 1107 662 1108 662 1109 661 1110 660 1111 661 1112 656 1113 660 1114 662 1115 656 1116 658 1117 663 1118 657 1119 661 1120 665 1121 666 1122 664 1123 666 1124 671 1125 670 1126 670 1127 669 1128 668 1129 669 1130 664 1131 668 1132 666 1133 668 1134 664 1135 667 1136 669 1137 671 1138 101 0 93 37 95 1 55 3 47 40 46 4 285 6 5 286 0 7 95 1 94 28 102 9 45 10 47 40 55 3 21 12 29 21 25 13 91 15 99 149 98 16 50 18 48 134 40 19 29 21 37 63 33 22 97 23 99 149 91 15 51 25 50 18 42 20 33 22 37 63 45 10 94 28 86 32 84 29 41 27 49 31 51 25 41 27 45 10 53 11 95 1 87 38 86 32 38 33 36 56 44 34 49 31 53 11 61 35 93 37 85 52 87 38 39 39 38 33 46 4 57 36 61 35 69 41 90 17 88 145 80 43 45 10 37 63 39 39 69 41 77 49 73 45 91 15 90 17 82 44 34 47 42 20 40 19 77 49 85 52 81 50 89 24 91 15 83 46 35 51 43 26 42 20 85 52 93 37 89 24 86 32 78 54 76 53 41 27 43 26 35 51 93 37 101 0 97 23 87 38 79 78 78 54 38 33 30 79 28 55 101 0 109 59 105 57 77 49 79 78 87 38 31 58 30 79 38 33 109 59 117 64 113 60 82 44 80 43 72 61 37 63 29 21 31 58 117 64 125 69 121 65 83 46 82 44 74 62 26 67 34 47 32 48 125 69 133 72 129 70 73 45 81 50 83 46 27 71 35 51 34 47 133 72 141 75 137 73 70 74 68 99 76 53 33 22 35 51 27 71 141 75 149 81 145 76 71 77 70 74 78 54 30 79 22 83 20 80 149 81 157 84 153 82 77 49 69 41 71 77 31 58 23 107 22 83 157 84 165 88 161 85 66 86 74 62 72 61 21 12 23 107 31 58 165 88 173 93 169 89 67 90 75 66 74 62 18 91 26 67 24 68 173 93 181 96 177 94 73 45 75 66 67 90 27 71 26 67 18 91 181 96 189 100 185 97 62 98 60 123 68 99 25 13 27 71 19 95 189 100 197 104 193 101 63 102 62 98 70 74 14 103 12 128 20 80 197 104 205 108 201 105 61 35 63 102 71 77 15 106 14 103 22 83 205 108 213 112 209 109 58 110 66 86 64 87 21 12 13 135 15 106 213 112 221 117 217 113 59 114 67 90 66 86 10 115 18 91 16 92 221 117 229 120 225 118 57 36 65 42 67 90 19 95 18 91 10 115 229 120 237 125 233 121 62 98 54 5 52 122 17 14 19 95 11 119 237 125 245 129 241 126 63 102 55 3 54 5 14 103 6 287 4 127 245 129 253 132 249 130 53 11 55 3 63 102 7 131 6 287 14 103 253 132 261 136 257 133 58 110 56 111 48 134 13 135 5 286 7 131 261 136 269 140 265 137 59 114 58 110 50 18 2 138 10 115 8 116 269 140 277 143 273 141 49 31 57 36 59 114 3 142 11 119 10 115 277 143 285 6 281 8 9 124 13 135 21 12 9 124 11 119 3 142 90 17 98 16 96 144 46 4 44 34 52 122 20 80 12 128 4 127 4 127 284 284 276 278 276 278 268 271 260 266 260 266 252 259 276 278 252 259 244 146 276 278 244 146 236 249 228 243 228 243 220 237 244 146 220 237 212 232 244 146 212 232 204 225 196 219 196 219 188 213 212 232 188 213 180 207 212 232 180 207 172 201 164 195 164 195 156 188 148 183 148 183 140 177 132 171 132 171 124 165 116 147 116 147 108 154 100 148 100 148 92 30 116 147 92 30 84 29 116 147 84 29 76 53 68 99 68 99 60 123 84 29 60 123 52 122 84 29 52 122 44 34 36 56 36 56 28 55 20 80 20 80 4 127 244 146 4 127 276 278 244 146 180 207 164 195 116 147 164 195 148 183 116 147 148 183 132 171 116 147 52 122 36 56 20 80 244 146 212 232 116 147 212 232 180 207 116 147 116 147 84 29 52 122 52 122 20 80 116 147 0 7 5 286 13 135 94 28 92 30 100 148 105 57 107 156 99 149 99 149 107 156 106 150 98 16 106 150 104 151 101 0 103 2 111 152 103 2 102 9 110 153 102 9 100 148 108 154 105 57 113 60 115 155 115 155 114 157 106 150 114 157 112 162 104 151 109 59 111 152 119 158 119 158 111 152 110 153 118 159 110 153 108 154 113 60 121 65 123 160 123 160 122 161 114 157 122 161 120 168 112 162 117 64 119 158 127 163 127 163 119 158 118 159 126 164 118 159 116 147 121 65 129 70 131 166 123 160 131 166 130 167 130 167 128 174 120 168 125 69 127 163 135 169 127 163 126 164 134 170 126 164 124 165 132 171 129 70 137 73 139 172 139 172 138 173 130 167 138 173 136 180 128 174 133 72 135 169 143 175 143 175 135 169 134 170 134 170 132 171 140 177 137 73 145 76 147 178 147 178 146 185 138 173 138 173 146 185 144 179 141 75 143 175 151 181 151 181 143 175 142 176 142 176 140 177 148 183 153 82 155 189 147 178 147 178 155 189 154 184 154 184 152 192 144 179 157 84 149 81 151 181 151 181 150 182 158 187 158 187 150 182 148 183 161 85 163 196 155 189 155 189 163 196 162 190 154 184 162 190 160 191 165 88 157 84 159 186 159 186 158 187 166 194 158 187 156 188 164 195 169 89 171 197 163 196 171 197 170 203 162 190 162 190 170 203 168 198 173 93 165 88 167 193 175 199 167 193 166 194 174 200 166 194 164 195 169 89 177 94 179 202 179 202 178 204 170 203 178 204 176 210 168 198 173 93 175 199 183 205 183 205 175 199 174 200 182 206 174 200 172 201 177 94 185 97 187 208 187 208 186 209 178 204 186 209 184 216 176 210 189 100 181 96 183 205 191 211 183 205 182 206 182 206 180 207 188 213 185 97 193 101 195 214 195 214 194 221 186 209 186 209 194 221 192 215 189 100 191 211 199 217 199 217 191 211 190 212 190 212 188 213 196 219 193 101 201 105 203 220 203 220 202 222 194 221 202 222 200 229 192 215 197 104 199 217 207 223 207 223 199 217 198 218 206 224 198 218 196 219 201 105 209 109 211 226 203 220 211 226 210 227 202 222 210 227 208 228 205 108 207 223 215 230 207 223 206 224 214 231 206 224 204 225 212 232 217 113 219 239 211 226 211 226 219 239 218 233 210 227 218 233 216 234 213 112 215 230 223 235 215 230 214 231 222 236 214 231 212 232 220 237 217 113 225 118 227 238 219 239 227 238 226 240 226 240 224 246 216 234 229 120 221 117 223 235 231 241 223 235 222 236 230 242 222 236 220 237 233 121 235 244 227 238 235 244 234 245 226 240 234 245 232 252 224 246 237 125 229 120 231 241 239 247 231 241 230 242 238 248 230 242 228 243 241 126 243 255 235 244 235 244 243 255 242 250 234 245 242 250 240 251 245 129 237 125 239 247 239 247 238 248 246 254 238 248 236 249 244 146 249 130 251 261 243 255 243 255 251 261 250 256 250 256 248 263 240 251 253 132 245 129 247 253 247 253 246 254 254 258 254 258 246 254 244 146 249 130 257 133 259 260 259 260 258 262 250 256 258 262 256 268 248 263 261 136 253 132 255 257 255 257 254 258 262 265 262 265 254 258 252 259 265 137 267 273 259 260 259 260 267 273 266 267 266 267 264 275 256 268 269 140 261 136 263 264 263 264 262 265 270 270 262 265 260 266 268 271 265 137 273 141 275 272 267 273 275 272 274 274 274 274 272 281 264 275 277 143 269 140 271 269 271 269 270 270 278 277 270 270 268 271 276 278 273 141 281 8 283 279 275 272 283 279 282 280 282 280 280 285 272 281 277 143 279 276 287 282 287 282 279 276 278 277 286 283 278 277 276 278 281 8 0 7 3 142 3 142 2 138 282 280 2 138 1 139 280 285 285 6 287 282 7 131 7 131 287 282 286 283 286 283 284 284 4 127 280 285 1 139 8 116 8 116 16 92 24 68 24 68 32 48 56 111 32 48 40 19 56 111 40 19 48 134 56 111 56 111 64 87 72 61 72 61 80 43 88 145 88 145 96 144 104 151 104 151 112 162 88 145 112 162 120 168 88 145 120 168 128 174 136 180 136 180 144 179 152 192 152 192 160 191 184 216 160 191 168 198 184 216 168 198 176 210 184 216 184 216 192 215 200 229 200 229 208 228 184 216 208 228 216 234 184 216 216 234 224 246 248 263 224 246 232 252 248 263 232 252 240 251 248 263 248 263 256 268 264 275 264 275 272 281 248 263 272 281 280 285 248 263 280 285 8 116 56 111 8 116 24 68 56 111 56 111 72 61 88 145 120 168 136 180 184 216 136 180 152 192 184 216 56 111 88 145 120 168 184 216 216 234 248 263 248 263 280 285 56 111 56 111 120 168 184 216 289 288 291 289 290 288 291 290 295 723 294 291 295 293 293 294 292 293 292 295 293 718 289 296 294 298 292 1579 288 299 291 301 289 1580 293 302 296 304 297 1581 299 305 298 307 299 1582 303 308 303 310 301 1583 300 311 301 313 297 1584 296 314 302 316 300 1585 296 317 303 319 299 1586 297 320 305 322 307 1587 306 323 307 325 311 1588 310 326 310 328 311 1589 309 329 308 331 309 1590 305 332 306 334 310 1591 308 335 307 337 305 1592 309 338 313 340 315 1593 314 341 314 343 315 1594 319 344 318 346 319 1595 317 347 317 349 313 1596 312 350 314 352 318 1597 316 353 315 355 313 1598 317 356 321 358 323 1599 322 359 323 361 327 1600 326 362 327 364 325 1601 324 365 324 367 325 1602 321 368 322 370 326 1603 324 371 323 373 321 1604 325 374 328 376 329 1605 331 377 331 379 335 1606 334 380 335 382 333 1607 332 383 332 385 333 1608 329 386 334 388 332 1609 328 389 335 391 331 1610 329 392 337 394 339 1611 338 395 338 397 339 1612 343 398 343 400 341 1613 340 401 341 403 337 1614 336 404 338 406 342 1615 340 407 343 409 339 1616 337 410 345 412 347 1617 346 413 346 415 347 1618 351 416 351 418 349 1619 348 419 348 421 349 1620 345 422 346 424 350 1621 348 425 351 427 347 1622 345 428 352 430 353 1623 355 431 355 433 359 1624 358 434 359 436 357 1625 356 437 356 439 357 1626 353 440 354 442 358 1627 356 443 355 445 353 1628 357 446 361 448 363 1629 362 449 363 451 367 1630 366 452 366 454 367 1631 365 455 364 457 365 1632 361 458 362 460 366 1633 364 461 363 463 361 1634 365 464 368 466 369 1635 371 467 371 469 375 1636 374 470 375 472 373 1637 372 473 372 475 373 1638 369 476 374 478 372 1639 368 479 375 481 371 1640 369 482 377 484 379 1641 378 485 379 487 383 1642 382 488 382 490 383 1643 381 491 380 493 381 1644 377 494 378 496 382 1645 380 497 379 499 377 1646 381 500 385 502 387 1647 386 503 387 505 391 1648 390 506 391 508 389 1649 388 509 388 511 389 511 385 511 390 512 388 1650 384 513 387 515 385 1651 389 516 392 518 393 1652 395 519 394 521 395 1653 399 522 399 524 397 1654 396 525 396 527 397 1655 393 528 394 530 398 1656 396 531 399 533 395 1657 393 534 401 536 403 537 402 536 403 538 407 1658 406 539 407 541 405 1659 404 542 404 544 405 1660 401 545 402 547 406 1661 404 548 403 550 401 1662 405 551 409 553 411 1663 410 554 411 556 415 1664 414 557 415 559 413 1665 412 560 412 562 413 1666 409 563 410 565 414 1667 412 566 411 568 409 1668 413 569 417 571 419 1669 418 572 419 574 423 1670 422 575 422 577 423 1671 421 578 420 580 421 1672 417 581 422 583 420 1673 416 584 419 586 417 1674 421 587 425 589 427 1675 426 590 427 592 431 1676 430 593 430 595 431 1677 429 596 428 598 429 1678 425 599 430 601 428 1679 424 602 427 604 425 1680 429 605 432 607 433 1681 435 608 434 610 435 1682 439 611 439 613 437 1683 436 614 437 616 433 1684 432 617 438 619 436 1685 432 620 439 622 435 1686 433 623 441 625 443 1687 442 626 442 628 443 1688 447 629 446 631 447 1689 445 632 444 634 445 1690 441 635 442 637 446 638 444 638 443 639 441 1691 445 640 449 642 451 1692 450 643 451 645 455 1693 454 646 455 648 453 1694 452 649 452 651 453 1695 449 652 454 654 452 1696 448 655 455 657 451 1697 449 658 456 660 457 1698 459 661 458 663 459 1699 463 664 463 666 461 1700 460 667 461 669 457 1701 456 670 462 672 460 1702 456 673 463 675 459 1703 457 676 464 678 465 1704 467 679 467 681 471 1705 470 682 471 684 469 1706 468 685 468 687 469 1707 465 688 466 690 470 1708 468 691 467 693 465 1709 469 694 473 696 475 1710 474 697 474 699 475 1711 479 700 478 702 479 1712 477 703 477 705 473 1713 472 706 474 708 478 1714 476 709 475 711 473 1715 477 712 481 714 483 715 482 714 483 716 487 297 486 717 487 719 485 720 484 719 484 721 485 292 481 722 486 724 484 1716 480 725 483 727 481 1717 485 728 488 730 489 1718 491 731 490 733 491 1719 495 734 495 736 493 1720 492 737 493 739 489 1721 488 740 494 742 492 1722 488 743 495 745 491 1723 489 746 497 748 499 1724 498 749 499 751 503 1725 502 752 502 754 503 1726 501 755 500 757 501 1727 497 758 502 760 500 1728 496 761 503 763 499 1729 497 764 505 766 507 1730 506 767 507 769 511 1731 510 770 511 772 509 1732 508 773 508 775 509 1733 505 776 510 778 508 1734 504 779 511 781 507 1735 505 782 513 784 515 1736 514 785 514 787 515 1737 519 788 518 790 519 1738 517 791 517 793 513 1739 512 794 518 796 516 1740 512 797 515 799 513 1741 517 800 521 802 523 1742 522 803 522 805 523 1743 527 806 526 808 527 1744 525 809 525 811 521 1745 520 812 522 814 526 815 524 814 523 816 521 1746 525 817 528 819 529 1747 531 820 531 822 535 1748 534 823 535 825 533 1749 532 826 532 828 533 1750 529 829 530 831 534 1751 532 832 531 834 529 1752 533 835 537 837 539 1753 538 838 538 840 539 1754 543 841 543 843 541 1755 540 844 541 846 537 1756 536 847 542 849 540 1757 536 850 543 852 539 1758 537 853 545 855 547 1759 546 856 546 858 547 1760 551 859 550 861 551 1761 549 862 549 864 545 1762 544 865 550 867 548 1763 544 868 551 870 547 1764 545 871 553 873 555 1765 554 874 554 876 555 1766 559 877 558 879 559 1767 557 880 557 882 553 1768 552 883 554 885 558 1769 556 886 555 888 553 1770 557 889 560 891 561 1771 563 892 563 894 567 1772 566 895 567 897 565 1773 564 898 565 900 561 1774 560 901 562 903 566 1775 564 904 563 906 561 1776 565 907 569 909 571 1777 570 910 570 912 571 1778 575 913 574 915 575 1779 573 916 573 918 569 1780 568 919 574 921 572 1781 568 922 571 924 569 1782 573 925 577 927 579 927 578 928 579 930 583 1783 582 931 583 932 581 1784 580 933 580 935 581 1785 577 936 582 938 580 1786 576 939 579 941 577 1787 581 942 584 944 585 1788 587 945 586 947 587 1789 591 948 591 950 589 1790 588 951 589 953 585 1791 584 954 590 956 588 1792 584 957 591 959 587 1793 585 960 593 962 595 1794 594 963 595 965 599 1795 598 966 598 968 599 1796 597 969 596 971 597 1797 593 972 598 974 596 1798 592 975 599 977 595 1799 593 978 600 980 601 1800 603 981 602 983 603 1801 607 984 607 986 605 1802 604 987 605 989 601 1803 600 989 606 991 604 1804 600 992 607 994 603 1805 601 995 608 997 609 1806 611 998 610 1000 611 1807 615 1001 615 1003 613 1808 612 1004 613 1006 609 1809 608 1006 610 1008 614 1810 612 1009 611 1011 609 1811 613 1012 617 1014 619 1812 618 1015 618 1017 619 1813 623 1018 622 1020 623 1814 621 1021 621 1023 617 1815 616 1024 618 1026 622 1816 620 1027 619 1029 617 1817 621 1030 625 1032 627 1818 626 1032 626 1034 627 1819 631 1035 630 1037 631 1820 629 1038 629 1040 625 1821 624 1041 630 1043 628 1822 624 1044 631 1046 627 1823 625 1047 633 1049 635 1824 634 1050 635 1052 639 1825 638 1053 638 1055 639 1826 637 1056 636 1058 637 1827 633 1059 634 1061 638 1828 636 1062 635 1064 633 1829 637 1065 640 1067 641 1830 643 1068 643 1070 647 1831 646 1071 647 1073 645 1832 644 1074 645 1076 641 1833 640 1077 646 1079 644 1834 640 1080 643 1082 641 1835 645 1083 648 1085 649 1836 651 1086 650 1088 651 1837 655 1089 655 1091 653 1838 652 1092 653 1094 649 1839 648 1095 654 1097 652 1840 648 1098 655 1100 651 1841 649 1101 657 1103 659 1842 658 1104 658 1106 659 1843 663 1107 662 1109 663 1844 661 1110 661 1112 657 1845 656 1113 662 1115 660 1846 656 1116 663 1118 659 1847 657 1119 665 1121 667 1848 666 1122 666 1124 667 1849 671 1125 670 1127 671 1850 669 1128 669 1130 665 1851 664 1131 666 1133 670 1852 668 1134 667 1136 665 1853 669 1137</p>
        </triangles>
        <triangles material="aluminium-material" count="564">
          <input semantic="VERTEX" source="#wheel_fl-mesh-vertices" offset="0"/>
          <input semantic="NORMAL" source="#wheel_fl-mesh-normals" offset="1"/>
          <p>742 1139 748 1140 750 1141 714 1142 704 1143 706 1144 893 1145 672 1146 889 1147 753 1148 747 1149 745 1150 715 1151 706 1144 707 1152 689 1153 701 1154 697 1155 749 1156 743 1157 751 1158 705 1159 715 1151 707 1152 701 1154 705 1159 697 1155 746 1160 736 1161 738 1162 710 1163 700 1164 708 1165 709 1166 713 1167 705 1159 739 1168 746 1160 738 1162 711 1169 702 1170 710 1163 717 1171 721 1172 713 1167 745 1150 739 1168 737 1173 701 1154 711 1169 709 1166 725 1174 729 1175 721 1172 742 1139 732 1176 740 1177 706 1144 696 1178 698 1179 733 1180 737 1173 729 1175 743 1157 734 1181 742 1139 707 1152 698 1179 699 1182 741 1183 745 1150 737 1173 741 1183 735 1184 743 1157 697 1155 707 1152 699 1182 749 1156 753 1148 745 1150 738 1162 728 1185 730 1186 694 1187 700 1164 702 1170 757 1188 761 1189 753 1148 731 1190 738 1162 730 1186 703 1191 694 1187 702 1170 765 1192 769 1193 761 1189 737 1173 731 1190 729 1175 693 1194 703 1191 701 1154 773 1195 777 1196 769 1193 726 1197 732 1176 734 1181 690 1198 696 1178 688 1199 781 1200 785 1201 777 1196 735 1184 726 1197 734 1181 699 1182 690 1198 691 1202 789 1203 793 1204 785 1201 725 1174 735 1184 733 1180 689 1153 699 1182 691 1202 797 1205 801 1206 793 1204 722 1207 728 1185 720 1208 686 1209 692 1210 694 1187 805 1211 809 1212 801 1206 723 1213 730 1186 722 1207 695 1214 686 1209 694 1187 813 1215 817 1216 809 1212 721 1172 731 1190 723 1213 685 1217 695 1214 693 1194 817 1216 829 1218 825 1219 718 1220 724 1221 726 1197 682 1222 688 1199 680 1223 829 1218 833 1224 825 1219 727 1225 718 1220 726 1197 691 1202 682 1222 683 1226 837 1227 841 1228 833 1224 717 1171 727 1225 725 1174 681 1229 691 1202 683 1226 845 1230 849 1231 841 1228 722 1207 712 1232 714 1142 686 1209 676 1233 684 1234 853 1235 857 1236 849 1231 715 1151 722 1207 714 1142 679 1237 686 1209 687 1238 857 1236 869 1239 865 1240 713 1167 723 1213 715 1151 677 1241 687 1238 685 1217 869 1239 873 1242 865 1240 718 1220 708 1165 716 1243 682 1222 673 1244 674 1245 877 1246 881 1247 873 1242 719 1248 710 1163 718 1220 683 1226 674 1245 675 1249 885 1250 889 1147 881 1247 681 1229 693 1194 689 1153 672 1146 683 1226 675 1249 751 1158 742 1139 750 1141 709 1166 719 1248 717 1171 852 1251 788 1252 724 1221 677 1241 681 1229 672 1146 755 1253 746 1160 747 1149 746 1160 752 1254 744 1255 757 1188 751 1158 759 1256 751 1158 758 1257 759 1256 750 1141 756 1258 758 1257 761 1189 755 1253 753 1148 763 1259 754 1260 755 1253 754 1260 760 1261 752 1254 765 1192 759 1256 767 1262 759 1256 766 1263 767 1262 758 1257 764 1264 766 1263 769 1193 763 1259 761 1189 763 1259 770 1265 762 1266 770 1265 760 1261 762 1266 773 1195 767 1262 775 1267 767 1262 774 1268 775 1267 774 1268 764 1264 772 1269 777 1196 771 1270 769 1193 771 1270 778 1271 770 1265 778 1271 768 1272 770 1265 781 1200 775 1267 783 1273 775 1267 782 1274 783 1273 782 1274 772 1269 780 1275 785 1201 779 1276 777 1196 779 1276 786 1277 778 1271 778 1271 784 1278 776 1279 789 1203 783 1273 791 1280 791 1280 782 1274 790 1281 782 1274 788 1252 790 1281 785 1201 795 1282 787 1283 787 1283 794 1284 786 1277 794 1284 784 1278 786 1277 789 1203 799 1285 797 1205 799 1285 790 1281 798 1286 798 1286 788 1252 796 1287 793 1204 803 1288 795 1282 803 1288 794 1284 795 1282 794 1284 800 1289 792 1290 797 1205 807 1291 805 1211 807 1291 798 1286 806 1292 798 1286 804 1293 806 1292 801 1206 811 1294 803 1288 811 1294 802 1295 803 1288 802 1295 808 1296 800 1289 805 1211 815 1297 813 1215 815 1297 806 1292 814 1298 806 1292 812 1299 814 1298 809 1212 819 1300 811 1294 819 1300 810 1301 811 1294 818 1302 808 1296 810 1301 813 1215 823 1303 821 1304 823 1303 814 1298 822 1305 822 1305 812 1299 820 1306 817 1216 827 1307 819 1300 827 1307 818 1302 819 1300 826 1308 816 1309 818 1302 821 1304 831 1310 829 1218 831 1310 822 1305 830 1311 830 1311 820 1306 828 1312 825 1219 835 1313 827 1307 835 1313 826 1308 827 1307 834 1314 824 1315 826 1308 829 1218 839 1316 837 1227 839 1316 830 1311 838 1317 838 1317 828 1312 836 1318 833 1224 843 1319 835 1313 843 1319 834 1314 835 1313 834 1314 840 1320 832 1321 837 1227 847 1322 845 1230 847 1322 838 1317 846 1323 838 1317 844 1324 846 1323 849 1231 843 1319 841 1228 843 1319 850 1325 842 1326 850 1325 840 1320 842 1326 853 1235 847 1322 855 1327 847 1322 854 1328 855 1327 854 1328 844 1324 852 1251 849 1231 859 1329 851 1330 859 1329 850 1325 851 1330 850 1325 856 1331 848 1332 861 1333 855 1327 863 1334 855 1327 862 1335 863 1334 862 1335 852 1251 860 1336 865 1240 859 1329 857 1236 867 1337 858 1338 859 1329 858 1338 864 1339 856 1331 869 1239 863 1334 871 1340 863 1334 870 1341 871 1340 862 1335 868 1342 870 1341 873 1242 867 1337 865 1240 875 1343 866 1344 867 1337 866 1344 872 1345 864 1339 877 1246 871 1340 879 1346 871 1340 878 1347 879 1346 870 1341 876 1348 878 1347 881 1247 875 1343 873 1242 875 1343 882 1349 874 1350 882 1349 872 1345 874 1350 885 1250 879 1346 887 1351 879 1346 886 1352 887 1351 886 1352 876 1348 884 1353 889 1147 883 1354 881 1247 883 1354 890 1355 882 1349 890 1355 880 1356 882 1349 893 1145 887 1351 895 1357 887 1351 894 1358 895 1357 894 1358 884 1353 892 1359 672 1146 891 1360 889 1147 891 1360 674 1245 890 1355 890 1355 673 1244 888 1361 677 1241 895 1357 679 1237 679 1237 894 1358 678 1362 894 1358 676 1233 678 1362 728 1185 792 1290 856 1331 1025 1491 1026 1492 1024 1493 1026 1494 1029 1495 1028 1496 1029 1497 1030 1498 1028 1499 1031 1500 1032 1501 1030 1502 1025 1503 1033 1503 1029 1503 1033 1504 1034 1505 1032 1506 1035 1507 1024 1508 1034 1509 1026 1510 1030 1510 1034 1510 1037 1511 1038 1512 1036 1513 1039 1514 1040 1515 1038 1516 1040 1517 1043 1518 1042 1519 1043 1520 1044 1521 1042 1522 1045 1503 1043 1503 1041 1503 1045 1523 1046 1524 1044 1525 1047 1526 1036 1527 1046 1506 1044 1510 1046 1510 1038 1510 1049 1528 1050 1529 1048 1506 1051 1530 1052 1531 1050 1532 1053 1533 1054 1534 1052 1516 1054 1535 1057 1536 1056 1537 1049 1503 1057 1503 1053 1503 1057 1520 1058 1521 1056 1522 1059 1538 1048 1539 1058 1525 1050 1510 1054 1510 1058 1510 1061 1540 1062 1541 1060 1502 1063 1542 1064 1543 1062 1506 1065 1507 1066 1508 1064 1509 1067 1544 1068 1545 1066 1493 1067 1503 1065 1503 1061 1503 1068 1546 1071 1547 1070 1548 1071 1497 1060 1498 1070 1499 1066 1510 1068 1510 1070 1510 1073 1549 1074 1550 1072 1551 1075 1552 1076 1553 1074 1554 1077 1506 1078 1506 1076 1506 1079 1555 1080 1556 1078 1557 1081 1503 1079 1503 1077 1503 1081 1558 1082 1559 1080 1560 1082 1561 1073 1562 1072 511 1078 1510 1080 1510 1082 1510 1084 1563 1087 1564 1086 1565 1087 1566 1088 1567 1086 1568 1089 1569 1090 1570 1088 1571 1091 1572 1092 1573 1090 1506 1093 1503 1091 1503 1089 1503 1093 1574 1094 1575 1092 1576 1095 1577 1084 1578 1094 1560 1090 1510 1092 1510 1094 1510 742 1139 740 1177 748 1140 714 1142 712 1232 704 1143 893 1145 677 1241 672 1146 753 1148 755 1253 747 1149 715 1151 714 1142 706 1144 689 1153 693 1194 701 1154 749 1156 741 1183 743 1157 705 1159 713 1167 715 1151 701 1154 709 1166 705 1159 746 1160 744 1255 736 1161 710 1163 702 1170 700 1164 709 1166 717 1171 713 1167 739 1168 747 1149 746 1160 711 1169 703 1191 702 1170 717 1171 725 1174 721 1172 745 1150 747 1149 739 1168 701 1154 703 1191 711 1169 725 1174 733 1180 729 1175 742 1139 734 1181 732 1176 706 1144 704 1143 696 1178 733 1180 741 1183 737 1173 743 1157 735 1184 734 1181 707 1152 706 1144 698 1179 741 1183 749 1156 745 1150 741 1183 733 1180 735 1184 697 1155 705 1159 707 1152 749 1156 757 1188 753 1148 738 1162 736 1161 728 1185 694 1187 692 1210 700 1164 757 1188 765 1192 761 1189 731 1190 739 1168 738 1162 703 1191 695 1214 694 1187 765 1192 773 1195 769 1193 737 1173 739 1168 731 1190 693 1194 695 1214 703 1191 773 1195 781 1200 777 1196 726 1197 724 1221 732 1176 690 1198 698 1179 696 1178 781 1200 789 1203 785 1201 735 1184 727 1225 726 1197 699 1182 698 1179 690 1198 789 1203 797 1205 793 1204 725 1174 727 1225 735 1184 689 1153 697 1155 699 1182 797 1205 805 1211 801 1206 722 1207 730 1186 728 1185 686 1209 684 1234 692 1210 805 1211 813 1215 809 1212 723 1213 731 1190 730 1186 695 1214 687 1238 686 1209 813 1215 821 1304 817 1216 721 1172 729 1175 731 1190 685 1217 687 1238 695 1214 817 1216 821 1304 829 1218 718 1220 716 1243 724 1221 682 1222 690 1198 688 1199 829 1218 837 1227 833 1224 727 1225 719 1248 718 1220 691 1202 690 1198 682 1222 837 1227 845 1230 841 1228 717 1171 719 1248 727 1225 681 1229 689 1153 691 1202 845 1230 853 1235 849 1231 722 1207 720 1208 712 1232 686 1209 678 1362 676 1233 853 1235 861 1333 857 1236 715 1151 723 1213 722 1207 679 1237 678 1362 686 1209 857 1236 861 1333 869 1239 713 1167 721 1172 723 1213 677 1241 679 1237 687 1238 869 1239 877 1246 873 1242 718 1220 710 1163 708 1165 682 1222 680 1223 673 1244 877 1246 885 1250 881 1247 719 1248 711 1169 710 1163 683 1226 682 1222 674 1245 885 1250 893 1145 889 1147 681 1229 685 1217 693 1194 672 1146 681 1229 683 1226 751 1158 743 1157 742 1139 709 1166 711 1169 719 1248 692 1210 684 1234 676 1233 676 1233 892 1359 884 1353 884 1353 876 1348 868 1342 868 1342 860 1336 852 1251 852 1251 844 1324 820 1306 844 1324 836 1318 820 1306 836 1318 828 1312 820 1306 820 1306 812 1299 804 1293 804 1293 796 1287 788 1252 788 1252 780 1275 772 1269 772 1269 764 1264 756 1258 756 1258 748 1140 740 1177 740 1177 732 1176 756 1258 732 1176 724 1221 756 1258 724 1221 716 1243 708 1165 708 1165 700 1164 692 1210 692 1210 676 1233 884 1353 884 1353 868 1342 692 1210 868 1342 852 1251 692 1210 820 1306 804 1293 852 1251 804 1293 788 1252 852 1251 788 1252 772 1269 724 1221 772 1269 756 1258 724 1221 724 1221 708 1165 692 1210 724 1221 692 1210 852 1251 677 1241 685 1217 681 1229 755 1253 754 1260 746 1160 746 1160 754 1260 752 1254 757 1188 749 1156 751 1158 751 1158 750 1141 758 1257 750 1141 748 1140 756 1258 761 1189 763 1259 755 1253 763 1259 762 1266 754 1260 754 1260 762 1266 760 1261 765 1192 757 1188 759 1256 759 1256 758 1257 766 1263 758 1257 756 1258 764 1264 769 1193 771 1270 763 1259 763 1259 771 1270 770 1265 770 1265 768 1272 760 1261 773 1195 765 1192 767 1262 767 1262 766 1263 774 1268 774 1268 766 1263 764 1264 777 1196 779 1276 771 1270 771 1270 779 1276 778 1271 778 1271 776 1279 768 1272 781 1200 773 1195 775 1267 775 1267 774 1268 782 1274 782 1274 774 1268 772 1269 785 1201 787 1283 779 1276 779 1276 787 1283 786 1277 778 1271 786 1277 784 1278 789 1203 781 1200 783 1273 791 1280 783 1273 782 1274 782 1274 780 1275 788 1252 785 1201 793 1204 795 1282 787 1283 795 1282 794 1284 794 1284 792 1290 784 1278 789 1203 791 1280 799 1285 799 1285 791 1280 790 1281 798 1286 790 1281 788 1252 793 1204 801 1206 803 1288 803 1288 802 1295 794 1284 794 1284 802 1295 800 1289 797 1205 799 1285 807 1291 807 1291 799 1285 798 1286 798 1286 796 1287 804 1293 801 1206 809 1212 811 1294 811 1294 810 1301 802 1295 802 1295 810 1301 808 1296 805 1211 807 1291 815 1297 815 1297 807 1291 806 1292 806 1292 804 1293 812 1299 809 1212 817 1216 819 1300 819 1300 818 1302 810 1301 818 1302 816 1309 808 1296 813 1215 815 1297 823 1303 823 1303 815 1297 814 1298 822 1305 814 1298 812 1299 817 1216 825 1219 827 1307 827 1307 826 1308 818 1302 826 1308 824 1315 816 1309 821 1304 823 1303 831 1310 831 1310 823 1303 822 1305 830 1311 822 1305 820 1306 825 1219 833 1224 835 1313 835 1313 834 1314 826 1308 834 1314 832 1321 824 1315 829 1218 831 1310 839 1316 839 1316 831 1310 830 1311 838 1317 830 1311 828 1312 833 1224 841 1228 843 1319 843 1319 842 1326 834 1314 834 1314 842 1326 840 1320 837 1227 839 1316 847 1322 847 1322 839 1316 838 1317 838 1317 836 1318 844 1324 849 1231 851 1330 843 1319 843 1319 851 1330 850 1325 850 1325 848 1332 840 1320 853 1235 845 1230 847 1322 847 1322 846 1323 854 1328 854 1328 846 1323 844 1324 849 1231 857 1236 859 1329 859 1329 858 1338 850 1325 850 1325 858 1338 856 1331 861 1333 853 1235 855 1327 855 1327 854 1328 862 1335 862 1335 854 1328 852 1251 865 1240 867 1337 859 1329 867 1337 866 1344 858 1338 858 1338 866 1344 864 1339 869 1239 861 1333 863 1334 863 1334 862 1335 870 1341 862 1335 860 1336 868 1342 873 1242 875 1343 867 1337 875 1343 874 1350 866 1344 866 1344 874 1350 872 1345 877 1246 869 1239 871 1340 871 1340 870 1341 878 1347 870 1341 868 1342 876 1348 881 1247 883 1354 875 1343 875 1343 883 1354 882 1349 882 1349 880 1356 872 1345 885 1250 877 1246 879 1346 879 1346 878 1347 886 1352 886 1352 878 1347 876 1348 889 1147 891 1360 883 1354 883 1354 891 1360 890 1355 890 1355 888 1361 880 1356 893 1145 885 1250 887 1351 887 1351 886 1352 894 1358 894 1358 886 1352 884 1353 672 1146 675 1249 891 1360 891 1360 675 1249 674 1245 890 1355 674 1245 673 1244 677 1241 893 1145 895 1357 679 1237 895 1357 894 1358 894 1358 892 1359 676 1233 888 1361 673 1244 680 1223 680 1223 688 1199 696 1178 696 1178 704 1143 712 1232 712 1232 720 1208 696 1178 720 1208 728 1185 696 1178 728 1185 736 1161 760 1261 736 1161 744 1255 760 1261 744 1255 752 1254 760 1261 760 1261 768 1272 792 1290 768 1272 776 1279 792 1290 776 1279 784 1278 792 1290 792 1290 800 1289 824 1315 800 1289 808 1296 824 1315 808 1296 816 1309 824 1315 824 1315 832 1321 840 1320 840 1320 848 1332 856 1331 856 1331 864 1339 872 1345 872 1345 880 1356 856 1331 880 1356 888 1361 856 1331 888 1361 680 1223 728 1185 680 1223 696 1178 728 1185 824 1315 840 1320 792 1290 840 1320 856 1331 792 1290 728 1185 760 1261 792 1290 856 1331 888 1361 728 1185 1025 1491 1027 1854 1026 1492 1026 1494 1027 511 1029 1495 1029 1497 1031 1855 1030 1498 1031 1500 1033 1856 1032 1501 1029 1503 1027 1503 1025 1503 1025 1503 1035 1503 1033 1503 1033 1503 1031 1503 1029 1503 1033 1504 1035 1857 1034 1505 1035 1507 1025 1858 1024 1508 1034 1510 1024 1510 1026 1510 1026 1510 1028 1510 1030 1510 1030 1510 1032 1510 1034 1510 1037 1511 1039 1859 1038 1512 1039 1514 1041 1860 1040 1515 1040 1517 1041 1861 1043 1518 1043 1520 1045 1551 1044 1521 1041 1503 1039 1503 1045 1503 1039 1503 1037 1503 1045 1503 1037 1503 1047 1503 1045 1503 1045 1523 1047 1862 1046 1524 1047 1526 1037 1863 1036 1527 1046 1510 1036 1510 1038 1510 1038 1510 1040 1510 1042 1510 1042 1510 1044 1510 1038 1510 1049 1528 1051 1864 1050 1529 1051 1530 1053 1859 1052 1531 1053 1533 1055 1865 1054 1534 1054 1535 1055 1866 1057 1536 1053 1503 1051 1503 1049 1503 1049 1503 1059 1503 1057 1503 1057 1503 1055 1503 1053 1503 1057 1520 1059 1551 1058 1521 1059 1538 1049 1867 1048 1539 1058 1510 1048 1510 1050 1510 1050 1510 1052 1510 1054 1510 1054 1510 1056 1510 1058 1510 1061 1540 1063 1868 1062 1541 1063 1542 1065 1869 1064 1543 1065 1507 1067 1858 1066 1508 1067 1544 1069 1870 1068 1545 1065 1503 1063 1503 1061 1503 1061 1503 1071 1503 1069 1503 1069 1503 1067 1503 1061 1503 1068 1546 1069 511 1071 1547 1071 1497 1061 1855 1060 1498 1070 1510 1060 1510 1066 1510 1060 1510 1062 1510 1066 1510 1062 1510 1064 1510 1066 1510 1073 1549 1075 1871 1074 1550 1075 1552 1077 1872 1076 1553 1077 1506 1079 1506 1078 1506 1079 1555 1081 1873 1080 1556 1077 1503 1075 1503 1081 1503 1075 1503 1073 1503 1081 1503 1073 1503 1083 1503 1081 1503 1081 1558 1083 1874 1082 1559 1082 1561 1083 1875 1073 1562 1082 1510 1072 1510 1078 1510 1072 1510 1074 1510 1078 1510 1074 1510 1076 1510 1078 1510 1084 1563 1085 511 1087 1564 1087 1566 1089 1876 1088 1567 1089 1569 1091 1877 1090 1570 1091 1572 1093 1878 1092 1573 1089 1503 1087 1503 1085 1503 1085 1503 1095 1503 1089 1503 1095 1503 1093 1503 1089 1503 1093 1574 1095 1879 1094 1575 1095 1577 1085 1880 1084 1578 1094 1510 1084 1510 1086 1510 1086 1510 1088 1510 1094 1510 1088 1510 1090 1510 1094 1510</p>
        </triangles>
        <triangles material="gunmetal-material" count="252">
          <input semantic="VERTEX" source="#wheel_fl-mesh-vertices" offset="0"/>
          <input semantic="NORMAL" source="#wheel_fl-mesh-normals" offset="1"/>
          <p>934 1363 940 1364 942 1365 914 1366 920 1367 912 1368 1021 1369 896 1370 1017 1371 945 1372 939 1373 937 1374 923 1375 914 1366 915 1376 917 1377 921 1378 913 1379 941 1380 935 1381 943 1382 921 1378 915 1376 913 1379 921 1378 933 1383 929 1384 930 1385 936 1386 928 1387 918 1388 908 1389 916 1390 929 1384 941 1380 937 1374 931 1391 938 1392 930 1385 919 1393 910 1394 918 1388 941 1380 945 1372 937 1374 937 1374 931 1391 929 1384 909 1395 919 1393 917 1377 949 1396 953 1397 945 1372 934 1363 924 1398 932 1399 914 1366 904 1400 906 1401 953 1397 965 1402 961 1403 935 1381 926 1404 934 1363 915 1376 906 1401 907 1405 965 1402 969 1406 961 1403 925 1407 935 1381 933 1383 913 1379 907 1405 905 1408 973 1409 977 1410 969 1406 930 1385 920 1367 922 1411 910 1394 900 1412 908 1389 981 1413 985 1414 977 1410 923 1375 930 1385 922 1411 911 1415 902 1416 910 1394 989 1417 993 1418 985 1414 921 1378 931 1391 923 1375 909 1395 903 1419 911 1415 997 1420 1001 1421 993 1418 918 1388 924 1398 926 1404 906 1401 897 1422 898 1423 1005 1424 1009 1425 1001 1421 927 1426 918 1388 926 1404 907 1405 898 1423 899 1427 1013 1428 1017 1371 1009 1425 909 1395 913 1379 905 1408 905 1408 899 1427 896 1370 943 1382 934 1363 942 1365 917 1377 927 1426 925 1407 964 1429 948 1430 916 1390 901 1431 905 1408 896 1370 939 1373 946 1432 938 1392 946 1432 936 1386 938 1392 941 1380 951 1433 949 1396 943 1382 950 1434 951 1433 950 1434 940 1364 948 1430 945 1372 955 1435 947 1436 947 1436 954 1437 946 1432 946 1432 952 1438 944 1439 949 1396 959 1440 957 1441 951 1433 958 1442 959 1440 950 1434 956 1443 958 1442 953 1397 963 1444 955 1435 955 1435 962 1445 954 1437 954 1437 960 1446 952 1438 957 1441 967 1447 965 1402 959 1440 966 1448 967 1447 958 1442 964 1429 966 1448 969 1406 963 1444 961 1403 971 1449 962 1445 963 1444 970 1450 960 1446 962 1445 973 1409 967 1447 975 1451 975 1451 966 1448 974 1452 974 1452 964 1429 972 1453 977 1410 971 1449 969 1406 979 1454 970 1450 971 1449 978 1455 968 1456 970 1450 981 1413 975 1451 983 1457 983 1457 974 1452 982 1458 982 1458 972 1453 980 1459 977 1410 987 1460 979 1454 987 1460 978 1455 979 1454 978 1455 984 1461 976 1462 989 1417 983 1457 991 1463 991 1463 982 1458 990 1464 982 1458 988 1465 990 1464 985 1414 995 1466 987 1460 995 1466 986 1467 987 1460 994 1468 984 1461 986 1467 989 1417 999 1469 997 1420 991 1463 998 1470 999 1469 998 1470 988 1465 996 1471 1001 1421 995 1466 993 1418 1003 1472 994 1468 995 1466 994 1468 1000 1473 992 1474 1005 1424 999 1469 1007 1475 999 1469 1006 1476 1007 1475 998 1470 1004 1477 1006 1476 1001 1421 1011 1478 1003 1472 1003 1472 1010 1479 1002 1480 1010 1479 1000 1473 1002 1480 1013 1428 1007 1475 1015 1481 1007 1475 1014 1482 1015 1481 1014 1482 1004 1477 1012 1483 1009 1425 1019 1484 1011 1478 1011 1478 1018 1485 1010 1479 1010 1479 1016 1486 1008 1487 1021 1369 1015 1481 1023 1488 1015 1481 1022 1489 1023 1488 1014 1482 1020 1490 1022 1489 1017 1371 899 1427 1019 1484 1019 1484 898 1423 1018 1485 1018 1485 897 1422 1016 1486 1021 1369 903 1419 901 1431 1023 1488 902 1416 903 1419 1022 1489 900 1412 902 1416 920 1367 952 1438 984 1461 934 1363 932 1399 940 1364 914 1366 922 1411 920 1367 1021 1369 901 1431 896 1370 945 1372 947 1436 939 1373 923 1375 922 1411 914 1366 917 1377 925 1407 921 1378 941 1380 933 1383 935 1381 921 1378 923 1375 915 1376 921 1378 925 1407 933 1383 930 1385 938 1392 936 1386 918 1388 910 1394 908 1389 929 1384 933 1383 941 1380 931 1391 939 1373 938 1392 919 1393 911 1415 910 1394 941 1380 949 1396 945 1372 937 1374 939 1373 931 1391 909 1395 911 1415 919 1393 949 1396 957 1441 953 1397 934 1363 926 1404 924 1398 914 1366 912 1368 904 1400 953 1397 957 1441 965 1402 935 1381 927 1426 926 1404 915 1376 914 1366 906 1401 965 1402 973 1409 969 1406 925 1407 927 1426 935 1381 913 1379 915 1376 907 1405 973 1409 981 1413 977 1410 930 1385 928 1387 920 1367 910 1394 902 1416 900 1412 981 1413 989 1417 985 1414 923 1375 931 1391 930 1385 911 1415 903 1419 902 1416 989 1417 997 1420 993 1418 921 1378 929 1384 931 1391 909 1395 901 1431 903 1419 997 1420 1005 1424 1001 1421 918 1388 916 1390 924 1398 906 1401 904 1400 897 1422 1005 1424 1013 1428 1009 1425 927 1426 919 1393 918 1388 907 1405 906 1401 898 1423 1013 1428 1021 1369 1017 1371 909 1395 917 1377 913 1379 905 1408 907 1405 899 1427 943 1382 935 1381 934 1363 917 1377 919 1393 927 1426 916 1390 908 1389 900 1412 900 1412 1020 1490 1012 1483 1012 1483 1004 1477 980 1459 1004 1477 996 1471 980 1459 996 1471 988 1465 980 1459 980 1459 972 1453 964 1429 964 1429 956 1443 948 1430 948 1430 940 1364 932 1399 932 1399 924 1398 948 1430 924 1398 916 1390 948 1430 916 1390 900 1412 980 1459 900 1412 1012 1483 980 1459 980 1459 964 1429 916 1390 901 1431 909 1395 905 1408 939 1373 947 1436 946 1432 946 1432 944 1439 936 1386 941 1380 943 1382 951 1433 943 1382 942 1365 950 1434 950 1434 942 1365 940 1364 945 1372 953 1397 955 1435 947 1436 955 1435 954 1437 946 1432 954 1437 952 1438 949 1396 951 1433 959 1440 951 1433 950 1434 958 1442 950 1434 948 1430 956 1443 953 1397 961 1403 963 1444 955 1435 963 1444 962 1445 954 1437 962 1445 960 1446 957 1441 959 1440 967 1447 959 1440 958 1442 966 1448 958 1442 956 1443 964 1429 969 1406 971 1449 963 1444 971 1449 970 1450 962 1445 970 1450 968 1456 960 1446 973 1409 965 1402 967 1447 975 1451 967 1447 966 1448 974 1452 966 1448 964 1429 977 1410 979 1454 971 1449 979 1454 978 1455 970 1450 978 1455 976 1462 968 1456 981 1413 973 1409 975 1451 983 1457 975 1451 974 1452 982 1458 974 1452 972 1453 977 1410 985 1414 987 1460 987 1460 986 1467 978 1455 978 1455 986 1467 984 1461 989 1417 981 1413 983 1457 991 1463 983 1457 982 1458 982 1458 980 1459 988 1465 985 1414 993 1418 995 1466 995 1466 994 1468 986 1467 994 1468 992 1474 984 1461 989 1417 991 1463 999 1469 991 1463 990 1464 998 1470 998 1470 990 1464 988 1465 1001 1421 1003 1472 995 1466 1003 1472 1002 1480 994 1468 994 1468 1002 1480 1000 1473 1005 1424 997 1420 999 1469 999 1469 998 1470 1006 1476 998 1470 996 1471 1004 1477 1001 1421 1009 1425 1011 1478 1003 1472 1011 1478 1010 1479 1010 1479 1008 1487 1000 1473 1013 1428 1005 1424 1007 1475 1007 1475 1006 1476 1014 1482 1014 1482 1006 1476 1004 1477 1009 1425 1017 1371 1019 1484 1011 1478 1019 1484 1018 1485 1010 1479 1018 1485 1016 1486 1021 1369 1013 1428 1015 1481 1015 1481 1014 1482 1022 1489 1014 1482 1012 1483 1020 1490 1017 1371 896 1370 899 1427 1019 1484 899 1427 898 1423 1018 1485 898 1423 897 1422 1021 1369 1023 1488 903 1419 1023 1488 1022 1489 902 1416 1022 1489 1020 1490 900 1412 1016 1486 897 1422 920 1367 897 1422 904 1400 920 1367 904 1400 912 1368 920 1367 920 1367 928 1387 936 1386 936 1386 944 1439 952 1438 952 1438 960 1446 984 1461 960 1446 968 1456 984 1461 968 1456 976 1462 984 1461 984 1461 992 1474 1000 1473 1000 1473 1008 1487 1016 1486 920 1367 936 1386 952 1438 984 1461 1000 1473 1016 1486 1016 1486 920 1367 984 1461</p>
        </triangles>
      </mesh>
    </geometry>
  </library_geometries>
  <library_visual_scenes>
    <visual_scene id="Scene" name="Scene">
      <node id="wheel_fl" name="wheel_fl" type="NODE">
        <matrix sid="transform">1 0 0 0 0 1 0 0 0 0 1 0 0 0 0 1</matrix>
        <instance_geometry url="#wheel_fl-mesh" name="wheel_fl">
          <bind_material>
            <technique_common>
              <instance_material symbol="rubber-material" target="#rubber-material"/>
              <instance_material symbol="aluminium-material" target="#aluminium-material"/>
              <instance_material symbol="gunmetal-material" target="#gunmetal-material"/>
            </technique_common>
          </bind_material>
        </instance_geometry>
      </node>
    </visual_scene>
  </library_visual_scenes>
  <scene>
    <instance_visual_scene url="#Scene"/>
  </scene>
</COLLADA>