<?xml version="1.0" encoding="utf-8"?>
<COLLADA xmlns="http://www.collada.org/2005/11/COLLADASchema" version="1.4.1" xmlns:xsi="http://www.w3.org/2001/XMLSchema-instance">
  <asset>
    <contributor>
      <author>Blender User</author>
      <authoring_tool>Blender 4.2.0 commit date:2024-07-16, commit time:07:50, hash:bf738fd35afe</authoring_tool>
    </contributor>
    <created>2026-09-25T15:10:49</created>
    <modified>2026-09-25T15:10:49</modified>
    <unit name="meter" meter="1"/>
    <up_axis>Z_UP</up_axis>
  </asset>
  <library_effects>
    <effect id="orange-effect">
      <profile_COMMON>
        <technique sid="common">
          <lambert>
            <emission>
              <color sid="emission">0 0 0 1</color>
            </emission>
            <diffuse>
              <color sid="diffuse">1 0.23 0.01 1</color>
            </diffuse>
            <index_of_refraction>
              <float sid="ior">1.5</float>
            </index_of_refraction>
          </lambert>
        </technique>
      </profile_COMMON>
    </effect>
    <effect id="rubber-effect">
      <profile_COMMON>
        <technique sid="common">
          <lambert>
            <emission>
              <color sid="emission">0 0 0 1</color>
            </emission>
            <diffuse>
              <color sid="diffuse">0.012 0.012 0.012 1</color>
            </diffuse>
            <index_of_refraction>
              <float sid="ior">1.5</float>
            </index_of_refraction>
          </lambert>
        </technique>
      </profile_COMMON>
    </effect>
    <effect id="gunmetal-effect">
      <profile_COMMON>
        <technique sid="common">
          <lambert>
            <emission>
              <color sid="emission">0 0 0 1</color>
            </emission>
            <diffuse>
              <color sid="diffuse">0.045 0.047 0.05 1</color>
            </diffuse>
            <reflectivity>
              <float sid="specular">0.7</float>
            </reflectivity>
            <index_of_refraction>
              <float sid="ior">1.5</float>
            </index_of_refraction>
          </lambert>
        </technique>
      </profile_COMMON>
    </effect>
    <effect id="label-effect">
      <profile_COMMON>
        <technique sid="common">
          <lambert>
            <emission>
              <color sid="emission">0 0 0 1</color>
            </emission>
            <diffuse>
              <color sid="diffuse">0.8 0.8 0.78 1</color>
            </diffuse>
            <index_of_refraction>
              <float sid="ior">1.5</float>
            </index_of_refraction>
          </lambert>
        </technique>
      </profile_COMMON>
    </effect>
  </library_effects>
  <library_images/>
  <library_materials>
    <material id="orange-material" name="orange">
      <instance_effect url="#orange-effect"/>
    </material>
    <material id="rubber-material" name="rubber">
      <instance_effect url="#rubber-effect"/>
    </material>
    <material id="gunmetal-material" name="gunmetal">
      <instance_effect url="#gunmetal-effect"/>
    </material>
    <material id="label-material" name="label">
      <instance_effect url="#label-effect"/>
    </material>
  </library_materials>
  <library_geometries>
    <geometry id="payload_box-mesh" name="payload_box">
      <mesh>
        <source id="payload_box-mesh-positions">
          <float_array id="payload_box-mesh-positions-array" count="2736">-0.28 -0.205 0 -0.28 -0.225 0.01999998 -0.3 -0.205 0.01999998 -0.28 -0.2149869 0.002671897 -0.2899869 -0.205 0.002671897 -0.2895642 -0.2145642 0.005267322 -0.2899869 -0.222328 0.01999998 -0.28 -0.222328 0.0100131 -0.2895642 -0.2197326 0.01043576 -0.2973281 -0.205 0.0100131 -0.2973281 -0.2149869 0.01999998 -0.2947326 -0.2145642 0.01043576 -0.28 -0.225 0.25 -0.28 -0.205 0.27 -0.3 -0.205 0.25 -0.28 -0.222328 0.2599869 -0.2899869 -0.222328 0.25 -0.2895642 -0.2197326 0.2595642 -0.2899869 -0.205 0.267328 -0.28 -0.2149869 0.267328 -0.2895642 -0.2145642 0.2647326 -0.2973281 -0.2149869 0.25 -0.2973281 -0.205 0.2599869 -0.2947326 -0.2145642 0.2595642 -0.28 0.205 0 -0.3 0.205 0.01999998 -0.28 0.225 0.01999998 -0.2899869 0.205 0.002671897 -0.28 0.2149869 0.002671897 -0.2895642 0.2145642 0.005267322 -0.2973281 0.2149869 0.01999998 -0.2973281 0.205 0.0100131 -0.2947326 0.2145642 0.01043576 -0.28 0.222328 0.0100131 -0.2899869 0.222328 0.01999998 -0.2895642 0.2197326 0.01043576 -0.28 0.205 0.27 -0.28 0.225 0.25 -0.3 0.205 0.25 -0.28 0.2149869 0.267328 -0.2899869 0.205 0.267328 -0.2895642 0.2145642 0.2647326 -0.2899869 0.222328 0.25 -0.28 0.222328 0.2599869 -0.2895642 0.2197326 0.2595642 -0.2973281 0.205 0.2599869 -0.2973281 0.2149869 0.25 -0.2947326 0.2145642 0.2595642 0.28 -0.205 0 0.3 -0.205 0.01999998 0.28 -0.225 0.01999998 0.2899869 -0.205 0.002671897 0.28 -0.2149869 0.002671897 0.2895643 -0.2145642 0.005267322 0.2973281 -0.2149869 0.01999998 0.2973281 -0.205 0.0100131 0.2947326 -0.2145642 0.01043576 0.28 -0.222328 0.0100131 0.2899869 -0.222328 0.01999998 0.2895643 -0.2197326 0.01043576 0.28 -0.205 0.27 0.28 -0.225 0.25 0.3 -0.205 0.25 0.28 -0.2149869 0.267328 0.2899869 -0.205 0.267328 0.2895643 -0.2145642 0.2647326 0.2899869 -0.222328 0.25 0.28 -0.222328 0.2599869 0.2895643 -0.2197326 0.2595642 0.2973281 -0.205 0.2599869 0.2973281 -0.2149869 0.25 0.2947326 -0.2145642 0.2595642 0.28 0.205 0 0.28 0.225 0.01999998 0.3 0.205 0.01999998 0.28 0.2149869 0.002671897 0.2899869 0.205 0.002671897 0.2895643 0.2145642 0.005267322 0.2899869 0.222328 0.01999998 0.28 0.222328 0.0100131 0.2895643 0.2197326 0.01043576 0.2973281 0.205 0.0100131 0.2973281 0.2149869 0.01999998 0.2947326 0.2145642 0.01043576 0.28 0.205 0.27 0.3 0.205 0.25 0.28 0.225 0.25 0.2899869 0.205 0.267328 0.28 0.2149869 0.267328 0.2895643 0.2145642 0.2647326 0.2973281 0.2149869 0.25 0.2973281 0.205 0.2599869 0.2947326 0.2145642 0.2595642 0.28 0.222328 0.2599869 0.2899869 0.222328 0.25 0.2895643 0.2197326 0.2595642 -0.3015 -0.2265 0.27 -0.3015 -0.2265 0.28 -0.3015 0.2265 0.27 -0.3015 0.2265 0.28 0.3015 -0.2265 0.27 0.3015 -0.2265 0.28 0.3015 0.2265 0.27 0.3015 0.2265 0.28 -0.287 -0.212 0.28 -0.287 -0.228 0.2959999 -0.303 -0.212 0.2959999 -0.287 -0.2199895 0.2821375 -0.2949895 -0.212 0.2821375 -0.2946513 -0.2196514 0.2842138 -0.2949895 -0.2258625 0.2959999 -0.287 -0.2258625 0.2880105 -0.2946513 -0.2237861 0.2883486 -0.3008624 -0.212 0.2880105 -0.3008624 -0.2199895 0.2959999 -0.2987861 -0.2196514 0.2883486 -0.287 -0.228 0.334 -0.287 -0.212 0.3499999 -0.303 -0.212 0.334 -0.287 -0.2258625 0.3419894 -0.2949895 -0.2258625 0.334 -0.2946513 -0.2237861 0.3416513 -0.2949895 -0.212 0.3478624 -0.287 -0.2199895 0.3478624 -0.2946513 -0.2196514 0.3457861 -0.3008624 -0.2199895 0.334 -0.3008624 -0.212 0.3419894 -0.2987861 -0.2196514 0.3416513 -0.287 0.212 0.28 -0.303 0.212 0.2959999 -0.287 0.228 0.2959999 -0.2949895 0.212 0.2821375 -0.287 0.2199895 0.2821375 -0.2946513 0.2196514 0.2842138 -0.3008624 0.2199895 0.2959999 -0.3008624 0.212 0.2880105 -0.2987861 0.2196514 0.2883486 -0.287 0.2258625 0.2880105 -0.2949895 0.2258625 0.2959999 -0.2946513 0.2237861 0.2883486 -0.287 0.212 0.3499999 -0.287 0.228 0.334 -0.303 0.212 0.334 -0.287 0.2199895 0.3478624 -0.2949895 0.212 0.3478624 -0.2946513 0.2196514 0.3457861 -0.2949895 0.2258625 0.334 -0.287 0.2258625 0.3419894 -0.2946513 0.2237861 0.3416513 -0.3008624 0.212 0.3419894 -0.3008624 0.2199895 0.334 -0.2987861 0.2196514 0.3416513 0.287 -0.212 0.28 0.303 -0.212 0.2959999 0.287 -0.228 0.2959999 0.2949895 -0.212 0.2821375 0.287 -0.2199895 0.2821375 0.2946514 -0.2196514 0.2842138 0.3008624 -0.2199895 0.2959999 0.3008624 -0.212 0.2880105 0.2987861 -0.2196514 0.2883486 0.287 -0.2258625 0.2880105 0.2949895 -0.2258625 0.2959999 0.2946514 -0.2237861 0.2883486 0.287 -0.212 0.3499999 0.287 -0.228 0.334 0.303 -0.212 0.334 0.287 -0.2199895 0.3478624 0.2949895 -0.212 0.3478624 0.2946514 -0.2196514 0.3457861 0.2949895 -0.2258625 0.334 0.287 -0.2258625 0.3419894 0.2946514 -0.2237861 0.3416513 0.3008624 -0.212 0.3419894 0.3008624 -0.2199895 0.334 0.2987861 -0.2196514 0.3416513 0.287 0.212 0.28 0.287 0.228 0.2959999 0.303 0.212 0.2959999 0.287 0.2199895 0.2821375 0.2949895 0.212 0.2821375 0.2946514 0.2196514 0.2842138 0.2949895 0.2258625 0.2959999 0.287 0.2258625 0.2880105 0.2946514 0.2237861 0.2883486 0.3008624 0.212 0.2880105 0.3008624 0.2199895 0.2959999 0.2987861 0.2196514 0.2883486 0.287 0.212 0.3499999 0.303 0.212 0.334 0.287 0.228 0.334 0.2949895 0.212 0.3478624 0.287 0.2199895 0.3478624 0.2946514 0.2196514 0.3457861 0.3008624 0.2199895 0.334 0.3008624 0.212 0.3419894 0.2987861 0.2196514 0.3416513 0.287 0.2258625 0.3419894 0.2949895 0.2258625 0.334 0.2946514 0.2237861 0.3416513 -0.247 -0.117 0.3480001 -0.247 -0.12 0.3510001 -0.25 -0.117 0.3510001 -0.2469999 -0.118498 0.3484008 -0.248498 -0.117 0.3484008 -0.2484346 -0.1184346 0.3487902 -0.248498 -0.1195992 0.3510001 -0.2469999 -0.1195992 0.349502 -0.2484346 -0.1192099 0.3495654 -0.2495992 -0.117 0.349502 -0.2495992 -0.118498 0.3510001 -0.2492098 -0.1184346 0.3495654 -0.247 -0.12 0.355 -0.247 -0.117 0.358 -0.25 -0.117 0.355 -0.2469999 -0.1195992 0.3564981 -0.248498 -0.1195992 0.355 -0.2484346 -0.1192099 0.3564347 -0.248498 -0.117 0.3575993 -0.2469999 -0.118498 0.3575993 -0.2484346 -0.1184346 0.3572099 -0.2495992 -0.118498 0.355 -0.2495992 -0.117 0.3564981 -0.2492098 -0.1184346 0.3564347 -0.247 -0.103 0.3480001 -0.25 -0.103 0.3510001 -0.247 -0.1 0.3510001 -0.248498 -0.103 0.3484008 -0.2469999 -0.101502 0.3484008 -0.2484346 -0.1015653 0.3487902 -0.2495992 -0.101502 0.3510001 -0.2495992 -0.103 0.349502 -0.2492098 -0.1015653 0.3495654 -0.2469999 -0.1004008 0.349502 -0.248498 -0.1004008 0.3510001 -0.2484346 -0.1007901 0.3495654 -0.247 -0.103 0.358 -0.247 -0.1 0.355 -0.25 -0.103 0.355 -0.2469999 -0.101502 0.3575993 -0.248498 -0.103 0.3575993 -0.2484346 -0.1015654 0.3572099 -0.248498 -0.1004008 0.355 -0.2469999 -0.1004008 0.3564981 -0.2484346 -0.1007901 0.3564347 -0.2495992 -0.103 0.3564981 -0.2495992 -0.101502 0.355 -0.2492098 -0.1015654 0.3564347 0.247 -0.117 0.3480001 0.25 -0.117 0.3510001 0.247 -0.12 0.3510001 0.248498 -0.117 0.3484008 0.2469999 -0.118498 0.3484008 0.2484346 -0.1184346 0.3487902 0.2495992 -0.118498 0.3510001 0.2495992 -0.117 0.349502 0.2492098 -0.1184346 0.3495654 0.2469999 -0.1195992 0.349502 0.248498 -0.1195992 0.3510001 0.2484346 -0.1192099 0.3495654 0.247 -0.117 0.358 0.247 -0.12 0.355 0.25 -0.117 0.355 0.2469999 -0.118498 0.3575993 0.248498 -0.117 0.3575993 0.2484346 -0.1184346 0.3572099 0.248498 -0.1195992 0.355 0.2469999 -0.1195992 0.3564981 0.2484346 -0.1192099 0.3564347 0.2495992 -0.117 0.3564981 0.2495992 -0.118498 0.355 0.2492098 -0.1184346 0.3564347 0.247 -0.103 0.3480001 0.247 -0.1 0.3510001 0.25 -0.103 0.3510001 0.2469999 -0.101502 0.3484008 0.248498 -0.103 0.3484008 0.2484346 -0.1015654 0.3487902 0.248498 -0.1004008 0.3510001 0.2469999 -0.1004008 0.349502 0.2484346 -0.1007901 0.3495654 0.2495992 -0.103 0.349502 0.2495992 -0.101502 0.3510001 0.2492098 -0.1015654 0.3495654 0.247 -0.103 0.358 0.25 -0.103 0.355 0.247 -0.1 0.355 0.248498 -0.103 0.3575993 0.2469999 -0.101502 0.3575993 0.2484346 -0.1015653 0.3572099 0.2495992 -0.101502 0.355 0.2495992 -0.103 0.3564981 0.2492098 -0.1015653 0.3564347 0.2469999 -0.1004008 0.3564981 0.248498 -0.1004008 0.355 0.2484346 -0.1007901 0.3564347 -0.247 0.103 0.3480001 -0.247 0.1 0.3510001 -0.25 0.103 0.3510001 -0.2469999 0.101502 0.3484008 -0.248498 0.103 0.3484008 -0.2484346 0.1015654 0.3487902 -0.248498 0.1004008 0.3510001 -0.2469999 0.1004008 0.349502 -0.2484346 0.1007901 0.3495654 -0.2495992 0.103 0.349502 -0.2495992 0.101502 0.3510001 -0.2492098 0.1015654 0.3495654 -0.247 0.1 0.355 -0.247 0.103 0.358 -0.25 0.103 0.355 -0.2469999 0.1004008 0.3564981 -0.248498 0.1004008 0.355 -0.2484346 0.1007901 0.3564347 -0.248498 0.103 0.3575993 -0.2469999 0.101502 0.3575993 -0.2484346 0.1015654 0.3572099 -0.2495992 0.101502 0.355 -0.2495992 0.103 0.3564981 -0.2492098 0.1015654 0.3564347 -0.247 0.117 0.3480001 -0.25 0.117 0.3510001 -0.247 0.12 0.3510001 -0.248498 0.117 0.3484008 -0.2469999 0.118498 0.3484008 -0.2484346 0.1184346 0.3487902 -0.2495992 0.118498 0.3510001 -0.2495992 0.117 0.349502 -0.2492098 0.1184346 0.3495654 -0.2469999 0.1195992 0.349502 -0.248498 0.1195992 0.3510001 -0.2484346 0.1192099 0.3495654 -0.247 0.117 0.358 -0.247 0.12 0.355 -0.25 0.117 0.355 -0.2469999 0.118498 0.3575993 -0.248498 0.117 0.3575993 -0.2484346 0.1184346 0.3572099 -0.248498 0.1195992 0.355 -0.2469999 0.1195992 0.3564981 -0.2484346 0.1192099 0.3564347 -0.2495992 0.117 0.3564981 -0.2495992 0.118498 0.355 -0.2492098 0.1184346 0.3564347 0.247 0.103 0.3480001 0.25 0.103 0.3510001 0.247 0.1 0.3510001 0.248498 0.103 0.3484008 0.2469999 0.101502 0.3484008 0.2484346 0.1015653 0.3487902 0.2495992 0.101502 0.3510001 0.2495992 0.103 0.349502 0.2492098 0.1015653 0.3495654 0.2469999 0.1004008 0.349502 0.248498 0.1004008 0.3510001 0.2484346 0.1007901 0.3495654 0.247 0.103 0.358 0.247 0.1 0.355 0.25 0.103 0.355 0.2469999 0.101502 0.3575993 0.248498 0.103 0.3575993 0.2484346 0.1015654 0.3572099 0.248498 0.1004008 0.355 0.2469999 0.1004008 0.3564981 0.2484346 0.1007901 0.3564347 0.2495992 0.103 0.3564981 0.2495992 0.101502 0.355 0.2492098 0.1015654 0.3564347 0.247 0.117 0.3480001 0.247 0.12 0.3510001 0.25 0.117 0.3510001 0.2469999 0.118498 0.3484008 0.248498 0.117 0.3484008 0.2484346 0.1184346 0.3487902 0.248498 0.1195992 0.3510001 0.2469999 0.1195992 0.349502 0.2484346 0.1192099 0.3495654 0.2495992 0.117 0.349502 0.2495992 0.118498 0.3510001 0.2492098 0.1184346 0.3495654 0.247 0.117 0.358 0.25 0.117 0.355 0.247 0.12 0.355 0.248498 0.117 0.3575993 0.2469999 0.118498 0.3575993 0.2484346 0.1184346 0.3572099 0.2495992 0.118498 0.355 0.2495992 0.117 0.3564981 0.2492098 0.1184346 0.3564347 0.2469999 0.1195992 0.3564981 0.248498 0.1195992 0.355 0.2484346 0.1192099 0.3564347 -0.11 0 0.35 -0.1129289 0.007071018 0.35 -0.12 0.00999999 0.35 -0.1270711 0.007071018 0.35 -0.13 0 0.35 -0.1270711 -0.007071018 0.35 -0.12 -0.00999999 0.35 -0.1129289 -0.007071018 0.35 -0.1108619 0 0.3759387 -0.1135384 0.007071018 0.3771281 -0.12 0.00999999 0.38 -0.1264616 0.007071018 0.3828719 -0.1291381 0 0.3840613 -0.1264616 -0.007071018 0.3828719 -0.12 -0.00999999 0.38 -0.1135384 -0.007071018 0.3771281 -0.09931969 0 0.3850231 -0.09951895 0.007071018 0.3879453 -0.09999996 0.00999999 0.395 -0.100481 0.007071018 0.4020547 -0.1006802 0 0.4049769 -0.100481 -0.007071018 0.4020547 -0.09999996 -0.00999999 0.395 -0.09951895 -0.007071018 0.3879453 0.09931975 0 0.3850231 0.09951895 0.007071018 0.3879453 0.09999996 0.00999999 0.395 0.100481 0.007071018 0.4020547 0.1006802 0 0.4049769 0.100481 -0.007071018 0.4020547 0.09999996 -0.00999999 0.395 0.09951895 -0.007071018 0.3879453 0.1108618 0 0.3759387 0.1135383 0.007071018 0.3771281 0.12 0.00999999 0.38 0.1264616 0.007071018 0.3828719 0.1291381 0 0.3840613 0.1264616 -0.007071018 0.3828719 0.12 -0.00999999 0.38 0.1135383 -0.007071018 0.3771281 0.11 0 0.35 0.1129289 0.007071018 0.35 0.12 0.00999999 0.35 0.127071 0.007071018 0.35 0.1299999 0 0.35 0.127071 -0.007071018 0.35 0.12 -0.00999999 0.35 0.1129289 -0.007071018 0.35 -0.31 -0.08999997 0.288 -0.31 -0.17 0.288 -0.3035 -0.08999997 0.2862583 -0.3035 -0.17 0.2862583 -0.2987417 -0.08999997 0.2815 -0.2987417 -0.17 0.2815 -0.297 -0.08999997 0.275 -0.297 -0.17 0.275 -0.2987417 -0.08999997 0.2685 -0.2987417 -0.17 0.2685 -0.3035 -0.08999997 0.2637416 -0.3035 -0.17 0.2637416 -0.31 -0.08999997 0.262 -0.31 -0.17 0.262 -0.3165 -0.08999997 0.2637416 -0.3165 -0.17 0.2637416 -0.3212583 -0.08999997 0.2685 -0.3212583 -0.17 0.2685 -0.323 -0.08999997 0.275 -0.323 -0.17 0.275 -0.3212583 -0.08999997 0.2815 -0.3212583 -0.17 0.2815 -0.3165 -0.08999997 0.2862583 -0.3165 -0.17 0.2862583 -0.31 0.17 0.288 -0.31 0.08999997 0.288 -0.3035 0.17 0.2862583 -0.3035 0.08999997 0.2862583 -0.2987417 0.17 0.2815 -0.2987417 0.08999997 0.2815 -0.297 0.17 0.275 -0.297 0.08999997 0.275 -0.2987417 0.17 0.2685 -0.2987417 0.08999997 0.2685 -0.3035 0.17 0.2637416 -0.3035 0.08999997 0.2637416 -0.31 0.17 0.262 -0.31 0.08999997 0.262 -0.3165 0.17 0.2637416 -0.3165 0.08999997 0.2637416 -0.3212583 0.17 0.2685 -0.3212583 0.08999997 0.2685 -0.323 0.17 0.275 -0.323 0.08999997 0.275 -0.3212583 0.17 0.2815 -0.3212583 0.08999997 0.2815 -0.3165 0.17 0.2862583 -0.3165 0.08999997 0.2862583 0.303 -0.157 0.2399999 0.303 -0.16 0.2429999 0.3 -0.157 0.2429999 0.303 -0.158498 0.2404007 0.3015019 -0.157 0.2404007 0.3015654 -0.1584346 0.24079 0.3015019 -0.1595992 0.2429999 0.303 -0.1595992 0.2415019 0.3015654 -0.1592099 0.2415653 0.3004008 -0.157 0.2415019 0.3004008 -0.158498 0.2429999 0.3007901 -0.1584346 0.2415653 0.303 -0.16 0.3069999 0.303 -0.157 0.31 0.3 -0.157 0.3069999 0.303 -0.1595992 0.308498 0.3015019 -0.1595992 0.3069999 0.3015654 -0.1592099 0.3084346 0.3015019 -0.157 0.3095992 0.303 -0.158498 0.3095992 0.3015654 -0.1584346 0.3092098 0.3004008 -0.158498 0.3069999 0.3004008 -0.157 0.308498 0.3007901 -0.1584346 0.3084346 0.303 -0.103 0.2399999 0.3 -0.103 0.2429999 0.303 -0.09999996 0.2429999 0.3015019 -0.103 0.2404007 0.303 -0.101502 0.2404007 0.3015654 -0.1015653 0.24079 0.3004008 -0.101502 0.2429999 0.3004008 -0.103 0.2415019 0.3007901 -0.1015653 0.2415653 0.303 -0.1004008 0.2415019 0.3015019 -0.1004008 0.2429999 0.3015654 -0.1007901 0.2415653 0.303 -0.103 0.31 0.303 -0.09999996 0.3069999 0.3 -0.103 0.3069999 0.303 -0.101502 0.3095992 0.3015019 -0.103 0.3095992 0.3015654 -0.1015653 0.3092098 0.3015019 -0.1004008 0.3069999 0.303 -0.1004008 0.308498 0.3015654 -0.1007901 0.3084346 0.3004008 -0.103 0.308498 0.3004008 -0.101502 0.3069999 0.3007901 -0.1015653 0.3084346 0.317 -0.157 0.2399999 0.32 -0.157 0.2429999 0.317 -0.16 0.2429999 0.318498 -0.157 0.2404007 0.317 -0.158498 0.2404007 0.3184346 -0.1584346 0.24079 0.3195992 -0.158498 0.2429999 0.3195992 -0.157 0.2415019 0.3192099 -0.1584346 0.2415653 0.317 -0.1595992 0.2415019 0.318498 -0.1595992 0.2429999 0.3184346 -0.1592099 0.2415653 0.317 -0.157 0.31 0.317 -0.16 0.3069999 0.32 -0.157 0.3069999 0.317 -0.158498 0.3095992 0.318498 -0.157 0.3095992 0.3184346 -0.1584346 0.3092098 0.318498 -0.1595992 0.3069999 0.317 -0.1595992 0.308498 0.3184346 -0.1592099 0.3084346 0.3195992 -0.157 0.308498 0.3195992 -0.158498 0.3069999 0.3192099 -0.1584346 0.3084346 0.317 -0.103 0.2399999 0.317 -0.09999996 0.2429999 0.32 -0.103 0.2429999 0.317 -0.101502 0.2404007 0.318498 -0.103 0.2404007 0.3184346 -0.1015653 0.24079 0.318498 -0.1004008 0.2429999 0.317 -0.1004008 0.2415019 0.3184346 -0.1007901 0.2415653 0.3195992 -0.103 0.2415019 0.3195992 -0.101502 0.2429999 0.3192099 -0.1015653 0.2415653 0.317 -0.103 0.31 0.32 -0.103 0.3069999 0.317 -0.09999996 0.3069999 0.318498 -0.103 0.3095992 0.317 -0.101502 0.3095992 0.3184346 -0.1015653 0.3092098 0.3195992 -0.101502 0.3069999 0.3195992 -0.103 0.308498 0.3192099 -0.1015653 0.3084346 0.317 -0.1004008 0.308498 0.318498 -0.1004008 0.3069999 0.3184346 -0.1007901 0.3084346 0.303 0.103 0.2399999 0.303 0.09999996 0.2429999 0.3 0.103 0.2429999 0.303 0.101502 0.2404007 0.3015019 0.103 0.2404007 0.3015654 0.1015653 0.24079 0.3015019 0.1004008 0.2429999 0.303 0.1004008 0.2415019 0.3015654 0.1007901 0.2415653 0.3004008 0.103 0.2415019 0.3004008 0.101502 0.2429999 0.3007901 0.1015653 0.2415653 0.303 0.09999996 0.3069999 0.303 0.103 0.31 0.3 0.103 0.3069999 0.303 0.1004008 0.308498 0.3015019 0.1004008 0.3069999 0.3015654 0.1007901 0.3084346 0.3015019 0.103 0.3095992 0.303 0.101502 0.3095992 0.3015654 0.1015653 0.3092098 0.3004008 0.101502 0.3069999 0.3004008 0.103 0.308498 0.3007901 0.1015653 0.3084346 0.303 0.157 0.2399999 0.3 0.157 0.2429999 0.303 0.16 0.2429999 0.3015019 0.157 0.2404007 0.303 0.158498 0.2404007 0.3015654 0.1584346 0.24079 0.3004008 0.158498 0.2429999 0.3004008 0.157 0.2415019 0.3007901 0.1584346 0.2415653 0.303 0.1595992 0.2415019 0.3015019 0.1595992 0.2429999 0.3015654 0.1592099 0.2415653 0.303 0.157 0.31 0.303 0.16 0.3069999 0.3 0.157 0.3069999 0.303 0.158498 0.3095992 0.3015019 0.157 0.3095992 0.3015654 0.1584346 0.3092098 0.3015019 0.1595992 0.3069999 0.303 0.1595992 0.308498 0.3015654 0.1592099 0.3084346 0.3004008 0.157 0.308498 0.3004008 0.158498 0.3069999 0.3007901 0.1584346 0.3084346 0.317 0.103 0.2399999 0.32 0.103 0.2429999 0.317 0.09999996 0.2429999 0.318498 0.103 0.2404007 0.317 0.101502 0.2404007 0.3184346 0.1015653 0.24079 0.3195992 0.101502 0.2429999 0.3195992 0.103 0.2415019 0.3192099 0.1015653 0.2415653 0.317 0.1004008 0.2415019 0.318498 0.1004008 0.2429999 0.3184346 0.1007901 0.2415653 0.317 0.103 0.31 0.317 0.09999996 0.3069999 0.32 0.103 0.3069999 0.317 0.101502 0.3095992 0.318498 0.103 0.3095992 0.3184346 0.1015653 0.3092098 0.318498 0.1004008 0.3069999 0.317 0.1004008 0.308498 0.3184346 0.1007901 0.3084346 0.3195992 0.103 0.308498 0.3195992 0.101502 0.3069999 0.3192099 0.1015653 0.3084346 0.317 0.157 0.2399999 0.317 0.16 0.2429999 0.32 0.157 0.2429999 0.317 0.158498 0.2404007 0.318498 0.157 0.2404007 0.3184346 0.1584346 0.24079 0.318498 0.1595992 0.2429999 0.317 0.1595992 0.2415019 0.3184346 0.1592099 0.2415653 0.3195992 0.157 0.2415019 0.3195992 0.158498 0.2429999 0.3192099 0.1584346 0.2415653 0.317 0.157 0.31 0.32 0.157 0.3069999 0.317 0.16 0.3069999 0.318498 0.157 0.3095992 0.317 0.158498 0.3095992 0.3184346 0.1584346 0.3092098 0.3195992 0.158498 0.3069999 0.3195992 0.157 0.308498 0.3192099 0.1584346 0.3084346 0.317 0.1595992 0.308498 0.318498 0.1595992 0.3069999 0.3184346 0.1592099 0.3084346 0.173 0.228 0.2399999 0.173 0.225 0.2429999 0.17 0.228 0.2429999 0.173 0.226502 0.2404007 0.1715019 0.228 0.2404007 0.1715653 0.2265653 0.24079 0.1715019 0.2254008 0.2429999 0.173 0.2254008 0.2415019 0.1715653 0.2257901 0.2415653 0.1704007 0.228 0.2415019 0.1704007 0.226502 0.2429999 0.1707901 0.2265653 0.2415653 0.173 0.225 0.3069999 0.173 0.228 0.31 0.17 0.228 0.3069999 0.173 0.2254008 0.308498 0.1715019 0.2254008 0.3069999 0.1715653 0.2257901 0.3084346 0.1715019 0.228 0.3095992 0.173 0.226502 0.3095992 0.1715653 0.2265653 0.3092098 0.1704007 0.226502 0.3069999 0.1704007 0.228 0.308498 0.1707901 0.2265653 0.3084346 0.173 0.242 0.2399999 0.17 0.242 0.2429999 0.173 0.245 0.2429999 0.1715019 0.242 0.2404007 0.173 0.243498 0.2404007 0.1715653 0.2434346 0.24079 0.1704007 0.243498 0.2429999 0.1704007 0.242 0.2415019 0.1707901 0.2434346 0.2415653 0.173 0.2445992 0.2415019 0.1715019 0.2445992 0.2429999 0.1715653 0.2442099 0.2415653 0.173 0.242 0.31 0.173 0.245 0.3069999 0.17 0.242 0.3069999 0.173 0.243498 0.3095992 0.1715019 0.242 0.3095992 0.1715653 0.2434346 0.3092098 0.1715019 0.2445992 0.3069999 0.173 0.2445992 0.308498 0.1715653 0.2442099 0.3084346 0.1704007 0.242 0.308498 0.1704007 0.243498 0.3069999 0.1707901 0.2434346 0.3084346 0.2269999 0.228 0.2399999 0.23 0.228 0.2429999 0.2269999 0.225 0.2429999 0.228498 0.228 0.2404007 0.2269999 0.226502 0.2404007 0.2284346 0.2265653 0.24079 0.2295992 0.226502 0.2429999 0.2295992 0.228 0.2415019 0.2292098 0.2265653 0.2415653 0.2269999 0.2254008 0.2415019 0.228498 0.2254008 0.2429999 0.2284346 0.2257901 0.2415653 0.2269999 0.228 0.31 0.2269999 0.225 0.3069999 0.23 0.228 0.3069999 0.2269999 0.226502 0.3095992 0.228498 0.228 0.3095992 0.2284346 0.2265653 0.3092098 0.228498 0.2254008 0.3069999 0.2269999 0.2254008 0.308498 0.2284346 0.2257901 0.3084346 0.2295992 0.228 0.308498 0.2295992 0.226502 0.3069999 0.2292098 0.2265653 0.3084346 0.2269999 0.242 0.2399999 0.2269999 0.245 0.2429999 0.23 0.242 0.2429999 0.2269999 0.243498 0.2404007 0.228498 0.242 0.2404007 0.2284346 0.2434346 0.24079 0.228498 0.2445992 0.2429999 0.2269999 0.2445992 0.2415019 0.2284346 0.2442099 0.2415653 0.2295992 0.242 0.2415019 0.2295992 0.243498 0.2429999 0.2292098 0.2434346 0.2415653 0.2269999 0.242 0.31 0.23 0.242 0.3069999 0.2269999 0.245 0.3069999 0.228498 0.242 0.3095992 0.2269999 0.243498 0.3095992 0.2284346 0.2434346 0.3092098 0.2295992 0.243498 0.3069999 0.2295992 0.242 0.308498 0.2292098 0.2434346 0.3084346 0.2269999 0.2445992 0.308498 0.228498 0.2445992 0.3069999 0.2284346 0.2442099 0.3084346 -0.11 0.225 0.09999996 -0.11 0.225 0.18 -0.11 0.229 0.09999996 -0.11 0.229 0.18 0.00999999 0.225 0.09999996 0.00999999 0.225 0.18 0.00999999 0.229 0.09999996 0.00999999 0.229 0.18 0.173 -0.242 0.2399999 0.173 -0.245 0.2429999 0.17 -0.242 0.2429999 0.173 -0.243498 0.2404007 0.1715019 -0.242 0.2404007 0.1715653 -0.2434346 0.24079 0.1715019 -0.2445992 0.2429999 0.173 -0.2445992 0.2415019 0.1715653 -0.2442099 0.2415653 0.1704007 -0.242 0.2415019 0.1704007 -0.243498 0.2429999 0.1707901 -0.2434346 0.2415653 0.173 -0.245 0.3069999 0.173 -0.242 0.31 0.17 -0.242 0.3069999 0.173 -0.2445992 0.308498 0.1715019 -0.2445992 0.3069999 0.1715653 -0.2442099 0.3084346 0.1715019 -0.242 0.3095992 0.173 -0.243498 0.3095992 0.1715653 -0.2434346 0.3092098 0.1704007 -0.243498 0.3069999 0.1704007 -0.242 0.308498 0.1707901 -0.2434346 0.3084346 0.173 -0.228 0.2399999 0.17 -0.228 0.2429999 0.173 -0.225 0.2429999 0.1715019 -0.228 0.2404007 0.173 -0.226502 0.2404007 0.1715653 -0.2265653 0.24079 0.1704007 -0.226502 0.2429999 0.1704007 -0.228 0.2415019 0.1707901 -0.2265653 0.2415653 0.173 -0.2254008 0.2415019 0.1715019 -0.2254008 0.2429999 0.1715653 -0.2257901 0.2415653 0.173 -0.228 0.31 0.173 -0.225 0.3069999 0.17 -0.228 0.3069999 0.173 -0.226502 0.3095992 0.1715019 -0.228 0.3095992 0.1715653 -0.2265653 0.3092098 0.1715019 -0.2254008 0.3069999 0.173 -0.2254008 0.308498 0.1715653 -0.2257901 0.3084346 0.1704007 -0.228 0.308498 0.1704007 -0.226502 0.3069999 0.1707901 -0.2265653 0.3084346 0.2269999 -0.242 0.2399999 0.23 -0.242 0.2429999 0.2269999 -0.245 0.2429999 0.228498 -0.242 0.2404007 0.2269999 -0.243498 0.2404007 0.2284346 -0.2434346 0.24079 0.2295992 -0.243498 0.2429999 0.2295992 -0.242 0.2415019 0.2292098 -0.2434346 0.2415653 0.2269999 -0.2445992 0.2415019 0.228498 -0.2445992 0.2429999 0.2284346 -0.2442099 0.2415653 0.2269999 -0.242 0.31 0.2269999 -0.245 0.3069999 0.23 -0.242 0.3069999 0.2269999 -0.243498 0.3095992 0.228498 -0.242 0.3095992 0.2284346 -0.2434346 0.3092098 0.228498 -0.2445992 0.3069999 0.2269999 -0.2445992 0.308498 0.2284346 -0.2442099 0.3084346 0.2295992 -0.242 0.308498 0.2295992 -0.243498 0.3069999 0.2292098 -0.2434346 0.3084346 0.2269999 -0.228 0.2399999 0.2269999 -0.225 0.2429999 0.23 -0.228 0.2429999 0.2269999 -0.226502 0.2404007 0.228498 -0.228 0.2404007 0.2284346 -0.2265653 0.24079 0.228498 -0.2254008 0.2429999 0.2269999 -0.2254008 0.2415019 0.2284346 -0.2257901 0.2415653 0.2295992 -0.228 0.2415019 0.2295992 -0.226502 0.2429999 0.2292098 -0.2265653 0.2415653 0.2269999 -0.228 0.31 0.23 -0.228 0.3069999 0.2269999 -0.225 0.3069999 0.228498 -0.228 0.3095992 0.2269999 -0.226502 0.3095992 0.2284346 -0.2265653 0.3092098 0.2295992 -0.226502 0.3069999 0.2295992 -0.228 0.308498 0.2292098 -0.2265653 0.3084346 0.2269999 -0.2254008 0.308498 0.228498 -0.2254008 0.3069999 0.2284346 -0.2257901 0.3084346 -0.11 -0.229 0.09999996 -0.11 -0.229 0.18 -0.11 -0.225 0.09999996 -0.11 -0.225 0.18 0.00999999 -0.229 0.09999996 0.00999999 -0.229 0.18 0.00999999 -0.225 0.09999996 0.00999999 -0.225 0.18 0.24 0.17 0.3479999 0.24 0.17 0.364 0.25 0.1673205 0.3479999 0.25 0.1673205 0.364 0.2573205 0.16 0.3479999 0.2573205 0.16 0.364 0.26 0.15 0.3479999 0.26 0.15 0.364 0.2573205 0.14 0.3479999 0.2573205 0.14 0.364 0.25 0.1326795 0.3479999 0.25 0.1326795 0.364 0.24 0.13 0.3479999 0.24 0.13 0.364 0.23 0.1326795 0.3479999 0.23 0.1326795 0.364 0.2226794 0.14 0.3479999 0.2226794 0.14 0.364 0.22 0.15 0.3479999 0.22 0.15 0.364 0.2226794 0.16 0.3479999 0.2226794 0.16 0.364 0.23 0.1673205 0.3479999 0.23 0.1673205 0.364</float_array>
          <technique_common>
            <accessor source="#payload_box-mesh-positions-array" count="912" stride="3">
              <param name="X" type="float"/>
              <param name="Y" type="float"/>
              <param name="Z" type="float"/>
            </accessor>
          </technique_common>
        </source>
        <source id="payload_box-mesh-normals">
          <float_array id="payload_box-mesh-normals-array" count="3006">0.1279726 -0.9834867 0.1279735 -0.1279724 -0.9834866 -0.1279735 0.1279717 -0.983487 -0.127971 0.9834869 0.1279712 0.1279721 0.9834869 -0.1279712 -0.1279722 0.9834871 0.1279717 -0.1279708 -0.1279728 0.1279713 0.9834869 0.1279728 -0.1279713 0.9834869 0.127973 0.1279731 0.9834866 -0.9834866 -0.1279722 0.1279734 -0.9834867 0.1279722 -0.1279736 -0.9834865 -0.1279741 -0.1279722 -0.1279726 0.9834867 0.1279735 0.1279724 0.9834866 -0.1279735 -0.1279717 0.983487 -0.127971 -0.1216028 -0.4915672 -0.8623076 -0.4915685 -0.1216036 -0.8623068 -0.1279696 -0.127969 -0.9834875 -0.1216037 -0.8623069 -0.4915685 -0.4488419 -0.4488502 -0.7727059 -0.4915672 -0.8623076 -0.1216034 -0.7727056 -0.4488464 -0.4488463 -0.4488453 -0.7727072 -0.4488449 -0.862307 -0.121604 -0.4915682 -0.8623058 -0.4915705 -0.1216031 -0.1216036 -0.8623064 0.4915692 -0.4915693 -0.8623064 0.1216036 -0.1279718 -0.983487 0.127971 -0.1216048 -0.4915689 0.8623064 -0.4488416 -0.7727057 0.448851 -0.4915666 -0.1216039 0.8623079 -0.127973 -0.1279731 0.9834866 -0.7727041 -0.4488471 0.4488482 -0.4488431 -0.4488452 0.7727082 -0.8623074 -0.4915676 0.1216031 -0.8623051 -0.1216043 0.4915716 -0.4915657 0.1216028 -0.8623085 -0.1216028 0.4915684 -0.862307 -0.1279699 0.1279708 -0.9834873 -0.8623057 0.1216047 -0.4915704 -0.4488461 0.4488473 -0.7727053 -0.8623076 0.4915674 -0.1216031 -0.4915692 0.8623064 -0.1216036 -0.7727063 0.4488506 -0.4488408 -0.1216037 0.8623074 -0.4915677 -0.4488452 0.7727069 -0.4488453 -0.1216046 0.4915677 0.8623072 -0.4915686 0.121604 0.8623067 -0.4488418 0.7727058 0.4488505 -0.4488429 0.4488454 0.7727083 -0.4915674 0.8623075 0.1216034 -0.1216037 0.8623059 0.4915702 -0.7727041 0.4488469 0.4488484 -0.8623059 0.1216042 0.4915698 -0.8623056 0.4915707 0.1216031 -0.9834865 0.1279742 0.1279723 0.4915656 -0.1216023 -0.8623086 0.1216026 -0.4915679 -0.8623073 0.1279699 -0.1279708 -0.9834873 0.8623064 -0.1216036 -0.4915694 0.4488465 -0.4488464 -0.7727056 0.8623072 -0.491568 -0.121603 0.4488501 -0.7727069 -0.4488402 0.7727086 -0.448845 -0.4488426 0.1216035 -0.8623071 -0.4915679 0.4915673 -0.8623077 -0.1216026 0.1216043 -0.4915673 0.8623074 0.4915674 -0.121603 0.8623076 0.4488465 -0.7727054 0.4488465 0.448848 -0.448842 0.7727073 0.4915655 -0.8623088 0.1216027 0.1216035 -0.8623055 0.4915708 0.8623062 -0.4915698 0.121603 0.862306 -0.1216034 0.49157 0.983487 -0.1279717 0.1279708 0.7727074 -0.4488443 0.4488455 0.1216026 0.4915666 -0.862308 0.4915671 0.1216024 -0.8623078 0.1279696 0.127969 -0.9834875 0.1216035 0.8623065 -0.4915691 0.4488465 0.4488464 -0.7727055 0.4915652 0.8623088 -0.1216027 0.8623062 0.4915699 -0.121603 0.4488502 0.7727069 -0.4488406 0.8623072 0.1216034 -0.491568 0.7727087 0.4488447 -0.4488426 0.4915655 0.121603 0.8623087 0.1216045 0.4915685 0.8623067 0.8623049 0.1216036 0.4915717 0.4488481 0.4488419 0.7727072 0.8623073 0.4915679 0.1216029 0.4488465 0.7727056 0.4488462 0.7727073 0.4488445 0.4488453 0.1216035 0.8623062 0.4915696 0.4915674 0.8623076 0.1216025 0.1279718 0.983487 0.127971 -1 0 0 0 1 0 1 0 0 0 -1 0 0 0 -1 0 0 1 0.1279693 -0.9834873 0.1279716 -0.1279705 -0.983487 -0.127972 0.1279701 -0.983487 -0.1279729 0.983487 0.1279699 0.1279729 0.9834871 -0.1279696 -0.1279723 0.9834869 0.1279696 -0.1279738 -0.1279715 0.1279695 0.9834872 0.127971 -0.12797 0.9834872 0.1279727 0.1279714 0.9834869 -0.983487 -0.1279699 0.1279729 -0.9834871 0.1279696 -0.1279723 -0.9834869 -0.1279696 -0.1279738 -0.1279701 0.9834871 0.127972 0.1279697 0.9834872 -0.1279715 -0.1279705 0.9834868 -0.1279733 -0.1216025 -0.4915692 -0.8623067 -0.4915683 -0.1216018 -0.8623071 -0.127971 -0.1279695 -0.9834874 -0.4488388 -0.7727074 -0.4488508 -0.4488414 -0.4488465 -0.7727085 -0.4915697 -0.8623058 -0.1216066 -0.1216027 -0.8623074 -0.4915676 -0.7727046 -0.4488479 -0.4488468 -0.8623073 -0.1216022 -0.4915682 -0.8623082 -0.4915659 -0.1216046 -0.1216036 -0.8623073 0.4915677 -0.4915655 -0.8623081 0.1216065 -0.1279702 -0.9834869 0.1279733 -0.1216025 -0.4915687 0.8623068 -0.4488403 -0.7727068 0.4488504 -0.4915687 -0.1216017 0.862307 -0.1279731 -0.1279708 0.9834869 -0.7727059 -0.4488465 0.448846 -0.4488425 -0.4488465 0.7727078 -0.8623056 -0.4915704 0.1216048 -0.8623064 -0.1216018 0.4915695 -0.4915686 0.1216017 -0.8623071 -0.1216029 0.4915688 -0.8623067 -0.1279729 0.1279708 -0.9834869 -0.7727051 0.4488468 -0.4488468 -0.4488422 0.4488464 -0.7727081 -0.862306 0.4915697 -0.1216045 -0.8623067 0.1216016 -0.4915692 -0.4915657 0.862308 -0.1216065 -0.121603 0.8623074 -0.4915679 -0.448839 0.7727075 -0.4488506 -0.1216027 0.4915692 0.8623067 -0.4915696 0.1216017 0.8623064 -0.4488402 0.7727068 0.4488505 -0.4488433 0.4488463 0.7727074 -0.4915695 0.8623058 0.1216066 -0.1216034 0.8623074 0.4915676 -0.7727053 0.4488474 0.448846 -0.8623074 0.1216022 0.491568 -0.8623079 0.4915664 0.1216048 -0.983487 0.1279696 0.1279735 0.4915682 -0.1216014 -0.8623073 0.1216019 -0.4915688 -0.8623068 0.1279724 -0.1279714 -0.9834869 0.7727068 -0.4488411 -0.4488497 0.4488434 -0.4488458 -0.7727077 0.862305 -0.4915713 -0.121605 0.8623067 -0.1216016 -0.4915692 0.4488449 -0.7727071 -0.4488453 0.1216021 -0.8623073 -0.491568 0.4915642 -0.8623093 -0.1216043 0.1216018 -0.4915692 0.8623067 0.4915692 -0.1216014 0.8623067 0.448845 -0.7727074 0.4488449 0.4488445 -0.4488458 0.7727071 0.4915671 -0.8623075 0.1216043 0.1216025 -0.8623075 0.4915676 0.862307 -0.4915677 0.1216052 0.8623074 -0.1216022 0.491568 0.983487 -0.1279696 0.1279735 0.7727068 -0.4488418 0.448849 0.1216016 0.4915692 -0.8623067 0.491568 0.1216015 -0.8623074 0.1279705 0.12797 -0.9834873 0.4488449 0.7727073 -0.448845 0.4488427 0.4488461 -0.7727081 0.4915678 0.8623071 -0.1216042 0.121602 0.8623076 -0.4915677 0.8623072 0.4915675 -0.1216052 0.8623073 0.1216022 -0.4915682 0.7727062 0.448842 -0.4488497 0.4915683 0.1216013 0.8623073 0.1216015 0.4915688 0.862307 0.7727074 0.4488409 0.4488489 0.4488437 0.4488459 0.7727075 0.8623048 0.4915717 0.1216053 0.8623064 0.1216018 0.4915695 0.448845 0.7727071 0.4488452 0.1216027 0.8623073 0.4915679 0.4915634 0.8623097 0.1216045 0.1279697 0.9834871 0.1279729 0.1279746 -0.9834873 0.1279659 -0.1279776 -0.983487 -0.1279655 0.1279713 -0.9834874 -0.1279689 0.9834855 0.1279799 0.1279745 0.9834848 -0.1279819 -0.1279779 0.9834853 0.1279821 -0.1279739 -0.127965 0.1279706 0.9834879 0.1279618 -0.1279711 0.9834883 0.1279824 0.1279696 0.9834859 -0.9834878 -0.12797 0.1279671 -0.983487 0.1279744 -0.1279693 -0.9834873 -0.1279731 -0.127967 -0.1279775 0.9834864 0.1279703 0.1279748 0.9834882 -0.1279597 -0.127976 0.9834862 -0.1279736 -0.1215978 -0.4915597 -0.8623127 -0.4915612 -0.1216045 -0.8623108 -0.1279734 -0.1279698 -0.983487 -0.1216031 -0.8623026 -0.4915761 -0.4488454 -0.4488407 -0.7727094 -0.4915704 -0.862307 -0.1215948 -0.8623054 -0.4915715 -0.1216011 -0.4488557 -0.7726988 -0.4488489 -0.8623046 -0.121608 -0.4915715 -0.7727007 -0.44885 -0.4488514 -0.1216058 -0.8623024 0.4915758 -0.4915634 -0.8623108 0.1215953 -0.1279761 -0.9834868 0.1279683 -0.4488489 -0.4488395 0.7727081 -0.4488543 -0.7727 0.4488483 -0.49156 -0.1216046 0.8623116 -0.1216034 -0.4915589 0.8623123 -0.1279745 -0.1279707 0.9834867 -0.8623042 -0.1216065 0.4915723 -0.8623057 -0.4915708 0.1216015 -0.7727022 -0.4488473 0.4488514 -0.4915474 0.1216065 -0.8623185 -0.121607 0.4915602 -0.8623111 -0.1279638 0.1279701 -0.9834882 -0.8623037 0.1216064 -0.4915732 -0.4488562 0.448839 -0.7727042 -0.8623061 0.4915704 -0.1216018 -0.4488559 0.7727011 -0.4488446 -0.7727097 0.448842 -0.4488437 -0.121606 0.8623024 -0.4915757 -0.4915675 0.8623088 -0.121594 -0.1216031 0.491558 0.8623128 -0.491553 0.1216053 0.8623155 -0.1216062 0.8623005 0.4915791 -0.4488473 0.4488385 0.7727096 -0.491566 0.862309 0.1215983 -0.8623051 0.4915719 0.1216019 -0.4488545 0.7727003 0.4488474 -0.8623051 0.1216073 0.4915707 -0.9834882 0.1279688 0.1279653 -0.7727019 0.4488486 0.4488505 0.4915495 -0.1216066 -0.8623173 0.1216098 -0.4915584 -0.8623117 0.1279601 -0.1279707 -0.9834886 0.8623008 -0.1216091 -0.4915778 0.4488517 -0.4488407 -0.7727059 0.862307 -0.4915691 -0.1216009 0.4488542 -0.7727023 -0.4488443 0.7727113 -0.448845 -0.4488378 0.1216092 -0.8623028 -0.4915741 0.4915719 -0.8623057 -0.1215986 0.1216064 -0.4915606 0.8623109 0.4915562 -0.1216061 0.8623135 0.1216092 -0.8623034 0.4915732 0.4488433 -0.4488412 0.7727104 0.4915677 -0.8623076 0.121601 0.8622997 -0.4915813 0.121602 0.4488526 -0.772701 0.448848 0.8623018 -0.1216101 0.4915757 0.9834851 -0.1279833 0.1279739 0.7726995 -0.4488503 0.4488528 0.1216014 0.491559 -0.8623125 0.4915649 0.1216053 -0.8623086 0.12797 0.1279699 -0.9834874 0.1216065 0.8623043 -0.4915724 0.4488408 0.4488421 -0.7727113 0.4915689 0.8623073 -0.1215987 0.8622997 0.4915813 -0.1216028 0.4488535 0.7726988 -0.4488511 0.8623014 0.1216109 -0.4915761 0.7726991 0.4488517 -0.4488524 0.4915609 0.121606 0.8623108 0.1216131 0.4915605 0.8623101 0.8623006 0.1216092 0.4915779 0.4488447 0.4488406 0.7727099 0.8623052 0.4915717 0.1216018 0.4488522 0.7727007 0.448849 0.7727063 0.4488469 0.4488445 0.1216092 0.8623065 0.4915675 0.4915701 0.862307 0.1215956 0.1279715 0.9834884 0.1279605 0.1279748 -0.9834882 0.1279597 -0.1279775 -0.9834864 -0.1279703 0.1279715 -0.9834885 -0.1279605 0.9834855 0.1279798 0.1279749 0.9834849 -0.1279819 -0.1279774 0.9834853 0.1279821 -0.1279739 -0.1279644 0.1279696 0.9834882 0.127961 -0.1279691 0.9834886 0.1279819 0.1279703 0.9834858 -0.983487 0.1279744 -0.1279689 -0.1279776 0.983487 0.1279655 0.1279746 0.9834873 -0.1279659 -0.1279761 0.9834868 -0.1279683 -0.121598 -0.4915586 -0.8623132 -0.4915622 -0.121605 -0.8623102 -0.127974 -0.1279708 -0.9834868 -0.1216031 -0.8623007 -0.4915794 -0.4488444 -0.4488394 -0.7727108 -0.4915704 -0.8623068 -0.1215958 -0.8623054 -0.4915714 -0.1216015 -0.4488557 -0.7726997 -0.4488472 -0.8623046 -0.121608 -0.4915713 -0.7727006 -0.4488498 -0.4488516 -0.1216056 -0.8623015 0.4915772 -0.4915633 -0.8623106 0.1215974 -0.127976 -0.9834862 0.1279736 -0.4488483 -0.4488386 0.772709 -0.448854 -0.7727 0.4488484 -0.491561 -0.1216052 0.8623109 -0.1216039 -0.4915611 0.8623111 -0.127975 -0.1279717 0.9834865 -0.8623044 -0.1216065 0.4915722 -0.8623057 -0.4915708 0.1216018 -0.7727022 -0.4488472 0.4488517 -0.4915471 0.1216062 -0.8623186 -0.1216067 0.4915581 -0.8623123 -0.1279633 0.1279692 -0.9834884 -0.8623042 0.1216065 -0.4915724 -0.4488559 0.4488382 -0.7727048 -0.8623061 0.4915704 -0.1216017 -0.4488549 0.7726997 -0.4488479 -0.7727099 0.4488414 -0.4488438 -0.1216062 0.8623032 -0.4915743 -0.4915674 0.8623088 -0.1215932 -0.121603 0.4915592 0.8623123 -0.4915519 0.1216049 0.862316 -0.1216061 0.8623024 0.4915757 -0.4488483 0.4488398 0.7727083 -0.4915661 0.862309 0.1215977 -0.8623052 0.4915719 0.1216022 -0.4488545 0.7726993 0.448849 -0.8623049 0.1216073 0.4915708 -0.772702 0.4488488 0.4488501 0.4915499 -0.1216067 -0.862317 0.1216103 -0.4915603 -0.8623105 0.1279606 -0.12797 -0.9834886 0.8623007 -0.1216091 -0.4915778 0.4488505 -0.4488395 -0.7727072 0.8623069 -0.4915691 -0.1216014 0.4488535 -0.7727001 -0.4488489 0.7727096 -0.4488442 -0.4488418 0.1216096 -0.8623065 -0.4915675 0.491572 -0.8623061 -0.1215952 0.1216066 -0.4915595 0.8623116 0.4915556 -0.1216056 0.8623139 0.1216095 -0.8623049 0.4915705 0.4488437 -0.4488412 0.7727102 0.4915677 -0.8623079 0.1215991 0.8622997 -0.4915813 0.1216024 0.4488524 -0.7726994 0.4488512 0.8623019 -0.1216102 0.4915755 0.9834851 -0.1279833 0.127974 0.7727004 -0.4488505 0.4488512 0.1216012 0.4915603 -0.8623119 0.4915655 0.1216057 -0.8623082 0.1279708 0.1279719 -0.9834871 0.1216062 0.8623027 -0.491575 0.4488403 0.4488421 -0.7727117 0.4915689 0.8623071 -0.1216006 0.8622997 0.4915813 -0.1216024 0.4488538 0.7727004 -0.4488479 0.8623013 0.1216108 -0.4915764 0.7726982 0.4488515 -0.448854 0.4915605 0.121606 0.8623111 0.1216126 0.4915584 0.8623113 0.8623006 0.1216092 0.4915779 0.4488459 0.4488418 0.7727085 0.8623052 0.4915717 0.1216014 0.448853 0.7727029 0.4488444 0.7727082 0.4488478 0.4488406 0.1216088 0.8623028 0.4915741 0.4915701 0.8623066 0.121599 0.1279712 0.9834874 0.1279689 0.9258241 0.3768443 0.02895265 0.9341741 0.3560991 0.02263176 0.9234458 0.3825 0.03068405 0.3876127 0.9217942 0.007197976 0.3393589 0.924592 -0.1731052 0.3826687 0.9238457 0.008597016 -0.3868032 0.9221616 0.001138806 -0.3360498 0.924226 0.1813198 -0.3826834 0.9238796 0 -0.9252232 0.3789928 0.01806741 -0.9323872 0.3607437 0.02276384 -0.9237443 0.3826268 0.01712661 -0.9252232 -0.3789928 0.01806741 -0.9323872 -0.3607437 0.02276384 -0.9336616 -0.3573765 0.02362525 -0.3868032 -0.9221616 0.001138806 -0.3360498 -0.924226 0.1813198 -0.343527 -0.9233218 0.1716573 0.3876127 -0.9217942 0.007197976 0.3393588 -0.924592 -0.1731052 0.3460913 -0.923081 -0.1677564 0.9258241 -0.3768443 0.02895265 0.9341741 -0.3560991 0.02263176 0.9362043 -0.3508267 0.02103263 0.5797824 0.3382136 -0.7412584 0.5783856 0.3301334 -0.7459772 0.5807439 0.3439398 -0.7378632 0.3460913 0.923081 -0.1677564 0.1505885 0.9172331 -0.3687908 -0.343527 0.9233218 0.1716573 -0.1482347 0.9172245 0.3697642 -0.5588771 0.3374639 0.7574791 -0.3079309 0.3713656 0.8759374 -0.5588454 0.3388493 0.7568838 -0.5588771 -0.3374639 0.7574791 -0.3079308 -0.3713655 0.8759374 -0.274091 -0.3738901 0.8860477 -0.1482344 -0.9172246 0.3697644 -0.1084901 -0.9207118 0.3748595 0.1505882 -0.9172331 -0.3687907 0.1096248 -0.9206237 -0.3747459 0.5797824 -0.3382136 -0.7412584 0.5783856 -0.3301334 -0.7459772 0.5775868 -0.325629 -0.7485715 0 0.3819297 -0.9241914 0 0.3819298 -0.9241914 0 0.3819298 -0.9241914 0.1096252 0.9206237 -0.374746 -0.1505886 0.9172332 -0.3687904 -0.1084905 0.9207119 0.3748594 0.1482345 0.9172244 0.3697648 0.2740902 0.3738887 0.8860486 0.3079348 0.3713639 0.8759367 0.2740902 -0.3738887 0.8860486 0.1084904 -0.9207118 0.3748598 -0.1096254 -0.9206237 -0.3747459 0 -0.3819297 -0.9241914 0 -0.3819298 -0.9241914 -0.5783879 0.3301317 -0.7459763 -0.5797848 0.3382137 -0.7412565 -0.5807463 0.3439412 -0.7378606 -0.3460914 0.9230812 -0.1677561 -0.3393591 0.9245919 -0.1731046 0.3435271 0.9233217 0.1716573 0.3360501 0.9242259 0.1813196 0.5588775 0.3374648 0.7574783 0.5588456 0.3388509 0.7568829 0.3079348 -0.3713638 0.8759367 0.5588775 -0.3374648 0.7574783 0.1482348 -0.9172245 0.3697647 0.3435271 -0.9233217 0.1716573 -0.1505889 -0.9172331 -0.3687905 -0.3460914 -0.9230812 -0.1677561 -0.5783879 -0.3301317 -0.7459763 -0.5797848 -0.3382137 -0.7412565 -0.577589 -0.3256263 -0.748571 -0.9341745 0.3560979 0.02263176 -0.9258236 0.3768457 0.02895265 -0.923445 0.382502 0.03068399 -0.387613 0.9217942 0.007197916 -0.3826692 0.9238454 0.008596956 0.3868026 0.9221619 0.001138746 0.3826828 0.9238799 0 0.9323874 0.3607431 0.02276378 0.9252245 0.37899 0.01806741 0.9237456 0.3826235 0.01712661 0.9323874 -0.3607431 0.02276378 0.9252245 -0.37899 0.01806741 0.9336616 -0.3573764 0.02362525 0.3360501 -0.9242259 0.1813196 0.3868026 -0.9221619 0.001138746 -0.3393591 -0.9245919 -0.1731046 -0.387613 -0.9217942 0.007197916 -0.9341745 -0.3560979 0.02263176 -0.9258236 -0.3768457 0.02895265 -0.9362049 -0.3508248 0.02103263 0 0 -1 -1.22762e-6 0 1 0.5000007 0 0.866025 1.22762e-6 0 1 0.5000014 0 0.8660246 0.866025 0 0.5000008 0.8660265 0 0.4999981 1 0 1.95437e-6 1 0 -2.07222e-6 0.8660268 0 -0.4999974 0.8660244 0 -0.5000018 0.5000042 0 -0.866023 0.499998 0 -0.8660266 5.11671e-6 0 -1 -5.11671e-6 0 -1 -0.499998 0 -0.8660265 -0.5000041 0 -0.8660231 -0.8660259 0 -0.4999991 -1 0 -8.54417e-7 -1 0 8.74072e-7 -0.8660265 0 0.4999982 2.95366e-7 -1 1.15045e-6 4.2772e-7 -1 1.02818e-6 -3.61539e-7 -1 1.15044e-6 -0.8660251 0 0.5000008 -0.5000014 0 0.8660247 -0.5000008 0 0.8660251 0 1 -2.57068e-7 5.11671e-6 0 1 0.499998 0 0.8660266 -5.11671e-6 0 1 0.5000042 0 0.866023 0.8660247 0 0.5000012 0.8660265 0 0.4999982 1 0 2.36685e-6 1 0 -1.86598e-6 0.8660269 0 -0.4999974 0.8660246 0 -0.5000016 0.5000043 0 -0.866023 0.499998 0 -0.8660265 -0.4999982 0 -0.8660265 -0.5000042 0 -0.866023 -0.8660246 0 -0.5000015 -0.8660268 0 -0.4999974 -1 0 -5.99074e-7 -0.8660255 0 0.4999998 -0.8660258 0 0.4999994 0 -1 -2.57049e-7 0 -1 2.57043e-7 -0.5000041 0 0.8660231 -0.499998 0 0.8660265 0 1 -1.30391e-6 0 1 0 1.77072e-7 1 -1.977e-6 0.1279738 -0.983487 0.1279694 -0.1279791 -0.9834852 -0.1279776 0.1279735 -0.9834865 -0.1279733 0.9834883 0.1279717 0.1279613 0.983487 -0.1279765 -0.1279664 0.9834877 0.1279698 -0.1279684 -0.1279702 0.1279701 0.9834873 0.1279683 -0.1279718 0.9834873 0.1279699 0.1279689 0.9834876 -0.983487 -0.1279733 0.1279694 -0.9834862 0.1279744 -0.1279751 -0.9834855 -0.1279785 -0.1279759 -0.1279793 0.983486 0.1279716 0.127974 0.983486 -0.1279771 -0.1279715 0.9834868 -0.1279733 -0.1216022 -0.4915684 -0.8623071 -0.4915688 -0.1216027 -0.8623068 -0.1279913 -0.1279884 -0.9834822 -0.448843 -0.7727115 -0.4488397 -0.4488337 -0.4488444 -0.7727141 -0.4915732 -0.8623039 -0.1216053 -0.1216057 -0.8622983 -0.4915829 -0.8623065 -0.49157 -0.1216001 -0.8623034 -0.121599 -0.4915758 -0.7727211 -0.4488397 -0.4488264 -0.121608 -0.862304 0.4915723 -0.4915814 -0.8622997 0.1216019 -0.127974 -0.9834868 0.1279705 -0.4488424 -0.4488424 0.7727102 -0.4488542 -0.7727034 0.4488424 -0.4915681 -0.1216084 0.8623063 -0.1216076 -0.491562 0.8623099 -0.1279788 -0.1279692 0.9834864 -0.8623057 -0.1216022 0.4915708 -0.8623116 -0.4915621 0.1215955 -0.7727112 -0.4488462 0.4488371 -0.4915662 0.1216027 -0.8623082 -0.1216071 0.4915733 -0.8623036 -0.1279828 0.1279857 -0.9834837 -0.862303 0.1215982 -0.4915766 -0.4488425 0.4488363 -0.7727137 -0.8623111 0.4915621 -0.1215994 -0.4488451 0.7727085 -0.4488425 -0.7727183 0.4488373 -0.4488337 -0.1216059 0.8623043 -0.4915724 -0.491575 0.8623033 -0.1216024 -0.1216062 0.4915589 0.862312 -0.4915541 0.1216089 0.8623143 -0.1216074 0.8623016 0.4915767 -0.4488413 0.4488427 0.7727108 -0.4915784 0.8623022 0.1215963 -0.8623075 0.4915693 0.1215953 -0.4488542 0.7727047 0.44884 -0.8623026 0.1216023 0.4915764 -0.9834864 0.1279755 0.1279715 -0.7727099 0.448845 0.4488404 0.4915648 -0.1216042 -0.8623089 0.1216011 -0.4915759 -0.862303 0.1279817 -0.12799 -0.9834833 0.7727013 -0.4488503 -0.4488497 0.4488364 -0.4488383 -0.7727162 0.8623002 -0.4915791 -0.1216073 0.8623005 -0.1216049 -0.4915795 0.4915648 -0.8623092 -0.1216013 0.121603 -0.8623043 -0.491573 0.4488396 -0.7727131 -0.4488401 0.1216037 -0.4915572 0.8623132 0.4915452 -0.1216021 0.8623203 0.121607 -0.862299 0.4915815 0.4488383 -0.4488428 0.7727124 0.4915694 -0.8623071 0.1215977 0.772701 -0.4488626 0.4488381 0.4488483 -0.772705 0.4488455 0.8623023 -0.1216069 0.4915755 0.8623098 -0.4915637 0.1216021 0.9834889 -0.1279669 0.1279612 0.1215997 0.4915732 -0.8623046 0.4915696 0.1216039 -0.8623062 0.1279884 0.1279906 -0.9834824 0.4488396 0.7727128 -0.4488407 0.4488348 0.4488405 -0.7727158 0.4915691 0.8623066 -0.1216025 0.1216038 0.8623019 -0.4915773 0.7726997 0.4488543 -0.4488486 0.8623011 0.1216068 -0.4915778 0.8623064 0.4915684 -0.1216067 0.4915612 0.1216021 0.8623113 0.1216043 0.4915618 0.8623106 0.8623052 0.1216074 0.4915706 0.4488478 0.448845 0.7727055 0.8623028 0.4915761 0.1216006 0.4915621 0.8623108 0.1216006 0.7726972 0.4488663 0.4488412 0.1216062 0.8623038 0.491573 0.1279696 0.983488 0.1279653 0.4488452 0.7727048 0.4488489 -0.1279795 -0.9834853 -0.127977 0.1279709 -0.9834871 -0.1279706 0.9834882 0.1279736 0.1279606 0.9834871 -0.1279746 -0.1279671 0.9834878 0.1279698 -0.127967 -0.1279703 0.1279708 0.9834873 0.1279675 -0.1279705 0.9834876 0.1279768 0.1279701 0.9834865 -0.9834868 -0.1279732 0.1279708 -0.9834859 0.1279761 -0.1279751 -0.9834853 -0.1279784 -0.1279773 -0.1279791 0.9834859 0.1279722 0.1279738 0.9834862 -0.1279748 -0.127974 0.9834861 -0.127976 -0.1216024 -0.4915711 -0.8623055 -0.4915698 -0.1216029 -0.8623062 -0.1279913 -0.1279878 -0.9834824 -0.4488431 -0.7727114 -0.4488396 -0.4488324 -0.4488414 -0.7727165 -0.4915735 -0.8623044 -0.121601 -0.1216062 -0.8623005 -0.4915791 -0.8623065 -0.4915701 -0.1215997 -0.8623032 -0.121599 -0.491576 -0.7727196 -0.448839 -0.4488296 -0.1216083 -0.8623039 0.4915725 -0.4915817 -0.8623002 0.1215975 -0.1279742 -0.9834872 0.1279677 -0.4488422 -0.4488424 0.7727103 -0.4488544 -0.7727037 0.4488417 -0.4915692 -0.1216087 0.8623058 -0.1216076 -0.4915607 0.8623107 -0.1279788 -0.1279691 0.9834864 -0.8623056 -0.1216022 0.4915712 -0.8623117 -0.4915623 0.1215952 -0.7727097 -0.4488454 0.4488403 -0.4915634 0.1216025 -0.8623099 -0.1216037 0.4915744 -0.8623034 -0.1279838 0.1279864 -0.9834834 -0.8623026 0.121599 -0.4915772 -0.448836 0.4488438 -0.7727131 -0.8623107 0.4915629 -0.1215997 -0.4488431 0.7727102 -0.4488416 -0.7727213 0.4488397 -0.448826 -0.1216056 0.862302 -0.4915767 -0.4915763 0.8623019 -0.1216067 -0.1216068 0.4915561 0.8623135 -0.4915531 0.1216086 0.8623149 -0.1216081 0.8623005 0.4915787 -0.4488414 0.4488428 0.7727106 -0.4915782 0.8623017 0.1216005 -0.8623076 0.4915691 0.1215956 -0.448854 0.7727046 0.4488404 -0.8623026 0.1216023 0.4915761 -0.9834867 0.1279756 0.1279701 -0.7727113 0.4488457 0.4488372 0.4915662 -0.1216037 -0.8623082 0.1216043 -0.4915754 -0.8623027 0.1279799 -0.1279885 -0.9834837 0.7727013 -0.4488501 -0.4488499 0.4488459 -0.4488382 -0.7727106 0.8623008 -0.4915784 -0.1216061 0.8623008 -0.1216042 -0.4915788 0.4915627 -0.8623098 -0.1216053 0.1216027 -0.8623049 -0.491572 0.4488402 -0.772709 -0.4488465 0.1216034 -0.4915596 0.862312 0.4915467 -0.1216023 0.8623194 0.1216072 -0.8623021 0.491576 0.4488407 -0.4488462 0.7727091 0.4915691 -0.8623073 0.1215978 0.7726995 -0.448863 0.4488403 0.4488486 -0.7727068 0.4488423 0.862302 -0.1216068 0.4915762 0.8623096 -0.4915639 0.1216015 0.9834887 -0.1279668 0.1279627 0.1215996 0.4915698 -0.8623066 0.4915701 0.1216043 -0.8623059 0.1279891 0.127992 -0.9834821 0.4488395 0.7727122 -0.4488418 0.4488341 0.448839 -0.7727171 0.4915692 0.8623065 -0.1216025 0.1216033 0.8622996 -0.4915812 0.7726995 0.4488537 -0.4488496 0.862301 0.1216067 -0.4915781 0.8623064 0.4915683 -0.1216073 0.4915603 0.1216019 0.8623117 0.1216045 0.4915633 0.8623096 0.8623051 0.1216082 0.4915703 0.4488393 0.4488423 0.7727121 0.8623019 0.4915775 0.1216019 0.4915649 0.8623099 0.1215965 0.7726995 0.4488657 0.4488375 0.1216067 0.8623037 0.4915734 0.1279735 0.9834872 0.1279678 0.4488484 0.7727059 0.4488438 0.1279735 -0.9834869 0.1279707 -0.1279735 -0.9834862 -0.1279762 0.1279735 -0.9834853 -0.1279822 0.9834869 0.1279771 0.1279673 0.9834862 -0.1279743 -0.1279744 0.9834856 0.1279785 -0.1279743 -0.1279767 0.1279728 0.9834862 0.1279767 -0.1279699 0.9834865 0.1279649 0.1279677 0.9834884 -0.983487 -0.1279771 0.1279658 -0.9834854 0.12798 -0.1279755 -0.9834852 -0.1279842 -0.1279726 -0.1279753 0.9834865 0.1279716 0.1279739 0.9834862 -0.1279757 -0.1279737 0.9834867 -0.1279711 -0.1216009 -0.491568 -0.8623075 -0.4915711 -0.1216024 -0.8623055 -0.1279878 -0.1279872 -0.9834828 -0.4488438 -0.7727109 -0.44884 -0.4488325 -0.4488371 -0.7727192 -0.4915687 -0.8623057 -0.1216113 -0.1216049 -0.8622998 -0.4915806 -0.8623018 -0.4915777 -0.1216029 -0.862302 -0.1216117 -0.4915748 -0.7727102 -0.4488455 -0.4488395 -0.1216065 -0.8623022 0.4915758 -0.4915739 -0.862304 0.1216014 -0.1279749 -0.9834857 0.1279782 -0.4488453 -0.4488403 0.7727097 -0.4488531 -0.7727048 0.448841 -0.4915517 -0.1216085 0.8623157 -0.1216059 -0.4915598 0.8623116 -0.1279649 -0.1279692 0.9834882 -0.862305 -0.1216052 0.4915715 -0.8623102 -0.4915634 0.1215999 -0.7727134 -0.4488356 0.4488435 -0.4915691 0.1216021 -0.8623067 -0.1216025 0.4915733 -0.8623042 -0.1279857 0.1279852 -0.9834833 -0.7727084 0.4488428 -0.4488453 -0.448837 0.4488405 -0.7727144 -0.862307 0.4915678 -0.1216048 -0.8623005 0.1216109 -0.4915778 -0.4915739 0.8623038 -0.1216026 -0.1216048 0.8623041 -0.491573 -0.4488436 0.7727098 -0.4488419 -0.1216052 0.4915599 0.8623114 -0.4915557 0.1216078 0.8623135 -0.1216076 0.8623014 0.491577 -0.4488439 0.4488399 0.7727108 -0.4915712 0.8623057 0.1216007 -0.8623032 0.4915761 0.1215986 -0.4488531 0.7727041 0.4488421 -0.8623017 0.1216066 0.4915766 -0.9834861 0.1279813 0.1279684 -0.772712 0.4488415 0.4488403 0.4915687 -0.1216006 -0.8623071 0.121603 -0.4915711 -0.8623054 0.1279855 -0.1279866 -0.9834831 0.7727044 -0.4488484 -0.4488464 0.4488358 -0.4488329 -0.7727195 0.8623082 -0.4915658 -0.1216051 0.8623003 -0.1216069 -0.491579 0.4915725 -0.8623041 -0.1216064 0.1216055 -0.8622995 -0.4915809 0.4488381 -0.7727127 -0.4488424 0.1216047 -0.4915556 0.862314 0.4915547 -0.1216033 0.8623147 0.1216076 -0.8623006 0.4915784 0.4488435 -0.4488395 0.7727113 0.4915677 -0.862307 0.1216055 0.8623016 -0.491579 0.121598 0.4488584 -0.7727008 0.4488426 0.8623001 -0.1216085 0.4915791 0.9834863 -0.1279814 0.127967 0.7727113 -0.4488477 0.4488351 0.1216013 0.4915699 -0.8623063 0.4915724 0.1216006 -0.8623049 0.1279877 0.1279901 -0.9834824 0.4488393 0.7727132 -0.4488405 0.4488349 0.4488366 -0.7727179 0.4915657 0.8623082 -0.1216049 0.1216055 0.8622978 -0.4915837 0.8623021 0.4915771 -0.121603 0.8623032 0.1216072 -0.4915741 0.7727088 0.4488437 -0.4488434 0.4915534 0.1216039 0.8623154 0.1216061 0.4915624 0.8623098 0.8623057 0.1216089 0.4915691 0.448845 0.4488394 0.7727104 0.8623083 0.491567 0.1215994 0.491575 0.8623039 0.1215987 0.7727101 0.4488476 0.4488373 0.1216085 0.8623057 0.4915693 0.1279737 0.9834874 0.1279656 0.4488565 0.7726986 0.4488483 0.1279739 -0.9834869 0.1279702 -0.1279739 -0.9834862 -0.1279757 0.1279737 -0.9834867 -0.1279711 0.983487 0.1279771 0.1279658 0.9834861 -0.1279743 -0.1279758 0.9834859 0.1279786 -0.1279729 -0.1279767 0.1279714 0.9834864 0.1279768 -0.1279714 0.9834864 0.1279649 0.1279677 0.9834884 -0.9834869 -0.1279771 0.1279673 -0.9834855 0.1279801 -0.1279741 -0.983485 -0.1279842 -0.127974 -0.1279749 0.9834865 0.1279721 0.1279735 0.9834862 -0.1279762 -0.1279735 0.9834853 -0.1279822 -0.121601 -0.4915708 -0.8623058 -0.4915722 -0.1216023 -0.8623049 -0.1279878 -0.1279886 -0.9834826 -0.4488424 -0.7727109 -0.4488412 -0.4488347 -0.448841 -0.7727156 -0.491569 -0.8623062 -0.1216057 -0.121605 -0.8622985 -0.4915826 -0.8623017 -0.4915776 -0.1216031 -0.8623026 -0.1216118 -0.4915739 -0.7727089 -0.4488431 -0.4488439 -0.1216073 -0.862307 0.4915674 -0.4915742 -0.8623044 0.1215978 -0.1279751 -0.9834871 0.127967 -0.448845 -0.4488397 0.7727102 -0.4488525 -0.7727042 0.4488425 -0.4915529 -0.1216083 0.862315 -0.1216061 -0.4915624 0.8623098 -0.1279649 -0.1279692 0.9834882 -0.8623063 -0.1216056 0.4915691 -0.8623102 -0.4915634 0.1215998 -0.7727156 -0.4488355 0.4488402 -0.4915684 0.1216024 -0.862307 -0.1216028 0.4915722 -0.8623049 -0.1279857 0.1279852 -0.9834833 -0.7727069 0.448843 -0.4488476 -0.4488356 0.4488372 -0.7727173 -0.862307 0.4915679 -0.1216049 -0.8622999 0.1216108 -0.4915788 -0.4915738 0.8623034 -0.1216062 -0.1216044 0.8623006 -0.4915792 -0.4488438 0.7727088 -0.4488435 -0.1216047 0.4915556 0.862314 -0.4915542 0.1216077 0.8623144 -0.121607 0.8623014 0.4915771 -0.4488435 0.4488399 0.772711 -0.491571 0.862305 0.1216063 -0.8623032 0.4915761 0.1215983 -0.4488549 0.7727058 0.4488377 -0.8623005 0.1216061 0.4915789 -0.9834863 0.1279814 0.127967 -0.7727127 0.4488437 0.448837 0.4915695 -0.1216003 -0.8623067 0.1216028 -0.4915724 -0.8623048 0.1279855 -0.1279867 -0.9834831 0.7727059 -0.4488481 -0.4488442 0.4488373 -0.4488362 -0.7727167 0.8623082 -0.4915658 -0.121605 0.8623009 -0.1216071 -0.4915781 0.4915727 -0.8623044 -0.1216028 0.1216058 -0.862303 -0.4915746 0.4488378 -0.7727138 -0.4488407 0.1216052 -0.4915599 0.8623114 0.4915563 -0.1216034 0.8623139 0.1216082 -0.8623005 0.4915783 0.448844 -0.4488396 0.772711 0.491568 -0.8623076 0.1215999 0.8623017 -0.4915789 0.1215983 0.4488567 -0.7726993 0.4488471 0.8623014 -0.121609 0.4915767 0.9834861 -0.1279813 0.1279684 0.7727107 -0.4488455 0.4488384 0.1216012 0.4915671 -0.8623079 0.4915714 0.1216006 -0.8623056 0.1279877 0.1279886 -0.9834827 0.4488407 0.7727132 -0.4488392 0.4488327 0.4488328 -0.7727214 0.4915654 0.8623077 -0.1216105 0.1216054 0.8622991 -0.4915817 0.8623021 0.4915771 -0.1216027 0.8623026 0.121607 -0.4915751 0.7727102 0.4488461 -0.448839 0.4915521 0.1216041 0.862316 0.1216059 0.4915598 0.8623115 0.8623045 0.1216084 0.4915716 0.4488453 0.4488399 0.77271 0.8623083 0.491567 0.1215994 0.4915748 0.8623034 0.1216022 0.7727081 0.4488478 0.4488407 0.1216077 0.8623011 0.4915778 0.1279735 0.9834861 0.1279767 0.448857 0.7726992 0.4488467 7.95499e-7 1 0 0.4999978 0.8660267 0 -1.06066e-6 1 0 0.4999998 0.8660256 0 0.8660236 0.5000033 0 0.8660257 0.4999996 0 1 2.74987e-6 0 1 -3.00522e-6 0 0.8660256 -0.4999997 0 0.8660237 -0.5000029 0 0.4999998 -0.8660256 0 0.4999978 -0.8660267 0 7.95499e-7 -1 0 -1.06066e-6 -1 0 -0.4999988 -0.8660262 0 -0.4999998 -0.8660256 0 -0.8660252 -0.5000004 0 -0.8660258 -0.4999995 0 -1 -1.57136e-7 0 -1 4.41944e-7 0 -0.8660257 0.4999995 0 4.34422e-7 0 1 -4.3441e-7 0 1 -0.8660255 0.5000001 0 -0.4999998 0.8660256 0 -0.4999988 0.8660262 0 -1.73766e-6 0 -1 -8.68791e-7 0 -1 1.73775e-6 0 -1 0.9362043 0.3508267 0.02103263 -0.9336616 0.3573765 0.02362525 -0.9237443 -0.3826268 0.01712661 -0.3826834 -0.9238796 0 0.3826687 -0.9238457 0.008597016 0.9234458 -0.3825 0.03068405 0.5775868 0.325629 -0.7485715 -0.274091 0.3738901 0.8860477 -0.5588454 -0.3388493 0.7568838 0.5807439 -0.3439398 -0.7378632 -0.109625 0.9206238 -0.3747457 0.1084899 0.9207118 0.3748599 0 -0.3819298 -0.9241914 -0.577589 0.3256263 -0.748571 0.5588456 -0.3388509 0.7568829 -0.5807463 -0.3439412 -0.7378606 -0.9362049 0.3508248 0.02103263 0.9336616 0.3573764 0.02362525 0.9237456 -0.3826235 0.01712661 0.3826828 -0.9238799 0 -0.3826692 -0.9238454 0.008596956 -0.923445 -0.382502 0.03068399 0 0 -1 -0.8660255 0 -0.5 0 -1 1.02831e-5 0 -1 1.54226e-6 0 -1 5.14149e-6 -4.27773e-6 -1 0 0 -1 1.27271e-6 0 -1 1.78679e-6 0 -1 5.14155e-6 4.27773e-6 -1 0 0 1 -2.57048e-7 0 1 -2.57088e-6 0 -1 2.57042e-7 0 -1 2.57075e-6 0 -1 -2.57046e-7 0 -1 -2.57077e-6 -5.29433e-7 1 -3.47699e-6 -8.42586e-7 1 0 -1.0961e-6 1 -1.54228e-6 3.13169e-6 1 -1.54253e-5 -4.34469e-6 0 1 -4.34416e-7 0 1 4.34408e-7 0 1 4.34467e-6 0 1 8.68817e-7 0 -1 8.68937e-6 0 -1 8.68934e-6 0 -1 8.68815e-7 0 -1 -8.6879e-7 0 -1 -8.68937e-6 0 -1 -8.68938e-6 0 -1</float_array>
          <technique_common>
            <accessor source="#payload_box-mesh-normals-array" count="1002" stride="3">
              <param name="X" type="float"/>
              <param name="Y" type="float"/>
              <param name="Z" type="float"/>
            </accessor>
          </technique_common>
        </source>
        <vertices id="payload_box-mesh-vertices">
          <input semantic="POSITION" source="#payload_box-mesh-positions"/>
        </vertices>
        <triangles material="orange-material" count="752">
          <input semantic="VERTEX" source="#payload_box-mesh-vertices" offset="0"/>
          <input semantic="NORMAL" source="#payload_box-mesh-normals" offset="1"/>
          <p>61 0 1 1 50 2 85 3 49 4 74 5 36 6 60 7 84 8 14 9 25 10 2 11 37 12 73 13 26 14 3 15 4 16 0 17 7 18 5 19 3 15 6 20 7 18 1 1 6 20 11 21 8 22 9 23 10 24 2 11 4 16 11 21 9 23 5 19 8 22 11 21 15 25 16 26 12 27 19 28 17 29 15 25 18 30 19 28 13 31 18 30 23 32 20 33 21 34 22 35 14 9 16 26 23 32 21 34 17 29 20 33 23 32 27 36 28 37 24 38 31 39 29 40 27 36 30 41 31 39 25 10 34 42 32 43 30 41 33 44 34 42 26 14 33 44 29 40 35 45 29 40 32 43 35 45 39 46 40 47 36 6 39 46 44 48 41 49 42 50 43 51 37 12 42 50 47 52 44 48 45 53 46 54 38 55 40 47 47 52 45 53 41 49 44 48 47 52 51 56 52 57 48 58 55 59 53 60 51 56 54 61 55 59 49 4 54 61 59 62 56 63 57 64 58 65 50 2 57 64 53 60 59 62 53 60 56 63 59 62 63 66 64 67 60 7 63 66 68 68 65 69 66 70 67 71 61 0 70 72 68 68 66 70 69 73 70 72 62 74 69 73 65 69 71 75 65 69 68 68 71 75 75 76 76 77 72 78 79 79 77 80 75 76 78 81 79 79 73 13 82 82 80 83 78 81 81 84 82 82 74 5 81 84 77 80 83 85 77 80 80 83 83 85 87 86 88 87 84 8 91 88 89 89 87 86 90 90 91 88 85 3 90 90 95 91 92 92 93 93 94 94 86 95 88 87 95 91 93 93 89 89 92 92 95 91 0 17 27 36 24 38 4 16 31 39 27 36 9 23 25 10 31 39 12 27 6 20 1 1 16 26 10 24 6 20 21 34 2 11 10 24 36 6 18 30 13 31 40 47 22 35 18 30 45 53 14 9 22 35 26 14 42 50 37 12 34 42 46 54 42 50 30 41 38 55 46 54 24 38 75 76 72 78 28 37 79 79 75 76 33 44 73 13 79 79 84 8 39 46 36 6 88 87 43 51 39 46 93 93 37 12 43 51 74 5 90 90 85 3 82 82 94 94 90 90 78 81 86 95 94 94 72 78 51 56 48 58 76 77 55 59 51 56 81 84 49 4 55 59 60 7 87 86 84 8 64 67 91 88 87 86 69 73 85 3 91 88 50 2 66 70 61 0 58 65 70 72 66 70 54 61 62 74 70 72 48 58 3 15 0 17 52 57 7 18 3 15 57 64 1 1 7 18 13 31 63 66 60 7 19 28 67 71 63 66 15 25 61 0 67 71 72 78 0 17 24 38 165 102 105 103 154 104 189 105 153 106 178 107 140 108 164 109 188 110 118 111 129 112 106 113 141 114 177 115 130 116 107 117 108 118 104 119 107 117 112 120 109 121 110 122 111 123 105 103 110 122 115 124 112 120 113 125 114 126 106 113 108 118 115 124 113 125 109 121 112 120 115 124 119 127 120 128 116 129 123 130 121 131 119 127 122 132 123 130 117 133 122 132 127 134 124 135 125 136 126 137 118 111 120 128 127 134 125 136 121 131 124 135 127 134 131 138 132 139 128 140 131 138 136 141 133 142 134 143 135 144 129 112 138 145 136 141 134 143 137 146 138 145 130 116 132 139 139 147 137 146 133 142 136 141 139 147 143 148 144 149 140 108 143 148 148 150 145 151 146 152 147 153 141 114 146 152 151 154 148 150 149 155 150 156 142 157 144 149 151 154 149 155 145 151 148 150 151 154 155 158 156 159 152 160 155 158 160 161 157 162 158 163 159 164 153 106 158 163 163 165 160 161 161 166 162 167 154 104 156 159 163 165 161 166 157 162 160 161 163 165 167 168 168 169 164 109 167 168 172 170 169 171 170 172 171 173 165 102 174 174 172 170 170 172 173 175 174 174 166 176 168 169 175 177 173 175 169 171 172 170 175 177 179 178 180 179 176 180 179 178 184 181 181 182 182 183 183 184 177 115 186 185 184 181 182 183 185 186 186 185 178 107 180 179 187 187 185 186 181 182 184 181 187 187 191 188 192 189 188 110 191 188 196 190 193 191 194 192 195 193 189 105 194 192 199 194 196 190 197 195 198 196 190 197 192 189 199 194 197 195 193 191 196 190 199 194 104 119 131 138 128 140 108 118 135 144 131 138 113 125 129 112 135 144 116 129 110 122 105 103 120 128 114 126 110 122 125 136 106 113 114 126 140 108 122 132 117 133 144 149 126 137 122 132 149 155 118 111 126 137 130 116 146 152 141 114 138 145 150 156 146 152 134 143 142 157 150 156 128 140 179 178 176 180 132 139 183 184 179 178 137 146 177 115 183 184 188 110 143 148 140 108 192 189 147 153 143 148 197 195 141 114 147 153 178 107 194 192 189 105 186 185 198 196 194 192 182 183 190 197 198 196 176 180 155 158 152 160 180 179 159 164 155 158 185 186 153 106 159 164 164 109 191 188 188 110 168 169 195 193 191 188 173 175 189 105 195 193 154 104 170 172 165 102 162 167 174 174 170 172 158 163 166 176 174 174 152 160 107 117 104 119 156 159 111 123 107 117 161 166 105 103 111 123 117 133 167 168 164 109 123 130 171 173 167 168 119 127 165 102 171 173 176 180 104 119 128 140 261 198 201 199 250 200 285 201 249 202 274 203 236 204 260 205 284 206 214 207 225 208 202 209 237 210 273 211 226 212 203 213 204 214 200 215 207 216 205 217 203 213 206 218 207 216 201 199 210 219 208 220 206 218 209 221 210 219 202 209 209 221 205 217 211 222 205 217 208 220 211 222 215 223 216 224 212 225 215 223 220 226 217 227 218 228 219 229 213 230 222 231 220 226 218 228 221 232 222 231 214 207 221 232 217 227 223 233 217 227 220 226 223 233 227 234 228 235 224 236 231 237 229 238 227 234 230 239 231 237 225 208 230 239 235 240 232 241 233 242 234 243 226 212 233 242 229 238 235 240 229 238 232 241 235 240 239 244 240 245 236 204 243 246 241 247 239 244 242 248 243 246 237 210 246 249 244 250 242 248 245 251 246 249 238 252 245 251 241 247 247 253 241 247 244 250 247 253 251 254 252 255 248 256 255 257 253 258 251 254 254 259 255 257 249 202 254 259 259 260 256 261 257 262 258 263 250 200 257 262 253 258 259 260 253 258 256 261 259 260 263 264 264 265 260 205 267 266 265 267 263 264 266 268 267 266 261 198 270 269 268 270 266 268 269 271 270 269 262 272 269 271 265 267 271 273 265 267 268 270 271 273 275 274 276 275 272 276 279 277 277 278 275 274 278 279 279 277 273 211 282 280 280 281 278 279 281 282 282 280 274 203 281 282 277 278 283 283 277 278 280 281 283 283 287 284 288 285 284 206 291 286 289 287 287 284 290 288 291 286 285 201 290 288 295 289 292 290 293 291 294 292 286 293 293 291 289 287 295 289 289 287 292 290 295 289 200 215 227 234 224 236 204 214 231 237 227 234 209 221 225 208 231 237 212 225 206 218 201 199 216 224 210 219 206 218 221 232 202 209 210 219 236 204 218 228 213 230 240 245 222 231 218 228 245 251 214 207 222 231 226 212 242 248 237 210 242 248 230 239 246 249 246 249 225 208 238 252 272 276 228 235 275 274 228 235 279 277 275 274 233 242 273 211 279 277 284 206 239 244 236 204 288 285 243 246 239 244 243 246 286 293 237 210 285 201 282 280 290 288 290 288 278 279 294 292 278 279 286 293 294 292 272 276 251 254 248 256 276 275 255 257 251 254 281 282 249 202 255 257 260 205 287 284 284 206 264 265 291 286 287 284 269 271 285 201 291 286 250 200 266 268 261 198 266 268 254 259 270 269 270 269 249 202 262 272 248 256 203 213 200 215 252 255 207 216 203 213 207 216 250 200 201 199 260 205 219 229 263 264 219 229 267 266 263 264 215 223 261 198 267 266 272 276 200 215 224 236 357 294 297 295 346 296 381 297 345 298 370 299 332 300 356 301 380 302 310 207 321 303 298 209 333 304 369 305 322 306 299 307 300 308 296 309 303 310 301 311 299 307 302 312 303 310 297 295 306 313 304 314 302 312 305 315 306 313 298 209 305 315 301 311 307 316 301 311 304 314 307 316 311 317 312 318 308 319 311 317 316 320 313 321 314 322 315 323 309 324 318 325 316 320 314 322 317 326 318 325 310 207 317 326 313 321 319 327 313 321 316 320 319 327 323 328 324 329 320 330 327 331 325 332 323 328 326 333 327 331 321 303 326 333 331 334 328 335 329 336 330 337 322 306 329 336 325 332 331 334 325 332 328 335 331 334 335 338 336 339 332 300 339 340 337 341 335 338 338 342 339 340 333 304 342 343 340 344 338 342 341 345 342 343 334 252 341 345 337 341 343 346 337 341 340 344 343 346 347 347 348 348 344 349 351 350 349 351 347 347 350 352 351 350 345 298 350 352 355 353 352 354 353 355 354 356 346 296 353 355 349 351 355 353 349 351 352 354 355 353 359 357 360 358 356 301 363 359 361 360 359 357 362 361 363 359 357 294 366 362 364 363 362 361 365 364 366 362 358 365 365 364 361 360 367 366 361 360 364 363 367 366 371 367 372 368 368 369 375 370 373 371 371 367 374 372 375 370 369 305 378 373 376 374 374 372 377 375 378 373 370 299 377 375 373 371 379 376 373 371 376 374 379 376 383 377 384 378 380 302 387 379 385 380 383 377 386 381 387 379 381 297 386 381 391 382 388 383 389 384 390 385 382 386 389 384 385 380 391 382 385 380 388 383 391 382 296 309 323 328 320 330 300 308 327 331 323 328 305 315 321 303 327 331 308 319 302 312 297 295 312 318 306 313 302 312 317 326 298 209 306 313 332 300 314 322 309 324 336 339 318 325 314 322 341 345 310 207 318 325 322 306 338 342 333 304 338 342 326 333 342 343 342 343 321 303 334 252 368 369 324 329 371 367 324 329 375 370 371 367 329 336 369 305 375 370 380 302 335 338 332 300 384 378 339 340 335 338 339 340 382 386 333 304 381 297 378 373 386 381 386 381 374 372 390 385 374 372 382 386 390 385 368 369 347 347 344 349 372 368 351 350 347 347 377 375 345 298 351 350 356 301 383 377 380 302 360 358 387 379 383 377 365 364 381 297 387 379 346 296 362 361 357 294 362 361 350 352 366 362 366 362 345 298 358 365 344 349 299 307 296 309 348 348 303 310 299 307 303 310 346 296 297 295 356 301 315 323 359 357 315 323 363 359 359 357 311 317 357 294 363 359 368 369 296 309 320 330 61 0 12 27 1 1 85 3 62 74 49 4 36 6 13 31 60 7 14 9 38 55 25 10 37 12 86 95 73 13 3 15 5 19 4 16 7 18 8 22 5 19 6 20 8 22 7 18 6 20 10 24 11 21 9 23 11 21 10 24 4 16 5 19 11 21 15 25 17 29 16 26 19 28 20 33 17 29 18 30 20 33 19 28 18 30 22 35 23 32 21 34 23 32 22 35 16 26 17 29 23 32 27 36 29 40 28 37 31 39 32 43 29 40 30 41 32 43 31 39 34 42 35 45 32 43 33 44 35 45 34 42 33 44 28 37 29 40 39 46 41 49 40 47 39 46 43 51 44 48 42 50 44 48 43 51 42 50 46 54 47 52 45 53 47 52 46 54 40 47 41 49 47 52 51 56 53 60 52 57 55 59 56 63 53 60 54 61 56 63 55 59 54 61 58 65 59 62 57 64 59 62 58 65 57 64 52 57 53 60 63 66 65 69 64 67 63 66 67 71 68 68 66 70 68 68 67 71 70 72 71 75 68 68 69 73 71 75 70 72 69 73 64 67 65 69 75 76 77 80 76 77 79 79 80 83 77 80 78 81 80 83 79 79 82 82 83 85 80 83 81 84 83 85 82 82 81 84 76 77 77 80 87 86 89 89 88 87 91 88 92 92 89 89 90 90 92 92 91 88 90 90 94 94 95 91 93 93 95 91 94 94 88 87 89 89 95 91 0 17 4 16 27 36 4 16 9 23 31 39 9 23 2 11 25 10 12 27 16 26 6 20 16 26 21 34 10 24 21 34 14 9 2 11 36 6 40 47 18 30 40 47 45 53 22 35 45 53 38 55 14 9 26 14 34 42 42 50 34 42 30 41 46 54 30 41 25 10 38 55 24 38 28 37 75 76 28 37 33 44 79 79 33 44 26 14 73 13 84 8 88 87 39 46 88 87 93 93 43 51 93 93 86 95 37 12 74 5 82 82 90 90 82 82 78 81 94 94 78 81 73 13 86 95 72 78 76 77 51 56 76 77 81 84 55 59 81 84 74 5 49 4 60 7 64 67 87 86 64 67 69 73 91 88 69 73 62 74 85 3 50 2 58 65 66 70 58 65 54 61 70 72 54 61 49 4 62 74 48 58 52 57 3 15 52 57 57 64 7 18 57 64 50 2 1 1 13 31 19 28 63 66 19 28 15 25 67 71 15 25 12 27 61 0 72 78 48 58 0 17 165 102 116 129 105 103 189 105 166 176 153 106 140 108 117 133 164 109 118 111 142 157 129 112 141 114 190 197 177 115 107 117 109 121 108 118 107 117 111 123 112 120 110 122 112 120 111 123 110 122 114 126 115 124 113 125 115 124 114 126 108 118 109 121 115 124 119 127 121 131 120 128 123 130 124 135 121 131 122 132 124 135 123 130 122 132 126 137 127 134 125 136 127 134 126 137 120 128 121 131 127 134 131 138 133 142 132 139 131 138 135 144 136 141 134 143 136 141 135 144 138 145 139 147 136 141 137 146 139 147 138 145 132 139 133 142 139 147 143 148 145 151 144 149 143 148 147 153 148 150 146 152 148 150 147 153 146 152 150 156 151 154 149 155 151 154 150 156 144 149 145 151 151 154 155 158 157 162 156 159 155 158 159 164 160 161 158 163 160 161 159 164 158 163 162 167 163 165 161 166 163 165 162 167 156 159 157 162 163 165 167 168 169 171 168 169 167 168 171 173 172 170 170 172 172 170 171 173 174 174 175 177 172 170 173 175 175 177 174 174 168 169 169 171 175 177 179 178 181 182 180 179 179 178 183 184 184 181 182 183 184 181 183 184 186 185 187 187 184 181 185 186 187 187 186 185 180 179 181 182 187 187 191 188 193 191 192 189 191 188 195 193 196 190 194 192 196 190 195 193 194 192 198 196 199 194 197 195 199 194 198 196 192 189 193 191 199 194 104 119 108 118 131 138 108 118 113 125 135 144 113 125 106 113 129 112 116 129 120 128 110 122 120 128 125 136 114 126 125 136 118 111 106 113 140 108 144 149 122 132 144 149 149 155 126 137 149 155 142 157 118 111 130 116 138 145 146 152 138 145 134 143 150 156 134 143 129 112 142 157 128 140 132 139 179 178 132 139 137 146 183 184 137 146 130 116 177 115 188 110 192 189 143 148 192 189 197 195 147 153 197 195 190 197 141 114 178 107 186 185 194 192 186 185 182 183 198 196 182 183 177 115 190 197 176 180 180 179 155 158 180 179 185 186 159 164 185 186 178 107 153 106 164 109 168 169 191 188 168 169 173 175 195 193 173 175 166 176 189 105 154 104 162 167 170 172 162 167 158 163 174 174 158 163 153 106 166 176 152 160 156 159 107 117 156 159 161 166 111 123 161 166 154 104 105 103 117 133 123 130 167 168 123 130 119 127 171 173 119 127 116 129 165 102 176 180 152 160 104 119 261 198 212 225 201 199 285 201 262 272 249 202 236 204 213 230 260 205 214 207 238 252 225 208 237 210 286 293 273 211 203 213 205 217 204 214 207 216 208 220 205 217 206 218 208 220 207 216 210 219 211 222 208 220 209 221 211 222 210 219 209 221 204 214 205 217 215 223 217 227 216 224 215 223 219 229 220 226 218 228 220 226 219 229 222 231 223 233 220 226 221 232 223 233 222 231 221 232 216 224 217 227 227 234 229 238 228 235 231 237 232 241 229 238 230 239 232 241 231 237 230 239 234 243 235 240 233 242 235 240 234 243 233 242 228 235 229 238 239 244 241 247 240 245 243 246 244 250 241 247 242 248 244 250 243 246 246 249 247 253 244 250 245 251 247 253 246 249 245 251 240 245 241 247 251 254 253 258 252 255 255 257 256 261 253 258 254 259 256 261 255 257 254 259 258 263 259 260 257 262 259 260 258 263 257 262 252 255 253 258 263 264 265 267 264 265 267 266 268 270 265 267 266 268 268 270 267 266 270 269 271 273 268 270 269 271 271 273 270 269 269 271 264 265 265 267 275 274 277 278 276 275 279 277 280 281 277 278 278 279 280 281 279 277 282 280 283 283 280 281 281 282 283 283 282 280 281 282 276 275 277 278 287 284 289 287 288 285 291 286 292 290 289 287 290 288 292 290 291 286 290 288 294 292 295 289 293 291 295 289 294 292 293 291 288 285 289 287 200 215 204 214 227 234 204 214 209 221 231 237 209 221 202 209 225 208 212 225 216 224 206 218 216 224 221 232 210 219 221 232 214 207 202 209 236 204 240 245 218 228 240 245 245 251 222 231 245 251 238 252 214 207 226 212 234 243 242 248 242 248 234 243 230 239 246 249 230 239 225 208 272 276 224 236 228 235 228 235 233 242 279 277 233 242 226 212 273 211 284 206 288 285 239 244 288 285 293 291 243 246 243 246 293 291 286 293 285 201 274 203 282 280 290 288 282 280 278 279 278 279 273 211 286 293 272 276 276 275 251 254 276 275 281 282 255 257 281 282 274 203 249 202 260 205 264 265 287 284 264 265 269 271 291 286 269 271 262 272 285 201 250 200 258 263 266 268 266 268 258 263 254 259 270 269 254 259 249 202 248 256 252 255 203 213 252 255 257 262 207 216 207 216 257 262 250 200 260 205 213 230 219 229 219 229 215 223 267 266 215 223 212 225 261 198 272 276 248 256 200 215 357 294 308 319 297 295 381 297 358 365 345 298 332 300 309 324 356 301 310 207 334 252 321 303 333 304 382 386 369 305 299 307 301 311 300 308 303 310 304 314 301 311 302 312 304 314 303 310 306 313 307 316 304 314 305 315 307 316 306 313 305 315 300 308 301 311 311 317 313 321 312 318 311 317 315 323 316 320 314 322 316 320 315 323 318 325 319 327 316 320 317 326 319 327 318 325 317 326 312 318 313 321 323 328 325 332 324 329 327 331 328 335 325 332 326 333 328 335 327 331 326 333 330 337 331 334 329 336 331 334 330 337 329 336 324 329 325 332 335 338 337 341 336 339 339 340 340 344 337 341 338 342 340 344 339 340 342 343 343 346 340 344 341 345 343 346 342 343 341 345 336 339 337 341 347 347 349 351 348 348 351 350 352 354 349 351 350 352 352 354 351 350 350 352 354 356 355 353 353 355 355 353 354 356 353 355 348 348 349 351 359 357 361 360 360 358 363 359 364 363 361 360 362 361 364 363 363 359 366 362 367 366 364 363 365 364 367 366 366 362 365 364 360 358 361 360 371 367 373 371 372 368 375 370 376 374 373 371 374 372 376 374 375 370 378 373 379 376 376 374 377 375 379 376 378 373 377 375 372 368 373 371 383 377 385 380 384 378 387 379 388 383 385 380 386 381 388 383 387 379 386 381 390 385 391 382 389 384 391 382 390 385 389 384 384 378 385 380 296 309 300 308 323 328 300 308 305 315 327 331 305 315 298 209 321 303 308 319 312 318 302 312 312 318 317 326 306 313 317 326 310 207 298 209 332 300 336 339 314 322 336 339 341 345 318 325 341 345 334 252 310 207 322 306 330 337 338 342 338 342 330 337 326 333 342 343 326 333 321 303 368 369 320 330 324 329 324 329 329 336 375 370 329 336 322 306 369 305 380 302 384 378 335 338 384 378 389 384 339 340 339 340 389 384 382 386 381 297 370 299 378 373 386 381 378 373 374 372 374 372 369 305 382 386 368 369 372 368 347 347 372 368 377 375 351 350 377 375 370 299 345 298 356 301 360 358 383 377 360 358 365 364 387 379 365 364 358 365 381 297 346 296 354 356 362 361 362 361 354 356 350 352 366 362 350 352 345 298 344 349 348 348 299 307 348 348 353 355 303 310 303 310 353 355 346 296 356 301 309 324 315 323 315 323 311 317 363 359 311 317 308 319 357 294 368 369 344 349 296 309</p>
        </triangles>
        <triangles material="rubber-material" count="104">
          <input semantic="VERTEX" source="#payload_box-mesh-vertices" offset="0"/>
          <input semantic="NORMAL" source="#payload_box-mesh-normals" offset="1"/>
          <p>97 96 98 96 96 96 99 97 102 97 98 97 103 98 100 98 102 98 101 99 96 99 100 99 102 100 96 100 98 100 99 101 101 101 103 101 393 387 400 388 392 389 394 390 401 391 393 392 395 393 402 394 394 395 396 396 403 397 395 398 396 399 405 400 404 401 397 402 406 403 405 404 398 405 407 406 406 407 399 408 400 409 407 410 401 411 408 412 400 413 402 414 409 415 401 391 403 416 410 417 402 394 404 418 411 419 403 420 404 421 413 422 412 423 405 404 414 424 413 425 406 407 415 426 414 427 407 428 408 429 415 430 408 431 417 432 416 433 410 434 417 435 409 415 411 436 418 437 410 417 411 419 420 438 419 439 413 422 420 440 412 423 414 424 421 441 413 425 415 426 422 442 414 427 408 443 423 444 415 443 416 445 425 446 424 447 417 435 426 448 425 449 418 437 427 450 426 451 419 439 428 452 427 453 421 454 428 455 420 440 422 456 429 457 421 441 423 458 430 459 422 442 416 460 431 461 423 462 424 463 433 464 432 465 425 449 434 466 433 467 426 451 435 468 434 469 427 470 436 471 435 472 429 473 436 474 428 475 430 476 437 477 429 457 431 478 438 479 430 459 424 480 439 481 431 482 395 100 394 100 393 100 432 483 434 100 436 483 97 96 99 96 98 96 99 97 103 97 102 97 103 98 101 98 100 98 101 99 97 99 96 99 102 100 100 100 96 100 99 101 97 101 101 101 393 387 401 949 400 388 394 390 402 414 401 391 395 393 403 416 402 394 396 396 404 950 403 397 396 399 397 951 405 400 397 402 398 952 406 403 398 405 399 953 407 406 399 408 392 954 400 409 401 411 409 955 408 412 402 414 410 434 409 415 403 416 411 436 410 417 404 418 412 956 411 419 404 421 405 957 413 422 405 404 406 403 414 424 406 407 407 406 415 426 407 428 400 958 408 429 408 431 409 431 417 432 410 434 418 959 417 435 411 436 419 960 418 437 411 419 412 956 420 438 413 422 421 454 420 440 414 424 422 456 421 441 415 426 423 458 422 442 408 443 416 961 423 444 416 445 417 962 425 446 417 435 418 959 426 448 418 437 419 960 427 450 419 439 420 438 428 452 421 454 429 963 428 455 422 456 430 476 429 457 423 458 431 478 430 459 416 460 424 964 431 461 424 463 425 965 433 464 425 449 426 448 434 466 426 451 427 450 435 468 427 470 428 966 436 471 429 473 437 967 436 474 430 476 438 968 437 477 431 478 439 969 438 479 424 480 432 970 439 481 393 100 392 100 397 100 392 100 399 100 397 100 399 100 398 100 397 100 397 100 396 100 393 100 396 100 395 100 393 100 438 971 439 100 432 483 432 483 433 100 434 100 434 100 435 100 436 483 436 483 437 100 438 971 438 971 432 483 436 483</p>
        </triangles>
        <triangles material="gunmetal-material" count="884">
          <input semantic="VERTEX" source="#payload_box-mesh-vertices" offset="0"/>
          <input semantic="NORMAL" source="#payload_box-mesh-normals" offset="1"/>
          <p>441 484 442 485 440 486 443 487 444 488 442 485 445 489 446 490 444 488 447 491 448 492 446 490 449 493 450 494 448 492 451 495 452 496 450 494 453 497 454 498 452 496 455 499 456 500 454 498 456 500 459 501 458 502 459 501 460 503 458 502 449 504 445 505 461 506 461 507 462 508 460 503 463 509 440 486 462 508 446 97 454 97 462 510 465 511 466 512 464 513 467 514 468 515 466 512 469 516 470 517 468 515 471 518 472 519 470 517 473 520 474 521 472 519 475 522 476 496 474 521 477 497 478 523 476 496 479 524 480 525 478 523 481 526 482 527 480 525 482 527 485 528 484 529 473 530 469 99 485 531 485 528 486 532 484 529 487 533 464 513 486 532 470 534 478 535 486 536 549 537 489 538 538 539 573 540 537 541 562 542 524 543 548 544 572 545 502 546 513 547 490 548 525 549 561 550 514 551 491 552 492 553 488 554 491 552 496 555 493 556 494 557 495 558 489 538 498 559 496 555 494 557 497 560 498 559 490 548 497 560 493 556 499 561 493 556 496 555 499 561 503 562 504 563 500 564 503 562 508 565 505 566 506 567 507 568 501 569 510 570 508 565 506 567 509 571 510 570 502 546 509 571 505 566 511 572 505 566 508 565 511 572 515 573 516 574 512 575 519 576 517 577 515 573 518 578 519 576 513 547 518 578 523 579 520 580 521 581 522 582 514 551 516 574 523 579 521 581 517 577 520 580 523 579 527 583 528 584 524 543 531 585 529 586 527 583 530 587 531 585 525 549 534 588 532 589 530 587 533 590 534 588 526 591 533 590 529 586 535 592 529 586 532 589 535 592 539 593 540 594 536 595 539 593 544 596 541 597 542 598 543 599 537 541 546 600 544 596 542 598 545 601 546 600 538 539 540 594 547 602 545 601 541 597 544 596 547 602 551 603 552 604 548 544 555 605 553 606 551 603 554 607 555 605 549 537 554 607 559 608 556 609 557 610 558 611 550 612 557 610 553 606 559 608 553 606 556 609 559 608 563 613 564 614 560 615 563 613 568 616 565 617 566 618 567 619 561 550 566 618 571 620 568 616 569 621 570 622 562 542 564 614 571 620 569 621 565 617 568 616 571 620 575 623 576 624 572 545 579 625 577 626 575 623 578 627 579 625 573 540 582 628 580 629 578 627 581 630 582 628 574 631 581 630 577 626 583 632 577 626 580 629 583 632 488 554 515 573 512 575 492 553 519 576 515 573 497 560 513 547 519 576 500 564 494 557 489 538 504 563 498 559 494 557 509 571 490 548 498 559 524 543 506 567 501 569 528 584 510 570 506 567 533 590 502 546 510 570 514 551 530 587 525 549 522 582 534 588 530 587 518 578 526 591 534 588 512 575 563 613 560 615 516 574 567 619 563 613 521 581 561 550 567 619 572 545 527 583 524 543 576 624 531 585 527 583 581 630 525 549 531 585 562 542 578 627 573 540 570 622 582 628 578 627 566 618 574 631 582 628 560 615 539 593 536 595 564 614 543 599 539 593 569 621 537 541 543 599 548 544 575 623 572 545 552 604 579 625 575 623 557 610 573 540 579 625 538 539 554 607 549 537 546 600 558 611 554 607 542 598 550 612 558 611 536 595 491 552 488 554 540 594 495 558 491 552 545 601 489 538 495 558 501 569 551 603 548 544 507 568 555 605 551 603 503 562 549 537 555 605 560 615 488 554 512 575 645 537 585 633 634 634 669 635 633 636 658 637 620 638 644 639 668 640 598 641 609 642 586 643 621 644 657 645 610 646 587 647 588 648 584 649 587 647 592 650 589 651 590 652 591 653 585 633 594 654 592 650 590 652 593 655 594 654 586 643 593 655 589 651 595 656 589 651 592 650 595 656 599 657 600 658 596 659 599 657 604 660 601 661 602 662 603 663 597 664 606 665 604 660 602 662 605 666 606 665 598 641 605 666 601 661 607 667 601 661 604 660 607 667 611 668 612 669 608 670 615 671 613 672 611 668 614 673 615 671 609 642 614 673 619 674 616 675 617 676 618 677 610 646 612 669 619 674 617 676 613 672 616 675 619 674 623 678 624 679 620 638 627 680 625 681 623 678 626 682 627 680 621 644 630 683 628 684 626 682 629 685 630 683 622 686 629 685 625 681 631 687 625 681 628 684 631 687 635 688 636 689 632 690 635 688 640 691 637 692 638 693 639 694 633 636 642 695 640 691 638 693 641 696 642 695 634 634 636 689 643 697 641 696 637 692 640 691 643 697 647 698 648 699 644 639 651 700 649 701 647 698 650 702 651 700 645 537 650 702 655 703 652 704 653 705 654 706 646 707 653 705 649 701 655 703 649 701 652 704 655 703 659 708 660 709 656 710 659 708 664 711 661 712 662 713 663 714 657 645 662 713 667 715 664 711 665 716 666 717 658 637 660 709 667 715 665 716 661 712 664 711 667 715 671 718 672 719 668 640 675 720 673 721 671 718 674 722 675 720 669 635 678 723 676 724 674 722 677 725 678 723 670 726 677 725 673 721 679 727 673 721 676 724 679 727 584 649 611 668 608 670 588 648 615 671 611 668 593 655 609 642 615 671 596 659 590 652 585 633 600 658 594 654 590 652 605 666 586 643 594 654 620 638 602 662 597 664 624 679 606 665 602 662 629 685 598 641 606 665 610 646 626 682 621 644 618 677 630 683 626 682 614 673 622 686 630 683 608 670 659 708 656 710 612 669 663 714 659 708 617 676 657 645 663 714 668 640 623 678 620 638 672 719 627 680 623 678 677 725 621 644 627 680 658 637 674 722 669 635 666 717 678 723 674 722 662 713 670 726 678 723 656 710 635 688 632 690 660 709 639 694 635 688 665 716 633 636 639 694 644 639 671 718 668 640 648 699 675 720 671 718 653 705 669 635 675 720 634 634 650 702 645 537 642 695 654 706 650 702 638 693 646 707 654 706 632 690 587 647 584 649 636 689 591 653 587 647 641 696 585 633 591 653 597 664 647 698 644 639 603 663 651 700 647 698 599 657 645 537 651 700 656 710 584 649 608 670 741 728 681 729 730 730 765 731 729 732 754 733 716 734 740 735 764 736 694 737 705 738 682 739 717 740 753 741 706 742 683 743 684 744 680 745 683 743 688 746 685 747 686 748 687 749 681 729 690 750 688 746 686 748 689 751 690 750 682 739 684 744 691 752 689 751 685 747 688 746 691 752 695 753 696 754 692 755 695 753 700 756 697 757 698 758 699 759 693 760 702 761 700 756 698 758 701 762 702 761 694 737 696 754 703 763 701 762 697 757 700 756 703 763 707 764 708 765 704 766 707 764 712 767 709 768 710 769 711 770 705 738 714 771 712 767 710 769 713 772 714 771 706 742 708 765 715 773 713 772 709 768 712 767 715 773 719 774 720 775 716 734 723 776 721 777 719 774 722 778 723 776 717 740 726 779 724 780 722 778 725 781 726 779 718 782 725 781 721 777 727 783 721 777 724 780 727 783 731 784 732 785 728 786 731 784 736 787 733 788 734 789 735 790 729 732 738 791 736 787 734 789 737 792 738 791 730 730 732 785 739 793 737 792 733 788 736 787 739 793 743 794 744 795 740 735 747 796 745 797 743 794 746 798 747 796 741 728 750 799 748 800 746 798 749 801 750 799 742 802 749 801 745 797 751 803 745 797 748 800 751 803 755 804 756 805 752 806 755 804 760 807 757 808 758 809 759 810 753 741 762 811 760 807 758 809 761 812 762 811 754 733 756 805 763 813 761 812 757 808 760 807 763 813 767 814 768 815 764 736 771 816 769 817 767 814 770 818 771 816 765 731 774 819 772 820 770 818 773 821 774 819 766 822 773 821 769 817 775 823 769 817 772 820 775 823 680 745 707 764 704 766 684 744 711 770 707 764 689 751 705 738 711 770 692 755 686 748 681 729 696 754 690 750 686 748 701 762 682 739 690 750 716 734 698 758 693 760 720 775 702 761 698 758 725 781 694 737 702 761 706 742 722 778 717 740 714 771 726 779 722 778 710 769 718 782 726 779 704 766 755 804 752 806 708 765 759 810 755 804 713 772 753 741 759 810 764 736 719 774 716 734 768 815 723 776 719 774 773 821 717 740 723 776 754 733 770 818 765 731 762 811 774 819 770 818 758 809 766 822 774 819 752 806 731 784 728 786 756 805 735 790 731 784 761 812 729 732 735 790 740 735 767 814 764 736 744 795 771 816 767 814 749 801 765 731 771 816 730 730 746 798 741 728 738 791 750 799 746 798 734 789 742 802 750 799 728 786 683 743 680 745 732 785 687 749 683 743 737 792 681 729 687 749 693 760 743 794 740 735 699 759 747 796 743 794 695 753 741 728 747 796 752 806 680 745 704 766 845 824 785 825 834 826 869 827 833 828 858 829 820 830 844 831 868 832 798 833 809 834 786 835 821 836 857 837 810 838 787 839 788 840 784 841 787 839 792 842 789 843 790 844 791 845 785 825 794 846 792 842 790 844 793 847 794 846 786 835 788 840 795 848 793 847 789 843 792 842 795 848 799 849 800 850 796 851 799 849 804 852 801 853 802 854 803 855 797 856 806 857 804 852 802 854 805 858 806 857 798 833 800 850 807 859 805 858 801 853 804 852 807 859 811 860 812 861 808 862 811 860 816 863 813 864 814 865 815 866 809 834 818 867 816 863 814 865 817 868 818 867 810 838 812 861 819 869 817 868 813 864 816 863 819 869 823 870 824 871 820 830 827 872 825 873 823 870 826 874 827 872 821 836 830 875 828 876 826 874 829 877 830 875 822 878 829 877 825 873 831 879 825 873 828 876 831 879 835 880 836 881 832 882 835 880 840 883 837 884 838 885 839 886 833 828 842 887 840 883 838 885 841 888 842 887 834 826 836 881 843 889 841 888 837 884 840 883 843 889 847 890 848 891 844 831 851 892 849 893 847 890 850 894 851 892 845 824 854 895 852 896 850 894 853 897 854 895 846 898 853 897 849 893 855 899 849 893 852 896 855 899 859 900 860 901 856 902 859 900 864 903 861 904 862 905 863 906 857 837 866 907 864 903 862 905 865 908 866 907 858 829 860 901 867 909 865 908 861 904 864 903 867 909 871 910 872 911 868 832 875 912 873 913 871 910 874 914 875 912 869 827 878 915 876 916 874 914 877 917 878 915 870 918 877 917 873 913 879 919 873 913 876 916 879 919 784 841 811 860 808 862 788 840 815 866 811 860 793 847 809 834 815 866 796 851 790 844 785 825 800 850 794 846 790 844 805 858 786 835 794 846 820 830 802 854 797 856 824 871 806 857 802 854 829 877 798 833 806 857 810 838 826 874 821 836 818 867 830 875 826 874 814 865 822 878 830 875 808 862 859 900 856 902 812 861 863 906 859 900 817 868 857 837 863 906 868 832 823 870 820 830 872 911 827 872 823 870 877 917 821 836 827 872 858 829 874 914 869 827 866 907 878 915 874 914 862 905 870 918 878 915 856 902 835 880 832 882 860 901 839 886 835 880 865 908 833 828 839 886 844 831 871 910 868 832 848 891 875 912 871 910 853 897 869 827 875 912 834 826 850 894 845 824 842 887 854 895 850 894 838 885 846 898 854 895 832 882 787 839 784 841 836 881 791 845 787 839 841 888 785 825 791 845 797 856 847 890 844 831 803 855 851 892 847 890 799 849 845 824 851 892 856 902 784 841 808 862 889 920 890 921 888 922 891 923 892 924 890 921 893 925 894 926 892 924 895 927 896 928 894 926 897 929 898 930 896 928 899 931 900 932 898 930 901 933 902 934 900 932 903 935 904 936 902 934 905 937 906 938 904 936 907 939 908 940 906 938 901 941 897 101 893 942 909 943 910 944 908 940 911 945 888 922 910 944 906 946 910 947 894 948 441 484 443 487 442 485 443 487 445 489 444 488 445 489 447 491 446 490 447 491 449 493 448 492 449 493 451 495 450 494 451 495 453 497 452 496 453 497 455 499 454 498 455 499 457 972 456 500 456 500 457 972 459 501 459 501 461 507 460 503 445 505 443 973 441 974 441 974 463 975 461 506 461 506 459 976 457 977 457 977 455 99 453 978 453 978 451 979 449 504 449 504 447 980 445 505 445 505 441 974 461 506 461 506 457 977 453 978 453 978 449 504 461 506 461 507 463 509 462 508 463 509 441 484 440 486 462 510 440 97 442 97 442 97 444 97 462 510 444 97 446 97 462 510 446 97 448 97 454 97 448 97 450 97 454 97 450 97 452 97 454 97 454 97 456 97 462 510 456 97 458 981 462 510 458 981 460 982 462 510 465 511 467 514 466 512 467 514 469 516 468 515 469 516 471 518 470 517 471 518 473 520 472 519 473 520 475 522 474 521 475 522 477 497 476 496 477 497 479 524 478 523 479 524 481 526 480 525 481 526 483 502 482 527 482 527 483 502 485 528 469 99 467 99 465 983 465 983 487 984 485 531 485 531 483 99 481 99 481 99 479 99 477 985 477 985 475 986 473 530 473 530 471 99 469 99 469 99 465 983 485 531 485 531 481 99 477 985 477 985 473 530 485 531 485 528 487 533 486 532 487 533 465 511 464 513 486 536 464 97 466 97 466 97 468 987 486 536 468 987 470 534 486 536 470 534 472 97 478 535 472 97 474 97 478 535 474 97 476 97 478 535 478 535 480 988 486 536 480 988 482 989 486 536 482 989 484 990 486 536 549 537 500 564 489 538 573 540 550 612 537 541 524 543 501 569 548 544 502 546 526 591 513 547 525 549 574 631 561 550 491 552 493 556 492 553 491 552 495 558 496 555 494 557 496 555 495 558 498 559 499 561 496 555 497 560 499 561 498 559 497 560 492 553 493 556 503 562 505 566 504 563 503 562 507 568 508 565 506 567 508 565 507 568 510 570 511 572 508 565 509 571 511 572 510 570 509 571 504 563 505 566 515 573 517 577 516 574 519 576 520 580 517 577 518 578 520 580 519 576 518 578 522 582 523 579 521 581 523 579 522 582 516 574 517 577 523 579 527 583 529 586 528 584 531 585 532 589 529 586 530 587 532 589 531 585 534 588 535 592 532 589 533 590 535 592 534 588 533 590 528 584 529 586 539 593 541 597 540 594 539 593 543 599 544 596 542 598 544 596 543 599 546 600 547 602 544 596 545 601 547 602 546 600 540 594 541 597 547 602 551 603 553 606 552 604 555 605 556 609 553 606 554 607 556 609 555 605 554 607 558 611 559 608 557 610 559 608 558 611 557 610 552 604 553 606 563 613 565 617 564 614 563 613 567 619 568 616 566 618 568 616 567 619 566 618 570 622 571 620 569 621 571 620 570 622 564 614 565 617 571 620 575 623 577 626 576 624 579 625 580 629 577 626 578 627 580 629 579 625 582 628 583 632 580 629 581 630 583 632 582 628 581 630 576 624 577 626 488 554 492 553 515 573 492 553 497 560 519 576 497 560 490 548 513 547 500 564 504 563 494 557 504 563 509 571 498 559 509 571 502 546 490 548 524 543 528 584 506 567 528 584 533 590 510 570 533 590 526 591 502 546 514 551 522 582 530 587 522 582 518 578 534 588 518 578 513 547 526 591 512 575 516 574 563 613 516 574 521 581 567 619 521 581 514 551 561 550 572 545 576 624 527 583 576 624 581 630 531 585 581 630 574 631 525 549 562 542 570 622 578 627 570 622 566 618 582 628 566 618 561 550 574 631 560 615 564 614 539 593 564 614 569 621 543 599 569 621 562 542 537 541 548 544 552 604 575 623 552 604 557 610 579 625 557 610 550 612 573 540 538 539 546 600 554 607 546 600 542 598 558 611 542 598 537 541 550 612 536 595 540 594 491 552 540 594 545 601 495 558 545 601 538 539 489 538 501 569 507 568 551 603 507 568 503 562 555 605 503 562 500 564 549 537 560 615 536 595 488 554 645 537 596 659 585 633 669 635 646 707 633 636 620 638 597 664 644 639 598 641 622 686 609 642 621 644 670 726 657 645 587 647 589 651 588 648 587 647 591 653 592 650 590 652 592 650 591 653 594 654 595 656 592 650 593 655 595 656 594 654 593 655 588 648 589 651 599 657 601 661 600 658 599 657 603 663 604 660 602 662 604 660 603 663 606 665 607 667 604 660 605 666 607 667 606 665 605 666 600 658 601 661 611 668 613 672 612 669 615 671 616 675 613 672 614 673 616 675 615 671 614 673 618 677 619 674 617 676 619 674 618 677 612 669 613 672 619 674 623 678 625 681 624 679 627 680 628 684 625 681 626 682 628 684 627 680 630 683 631 687 628 684 629 685 631 687 630 683 629 685 624 679 625 681 635 688 637 692 636 689 635 688 639 694 640 691 638 693 640 691 639 694 642 695 643 697 640 691 641 696 643 697 642 695 636 689 637 692 643 697 647 698 649 701 648 699 651 700 652 704 649 701 650 702 652 704 651 700 650 702 654 706 655 703 653 705 655 703 654 706 653 705 648 699 649 701 659 708 661 712 660 709 659 708 663 714 664 711 662 713 664 711 663 714 662 713 666 717 667 715 665 716 667 715 666 717 660 709 661 712 667 715 671 718 673 721 672 719 675 720 676 724 673 721 674 722 676 724 675 720 678 723 679 727 676 724 677 725 679 727 678 723 677 725 672 719 673 721 584 649 588 648 611 668 588 648 593 655 615 671 593 655 586 643 609 642 596 659 600 658 590 652 600 658 605 666 594 654 605 666 598 641 586 643 620 638 624 679 602 662 624 679 629 685 606 665 629 685 622 686 598 641 610 646 618 677 626 682 618 677 614 673 630 683 614 673 609 642 622 686 608 670 612 669 659 708 612 669 617 676 663 714 617 676 610 646 657 645 668 640 672 719 623 678 672 719 677 725 627 680 677 725 670 726 621 644 658 637 666 717 674 722 666 717 662 713 678 723 662 713 657 645 670 726 656 710 660 709 635 688 660 709 665 716 639 694 665 716 658 637 633 636 644 639 648 699 671 718 648 699 653 705 675 720 653 705 646 707 669 635 634 634 642 695 650 702 642 695 638 693 654 706 638 693 633 636 646 707 632 690 636 689 587 647 636 689 641 696 591 653 641 696 634 634 585 633 597 664 603 663 647 698 603 663 599 657 651 700 599 657 596 659 645 537 656 710 632 690 584 649 741 728 692 755 681 729 765 731 742 802 729 732 716 734 693 760 740 735 694 737 718 782 705 738 717 740 766 822 753 741 683 743 685 747 684 744 683 743 687 749 688 746 686 748 688 746 687 749 690 750 691 752 688 746 689 751 691 752 690 750 684 744 685 747 691 752 695 753 697 757 696 754 695 753 699 759 700 756 698 758 700 756 699 759 702 761 703 763 700 756 701 762 703 763 702 761 696 754 697 757 703 763 707 764 709 768 708 765 707 764 711 770 712 767 710 769 712 767 711 770 714 771 715 773 712 767 713 772 715 773 714 771 708 765 709 768 715 773 719 774 721 777 720 775 723 776 724 780 721 777 722 778 724 780 723 776 726 779 727 783 724 780 725 781 727 783 726 779 725 781 720 775 721 777 731 784 733 788 732 785 731 784 735 790 736 787 734 789 736 787 735 790 738 791 739 793 736 787 737 792 739 793 738 791 732 785 733 788 739 793 743 794 745 797 744 795 747 796 748 800 745 797 746 798 748 800 747 796 750 799 751 803 748 800 749 801 751 803 750 799 749 801 744 795 745 797 755 804 757 808 756 805 755 804 759 810 760 807 758 809 760 807 759 810 762 811 763 813 760 807 761 812 763 813 762 811 756 805 757 808 763 813 767 814 769 817 768 815 771 816 772 820 769 817 770 818 772 820 771 816 774 819 775 823 772 820 773 821 775 823 774 819 773 821 768 815 769 817 680 745 684 744 707 764 684 744 689 751 711 770 689 751 682 739 705 738 692 755 696 754 686 748 696 754 701 762 690 750 701 762 694 737 682 739 716 734 720 775 698 758 720 775 725 781 702 761 725 781 718 782 694 737 706 742 714 771 722 778 714 771 710 769 726 779 710 769 705 738 718 782 704 766 708 765 755 804 708 765 713 772 759 810 713 772 706 742 753 741 764 736 768 815 719 774 768 815 773 821 723 776 773 821 766 822 717 740 754 733 762 811 770 818 762 811 758 809 774 819 758 809 753 741 766 822 752 806 756 805 731 784 756 805 761 812 735 790 761 812 754 733 729 732 740 735 744 795 767 814 744 795 749 801 771 816 749 801 742 802 765 731 730 730 738 791 746 798 738 791 734 789 750 799 734 789 729 732 742 802 728 786 732 785 683 743 732 785 737 792 687 749 737 792 730 730 681 729 693 760 699 759 743 794 699 759 695 753 747 796 695 753 692 755 741 728 752 806 728 786 680 745 845 824 796 851 785 825 869 827 846 898 833 828 820 830 797 856 844 831 798 833 822 878 809 834 821 836 870 918 857 837 787 839 789 843 788 840 787 839 791 845 792 842 790 844 792 842 791 845 794 846 795 848 792 842 793 847 795 848 794 846 788 840 789 843 795 848 799 849 801 853 800 850 799 849 803 855 804 852 802 854 804 852 803 855 806 857 807 859 804 852 805 858 807 859 806 857 800 850 801 853 807 859 811 860 813 864 812 861 811 860 815 866 816 863 814 865 816 863 815 866 818 867 819 869 816 863 817 868 819 869 818 867 812 861 813 864 819 869 823 870 825 873 824 871 827 872 828 876 825 873 826 874 828 876 827 872 830 875 831 879 828 876 829 877 831 879 830 875 829 877 824 871 825 873 835 880 837 884 836 881 835 880 839 886 840 883 838 885 840 883 839 886 842 887 843 889 840 883 841 888 843 889 842 887 836 881 837 884 843 889 847 890 849 893 848 891 851 892 852 896 849 893 850 894 852 896 851 892 854 895 855 899 852 896 853 897 855 899 854 895 853 897 848 891 849 893 859 900 861 904 860 901 859 900 863 906 864 903 862 905 864 903 863 906 866 907 867 909 864 903 865 908 867 909 866 907 860 901 861 904 867 909 871 910 873 913 872 911 875 912 876 916 873 913 874 914 876 916 875 912 878 915 879 919 876 916 877 917 879 919 878 915 877 917 872 911 873 913 784 841 788 840 811 860 788 840 793 847 815 866 793 847 786 835 809 834 796 851 800 850 790 844 800 850 805 858 794 846 805 858 798 833 786 835 820 830 824 871 802 854 824 871 829 877 806 857 829 877 822 878 798 833 810 838 818 867 826 874 818 867 814 865 830 875 814 865 809 834 822 878 808 862 812 861 859 900 812 861 817 868 863 906 817 868 810 838 857 837 868 832 872 911 823 870 872 911 877 917 827 872 877 917 870 918 821 836 858 829 866 907 874 914 866 907 862 905 878 915 862 905 857 837 870 918 856 902 860 901 835 880 860 901 865 908 839 886 865 908 858 829 833 828 844 831 848 891 871 910 848 891 853 897 875 912 853 897 846 898 869 827 834 826 842 887 850 894 842 887 838 885 854 895 838 885 833 828 846 898 832 882 836 881 787 839 836 881 841 888 791 845 841 888 834 826 785 825 797 856 803 855 847 890 803 855 799 849 851 892 799 849 796 851 845 824 856 902 832 882 784 841 889 920 891 923 890 921 891 923 893 925 892 924 893 925 895 927 894 926 895 927 897 929 896 928 897 929 899 931 898 930 899 931 901 933 900 932 901 933 903 935 902 934 903 935 905 937 904 936 905 937 907 939 906 938 907 939 909 943 908 940 893 942 891 991 889 992 889 992 911 101 909 101 909 101 907 101 901 941 907 101 905 993 901 941 905 993 903 994 901 941 901 941 899 101 897 101 897 101 895 101 893 942 893 942 889 992 901 941 889 992 909 101 901 941 909 943 911 945 910 944 911 945 889 920 888 922 910 947 888 100 894 948 888 100 890 995 894 948 890 995 892 996 894 948 894 948 896 997 898 998 898 998 900 100 894 948 900 100 902 999 894 948 902 999 904 1000 906 946 906 946 908 1001 910 947 902 999 906 946 894 948</p>
        </triangles>
        <triangles material="label-material" count="24">
          <input semantic="VERTEX" source="#payload_box-mesh-vertices" offset="0"/>
          <input semantic="NORMAL" source="#payload_box-mesh-normals" offset="1"/>
          <p>777 96 778 96 776 96 779 97 782 97 778 97 783 98 780 98 782 98 781 99 776 99 780 99 782 100 776 100 778 100 779 101 781 101 783 101 881 96 882 96 880 96 883 97 886 97 882 97 887 98 884 98 886 98 885 99 880 99 884 99 886 100 880 100 882 100 883 101 885 101 887 101 777 96 779 96 778 96 779 97 783 97 782 97 783 98 781 98 780 98 781 99 777 99 776 99 782 100 780 100 776 100 779 101 777 101 781 101 881 96 883 96 882 96 883 97 887 97 886 97 887 98 885 98 884 98 885 99 881 99 880 99 886 100 884 100 880 100 883 101 881 101 885 101</p>
        </triangles>
      </mesh>
    </geometry>
  </library_geometries>
  <library_visual_scenes>
    <visual_scene id="Scene" name="Scene">
      <node id="payload_box" name="payload_box" type="NODE">
        <matrix sid="transform">1 0 0 0 0 1 0 0 0 0 1 0 0 0 0 1</matrix>
        <instance_geometry url="#payload_box-mesh" name="payload_box">
          <bind_material>
            <technique_common>
              <instance_material symbol="orange-material" target="#orange-material"/>
              <instance_material symbol="rubber-material" target="#rubber-material"/>
              <instance_material symbol="gunmetal-material" target="#gunmetal-material"/>
              <instance_material symbol="label-material" target="#label-material"/>
            </technique_common>
          </bind_material>
        </instance_geometry>
      </node>
    </visual_scene>
  </library_visual_scenes>
  <scene>
    <instance_visual_scene url="#Scene"/>
  </scene>
</COLLADA>