<?xml version="1.0" encoding="utf-8"?>
<COLLADA xmlns="http://www.collada.org/2005/11/COLLADASchema" version="1.4.1" xmlns:xsi="http://www.w3.org/2001/XMLSchema-instance">
  <asset>
    <contributor>
      <author>Blender User</author>
      <authoring_tool>Blender 4.2.0 commit date:2024-07-16, commit time:07:50, hash:bf738fd35afe</authoring_tool>
    </contributor>
    <created>2026-09-25T15:10:48</created>
    <modified>2026-09-25T15:10:48</modified>
    <unit name="meter" meter="1"/>
    <up_axis>Z_UP</up_axis>
  </asset>
  <library_effects>
    <effect id="rubber-effect">
      <profile_COMMON>
        <technique sid="common">
          <lambert>
            <emission>
              <color sid="emission">0 0 0 1</color>
            </emission>
            <diffuse>
              <color sid="diffuse">0.012 0.012 0.012 1</color>
            </diffuse>
            <index_of_refraction>
              <float sid="ior">1.5</float>
            </index_of_refraction>
          </lambert>
        </technique>
      </profile_COMMON>
    </effect>
  </library_effects>
  <library_images/>
  <library_materials>
    <material id="rubber-material" name="rubber">
      <instance_effect url="#rubber-effect"/>
    </material>
  </library_materials>
  <library_geometries>
    <geometry id="skirt-mesh" name="skirt">
      <mesh>
        <source id="skirt-mesh-positions">
          <float_array id="skirt-mesh-positions-array" count="7920">1.25 -0.36 0 1.241087 -0.36 0.0390495 1.216114 -0.36 0.07036483 1.180027 -0.36 0.08774346 1.139973 -0.36 0.08774346 1.103886 -0.36 0.07036483 1.078913 -0.36 0.0390495 1.07 -0.36 0 1.078913 -0.36 -0.0390495 1.103886 -0.36 -0.07036483 1.139973 -0.36 -0.08774346 1.180027 -0.36 -0.08774346 1.216114 -0.36 -0.07036483 1.241087 -0.36 -0.0390495 1.25 -0.3 0 1.241087 -0.3 0.0390495 1.216114 -0.3 0.07036483 1.180027 -0.3 0.08774346 1.139973 -0.3 0.08774346 1.103886 -0.3 0.07036483 1.078913 -0.3 0.0390495 1.07 -0.3 0 1.078913 -0.3 -0.0390495 1.103886 -0.3 -0.07036483 1.139973 -0.3 -0.08774346 1.180027 -0.3 -0.08774346 1.216114 -0.3 -0.07036483 1.241087 -0.3 -0.0390495 1.25 -0.24 0 1.241087 -0.24 0.0390495 1.216114 -0.24 0.07036483 1.180027 -0.24 0.08774346 1.139973 -0.24 0.08774346 1.103886 -0.24 0.07036483 1.078913 -0.24 0.0390495 1.07 -0.24 0 1.078913 -0.24 -0.0390495 1.103886 -0.24 -0.07036483 1.139973 -0.24 -0.08774346 1.180027 -0.24 -0.08774346 1.216114 -0.24 -0.07036483 1.241087 -0.24 -0.0390495 1.25 -0.18 0 1.241087 -0.18 0.0390495 1.216114 -0.18 0.07036483 1.180027 -0.18 0.08774346 1.139973 -0.18 0.08774346 1.103886 -0.18 0.07036483 1.078913 -0.18 0.0390495 1.07 -0.18 0 1.078913 -0.18 -0.0390495 1.103886 -0.18 -0.07036483 1.139973 -0.18 -0.08774346 1.180027 -0.18 -0.08774346 1.216114 -0.18 -0.07036483 1.241087 -0.18 -0.0390495 1.25 -0.12 0 1.241087 -0.12 0.0390495 1.216114 -0.12 0.07036483 1.180027 -0.12 0.08774346 1.139973 -0.12 0.08774346 1.103886 -0.12 0.07036483 1.078913 -0.12 0.0390495 1.07 -0.12 0 1.078913 -0.12 -0.0390495 1.103886 -0.12 -0.07036483 1.139973 -0.12 -0.08774346 1.180027 -0.12 -0.08774346 1.216114 -0.12 -0.07036483 1.241087 -0.12 -0.0390495 1.25 -0.06 0 1.241087 -0.06 0.0390495 1.216114 -0.06 0.07036483 1.180027 -0.06 0.08774346 1.139973 -0.06 0.08774346 1.103886 -0.06 0.07036483 1.078913 -0.06 0.0390495 1.07 -0.06 0 1.078913 -0.06 -0.0390495 1.103886 -0.06 -0.07036483 1.139973 -0.06 -0.08774346 1.180027 -0.06 -0.08774346 1.216114 -0.06 -0.07036483 1.241087 -0.06 -0.0390495 1.25 0 0 1.241087 0 0.0390495 1.216114 0 0.07036483 1.180027 0 0.08774346 1.139973 0 0.08774346 1.103886 0 0.07036483 1.078913 0 0.0390495 1.07 0 0 1.078913 0 -0.0390495 1.103886 0 -0.07036483 1.139973 0 -0.08774346 1.180027 0 -0.08774346 1.216114 0 -0.07036483 1.241087 0 -0.0390495 1.25 0.06 0 1.241087 0.06 0.0390495 1.216114 0.06 0.07036483 1.180027 0.06 0.08774346 1.139973 0.06 0.08774346 1.103886 0.06 0.07036483 1.078913 0.06 0.0390495 1.07 0.06 0 1.078913 0.06 -0.0390495 1.103886 0.06 -0.07036483 1.139973 0.06 -0.08774346 1.180027 0.06 -0.08774346 1.216114 0.06 -0.07036483 1.241087 0.06 -0.0390495 1.25 0.12 0 1.241087 0.12 0.0390495 1.216114 0.12 0.07036483 1.180027 0.12 0.08774346 1.139973 0.12 0.08774346 1.103886 0.12 0.07036483 1.078913 0.12 0.0390495 1.07 0.12 0 1.078913 0.12 -0.0390495 1.103886 0.12 -0.07036483 1.139973 0.12 -0.08774346 1.180027 0.12 -0.08774346 1.216114 0.12 -0.07036483 1.241087 0.12 -0.0390495 1.25 0.18 0 1.241087 0.18 0.0390495 1.216114 0.18 0.07036483 1.180027 0.18 0.08774346 1.139973 0.18 0.08774346 1.103886 0.18 0.07036483 1.078913 0.18 0.0390495 1.07 0.18 0 1.078913 0.18 -0.0390495 1.103886 0.18 -0.07036483 1.139973 0.18 -0.08774346 1.180027 0.18 -0.08774346 1.216114 0.18 -0.07036483 1.241087 0.18 -0.0390495 1.25 0.24 0 1.241087 0.24 0.0390495 1.216114 0.24 0.07036483 1.180027 0.24 0.08774346 1.139973 0.24 0.08774346 1.103886 0.24 0.07036483 1.078913 0.24 0.0390495 1.07 0.24 0 1.078913 0.24 -0.0390495 1.103886 0.24 -0.07036483 1.139973 0.24 -0.08774346 1.180027 0.24 -0.08774346 1.216114 0.24 -0.07036483 1.241087 0.24 -0.0390495 1.25 0.3 0 1.241087 0.3 0.0390495 1.216114 0.3 0.07036483 1.180027 0.3 0.08774346 1.139973 0.3 0.08774346 1.103886 0.3 0.07036483 1.078913 0.3 0.0390495 1.07 0.3 0 1.078913 0.3 -0.0390495 1.103886 0.3 -0.07036483 1.139973 0.3 -0.08774346 1.180027 0.3 -0.08774346 1.216114 0.3 -0.07036483 1.241087 0.3 -0.0390495 1.25 0.36 0 1.241087 0.36 0.0390495 1.216114 0.36 0.07036483 1.180027 0.36 0.08774346 1.139973 0.36 0.08774346 1.103886 0.36 0.07036483 1.078913 0.36 0.0390495 1.07 0.36 0 1.078913 0.36 -0.0390495 1.103886 0.36 -0.07036483 1.139973 0.36 -0.08774346 1.180027 0.36 -0.08774346 1.216114 0.36 -0.07036483 1.241087 0.36 -0.0390495 1.246664 0.4109053 0 1.237827 0.4097419 0.0390495 1.213068 0.4064822 0.07036483 1.177289 0.4017719 0.08774346 1.137578 0.3965439 0.08774346 1.101799 0.3918335 0.07036483 1.07704 0.3885739 0.0390495 1.068203 0.3874105 0 1.07704 0.3885739 -0.0390495 1.101799 0.3918335 -0.07036483 1.137578 0.3965439 -0.08774346 1.177289 0.4017719 -0.08774346 1.213068 0.4064822 -0.07036483 1.237827 0.4097419 -0.0390495 1.236711 0.4609394 0 1.228102 0.4586327 0.0390495 1.20398 0.4521691 0.07036483 1.169122 0.4428291 0.08774346 1.130433 0.4324624 0.08774346 1.095576 0.4231224 0.07036483 1.071454 0.4166588 0.0390495 1.062844 0.414352 0 1.071454 0.4166588 -0.0390495 1.095576 0.4231224 -0.07036483 1.130433 0.4324624 -0.08774346 1.169122 0.4428291 -0.08774346 1.20398 0.4521691 -0.07036483 1.228102 0.4586327 -0.0390495 1.220313 0.5092466 0 1.212079 0.5058358 0.0390495 1.189007 0.496279 0.07036483 1.155666 0.482469 0.08774346 1.118661 0.4671411 0.08774346 1.085321 0.4533311 0.07036483 1.062249 0.4437744 0.0390495 1.054015 0.4403635 0 1.062249 0.4437744 -0.0390495 1.085321 0.4533311 -0.07036483 1.118661 0.4671411 -0.08774346 1.155666 0.482469 -0.08774346 1.189007 0.496279 -0.07036483 1.212079 0.5058358 -0.0390495 1.19775 0.555 0 1.190031 0.5505436 0.0390495 1.168404 0.538057 0.07036483 1.137151 0.5200135 0.08774346 1.102464 0.4999865 0.08774346 1.071211 0.481943 0.07036483 1.049584 0.4694564 0.0390495 1.041865 0.465 0 1.049584 0.4694564 -0.0390495 1.071211 0.481943 -0.07036483 1.102464 0.4999865 -0.08774346 1.137151 0.5200135 -0.08774346 1.168404 0.538057 -0.07036483 1.190031 0.5505436 -0.0390495 1.169408 0.597417 0 1.162337 0.5919913 0.0390495 1.142524 0.5767886 0.07036483 1.113894 0.5548201 0.08774346 1.082118 0.5304369 0.08774346 1.053488 0.5084684 0.07036483 1.033675 0.4932657 0.0390495 1.026604 0.4878399 0 1.033675 0.4932657 -0.0390495 1.053488 0.5084684 -0.07036483 1.082118 0.5304369 -0.08774346 1.113894 0.5548201 -0.08774346 1.142524 0.5767886 -0.07036483 1.162337 0.5919913 -0.0390495 1.135772 0.6357716 0 1.129469 0.6294693 0.0390495 1.111811 0.6118107 0.07036483 1.086293 0.5862932 0.08774346 1.057971 0.5579709 0.08774346 1.032453 0.5324534 0.07036483 1.014795 0.5147948 0.0390495 1.008492 0.5084925 0 1.014795 0.5147948 -0.0390495 1.032453 0.5324534 -0.07036483 1.057971 0.5579709 -0.08774346 1.086293 0.5862932 -0.08774346 1.111811 0.6118107 -0.07036483 1.129469 0.6294693 -0.0390495 1.097417 0.6694079 0 1.091991 0.6623368 0.0390495 1.076789 0.6425243 0.07036483 1.05482 0.6138944 0.08774346 1.030437 0.5821176 0.08774346 1.008468 0.5534877 0.07036483 0.9932656 0.5336752 0.0390495 0.9878399 0.5266042 0 0.9932656 0.5336752 -0.0390495 1.008468 0.5534877 -0.07036483 1.030437 0.5821176 -0.08774346 1.05482 0.6138944 -0.08774346 1.076789 0.6425243 -0.07036483 1.091991 0.6623368 -0.0390495 1.055 0.6977499 0 1.050544 0.6900312 0.0390495 1.038057 0.6684038 0.07036483 1.020013 0.6371514 0.08774346 0.9999865 0.6024638 0.08774346 0.981943 0.5712114 0.07036483 0.9694564 0.549584 0.0390495 0.965 0.5418653 0 0.9694564 0.549584 -0.0390495 0.981943 0.5712114 -0.07036483 0.9999865 0.6024638 -0.08774346 1.020013 0.6371514 -0.08774346 1.038057 0.6684038 -0.07036483 1.050544 0.6900312 -0.0390495 1.009247 0.720313 0 1.005836 0.7120787 0.0390495 0.996279 0.6890065 0.07036483 0.982469 0.6556663 0.08774346 0.9671411 0.6186615 0.08774346 0.9533311 0.5853213 0.07036483 0.9437744 0.5622491 0.0390495 0.9403635 0.5540148 0 0.9437744 0.5622491 -0.0390495 0.9533311 0.5853213 -0.07036483 0.9671411 0.6186615 -0.08774346 0.982469 0.6556663 -0.08774346 0.996279 0.6890065 -0.07036483 1.005836 0.7120787 -0.0390495 0.9609395 0.7367111 0 0.9586327 0.728102 0.0390495 0.9521691 0.7039798 0.07036483 0.9428291 0.6691223 0.08774346 0.9324624 0.6304333 0.08774346 0.9231224 0.5955758 0.07036483 0.9166588 0.5714536 0.0390495 0.914352 0.5628445 0 0.9166588 0.5714536 -0.0390495 0.9231224 0.5955758 -0.07036483 0.9324624 0.6304333 -0.08774346 0.9428291 0.6691223 -0.08774346 0.9521691 0.7039798 -0.07036483 0.9586327 0.728102 -0.0390495 0.9109053 0.7466636 0 0.9097419 0.737827 0.0390495 0.9064822 0.7130675 0.07036483 0.9017719 0.6772891 0.08774346 0.8965439 0.637578 0.08774346 0.8918336 0.6017995 0.07036483 0.8885739 0.57704 0.0390495 0.8874105 0.5682035 0 0.8885739 0.57704 -0.0390495 0.8918336 0.6017995 -0.07036483 0.8965439 0.637578 -0.08774346 0.9017719 0.6772891 -0.08774346 0.9064822 0.7130675 -0.07036483 0.9097419 0.737827 -0.0390495 0.86 0.75 0 0.86 0.7410872 0.0390495 0.86 0.7161141 0.07036483 0.86 0.6800269 0.08774346 0.86 0.6399732 0.08774346 0.86 0.603886 0.07036483 0.86 0.5789129 0.0390495 0.86 0.5700001 0 0.86 0.5789129 -0.0390495 0.86 0.603886 -0.07036483 0.86 0.6399732 -0.08774346 0.86 0.6800269 -0.08774346 0.86 0.7161141 -0.07036483 0.86 0.7410872 -0.0390495 0.7883333 0.75 0 0.7883333 0.7410872 0.0390495 0.7883333 0.7161141 0.07036483 0.7883333 0.6800269 0.08774346 0.7883333 0.6399732 0.08774346 0.7883333 0.603886 0.07036483 0.7883333 0.5789129 0.0390495 0.7883333 0.5700001 0 0.7883333 0.5789129 -0.0390495 0.7883333 0.603886 -0.07036483 0.7883333 0.6399732 -0.08774346 0.7883333 0.6800269 -0.08774346 0.7883333 0.7161141 -0.07036483 0.7883333 0.7410872 -0.0390495 0.7166667 0.75 0 0.7166667 0.7410872 0.0390495 0.7166667 0.7161141 0.07036483 0.7166667 0.6800269 0.08774346 0.7166667 0.6399732 0.08774346 0.7166667 0.603886 0.07036483 0.7166667 0.5789129 0.0390495 0.7166667 0.5700001 0 0.7166667 0.5789129 -0.0390495 0.7166667 0.603886 -0.07036483 0.7166667 0.6399732 -0.08774346 0.7166667 0.6800269 -0.08774346 0.7166667 0.7161141 -0.07036483 0.7166667 0.7410872 -0.0390495 0.645 0.75 0 0.645 0.7410872 0.0390495 0.645 0.7161141 0.07036483 0.645 0.6800269 0.08774346 0.645 0.6399732 0.08774346 0.645 0.603886 0.07036483 0.645 0.5789129 0.0390495 0.645 0.5700001 0 0.645 0.5789129 -0.0390495 0.645 0.603886 -0.07036483 0.645 0.6399732 -0.08774346 0.645 0.6800269 -0.08774346 0.645 0.7161141 -0.07036483 0.645 0.7410872 -0.0390495 0.5733333 0.75 0 0.5733333 0.7410872 0.0390495 0.5733333 0.7161141 0.07036483 0.5733333 0.6800269 0.08774346 0.5733333 0.6399732 0.08774346 0.5733333 0.603886 0.07036483 0.5733333 0.5789129 0.0390495 0.5733333 0.5700001 0 0.5733333 0.5789129 -0.0390495 0.5733333 0.603886 -0.07036483 0.5733333 0.6399732 -0.08774346 0.5733333 0.6800269 -0.08774346 0.5733333 0.7161141 -0.07036483 0.5733333 0.7410872 -0.0390495 0.5016667 0.75 0 0.5016667 0.7410872 0.0390495 0.5016667 0.7161141 0.07036483 0.5016667 0.6800269 0.08774346 0.5016667 0.6399732 0.08774346 0.5016667 0.603886 0.07036483 0.5016667 0.5789129 0.0390495 0.5016667 0.5700001 0 0.5016667 0.5789129 -0.0390495 0.5016667 0.603886 -0.07036483 0.5016667 0.6399732 -0.08774346 0.5016667 0.6800269 -0.08774346 0.5016667 0.7161141 -0.07036483 0.5016667 0.7410872 -0.0390495 0.43 0.75 0 0.43 0.7410872 0.0390495 0.43 0.7161141 0.07036483 0.43 0.6800269 0.08774346 0.43 0.6399732 0.08774346 0.43 0.603886 0.07036483 0.43 0.5789129 0.0390495 0.43 0.5700001 0 0.43 0.5789129 -0.0390495 0.43 0.603886 -0.07036483 0.43 0.6399732 -0.08774346 0.43 0.6800269 -0.08774346 0.43 0.7161141 -0.07036483 0.43 0.7410872 -0.0390495 0.3583334 0.75 0 0.3583334 0.7410872 0.0390495 0.3583334 0.7161141 0.07036483 0.3583334 0.6800269 0.08774346 0.3583334 0.6399732 0.08774346 0.3583334 0.603886 0.07036483 0.3583334 0.5789129 0.0390495 0.3583334 0.5700001 0 0.3583334 0.5789129 -0.0390495 0.3583334 0.603886 -0.07036483 0.3583334 0.6399732 -0.08774346 0.3583334 0.6800269 -0.08774346 0.3583334 0.7161141 -0.07036483 0.3583334 0.7410872 -0.0390495 0.2866666 0.75 0 0.2866666 0.7410872 0.0390495 0.2866666 0.7161141 0.07036483 0.2866666 0.6800269 0.08774346 0.2866666 0.6399732 0.08774346 0.2866666 0.603886 0.07036483 0.2866666 0.5789129 0.0390495 0.2866666 0.5700001 0 0.2866666 0.5789129 -0.0390495 0.2866666 0.603886 -0.07036483 0.2866666 0.6399732 -0.08774346 0.2866666 0.6800269 -0.08774346 0.2866666 0.7161141 -0.07036483 0.2866666 0.7410872 -0.0390495 0.215 0.75 0 0.215 0.7410872 0.0390495 0.215 0.7161141 0.07036483 0.215 0.6800269 0.08774346 0.215 0.6399732 0.08774346 0.215 0.603886 0.07036483 0.215 0.5789129 0.0390495 0.215 0.5700001 0 0.215 0.5789129 -0.0390495 0.215 0.603886 -0.07036483 0.215 0.6399732 -0.08774346 0.215 0.6800269 -0.08774346 0.215 0.7161141 -0.07036483 0.215 0.7410872 -0.0390495 0.1433334 0.75 0 0.1433334 0.7410872 0.0390495 0.1433334 0.7161141 0.07036483 0.1433334 0.6800269 0.08774346 0.1433334 0.6399732 0.08774346 0.1433334 0.603886 0.07036483 0.1433334 0.5789129 0.0390495 0.1433334 0.5700001 0 0.1433334 0.5789129 -0.0390495 0.1433334 0.603886 -0.07036483 0.1433334 0.6399732 -0.08774346 0.1433334 0.6800269 -0.08774346 0.1433334 0.7161141 -0.07036483 0.1433334 0.7410872 -0.0390495 0.07166659 0.75 0 0.07166659 0.7410872 0.0390495 0.07166659 0.7161141 0.07036483 0.07166659 0.6800269 0.08774346 0.07166659 0.6399732 0.08774346 0.07166659 0.603886 0.07036483 0.07166659 0.5789129 0.0390495 0.07166659 0.5700001 0 0.07166659 0.5789129 -0.0390495 0.07166659 0.603886 -0.07036483 0.07166659 0.6399732 -0.08774346 0.07166659 0.6800269 -0.08774346 0.07166659 0.7161141 -0.07036483 0.07166659 0.7410872 -0.0390495 0 0.75 0 0 0.7410872 0.0390495 0 0.7161141 0.07036483 0 0.6800269 0.08774346 0 0.6399732 0.08774346 0 0.603886 0.07036483 0 0.5789129 0.0390495 0 0.5700001 0 0 0.5789129 -0.0390495 0 0.603886 -0.07036483 0 0.6399732 -0.08774346 0 0.6800269 -0.08774346 0 0.7161141 -0.07036483 0 0.7410872 -0.0390495 -0.07166671 0.75 0 -0.07166671 0.7410872 0.0390495 -0.07166671 0.7161141 0.07036483 -0.07166671 0.6800269 0.08774346 -0.07166671 0.6399732 0.08774346 -0.07166671 0.603886 0.07036483 -0.07166671 0.5789129 0.0390495 -0.07166671 0.5700001 0 -0.07166671 0.5789129 -0.0390495 -0.07166671 0.603886 -0.07036483 -0.07166671 0.6399732 -0.08774346 -0.07166671 0.6800269 -0.08774346 -0.07166671 0.7161141 -0.07036483 -0.07166671 0.7410872 -0.0390495 -0.1433333 0.75 0 -0.1433333 0.7410872 0.0390495 -0.1433333 0.7161141 0.07036483 -0.1433333 0.6800269 0.08774346 -0.1433333 0.6399732 0.08774346 -0.1433333 0.603886 0.07036483 -0.1433333 0.5789129 0.0390495 -0.1433333 0.5700001 0 -0.1433333 0.5789129 -0.0390495 -0.1433333 0.603886 -0.07036483 -0.1433333 0.6399732 -0.08774346 -0.1433333 0.6800269 -0.08774346 -0.1433333 0.7161141 -0.07036483 -0.1433333 0.7410872 -0.0390495 -0.215 0.75 0 -0.215 0.7410872 0.0390495 -0.215 0.7161141 0.07036483 -0.215 0.6800269 0.08774346 -0.215 0.6399732 0.08774346 -0.215 0.603886 0.07036483 -0.215 0.5789129 0.0390495 -0.215 0.5700001 0 -0.215 0.5789129 -0.0390495 -0.215 0.603886 -0.07036483 -0.215 0.6399732 -0.08774346 -0.215 0.6800269 -0.08774346 -0.215 0.7161141 -0.07036483 -0.215 0.7410872 -0.0390495 -0.2866667 0.75 0 -0.2866667 0.7410872 0.0390495 -0.2866667 0.7161141 0.07036483 -0.2866667 0.6800269 0.08774346 -0.2866667 0.6399732 0.08774346 -0.2866667 0.603886 0.07036483 -0.2866667 0.5789129 0.0390495 -0.2866667 0.5700001 0 -0.2866667 0.5789129 -0.0390495 -0.2866667 0.603886 -0.07036483 -0.2866667 0.6399732 -0.08774346 -0.2866667 0.6800269 -0.08774346 -0.2866667 0.7161141 -0.07036483 -0.2866667 0.7410872 -0.0390495 -0.3583333 0.75 0 -0.3583333 0.7410872 0.0390495 -0.3583333 0.7161141 0.07036483 -0.3583333 0.6800269 0.08774346 -0.3583333 0.6399732 0.08774346 -0.3583333 0.603886 0.07036483 -0.3583333 0.5789129 0.0390495 -0.3583333 0.5700001 0 -0.3583333 0.5789129 -0.0390495 -0.3583333 0.603886 -0.07036483 -0.3583333 0.6399732 -0.08774346 -0.3583333 0.6800269 -0.08774346 -0.3583333 0.7161141 -0.07036483 -0.3583333 0.7410872 -0.0390495 -0.43 0.75 0 -0.43 0.7410872 0.0390495 -0.43 0.7161141 0.07036483 -0.43 0.6800269 0.08774346 -0.43 0.6399732 0.08774346 -0.43 0.603886 0.07036483 -0.43 0.5789129 0.0390495 -0.43 0.5700001 0 -0.43 0.5789129 -0.0390495 -0.43 0.603886 -0.07036483 -0.43 0.6399732 -0.08774346 -0.43 0.6800269 -0.08774346 -0.43 0.7161141 -0.07036483 -0.43 0.7410872 -0.0390495 -0.5016667 0.75 0 -0.5016667 0.7410872 0.0390495 -0.5016667 0.7161141 0.07036483 -0.5016667 0.6800269 0.08774346 -0.5016667 0.6399732 0.08774346 -0.5016667 0.603886 0.07036483 -0.5016667 0.5789129 0.0390495 -0.5016667 0.5700001 0 -0.5016667 0.5789129 -0.0390495 -0.5016667 0.603886 -0.07036483 -0.5016667 0.6399732 -0.08774346 -0.5016667 0.6800269 -0.08774346 -0.5016667 0.7161141 -0.07036483 -0.5016667 0.7410872 -0.0390495 -0.5733333 0.75 0 -0.5733333 0.7410872 0.0390495 -0.5733333 0.7161141 0.07036483 -0.5733333 0.6800269 0.08774346 -0.5733333 0.6399732 0.08774346 -0.5733333 0.603886 0.07036483 -0.5733333 0.5789129 0.0390495 -0.5733333 0.5700001 0 -0.5733333 0.5789129 -0.0390495 -0.5733333 0.603886 -0.07036483 -0.5733333 0.6399732 -0.08774346 -0.5733333 0.6800269 -0.08774346 -0.5733333 0.7161141 -0.07036483 -0.5733333 0.7410872 -0.0390495 -0.645 0.75 0 -0.645 0.7410872 0.0390495 -0.645 0.7161141 0.07036483 -0.645 0.6800269 0.08774346 -0.645 0.6399732 0.08774346 -0.645 0.603886 0.07036483 -0.645 0.5789129 0.0390495 -0.645 0.5700001 0 -0.645 0.5789129 -0.0390495 -0.645 0.603886 -0.07036483 -0.645 0.6399732 -0.08774346 -0.645 0.6800269 -0.08774346 -0.645 0.7161141 -0.07036483 -0.645 0.7410872 -0.0390495 -0.7166667 0.75 0 -0.7166667 0.7410872 0.0390495 -0.7166667 0.7161141 0.07036483 -0.7166667 0.6800269 0.08774346 -0.7166667 0.6399732 0.08774346 -0.7166667 0.603886 0.07036483 -0.7166667 0.5789129 0.0390495 -0.7166667 0.5700001 0 -0.7166667 0.5789129 -0.0390495 -0.7166667 0.603886 -0.07036483 -0.7166667 0.6399732 -0.08774346 -0.7166667 0.6800269 -0.08774346 -0.7166667 0.7161141 -0.07036483 -0.7166667 0.7410872 -0.0390495 -0.7883333 0.75 0 -0.7883333 0.7410872 0.0390495 -0.7883333 0.7161141 0.07036483 -0.7883333 0.6800269 0.08774346 -0.7883333 0.6399732 0.08774346 -0.7883333 0.603886 0.07036483 -0.7883333 0.5789129 0.0390495 -0.7883333 0.5700001 0 -0.7883333 0.5789129 -0.0390495 -0.7883333 0.603886 -0.07036483 -0.7883333 0.6399732 -0.08774346 -0.7883333 0.6800269 -0.08774346 -0.7883333 0.7161141 -0.07036483 -0.7883333 0.7410872 -0.0390495 -0.86 0.75 0 -0.86 0.7410872 0.0390495 -0.86 0.7161141 0.07036483 -0.86 0.6800269 0.08774346 -0.86 0.6399732 0.08774346 -0.86 0.603886 0.07036483 -0.86 0.5789129 0.0390495 -0.86 0.5700001 0 -0.86 0.5789129 -0.0390495 -0.86 0.603886 -0.07036483 -0.86 0.6399732 -0.08774346 -0.86 0.6800269 -0.08774346 -0.86 0.7161141 -0.07036483 -0.86 0.7410872 -0.0390495 -0.9109053 0.7466636 0 -0.9097419 0.737827 0.0390495 -0.9064822 0.7130675 0.07036483 -0.9017719 0.6772891 0.08774346 -0.8965439 0.637578 0.08774346 -0.8918336 0.6017995 0.07036483 -0.8885739 0.57704 0.0390495 -0.8874105 0.5682035 0 -0.8885739 0.57704 -0.0390495 -0.8918336 0.6017995 -0.07036483 -0.8965439 0.637578 -0.08774346 -0.9017719 0.6772891 -0.08774346 -0.9064822 0.7130675 -0.07036483 -0.9097419 0.737827 -0.0390495 -0.9609395 0.7367111 0 -0.9586327 0.728102 0.0390495 -0.9521691 0.7039798 0.07036483 -0.9428291 0.6691223 0.08774346 -0.9324624 0.6304333 0.08774346 -0.9231224 0.5955758 0.07036483 -0.9166588 0.5714536 0.0390495 -0.914352 0.5628445 0 -0.9166588 0.5714536 -0.0390495 -0.9231224 0.5955758 -0.07036483 -0.9324624 0.6304333 -0.08774346 -0.9428291 0.6691223 -0.08774346 -0.9521691 0.7039798 -0.07036483 -0.9586327 0.728102 -0.0390495 -1.009247 0.720313 0 -1.005836 0.7120787 0.0390495 -0.996279 0.6890065 0.07036483 -0.982469 0.6556663 0.08774346 -0.9671411 0.6186615 0.08774346 -0.9533311 0.5853213 0.07036483 -0.9437744 0.5622491 0.0390495 -0.9403635 0.5540148 0 -0.9437744 0.5622491 -0.0390495 -0.9533311 0.5853213 -0.07036483 -0.9671411 0.6186615 -0.08774346 -0.982469 0.6556663 -0.08774346 -0.996279 0.6890065 -0.07036483 -1.005836 0.7120787 -0.0390495 -1.055 0.6977499 0 -1.050544 0.6900312 0.0390495 -1.038057 0.6684038 0.07036483 -1.020013 0.6371514 0.08774346 -0.9999865 0.6024638 0.08774346 -0.981943 0.5712114 0.07036483 -0.9694564 0.549584 0.0390495 -0.965 0.5418653 0 -0.9694564 0.549584 -0.0390495 -0.981943 0.5712114 -0.07036483 -0.9999865 0.6024638 -0.08774346 -1.020013 0.6371514 -0.08774346 -1.038057 0.6684038 -0.07036483 -1.050544 0.6900312 -0.0390495 -1.097417 0.6694079 0 -1.091991 0.6623368 0.0390495 -1.076789 0.6425243 0.07036483 -1.05482 0.6138944 0.08774346 -1.030437 0.5821176 0.08774346 -1.008468 0.5534877 0.07036483 -0.9932656 0.5336752 0.0390495 -0.9878399 0.5266042 0 -0.9932656 0.5336752 -0.0390495 -1.008468 0.5534877 -0.07036483 -1.030437 0.5821176 -0.08774346 -1.05482 0.6138944 -0.08774346 -1.076789 0.6425243 -0.07036483 -1.091991 0.6623368 -0.0390495 -1.135772 0.6357716 0 -1.129469 0.6294693 0.0390495 -1.111811 0.6118107 0.07036483 -1.086293 0.5862932 0.08774346 -1.057971 0.5579709 0.08774346 -1.032453 0.5324534 0.07036483 -1.014795 0.5147948 0.0390495 -1.008492 0.5084925 0 -1.014795 0.5147948 -0.0390495 -1.032453 0.5324534 -0.07036483 -1.057971 0.5579709 -0.08774346 -1.086293 0.5862932 -0.08774346 -1.111811 0.6118107 -0.07036483 -1.129469 0.6294693 -0.0390495 -1.169408 0.597417 0 -1.162337 0.5919913 0.0390495 -1.142524 0.5767886 0.07036483 -1.113894 0.5548201 0.08774346 -1.082118 0.5304369 0.08774346 -1.053488 0.5084684 0.07036483 -1.033675 0.4932657 0.0390495 -1.026604 0.4878399 0 -1.033675 0.4932657 -0.0390495 -1.053488 0.5084684 -0.07036483 -1.082118 0.5304369 -0.08774346 -1.113894 0.5548201 -0.08774346 -1.142524 0.5767886 -0.07036483 -1.162337 0.5919913 -0.0390495 -1.19775 0.555 0 -1.190031 0.5505436 0.0390495 -1.168404 0.538057 0.07036483 -1.137151 0.5200135 0.08774346 -1.102464 0.4999865 0.08774346 -1.071211 0.481943 0.07036483 -1.049584 0.4694564 0.0390495 -1.041865 0.465 0 -1.049584 0.4694564 -0.0390495 -1.071211 0.481943 -0.07036483 -1.102464 0.4999865 -0.08774346 -1.137151 0.5200135 -0.08774346 -1.168404 0.538057 -0.07036483 -1.190031 0.5505436 -0.0390495 -1.220313 0.5092466 0 -1.212079 0.5058358 0.0390495 -1.189007 0.496279 0.07036483 -1.155666 0.482469 0.08774346 -1.118661 0.4671411 0.08774346 -1.085321 0.4533311 0.07036483 -1.062249 0.4437744 0.0390495 -1.054015 0.4403635 0 -1.062249 0.4437744 -0.0390495 -1.085321 0.4533311 -0.07036483 -1.118661 0.4671411 -0.08774346 -1.155666 0.482469 -0.08774346 -1.189007 0.496279 -0.07036483 -1.212079 0.5058358 -0.0390495 -1.236711 0.4609394 0 -1.228102 0.4586327 0.0390495 -1.20398 0.4521691 0.07036483 -1.169122 0.4428291 0.08774346 -1.130433 0.4324624 0.08774346 -1.095576 0.4231224 0.07036483 -1.071454 0.4166588 0.0390495 -1.062844 0.414352 0 -1.071454 0.4166588 -0.0390495 -1.095576 0.4231224 -0.07036483 -1.130433 0.4324624 -0.08774346 -1.169122 0.4428291 -0.08774346 -1.20398 0.4521691 -0.07036483 -1.228102 0.4586327 -0.0390495 -1.246664 0.4109053 0 -1.237827 0.4097419 0.0390495 -1.213068 0.4064822 0.07036483 -1.177289 0.4017719 0.08774346 -1.137578 0.3965439 0.08774346 -1.101799 0.3918335 0.07036483 -1.07704 0.3885739 0.0390495 -1.068203 0.3874105 0 -1.07704 0.3885739 -0.0390495 -1.101799 0.3918335 -0.07036483 -1.137578 0.3965439 -0.08774346 -1.177289 0.4017719 -0.08774346 -1.213068 0.4064822 -0.07036483 -1.237827 0.4097419 -0.0390495 -1.25 0.36 0 -1.241087 0.36 0.0390495 -1.216114 0.36 0.07036483 -1.180027 0.36 0.08774346 -1.139973 0.36 0.08774346 -1.103886 0.36 0.07036483 -1.078913 0.36 0.0390495 -1.07 0.36 0 -1.078913 0.36 -0.0390495 -1.103886 0.36 -0.07036483 -1.139973 0.36 -0.08774346 -1.180027 0.36 -0.08774346 -1.216114 0.36 -0.07036483 -1.241087 0.36 -0.0390495 -1.25 0.3 0 -1.241087 0.3 0.0390495 -1.216114 0.3 0.07036483 -1.180027 0.3 0.08774346 -1.139973 0.3 0.08774346 -1.103886 0.3 0.07036483 -1.078913 0.3 0.0390495 -1.07 0.3 0 -1.078913 0.3 -0.0390495 -1.103886 0.3 -0.07036483 -1.139973 0.3 -0.08774346 -1.180027 0.3 -0.08774346 -1.216114 0.3 -0.07036483 -1.241087 0.3 -0.0390495 -1.25 0.24 0 -1.241087 0.24 0.0390495 -1.216114 0.24 0.07036483 -1.180027 0.24 0.08774346 -1.139973 0.24 0.08774346 -1.103886 0.24 0.07036483 -1.078913 0.24 0.0390495 -1.07 0.24 0 -1.078913 0.24 -0.0390495 -1.103886 0.24 -0.07036483 -1.139973 0.24 -0.08774346 -1.180027 0.24 -0.08774346 -1.216114 0.24 -0.07036483 -1.241087 0.24 -0.0390495 -1.25 0.18 0 -1.241087 0.18 0.0390495 -1.216114 0.18 0.07036483 -1.180027 0.18 0.08774346 -1.139973 0.18 0.08774346 -1.103886 0.18 0.07036483 -1.078913 0.18 0.0390495 -1.07 0.18 0 -1.078913 0.18 -0.0390495 -1.103886 0.18 -0.07036483 -1.139973 0.18 -0.08774346 -1.180027 0.18 -0.08774346 -1.216114 0.18 -0.07036483 -1.241087 0.18 -0.0390495 -1.25 0.12 0 -1.241087 0.12 0.0390495 -1.216114 0.12 0.07036483 -1.180027 0.12 0.08774346 -1.139973 0.12 0.08774346 -1.103886 0.12 0.07036483 -1.078913 0.12 0.0390495 -1.07 0.12 0 -1.078913 0.12 -0.0390495 -1.103886 0.12 -0.07036483 -1.139973 0.12 -0.08774346 -1.180027 0.12 -0.08774346 -1.216114 0.12 -0.07036483 -1.241087 0.12 -0.0390495 -1.25 0.06 0 -1.241087 0.06 0.0390495 -1.216114 0.06 0.07036483 -1.180027 0.06 0.08774346 -1.139973 0.06 0.08774346 -1.103886 0.06 0.07036483 -1.078913 0.06 0.0390495 -1.07 0.06 0 -1.078913 0.06 -0.0390495 -1.103886 0.06 -0.07036483 -1.139973 0.06 -0.08774346 -1.180027 0.06 -0.08774346 -1.216114 0.06 -0.07036483 -1.241087 0.06 -0.0390495 -1.25 0 0 -1.241087 0 0.0390495 -1.216114 0 0.07036483 -1.180027 0 0.08774346 -1.139973 0 0.08774346 -1.103886 0 0.07036483 -1.078913 0 0.0390495 -1.07 0 0 -1.078913 0 -0.0390495 -1.103886 0 -0.07036483 -1.139973 0 -0.08774346 -1.180027 0 -0.08774346 -1.216114 0 -0.07036483 -1.241087 0 -0.0390495 -1.25 -0.06 0 -1.241087 -0.06 0.0390495 -1.216114 -0.06 0.07036483 -1.180027 -0.06 0.08774346 -1.139973 -0.06 0.08774346 -1.103886 -0.06 0.07036483 -1.078913 -0.06 0.0390495 -1.07 -0.06 0 -1.078913 -0.06 -0.0390495 -1.103886 -0.06 -0.07036483 -1.139973 -0.06 -0.08774346 -1.180027 -0.06 -0.08774346 -1.216114 -0.06 -0.07036483 -1.241087 -0.06 -0.0390495 -1.25 -0.12 0 -1.241087 -0.12 0.0390495 -1.216114 -0.12 0.07036483 -1.180027 -0.12 0.08774346 -1.139973 -0.12 0.08774346 -1.103886 -0.12 0.07036483 -1.078913 -0.12 0.0390495 -1.07 -0.12 0 -1.078913 -0.12 -0.0390495 -1.103886 -0.12 -0.07036483 -1.139973 -0.12 -0.08774346 -1.180027 -0.12 -0.08774346 -1.216114 -0.12 -0.07036483 -1.241087 -0.12 -0.0390495 -1.25 -0.18 0 -1.241087 -0.18 0.0390495 -1.216114 -0.18 0.07036483 -1.180027 -0.18 0.08774346 -1.139973 -0.18 0.08774346 -1.103886 -0.18 0.07036483 -1.078913 -0.18 0.0390495 -1.07 -0.18 0 -1.078913 -0.18 -0.0390495 -1.103886 -0.18 -0.07036483 -1.139973 -0.18 -0.08774346 -1.180027 -0.18 -0.08774346 -1.216114 -0.18 -0.07036483 -1.241087 -0.18 -0.0390495 -1.25 -0.24 0 -1.241087 -0.24 0.0390495 -1.216114 -0.24 0.07036483 -1.180027 -0.24 0.08774346 -1.139973 -0.24 0.08774346 -1.103886 -0.24 0.07036483 -1.078913 -0.24 0.0390495 -1.07 -0.24 0 -1.078913 -0.24 -0.0390495 -1.103886 -0.24 -0.07036483 -1.139973 -0.24 -0.08774346 -1.180027 -0.24 -0.08774346 -1.216114 -0.24 -0.07036483 -1.241087 -0.24 -0.0390495 -1.25 -0.3 0 -1.241087 -0.3 0.0390495 -1.216114 -0.3 0.07036483 -1.180027 -0.3 0.08774346 -1.139973 -0.3 0.08774346 -1.103886 -0.3 0.07036483 -1.078913 -0.3 0.0390495 -1.07 -0.3 0 -1.078913 -0.3 -0.0390495 -1.103886 -0.3 -0.07036483 -1.139973 -0.3 -0.08774346 -1.180027 -0.3 -0.08774346 -1.216114 -0.3 -0.07036483 -1.241087 -0.3 -0.0390495 -1.25 -0.36 0 -1.241087 -0.36 0.0390495 -1.216114 -0.36 0.07036483 -1.180027 -0.36 0.08774346 -1.139973 -0.36 0.08774346 -1.103886 -0.36 0.07036483 -1.078913 -0.36 0.0390495 -1.07 -0.36 0 -1.078913 -0.36 -0.0390495 -1.103886 -0.36 -0.07036483 -1.139973 -0.36 -0.08774346 -1.180027 -0.36 -0.08774346 -1.216114 -0.36 -0.07036483 -1.241087 -0.36 -0.0390495 -1.246664 -0.4109053 0 -1.237827 -0.4097419 0.0390495 -1.213068 -0.4064822 0.07036483 -1.177289 -0.4017719 0.08774346 -1.137578 -0.3965439 0.08774346 -1.101799 -0.3918335 0.07036483 -1.07704 -0.3885739 0.0390495 -1.068203 -0.3874105 0 -1.07704 -0.3885739 -0.0390495 -1.101799 -0.3918335 -0.07036483 -1.137578 -0.3965439 -0.08774346 -1.177289 -0.4017719 -0.08774346 -1.213068 -0.4064822 -0.07036483 -1.237827 -0.4097419 -0.0390495 -1.236711 -0.4609394 0 -1.228102 -0.4586327 0.0390495 -1.20398 -0.4521691 0.07036483 -1.169122 -0.4428291 0.08774346 -1.130433 -0.4324624 0.08774346 -1.095576 -0.4231224 0.07036483 -1.071454 -0.4166588 0.0390495 -1.062844 -0.414352 0 -1.071454 -0.4166588 -0.0390495 -1.095576 -0.4231224 -0.07036483 -1.130433 -0.4324624 -0.08774346 -1.169122 -0.4428291 -0.08774346 -1.20398 -0.4521691 -0.07036483 -1.228102 -0.4586327 -0.0390495 -1.220313 -0.5092466 0 -1.212079 -0.5058358 0.0390495 -1.189007 -0.496279 0.07036483 -1.155666 -0.482469 0.08774346 -1.118661 -0.4671411 0.08774346 -1.085321 -0.4533311 0.07036483 -1.062249 -0.4437744 0.0390495 -1.054015 -0.4403635 0 -1.062249 -0.4437744 -0.0390495 -1.085321 -0.4533311 -0.07036483 -1.118661 -0.4671411 -0.08774346 -1.155666 -0.482469 -0.08774346 -1.189007 -0.496279 -0.07036483 -1.212079 -0.5058358 -0.0390495 -1.19775 -0.555 0 -1.190031 -0.5505436 0.0390495 -1.168404 -0.538057 0.07036483 -1.137151 -0.5200135 0.08774346 -1.102464 -0.4999865 0.08774346 -1.071211 -0.481943 0.07036483 -1.049584 -0.4694564 0.0390495 -1.041865 -0.465 0 -1.049584 -0.4694564 -0.0390495 -1.071211 -0.481943 -0.07036483 -1.102464 -0.4999865 -0.08774346 -1.137151 -0.5200135 -0.08774346 -1.168404 -0.538057 -0.07036483 -1.190031 -0.5505436 -0.0390495 -1.169408 -0.597417 0 -1.162337 -0.5919913 0.0390495 -1.142524 -0.5767886 0.07036483 -1.113894 -0.5548201 0.08774346 -1.082118 -0.5304369 0.08774346 -1.053488 -0.5084684 0.07036483 -1.033675 -0.4932657 0.0390495 -1.026604 -0.4878399 0 -1.033675 -0.4932657 -0.0390495 -1.053488 -0.5084684 -0.07036483 -1.082118 -0.5304369 -0.08774346 -1.113894 -0.5548201 -0.08774346 -1.142524 -0.5767886 -0.07036483 -1.162337 -0.5919913 -0.0390495 -1.135772 -0.6357716 0 -1.129469 -0.6294693 0.0390495 -1.111811 -0.6118107 0.07036483 -1.086293 -0.5862932 0.08774346 -1.057971 -0.5579709 0.08774346 -1.032453 -0.5324534 0.07036483 -1.014795 -0.5147948 0.0390495 -1.008492 -0.5084925 0 -1.014795 -0.5147948 -0.0390495 -1.032453 -0.5324534 -0.07036483 -1.057971 -0.5579709 -0.08774346 -1.086293 -0.5862932 -0.08774346 -1.111811 -0.6118107 -0.07036483 -1.129469 -0.6294693 -0.0390495 -1.097417 -0.6694079 0 -1.091991 -0.6623368 0.0390495 -1.076789 -0.6425243 0.07036483 -1.05482 -0.6138944 0.08774346 -1.030437 -0.5821176 0.08774346 -1.008468 -0.5534877 0.07036483 -0.9932656 -0.5336752 0.0390495 -0.9878399 -0.5266042 0 -0.9932656 -0.5336752 -0.0390495 -1.008468 -0.5534877 -0.07036483 -1.030437 -0.5821176 -0.08774346 -1.05482 -0.6138944 -0.08774346 -1.076789 -0.6425243 -0.07036483 -1.091991 -0.6623368 -0.0390495 -1.055 -0.6977499 0 -1.050544 -0.6900312 0.0390495 -1.038057 -0.6684038 0.07036483 -1.020013 -0.6371514 0.08774346 -0.9999865 -0.6024638 0.08774346 -0.981943 -0.5712114 0.07036483 -0.9694564 -0.549584 0.0390495 -0.965 -0.5418653 0 -0.9694564 -0.549584 -0.0390495 -0.981943 -0.5712114 -0.07036483 -0.9999865 -0.6024638 -0.08774346 -1.020013 -0.6371514 -0.08774346 -1.038057 -0.6684038 -0.07036483 -1.050544 -0.6900312 -0.0390495 -1.009247 -0.720313 0 -1.005836 -0.7120787 0.0390495 -0.996279 -0.6890065 0.07036483 -0.982469 -0.6556663 0.08774346 -0.9671411 -0.6186615 0.08774346 -0.9533311 -0.5853213 0.07036483 -0.9437744 -0.5622491 0.0390495 -0.9403635 -0.5540148 0 -0.9437744 -0.5622491 -0.0390495 -0.9533311 -0.5853213 -0.07036483 -0.9671411 -0.6186615 -0.08774346 -0.982469 -0.6556663 -0.08774346 -0.996279 -0.6890065 -0.07036483 -1.005836 -0.7120787 -0.0390495 -0.9609395 -0.7367111 0 -0.9586327 -0.728102 0.0390495 -0.9521691 -0.7039798 0.07036483 -0.9428291 -0.6691223 0.08774346 -0.9324624 -0.6304333 0.08774346 -0.9231224 -0.5955758 0.07036483 -0.9166588 -0.5714536 0.0390495 -0.914352 -0.5628445 0 -0.9166588 -0.5714536 -0.0390495 -0.9231224 -0.5955758 -0.07036483 -0.9324624 -0.6304333 -0.08774346 -0.9428291 -0.6691223 -0.08774346 -0.9521691 -0.7039798 -0.07036483 -0.9586327 -0.728102 -0.0390495 -0.9109053 -0.7466636 0 -0.9097419 -0.737827 0.0390495 -0.9064822 -0.7130675 0.07036483 -0.9017719 -0.6772891 0.08774346 -0.8965439 -0.637578 0.08774346 -0.8918336 -0.6017995 0.07036483 -0.8885739 -0.57704 0.0390495 -0.8874105 -0.5682035 0 -0.8885739 -0.57704 -0.0390495 -0.8918336 -0.6017995 -0.07036483 -0.8965439 -0.637578 -0.08774346 -0.9017719 -0.6772891 -0.08774346 -0.9064822 -0.7130675 -0.07036483 -0.9097419 -0.737827 -0.0390495 -0.86 -0.75 0 -0.86 -0.7410872 0.0390495 -0.86 -0.7161141 0.07036483 -0.86 -0.6800269 0.08774346 -0.86 -0.6399732 0.08774346 -0.86 -0.603886 0.07036483 -0.86 -0.5789129 0.0390495 -0.86 -0.5700001 0 -0.86 -0.5789129 -0.0390495 -0.86 -0.603886 -0.07036483 -0.86 -0.6399732 -0.08774346 -0.86 -0.6800269 -0.08774346 -0.86 -0.7161141 -0.07036483 -0.86 -0.7410872 -0.0390495 -0.7883333 -0.75 0 -0.7883333 -0.7410872 0.0390495 -0.7883333 -0.7161141 0.07036483 -0.7883333 -0.6800269 0.08774346 -0.7883333 -0.6399732 0.08774346 -0.7883333 -0.603886 0.07036483 -0.7883333 -0.5789129 0.0390495 -0.7883333 -0.5700001 0 -0.7883333 -0.5789129 -0.0390495 -0.7883333 -0.603886 -0.07036483 -0.7883333 -0.6399732 -0.08774346 -0.7883333 -0.6800269 -0.08774346 -0.7883333 -0.7161141 -0.07036483 -0.7883333 -0.7410872 -0.0390495 -0.7166667 -0.75 0 -0.7166667 -0.7410872 0.0390495 -0.7166667 -0.7161141 0.07036483 -0.7166667 -0.6800269 0.08774346 -0.7166667 -0.6399732 0.08774346 -0.7166667 -0.603886 0.07036483 -0.7166667 -0.5789129 0.0390495 -0.7166667 -0.5700001 0 -0.7166667 -0.5789129 -0.0390495 -0.7166667 -0.603886 -0.07036483 -0.7166667 -0.6399732 -0.08774346 -0.7166667 -0.6800269 -0.08774346 -0.7166667 -0.7161141 -0.07036483 -0.7166667 -0.7410872 -0.0390495 -0.645 -0.75 0 -0.645 -0.7410872 0.0390495 -0.645 -0.7161141 0.07036483 -0.645 -0.6800269 0.08774346 -0.645 -0.6399732 0.08774346 -0.645 -0.603886 0.07036483 -0.645 -0.5789129 0.0390495 -0.645 -0.5700001 0 -0.645 -0.5789129 -0.0390495 -0.645 -0.603886 -0.07036483 -0.645 -0.6399732 -0.08774346 -0.645 -0.6800269 -0.08774346 -0.645 -0.7161141 -0.07036483 -0.645 -0.7410872 -0.0390495 -0.5733333 -0.75 0 -0.5733333 -0.7410872 0.0390495 -0.5733333 -0.7161141 0.07036483 -0.5733333 -0.6800269 0.08774346 -0.5733333 -0.6399732 0.08774346 -0.5733333 -0.603886 0.07036483 -0.5733333 -0.5789129 0.0390495 -0.5733333 -0.5700001 0 -0.5733333 -0.5789129 -0.0390495 -0.5733333 -0.603886 -0.07036483 -0.5733333 -0.6399732 -0.08774346 -0.5733333 -0.6800269 -0.08774346 -0.5733333 -0.7161141 -0.07036483 -0.5733333 -0.7410872 -0.0390495 -0.5016667 -0.75 0 -0.5016667 -0.7410872 0.0390495 -0.5016667 -0.7161141 0.07036483 -0.5016667 -0.6800269 0.08774346 -0.5016667 -0.6399732 0.08774346 -0.5016667 -0.603886 0.07036483 -0.5016667 -0.5789129 0.0390495 -0.5016667 -0.5700001 0 -0.5016667 -0.5789129 -0.0390495 -0.5016667 -0.603886 -0.07036483 -0.5016667 -0.6399732 -0.08774346 -0.5016667 -0.6800269 -0.08774346 -0.5016667 -0.7161141 -0.07036483 -0.5016667 -0.7410872 -0.0390495 -0.43 -0.75 0 -0.43 -0.7410872 0.0390495 -0.43 -0.7161141 0.07036483 -0.43 -0.6800269 0.08774346 -0.43 -0.6399732 0.08774346 -0.43 -0.603886 0.07036483 -0.43 -0.5789129 0.0390495 -0.43 -0.5700001 0 -0.43 -0.5789129 -0.0390495 -0.43 -0.603886 -0.07036483 -0.43 -0.6399732 -0.08774346 -0.43 -0.6800269 -0.08774346 -0.43 -0.7161141 -0.07036483 -0.43 -0.7410872 -0.0390495 -0.3583334 -0.75 0 -0.3583334 -0.7410872 0.0390495 -0.3583334 -0.7161141 0.07036483 -0.3583334 -0.6800269 0.08774346 -0.3583334 -0.6399732 0.08774346 -0.3583334 -0.603886 0.07036483 -0.3583334 -0.5789129 0.0390495 -0.3583334 -0.5700001 0 -0.3583334 -0.5789129 -0.0390495 -0.3583334 -0.603886 -0.07036483 -0.3583334 -0.6399732 -0.08774346 -0.3583334 -0.6800269 -0.08774346 -0.3583334 -0.7161141 -0.07036483 -0.3583334 -0.7410872 -0.0390495 -0.2866666 -0.75 0 -0.2866666 -0.7410872 0.0390495 -0.2866666 -0.7161141 0.07036483 -0.2866666 -0.6800269 0.08774346 -0.2866666 -0.6399732 0.08774346 -0.2866666 -0.603886 0.07036483 -0.2866666 -0.5789129 0.0390495 -0.2866666 -0.5700001 0 -0.2866666 -0.5789129 -0.0390495 -0.2866666 -0.603886 -0.07036483 -0.2866666 -0.6399732 -0.08774346 -0.2866666 -0.6800269 -0.08774346 -0.2866666 -0.7161141 -0.07036483 -0.2866666 -0.7410872 -0.0390495 -0.215 -0.75 0 -0.215 -0.7410872 0.0390495 -0.215 -0.7161141 0.07036483 -0.215 -0.6800269 0.08774346 -0.215 -0.6399732 0.08774346 -0.215 -0.603886 0.07036483 -0.215 -0.5789129 0.0390495 -0.215 -0.5700001 0 -0.215 -0.5789129 -0.0390495 -0.215 -0.603886 -0.07036483 -0.215 -0.6399732 -0.08774346 -0.215 -0.6800269 -0.08774346 -0.215 -0.7161141 -0.07036483 -0.215 -0.7410872 -0.0390495 -0.1433334 -0.75 0 -0.1433334 -0.7410872 0.0390495 -0.1433334 -0.7161141 0.07036483 -0.1433334 -0.6800269 0.08774346 -0.1433334 -0.6399732 0.08774346 -0.1433334 -0.603886 0.07036483 -0.1433334 -0.5789129 0.0390495 -0.1433334 -0.5700001 0 -0.1433334 -0.5789129 -0.0390495 -0.1433334 -0.603886 -0.07036483 -0.1433334 -0.6399732 -0.08774346 -0.1433334 -0.6800269 -0.08774346 -0.1433334 -0.7161141 -0.07036483 -0.1433334 -0.7410872 -0.0390495 -0.07166659 -0.75 0 -0.07166659 -0.7410872 0.0390495 -0.07166659 -0.7161141 0.07036483 -0.07166659 -0.6800269 0.08774346 -0.07166659 -0.6399732 0.08774346 -0.07166659 -0.603886 0.07036483 -0.07166659 -0.5789129 0.0390495 -0.07166659 -0.5700001 0 -0.07166659 -0.5789129 -0.0390495 -0.07166659 -0.603886 -0.07036483 -0.07166659 -0.6399732 -0.08774346 -0.07166659 -0.6800269 -0.08774346 -0.07166659 -0.7161141 -0.07036483 -0.07166659 -0.7410872 -0.0390495 0 -0.75 0 0 -0.7410872 0.0390495 0 -0.7161141 0.07036483 0 -0.6800269 0.08774346 0 -0.6399732 0.08774346 0 -0.603886 0.07036483 0 -0.5789129 0.0390495 0 -0.5700001 0 0 -0.5789129 -0.0390495 0 -0.603886 -0.07036483 0 -0.6399732 -0.08774346 0 -0.6800269 -0.08774346 0 -0.7161141 -0.07036483 0 -0.7410872 -0.0390495 0.07166671 -0.75 0 0.07166671 -0.7410872 0.0390495 0.07166671 -0.7161141 0.07036483 0.07166671 -0.6800269 0.08774346 0.07166671 -0.6399732 0.08774346 0.07166671 -0.603886 0.07036483 0.07166671 -0.5789129 0.0390495 0.07166671 -0.5700001 0 0.07166671 -0.5789129 -0.0390495 0.07166671 -0.603886 -0.07036483 0.07166671 -0.6399732 -0.08774346 0.07166671 -0.6800269 -0.08774346 0.07166671 -0.7161141 -0.07036483 0.07166671 -0.7410872 -0.0390495 0.1433333 -0.75 0 0.1433333 -0.7410872 0.0390495 0.1433333 -0.7161141 0.07036483 0.1433333 -0.6800269 0.08774346 0.1433333 -0.6399732 0.08774346 0.1433333 -0.603886 0.07036483 0.1433333 -0.5789129 0.0390495 0.1433333 -0.5700001 0 0.1433333 -0.5789129 -0.0390495 0.1433333 -0.603886 -0.07036483 0.1433333 -0.6399732 -0.08774346 0.1433333 -0.6800269 -0.08774346 0.1433333 -0.7161141 -0.07036483 0.1433333 -0.7410872 -0.0390495 0.215 -0.75 0 0.215 -0.7410872 0.0390495 0.215 -0.7161141 0.07036483 0.215 -0.6800269 0.08774346 0.215 -0.6399732 0.08774346 0.215 -0.603886 0.07036483 0.215 -0.5789129 0.0390495 0.215 -0.5700001 0 0.215 -0.5789129 -0.0390495 0.215 -0.603886 -0.07036483 0.215 -0.6399732 -0.08774346 0.215 -0.6800269 -0.08774346 0.215 -0.7161141 -0.07036483 0.215 -0.7410872 -0.0390495 0.2866667 -0.75 0 0.2866667 -0.7410872 0.0390495 0.2866667 -0.7161141 0.07036483 0.2866667 -0.6800269 0.08774346 0.2866667 -0.6399732 0.08774346 0.2866667 -0.603886 0.07036483 0.2866667 -0.5789129 0.0390495 0.2866667 -0.5700001 0 0.2866667 -0.5789129 -0.0390495 0.2866667 -0.603886 -0.07036483 0.2866667 -0.6399732 -0.08774346 0.2866667 -0.6800269 -0.08774346 0.2866667 -0.7161141 -0.07036483 0.2866667 -0.7410872 -0.0390495 0.3583333 -0.75 0 0.3583333 -0.7410872 0.0390495 0.3583333 -0.7161141 0.07036483 0.3583333 -0.6800269 0.08774346 0.3583333 -0.6399732 0.08774346 0.3583333 -0.603886 0.07036483 0.3583333 -0.5789129 0.0390495 0.3583333 -0.5700001 0 0.3583333 -0.5789129 -0.0390495 0.3583333 -0.603886 -0.07036483 0.3583333 -0.6399732 -0.08774346 0.3583333 -0.6800269 -0.08774346 0.3583333 -0.7161141 -0.07036483 0.3583333 -0.7410872 -0.0390495 0.43 -0.75 0 0.43 -0.7410872 0.0390495 0.43 -0.7161141 0.07036483 0.43 -0.6800269 0.08774346 0.43 -0.6399732 0.08774346 0.43 -0.603886 0.07036483 0.43 -0.5789129 0.0390495 0.43 -0.5700001 0 0.43 -0.5789129 -0.0390495 0.43 -0.603886 -0.07036483 0.43 -0.6399732 -0.08774346 0.43 -0.6800269 -0.08774346 0.43 -0.7161141 -0.07036483 0.43 -0.7410872 -0.0390495 0.5016667 -0.75 0 0.5016667 -0.7410872 0.0390495 0.5016667 -0.7161141 0.07036483 0.5016667 -0.6800269 0.08774346 0.5016667 -0.6399732 0.08774346 0.5016667 -0.603886 0.07036483 0.5016667 -0.5789129 0.0390495 0.5016667 -0.5700001 0 0.5016667 -0.5789129 -0.0390495 0.5016667 -0.603886 -0.07036483 0.5016667 -0.6399732 -0.08774346 0.5016667 -0.6800269 -0.08774346 0.5016667 -0.7161141 -0.07036483 0.5016667 -0.7410872 -0.0390495 0.5733333 -0.75 0 0.5733333 -0.7410872 0.0390495 0.5733333 -0.7161141 0.07036483 0.5733333 -0.6800269 0.08774346 0.5733333 -0.6399732 0.08774346 0.5733333 -0.603886 0.07036483 0.5733333 -0.5789129 0.0390495 0.5733333 -0.5700001 0 0.5733333 -0.5789129 -0.0390495 0.5733333 -0.603886 -0.07036483 0.5733333 -0.6399732 -0.08774346 0.5733333 -0.6800269 -0.08774346 0.5733333 -0.7161141 -0.07036483 0.5733333 -0.7410872 -0.0390495 0.645 -0.75 0 0.645 -0.7410872 0.0390495 0.645 -0.7161141 0.07036483 0.645 -0.6800269 0.08774346 0.645 -0.6399732 0.08774346 0.645 -0.603886 0.07036483 0.645 -0.5789129 0.0390495 0.645 -0.5700001 0 0.645 -0.5789129 -0.0390495 0.645 -0.603886 -0.07036483 0.645 -0.6399732 -0.08774346 0.645 -0.6800269 -0.08774346 0.645 -0.7161141 -0.07036483 0.645 -0.7410872 -0.0390495 0.7166667 -0.75 0 0.7166667 -0.7410872 0.0390495 0.7166667 -0.7161141 0.07036483 0.7166667 -0.6800269 0.08774346 0.7166667 -0.6399732 0.08774346 0.7166667 -0.603886 0.07036483 0.7166667 -0.5789129 0.0390495 0.7166667 -0.5700001 0 0.7166667 -0.5789129 -0.0390495 0.7166667 -0.603886 -0.07036483 0.7166667 -0.6399732 -0.08774346 0.7166667 -0.6800269 -0.08774346 0.7166667 -0.7161141 -0.07036483 0.7166667 -0.7410872 -0.0390495 0.7883333 -0.75 0 0.7883333 -0.7410872 0.0390495 0.7883333 -0.7161141 0.07036483 0.7883333 -0.6800269 0.08774346 0.7883333 -0.6399732 0.08774346 0.7883333 -0.603886 0.07036483 0.7883333 -0.5789129 0.0390495 0.7883333 -0.5700001 0 0.7883333 -0.5789129 -0.0390495 0.7883333 -0.603886 -0.07036483 0.7883333 -0.6399732 -0.08774346 0.7883333 -0.6800269 -0.08774346 0.7883333 -0.7161141 -0.07036483 0.7883333 -0.7410872 -0.0390495 0.86 -0.75 0 0.86 -0.7410872 0.0390495 0.86 -0.7161141 0.07036483 0.86 -0.6800269 0.08774346 0.86 -0.6399732 0.08774346 0.86 -0.603886 0.07036483 0.86 -0.5789129 0.0390495 0.86 -0.5700001 0 0.86 -0.5789129 -0.0390495 0.86 -0.603886 -0.07036483 0.86 -0.6399732 -0.08774346 0.86 -0.6800269 -0.08774346 0.86 -0.7161141 -0.07036483 0.86 -0.7410872 -0.0390495 0.9109053 -0.7466636 0 0.9097419 -0.737827 0.0390495 0.9064822 -0.7130675 0.07036483 0.9017719 -0.6772891 0.08774346 0.8965439 -0.637578 0.08774346 0.8918336 -0.6017995 0.07036483 0.8885739 -0.57704 0.0390495 0.8874105 -0.5682035 0 0.8885739 -0.57704 -0.0390495 0.8918336 -0.6017995 -0.07036483 0.8965439 -0.637578 -0.08774346 0.9017719 -0.6772891 -0.08774346 0.9064822 -0.7130675 -0.07036483 0.9097419 -0.737827 -0.0390495 0.9609395 -0.7367111 0 0.9586327 -0.728102 0.0390495 0.9521691 -0.7039798 0.07036483 0.9428291 -0.6691223 0.08774346 0.9324624 -0.6304333 0.08774346 0.9231224 -0.5955758 0.07036483 0.9166588 -0.5714536 0.0390495 0.914352 -0.5628445 0 0.9166588 -0.5714536 -0.0390495 0.9231224 -0.5955758 -0.07036483 0.9324624 -0.6304333 -0.08774346 0.9428291 -0.6691223 -0.08774346 0.9521691 -0.7039798 -0.07036483 0.9586327 -0.728102 -0.0390495 1.009247 -0.720313 0 1.005836 -0.7120787 0.0390495 0.996279 -0.6890065 0.07036483 0.982469 -0.6556663 0.08774346 0.9671411 -0.6186615 0.08774346 0.9533311 -0.5853213 0.07036483 0.9437744 -0.5622491 0.0390495 0.9403635 -0.5540148 0 0.9437744 -0.5622491 -0.0390495 0.9533311 -0.5853213 -0.07036483 0.9671411 -0.6186615 -0.08774346 0.982469 -0.6556663 -0.08774346 0.996279 -0.6890065 -0.07036483 1.005836 -0.7120787 -0.0390495 1.055 -0.6977499 0 1.050544 -0.6900312 0.0390495 1.038057 -0.6684038 0.07036483 1.020013 -0.6371514 0.08774346 0.9999865 -0.6024638 0.08774346 0.981943 -0.5712114 0.07036483 0.9694564 -0.549584 0.0390495 0.965 -0.5418653 0 0.9694564 -0.549584 -0.0390495 0.981943 -0.5712114 -0.07036483 0.9999865 -0.6024638 -0.08774346 1.020013 -0.6371514 -0.08774346 1.038057 -0.6684038 -0.07036483 1.050544 -0.6900312 -0.0390495 1.097417 -0.6694079 0 1.091991 -0.6623368 0.0390495 1.076789 -0.6425243 0.07036483 1.05482 -0.6138944 0.08774346 1.030437 -0.5821176 0.08774346 1.008468 -0.5534877 0.07036483 0.9932656 -0.5336752 0.0390495 0.9878399 -0.5266042 0 0.9932656 -0.5336752 -0.0390495 1.008468 -0.5534877 -0.07036483 1.030437 -0.5821176 -0.08774346 1.05482 -0.6138944 -0.08774346 1.076789 -0.6425243 -0.07036483 1.091991 -0.6623368 -0.0390495 1.135772 -0.6357716 0 1.129469 -0.6294693 0.0390495 1.111811 -0.6118107 0.07036483 1.086293 -0.5862932 0.08774346 1.057971 -0.5579709 0.08774346 1.032453 -0.5324534 0.07036483 1.014795 -0.5147948 0.0390495 1.008492 -0.5084925 0 1.014795 -0.5147948 -0.0390495 1.032453 -0.5324534 -0.07036483 1.057971 -0.5579709 -0.08774346 1.086293 -0.5862932 -0.08774346 1.111811 -0.6118107 -0.07036483 1.129469 -0.6294693 -0.0390495 1.169408 -0.597417 0 1.162337 -0.5919913 0.0390495 1.142524 -0.5767886 0.07036483 1.113894 -0.5548201 0.08774346 1.082118 -0.5304369 0.08774346 1.053488 -0.5084684 0.07036483 1.033675 -0.4932657 0.0390495 1.026604 -0.4878399 0 1.033675 -0.4932657 -0.0390495 1.053488 -0.5084684 -0.07036483 1.082118 -0.5304369 -0.08774346 1.113894 -0.5548201 -0.08774346 1.142524 -0.5767886 -0.07036483 1.162337 -0.5919913 -0.0390495 1.19775 -0.555 0 1.190031 -0.5505436 0.0390495 1.168404 -0.538057 0.07036483 1.137151 -0.5200135 0.08774346 1.102464 -0.4999865 0.08774346 1.071211 -0.481943 0.07036483 1.049584 -0.4694564 0.0390495 1.041865 -0.465 0 1.049584 -0.4694564 -0.0390495 1.071211 -0.481943 -0.07036483 1.102464 -0.4999865 -0.08774346 1.137151 -0.5200135 -0.08774346 1.168404 -0.538057 -0.07036483 1.190031 -0.5505436 -0.0390495 1.220313 -0.5092466 0 1.212079 -0.5058358 0.0390495 1.189007 -0.496279 0.07036483 1.155666 -0.482469 0.08774346 1.118661 -0.4671411 0.08774346 1.085321 -0.4533311 0.07036483 1.062249 -0.4437744 0.0390495 1.054015 -0.4403635 0 1.062249 -0.4437744 -0.0390495 1.085321 -0.4533311 -0.07036483 1.118661 -0.4671411 -0.08774346 1.155666 -0.482469 -0.08774346 1.189007 -0.496279 -0.07036483 1.212079 -0.5058358 -0.0390495 1.236711 -0.4609394 0 1.228102 -0.4586327 0.0390495 1.20398 -0.4521691 0.07036483 1.169122 -0.4428291 0.08774346 1.130433 -0.4324624 0.08774346 1.095576 -0.4231224 0.07036483 1.071454 -0.4166588 0.0390495 1.062844 -0.414352 0 1.071454 -0.4166588 -0.0390495 1.095576 -0.4231224 -0.07036483 1.130433 -0.4324624 -0.08774346 1.169122 -0.4428291 -0.08774346 1.20398 -0.4521691 -0.07036483 1.228102 -0.4586327 -0.0390495 1.246664 -0.4109053 0 1.237827 -0.4097419 0.0390495 1.213068 -0.4064822 0.07036483 1.177289 -0.4017719 0.08774346 1.137578 -0.3965439 0.08774346 1.101799 -0.3918335 0.07036483 1.07704 -0.3885739 0.0390495 1.068203 -0.3874105 0 1.07704 -0.3885739 -0.0390495 1.101799 -0.3918335 -0.07036483 1.137578 -0.3965439 -0.08774346 1.177289 -0.4017719 -0.08774346 1.213068 -0.4064822 -0.07036483 1.237827 -0.4097419 -0.0390495 1.24 -0.384 -0.2 1.24 -0.336 -0.2 1.25 -0.336 -0.2 1.25 -0.384 -0.2 1.22 -0.388 -0.03999996 1.22 -0.332 -0.03999996 1.23 -0.332 -0.03999996 1.23 -0.388 -0.03999996 1.24 -0.3276366 -0.2 1.24 -0.2796366 -0.2 1.25 -0.2796366 -0.2 1.25 -0.3276366 -0.2 1.22 -0.3316366 -0.03999996 1.22 -0.2756366 -0.03999996 1.23 -0.2756366 -0.03999996 1.23 -0.3316366 -0.03999996 1.24 -0.2712731 -0.2 1.24 -0.2232732 -0.2 1.25 -0.2232732 -0.2 1.25 -0.2712731 -0.2 1.22 -0.2752732 -0.03999996 1.22 -0.2192732 -0.03999996 1.23 -0.2192732 -0.03999996 1.23 -0.2752732 -0.03999996 1.24 -0.2149097 -0.2 1.24 -0.1669097 -0.2 1.25 -0.1669097 -0.2 1.25 -0.2149097 -0.2 1.22 -0.2189098 -0.03999996 1.22 -0.1629098 -0.03999996 1.23 -0.1629098 -0.03999996 1.23 -0.2189098 -0.03999996 1.24 -0.1585463 -0.2 1.24 -0.1105463 -0.2 1.25 -0.1105463 -0.2 1.25 -0.1585463 -0.2 1.22 -0.1625463 -0.03999996 1.22 -0.1065463 -0.03999996 1.23 -0.1065463 -0.03999996 1.23 -0.1625463 -0.03999996 1.24 -0.1021829 -0.2 1.24 -0.05418288 -0.2 1.25 -0.05418288 -0.2 1.25 -0.1021829 -0.2 1.22 -0.1061829 -0.03999996 1.22 -0.05018287 -0.03999996 1.23 -0.05018287 -0.03999996 1.23 -0.1061829 -0.03999996 1.24 -0.04581946 -0.2 1.24 0.002180457 -0.2 1.25 0.002180457 -0.2 1.25 -0.04581946 -0.2 1.22 -0.04981946 -0.03999996 1.22 0.006180465 -0.03999996 1.23 0.006180465 -0.03999996 1.23 -0.04981946 -0.03999996 1.24 0.01054388 -0.2 1.24 0.05854392 -0.2 1.25 0.05854392 -0.2 1.25 0.01054388 -0.2 1.22 0.006543874 -0.03999996 1.22 0.06254392 -0.03999996 1.23 0.06254392 -0.03999996 1.23 0.006543874 -0.03999996 1.24 0.06690734 -0.2 1.24 0.1149073 -0.2 1.25 0.1149073 -0.2 1.25 0.06690734 -0.2 1.22 0.06290733 -0.03999996 1.22 0.1189073 -0.03999996 1.23 0.1189073 -0.03999996 1.23 0.06290733 -0.03999996 1.24 0.1232707 -0.2 1.24 0.1712707 -0.2 1.25 0.1712707 -0.2 1.25 0.1232707 -0.2 1.22 0.1192708 -0.03999996 1.22 0.1752707 -0.03999996 1.23 0.1752707 -0.03999996 1.23 0.1192708 -0.03999996 1.24 0.1796342 -0.2 1.24 0.2276341 -0.2 1.25 0.2276341 -0.2 1.25 0.1796342 -0.2 1.22 0.1756342 -0.03999996 1.22 0.2316341 -0.03999996 1.23 0.2316341 -0.03999996 1.23 0.1756342 -0.03999996 1.24 0.2359976 -0.2 1.24 0.2839976 -0.2 1.25 0.2839976 -0.2 1.25 0.2359976 -0.2 1.22 0.2319976 -0.03999996 1.22 0.2879976 -0.03999996 1.23 0.2879976 -0.03999996 1.23 0.2319976 -0.03999996 1.24 0.2923609 -0.2 1.24 0.3403608 -0.2 1.25 0.3403608 -0.2 1.25 0.2923609 -0.2 1.22 0.2883609 -0.03999996 1.22 0.3443609 -0.03999996 1.23 0.3443609 -0.03999996 1.23 0.2883609 -0.03999996 1.240566 0.3539808 -0.2 1.237427 0.4018781 -0.2 1.247405 0.4025321 -0.2 1.250545 0.3546349 -0.2 1.220871 0.3486814 -0.03999996 1.217208 0.4045615 -0.03999996 1.227187 0.4052155 -0.03999996 1.230849 0.3493354 -0.03999996 1.234756 0.4204987 -0.2 1.225391 0.4675765 -0.2 1.235199 0.4695274 -0.2 1.244564 0.4224497 -0.2 1.21592 0.4126738 -0.03999996 1.204995 0.4675978 -0.03999996 1.214803 0.4695487 -0.03999996 1.225728 0.4146248 -0.03999996 1.216112 0.4955922 -0.2 1.194882 0.5386421 -0.2 1.20385 0.543065 -0.2 1.22508 0.5000151 -0.2 1.199943 0.4831589 -0.03999996 1.175175 0.5333838 -0.03999996 1.184144 0.5378067 -0.03999996 1.208912 0.4875818 -0.03999996 1.185855 0.5551499 -0.2 1.159187 0.5950605 -0.2 1.167502 0.6006162 -0.2 1.194169 0.5607057 -0.2 1.171447 0.5407127 -0.03999996 1.140336 0.587275 -0.03999996 1.14865 0.5928307 -0.03999996 1.179762 0.5462684 -0.03999996 1.140874 0.6182531 -0.2 1.104785 0.6499016 -0.2 1.111379 0.65742 -0.2 1.147467 0.6257715 -0.2 1.130694 0.6005789 -0.03999996 1.088591 0.6375021 -0.03999996 1.095185 0.6450206 -0.03999996 1.137288 0.6080973 -0.03999996 1.090526 0.6622171 -0.2 1.050615 0.6888844 -0.2 1.056171 0.6971992 -0.2 1.096082 0.6705318 -0.2 1.082741 0.6433654 -0.03999996 1.036178 0.6744773 -0.03999996 1.041734 0.6827921 -0.03999996 1.088296 0.6516801 -0.03999996 1.033751 0.6972939 -0.2 0.990701 0.7185238 -0.2 0.9951239 0.7274925 -0.2 1.038174 0.7062626 -0.2 1.028492 0.6775873 -0.03999996 0.9782676 0.7023555 -0.03999996 0.9826905 0.7113242 -0.03999996 1.032915 0.686556 -0.03999996 0.9622277 0.7264555 -0.2 0.91515 0.7358198 -0.2 0.9171009 0.7456277 -0.2 0.9641785 0.7362633 -0.2 0.962249 0.7060594 -0.03999996 0.907325 0.7169845 -0.03999996 0.9092758 0.7267923 -0.03999996 0.9641999 0.7158672 -0.03999996 0.896436 0.7377836 -0.2 0.8485388 0.7409229 -0.2 0.8491928 0.7509015 -0.2 0.89709 0.7477621 -0.2 0.8991194 0.7175648 -0.03999996 0.8432394 0.7212274 -0.03999996 0.8438934 0.7312059 -0.03999996 0.8997734 0.7275433 -0.03999996 0.8349074 0.74 -0.2 0.7869074 0.74 -0.2 0.7869074 0.75 -0.2 0.8349074 0.75 -0.2 0.8389074 0.72 -0.03999996 0.7829074 0.72 -0.03999996 0.7829074 0.73 -0.03999996 0.8389074 0.73 -0.03999996 0.7785439 0.74 -0.2 0.7305439 0.74 -0.2 0.7305439 0.75 -0.2 0.7785439 0.75 -0.2 0.7825439 0.72 -0.03999996 0.7265439 0.72 -0.03999996 0.7265439 0.73 -0.03999996 0.7825439 0.73 -0.03999996 0.7221805 0.74 -0.2 0.6741805 0.74 -0.2 0.6741805 0.75 -0.2 0.7221805 0.75 -0.2 0.7261805 0.72 -0.03999996 0.6701805 0.72 -0.03999996 0.6701805 0.73 -0.03999996 0.7261805 0.73 -0.03999996 0.6658171 0.74 -0.2 0.6178171 0.74 -0.2 0.6178171 0.75 -0.2 0.6658171 0.75 -0.2 0.6698171 0.72 -0.03999996 0.6138171 0.72 -0.03999996 0.6138171 0.73 -0.03999996 0.6698171 0.73 -0.03999996 0.6094537 0.74 -0.2 0.5614537 0.74 -0.2 0.5614537 0.75 -0.2 0.6094537 0.75 -0.2 0.6134537 0.72 -0.03999996 0.5574537 0.72 -0.03999996 0.5574537 0.73 -0.03999996 0.6134537 0.73 -0.03999996 0.5530903 0.74 -0.2 0.5050903 0.74 -0.2 0.5050903 0.75 -0.2 0.5530903 0.75 -0.2 0.5570903 0.72 -0.03999996 0.5010903 0.72 -0.03999996 0.5010903 0.73 -0.03999996 0.5570903 0.73 -0.03999996 0.4967268 0.74 -0.2 0.4487268 0.74 -0.2 0.4487268 0.75 -0.2 0.4967268 0.75 -0.2 0.5007269 0.72 -0.03999996 0.4447268 0.72 -0.03999996 0.4447268 0.73 -0.03999996 0.5007269 0.73 -0.03999996 0.4403634 0.74 -0.2 0.3923634 0.74 -0.2 0.3923634 0.75 -0.2 0.4403634 0.75 -0.2 0.4443634 0.72 -0.03999996 0.3883634 0.72 -0.03999996 0.3883634 0.73 -0.03999996 0.4443634 0.73 -0.03999996 0.384 0.74 -0.2 0.336 0.74 -0.2 0.336 0.75 -0.2 0.384 0.75 -0.2 0.388 0.72 -0.03999996 0.332 0.72 -0.03999996 0.332 0.73 -0.03999996 0.388 0.73 -0.03999996 0.3276366 0.74 -0.2 0.2796366 0.74 -0.2 0.2796366 0.75 -0.2 0.3276366 0.75 -0.2 0.3316366 0.72 -0.03999996 0.2756366 0.72 -0.03999996 0.2756366 0.73 -0.03999996 0.3316366 0.73 -0.03999996 0.2712731 0.74 -0.2 0.2232732 0.74 -0.2 0.2232732 0.75 -0.2 0.2712731 0.75 -0.2 0.2752732 0.72 -0.03999996 0.2192732 0.72 -0.03999996 0.2192732 0.73 -0.03999996 0.2752732 0.73 -0.03999996 0.2149097 0.74 -0.2 0.1669097 0.74 -0.2 0.1669097 0.75 -0.2 0.2149097 0.75 -0.2 0.2189098 0.72 -0.03999996 0.1629098 0.72 -0.03999996 0.1629098 0.73 -0.03999996 0.2189098 0.73 -0.03999996 0.1585463 0.74 -0.2 0.1105463 0.74 -0.2 0.1105463 0.75 -0.2 0.1585463 0.75 -0.2 0.1625463 0.72 -0.03999996 0.1065463 0.72 -0.03999996 0.1065463 0.73 -0.03999996 0.1625463 0.73 -0.03999996 0.1021829 0.74 -0.2 0.05418288 0.74 -0.2 0.05418288 0.75 -0.2 0.1021829 0.75 -0.2 0.1061829 0.72 -0.03999996 0.05018287 0.72 -0.03999996 0.05018287 0.73 -0.03999996 0.1061829 0.73 -0.03999996 0.04581946 0.74 -0.2 -0.002180457 0.74 -0.2 -0.002180457 0.75 -0.2 0.04581946 0.75 -0.2 0.04981946 0.72 -0.03999996 -0.006180465 0.72 -0.03999996 -0.006180465 0.73 -0.03999996 0.04981946 0.73 -0.03999996 -0.01054388 0.74 -0.2 -0.05854386 0.74 -0.2 -0.05854386 0.75 -0.2 -0.01054388 0.75 -0.2 -0.006543874 0.72 -0.03999996 -0.06254386 0.72 -0.03999996 -0.06254386 0.73 -0.03999996 -0.006543874 0.73 -0.03999996 -0.06690728 0.74 -0.2 -0.1149073 0.74 -0.2 -0.1149073 0.75 -0.2 -0.06690728 0.75 -0.2 -0.06290733 0.72 -0.03999996 -0.1189073 0.72 -0.03999996 -0.1189073 0.73 -0.03999996 -0.06290733 0.73 -0.03999996 -0.1232707 0.74 -0.2 -0.1712707 0.74 -0.2 -0.1712707 0.75 -0.2 -0.1232707 0.75 -0.2 -0.1192708 0.72 -0.03999996 -0.1752707 0.72 -0.03999996 -0.1752707 0.73 -0.03999996 -0.1192708 0.73 -0.03999996 -0.1796342 0.74 -0.2 -0.2276341 0.74 -0.2 -0.2276341 0.75 -0.2 -0.1796342 0.75 -0.2 -0.1756342 0.72 -0.03999996 -0.2316341 0.72 -0.03999996 -0.2316341 0.73 -0.03999996 -0.1756342 0.73 -0.03999996 -0.2359976 0.74 -0.2 -0.2839976 0.74 -0.2 -0.2839976 0.75 -0.2 -0.2359976 0.75 -0.2 -0.2319976 0.72 -0.03999996 -0.2879976 0.72 -0.03999996 -0.2879976 0.73 -0.03999996 -0.2319976 0.73 -0.03999996 -0.292361 0.74 -0.2 -0.340361 0.74 -0.2 -0.340361 0.75 -0.2 -0.292361 0.75 -0.2 -0.288361 0.72 -0.03999996 -0.344361 0.72 -0.03999996 -0.344361 0.73 -0.03999996 -0.288361 0.73 -0.03999996 -0.3487244 0.74 -0.2 -0.3967244 0.74 -0.2 -0.3967244 0.75 -0.2 -0.3487244 0.75 -0.2 -0.3447244 0.72 -0.03999996 -0.4007244 0.72 -0.03999996 -0.4007244 0.73 -0.03999996 -0.3447244 0.73 -0.03999996 -0.4050878 0.74 -0.2 -0.4530878 0.74 -0.2 -0.4530878 0.75 -0.2 -0.4050878 0.75 -0.2 -0.4010878 0.72 -0.03999996 -0.4570878 0.72 -0.03999996 -0.4570878 0.73 -0.03999996 -0.4010878 0.73 -0.03999996 -0.4614513 0.74 -0.2 -0.5094513 0.74 -0.2 -0.5094513 0.75 -0.2 -0.4614513 0.75 -0.2 -0.4574513 0.72 -0.03999996 -0.5134513 0.72 -0.03999996 -0.5134513 0.73 -0.03999996 -0.4574513 0.73 -0.03999996 -0.5178147 0.74 -0.2 -0.5658147 0.74 -0.2 -0.5658147 0.75 -0.2 -0.5178147 0.75 -0.2 -0.5138147 0.72 -0.03999996 -0.5698147 0.72 -0.03999996 -0.5698147 0.73 -0.03999996 -0.5138147 0.73 -0.03999996 -0.5741782 0.74 -0.2 -0.6221781 0.74 -0.2 -0.6221781 0.75 -0.2 -0.5741782 0.75 -0.2 -0.5701782 0.72 -0.03999996 -0.6261782 0.72 -0.03999996 -0.6261782 0.73 -0.03999996 -0.5701782 0.73 -0.03999996 -0.6305415 0.74 -0.2 -0.6785415 0.74 -0.2 -0.6785415 0.75 -0.2 -0.6305415 0.75 -0.2 -0.6265415 0.72 -0.03999996 -0.6825415 0.72 -0.03999996 -0.6825415 0.73 -0.03999996 -0.6265415 0.73 -0.03999996 -0.6869049 0.74 -0.2 -0.7349049 0.74 -0.2 -0.7349049 0.75 -0.2 -0.6869049 0.75 -0.2 -0.6829049 0.72 -0.03999996 -0.7389049 0.72 -0.03999996 -0.7389049 0.73 -0.03999996 -0.6829049 0.73 -0.03999996 -0.7432683 0.74 -0.2 -0.7912683 0.74 -0.2 -0.7912683 0.75 -0.2 -0.7432683 0.75 -0.2 -0.7392683 0.72 -0.03999996 -0.7952683 0.72 -0.03999996 -0.7952683 0.73 -0.03999996 -0.7392683 0.73 -0.03999996 -0.7996318 0.74 -0.2 -0.8476318 0.74 -0.2 -0.8476318 0.75 -0.2 -0.7996318 0.75 -0.2 -0.7956318 0.72 -0.03999996 -0.8516318 0.72 -0.03999996 -0.8516318 0.73 -0.03999996 -0.7956318 0.73 -0.03999996 -0.861236 0.7400907 -0.2 -0.9091332 0.7369514 -0.2 -0.9097872 0.7469299 -0.2 -0.86189 0.7500693 -0.2 -0.8559365 0.7203952 -0.03999996 -0.9118166 0.7167326 -0.03999996 -0.9124706 0.7267111 -0.03999996 -0.8565905 0.7303737 -0.03999996 -0.9276299 0.7333374 -0.2 -0.9747076 0.723973 -0.2 -0.9766584 0.7337809 -0.2 -0.9295808 0.7431452 -0.2 -0.9198049 0.714502 -0.03999996 -0.9747289 0.703577 -0.03999996 -0.9766798 0.7133848 -0.03999996 -0.9217557 0.7243099 -0.03999996 -1.002113 0.7128959 -0.2 -1.045163 0.691666 -0.2 -1.049586 0.7006347 -0.2 -1.006536 0.7218646 -0.2 -0.9896799 0.6967276 -0.03999996 -1.039905 0.6719594 -0.03999996 -1.044328 0.6809281 -0.03999996 -0.9941028 0.7056963 -0.03999996 -1.061195 0.6818152 -0.2 -1.101106 0.6551478 -0.2 -1.106662 0.6634625 -0.2 -1.066751 0.6901299 -0.2 -1.046758 0.6674081 -0.03999996 -1.093321 0.6362961 -0.03999996 -1.098876 0.6446108 -0.03999996 -1.052314 0.6757228 -0.03999996 -1.123047 0.6354073 -0.2 -1.154695 0.5993189 -0.2 -1.162214 0.6059124 -0.2 -1.130565 0.6420007 -0.2 -1.105373 0.6252277 -0.03999996 -1.142296 0.5831246 -0.03999996 -1.149814 0.5897181 -0.03999996 -1.112891 0.6318212 -0.03999996 -1.166257 0.5844805 -0.2 -1.192924 0.54457 -0.2 -1.201239 0.5501257 -0.2 -1.174571 0.5900363 -0.2 -1.147405 0.576695 -0.03999996 -1.178517 0.5301327 -0.03999996 -1.186831 0.5356885 -0.03999996 -1.155719 0.5822508 -0.03999996 -1.206811 0.518513 -0.2 -1.22224 0.4730603 -0.2 -1.231709 0.4762747 -0.2 -1.21628 0.5217274 -0.2 -1.186586 0.515872 -0.03999996 -1.204587 0.4628438 -0.03999996 -1.214056 0.4660583 -0.03999996 -1.196056 0.5190863 -0.03999996 -1.227874 0.4550965 -0.2 -1.237238 0.4080188 -0.2 -1.247046 0.4099698 -0.2 -1.237682 0.4570474 -0.2 -1.207478 0.4551178 -0.03999996 -1.218403 0.4001939 -0.03999996 -1.228211 0.4021448 -0.03999996 -1.217286 0.4570688 -0.03999996 -1.238259 0.3891807 -0.2 -1.241398 0.3412835 -0.2 -1.251377 0.3419375 -0.2 -1.248238 0.3898347 -0.2 -1.21804 0.3918641 -0.03999996 -1.221703 0.335984 -0.03999996 -1.231681 0.336638 -0.03999996 -1.228019 0.3925181 -0.03999996 -1.24 0.3276366 -0.2 -1.24 0.2796366 -0.2 -1.25 0.2796366 -0.2 -1.25 0.3276366 -0.2 -1.22 0.3316366 -0.03999996 -1.22 0.2756366 -0.03999996 -1.23 0.2756366 -0.03999996 -1.23 0.3316366 -0.03999996 -1.24 0.2712731 -0.2 -1.24 0.2232732 -0.2 -1.25 0.2232732 -0.2 -1.25 0.2712731 -0.2 -1.22 0.2752732 -0.03999996 -1.22 0.2192732 -0.03999996 -1.23 0.2192732 -0.03999996 -1.23 0.2752732 -0.03999996 -1.24 0.2149097 -0.2 -1.24 0.1669097 -0.2 -1.25 0.1669097 -0.2 -1.25 0.2149097 -0.2 -1.22 0.2189098 -0.03999996 -1.22 0.1629098 -0.03999996 -1.23 0.1629098 -0.03999996 -1.23 0.2189098 -0.03999996 -1.24 0.1585463 -0.2 -1.24 0.1105463 -0.2 -1.25 0.1105463 -0.2 -1.25 0.1585463 -0.2 -1.22 0.1625463 -0.03999996 -1.22 0.1065463 -0.03999996 -1.23 0.1065463 -0.03999996 -1.23 0.1625463 -0.03999996 -1.24 0.1021829 -0.2 -1.24 0.05418288 -0.2 -1.25 0.05418288 -0.2 -1.25 0.1021829 -0.2 -1.22 0.1061829 -0.03999996 -1.22 0.05018287 -0.03999996 -1.23 0.05018287 -0.03999996 -1.23 0.1061829 -0.03999996 -1.24 0.04581946 -0.2 -1.24 -0.002180457 -0.2 -1.25 -0.002180457 -0.2 -1.25 0.04581946 -0.2 -1.22 0.04981946 -0.03999996 -1.22 -0.006180465 -0.03999996 -1.23 -0.006180465 -0.03999996 -1.23 0.04981946 -0.03999996 -1.24 -0.01054388 -0.2 -1.24 -0.05854392 -0.2 -1.25 -0.05854392 -0.2 -1.25 -0.01054388 -0.2 -1.22 -0.006543874 -0.03999996 -1.22 -0.06254392 -0.03999996 -1.23 -0.06254392 -0.03999996 -1.23 -0.006543874 -0.03999996 -1.24 -0.06690734 -0.2 -1.24 -0.1149073 -0.2 -1.25 -0.1149073 -0.2 -1.25 -0.06690734 -0.2 -1.22 -0.06290733 -0.03999996 -1.22 -0.1189073 -0.03999996 -1.23 -0.1189073 -0.03999996 -1.23 -0.06290733 -0.03999996 -1.24 -0.1232707 -0.2 -1.24 -0.1712707 -0.2 -1.25 -0.1712707 -0.2 -1.25 -0.1232707 -0.2 -1.22 -0.1192708 -0.03999996 -1.22 -0.1752707 -0.03999996 -1.23 -0.1752707 -0.03999996 -1.23 -0.1192708 -0.03999996 -1.24 -0.1796342 -0.2 -1.24 -0.2276341 -0.2 -1.25 -0.2276341 -0.2 -1.25 -0.1796342 -0.2 -1.22 -0.1756342 -0.03999996 -1.22 -0.2316341 -0.03999996 -1.23 -0.2316341 -0.03999996 -1.23 -0.1756342 -0.03999996 -1.24 -0.2359976 -0.2 -1.24 -0.2839976 -0.2 -1.25 -0.2839976 -0.2 -1.25 -0.2359976 -0.2 -1.22 -0.2319976 -0.03999996 -1.22 -0.2879976 -0.03999996 -1.23 -0.2879976 -0.03999996 -1.23 -0.2319976 -0.03999996 -1.24 -0.2923609 -0.2 -1.24 -0.3403608 -0.2 -1.25 -0.3403608 -0.2 -1.25 -0.2923609 -0.2 -1.22 -0.2883609 -0.03999996 -1.22 -0.3443609 -0.03999996 -1.23 -0.3443609 -0.03999996 -1.23 -0.2883609 -0.03999996 -1.240566 -0.3539808 -0.2 -1.237427 -0.4018781 -0.2 -1.247405 -0.4025321 -0.2 -1.250545 -0.3546349 -0.2 -1.220871 -0.3486814 -0.03999996 -1.217208 -0.4045615 -0.03999996 -1.227187 -0.4052155 -0.03999996 -1.230849 -0.3493354 -0.03999996 -1.234756 -0.4204987 -0.2 -1.225391 -0.4675765 -0.2 -1.235199 -0.4695274 -0.2 -1.244564 -0.4224497 -0.2 -1.21592 -0.4126738 -0.03999996 -1.204995 -0.4675978 -0.03999996 -1.214803 -0.4695487 -0.03999996 -1.225728 -0.4146248 -0.03999996 -1.216112 -0.4955922 -0.2 -1.194882 -0.5386421 -0.2 -1.20385 -0.543065 -0.2 -1.22508 -0.5000151 -0.2 -1.199943 -0.4831589 -0.03999996 -1.175175 -0.5333838 -0.03999996 -1.184144 -0.5378067 -0.03999996 -1.208912 -0.4875818 -0.03999996 -1.185855 -0.5551499 -0.2 -1.159187 -0.5950605 -0.2 -1.167502 -0.6006162 -0.2 -1.194169 -0.5607057 -0.2 -1.171447 -0.5407127 -0.03999996 -1.140336 -0.587275 -0.03999996 -1.14865 -0.5928307 -0.03999996 -1.179762 -0.5462684 -0.03999996 -1.140874 -0.6182531 -0.2 -1.104785 -0.6499016 -0.2 -1.111379 -0.65742 -0.2 -1.147467 -0.6257715 -0.2 -1.130694 -0.6005789 -0.03999996 -1.088591 -0.6375021 -0.03999996 -1.095185 -0.6450206 -0.03999996 -1.137288 -0.6080973 -0.03999996 -1.090526 -0.6622171 -0.2 -1.050615 -0.6888844 -0.2 -1.056171 -0.6971992 -0.2 -1.096082 -0.6705318 -0.2 -1.082741 -0.6433654 -0.03999996 -1.036178 -0.6744773 -0.03999996 -1.041734 -0.6827921 -0.03999996 -1.088296 -0.6516801 -0.03999996 -1.033751 -0.6972939 -0.2 -0.990701 -0.7185238 -0.2 -0.9951239 -0.7274925 -0.2 -1.038174 -0.7062626 -0.2 -1.028492 -0.6775873 -0.03999996 -0.9782676 -0.7023555 -0.03999996 -0.9826905 -0.7113242 -0.03999996 -1.032915 -0.686556 -0.03999996 -0.9622277 -0.7264555 -0.2 -0.91515 -0.7358198 -0.2 -0.9171009 -0.7456277 -0.2 -0.9641785 -0.7362633 -0.2 -0.962249 -0.7060594 -0.03999996 -0.907325 -0.7169845 -0.03999996 -0.9092758 -0.7267923 -0.03999996 -0.9641999 -0.7158672 -0.03999996 -0.896436 -0.7377836 -0.2 -0.8485388 -0.7409229 -0.2 -0.8491928 -0.7509015 -0.2 -0.89709 -0.7477621 -0.2 -0.8991194 -0.7175648 -0.03999996 -0.8432394 -0.7212274 -0.03999996 -0.8438934 -0.7312059 -0.03999996 -0.8997734 -0.7275433 -0.03999996 -0.8349074 -0.74 -0.2 -0.7869074 -0.74 -0.2 -0.7869074 -0.75 -0.2 -0.8349074 -0.75 -0.2 -0.8389074 -0.72 -0.03999996 -0.7829074 -0.72 -0.03999996 -0.7829074 -0.73 -0.03999996 -0.8389074 -0.73 -0.03999996 -0.7785439 -0.74 -0.2 -0.7305439 -0.74 -0.2 -0.7305439 -0.75 -0.2 -0.7785439 -0.75 -0.2 -0.7825439 -0.72 -0.03999996 -0.7265439 -0.72 -0.03999996 -0.7265439 -0.73 -0.03999996 -0.7825439 -0.73 -0.03999996 -0.7221805 -0.74 -0.2 -0.6741805 -0.74 -0.2 -0.6741805 -0.75 -0.2 -0.7221805 -0.75 -0.2 -0.7261805 -0.72 -0.03999996 -0.6701805 -0.72 -0.03999996 -0.6701805 -0.73 -0.03999996 -0.7261805 -0.73 -0.03999996 -0.6658171 -0.74 -0.2 -0.6178171 -0.74 -0.2 -0.6178171 -0.75 -0.2 -0.6658171 -0.75 -0.2 -0.6698171 -0.72 -0.03999996 -0.6138171 -0.72 -0.03999996 -0.6138171 -0.73 -0.03999996 -0.6698171 -0.73 -0.03999996 -0.6094537 -0.74 -0.2 -0.5614537 -0.74 -0.2 -0.5614537 -0.75 -0.2 -0.6094537 -0.75 -0.2 -0.6134537 -0.72 -0.03999996 -0.5574537 -0.72 -0.03999996 -0.5574537 -0.73 -0.03999996 -0.6134537 -0.73 -0.03999996 -0.5530903 -0.74 -0.2 -0.5050903 -0.74 -0.2 -0.5050903 -0.75 -0.2 -0.5530903 -0.75 -0.2 -0.5570903 -0.72 -0.03999996 -0.5010903 -0.72 -0.03999996 -0.5010903 -0.73 -0.03999996 -0.5570903 -0.73 -0.03999996 -0.4967268 -0.74 -0.2 -0.4487268 -0.74 -0.2 -0.4487268 -0.75 -0.2 -0.4967268 -0.75 -0.2 -0.5007269 -0.72 -0.03999996 -0.4447268 -0.72 -0.03999996 -0.4447268 -0.73 -0.03999996 -0.5007269 -0.73 -0.03999996 -0.4403634 -0.74 -0.2 -0.3923634 -0.74 -0.2 -0.3923634 -0.75 -0.2 -0.4403634 -0.75 -0.2 -0.4443634 -0.72 -0.03999996 -0.3883634 -0.72 -0.03999996 -0.3883634 -0.73 -0.03999996 -0.4443634 -0.73 -0.03999996 -0.384 -0.74 -0.2 -0.336 -0.74 -0.2 -0.336 -0.75 -0.2 -0.384 -0.75 -0.2 -0.388 -0.72 -0.03999996 -0.332 -0.72 -0.03999996 -0.332 -0.73 -0.03999996 -0.388 -0.73 -0.03999996 -0.3276366 -0.74 -0.2 -0.2796366 -0.74 -0.2 -0.2796366 -0.75 -0.2 -0.3276366 -0.75 -0.2 -0.3316366 -0.72 -0.03999996 -0.2756366 -0.72 -0.03999996 -0.2756366 -0.73 -0.03999996 -0.3316366 -0.73 -0.03999996 -0.2712731 -0.74 -0.2 -0.2232732 -0.74 -0.2 -0.2232732 -0.75 -0.2 -0.2712731 -0.75 -0.2 -0.2752732 -0.72 -0.03999996 -0.2192732 -0.72 -0.03999996 -0.2192732 -0.73 -0.03999996 -0.2752732 -0.73 -0.03999996 -0.2149097 -0.74 -0.2 -0.1669097 -0.74 -0.2 -0.1669097 -0.75 -0.2 -0.2149097 -0.75 -0.2 -0.2189098 -0.72 -0.03999996 -0.1629098 -0.72 -0.03999996 -0.1629098 -0.73 -0.03999996 -0.2189098 -0.73 -0.03999996 -0.1585463 -0.74 -0.2 -0.1105463 -0.74 -0.2 -0.1105463 -0.75 -0.2 -0.1585463 -0.75 -0.2 -0.1625463 -0.72 -0.03999996 -0.1065463 -0.72 -0.03999996 -0.1065463 -0.73 -0.03999996 -0.1625463 -0.73 -0.03999996 -0.1021829 -0.74 -0.2 -0.05418288 -0.74 -0.2 -0.05418288 -0.75 -0.2 -0.1021829 -0.75 -0.2 -0.1061829 -0.72 -0.03999996 -0.05018287 -0.72 -0.03999996 -0.05018287 -0.73 -0.03999996 -0.1061829 -0.73 -0.03999996 -0.04581946 -0.74 -0.2 0.002180457 -0.74 -0.2 0.002180457 -0.75 -0.2 -0.04581946 -0.75 -0.2 -0.04981946 -0.72 -0.03999996 0.006180465 -0.72 -0.03999996 0.006180465 -0.73 -0.03999996 -0.04981946 -0.73 -0.03999996 0.01054388 -0.74 -0.2 0.05854386 -0.74 -0.2 0.05854386 -0.75 -0.2 0.01054388 -0.75 -0.2 0.006543874 -0.72 -0.03999996 0.06254386 -0.72 -0.03999996 0.06254386 -0.73 -0.03999996 0.006543874 -0.73 -0.03999996 0.06690728 -0.74 -0.2 0.1149073 -0.74 -0.2 0.1149073 -0.75 -0.2 0.06690728 -0.75 -0.2 0.06290733 -0.72 -0.03999996 0.1189073 -0.72 -0.03999996 0.1189073 -0.73 -0.03999996 0.06290733 -0.73 -0.03999996 0.1232707 -0.74 -0.2 0.1712707 -0.74 -0.2 0.1712707 -0.75 -0.2 0.1232707 -0.75 -0.2 0.1192708 -0.72 -0.03999996 0.1752707 -0.72 -0.03999996 0.1752707 -0.73 -0.03999996 0.1192708 -0.73 -0.03999996 0.1796342 -0.74 -0.2 0.2276341 -0.74 -0.2 0.2276341 -0.75 -0.2 0.1796342 -0.75 -0.2 0.1756342 -0.72 -0.03999996 0.2316341 -0.72 -0.03999996 0.2316341 -0.73 -0.03999996 0.1756342 -0.73 -0.03999996 0.2359976 -0.74 -0.2 0.2839976 -0.74 -0.2 0.2839976 -0.75 -0.2 0.2359976 -0.75 -0.2 0.2319976 -0.72 -0.03999996 0.2879976 -0.72 -0.03999996 0.2879976 -0.73 -0.03999996 0.2319976 -0.73 -0.03999996 0.292361 -0.74 -0.2 0.340361 -0.74 -0.2 0.340361 -0.75 -0.2 0.292361 -0.75 -0.2 0.288361 -0.72 -0.03999996 0.344361 -0.72 -0.03999996 0.344361 -0.73 -0.03999996 0.288361 -0.73 -0.03999996 0.3487244 -0.74 -0.2 0.3967244 -0.74 -0.2 0.3967244 -0.75 -0.2 0.3487244 -0.75 -0.2 0.3447244 -0.72 -0.03999996 0.4007244 -0.72 -0.03999996 0.4007244 -0.73 -0.03999996 0.3447244 -0.73 -0.03999996 0.4050878 -0.74 -0.2 0.4530878 -0.74 -0.2 0.4530878 -0.75 -0.2 0.4050878 -0.75 -0.2 0.4010878 -0.72 -0.03999996 0.4570878 -0.72 -0.03999996 0.4570878 -0.73 -0.03999996 0.4010878 -0.73 -0.03999996 0.4614513 -0.74 -0.2 0.5094513 -0.74 -0.2 0.5094513 -0.75 -0.2 0.4614513 -0.75 -0.2 0.4574513 -0.72 -0.03999996 0.5134513 -0.72 -0.03999996 0.5134513 -0.73 -0.03999996 0.4574513 -0.73 -0.03999996 0.5178147 -0.74 -0.2 0.5658147 -0.74 -0.2 0.5658147 -0.75 -0.2 0.5178147 -0.75 -0.2 0.5138147 -0.72 -0.03999996 0.5698147 -0.72 -0.03999996 0.5698147 -0.73 -0.03999996 0.5138147 -0.73 -0.03999996 0.5741782 -0.74 -0.2 0.6221781 -0.74 -0.2 0.6221781 -0.75 -0.2 0.5741782 -0.75 -0.2 0.5701782 -0.72 -0.03999996 0.6261782 -0.72 -0.03999996 0.6261782 -0.73 -0.03999996 0.5701782 -0.73 -0.03999996 0.6305415 -0.74 -0.2 0.6785415 -0.74 -0.2 0.6785415 -0.75 -0.2 0.6305415 -0.75 -0.2 0.6265415 -0.72 -0.03999996 0.6825415 -0.72 -0.03999996 0.6825415 -0.73 -0.03999996 0.6265415 -0.73 -0.03999996 0.6869049 -0.74 -0.2 0.7349049 -0.74 -0.2 0.7349049 -0.75 -0.2 0.6869049 -0.75 -0.2 0.6829049 -0.72 -0.03999996 0.7389049 -0.72 -0.03999996 0.7389049 -0.73 -0.03999996 0.6829049 -0.73 -0.03999996 0.7432683 -0.74 -0.2 0.7912683 -0.74 -0.2 0.7912683 -0.75 -0.2 0.7432683 -0.75 -0.2 0.7392683 -0.72 -0.03999996 0.7952683 -0.72 -0.03999996 0.7952683 -0.73 -0.03999996 0.7392683 -0.73 -0.03999996 0.7996318 -0.74 -0.2 0.8476318 -0.74 -0.2 0.8476318 -0.75 -0.2 0.7996318 -0.75 -0.2 0.7956318 -0.72 -0.03999996 0.8516318 -0.72 -0.03999996 0.8516318 -0.73 -0.03999996 0.7956318 -0.73 -0.03999996 0.861236 -0.7400907 -0.2 0.9091332 -0.7369514 -0.2 0.9097872 -0.7469299 -0.2 0.86189 -0.7500693 -0.2 0.8559365 -0.7203952 -0.03999996 0.9118166 -0.7167326 -0.03999996 0.9124706 -0.7267111 -0.03999996 0.8565905 -0.7303737 -0.03999996 0.9276299 -0.7333374 -0.2 0.9747076 -0.723973 -0.2 0.9766584 -0.7337809 -0.2 0.9295808 -0.7431452 -0.2 0.9198049 -0.714502 -0.03999996 0.9747289 -0.703577 -0.03999996 0.9766798 -0.7133848 -0.03999996 0.9217557 -0.7243099 -0.03999996 1.002113 -0.7128959 -0.2 1.045163 -0.691666 -0.2 1.049586 -0.7006347 -0.2 1.006536 -0.7218646 -0.2 0.9896799 -0.6967276 -0.03999996 1.039905 -0.6719594 -0.03999996 1.044328 -0.6809281 -0.03999996 0.9941028 -0.7056963 -0.03999996 1.061195 -0.6818152 -0.2 1.101106 -0.6551478 -0.2 1.106662 -0.6634625 -0.2 1.066751 -0.6901299 -0.2 1.046758 -0.6674081 -0.03999996 1.093321 -0.6362961 -0.03999996 1.098876 -0.6446108 -0.03999996 1.052314 -0.6757228 -0.03999996 1.123047 -0.6354073 -0.2 1.154695 -0.5993189 -0.2 1.162214 -0.6059124 -0.2 1.130565 -0.6420007 -0.2 1.105373 -0.6252277 -0.03999996 1.142296 -0.5831246 -0.03999996 1.149814 -0.5897181 -0.03999996 1.112891 -0.6318212 -0.03999996 1.166257 -0.5844805 -0.2 1.192924 -0.54457 -0.2 1.201239 -0.5501257 -0.2 1.174571 -0.5900363 -0.2 1.147405 -0.576695 -0.03999996 1.178517 -0.5301327 -0.03999996 1.186831 -0.5356885 -0.03999996 1.155719 -0.5822508 -0.03999996 1.206811 -0.518513 -0.2 1.22224 -0.4730603 -0.2 1.231709 -0.4762747 -0.2 1.21628 -0.5217274 -0.2 1.186586 -0.515872 -0.03999996 1.204587 -0.4628438 -0.03999996 1.214056 -0.4660583 -0.03999996 1.196056 -0.5190863 -0.03999996 1.227874 -0.4550965 -0.2 1.237238 -0.4080188 -0.2 1.247046 -0.4099698 -0.2 1.237682 -0.4570474 -0.2 1.207478 -0.4551178 -0.03999996 1.218403 -0.4001939 -0.03999996 1.228211 -0.4021448 -0.03999996 1.217286 -0.4570688 -0.03999996</float_array>
          <technique_common>
            <accessor source="#skirt-mesh-positions-array" count="2640" stride="3">
              <param name="X" type="float"/>
              <param name="Y" type="float"/>
              <param name="Z" type="float"/>
            </accessor>
          </technique_common>
        </source>
        <source id="skirt-mesh-normals">
          <float_array id="skirt-mesh-normals-array" count="7083">1 0 0 0.9014329 -0.02942204 0.431918 0.9994695 -0.03256964 -7.82408e-7 0.9009689 0 0.433884 0.6261504 -0.02054345 0.7794318 0.6234897 0 0.7818316 0.226896 -0.007571458 0.9738896 0.2225208 0 0.974928 -0.2180932 0.007008552 0.9759028 -0.2225208 0 0.974928 -0.6204957 0.02028882 0.7839474 -0.6234897 0 0.7818317 -0.8996886 0.0295521 0.435531 -0.9009688 0 0.4338839 -0.9994598 0.03286921 8.13973e-7 -1 0 0 -0.8996892 0.02955073 -0.4355297 -0.9009687 0 -0.433884 -0.6204971 0.02028816 -0.7839464 -0.6234896 0 -0.7818317 -0.2180948 0.007008552 -0.9759025 -0.2225208 0 -0.974928 0.2268944 -0.007571458 -0.97389 0.2225208 0 -0.974928 0.6261489 -0.02054351 -0.7794328 0.6234896 0 -0.7818318 0.9014322 -0.02942162 -0.4319195 0.9009688 0 -0.433884 1 0 0 0.9009688 0 0.4338839 0.6234898 0 0.7818316 0.2225209 0 0.974928 -0.2225209 0 0.974928 -0.6234897 0 0.7818316 -1 0 0 -0.9009688 0 -0.4338839 -0.6234897 0 -0.7818316 -0.2225209 0 -0.974928 0.2225209 0 -0.974928 0.6234897 0 -0.7818317 0.9009688 0 -0.4338839 0.6234898 0 0.7818315 0.222521 0 0.974928 -0.222521 0 0.974928 -0.6234897 0 0.7818316 -1 0 0 -0.9009689 0 -0.433884 -0.6234897 0 -0.7818316 -0.222521 0 -0.974928 0.222521 0 -0.974928 0.9009688 0 -0.433884 1 0 0 0.6234897 0 0.7818316 -0.222521 0 0.974928 -0.6234898 0 0.7818316 -0.9009688 0 0.4338839 -1 0 0 -0.9009688 0 -0.433884 0.222521 0 -0.974928 0.6234896 0 -0.7818317 0.9009688 0 -0.4338839 1 0 0 0.9009688 0 0.4338839 0.222521 0 0.9749279 -0.6234897 0 0.7818316 -0.9009688 0 0.433884 -1 0 0 -0.222521 0 -0.9749279 0.6234896 0 -0.7818317 1 0 0 -1 0 0 0.6234896 0 -0.7818316 1 0 0 -0.2225209 0 0.974928 -1 0 0 0.2225209 0 -0.974928 0.6234897 0 -0.7818316 0.9009689 0 -0.433884 1 0 0 0.6234897 0 0.7818317 0.2225208 0 0.974928 -0.9009688 0 0.4338839 -1 0 0 -0.6234896 0 -0.7818317 -0.2225208 0 -0.974928 1 0 0 0.9009688 0 0.4338839 0.222521 0 0.9749279 -0.2225208 0 0.974928 -1 0 0 -0.222521 0 -0.9749279 0.2225208 0 -0.974928 1 0 0 0.6234897 0 0.7818316 0.2225209 0 0.974928 -0.9009689 0 0.4338839 -1 0 0 -0.9009688 0 -0.4338839 -0.2225209 0 -0.974928 0.6234897 0 -0.7818316 1 -9.94165e-7 8.368e-7 0.9009681 -1.29207e-6 0.4338855 0.6234883 -7.94985e-7 0.7818327 0.2225191 0 0.9749283 -0.2225226 3.975e-7 0.9749276 -0.6234911 8.94577e-7 0.7818305 -0.9009695 1.29207e-6 0.4338824 -1 1.58998e-6 -7.66261e-7 -0.9009688 1.29207e-6 -0.4338839 -0.6234897 8.94577e-7 -0.7818316 -0.222521 3.975e-7 -0.974928 0.2225208 0 -0.974928 0.6234896 -7.94985e-7 -0.7818317 0.9009687 -1.29207e-6 -0.433884 0.9014347 0.02942258 0.4319142 0.6261547 0.02054435 0.7794282 0.2269017 0.007571518 0.9738882 -0.2180883 -0.007008612 0.9759039 -0.6204949 -0.02029311 0.783948 -0.8996871 -0.0295515 0.4355341 -0.9994596 -0.03287202 0 -0.899687 -0.0295512 -0.4355342 -0.6204949 -0.02029162 -0.783948 -0.2180884 -0.007008612 -0.9759039 0.2269018 0.007571518 -0.9738882 0.6261546 0.02054387 -0.7794283 0.9014347 0.02942258 -0.4319142 0.9914451 0.1305249 0 0.9994695 0.03256851 0 0.8949602 0.1178263 0.4303061 0.6237041 0.08211147 0.7773358 0.2293134 0.03019034 0.9728843 -0.612472 -0.0806359 0.7863688 -0.9914447 -0.1305277 0 -0.6124719 -0.08063501 -0.786369 0.2293135 0.0301904 -0.9728843 0.623704 0.08211147 -0.7773358 0.8949602 0.1178259 -0.4303062 0.9659261 0.258818 0 0.6076521 0.1628182 0.7773346 0.2234063 0.05986142 0.9728856 -0.2118467 -0.0278902 0.9769049 -0.2063988 -0.05530411 0.9769038 -0.5967104 -0.1598902 0.7863662 -0.891503 -0.1173644 0.4375477 -0.868556 -0.23273 0.437547 -0.8685559 -0.2327308 -0.4375469 -0.8915027 -0.117367 -0.4375477 -0.5967103 -0.1598909 -0.7863662 -0.2063988 -0.05530411 -0.9769038 -0.2118467 -0.0278902 -0.9769049 0.2234062 0.05986142 -0.9728856 0.607652 0.1628191 -0.7773346 0.9238792 0.3826844 0 0.8719252 0.2336337 0.4303044 0.5812063 0.2407431 0.7773301 0.213692 0.08851444 0.9728828 -0.197407 -0.08176785 0.9769057 -0.5707359 -0.2364084 0.7863661 -0.8307473 -0.3441112 0.4375462 -0.9659253 -0.2588211 0 -0.8307477 -0.3441095 -0.4375464 -0.5707359 -0.2364078 -0.7863662 -0.197407 -0.08176785 -0.9769057 0.2136918 0.08851438 -0.9728828 0.581206 0.2407435 -0.7773302 0.8719252 0.2336333 -0.4303044 0.7817472 0.4513412 0.4303053 0.8339707 0.3454425 0.430305 0.5448028 0.314542 0.7773373 0.2003002 0.1156435 0.9728857 -0.1850522 -0.1068395 0.9769038 -0.534996 -0.3088815 0.786366 -0.7787279 -0.4495998 0.4375422 -0.9238792 -0.3826844 0 -0.7787277 -0.4496003 -0.4375417 -0.5349959 -0.3088814 -0.7863662 -0.1850521 -0.1068395 -0.9769038 0.2003002 0.1156435 -0.9728857 0.5448026 0.314543 -0.7773371 0.7817471 0.4513412 -0.4303053 0.8339708 0.3454418 -0.4303053 0.8660255 0.5 1.30395e-7 0.7161485 0.5495204 0.4303007 0.4990919 0.3829656 0.7773318 0.1835004 0.1408047 0.9728832 -0.1695216 -0.1300776 0.9769045 -0.7133828 -0.5473909 0.4375478 -0.7933554 -0.6087589 1.8838e-6 -0.8660244 -0.5000019 1.2559e-7 -0.7133828 -0.5473912 -0.4375475 -0.1695216 -0.1300776 -0.9769045 0.1835004 0.1408047 -0.9728832 0.4990916 0.3829655 -0.777332 0.7161484 0.5495203 -0.4303008 0.7071065 0.7071071 0 0.7933539 0.6087608 0 0.4448336 0.4448333 0.7773329 -0.1510874 -0.1510885 0.9769058 -0.4368197 -0.4368218 0.7863684 -0.4901056 -0.37607 0.7863637 -0.6358256 -0.6358272 0.4375495 -0.7071064 -0.7071073 -1.66402e-6 -0.6358247 -0.6358278 -0.4375499 -0.4901058 -0.3760688 -0.7863643 -0.4368195 -0.4368217 -0.7863687 -0.1510874 -0.1510884 -0.9769058 0.4448338 0.4448326 -0.7773332 0.5495194 0.7161469 0.4303046 0.6382927 0.6382935 0.4303069 0.382965 0.4990888 0.777334 0.1635494 0.1635503 0.9728838 0.1408017 0.1834975 0.9728842 -0.130078 -0.1695218 0.9769044 -0.3760705 -0.4901053 0.7863637 -0.5473956 -0.7133826 0.4375424 -0.5473955 -0.7133827 -0.4375426 -0.3760704 -0.4901053 -0.7863637 -0.130078 -0.1695218 -0.9769044 0.1408017 0.1834974 -0.9728842 0.1635494 0.1635503 -0.9728838 0.382965 0.4990885 -0.7773343 0.6382925 0.6382936 -0.4303069 0.5495193 0.7161471 -0.4303045 0.60876 0.7933544 -1.64838e-7 0.4513427 0.7817486 0.4303011 0.3145455 0.5448061 0.7773337 0.1156452 0.200304 0.9728847 -0.3088812 -0.5349947 0.786367 -0.4496001 -0.7787247 0.4375472 -0.5000005 -0.8660252 -3.985e-7 -0.6087604 -0.7933542 0 -0.4495999 -0.7787247 -0.4375476 -0.3088813 -0.5349951 -0.7863667 0.1156452 0.2003041 -0.9728846 0.3145452 0.5448068 -0.7773331 0.4513427 0.7817486 -0.4303013 0.3826846 0.9238791 -5.11737e-7 0.5000002 0.8660253 0 0.2407422 0.5812 0.7773351 -0.08176815 -0.1974059 0.9769058 -0.1068401 -0.1850528 0.9769037 -0.2364058 -0.5707328 0.7863692 -0.3441092 -0.8307478 0.4375468 -0.3826841 -0.9238793 -2.41511e-7 -0.3441094 -0.8307476 -0.4375467 -0.2364058 -0.5707333 -0.7863688 -0.1068402 -0.1850528 -0.9769036 -0.08176827 -0.197406 -0.9769058 0.2407423 0.5812002 -0.777335 0.2588199 0.9659256 -1.34822e-6 0.3454418 0.8339717 0.4303037 0.1628207 0.6076522 0.777334 0.0598632 0.2234106 0.9728844 0.08851122 0.2136846 0.9728847 -0.05530494 -0.2064005 0.9769034 -0.2327287 -0.8685551 0.4375494 -0.2327291 -0.8685549 -0.4375497 -0.05530506 -0.2064003 -0.9769034 0.05986315 0.2234104 -0.9728845 0.08851128 0.2136847 -0.9728848 0.1628206 0.6076522 -0.7773341 0.345442 0.8339711 -0.4303046 0.1305265 0.9914449 1.57951e-6 0.2336308 0.8719257 0.4303051 0.08211302 0.6237104 0.7773306 0.03019046 0.2293203 0.9728827 -0.02788966 -0.2118424 0.9769058 -0.08063358 -0.612472 0.7863692 -0.1598891 -0.5967125 0.7863649 -0.117368 -0.8915035 0.4375458 -0.2588179 -0.9659262 0 -0.117368 -0.8915036 -0.4375458 -0.08063352 -0.6124719 -0.7863692 -0.1598888 -0.5967127 -0.7863647 -0.02788972 -0.2118424 -0.9769059 0.03019046 0.22932 -0.9728828 0.08211302 0.62371 -0.777331 0.2336313 0.8719244 -0.4303075 0.117824 0.8949631 -0.4303005 0.03256875 0.9994695 1.12227e-6 0.1178231 0.8949623 0.4303024 0.02942097 0.9014319 0.4319202 0.02054345 0.6261495 0.7794324 0.007570922 0.2268943 0.97389 -0.007009267 -0.2180942 0.9759026 -0.02029126 -0.6204973 0.783946 -0.02955371 -0.8996894 0.4355292 -0.1305261 -0.9914449 1.81138e-6 -0.03287231 -0.9994596 -2.7084e-6 -0.02029126 -0.6204955 -0.7839475 -0.007009267 -0.2180925 -0.9759029 0.007570981 0.2268956 -0.9738897 0.02054345 0.626151 -0.7794313 0.02942091 0.9014332 -0.4319176 0 1 0 0 0.9009691 0.4338833 0 0.6234902 0.7818313 0 0.2225203 0.9749281 0 -0.2225204 0.974928 0 -0.6234899 0.7818314 0 -0.9009691 0.4338833 0 -1 -3.04075e-7 -0.02955359 -0.8996884 -0.4355313 0 -0.900969 -0.4338837 0 -0.6234902 -0.7818312 0 -0.2225206 -0.974928 0 0.2225205 -0.974928 0 0.6234899 -0.7818315 0 0.900969 -0.4338835 0 1 0 0 0.900969 0.4338836 0 0.6234901 0.7818314 0 0.2225204 0.974928 0 -0.2225205 0.974928 0 -0.6234902 0.7818313 0 -0.900969 0.4338836 0 -1 5.18144e-7 0 -0.9009692 -0.4338834 0 -0.62349 -0.7818314 0 -0.2225204 -0.9749281 0 0.2225202 -0.9749281 0 0.6234899 -0.7818314 0 0.9009692 -0.4338833 0 1 0 0 0.900969 0.4338836 0 0.2225204 0.9749282 0 -0.6234902 0.7818312 0 -0.900969 0.4338836 0 -1 0 0 -0.9009689 -0.4338837 0 -0.6234902 -0.7818312 0 0.2225204 -0.9749281 0 0.62349 -0.7818313 0 0.900969 -0.4338834 0 1 0 0 0.9009692 0.4338833 0 0.6234901 0.7818313 0 0.2225202 0.9749281 0 -0.2225203 0.9749281 0 -0.62349 0.7818314 0 -0.9009692 0.4338832 0 -1 -3.30834e-7 0 -0.9009689 -0.4338838 0 -0.6234901 -0.7818313 0 -0.2225205 -0.974928 0 0.2225204 -0.9749282 0 0.6234898 -0.7818315 0 0.6234899 0.7818314 0 0.2225207 0.974928 0 -0.2225206 0.974928 0 -0.6234902 0.7818312 0 -0.900969 0.4338837 0 -1 9.41417e-7 0 -0.9009693 -0.433883 0 -0.6234899 -0.7818314 0 -0.2225204 -0.974928 0 0.2225206 -0.974928 0 0.6234902 -0.7818313 0 0.9009692 -0.4338833 0 1 0 0 0.9009691 0.4338833 0 0.2225205 0.974928 0 -0.6234899 0.7818315 0 -0.9009692 0.433883 0 -1 -8.2222e-7 0 -0.9009689 -0.4338839 0 -0.2225205 -0.974928 0 0.2225205 -0.974928 0 0.6234897 -0.7818316 0 0.9009689 -0.4338836 0 1 -3.81919e-7 0 0.9009692 0.4338831 0 -0.2225207 0.974928 0 -0.6234903 0.7818311 0 -0.9009692 0.4338831 0 -1 0 0 -0.900969 -0.4338835 0 -0.6234899 -0.7818316 0 -0.2225204 -0.974928 0 0.2225207 -0.974928 0 0.6234902 -0.7818312 0 0.900969 -0.4338836 0 1 4.52464e-7 0 0.900969 0.4338835 0 0.6234902 0.7818313 0 0.2225205 0.974928 0 -0.2225204 0.9749282 0 -0.6234898 0.7818316 0 -0.900969 0.4338835 0 -1 0 0 -0.9009692 -0.4338833 0 -0.2225205 -0.974928 0 0.9009691 -0.4338833 0 1 0 0 0.62349 0.7818314 0 -0.62349 0.7818315 0 -0.9009689 0.4338839 0 -1 4.81655e-7 0 -0.900969 -0.4338835 0 0.2225204 -0.974928 0 0.9009692 -0.4338834 0 1 -3.84351e-7 0 0.9009693 0.433883 0 0.2225205 0.974928 0 -0.2225205 0.974928 0 -0.62349 0.7818313 0 -1 0 0 -0.900969 -0.4338836 0 -0.6234903 -0.7818312 0 -0.2225207 -0.974928 0 0.2225205 -0.974928 0 0.6234899 -0.7818315 0 0.900969 -0.4338838 0 1 4.6706e-7 0 0.900969 0.4338838 0 0.6234899 0.7818315 0 0.2225204 0.974928 0 -0.2225206 0.974928 0 -0.6234903 0.7818312 0 -0.9009692 0.433883 0 -1 -3.89216e-7 0 -0.9009689 -0.4338838 0 -0.6234898 -0.7818315 0 -0.2225204 -0.974928 0 0.2225204 -0.974928 0 0.62349 -0.7818313 0 0.9009692 -0.4338831 0 1 0 0 0.900969 0.4338835 0 0.62349 0.7818313 0 -0.2225205 0.974928 0 -0.6234902 0.7818312 0 -1 4.64627e-7 0 -0.9009691 -0.4338833 0 -0.62349 -0.7818315 0 -0.2225204 -0.9749282 0 0.2225203 -0.9749281 0 0.9009692 -0.4338833 0 1 0 0 -0.2225204 0.9749282 0 -0.9009692 0.4338833 0 -1 -3.86784e-7 0 -0.900969 -0.4338837 0 0.6234899 -0.7818315 0 0.900969 -0.4338836 0 0.62349 0.7818315 0 0.2225205 0.974928 0 -0.6234902 0.7818313 0 -1 4.62195e-7 0 -0.9009691 -0.4338833 0 -0.6234899 -0.7818315 0 0.2225202 -0.9749281 0 1 0 0 0.900969 0.4338834 0 -0.900969 0.4338836 0 -1 4.52464e-7 0 -0.6234902 -0.7818313 0 0.2225207 -0.974928 0 0.6234901 -0.7818313 0 0.900969 -0.4338836 0 1 0 0 -0.2225204 0.9749281 0 -0.6234899 0.7818315 0 -0.9009693 0.433883 0 -1 -7.88163e-7 0 -0.2225205 -0.974928 0 0.2225205 -0.974928 0 0.6234897 -0.7818316 0 0.900969 -0.4338837 0 1 0 0 0.900969 0.4338837 0 0.6234899 0.7818315 0 -0.2225205 0.974928 0 -0.9009692 0.4338834 0 -1 0 0 -0.6234898 -0.7818316 0 0.2225205 -0.974928 0 0.62349 -0.7818315 0 0.9009692 -0.4338834 0 1 0 0 0.900969 0.4338837 0 0.62349 0.7818313 0 0.2225205 0.974928 0 -0.9009689 0.433884 0 -1 8.14922e-7 0 -0.9009693 -0.4338831 0 0.2225206 -0.974928 0 0.6234899 -0.7818316 0 1 0 0 0.6234903 0.7818312 0 0.2225206 0.974928 0 -0.9009693 0.4338829 0 -1 -7.95461e-7 0 -0.900969 -0.4338837 0 -0.6234901 -0.7818314 0 -0.2225206 -0.974928 0 0.2225207 -0.974928 0 1 0 0 0.900969 0.4338834 0 -0.6234902 0.7818313 0 -1 4.52464e-7 0 -0.9009692 -0.4338833 0 -0.6234899 -0.7818315 0 -0.2225203 -0.9749281 0 1 0 0 0.2225204 0.9749281 0 -1 0 0 -0.900969 -0.4338836 0 0.6234901 -0.7818314 0 0.900969 -0.4338836 0 1 0 0 0.9009692 0.4338831 0 -0.62349 0.7818313 0 -0.9009692 0.4338833 0 -1 -3.81919e-7 0 -0.900969 -0.4338836 0 0.6234899 -0.7818315 0 1 1.24063e-7 0 -0.9009689 0.4338838 0 -1 5.01116e-7 0 0.2225203 -0.9749281 0 0.6234902 -0.7818313 -0.03256875 0.9994695 -1.52082e-6 -0.02942097 0.9014332 0.4319174 -0.02054345 0.6261512 0.7794311 -0.007570922 0.2268956 0.9738897 0.007009267 -0.2180925 0.9759029 0.02029126 -0.6204956 0.7839474 0.02955359 -0.8996884 0.4355313 0.03287255 -0.9994596 8.13965e-7 0.02955359 -0.8996894 -0.4355294 0.02029126 -0.6204972 -0.7839462 0.007009267 -0.2180943 -0.9759026 -0.007570981 0.2268943 -0.97389 -0.02054345 0.6261492 -0.7794325 -0.02942091 0.9014319 -0.4319203 -0.117824 0.8949633 0.4303002 -0.08211302 0.6237104 0.7773307 -0.03019046 0.2293203 0.9728827 0.02788966 -0.2118424 0.9769059 0.08063358 -0.612472 0.7863692 0.1173679 -0.8915037 0.4375454 0.117368 -0.8915036 -0.4375458 0.08063352 -0.6124719 -0.7863693 0.02788972 -0.2118424 -0.9769059 -0.03019046 0.22932 -0.9728828 -0.08211302 0.62371 -0.7773309 -0.117824 0.8949631 -0.4303005 -0.2588194 0.9659258 0 -0.1305259 0.9914449 0 -0.2336313 0.8719245 0.4303073 -0.1628207 0.6076522 0.777334 -0.0598632 0.2234106 0.9728844 0.05530494 -0.2064005 0.9769034 0.2327287 -0.8685551 0.4375494 0.2588179 -0.9659262 0 0.1305267 -0.9914448 0 0.2327291 -0.8685549 -0.4375497 0.05530506 -0.2064004 -0.9769034 -0.05986315 0.2234104 -0.9728845 -0.1628206 0.6076522 -0.777334 -0.2336313 0.8719243 -0.4303074 -0.3454418 0.8339717 0.4303037 -0.2407422 0.5812 0.7773351 0.08176815 -0.1974059 0.9769058 0.2364058 -0.5707327 0.7863692 0.1598891 -0.5967125 0.7863649 0.3826841 -0.9238793 -2.39096e-7 0.2364058 -0.5707333 -0.7863688 0.1598888 -0.5967127 -0.7863649 0.08176833 -0.197406 -0.9769058 -0.2407423 0.5812002 -0.777335 -0.345442 0.8339711 -0.4303046 -0.3826846 0.9238791 -5.09277e-7 -0.4513427 0.7817486 0.4303011 -0.1156452 0.200304 0.9728847 -0.08851122 0.2136845 0.9728847 0.1068401 -0.1850528 0.9769036 0.3088812 -0.5349948 0.7863669 0.3441092 -0.8307478 0.4375468 0.4496001 -0.7787247 0.4375472 0.4495999 -0.7787247 -0.4375476 0.3441093 -0.8307476 -0.4375467 0.3088813 -0.5349951 -0.7863668 0.1068402 -0.1850528 -0.9769036 -0.1156452 0.2003041 -0.9728846 -0.08851128 0.2136847 -0.9728848 -0.4513426 0.7817487 -0.4303012 -0.60876 0.7933545 -1.67299e-7 -0.5000002 0.8660253 0 -0.5495195 0.7161469 0.4303045 -0.3145455 0.5448061 0.7773337 -0.1408017 0.1834974 0.9728842 0.130078 -0.1695218 0.9769044 0.3760704 -0.4901053 0.7863637 0.5473956 -0.7133826 0.4375424 0.5000005 -0.8660252 -3.96085e-7 0.5473955 -0.7133826 -0.4375426 0.3760704 -0.4901053 -0.7863637 0.130078 -0.1695218 -0.9769044 -0.1408017 0.1834974 -0.9728842 -0.3145452 0.5448068 -0.7773331 -0.5495193 0.7161471 -0.4303045 -0.7071065 0.7071072 0 -0.6382927 0.6382935 0.4303069 -0.382965 0.4990889 0.777334 -0.1635494 0.1635503 0.9728838 0.1510874 -0.1510884 0.9769058 0.4368197 -0.4368218 0.7863684 0.6358249 -0.6358278 0.4375497 0.707107 -0.7071067 2.04803e-6 0.6087604 -0.7933542 0 0.6358252 -0.6358278 -0.4375493 0.4368194 -0.4368216 -0.7863687 0.1510874 -0.1510884 -0.9769058 -0.1635494 0.1635503 -0.9728838 -0.382965 0.4990885 -0.7773343 -0.6382925 0.6382936 -0.4303069 -0.7161485 0.5495204 0.4303007 -0.4448336 0.4448333 0.777333 -0.1835003 0.1408047 0.9728832 0.1695216 -0.1300776 0.9769045 0.4901055 -0.37607 0.7863637 0.7133825 -0.5473917 0.4375475 0.7933558 -0.6087583 -1.51429e-6 0.4901058 -0.3760688 -0.7863643 0.1695216 -0.1300776 -0.9769045 -0.1835003 0.1408047 -0.9728832 -0.4448338 0.4448326 -0.7773333 -0.7161484 0.5495204 -0.4303008 -0.8660254 0.5 1.23014e-7 -0.7933539 0.6087608 0 -0.7817472 0.4513412 0.4303053 -0.4990918 0.3829655 0.7773318 -0.5448028 0.314542 0.7773373 -0.2003002 0.1156435 0.9728857 0.534996 -0.3088815 0.786366 0.7787279 -0.4495998 0.4375422 0.7787277 -0.4496003 -0.4375417 0.7133829 -0.5473911 -0.4375475 0.5349959 -0.3088814 -0.7863661 -0.2003002 0.1156435 -0.9728857 -0.5448025 0.3145429 -0.7773371 -0.4990916 0.3829655 -0.7773321 -0.7817471 0.4513412 -0.4303053 -0.9238792 0.3826844 0 -0.5812062 0.2407431 0.7773301 -0.2136919 0.08851444 0.9728829 0.197407 -0.08176785 0.9769057 0.1850522 -0.1068395 0.9769038 0.5707359 -0.2364084 0.7863661 0.8307473 -0.3441112 0.4375462 0.9238792 -0.3826844 0 0.8660244 -0.5000018 1.2559e-7 0.8307477 -0.3441096 -0.4375464 0.570736 -0.2364078 -0.7863662 0.1850521 -0.1068395 -0.9769038 0.197407 -0.08176785 -0.9769057 -0.2136918 0.08851438 -0.9728828 -0.581206 0.2407434 -0.7773302 -0.8719252 0.2336337 0.4303044 -0.8339707 0.3454425 0.430305 -0.6076521 0.1628182 0.7773348 -0.2234063 0.05986142 0.9728856 0.5967104 -0.1598902 0.7863662 0.8685559 -0.23273 0.437547 0.9659253 -0.2588211 0 0.8685559 -0.2327308 -0.4375469 0.5967103 -0.1598909 -0.7863662 -0.2234062 0.05986142 -0.9728856 -0.607652 0.1628191 -0.7773346 -0.8719252 0.2336333 -0.4303044 -0.8339709 0.3454418 -0.4303053 -0.9659261 0.258818 0 -0.8949624 0.1178247 0.4303019 -0.2293193 0.03019016 0.9728829 0.2118421 -0.0278896 0.9769059 0.2063988 -0.05530411 0.9769038 0.6124719 -0.08063262 0.7863692 0.8915013 -0.1173655 0.4375509 0.991445 -0.1305256 0 0.8915011 -0.1173671 -0.4375509 0.6124718 -0.08063262 -0.7863693 0.2063988 -0.05530411 -0.9769038 0.211842 -0.0278896 -0.9769059 -0.2293193 0.03019016 -0.9728829 -0.8949625 0.117824 -0.430302 -0.9994695 0.03256964 -7.70182e-7 -0.9914451 0.1305242 0 -0.9014329 0.02942204 0.431918 -0.6237082 0.08211058 0.7773327 -0.6261504 0.02054351 0.7794318 -0.226896 0.007571458 0.9738896 0.2180933 -0.007008552 0.9759029 0.6204958 -0.02028882 0.7839474 0.8996886 -0.0295521 0.4355309 0.8996892 -0.02955073 -0.4355296 0.6204971 -0.02028816 -0.7839463 0.2180948 -0.007008552 -0.9759025 -0.2268944 0.007571458 -0.97389 -0.6261489 0.02054351 -0.779433 -0.6237081 0.08211112 -0.7773326 -0.9014322 0.02942162 -0.4319195 -1 0 0 -0.9009689 0 0.433884 -0.2225208 0 0.974928 0.9994598 -0.03286921 8.13973e-7 0.9009687 0 -0.433884 0.2225208 0 -0.974928 -0.6234896 0 -0.7818318 -0.9009688 0 -0.433884 -1 0 0 -0.6234897 0 -0.7818317 -0.6234898 0 0.7818315 -0.222521 0 0.974928 0.222521 0 0.974928 1 0 0 0.6234897 0 -0.7818316 0.222521 0 -0.974928 -0.222521 0 -0.974928 -1 0 0 0.222521 0 0.974928 1 0 0 -0.222521 0 -0.974928 -1 0 0 -0.222521 0 0.9749279 0.9009688 0 0.433884 1 0 0 0.222521 0 -0.9749279 1 0 0 -0.6234896 0 -0.7818316 1 0 0 -1 0 0 1 0 0 -0.222521 0 0.9749279 0.2225208 0 0.974928 1 0 0 0.222521 0 -0.9749279 -0.2225208 0 -0.974928 -1 0 0 0.9009689 0 0.4338839 -0.6234897 0 -0.7818316 -1 9.94165e-7 8.368e-7 -0.9009681 1.29207e-6 0.4338855 -0.6234883 7.94985e-7 0.7818327 -0.2225191 0 0.9749283 0.2225226 -3.975e-7 0.9749276 0.6234911 -8.94577e-7 0.7818305 0.9009695 -1.29207e-6 0.4338824 1 -1.58998e-6 -7.66261e-7 0.9009688 -1.29207e-6 -0.4338839 0.6234897 -8.94577e-7 -0.7818316 0.222521 -3.975e-7 -0.974928 -0.2225208 0 -0.974928 -0.6234896 7.94985e-7 -0.7818317 -0.9009687 1.29207e-6 -0.433884 -0.9014347 -0.02942258 0.4319142 -0.6261547 -0.02054435 0.7794282 -0.2269017 -0.007571518 0.9738882 0.2180883 0.007008612 0.9759039 0.6204949 0.02029311 0.783948 0.8996871 0.0295515 0.4355341 0.9994596 0.03287202 0 0.899687 0.0295512 -0.4355342 0.6204949 0.02029162 -0.783948 0.2180884 0.007008612 -0.9759039 -0.2269018 -0.007571518 -0.9738882 -0.6261546 -0.02054387 -0.7794283 -0.9014347 -0.02942258 -0.4319142 -0.9914451 -0.1305249 0 -0.9994695 -0.03256851 0 -0.8949602 -0.1178263 0.4303061 -0.6237041 -0.08211147 0.7773358 -0.2293134 -0.03019034 0.9728843 0.612472 0.0806359 0.7863688 0.9914447 0.1305277 0 0.6124719 0.08063501 -0.786369 -0.2293135 -0.0301904 -0.9728843 -0.623704 -0.08211147 -0.7773358 -0.8949602 -0.1178259 -0.4303062 -0.9659261 -0.258818 0 -0.6076521 -0.1628182 0.7773346 -0.2234063 -0.05986142 0.9728856 0.2118467 0.0278902 0.9769049 0.2063988 0.05530411 0.9769038 0.5967104 0.1598902 0.7863662 0.891503 0.1173644 0.4375477 0.868556 0.23273 0.437547 0.8685559 0.2327308 -0.4375469 0.8915027 0.117367 -0.4375477 0.5967103 0.1598909 -0.7863662 0.2063988 0.05530411 -0.9769038 0.2118467 0.0278902 -0.9769049 -0.2234062 -0.05986142 -0.9728856 -0.607652 -0.1628191 -0.7773346 -0.9238792 -0.3826844 0 -0.8719252 -0.2336337 0.4303044 -0.5812063 -0.2407431 0.7773301 -0.213692 -0.08851444 0.9728828 0.197407 0.08176785 0.9769057 0.5707359 0.2364084 0.7863661 0.8307473 0.3441112 0.4375462 0.9659253 0.2588211 0 0.8307477 0.3441095 -0.4375464 0.5707359 0.2364078 -0.7863662 0.197407 0.08176785 -0.9769057 -0.2136918 -0.08851438 -0.9728828 -0.581206 -0.2407435 -0.7773302 -0.8719252 -0.2336333 -0.4303044 -0.7817472 -0.4513412 0.4303053 -0.8339707 -0.3454425 0.430305 -0.5448028 -0.314542 0.7773373 -0.2003002 -0.1156435 0.9728857 0.1850522 0.1068395 0.9769038 0.534996 0.3088815 0.786366 0.7787279 0.4495998 0.4375422 0.9238792 0.3826844 0 0.7787277 0.4496003 -0.4375417 0.5349959 0.3088814 -0.7863662 0.1850521 0.1068395 -0.9769038 -0.2003002 -0.1156435 -0.9728857 -0.5448026 -0.314543 -0.7773371 -0.7817471 -0.4513412 -0.4303053 -0.8339708 -0.3454418 -0.4303053 -0.8660255 -0.5 1.30395e-7 -0.7161485 -0.5495204 0.4303007 -0.4990919 -0.3829656 0.7773318 -0.1835004 -0.1408047 0.9728832 0.1695216 0.1300776 0.9769045 0.7133828 0.5473909 0.4375478 0.7933554 0.6087589 1.8838e-6 0.8660244 0.5000019 1.2559e-7 0.7133828 0.5473912 -0.4375475 0.1695216 0.1300776 -0.9769045 -0.1835004 -0.1408047 -0.9728832 -0.4990916 -0.3829655 -0.777332 -0.7161484 -0.5495203 -0.4303008 -0.7071065 -0.7071071 0 -0.7933539 -0.6087608 0 -0.4448336 -0.4448333 0.7773329 0.1510874 0.1510885 0.9769058 0.4368197 0.4368218 0.7863684 0.4901056 0.37607 0.7863637 0.6358256 0.6358272 0.4375495 0.7071064 0.7071073 -1.66402e-6 0.6358247 0.6358278 -0.4375499 0.4901058 0.3760688 -0.7863643 0.4368195 0.4368217 -0.7863687 0.1510874 0.1510884 -0.9769058 -0.4448338 -0.4448326 -0.7773332 -0.5495194 -0.7161469 0.4303046 -0.6382927 -0.6382935 0.4303069 -0.382965 -0.4990888 0.777334 -0.1635494 -0.1635503 0.9728838 -0.1408017 -0.1834975 0.9728842 0.130078 0.1695218 0.9769044 0.3760705 0.4901053 0.7863637 0.5473956 0.7133826 0.4375424 0.5473955 0.7133827 -0.4375426 0.3760704 0.4901053 -0.7863637 0.130078 0.1695218 -0.9769044 -0.1408017 -0.1834974 -0.9728842 -0.1635494 -0.1635503 -0.9728838 -0.382965 -0.4990885 -0.7773343 -0.6382925 -0.6382936 -0.4303069 -0.5495193 -0.7161471 -0.4303045 -0.60876 -0.7933544 -1.64838e-7 -0.4513427 -0.7817486 0.4303011 -0.3145455 -0.5448061 0.7773337 -0.1156452 -0.200304 0.9728847 0.3088812 0.5349947 0.786367 0.4496001 0.7787247 0.4375472 0.5000005 0.8660252 -3.985e-7 0.6087604 0.7933542 0 0.4495999 0.7787247 -0.4375476 0.3088813 0.5349951 -0.7863667 -0.1156452 -0.2003041 -0.9728846 -0.3145452 -0.5448068 -0.7773331 -0.4513427 -0.7817486 -0.4303013 -0.3826846 -0.9238791 -5.11737e-7 -0.5000002 -0.8660253 0 -0.2407422 -0.5812 0.7773351 0.08176815 0.1974059 0.9769058 0.1068401 0.1850528 0.9769037 0.2364058 0.5707328 0.7863692 0.3441092 0.8307478 0.4375468 0.3826841 0.9238793 -2.41511e-7 0.3441094 0.8307476 -0.4375467 0.2364058 0.5707333 -0.7863688 0.1068402 0.1850528 -0.9769036 0.08176827 0.197406 -0.9769058 -0.2407423 -0.5812002 -0.777335 -0.2588199 -0.9659256 -1.34822e-6 -0.3454418 -0.8339717 0.4303037 -0.1628207 -0.6076522 0.777334 -0.0598632 -0.2234106 0.9728844 -0.08851122 -0.2136846 0.9728847 0.05530494 0.2064005 0.9769034 0.2327287 0.8685551 0.4375494 0.2327291 0.8685549 -0.4375497 0.05530506 0.2064003 -0.9769034 -0.05986315 -0.2234104 -0.9728845 -0.08851128 -0.2136847 -0.9728848 -0.1628206 -0.6076522 -0.7773341 -0.345442 -0.8339711 -0.4303046 -0.1305265 -0.9914449 1.57951e-6 -0.2336308 -0.8719257 0.4303051 -0.08211302 -0.6237104 0.7773306 -0.03019046 -0.2293203 0.9728827 0.02788966 0.2118424 0.9769058 0.08063358 0.612472 0.7863692 0.1598891 0.5967125 0.7863649 0.117368 0.8915035 0.4375458 0.2588179 0.9659262 0 0.117368 0.8915036 -0.4375458 0.08063352 0.6124719 -0.7863692 0.1598888 0.5967127 -0.7863647 0.02788972 0.2118424 -0.9769059 -0.03019046 -0.22932 -0.9728828 -0.08211302 -0.62371 -0.777331 -0.2336313 -0.8719244 -0.4303075 -0.117824 -0.8949631 -0.4303005 -0.03256875 -0.9994695 1.12227e-6 -0.1178231 -0.8949623 0.4303024 -0.02942097 -0.9014319 0.4319202 -0.02054345 -0.6261495 0.7794324 -0.007570922 -0.2268943 0.97389 0.007009267 0.2180942 0.9759026 0.02029126 0.6204973 0.783946 0.02955371 0.8996894 0.4355292 0.1305261 0.9914449 1.81138e-6 0.03287231 0.9994596 -2.7084e-6 0.02029126 0.6204955 -0.7839475 0.007009267 0.2180925 -0.9759029 -0.007570981 -0.2268956 -0.9738897 -0.02054345 -0.626151 -0.7794313 -0.02942091 -0.9014332 -0.4319176 0 -1 0 0 -0.9009691 0.4338833 0 1 -3.04075e-7 0.02955359 0.8996884 -0.4355313 0 0.900969 -0.4338837 0 0.6234902 -0.7818312 0 -0.900969 -0.4338835 0 -1 0 0 -0.900969 0.4338836 0 -0.6234901 0.7818314 0 0.900969 0.4338836 0 1 5.18144e-7 0 0.9009692 -0.4338834 0 0.62349 -0.7818314 0 -0.2225202 -0.9749281 0 -1 0 0 -0.900969 0.4338836 0 0.6234902 0.7818312 0 0.900969 0.4338836 0 1 0 0 0.9009689 -0.4338837 0 0.6234902 -0.7818312 0 -0.62349 -0.7818313 0 -0.900969 -0.4338834 0 -1 0 0 -0.6234901 0.7818313 0 -0.2225202 0.9749281 0 0.9009692 0.4338832 0 1 -3.30834e-7 0 0.9009689 -0.4338838 0 0.6234901 -0.7818313 0 -0.2225207 0.974928 0 0.2225206 0.974928 0 0.6234902 0.7818312 0 1 9.41417e-7 0 0.9009693 -0.433883 0 0.2225204 -0.974928 0 -0.6234902 -0.7818313 0 -1 0 0 0.9009692 0.433883 0 1 -8.2222e-7 0 0.9009689 -0.4338839 0 -0.2225205 -0.974928 0 -0.6234897 -0.7818316 0 -0.9009689 -0.4338836 0 -1 -3.81919e-7 0 -0.9009692 0.4338831 0 0.2225207 0.974928 0 0.6234903 0.7818311 0 0.9009692 0.4338831 0 0.900969 -0.4338835 0 -0.2225207 -0.974928 0 -0.6234902 -0.7818312 0 -0.900969 -0.4338836 0 -1 4.52464e-7 0 -0.900969 0.4338835 0 0.6234898 0.7818316 0 1 0 0 -1 0 0 0.9009689 0.4338839 0 1 4.81655e-7 0 0.900969 -0.4338835 0 -0.9009692 -0.4338834 0 -1 -3.84351e-7 0 -0.9009693 0.433883 0 -0.2225205 0.974928 0 1 0 0 0.6234903 -0.7818312 0 0.2225207 -0.974928 0 -0.2225205 -0.974928 0 -0.6234899 -0.7818315 0 -0.900969 -0.4338838 0 -1 4.6706e-7 0 -0.900969 0.4338838 0 -0.6234899 0.7818315 0 -0.2225204 0.974928 0 0.6234903 0.7818312 0 0.9009692 0.433883 0 1 -3.89216e-7 0 0.9009689 -0.4338838 0 -0.62349 -0.7818313 0 -0.9009692 -0.4338831 0 -1 0 0 0.6234902 0.7818312 0 1 4.64627e-7 0 -0.2225203 -0.9749281 0 -0.9009692 -0.4338833 0 0.2225204 0.9749282 0 1 -3.86784e-7 0 -0.900969 -0.4338836 0 1 4.62195e-7 0 0.9009691 -0.4338833 0 -0.2225202 -0.9749281 0 -1 0 0 -0.900969 0.4338834 0 0.900969 0.4338836 0 1 4.52464e-7 0 -0.2225207 -0.974928 0 -0.6234901 -0.7818313 0 -0.900969 -0.4338836 0 -1 0 0 0.6234899 0.7818315 0 0.9009693 0.433883 0 1 -7.88163e-7 0 0.2225205 -0.974928 0 -0.6234897 -0.7818316 0 -1 0 0 -0.900969 0.4338837 0 0.9009692 0.4338834 0 1 0 0 0.6234898 -0.7818316 0 -0.9009692 -0.4338834 0 -1 0 0 0.9009689 0.433884 0 1 8.14922e-7 0 0.9009693 -0.4338831 0 -1 0 0 -0.6234903 0.7818312 0 0.9009693 0.4338829 0 1 -7.95461e-7 0 0.900969 -0.4338837 0 -0.2225207 -0.974928 0 -1 0 0 -0.900969 0.4338834 0 0.6234902 0.7818313 0 1 4.52464e-7 0 -1 0 0 1 0 0 0.900969 -0.4338836 0 -1 0 0 -0.9009692 0.4338831 0 0.9009692 0.4338833 0 1 -3.81919e-7 0 0.900969 -0.4338836 0 -0.6234899 -0.7818315 0 -1 1.24063e-7 0 0.9009689 0.4338838 0 1 5.01116e-7 0.03256875 -0.9994695 -1.52082e-6 0.02942097 -0.9014332 0.4319174 0.02054345 -0.6261512 0.7794311 0.007570922 -0.2268956 0.9738897 -0.007009267 0.2180925 0.9759029 -0.02029126 0.6204956 0.7839474 -0.02955359 0.8996884 0.4355313 -0.03287255 0.9994596 8.13965e-7 -0.02955359 0.8996894 -0.4355294 -0.02029126 0.6204972 -0.7839462 -0.007009267 0.2180943 -0.9759026 0.007570981 -0.2268943 -0.97389 0.02054345 -0.6261492 -0.7794325 0.02942091 -0.9014319 -0.4319203 0.117824 -0.8949633 0.4303002 0.08211302 -0.6237104 0.7773307 0.03019046 -0.2293203 0.9728827 -0.02788966 0.2118424 0.9769059 -0.08063358 0.612472 0.7863692 -0.1173679 0.8915037 0.4375454 -0.117368 0.8915036 -0.4375458 -0.08063352 0.6124719 -0.7863693 -0.02788972 0.2118424 -0.9769059 0.03019046 -0.22932 -0.9728828 0.08211302 -0.62371 -0.7773309 0.117824 -0.8949631 -0.4303005 0.2588194 -0.9659258 0 0.1305259 -0.9914449 0 0.2336313 -0.8719245 0.4303073 0.1628207 -0.6076522 0.777334 0.0598632 -0.2234106 0.9728844 -0.05530494 0.2064005 0.9769034 -0.2327287 0.8685551 0.4375494 -0.2588179 0.9659262 0 -0.1305267 0.9914448 0 -0.2327291 0.8685549 -0.4375497 -0.05530506 0.2064004 -0.9769034 0.05986315 -0.2234104 -0.9728845 0.1628206 -0.6076522 -0.777334 0.2336313 -0.8719243 -0.4303074 0.3454418 -0.8339717 0.4303037 0.2407422 -0.5812 0.7773351 -0.08176815 0.1974059 0.9769058 -0.2364058 0.5707327 0.7863692 -0.1598891 0.5967125 0.7863649 -0.3826841 0.9238793 -2.39096e-7 -0.2364058 0.5707333 -0.7863688 -0.1598888 0.5967127 -0.7863649 -0.08176833 0.197406 -0.9769058 0.2407423 -0.5812002 -0.777335 0.345442 -0.8339711 -0.4303046 0.3826846 -0.9238791 -5.09277e-7 0.4513427 -0.7817486 0.4303011 0.1156452 -0.200304 0.9728847 0.08851122 -0.2136845 0.9728847 -0.1068401 0.1850528 0.9769036 -0.3088812 0.5349948 0.7863669 -0.3441092 0.8307478 0.4375468 -0.4496001 0.7787247 0.4375472 -0.4495999 0.7787247 -0.4375476 -0.3441093 0.8307476 -0.4375467 -0.3088813 0.5349951 -0.7863668 -0.1068402 0.1850528 -0.9769036 0.1156452 -0.2003041 -0.9728846 0.08851128 -0.2136847 -0.9728848 0.4513426 -0.7817487 -0.4303012 0.60876 -0.7933545 -1.67299e-7 0.5000002 -0.8660253 0 0.5495195 -0.7161469 0.4303045 0.3145455 -0.5448061 0.7773337 0.1408017 -0.1834974 0.9728842 -0.130078 0.1695218 0.9769044 -0.3760704 0.4901053 0.7863637 -0.5473956 0.7133826 0.4375424 -0.5000005 0.8660252 -3.96085e-7 -0.5473955 0.7133826 -0.4375426 -0.3760704 0.4901053 -0.7863637 -0.130078 0.1695218 -0.9769044 0.1408017 -0.1834974 -0.9728842 0.3145452 -0.5448068 -0.7773331 0.5495193 -0.7161471 -0.4303045 0.7071065 -0.7071072 0 0.6382927 -0.6382935 0.4303069 0.382965 -0.4990889 0.777334 0.1635494 -0.1635503 0.9728838 -0.1510874 0.1510884 0.9769058 -0.4368197 0.4368218 0.7863684 -0.6358249 0.6358278 0.4375497 -0.707107 0.7071067 2.04803e-6 -0.6087604 0.7933542 0 -0.6358252 0.6358278 -0.4375493 -0.4368194 0.4368216 -0.7863687 -0.1510874 0.1510884 -0.9769058 0.1635494 -0.1635503 -0.9728838 0.382965 -0.4990885 -0.7773343 0.6382925 -0.6382936 -0.4303069 0.7161485 -0.5495204 0.4303007 0.4448336 -0.4448333 0.777333 0.1835003 -0.1408047 0.9728832 -0.1695216 0.1300776 0.9769045 -0.4901055 0.37607 0.7863637 -0.7133825 0.5473917 0.4375475 -0.7933558 0.6087583 -1.51429e-6 -0.4901058 0.3760688 -0.7863643 -0.1695216 0.1300776 -0.9769045 0.1835003 -0.1408047 -0.9728832 0.4448338 -0.4448326 -0.7773333 0.7161484 -0.5495204 -0.4303008 0.8660254 -0.5 1.23014e-7 0.7933539 -0.6087608 0 0.7817472 -0.4513412 0.4303053 0.4990918 -0.3829655 0.7773318 0.5448028 -0.314542 0.7773373 0.2003002 -0.1156435 0.9728857 -0.534996 0.3088815 0.786366 -0.7787279 0.4495998 0.4375422 -0.7787277 0.4496003 -0.4375417 -0.7133829 0.5473911 -0.4375475 -0.5349959 0.3088814 -0.7863661 0.2003002 -0.1156435 -0.9728857 0.5448025 -0.3145429 -0.7773371 0.4990916 -0.3829655 -0.7773321 0.7817471 -0.4513412 -0.4303053 0.9238792 -0.3826844 0 0.5812062 -0.2407431 0.7773301 0.2136919 -0.08851444 0.9728829 -0.197407 0.08176785 0.9769057 -0.1850522 0.1068395 0.9769038 -0.5707359 0.2364084 0.7863661 -0.8307473 0.3441112 0.4375462 -0.9238792 0.3826844 0 -0.8660244 0.5000018 1.2559e-7 -0.8307477 0.3441096 -0.4375464 -0.570736 0.2364078 -0.7863662 -0.1850521 0.1068395 -0.9769038 -0.197407 0.08176785 -0.9769057 0.2136918 -0.08851438 -0.9728828 0.581206 -0.2407434 -0.7773302 0.8719252 -0.2336337 0.4303044 0.8339707 -0.3454425 0.430305 0.6076521 -0.1628182 0.7773348 0.2234063 -0.05986142 0.9728856 -0.5967104 0.1598902 0.7863662 -0.8685559 0.23273 0.437547 -0.9659253 0.2588211 0 -0.8685559 0.2327308 -0.4375469 -0.5967103 0.1598909 -0.7863662 0.2234062 -0.05986142 -0.9728856 0.607652 -0.1628191 -0.7773346 0.8719252 -0.2336333 -0.4303044 0.8339709 -0.3454418 -0.4303053 0.9659261 -0.258818 0 0.8949624 -0.1178247 0.4303019 0.2293193 -0.03019016 0.9728829 -0.2118421 0.0278896 0.9769059 -0.2063988 0.05530411 0.9769038 -0.6124719 0.08063262 0.7863692 -0.8915013 0.1173655 0.4375509 -0.991445 0.1305256 0 -0.8915011 0.1173671 -0.4375509 -0.6124718 0.08063262 -0.7863693 -0.2063988 0.05530411 -0.9769038 -0.211842 0.0278896 -0.9769059 0.2293193 -0.03019016 -0.9728829 0.8949625 -0.117824 -0.430302 0.9914451 -0.1305242 0 0.6237082 -0.08211058 0.7773327 0.6237081 -0.08211112 -0.7773326 0 0 -1 0 0 1 -0.9922779 0 -0.1240352 -0.9922779 0 -0.1240353 -0.9922779 0 -0.1240354 0 0.9996877 -0.02499139 0 0.9996876 -0.02499282 0 0.9996877 -0.02499133 0.9922778 0 0.1240353 0.9922779 0 0.1240352 0.9922779 0 0.1240352 0 -0.9996876 -0.02499282 0 -0.9996877 -0.02499169 0 -0.9996877 -0.02499163 0 0.9996877 -0.02499198 0 0.9996876 -0.02499282 0 0.9996877 -0.02499192 -0.9922778 0 -0.1240353 -0.9922779 0 -0.1240353 0 0.9996877 -0.02499198 0 0.9996877 -0.02499252 0.9922778 0 0.1240353 0.9922779 0 0.1240354 0.9922779 0 0.1240353 -0.9922779 0 -0.1240353 -0.9922779 0 -0.1240354 -0.9922779 0 -0.1240354 0 0.9996877 -0.02499169 0 0.9996877 -0.02499252 0 0.9996877 -0.02499163 0.9922779 0 0.1240353 0.9922779 0 0.1240354 0.9922779 0 0.1240354 -0.9922779 0 -0.1240353 -0.9922779 0 -0.1240353 0.9922779 0 0.1240353 0.9922779 0 0.1240354 -0.9922778 0 -0.1240353 -0.9922779 0 -0.1240354 -0.9922779 0 -0.1240354 0 0.9996877 -0.02499181 0 0.9996877 -0.02499252 0 0.9996877 -0.02499181 0.9922778 0 0.1240354 0.9922778 0 0.1240353 0.9922778 0 0.1240354 0 -0.9996877 -0.02499252 0 -0.9996877 -0.02499181 0 -0.9996877 -0.02499181 -0.9922778 0 -0.1240353 0 0.9996877 -0.02499175 0 0.9996876 -0.02499264 0 0.9996877 -0.02499175 0.9922779 0 0.1240353 0 -0.9996876 -0.02499258 0 -0.9996877 -0.02499175 0 -0.9996877 -0.02499169 -0.9922779 0 -0.1240354 0 0.9996877 -0.02499169 0 0.9996876 -0.0249927 0 -0.9996876 -0.02499264 0 -0.9996877 -0.02499175 0 -0.9996877 -0.02499175 -0.9922778 0 -0.1240354 0.9922779 0 0.1240354 0 -0.9996877 -0.02499252 0 -0.9996877 -0.02499186 0 -0.9996877 -0.02499186 0 0.9996877 -0.02499192 0 0.9996877 -0.0249924 0.9922779 0 0.1240353 0.9922779 0 0.1240354 0.9922779 0 0.1240355 0 -0.9996877 -0.02499252 0 -0.9996877 -0.02499169 0 0.9996877 -0.02499192 0 0.9996877 -0.02499228 0.9922779 0 0.1240353 0.9922779 0 0.1240353 0 -0.9996877 -0.02499228 0 -0.9996877 -0.02499169 -0.9922779 0 -0.1240353 0 0.9996877 -0.02499198 0 0.9996876 -0.02499312 0.9922779 0 0.1240353 0 -0.9996877 -0.02499222 0 -0.9996877 -0.02499139 0 -0.9996877 -0.02499133 2.06098e-7 0 -1 1.37037e-6 0 -1 6.87601e-7 0 1 -3.04312e-7 0 1 8.31543e-7 0 1 -0.9901534 -0.06489783 -0.1240345 -0.9901533 -0.0649001 -0.1240351 -0.9901531 -0.06490093 -0.1240352 -0.06538283 0.9975473 -0.02499091 -0.06538617 0.997547 -0.02499383 -0.06538271 0.9975473 -0.02499079 0.9901531 0.06490081 0.124035 0.9901532 0.06490045 0.1240344 0.9901531 0.06490093 0.1240352 0.0653851 -0.9975472 -0.02499115 0.06538271 -0.9975473 -0.02499163 0.06538265 -0.9975473 -0.02499169 0 0 -1 6.32475e-7 0 -1 7.27597e-7 0 -1 -6.91253e-7 0 1 2.75481e-7 0 1 -8.31541e-7 0 1 -0.973212 -0.1935812 -0.1240352 -0.9732108 -0.1935874 -0.1240351 -0.9732104 -0.1935896 -0.1240351 -0.1950294 0.980479 -0.02499103 -0.1950361 0.9804776 -0.02499294 -0.1950292 0.980479 -0.02499097 0.9732113 0.1935852 0.1240352 0.9732117 0.1935831 0.124035 0.9732111 0.1935859 0.1240353 0.195036 -0.9804777 -0.02499186 0.1950294 -0.980479 -0.0249921 0.1950292 -0.980479 -0.0249921 -4.12197e-7 0 -1 -2.74069e-6 0 -1 6.50323e-7 0 1 -5.98354e-7 0 1 -7.7956e-7 0 1 -0.8899478 -0.4388717 -0.1240342 -0.8899459 -0.4388757 -0.1240348 -0.8899451 -0.438877 -0.1240351 -0.442148 0.8965939 -0.02499103 -0.442148 0.8965939 -0.0249921 -0.442148 0.8965939 -0.02499097 0.8899468 0.4388735 0.1240351 0.8899472 0.4388732 0.1240341 0.8899468 0.4388736 0.1240354 0.442148 -0.8965939 -0.02499216 0.4421458 -0.896595 -0.0249927 0.4421457 -0.896595 -0.02499276 -3.11954e-6 0 -1 1.17929e-6 0 -1 1.94027e-6 0 -1 0 0 1 0 0 1 -0.825049 -0.5512799 -0.1240349 -0.8250495 -0.5512792 -0.1240346 -0.8250497 -0.551279 -0.1240345 -0.5554015 0.8312067 -0.02499246 -0.5554015 0.8312066 -0.02499461 -0.5554015 0.8312067 -0.02499234 0.8250495 0.5512792 0.1240348 0.825049 0.5512799 0.1240348 0.8250497 0.551279 0.1240348 0.5554016 -0.8312067 -0.02499115 0.5554015 -0.8312069 -0.02498954 0.5554015 -0.8312068 -0.02498948 0 0 -1 -4.21651e-7 0 -1 -3.33934e-7 0 1 2.29991e-7 0 1 3.11826e-7 0 1 -0.6542542 -0.746034 -0.1240349 -0.6542516 -0.7460363 -0.1240352 -0.6542507 -0.7460371 -0.1240353 -0.7515913 0.6591555 -0.02499181 -0.751617 0.6591262 -0.02499157 -0.7515903 0.6591567 -0.02499181 0.6542531 0.746035 0.1240355 0.6542546 0.7460337 0.124035 0.6542526 0.7460354 0.1240357 0.7516003 -0.6591452 -0.02499157 0.7516173 -0.6591258 -0.02499216 0.7516181 -0.6591251 -0.02499216 -1.49635e-6 0 -1 1.0113e-6 0 -1 1.4552e-6 0 -1 0 0 1 -1.84503e-7 0 1 -0.5512788 -0.8250498 -0.1240347 -0.5512804 -0.8250486 -0.1240349 -0.5512783 -0.8250502 -0.1240346 -0.8312107 0.5553954 -0.02499449 -0.8312188 0.5553835 -0.02499234 -0.8312104 0.5553959 -0.02499461 0.5512804 0.8250486 0.1240352 0.5512788 0.8250498 0.1240346 0.5512783 0.8250502 0.1240344 0.8312188 -0.5553835 -0.02499192 0.8312109 -0.5553954 -0.02499115 0.8312106 -0.5553959 -0.02499109 -0.4388749 -0.8899463 -0.1240345 -0.4388742 -0.8899466 -0.1240348 -0.438874 -0.8899467 -0.1240348 -0.8965938 0.4421483 -0.02499246 -0.8965937 0.4421483 -0.02499246 -0.8965938 0.4421483 -0.0249924 0.4388742 0.8899465 0.1240348 0.4388749 0.8899462 0.124035 0.438874 0.8899467 0.1240347 0.8965937 -0.4421483 -0.0249924 4.21652e-7 0 -1 0 0 -1 -0.1935838 -0.9732114 -0.1240356 -0.1935845 -0.9732115 -0.1240344 -0.1935847 -0.9732115 -0.1240339 -0.9804784 0.1950322 -0.024993 -0.9804817 0.1950156 -0.02499306 -0.9804783 0.1950329 -0.024993 0.1935845 0.9732114 0.1240348 0.1935838 0.9732115 0.1240348 0.1935847 0.9732114 0.1240348 0.9804784 -0.1950322 -0.02499181 0.9804818 -0.1950156 -0.02499175 0.9804818 -0.195015 -0.02499175 2.94831e-7 0 -1 -7.7988e-7 0 -1 -9.70124e-7 0 -1 -0.06489861 -0.9901533 -0.1240349 -0.06489831 -0.9901534 -0.1240342 -0.06489872 -0.9901533 -0.1240351 -0.9975476 0.06537741 -0.02499252 -0.9975476 0.06537741 -0.02499234 -0.9975477 0.06537741 -0.02499252 0.06489831 0.9901534 0.1240341 0.06489861 0.9901533 0.1240347 0.06489872 0.9901533 0.1240348 0.9975476 -0.06537741 -0.02499175 0.9975476 -0.06537741 -0.02499163 0.9975476 -0.06537741 -0.02499163 0 -0.992278 -0.1240342 0 -0.9922779 -0.1240345 0 -0.992278 -0.1240347 -0.9996877 0 -0.0249921 -0.9996877 0 -0.02499234 -0.9996877 0 -0.0249921 0 0.9922779 0.1240347 0 0.992278 0.1240344 0 0.992278 0.1240342 0.9996877 0 -0.02499234 0.9996877 0 -0.0249921 0.9996877 0 -0.0249921 0 -0.992278 -0.1240341 0 -0.992278 -0.1240344 0 -0.9922779 -0.1240345 0 0.9922779 0.1240344 0 0.9922779 0.1240345 0 0.9922779 0.1240345 0 -0.992278 -0.1240344 0 -0.9922779 -0.1240348 0 -0.9922779 -0.124035 0 0.9922779 0.1240345 0 0.9922779 0.124035 0 0.9922779 0.1240352 0 -0.992278 -0.1240343 0 -0.992278 -0.1240344 0 0.9922779 0.1240345 0 0.9922779 0.1240345 0 0.9922779 0.1240347 0 0.9922779 0.1240349 0 0.9922779 0.124035 0 -0.9922779 -0.1240347 0 -0.992278 -0.1240342 0 -0.9922779 -0.1240348 0 0.9922779 0.1240352 0 0.9922779 0.1240348 0 0.992278 0.1240347 0.9996877 0 -0.0249924 0.9996877 0 -0.0249924 0 -0.9922779 -0.1240347 0 -0.992278 -0.124034 0 -0.9922781 -0.1240338 0 0.9922779 0.1240344 0 0.9922779 0.1240347 0 0.9922779 0.1240348 0 -0.992278 -0.1240342 0 -0.9922779 -0.1240346 0 0.9922779 0.1240347 0 -0.9922779 -0.1240348 0 -0.992278 -0.124034 0 0.9922779 0.1240345 0 0.9922779 0.1240348 0 -0.992278 -0.1240342 0 -0.9922779 -0.1240351 -0.9996877 0 -0.0249921 0 0.9922779 0.1240345 0 0.9922779 0.1240348 0 -0.992278 -0.1240343 0 -0.992278 -0.1240347 0 0.992278 0.1240346 0 0.9922779 0.1240346 0 0.992278 0.1240346 0.9996877 0 -0.0249921 0 -0.992278 -0.1240343 0 -0.9922779 -0.1240346 0 0.992278 0.1240345 0 0.9922779 0.1240347 0 -0.9922779 -0.1240344 0 -0.992278 -0.1240339 0 -0.9922781 -0.1240337 0 0.9922779 0.1240347 0 0.992278 0.1240347 0 -0.9922779 -0.1240348 0 -0.9922779 -0.1240354 0 -0.9922779 -0.1240357 0 0.992278 0.124034 0 0.9922781 0.1240338 0 -0.9922779 -0.1240346 0 -0.992278 -0.1240347 0 0.992278 0.1240346 0 0.9922779 0.1240347 0 -0.992278 -0.1240343 0 -0.9922779 -0.1240347 0 -0.992278 -0.1240348 0 0.992278 0.1240346 0 0.9922779 0.1240348 0 0.992278 0.1240345 0 -0.9922779 -0.1240346 0 -0.992278 -0.1240342 0 -0.9922779 -0.1240347 0 0.9922779 0.1240346 0 0.9922779 0.1240347 0 -0.992278 -0.1240342 0 -0.992278 -0.1240342 0 0.992278 0.1240343 0 -0.992278 -0.1240341 0 0.992278 0.1240344 0 0.992278 0.1240343 -2.94825e-7 0 -1 7.7988e-7 0 -1 -4.85068e-7 0 -1 0.06489825 -0.9901534 -0.1240339 0.06489843 -0.9901534 -0.1240342 0.06489843 -0.9901534 -0.1240344 -0.9975476 -0.06537741 -0.02499192 -0.9975476 -0.06537741 -0.02499169 -0.9975477 -0.06537741 -0.02499192 -0.06489861 0.9901533 0.1240356 -0.06489831 0.9901534 0.1240338 -0.06489866 0.9901531 0.1240363 0.9975464 0.06539529 -0.02499246 0.9975476 0.06537806 -0.02499234 0.9975477 0.06537741 -0.02499234 -4.21652e-7 0 -1 0 0 -1 0.1935845 -0.9732114 -0.1240345 0.1935838 -0.9732115 -0.1240347 0.1935847 -0.9732115 -0.1240344 -0.9804785 -0.1950322 -0.02499163 -0.9804817 -0.1950157 -0.02499175 -0.9804782 -0.1950328 -0.02499163 -0.1935838 0.9732115 0.1240352 -0.1935845 0.9732114 0.124035 -0.1935847 0.9732114 0.1240349 0.9804817 0.1950157 -0.02499306 0.9804784 0.1950322 -0.02499312 0.9804782 0.1950329 -0.02499312 0.4388741 -0.8899465 -0.1240349 0.4388749 -0.8899461 -0.1240356 0.4388739 -0.8899467 -0.1240347 -0.8965866 -0.4421628 -0.02499252 -0.8965935 -0.4421489 -0.02499216 -0.8965864 -0.4421634 -0.02499252 -0.4388738 0.8899468 0.1240352 -0.4388739 0.8899467 0.124035 -0.4388739 0.8899467 0.1240348 0.8965938 0.4421483 -0.0249924 0.8965937 0.4421484 -0.02499216 0.8965937 0.4421484 -0.02499216 1.49635e-6 0 -1 -1.01128e-6 0 -1 1.94026e-6 0 -1 0 0 1 1.84502e-7 0 1 2.07883e-7 0 1 0.5512814 -0.825048 -0.1240345 0.5512778 -0.8250505 -0.1240344 0.5512765 -0.8250513 -0.1240344 -0.8312105 -0.5553959 -0.02499169 -0.8312106 -0.5553959 -0.02499139 -0.8312106 -0.5553959 -0.02499169 -0.5512775 0.8250508 0.1240347 -0.5512802 0.8250489 0.1240349 -0.5512765 0.8250513 0.1240347 0.8312107 0.5553954 -0.02499455 0.8312187 0.5553835 -0.02499318 0.831219 0.555383 -0.02499312 0.7460344 -0.6542538 -0.1240351 0.746034 -0.6542543 -0.1240348 0.7460345 -0.6542537 -0.1240351 -0.6591501 -0.751596 -0.02499157 -0.6591415 -0.7516037 -0.02499121 -0.6591504 -0.7515959 -0.02499157 -0.746034 0.6542543 0.1240348 -0.7460344 0.6542538 0.1240351 -0.7460345 0.6542537 0.1240351 0.6591414 0.7516037 -0.02499353 0.6591501 0.751596 -0.0249933 0.6591504 0.7515957 -0.0249933 3.11955e-6 0 -1 -1.1793e-6 0 -1 3.88053e-6 0 -1 0 0 1 0 0 1 0 0 1 0.8250495 -0.5512792 -0.124035 0.825049 -0.5512799 -0.1240351 0.8250497 -0.551279 -0.1240349 -0.5554097 -0.8312013 -0.02499043 -0.5554019 -0.8312066 -0.02499115 -0.5554101 -0.831201 -0.02499043 -0.8250491 0.55128 0.1240348 -0.8250495 0.5512792 0.1240346 -0.8250497 0.551279 0.1240345 0.5554097 0.8312012 -0.02499502 0.5554018 0.8312065 -0.024993 0.5554015 0.8312067 -0.02499294 0 0 -1 6.32473e-7 0 -1 0 0 1 -1.38378e-7 0 1 -1.55914e-7 0 1 0.939618 -0.3189569 -0.1240342 0.9396183 -0.3189561 -0.1240345 0.9396184 -0.3189559 -0.1240345 -0.3213407 -0.9466338 -0.02499228 -0.3213408 -0.9466338 -0.02499175 -0.3213407 -0.9466339 -0.02499228 -0.9396181 0.3189566 0.1240344 -0.9396179 0.3189572 0.1240345 -0.9396182 0.3189563 0.1240343 0.3213354 0.9466357 -0.02499234 0.3213355 0.9466357 -0.02499181 0.3213355 0.9466357 -0.02499175 0 0 -1 -6.32476e-7 0 -1 6.91251e-7 0 1 -2.75481e-7 0 1 -4.1577e-7 0 1 0.9732112 -0.1935853 -0.1240351 0.9732117 -0.1935831 -0.124035 0.9732111 -0.1935862 -0.1240351 -0.1950259 -0.9804797 -0.02499115 -0.195036 -0.9804777 -0.0249924 -0.1950255 -0.9804797 -0.02499109 -0.9732121 0.1935812 0.1240351 -0.9732108 0.1935877 0.1240352 -0.9732103 0.1935899 0.1240352 0.1950359 0.9804777 -0.024993 0.195026 0.9804797 -0.02499228 0.1950256 0.9804797 -0.02499222 3.06407e-6 0 -1 -1.54823e-6 0 -1 -2.3647e-6 0 -1 0 0 1 -2.19099e-7 0 1 0.9901537 -0.06489241 -0.1240348 0.9901533 -0.06489872 -0.1240345 0.9901532 -0.06490093 -0.1240344 -0.06537908 -0.9975476 -0.02499228 -0.06537687 -0.9975476 -0.02499228 -0.06537914 -0.9975476 -0.02499234 -0.9901534 0.06489872 0.1240344 -0.9901537 0.06489241 0.1240349 -0.9901532 0.06490093 0.1240342 0.06537681 0.9975477 -0.02499198 0.06537914 0.9975476 -0.02499228 0.0653792 0.9975476 -0.02499234 0.9922779 0 -0.1240352 0.9922779 0 -0.1240353 0.9922779 0 -0.1240354 0 -0.9996877 -0.02499198 0 -0.9996876 -0.02499282 0 -0.9996877 -0.02499192 -0.9922778 0 0.1240353 -0.9922779 0 0.1240352 -0.9922779 0 0.1240352 0 0.9996876 -0.02499282 0 0.9996877 -0.02499169 0.9922778 0 -0.1240353 0.9922779 0 -0.1240353 0 -0.9996877 -0.02499198 0 -0.9996877 -0.02499252 -0.9922778 0 0.1240353 -0.9922779 0 0.1240354 -0.9922779 0 0.1240353 0.9922779 0 -0.1240353 0.9922779 0 -0.1240354 0.9922779 0 -0.1240354 -0.9922779 0 0.1240353 -0.9922779 0 0.1240354 -0.9922779 0 0.1240354 0.9922779 0 -0.1240353 0.9922779 0 -0.1240353 -0.9922779 0 0.1240353 -0.9922779 0 0.1240354 0.9922778 0 -0.1240353 0.9922779 0 -0.1240354 0.9922779 0 -0.1240354 -0.9922778 0 0.1240354 -0.9922778 0 0.1240353 -0.9922778 0 0.1240354 0.9922778 0 -0.1240353 0 -0.9996877 -0.02499175 0 -0.9996876 -0.02499264 -0.9922779 0 0.1240353 0 0.9996876 -0.02499258 0 0.9996877 -0.02499175 0 0.9996877 -0.02499169 0.9922779 0 -0.1240354 0 -0.9996877 -0.02499169 0 -0.9996876 -0.0249927 0 0.9996876 -0.02499264 0 0.9996877 -0.02499175 0.9922778 0 -0.1240354 -0.9922779 0 0.1240354 0 0.9996877 -0.02499252 0 0.9996877 -0.02499186 0 0.9996877 -0.02499186 0 -0.9996877 -0.02499192 0 -0.9996877 -0.0249924 -0.9922779 0 0.1240353 -0.9922779 0 0.1240354 -0.9922779 0 0.1240355 0 -0.9996877 -0.02499192 0 -0.9996877 -0.02499228 -0.9922779 0 0.1240353 -0.9922779 0 0.1240353 0 0.9996877 -0.02499228 0 0.9996877 -0.02499169 0.9922779 0 -0.1240353 0 -0.9996877 -0.02499198 0 -0.9996876 -0.02499312 -0.9922779 0 0.1240353 0 0.9996877 -0.02499222 0 0.9996877 -0.02499139 -2.06098e-7 0 -1 -1.37037e-6 0 -1 -6.87601e-7 0 1 3.04312e-7 0 1 -8.31543e-7 0 1 0.9901534 0.06489783 -0.1240345 0.9901533 0.0649001 -0.1240351 0.9901531 0.06490093 -0.1240352 0.06538283 -0.9975473 -0.02499091 0.06538617 -0.997547 -0.02499383 0.06538271 -0.9975473 -0.02499079 -0.9901531 -0.06490081 0.124035 -0.9901532 -0.06490045 0.1240344 -0.9901531 -0.06490093 0.1240352 -0.0653851 0.9975472 -0.02499115 -0.06538271 0.9975473 -0.02499163 -0.06538265 0.9975473 -0.02499169 0 0 -1 -6.32475e-7 0 -1 -7.27597e-7 0 -1 6.91253e-7 0 1 -2.75481e-7 0 1 8.31541e-7 0 1 0.973212 0.1935812 -0.1240352 0.9732108 0.1935874 -0.1240351 0.9732104 0.1935896 -0.1240351 0.1950294 -0.980479 -0.02499103 0.1950361 -0.9804776 -0.02499294 0.1950292 -0.980479 -0.02499097 -0.9732113 -0.1935852 0.1240352 -0.9732117 -0.1935831 0.124035 -0.9732111 -0.1935859 0.1240353 -0.195036 0.9804777 -0.02499186 -0.1950294 0.980479 -0.0249921 -0.1950292 0.980479 -0.0249921 4.12197e-7 0 -1 2.74069e-6 0 -1 -6.50323e-7 0 1 5.98354e-7 0 1 7.7956e-7 0 1 0.8899478 0.4388717 -0.1240342 0.8899459 0.4388757 -0.1240348 0.8899451 0.438877 -0.1240351 0.442148 -0.8965939 -0.02499103 0.442148 -0.8965939 -0.0249921 0.442148 -0.8965939 -0.02499097 -0.8899468 -0.4388735 0.1240351 -0.8899472 -0.4388732 0.1240341 -0.8899468 -0.4388736 0.1240354 -0.442148 0.8965939 -0.02499216 -0.4421458 0.896595 -0.0249927 -0.4421457 0.896595 -0.02499276 3.11954e-6 0 -1 -1.17929e-6 0 -1 -1.94027e-6 0 -1 0 0 1 0 0 1 0.825049 0.5512799 -0.1240349 0.8250495 0.5512792 -0.1240346 0.8250497 0.551279 -0.1240345 0.5554015 -0.8312067 -0.02499246 0.5554015 -0.8312066 -0.02499461 0.5554015 -0.8312067 -0.02499234 -0.8250495 -0.5512792 0.1240348 -0.825049 -0.5512799 0.1240348 -0.8250497 -0.551279 0.1240348 -0.5554016 0.8312067 -0.02499115 -0.5554015 0.8312069 -0.02498954 -0.5554015 0.8312068 -0.02498948 0 0 -1 4.21651e-7 0 -1 3.33934e-7 0 1 -2.29991e-7 0 1 -3.11826e-7 0 1 0.6542542 0.746034 -0.1240349 0.6542516 0.7460363 -0.1240352 0.6542507 0.7460371 -0.1240353 0.7515913 -0.6591555 -0.02499181 0.751617 -0.6591262 -0.02499157 0.7515903 -0.6591567 -0.02499181 -0.6542531 -0.746035 0.1240355 -0.6542546 -0.7460337 0.124035 -0.6542526 -0.7460354 0.1240357 -0.7516003 0.6591452 -0.02499157 -0.7516173 0.6591258 -0.02499216 -0.7516181 0.6591251 -0.02499216 1.49635e-6 0 -1 -1.0113e-6 0 -1 -1.4552e-6 0 -1 0 0 1 1.84503e-7 0 1 0.5512788 0.8250498 -0.1240347 0.5512804 0.8250486 -0.1240349 0.5512783 0.8250502 -0.1240346 0.8312107 -0.5553954 -0.02499449 0.8312188 -0.5553835 -0.02499234 0.8312104 -0.5553959 -0.02499461 -0.5512804 -0.8250486 0.1240352 -0.5512788 -0.8250498 0.1240346 -0.5512783 -0.8250502 0.1240344 -0.8312188 0.5553835 -0.02499192 -0.8312109 0.5553954 -0.02499115 -0.8312106 0.5553959 -0.02499109 0.4388749 0.8899463 -0.1240345 0.4388742 0.8899466 -0.1240348 0.438874 0.8899467 -0.1240348 0.8965938 -0.4421483 -0.02499246 0.8965937 -0.4421483 -0.02499246 0.8965938 -0.4421483 -0.0249924 -0.4388742 -0.8899465 0.1240348 -0.4388749 -0.8899462 0.124035 -0.438874 -0.8899467 0.1240347 -0.8965937 0.4421483 -0.0249924 0.1935838 0.9732114 -0.1240356 0.1935845 0.9732115 -0.1240344 0.1935847 0.9732115 -0.1240339 0.9804784 -0.1950322 -0.024993 0.9804817 -0.1950156 -0.02499306 0.9804783 -0.1950329 -0.024993 -0.1935845 -0.9732114 0.1240348 -0.1935838 -0.9732115 0.1240348 -0.1935847 -0.9732114 0.1240348 -0.9804784 0.1950322 -0.02499181 -0.9804818 0.1950156 -0.02499175 -0.9804818 0.195015 -0.02499175 -2.94831e-7 0 -1 7.7988e-7 0 -1 9.70124e-7 0 -1 0.06489861 0.9901533 -0.1240349 0.06489831 0.9901534 -0.1240342 0.06489872 0.9901533 -0.1240351 0.9975476 -0.06537741 -0.02499252 0.9975476 -0.06537741 -0.02499234 0.9975477 -0.06537741 -0.02499252 -0.06489831 -0.9901534 0.1240341 -0.06489861 -0.9901533 0.1240347 -0.06489872 -0.9901533 0.1240348 -0.9975476 0.06537741 -0.02499175 -0.9975476 0.06537741 -0.02499163 -0.9975476 0.06537741 -0.02499163 0 0.992278 -0.1240342 0 0.9922779 -0.1240345 0 0.992278 -0.1240347 0 -0.9922779 0.1240347 0 -0.992278 0.1240344 0 -0.992278 0.1240342 0 0.992278 -0.1240341 0 0.992278 -0.1240344 0 0.9922779 -0.1240345 0 -0.9922779 0.1240344 0 -0.9922779 0.1240345 0 -0.9922779 0.1240345 0 0.992278 -0.1240344 0 0.9922779 -0.1240348 0 0.9922779 -0.124035 0 -0.9922779 0.1240345 0 -0.9922779 0.124035 0 -0.9922779 0.1240352 0 0.992278 -0.1240343 0 0.992278 -0.1240344 0 -0.9922779 0.1240345 0 -0.9922779 0.1240345 0 -0.9922779 0.1240347 0 -0.9922779 0.1240349 0 -0.9922779 0.124035 0 0.9922779 -0.1240347 0 0.992278 -0.1240342 0 0.9922779 -0.1240348 0 -0.9922779 0.1240352 0 -0.9922779 0.1240348 0 -0.992278 0.1240347 -0.9996877 0 -0.0249924 -0.9996877 0 -0.0249924 0 0.9922779 -0.1240347 0 0.992278 -0.124034 0 0.9922781 -0.1240338 0 -0.9922779 0.1240344 0 -0.9922779 0.1240347 0 -0.9922779 0.1240348 0 0.992278 -0.1240342 0 0.9922779 -0.1240346 0 -0.9922779 0.1240347 0 0.9922779 -0.1240348 0 0.992278 -0.124034 0 -0.9922779 0.1240345 0 -0.9922779 0.1240348 0 0.992278 -0.1240342 0 0.9922779 -0.1240351 0 -0.9922779 0.1240345 0 -0.9922779 0.1240348 0 0.992278 -0.1240343 0 0.992278 -0.1240347 0 -0.992278 0.1240346 0 -0.9922779 0.1240346 0 -0.992278 0.1240346 0 0.992278 -0.1240343 0 0.9922779 -0.1240346 0 -0.992278 0.1240345 0 -0.9922779 0.1240347 0 0.9922779 -0.1240344 0 0.992278 -0.1240339 0 0.9922781 -0.1240337 0 -0.9922779 0.1240347 0 -0.992278 0.1240347 0 0.9922779 -0.1240348 0 0.9922779 -0.1240354 0 0.9922779 -0.1240357 0 -0.992278 0.124034 0 -0.9922781 0.1240338 0 0.9922779 -0.1240346 0 0.992278 -0.1240347 0 -0.992278 0.1240346 0 -0.9922779 0.1240347 0 0.992278 -0.1240343 0 0.9922779 -0.1240347 0 0.992278 -0.1240348 0 -0.992278 0.1240346 0 -0.9922779 0.1240348 0 -0.992278 0.1240345 0 0.9922779 -0.1240346 0 0.992278 -0.1240342 0 0.9922779 -0.1240347 0 -0.9922779 0.1240346 0 -0.9922779 0.1240347 0 0.992278 -0.1240342 0 0.992278 -0.1240342 0 -0.992278 0.1240343 0 0.992278 -0.1240341 0 -0.992278 0.1240344 0 -0.992278 0.1240343 2.94825e-7 0 -1 -7.7988e-7 0 -1 4.85068e-7 0 -1 -0.06489825 0.9901534 -0.1240339 -0.06489843 0.9901534 -0.1240342 -0.06489843 0.9901534 -0.1240344 0.9975476 0.06537741 -0.02499192 0.9975476 0.06537741 -0.02499169 0.9975477 0.06537741 -0.02499192 0.06489861 -0.9901533 0.1240356 0.06489831 -0.9901534 0.1240338 0.06489866 -0.9901531 0.1240363 -0.9975464 -0.06539529 -0.02499246 -0.9975476 -0.06537806 -0.02499234 -0.9975477 -0.06537741 -0.02499234 -0.1935845 0.9732114 -0.1240345 -0.1935838 0.9732115 -0.1240347 -0.1935847 0.9732115 -0.1240344 0.9804785 0.1950322 -0.02499163 0.9804817 0.1950157 -0.02499175 0.9804782 0.1950328 -0.02499163 0.1935838 -0.9732115 0.1240352 0.1935845 -0.9732114 0.124035 0.1935847 -0.9732114 0.1240349 -0.9804817 -0.1950157 -0.02499306 -0.9804784 -0.1950322 -0.02499312 -0.9804782 -0.1950329 -0.02499312 -0.4388741 0.8899465 -0.1240349 -0.4388749 0.8899461 -0.1240356 -0.4388739 0.8899467 -0.1240347 0.8965866 0.4421628 -0.02499252 0.8965935 0.4421489 -0.02499216 0.8965864 0.4421634 -0.02499252 0.4388738 -0.8899468 0.1240352 0.4388739 -0.8899467 0.124035 0.4388739 -0.8899467 0.1240348 -0.8965938 -0.4421483 -0.0249924 -0.8965937 -0.4421484 -0.02499216 -0.8965937 -0.4421484 -0.02499216 -1.49635e-6 0 -1 1.01128e-6 0 -1 -1.94026e-6 0 -1 0 0 1 -1.84502e-7 0 1 -2.07883e-7 0 1 -0.5512814 0.825048 -0.1240345 -0.5512778 0.8250505 -0.1240344 -0.5512765 0.8250513 -0.1240344 0.8312105 0.5553959 -0.02499169 0.8312106 0.5553959 -0.02499139 0.8312106 0.5553959 -0.02499169 0.5512775 -0.8250508 0.1240347 0.5512802 -0.8250489 0.1240349 0.5512765 -0.8250513 0.1240347 -0.8312107 -0.5553954 -0.02499455 -0.8312187 -0.5553835 -0.02499318 -0.831219 -0.555383 -0.02499312 -0.7460344 0.6542538 -0.1240351 -0.746034 0.6542543 -0.1240348 -0.7460345 0.6542537 -0.1240351 0.6591501 0.751596 -0.02499157 0.6591415 0.7516037 -0.02499121 0.6591504 0.7515959 -0.02499157 0.746034 -0.6542543 0.1240348 0.7460344 -0.6542538 0.1240351 0.7460345 -0.6542537 0.1240351 -0.6591414 -0.7516037 -0.02499353 -0.6591501 -0.751596 -0.0249933 -0.6591504 -0.7515957 -0.0249933 -3.11955e-6 0 -1 1.1793e-6 0 -1 -3.88053e-6 0 -1 0 0 1 0 0 1 0 0 1 -0.8250495 0.5512792 -0.124035 -0.825049 0.5512799 -0.1240351 -0.8250497 0.551279 -0.1240349 0.5554097 0.8312013 -0.02499043 0.5554019 0.8312066 -0.02499115 0.5554101 0.831201 -0.02499043 0.8250491 -0.55128 0.1240348 0.8250495 -0.5512792 0.1240346 0.8250497 -0.551279 0.1240345 -0.5554097 -0.8312012 -0.02499502 -0.5554018 -0.8312065 -0.024993 -0.5554015 -0.8312067 -0.02499294 0 0 -1 -6.32473e-7 0 -1 0 0 1 1.38378e-7 0 1 1.55914e-7 0 1 -0.939618 0.3189569 -0.1240342 -0.9396183 0.3189561 -0.1240345 -0.9396184 0.3189559 -0.1240345 0.3213407 0.9466338 -0.02499228 0.3213408 0.9466338 -0.02499175 0.3213407 0.9466339 -0.02499228 0.9396181 -0.3189566 0.1240344 0.9396179 -0.3189572 0.1240345 0.9396182 -0.3189563 0.1240343 -0.3213354 -0.9466357 -0.02499234 -0.3213355 -0.9466357 -0.02499181 -0.3213355 -0.9466357 -0.02499175 0 0 -1 6.32476e-7 0 -1 -6.91251e-7 0 1 2.75481e-7 0 1 4.1577e-7 0 1 -0.9732112 0.1935853 -0.1240351 -0.9732117 0.1935831 -0.124035 -0.9732111 0.1935862 -0.1240351 0.1950259 0.9804797 -0.02499115 0.195036 0.9804777 -0.0249924 0.1950255 0.9804797 -0.02499109 0.9732121 -0.1935812 0.1240351 0.9732108 -0.1935877 0.1240352 0.9732103 -0.1935899 0.1240352 -0.1950359 -0.9804777 -0.024993 -0.195026 -0.9804797 -0.02499228 -0.1950256 -0.9804797 -0.02499222 -0.9922779 0 -0.1240352 0 0.9996877 -0.02499288 0 -0.9996877 -0.02499288 0 0.9996877 -0.02499258 -0.9922779 0 -0.1240353 0 -0.9996877 -0.02499258 0 0.9996877 -0.02499264 0 -0.9996877 -0.02499264 0 0.9996877 -0.0249927 0 -0.9996877 -0.02499264 0 0.9996877 -0.0249924 0.9922779 0 0.1240352 0 0.9996877 -0.02499228 0 -0.9996877 -0.02499228 0 0.9996877 -0.02499318 1.57647e-6 0 -1 -4.48254e-7 0 1 -0.9901534 -0.06489711 -0.1240343 -0.06538629 0.997547 -0.02499395 0.9901533 0.06490039 0.1240342 0.06538516 -0.9975472 -0.02499115 -0.9732124 -0.1935793 -0.1240352 -0.1950364 0.9804776 -0.02499306 0.9732119 0.1935824 0.124035 0.1950363 -0.9804776 -0.02499186 -3.15288e-6 0 -1 8.31529e-7 0 1 -0.8899486 -0.4388705 -0.124034 -0.4421481 0.8965939 -0.0249921 0.8899472 0.4388732 0.1240338 0.4421481 -0.8965939 -0.0249921 -3.88051e-6 0 -1 0 0 1 -0.8250489 -0.5512802 -0.124035 -0.5554015 0.8312067 -0.02499467 0.8250489 0.5512802 0.1240348 0.5554016 -0.8312067 -0.02499121 -4.85066e-7 0 -1 -4.15769e-7 0 1 -0.654255 -0.7460334 -0.1240348 -0.7516181 0.659125 -0.02499157 0.654255 0.7460334 0.1240348 0.7515997 -0.659146 -0.02499157 -2.07884e-7 0 1 -0.551281 -0.8250483 -0.124035 -0.8312191 0.5553831 -0.02499222 0.551281 0.8250483 0.1240354 0.831219 -0.555383 -0.02499192 -0.4388751 -0.8899462 -0.1240344 0.4388751 0.8899461 0.1240351 -0.1935836 -0.9732115 -0.124036 -0.9804819 0.195015 -0.02499306 0.1935836 0.9732116 0.1240348 0.9804783 -0.1950329 -0.02499181 4.85075e-7 0 -1 -0.06489819 -0.9901534 -0.124034 -0.9975477 0.06537741 -0.02499234 0.06489819 0.9901535 0.124034 0.9975476 -0.06537741 -0.02499181 0 0.9922779 0.1240348 0 0.992278 0.1240344 0 0.9922779 0.1240345 0 -0.992278 -0.1240341 0 0.9922778 0.1240353 0 -0.9922779 -0.1240349 0 0.992278 0.1240343 0 -0.992278 -0.1240341 0 0.992278 0.1240345 0 -0.9922779 -0.124035 0 0.992278 0.1240344 0 -0.992278 -0.1240342 0 0.992278 0.1240345 0 -0.992278 -0.1240346 0 -0.992278 -0.1240346 0 0.9922779 0.1240349 0 -0.992278 -0.1240343 0 0.992278 0.1240345 0 0.9922779 0.1240348 9.70123e-7 0 -1 0.06489819 -0.9901535 -0.1240338 -0.9975476 -0.06537741 -0.02499169 -0.06489825 0.9901536 0.1240332 0.9975464 0.06539595 -0.02499246 0.1935836 -0.9732116 -0.1240348 -0.9804819 -0.195015 -0.02499175 -0.1935836 0.9732115 0.1240352 0.9804819 0.195015 -0.02499306 0.4388751 -0.889946 -0.1240358 -0.8965937 -0.4421483 -0.02499216 -0.4388738 0.8899467 0.1240353 0.8965938 0.4421483 -0.0249924 -1.45519e-6 0 -1 0.5512825 -0.8250473 -0.1240345 -0.8312105 -0.5553959 -0.02499139 -0.551281 0.8250483 0.124035 0.8312104 0.5553959 -0.02499461 0.7460339 -0.6542544 -0.1240348 -0.6591411 -0.7516039 -0.02499121 -0.7460339 0.6542544 0.1240348 0.6591411 0.7516039 -0.02499353 -1.94027e-6 0 -1 0.8250488 -0.5512801 -0.1240352 -0.5554016 -0.8312067 -0.02499121 -0.8250489 0.5512802 0.1240348 0.55541 0.8312009 -0.02499508 7.27594e-7 0 -1 0.9396179 -0.3189571 -0.1240342 -0.3213408 -0.9466338 -0.02499175 -0.9396179 0.3189575 0.1240345 0.3213354 0.9466357 -0.02499234 -7.27599e-7 0 -1 8.3154e-7 0 1 0.9732119 -0.1935824 -0.1240351 -0.1950364 -0.9804776 -0.02499246 -0.9732124 0.1935793 0.124035 0.1950364 0.9804776 -0.02499306 3.88053e-6 0 -1 -2.46864e-7 0 1 0.9901539 -0.06489044 -0.1240348 -0.06537681 -0.9975476 -0.02499228 -0.9901539 0.06489044 0.124035 0.06537675 0.9975476 -0.02499198 0.9922779 0 -0.1240352 0.9922779 0 -0.1240353 0 -0.9996877 -0.02499264 0 0.9996877 -0.02499264 0 -0.9996877 -0.0249927 0 0.9996877 -0.02499264 0 -0.9996877 -0.0249924 -0.9922779 0 0.1240352 0 -0.9996877 -0.02499318 -1.57647e-6 0 -1 4.48254e-7 0 1 0.9901534 0.06489711 -0.1240343 0.06538629 -0.997547 -0.02499395 -0.9901533 -0.06490039 0.1240342 -0.06538516 0.9975472 -0.02499115 0.9732124 0.1935793 -0.1240352 0.1950364 -0.9804776 -0.02499306 -0.9732119 -0.1935824 0.124035 -0.1950363 0.9804776 -0.02499186 3.15288e-6 0 -1 -8.31529e-7 0 1 0.8899486 0.4388705 -0.124034 -0.8899472 -0.4388732 0.1240338 3.88051e-6 0 -1 0 0 1 0.8250489 0.5512802 -0.124035 0.5554015 -0.8312067 -0.02499467 -0.8250489 -0.5512802 0.1240348 -0.5554016 0.8312067 -0.02499121 4.85066e-7 0 -1 4.15769e-7 0 1 0.654255 0.7460334 -0.1240348 0.7516181 -0.659125 -0.02499157 -0.654255 -0.7460334 0.1240348 -0.7515997 0.659146 -0.02499157 2.07884e-7 0 1 0.551281 0.8250483 -0.124035 0.8312191 -0.5553831 -0.02499222 -0.551281 -0.8250483 0.1240354 -0.831219 0.555383 -0.02499192 0.4388751 0.8899462 -0.1240344 -0.4388751 -0.8899461 0.1240351 0.1935836 0.9732115 -0.124036 0.9804819 -0.195015 -0.02499306 -0.1935836 -0.9732116 0.1240348 -0.9804783 0.1950329 -0.02499181 -4.85075e-7 0 -1 0.06489819 0.9901534 -0.124034 0.9975477 -0.06537741 -0.02499234 -0.06489819 -0.9901535 0.124034 -0.9975476 0.06537741 -0.02499181 0 -0.9922779 0.1240348 0 -0.992278 0.1240344 0 -0.9922779 0.1240345 0 0.992278 -0.1240341 0 -0.9922778 0.1240353 0 0.9922779 -0.1240349 0 -0.992278 0.1240343 0 0.992278 -0.1240341 0 -0.992278 0.1240345 0 0.9922779 -0.124035 0 -0.992278 0.1240344 0 0.992278 -0.1240342 0 -0.992278 0.1240345 0 0.992278 -0.1240346 0 0.992278 -0.1240346 0 -0.9922779 0.1240349 0 0.992278 -0.1240343 0 -0.992278 0.1240345 0 -0.9922779 0.1240348 -9.70123e-7 0 -1 -0.06489819 0.9901535 -0.1240338 0.9975476 0.06537741 -0.02499169 0.06489825 -0.9901536 0.1240332 -0.9975464 -0.06539595 -0.02499246 -0.1935836 0.9732116 -0.1240348 0.9804819 0.195015 -0.02499175 0.1935836 -0.9732115 0.1240352 -0.9804819 -0.195015 -0.02499306 -0.4388751 0.889946 -0.1240358 0.8965937 0.4421483 -0.02499216 0.4388738 -0.8899467 0.1240353 -0.8965938 -0.4421483 -0.0249924 1.45519e-6 0 -1 -0.5512825 0.8250473 -0.1240345 0.8312105 0.5553959 -0.02499139 0.551281 -0.8250483 0.124035 -0.8312104 -0.5553959 -0.02499461 -0.7460339 0.6542544 -0.1240348 0.6591411 0.7516039 -0.02499121 0.7460339 -0.6542544 0.1240348 -0.6591411 -0.7516039 -0.02499353 1.94027e-6 0 -1 -0.8250488 0.5512801 -0.1240352 0.5554016 0.8312067 -0.02499121 0.8250489 -0.5512802 0.1240348 -0.55541 -0.8312009 -0.02499508 -7.27594e-7 0 -1 -0.9396179 0.3189571 -0.1240342 0.3213408 0.9466338 -0.02499175 0.9396179 -0.3189575 0.1240345 -0.3213354 -0.9466357 -0.02499234 7.27599e-7 0 -1 -8.3154e-7 0 1 -0.9732119 0.1935824 -0.1240351 0.1950364 0.9804776 -0.02499246 0.9732124 -0.1935793 0.124035 -0.1950364 -0.9804776 -0.02499306</float_array>
          <technique_common>
            <accessor source="#skirt-mesh-normals-array" count="2361" stride="3">
              <param name="X" type="float"/>
              <param name="Y" type="float"/>
              <param name="Z" type="float"/>
            </accessor>
          </technique_common>
        </source>
        <vertices id="skirt-mesh-vertices">
          <input semantic="POSITION" source="#skirt-mesh-positions"/>
        </vertices>
        <triangles material="rubber-material" count="4800">
          <input semantic="VERTEX" source="#skirt-mesh-vertices" offset="0"/>
          <input semantic="NORMAL" source="#skirt-mesh-normals" offset="1"/>
          <p>14 0 1 1 0 2 15 3 2 4 1 1 16 5 3 6 2 4 17 7 4 8 3 6 18 9 5 10 4 8 19 11 6 12 5 10 20 13 7 14 6 12 21 15 8 16 7 14 22 17 9 18 8 16 23 19 10 20 9 18 24 21 11 22 10 20 25 23 12 24 11 22 26 25 13 26 12 24 27 27 0 2 13 26 28 28 15 3 14 0 29 29 16 5 15 3 30 30 17 7 16 5 31 31 18 9 17 7 32 32 19 11 18 9 33 33 20 13 19 11 34 13 21 15 20 13 35 34 22 17 21 15 36 35 23 19 22 17 37 36 24 21 23 19 38 37 25 23 24 21 39 38 26 25 25 23 40 39 27 27 26 25 41 40 14 0 27 27 42 0 29 29 28 28 43 29 30 30 29 29 44 41 31 31 30 30 45 42 32 32 31 31 46 43 33 33 32 32 47 44 34 13 33 33 48 13 35 34 34 13 49 45 36 35 35 34 50 46 37 36 36 35 51 47 38 37 37 36 52 48 39 38 38 37 53 49 40 39 39 38 54 39 41 40 40 39 55 50 28 28 41 40 56 51 43 29 42 0 57 29 44 41 43 29 58 52 45 42 44 41 59 31 46 43 45 42 60 53 47 44 46 43 61 54 48 13 47 44 62 55 49 45 48 13 63 56 50 46 49 45 64 57 51 47 50 46 65 19 52 48 51 47 66 37 53 49 52 48 67 58 54 39 53 49 68 59 55 50 54 39 69 60 42 0 55 50 70 61 57 29 56 51 71 62 58 52 57 29 72 41 59 31 58 52 73 63 60 53 59 31 74 32 61 54 60 53 75 64 62 55 61 54 76 65 63 56 62 55 77 66 64 57 63 56 78 35 65 19 64 57 79 47 66 37 65 19 80 67 67 58 66 37 81 38 68 59 67 58 82 68 69 60 68 59 83 27 56 51 69 60 84 69 71 62 70 61 85 3 72 41 71 62 86 30 73 63 72 41 87 42 74 32 73 63 88 32 75 64 74 32 89 44 76 65 75 64 90 55 77 66 76 65 91 70 78 35 77 66 92 46 79 47 78 35 93 47 80 67 79 47 94 48 81 38 80 67 95 38 82 68 81 38 96 71 83 27 82 68 97 60 70 61 83 27 98 72 85 3 84 69 99 62 86 30 85 3 100 52 87 42 86 30 101 31 88 32 87 42 102 73 89 44 88 32 103 33 90 55 89 44 104 13 91 70 90 55 105 74 92 46 91 70 106 35 93 47 92 46 107 19 94 48 93 47 108 37 95 38 94 48 109 75 96 71 95 38 110 76 97 60 96 71 111 77 84 69 97 60 112 78 99 62 98 72 113 29 100 52 99 62 114 79 101 31 100 52 115 80 102 73 101 31 116 43 103 33 102 73 117 44 104 13 103 33 118 81 105 74 104 13 119 82 106 35 105 74 120 57 107 19 106 35 121 83 108 37 107 19 122 84 109 75 108 37 123 49 110 76 109 75 124 71 111 77 110 76 125 50 98 72 111 77 126 85 113 29 112 78 127 86 114 79 113 29 128 30 115 80 114 79 129 87 116 43 115 80 130 88 117 44 116 43 131 64 118 81 117 44 132 81 119 82 118 81 133 89 120 57 119 82 134 46 121 83 120 57 135 36 122 84 121 83 136 90 123 49 122 84 137 91 124 71 123 49 138 59 125 50 124 71 139 77 112 78 125 50 140 92 127 86 126 85 141 86 128 30 127 86 142 93 129 87 128 30 143 94 130 88 129 87 144 73 131 64 130 88 145 54 132 81 131 64 146 95 133 89 132 81 147 96 134 46 133 89 148 97 135 36 134 46 149 36 136 90 135 36 150 98 137 91 136 90 151 75 138 59 137 91 152 99 139 77 138 59 153 60 126 85 139 77 154 100 141 86 140 92 155 101 142 93 141 86 156 102 143 94 142 93 157 103 144 73 143 94 158 104 145 54 144 73 159 105 146 95 145 54 160 106 147 96 146 95 161 107 148 97 147 96 162 108 149 36 148 97 163 109 150 98 149 36 164 110 151 75 150 98 165 111 152 99 151 75 166 112 153 60 152 99 167 113 140 92 153 60 154 100 169 114 155 101 155 101 170 115 156 102 156 102 171 116 157 103 157 103 172 117 158 104 158 104 173 118 159 105 159 105 174 119 160 106 160 106 175 120 161 107 175 120 162 108 161 107 176 121 163 109 162 108 177 122 164 110 163 109 178 123 165 111 164 110 179 124 166 112 165 111 180 125 167 113 166 112 181 126 154 100 167 113 182 127 169 114 168 128 183 129 170 115 169 114 184 130 171 116 170 115 185 131 172 117 171 116 172 117 187 132 173 118 187 132 174 119 173 118 174 119 189 133 175 120 189 133 176 121 175 120 176 121 191 134 177 122 191 134 178 123 177 122 178 123 193 135 179 124 179 124 194 136 180 125 180 125 195 137 181 126 181 126 182 127 168 128 196 138 183 129 182 127 183 129 198 139 184 130 198 139 185 131 184 130 199 140 186 141 185 131 200 142 187 132 186 141 201 143 188 144 187 132 202 145 189 133 188 144 189 133 204 146 190 147 190 147 205 148 191 134 191 134 206 149 192 150 192 150 207 151 193 135 193 135 208 152 194 136 208 152 195 137 194 136 195 137 196 138 182 127 210 153 197 154 196 138 197 154 212 155 198 139 198 139 213 156 199 140 199 140 214 157 200 142 214 157 201 143 200 142 215 158 202 145 201 143 216 159 203 160 202 145 203 160 218 161 204 146 204 146 219 162 205 148 205 148 220 163 206 149 220 163 207 151 206 149 221 164 208 152 207 151 222 165 209 166 208 152 209 166 210 153 196 138 210 153 225 167 211 168 225 167 212 155 211 168 226 169 213 156 212 155 227 170 214 157 213 156 228 171 215 158 214 157 229 172 216 159 215 158 230 173 217 174 216 159 217 174 232 175 218 161 218 161 233 176 219 162 219 162 234 177 220 163 220 163 235 178 221 164 221 164 236 179 222 165 222 165 237 180 223 181 237 180 210 153 223 181 224 182 239 183 225 167 225 167 240 184 226 169 226 169 241 185 227 170 227 170 242 186 228 171 242 186 229 172 228 171 229 172 244 187 230 173 230 173 245 188 231 189 245 188 232 175 231 189 246 190 233 176 232 175 233 176 248 191 234 177 248 191 235 178 234 177 249 192 236 179 235 178 250 193 237 180 236 179 251 194 224 182 237 180 252 195 239 183 238 196 239 183 254 197 240 184 254 197 241 185 240 184 241 185 256 198 242 186 242 186 257 199 243 200 243 200 258 201 244 187 258 201 245 188 244 187 259 202 246 190 245 188 260 203 247 204 246 190 261 205 248 191 247 204 262 206 249 192 248 191 249 192 264 207 250 193 264 207 251 194 250 193 251 194 252 195 238 196 252 195 267 208 253 209 253 209 268 210 254 197 268 210 255 211 254 197 269 212 256 198 255 211 270 213 257 199 256 198 271 214 258 201 257 199 272 215 259 202 258 201 259 202 274 216 260 203 260 203 275 217 261 205 261 205 276 218 262 206 262 206 277 219 263 220 263 220 278 221 264 207 278 221 265 222 264 207 279 223 252 195 265 222 266 224 281 225 267 208 267 208 282 226 268 210 282 226 269 212 268 210 283 227 270 213 269 212 270 213 285 228 271 214 271 214 286 229 272 215 272 215 287 230 273 231 287 230 274 216 273 231 288 232 275 217 274 216 289 233 276 218 275 217 276 218 291 234 277 219 277 219 292 235 278 221 292 235 279 223 278 221 293 236 266 224 279 223 294 237 281 225 280 238 281 225 296 239 282 226 296 239 283 227 282 226 283 227 298 240 284 241 284 241 299 242 285 228 285 228 300 243 286 229 286 229 301 244 287 230 301 244 288 232 287 230 302 245 289 233 288 232 303 246 290 247 289 233 304 248 291 234 290 247 291 234 306 249 292 235 306 249 293 236 292 235 293 236 294 237 280 238 308 250 295 251 294 237 295 251 310 252 296 239 296 239 311 253 297 254 311 253 298 240 297 254 312 255 299 242 298 240 299 242 314 256 300 243 314 256 301 244 300 243 301 244 316 257 302 245 316 257 303 246 302 245 303 246 318 258 304 248 304 248 319 259 305 260 319 259 306 249 305 260 320 261 307 262 306 249 307 262 308 250 294 237 322 263 309 264 308 250 309 264 324 265 310 252 310 252 325 266 311 253 311 253 326 267 312 255 312 255 327 268 313 269 327 268 314 256 313 269 328 270 315 271 314 256 315 271 330 272 316 257 316 257 331 273 317 274 331 273 318 258 317 274 332 275 319 259 318 258 333 276 320 261 319 259 334 277 321 278 320 261 335 279 308 250 321 278 336 280 323 281 322 263 337 282 324 265 323 281 338 283 325 266 324 265 339 284 326 267 325 266 340 285 327 268 326 267 341 286 328 270 327 268 342 287 329 288 328 270 343 289 330 272 329 288 330 272 345 290 331 273 331 273 346 291 332 275 332 275 347 292 333 276 333 276 348 293 334 277 334 277 349 294 335 279 335 279 336 280 322 263 350 295 337 282 336 280 351 296 338 283 337 282 352 297 339 284 338 283 353 298 340 285 339 284 354 299 341 286 340 285 355 300 342 287 341 286 356 301 343 289 342 287 357 302 344 303 343 289 358 304 345 290 344 303 359 305 346 291 345 290 360 306 347 292 346 291 361 307 348 293 347 292 362 308 349 294 348 293 363 309 336 280 349 294 364 310 351 296 350 295 365 311 352 297 351 296 366 312 353 298 352 297 367 313 354 299 353 298 368 314 355 300 354 299 369 315 356 301 355 300 370 316 357 302 356 301 371 317 358 304 357 302 372 318 359 305 358 304 373 319 360 306 359 305 374 320 361 307 360 306 375 321 362 308 361 307 376 322 363 309 362 308 377 323 350 295 363 309 378 324 365 311 364 310 379 325 366 312 365 311 380 297 367 313 366 312 381 326 368 314 367 313 382 314 369 315 368 314 383 327 370 316 369 315 384 328 371 317 370 316 385 329 372 318 371 317 386 330 373 319 372 318 387 331 374 320 373 319 388 306 375 321 374 320 389 332 376 322 375 321 390 333 377 323 376 322 391 334 364 310 377 323 392 335 379 325 378 324 393 336 380 297 379 325 394 337 381 326 380 297 395 338 382 314 381 326 396 339 383 327 382 314 397 340 384 328 383 327 398 341 385 329 384 328 399 342 386 330 385 329 400 343 387 331 386 330 401 344 388 306 387 331 402 345 389 332 388 306 403 346 390 333 389 332 404 347 391 334 390 333 405 309 378 324 391 334 406 310 393 336 392 335 407 311 394 337 393 336 408 348 395 338 394 337 409 349 396 339 395 338 410 350 397 340 396 339 411 351 398 341 397 340 412 352 399 342 398 341 413 353 400 343 399 342 414 354 401 344 400 343 415 355 402 345 401 344 416 356 403 346 402 345 417 357 404 347 403 346 418 358 405 309 404 347 419 359 392 335 405 309 420 360 407 311 406 310 421 361 408 348 407 311 422 312 409 349 408 348 423 362 410 350 409 349 424 339 411 351 410 350 425 363 412 352 411 351 426 364 413 353 412 352 427 365 414 354 413 353 428 366 415 355 414 354 429 355 416 356 415 355 430 367 417 357 416 356 431 368 418 358 417 357 432 369 419 359 418 358 433 370 406 310 419 359 434 371 421 361 420 360 435 372 422 312 421 361 436 297 423 362 422 312 437 313 424 339 423 362 438 373 425 363 424 339 439 374 426 364 425 363 440 375 427 365 426 364 441 376 428 366 427 365 442 377 429 355 428 366 443 378 430 367 429 355 444 379 431 368 430 367 445 380 432 369 431 368 446 381 433 370 432 369 447 382 420 360 433 370 448 383 435 372 434 371 449 384 436 297 435 372 450 385 437 313 436 297 451 386 438 373 437 313 452 387 439 374 438 373 453 388 440 375 439 374 454 389 441 376 440 375 455 390 442 377 441 376 456 391 443 378 442 377 457 344 444 379 443 378 458 392 445 380 444 379 459 346 446 381 445 380 460 322 447 382 446 381 461 393 434 371 447 382 462 394 449 384 448 383 463 361 450 385 449 384 464 395 451 386 450 385 465 313 452 387 451 386 466 299 453 388 452 387 467 396 454 389 453 388 468 397 455 390 454 389 469 398 456 391 455 390 470 399 457 344 456 391 471 355 458 392 457 344 472 379 459 346 458 392 473 400 460 322 459 346 474 322 461 393 460 322 475 401 448 383 461 393 476 402 463 361 462 394 477 403 464 395 463 361 478 385 465 313 464 395 479 404 466 299 465 313 480 405 467 396 466 299 481 406 468 397 467 396 482 397 469 398 468 397 483 407 470 399 469 398 484 408 471 355 470 399 485 409 472 379 471 355 486 410 473 400 472 379 487 411 474 322 473 400 488 412 475 401 474 322 489 413 462 394 475 401 490 414 477 403 476 402 491 415 478 385 477 403 492 416 479 404 478 385 493 417 480 405 479 404 494 418 481 406 480 405 495 419 482 397 481 406 496 420 483 407 482 397 497 421 484 408 483 407 498 422 485 409 484 408 499 423 486 410 485 409 500 424 487 411 486 410 501 425 488 412 487 411 502 426 489 413 488 412 503 427 476 402 489 413 504 428 491 415 490 414 505 429 492 416 491 415 506 430 493 417 492 416 507 362 494 418 493 417 508 431 495 419 494 418 509 432 496 420 495 419 510 328 497 421 496 420 511 433 498 422 497 421 512 434 499 423 498 422 513 435 500 424 499 423 514 436 501 425 500 424 515 437 502 426 501 425 516 333 503 427 502 426 517 438 490 414 503 427 518 439 505 429 504 428 519 336 506 430 505 429 520 297 507 362 506 430 521 298 508 431 507 362 522 440 509 432 508 431 523 406 510 328 509 432 524 441 511 433 510 328 525 442 512 434 511 433 526 443 513 435 512 434 527 344 514 436 513 435 528 306 515 437 514 436 529 368 516 333 515 437 530 444 517 438 516 333 531 445 504 428 517 438 532 310 519 336 518 439 533 429 520 297 519 336 534 446 521 298 520 297 535 447 522 440 521 298 536 314 523 406 522 440 537 448 524 441 523 406 538 328 525 442 524 441 539 449 526 443 525 442 540 450 527 344 526 443 541 451 528 306 527 344 542 436 529 368 528 306 543 452 530 444 529 368 544 333 531 445 530 444 545 393 518 439 531 445 546 453 533 429 532 310 547 454 534 446 533 429 548 312 535 447 534 446 549 313 536 314 535 447 550 431 537 448 536 314 551 327 538 328 537 448 552 455 539 449 538 328 553 456 540 450 539 449 554 434 541 451 540 450 555 457 542 436 541 451 556 392 543 452 542 436 557 458 544 333 543 452 558 459 545 393 544 333 559 460 532 310 545 393 560 461 547 454 546 453 561 296 548 312 547 454 562 385 549 313 548 312 563 404 550 431 549 313 564 462 551 327 550 431 565 463 552 455 551 327 566 464 553 456 552 455 567 465 554 434 553 456 568 422 555 457 554 434 569 435 556 392 555 457 570 466 557 458 556 392 571 467 558 459 557 458 572 468 559 460 558 459 573 469 546 453 559 460 574 470 561 296 560 461 575 471 562 385 561 296 576 472 563 404 562 385 577 404 564 462 563 404 578 473 565 463 564 462 579 406 566 464 565 463 580 474 567 465 566 464 581 475 568 422 567 465 582 304 569 435 568 422 583 476 570 466 569 435 584 466 571 467 570 466 585 477 572 468 571 467 586 478 573 469 572 468 587 479 560 461 573 469 588 480 575 471 574 470 589 481 576 472 575 471 590 482 577 404 576 472 591 483 578 473 577 404 592 418 579 406 578 473 593 463 580 474 579 406 594 484 581 475 580 474 595 485 582 304 581 475 596 486 583 476 582 304 597 355 584 466 583 476 598 436 585 477 584 466 599 487 586 478 585 477 600 488 587 479 586 478 601 413 574 470 587 479 602 489 589 481 588 480 603 361 590 482 589 481 604 490 591 483 590 482 605 491 592 418 591 483 606 299 593 463 592 418 607 406 594 484 593 463 608 492 595 485 594 484 609 493 596 486 595 485 610 494 597 355 596 486 611 495 598 436 597 355 612 496 599 487 598 436 613 497 600 488 599 487 614 444 601 413 600 488 615 370 588 480 601 413 616 498 603 361 602 489 617 499 604 490 603 361 618 348 605 491 604 490 619 417 606 299 605 491 620 314 607 406 606 299 621 500 608 492 607 406 622 328 609 493 608 492 623 501 610 494 609 493 624 502 611 495 610 494 625 503 612 496 611 495 626 504 613 497 612 496 627 321 614 444 613 497 628 478 615 370 614 444 629 401 602 489 615 370 630 505 617 499 616 498 631 454 618 348 617 499 632 312 619 417 618 348 633 506 620 314 619 417 634 350 621 500 620 314 635 327 622 328 621 500 636 352 623 501 622 328 637 507 624 502 623 501 638 508 625 503 624 502 639 305 626 504 625 503 640 345 627 321 626 504 641 346 628 478 627 321 642 509 629 401 628 478 643 510 616 498 629 401 644 511 631 454 630 505 645 512 632 312 631 454 646 337 633 506 632 312 647 338 634 350 633 506 648 462 635 327 634 350 649 513 636 352 635 327 650 514 637 507 636 352 651 515 638 508 637 507 652 516 639 305 638 508 653 319 640 345 639 305 654 345 641 346 640 345 655 400 642 509 641 346 656 517 643 510 642 509 657 370 630 505 643 510 658 518 645 512 644 511 659 311 646 337 645 512 660 472 647 338 646 337 661 386 648 462 647 338 662 350 649 513 648 462 663 448 650 514 649 513 664 519 651 515 650 514 665 520 652 516 651 515 666 502 653 319 652 516 667 503 654 345 653 319 668 379 655 400 654 345 669 521 656 517 655 400 670 522 657 370 656 517 671 438 644 511 657 370 672 523 659 311 658 518 673 524 660 472 659 311 674 525 661 386 660 472 675 526 662 350 661 386 676 527 663 448 662 350 677 528 664 519 663 448 678 529 665 520 664 519 679 530 666 502 665 520 680 531 667 503 666 502 681 532 668 379 667 503 682 533 669 521 668 379 683 534 670 522 669 521 684 535 671 438 670 522 685 536 658 518 671 438 672 523 687 537 673 524 673 524 688 538 674 525 674 525 689 539 675 526 675 526 690 540 676 527 676 527 691 541 677 528 677 528 692 542 678 529 692 542 679 530 678 529 679 530 694 543 680 531 694 543 681 532 680 531 695 544 682 533 681 532 696 545 683 534 682 533 697 546 684 535 683 534 698 547 685 536 684 535 699 548 672 523 685 536 700 549 687 537 686 550 701 551 688 538 687 537 702 552 689 539 688 538 703 553 690 540 689 539 704 554 691 541 690 540 691 541 706 555 692 542 692 542 707 556 693 557 707 556 694 543 693 557 708 558 695 544 694 543 695 544 710 559 696 545 696 545 711 560 697 546 697 546 712 561 698 547 698 547 713 562 699 548 699 548 700 549 686 550 700 549 715 563 701 551 715 563 702 552 701 551 716 564 703 553 702 552 703 553 718 565 704 554 704 554 719 566 705 567 719 566 706 555 705 567 706 555 721 568 707 556 721 568 708 558 707 556 708 558 723 569 709 570 723 569 710 559 709 570 724 571 711 560 710 559 711 560 726 572 712 561 712 561 727 573 713 562 727 573 700 549 713 562 714 574 729 575 715 563 729 575 716 564 715 563 716 564 731 576 717 577 731 576 718 565 717 577 732 578 719 566 718 565 733 579 720 580 719 566 734 581 721 568 720 580 721 568 736 582 722 583 722 583 737 584 723 569 723 569 738 585 724 571 724 571 739 586 725 587 739 586 726 572 725 587 726 572 741 588 727 573 741 588 714 574 727 573 742 589 729 575 728 590 743 591 730 592 729 575 730 592 745 593 731 576 731 576 746 594 732 578 746 594 733 579 732 578 747 595 734 581 733 579 748 596 735 597 734 581 735 597 750 598 736 582 736 582 751 599 737 584 737 584 752 600 738 585 752 600 739 586 738 585 753 601 740 602 739 586 740 602 755 603 741 588 741 588 742 589 728 590 756 604 743 591 742 589 757 605 744 606 743 591 744 606 759 607 745 593 745 593 760 608 746 594 746 594 761 609 747 595 747 595 762 610 748 596 748 596 763 611 749 612 763 611 750 598 749 612 764 613 751 599 750 598 765 614 752 600 751 599 766 615 753 601 752 600 767 616 754 617 753 601 754 617 769 618 755 603 755 603 756 604 742 589 756 604 771 619 757 605 771 619 758 620 757 605 758 620 773 621 759 607 773 621 760 608 759 607 774 622 761 609 760 608 775 623 762 610 761 609 776 624 763 611 762 610 777 625 764 613 763 611 764 613 779 626 765 614 765 614 780 627 766 615 766 615 781 628 767 616 781 628 768 629 767 616 768 629 783 630 769 618 783 630 756 604 769 618 784 631 771 619 770 632 785 633 772 634 771 619 786 635 773 621 772 634 787 636 774 622 773 621 774 622 789 637 775 623 789 637 776 624 775 623 790 638 777 625 776 624 777 625 792 639 778 640 778 640 793 641 779 626 793 641 780 627 779 626 780 627 795 642 781 628 781 628 796 643 782 644 782 644 797 645 783 630 783 630 784 631 770 632 798 646 785 633 784 631 785 633 800 647 786 635 786 635 801 648 787 636 787 636 802 649 788 650 788 650 803 651 789 637 789 637 804 652 790 638 790 638 805 653 791 654 805 653 792 639 791 654 806 655 793 641 792 639 807 656 794 657 793 641 808 658 795 642 794 657 809 659 796 643 795 642 810 660 797 645 796 643 797 645 798 646 784 631 798 646 813 661 799 662 813 661 800 647 799 662 814 663 801 648 800 647 815 664 802 649 801 648 802 649 817 665 803 651 803 651 818 666 804 652 804 652 819 667 805 653 819 667 806 655 805 653 820 668 807 656 806 655 821 669 808 658 807 656 808 658 823 670 809 659 809 659 824 671 810 660 810 660 825 672 811 673 825 672 798 646 811 673 812 674 827 675 813 661 827 675 814 663 813 661 814 663 829 676 815 664 815 664 830 677 816 678 816 678 831 679 817 665 817 665 832 680 818 666 818 666 833 681 819 667 833 681 820 668 819 667 834 682 821 669 820 668 835 683 822 684 821 669 836 685 823 670 822 684 837 686 824 671 823 670 824 671 839 687 825 672 839 687 812 674 825 672 840 688 827 675 826 689 841 690 828 691 827 675 842 692 829 676 828 691 843 693 830 677 829 676 844 694 831 679 830 677 845 695 832 680 831 679 846 696 833 681 832 680 833 681 848 697 834 682 834 682 849 698 835 683 835 683 850 699 836 685 836 685 851 700 837 686 837 686 852 701 838 702 838 702 853 703 839 687 839 687 840 688 826 689 854 704 841 690 840 688 855 705 842 692 841 690 856 44 843 693 842 692 857 706 844 694 843 693 858 80 845 695 844 694 859 79 846 696 845 695 860 86 847 707 846 696 861 72 848 697 847 707 862 708 849 698 848 697 863 59 850 699 849 698 864 709 851 700 850 699 865 84 852 701 851 700 866 710 853 703 852 701 867 711 840 688 853 703 868 712 855 705 854 704 869 55 856 44 855 705 870 54 857 706 856 44 871 73 858 80 857 706 872 94 859 79 858 80 873 93 860 86 859 79 874 86 861 72 860 86 875 69 862 708 861 72 876 60 863 59 862 708 877 76 864 709 863 59 878 75 865 84 864 709 879 98 866 710 865 84 880 713 867 711 866 710 881 97 854 704 867 711 882 704 869 55 868 712 883 55 870 54 869 55 884 714 871 73 870 54 885 715 872 94 871 73 886 716 873 93 872 94 887 5 874 86 873 93 888 86 875 69 874 86 889 717 876 60 875 69 890 77 877 76 876 60 891 718 878 75 877 76 892 719 879 98 878 75 893 720 880 713 879 98 894 713 881 97 880 713 895 57 868 712 881 97 896 721 883 55 882 704 897 55 884 714 883 55 898 64 885 715 884 714 899 73 886 716 885 715 900 722 887 5 886 716 901 30 888 86 887 5 902 29 889 717 888 86 903 723 890 77 889 717 904 50 891 718 890 77 905 59 892 719 891 718 906 75 893 720 892 719 907 724 894 713 893 720 908 19 895 57 894 713 909 35 882 704 895 57 910 725 897 55 896 721 911 81 898 64 897 55 912 714 899 73 898 64 913 726 900 722 899 73 914 94 901 30 900 722 915 52 902 29 901 30 916 727 903 723 902 29 917 728 904 50 903 723 918 60 905 59 904 50 919 718 906 75 905 59 920 729 907 724 906 75 921 98 908 19 907 724 922 83 909 35 908 19 923 711 896 721 909 35 924 34 911 81 910 725 925 705 912 714 911 81 926 54 913 726 912 714 927 715 914 94 913 726 928 94 915 52 914 94 929 5 916 727 915 52 930 29 917 728 916 727 931 730 918 60 917 728 932 77 919 718 918 60 933 718 920 729 919 718 934 719 921 98 920 729 935 98 922 83 921 98 936 731 923 711 922 83 937 35 910 725 923 711 938 15 925 705 924 34 939 81 926 54 925 705 940 64 927 715 926 54 941 73 928 94 927 715 942 31 929 5 928 94 943 93 930 29 929 5 944 86 931 730 930 29 945 732 932 77 931 730 946 60 933 718 932 77 947 59 934 719 933 718 948 75 935 98 934 719 949 37 936 731 935 98 950 36 937 35 936 731 951 46 924 34 937 35 952 733 939 81 938 15 953 55 940 64 939 81 954 11 941 73 940 64 955 9 942 31 941 73 956 716 943 93 942 31 957 5 944 86 943 93 958 62 945 732 944 86 959 734 946 60 945 732 960 50 947 59 946 60 961 68 948 75 947 59 962 23 949 37 948 75 963 720 950 36 949 37 964 731 951 46 950 36 965 57 938 15 951 46 966 96 953 55 952 733 967 13 954 11 953 55 968 54 955 9 954 11 969 735 956 716 955 9 970 736 957 5 956 716 971 52 958 62 957 5 972 62 959 734 958 62 973 737 960 50 959 734 974 77 961 68 960 50 975 76 962 23 961 68 976 738 963 720 962 23 977 739 964 731 963 720 978 19 965 57 964 731 979 46 952 733 965 57 980 740 967 13 966 96 981 13 968 54 967 13 982 33 969 735 968 54 983 32 970 736 969 735 984 31 971 52 970 736 985 30 972 62 971 52 986 741 973 737 972 62 987 85 974 77 973 737 988 40 975 76 974 77 989 76 976 738 975 76 990 38 977 739 976 738 991 37 978 19 977 739 992 742 979 46 978 19 993 35 966 96 979 46 994 743 981 13 980 740 995 744 982 33 981 13 996 745 983 32 982 33 997 746 984 31 983 32 998 747 985 30 984 31 999 748 986 741 985 30 1000 749 987 85 986 741 1001 750 988 40 987 85 1002 751 989 76 988 40 1003 752 990 38 989 76 1004 753 991 37 990 38 1005 754 992 742 991 37 1006 755 993 35 992 742 1007 756 980 740 993 35 994 743 1009 757 995 744 995 744 1010 758 996 745 996 745 1011 759 997 746 997 746 1012 760 998 747 998 747 1013 761 999 748 999 748 1014 762 1000 749 1000 749 1015 763 1001 750 1015 763 1002 751 1001 750 1016 764 1003 752 1002 751 1017 765 1004 753 1003 752 1018 766 1005 754 1004 753 1019 767 1006 755 1005 754 1020 768 1007 756 1006 755 1021 769 994 743 1007 756 1022 770 1009 757 1008 771 1023 772 1010 758 1009 757 1024 773 1011 759 1010 758 1025 774 1012 760 1011 759 1012 760 1027 775 1013 761 1027 775 1014 762 1013 761 1014 762 1029 776 1015 763 1029 776 1016 764 1015 763 1016 764 1031 777 1017 765 1031 777 1018 766 1017 765 1018 766 1033 778 1019 767 1019 767 1034 779 1020 768 1020 768 1035 780 1021 769 1021 769 1022 770 1008 771 1036 781 1023 772 1022 770 1023 772 1038 782 1024 773 1038 782 1025 774 1024 773 1039 783 1026 784 1025 774 1040 785 1027 775 1026 784 1041 786 1028 787 1027 775 1042 788 1029 776 1028 787 1029 776 1044 789 1030 790 1030 790 1045 791 1031 777 1031 777 1046 792 1032 793 1032 793 1047 794 1033 778 1033 778 1048 795 1034 779 1048 795 1035 780 1034 779 1035 780 1036 781 1022 770 1050 796 1037 797 1036 781 1037 797 1052 798 1038 782 1038 782 1053 799 1039 783 1039 783 1054 800 1040 785 1054 800 1041 786 1040 785 1055 801 1042 788 1041 786 1056 802 1043 803 1042 788 1043 803 1058 804 1044 789 1044 789 1059 805 1045 791 1045 791 1060 806 1046 792 1060 806 1047 794 1046 792 1061 807 1048 795 1047 794 1062 808 1049 809 1048 795 1049 809 1050 796 1036 781 1050 796 1065 810 1051 811 1065 810 1052 798 1051 811 1066 812 1053 799 1052 798 1067 813 1054 800 1053 799 1068 814 1055 801 1054 800 1069 815 1056 802 1055 801 1070 816 1057 817 1056 802 1057 817 1072 818 1058 804 1058 804 1073 819 1059 805 1059 805 1074 820 1060 806 1060 806 1075 821 1061 807 1061 807 1076 822 1062 808 1062 808 1077 823 1063 824 1077 823 1050 796 1063 824 1064 825 1079 826 1065 810 1065 810 1080 827 1066 812 1066 812 1081 828 1067 813 1067 813 1082 829 1068 814 1082 829 1069 815 1068 814 1069 815 1084 830 1070 816 1070 816 1085 831 1071 832 1085 831 1072 818 1071 832 1086 833 1073 819 1072 818 1073 819 1088 834 1074 820 1088 834 1075 821 1074 820 1089 835 1076 822 1075 821 1090 836 1077 823 1076 822 1091 837 1064 825 1077 823 1092 838 1079 826 1078 839 1079 826 1094 840 1080 827 1094 840 1081 828 1080 827 1081 828 1096 841 1082 829 1082 829 1097 842 1083 843 1083 843 1098 844 1084 830 1098 844 1085 831 1084 830 1099 845 1086 833 1085 831 1100 846 1087 847 1086 833 1101 848 1088 834 1087 847 1102 849 1089 835 1088 834 1089 835 1104 850 1090 836 1104 850 1091 837 1090 836 1091 837 1092 838 1078 839 1092 838 1107 851 1093 852 1093 852 1108 853 1094 840 1108 853 1095 854 1094 840 1109 855 1096 841 1095 854 1110 856 1097 842 1096 841 1111 857 1098 844 1097 842 1112 858 1099 845 1098 844 1099 845 1114 859 1100 846 1100 846 1115 860 1101 848 1101 848 1116 861 1102 849 1102 849 1117 862 1103 863 1103 863 1118 864 1104 850 1118 864 1105 865 1104 850 1119 866 1092 838 1105 865 1106 867 1121 868 1107 851 1107 851 1122 869 1108 853 1122 869 1109 855 1108 853 1123 870 1110 856 1109 855 1110 856 1125 871 1111 857 1111 857 1126 872 1112 858 1112 858 1127 873 1113 874 1127 873 1114 859 1113 874 1128 875 1115 860 1114 859 1129 876 1116 861 1115 860 1116 861 1131 877 1117 862 1117 862 1132 878 1118 864 1132 878 1119 866 1118 864 1133 879 1106 867 1119 866 1134 880 1121 868 1120 881 1121 868 1136 882 1122 869 1136 882 1123 870 1122 869 1123 870 1138 883 1124 884 1124 884 1139 885 1125 871 1125 871 1140 886 1126 872 1126 872 1141 887 1127 873 1141 887 1128 875 1127 873 1142 888 1129 876 1128 875 1143 889 1130 890 1129 876 1144 891 1131 877 1130 890 1131 877 1146 892 1132 878 1146 892 1133 879 1132 878 1133 879 1134 880 1120 881 1148 893 1135 894 1134 880 1135 894 1150 895 1136 882 1136 882 1151 896 1137 897 1151 896 1138 883 1137 897 1152 898 1139 885 1138 883 1139 885 1154 899 1140 886 1154 899 1141 887 1140 886 1141 887 1156 900 1142 888 1156 900 1143 889 1142 888 1143 889 1158 901 1144 891 1144 891 1159 902 1145 903 1159 902 1146 892 1145 903 1160 904 1147 905 1146 892 1147 905 1148 893 1134 880 1162 906 1149 907 1148 893 1149 907 1164 908 1150 895 1150 895 1165 909 1151 896 1151 896 1166 910 1152 898 1152 898 1167 911 1153 912 1167 911 1154 899 1153 912 1168 913 1155 914 1154 899 1155 914 1170 915 1156 900 1156 900 1171 916 1157 917 1171 916 1158 901 1157 917 1172 918 1159 902 1158 901 1173 919 1160 904 1159 902 1174 920 1161 921 1160 904 1175 922 1148 893 1161 921 1176 923 1163 924 1162 906 1177 925 1164 908 1163 924 1178 926 1165 909 1164 908 1179 927 1166 910 1165 909 1180 928 1167 911 1166 910 1181 929 1168 913 1167 911 1182 930 1169 931 1168 913 1183 932 1170 915 1169 931 1170 915 1185 933 1171 916 1171 916 1186 934 1172 918 1172 918 1187 935 1173 919 1173 919 1188 936 1174 920 1174 920 1189 937 1175 922 1175 922 1176 923 1162 906 1190 938 1177 925 1176 923 1191 939 1178 926 1177 925 1192 315 1179 927 1178 926 1193 339 1180 928 1179 927 1194 313 1181 929 1180 928 1195 348 1182 930 1181 929 1196 361 1183 932 1182 930 1197 940 1184 941 1183 932 1198 942 1185 933 1184 941 1199 943 1186 934 1185 933 1200 357 1187 935 1186 934 1201 392 1188 936 1187 935 1202 451 1189 937 1188 936 1203 944 1176 923 1189 937 1204 945 1191 939 1190 938 1205 946 1192 315 1191 939 1206 947 1193 339 1192 315 1207 299 1194 313 1193 339 1208 386 1195 348 1194 313 1209 297 1196 361 1195 348 1210 948 1197 940 1196 361 1211 949 1198 942 1197 940 1212 950 1199 943 1198 942 1213 951 1200 357 1199 943 1214 332 1201 392 1200 357 1215 952 1202 451 1201 392 1216 355 1203 944 1202 451 1217 502 1190 938 1203 944 1218 953 1205 946 1204 945 1219 954 1206 947 1205 946 1220 315 1207 299 1206 947 1221 387 1208 386 1207 299 1222 386 1209 297 1208 386 1223 955 1210 948 1209 297 1224 956 1211 949 1210 948 1225 957 1212 950 1211 949 1226 958 1213 951 1212 950 1227 959 1214 332 1213 951 1228 357 1215 952 1214 332 1229 320 1216 355 1215 952 1230 960 1217 502 1216 355 1231 961 1204 945 1217 502 1232 962 1219 954 1218 953 1233 441 1220 315 1219 954 1234 963 1221 387 1220 315 1235 964 1222 386 1221 387 1236 298 1223 955 1222 386 1237 395 1224 956 1223 955 1238 965 1225 957 1224 956 1239 966 1226 958 1225 957 1240 967 1227 959 1226 958 1241 968 1228 357 1227 959 1242 467 1229 320 1228 357 1243 436 1230 960 1229 320 1244 423 1231 961 1230 960 1245 944 1218 953 1231 961 1246 945 1233 441 1232 962 1247 946 1234 963 1233 441 1248 300 1235 964 1234 963 1249 969 1236 298 1235 964 1250 970 1237 395 1236 298 1251 971 1238 965 1237 395 1252 481 1239 966 1238 965 1253 972 1240 967 1239 966 1254 973 1241 968 1240 967 1255 322 1242 467 1241 968 1256 974 1243 436 1242 467 1257 306 1244 423 1243 436 1258 975 1245 944 1244 423 1259 391 1232 962 1245 944 1260 976 1247 946 1246 945 1261 301 1248 300 1247 946 1262 947 1249 969 1248 300 1263 473 1250 970 1249 969 1264 298 1251 971 1250 970 1265 472 1252 481 1251 971 1266 977 1253 972 1252 481 1267 978 1254 973 1253 972 1268 979 1255 322 1254 973 1269 322 1256 974 1255 322 1270 477 1257 306 1256 974 1271 980 1258 975 1257 306 1272 981 1259 391 1258 975 1273 982 1246 945 1259 391 1274 983 1261 301 1260 976 1275 984 1262 947 1261 301 1276 315 1263 473 1262 947 1277 299 1264 298 1263 473 1278 985 1265 472 1264 298 1279 986 1266 977 1265 472 1280 987 1267 978 1266 977 1281 439 1268 979 1267 978 1282 988 1269 322 1268 979 1283 488 1270 477 1269 322 1284 400 1271 980 1270 477 1285 989 1272 981 1271 980 1286 990 1273 982 1272 981 1287 991 1260 976 1273 982 1288 992 1275 984 1274 983 1289 993 1276 315 1275 984 1290 448 1277 299 1276 315 1291 314 1278 985 1277 299 1292 326 1279 986 1278 985 1293 994 1280 987 1279 986 1294 429 1281 439 1280 987 1295 995 1282 988 1281 439 1296 359 1283 488 1282 988 1297 968 1284 400 1283 488 1298 307 1285 989 1284 400 1299 436 1286 990 1285 989 1300 355 1287 991 1286 990 1301 434 1274 983 1287 991 1302 996 1289 993 1288 992 1303 301 1290 448 1289 993 1304 340 1291 314 1290 448 1305 299 1292 326 1291 314 1306 313 1293 994 1292 326 1307 446 1294 429 1293 994 1308 997 1295 995 1294 429 1309 998 1296 359 1295 995 1310 999 1297 968 1296 359 1311 322 1298 307 1297 968 1312 400 1299 436 1298 307 1313 379 1300 355 1299 436 1314 355 1301 434 1300 355 1315 1000 1288 992 1301 434 1316 1001 1303 301 1302 996 1317 1002 1304 340 1303 301 1318 448 1305 299 1304 340 1319 1003 1306 313 1305 299 1320 447 1307 446 1306 313 1321 430 1308 997 1307 446 1322 997 1309 998 1308 997 1323 1004 1310 999 1309 998 1324 510 1311 322 1310 999 1325 1005 1312 400 1311 322 1326 1006 1313 379 1312 400 1327 1007 1314 355 1313 379 1328 1008 1315 1000 1314 355 1329 1009 1302 996 1315 1000 1330 1010 1317 1002 1316 1001 1331 1011 1318 448 1317 1002 1332 1012 1319 1003 1318 448 1333 1013 1320 447 1319 1003 1334 491 1321 430 1320 447 1335 1014 1322 997 1321 430 1336 1015 1323 1004 1322 997 1337 1016 1324 510 1323 1004 1338 1017 1325 1005 1324 510 1339 347 1326 1006 1325 1005 1340 425 1327 1007 1326 1006 1341 424 1328 1008 1327 1007 1342 1018 1329 1009 1328 1008 1343 1019 1316 1001 1329 1009 1344 1020 1331 1011 1330 1010 1345 389 1332 1012 1331 1011 1346 406 1333 1013 1332 1012 1347 473 1334 491 1333 1013 1348 483 1335 1014 1334 491 1349 1021 1336 1015 1335 1014 1350 956 1337 1016 1336 1015 1351 1022 1338 1017 1337 1016 1352 393 1339 347 1338 1017 1353 478 1340 425 1339 347 1354 346 1341 424 1340 425 1355 1023 1342 1018 1341 424 1356 960 1343 1019 1342 1018 1357 1024 1330 1010 1343 1019 1358 376 1345 389 1344 1020 1359 441 1346 406 1345 389 1360 315 1347 473 1346 406 1361 339 1348 483 1347 473 1362 1025 1349 1021 1348 483 1363 430 1350 956 1349 1021 1364 336 1351 1022 1350 956 1365 1026 1352 393 1351 1022 1366 469 1353 478 1352 393 1367 968 1354 346 1353 478 1368 357 1355 1023 1354 346 1369 980 1356 960 1355 1023 1370 503 1357 1024 1356 960 1371 1027 1344 1020 1357 1024 1372 945 1359 441 1358 376 1373 389 1360 315 1359 441 1374 396 1361 339 1360 315 1375 405 1362 1025 1361 339 1376 386 1363 430 1362 1025 1377 385 1364 336 1363 430 1378 956 1365 1026 1364 336 1379 1028 1366 469 1365 1026 1380 1029 1367 968 1366 469 1381 308 1368 357 1367 968 1382 346 1369 980 1368 357 1383 1030 1370 503 1369 980 1384 960 1371 1027 1370 503 1385 434 1358 376 1371 1027 1386 1031 1373 389 1372 945 1387 1032 1374 396 1373 389 1388 947 1375 405 1374 396 1389 299 1376 386 1375 405 1390 483 1377 385 1376 386 1391 955 1378 956 1377 385 1392 1033 1379 1028 1378 956 1393 1034 1380 1029 1379 1028 1394 393 1381 308 1380 1029 1395 522 1382 346 1381 308 1396 307 1383 1030 1382 346 1397 1035 1384 960 1383 1030 1398 1036 1385 434 1384 960 1399 1037 1372 945 1385 434 1400 1038 1387 1032 1386 1031 1401 939 1388 947 1387 1032 1402 448 1389 299 1388 947 1403 1003 1390 483 1389 299 1404 506 1391 955 1390 483 1405 1039 1392 1033 1391 955 1406 1040 1393 1034 1392 1033 1407 1041 1394 393 1393 1034 1408 1017 1395 522 1394 393 1409 478 1396 307 1395 522 1410 1042 1397 1035 1396 307 1411 345 1398 1036 1397 1035 1412 1043 1399 1037 1398 1036 1413 443 1386 1031 1399 1037 1414 1044 1401 939 1400 1038 1415 1045 1402 448 1401 939 1416 363 1403 1003 1402 448 1417 1003 1404 506 1403 1003 1418 362 1405 1039 1404 506 1419 430 1406 1040 1405 1039 1420 1046 1407 1041 1406 1040 1421 1047 1408 1017 1407 1041 1422 942 1409 478 1408 1017 1423 1048 1410 1042 1409 478 1424 1042 1411 345 1410 1042 1425 367 1412 1043 1411 345 1426 435 1413 443 1412 1043 1427 1049 1400 1038 1413 443 1428 1050 1415 1045 1414 1044 1429 352 1416 363 1415 1045 1430 513 1417 1003 1416 363 1431 431 1418 362 1417 1003 1432 491 1419 430 1418 362 1433 1039 1420 1046 1419 430 1434 1051 1421 1047 1420 1046 1435 1052 1422 942 1421 1047 1436 1053 1423 1048 1422 942 1437 322 1424 1042 1423 1048 1438 346 1425 367 1424 1042 1439 496 1426 435 1425 367 1440 378 1427 1049 1426 435 1441 1009 1414 1044 1427 1049 1442 1054 1429 352 1428 1050 1443 301 1430 513 1429 352 1444 1055 1431 431 1430 513 1445 418 1432 491 1431 431 1446 313 1433 1039 1432 491 1447 430 1434 1051 1433 1039 1448 1056 1435 1052 1434 1051 1449 1057 1436 1053 1435 1052 1450 1058 1437 322 1436 1053 1451 509 1438 346 1437 322 1452 487 1439 496 1438 346 1453 1059 1440 378 1439 496 1454 503 1441 1009 1440 378 1455 982 1428 1050 1441 1009 1456 1060 1443 301 1442 1054 1457 1061 1444 1055 1443 301 1458 300 1445 418 1444 1055 1459 1013 1446 313 1445 418 1460 386 1447 430 1446 313 1461 1062 1448 1056 1447 430 1462 956 1449 1057 1448 1056 1463 1063 1450 1058 1449 1057 1464 323 1451 509 1450 1058 1465 444 1452 487 1451 509 1466 521 1453 1059 1452 487 1467 952 1454 503 1453 1059 1468 435 1455 982 1454 503 1469 1000 1442 1054 1455 982 1470 1064 1457 1061 1456 1060 1471 1032 1458 300 1457 1061 1472 947 1459 1013 1458 300 1473 462 1460 386 1459 1013 1474 970 1461 1062 1460 386 1475 955 1462 956 1461 1062 1476 481 1463 1063 1462 956 1477 1065 1464 323 1463 1063 1478 1066 1465 444 1464 323 1479 943 1466 521 1465 444 1480 467 1467 952 1466 521 1481 436 1468 435 1467 952 1482 495 1469 1000 1468 435 1483 408 1456 1060 1469 1000 1484 1067 1471 1032 1470 1064 1485 1068 1472 947 1471 1032 1486 963 1473 462 1472 947 1487 964 1474 970 1473 462 1488 506 1475 955 1474 970 1489 482 1476 481 1475 955 1490 1069 1477 1065 1476 481 1491 1070 1478 1066 1477 1065 1492 1071 1479 943 1478 1066 1493 951 1480 467 1479 943 1494 467 1481 436 1480 467 1495 379 1482 495 1481 436 1496 1072 1483 408 1482 495 1497 982 1470 1064 1483 408 1498 1073 1485 1068 1484 1067 1499 946 1486 963 1485 1068 1500 363 1487 964 1486 963 1501 314 1488 506 1487 964 1502 970 1489 482 1488 506 1503 385 1490 1069 1489 482 1504 1074 1491 1070 1490 1069 1505 1075 1492 1071 1491 1070 1506 323 1493 951 1492 1071 1507 444 1494 467 1493 951 1508 400 1495 379 1494 467 1509 504 1496 1072 1495 379 1510 457 1497 982 1496 1072 1511 1024 1484 1067 1497 982 1512 1076 1499 946 1498 1073 1513 1077 1500 363 1499 946 1514 1078 1501 314 1500 363 1515 1079 1502 970 1501 314 1516 1080 1503 385 1502 970 1517 1081 1504 1074 1503 385 1518 1082 1505 1075 1504 1074 1519 1083 1506 323 1505 1075 1520 1084 1507 444 1506 323 1521 1085 1508 400 1507 444 1522 1086 1509 504 1508 400 1523 1087 1510 457 1509 504 1524 1088 1511 1024 1510 457 1525 1089 1498 1073 1511 1024 1512 1076 1527 1090 1513 1077 1513 1077 1528 1091 1514 1078 1514 1078 1529 1092 1515 1079 1515 1079 1530 1093 1516 1080 1516 1080 1531 1094 1517 1081 1517 1081 1532 1095 1518 1082 1532 1095 1519 1083 1518 1082 1519 1083 1534 1096 1520 1084 1534 1096 1521 1085 1520 1084 1535 1097 1522 1086 1521 1085 1536 1098 1523 1087 1522 1086 1537 1099 1524 1088 1523 1087 1538 1100 1525 1089 1524 1088 1539 1101 1512 1076 1525 1089 1540 1102 1527 1090 1526 1103 1541 1104 1528 1091 1527 1090 1542 1105 1529 1092 1528 1091 1543 1106 1530 1093 1529 1092 1544 1107 1531 1094 1530 1093 1531 1094 1546 1108 1532 1095 1532 1095 1547 1109 1533 1110 1547 1109 1534 1096 1533 1110 1548 1111 1535 1097 1534 1096 1535 1097 1550 1112 1536 1098 1536 1098 1551 1113 1537 1099 1537 1099 1552 1114 1538 1100 1538 1100 1553 1115 1539 1101 1539 1101 1540 1102 1526 1103 1540 1102 1555 1116 1541 1104 1555 1116 1542 1105 1541 1104 1556 1117 1543 1106 1542 1105 1543 1106 1558 1118 1544 1107 1544 1107 1559 1119 1545 1120 1559 1119 1546 1108 1545 1120 1546 1108 1561 1121 1547 1109 1561 1121 1548 1111 1547 1109 1548 1111 1563 1122 1549 1123 1563 1122 1550 1112 1549 1123 1564 1124 1551 1113 1550 1112 1551 1113 1566 1125 1552 1114 1552 1114 1567 1126 1553 1115 1567 1126 1540 1102 1553 1115 1554 1127 1569 1128 1555 1116 1569 1128 1556 1117 1555 1116 1556 1117 1571 1129 1557 1130 1571 1129 1558 1118 1557 1130 1572 1131 1559 1119 1558 1118 1573 1132 1560 1133 1559 1119 1574 1134 1561 1121 1560 1133 1561 1121 1576 1135 1562 1136 1562 1136 1577 1137 1563 1122 1563 1122 1578 1138 1564 1124 1564 1124 1579 1139 1565 1140 1579 1139 1566 1125 1565 1140 1566 1125 1581 1141 1567 1126 1581 1141 1554 1127 1567 1126 1582 1142 1569 1128 1568 1143 1583 1144 1570 1145 1569 1128 1570 1145 1585 1146 1571 1129 1571 1129 1586 1147 1572 1131 1586 1147 1573 1132 1572 1131 1587 1148 1574 1134 1573 1132 1588 1149 1575 1150 1574 1134 1575 1150 1590 1151 1576 1135 1576 1135 1591 1152 1577 1137 1577 1137 1592 1153 1578 1138 1592 1153 1579 1139 1578 1138 1593 1154 1580 1155 1579 1139 1580 1155 1595 1156 1581 1141 1581 1141 1582 1142 1568 1143 1596 1157 1583 1144 1582 1142 1597 1158 1584 1159 1583 1144 1584 1159 1599 1160 1585 1146 1585 1146 1600 1161 1586 1147 1586 1147 1601 1162 1587 1148 1587 1148 1602 1163 1588 1149 1588 1149 1603 1164 1589 1165 1603 1164 1590 1151 1589 1165 1604 1166 1591 1152 1590 1151 1605 1167 1592 1153 1591 1152 1606 1168 1593 1154 1592 1153 1607 1169 1594 1170 1593 1154 1594 1170 1609 1171 1595 1156 1595 1156 1596 1157 1582 1142 1596 1157 1611 1172 1597 1158 1611 1172 1598 1173 1597 1158 1598 1173 1613 1174 1599 1160 1613 1174 1600 1161 1599 1160 1614 1175 1601 1162 1600 1161 1615 1176 1602 1163 1601 1162 1616 1177 1603 1164 1602 1163 1617 1178 1604 1166 1603 1164 1604 1166 1619 1179 1605 1167 1605 1167 1620 1180 1606 1168 1606 1168 1621 1181 1607 1169 1621 1181 1608 1182 1607 1169 1608 1182 1623 1183 1609 1171 1623 1183 1596 1157 1609 1171 1624 1184 1611 1172 1610 1185 1625 1186 1612 1187 1611 1172 1626 1188 1613 1174 1612 1187 1627 1189 1614 1175 1613 1174 1614 1175 1629 1190 1615 1176 1629 1190 1616 1177 1615 1176 1630 1191 1617 1178 1616 1177 1617 1178 1632 1192 1618 1193 1618 1193 1633 1194 1619 1179 1633 1194 1620 1180 1619 1179 1620 1180 1635 1195 1621 1181 1621 1181 1636 1196 1622 1197 1622 1197 1637 1198 1623 1183 1623 1183 1624 1184 1610 1185 1638 1199 1625 1186 1624 1184 1625 1186 1640 1200 1626 1188 1626 1188 1641 1201 1627 1189 1627 1189 1642 1202 1628 1203 1628 1203 1643 1204 1629 1190 1629 1190 1644 1205 1630 1191 1630 1191 1645 1206 1631 1207 1645 1206 1632 1192 1631 1207 1646 1208 1633 1194 1632 1192 1647 1209 1634 1210 1633 1194 1648 1211 1635 1195 1634 1210 1649 1212 1636 1196 1635 1195 1650 1213 1637 1198 1636 1196 1637 1198 1638 1199 1624 1184 1638 1199 1653 1214 1639 1215 1653 1214 1640 1200 1639 1215 1654 1216 1641 1201 1640 1200 1655 1217 1642 1202 1641 1201 1642 1202 1657 1218 1643 1204 1643 1204 1658 1219 1644 1205 1644 1205 1659 1220 1645 1206 1659 1220 1646 1208 1645 1206 1660 1221 1647 1209 1646 1208 1661 1222 1648 1211 1647 1209 1648 1211 1663 1223 1649 1212 1649 1212 1664 1224 1650 1213 1650 1213 1665 1225 1651 1226 1665 1225 1638 1199 1651 1226 1652 1227 1667 1228 1653 1214 1667 1228 1654 1216 1653 1214 1654 1216 1669 1229 1655 1217 1655 1217 1670 1230 1656 1231 1656 1231 1671 1232 1657 1218 1657 1218 1672 1233 1658 1219 1658 1219 1673 1234 1659 1220 1673 1234 1660 1221 1659 1220 1674 1235 1661 1222 1660 1221 1675 1236 1662 1237 1661 1222 1676 1238 1663 1223 1662 1237 1677 1239 1664 1224 1663 1223 1664 1224 1679 1240 1665 1225 1679 1240 1652 1227 1665 1225 0 2 1667 1228 1666 1241 1 1 1668 1242 1667 1228 2 4 1669 1229 1668 1242 3 6 1670 1230 1669 1229 4 8 1671 1232 1670 1230 5 10 1672 1233 1671 1232 6 12 1673 1234 1672 1233 1673 1234 8 16 1674 1235 1674 1235 9 18 1675 1236 1675 1236 10 20 1676 1238 1676 1238 11 22 1677 1239 1677 1239 12 24 1678 1243 1678 1243 13 26 1679 1240 1679 1240 0 2 1666 1241 1681 1244 1683 1244 1680 1244 1686 1245 1684 1245 1687 1245 1684 1246 1681 1247 1680 1248 1681 1249 1686 1250 1682 1251 1686 1252 1683 1253 1682 1254 1687 1255 1680 1256 1683 1257 1689 1244 1691 1244 1688 1244 1694 1245 1692 1245 1695 1245 1692 1246 1689 1247 1688 1248 1689 1258 1694 1259 1690 1260 1694 1252 1691 1253 1690 1254 1695 1255 1688 1256 1691 1257 1697 1244 1699 1244 1696 1244 1702 1245 1700 1245 1703 1245 1700 1261 1697 1247 1696 1262 1697 1263 1702 1264 1698 1260 1702 1265 1699 1266 1698 1267 1703 1255 1696 1256 1699 1257 1705 1244 1707 1244 1704 1244 1710 1245 1708 1245 1711 1245 1708 1268 1705 1269 1704 1270 1705 1271 1710 1272 1706 1273 1710 1274 1707 1275 1706 1276 1711 1255 1704 1256 1707 1257 1713 1244 1715 1244 1712 1244 1718 1245 1716 1245 1719 1245 1716 1261 1713 1277 1712 1278 1713 1263 1718 1264 1714 1260 1718 1279 1715 1266 1714 1280 1719 1255 1712 1256 1715 1257 1721 1244 1723 1244 1720 1244 1726 1245 1724 1245 1727 1245 1724 1281 1721 1282 1720 1283 1721 1284 1726 1285 1722 1286 1722 1287 1727 1288 1723 1289 1727 1290 1720 1291 1723 1292 1729 1244 1731 1244 1728 1244 1734 1245 1732 1245 1735 1245 1732 1293 1729 1247 1728 1247 1729 1294 1734 1295 1730 1296 1734 1288 1731 1297 1730 1267 1735 1298 1728 1299 1731 1300 1737 1244 1739 1244 1736 1244 1742 1245 1740 1245 1743 1245 1740 1293 1737 1301 1736 1301 1737 1302 1742 1303 1738 1273 1742 1288 1739 1297 1738 1267 1743 1304 1736 1305 1739 1306 1745 1244 1747 1244 1744 1244 1750 1245 1748 1245 1751 1245 1748 1307 1745 1282 1744 1248 1745 1263 1750 1264 1746 1260 1750 1287 1747 1308 1746 1280 1751 1309 1744 1310 1747 1311 1753 1244 1755 1244 1752 1244 1758 1245 1756 1245 1759 1245 1756 1307 1753 1248 1752 1248 1753 1312 1758 1313 1754 1260 1758 1314 1755 1315 1754 1316 1759 1317 1752 1318 1755 1257 1761 1244 1763 1244 1760 1244 1766 1245 1764 1245 1767 1245 1764 1261 1761 1277 1760 1278 1761 1319 1766 1320 1762 1260 1766 1265 1763 1321 1762 1322 1767 1255 1760 1256 1763 1257 1769 1244 1771 1244 1768 1244 1774 1245 1772 1245 1775 1245 1772 1261 1769 1301 1768 1262 1769 1263 1774 1264 1770 1260 1774 1265 1771 1297 1770 1267 1775 1323 1768 1324 1771 1257 1777 1244 1779 1244 1776 1244 1782 1245 1780 1245 1783 1245 1780 1325 1777 1247 1776 1248 1777 1326 1782 1327 1778 1260 1778 1297 1783 1328 1779 1280 1783 1329 1776 1330 1779 1331 1784 1332 1786 1333 1787 1244 1791 1334 1789 1335 1788 1336 1788 1337 1785 1338 1784 1339 1785 1340 1790 1341 1786 1342 1786 1343 1791 1344 1787 1345 1791 1346 1784 1347 1787 1348 1793 1349 1795 1350 1792 1351 1799 1352 1797 1353 1796 1354 1796 1355 1793 1356 1792 1357 1793 1358 1798 1359 1794 1360 1794 1361 1799 1362 1795 1363 1799 1364 1792 1365 1795 1366 1800 1367 1802 1368 1803 1244 1806 1369 1804 1370 1807 1371 1804 1372 1801 1373 1800 1374 1801 1375 1806 1376 1802 1377 1802 1378 1807 1379 1803 1380 1807 1381 1800 1382 1803 1383 1809 1384 1811 1385 1808 1386 1815 1387 1813 1388 1812 1245 1812 1389 1809 1390 1808 1391 1809 1392 1814 1393 1810 1394 1810 1395 1815 1396 1811 1397 1815 1398 1808 1399 1811 1400 1816 1401 1818 1402 1819 1244 1822 1403 1820 1404 1823 1405 1820 1406 1817 1407 1816 1408 1817 1409 1822 1410 1818 1411 1818 1412 1823 1413 1819 1414 1823 1415 1816 1416 1819 1417 1825 1418 1827 1419 1824 1420 1831 1421 1829 1422 1828 1245 1824 1423 1829 1424 1825 1425 1825 1426 1830 1427 1826 1428 1830 1429 1827 1430 1826 1431 1831 1432 1824 1433 1827 1434 1832 1244 1834 1244 1835 1244 1838 1245 1836 1245 1839 1245 1836 1435 1833 1436 1832 1437 1833 1438 1838 1439 1834 1440 1834 1441 1839 1442 1835 1443 1839 1444 1832 1444 1835 1444 1841 1445 1843 1446 1840 1244 1847 1245 1845 1245 1844 1245 1844 1447 1841 1448 1840 1449 1841 1450 1846 1451 1842 1452 1842 1453 1847 1454 1843 1455 1847 1456 1840 1457 1843 1458 1849 1459 1851 1460 1848 1461 1855 1245 1853 1245 1852 1245 1848 1462 1853 1463 1849 1464 1849 1465 1854 1466 1850 1467 1854 1468 1851 1469 1850 1470 1855 1471 1848 1472 1851 1473 1857 1244 1859 1244 1856 1244 1862 1245 1860 1245 1863 1245 1860 1474 1857 1475 1856 1476 1857 1477 1862 1478 1858 1479 1862 1480 1859 1481 1858 1482 1863 1483 1856 1484 1859 1485 1865 1244 1867 1244 1864 1244 1870 1245 1868 1245 1871 1245 1868 1486 1865 1487 1864 1488 1865 1477 1870 1478 1866 1479 1870 1489 1867 1490 1866 1491 1871 1483 1864 1484 1867 1485 1873 1244 1875 1244 1872 1244 1878 1245 1876 1245 1879 1245 1876 1492 1873 1493 1872 1494 1873 1477 1878 1478 1874 1479 1878 1495 1875 1496 1874 1497 1879 1483 1872 1484 1875 1485 1881 1244 1883 1244 1880 1244 1886 1245 1884 1245 1887 1245 1884 1498 1881 1499 1880 1488 1881 1477 1886 1478 1882 1479 1886 1500 1883 1501 1882 1491 1887 1483 1880 1484 1883 1485 1889 1244 1891 1244 1888 1244 1894 1245 1892 1245 1895 1245 1892 1492 1889 1493 1888 1494 1889 1477 1894 1478 1890 1479 1894 1502 1891 1503 1890 1504 1895 1483 1888 1484 1891 1485 1897 1244 1899 1244 1896 1244 1902 1245 1900 1245 1903 1245 1900 1498 1897 1499 1896 1488 1897 1477 1902 1478 1898 1479 1902 1500 1899 1501 1898 1491 1903 1483 1896 1484 1899 1485 1905 1244 1907 1244 1904 1244 1910 1245 1908 1245 1911 1245 1904 1505 1909 1506 1905 1507 1905 1477 1910 1478 1906 1479 1910 1508 1907 1509 1906 1510 1911 1511 1904 1512 1907 1512 1913 1244 1915 1244 1912 1244 1918 1245 1916 1245 1919 1245 1916 1513 1913 1514 1912 1515 1913 1477 1918 1478 1914 1479 1918 1516 1915 1517 1914 1518 1919 1483 1912 1484 1915 1485 1921 1244 1923 1244 1920 1244 1926 1245 1924 1245 1927 1245 1924 1519 1921 1520 1920 1476 1921 1477 1926 1478 1922 1479 1926 1495 1923 1521 1922 1510 1927 1483 1920 1484 1923 1485 1929 1244 1931 1244 1928 1244 1934 1245 1932 1245 1935 1245 1932 1522 1929 1523 1928 1515 1929 1477 1934 1478 1930 1479 1934 1524 1931 1525 1930 1518 1935 1483 1928 1484 1931 1485 1937 1244 1939 1244 1936 1244 1942 1245 1940 1245 1943 1245 1936 1507 1941 1526 1937 1527 1937 1479 1942 1528 1938 1479 1942 1529 1939 1530 1938 1518 1943 1483 1936 1484 1939 1485 1945 1244 1947 1244 1944 1244 1950 1245 1948 1245 1951 1245 1948 1531 1945 1475 1944 1532 1945 1479 1950 1528 1946 1479 1950 1533 1947 1534 1946 1535 1951 1536 1944 1485 1947 1485 1953 1244 1955 1244 1952 1244 1958 1245 1956 1245 1959 1245 1956 1537 1953 1538 1952 1476 1953 1479 1958 1528 1954 1479 1958 1539 1955 1540 1954 1510 1959 1536 1952 1485 1955 1485 1961 1244 1963 1244 1960 1244 1966 1245 1964 1245 1967 1245 1964 1541 1961 1542 1960 1543 1961 1479 1966 1528 1962 1479 1966 1539 1963 1544 1962 1545 1967 1536 1960 1485 1963 1485 1969 1244 1971 1244 1968 1244 1974 1245 1972 1245 1975 1245 1972 1546 1969 1547 1968 1548 1969 1479 1974 1528 1970 1479 1974 1480 1971 1549 1970 1550 1975 1536 1968 1485 1971 1485 1977 1244 1979 1244 1976 1244 1982 1245 1980 1245 1983 1245 1980 1546 1977 1547 1976 1548 1977 1479 1982 1528 1978 1479 1982 1480 1979 1549 1978 1550 1983 1536 1976 1485 1979 1485 1985 1244 1987 1244 1984 1244 1990 1245 1988 1245 1991 1245 1988 1492 1985 1551 1984 1552 1985 1479 1990 1528 1986 1479 1990 1553 1987 1554 1986 1510 1991 1536 1984 1485 1987 1485 1993 1244 1995 1244 1992 1244 1998 1245 1996 1245 1999 1245 1996 1531 1993 1475 1992 1532 1993 1479 1998 1528 1994 1479 1998 1533 1995 1534 1994 1535 1999 1536 1992 1485 1995 1485 2001 1244 2003 1244 2000 1244 2006 1245 2004 1245 2007 1245 2004 1555 2001 1556 2000 1557 2001 1479 2006 1528 2002 1479 2006 1558 2003 1554 2002 1510 2007 1536 2000 1485 2003 1485 2009 1244 2011 1244 2008 1244 2014 1245 2012 1245 2015 1245 2012 1506 2009 1513 2008 1507 2009 1477 2014 1478 2010 1479 2010 1500 2015 1559 2011 1560 2015 1536 2008 1485 2011 1485 2017 1244 2019 1244 2016 1244 2022 1245 2020 1245 2023 1245 2020 1519 2017 1520 2016 1476 2017 1477 2022 1478 2018 1479 2022 1495 2019 1521 2018 1510 2023 1483 2016 1484 2019 1485 2025 1244 2027 1244 2024 1244 2030 1245 2028 1245 2031 1245 2028 1555 2025 1561 2024 1476 2025 1477 2030 1478 2026 1479 2030 1529 2027 1530 2026 1518 2031 1483 2024 1484 2027 1485 2033 1244 2035 1244 2032 1244 2038 1245 2036 1245 2039 1245 2036 1562 2033 1563 2032 1494 2033 1477 2038 1478 2034 1479 2038 1564 2035 1565 2034 1510 2039 1483 2032 1484 2035 1485 2041 1244 2043 1244 2040 1244 2046 1245 2044 1245 2047 1245 2044 1555 2041 1561 2040 1476 2041 1477 2046 1478 2042 1479 2046 1564 2043 1565 2042 1510 2047 1483 2040 1484 2043 1485 2049 1244 2051 1244 2048 1244 2054 1245 2052 1245 2055 1245 2052 1486 2049 1487 2048 1488 2049 1477 2054 1478 2050 1479 2054 1489 2051 1490 2050 1491 2055 1483 2048 1484 2051 1485 2057 1244 2059 1244 2056 1244 2062 1245 2060 1245 2063 1245 2060 1566 2057 1567 2056 1567 2057 1477 2062 1478 2058 1479 2062 1489 2059 1490 2058 1491 2063 1483 2056 1484 2059 1485 2065 1244 2067 1244 2064 1244 2070 1245 2068 1245 2071 1245 2068 1498 2065 1499 2064 1488 2065 1477 2070 1478 2066 1479 2070 1500 2067 1501 2066 1491 2071 1483 2064 1484 2067 1485 2073 1244 2075 1244 2072 1244 2078 1245 2076 1245 2079 1245 2076 1492 2073 1493 2072 1494 2073 1477 2078 1478 2074 1479 2078 1502 2075 1503 2074 1504 2079 1483 2072 1484 2075 1485 2081 1244 2083 1244 2080 1244 2086 1245 2084 1245 2087 1245 2084 1486 2081 1487 2080 1488 2081 1477 2086 1478 2082 1479 2086 1495 2083 1568 2082 1482 2087 1483 2080 1484 2083 1485 2089 1244 2091 1244 2088 1244 2094 1245 2092 1245 2095 1245 2092 1569 2089 1562 2088 1567 2089 1477 2094 1478 2090 1479 2094 1570 2091 1571 2090 1482 2095 1483 2088 1484 2091 1485 2096 1572 2098 1573 2099 1574 2102 1245 2100 1245 2103 1245 2100 1575 2097 1576 2096 1577 2097 1578 2102 1579 2098 1580 2098 1581 2103 1582 2099 1583 2103 1584 2096 1585 2099 1586 2104 1587 2106 1588 2107 1574 2110 1245 2108 1245 2111 1245 2104 1589 2109 1590 2105 1591 2105 1592 2110 1593 2106 1594 2110 1595 2107 1596 2106 1597 2111 1598 2104 1599 2107 1600 2113 1244 2115 1244 2112 1244 2119 1245 2117 1245 2116 1245 2112 1601 2117 1602 2113 1603 2113 1604 2118 1605 2114 1606 2118 1607 2115 1608 2114 1609 2119 1610 2112 1611 2115 1612 2120 1613 2122 1614 2123 1615 2126 1616 2124 1617 2127 1618 2124 1619 2121 1620 2120 1621 2121 1622 2126 1623 2122 1624 2122 1625 2127 1626 2123 1627 2127 1628 2120 1629 2123 1630 2128 1244 2130 1244 2131 1244 2134 1245 2132 1245 2135 1245 2128 1631 2133 1632 2129 1633 2129 1634 2134 1635 2130 1636 2134 1637 2131 1638 2130 1639 2135 1640 2128 1641 2131 1642 2136 1643 2138 1644 2139 1645 2142 1646 2140 1647 2143 1648 2136 1649 2141 1650 2137 1651 2137 1652 2142 1653 2138 1654 2142 1655 2139 1656 2138 1657 2143 1658 2136 1659 2139 1660 2144 1661 2146 1662 2147 1244 2150 1663 2148 1664 2151 1665 2148 1666 2145 1667 2144 1668 2145 1669 2150 1670 2146 1671 2146 1672 2151 1673 2147 1674 2151 1675 2144 1676 2147 1677 2152 1678 2154 1679 2155 1244 2158 1680 2156 1681 2159 1682 2152 1683 2157 1684 2153 1685 2153 1686 2158 1687 2154 1688 2158 1689 2155 1690 2154 1691 2159 1692 2152 1693 2155 1694 2161 1695 2163 1696 2160 1697 2167 1698 2165 1699 2164 1245 2164 1700 2161 1701 2160 1702 2161 1703 2166 1704 2162 1705 2162 1706 2167 1707 2163 1708 2167 1709 2160 1710 2163 1711 2169 1244 2171 1244 2168 1244 2174 1245 2172 1245 2175 1245 2172 1712 2169 1713 2168 1714 2169 1715 2174 1716 2170 1717 2174 1718 2171 1719 2170 1720 2175 1721 2168 1722 2171 1273 2177 1244 2179 1244 2176 1244 2182 1245 2180 1245 2183 1245 2180 1723 2177 1713 2176 1724 2177 1725 2182 1726 2178 1717 2182 1727 2179 1728 2178 1729 2183 1721 2176 1722 2179 1273 2185 1244 2187 1244 2184 1244 2190 1245 2188 1245 2191 1245 2188 1730 2185 1731 2184 1732 2185 1318 2190 1317 2186 1257 2190 1733 2187 1734 2186 1735 2191 1721 2184 1722 2187 1273 2193 1244 2195 1244 2192 1244 2198 1245 2196 1245 2199 1245 2196 1723 2193 1736 2192 1737 2193 1725 2198 1726 2194 1717 2198 1738 2195 1728 2194 1739 2199 1721 2192 1722 2195 1273 2201 1244 2203 1244 2200 1244 2206 1245 2204 1245 2207 1245 2204 1740 2201 1741 2200 1742 2201 1291 2206 1290 2202 1292 2202 1743 2207 1744 2203 1745 2207 1285 2200 1284 2203 1286 2209 1244 2211 1244 2208 1244 2214 1245 2212 1245 2215 1245 2212 1746 2209 1713 2208 1713 2209 1747 2214 1748 2210 1306 2214 1744 2211 1749 2210 1729 2215 1750 2208 1751 2211 1752 2217 1244 2219 1244 2216 1244 2222 1245 2220 1245 2223 1245 2220 1746 2217 1753 2216 1753 2217 1754 2222 1755 2218 1257 2222 1744 2219 1749 2218 1729 2223 1756 2216 1757 2219 1296 2225 1244 2227 1244 2224 1244 2230 1245 2228 1245 2231 1245 2228 1758 2225 1741 2224 1714 2225 1725 2230 1726 2226 1717 2230 1743 2227 1759 2226 1739 2231 1760 2224 1761 2227 1762 2233 1244 2235 1244 2232 1244 2238 1245 2236 1245 2239 1245 2236 1758 2233 1714 2232 1714 2233 1763 2238 1764 2234 1717 2238 1765 2235 1766 2234 1767 2239 1272 2232 1271 2235 1273 2241 1244 2243 1244 2240 1244 2246 1245 2244 1245 2247 1245 2244 1723 2241 1736 2240 1737 2241 1768 2246 1769 2242 1717 2246 1727 2243 1770 2242 1771 2247 1721 2240 1722 2243 1273 2249 1244 2251 1244 2248 1244 2254 1245 2252 1245 2255 1245 2252 1723 2249 1753 2248 1724 2249 1725 2254 1726 2250 1717 2254 1727 2251 1749 2250 1729 2255 1772 2248 1773 2251 1273 2257 1244 2259 1244 2256 1244 2262 1245 2260 1245 2263 1245 2260 1774 2257 1713 2256 1714 2257 1775 2262 1776 2258 1717 2258 1749 2263 1777 2259 1739 2263 1778 2256 1779 2259 1251 2264 1780 2266 1781 2267 1244 2271 1782 2269 1783 2268 1784 2268 1785 2265 1786 2264 1787 2265 1788 2270 1789 2266 1790 2266 1791 2271 1792 2267 1793 2271 1794 2264 1795 2267 1796 2273 1797 2275 1798 2272 1799 2279 1800 2277 1801 2276 1802 2276 1803 2273 1804 2272 1805 2273 1806 2278 1807 2274 1808 2274 1809 2279 1810 2275 1811 2279 1812 2272 1813 2275 1814 2280 1815 2282 1816 2283 1244 2286 1817 2284 1818 2287 1819 2284 1820 2281 1821 2280 1822 2281 1823 2286 1824 2282 1825 2282 1826 2287 1827 2283 1828 2287 1829 2280 1830 2283 1831 2289 1832 2291 1833 2288 1834 2295 1835 2293 1836 2292 1245 2292 1837 2289 1838 2288 1839 2289 1840 2294 1841 2290 1842 2290 1843 2295 1844 2291 1845 2295 1846 2288 1847 2291 1848 2296 1849 2298 1850 2299 1244 2302 1851 2300 1852 2303 1853 2300 1854 2297 1855 2296 1856 2297 1857 2302 1858 2298 1859 2298 1860 2303 1861 2299 1862 2303 1863 2296 1864 2299 1865 2305 1866 2307 1867 2304 1868 2311 1869 2309 1870 2308 1245 2304 1871 2309 1872 2305 1873 2305 1874 2310 1875 2306 1876 2310 1877 2307 1878 2306 1879 2311 1880 2304 1881 2307 1882 2312 1244 2314 1244 2315 1244 2318 1245 2316 1245 2319 1245 2316 1883 2313 1884 2312 1885 2313 1886 2318 1887 2314 1888 2314 1889 2319 1890 2315 1891 2319 1892 2312 1892 2315 1892 2321 1587 2323 1588 2320 1244 2327 1245 2325 1245 2324 1245 2324 1893 2321 1894 2320 1895 2321 1896 2326 1897 2322 1898 2322 1899 2327 1900 2323 1901 2327 1902 2320 1903 2323 1904 2329 1905 2331 1906 2328 1907 2335 1245 2333 1245 2332 1245 2328 1908 2333 1909 2329 1910 2329 1911 2334 1912 2330 1913 2334 1914 2331 1915 2330 1916 2335 1917 2328 1918 2331 1919 2337 1244 2339 1244 2336 1244 2342 1245 2340 1245 2343 1245 2340 1920 2337 1921 2336 1922 2337 1484 2342 1483 2338 1485 2342 1923 2339 1924 2338 1925 2343 1478 2336 1477 2339 1479 2345 1244 2347 1244 2344 1244 2350 1245 2348 1245 2351 1245 2348 1926 2345 1927 2344 1928 2345 1484 2350 1483 2346 1485 2350 1929 2347 1930 2346 1931 2351 1478 2344 1477 2347 1479 2353 1244 2355 1244 2352 1244 2358 1245 2356 1245 2359 1245 2356 1932 2353 1933 2352 1934 2353 1484 2358 1483 2354 1485 2358 1935 2355 1936 2354 1937 2359 1478 2352 1477 2355 1479 2361 1244 2363 1244 2360 1244 2366 1245 2364 1245 2367 1245 2364 1938 2361 1939 2360 1928 2361 1484 2366 1483 2362 1485 2366 1940 2363 1941 2362 1931 2367 1478 2360 1477 2363 1479 2369 1244 2371 1244 2368 1244 2374 1245 2372 1245 2375 1245 2372 1932 2369 1933 2368 1934 2369 1484 2374 1483 2370 1485 2374 1942 2371 1943 2370 1944 2375 1478 2368 1477 2371 1479 2377 1244 2379 1244 2376 1244 2382 1245 2380 1245 2383 1245 2380 1938 2377 1939 2376 1928 2377 1484 2382 1483 2378 1485 2382 1940 2379 1941 2378 1931 2383 1478 2376 1477 2379 1479 2385 1244 2387 1244 2384 1244 2390 1245 2388 1245 2391 1245 2384 1945 2389 1946 2385 1947 2385 1484 2390 1483 2386 1485 2390 1948 2387 1949 2386 1950 2391 1951 2384 1952 2387 1952 2393 1244 2395 1244 2392 1244 2398 1245 2396 1245 2399 1245 2396 1953 2393 1954 2392 1955 2393 1484 2398 1483 2394 1485 2398 1956 2395 1957 2394 1958 2399 1478 2392 1477 2395 1479 2401 1244 2403 1244 2400 1244 2406 1245 2404 1245 2407 1245 2404 1959 2401 1960 2400 1922 2401 1484 2406 1483 2402 1485 2406 1935 2403 1961 2402 1950 2407 1478 2400 1477 2403 1479 2409 1244 2411 1244 2408 1244 2414 1245 2412 1245 2415 1245 2412 1962 2409 1963 2408 1955 2409 1484 2414 1483 2410 1485 2414 1964 2411 1965 2410 1958 2415 1478 2408 1477 2411 1479 2417 1244 2419 1244 2416 1244 2422 1245 2420 1245 2423 1245 2416 1947 2421 1966 2417 1967 2417 1485 2422 1536 2418 1485 2422 1968 2419 1969 2418 1958 2423 1478 2416 1477 2419 1479 2425 1244 2427 1244 2424 1244 2430 1245 2428 1245 2431 1245 2428 1970 2425 1921 2424 1971 2425 1485 2430 1536 2426 1485 2430 1972 2427 1973 2426 1974 2431 1528 2424 1479 2427 1479 2433 1244 2435 1244 2432 1244 2438 1245 2436 1245 2439 1245 2436 1975 2433 1976 2432 1922 2433 1485 2438 1536 2434 1485 2438 1977 2435 1978 2434 1950 2439 1528 2432 1479 2435 1479 2441 1244 2443 1244 2440 1244 2446 1245 2444 1245 2447 1245 2444 1979 2441 1980 2440 1981 2441 1485 2446 1536 2442 1485 2446 1977 2443 1982 2442 1983 2447 1528 2440 1479 2443 1479 2449 1244 2451 1244 2448 1244 2454 1245 2452 1245 2455 1245 2452 1984 2449 1985 2448 1986 2449 1485 2454 1536 2450 1485 2454 1923 2451 1987 2450 1988 2455 1528 2448 1479 2451 1479 2457 1244 2459 1244 2456 1244 2462 1245 2460 1245 2463 1245 2460 1984 2457 1985 2456 1986 2457 1485 2462 1536 2458 1485 2462 1923 2459 1987 2458 1988 2463 1528 2456 1479 2459 1479 2465 1244 2467 1244 2464 1244 2470 1245 2468 1245 2471 1245 2468 1932 2465 1989 2464 1990 2465 1485 2470 1536 2466 1485 2470 1991 2467 1992 2466 1950 2471 1528 2464 1479 2467 1479 2473 1244 2475 1244 2472 1244 2478 1245 2476 1245 2479 1245 2476 1970 2473 1921 2472 1971 2473 1485 2478 1536 2474 1485 2478 1972 2475 1973 2474 1974 2479 1528 2472 1479 2475 1479 2481 1244 2483 1244 2480 1244 2486 1245 2484 1245 2487 1245 2484 1993 2481 1994 2480 1995 2481 1485 2486 1536 2482 1485 2486 1996 2483 1992 2482 1950 2487 1528 2480 1479 2483 1479 2489 1244 2491 1244 2488 1244 2494 1245 2492 1245 2495 1245 2492 1946 2489 1953 2488 1947 2489 1484 2494 1483 2490 1485 2490 1940 2495 1997 2491 1998 2495 1528 2488 1479 2491 1479 2497 1244 2499 1244 2496 1244 2502 1245 2500 1245 2503 1245 2500 1959 2497 1960 2496 1922 2497 1484 2502 1483 2498 1485 2502 1935 2499 1961 2498 1950 2503 1478 2496 1477 2499 1479 2505 1244 2507 1244 2504 1244 2510 1245 2508 1245 2511 1245 2508 1993 2505 1999 2504 1922 2505 1484 2510 1483 2506 1485 2510 1968 2507 1969 2506 1958 2511 1478 2504 1477 2507 1479 2513 1244 2515 1244 2512 1244 2518 1245 2516 1245 2519 1245 2516 2000 2513 2001 2512 1934 2513 1484 2518 1483 2514 1485 2518 2002 2515 2003 2514 1950 2519 1478 2512 1477 2515 1479 2521 1244 2523 1244 2520 1244 2526 1245 2524 1245 2527 1245 2524 1993 2521 1999 2520 1922 2521 1484 2526 1483 2522 1485 2526 2002 2523 2003 2522 1950 2527 1478 2520 1477 2523 1479 2529 1244 2531 1244 2528 1244 2534 1245 2532 1245 2535 1245 2532 1926 2529 1927 2528 1928 2529 1484 2534 1483 2530 1485 2534 1929 2531 1930 2530 1931 2535 1478 2528 1477 2531 1479 2537 1244 2539 1244 2536 1244 2542 1245 2540 1245 2543 1245 2540 2004 2537 2005 2536 2005 2537 1484 2542 1483 2538 1485 2542 1929 2539 1930 2538 1931 2543 1478 2536 1477 2539 1479 2545 1244 2547 1244 2544 1244 2550 1245 2548 1245 2551 1245 2548 1938 2545 1939 2544 1928 2545 1484 2550 1483 2546 1485 2550 1940 2547 1941 2546 1931 2551 1478 2544 1477 2547 1479 2553 1244 2555 1244 2552 1244 2558 1245 2556 1245 2559 1245 2556 1932 2553 1933 2552 1934 2553 1484 2558 1483 2554 1485 2558 1942 2555 1943 2554 1944 2559 1478 2552 1477 2555 1479 2561 1244 2563 1244 2560 1244 2566 1245 2564 1245 2567 1245 2564 1926 2561 1927 2560 1928 2561 1484 2566 1483 2562 1485 2566 1935 2563 2006 2562 1925 2567 1478 2560 1477 2563 1479 2569 1244 2571 1244 2568 1244 2574 1245 2572 1245 2575 1245 2572 2007 2569 2000 2568 2005 2569 1484 2574 1483 2570 1485 2574 2008 2571 2009 2570 1925 2575 1478 2568 1477 2571 1479 2576 2010 2578 2011 2579 2012 2582 1245 2580 1245 2583 1245 2580 2013 2577 2014 2576 2015 2577 2016 2582 2017 2578 2018 2578 2019 2583 2020 2579 2021 2583 2022 2576 2023 2579 2024 2584 1445 2586 1446 2587 2012 2590 1245 2588 1245 2591 1245 2584 2025 2589 2026 2585 2027 2585 2028 2590 2029 2586 2030 2590 2031 2587 2032 2586 2033 2591 2034 2584 2035 2587 2036 2593 1244 2595 1244 2592 1244 2599 1245 2597 1245 2596 1245 2592 2037 2597 2038 2593 2039 2593 2040 2598 2041 2594 2042 2598 2043 2595 2044 2594 2045 2599 2046 2592 2047 2595 2048 2600 2049 2602 2050 2603 2051 2606 2052 2604 2053 2607 2054 2604 2055 2601 2056 2600 2057 2601 2058 2606 2059 2602 2060 2602 2061 2607 2062 2603 2063 2607 2064 2600 2065 2603 2066 2608 1244 2610 1244 2611 1244 2614 1245 2612 1245 2615 1245 2608 2067 2613 2068 2609 2069 2609 2070 2614 2071 2610 2072 2614 2073 2611 2074 2610 2075 2615 2076 2608 2077 2611 2078 2616 2079 2618 2080 2619 2081 2622 2082 2620 2083 2623 2084 2616 2085 2621 2086 2617 2087 2617 2088 2622 2089 2618 2090 2622 2091 2619 2092 2618 2093 2623 2094 2616 2095 2619 2096 2624 2097 2626 2098 2627 1244 2630 2099 2628 2100 2631 2101 2628 2102 2625 2103 2624 2104 2625 2105 2630 2106 2626 2107 2626 2108 2631 2109 2627 2110 2631 2111 2624 2112 2627 2113 2632 2114 2634 2115 2635 1244 2638 2116 2636 2117 2639 2118 2632 2119 2637 2120 2633 2121 2633 2122 2638 2123 2634 2124 2638 2125 2635 2126 2634 2127 2639 2128 2632 2129 2635 2130 14 0 15 3 1 1 15 3 16 5 2 4 16 5 17 7 3 6 17 7 18 9 4 8 18 9 19 11 5 10 19 11 20 13 6 12 20 13 21 15 7 14 21 15 22 17 8 16 22 17 23 19 9 18 23 19 24 21 10 20 24 21 25 23 11 22 25 23 26 25 12 24 26 25 27 27 13 26 27 27 14 0 0 2 28 28 29 29 15 3 29 29 30 30 16 5 30 30 31 31 17 7 31 31 32 32 18 9 32 32 33 33 19 11 33 33 34 13 20 13 34 13 35 34 21 15 35 34 36 35 22 17 36 35 37 36 23 19 37 36 38 37 24 21 38 37 39 38 25 23 39 38 40 39 26 25 40 39 41 40 27 27 41 40 28 28 14 0 42 0 43 29 29 29 43 29 44 41 30 30 44 41 45 42 31 31 45 42 46 43 32 32 46 43 47 44 33 33 47 44 48 13 34 13 48 13 49 45 35 34 49 45 50 46 36 35 50 46 51 47 37 36 51 47 52 48 38 37 52 48 53 49 39 38 53 49 54 39 40 39 54 39 55 50 41 40 55 50 42 0 28 28 56 51 57 29 43 29 57 29 58 52 44 41 58 52 59 31 45 42 59 31 60 53 46 43 60 53 61 54 47 44 61 54 62 55 48 13 62 55 63 56 49 45 63 56 64 57 50 46 64 57 65 19 51 47 65 19 66 37 52 48 66 37 67 58 53 49 67 58 68 59 54 39 68 59 69 60 55 50 69 60 56 51 42 0 70 61 71 62 57 29 71 62 72 41 58 52 72 41 73 63 59 31 73 63 74 32 60 53 74 32 75 64 61 54 75 64 76 65 62 55 76 65 77 66 63 56 77 66 78 35 64 57 78 35 79 47 65 19 79 47 80 67 66 37 80 67 81 38 67 58 81 38 82 68 68 59 82 68 83 27 69 60 83 27 70 61 56 51 84 69 85 3 71 62 85 3 86 30 72 41 86 30 87 42 73 63 87 42 88 32 74 32 88 32 89 44 75 64 89 44 90 55 76 65 90 55 91 70 77 66 91 70 92 46 78 35 92 46 93 47 79 47 93 47 94 48 80 67 94 48 95 38 81 38 95 38 96 71 82 68 96 71 97 60 83 27 97 60 84 69 70 61 98 72 99 62 85 3 99 62 100 52 86 30 100 52 101 31 87 42 101 31 102 73 88 32 102 73 103 33 89 44 103 33 104 13 90 55 104 13 105 74 91 70 105 74 106 35 92 46 106 35 107 19 93 47 107 19 108 37 94 48 108 37 109 75 95 38 109 75 110 76 96 71 110 76 111 77 97 60 111 77 98 72 84 69 112 78 113 29 99 62 113 29 114 79 100 52 114 79 115 80 101 31 115 80 116 43 102 73 116 43 117 44 103 33 117 44 118 81 104 13 118 81 119 82 105 74 119 82 120 57 106 35 120 57 121 83 107 19 121 83 122 84 108 37 122 84 123 49 109 75 123 49 124 71 110 76 124 71 125 50 111 77 125 50 112 78 98 72 126 85 127 86 113 29 127 86 128 30 114 79 128 30 129 87 115 80 129 87 130 88 116 43 130 88 131 64 117 44 131 64 132 81 118 81 132 81 133 89 119 82 133 89 134 46 120 57 134 46 135 36 121 83 135 36 136 90 122 84 136 90 137 91 123 49 137 91 138 59 124 71 138 59 139 77 125 50 139 77 126 85 112 78 140 92 141 86 127 86 141 86 142 93 128 30 142 93 143 94 129 87 143 94 144 73 130 88 144 73 145 54 131 64 145 54 146 95 132 81 146 95 147 96 133 89 147 96 148 97 134 46 148 97 149 36 135 36 149 36 150 98 136 90 150 98 151 75 137 91 151 75 152 99 138 59 152 99 153 60 139 77 153 60 140 92 126 85 154 100 155 101 141 86 155 101 156 102 142 93 156 102 157 103 143 94 157 103 158 104 144 73 158 104 159 105 145 54 159 105 160 106 146 95 160 106 161 107 147 96 161 107 162 108 148 97 162 108 163 109 149 36 163 109 164 110 150 98 164 110 165 111 151 75 165 111 166 112 152 99 166 112 167 113 153 60 167 113 154 100 140 92 154 100 168 128 169 114 155 101 169 114 170 115 156 102 170 115 171 116 157 103 171 116 172 117 158 104 172 117 173 118 159 105 173 118 174 119 160 106 174 119 175 120 175 120 176 121 162 108 176 121 177 122 163 109 177 122 178 123 164 110 178 123 179 124 165 111 179 124 180 125 166 112 180 125 181 126 167 113 181 126 168 128 154 100 182 127 183 129 169 114 183 129 184 130 170 115 184 130 185 131 171 116 185 131 186 141 172 117 172 117 186 141 187 132 187 132 188 144 174 119 174 119 188 144 189 133 189 133 190 147 176 121 176 121 190 147 191 134 191 134 192 150 178 123 178 123 192 150 193 135 179 124 193 135 194 136 180 125 194 136 195 137 181 126 195 137 182 127 196 138 197 154 183 129 183 129 197 154 198 139 198 139 199 140 185 131 199 140 200 142 186 141 200 142 201 143 187 132 201 143 202 145 188 144 202 145 203 160 189 133 189 133 203 160 204 146 190 147 204 146 205 148 191 134 205 148 206 149 192 150 206 149 207 151 193 135 207 151 208 152 208 152 209 166 195 137 195 137 209 166 196 138 210 153 211 168 197 154 197 154 211 168 212 155 198 139 212 155 213 156 199 140 213 156 214 157 214 157 215 158 201 143 215 158 216 159 202 145 216 159 217 174 203 160 203 160 217 174 218 161 204 146 218 161 219 162 205 148 219 162 220 163 220 163 221 164 207 151 221 164 222 165 208 152 222 165 223 181 209 166 209 166 223 181 210 153 210 153 224 182 225 167 225 167 226 169 212 155 226 169 227 170 213 156 227 170 228 171 214 157 228 171 229 172 215 158 229 172 230 173 216 159 230 173 231 189 217 174 217 174 231 189 232 175 218 161 232 175 233 176 219 162 233 176 234 177 220 163 234 177 235 178 221 164 235 178 236 179 222 165 236 179 237 180 237 180 224 182 210 153 224 182 238 196 239 183 225 167 239 183 240 184 226 169 240 184 241 185 227 170 241 185 242 186 242 186 243 200 229 172 229 172 243 200 244 187 230 173 244 187 245 188 245 188 246 190 232 175 246 190 247 204 233 176 233 176 247 204 248 191 248 191 249 192 235 178 249 192 250 193 236 179 250 193 251 194 237 180 251 194 238 196 224 182 252 195 253 209 239 183 239 183 253 209 254 197 254 197 255 211 241 185 241 185 255 211 256 198 242 186 256 198 257 199 243 200 257 199 258 201 258 201 259 202 245 188 259 202 260 203 246 190 260 203 261 205 247 204 261 205 262 206 248 191 262 206 263 220 249 192 249 192 263 220 264 207 264 207 265 222 251 194 251 194 265 222 252 195 252 195 266 224 267 208 253 209 267 208 268 210 268 210 269 212 255 211 269 212 270 213 256 198 270 213 271 214 257 199 271 214 272 215 258 201 272 215 273 231 259 202 259 202 273 231 274 216 260 203 274 216 275 217 261 205 275 217 276 218 262 206 276 218 277 219 263 220 277 219 278 221 278 221 279 223 265 222 279 223 266 224 252 195 266 224 280 238 281 225 267 208 281 225 282 226 282 226 283 227 269 212 283 227 284 241 270 213 270 213 284 241 285 228 271 214 285 228 286 229 272 215 286 229 287 230 287 230 288 232 274 216 288 232 289 233 275 217 289 233 290 247 276 218 276 218 290 247 291 234 277 219 291 234 292 235 292 235 293 236 279 223 293 236 280 238 266 224 294 237 295 251 281 225 281 225 295 251 296 239 296 239 297 254 283 227 283 227 297 254 298 240 284 241 298 240 299 242 285 228 299 242 300 243 286 229 300 243 301 244 301 244 302 245 288 232 302 245 303 246 289 233 303 246 304 248 290 247 304 248 305 260 291 234 291 234 305 260 306 249 306 249 307 262 293 236 293 236 307 262 294 237 308 250 309 264 295 251 295 251 309 264 310 252 296 239 310 252 311 253 311 253 312 255 298 240 312 255 313 269 299 242 299 242 313 269 314 256 314 256 315 271 301 244 301 244 315 271 316 257 316 257 317 274 303 246 303 246 317 274 318 258 304 248 318 258 319 259 319 259 320 261 306 249 320 261 321 278 307 262 307 262 321 278 308 250 322 263 323 281 309 264 309 264 323 281 324 265 310 252 324 265 325 266 311 253 325 266 326 267 312 255 326 267 327 268 327 268 328 270 314 256 328 270 329 288 315 271 315 271 329 288 330 272 316 257 330 272 331 273 331 273 332 275 318 258 332 275 333 276 319 259 333 276 334 277 320 261 334 277 335 279 321 278 335 279 322 263 308 250 336 280 337 282 323 281 337 282 338 283 324 265 338 283 339 284 325 266 339 284 340 285 326 267 340 285 341 286 327 268 341 286 342 287 328 270 342 287 343 289 329 288 343 289 344 303 330 272 330 272 344 303 345 290 331 273 345 290 346 291 332 275 346 291 347 292 333 276 347 292 348 293 334 277 348 293 349 294 335 279 349 294 336 280 350 295 351 296 337 282 351 296 352 297 338 283 352 297 353 298 339 284 353 298 354 299 340 285 354 299 355 300 341 286 355 300 356 301 342 287 356 301 357 302 343 289 357 302 358 304 344 303 358 304 359 305 345 290 359 305 360 306 346 291 360 306 361 307 347 292 361 307 362 308 348 293 362 308 363 309 349 294 363 309 350 295 336 280 364 310 365 311 351 296 365 311 366 312 352 297 366 312 367 313 353 298 367 313 368 314 354 299 368 314 369 315 355 300 369 315 370 316 356 301 370 316 371 317 357 302 371 317 372 318 358 304 372 318 373 319 359 305 373 319 374 320 360 306 374 320 375 321 361 307 375 321 376 322 362 308 376 322 377 323 363 309 377 323 364 310 350 295 378 324 379 325 365 311 379 325 380 297 366 312 380 297 381 326 367 313 381 326 382 314 368 314 382 314 383 327 369 315 383 327 384 328 370 316 384 328 385 329 371 317 385 329 386 330 372 318 386 330 387 331 373 319 387 331 388 306 374 320 388 306 389 332 375 321 389 332 390 333 376 322 390 333 391 334 377 323 391 334 378 324 364 310 392 335 393 336 379 325 393 336 394 337 380 297 394 337 395 338 381 326 395 338 396 339 382 314 396 339 397 340 383 327 397 340 398 341 384 328 398 341 399 342 385 329 399 342 400 343 386 330 400 343 401 344 387 331 401 344 402 345 388 306 402 345 403 346 389 332 403 346 404 347 390 333 404 347 405 309 391 334 405 309 392 335 378 324 406 310 407 311 393 336 407 311 408 348 394 337 408 348 409 349 395 338 409 349 410 350 396 339 410 350 411 351 397 340 411 351 412 352 398 341 412 352 413 353 399 342 413 353 414 354 400 343 414 354 415 355 401 344 415 355 416 356 402 345 416 356 417 357 403 346 417 357 418 358 404 347 418 358 419 359 405 309 419 359 406 310 392 335 420 360 421 361 407 311 421 361 422 312 408 348 422 312 423 362 409 349 423 362 424 339 410 350 424 339 425 363 411 351 425 363 426 364 412 352 426 364 427 365 413 353 427 365 428 366 414 354 428 366 429 355 415 355 429 355 430 367 416 356 430 367 431 368 417 357 431 368 432 369 418 358 432 369 433 370 419 359 433 370 420 360 406 310 434 371 435 372 421 361 435 372 436 297 422 312 436 297 437 313 423 362 437 313 438 373 424 339 438 373 439 374 425 363 439 374 440 375 426 364 440 375 441 376 427 365 441 376 442 377 428 366 442 377 443 378 429 355 443 378 444 379 430 367 444 379 445 380 431 368 445 380 446 381 432 369 446 381 447 382 433 370 447 382 434 371 420 360 448 383 449 384 435 372 449 384 450 385 436 297 450 385 451 386 437 313 451 386 452 387 438 373 452 387 453 388 439 374 453 388 454 389 440 375 454 389 455 390 441 376 455 390 456 391 442 377 456 391 457 344 443 378 457 344 458 392 444 379 458 392 459 346 445 380 459 346 460 322 446 381 460 322 461 393 447 382 461 393 448 383 434 371 462 394 463 361 449 384 463 361 464 395 450 385 464 395 465 313 451 386 465 313 466 299 452 387 466 299 467 396 453 388 467 396 468 397 454 389 468 397 469 398 455 390 469 398 470 399 456 391 470 399 471 355 457 344 471 355 472 379 458 392 472 379 473 400 459 346 473 400 474 322 460 322 474 322 475 401 461 393 475 401 462 394 448 383 476 402 477 403 463 361 477 403 478 385 464 395 478 385 479 404 465 313 479 404 480 405 466 299 480 405 481 406 467 396 481 406 482 397 468 397 482 397 483 407 469 398 483 407 484 408 470 399 484 408 485 409 471 355 485 409 486 410 472 379 486 410 487 411 473 400 487 411 488 412 474 322 488 412 489 413 475 401 489 413 476 402 462 394 490 414 491 415 477 403 491 415 492 416 478 385 492 416 493 417 479 404 493 417 494 418 480 405 494 418 495 419 481 406 495 419 496 420 482 397 496 420 497 421 483 407 497 421 498 422 484 408 498 422 499 423 485 409 499 423 500 424 486 410 500 424 501 425 487 411 501 425 502 426 488 412 502 426 503 427 489 413 503 427 490 414 476 402 504 428 505 429 491 415 505 429 506 430 492 416 506 430 507 362 493 417 507 362 508 431 494 418 508 431 509 432 495 419 509 432 510 328 496 420 510 328 511 433 497 421 511 433 512 434 498 422 512 434 513 435 499 423 513 435 514 436 500 424 514 436 515 437 501 425 515 437 516 333 502 426 516 333 517 438 503 427 517 438 504 428 490 414 518 439 519 336 505 429 519 336 520 297 506 430 520 297 521 298 507 362 521 298 522 440 508 431 522 440 523 406 509 432 523 406 524 441 510 328 524 441 525 442 511 433 525 442 526 443 512 434 526 443 527 344 513 435 527 344 528 306 514 436 528 306 529 368 515 437 529 368 530 444 516 333 530 444 531 445 517 438 531 445 518 439 504 428 532 310 533 429 519 336 533 429 534 446 520 297 534 446 535 447 521 298 535 447 536 314 522 440 536 314 537 448 523 406 537 448 538 328 524 441 538 328 539 449 525 442 539 449 540 450 526 443 540 450 541 451 527 344 541 451 542 436 528 306 542 436 543 452 529 368 543 452 544 333 530 444 544 333 545 393 531 445 545 393 532 310 518 439 546 453 547 454 533 429 547 454 548 312 534 446 548 312 549 313 535 447 549 313 550 431 536 314 550 431 551 327 537 448 551 327 552 455 538 328 552 455 553 456 539 449 553 456 554 434 540 450 554 434 555 457 541 451 555 457 556 392 542 436 556 392 557 458 543 452 557 458 558 459 544 333 558 459 559 460 545 393 559 460 546 453 532 310 560 461 561 296 547 454 561 296 562 385 548 312 562 385 563 404 549 313 563 404 564 462 550 431 564 462 565 463 551 327 565 463 566 464 552 455 566 464 567 465 553 456 567 465 568 422 554 434 568 422 569 435 555 457 569 435 570 466 556 392 570 466 571 467 557 458 571 467 572 468 558 459 572 468 573 469 559 460 573 469 560 461 546 453 574 470 575 471 561 296 575 471 576 472 562 385 576 472 577 404 563 404 577 404 578 473 564 462 578 473 579 406 565 463 579 406 580 474 566 464 580 474 581 475 567 465 581 475 582 304 568 422 582 304 583 476 569 435 583 476 584 466 570 466 584 466 585 477 571 467 585 477 586 478 572 468 586 478 587 479 573 469 587 479 574 470 560 461 588 480 589 481 575 471 589 481 590 482 576 472 590 482 591 483 577 404 591 483 592 418 578 473 592 418 593 463 579 406 593 463 594 484 580 474 594 484 595 485 581 475 595 485 596 486 582 304 596 486 597 355 583 476 597 355 598 436 584 466 598 436 599 487 585 477 599 487 600 488 586 478 600 488 601 413 587 479 601 413 588 480 574 470 602 489 603 361 589 481 603 361 604 490 590 482 604 490 605 491 591 483 605 491 606 299 592 418 606 299 607 406 593 463 607 406 608 492 594 484 608 492 609 493 595 485 609 493 610 494 596 486 610 494 611 495 597 355 611 495 612 496 598 436 612 496 613 497 599 487 613 497 614 444 600 488 614 444 615 370 601 413 615 370 602 489 588 480 616 498 617 499 603 361 617 499 618 348 604 490 618 348 619 417 605 491 619 417 620 314 606 299 620 314 621 500 607 406 621 500 622 328 608 492 622 328 623 501 609 493 623 501 624 502 610 494 624 502 625 503 611 495 625 503 626 504 612 496 626 504 627 321 613 497 627 321 628 478 614 444 628 478 629 401 615 370 629 401 616 498 602 489 630 505 631 454 617 499 631 454 632 312 618 348 632 312 633 506 619 417 633 506 634 350 620 314 634 350 635 327 621 500 635 327 636 352 622 328 636 352 637 507 623 501 637 507 638 508 624 502 638 508 639 305 625 503 639 305 640 345 626 504 640 345 641 346 627 321 641 346 642 509 628 478 642 509 643 510 629 401 643 510 630 505 616 498 644 511 645 512 631 454 645 512 646 337 632 312 646 337 647 338 633 506 647 338 648 462 634 350 648 462 649 513 635 327 649 513 650 514 636 352 650 514 651 515 637 507 651 515 652 516 638 508 652 516 653 319 639 305 653 319 654 345 640 345 654 345 655 400 641 346 655 400 656 517 642 509 656 517 657 370 643 510 657 370 644 511 630 505 658 518 659 311 645 512 659 311 660 472 646 337 660 472 661 386 647 338 661 386 662 350 648 462 662 350 663 448 649 513 663 448 664 519 650 514 664 519 665 520 651 515 665 520 666 502 652 516 666 502 667 503 653 319 667 503 668 379 654 345 668 379 669 521 655 400 669 521 670 522 656 517 670 522 671 438 657 370 671 438 658 518 644 511 672 523 673 524 659 311 673 524 674 525 660 472 674 525 675 526 661 386 675 526 676 527 662 350 676 527 677 528 663 448 677 528 678 529 664 519 678 529 679 530 665 520 679 530 680 531 666 502 680 531 681 532 667 503 681 532 682 533 668 379 682 533 683 534 669 521 683 534 684 535 670 522 684 535 685 536 671 438 685 536 672 523 658 518 672 523 686 550 687 537 673 524 687 537 688 538 674 525 688 538 689 539 675 526 689 539 690 540 676 527 690 540 691 541 677 528 691 541 692 542 692 542 693 557 679 530 679 530 693 557 694 543 694 543 695 544 681 532 695 544 696 545 682 533 696 545 697 546 683 534 697 546 698 547 684 535 698 547 699 548 685 536 699 548 686 550 672 523 700 549 701 551 687 537 701 551 702 552 688 538 702 552 703 553 689 539 703 553 704 554 690 540 704 554 705 567 691 541 691 541 705 567 706 555 692 542 706 555 707 556 707 556 708 558 694 543 708 558 709 570 695 544 695 544 709 570 710 559 696 545 710 559 711 560 697 546 711 560 712 561 698 547 712 561 713 562 699 548 713 562 700 549 700 549 714 574 715 563 715 563 716 564 702 552 716 564 717 577 703 553 703 553 717 577 718 565 704 554 718 565 719 566 719 566 720 580 706 555 706 555 720 580 721 568 721 568 722 583 708 558 708 558 722 583 723 569 723 569 724 571 710 559 724 571 725 587 711 560 711 560 725 587 726 572 712 561 726 572 727 573 727 573 714 574 700 549 714 574 728 590 729 575 729 575 730 592 716 564 716 564 730 592 731 576 731 576 732 578 718 565 732 578 733 579 719 566 733 579 734 581 720 580 734 581 735 597 721 568 721 568 735 597 736 582 722 583 736 582 737 584 723 569 737 584 738 585 724 571 738 585 739 586 739 586 740 602 726 572 726 572 740 602 741 588 741 588 728 590 714 574 742 589 743 591 729 575 743 591 744 606 730 592 730 592 744 606 745 593 731 576 745 593 746 594 746 594 747 595 733 579 747 595 748 596 734 581 748 596 749 612 735 597 735 597 749 612 750 598 736 582 750 598 751 599 737 584 751 599 752 600 752 600 753 601 739 586 753 601 754 617 740 602 740 602 754 617 755 603 741 588 755 603 742 589 756 604 757 605 743 591 757 605 758 620 744 606 744 606 758 620 759 607 745 593 759 607 760 608 746 594 760 608 761 609 747 595 761 609 762 610 748 596 762 610 763 611 763 611 764 613 750 598 764 613 765 614 751 599 765 614 766 615 752 600 766 615 767 616 753 601 767 616 768 629 754 617 754 617 768 629 769 618 755 603 769 618 756 604 756 604 770 632 771 619 771 619 772 634 758 620 758 620 772 634 773 621 773 621 774 622 760 608 774 622 775 623 761 609 775 623 776 624 762 610 776 624 777 625 763 611 777 625 778 640 764 613 764 613 778 640 779 626 765 614 779 626 780 627 766 615 780 627 781 628 781 628 782 644 768 629 768 629 782 644 783 630 783 630 770 632 756 604 784 631 785 633 771 619 785 633 786 635 772 634 786 635 787 636 773 621 787 636 788 650 774 622 774 622 788 650 789 637 789 637 790 638 776 624 790 638 791 654 777 625 777 625 791 654 792 639 778 640 792 639 793 641 793 641 794 657 780 627 780 627 794 657 795 642 781 628 795 642 796 643 782 644 796 643 797 645 783 630 797 645 784 631 798 646 799 662 785 633 785 633 799 662 800 647 786 635 800 647 801 648 787 636 801 648 802 649 788 650 802 649 803 651 789 637 803 651 804 652 790 638 804 652 805 653 805 653 806 655 792 639 806 655 807 656 793 641 807 656 808 658 794 657 808 658 809 659 795 642 809 659 810 660 796 643 810 660 811 673 797 645 797 645 811 673 798 646 798 646 812 674 813 661 813 661 814 663 800 647 814 663 815 664 801 648 815 664 816 678 802 649 802 649 816 678 817 665 803 651 817 665 818 666 804 652 818 666 819 667 819 667 820 668 806 655 820 668 821 669 807 656 821 669 822 684 808 658 808 658 822 684 823 670 809 659 823 670 824 671 810 660 824 671 825 672 825 672 812 674 798 646 812 674 826 689 827 675 827 675 828 691 814 663 814 663 828 691 829 676 815 664 829 676 830 677 816 678 830 677 831 679 817 665 831 679 832 680 818 666 832 680 833 681 833 681 834 682 820 668 834 682 835 683 821 669 835 683 836 685 822 684 836 685 837 686 823 670 837 686 838 702 824 671 824 671 838 702 839 687 839 687 826 689 812 674 840 688 841 690 827 675 841 690 842 692 828 691 842 692 843 693 829 676 843 693 844 694 830 677 844 694 845 695 831 679 845 695 846 696 832 680 846 696 847 707 833 681 833 681 847 707 848 697 834 682 848 697 849 698 835 683 849 698 850 699 836 685 850 699 851 700 837 686 851 700 852 701 838 702 852 701 853 703 839 687 853 703 840 688 854 704 855 705 841 690 855 705 856 44 842 692 856 44 857 706 843 693 857 706 858 80 844 694 858 80 859 79 845 695 859 79 860 86 846 696 860 86 861 72 847 707 861 72 862 708 848 697 862 708 863 59 849 698 863 59 864 709 850 699 864 709 865 84 851 700 865 84 866 710 852 701 866 710 867 711 853 703 867 711 854 704 840 688 868 712 869 55 855 705 869 55 870 54 856 44 870 54 871 73 857 706 871 73 872 94 858 80 872 94 873 93 859 79 873 93 874 86 860 86 874 86 875 69 861 72 875 69 876 60 862 708 876 60 877 76 863 59 877 76 878 75 864 709 878 75 879 98 865 84 879 98 880 713 866 710 880 713 881 97 867 711 881 97 868 712 854 704 882 704 883 55 869 55 883 55 884 714 870 54 884 714 885 715 871 73 885 715 886 716 872 94 886 716 887 5 873 93 887 5 888 86 874 86 888 86 889 717 875 69 889 717 890 77 876 60 890 77 891 718 877 76 891 718 892 719 878 75 892 719 893 720 879 98 893 720 894 713 880 713 894 713 895 57 881 97 895 57 882 704 868 712 896 721 897 55 883 55 897 55 898 64 884 714 898 64 899 73 885 715 899 73 900 722 886 716 900 722 901 30 887 5 901 30 902 29 888 86 902 29 903 723 889 717 903 723 904 50 890 77 904 50 905 59 891 718 905 59 906 75 892 719 906 75 907 724 893 720 907 724 908 19 894 713 908 19 909 35 895 57 909 35 896 721 882 704 910 725 911 81 897 55 911 81 912 714 898 64 912 714 913 726 899 73 913 726 914 94 900 722 914 94 915 52 901 30 915 52 916 727 902 29 916 727 917 728 903 723 917 728 918 60 904 50 918 60 919 718 905 59 919 718 920 729 906 75 920 729 921 98 907 724 921 98 922 83 908 19 922 83 923 711 909 35 923 711 910 725 896 721 924 34 925 705 911 81 925 705 926 54 912 714 926 54 927 715 913 726 927 715 928 94 914 94 928 94 929 5 915 52 929 5 930 29 916 727 930 29 931 730 917 728 931 730 932 77 918 60 932 77 933 718 919 718 933 718 934 719 920 729 934 719 935 98 921 98 935 98 936 731 922 83 936 731 937 35 923 711 937 35 924 34 910 725 938 15 939 81 925 705 939 81 940 64 926 54 940 64 941 73 927 715 941 73 942 31 928 94 942 31 943 93 929 5 943 93 944 86 930 29 944 86 945 732 931 730 945 732 946 60 932 77 946 60 947 59 933 718 947 59 948 75 934 719 948 75 949 37 935 98 949 37 950 36 936 731 950 36 951 46 937 35 951 46 938 15 924 34 952 733 953 55 939 81 953 55 954 11 940 64 954 11 955 9 941 73 955 9 956 716 942 31 956 716 957 5 943 93 957 5 958 62 944 86 958 62 959 734 945 732 959 734 960 50 946 60 960 50 961 68 947 59 961 68 962 23 948 75 962 23 963 720 949 37 963 720 964 731 950 36 964 731 965 57 951 46 965 57 952 733 938 15 966 96 967 13 953 55 967 13 968 54 954 11 968 54 969 735 955 9 969 735 970 736 956 716 970 736 971 52 957 5 971 52 972 62 958 62 972 62 973 737 959 734 973 737 974 77 960 50 974 77 975 76 961 68 975 76 976 738 962 23 976 738 977 739 963 720 977 739 978 19 964 731 978 19 979 46 965 57 979 46 966 96 952 733 980 740 981 13 967 13 981 13 982 33 968 54 982 33 983 32 969 735 983 32 984 31 970 736 984 31 985 30 971 52 985 30 986 741 972 62 986 741 987 85 973 737 987 85 988 40 974 77 988 40 989 76 975 76 989 76 990 38 976 738 990 38 991 37 977 739 991 37 992 742 978 19 992 742 993 35 979 46 993 35 980 740 966 96 994 743 995 744 981 13 995 744 996 745 982 33 996 745 997 746 983 32 997 746 998 747 984 31 998 747 999 748 985 30 999 748 1000 749 986 741 1000 749 1001 750 987 85 1001 750 1002 751 988 40 1002 751 1003 752 989 76 1003 752 1004 753 990 38 1004 753 1005 754 991 37 1005 754 1006 755 992 742 1006 755 1007 756 993 35 1007 756 994 743 980 740 994 743 1008 771 1009 757 995 744 1009 757 1010 758 996 745 1010 758 1011 759 997 746 1011 759 1012 760 998 747 1012 760 1013 761 999 748 1013 761 1014 762 1000 749 1014 762 1015 763 1015 763 1016 764 1002 751 1016 764 1017 765 1003 752 1017 765 1018 766 1004 753 1018 766 1019 767 1005 754 1019 767 1020 768 1006 755 1020 768 1021 769 1007 756 1021 769 1008 771 994 743 1022 770 1023 772 1009 757 1023 772 1024 773 1010 758 1024 773 1025 774 1011 759 1025 774 1026 784 1012 760 1012 760 1026 784 1027 775 1027 775 1028 787 1014 762 1014 762 1028 787 1029 776 1029 776 1030 790 1016 764 1016 764 1030 790 1031 777 1031 777 1032 793 1018 766 1018 766 1032 793 1033 778 1019 767 1033 778 1034 779 1020 768 1034 779 1035 780 1021 769 1035 780 1022 770 1036 781 1037 797 1023 772 1023 772 1037 797 1038 782 1038 782 1039 783 1025 774 1039 783 1040 785 1026 784 1040 785 1041 786 1027 775 1041 786 1042 788 1028 787 1042 788 1043 803 1029 776 1029 776 1043 803 1044 789 1030 790 1044 789 1045 791 1031 777 1045 791 1046 792 1032 793 1046 792 1047 794 1033 778 1047 794 1048 795 1048 795 1049 809 1035 780 1035 780 1049 809 1036 781 1050 796 1051 811 1037 797 1037 797 1051 811 1052 798 1038 782 1052 798 1053 799 1039 783 1053 799 1054 800 1054 800 1055 801 1041 786 1055 801 1056 802 1042 788 1056 802 1057 817 1043 803 1043 803 1057 817 1058 804 1044 789 1058 804 1059 805 1045 791 1059 805 1060 806 1060 806 1061 807 1047 794 1061 807 1062 808 1048 795 1062 808 1063 824 1049 809 1049 809 1063 824 1050 796 1050 796 1064 825 1065 810 1065 810 1066 812 1052 798 1066 812 1067 813 1053 799 1067 813 1068 814 1054 800 1068 814 1069 815 1055 801 1069 815 1070 816 1056 802 1070 816 1071 832 1057 817 1057 817 1071 832 1072 818 1058 804 1072 818 1073 819 1059 805 1073 819 1074 820 1060 806 1074 820 1075 821 1061 807 1075 821 1076 822 1062 808 1076 822 1077 823 1077 823 1064 825 1050 796 1064 825 1078 839 1079 826 1065 810 1079 826 1080 827 1066 812 1080 827 1081 828 1067 813 1081 828 1082 829 1082 829 1083 843 1069 815 1069 815 1083 843 1084 830 1070 816 1084 830 1085 831 1085 831 1086 833 1072 818 1086 833 1087 847 1073 819 1073 819 1087 847 1088 834 1088 834 1089 835 1075 821 1089 835 1090 836 1076 822 1090 836 1091 837 1077 823 1091 837 1078 839 1064 825 1092 838 1093 852 1079 826 1079 826 1093 852 1094 840 1094 840 1095 854 1081 828 1081 828 1095 854 1096 841 1082 829 1096 841 1097 842 1083 843 1097 842 1098 844 1098 844 1099 845 1085 831 1099 845 1100 846 1086 833 1100 846 1101 848 1087 847 1101 848 1102 849 1088 834 1102 849 1103 863 1089 835 1089 835 1103 863 1104 850 1104 850 1105 865 1091 837 1091 837 1105 865 1092 838 1092 838 1106 867 1107 851 1093 852 1107 851 1108 853 1108 853 1109 855 1095 854 1109 855 1110 856 1096 841 1110 856 1111 857 1097 842 1111 857 1112 858 1098 844 1112 858 1113 874 1099 845 1099 845 1113 874 1114 859 1100 846 1114 859 1115 860 1101 848 1115 860 1116 861 1102 849 1116 861 1117 862 1103 863 1117 862 1118 864 1118 864 1119 866 1105 865 1119 866 1106 867 1092 838 1106 867 1120 881 1121 868 1107 851 1121 868 1122 869 1122 869 1123 870 1109 855 1123 870 1124 884 1110 856 1110 856 1124 884 1125 871 1111 857 1125 871 1126 872 1112 858 1126 872 1127 873 1127 873 1128 875 1114 859 1128 875 1129 876 1115 860 1129 876 1130 890 1116 861 1116 861 1130 890 1131 877 1117 862 1131 877 1132 878 1132 878 1133 879 1119 866 1133 879 1120 881 1106 867 1134 880 1135 894 1121 868 1121 868 1135 894 1136 882 1136 882 1137 897 1123 870 1123 870 1137 897 1138 883 1124 884 1138 883 1139 885 1125 871 1139 885 1140 886 1126 872 1140 886 1141 887 1141 887 1142 888 1128 875 1142 888 1143 889 1129 876 1143 889 1144 891 1130 890 1144 891 1145 903 1131 877 1131 877 1145 903 1146 892 1146 892 1147 905 1133 879 1133 879 1147 905 1134 880 1148 893 1149 907 1135 894 1135 894 1149 907 1150 895 1136 882 1150 895 1151 896 1151 896 1152 898 1138 883 1152 898 1153 912 1139 885 1139 885 1153 912 1154 899 1154 899 1155 914 1141 887 1141 887 1155 914 1156 900 1156 900 1157 917 1143 889 1143 889 1157 917 1158 901 1144 891 1158 901 1159 902 1159 902 1160 904 1146 892 1160 904 1161 921 1147 905 1147 905 1161 921 1148 893 1162 906 1163 924 1149 907 1149 907 1163 924 1164 908 1150 895 1164 908 1165 909 1151 896 1165 909 1166 910 1152 898 1166 910 1167 911 1167 911 1168 913 1154 899 1168 913 1169 931 1155 914 1155 914 1169 931 1170 915 1156 900 1170 915 1171 916 1171 916 1172 918 1158 901 1172 918 1173 919 1159 902 1173 919 1174 920 1160 904 1174 920 1175 922 1161 921 1175 922 1162 906 1148 893 1176 923 1177 925 1163 924 1177 925 1178 926 1164 908 1178 926 1179 927 1165 909 1179 927 1180 928 1166 910 1180 928 1181 929 1167 911 1181 929 1182 930 1168 913 1182 930 1183 932 1169 931 1183 932 1184 941 1170 915 1170 915 1184 941 1185 933 1171 916 1185 933 1186 934 1172 918 1186 934 1187 935 1173 919 1187 935 1188 936 1174 920 1188 936 1189 937 1175 922 1189 937 1176 923 1190 938 1191 939 1177 925 1191 939 1192 315 1178 926 1192 315 1193 339 1179 927 1193 339 1194 313 1180 928 1194 313 1195 348 1181 929 1195 348 1196 361 1182 930 1196 361 1197 940 1183 932 1197 940 1198 942 1184 941 1198 942 1199 943 1185 933 1199 943 1200 357 1186 934 1200 357 1201 392 1187 935 1201 392 1202 451 1188 936 1202 451 1203 944 1189 937 1203 944 1190 938 1176 923 1204 945 1205 946 1191 939 1205 946 1206 947 1192 315 1206 947 1207 299 1193 339 1207 299 1208 386 1194 313 1208 386 1209 297 1195 348 1209 297 1210 948 1196 361 1210 948 1211 949 1197 940 1211 949 1212 950 1198 942 1212 950 1213 951 1199 943 1213 951 1214 332 1200 357 1214 332 1215 952 1201 392 1215 952 1216 355 1202 451 1216 355 1217 502 1203 944 1217 502 1204 945 1190 938 1218 953 1219 954 1205 946 1219 954 1220 315 1206 947 1220 315 1221 387 1207 299 1221 387 1222 386 1208 386 1222 386 1223 955 1209 297 1223 955 1224 956 1210 948 1224 956 1225 957 1211 949 1225 957 1226 958 1212 950 1226 958 1227 959 1213 951 1227 959 1228 357 1214 332 1228 357 1229 320 1215 952 1229 320 1230 960 1216 355 1230 960 1231 961 1217 502 1231 961 1218 953 1204 945 1232 962 1233 441 1219 954 1233 441 1234 963 1220 315 1234 963 1235 964 1221 387 1235 964 1236 298 1222 386 1236 298 1237 395 1223 955 1237 395 1238 965 1224 956 1238 965 1239 966 1225 957 1239 966 1240 967 1226 958 1240 967 1241 968 1227 959 1241 968 1242 467 1228 357 1242 467 1243 436 1229 320 1243 436 1244 423 1230 960 1244 423 1245 944 1231 961 1245 944 1232 962 1218 953 1246 945 1247 946 1233 441 1247 946 1248 300 1234 963 1248 300 1249 969 1235 964 1249 969 1250 970 1236 298 1250 970 1251 971 1237 395 1251 971 1252 481 1238 965 1252 481 1253 972 1239 966 1253 972 1254 973 1240 967 1254 973 1255 322 1241 968 1255 322 1256 974 1242 467 1256 974 1257 306 1243 436 1257 306 1258 975 1244 423 1258 975 1259 391 1245 944 1259 391 1246 945 1232 962 1260 976 1261 301 1247 946 1261 301 1262 947 1248 300 1262 947 1263 473 1249 969 1263 473 1264 298 1250 970 1264 298 1265 472 1251 971 1265 472 1266 977 1252 481 1266 977 1267 978 1253 972 1267 978 1268 979 1254 973 1268 979 1269 322 1255 322 1269 322 1270 477 1256 974 1270 477 1271 980 1257 306 1271 980 1272 981 1258 975 1272 981 1273 982 1259 391 1273 982 1260 976 1246 945 1274 983 1275 984 1261 301 1275 984 1276 315 1262 947 1276 315 1277 299 1263 473 1277 299 1278 985 1264 298 1278 985 1279 986 1265 472 1279 986 1280 987 1266 977 1280 987 1281 439 1267 978 1281 439 1282 988 1268 979 1282 988 1283 488 1269 322 1283 488 1284 400 1270 477 1284 400 1285 989 1271 980 1285 989 1286 990 1272 981 1286 990 1287 991 1273 982 1287 991 1274 983 1260 976 1288 992 1289 993 1275 984 1289 993 1290 448 1276 315 1290 448 1291 314 1277 299 1291 314 1292 326 1278 985 1292 326 1293 994 1279 986 1293 994 1294 429 1280 987 1294 429 1295 995 1281 439 1295 995 1296 359 1282 988 1296 359 1297 968 1283 488 1297 968 1298 307 1284 400 1298 307 1299 436 1285 989 1299 436 1300 355 1286 990 1300 355 1301 434 1287 991 1301 434 1288 992 1274 983 1302 996 1303 301 1289 993 1303 301 1304 340 1290 448 1304 340 1305 299 1291 314 1305 299 1306 313 1292 326 1306 313 1307 446 1293 994 1307 446 1308 997 1294 429 1308 997 1309 998 1295 995 1309 998 1310 999 1296 359 1310 999 1311 322 1297 968 1311 322 1312 400 1298 307 1312 400 1313 379 1299 436 1313 379 1314 355 1300 355 1314 355 1315 1000 1301 434 1315 1000 1302 996 1288 992 1316 1001 1317 1002 1303 301 1317 1002 1318 448 1304 340 1318 448 1319 1003 1305 299 1319 1003 1320 447 1306 313 1320 447 1321 430 1307 446 1321 430 1322 997 1308 997 1322 997 1323 1004 1309 998 1323 1004 1324 510 1310 999 1324 510 1325 1005 1311 322 1325 1005 1326 1006 1312 400 1326 1006 1327 1007 1313 379 1327 1007 1328 1008 1314 355 1328 1008 1329 1009 1315 1000 1329 1009 1316 1001 1302 996 1330 1010 1331 1011 1317 1002 1331 1011 1332 1012 1318 448 1332 1012 1333 1013 1319 1003 1333 1013 1334 491 1320 447 1334 491 1335 1014 1321 430 1335 1014 1336 1015 1322 997 1336 1015 1337 1016 1323 1004 1337 1016 1338 1017 1324 510 1338 1017 1339 347 1325 1005 1339 347 1340 425 1326 1006 1340 425 1341 424 1327 1007 1341 424 1342 1018 1328 1008 1342 1018 1343 1019 1329 1009 1343 1019 1330 1010 1316 1001 1344 1020 1345 389 1331 1011 1345 389 1346 406 1332 1012 1346 406 1347 473 1333 1013 1347 473 1348 483 1334 491 1348 483 1349 1021 1335 1014 1349 1021 1350 956 1336 1015 1350 956 1351 1022 1337 1016 1351 1022 1352 393 1338 1017 1352 393 1353 478 1339 347 1353 478 1354 346 1340 425 1354 346 1355 1023 1341 424 1355 1023 1356 960 1342 1018 1356 960 1357 1024 1343 1019 1357 1024 1344 1020 1330 1010 1358 376 1359 441 1345 389 1359 441 1360 315 1346 406 1360 315 1361 339 1347 473 1361 339 1362 1025 1348 483 1362 1025 1363 430 1349 1021 1363 430 1364 336 1350 956 1364 336 1365 1026 1351 1022 1365 1026 1366 469 1352 393 1366 469 1367 968 1353 478 1367 968 1368 357 1354 346 1368 357 1369 980 1355 1023 1369 980 1370 503 1356 960 1370 503 1371 1027 1357 1024 1371 1027 1358 376 1344 1020 1372 945 1373 389 1359 441 1373 389 1374 396 1360 315 1374 396 1375 405 1361 339 1375 405 1376 386 1362 1025 1376 386 1377 385 1363 430 1377 385 1378 956 1364 336 1378 956 1379 1028 1365 1026 1379 1028 1380 1029 1366 469 1380 1029 1381 308 1367 968 1381 308 1382 346 1368 357 1382 346 1383 1030 1369 980 1383 1030 1384 960 1370 503 1384 960 1385 434 1371 1027 1385 434 1372 945 1358 376 1386 1031 1387 1032 1373 389 1387 1032 1388 947 1374 396 1388 947 1389 299 1375 405 1389 299 1390 483 1376 386 1390 483 1391 955 1377 385 1391 955 1392 1033 1378 956 1392 1033 1393 1034 1379 1028 1393 1034 1394 393 1380 1029 1394 393 1395 522 1381 308 1395 522 1396 307 1382 346 1396 307 1397 1035 1383 1030 1397 1035 1398 1036 1384 960 1398 1036 1399 1037 1385 434 1399 1037 1386 1031 1372 945 1400 1038 1401 939 1387 1032 1401 939 1402 448 1388 947 1402 448 1403 1003 1389 299 1403 1003 1404 506 1390 483 1404 506 1405 1039 1391 955 1405 1039 1406 1040 1392 1033 1406 1040 1407 1041 1393 1034 1407 1041 1408 1017 1394 393 1408 1017 1409 478 1395 522 1409 478 1410 1042 1396 307 1410 1042 1411 345 1397 1035 1411 345 1412 1043 1398 1036 1412 1043 1413 443 1399 1037 1413 443 1400 1038 1386 1031 1414 1044 1415 1045 1401 939 1415 1045 1416 363 1402 448 1416 363 1417 1003 1403 1003 1417 1003 1418 362 1404 506 1418 362 1419 430 1405 1039 1419 430 1420 1046 1406 1040 1420 1046 1421 1047 1407 1041 1421 1047 1422 942 1408 1017 1422 942 1423 1048 1409 478 1423 1048 1424 1042 1410 1042 1424 1042 1425 367 1411 345 1425 367 1426 435 1412 1043 1426 435 1427 1049 1413 443 1427 1049 1414 1044 1400 1038 1428 1050 1429 352 1415 1045 1429 352 1430 513 1416 363 1430 513 1431 431 1417 1003 1431 431 1432 491 1418 362 1432 491 1433 1039 1419 430 1433 1039 1434 1051 1420 1046 1434 1051 1435 1052 1421 1047 1435 1052 1436 1053 1422 942 1436 1053 1437 322 1423 1048 1437 322 1438 346 1424 1042 1438 346 1439 496 1425 367 1439 496 1440 378 1426 435 1440 378 1441 1009 1427 1049 1441 1009 1428 1050 1414 1044 1442 1054 1443 301 1429 352 1443 301 1444 1055 1430 513 1444 1055 1445 418 1431 431 1445 418 1446 313 1432 491 1446 313 1447 430 1433 1039 1447 430 1448 1056 1434 1051 1448 1056 1449 1057 1435 1052 1449 1057 1450 1058 1436 1053 1450 1058 1451 509 1437 322 1451 509 1452 487 1438 346 1452 487 1453 1059 1439 496 1453 1059 1454 503 1440 378 1454 503 1455 982 1441 1009 1455 982 1442 1054 1428 1050 1456 1060 1457 1061 1443 301 1457 1061 1458 300 1444 1055 1458 300 1459 1013 1445 418 1459 1013 1460 386 1446 313 1460 386 1461 1062 1447 430 1461 1062 1462 956 1448 1056 1462 956 1463 1063 1449 1057 1463 1063 1464 323 1450 1058 1464 323 1465 444 1451 509 1465 444 1466 521 1452 487 1466 521 1467 952 1453 1059 1467 952 1468 435 1454 503 1468 435 1469 1000 1455 982 1469 1000 1456 1060 1442 1054 1470 1064 1471 1032 1457 1061 1471 1032 1472 947 1458 300 1472 947 1473 462 1459 1013 1473 462 1474 970 1460 386 1474 970 1475 955 1461 1062 1475 955 1476 481 1462 956 1476 481 1477 1065 1463 1063 1477 1065 1478 1066 1464 323 1478 1066 1479 943 1465 444 1479 943 1480 467 1466 521 1480 467 1481 436 1467 952 1481 436 1482 495 1468 435 1482 495 1483 408 1469 1000 1483 408 1470 1064 1456 1060 1484 1067 1485 1068 1471 1032 1485 1068 1486 963 1472 947 1486 963 1487 964 1473 462 1487 964 1488 506 1474 970 1488 506 1489 482 1475 955 1489 482 1490 1069 1476 481 1490 1069 1491 1070 1477 1065 1491 1070 1492 1071 1478 1066 1492 1071 1493 951 1479 943 1493 951 1494 467 1480 467 1494 467 1495 379 1481 436 1495 379 1496 1072 1482 495 1496 1072 1497 982 1483 408 1497 982 1484 1067 1470 1064 1498 1073 1499 946 1485 1068 1499 946 1500 363 1486 963 1500 363 1501 314 1487 964 1501 314 1502 970 1488 506 1502 970 1503 385 1489 482 1503 385 1504 1074 1490 1069 1504 1074 1505 1075 1491 1070 1505 1075 1506 323 1492 1071 1506 323 1507 444 1493 951 1507 444 1508 400 1494 467 1508 400 1509 504 1495 379 1509 504 1510 457 1496 1072 1510 457 1511 1024 1497 982 1511 1024 1498 1073 1484 1067 1512 1076 1513 1077 1499 946 1513 1077 1514 1078 1500 363 1514 1078 1515 1079 1501 314 1515 1079 1516 1080 1502 970 1516 1080 1517 1081 1503 385 1517 1081 1518 1082 1504 1074 1518 1082 1519 1083 1505 1075 1519 1083 1520 1084 1506 323 1520 1084 1521 1085 1507 444 1521 1085 1522 1086 1508 400 1522 1086 1523 1087 1509 504 1523 1087 1524 1088 1510 457 1524 1088 1525 1089 1511 1024 1525 1089 1512 1076 1498 1073 1512 1076 1526 1103 1527 1090 1513 1077 1527 1090 1528 1091 1514 1078 1528 1091 1529 1092 1515 1079 1529 1092 1530 1093 1516 1080 1530 1093 1531 1094 1517 1081 1531 1094 1532 1095 1532 1095 1533 1110 1519 1083 1519 1083 1533 1110 1534 1096 1534 1096 1535 1097 1521 1085 1535 1097 1536 1098 1522 1086 1536 1098 1537 1099 1523 1087 1537 1099 1538 1100 1524 1088 1538 1100 1539 1101 1525 1089 1539 1101 1526 1103 1512 1076 1540 1102 1541 1104 1527 1090 1541 1104 1542 1105 1528 1091 1542 1105 1543 1106 1529 1092 1543 1106 1544 1107 1530 1093 1544 1107 1545 1120 1531 1094 1531 1094 1545 1120 1546 1108 1532 1095 1546 1108 1547 1109 1547 1109 1548 1111 1534 1096 1548 1111 1549 1123 1535 1097 1535 1097 1549 1123 1550 1112 1536 1098 1550 1112 1551 1113 1537 1099 1551 1113 1552 1114 1538 1100 1552 1114 1553 1115 1539 1101 1553 1115 1540 1102 1540 1102 1554 1127 1555 1116 1555 1116 1556 1117 1542 1105 1556 1117 1557 1130 1543 1106 1543 1106 1557 1130 1558 1118 1544 1107 1558 1118 1559 1119 1559 1119 1560 1133 1546 1108 1546 1108 1560 1133 1561 1121 1561 1121 1562 1136 1548 1111 1548 1111 1562 1136 1563 1122 1563 1122 1564 1124 1550 1112 1564 1124 1565 1140 1551 1113 1551 1113 1565 1140 1566 1125 1552 1114 1566 1125 1567 1126 1567 1126 1554 1127 1540 1102 1554 1127 1568 1143 1569 1128 1569 1128 1570 1145 1556 1117 1556 1117 1570 1145 1571 1129 1571 1129 1572 1131 1558 1118 1572 1131 1573 1132 1559 1119 1573 1132 1574 1134 1560 1133 1574 1134 1575 1150 1561 1121 1561 1121 1575 1150 1576 1135 1562 1136 1576 1135 1577 1137 1563 1122 1577 1137 1578 1138 1564 1124 1578 1138 1579 1139 1579 1139 1580 1155 1566 1125 1566 1125 1580 1155 1581 1141 1581 1141 1568 1143 1554 1127 1582 1142 1583 1144 1569 1128 1583 1144 1584 1159 1570 1145 1570 1145 1584 1159 1585 1146 1571 1129 1585 1146 1586 1147 1586 1147 1587 1148 1573 1132 1587 1148 1588 1149 1574 1134 1588 1149 1589 1165 1575 1150 1575 1150 1589 1165 1590 1151 1576 1135 1590 1151 1591 1152 1577 1137 1591 1152 1592 1153 1592 1153 1593 1154 1579 1139 1593 1154 1594 1170 1580 1155 1580 1155 1594 1170 1595 1156 1581 1141 1595 1156 1582 1142 1596 1157 1597 1158 1583 1144 1597 1158 1598 1173 1584 1159 1584 1159 1598 1173 1599 1160 1585 1146 1599 1160 1600 1161 1586 1147 1600 1161 1601 1162 1587 1148 1601 1162 1602 1163 1588 1149 1602 1163 1603 1164 1603 1164 1604 1166 1590 1151 1604 1166 1605 1167 1591 1152 1605 1167 1606 1168 1592 1153 1606 1168 1607 1169 1593 1154 1607 1169 1608 1182 1594 1170 1594 1170 1608 1182 1609 1171 1595 1156 1609 1171 1596 1157 1596 1157 1610 1185 1611 1172 1611 1172 1612 1187 1598 1173 1598 1173 1612 1187 1613 1174 1613 1174 1614 1175 1600 1161 1614 1175 1615 1176 1601 1162 1615 1176 1616 1177 1602 1163 1616 1177 1617 1178 1603 1164 1617 1178 1618 1193 1604 1166 1604 1166 1618 1193 1619 1179 1605 1167 1619 1179 1620 1180 1606 1168 1620 1180 1621 1181 1621 1181 1622 1197 1608 1182 1608 1182 1622 1197 1623 1183 1623 1183 1610 1185 1596 1157 1624 1184 1625 1186 1611 1172 1625 1186 1626 1188 1612 1187 1626 1188 1627 1189 1613 1174 1627 1189 1628 1203 1614 1175 1614 1175 1628 1203 1629 1190 1629 1190 1630 1191 1616 1177 1630 1191 1631 1207 1617 1178 1617 1178 1631 1207 1632 1192 1618 1193 1632 1192 1633 1194 1633 1194 1634 1210 1620 1180 1620 1180 1634 1210 1635 1195 1621 1181 1635 1195 1636 1196 1622 1197 1636 1196 1637 1198 1623 1183 1637 1198 1624 1184 1638 1199 1639 1215 1625 1186 1625 1186 1639 1215 1640 1200 1626 1188 1640 1200 1641 1201 1627 1189 1641 1201 1642 1202 1628 1203 1642 1202 1643 1204 1629 1190 1643 1204 1644 1205 1630 1191 1644 1205 1645 1206 1645 1206 1646 1208 1632 1192 1646 1208 1647 1209 1633 1194 1647 1209 1648 1211 1634 1210 1648 1211 1649 1212 1635 1195 1649 1212 1650 1213 1636 1196 1650 1213 1651 1226 1637 1198 1637 1198 1651 1226 1638 1199 1638 1199 1652 1227 1653 1214 1653 1214 1654 1216 1640 1200 1654 1216 1655 1217 1641 1201 1655 1217 1656 1231 1642 1202 1642 1202 1656 1231 1657 1218 1643 1204 1657 1218 1658 1219 1644 1205 1658 1219 1659 1220 1659 1220 1660 1221 1646 1208 1660 1221 1661 1222 1647 1209 1661 1222 1662 1237 1648 1211 1648 1211 1662 1237 1663 1223 1649 1212 1663 1223 1664 1224 1650 1213 1664 1224 1665 1225 1665 1225 1652 1227 1638 1199 1652 1227 1666 1241 1667 1228 1667 1228 1668 1242 1654 1216 1654 1216 1668 1242 1669 1229 1655 1217 1669 1229 1670 1230 1656 1231 1670 1230 1671 1232 1657 1218 1671 1232 1672 1233 1658 1219 1672 1233 1673 1234 1673 1234 1674 1235 1660 1221 1674 1235 1675 1236 1661 1222 1675 1236 1676 1238 1662 1237 1676 1238 1677 1239 1663 1223 1677 1239 1678 1243 1664 1224 1664 1224 1678 1243 1679 1240 1679 1240 1666 1241 1652 1227 0 2 1 1 1667 1228 1 1 2 4 1668 1242 2 4 3 6 1669 1229 3 6 4 8 1670 1230 4 8 5 10 1671 1232 5 10 6 12 1672 1233 6 12 7 14 1673 1234 1673 1234 7 14 8 16 1674 1235 8 16 9 18 1675 1236 9 18 10 20 1676 1238 10 20 11 22 1677 1239 11 22 12 24 1678 1243 12 24 13 26 1679 1240 13 26 0 2 1681 1244 1682 1244 1683 1244 1686 1245 1685 1245 1684 1245 1684 1246 1685 2131 1681 1247 1681 1249 1685 2132 1686 1250 1686 1252 1687 1287 1683 1253 1687 1255 1684 2133 1680 1256 1689 1244 1690 1244 1691 1244 1694 1245 1693 1245 1692 1245 1692 1246 1693 2131 1689 1247 1689 1258 1693 2132 1694 1259 1694 1252 1695 1287 1691 1253 1695 1255 1692 2133 1688 1256 1697 1244 1698 1244 1699 1244 1702 1245 1701 1245 1700 1245 1700 1261 1701 1307 1697 1247 1697 1263 1701 2134 1702 1264 1702 1265 1703 1287 1699 1266 1703 1255 1700 2133 1696 1256 1705 1244 1706 1244 1707 1244 1710 1245 1709 1245 1708 1245 1708 1268 1709 2135 1705 1269 1705 1271 1709 2134 1710 1272 1710 1274 1711 1279 1707 1275 1711 1255 1708 2133 1704 1256 1713 1244 1714 1244 1715 1244 1718 1245 1717 1245 1716 1245 1716 1261 1717 1307 1713 1277 1713 1263 1717 2134 1718 1264 1718 1279 1719 1279 1715 1266 1719 1255 1716 2133 1712 1256 1721 1244 1722 1244 1723 1244 1726 1245 1725 1245 1724 1245 1724 1281 1725 1293 1721 1282 1721 1284 1725 2134 1726 1285 1722 1287 1726 1288 1727 1288 1727 1290 1724 2136 1720 1291 1729 1244 1730 1244 1731 1244 1734 1245 1733 1245 1732 1245 1732 1293 1733 1261 1729 1247 1729 1294 1733 2137 1734 1295 1734 1288 1735 1265 1731 1297 1735 1298 1732 2138 1728 1299 1737 1244 1738 1244 1739 1244 1742 1245 1741 1245 1740 1245 1740 1293 1741 1293 1737 1301 1737 1302 1741 2139 1742 1303 1742 1288 1743 1265 1739 1297 1743 1304 1740 2140 1736 1305 1745 1244 1746 1244 1747 1244 1750 1245 1749 1245 1748 1245 1748 1307 1749 1307 1745 1282 1745 1263 1749 2134 1750 1264 1750 1287 1751 1287 1747 1308 1751 1309 1748 2136 1744 1310 1753 1244 1754 1244 1755 1244 1758 1245 1757 1245 1756 1245 1756 1307 1757 1307 1753 1248 1753 1312 1757 2141 1758 1313 1758 1314 1759 2142 1755 1315 1759 1317 1756 2136 1752 1318 1761 1244 1762 1244 1763 1244 1766 1245 1765 1245 1764 1245 1764 1261 1765 1307 1761 1277 1761 1319 1765 2143 1766 1320 1766 1265 1767 1287 1763 1321 1767 1255 1764 2133 1760 1256 1769 1244 1770 1244 1771 1244 1774 1245 1773 1245 1772 1245 1772 1261 1773 1307 1769 1301 1769 1263 1773 2134 1774 1264 1774 1265 1775 1287 1771 1297 1775 1323 1772 2144 1768 1324 1777 1244 1778 1244 1779 1244 1782 1245 1781 1245 1780 1245 1780 1325 1781 2131 1777 1247 1777 1326 1781 2145 1782 1327 1778 1297 1782 2142 1783 1328 1783 1329 1780 2144 1776 1330 1784 1332 1785 2146 1786 1333 1791 1334 1790 2147 1789 1335 1788 1337 1789 2148 1785 1338 1785 1340 1789 2149 1790 1341 1786 1343 1790 2150 1791 1344 1791 1346 1788 2151 1784 1347 1793 1349 1794 1244 1795 1350 1799 1352 1798 2118 1797 1353 1796 1355 1797 2152 1793 1356 1793 1358 1797 2153 1798 1359 1794 1361 1798 2154 1799 1362 1799 1364 1796 2155 1792 1365 1800 1367 1801 2156 1802 1368 1806 1369 1805 2157 1804 1370 1804 1372 1805 2158 1801 1373 1801 1375 1805 2159 1806 1376 1802 1378 1806 2160 1807 1379 1807 1381 1804 2161 1800 1382 1809 1384 1810 2162 1811 1385 1815 1387 1814 2163 1813 1388 1812 1389 1813 2164 1809 1390 1809 1392 1813 2165 1814 1393 1810 1395 1814 2166 1815 1396 1815 1398 1812 2167 1808 1399 1816 1401 1817 2168 1818 1402 1822 1403 1821 2169 1820 1404 1820 1406 1821 2170 1817 1407 1817 1409 1821 2171 1822 1410 1818 1412 1822 2172 1823 1413 1823 1415 1820 2173 1816 1416 1825 1418 1826 2051 1827 1419 1831 1421 1830 2174 1829 1422 1824 1423 1828 2175 1829 1424 1825 1426 1829 2176 1830 1427 1830 1429 1831 2177 1827 1430 1831 1432 1828 2178 1824 1433 1832 1244 1833 1244 1834 1244 1838 1245 1837 1245 1836 1245 1836 1435 1837 2179 1833 1436 1833 1438 1837 1892 1838 1439 1834 1441 1838 2180 1839 1442 1839 1444 1836 1444 1832 1444 1841 1445 1842 2012 1843 1446 1847 1245 1846 1245 1845 1245 1844 1447 1845 2181 1841 1448 1841 1450 1845 2182 1846 1451 1842 1453 1846 2183 1847 1454 1847 1456 1844 2184 1840 1457 1849 1459 1850 2185 1851 1460 1855 1245 1854 1245 1853 1245 1848 1462 1852 2186 1853 1463 1849 1465 1853 2187 1854 1466 1854 1468 1855 2188 1851 1469 1855 1471 1852 2189 1848 1472 1857 1244 1858 1244 1859 1244 1862 1245 1861 1245 1860 1245 1860 1474 1861 1514 1857 1475 1857 1477 1861 1951 1862 1478 1862 1480 1863 2190 1859 1481 1863 1483 1860 1511 1856 1484 1865 1244 1866 1244 1867 1244 1870 1245 1869 1245 1868 1245 1868 1486 1869 1514 1865 1487 1865 1477 1869 1951 1870 1478 1870 1489 1871 2191 1867 1490 1871 1483 1868 1511 1864 1484 1873 1244 1874 1244 1875 1244 1878 1245 1877 1245 1876 1245 1876 1492 1877 1526 1873 1493 1873 1477 1877 1951 1878 1478 1878 1495 1879 2191 1875 1496 1879 1483 1876 1511 1872 1484 1881 1244 1882 1244 1883 1244 1886 1245 1885 1245 1884 1245 1884 1498 1885 1526 1881 1499 1881 1477 1885 1951 1886 1478 1886 1500 1887 2192 1883 1501 1887 1483 1884 1511 1880 1484 1889 1244 1890 1244 1891 1244 1894 1245 1893 1245 1892 1245 1892 1492 1893 1526 1889 1493 1889 1477 1893 1951 1894 1478 1894 1502 1895 2192 1891 1503 1895 1483 1892 1511 1888 1484 1897 1244 1898 1244 1899 1244 1902 1245 1901 1245 1900 1245 1900 1498 1901 1526 1897 1499 1897 1477 1901 1951 1902 1478 1902 1500 1903 2192 1899 1501 1903 1483 1900 1511 1896 1484 1905 1244 1906 1244 1907 1244 1910 1245 1909 1245 1908 1245 1904 1505 1908 2193 1909 1506 1905 1477 1909 1951 1910 1478 1910 1508 1911 2194 1907 1509 1911 1511 1908 1511 1904 1512 1913 1244 1914 1244 1915 1244 1918 1245 1917 1245 1916 1245 1916 1513 1917 2195 1913 1514 1913 1477 1917 1951 1918 1478 1918 1516 1919 2196 1915 1517 1919 1483 1916 1511 1912 1484 1921 1244 1922 1244 1923 1244 1926 1245 1925 1245 1924 1245 1924 1519 1925 2197 1921 1520 1921 1477 1925 1951 1926 1478 1926 1495 1927 2198 1923 1521 1927 1483 1924 1511 1920 1484 1929 1244 1930 1244 1931 1244 1934 1245 1933 1245 1932 1245 1932 1522 1933 2199 1929 1523 1929 1477 1933 1951 1934 1478 1934 1524 1935 2200 1931 1525 1935 1483 1932 1511 1928 1484 1937 1244 1938 1244 1939 1244 1942 1245 1941 1245 1940 1245 1936 1507 1940 1514 1941 1526 1937 1479 1941 1528 1942 1528 1942 1529 1943 2198 1939 1530 1943 1483 1940 1511 1936 1484 1945 1244 1946 1244 1947 1244 1950 1245 1949 1245 1948 1245 1948 1531 1949 2201 1945 1475 1945 1479 1949 1528 1950 1528 1950 1533 1951 2192 1947 1534 1951 1536 1948 1536 1944 1485 1953 1244 1954 1244 1955 1244 1958 1245 1957 1245 1956 1245 1956 1537 1957 2201 1953 1538 1953 1479 1957 1528 1958 1528 1958 1539 1959 2202 1955 1540 1959 1536 1956 1536 1952 1485 1961 1244 1962 1244 1963 1244 1966 1245 1965 1245 1964 1245 1964 1541 1965 2203 1961 1542 1961 1479 1965 1528 1966 1528 1966 1539 1967 2202 1963 1544 1967 1536 1964 1536 1960 1485 1969 1244 1970 1244 1971 1244 1974 1245 1973 1245 1972 1245 1972 1546 1973 2204 1969 1547 1969 1479 1973 1528 1974 1528 1974 1480 1975 2205 1971 1549 1975 1536 1972 1536 1968 1485 1977 1244 1978 1244 1979 1244 1982 1245 1981 1245 1980 1245 1980 1546 1981 2204 1977 1547 1977 1479 1981 1528 1982 1528 1982 1480 1983 2205 1979 1549 1983 1536 1980 1536 1976 1485 1985 1244 1986 1244 1987 1244 1990 1245 1989 1245 1988 1245 1988 1492 1989 2206 1985 1551 1985 1479 1989 1528 1990 1528 1990 1553 1991 2207 1987 1554 1991 1536 1988 1536 1984 1485 1993 1244 1994 1244 1995 1244 1998 1245 1997 1245 1996 1245 1996 1531 1997 2201 1993 1475 1993 1479 1997 1528 1998 1528 1998 1533 1999 2192 1995 1534 1999 1536 1996 1536 1992 1485 2001 1244 2002 1244 2003 1244 2006 1245 2005 1245 2004 1245 2004 1555 2005 2201 2001 1556 2001 1479 2005 1528 2006 1528 2006 1558 2007 2192 2003 1554 2007 1536 2004 1536 2000 1485 2009 1244 2010 1244 2011 1244 2014 1245 2013 1245 2012 1245 2012 1506 2013 2197 2009 1513 2009 1477 2013 1951 2014 1478 2010 1500 2014 2208 2015 1559 2015 1536 2012 1536 2008 1485 2017 1244 2018 1244 2019 1244 2022 1245 2021 1245 2020 1245 2020 1519 2021 2197 2017 1520 2017 1477 2021 1951 2022 1478 2022 1495 2023 2198 2019 1521 2023 1483 2020 1511 2016 1484 2025 1244 2026 1244 2027 1244 2030 1245 2029 1245 2028 1245 2028 1555 2029 1526 2025 1561 2025 1477 2029 1951 2030 1478 2030 1529 2031 2198 2027 1530 2031 1483 2028 1511 2024 1484 2033 1244 2034 1244 2035 1244 2038 1245 2037 1245 2036 1245 2036 1562 2037 1514 2033 1563 2033 1477 2037 1951 2038 1478 2038 1564 2039 2192 2035 1565 2039 1483 2036 1511 2032 1484 2041 1244 2042 1244 2043 1244 2046 1245 2045 1245 2044 1245 2044 1555 2045 1526 2041 1561 2041 1477 2045 1951 2046 1478 2046 1564 2047 2192 2043 1565 2047 1483 2044 1511 2040 1484 2049 1244 2050 1244 2051 1244 2054 1245 2053 1245 2052 1245 2052 1486 2053 1514 2049 1487 2049 1477 2053 1951 2054 1478 2054 1489 2055 2191 2051 1490 2055 1483 2052 1511 2048 1484 2057 1244 2058 1244 2059 1244 2062 1245 2061 1245 2060 1245 2060 1566 2061 1526 2057 1567 2057 1477 2061 1951 2062 1478 2062 1489 2063 2191 2059 1490 2063 1483 2060 1511 2056 1484 2065 1244 2066 1244 2067 1244 2070 1245 2069 1245 2068 1245 2068 1498 2069 1526 2065 1499 2065 1477 2069 1951 2070 1478 2070 1500 2071 2192 2067 1501 2071 1483 2068 1511 2064 1484 2073 1244 2074 1244 2075 1244 2078 1245 2077 1245 2076 1245 2076 1492 2077 1526 2073 1493 2073 1477 2077 1951 2078 1478 2078 1502 2079 2192 2075 1503 2079 1483 2076 1511 2072 1484 2081 1244 2082 1244 2083 1244 2086 1245 2085 1245 2084 1245 2084 1486 2085 1514 2081 1487 2081 1477 2085 1951 2086 1478 2086 1495 2087 2192 2083 1568 2087 1483 2084 1511 2080 1484 2089 1244 2090 1244 2091 1244 2094 1245 2093 1245 2092 1245 2092 1569 2093 1514 2089 1562 2089 1477 2093 1951 2094 1478 2094 1570 2095 2191 2091 1571 2095 1483 2092 1511 2088 1484 2096 1572 2097 2209 2098 1573 2102 1245 2101 1245 2100 1245 2100 1575 2101 2210 2097 1576 2097 1578 2101 2211 2102 1579 2098 1581 2102 2212 2103 1582 2103 1584 2100 2213 2096 1585 2104 1587 2105 1244 2106 1588 2110 1245 2109 1245 2108 1245 2104 1589 2108 2214 2109 1590 2105 1592 2109 2215 2110 1593 2110 1595 2111 2216 2107 1596 2111 1598 2108 2217 2104 1599 2113 1244 2114 1244 2115 1244 2119 1245 2118 1245 2117 1245 2112 1601 2116 2218 2117 1602 2113 1604 2117 2219 2118 1605 2118 1607 2119 2220 2115 1608 2119 1610 2116 2221 2112 1611 2120 1613 2121 2222 2122 1614 2126 1616 2125 1245 2124 1617 2124 1619 2125 2223 2121 1620 2121 1622 2125 2224 2126 1623 2122 1625 2126 2225 2127 1626 2127 1628 2124 2226 2120 1629 2128 1244 2129 1244 2130 1244 2134 1245 2133 1245 2132 1245 2128 1631 2132 2227 2133 1632 2129 1634 2133 2228 2134 1635 2134 1637 2135 2229 2131 1638 2135 1640 2132 2230 2128 1641 2136 1643 2137 2231 2138 1644 2142 1646 2141 1245 2140 1647 2136 1649 2140 2232 2141 1650 2137 1652 2141 2233 2142 1653 2142 1655 2143 2234 2139 1656 2143 1658 2140 2235 2136 1659 2144 1661 2145 2236 2146 1662 2150 1663 2149 1245 2148 1664 2148 1666 2149 2237 2145 1667 2145 1669 2149 2238 2150 1670 2146 1672 2150 2239 2151 1673 2151 1675 2148 2240 2144 1676 2152 1678 2153 2241 2154 1679 2158 1680 2157 2242 2156 1681 2152 1683 2156 2243 2157 1684 2153 1686 2157 2244 2158 1687 2158 1689 2159 2245 2155 1690 2159 1692 2156 2246 2152 1693 2161 1695 2162 2247 2163 1696 2167 1698 2166 2248 2165 1699 2164 1700 2165 2249 2161 1701 2161 1703 2165 2250 2166 1704 2162 1706 2166 2251 2167 1707 2167 1709 2164 2252 2160 1710 2169 1244 2170 1244 2171 1244 2174 1245 2173 1245 2172 1245 2172 1712 2173 2253 2169 1713 2169 1715 2173 2133 2174 1716 2174 1718 2175 1743 2171 1719 2175 1721 2172 2132 2168 1722 2177 1244 2178 1244 2179 1244 2182 1245 2181 1245 2180 1245 2180 1723 2181 1758 2177 1713 2177 1725 2181 2136 2182 1726 2182 1727 2183 1743 2179 1728 2183 1721 2180 2132 2176 1722 2185 1244 2186 1244 2187 1244 2190 1245 2189 1245 2188 1245 2188 1730 2189 2254 2185 1731 2185 1318 2189 2136 2190 1317 2190 1733 2191 1738 2187 1734 2191 1721 2188 2132 2184 1722 2193 1244 2194 1244 2195 1244 2198 1245 2197 1245 2196 1245 2196 1723 2197 1758 2193 1736 2193 1725 2197 2136 2198 1726 2198 1738 2199 1738 2195 1728 2199 1721 2196 2132 2192 1722 2201 1244 2202 1244 2203 1244 2206 1245 2205 1245 2204 1245 2204 1740 2205 1746 2201 1741 2201 1291 2205 2136 2206 1290 2202 1743 2206 1744 2207 1744 2207 1285 2204 2134 2200 1284 2209 1244 2210 1244 2211 1244 2214 1245 2213 1245 2212 1245 2212 1746 2213 1723 2209 1713 2209 1747 2213 2255 2214 1748 2214 1744 2215 1727 2211 1749 2215 1750 2212 2256 2208 1751 2217 1244 2218 1244 2219 1244 2222 1245 2221 1245 2220 1245 2220 1746 2221 1746 2217 1753 2217 1754 2221 2257 2222 1755 2222 1744 2223 1727 2219 1749 2223 1756 2220 2258 2216 1757 2225 1244 2226 1244 2227 1244 2230 1245 2229 1245 2228 1245 2228 1758 2229 1758 2225 1741 2225 1725 2229 2136 2230 1726 2230 1743 2231 1743 2227 1759 2231 1760 2228 2134 2224 1761 2233 1244 2234 1244 2235 1244 2238 1245 2237 1245 2236 1245 2236 1758 2237 1758 2233 1714 2233 1763 2237 2259 2238 1764 2238 1765 2239 2260 2235 1766 2239 1272 2236 2134 2232 1271 2241 1244 2242 1244 2243 1244 2246 1245 2245 1245 2244 1245 2244 1723 2245 1758 2241 1736 2241 1768 2245 2144 2246 1769 2246 1727 2247 1743 2243 1770 2247 1721 2244 2132 2240 1722 2249 1244 2250 1244 2251 1244 2254 1245 2253 1245 2252 1245 2252 1723 2253 1758 2249 1753 2249 1725 2253 2136 2254 1726 2254 1727 2255 1743 2251 1749 2255 1772 2252 2143 2248 1773 2257 1244 2258 1244 2259 1244 2262 1245 2261 1245 2260 1245 2260 1774 2261 2253 2257 1713 2257 1775 2261 2261 2262 1776 2258 1749 2262 2260 2263 1777 2263 1778 2260 2143 2256 1779 2264 1780 2265 2262 2266 1781 2271 1782 2270 2263 2269 1783 2268 1785 2269 2264 2265 1786 2265 1788 2269 2265 2270 1789 2266 1791 2270 2266 2271 1792 2271 1794 2268 2267 2264 1795 2273 1797 2274 1244 2275 1798 2279 1800 2278 1682 2277 1801 2276 1803 2277 2268 2273 1804 2273 1806 2277 2269 2278 1807 2274 1809 2278 2270 2279 1810 2279 1812 2276 2271 2272 1813 2280 1815 2281 2272 2282 1816 2286 1817 2285 2273 2284 1818 2284 1820 2285 2274 2281 1821 2281 1823 2285 2161 2286 1824 2282 1826 2286 2275 2287 1827 2287 1829 2284 2159 2280 1830 2289 1832 2290 2276 2291 1833 2295 1835 2294 2277 2293 1836 2292 1837 2293 2278 2289 1838 2289 1840 2293 2279 2294 1841 2290 1843 2294 2280 2295 1844 2295 1846 2292 2281 2288 1847 2296 1849 2297 2282 2298 1850 2302 1851 2301 2283 2300 1852 2300 1854 2301 2284 2297 1855 2297 1857 2301 2285 2302 1858 2298 1860 2302 2286 2303 1861 2303 1863 2300 2287 2296 1864 2305 1866 2306 1615 2307 1867 2311 1869 2310 2288 2309 1870 2304 1871 2308 2289 2309 1872 2305 1874 2309 2290 2310 1875 2310 1877 2311 2291 2307 1878 2311 1880 2308 2292 2304 1881 2312 1244 2313 1244 2314 1244 2318 1245 2317 1245 2316 1245 2316 1883 2317 2293 2313 1884 2313 1886 2317 1444 2318 1887 2314 1889 2318 2294 2319 1890 2319 1892 2316 1892 2312 1892 2321 1587 2322 1574 2323 1588 2327 1245 2326 1245 2325 1245 2324 1893 2325 2295 2321 1894 2321 1896 2325 2296 2326 1897 2322 1899 2326 2297 2327 1900 2327 1902 2324 2298 2320 1903 2329 1905 2330 2299 2331 1906 2335 1245 2334 1245 2333 1245 2328 1908 2332 2300 2333 1909 2329 1911 2333 2301 2334 1912 2334 1914 2335 2302 2331 1915 2335 1917 2332 2303 2328 1918 2337 1244 2338 1244 2339 1244 2342 1245 2341 1245 2340 1245 2340 1920 2341 1954 2337 1921 2337 1484 2341 1511 2342 1483 2342 1923 2343 2304 2339 1924 2343 1478 2340 1951 2336 1477 2345 1244 2346 1244 2347 1244 2350 1245 2349 1245 2348 1245 2348 1926 2349 1954 2345 1927 2345 1484 2349 1511 2350 1483 2350 1929 2351 2305 2347 1930 2351 1478 2348 1951 2344 1477 2353 1244 2354 1244 2355 1244 2358 1245 2357 1245 2356 1245 2356 1932 2357 1966 2353 1933 2353 1484 2357 1511 2358 1483 2358 1935 2359 2305 2355 1936 2359 1478 2356 1951 2352 1477 2361 1244 2362 1244 2363 1244 2366 1245 2365 1245 2364 1245 2364 1938 2365 1966 2361 1939 2361 1484 2365 1511 2366 1483 2366 1940 2367 2306 2363 1941 2367 1478 2364 1951 2360 1477 2369 1244 2370 1244 2371 1244 2374 1245 2373 1245 2372 1245 2372 1932 2373 1966 2369 1933 2369 1484 2373 1511 2374 1483 2374 1942 2375 2306 2371 1943 2375 1478 2372 1951 2368 1477 2377 1244 2378 1244 2379 1244 2382 1245 2381 1245 2380 1245 2380 1938 2381 1966 2377 1939 2377 1484 2381 1511 2382 1483 2382 1940 2383 2306 2379 1941 2383 1478 2380 1951 2376 1477 2385 1244 2386 1244 2387 1244 2390 1245 2389 1245 2388 1245 2384 1945 2388 2307 2389 1946 2385 1484 2389 1511 2390 1483 2390 1948 2391 2308 2387 1949 2391 1951 2388 1951 2384 1952 2393 1244 2394 1244 2395 1244 2398 1245 2397 1245 2396 1245 2396 1953 2397 2309 2393 1954 2393 1484 2397 1511 2398 1483 2398 1956 2399 2310 2395 1957 2399 1478 2396 1951 2392 1477 2401 1244 2402 1244 2403 1244 2406 1245 2405 1245 2404 1245 2404 1959 2405 2311 2401 1960 2401 1484 2405 1511 2406 1483 2406 1935 2407 2312 2403 1961 2407 1478 2404 1951 2400 1477 2409 1244 2410 1244 2411 1244 2414 1245 2413 1245 2412 1245 2412 1962 2413 2313 2409 1963 2409 1484 2413 1511 2414 1483 2414 1964 2415 2314 2411 1965 2415 1478 2412 1951 2408 1477 2417 1244 2418 1244 2419 1244 2422 1245 2421 1245 2420 1245 2416 1947 2420 1954 2421 1966 2417 1485 2421 1536 2422 1536 2422 1968 2423 2312 2419 1969 2423 1478 2420 1951 2416 1477 2425 1244 2426 1244 2427 1244 2430 1245 2429 1245 2428 1245 2428 1970 2429 2315 2425 1921 2425 1485 2429 1536 2430 1536 2430 1972 2431 2306 2427 1973 2431 1528 2428 1528 2424 1479 2433 1244 2434 1244 2435 1244 2438 1245 2437 1245 2436 1245 2436 1975 2437 2315 2433 1976 2433 1485 2437 1536 2438 1536 2438 1977 2439 2316 2435 1978 2439 1528 2436 1528 2432 1479 2441 1244 2442 1244 2443 1244 2446 1245 2445 1245 2444 1245 2444 1979 2445 2317 2441 1980 2441 1485 2445 1536 2446 1536 2446 1977 2447 2316 2443 1982 2447 1528 2444 1528 2440 1479 2449 1244 2450 1244 2451 1244 2454 1245 2453 1245 2452 1245 2452 1984 2453 2318 2449 1985 2449 1485 2453 1536 2454 1536 2454 1923 2455 2319 2451 1987 2455 1528 2452 1528 2448 1479 2457 1244 2458 1244 2459 1244 2462 1245 2461 1245 2460 1245 2460 1984 2461 2318 2457 1985 2457 1485 2461 1536 2462 1536 2462 1923 2463 2319 2459 1987 2463 1528 2460 1528 2456 1479 2465 1244 2466 1244 2467 1244 2470 1245 2469 1245 2468 1245 2468 1932 2469 2320 2465 1989 2465 1485 2469 1536 2470 1536 2470 1991 2471 2321 2467 1992 2471 1528 2468 1528 2464 1479 2473 1244 2474 1244 2475 1244 2478 1245 2477 1245 2476 1245 2476 1970 2477 2315 2473 1921 2473 1485 2477 1536 2478 1536 2478 1972 2479 2306 2475 1973 2479 1528 2476 1528 2472 1479 2481 1244 2482 1244 2483 1244 2486 1245 2485 1245 2484 1245 2484 1993 2485 2315 2481 1994 2481 1485 2485 1536 2486 1536 2486 1996 2487 2306 2483 1992 2487 1528 2484 1528 2480 1479 2489 1244 2490 1244 2491 1244 2494 1245 2493 1245 2492 1245 2492 1946 2493 2311 2489 1953 2489 1484 2493 1511 2494 1483 2490 1940 2494 2322 2495 1997 2495 1528 2492 1528 2488 1479 2497 1244 2498 1244 2499 1244 2502 1245 2501 1245 2500 1245 2500 1959 2501 2311 2497 1960 2497 1484 2501 1511 2502 1483 2502 1935 2503 2312 2499 1961 2503 1478 2500 1951 2496 1477 2505 1244 2506 1244 2507 1244 2510 1245 2509 1245 2508 1245 2508 1993 2509 1966 2505 1999 2505 1484 2509 1511 2510 1483 2510 1968 2511 2312 2507 1969 2511 1478 2508 1951 2504 1477 2513 1244 2514 1244 2515 1244 2518 1245 2517 1245 2516 1245 2516 2000 2517 1954 2513 2001 2513 1484 2517 1511 2518 1483 2518 2002 2519 2306 2515 2003 2519 1478 2516 1951 2512 1477 2521 1244 2522 1244 2523 1244 2526 1245 2525 1245 2524 1245 2524 1993 2525 1966 2521 1999 2521 1484 2525 1511 2526 1483 2526 2002 2527 2306 2523 2003 2527 1478 2524 1951 2520 1477 2529 1244 2530 1244 2531 1244 2534 1245 2533 1245 2532 1245 2532 1926 2533 1954 2529 1927 2529 1484 2533 1511 2534 1483 2534 1929 2535 2305 2531 1930 2535 1478 2532 1951 2528 1477 2537 1244 2538 1244 2539 1244 2542 1245 2541 1245 2540 1245 2540 2004 2541 1966 2537 2005 2537 1484 2541 1511 2542 1483 2542 1929 2543 2305 2539 1930 2543 1478 2540 1951 2536 1477 2545 1244 2546 1244 2547 1244 2550 1245 2549 1245 2548 1245 2548 1938 2549 1966 2545 1939 2545 1484 2549 1511 2550 1483 2550 1940 2551 2306 2547 1941 2551 1478 2548 1951 2544 1477 2553 1244 2554 1244 2555 1244 2558 1245 2557 1245 2556 1245 2556 1932 2557 1966 2553 1933 2553 1484 2557 1511 2558 1483 2558 1942 2559 2306 2555 1943 2559 1478 2556 1951 2552 1477 2561 1244 2562 1244 2563 1244 2566 1245 2565 1245 2564 1245 2564 1926 2565 1954 2561 1927 2561 1484 2565 1511 2566 1483 2566 1935 2567 2306 2563 2006 2567 1478 2564 1951 2560 1477 2569 1244 2570 1244 2571 1244 2574 1245 2573 1245 2572 1245 2572 2007 2573 1954 2569 2000 2569 1484 2573 1511 2574 1483 2574 2008 2575 2305 2571 2009 2575 1478 2572 1951 2568 1477 2576 2010 2577 2323 2578 2011 2582 1245 2581 1245 2580 1245 2580 2013 2581 2324 2577 2014 2577 2016 2581 2325 2582 2017 2578 2019 2582 2326 2583 2020 2583 2022 2580 2327 2576 2023 2584 1445 2585 1244 2586 1446 2590 1245 2589 1245 2588 1245 2584 2025 2588 2328 2589 2026 2585 2028 2589 2329 2590 2029 2590 2031 2591 2330 2587 2032 2591 2034 2588 2331 2584 2035 2593 1244 2594 1244 2595 1244 2599 1245 2598 1245 2597 1245 2592 2037 2596 2332 2597 2038 2593 2040 2597 2333 2598 2041 2598 2043 2599 2334 2595 2044 2599 2046 2596 2335 2592 2047 2600 2049 2601 2336 2602 2050 2606 2052 2605 1245 2604 2053 2604 2055 2605 2337 2601 2056 2601 2058 2605 2338 2606 2059 2602 2061 2606 2339 2607 2062 2607 2064 2604 2340 2600 2065 2608 1244 2609 1244 2610 1244 2614 1245 2613 1245 2612 1245 2608 2067 2612 2341 2613 2068 2609 2070 2613 2342 2614 2071 2614 2073 2615 2343 2611 2074 2615 2076 2612 2344 2608 2077 2616 2079 2617 2345 2618 2080 2622 2082 2621 1245 2620 2083 2616 2085 2620 2346 2621 2086 2617 2088 2621 2347 2622 2089 2622 2091 2623 2348 2619 2092 2623 2094 2620 2349 2616 2095 2624 2097 2625 2350 2626 2098 2630 2099 2629 1245 2628 2100 2628 2102 2629 2351 2625 2103 2625 2105 2629 2352 2630 2106 2626 2108 2630 2353 2631 2109 2631 2111 2628 2354 2624 2112 2632 2114 2633 2355 2634 2115 2638 2116 2637 2356 2636 2117 2632 2119 2636 2357 2637 2120 2633 2122 2637 2358 2638 2123 2638 2125 2639 2359 2635 2126 2639 2128 2636 2360 2632 2129</p>
        </triangles>
      </mesh>
    </geometry>
  </library_geometries>
  <library_visual_scenes>
    <visual_scene id="Scene" name="Scene">
      <node id="skirt" name="skirt" type="NODE">
        <matrix sid="transform">1 0 0 0 0 1 0 0 0 0 1 0 0 0 0 1</matrix>
        <instance_geometry url="#skirt-mesh" name="skirt">
          <bind_material>
            <technique_common>
              <instance_material symbol="rubber-material" target="#rubber-material"/>
            </technique_common>
          </bind_material>
        </instance_geometry>
      </node>
    </visual_scene>
  </library_visual_scenes>
  <scene>
    <instance_visual_scene url="#Scene"/>
  </scene>
</COLLADA>