# Renderer-safe OBJ mesh with explicit normals.
v -25.0000 -25.0000 0.0049
v -23.7500 -25.0000 -0.0092
v -22.5000 -25.0000 -0.0127
v -21.2500 -25.0000 0.0042
v -20.0000 -25.0000 0.0338
v -18.7500 -25.0000 0.0569
v -17.5000 -25.0000 0.0605
v -16.2500 -25.0000 0.0490
v -15.0000 -25.0000 0.0386
v -13.7500 -25.0000 0.0409
v -12.5000 -25.0000 0.0511
v -11.2500 -25.0000 0.0531
v -10.0000 -25.0000 0.0363
v -8.7500 -25.0000 0.0073
v -7.5000 -25.0000 -0.0151
v -6.2500 -25.0000 -0.0171
v -5.0000 -25.0000 -0.0021
v -3.7500 -25.0000 0.0135
v -2.5000 -25.0000 0.0165
v -1.2500 -25.0000 0.0095
v 0.0000 -25.0000 0.0080
v 1.2500 -25.0000 0.0231
v 2.5000 -25.0000 0.0500
v 3.7500 -25.0000 0.0705
v 5.0000 -25.0000 0.0703
v 6.2500 -25.0000 0.0516
v 7.5000 -25.0000 0.0311
v 8.7500 -25.0000 0.0237
v 10.0000 -25.0000 0.0284
v 11.2500 -25.0000 0.0309
v 12.5000 -25.0000 0.0187
v 13.7500 -25.0000 -0.0047
v 15.0000 -25.0000 -0.0224
v 16.2500 -25.0000 -0.0175
v 17.5000 -25.0000 0.0688
v 18.7500 -25.0000 0.2236
v 20.0000 -25.0000 0.3976
v 21.2500 -25.0000 0.5571
v 22.5000 -25.0000 0.6827
v 23.7500 -25.0000 0.7550
v 25.0000 -25.0000 0.7761
v -25.0000 -23.7500 -0.0162
v -23.7500 -23.7500 -0.0234
v -22.5000 -23.7500 -0.0086
v -21.2500 -23.7500 0.0208
v -20.0000 -23.7500 0.0456
v -18.7500 -23.7500 0.0526
v -17.5000 -23.7500 0.0456
v -16.2500 -23.7500 0.0403
v -15.0000 -23.7500 0.0474
v -13.7500 -23.7500 0.0614
v -12.5000 -23.7500 0.0657
v -11.2500 -23.7500 0.0494
v -10.0000 -23.7500 0.0189
v -8.7500 -23.7500 -0.0068
v -7.5000 -23.7500 -0.0133
v -6.2500 -23.7500 -0.0032
v -5.0000 -23.7500 0.0075
v -3.7500 -23.7500 0.0065
v -2.5000 -23.7500 -0.0029
v -1.2500 -23.7500 -0.0051
v 0.0000 -23.7500 0.0113
v 1.2500 -23.7500 0.0412
v 2.5000 -23.7500 0.0661
v 3.7500 -23.7500 0.0709
v 5.0000 -23.7500 0.0571
v 6.2500 -23.7500 0.0407
v 7.5000 -23.7500 0.0360
v 8.7500 -23.7500 0.0415
v 10.0000 -23.7500 0.0429
v 11.2500 -23.7500 0.0279
v 12.5000 -23.7500 0.0002
v 13.7500 -23.7500 -0.0225
v 15.0000 -23.7500 -0.0246
v 16.2500 -23.7500 -0.0048
v 17.5000 -23.7500 0.0812
v 18.7500 -23.7500 0.2212
v 20.0000 -23.7500 0.3816
v 21.2500 -23.7500 0.5429
v 22.5000 -23.7500 0.6852
v 23.7500 -23.7500 0.7735
v 25.0000 -23.7500 0.7950
v -25.0000 -22.5000 -0.0268
v -23.7500 -22.5000 -0.0166
v -22.5000 -22.5000 0.0093
v -21.2500 -22.5000 0.0324
v -20.0000 -22.5000 0.0397
v -18.7500 -22.5000 0.0349
v -17.5000 -22.5000 0.0333
v -16.2500 -22.5000 0.0452
v -15.0000 -22.5000 0.0643
v -13.7500 -22.5000 0.0733
v -12.5000 -22.5000 0.0605
v -11.2500 -22.5000 0.0320
v -10.0000 -22.5000 0.0062
v -8.7500 -22.5000 -0.0022
v -7.5000 -22.5000 0.0042
v -6.2500 -22.5000 0.0102
v -5.0000 -22.5000 0.0041
v -3.7500 -22.5000 -0.0101
v -2.5000 -22.5000 -0.0160
v -1.2500 -22.5000 -0.0016
v 0.0000 -22.5000 0.0281
v 1.2500 -22.5000 0.0548
v 2.5000 -22.5000 0.0630
v 3.7500 -22.5000 0.0538
v 5.0000 -22.5000 0.0426
v 6.2500 -22.5000 0.0426
v 7.5000 -22.5000 0.0520
v 8.7500 -22.5000 0.0557
v 10.0000 -22.5000 0.0411
v 11.2500 -22.5000 0.0118
v 12.5000 -22.5000 -0.0142
v 13.7500 -22.5000 -0.0208
v 15.0000 -22.5000 -0.0081
v 16.2500 -22.5000 0.0106
v 17.5000 -22.5000 0.0808
v 18.7500 -22.5000 0.2057
v 20.0000 -22.5000 0.3664
v 21.2500 -22.5000 0.5430
v 22.5000 -22.5000 0.7004
v 23.7500 -22.5000 0.7886
v 25.0000 -22.5000 0.7948
v -25.0000 -21.2500 -0.0162
v -23.7500 -21.2500 0.0048
v -22.5000 -21.2500 0.0236
v -21.2500 -21.2500 0.0279
v -20.0000 -21.2500 0.0218
v -18.7500 -21.2500 0.0210
v -17.5000 -21.2500 0.0354
v -16.2500 -21.2500 0.0585
v -15.0000 -21.2500 0.0723
v -13.7500 -21.2500 0.0645
v -12.5000 -21.2500 0.0404
v -11.2500 -21.2500 0.0178
v -10.0000 -21.2500 0.0108
v -8.7500 -21.2500 0.0167
v -7.5000 -21.2500 0.0204
v -6.2500 -21.2500 0.0104
v -5.0000 -21.2500 -0.0086
v -3.7500 -21.2500 -0.0195
v -2.5000 -21.2500 -0.0096
v -1.2500 -21.2500 0.0168
v 0.0000 -21.2500 0.0419
v 1.2500 -21.2500 0.0503
v 2.5000 -21.2500 0.0433
v 3.7500 -21.2500 0.0358
v 5.0000 -21.2500 0.0406
v 6.2500 -21.2500 0.0550
v 7.5000 -21.2500 0.0633
v 8.7500 -21.2500 0.0521
v 10.0000 -21.2500 0.0247
v 11.2500 -21.2500 -0.0014
v 12.5000 -21.2500 -0.0100
v 13.7500 -21.2500 -0.0009
v 15.0000 -21.2500 0.0111
v 16.2500 -21.2500 0.0139
v 17.5000 -21.2500 0.0683
v 18.7500 -21.2500 0.1924
v 20.0000 -21.2500 0.3670
v 21.2500 -21.2500 0.5572
v 22.5000 -21.2500 0.7131
v 23.7500 -21.2500 0.7851
v 25.0000 -21.2500 0.7753
v -25.0000 -20.0000 0.0091
v -23.7500 -20.0000 0.0231
v -22.5000 -20.0000 0.0227
v -21.2500 -20.0000 0.0127
v -20.0000 -20.0000 0.0093
v -18.7500 -20.0000 0.0228
v -17.5000 -20.0000 0.0470
v -16.2500 -20.0000 0.0635
v -15.0000 -20.0000 0.0598
v -13.7500 -20.0000 0.0403
v -12.5000 -20.0000 0.0225
v -11.2500 -20.0000 0.0196
v -10.0000 -20.0000 0.0282
v -8.7500 -20.0000 0.0330
v -7.5000 -20.0000 0.0221
v -6.2500 -20.0000 0.0006
v -5.0000 -20.0000 -0.0142
v -3.7500 -20.0000 -0.0091
v -2.5000 -20.0000 0.0126
v -1.2500 -20.0000 0.0335
v 0.0000 -20.0000 0.0390
v 1.2500 -20.0000 0.0308
v 2.5000 -20.0000 0.0239
v 3.7500 -20.0000 0.0311
v 5.0000 -20.0000 0.0493
v 6.2500 -20.0000 0.0622
v 7.5000 -20.0000 0.0558
v 8.7500 -20.0000 0.0327
v 10.0000 -20.0000 0.0097
v 11.2500 -20.0000 0.0025
v 12.5000 -20.0000 0.0112
v 13.7500 -20.0000 0.0210
v 15.0000 -20.0000 0.0181
v 16.2500 -20.0000 0.0055
v 17.5000 -20.0000 0.0589
v 18.7500 -20.0000 0.1962
v 20.0000 -20.0000 0.3832
v 21.2500 -20.0000 0.5704
v 22.5000 -20.0000 0.7085
v 23.7500 -20.0000 0.7630
v 25.0000 -20.0000 0.7519
v -25.0000 -18.7500 0.0308
v -23.7500 -18.7500 0.0263
v -22.5000 -18.7500 0.0117
v -21.2500 -18.7500 0.0038
v -20.0000 -18.7500 0.0138
v -18.7500 -18.7500 0.0356
v -17.5000 -18.7500 0.0516
v -16.2500 -18.7500 0.0490
v -15.0000 -18.7500 0.0323
v -13.7500 -18.7500 0.0185
v -12.5000 -18.7500 0.0201
v -11.2500 -18.7500 0.0332
v -10.0000 -18.7500 0.0417
v -8.7500 -18.7500 0.0333
v -7.5000 -18.7500 0.0126
v -6.2500 -18.7500 -0.0032
v -5.0000 -18.7500 -0.0007
v -3.7500 -18.7500 0.0171
v -2.5000 -18.7500 0.0335
v -1.2500 -18.7500 0.0345
v 0.0000 -18.7500 0.0224
v 1.2500 -18.7500 0.0129
v 2.5000 -18.7500 0.0191
v 3.7500 -18.7500 0.0381
v 5.0000 -18.7500 0.0535
v 6.2500 -18.7500 0.0509
v 7.5000 -18.7500 0.0322
v 8.7500 -18.7500 0.0138
v 10.0000 -18.7500 0.0106
v 11.2500 -18.7500 0.0220
v 12.5000 -18.7500 0.0330
v 13.7500 -18.7500 0.0294
v 15.0000 -18.7500 0.0125
v 16.2500 -18.7500 -0.0001
v 17.5000 -18.7500 0.0669
v 18.7500 -18.7500 0.2163
v 20.0000 -18.7500 0.3995
v 21.2500 -18.7500 0.5676
v 22.5000 -18.7500 0.6867
v 23.7500 -18.7500 0.7383
v 25.0000 -18.7500 0.7409
v -25.0000 -17.5000 0.0364
v -23.7500 -17.5000 0.0189
v -22.5000 -17.5000 0.0071
v -21.2500 -17.5000 0.0126
v -20.0000 -17.5000 0.0302
v -18.7500 -17.5000 0.0427
v -17.5000 -17.5000 0.0379
v -16.2500 -17.5000 0.0208
v -15.0000 -17.5000 0.0081
v -13.7500 -17.5000 0.0124
v -12.5000 -17.5000 0.0294
v -11.2500 -17.5000 0.0423
v -10.0000 -17.5000 0.0383
v -8.7500 -17.5000 0.0212
v -7.5000 -17.5000 0.0076
v -6.2500 -17.5000 0.0109
v -5.0000 -17.5000 0.0277
v -3.7500 -17.5000 0.0414
v -2.5000 -17.5000 0.0387
v -1.2500 -17.5000 0.0222
v 0.0000 -17.5000 0.0083
v 1.2500 -17.5000 0.0108
v 2.5000 -17.5000 0.0274
v 3.7500 -17.5000 0.0419
v 5.0000 -17.5000 0.0401
v 6.2500 -17.5000 0.0238
v 7.5000 -17.5000 0.0091
v 8.7500 -17.5000 0.0102
v 10.0000 -17.5000 0.0261
v 11.2500 -17.5000 0.0409
v 12.5000 -17.5000 0.0399
v 13.7500 -17.5000 0.0241
v 15.0000 -17.5000 0.0088
v 16.2500 -17.5000 0.0111
v 17.5000 -17.5000 0.0911
v 18.7500 -17.5000 0.2370
v 20.0000 -17.5000 0.4007
v 21.2500 -17.5000 0.5489
v 22.5000 -17.5000 0.6636
v 23.7500 -17.5000 0.7273
v 25.0000 -17.5000 0.7444
v -25.0000 -16.2500 0.0304
v -23.7500 -16.2500 0.0173
v -22.5000 -16.2500 0.0199
v -21.2500 -16.2500 0.0335
v -20.0000 -16.2500 0.0415
v -18.7500 -16.2500 0.0325
v -17.5000 -16.2500 0.0119
v -16.2500 -16.2500 -0.0029
v -15.0000 -16.2500 0.0009
v -13.7500 -16.2500 0.0191
v -12.5000 -16.2500 0.0347
v -11.2500 -16.2500 0.0345
v -10.0000 -16.2500 0.0218
v -8.7500 -16.2500 0.0126
v -7.5000 -16.2500 0.0195
v -6.2500 -16.2500 0.0386
v -5.0000 -16.2500 0.0530
v -3.7500 -16.2500 0.0493
v -2.5000 -16.2500 0.0302
v -1.2500 -16.2500 0.0126
v 0.0000 -16.2500 0.0107
v 1.2500 -16.2500 0.0229
v 2.5000 -16.2500 0.0336
v 3.7500 -16.2500 0.0294
v 5.0000 -16.2500 0.0123
v 6.2500 -16.2500 -0.0017
v 7.5000 -16.2500 0.0019
v 8.7500 -16.2500 0.0214
v 10.0000 -16.2500 0.0405
v 11.2500 -16.2500 0.0440
v 12.5000 -16.2500 0.0320
v 13.7500 -16.2500 0.0193
v 15.0000 -16.2500 0.0206
v 16.2500 -16.2500 0.0377
v 17.5000 -16.2500 0.1154
v 18.7500 -16.2500 0.2426
v 20.0000 -16.2500 0.3865
v 21.2500 -16.2500 0.5297
v 22.5000 -16.2500 0.6554
v 23.7500 -16.2500 0.7320
v 25.0000 -16.2500 0.7488
v -25.0000 -15.0000 0.0288
v -23.7500 -15.0000 0.0318
v -22.5000 -15.0000 0.0439
v -21.2500 -15.0000 0.0489
v -20.0000 -15.0000 0.0358
v -18.7500 -15.0000 0.0106
v -17.5000 -15.0000 -0.0086
v -16.2500 -15.0000 -0.0084
v -15.0000 -15.0000 0.0077
v -13.7500 -15.0000 0.0228
v -12.5000 -15.0000 0.0239
v -11.2500 -15.0000 0.0141
v -10.0000 -15.0000 0.0089
v -8.7500 -15.0000 0.0203
v -7.5000 -15.0000 0.0438
v -6.2500 -15.0000 0.0619
v -5.0000 -15.0000 0.0605
v -3.7500 -15.0000 0.0421
v -2.5000 -15.0000 0.0234
v -1.2500 -15.0000 0.0188
v 0.0000 -15.0000 0.0271
v 1.2500 -15.0000 0.0333
v 2.5000 -15.0000 0.0246
v 3.7500 -15.0000 0.0037
v 5.0000 -15.0000 -0.0128
v 6.2500 -15.0000 -0.0100
v 7.5000 -15.0000 0.0104
v 8.7500 -15.0000 0.0321
v 10.0000 -15.0000 0.0393
v 11.2500 -15.0000 0.0318
v 12.5000 -15.0000 0.0236
v 13.7500 -15.0000 0.0289
v 15.0000 -15.0000 0.0465
v 16.2500 -15.0000 0.0630
v 17.5000 -15.0000 0.1235
v 18.7500 -15.0000 0.2320
v 20.0000 -15.0000 0.3716
v 21.2500 -15.0000 0.5258
v 22.5000 -15.0000 0.6638
v 23.7500 -15.0000 0.7389
v 25.0000 -15.0000 0.7398
v -25.0000 -13.7500 0.0421
v -23.7500 -13.7500 0.0561
v -22.5000 -13.7500 0.0613
v -21.2500 -13.7500 0.0464
v -20.0000 -13.7500 0.0179
v -18.7500 -13.7500 -0.0057
v -17.5000 -13.7500 -0.0103
v -16.2500 -13.7500 0.0012
v -15.0000 -13.7500 0.0128
v -13.7500 -13.7500 0.0118
v -12.5000 -13.7500 0.0016
v -11.2500 -13.7500 -0.0020
v -10.0000 -13.7500 0.0125
v -8.7500 -13.7500 0.0404
v -7.5000 -13.7500 0.0633
v -6.2500 -13.7500 0.0665
v -5.0000 -13.7500 0.0518
v -3.7500 -13.7500 0.0354
v -2.5000 -13.7500 0.0313
v -1.2500 -13.7500 0.0382
v 0.0000 -13.7500 0.0415
v 1.2500 -13.7500 0.0285
v 2.5000 -13.7500 0.0028
v 3.7500 -13.7500 -0.0183
v 5.0000 -13.7500 -0.0194
v 6.2500 -13.7500 -0.0014
v 7.5000 -13.7500 0.0195
v 8.7500 -13.7500 0.0280
v 10.0000 -13.7500 0.0233
v 11.2500 -13.7500 0.0192
v 12.5000 -13.7500 0.0292
v 13.7500 -13.7500 0.0515
v 15.0000 -13.7500 0.0699
v 16.2500 -13.7500 0.0707
v 17.5000 -13.7500 0.1143
v 18.7500 -13.7500 0.2199
v 20.0000 -13.7500 0.3714
v 21.2500 -13.7500 0.5384
v 22.5000 -13.7500 0.6747
v 23.7500 -13.7500 0.7332
v 25.0000 -13.7500 0.7173
v -25.0000 -12.5000 0.0640
v -23.7500 -12.5000 0.0725
v -22.5000 -12.5000 0.0593
v -21.2500 -12.5000 0.0305
v -20.0000 -12.5000 0.0048
v -18.7500 -12.5000 -0.0034
v -17.5000 -12.5000 0.0034
v -16.2500 -12.5000 0.0099
v -15.0000 -12.5000 0.0043
v -13.7500 -12.5000 -0.0093
v -12.5000 -12.5000 -0.0148
v -11.2500 -12.5000 -0.0002
v -10.0000 -12.5000 0.0295
v -8.7500 -12.5000 0.0560
v -7.5000 -12.5000 0.0638
v -6.2500 -12.5000 0.0542
v -5.0000 -12.5000 0.0424
v -3.7500 -12.5000 0.0419
v -2.5000 -12.5000 0.0509
v -1.2500 -12.5000 0.0543
v 0.0000 -12.5000 0.0396
v 1.2500 -12.5000 0.0106
v 2.5000 -12.5000 -0.0151
v 3.7500 -12.5000 -0.0212
v 5.0000 -12.5000 -0.0080
v 6.2500 -12.5000 0.0092
v 7.5000 -12.5000 0.0154
v 8.7500 -12.5000 0.0103
v 10.0000 -12.5000 0.0078
v 11.2500 -12.5000 0.0210
v 12.5000 -12.5000 0.0478
v 13.7500 -12.5000 0.0712
v 15.0000 -12.5000 0.0747
v 16.2500 -12.5000 0.0599
v 17.5000 -12.5000 0.1020
v 18.7500 -12.5000 0.2212
v 20.0000 -12.5000 0.3868
v 21.2500 -12.5000 0.5530
v 22.5000 -12.5000 0.6731
v 23.7500 -12.5000 0.7145
v 25.0000 -12.5000 0.6965
v -25.0000 -11.2500 0.0771
v -23.7500 -11.2500 0.0683
v -22.5000 -11.2500 0.0425
v -21.2500 -11.2500 0.0181
v -20.0000 -11.2500 0.0091
v -18.7500 -11.2500 0.0134
v -17.5000 -11.2500 0.0159
v -16.2500 -11.2500 0.0053
v -15.0000 -11.2500 -0.0134
v -13.7500 -11.2500 -0.0234
v -12.5000 -11.2500 -0.0120
v -11.2500 -11.2500 0.0163
v -10.0000 -11.2500 0.0433
v -8.7500 -11.2500 0.0535
v -7.5000 -11.2500 0.0478
v -6.2500 -11.2500 0.0408
v -5.0000 -11.2500 0.0455
v -3.7500 -11.2500 0.0590
v -2.5000 -11.2500 0.0658
v -1.2500 -11.2500 0.0528
v 0.0000 -11.2500 0.0234
v 1.2500 -11.2500 -0.0044
v 2.5000 -11.2500 -0.0143
v 3.7500 -11.2500 -0.0059
v 5.0000 -11.2500 0.0062
v 6.2500 -11.2500 0.0077
v 7.5000 -11.2500 -0.0009
v 8.7500 -11.2500 -0.0052
v 10.0000 -11.2500 0.0081
v 11.2500 -11.2500 0.0368
v 12.5000 -11.2500 0.0638
v 13.7500 -11.2500 0.0721
v 15.0000 -11.2500 0.0603
v 16.2500 -11.2500 0.0448
v 17.5000 -11.2500 0.1018
v 18.7500 -11.2500 0.2365
v 20.0000 -11.2500 0.4028
v 21.2500 -11.2500 0.5541
v 22.5000 -11.2500 0.6579
v 23.7500 -11.2500 0.6976
v 25.0000 -11.2500 0.6939
v -25.0000 -10.0000 0.0691
v -23.7500 -10.0000 0.0482
v -22.5000 -10.0000 0.0278
v -21.2500 -10.0000 0.0215
v -20.0000 -10.0000 0.0265
v -18.7500 -10.0000 0.0278
v -17.5000 -10.0000 0.0144
v -16.2500 -10.0000 -0.0086
v -15.0000 -10.0000 -0.0236
v -13.7500 -10.0000 -0.0172
v -12.5000 -10.0000 0.0069
v -11.2500 -10.0000 0.0311
v -10.0000 -10.0000 0.0403
v -8.7500 -10.0000 0.0356
v -7.5000 -10.0000 0.0314
v -6.2500 -10.0000 0.0402
v -5.0000 -10.0000 0.0587
v -3.7500 -10.0000 0.0705
v -2.5000 -10.0000 0.0618
v -1.2500 -10.0000 0.0354
v 0.0000 -10.0000 0.0088
v 1.2500 -10.0000 -0.0019
v 2.5000 -10.0000 0.0039
v 3.7500 -10.0000 0.0120
v 5.0000 -10.0000 0.0086
v 6.2500 -10.0000 -0.0051
v 7.5000 -10.0000 -0.0138
v 8.7500 -10.0000 -0.0037
v 10.0000 -10.0000 0.0237
v 11.2500 -10.0000 0.0512
v 12.5000 -10.0000 0.0619
v 13.7500 -10.0000 0.0540
v 15.0000 -10.0000 0.0414
v 16.2500 -10.0000 0.0410
v 17.5000 -10.0000 0.1143
v 18.7500 -10.0000 0.2510
v 20.0000 -10.0000 0.4039
v 21.2500 -10.0000 0.5403
v 22.5000 -10.0000 0.6437
v 23.7500 -10.0000 0.6986
v 25.0000 -10.0000 0.7114
v -25.0000 -8.7500 0.0451
v -23.7500 -8.7500 0.0296
v -22.5000 -8.7500 0.0279
v -21.2500 -8.7500 0.0366
v -20.0000 -8.7500 0.0401
v -18.7500 -8.7500 0.0270
v -17.5000 -8.7500 0.0025
v -16.2500 -8.7500 -0.0156
v -15.0000 -8.7500 -0.0135
v -13.7500 -8.7500 0.0057
v -12.5000 -8.7500 0.0252
v -11.2500 -8.7500 0.0306
v -10.0000 -8.7500 0.0234
v -8.7500 -8.7500 0.0187
v -7.5000 -8.7500 0.0288
v -6.2500 -8.7500 0.0503
v -5.0000 -8.7500 0.0664
v -3.7500 -8.7500 0.0625
v -2.5000 -8.7500 0.0409
v -1.2500 -8.7500 0.0182
v 0.0000 -8.7500 0.0101
v 1.2500 -8.7500 0.0166
v 2.5000 -8.7500 0.0236
v 3.7500 -8.7500 0.0174
v 5.0000 -8.7500 -0.0004
v 6.2500 -8.7500 -0.0140
v 7.5000 -8.7500 -0.0087
v 8.7500 -8.7500 0.0146
v 10.0000 -8.7500 0.0395
v 11.2500 -8.7500 0.0492
v 12.5000 -8.7500 0.0422
v 13.7500 -8.7500 0.0322
v 15.0000 -8.7500 0.0338
v 16.2500 -8.7500 0.0496
v 17.5000 -8.7500 0.1252
v 18.7500 -8.7500 0.2493
v 20.0000 -8.7500 0.3886
v 21.2500 -8.7500 0.5262
v 22.5000 -8.7500 0.6462
v 23.7500 -8.7500 0.7189
v 25.0000 -8.7500 0.7346
v -25.0000 -7.5000 0.0229
v -23.7500 -7.5000 0.0256
v -22.5000 -7.5000 0.0389
v -21.2500 -7.5000 0.0468
v -20.0000 -7.5000 0.0371
v -18.7500 -7.5000 0.0144
v -17.5000 -7.5000 -0.0037
v -16.2500 -7.5000 -0.0032
v -15.0000 -7.5000 0.0128
v -13.7500 -7.5000 0.0280
v -12.5000 -7.5000 0.0287
v -11.2500 -7.5000 0.0172
v -10.0000 -7.5000 0.0090
v -8.7500 -7.5000 0.0171
v -7.5000 -7.5000 0.0383
v -6.2500 -7.5000 0.0558
v -5.0000 -7.5000 0.0550
v -3.7500 -7.5000 0.0375
v -2.5000 -7.5000 0.0195
v -1.2500 -7.5000 0.0159
v 0.0000 -7.5000 0.0260
v 1.2500 -7.5000 0.0352
v 2.5000 -7.5000 0.0295
v 3.7500 -7.5000 0.0104
v 5.0000 -7.5000 -0.0061
v 6.2500 -7.5000 -0.0048
v 7.5000 -7.5000 0.0138
v 8.7500 -7.5000 0.0341
v 10.0000 -7.5000 0.0401
v 11.2500 -7.5000 0.0307
v 12.5000 -7.5000 0.0201
v 13.7500 -7.5000 0.0228
v 15.0000 -7.5000 0.0393
v 16.2500 -7.5000 0.0566
v 17.5000 -7.5000 0.1193
v 18.7500 -7.5000 0.2303
v 20.0000 -7.5000 0.3716
v 21.2500 -7.5000 0.5272
v 22.5000 -7.5000 0.6667
v 23.7500 -7.5000 0.7437
v 25.0000 -7.5000 0.7464
v -25.0000 -6.2500 0.0161
v -23.7500 -6.2500 0.0327
v -22.5000 -6.2500 0.0448
v -21.2500 -6.2500 0.0396
v -20.0000 -6.2500 0.0210
v -18.7500 -6.2500 0.0061
v -17.5000 -6.2500 0.0082
v -16.2500 -6.2500 0.0243
v -15.0000 -6.2500 0.0378
v -13.7500 -6.2500 0.0353
v -12.5000 -6.2500 0.0197
v -11.2500 -6.2500 0.0070
v -10.0000 -6.2500 0.0108
v -8.7500 -6.2500 0.0288
v -7.5000 -6.2500 0.0444
v -6.2500 -6.2500 0.0434
v -5.0000 -6.2500 0.0275
v -3.7500 -6.2500 0.0125
v -2.5000 -6.2500 0.0129
v -1.2500 -6.2500 0.0276
v 0.0000 -6.2500 0.0410
v 1.2500 -6.2500 0.0387
v 2.5000 -6.2500 0.0216
v 3.7500 -6.2500 0.0055
v 5.0000 -6.2500 0.0054
v 6.2500 -6.2500 0.0212
v 7.5000 -6.2500 0.0375
v 8.7500 -6.2500 0.0391
v 10.0000 -6.2500 0.0254
v 11.2500 -6.2500 0.0112
v 12.5000 -6.2500 0.0117
v 13.7500 -6.2500 0.0276
v 15.0000 -6.2500 0.0440
v 16.2500 -6.2500 0.0472
v 17.5000 -6.2500 0.0961
v 18.7500 -6.2500 0.2089
v 20.0000 -6.2500 0.3689
v 21.2500 -6.2500 0.5449
v 22.5000 -6.2500 0.6903
v 23.7500 -6.2500 0.7560
v 25.0000 -6.2500 0.7436
v -25.0000 -5.0000 0.0215
v -23.7500 -5.0000 0.0354
v -22.5000 -5.0000 0.0334
v -21.2500 -5.0000 0.0191
v -20.0000 -5.0000 0.0086
v -18.7500 -5.0000 0.0148
v -17.5000 -5.0000 0.0339
v -16.2500 -5.0000 0.0491
v -15.0000 -5.0000 0.0467
v -13.7500 -5.0000 0.0293
v -12.5000 -5.0000 0.0135
v -11.2500 -5.0000 0.0133
v -10.0000 -5.0000 0.0268
v -8.7500 -5.0000 0.0383
v -7.5000 -5.0000 0.0341
v -6.2500 -5.0000 0.0163
v -5.0000 -5.0000 0.0011
v -3.7500 -5.0000 0.0030
v -2.5000 -5.0000 0.0207
v -1.2500 -5.0000 0.0381
v 0.0000 -5.0000 0.0402
v 1.2500 -5.0000 0.0274
v 2.5000 -5.0000 0.0146
v 3.7500 -5.0000 0.0165
v 5.0000 -5.0000 0.0327
v 6.2500 -5.0000 0.0477
v 7.5000 -5.0000 0.0463
v 8.7500 -5.0000 0.0287
v 10.0000 -5.0000 0.0101
v 11.2500 -5.0000 0.0064
v 12.5000 -5.0000 0.0188
v 13.7500 -5.0000 0.0330
v 15.0000 -5.0000 0.0336
v 16.2500 -5.0000 0.0214
v 17.5000 -5.0000 0.0710
v 18.7500 -5.0000 0.2018
v 20.0000 -5.0000 0.3823
v 21.2500 -5.0000 0.5649
v 22.5000 -5.0000 0.7001
v 23.7500 -5.0000 0.7523
v 25.0000 -5.0000 0.7386
v -25.0000 -3.7500 0.0238
v -23.7500 -3.7500 0.0220
v -22.5000 -3.7500 0.0095
v -21.2500 -3.7500 0.0024
v -20.0000 -3.7500 0.0129
v -18.7500 -3.7500 0.0365
v -17.5000 -3.7500 0.0559
v -16.2500 -3.7500 0.0566
v -15.0000 -3.7500 0.0409
v -13.7500 -3.7500 0.0250
v -12.5000 -3.7500 0.0231
v -11.2500 -3.7500 0.0334
v -10.0000 -3.7500 0.0407
v -8.7500 -3.7500 0.0319
v -7.5000 -3.7500 0.0099
v -6.2500 -3.7500 -0.0085
v -5.0000 -3.7500 -0.0085
v -3.7500 -3.7500 0.0090
v -2.5000 -3.7500 0.0280
v -1.2500 -3.7500 0.0332
v 0.0000 -3.7500 0.0245
v 1.2500 -3.7500 0.0162
v 2.5000 -3.7500 0.0225
v 3.7500 -3.7500 0.0420
v 5.0000 -3.7500 0.0590
v 6.2500 -3.7500 0.0581
v 7.5000 -3.7500 0.0390
v 8.7500 -3.7500 0.0175
v 10.0000 -3.7500 0.0098
v 11.2500 -3.7500 0.0177
v 12.5000 -3.7500 0.0275
v 13.7500 -3.7500 0.0245
v 15.0000 -3.7500 0.0081
v 16.2500 -3.7500 -0.0051
v 17.5000 -3.7500 0.0610
v 18.7500 -3.7500 0.2112
v 20.0000 -3.7500 0.3978
v 21.2500 -3.7500 0.5705
v 22.5000 -3.7500 0.6930
v 23.7500 -3.7500 0.7453
v 25.0000 -3.7500 0.7466
v -25.0000 -2.5000 0.0112
v -23.7500 -2.5000 -0.0027
v -22.5000 -2.5000 -0.0095
v -21.2500 -2.5000 0.0031
v -20.0000 -2.5000 0.0304
v -18.7500 -2.5000 0.0542
v -17.5000 -2.5000 0.0597
v -16.2500 -2.5000 0.0483
v -15.0000 -2.5000 0.0356
v -13.7500 -2.5000 0.0353
v -12.5000 -2.5000 0.0454
v -11.2500 -2.5000 0.0507
v -10.0000 -2.5000 0.0385
v -8.7500 -2.5000 0.0121
v -7.5000 -2.5000 -0.0112
v -6.2500 -2.5000 -0.0155
v -5.0000 -2.5000 -0.0013
v -3.7500 -2.5000 0.0159
v -2.5000 -2.5000 0.0211
v -1.2500 -2.5000 0.0142
v 0.0000 -2.5000 0.0092
v 1.2500 -2.5000 0.0198
v 2.5000 -2.5000 0.0441
v 3.7500 -2.5000 0.0656
v 5.0000 -2.5000 0.0681
v 6.2500 -2.5000 0.0510
v 7.5000 -2.5000 0.0297
v 8.7500 -2.5000 0.0204
v 10.0000 -2.5000 0.0251
v 11.2500 -2.5000 0.0307
v 12.5000 -2.5000 0.0229
v 13.7500 -2.5000 0.0020
v 15.0000 -2.5000 -0.0169
v 16.2500 -2.5000 -0.0153
v 17.5000 -2.5000 0.0687
v 18.7500 -2.5000 0.2237
v 20.0000 -2.5000 0.3994
v 21.2500 -2.5000 0.5591
v 22.5000 -2.5000 0.6820
v 23.7500 -2.5000 0.7502
v 25.0000 -2.5000 0.7691
v -25.0000 -1.2500 -0.0115
v -23.7500 -1.2500 -0.0211
v -22.5000 -1.2500 -0.0097
v -21.2500 -1.2500 0.0182
v -20.0000 -1.2500 0.0446
v -18.7500 -1.2500 0.0540
v -17.5000 -1.2500 0.0474
v -16.2500 -1.2500 0.0396
v -15.0000 -1.2500 0.0436
v -13.7500 -1.2500 0.0568
v -12.5000 -1.2500 0.0636
v -11.2500 -1.2500 0.0508
v -10.0000 -1.2500 0.0221
v -8.7500 -1.2500 -0.0050
v -7.5000 -1.2500 -0.0140
v -6.2500 -1.2500 -0.0048
v -5.0000 -1.2500 0.0080
v -3.7500 -1.2500 0.0099
v -2.5000 -1.2500 0.0014
v -1.2500 -1.2500 -0.0032
v 0.0000 -1.2500 0.0095
v 1.2500 -1.2500 0.0375
v 2.5000 -1.2500 0.0636
v 3.7500 -1.2500 0.0711
v 5.0000 -1.2500 0.0585
v 6.2500 -1.2500 0.0406
v 7.5000 -1.2500 0.0331
v 8.7500 -1.2500 0.0377
v 10.0000 -1.2500 0.0413
v 11.2500 -1.2500 0.0300
v 12.5000 -1.2500 0.0045
v 13.7500 -1.2500 -0.0194
v 15.0000 -1.2500 -0.0244
v 16.2500 -1.2500 -0.0063
v 17.5000 -1.2500 0.0808
v 18.7500 -1.2500 0.2234
v 20.0000 -1.2500 0.3849
v 21.2500 -1.2500 0.5441
v 22.5000 -1.2500 0.6828
v 23.7500 -1.2500 0.7689
v 25.0000 -1.2500 0.7915
v -25.0000 0.0000 -0.0268
v -23.7500 0.0000 -0.0195
v -22.5000 0.0000 0.0058
v -21.2500 0.0000 0.0314
v -20.0000 0.0000 0.0419
v -18.7500 0.0000 0.0383
v -17.5000 0.0000 0.0348
v -16.2500 0.0000 0.0438
v -15.0000 0.0000 0.0620
v -13.7500 0.0000 0.0730
v -12.5000 0.0000 0.0631
v -11.2500 0.0000 0.0353
v -10.0000 0.0000 0.0073
v -8.7500 0.0000 -0.0045
v -7.5000 0.0000 0.0005
v -6.2500 0.0000 0.0083
v -5.0000 0.0000 0.0052
v -3.7500 0.0000 -0.0076
v -2.5000 0.0000 -0.0153
v -1.2500 0.0000 -0.0037
v 0.0000 0.0000 0.0250
v 1.2500 0.0000 0.0537
v 2.5000 0.0000 0.0653
v 3.7500 0.0000 0.0576
v 5.0000 0.0000 0.0448
v 6.2500 0.0000 0.0417
v 7.5000 0.0000 0.0495
v 8.7500 0.0000 0.0545
v 10.0000 0.0000 0.0427
v 11.2500 0.0000 0.0147
v 12.5000 0.0000 -0.0131
v 13.7500 0.0000 -0.0230
v 15.0000 0.0000 -0.0120
v 16.2500 0.0000 0.0082
v 17.5000 0.0000 0.0816
v 18.7500 0.0000 0.2085
v 20.0000 0.0000 0.3681
v 21.2500 0.0000 0.5419
v 22.5000 0.0000 0.6978
v 23.7500 0.0000 0.7875
v 25.0000 0.0000 0.7968
v -25.0000 1.2500 -0.0215
v -23.7500 1.2500 -0.0010
v -22.5000 1.2500 0.0208
v -21.2500 1.2500 0.0291
v -20.0000 1.2500 0.0251
v -18.7500 1.2500 0.0233
v -17.5000 1.2500 0.0357
v -16.2500 1.2500 0.0584
v -15.0000 1.2500 0.0744
v -13.7500 1.2500 0.0694
v -12.5000 1.2500 0.0455
v -11.2500 1.2500 0.0200
v -10.0000 1.2500 0.0087
v -8.7500 1.2500 0.0123
v -7.5000 1.2500 0.0169
v -6.2500 1.2500 0.0094
v -5.0000 1.2500 -0.0085
v -3.7500 1.2500 -0.0211
v -2.5000 1.2500 -0.0136
v -1.2500 1.2500 0.0125
v 0.0000 1.2500 0.0405
v 1.2500 1.2500 0.0532
v 2.5000 1.2500 0.0486
v 3.7500 1.2500 0.0401
v 5.0000 1.2500 0.0420
v 6.2500 1.2500 0.0548
v 7.5000 1.2500 0.0640
v 8.7500 1.2500 0.0550
v 10.0000 1.2500 0.0279
v 11.2500 1.2500 -0.0008
v 12.5000 1.2500 -0.0136
v 13.7500 1.2500 -0.0068
v 15.0000 1.2500 0.0064
v 16.2500 1.2500 0.0124
v 17.5000 1.2500 0.0691
v 18.7500 1.2500 0.1928
v 20.0000 1.2500 0.3654
v 21.2500 1.2500 0.5550
v 22.5000 1.2500 0.7133
v 23.7500 1.2500 0.7891
v 25.0000 1.2500 0.7815
v -25.0000 2.5000 0.0009
v -23.7500 2.5000 0.0178
v -22.5000 2.5000 0.0216
v -21.2500 2.5000 0.0142
v -20.0000 2.5000 0.0106
v -18.7500 2.5000 0.0231
v -17.5000 2.5000 0.0478
v -16.2500 2.5000 0.0674
v -15.0000 2.5000 0.0669
v -13.7500 2.5000 0.0480
v -12.5000 2.5000 0.0271
v -11.2500 2.5000 0.0193
v -10.0000 2.5000 0.0249
v -8.7500 2.5000 0.0296
v -7.5000 2.5000 0.0203
v -6.2500 2.5000 -0.0010
v -5.0000 2.5000 -0.0181
v -3.7500 2.5000 -0.0156
v -2.5000 2.5000 0.0059
v -1.2500 2.5000 0.0302
v 0.0000 2.5000 0.0408
v 1.2500 2.5000 0.0358
v 2.5000 2.5000 0.0289
v 3.7500 2.5000 0.0341
v 5.0000 2.5000 0.0513
v 6.2500 2.5000 0.0655
v 7.5000 2.5000 0.0612
v 8.7500 2.5000 0.0379
v 10.0000 2.5000 0.0115
v 11.2500 2.5000 -0.0007
v 12.5000 2.5000 0.0046
v 13.7500 2.5000 0.0147
v 15.0000 2.5000 0.0144
v 16.2500 2.5000 0.0038
v 17.5000 2.5000 0.0568
v 18.7500 2.5000 0.1925
v 20.0000 2.5000 0.3796
v 21.2500 2.5000 0.5701
v 22.5000 2.5000 0.7130
v 23.7500 2.5000 0.7707
v 25.0000 2.5000 0.7588
v -25.0000 3.7500 0.0234
v -23.7500 3.7500 0.0227
v -22.5000 3.7500 0.0106
v -21.2500 3.7500 0.0028
v -20.0000 3.7500 0.0122
v -18.7500 3.7500 0.0355
v -17.5000 3.7500 0.0555
v -16.2500 3.7500 0.0572
v -15.0000 3.7500 0.0419
v -13.7500 3.7500 0.0255
v -12.5000 3.7500 0.0225
v -11.2500 3.7500 0.0323
v -10.0000 3.7500 0.0402
v -8.7500 3.7500 0.0325
v -7.5000 3.7500 0.0110
v -6.2500 3.7500 -0.0081
v -5.0000 3.7500 -0.0090
v -3.7500 3.7500 0.0080
v -2.5000 3.7500 0.0275
v -1.2500 3.7500 0.0338
v 0.0000 3.7500 0.0255
v 1.2500 3.7500 0.0168
v 2.5000 3.7500 0.0220
v 3.7500 3.7500 0.0410
v 5.0000 3.7500 0.0585
v 6.2500 3.7500 0.0585
v 7.5000 3.7500 0.0401
v 8.7500 3.7500 0.0181
v 10.0000 3.7500 0.0093
v 11.2500 3.7500 0.0166
v 12.5000 3.7500 0.0269
v 13.7500 3.7500 0.0250
v 15.0000 3.7500 0.0091
v 16.2500 3.7500 -0.0045
v 17.5000 3.7500 0.0606
v 18.7500 3.7500 0.2102
v 20.0000 3.7500 0.3971
v 21.2500 3.7500 0.5708
v 22.5000 3.7500 0.6940
v 23.7500 3.7500 0.7460
v 25.0000 3.7500 0.7462
v -25.0000 5.0000 0.0314
v -23.7500 5.0000 0.0156
v -22.5000 5.0000 0.0034
v -21.2500 5.0000 0.0084
v -20.0000 5.0000 0.0277
v -18.7500 5.0000 0.0449
v -17.5000 5.0000 0.0454
v -16.2500 5.0000 0.0307
v -15.0000 5.0000 0.0164
v -13.7500 5.0000 0.0170
v -12.5000 5.0000 0.0312
v -11.2500 5.0000 0.0436
v -10.0000 5.0000 0.0399
v -8.7500 5.0000 0.0213
v -7.5000 5.0000 0.0037
v -6.2500 5.0000 0.0023
v -5.0000 5.0000 0.0173
v -3.7500 5.0000 0.0335
v -2.5000 5.0000 0.0354
v -1.2500 5.0000 0.0226
v 0.0000 5.0000 0.0098
v 1.2500 5.0000 0.0119
v 2.5000 5.0000 0.0293
v 3.7500 5.0000 0.0470
v 5.0000 5.0000 0.0489
v 6.2500 5.0000 0.0337
v 7.5000 5.0000 0.0159
v 8.7500 5.0000 0.0117
v 10.0000 5.0000 0.0232
v 11.2500 5.0000 0.0367
v 12.5000 5.0000 0.0365
v 13.7500 5.0000 0.0207
v 15.0000 5.0000 0.0033
v 16.2500 5.0000 0.0029
v 17.5000 5.0000 0.0825
v 18.7500 5.0000 0.2319
v 20.0000 5.0000 0.4014
v 21.2500 5.0000 0.5542
v 22.5000 5.0000 0.6701
v 23.7500 5.0000 0.7325
v 25.0000 5.0000 0.7485
v -25.0000 6.2500 0.0264
v -23.7500 6.2500 0.0119
v -22.5000 6.2500 0.0133
v -21.2500 6.2500 0.0283
v -20.0000 6.2500 0.0411
v -18.7500 6.2500 0.0378
v -17.5000 6.2500 0.0203
v -16.2500 6.2500 0.0049
v -15.0000 6.2500 0.0060
v -13.7500 6.2500 0.0224
v -12.5000 6.2500 0.0383
v -11.2500 6.2500 0.0388
v -10.0000 6.2500 0.0246
v -8.7500 6.2500 0.0109
v -7.5000 6.2500 0.0125
v -6.2500 6.2500 0.0288
v -5.0000 6.2500 0.0446
v -3.7500 6.2500 0.0445
v -2.5000 6.2500 0.0284
v -1.2500 6.2500 0.0113
v 0.0000 6.2500 0.0090
v 1.2500 6.2500 0.0224
v 2.5000 6.2500 0.0371
v 3.7500 6.2500 0.0375
v 5.0000 6.2500 0.0225
v 6.2500 6.2500 0.0066
v 7.5000 6.2500 0.0056
v 8.7500 6.2500 0.0212
v 10.0000 6.2500 0.0392
v 11.2500 6.2500 0.0430
v 12.5000 6.2500 0.0303
v 13.7500 6.2500 0.0147
v 15.0000 6.2500 0.0122
v 16.2500 6.2500 0.0278
v 17.5000 6.2500 0.1082
v 18.7500 6.2500 0.2406
v 20.0000 6.2500 0.3890
v 21.2500 6.2500 0.5337
v 22.5000 6.2500 0.6588
v 23.7500 6.2500 0.7352
v 25.0000 6.2500 0.7539
v -25.0000 7.5000 0.0236
v -23.7500 7.5000 0.0242
v -22.5000 7.5000 0.0369
v -21.2500 7.5000 0.0461
v -20.0000 7.5000 0.0384
v -18.7500 7.5000 0.0165
v -17.5000 7.5000 -0.0029
v -16.2500 7.5000 -0.0045
v -15.0000 7.5000 0.0107
v -13.7500 7.5000 0.0272
v -12.5000 7.5000 0.0299
v -11.2500 7.5000 0.0193
v -10.0000 7.5000 0.0099
v -8.7500 7.5000 0.0159
v -7.5000 7.5000 0.0362
v -6.2500 7.5000 0.0548
v -5.0000 7.5000 0.0561
v -3.7500 7.5000 0.0396
v -2.5000 7.5000 0.0205
v -1.2500 7.5000 0.0148
v 0.0000 7.5000 0.0240
v 1.2500 7.5000 0.0341
v 2.5000 7.5000 0.0305
v 3.7500 7.5000 0.0125
v 5.0000 7.5000 -0.0050
v 6.2500 7.5000 -0.0058
v 7.5000 7.5000 0.0117
v 8.7500 7.5000 0.0329
v 10.0000 7.5000 0.0410
v 11.2500 7.5000 0.0328
v 12.5000 7.5000 0.0213
v 13.7500 7.5000 0.0220
v 15.0000 7.5000 0.0372
v 16.2500 7.5000 0.0553
v 17.5000 7.5000 0.1201
v 18.7500 7.5000 0.2323
v 20.0000 7.5000 0.3729
v 21.2500 7.5000 0.5265
v 22.5000 7.5000 0.6646
v 23.7500 7.5000 0.7424
v 25.0000 7.5000 0.7471
v -25.0000 8.7500 0.0354
v -23.7500 8.7500 0.0490
v -22.5000 8.7500 0.0573
v -21.2500 8.7500 0.0471
v -20.0000 8.7500 0.0214
v -18.7500 8.7500 -0.0025
v -17.5000 8.7500 -0.0088
v -16.2500 8.7500 0.0024
v -15.0000 8.7500 0.0162
v -13.7500 8.7500 0.0178
v -12.5000 8.7500 0.0078
v -11.2500 8.7500 0.0008
v -10.0000 8.7500 0.0105
v -8.7500 8.7500 0.0354
v -7.5000 8.7500 0.0587
v -6.2500 8.7500 0.0640
v -5.0000 8.7500 0.0504
v -3.7500 8.7500 0.0326
v -2.5000 8.7500 0.0264
v -1.2500 8.7500 0.0334
v 0.0000 8.7500 0.0399
v 1.2500 8.7500 0.0318
v 2.5000 8.7500 0.0091
v 3.7500 8.7500 -0.0125
v 5.0000 8.7500 -0.0164
v 6.2500 8.7500 -0.0003
v 7.5000 8.7500 0.0212
v 8.7500 8.7500 0.0313
v 10.0000 8.7500 0.0266
v 11.2500 8.7500 0.0194
v 12.5000 8.7500 0.0248
v 13.7500 8.7500 0.0443
v 15.0000 8.7500 0.0635
v 16.2500 8.7500 0.0677
v 17.5000 8.7500 0.1139
v 18.7500 8.7500 0.2197
v 20.0000 8.7500 0.3699
v 21.2500 8.7500 0.5366
v 22.5000 8.7500 0.6756
v 23.7500 8.7500 0.7383
v 25.0000 8.7500 0.7249
v -25.0000 10.0000 0.0586
v -23.7500 10.0000 0.0694
v -22.5000 10.0000 0.0598
v -21.2500 10.0000 0.0329
v -20.0000 10.0000 0.0061
v -18.7500 10.0000 -0.0043
v -17.5000 10.0000 0.0021
v -16.2500 10.0000 0.0110
v -15.0000 10.0000 0.0086
v -13.7500 10.0000 -0.0040
v -12.5000 10.0000 -0.0119
v -11.2500 10.0000 -0.0012
v -10.0000 10.0000 0.0263
v -8.7500 10.0000 0.0537
v -7.5000 10.0000 0.0638
v -6.2500 10.0000 0.0551
v -5.0000 10.0000 0.0414
v -3.7500 10.0000 0.0380
v -2.5000 10.0000 0.0461
v -1.2500 10.0000 0.0519
v 0.0000 10.0000 0.0412
v 1.2500 10.0000 0.0146
v 2.5000 10.0000 -0.0118
v 3.7500 10.0000 -0.0205
v 5.0000 10.0000 -0.0087
v 6.2500 10.0000 0.0098
v 7.5000 10.0000 0.0186
v 8.7500 10.0000 0.0144
v 10.0000 10.0000 0.0097
v 11.2500 10.0000 0.0189
v 12.5000 10.0000 0.0431
v 13.7500 10.0000 0.0672
v 15.0000 10.0000 0.0736
v 16.2500 10.0000 0.0607
v 17.5000 10.0000 0.1021
v 18.7500 10.0000 0.2189
v 20.0000 10.0000 0.3835
v 21.2500 10.0000 0.5517
v 22.5000 10.0000 0.6757
v 23.7500 10.0000 0.7197
v 25.0000 10.0000 0.7009
v -25.0000 11.2500 0.0761
v -23.7500 11.2500 0.0703
v -22.5000 11.2500 0.0456
v -21.2500 11.2500 0.0192
v -20.0000 11.2500 0.0072
v -18.7500 11.2500 0.0103
v -17.5000 11.2500 0.0147
v -16.2500 11.2500 0.0072
v -15.0000 11.2500 -0.0103
v -13.7500 11.2500 -0.0221
v -12.5000 11.2500 -0.0138
v -11.2500 11.2500 0.0132
v -10.0000 11.2500 0.0419
v -8.7500 11.2500 0.0552
v -7.5000 11.2500 0.0509
v -6.2500 11.2500 0.0423
v -5.0000 11.2500 0.0438
v -3.7500 11.2500 0.0559
v -2.5000 11.2500 0.0643
v -1.2500 11.2500 0.0544
v 0.0000 11.2500 0.0266
v 1.2500 11.2500 -0.0028
v 2.5000 11.2500 -0.0158
v 3.7500 11.2500 -0.0090
v 5.0000 11.2500 0.0045
v 6.2500 11.2500 0.0092
v 7.5000 11.2500 0.0022
v 8.7500 11.2500 -0.0035
v 10.0000 11.2500 0.0067
v 11.2500 11.2500 0.0337
v 12.5000 11.2500 0.0620
v 13.7500 11.2500 0.0734
v 15.0000 11.2500 0.0634
v 16.2500 11.2500 0.0467
v 17.5000 11.2500 0.1006
v 18.7500 11.2500 0.2334
v 20.0000 11.2500 0.4009
v 21.2500 11.2500 0.5552
v 22.5000 11.2500 0.6610
v 23.7500 11.2500 0.6996
v 25.0000 11.2500 0.6929
v -25.0000 12.5000 0.0735
v -23.7500 12.5000 0.0535
v -22.5000 12.5000 0.0305
v -21.2500 12.5000 0.0203
v -20.0000 12.5000 0.0232
v -18.7500 12.5000 0.0256
v -17.5000 12.5000 0.0145
v -16.2500 12.5000 -0.0078
v -15.0000 12.5000 -0.0247
v -13.7500 12.5000 -0.0212
v -12.5000 12.5000 0.0022
v -11.2500 12.5000 0.0290
v -10.0000 12.5000 0.0422
v -8.7500 12.5000 0.0397
v -7.5000 12.5000 0.0346
v -6.2500 12.5000 0.0408
v -5.0000 12.5000 0.0580
v -3.7500 12.5000 0.0712
v -2.5000 12.5000 0.0651
v -1.2500 12.5000 0.0394
v 0.0000 12.5000 0.0104
v 1.2500 12.5000 -0.0043
v 2.5000 12.5000 -0.0009
v 3.7500 12.5000 0.0081
v 5.0000 12.5000 0.0076
v 6.2500 12.5000 -0.0042
v 7.5000 12.5000 -0.0138
v 8.7500 12.5000 -0.0060
v 10.0000 12.5000 0.0205
v 11.2500 12.5000 0.0502
v 12.5000 12.5000 0.0648
v 13.7500 12.5000 0.0593
v 15.0000 12.5000 0.0457
v 16.2500 12.5000 0.0421
v 17.5000 12.5000 0.1131
v 18.7500 12.5000 0.2502
v 20.0000 12.5000 0.4052
v 21.2500 12.5000 0.5427
v 22.5000 12.5000 0.6442
v 23.7500 12.5000 0.6954
v 25.0000 12.5000 0.7060
v -25.0000 13.7500 0.0527
v -23.7500 13.7500 0.0347
v -22.5000 13.7500 0.0288
v -21.2500 13.7500 0.0349
v -20.0000 13.7500 0.0386
v -18.7500 13.7500 0.0269
v -17.5000 13.7500 0.0022
v -16.2500 13.7500 -0.0187
v -15.0000 13.7500 -0.0199
v -13.7500 13.7500 -0.0015
v -12.5000 13.7500 0.0208
v -11.2500 13.7500 0.0308
v -10.0000 13.7500 0.0267
v -8.7500 13.7500 0.0220
v -7.5000 13.7500 0.0305
v -6.2500 13.7500 0.0514
v -5.0000 13.7500 0.0694
v -3.7500 13.7500 0.0683
v -2.5000 13.7500 0.0472
v -1.2500 13.7500 0.0215
v 0.0000 13.7500 0.0085
v 1.2500 13.7500 0.0118
v 2.5000 13.7500 0.0187
v 3.7500 13.7500 0.0146
v 5.0000 13.7500 -0.0018
v 6.2500 13.7500 -0.0165
v 7.5000 13.7500 -0.0133
v 8.7500 13.7500 0.0096
v 10.0000 13.7500 0.0375
v 11.2500 13.7500 0.0520
v 12.5000 13.7500 0.0484
v 13.7500 13.7500 0.0382
v 15.0000 13.7500 0.0372
v 16.2500 13.7500 0.0508
v 17.5000 13.7500 0.1267
v 18.7500 13.7500 0.2524
v 20.0000 13.7500 0.3921
v 21.2500 13.7500 0.5268
v 22.5000 13.7500 0.6423
v 23.7500 13.7500 0.7118
v 25.0000 13.7500 0.7279
v -25.0000 15.0000 0.0302
v -23.7500 15.0000 0.0290
v -22.5000 15.0000 0.0398
v -21.2500 15.0000 0.0475
v -20.0000 15.0000 0.0384
v -18.7500 15.0000 0.0147
v -17.5000 15.0000 -0.0070
v -16.2500 15.0000 -0.0109
v -15.0000 15.0000 0.0035
v -13.7500 15.0000 0.0211
v -12.5000 15.0000 0.0264
v -11.2500 15.0000 0.0182
v -10.0000 15.0000 0.0107
v -8.7500 15.0000 0.0179
v -7.5000 15.0000 0.0396
v -6.2500 15.0000 0.0600
v -5.0000 15.0000 0.0628
v -3.7500 15.0000 0.0463
v -2.5000 15.0000 0.0254
v -1.2500 15.0000 0.0167
v 0.0000 15.0000 0.0229
v 1.2500 15.0000 0.0312
v 2.5000 15.0000 0.0266
v 3.7500 15.0000 0.0079
v 5.0000 15.0000 -0.0105
v 6.2500 15.0000 -0.0119
v 7.5000 15.0000 0.0062
v 8.7500 15.0000 0.0297
v 10.0000 15.0000 0.0411
v 11.2500 15.0000 0.0359
v 12.5000 15.0000 0.0261
v 13.7500 15.0000 0.0272
v 15.0000 15.0000 0.0423
v 16.2500 15.0000 0.0604
v 17.5000 15.0000 0.1251
v 18.7500 15.0000 0.2362
v 20.0000 15.0000 0.3742
v 21.2500 15.0000 0.5243
v 22.5000 15.0000 0.6597
v 23.7500 15.0000 0.7362
v 25.0000 15.0000 0.7412
v -25.0000 16.2500 0.0212
v -23.7500 16.2500 0.0359
v -22.5000 16.2500 0.0481
v -21.2500 16.2500 0.0436
v -20.0000 16.2500 0.0235
v -18.7500 16.2500 0.0042
v -17.5000 16.2500 0.0010
v -16.2500 16.2500 0.0144
v -15.0000 16.2500 0.0294
v -13.7500 16.2500 0.0307
v -12.5000 16.2500 0.0180
v -11.2500 16.2500 0.0060
v -10.0000 16.2500 0.0095
v -8.7500 16.2500 0.0286
v -7.5000 16.2500 0.0481
v -6.2500 16.2500 0.0517
v -5.0000 16.2500 0.0377
v -3.7500 16.2500 0.0206
v -2.5000 16.2500 0.0164
v -1.2500 16.2500 0.0271
v 0.0000 16.2500 0.0393
v 1.2500 16.2500 0.0374
v 2.5000 16.2500 0.0198
v 3.7500 16.2500 0.0007
v 5.0000 16.2500 -0.0030
v 6.2500 16.2500 0.0114
v 7.5000 16.2500 0.0305
v 8.7500 16.2500 0.0374
v 10.0000 16.2500 0.0282
v 11.2500 16.2500 0.0155
v 12.5000 16.2500 0.0153
v 13.7500 16.2500 0.0309
v 15.0000 16.2500 0.0491
v 16.2500 16.2500 0.0550
v 17.5000 16.2500 0.1046
v 18.7500 16.2500 0.2142
v 20.0000 16.2500 0.3685
v 21.2500 16.2500 0.5397
v 22.5000 16.2500 0.6837
v 23.7500 16.2500 0.7507
v 25.0000 16.2500 0.7396
v -25.0000 17.5000 0.0256
v -23.7500 17.5000 0.0406
v -22.5000 17.5000 0.0399
v -21.2500 17.5000 0.0243
v -20.0000 17.5000 0.0093
v -18.7500 17.5000 0.0097
v -17.5000 17.5000 0.0253
v -16.2500 17.5000 0.0409
v -15.0000 17.5000 0.0412
v -13.7500 17.5000 0.0259
v -12.5000 17.5000 0.0101
v -11.2500 17.5000 0.0091
v -10.0000 17.5000 0.0239
v -8.7500 17.5000 0.0398
v -7.5000 17.5000 0.0409
v -6.2500 17.5000 0.0262
v -5.0000 17.5000 0.0099
v -3.7500 17.5000 0.0081
v -2.5000 17.5000 0.0226
v -1.2500 17.5000 0.0392
v 0.0000 17.5000 0.0417
v 1.2500 17.5000 0.0278
v 2.5000 17.5000 0.0113
v 3.7500 17.5000 0.0086
v 5.0000 17.5000 0.0223
v 6.2500 17.5000 0.0391
v 7.5000 17.5000 0.0424
v 8.7500 17.5000 0.0288
v 10.0000 17.5000 0.0117
v 11.2500 17.5000 0.0077
v 12.5000 17.5000 0.0206
v 13.7500 17.5000 0.0376
v 15.0000 17.5000 0.0419
v 16.2500 17.5000 0.0313
v 17.5000 17.5000 0.0785
v 18.7500 17.5000 0.2041
v 20.0000 17.5000 0.3798
v 21.2500 17.5000 0.5606
v 22.5000 17.5000 0.6964
v 23.7500 17.5000 0.7490
v 25.0000 17.5000 0.7336
v -25.0000 18.7500 0.0291
v -23.7500 18.7500 0.0296
v -22.5000 18.7500 0.0168
v -21.2500 18.7500 0.0056
v -20.0000 18.7500 0.0105
v -18.7500 18.7500 0.0304
v -17.5000 18.7500 0.0496
v -16.2500 18.7500 0.0521
v -15.0000 18.7500 0.0375
v -13.7500 18.7500 0.0206
v -12.5000 18.7500 0.0170
v -11.2500 18.7500 0.0280
v -10.0000 18.7500 0.0394
v -8.7500 18.7500 0.0362
v -7.5000 18.7500 0.0178
v -6.2500 18.7500 -0.0009
v -5.0000 18.7500 -0.0035
v -3.7500 18.7500 0.0119
v -2.5000 18.7500 0.0309
v -1.2500 18.7500 0.0371
v 0.0000 18.7500 0.0276
v 1.2500 18.7500 0.0155
v 2.5000 18.7500 0.0165
v 3.7500 18.7500 0.0329
v 5.0000 18.7500 0.0507
v 6.2500 18.7500 0.0532
v 7.5000 18.7500 0.0374
v 8.7500 18.7500 0.0167
v 10.0000 18.7500 0.0083
v 11.2500 18.7500 0.0168
v 12.5000 18.7500 0.0299
v 13.7500 18.7500 0.0315
v 15.0000 18.7500 0.0177
v 16.2500 18.7500 0.0031
v 17.5000 18.7500 0.0649
v 18.7500 18.7500 0.2111
v 20.0000 18.7500 0.3962
v 21.2500 18.7500 0.5694
v 22.5000 18.7500 0.6919
v 23.7500 18.7500 0.7417
v 25.0000 18.7500 0.7392
v -25.0000 20.0000 0.0181
v -23.7500 20.0000 0.0049
v -22.5000 20.0000 -0.0049
v -21.2500 20.0000 0.0028
v -20.0000 20.0000 0.0268
v -18.7500 20.0000 0.0506
v -17.5000 20.0000 0.0576
v -16.2500 20.0000 0.0466
v -15.0000 20.0000 0.0319
v -13.7500 20.0000 0.0290
v -12.5000 20.0000 0.0388
v -11.2500 20.0000 0.0475
v -10.0000 20.0000 0.0403
v -8.7500 20.0000 0.0173
v -7.5000 20.0000 -0.0058
v -6.2500 20.0000 -0.0122
v -5.0000 20.0000 0.0007
v -3.7500 20.0000 0.0189
v -2.5000 20.0000 0.0261
v -1.2500 20.0000 0.0192
v 0.0000 20.0000 0.0110
v 1.2500 20.0000 0.0165
v 2.5000 20.0000 0.0374
v 3.7500 20.0000 0.0591
v 5.0000 20.0000 0.0642
v 6.2500 20.0000 0.0494
v 7.5000 20.0000 0.0279
v 8.7500 20.0000 0.0170
v 10.0000 20.0000 0.0218
v 11.2500 20.0000 0.0304
v 12.5000 20.0000 0.0275
v 13.7500 20.0000 0.0097
v 15.0000 20.0000 -0.0098
v 16.2500 20.0000 -0.0115
v 17.5000 20.0000 0.0695
v 18.7500 20.0000 0.2239
v 20.0000 20.0000 0.4007
v 21.2500 20.0000 0.5606
v 22.5000 20.0000 0.6809
v 23.7500 20.0000 0.7448
v 25.0000 20.0000 0.7609
v -25.0000 21.2500 -0.0053
v -23.7500 21.2500 -0.0171
v -22.5000 21.2500 -0.0096
v -21.2500 21.2500 0.0160
v -20.0000 21.2500 0.0430
v -18.7500 21.2500 0.0543
v -17.5000 21.2500 0.0482
v -16.2500 21.2500 0.0381
v -15.0000 21.2500 0.0389
v -13.7500 21.2500 0.0509
v -12.5000 21.2500 0.0600
v -11.2500 21.2500 0.0514
v -10.0000 21.2500 0.0253
v -8.7500 21.2500 -0.0021
v -7.5000 21.2500 -0.0133
v -6.2500 21.2500 -0.0050
v -5.0000 21.2500 0.0094
v -3.7500 21.2500 0.0142
v -2.5000 21.2500 0.0067
v -1.2500 21.2500 -0.0003
v 0.0000 21.2500 0.0081
v 1.2500 21.2500 0.0332
v 2.5000 21.2500 0.0596
v 3.7500 21.2500 0.0695
v 5.0000 21.2500 0.0586
v 6.2500 21.2500 0.0396
v 7.5000 21.2500 0.0296
v 8.7500 21.2500 0.0333
v 10.0000 21.2500 0.0392
v 11.2500 21.2500 0.0322
v 12.5000 21.2500 0.0096
v 13.7500 21.2500 -0.0145
v 15.0000 21.2500 -0.0223
v 16.2500 21.2500 -0.0064
v 17.5000 21.2500 0.0810
v 18.7500 21.2500 0.2258
v 20.0000 21.2500 0.3882
v 21.2500 21.2500 0.5454
v 22.5000 21.2500 0.6799
v 23.7500 21.2500 0.7632
v 25.0000 21.2500 0.7862
v -25.0000 22.5000 -0.0248
v -23.7500 22.5000 -0.0207
v -22.5000 22.5000 0.0032
v -21.2500 22.5000 0.0302
v -20.0000 22.5000 0.0436
v -18.7500 22.5000 0.0411
v -17.5000 22.5000 0.0357
v -16.2500 22.5000 0.0414
v -15.0000 22.5000 0.0581
v -13.7500 22.5000 0.0708
v -12.5000 22.5000 0.0642
v -11.2500 22.5000 0.0382
v -10.0000 22.5000 0.0089
v -8.7500 22.5000 -0.0057
v -7.5000 22.5000 -0.0020
v -6.2500 22.5000 0.0074
v -5.0000 22.5000 0.0074
v -3.7500 22.5000 -0.0038
v -2.5000 22.5000 -0.0130
v -1.2500 22.5000 -0.0048
v 0.0000 22.5000 0.0219
v 1.2500 22.5000 0.0516
v 2.5000 22.5000 0.0660
v 3.7500 22.5000 0.0601
v 5.0000 22.5000 0.0459
v 6.2500 22.5000 0.0398
v 7.5000 22.5000 0.0458
v 8.7500 22.5000 0.0522
v 10.0000 22.5000 0.0438
v 11.2500 22.5000 0.0180
v 12.5000 22.5000 -0.0105
v 13.7500 22.5000 -0.0233
v 15.0000 22.5000 -0.0143
v 16.2500 22.5000 0.0068
v 17.5000 22.5000 0.0831
v 18.7500 22.5000 0.2119
v 20.0000 22.5000 0.3703
v 21.2500 22.5000 0.5408
v 22.5000 22.5000 0.6942
v 23.7500 22.5000 0.7846
v 25.0000 22.5000 0.7968
v -25.0000 23.7500 -0.0250
v -23.7500 23.7500 -0.0056
v -22.5000 23.7500 0.0184
v -21.2500 23.7500 0.0304
v -20.0000 23.7500 0.0284
v -18.7500 23.7500 0.0255
v -17.5000 23.7500 0.0353
v -16.2500 23.7500 0.0568
v -15.0000 23.7500 0.0746
v -13.7500 23.7500 0.0725
v -12.5000 23.7500 0.0498
v -11.2500 23.7500 0.0221
v -10.0000 23.7500 0.0071
v -8.7500 23.7500 0.0085
v -7.5000 23.7500 0.0140
v -6.2500 23.7500 0.0093
v -5.0000 23.7500 -0.0071
v -3.7500 23.7500 -0.0209
v -2.5000 23.7500 -0.0161
v -1.2500 23.7500 0.0088
v 0.0000 23.7500 0.0387
v 1.2500 23.7500 0.0551
v 2.5000 23.7500 0.0529
v 3.7500 23.7500 0.0435
v 5.0000 23.7500 0.0425
v 6.2500 23.7500 0.0532
v 7.5000 23.7500 0.0633
v 8.7500 23.7500 0.0568
v 10.0000 23.7500 0.0311
v 11.2500 23.7500 0.0006
v 12.5000 23.7500 -0.0157
v 13.7500 23.7500 -0.0114
v 15.0000 23.7500 0.0026
v 16.2500 23.7500 0.0118
v 17.5000 23.7500 0.0708
v 18.7500 23.7500 0.1942
v 20.0000 23.7500 0.3644
v 21.2500 23.7500 0.5525
v 22.5000 23.7500 0.7121
v 23.7500 23.7500 0.7913
v 25.0000 23.7500 0.7862
v -25.0000 25.0000 -0.0061
v -23.7500 25.0000 0.0129
v -22.5000 25.0000 0.0208
v -21.2500 25.0000 0.0162
v -20.0000 25.0000 0.0124
v -18.7500 25.0000 0.0232
v -17.5000 25.0000 0.0476
v -16.2500 25.0000 0.0696
v -15.0000 25.0000 0.0724
v -13.7500 25.0000 0.0547
v -12.5000 25.0000 0.0313
v -11.2500 25.0000 0.0191
v -10.0000 25.0000 0.0216
v -8.7500 25.0000 0.0263
v -7.5000 25.0000 0.0189
v -6.2500 25.0000 -0.0016
v -5.0000 25.0000 -0.0203
v -3.7500 25.0000 -0.0205
v -2.5000 25.0000 0.0000
v -1.2500 25.0000 0.0269
v 0.0000 25.0000 0.0420
v 1.2500 25.0000 0.0405
v 2.5000 25.0000 0.0335
v 3.7500 25.0000 0.0365
v 5.0000 25.0000 0.0521
v 6.2500 25.0000 0.0671
v 7.5000 25.0000 0.0651
v 8.7500 25.0000 0.0427
v 10.0000 25.0000 0.0137
v 11.2500 25.0000 -0.0031
v 12.5000 25.0000 -0.0011
v 13.7500 25.0000 0.0091
v 15.0000 25.0000 0.0114
v 16.2500 25.0000 0.0031
v 17.5000 25.0000 0.0560
v 18.7500 25.0000 0.1899
v 20.0000 25.0000 0.3762
v 21.2500 25.0000 0.5691
v 22.5000 25.0000 0.7163
v 23.7500 25.0000 0.7771
v 25.0000 25.0000 0.7651
vt 0.000000 0.000000
vt 0.100000 0.000000
vt 0.200000 0.000000
vt 0.300000 0.000000
vt 0.400000 0.000000
vt 0.500000 0.000000
vt 0.600000 0.000000
vt 0.700000 0.000000
vt 0.800000 0.000000
vt 0.900000 0.000000
vt 1.000000 0.000000
vt 1.100000 0.000000
vt 1.200000 0.000000
vt 1.300000 0.000000
vt 1.400000 0.000000
vt 1.500000 0.000000
vt 1.600000 0.000000
vt 1.700000 0.000000
vt 1.800000 0.000000
vt 1.900000 0.000000
vt 2.000000 0.000000
vt 2.100000 0.000000
vt 2.200000 0.000000
vt 2.300000 0.000000
vt 2.400000 0.000000
vt 2.500000 0.000000
vt 2.600000 0.000000
vt 2.700000 0.000000
vt 2.800000 0.000000
vt 2.900000 0.000000
vt 3.000000 0.000000
vt 3.100000 0.000000
vt 3.200000 0.000000
vt 3.300000 0.000000
vt 3.400000 0.000000
vt 3.500000 0.000000
vt 3.600000 0.000000
vt 3.700000 0.000000
vt 3.800000 0.000000
vt 3.900000 0.000000
vt 4.000000 0.000000
vt 0.000000 0.100000
vt 0.100000 0.100000
vt 0.200000 0.100000
vt 0.300000 0.100000
vt 0.400000 0.100000
vt 0.500000 0.100000
vt 0.600000 0.100000
vt 0.700000 0.100000
vt 0.800000 0.100000
vt 0.900000 0.100000
vt 1.000000 0.100000
vt 1.100000 0.100000
vt 1.200000 0.100000
vt 1.300000 0.100000
vt 1.400000 0.100000
vt 1.500000 0.100000
vt 1.600000 0.100000
vt 1.700000 0.100000
vt 1.800000 0.100000
vt 1.900000 0.100000
vt 2.000000 0.100000
vt 2.100000 0.100000
vt 2.200000 0.100000
vt 2.300000 0.100000
vt 2.400000 0.100000
vt 2.500000 0.100000
vt 2.600000 0.100000
vt 2.700000 0.100000
vt 2.800000 0.100000
vt 2.900000 0.100000
vt 3.000000 0.100000
vt 3.100000 0.100000
vt 3.200000 0.100000
vt 3.300000 0.100000
vt 3.400000 0.100000
vt 3.500000 0.100000
vt 3.600000 0.100000
vt 3.700000 0.100000
vt 3.800000 0.100000
vt 3.900000 0.100000
vt 4.000000 0.100000
vt 0.000000 0.200000
vt 0.100000 0.200000
vt 0.200000 0.200000
vt 0.300000 0.200000
vt 0.400000 0.200000
vt 0.500000 0.200000
vt 0.600000 0.200000
vt 0.700000 0.200000
vt 0.800000 0.200000
vt 0.900000 0.200000
vt 1.000000 0.200000
vt 1.100000 0.200000
vt 1.200000 0.200000
vt 1.300000 0.200000
vt 1.400000 0.200000
vt 1.500000 0.200000
vt 1.600000 0.200000
vt 1.700000 0.200000
vt 1.800000 0.200000
vt 1.900000 0.200000
vt 2.000000 0.200000
vt 2.100000 0.200000
vt 2.200000 0.200000
vt 2.300000 0.200000
vt 2.400000 0.200000
vt 2.500000 0.200000
vt 2.600000 0.200000
vt 2.700000 0.200000
vt 2.800000 0.200000
vt 2.900000 0.200000
vt 3.000000 0.200000
vt 3.100000 0.200000
vt 3.200000 0.200000
vt 3.300000 0.200000
vt 3.400000 0.200000
vt 3.500000 0.200000
vt 3.600000 0.200000
vt 3.700000 0.200000
vt 3.800000 0.200000
vt 3.900000 0.200000
vt 4.000000 0.200000
vt 0.000000 0.300000
vt 0.100000 0.300000
vt 0.200000 0.300000
vt 0.300000 0.300000
vt 0.400000 0.300000
vt 0.500000 0.300000
vt 0.600000 0.300000
vt 0.700000 0.300000
vt 0.800000 0.300000
vt 0.900000 0.300000
vt 1.000000 0.300000
vt 1.100000 0.300000
vt 1.200000 0.300000
vt 1.300000 0.300000
vt 1.400000 0.300000
vt 1.500000 0.300000
vt 1.600000 0.300000
vt 1.700000 0.300000
vt 1.800000 0.300000
vt 1.900000 0.300000
vt 2.000000 0.300000
vt 2.100000 0.300000
vt 2.200000 0.300000
vt 2.300000 0.300000
vt 2.400000 0.300000
vt 2.500000 0.300000
vt 2.600000 0.300000
vt 2.700000 0.300000
vt 2.800000 0.300000
vt 2.900000 0.300000
vt 3.000000 0.300000
vt 3.100000 0.300000
vt 3.200000 0.300000
vt 3.300000 0.300000
vt 3.400000 0.300000
vt 3.500000 0.300000
vt 3.600000 0.300000
vt 3.700000 0.300000
vt 3.800000 0.300000
vt 3.900000 0.300000
vt 4.000000 0.300000
vt 0.000000 0.400000
vt 0.100000 0.400000
vt 0.200000 0.400000
vt 0.300000 0.400000
vt 0.400000 0.400000
vt 0.500000 0.400000
vt 0.600000 0.400000
vt 0.700000 0.400000
vt 0.800000 0.400000
vt 0.900000 0.400000
vt 1.000000 0.400000
vt 1.100000 0.400000
vt 1.200000 0.400000
vt 1.300000 0.400000
vt 1.400000 0.400000
vt 1.500000 0.400000
vt 1.600000 0.400000
vt 1.700000 0.400000
vt 1.800000 0.400000
vt 1.900000 0.400000
vt 2.000000 0.400000
vt 2.100000 0.400000
vt 2.200000 0.400000
vt 2.300000 0.400000
vt 2.400000 0.400000
vt 2.500000 0.400000
vt 2.600000 0.400000
vt 2.700000 0.400000
vt 2.800000 0.400000
vt 2.900000 0.400000
vt 3.000000 0.400000
vt 3.100000 0.400000
vt 3.200000 0.400000
vt 3.300000 0.400000
vt 3.400000 0.400000
vt 3.500000 0.400000
vt 3.600000 0.400000
vt 3.700000 0.400000
vt 3.800000 0.400000
vt 3.900000 0.400000
vt 4.000000 0.400000
vt 0.000000 0.500000
vt 0.100000 0.500000
vt 0.200000 0.500000
vt 0.300000 0.500000
vt 0.400000 0.500000
vt 0.500000 0.500000
vt 0.600000 0.500000
vt 0.700000 0.500000
vt 0.800000 0.500000
vt 0.900000 0.500000
vt 1.000000 0.500000
vt 1.100000 0.500000
vt 1.200000 0.500000
vt 1.300000 0.500000
vt 1.400000 0.500000
vt 1.500000 0.500000
vt 1.600000 0.500000
vt 1.700000 0.500000
vt 1.800000 0.500000
vt 1.900000 0.500000
vt 2.000000 0.500000
vt 2.100000 0.500000
vt 2.200000 0.500000
vt 2.300000 0.500000
vt 2.400000 0.500000
vt 2.500000 0.500000
vt 2.600000 0.500000
vt 2.700000 0.500000
vt 2.800000 0.500000
vt 2.900000 0.500000
vt 3.000000 0.500000
vt 3.100000 0.500000
vt 3.200000 0.500000
vt 3.300000 0.500000
vt 3.400000 0.500000
vt 3.500000 0.500000
vt 3.600000 0.500000
vt 3.700000 0.500000
vt 3.800000 0.500000
vt 3.900000 0.500000
vt 4.000000 0.500000
vt 0.000000 0.600000
vt 0.100000 0.600000
vt 0.200000 0.600000
vt 0.300000 0.600000
vt 0.400000 0.600000
vt 0.500000 0.600000
vt 0.600000 0.600000
vt 0.700000 0.600000
vt 0.800000 0.600000
vt 0.900000 0.600000
vt 1.000000 0.600000
vt 1.100000 0.600000
vt 1.200000 0.600000
vt 1.300000 0.600000
vt 1.400000 0.600000
vt 1.500000 0.600000
vt 1.600000 0.600000
vt 1.700000 0.600000
vt 1.800000 0.600000
vt 1.900000 0.600000
vt 2.000000 0.600000
vt 2.100000 0.600000
vt 2.200000 0.600000
vt 2.300000 0.600000
vt 2.400000 0.600000
vt 2.500000 0.600000
vt 2.600000 0.600000
vt 2.700000 0.600000
vt 2.800000 0.600000
vt 2.900000 0.600000
vt 3.000000 0.600000
vt 3.100000 0.600000
vt 3.200000 0.600000
vt 3.300000 0.600000
vt 3.400000 0.600000
vt 3.500000 0.600000
vt 3.600000 0.600000
vt 3.700000 0.600000
vt 3.800000 0.600000
vt 3.900000 0.600000
vt 4.000000 0.600000
vt 0.000000 0.700000
vt 0.100000 0.700000
vt 0.200000 0.700000
vt 0.300000 0.700000
vt 0.400000 0.700000
vt 0.500000 0.700000
vt 0.600000 0.700000
vt 0.700000 0.700000
vt 0.800000 0.700000
vt 0.900000 0.700000
vt 1.000000 0.700000
vt 1.100000 0.700000
vt 1.200000 0.700000
vt 1.300000 0.700000
vt 1.400000 0.700000
vt 1.500000 0.700000
vt 1.600000 0.700000
vt 1.700000 0.700000
vt 1.800000 0.700000
vt 1.900000 0.700000
vt 2.000000 0.700000
vt 2.100000 0.700000
vt 2.200000 0.700000
vt 2.300000 0.700000
vt 2.400000 0.700000
vt 2.500000 0.700000
vt 2.600000 0.700000
vt 2.700000 0.700000
vt 2.800000 0.700000
vt 2.900000 0.700000
vt 3.000000 0.700000
vt 3.100000 0.700000
vt 3.200000 0.700000
vt 3.300000 0.700000
vt 3.400000 0.700000
vt 3.500000 0.700000
vt 3.600000 0.700000
vt 3.700000 0.700000
vt 3.800000 0.700000
vt 3.900000 0.700000
vt 4.000000 0.700000
vt 0.000000 0.800000
vt 0.100000 0.800000
vt 0.200000 0.800000
vt 0.300000 0.800000
vt 0.400000 0.800000
vt 0.500000 0.800000
vt 0.600000 0.800000
vt 0.700000 0.800000
vt 0.800000 0.800000
vt 0.900000 0.800000
vt 1.000000 0.800000
vt 1.100000 0.800000
vt 1.200000 0.800000
vt 1.300000 0.800000
vt 1.400000 0.800000
vt 1.500000 0.800000
vt 1.600000 0.800000
vt 1.700000 0.800000
vt 1.800000 0.800000
vt 1.900000 0.800000
vt 2.000000 0.800000
vt 2.100000 0.800000
vt 2.200000 0.800000
vt 2.300000 0.800000
vt 2.400000 0.800000
vt 2.500000 0.800000
vt 2.600000 0.800000
vt 2.700000 0.800000
vt 2.800000 0.800000
vt 2.900000 0.800000
vt 3.000000 0.800000
vt 3.100000 0.800000
vt 3.200000 0.800000
vt 3.300000 0.800000
vt 3.400000 0.800000
vt 3.500000 0.800000
vt 3.600000 0.800000
vt 3.700000 0.800000
vt 3.800000 0.800000
vt 3.900000 0.800000
vt 4.000000 0.800000
vt 0.000000 0.900000
vt 0.100000 0.900000
vt 0.200000 0.900000
vt 0.300000 0.900000
vt 0.400000 0.900000
vt 0.500000 0.900000
vt 0.600000 0.900000
vt 0.700000 0.900000
vt 0.800000 0.900000
vt 0.900000 0.900000
vt 1.000000 0.900000
vt 1.100000 0.900000
vt 1.200000 0.900000
vt 1.300000 0.900000
vt 1.400000 0.900000
vt 1.500000 0.900000
vt 1.600000 0.900000
vt 1.700000 0.900000
vt 1.800000 0.900000
vt 1.900000 0.900000
vt 2.000000 0.900000
vt 2.100000 0.900000
vt 2.200000 0.900000
vt 2.300000 0.900000
vt 2.400000 0.900000
vt 2.500000 0.900000
vt 2.600000 0.900000
vt 2.700000 0.900000
vt 2.800000 0.900000
vt 2.900000 0.900000
vt 3.000000 0.900000
vt 3.100000 0.900000
vt 3.200000 0.900000
vt 3.300000 0.900000
vt 3.400000 0.900000
vt 3.500000 0.900000
vt 3.600000 0.900000
vt 3.700000 0.900000
vt 3.800000 0.900000
vt 3.900000 0.900000
vt 4.000000 0.900000
vt 0.000000 1.000000
vt 0.100000 1.000000
vt 0.200000 1.000000
vt 0.300000 1.000000
vt 0.400000 1.000000
vt 0.500000 1.000000
vt 0.600000 1.000000
vt 0.700000 1.000000
vt 0.800000 1.000000
vt 0.900000 1.000000
vt 1.000000 1.000000
vt 1.100000 1.000000
vt 1.200000 1.000000
vt 1.300000 1.000000
vt 1.400000 1.000000
vt 1.500000 1.000000
vt 1.600000 1.000000
vt 1.700000 1.000000
vt 1.800000 1.000000
vt 1.900000 1.000000
vt 2.000000 1.000000
vt 2.100000 1.000000
vt 2.200000 1.000000
vt 2.300000 1.000000
vt 2.400000 1.000000
vt 2.500000 1.000000
vt 2.600000 1.000000
vt 2.700000 1.000000
vt 2.800000 1.000000
vt 2.900000 1.000000
vt 3.000000 1.000000
vt 3.100000 1.000000
vt 3.200000 1.000000
vt 3.300000 1.000000
vt 3.400000 1.000000
vt 3.500000 1.000000
vt 3.600000 1.000000
vt 3.700000 1.000000
vt 3.800000 1.000000
vt 3.900000 1.000000
vt 4.000000 1.000000
vt 0.000000 1.100000
vt 0.100000 1.100000
vt 0.200000 1.100000
vt 0.300000 1.100000
vt 0.400000 1.100000
vt 0.500000 1.100000
vt 0.600000 1.100000
vt 0.700000 1.100000
vt 0.800000 1.100000
vt 0.900000 1.100000
vt 1.000000 1.100000
vt 1.100000 1.100000
vt 1.200000 1.100000
vt 1.300000 1.100000
vt 1.400000 1.100000
vt 1.500000 1.100000
vt 1.600000 1.100000
vt 1.700000 1.100000
vt 1.800000 1.100000
vt 1.900000 1.100000
vt 2.000000 1.100000
vt 2.100000 1.100000
vt 2.200000 1.100000
vt 2.300000 1.100000
vt 2.400000 1.100000
vt 2.500000 1.100000
vt 2.600000 1.100000
vt 2.700000 1.100000
vt 2.800000 1.100000
vt 2.900000 1.100000
vt 3.000000 1.100000
vt 3.100000 1.100000
vt 3.200000 1.100000
vt 3.300000 1.100000
vt 3.400000 1.100000
vt 3.500000 1.100000
vt 3.600000 1.100000
vt 3.700000 1.100000
vt 3.800000 1.100000
vt 3.900000 1.100000
vt 4.000000 1.100000
vt 0.000000 1.200000
vt 0.100000 1.200000
vt 0.200000 1.200000
vt 0.300000 1.200000
vt 0.400000 1.200000
vt 0.500000 1.200000
vt 0.600000 1.200000
vt 0.700000 1.200000
vt 0.800000 1.200000
vt 0.900000 1.200000
vt 1.000000 1.200000
vt 1.100000 1.200000
vt 1.200000 1.200000
vt 1.300000 1.200000
vt 1.400000 1.200000
vt 1.500000 1.200000
vt 1.600000 1.200000
vt 1.700000 1.200000
vt 1.800000 1.200000
vt 1.900000 1.200000
vt 2.000000 1.200000
vt 2.100000 1.200000
vt 2.200000 1.200000
vt 2.300000 1.200000
vt 2.400000 1.200000
vt 2.500000 1.200000
vt 2.600000 1.200000
vt 2.700000 1.200000
vt 2.800000 1.200000
vt 2.900000 1.200000
vt 3.000000 1.200000
vt 3.100000 1.200000
vt 3.200000 1.200000
vt 3.300000 1.200000
vt 3.400000 1.200000
vt 3.500000 1.200000
vt 3.600000 1.200000
vt 3.700000 1.200000
vt 3.800000 1.200000
vt 3.900000 1.200000
vt 4.000000 1.200000
vt 0.000000 1.300000
vt 0.100000 1.300000
vt 0.200000 1.300000
vt 0.300000 1.300000
vt 0.400000 1.300000
vt 0.500000 1.300000
vt 0.600000 1.300000
vt 0.700000 1.300000
vt 0.800000 1.300000
vt 0.900000 1.300000
vt 1.000000 1.300000
vt 1.100000 1.300000
vt 1.200000 1.300000
vt 1.300000 1.300000
vt 1.400000 1.300000
vt 1.500000 1.300000
vt 1.600000 1.300000
vt 1.700000 1.300000
vt 1.800000 1.300000
vt 1.900000 1.300000
vt 2.000000 1.300000
vt 2.100000 1.300000
vt 2.200000 1.300000
vt 2.300000 1.300000
vt 2.400000 1.300000
vt 2.500000 1.300000
vt 2.600000 1.300000
vt 2.700000 1.300000
vt 2.800000 1.300000
vt 2.900000 1.300000
vt 3.000000 1.300000
vt 3.100000 1.300000
vt 3.200000 1.300000
vt 3.300000 1.300000
vt 3.400000 1.300000
vt 3.500000 1.300000
vt 3.600000 1.300000
vt 3.700000 1.300000
vt 3.800000 1.300000
vt 3.900000 1.300000
vt 4.000000 1.300000
vt 0.000000 1.400000
vt 0.100000 1.400000
vt 0.200000 1.400000
vt 0.300000 1.400000
vt 0.400000 1.400000
vt 0.500000 1.400000
vt 0.600000 1.400000
vt 0.700000 1.400000
vt 0.800000 1.400000
vt 0.900000 1.400000
vt 1.000000 1.400000
vt 1.100000 1.400000
vt 1.200000 1.400000
vt 1.300000 1.400000
vt 1.400000 1.400000
vt 1.500000 1.400000
vt 1.600000 1.400000
vt 1.700000 1.400000
vt 1.800000 1.400000
vt 1.900000 1.400000
vt 2.000000 1.400000
vt 2.100000 1.400000
vt 2.200000 1.400000
vt 2.300000 1.400000
vt 2.400000 1.400000
vt 2.500000 1.400000
vt 2.600000 1.400000
vt 2.700000 1.400000
vt 2.800000 1.400000
vt 2.900000 1.400000
vt 3.000000 1.400000
vt 3.100000 1.400000
vt 3.200000 1.400000
vt 3.300000 1.400000
vt 3.400000 1.400000
vt 3.500000 1.400000
vt 3.600000 1.400000
vt 3.700000 1.400000
vt 3.800000 1.400000
vt 3.900000 1.400000
vt 4.000000 1.400000
vt 0.000000 1.500000
vt 0.100000 1.500000
vt 0.200000 1.500000
vt 0.300000 1.500000
vt 0.400000 1.500000
vt 0.500000 1.500000
vt 0.600000 1.500000
vt 0.700000 1.500000
vt 0.800000 1.500000
vt 0.900000 1.500000
vt 1.000000 1.500000
vt 1.100000 1.500000
vt 1.200000 1.500000
vt 1.300000 1.500000
vt 1.400000 1.500000
vt 1.500000 1.500000
vt 1.600000 1.500000
vt 1.700000 1.500000
vt 1.800000 1.500000
vt 1.900000 1.500000
vt 2.000000 1.500000
vt 2.100000 1.500000
vt 2.200000 1.500000
vt 2.300000 1.500000
vt 2.400000 1.500000
vt 2.500000 1.500000
vt 2.600000 1.500000
vt 2.700000 1.500000
vt 2.800000 1.500000
vt 2.900000 1.500000
vt 3.000000 1.500000
vt 3.100000 1.500000
vt 3.200000 1.500000
vt 3.300000 1.500000
vt 3.400000 1.500000
vt 3.500000 1.500000
vt 3.600000 1.500000
vt 3.700000 1.500000
vt 3.800000 1.500000
vt 3.900000 1.500000
vt 4.000000 1.500000
vt 0.000000 1.600000
vt 0.100000 1.600000
vt 0.200000 1.600000
vt 0.300000 1.600000
vt 0.400000 1.600000
vt 0.500000 1.600000
vt 0.600000 1.600000
vt 0.700000 1.600000
vt 0.800000 1.600000
vt 0.900000 1.600000
vt 1.000000 1.600000
vt 1.100000 1.600000
vt 1.200000 1.600000
vt 1.300000 1.600000
vt 1.400000 1.600000
vt 1.500000 1.600000
vt 1.600000 1.600000
vt 1.700000 1.600000
vt 1.800000 1.600000
vt 1.900000 1.600000
vt 2.000000 1.600000
vt 2.100000 1.600000
vt 2.200000 1.600000
vt 2.300000 1.600000
vt 2.400000 1.600000
vt 2.500000 1.600000
vt 2.600000 1.600000
vt 2.700000 1.600000
vt 2.800000 1.600000
vt 2.900000 1.600000
vt 3.000000 1.600000
vt 3.100000 1.600000
vt 3.200000 1.600000
vt 3.300000 1.600000
vt 3.400000 1.600000
vt 3.500000 1.600000
vt 3.600000 1.600000
vt 3.700000 1.600000
vt 3.800000 1.600000
vt 3.900000 1.600000
vt 4.000000 1.600000
vt 0.000000 1.700000
vt 0.100000 1.700000
vt 0.200000 1.700000
vt 0.300000 1.700000
vt 0.400000 1.700000
vt 0.500000 1.700000
vt 0.600000 1.700000
vt 0.700000 1.700000
vt 0.800000 1.700000
vt 0.900000 1.700000
vt 1.000000 1.700000
vt 1.100000 1.700000
vt 1.200000 1.700000
vt 1.300000 1.700000
vt 1.400000 1.700000
vt 1.500000 1.700000
vt 1.600000 1.700000
vt 1.700000 1.700000
vt 1.800000 1.700000
vt 1.900000 1.700000
vt 2.000000 1.700000
vt 2.100000 1.700000
vt 2.200000 1.700000
vt 2.300000 1.700000
vt 2.400000 1.700000
vt 2.500000 1.700000
vt 2.600000 1.700000
vt 2.700000 1.700000
vt 2.800000 1.700000
vt 2.900000 1.700000
vt 3.000000 1.700000
vt 3.100000 1.700000
vt 3.200000 1.700000
vt 3.300000 1.700000
vt 3.400000 1.700000
vt 3.500000 1.700000
vt 3.600000 1.700000
vt 3.700000 1.700000
vt 3.800000 1.700000
vt 3.900000 1.700000
vt 4.000000 1.700000
vt 0.000000 1.800000
vt 0.100000 1.800000
vt 0.200000 1.800000
vt 0.300000 1.800000
vt 0.400000 1.800000
vt 0.500000 1.800000
vt 0.600000 1.800000
vt 0.700000 1.800000
vt 0.800000 1.800000
vt 0.900000 1.800000
vt 1.000000 1.800000
vt 1.100000 1.800000
vt 1.200000 1.800000
vt 1.300000 1.800000
vt 1.400000 1.800000
vt 1.500000 1.800000
vt 1.600000 1.800000
vt 1.700000 1.800000
vt 1.800000 1.800000
vt 1.900000 1.800000
vt 2.000000 1.800000
vt 2.100000 1.800000
vt 2.200000 1.800000
vt 2.300000 1.800000
vt 2.400000 1.800000
vt 2.500000 1.800000
vt 2.600000 1.800000
vt 2.700000 1.800000
vt 2.800000 1.800000
vt 2.900000 1.800000
vt 3.000000 1.800000
vt 3.100000 1.800000
vt 3.200000 1.800000
vt 3.300000 1.800000
vt 3.400000 1.800000
vt 3.500000 1.800000
vt 3.600000 1.800000
vt 3.700000 1.800000
vt 3.800000 1.800000
vt 3.900000 1.800000
vt 4.000000 1.800000
vt 0.000000 1.900000
vt 0.100000 1.900000
vt 0.200000 1.900000
vt 0.300000 1.900000
vt 0.400000 1.900000
vt 0.500000 1.900000
vt 0.600000 1.900000
vt 0.700000 1.900000
vt 0.800000 1.900000
vt 0.900000 1.900000
vt 1.000000 1.900000
vt 1.100000 1.900000
vt 1.200000 1.900000
vt 1.300000 1.900000
vt 1.400000 1.900000
vt 1.500000 1.900000
vt 1.600000 1.900000
vt 1.700000 1.900000
vt 1.800000 1.900000
vt 1.900000 1.900000
vt 2.000000 1.900000
vt 2.100000 1.900000
vt 2.200000 1.900000
vt 2.300000 1.900000
vt 2.400000 1.900000
vt 2.500000 1.900000
vt 2.600000 1.900000
vt 2.700000 1.900000
vt 2.800000 1.900000
vt 2.900000 1.900000
vt 3.000000 1.900000
vt 3.100000 1.900000
vt 3.200000 1.900000
vt 3.300000 1.900000
vt 3.400000 1.900000
vt 3.500000 1.900000
vt 3.600000 1.900000
vt 3.700000 1.900000
vt 3.800000 1.900000
vt 3.900000 1.900000
vt 4.000000 1.900000
vt 0.000000 2.000000
vt 0.100000 2.000000
vt 0.200000 2.000000
vt 0.300000 2.000000
vt 0.400000 2.000000
vt 0.500000 2.000000
vt 0.600000 2.000000
vt 0.700000 2.000000
vt 0.800000 2.000000
vt 0.900000 2.000000
vt 1.000000 2.000000
vt 1.100000 2.000000
vt 1.200000 2.000000
vt 1.300000 2.000000
vt 1.400000 2.000000
vt 1.500000 2.000000
vt 1.600000 2.000000
vt 1.700000 2.000000
vt 1.800000 2.000000
vt 1.900000 2.000000
vt 2.000000 2.000000
vt 2.100000 2.000000
vt 2.200000 2.000000
vt 2.300000 2.000000
vt 2.400000 2.000000
vt 2.500000 2.000000
vt 2.600000 2.000000
vt 2.700000 2.000000
vt 2.800000 2.000000
vt 2.900000 2.000000
vt 3.000000 2.000000
vt 3.100000 2.000000
vt 3.200000 2.000000
vt 3.300000 2.000000
vt 3.400000 2.000000
vt 3.500000 2.000000
vt 3.600000 2.000000
vt 3.700000 2.000000
vt 3.800000 2.000000
vt 3.900000 2.000000
vt 4.000000 2.000000
vt 0.000000 2.100000
vt 0.100000 2.100000
vt 0.200000 2.100000
vt 0.300000 2.100000
vt 0.400000 2.100000
vt 0.500000 2.100000
vt 0.600000 2.100000
vt 0.700000 2.100000
vt 0.800000 2.100000
vt 0.900000 2.100000
vt 1.000000 2.100000
vt 1.100000 2.100000
vt 1.200000 2.100000
vt 1.300000 2.100000
vt 1.400000 2.100000
vt 1.500000 2.100000
vt 1.600000 2.100000
vt 1.700000 2.100000
vt 1.800000 2.100000
vt 1.900000 2.100000
vt 2.000000 2.100000
vt 2.100000 2.100000
vt 2.200000 2.100000
vt 2.300000 2.100000
vt 2.400000 2.100000
vt 2.500000 2.100000
vt 2.600000 2.100000
vt 2.700000 2.100000
vt 2.800000 2.100000
vt 2.900000 2.100000
vt 3.000000 2.100000
vt 3.100000 2.100000
vt 3.200000 2.100000
vt 3.300000 2.100000
vt 3.400000 2.100000
vt 3.500000 2.100000
vt 3.600000 2.100000
vt 3.700000 2.100000
vt 3.800000 2.100000
vt 3.900000 2.100000
vt 4.000000 2.100000
vt 0.000000 2.200000
vt 0.100000 2.200000
vt 0.200000 2.200000
vt 0.300000 2.200000
vt 0.400000 2.200000
vt 0.500000 2.200000
vt 0.600000 2.200000
vt 0.700000 2.200000
vt 0.800000 2.200000
vt 0.900000 2.200000
vt 1.000000 2.200000
vt 1.100000 2.200000
vt 1.200000 2.200000
vt 1.300000 2.200000
vt 1.400000 2.200000
vt 1.500000 2.200000
vt 1.600000 2.200000
vt 1.700000 2.200000
vt 1.800000 2.200000
vt 1.900000 2.200000
vt 2.000000 2.200000
vt 2.100000 2.200000
vt 2.200000 2.200000
vt 2.300000 2.200000
vt 2.400000 2.200000
vt 2.500000 2.200000
vt 2.600000 2.200000
vt 2.700000 2.200000
vt 2.800000 2.200000
vt 2.900000 2.200000
vt 3.000000 2.200000
vt 3.100000 2.200000
vt 3.200000 2.200000
vt 3.300000 2.200000
vt 3.400000 2.200000
vt 3.500000 2.200000
vt 3.600000 2.200000
vt 3.700000 2.200000
vt 3.800000 2.200000
vt 3.900000 2.200000
vt 4.000000 2.200000
vt 0.000000 2.300000
vt 0.100000 2.300000
vt 0.200000 2.300000
vt 0.300000 2.300000
vt 0.400000 2.300000
vt 0.500000 2.300000
vt 0.600000 2.300000
vt 0.700000 2.300000
vt 0.800000 2.300000
vt 0.900000 2.300000
vt 1.000000 2.300000
vt 1.100000 2.300000
vt 1.200000 2.300000
vt 1.300000 2.300000
vt 1.400000 2.300000
vt 1.500000 2.300000
vt 1.600000 2.300000
vt 1.700000 2.300000
vt 1.800000 2.300000
vt 1.900000 2.300000
vt 2.000000 2.300000
vt 2.100000 2.300000
vt 2.200000 2.300000
vt 2.300000 2.300000
vt 2.400000 2.300000
vt 2.500000 2.300000
vt 2.600000 2.300000
vt 2.700000 2.300000
vt 2.800000 2.300000
vt 2.900000 2.300000
vt 3.000000 2.300000
vt 3.100000 2.300000
vt 3.200000 2.300000
vt 3.300000 2.300000
vt 3.400000 2.300000
vt 3.500000 2.300000
vt 3.600000 2.300000
vt 3.700000 2.300000
vt 3.800000 2.300000
vt 3.900000 2.300000
vt 4.000000 2.300000
vt 0.000000 2.400000
vt 0.100000 2.400000
vt 0.200000 2.400000
vt 0.300000 2.400000
vt 0.400000 2.400000
vt 0.500000 2.400000
vt 0.600000 2.400000
vt 0.700000 2.400000
vt 0.800000 2.400000
vt 0.900000 2.400000
vt 1.000000 2.400000
vt 1.100000 2.400000
vt 1.200000 2.400000
vt 1.300000 2.400000
vt 1.400000 2.400000
vt 1.500000 2.400000
vt 1.600000 2.400000
vt 1.700000 2.400000
vt 1.800000 2.400000
vt 1.900000 2.400000
vt 2.000000 2.400000
vt 2.100000 2.400000
vt 2.200000 2.400000
vt 2.300000 2.400000
vt 2.400000 2.400000
vt 2.500000 2.400000
vt 2.600000 2.400000
vt 2.700000 2.400000
vt 2.800000 2.400000
vt 2.900000 2.400000
vt 3.000000 2.400000
vt 3.100000 2.400000
vt 3.200000 2.400000
vt 3.300000 2.400000
vt 3.400000 2.400000
vt 3.500000 2.400000
vt 3.600000 2.400000
vt 3.700000 2.400000
vt 3.800000 2.400000
vt 3.900000 2.400000
vt 4.000000 2.400000
vt 0.000000 2.500000
vt 0.100000 2.500000
vt 0.200000 2.500000
vt 0.300000 2.500000
vt 0.400000 2.500000
vt 0.500000 2.500000
vt 0.600000 2.500000
vt 0.700000 2.500000
vt 0.800000 2.500000
vt 0.900000 2.500000
vt 1.000000 2.500000
vt 1.100000 2.500000
vt 1.200000 2.500000
vt 1.300000 2.500000
vt 1.400000 2.500000
vt 1.500000 2.500000
vt 1.600000 2.500000
vt 1.700000 2.500000
vt 1.800000 2.500000
vt 1.900000 2.500000
vt 2.000000 2.500000
vt 2.100000 2.500000
vt 2.200000 2.500000
vt 2.300000 2.500000
vt 2.400000 2.500000
vt 2.500000 2.500000
vt 2.600000 2.500000
vt 2.700000 2.500000
vt 2.800000 2.500000
vt 2.900000 2.500000
vt 3.000000 2.500000
vt 3.100000 2.500000
vt 3.200000 2.500000
vt 3.300000 2.500000
vt 3.400000 2.500000
vt 3.500000 2.500000
vt 3.600000 2.500000
vt 3.700000 2.500000
vt 3.800000 2.500000
vt 3.900000 2.500000
vt 4.000000 2.500000
vt 0.000000 2.600000
vt 0.100000 2.600000
vt 0.200000 2.600000
vt 0.300000 2.600000
vt 0.400000 2.600000
vt 0.500000 2.600000
vt 0.600000 2.600000
vt 0.700000 2.600000
vt 0.800000 2.600000
vt 0.900000 2.600000
vt 1.000000 2.600000
vt 1.100000 2.600000
vt 1.200000 2.600000
vt 1.300000 2.600000
vt 1.400000 2.600000
vt 1.500000 2.600000
vt 1.600000 2.600000
vt 1.700000 2.600000
vt 1.800000 2.600000
vt 1.900000 2.600000
vt 2.000000 2.600000
vt 2.100000 2.600000
vt 2.200000 2.600000
vt 2.300000 2.600000
vt 2.400000 2.600000
vt 2.500000 2.600000
vt 2.600000 2.600000
vt 2.700000 2.600000
vt 2.800000 2.600000
vt 2.900000 2.600000
vt 3.000000 2.600000
vt 3.100000 2.600000
vt 3.200000 2.600000
vt 3.300000 2.600000
vt 3.400000 2.600000
vt 3.500000 2.600000
vt 3.600000 2.600000
vt 3.700000 2.600000
vt 3.800000 2.600000
vt 3.900000 2.600000
vt 4.000000 2.600000
vt 0.000000 2.700000
vt 0.100000 2.700000
vt 0.200000 2.700000
vt 0.300000 2.700000
vt 0.400000 2.700000
vt 0.500000 2.700000
vt 0.600000 2.700000
vt 0.700000 2.700000
vt 0.800000 2.700000
vt 0.900000 2.700000
vt 1.000000 2.700000
vt 1.100000 2.700000
vt 1.200000 2.700000
vt 1.300000 2.700000
vt 1.400000 2.700000
vt 1.500000 2.700000
vt 1.600000 2.700000
vt 1.700000 2.700000
vt 1.800000 2.700000
vt 1.900000 2.700000
vt 2.000000 2.700000
vt 2.100000 2.700000
vt 2.200000 2.700000
vt 2.300000 2.700000
vt 2.400000 2.700000
vt 2.500000 2.700000
vt 2.600000 2.700000
vt 2.700000 2.700000
vt 2.800000 2.700000
vt 2.900000 2.700000
vt 3.000000 2.700000
vt 3.100000 2.700000
vt 3.200000 2.700000
vt 3.300000 2.700000
vt 3.400000 2.700000
vt 3.500000 2.700000
vt 3.600000 2.700000
vt 3.700000 2.700000
vt 3.800000 2.700000
vt 3.900000 2.700000
vt 4.000000 2.700000
vt 0.000000 2.800000
vt 0.100000 2.800000
vt 0.200000 2.800000
vt 0.300000 2.800000
vt 0.400000 2.800000
vt 0.500000 2.800000
vt 0.600000 2.800000
vt 0.700000 2.800000
vt 0.800000 2.800000
vt 0.900000 2.800000
vt 1.000000 2.800000
vt 1.100000 2.800000
vt 1.200000 2.800000
vt 1.300000 2.800000
vt 1.400000 2.800000
vt 1.500000 2.800000
vt 1.600000 2.800000
vt 1.700000 2.800000
vt 1.800000 2.800000
vt 1.900000 2.800000
vt 2.000000 2.800000
vt 2.100000 2.800000
vt 2.200000 2.800000
vt 2.300000 2.800000
vt 2.400000 2.800000
vt 2.500000 2.800000
vt 2.600000 2.800000
vt 2.700000 2.800000
vt 2.800000 2.800000
vt 2.900000 2.800000
vt 3.000000 2.800000
vt 3.100000 2.800000
vt 3.200000 2.800000
vt 3.300000 2.800000
vt 3.400000 2.800000
vt 3.500000 2.800000
vt 3.600000 2.800000
vt 3.700000 2.800000
vt 3.800000 2.800000
vt 3.900000 2.800000
vt 4.000000 2.800000
vt 0.000000 2.900000
vt 0.100000 2.900000
vt 0.200000 2.900000
vt 0.300000 2.900000
vt 0.400000 2.900000
vt 0.500000 2.900000
vt 0.600000 2.900000
vt 0.700000 2.900000
vt 0.800000 2.900000
vt 0.900000 2.900000
vt 1.000000 2.900000
vt 1.100000 2.900000
vt 1.200000 2.900000
vt 1.300000 2.900000
vt 1.400000 2.900000
vt 1.500000 2.900000
vt 1.600000 2.900000
vt 1.700000 2.900000
vt 1.800000 2.900000
vt 1.900000 2.900000
vt 2.000000 2.900000
vt 2.100000 2.900000
vt 2.200000 2.900000
vt 2.300000 2.900000
vt 2.400000 2.900000
vt 2.500000 2.900000
vt 2.600000 2.900000
vt 2.700000 2.900000
vt 2.800000 2.900000
vt 2.900000 2.900000
vt 3.000000 2.900000
vt 3.100000 2.900000
vt 3.200000 2.900000
vt 3.300000 2.900000
vt 3.400000 2.900000
vt 3.500000 2.900000
vt 3.600000 2.900000
vt 3.700000 2.900000
vt 3.800000 2.900000
vt 3.900000 2.900000
vt 4.000000 2.900000
vt 0.000000 3.000000
vt 0.100000 3.000000
vt 0.200000 3.000000
vt 0.300000 3.000000
vt 0.400000 3.000000
vt 0.500000 3.000000
vt 0.600000 3.000000
vt 0.700000 3.000000
vt 0.800000 3.000000
vt 0.900000 3.000000
vt 1.000000 3.000000
vt 1.100000 3.000000
vt 1.200000 3.000000
vt 1.300000 3.000000
vt 1.400000 3.000000
vt 1.500000 3.000000
vt 1.600000 3.000000
vt 1.700000 3.000000
vt 1.800000 3.000000
vt 1.900000 3.000000
vt 2.000000 3.000000
vt 2.100000 3.000000
vt 2.200000 3.000000
vt 2.300000 3.000000
vt 2.400000 3.000000
vt 2.500000 3.000000
vt 2.600000 3.000000
vt 2.700000 3.000000
vt 2.800000 3.000000
vt 2.900000 3.000000
vt 3.000000 3.000000
vt 3.100000 3.000000
vt 3.200000 3.000000
vt 3.300000 3.000000
vt 3.400000 3.000000
vt 3.500000 3.000000
vt 3.600000 3.000000
vt 3.700000 3.000000
vt 3.800000 3.000000
vt 3.900000 3.000000
vt 4.000000 3.000000
vt 0.000000 3.100000
vt 0.100000 3.100000
vt 0.200000 3.100000
vt 0.300000 3.100000
vt 0.400000 3.100000
vt 0.500000 3.100000
vt 0.600000 3.100000
vt 0.700000 3.100000
vt 0.800000 3.100000
vt 0.900000 3.100000
vt 1.000000 3.100000
vt 1.100000 3.100000
vt 1.200000 3.100000
vt 1.300000 3.100000
vt 1.400000 3.100000
vt 1.500000 3.100000
vt 1.600000 3.100000
vt 1.700000 3.100000
vt 1.800000 3.100000
vt 1.900000 3.100000
vt 2.000000 3.100000
vt 2.100000 3.100000
vt 2.200000 3.100000
vt 2.300000 3.100000
vt 2.400000 3.100000
vt 2.500000 3.100000
vt 2.600000 3.100000
vt 2.700000 3.100000
vt 2.800000 3.100000
vt 2.900000 3.100000
vt 3.000000 3.100000
vt 3.100000 3.100000
vt 3.200000 3.100000
vt 3.300000 3.100000
vt 3.400000 3.100000
vt 3.500000 3.100000
vt 3.600000 3.100000
vt 3.700000 3.100000
vt 3.800000 3.100000
vt 3.900000 3.100000
vt 4.000000 3.100000
vt 0.000000 3.200000
vt 0.100000 3.200000
vt 0.200000 3.200000
vt 0.300000 3.200000
vt 0.400000 3.200000
vt 0.500000 3.200000
vt 0.600000 3.200000
vt 0.700000 3.200000
vt 0.800000 3.200000
vt 0.900000 3.200000
vt 1.000000 3.200000
vt 1.100000 3.200000
vt 1.200000 3.200000
vt 1.300000 3.200000
vt 1.400000 3.200000
vt 1.500000 3.200000
vt 1.600000 3.200000
vt 1.700000 3.200000
vt 1.800000 3.200000
vt 1.900000 3.200000
vt 2.000000 3.200000
vt 2.100000 3.200000
vt 2.200000 3.200000
vt 2.300000 3.200000
vt 2.400000 3.200000
vt 2.500000 3.200000
vt 2.600000 3.200000
vt 2.700000 3.200000
vt 2.800000 3.200000
vt 2.900000 3.200000
vt 3.000000 3.200000
vt 3.100000 3.200000
vt 3.200000 3.200000
vt 3.300000 3.200000
vt 3.400000 3.200000
vt 3.500000 3.200000
vt 3.600000 3.200000
vt 3.700000 3.200000
vt 3.800000 3.200000
vt 3.900000 3.200000
vt 4.000000 3.200000
vt 0.000000 3.300000
vt 0.100000 3.300000
vt 0.200000 3.300000
vt 0.300000 3.300000
vt 0.400000 3.300000
vt 0.500000 3.300000
vt 0.600000 3.300000
vt 0.700000 3.300000
vt 0.800000 3.300000
vt 0.900000 3.300000
vt 1.000000 3.300000
vt 1.100000 3.300000
vt 1.200000 3.300000
vt 1.300000 3.300000
vt 1.400000 3.300000
vt 1.500000 3.300000
vt 1.600000 3.300000
vt 1.700000 3.300000
vt 1.800000 3.300000
vt 1.900000 3.300000
vt 2.000000 3.300000
vt 2.100000 3.300000
vt 2.200000 3.300000
vt 2.300000 3.300000
vt 2.400000 3.300000
vt 2.500000 3.300000
vt 2.600000 3.300000
vt 2.700000 3.300000
vt 2.800000 3.300000
vt 2.900000 3.300000
vt 3.000000 3.300000
vt 3.100000 3.300000
vt 3.200000 3.300000
vt 3.300000 3.300000
vt 3.400000 3.300000
vt 3.500000 3.300000
vt 3.600000 3.300000
vt 3.700000 3.300000
vt 3.800000 3.300000
vt 3.900000 3.300000
vt 4.000000 3.300000
vt 0.000000 3.400000
vt 0.100000 3.400000
vt 0.200000 3.400000
vt 0.300000 3.400000
vt 0.400000 3.400000
vt 0.500000 3.400000
vt 0.600000 3.400000
vt 0.700000 3.400000
vt 0.800000 3.400000
vt 0.900000 3.400000
vt 1.000000 3.400000
vt 1.100000 3.400000
vt 1.200000 3.400000
vt 1.300000 3.400000
vt 1.400000 3.400000
vt 1.500000 3.400000
vt 1.600000 3.400000
vt 1.700000 3.400000
vt 1.800000 3.400000
vt 1.900000 3.400000
vt 2.000000 3.400000
vt 2.100000 3.400000
vt 2.200000 3.400000
vt 2.300000 3.400000
vt 2.400000 3.400000
vt 2.500000 3.400000
vt 2.600000 3.400000
vt 2.700000 3.400000
vt 2.800000 3.400000
vt 2.900000 3.400000
vt 3.000000 3.400000
vt 3.100000 3.400000
vt 3.200000 3.400000
vt 3.300000 3.400000
vt 3.400000 3.400000
vt 3.500000 3.400000
vt 3.600000 3.400000
vt 3.700000 3.400000
vt 3.800000 3.400000
vt 3.900000 3.400000
vt 4.000000 3.400000
vt 0.000000 3.500000
vt 0.100000 3.500000
vt 0.200000 3.500000
vt 0.300000 3.500000
vt 0.400000 3.500000
vt 0.500000 3.500000
vt 0.600000 3.500000
vt 0.700000 3.500000
vt 0.800000 3.500000
vt 0.900000 3.500000
vt 1.000000 3.500000
vt 1.100000 3.500000
vt 1.200000 3.500000
vt 1.300000 3.500000
vt 1.400000 3.500000
vt 1.500000 3.500000
vt 1.600000 3.500000
vt 1.700000 3.500000
vt 1.800000 3.500000
vt 1.900000 3.500000
vt 2.000000 3.500000
vt 2.100000 3.500000
vt 2.200000 3.500000
vt 2.300000 3.500000
vt 2.400000 3.500000
vt 2.500000 3.500000
vt 2.600000 3.500000
vt 2.700000 3.500000
vt 2.800000 3.500000
vt 2.900000 3.500000
vt 3.000000 3.500000
vt 3.100000 3.500000
vt 3.200000 3.500000
vt 3.300000 3.500000
vt 3.400000 3.500000
vt 3.500000 3.500000
vt 3.600000 3.500000
vt 3.700000 3.500000
vt 3.800000 3.500000
vt 3.900000 3.500000
vt 4.000000 3.500000
vt 0.000000 3.600000
vt 0.100000 3.600000
vt 0.200000 3.600000
vt 0.300000 3.600000
vt 0.400000 3.600000
vt 0.500000 3.600000
vt 0.600000 3.600000
vt 0.700000 3.600000
vt 0.800000 3.600000
vt 0.900000 3.600000
vt 1.000000 3.600000
vt 1.100000 3.600000
vt 1.200000 3.600000
vt 1.300000 3.600000
vt 1.400000 3.600000
vt 1.500000 3.600000
vt 1.600000 3.600000
vt 1.700000 3.600000
vt 1.800000 3.600000
vt 1.900000 3.600000
vt 2.000000 3.600000
vt 2.100000 3.600000
vt 2.200000 3.600000
vt 2.300000 3.600000
vt 2.400000 3.600000
vt 2.500000 3.600000
vt 2.600000 3.600000
vt 2.700000 3.600000
vt 2.800000 3.600000
vt 2.900000 3.600000
vt 3.000000 3.600000
vt 3.100000 3.600000
vt 3.200000 3.600000
vt 3.300000 3.600000
vt 3.400000 3.600000
vt 3.500000 3.600000
vt 3.600000 3.600000
vt 3.700000 3.600000
vt 3.800000 3.600000
vt 3.900000 3.600000
vt 4.000000 3.600000
vt 0.000000 3.700000
vt 0.100000 3.700000
vt 0.200000 3.700000
vt 0.300000 3.700000
vt 0.400000 3.700000
vt 0.500000 3.700000
vt 0.600000 3.700000
vt 0.700000 3.700000
vt 0.800000 3.700000
vt 0.900000 3.700000
vt 1.000000 3.700000
vt 1.100000 3.700000
vt 1.200000 3.700000
vt 1.300000 3.700000
vt 1.400000 3.700000
vt 1.500000 3.700000
vt 1.600000 3.700000
vt 1.700000 3.700000
vt 1.800000 3.700000
vt 1.900000 3.700000
vt 2.000000 3.700000
vt 2.100000 3.700000
vt 2.200000 3.700000
vt 2.300000 3.700000
vt 2.400000 3.700000
vt 2.500000 3.700000
vt 2.600000 3.700000
vt 2.700000 3.700000
vt 2.800000 3.700000
vt 2.900000 3.700000
vt 3.000000 3.700000
vt 3.100000 3.700000
vt 3.200000 3.700000
vt 3.300000 3.700000
vt 3.400000 3.700000
vt 3.500000 3.700000
vt 3.600000 3.700000
vt 3.700000 3.700000
vt 3.800000 3.700000
vt 3.900000 3.700000
vt 4.000000 3.700000
vt 0.000000 3.800000
vt 0.100000 3.800000
vt 0.200000 3.800000
vt 0.300000 3.800000
vt 0.400000 3.800000
vt 0.500000 3.800000
vt 0.600000 3.800000
vt 0.700000 3.800000
vt 0.800000 3.800000
vt 0.900000 3.800000
vt 1.000000 3.800000
vt 1.100000 3.800000
vt 1.200000 3.800000
vt 1.300000 3.800000
vt 1.400000 3.800000
vt 1.500000 3.800000
vt 1.600000 3.800000
vt 1.700000 3.800000
vt 1.800000 3.800000
vt 1.900000 3.800000
vt 2.000000 3.800000
vt 2.100000 3.800000
vt 2.200000 3.800000
vt 2.300000 3.800000
vt 2.400000 3.800000
vt 2.500000 3.800000
vt 2.600000 3.800000
vt 2.700000 3.800000
vt 2.800000 3.800000
vt 2.900000 3.800000
vt 3.000000 3.800000
vt 3.100000 3.800000
vt 3.200000 3.800000
vt 3.300000 3.800000
vt 3.400000 3.800000
vt 3.500000 3.800000
vt 3.600000 3.800000
vt 3.700000 3.800000
vt 3.800000 3.800000
vt 3.900000 3.800000
vt 4.000000 3.800000
vt 0.000000 3.900000
vt 0.100000 3.900000
vt 0.200000 3.900000
vt 0.300000 3.900000
vt 0.400000 3.900000
vt 0.500000 3.900000
vt 0.600000 3.900000
vt 0.700000 3.900000
vt 0.800000 3.900000
vt 0.900000 3.900000
vt 1.000000 3.900000
vt 1.100000 3.900000
vt 1.200000 3.900000
vt 1.300000 3.900000
vt 1.400000 3.900000
vt 1.500000 3.900000
vt 1.600000 3.900000
vt 1.700000 3.900000
vt 1.800000 3.900000
vt 1.900000 3.900000
vt 2.000000 3.900000
vt 2.100000 3.900000
vt 2.200000 3.900000
vt 2.300000 3.900000
vt 2.400000 3.900000
vt 2.500000 3.900000
vt 2.600000 3.900000
vt 2.700000 3.900000
vt 2.800000 3.900000
vt 2.900000 3.900000
vt 3.000000 3.900000
vt 3.100000 3.900000
vt 3.200000 3.900000
vt 3.300000 3.900000
vt 3.400000 3.900000
vt 3.500000 3.900000
vt 3.600000 3.900000
vt 3.700000 3.900000
vt 3.800000 3.900000
vt 3.900000 3.900000
vt 4.000000 3.900000
vt 0.000000 4.000000
vt 0.100000 4.000000
vt 0.200000 4.000000
vt 0.300000 4.000000
vt 0.400000 4.000000
vt 0.500000 4.000000
vt 0.600000 4.000000
vt 0.700000 4.000000
vt 0.800000 4.000000
vt 0.900000 4.000000
vt 1.000000 4.000000
vt 1.100000 4.000000
vt 1.200000 4.000000
vt 1.300000 4.000000
vt 1.400000 4.000000
vt 1.500000 4.000000
vt 1.600000 4.000000
vt 1.700000 4.000000
vt 1.800000 4.000000
vt 1.900000 4.000000
vt 2.000000 4.000000
vt 2.100000 4.000000
vt 2.200000 4.000000
vt 2.300000 4.000000
vt 2.400000 4.000000
vt 2.500000 4.000000
vt 2.600000 4.000000
vt 2.700000 4.000000
vt 2.800000 4.000000
vt 2.900000 4.000000
vt 3.000000 4.000000
vt 3.100000 4.000000
vt 3.200000 4.000000
vt 3.300000 4.000000
vt 3.400000 4.000000
vt 3.500000 4.000000
vt 3.600000 4.000000
vt 3.700000 4.000000
vt 3.800000 4.000000
vt 3.900000 4.000000
vt 4.000000 4.000000
vn 0.011279 0.011359 0.999872
vn 0.005759 0.016877 0.999841
vn 0.002800 -0.003280 0.999991
vn -0.011838 0.011358 0.999865
vn -0.013518 -0.013278 0.999820
vn -0.023513 -0.003279 0.999718
vn -0.023672 -0.009437 0.999675
vn -0.019834 -0.013276 0.999715
vn -0.018477 0.003439 0.999823
vn -0.005600 -0.009439 0.999940
vn -0.002880 0.011919 0.999925
vn 0.005600 0.003440 0.999978
vn 0.009199 0.006960 0.999933
vn 0.004240 0.011919 0.999920
vn 0.008320 -0.007040 0.999941
vn -0.005680 0.006960 0.999960
vn -0.001840 -0.016398 0.999864
vn -0.011199 -0.007039 0.999913
vn -0.008159 -0.011679 0.999899
vn -0.003440 -0.016398 0.999860
vn -0.001600 0.002960 0.999994
vn 0.013038 -0.011678 0.999847
vn 0.013437 0.013917 0.999813
vn 0.024393 0.002959 0.999698
vn 0.023192 0.011276 0.999667
vn 0.020554 0.013916 0.999692
vn 0.017917 -0.001440 0.999838
vn 0.005200 0.011279 0.999923
vn 0.001600 -0.011119 0.999937
vn -0.008080 -0.001440 0.999966
vn -0.011999 -0.007679 0.999899
vn -0.008559 -0.011119 0.999902
vn -0.012479 0.005599 0.999906
vn 0.000800 -0.007680 0.999970
vn -0.002400 0.015518 0.999877
vn 0.007520 0.005600 0.999956
vn 0.005600 0.011679 0.999916
vn 0.001760 0.015518 0.999878
vn 0.001200 -0.002640 0.999996
vn -0.013118 0.011678 0.999846
vn -0.012078 -0.014477 0.999822
vn -0.023913 -0.002639 0.999711
vn -0.021513 -0.012876 0.999686
vn -0.019914 -0.014476 0.999697
vn -0.016398 -0.000320 0.999865
vn -0.003840 -0.012879 0.999910
vn 0.000160 0.010559 0.999944
vn 0.011039 -0.000320 0.999939
vn 0.014958 0.008719 0.999850
vn 0.013118 0.010559 0.999858
vn 0.016398 -0.003919 0.999858
vn 0.003760 0.008720 0.999955
vn 0.005919 -0.014238 0.999881
vn -0.004400 -0.003920 0.999983
vn -0.003760 -0.011599 0.999926
vn -0.001120 -0.014239 0.999898
vn -0.002000 0.002400 0.999995
vn 0.011998 -0.011598 0.999861
vn 0.009758 0.014798 0.999843
vn 0.022154 0.002399 0.999752
vn 0.018715 0.014236 0.999724
vn 0.018155 0.014796 0.999726
vn 0.014159 0.001760 0.999898
vn 0.001680 0.014239 0.999897
vn -0.003920 -0.010159 0.999941
vn -0.015838 0.001760 0.999873
vn -0.068873 -0.009896 0.997576
vn -0.068634 -0.010136 0.997590
vn -0.122901 0.001905 0.992417
vn -0.111299 -0.009858 0.993738
vn -0.137860 0.012677 0.990371
vn -0.127276 0.001904 0.991865
vn -0.126566 0.011268 0.991894
vn -0.127969 0.012694 0.991697
vn -0.099976 -0.001990 0.994988
vn -0.113102 0.011286 0.993519
vn -0.057737 -0.014774 0.998222
vn -0.070464 -0.001995 0.997512
vn -0.016876 -0.015116 0.999743
vn -0.017196 -0.014796 0.999743
vn 0.005760 -0.005440 0.999969
vn -0.008159 0.008479 0.999931
vn -0.011838 -0.014318 0.999827
vn -0.020715 -0.005439 0.999771
vn -0.023512 -0.009277 0.999680
vn -0.018475 -0.014316 0.999727
vn -0.019836 0.004719 0.999792
vn -0.005840 -0.009279 0.999940
vn -0.005599 0.014158 0.999884
vn 0.003840 0.004720 0.999981
vn 0.005600 0.009839 0.999936
vn 0.001280 0.014159 0.999899
vn 0.004240 -0.003920 0.999983
vn -0.009519 0.009839 0.999906
vn -0.005679 -0.013519 0.999892
vn -0.015278 -0.003920 0.999876
vn -0.011199 -0.009519 0.999892
vn -0.007199 -0.013518 0.999883
vn -0.003440 0.004160 0.999985
vn 0.010239 -0.009519 0.999902
vn 0.013038 0.013917 0.999818
vn 0.022794 0.004159 0.999732
vn 0.024391 0.010156 0.999651
vn 0.020634 0.013916 0.999690
vn 0.020556 -0.003679 0.999782
vn 0.006720 0.010159 0.999926
vn 0.005199 -0.013998 0.999888
vn -0.005120 -0.003680 0.999980
vn -0.008079 -0.010719 0.999910
vn -0.004799 -0.013998 0.999890
vn -0.008560 0.002720 0.999960
vn 0.004880 -0.010719 0.999931
vn 0.000800 0.013279 0.999912
vn 0.011359 0.002720 0.999932
vn 0.007519 0.010479 0.999917
vn 0.004720 0.013279 0.999901
vn 0.001760 -0.002800 0.999995
vn -0.011519 0.010479 0.999879
vn -0.013118 -0.013438 0.999824
vn -0.023753 -0.002799 0.999714
vn -0.023912 -0.010876 0.999655
vn -0.021353 -0.013436 0.999682
vn -0.019916 0.002480 0.999799
vn -0.006559 -0.010879 0.999919
vn -0.003840 0.013679 0.999899
vn 0.007360 0.002480 0.999970
vn 0.011039 0.011599 0.999872
vn 0.008959 0.013678 0.999866
vn 0.013119 -0.001520 0.999913
vn 0.000000 0.011599 0.999933
vn 0.003760 -0.012799 0.999911
vn -0.007520 -0.001520 0.999971
vn -0.004400 -0.011359 0.999926
vn -0.002960 -0.012799 0.999914
vn -0.001120 0.001440 0.999998
vn 0.011678 -0.011358 0.999867
vn 0.011998 0.012878 0.999845
vn 0.023434 0.001440 0.999724
vn 0.022153 0.011516 0.999688
vn 0.020794 0.012876 0.999701
vn 0.018157 -0.001360 0.999834
vn 0.005280 0.011519 0.999920
vn 0.001680 -0.013199 0.999911
vn -0.010159 -0.001360 0.999947
vn -0.015837 -0.012318 0.999799
vn -0.014957 -0.013197 0.999801
vn -0.068638 0.000319 0.997642
vn -0.056067 -0.012300 0.998351
vn -0.111296 0.012322 0.993711
vn -0.099425 0.000318 0.995045
vn -0.127267 0.012060 0.991795
vn -0.127501 0.012298 0.991762
vn -0.127979 -0.000079 0.991777
vn -0.139881 0.012040 0.990095
vn -0.113101 -0.012081 0.993510
vn -0.124933 -0.000079 0.992165
vn -0.070459 -0.012049 0.997442
vn -0.070380 -0.012129 0.997447
vn -0.017197 0.000160 0.999852
vn -0.004960 -0.012079 0.999915
vn -0.008159 -0.017117 0.999820
vn -0.016797 -0.008478 0.999823
vn -0.020714 -0.011437 0.999720
vn -0.015036 -0.017116 0.999740
vn -0.018477 0.003599 0.999823
vn -0.003440 -0.011439 0.999929
vn -0.005839 0.014318 0.999880
vn 0.004880 0.003600 0.999982
vn 0.003840 0.011119 0.999931
vn 0.000640 0.014319 0.999897
vn 0.001280 -0.001680 0.999998
vn -0.011519 0.011119 0.999872
vn -0.009519 -0.010639 0.999898
vn -0.018477 -0.001680 0.999828
vn -0.015278 -0.006399 0.999863
vn -0.011039 -0.010639 0.999882
vn -0.007200 0.007040 0.999949
vn 0.006240 -0.006400 0.999960
vn 0.010238 0.016077 0.999818
vn 0.019276 0.007039 0.999789
vn 0.022793 0.011356 0.999676
vn 0.018075 0.016075 0.999707
vn 0.020635 -0.003679 0.999780
vn 0.005600 0.011359 0.999920
vn 0.006719 -0.015118 0.999863
vn -0.004720 -0.003680 0.999982
vn -0.005120 -0.012959 0.999903
vn -0.002960 -0.015118 0.999881
vn -0.004800 -0.000160 0.999988
vn 0.007999 -0.012958 0.999884
vn 0.004880 0.010159 0.999936
vn 0.015198 -0.000160 0.999884
vn 0.011359 0.007519 0.999907
vn 0.008719 0.010159 0.999910
vn 0.004720 -0.005120 0.999976
vn -0.007920 0.007520 0.999940
vn -0.011518 -0.014717 0.999825
vn -0.021115 -0.005119 0.999764
vn -0.023752 -0.011036 0.999657
vn -0.020074 -0.014715 0.999690
vn -0.021355 0.003599 0.999765
vn -0.006719 -0.011039 0.999916
vn -0.006559 0.015758 0.999854
vn 0.005600 0.003600 0.999978
vn 0.007359 0.014398 0.999869
vn 0.005999 0.015758 0.999858
vn 0.008960 0.001600 0.999959
vn -0.003840 0.014398 0.999889
vn 0.000000 -0.009920 0.999951
vn -0.011519 0.001600 0.999932
vn -0.007519 -0.009039 0.999931
vn -0.006640 -0.009919 0.999929
vn -0.002960 0.002880 0.999991
vn 0.008959 -0.009039 0.999919
vn 0.011678 0.013118 0.999846
vn 0.021915 0.002879 0.999756
vn 0.023432 0.010557 0.999670
vn 0.020874 0.013116 0.999696
vn 0.020795 -0.003359 0.999778
vn 0.006879 0.010559 0.999921
vn 0.005279 -0.015918 0.999859
vn -0.007280 -0.003360 0.999968
vn -0.010158 -0.015357 0.999830
vn -0.009598 -0.015917 0.999827
vn -0.014958 -0.002640 0.999885
vn -0.002240 -0.015358 0.999880
vn -0.056069 0.009984 0.998377
vn -0.043479 -0.002637 0.999051
vn -0.099419 0.010587 0.994989
vn -0.098789 0.009951 0.995059
vn -0.127511 -0.000476 0.991837
vn -0.138329 0.010537 0.990330
vn -0.139882 -0.011248 0.990104
vn -0.150429 -0.000475 0.988621
vn -0.124927 -0.010080 0.992115
vn -0.123753 -0.011272 0.992249
vn -0.070385 0.002793 0.997516
vn -0.057502 -0.010143 0.998294
vn -0.004959 0.015598 0.999866
vn 0.007840 0.002800 0.999965
vn -0.016796 -0.014636 0.999752
vn -0.011197 -0.020235 0.999733
vn -0.015038 0.000720 0.999887
vn 0.000320 -0.014638 0.999893
vn -0.003440 0.012159 0.999920
vn 0.008000 0.000720 0.999968
vn 0.004880 0.009999 0.999938
vn 0.002720 0.012159 0.999922
vn 0.000640 -0.001440 0.999999
vn -0.010799 0.009999 0.999892
vn -0.011519 -0.009279 0.999891
vn -0.019356 -0.001440 0.999812
vn -0.018477 -0.003999 0.999821
vn -0.013198 -0.009279 0.999870
vn -0.011039 0.009999 0.999889
vn 0.002960 -0.004000 0.999988
vn 0.006239 0.019356 0.999793
vn 0.015597 0.009998 0.999828
vn 0.019274 0.014316 0.999712
vn 0.014236 0.019354 0.999711
vn 0.018077 -0.001440 0.999836
vn 0.002320 0.014318 0.999895
vn 0.005599 -0.013918 0.999887
vn -0.006880 -0.001440 0.999975
vn -0.004720 -0.013039 0.999904
vn -0.003840 -0.013919 0.999896
vn -0.002960 -0.001360 0.999995
vn 0.008719 -0.013038 0.999877
vn 0.007999 0.007840 0.999937
vn 0.017197 -0.001360 0.999851
vn 0.015198 0.004479 0.999874
vn 0.011839 0.007839 0.999899
vn 0.008719 -0.008319 0.999927
vn -0.004080 0.004480 0.999982
vn -0.007919 -0.017757 0.999811
vn -0.017357 -0.008318 0.999815
vn -0.021113 -0.013356 0.999688
vn -0.016715 -0.017755 0.999703
vn -0.020076 0.002320 0.999796
vn -0.004400 -0.013359 0.999901
vn -0.006719 0.015598 0.999856
vn 0.006560 0.002320 0.999976
vn 0.005599 0.015518 0.999864
vn 0.005519 0.015598 0.999863
vn 0.006000 0.003760 0.999975
vn -0.005759 0.015518 0.999863
vn -0.003840 -0.006960 0.999968
vn -0.014558 0.003760 0.999887
vn -0.011519 -0.005760 0.999917
vn -0.010319 -0.006959 0.999923
vn -0.006640 0.006000 0.999960
vn 0.005120 -0.005760 0.999970
vn 0.008959 0.015518 0.999839
vn 0.018477 0.005999 0.999811
vn 0.021913 0.011996 0.999688
vn 0.018395 0.015516 0.999710
vn 0.020875 -0.003119 0.999777
vn 0.005759 0.011999 0.999911
vn 0.006879 -0.016957 0.999833
vn -0.006960 -0.003120 0.999971
vn -0.007279 -0.017517 0.999820
vn -0.007839 -0.016957 0.999825
vn -0.009599 -0.005600 0.999938
vn 0.002320 -0.017517 0.999844
vn -0.002240 0.006720 0.999975
vn 0.010079 -0.005600 0.999934
vn -0.043478 0.007513 0.999026
vn -0.042680 0.006714 0.999066
vn -0.098794 -0.003025 0.995103
vn -0.109180 0.007475 0.993994
vn -0.138326 -0.012834 0.990304
vn -0.147953 -0.003007 0.988990
vn -0.150420 -0.010439 0.988567
vn -0.148096 -0.012816 0.988890
vn -0.123760 0.003652 0.992305
vn -0.109806 -0.010496 0.993898
vn -0.057496 0.017648 0.998190
vn -0.043558 0.003676 0.999044
vn 0.007838 0.018716 0.999794
vn 0.008878 0.017677 0.999804
vn -0.011199 -0.002560 0.999934
vn 0.003599 -0.017357 0.999843
vn 0.000320 0.008800 0.999961
vn 0.011679 -0.002560 0.999929
vn 0.008000 0.007120 0.999943
vn 0.006320 0.008799 0.999941
vn 0.002720 -0.003600 0.999990
vn -0.008000 0.007120 0.999943
vn -0.010799 -0.010239 0.999889
vn -0.017437 -0.003599 0.999841
vn -0.019356 -0.003679 0.999806
vn -0.012798 -0.010239 0.999866
vn -0.013198 0.011598 0.999846
vn 0.002080 -0.003680 0.999991
vn 0.002959 0.021995 0.999754
vn 0.013358 0.011598 0.999844
vn 0.015596 0.017435 0.999726
vn 0.011037 0.021993 0.999697
vn 0.014239 0.001920 0.999897
vn -0.001280 0.017437 0.999847
vn 0.002320 -0.010879 0.999938
vn -0.010479 0.001920 0.999943
vn -0.006879 -0.010799 0.999918
vn -0.006799 -0.010879 0.999918
vn -0.003840 -0.000240 0.999993
vn 0.006719 -0.010799 0.999919
vn 0.008719 0.007599 0.999933
vn 0.016558 -0.000240 0.999863
vn 0.017197 0.003040 0.999847
vn 0.012639 0.007599 0.999891
vn 0.011838 -0.010799 0.999872
vn -0.002000 0.003040 0.999993
vn -0.004079 -0.020955 0.999772
vn -0.014238 -0.010798 0.999840
vn -0.017355 -0.016715 0.999710
vn -0.013116 -0.020954 0.999694
vn -0.016718 -0.000800 0.999860
vn -0.000800 -0.016718 0.999860
vn -0.004400 0.013279 0.999902
vn 0.009680 -0.000800 0.999953
vn 0.006559 0.014318 0.999876
vn 0.007599 0.013278 0.999883
vn 0.005520 0.003840 0.999977
vn -0.004959 0.014318 0.999885
vn -0.005760 -0.005600 0.999968
vn -0.015198 0.003840 0.999877
vn -0.014558 -0.003360 0.999888
vn -0.012319 -0.005599 0.999908
vn -0.010319 0.009039 0.999906
vn 0.002080 -0.003360 0.999992
vn 0.005119 0.018876 0.999809
vn 0.014958 0.009039 0.999847
vn 0.018475 0.015116 0.999715
vn 0.014716 0.018875 0.999714
vn 0.018397 -0.000720 0.999831
vn 0.002560 0.015118 0.999882
vn 0.005759 -0.015598 0.999862
vn -0.009120 -0.000720 0.999958
vn -0.006959 -0.017437 0.999824
vn -0.008799 -0.015597 0.999840
vn -0.007840 -0.006720 0.999947
vn 0.002880 -0.017437 0.999844
vn 0.002320 0.004480 0.999987
vn 0.013518 -0.006719 0.999886
vn 0.010079 0.004480 0.999939
vn 0.010079 0.004480 0.999939
vn -0.042680 -0.006394 0.999068
vn -0.053523 0.004474 0.998557
vn -0.109169 -0.015982 0.993895
vn -0.118673 -0.006355 0.992913
vn -0.147941 -0.012895 0.988912
vn -0.144993 -0.015908 0.989305
vn -0.148108 0.002215 0.988969
vn -0.133269 -0.012923 0.990996
vn -0.109795 0.017332 0.993803
vn -0.094850 0.002230 0.995489
vn -0.043550 0.019737 0.998856
vn -0.041239 0.017423 0.998997
vn 0.008879 0.008799 0.999922
vn -0.002080 0.019756 0.999803
vn 0.003600 0.005920 0.999976
vn 0.013998 -0.004480 0.999892
vn 0.011679 0.003680 0.999925
vn 0.009439 0.005920 0.999938
vn 0.006320 -0.007040 0.999955
vn -0.004400 0.003680 0.999984
vn -0.007999 -0.013118 0.999882
vn -0.014078 -0.007039 0.999876
vn -0.017437 -0.005679 0.999832
vn -0.009999 -0.013118 0.999864
vn -0.012798 0.010958 0.999858
vn 0.003840 -0.005680 0.999976
vn 0.002079 0.022554 0.999743
vn 0.013678 0.010958 0.999846
vn 0.013356 0.019355 0.999723
vn 0.010157 0.022553 0.999694
vn 0.011039 0.004880 0.999927
vn -0.003439 0.019356 0.999807
vn -0.001280 -0.007440 0.999972
vn -0.013599 0.004879 0.999896
vn -0.010479 -0.007279 0.999919
vn -0.010319 -0.007439 0.999919
vn -0.006800 0.002720 0.999973
vn 0.003200 -0.007280 0.999968
vn 0.006720 0.009679 0.999931
vn 0.013679 0.002720 0.999903
vn 0.016558 0.003999 0.999855
vn 0.010879 0.009679 0.999894
vn 0.012638 -0.011278 0.999857
vn -0.002640 0.004000 0.999989
vn -0.001999 -0.022714 0.999740
vn -0.013438 -0.011278 0.999846
vn -0.014236 -0.019434 0.999710
vn -0.010957 -0.022713 0.999682
vn -0.013119 -0.004160 0.999905
vn 0.002160 -0.019436 0.999809
vn -0.000800 0.009840 0.999951
vn 0.013199 -0.004160 0.999904
vn 0.009679 0.011279 0.999890
vn 0.011119 0.009839 0.999890
vn 0.007600 0.001680 0.999970
vn -0.002000 0.011279 0.999934
vn -0.004960 -0.006640 0.999966
vn -0.013279 0.001680 0.999910
vn -0.015198 -0.003040 0.999880
vn -0.011599 -0.006639 0.999911
vn -0.012318 0.010719 0.999867
vn 0.001440 -0.003040 0.999994
vn 0.002080 0.021675 0.999763
vn 0.013038 0.010718 0.999858
vn 0.014956 0.018475 0.999717
vn 0.011756 0.021673 0.999696
vn 0.014718 0.002880 0.999888
vn -0.000880 0.018477 0.999829
vn 0.002560 -0.012399 0.999920
vn -0.012719 0.002880 0.999915
vn -0.009119 -0.015118 0.999844
vn -0.011838 -0.012398 0.999853
vn -0.008800 -0.005520 0.999946
vn 0.000800 -0.015118 0.999885
vn 0.002880 0.004240 0.999987
vn 0.012639 -0.005519 0.999905
vn 0.013519 0.002960 0.999904
vn 0.012239 0.004240 0.999916
vn 0.010079 -0.008959 0.999909
vn -0.001840 0.002960 0.999994
vn -0.053513 -0.019329 0.998380
vn -0.063867 -0.008941 0.997918
vn -0.118659 -0.016441 0.992799
vn -0.115912 -0.019226 0.993073
vn -0.145011 -0.000950 0.989430
vn -0.129834 -0.016418 0.991400
vn -0.133266 0.014825 0.990969
vn -0.117735 -0.000953 0.993045
vn -0.094834 0.018394 0.995323
vn -0.091366 0.014896 0.995706
vn -0.041243 0.008792 0.999110
vn -0.050885 0.018453 0.998534
vn -0.002080 -0.002800 0.999994
vn -0.013678 0.008799 0.999868
vn 0.013999 0.001280 0.999901
vn 0.010479 0.004800 0.999934
vn 0.009439 -0.010239 0.999903
vn -0.002080 0.001280 0.999997
vn -0.004399 -0.016718 0.999851
vn -0.010879 -0.010239 0.999888
vn -0.014078 -0.009039 0.999860
vn -0.006399 -0.016717 0.999840
vn -0.009999 0.008159 0.999917
vn 0.007200 -0.009039 0.999933
vn 0.003839 0.020795 0.999776
vn 0.016477 0.008159 0.999831
vn 0.013676 0.018955 0.999727
vn 0.011837 0.020794 0.999714
vn 0.010159 0.005760 0.999932
vn -0.003039 0.018957 0.999816
vn -0.003440 -0.005360 0.999980
vn -0.014558 0.005759 0.999877
vn -0.013599 -0.004240 0.999899
vn -0.012479 -0.005360 0.999908
vn -0.010319 0.006240 0.999927
vn 0.000160 -0.004240 0.999991
vn 0.003200 0.013199 0.999908
vn 0.010159 0.006240 0.999929
vn 0.013678 0.006879 0.999883
vn 0.007359 0.013198 0.999886
vn 0.010879 -0.009519 0.999896
vn -0.005520 0.006880 0.999961
vn -0.002639 -0.022154 0.999751
vn -0.015278 -0.009518 0.999838
vn -0.013436 -0.020234 0.999705
vn -0.011516 -0.022153 0.999688
vn -0.010959 -0.006319 0.999920
vn 0.002959 -0.020236 0.999791
vn 0.002160 0.006800 0.999975
vn 0.015278 -0.006319 0.999863
vn 0.013198 0.007679 0.999883
vn 0.014078 0.006799 0.999878
vn 0.011119 -0.001920 0.999936
vn 0.001520 0.007680 0.999969
vn -0.002000 -0.009680 0.999951
vn -0.009760 -0.001920 0.999951
vn -0.013279 -0.004960 0.999900
vn -0.008559 -0.009679 0.999917
vn -0.011599 0.009999 0.999883
vn 0.003360 -0.004960 0.999982
vn 0.001440 0.022234 0.999752
vn 0.013678 0.009999 0.999856
vn 0.013036 0.020394 0.999707
vn 0.011197 0.022233 0.999690
vn 0.011759 0.005760 0.999914
vn -0.002879 0.020396 0.999788
vn -0.000880 -0.008960 0.999959
vn -0.015598 0.005759 0.999862
vn -0.012718 -0.011518 0.999853
vn -0.015278 -0.008959 0.999843
vn -0.011839 -0.002480 0.999927
vn -0.002800 -0.011519 0.999930
vn 0.000800 0.006320 0.999980
vn 0.009600 -0.002480 0.999951
vn 0.012639 0.003840 0.999913
vn 0.010159 0.006320 0.999928
vn 0.012239 -0.009439 0.999881
vn -0.001040 0.003840 0.999992
vn -0.001840 -0.021275 0.999772
vn -0.013678 -0.009439 0.999862
vn -0.063857 -0.019397 0.997771
vn -0.062026 -0.021234 0.997849
vn -0.115932 -0.004450 0.993247
vn -0.101218 -0.019337 0.994676
vn -0.129843 0.011263 0.991471
vn -0.114364 -0.004451 0.993429
vn -0.117722 0.015251 0.992929
vn -0.113808 0.011285 0.993439
vn -0.091374 0.006532 0.995795
vn -0.100044 0.015281 0.994866
vn -0.050894 -0.003755 0.998697
vn -0.061164 0.006548 0.998106
vn -0.013679 -0.003520 0.999900
vn -0.013439 -0.003760 0.999903
vn 0.010479 -0.011599 0.999878
vn -0.002400 0.001280 0.999996
vn -0.002080 -0.019196 0.999814
vn -0.009679 -0.011599 0.999886
vn -0.010879 -0.012318 0.999865
vn -0.003999 -0.019196 0.999808
vn -0.006400 0.004560 0.999969
vn 0.010479 -0.012318 0.999869
vn 0.007199 0.017517 0.999821
vn 0.020156 0.004559 0.999786
vn 0.016476 0.016396 0.999730
vn 0.015356 0.017515 0.999729
vn 0.011839 0.004400 0.999920
vn -0.000160 0.016398 0.999866
vn -0.003040 -0.005440 0.999981
vn -0.012879 0.004400 0.999907
vn -0.014558 -0.002960 0.999890
vn -0.012079 -0.005440 0.999912
vn -0.012479 0.008639 0.999885
vn -0.000880 -0.002960 0.999995
vn 0.000160 0.016318 0.999867
vn 0.007839 0.008639 0.999932
vn 0.010159 0.010319 0.999895
vn 0.004159 0.016318 0.999858
vn 0.007360 -0.006160 0.999954
vn -0.009119 0.010319 0.999905
vn -0.005519 -0.019436 0.999796
vn -0.018796 -0.006159 0.999804
vn -0.015276 -0.018635 0.999710
vn -0.014476 -0.019434 0.999706
vn -0.011519 -0.005999 0.999916
vn 0.001120 -0.018637 0.999826
vn 0.002960 0.005760 0.999979
vn 0.014718 -0.005999 0.999874
vn 0.015278 0.005439 0.999868
vn 0.014958 0.005759 0.999872
vn 0.014078 -0.004959 0.999889
vn 0.003680 0.005440 0.999978
vn 0.001520 -0.013119 0.999913
vn -0.006640 -0.004960 0.999966
vn -0.009759 -0.008319 0.999918
vn -0.004960 -0.013119 0.999902
vn -0.008559 0.007200 0.999937
vn 0.006960 -0.008320 0.999941
vn 0.003359 0.020556 0.999783
vn 0.016717 0.007199 0.999834
vn 0.013676 0.020074 0.999705
vn 0.013196 0.020554 0.999702
vn 0.011199 0.006639 0.999915
vn -0.002240 0.020076 0.999796
vn -0.002880 -0.006800 0.999973
vn -0.016317 0.006639 0.999845
vn -0.015598 -0.008559 0.999842
vn -0.017357 -0.006799 0.999826
vn -0.015278 0.000960 0.999883
vn -0.005760 -0.008560 0.999947
vn -0.002800 0.009759 0.999948
vn 0.006000 0.000960 0.999982
vn 0.009599 0.006720 0.999931
vn 0.006560 0.009759 0.999931
vn 0.010159 -0.007679 0.999919
vn -0.004240 0.006720 0.999968
vn -0.001040 -0.020716 0.999785
vn -0.014078 -0.007679 0.999871
vn -0.013676 -0.020234 0.999702
vn -0.013196 -0.020714 0.999698
vn -0.062039 -0.006467 0.998053
vn -0.048334 -0.020212 0.998627
vn -0.101234 0.008436 0.994827
vn -0.086473 -0.006456 0.996233
vn -0.114357 0.011841 0.993369
vn -0.110986 0.008427 0.993786
vn -0.113815 0.003100 0.993497
vn -0.122423 0.011829 0.992407
vn -0.100053 -0.006686 0.994960
vn -0.109733 0.003101 0.993956
vn -0.061164 -0.005510 0.998113
vn -0.059971 -0.006708 0.998178
vn -0.013438 0.007199 0.999884
vn -0.000720 -0.005520 0.999985
vn -0.002400 -0.019436 0.999808
vn -0.011199 -0.010639 0.999881
vn -0.009679 -0.013918 0.999856
vn -0.004159 -0.019436 0.999802
vn -0.004000 0.002000 0.999990
vn 0.011918 -0.013918 0.999832
vn 0.010478 0.014318 0.999843
vn 0.022794 0.001999 0.999738
vn 0.020154 0.013036 0.999712
vn 0.018875 0.014316 0.999719
vn 0.015358 0.001360 0.999881
vn 0.003680 0.013039 0.999908
vn -0.000160 -0.007680 0.999970
vn -0.009200 0.001360 0.999957
vn -0.012879 -0.004080 0.999909
vn -0.009279 -0.007679 0.999927
vn -0.012079 0.008799 0.999888
vn 0.000800 -0.004080 0.999991
vn -0.000880 0.017837 0.999841
vn 0.008159 0.008799 0.999928
vn 0.007839 0.012879 0.999886
vn 0.002880 0.017837 0.999837
vn 0.004160 -0.002880 0.999987
vn -0.011598 0.012878 0.999850
vn -0.009118 -0.016077 0.999829
vn -0.022314 -0.002879 0.999747
vn -0.018794 -0.015595 0.999702
vn -0.018315 -0.016075 0.999703
vn -0.014478 -0.003680 0.999888
vn -0.002560 -0.015598 0.999875
vn 0.001120 0.006960 0.999975
vn 0.011759 -0.003680 0.999924
vn 0.014718 0.005359 0.999877
vn 0.013119 0.006959 0.999890
vn 0.014958 -0.006319 0.999868
vn 0.003280 0.005360 0.999980
vn 0.003680 -0.015518 0.999873
vn -0.005520 -0.006320 0.999965
vn -0.006639 -0.011519 0.999912
vn -0.002640 -0.015518 0.999876
vn -0.004960 0.003840 0.999980
vn 0.010399 -0.011519 0.999880
vn 0.006959 0.017437 0.999824
vn 0.020556 0.003839 0.999781
vn 0.016715 0.017595 0.999705
vn 0.016875 0.017435 0.999706
vn 0.013199 0.005279 0.999899
vn 0.000880 0.017597 0.999845
vn -0.002240 -0.006880 0.999974
vn -0.014398 0.005279 0.999882
vn -0.016317 -0.007279 0.999840
vn -0.016717 -0.006879 0.999837
vn -0.017357 0.003279 0.999844
vn -0.006800 -0.007280 0.999950
vn -0.005759 0.012799 0.999902
vn 0.003760 0.003280 0.999988
vn 0.006000 0.010079 0.999931
vn 0.003280 0.012799 0.999913
vn 0.006560 -0.004480 0.999968
vn -0.007999 0.010079 0.999917
vn -0.004239 -0.018077 0.999828
vn -0.017837 -0.004479 0.999831
vn -0.014076 -0.018715 0.999726
vn -0.014716 -0.018075 0.999728
vn -0.013199 -0.006159 0.999894
vn -0.000640 -0.018717 0.999825
vn -0.048342 0.007351 0.998804
vn -0.034858 -0.006156 0.999373
vn -0.086471 0.009643 0.996208
vn -0.084178 0.007334 0.996424
vn -0.110990 0.000159 0.993822
vn -0.120314 0.009609 0.992689
vn -0.122426 -0.010004 0.992427
vn -0.132423 0.000159 0.991193
vn -0.109729 -0.008667 0.993924
vn -0.108392 -0.010020 0.994058
vn -0.059971 0.004552 0.998190
vn -0.046747 -0.008710 0.998869
vn -0.000720 0.017997 0.999838
vn 0.012719 0.004560 0.999909
vn -0.011198 -0.013118 0.999851
vn -0.006799 -0.017517 0.999823
vn -0.004160 0.001600 0.999990
vn 0.010559 -0.013118 0.999858
vn 0.011918 0.012718 0.999848
vn 0.023034 0.001600 0.999733
vn 0.022793 0.010477 0.999685
vn 0.020554 0.012716 0.999708
vn 0.018877 -0.001840 0.999820
vn 0.006559 0.010479 0.999924
vn 0.003680 -0.010959 0.999933
vn -0.005440 -0.001840 0.999984
vn -0.009199 -0.006960 0.999933
vn -0.005200 -0.010959 0.999926
vn -0.009279 0.006800 0.999934
vn 0.004480 -0.006960 0.999966
vn 0.000800 0.016878 0.999857
vn 0.010879 0.006799 0.999918
vn 0.008159 0.013118 0.999881
vn 0.004399 0.016877 0.999848
vn 0.002880 -0.001440 0.999995
vn -0.011678 0.013118 0.999846
vn -0.011598 -0.013598 0.999840
vn -0.023753 -0.001440 0.999717
vn -0.022313 -0.012476 0.999673
vn -0.021193 -0.013596 0.999683
vn -0.018317 -0.000400 0.999832
vn -0.006239 -0.012479 0.999903
vn -0.002560 0.009839 0.999948
vn 0.007680 -0.000400 0.999970
vn 0.011759 0.007519 0.999903
vn 0.009439 0.009839 0.999907
vn 0.013119 -0.005199 0.999900
vn 0.000400 0.007520 0.999972
vn 0.003280 -0.015678 0.999872
vn -0.007200 -0.005200 0.999961
vn -0.005519 -0.012879 0.999902
vn -0.002720 -0.015678 0.999873
vn -0.002640 0.001520 0.999995
vn 0.011758 -0.012878 0.999848
vn 0.010398 0.014318 0.999843
vn 0.023194 0.001520 0.999730
vn 0.020554 0.014316 0.999686
vn 0.020554 0.014316 0.999686
vn 0.016878 0.002320 0.999855
vn 0.004879 0.014318 0.999886
vn 0.000880 -0.009120 0.999958
vn -0.010559 0.002320 0.999942
vn -0.014398 -0.008479 0.999860
vn -0.013758 -0.009119 0.999864
vn -0.016718 0.003280 0.999855
vn -0.004960 -0.008480 0.999952
vn -0.006799 0.014158 0.999877
vn 0.004080 0.003280 0.999986
vn 0.003760 0.012399 0.999916
vn 0.002000 0.014159 0.999898
vn 0.003280 -0.001440 0.999994
vn -0.010559 0.012398 0.999867
vn -0.007999 -0.014878 0.999857
vn -0.021435 -0.001440 0.999769
vn -0.017835 -0.015756 0.999717
vn -0.018715 -0.014876 0.999714
vn -0.014718 -0.003840 0.999884
vn -0.002800 -0.015758 0.999872
vn -0.000640 0.008640 0.999962
vn 0.011839 -0.003840 0.999923
vn -0.034857 0.009834 0.999344
vn -0.033660 0.008635 0.999396
vn -0.084180 -0.001036 0.996450
vn -0.094925 0.009795 0.995436
vn -0.120311 -0.012230 0.992661
vn -0.131332 -0.001031 0.991338
vn -0.132415 -0.011576 0.991127
vn -0.131790 -0.012212 0.991202
vn -0.108397 0.001272 0.994107
vn -0.095633 -0.011626 0.995349
vn -0.046744 0.014942 0.998795
vn -0.033102 0.001279 0.999451
vn 0.012717 0.016636 0.999781
vn 0.014397 0.014957 0.999784
vn -0.006800 0.003360 0.999971
vn 0.007039 -0.010479 0.999920
vn 0.010558 0.013438 0.999854
vn 0.020635 0.003359 0.999781
vn 0.023033 0.009917 0.999686
vn 0.019515 0.013436 0.999719
vn 0.020556 -0.003439 0.999783
vn 0.007199 0.009919 0.999925
vn 0.006559 -0.013438 0.999888
vn -0.003440 -0.003440 0.999988
vn -0.005440 -0.009999 0.999935
vn -0.002000 -0.013439 0.999908
vn -0.005200 0.003680 0.999980
vn 0.008479 -0.009999 0.999914
vn 0.004480 0.014158 0.999890
vn 0.014958 0.003680 0.999881
vn 0.010879 0.011279 0.999877
vn 0.007999 0.014158 0.999868
vn 0.004400 -0.002240 0.999988
vn -0.009119 0.011279 0.999895
vn -0.011678 -0.013198 0.999845
vn -0.022634 -0.002239 0.999741
vn -0.023752 -0.011036 0.999657
vn -0.021593 -0.013196 0.999680
vn -0.021195 0.002000 0.999773
vn -0.008159 -0.011039 0.999906
vn -0.006239 0.012799 0.999899
vn 0.004560 0.002000 0.999988
vn 0.007679 0.010719 0.999913
vn 0.005599 0.012799 0.999902
vn 0.009440 -0.002480 0.999952
vn -0.003760 0.010719 0.999935
vn 0.000400 -0.013679 0.999906
vn -0.010799 -0.002480 0.999939
vn -0.007199 -0.011919 0.999903
vn -0.005439 -0.013679 0.999892
vn -0.002720 0.001200 0.999996
vn 0.010399 -0.011919 0.999875
vn 0.011758 0.012958 0.999847
vn 0.023513 0.001200 0.999723
vn 0.023192 0.011996 0.999659
vn 0.022233 0.012956 0.999669
vn 0.020556 -0.000640 0.999789
vn 0.007919 0.011999 0.999897
vn 0.004880 -0.012239 0.999913
vn -0.006720 -0.000640 0.999977
vn -0.010559 -0.011359 0.999880
vn -0.009679 -0.012239 0.999878
vn -0.013759 0.001200 0.999905
vn -0.001200 -0.011359 0.999935
vn -0.004960 0.013039 0.999903
vn 0.006880 0.001200 0.999976
vn 0.004080 0.012399 0.999915
vn 0.003440 0.013039 0.999909
vn 0.002000 -0.000240 0.999998
vn -0.010639 0.012398 0.999867
vn -0.010559 -0.012638 0.999864
vn -0.022954 -0.000240 0.999736
vn -0.021433 -0.012796 0.999688
vn -0.021593 -0.012636 0.999687
vn -0.018717 -0.000720 0.999825
vn -0.006639 -0.012799 0.999896
vn -0.002800 0.011519 0.999930
vn 0.009440 -0.000720 0.999955
vn 0.011838 0.012078 0.999857
vn 0.012398 0.011518 0.999857
vn -0.033661 0.000160 0.999433
vn -0.045549 0.012067 0.998889
vn -0.094922 -0.012184 0.995410
vn -0.107140 0.000159 0.994244
vn -0.131322 -0.012688 0.991259
vn -0.131868 -0.012132 0.991193
vn -0.131800 -0.000872 0.991276
vn -0.120153 -0.012706 0.992674
vn -0.095633 0.012103 0.995343
vn -0.082755 -0.000877 0.996570
vn -0.033099 0.013511 0.999361
vn -0.031742 0.012153 0.999422
vn 0.014398 0.002080 0.999894
vn 0.002960 0.013519 0.999904
vn 0.007039 0.016078 0.999846
vn 0.016717 0.006399 0.999840
vn 0.020634 0.011757 0.999718
vn 0.016316 0.016076 0.999738
vn 0.019516 -0.002719 0.999806
vn 0.005040 0.011759 0.999918
vn 0.007199 -0.013918 0.999877
vn -0.004000 -0.002720 0.999988
vn -0.003440 -0.011519 0.999928
vn -0.001040 -0.013919 0.999903
vn -0.002000 0.001200 0.999997
vn 0.010719 -0.011519 0.999876
vn 0.008479 0.011119 0.999902
vn 0.018397 0.001200 0.999830
vn 0.014958 0.008159 0.999855
vn 0.011998 0.011119 0.999866
vn 0.008000 -0.004960 0.999956
vn -0.005120 0.008160 0.999954
vn -0.009119 -0.015118 0.999844
vn -0.019276 -0.004959 0.999802
vn -0.022633 -0.011836 0.999674
vn -0.019354 -0.015115 0.999698
vn -0.021595 0.002399 0.999764
vn -0.007359 -0.011839 0.999903
vn -0.008159 0.014318 0.999864
vn 0.003760 0.002400 0.999990
vn 0.004560 0.013119 0.999904
vn 0.003360 0.014318 0.999892
vn 0.005600 0.000480 0.999984
vn -0.007039 0.013119 0.999889
vn -0.003760 -0.010559 0.999937
vn -0.014798 0.000480 0.999890
vn -0.010799 -0.009199 0.999899
vn -0.009439 -0.010559 0.999900
vn -0.005440 0.003200 0.999980
vn 0.006960 -0.009199 0.999933
vn 0.010398 0.013918 0.999849
vn 0.021115 0.003199 0.999772
vn 0.023512 0.011676 0.999655
vn 0.021273 0.013916 0.999677
vn 0.022234 -0.002000 0.999751
vn 0.008559 0.011679 0.999895
vn 0.007919 -0.014558 0.999863
vn -0.004640 -0.002000 0.999987
vn -0.006719 -0.014318 0.999875
vn -0.006479 -0.014558 0.999873
vn -0.009680 -0.001920 0.999951
vn 0.002720 -0.014318 0.999894
vn -0.001200 0.010239 0.999947
vn 0.010959 -0.001920 0.999938
vn 0.006879 0.010319 0.999923
vn 0.006959 0.010239 0.999923
vn 0.003440 -0.001200 0.999993
vn -0.008079 0.010319 0.999914
vn -0.010639 -0.012478 0.999866
vn -0.021915 -0.001200 0.999759
vn -0.022952 -0.011516 0.999670
vn -0.021993 -0.012476 0.999680
vn -0.021595 0.001520 0.999766
vn -0.008559 -0.011519 0.999897
vn -0.006639 0.014478 0.999873
vn 0.006320 0.001520 0.999979
vn 0.009439 0.015118 0.999841
vn 0.010078 0.014478 0.999844
vn 0.012399 0.003040 0.999919
vn 0.000320 0.015118 0.999886
vn -0.045550 -0.009989 0.998912
vn -0.058539 0.003035 0.998280
vn -0.107133 -0.011532 0.994178
vn -0.108706 -0.009940 0.994024
vn -0.131878 -0.000872 0.991266
vn -0.121407 -0.011513 0.992536
vn -0.120156 0.010959 0.992695
vn -0.108476 -0.000875 0.994099
vn -0.082750 0.011320 0.996506
vn -0.082433 0.011002 0.996536
vn -0.031744 -0.000800 0.999496
vn -0.043875 0.011348 0.998973
vn 0.002960 -0.013999 0.999898
vn -0.010239 -0.000800 0.999947
vn 0.016716 0.014876 0.999750
vn 0.012397 0.019195 0.999739
vn 0.016318 -0.000080 0.999867
vn 0.001360 0.014878 0.999888
vn 0.005040 -0.012079 0.999914
vn -0.006960 -0.000080 0.999976
vn -0.004000 -0.010879 0.999933
vn -0.002800 -0.012079 0.999923
vn -0.001040 0.000640 0.999999
vn 0.010479 -0.010879 0.999886
vn 0.010719 0.009519 0.999897
vn 0.019596 0.000640 0.999808
vn 0.018397 0.005599 0.999815
vn 0.014478 0.009519 0.999850
vn 0.011999 -0.008079 0.999895
vn -0.001680 0.005600 0.999983
vn -0.005119 -0.018317 0.999819
vn -0.015358 -0.008079 0.999849
vn -0.019274 -0.014636 0.999707
vn -0.015595 -0.018315 0.999711
vn -0.019356 0.000400 0.999813
vn -0.004319 -0.014638 0.999884
vn -0.007359 0.013518 0.999882
vn 0.005760 0.000400 0.999983
vn 0.003760 0.013519 0.999902
vn 0.003760 0.013519 0.999902
vn 0.003360 0.002080 0.999992
vn -0.008079 0.013518 0.999876
vn -0.007040 -0.008080 0.999943
vn -0.017197 0.002080 0.999850
vn -0.014798 -0.006159 0.999872
vn -0.012879 -0.008079 0.999884
vn -0.009439 0.006400 0.999935
vn 0.003120 -0.006160 0.999976
vn 0.006959 0.016717 0.999836
vn 0.017277 0.006399 0.999830
vn 0.021113 0.013756 0.999682
vn 0.018154 0.016715 0.999695
vn 0.021275 -0.001040 0.999773
vn 0.006479 0.013758 0.999884
vn 0.008559 -0.014798 0.999854
vn -0.005200 -0.001040 0.999986
vn -0.004639 -0.015758 0.999865
vn -0.005599 -0.014798 0.999875
vn -0.006480 -0.004320 0.999970
vn 0.004959 -0.015758 0.999864
vn 0.002720 0.007200 0.999970
vn 0.014238 -0.004320 0.999889
vn 0.010959 0.007119 0.999915
vn 0.010879 0.007199 0.999915
vn 0.006960 -0.004080 0.999967
vn -0.004240 0.007120 0.999966
vn -0.008079 -0.014638 0.999860
vn -0.018637 -0.004079 0.999818
vn -0.021913 -0.012636 0.999680
vn -0.019914 -0.014636 0.999695
vn -0.021995 0.001600 0.999757
vn -0.007759 -0.012639 0.999890
vn -0.008559 0.015757 0.999839
vn 0.005600 0.001600 0.999983
vn 0.006319 0.017437 0.999828
vn 0.007999 0.015758 0.999844
vn 0.010079 0.006080 0.999931
vn -0.001280 0.017437 0.999847
vn 0.000320 -0.006880 0.999976
vn -0.012639 0.006079 0.999902
vn -0.058537 -0.008705 0.998247
vn -0.060368 -0.006867 0.998153
vn -0.108712 0.001352 0.994072
vn -0.098791 -0.008677 0.995070
vn -0.121406 0.012149 0.992529
vn -0.110754 0.001352 0.993847
vn -0.108469 0.011213 0.994037
vn -0.109411 0.012166 0.993922
vn -0.082438 -0.001993 0.996594
vn -0.095555 0.011228 0.995361
vn -0.043872 -0.016222 0.998905
vn -0.058062 -0.001997 0.998311
vn -0.010238 -0.018556 0.999775
vn -0.012557 -0.016237 0.999789
vn 0.012399 0.003200 0.999918
vn -0.002160 0.017757 0.999840
vn 0.001360 -0.008800 0.999960
vn -0.010639 0.003200 0.999938
vn -0.006960 -0.008160 0.999942
vn -0.006320 -0.008799 0.999941
vn -0.002800 0.002400 0.999993
vn 0.007760 -0.008159 0.999937
vn 0.010479 0.010079 0.999894
vn 0.018157 0.002400 0.999832
vn 0.019596 0.004959 0.999796
vn 0.014478 0.010078 0.999844
vn 0.014478 -0.009918 0.999846
vn -0.000400 0.004960 0.999988
vn -0.001680 -0.021035 0.999777
vn -0.012798 -0.009919 0.999869
vn -0.015356 -0.017835 0.999723
vn -0.012156 -0.021034 0.999705
vn -0.015598 -0.002800 0.999874
vn -0.000560 -0.017837 0.999841
vn -0.004320 0.010719 0.999933
vn 0.009200 -0.002800 0.999954
vn 0.005760 0.011519 0.999917
vn 0.006559 0.010719 0.999921
vn 0.003760 0.001280 0.999992
vn -0.006479 0.011519 0.999913
vn -0.008080 -0.007600 0.999938
vn -0.016958 0.001280 0.999855
vn -0.017197 -0.004399 0.999842
vn -0.013998 -0.007599 0.999873
vn -0.012878 0.009119 0.999875
vn 0.000640 -0.004400 0.999990
vn 0.003119 0.019996 0.999795
vn 0.013998 0.009119 0.999860
vn 0.017275 0.017115 0.999704
vn 0.014396 0.019994 0.999696
vn 0.018157 0.001840 0.999833
vn 0.002880 0.017117 0.999849
vn 0.006479 -0.012719 0.999898
vn -0.008080 0.001840 0.999966
vn -0.005199 -0.014878 0.999876
vn -0.007359 -0.012719 0.999892
vn -0.005600 -0.004720 0.999973
vn 0.004559 -0.014878 0.999879
vn 0.004960 0.005600 0.999972
vn 0.015278 -0.004719 0.999872
vn 0.014238 0.004559 0.999888
vn 0.013199 0.005599 0.999897
vn 0.010879 -0.007359 0.999914
vn -0.001040 0.004560 0.999989
vn -0.004239 -0.017997 0.999829
vn -0.014878 -0.007359 0.999862
vn -0.018634 -0.015595 0.999705
vn -0.016235 -0.017995 0.999706
vn -0.019916 -0.000480 0.999802
vn -0.004799 -0.015598 0.999867
vn -0.007759 0.014798 0.999860
vn 0.007520 -0.000480 0.999972
vn 0.005599 0.017677 0.999828
vn 0.008479 0.014798 0.999855
vn 0.008000 0.007520 0.999940
vn -0.002160 0.017677 0.999841
vn -0.001280 -0.004400 0.999990
vn -0.013198 0.007519 0.999885
vn -0.012639 -0.005599 0.999904
vn -0.013839 -0.004400 0.999895
vn -0.060369 0.004711 0.998165
vn -0.050096 -0.005593 0.998729
vn -0.098783 0.015124 0.994994
vn -0.088451 0.004701 0.996069
vn -0.110744 0.013515 0.993757
vn -0.112312 0.015102 0.993558
vn -0.109419 -0.000795 0.993995
vn -0.123515 0.013495 0.992251
vn -0.095548 -0.016323 0.995291
vn -0.110911 -0.000795 0.993830
vn -0.058050 -0.019803 0.998117
vn -0.061475 -0.016367 0.997974
vn -0.012558 -0.009439 0.999877
vn -0.002160 -0.019836 0.999801
vn -0.002160 -0.005680 0.999982
vn -0.013279 0.005439 0.999897
vn -0.010639 -0.004720 0.999932
vn -0.009679 -0.005680 0.999937
vn -0.006320 0.005760 0.999963
vn 0.004160 -0.004720 0.999980
vn 0.007759 0.012879 0.999887
vn 0.014878 0.005759 0.999873
vn 0.018157 0.006639 0.999813
vn 0.011918 0.012878 0.999846
vn 0.014478 -0.009519 0.999850
vn -0.001680 0.006640 0.999977
vn -0.000400 -0.021995 0.999758
vn -0.012878 -0.009519 0.999872
vn -0.012796 -0.019994 0.999718
vn -0.010797 -0.021993 0.999700
vn -0.012159 -0.005839 0.999909
vn 0.002000 -0.019996 0.999798
vn -0.000560 0.007200 0.999974
vn 0.012479 -0.005839 0.999905
vn 0.009199 0.008159 0.999924
vn 0.010159 0.007199 0.999922
vn 0.006560 -0.001440 0.999977
vn -0.003040 0.008160 0.999962
vn -0.006480 -0.009359 0.999935
vn -0.014398 -0.001440 0.999895
vn -0.016957 -0.004879 0.999844
vn -0.012478 -0.009359 0.999878
vn -0.013998 0.009919 0.999853
vn 0.000800 -0.004880 0.999988
vn 0.000640 0.021995 0.999758
vn 0.012718 0.009919 0.999870
vn 0.013996 0.019994 0.999702
vn 0.011996 0.021993 0.999686
vn 0.014398 0.005279 0.999882
vn -0.000320 0.019996 0.999800
vn 0.002880 -0.009360 0.999952
vn -0.011759 0.005280 0.999917
vn -0.008079 -0.011999 0.999895
vn -0.010719 -0.009359 0.999899
vn -0.007360 -0.002800 0.999969
vn 0.001840 -0.011999 0.999926
vn 0.004560 0.006320 0.999970
vn 0.013679 -0.002800 0.999903
vn 0.015278 0.003920 0.999876
vn 0.012879 0.006319 0.999897
vn 0.013198 -0.009199 0.999871
vn 0.000080 0.003920 0.999992
vn -0.001040 -0.020795 0.999783
vn -0.012638 -0.009199 0.999878
vn -0.014876 -0.018954 0.999710
vn -0.013036 -0.020794 0.999699
vn -0.016238 -0.003999 0.999860
vn -0.001280 -0.018957 0.999819
vn -0.004800 0.011759 0.999919
vn 0.010959 -0.004000 0.999932
vn 0.007519 0.015598 0.999850
vn 0.011358 0.011758 0.999866
vn 0.008480 0.006720 0.999941
vn -0.000400 0.015598 0.999878
vn -0.002160 -0.003840 0.999990
vn -0.012719 0.006719 0.999897
vn -0.013199 -0.003760 0.999906
vn -0.013119 -0.003840 0.999907
vn -0.013838 0.007519 0.999876
vn -0.002560 -0.003760 0.999990
vn -0.050088 0.018534 0.998573
vn -0.039089 0.007514 0.999207
vn -0.088439 0.017050 0.995936
vn -0.089859 0.018482 0.995783
vn -0.112324 0.002146 0.993669
vn -0.126946 0.016979 0.991764
vn -0.123514 -0.014050 0.992243
vn -0.139424 0.002139 0.990230
vn -0.110892 -0.018760 0.993655
vn -0.115530 -0.014064 0.993204
vn -0.061480 -0.009821 0.998060
vn -0.052478 -0.018851 0.998444
vn -0.002160 0.002240 0.999995
vn 0.009919 -0.009839 0.999902
vn -0.013279 -0.002160 0.999910
vn -0.011119 -0.004320 0.999929
vn -0.009679 0.009119 0.999912
vn 0.001600 -0.002160 0.999996
vn 0.004159 0.016398 0.999857
vn 0.011439 0.009119 0.999893
vn 0.014878 0.009918 0.999840
vn 0.008399 0.016397 0.999830
vn 0.011919 -0.006959 0.999905
vn -0.004960 0.009919 0.999939
vn -0.001680 -0.020556 0.999787
vn -0.015278 -0.006959 0.999859
vn -0.012876 -0.019834 0.999720
vn -0.012157 -0.020554 0.999715
vn -0.010799 -0.007119 0.999916
vn 0.001920 -0.019836 0.999801
vn 0.002000 0.004800 0.999986
vn 0.013918 -0.007119 0.999878
vn 0.012479 0.004960 0.999910
vn 0.012639 0.004800 0.999909
vn 0.010159 -0.005040 0.999936
vn 0.000160 0.004960 0.999988
vn -0.003040 -0.012799 0.999913
vn -0.010799 -0.005040 0.999929
vn -0.014398 -0.007599 0.999867
vn -0.009199 -0.012798 0.999876
vn -0.012479 0.008239 0.999888
vn 0.003360 -0.007600 0.999965
vn 0.000800 0.021675 0.999765
vn 0.014238 0.008239 0.999865
vn 0.012716 0.021114 0.999696
vn 0.012156 0.021673 0.999691
vn 0.011999 0.007599 0.999899
vn -0.001520 0.021115 0.999776
vn -0.000320 -0.006240 0.999980
vn -0.014158 0.007599 0.999871
vn -0.011759 -0.008399 0.999896
vn -0.013918 -0.006239 0.999884
vn -0.010719 0.000640 0.999942
vn -0.001680 -0.008400 0.999963
vn 0.001840 0.009040 0.999957
vn 0.010239 0.000640 0.999947
vn 0.013679 0.005599 0.999891
vn 0.010239 0.009039 0.999907
vn 0.012878 -0.008799 0.999878
vn -0.001520 0.005600 0.999983
vn 0.000080 -0.021835 0.999762
vn -0.012958 -0.008799 0.999877
vn -0.012636 -0.021194 0.999696
vn -0.011996 -0.021833 0.999690
vn -0.013039 -0.007039 0.999890
vn 0.001120 -0.021195 0.999775
vn -0.001280 0.008320 0.999965
vn 0.014078 -0.007039 0.999876
vn 0.010959 0.012238 0.999865
vn 0.014878 0.008319 0.999855
vn 0.011359 0.003840 0.999928
vn 0.002960 0.012239 0.999921
vn -0.000400 -0.005680 0.999984
vn -0.009919 0.003840 0.999943
vn -0.012719 -0.004320 0.999910
vn -0.011359 -0.005680 0.999919
vn -0.013118 0.008319 0.999879
vn -0.000480 -0.004320 0.999991
vn -0.002559 0.020636 0.999784
vn 0.009759 0.008319 0.999918
vn -0.039082 0.020061 0.999035
vn -0.039640 0.020619 0.999001
vn -0.089873 0.005657 0.995937
vn -0.104051 0.019967 0.994372
vn -0.126957 -0.010633 0.991851
vn -0.142915 0.005622 0.989719
vn -0.139407 -0.015842 0.990108
vn -0.144538 -0.010607 0.989442
vn -0.115537 -0.007787 0.993273
vn -0.107519 -0.015905 0.994076
vn -0.052487 0.002956 0.998617
vn -0.041722 -0.007833 0.999099
vn 0.009919 0.004000 0.999943
vn 0.010959 0.002960 0.999936
vn -0.011119 0.010719 0.999881
vn 0.001440 -0.001840 0.999997
vn 0.001600 0.019116 0.999816
vn 0.009999 0.010719 0.999893
vn 0.011438 0.013358 0.999845
vn 0.005679 0.019116 0.999801
vn 0.008400 -0.003440 0.999959
vn -0.008399 0.013358 0.999875
vn -0.004959 -0.017357 0.999837
vn -0.018877 -0.003439 0.999816
vn -0.015276 -0.017595 0.999728
vn -0.015516 -0.017355 0.999729
vn -0.012159 -0.005999 0.999908
vn -0.000560 -0.017597 0.999845
vn 0.001920 0.004640 0.999987
vn 0.012559 -0.005999 0.999903
vn 0.013919 0.003440 0.999897
vn 0.012719 0.004640 0.999908
vn 0.012639 -0.007679 0.999891
vn 0.001520 0.003440 0.999993
vn 0.000160 -0.016078 0.999871
vn -0.008239 -0.007680 0.999937
vn -0.010799 -0.011119 0.999880
vn -0.005839 -0.016078 0.999854
vn -0.009199 0.005120 0.999945
vn 0.007039 -0.011119 0.999913
vn 0.003359 0.019356 0.999807
vn 0.017597 0.005119 0.999832
vn 0.014236 0.019834 0.999702
vn 0.014716 0.019354 0.999704
vn 0.012159 0.007679 0.999897
vn 0.000000 0.019836 0.999803
vn -0.001520 -0.004800 0.999987
vn -0.013998 0.007679 0.999873
vn -0.014158 -0.005839 0.999883
vn -0.015198 -0.004799 0.999873
vn -0.013919 0.003920 0.999895
vn -0.004160 -0.005840 0.999974
vn -0.001680 0.012559 0.999920
vn 0.006960 0.003920 0.999968
vn 0.010239 0.008959 0.999907
vn 0.006639 0.012559 0.999899
vn 0.010239 -0.006320 0.999928
vn -0.005040 0.008960 0.999947
vn -0.001520 -0.020396 0.999791
vn -0.015598 -0.006319 0.999858
vn -0.012956 -0.021034 0.999695
vn -0.013596 -0.020394 0.999700
vn -0.011999 -0.008319 0.999893
vn 0.000720 -0.021035 0.999778
vn 0.001120 0.005840 0.999982
vn 0.015278 -0.008319 0.999849
vn 0.014078 0.008959 0.999861
vn 0.017197 0.005839 0.999835
vn 0.014878 0.000240 0.999889
vn 0.006160 0.008959 0.999941
vn 0.002960 -0.009040 0.999955
vn -0.006320 0.000240 0.999980
vn -0.009919 -0.006959 0.999927
vn -0.007839 -0.009039 0.999928
vn -0.011359 0.006799 0.999912
vn 0.002400 -0.006960 0.999973
vn -0.000480 0.020396 0.999792
vn 0.013119 0.006799 0.999891
vn 0.009757 0.021194 0.999728
vn 0.010557 0.020395 0.999736
vn -0.039648 0.007993 0.999182
vn -0.052794 0.021166 0.998381
vn -0.104069 -0.007479 0.994542
vn -0.119298 0.007943 0.992827
vn -0.142907 -0.012272 0.989660
vn -0.147640 -0.007437 0.989013
vn -0.144544 -0.004433 0.989488
vn -0.136850 -0.012282 0.990516
vn -0.107531 0.005647 0.994186
vn -0.097532 -0.004459 0.995222
vn -0.041723 0.005595 0.999114
vn -0.041803 0.005675 0.999110
vn 0.010959 -0.006399 0.999919
vn -0.001040 0.005600 0.999984
vn 0.001440 0.019756 0.999804
vn 0.011119 0.010079 0.999887
vn 0.009998 0.015197 0.999835
vn 0.005439 0.019756 0.999790
vn 0.005680 -0.000560 0.999984
vn -0.010078 0.015197 0.999834
vn -0.008399 -0.013998 0.999867
vn -0.021835 -0.000560 0.999761
vn -0.018875 -0.014156 0.999722
vn -0.019035 -0.013996 0.999721
vn -0.015518 -0.003040 0.999875
vn -0.004400 -0.014158 0.999890
vn -0.000560 0.006640 0.999978
vn 0.009120 -0.003040 0.999954
vn 0.012559 0.004240 0.999912
vn 0.010159 0.006640 0.999926
vn 0.012719 -0.008239 0.999885
vn 0.000240 0.004240 0.999991
vn 0.001520 -0.017837 0.999840
vn -0.008079 -0.008239 0.999933
vn -0.008239 -0.013838 0.999870
vn -0.004239 -0.017837 0.999832
vn -0.005840 0.001760 0.999981
vn 0.009759 -0.013838 0.999857
vn 0.007039 0.015838 0.999850
vn 0.021115 0.001760 0.999775
vn 0.017595 0.016875 0.999703
vn 0.018634 0.015835 0.999701
vn 0.014718 0.005599 0.999876
vn 0.003439 0.016877 0.999852
vn 0.000000 -0.005760 0.999983
vn -0.011359 0.005600 0.999920
vn -0.013998 -0.005519 0.999887
vn -0.013758 -0.005759 0.999889
vn -0.015198 0.005519 0.999869
vn -0.004160 -0.005520 0.999976
vn -0.004159 0.015198 0.999876
vn 0.005520 0.005520 0.999970
vn 0.006959 0.012239 0.999901
vn 0.004000 0.015198 0.999877
vn 0.006640 -0.002880 0.999974
vn -0.008479 0.012239 0.999889
vn -0.005039 -0.017277 0.999838
vn -0.019436 -0.002879 0.999807
vn -0.015595 -0.018874 0.999700
vn -0.017195 -0.017275 0.999703
vn -0.013598 -0.007279 0.999881
vn -0.002000 -0.018877 0.999820
vn 0.000720 0.005680 0.999984
vn 0.013678 -0.007279 0.999880
vn 0.015278 0.007439 0.999856
vn 0.017037 0.005679 0.999839
vn 0.017197 -0.002320 0.999849
vn 0.007440 0.007440 0.999945
vn 0.006159 -0.012239 0.999906
vn -0.003760 -0.002320 0.999990
vn -0.006320 -0.010399 0.999926
vn -0.004480 -0.012239 0.999915
vn -0.007840 0.003680 0.999962
vn 0.006240 -0.010399 0.999926
vn 0.002400 0.017997 0.999835
vn 0.016718 0.003679 0.999853
vn 0.013116 0.019994 0.999714
vn 0.015116 0.017995 0.999724
vn 0.010559 0.008159 0.999911
vn -0.001280 0.019996 0.999799
vn -0.052805 -0.006151 0.998586
vn -0.067047 0.008141 0.997717
vn -0.119296 -0.009928 0.992809
vn -0.123055 -0.006113 0.992381
vn -0.147644 -0.001266 0.989040
vn -0.139185 -0.009902 0.990217
vn -0.136854 0.009034 0.990550
vn -0.126730 -0.001270 0.991936
vn -0.097529 0.008758 0.995194
vn -0.097844 0.009076 0.995160
vn -0.041803 -0.003917 0.999118
vn -0.054477 0.008787 0.998476
vn -0.001040 -0.017997 0.999837
vn -0.015118 -0.003920 0.999878
vn 0.011118 0.014717 0.999830
vn 0.007679 0.018156 0.999806
vn 0.005440 0.000160 0.999985
vn -0.009119 0.014718 0.999850
vn -0.010079 -0.012079 0.999876
vn -0.022314 0.000160 0.999751
vn -0.021833 -0.011357 0.999697
vn -0.021114 -0.012076 0.999704
vn -0.019037 0.000160 0.999819
vn -0.007519 -0.011359 0.999907
vn -0.004400 0.009839 0.999942
vn 0.005280 0.000160 0.999986
vn 0.009119 0.006960 0.999934
vn 0.006240 0.009839 0.999932
vn 0.010159 -0.006400 0.999928
vn -0.003200 0.006960 0.999971
vn 0.000240 -0.017197 0.999852
vn -0.010559 -0.006400 0.999924
vn -0.008079 -0.014558 0.999861
vn -0.005439 -0.017197 0.999837
vn -0.004240 -0.000080 0.999991
vn 0.010238 -0.014558 0.999842
vn 0.009759 0.013118 0.999866
vn 0.022954 -0.000080 0.999737
vn 0.021113 0.013676 0.999684
vn 0.021673 0.013116 0.999679
vn 0.018637 0.002240 0.999824
vn 0.007199 0.013678 0.999881
vn 0.003440 -0.008560 0.999957
vn -0.007360 0.002240 0.999970
vn -0.011359 -0.007439 0.999908
vn -0.010239 -0.008559 0.999911
vn -0.013759 0.004799 0.999894
vn -0.001520 -0.007440 0.999971
vn -0.004159 0.015758 0.999867
vn 0.006800 0.004800 0.999965
vn 0.005519 0.013918 0.999888
vn 0.003680 0.015758 0.999869
vn 0.004000 -0.000240 0.999992
vn -0.010158 0.013918 0.999852
vn -0.008479 -0.014158 0.999864
vn -0.022394 -0.000240 0.999749
vn -0.019434 -0.015595 0.999690
vn -0.020873 -0.014155 0.999682
vn -0.017197 -0.004399 0.999842
vn -0.005999 -0.015598 0.999860
vn -0.002000 0.007680 0.999969
vn 0.010079 -0.004400 0.999940
vn 0.013678 0.008319 0.999872
vn 0.014318 0.007679 0.999868
vn 0.017037 -0.002720 0.999851
vn 0.006000 0.008320 0.999947
vn 0.007439 -0.013838 0.999877
vn -0.003680 -0.002720 0.999990
vn -0.003760 -0.012959 0.999909
vn -0.002880 -0.013839 0.999900
vn -0.004480 0.000560 0.999990
vn 0.009039 -0.012958 0.999875
vn 0.006239 0.014718 0.999872
vn 0.020396 0.000560 0.999792
vn 0.016715 0.017115 0.999714
vn 0.019114 0.014716 0.999709
vn 0.015118 0.005999 0.999868
vn 0.003999 0.017117 0.999845
vn -0.001280 -0.007200 0.999973
vn -0.014478 0.005999 0.999877
vn -0.067046 -0.009658 0.997703
vn -0.069510 -0.007182 0.997555
vn -0.123058 0.000238 0.992400
vn -0.113340 -0.009617 0.993510
vn -0.139183 0.011486 0.990200
vn -0.128135 0.000238 0.991757
vn -0.126721 0.011902 0.991867
vn -0.126331 0.011506 0.991921
vn -0.097848 -0.000637 0.995201
vn -0.110275 0.011926 0.993830
vn -0.054473 -0.014936 0.998404
vn -0.068717 -0.000638 0.997636
vn -0.015116 -0.017915 0.999725
vn -0.018075 -0.014956 0.999725
vn 0.007680 -0.001280 0.999970
vn -0.005839 0.012239 0.999908
vn -0.009119 -0.012399 0.999882
vn -0.020236 -0.001280 0.999794
vn -0.022313 -0.010557 0.999695
vn -0.020474 -0.012396 0.999714
vn -0.021115 0.002160 0.999775
vn -0.008399 -0.010559 0.999909
vn -0.007519 0.012559 0.999893
vn 0.002880 0.002160 0.999994
vn 0.005280 0.010079 0.999935
vn 0.002800 0.012559 0.999917
vn 0.006240 -0.003360 0.999975
vn -0.007199 0.010079 0.999923
vn -0.003200 -0.014718 0.999887
vn -0.014558 -0.003360 0.999888
vn -0.010559 -0.012958 0.999860
vn -0.008799 -0.014718 0.999853
vn -0.005440 0.000400 0.999985
vn 0.007919 -0.012959 0.999885
vn 0.010239 0.012398 0.999871
vn 0.022235 0.000400 0.999753
vn 0.022952 0.011836 0.999666
vn 0.022393 0.012396 0.999672
vn 0.021675 -0.000400 0.999765
vn 0.009439 0.011839 0.999885
vn 0.007199 -0.011599 0.999907
vn -0.004000 -0.000400 0.999992
vn -0.007359 -0.010479 0.999918
vn -0.006239 -0.011599 0.999913
vn -0.010239 0.002240 0.999945
vn 0.002480 -0.010479 0.999942
vn -0.001520 0.013999 0.999901
vn 0.010239 0.002240 0.999945
vn 0.006799 0.013358 0.999888
vn 0.006159 0.013998 0.999883
vn 0.003680 0.000400 0.999993
vn -0.009279 0.013358 0.999868
vn -0.010159 -0.012398 0.999872
vn -0.022954 0.000400 0.999736
vn -0.022393 -0.012956 0.999665
vn -0.022952 -0.012396 0.999660
vn -0.020875 -0.001360 0.999781
vn -0.009279 -0.012958 0.999873
vn -0.006000 0.010799 0.999924
vn 0.006160 -0.001360 0.999980
vn 0.010079 0.010959 0.999889
vn 0.010239 0.010799 0.999889
vn 0.014319 -0.000880 0.999897
vn 0.002480 0.010959 0.999937
vn 0.005999 -0.013119 0.999896
vn -0.006240 -0.000880 0.999980
vn -0.003680 -0.013439 0.999903
vn -0.004000 -0.013119 0.999906
vn -0.002880 -0.001120 0.999995
vn 0.009439 -0.013438 0.999865
vn 0.009039 0.012239 0.999884
vn 0.022394 -0.001120 0.999749
vn 0.020394 0.014076 0.999693
vn 0.022233 0.012236 0.999678
vn 0.019116 0.002879 0.999813
vn 0.007919 0.014078 0.999870
vn 0.004000 -0.009919 0.999943
vn -0.008800 0.002880 0.999957
vn -0.014478 -0.011598 0.999828
vn -0.016157 -0.009918 0.999820
vn -0.069511 -0.000638 0.997581
vn -0.058615 -0.011579 0.998213
vn -0.113337 0.011842 0.993486
vn -0.101001 -0.000637 0.994886
vn -0.128124 0.013328 0.991669
vn -0.126643 0.011823 0.991878
vn -0.126339 0.001746 0.991986
vn -0.137703 0.013311 0.990384
vn -0.110275 -0.011926 0.993830
vn -0.123761 0.001746 0.992311
vn -0.068710 -0.014843 0.997526
vn -0.071571 -0.011968 0.997364
vn -0.018077 -0.004239 0.999828
vn -0.007439 -0.014878 0.999862
vn -0.005839 -0.014798 0.999873
vn -0.016398 -0.004239 0.999857
vn -0.020234 -0.011997 0.999723
vn -0.017435 -0.014796 0.999739
vn -0.020476 0.001840 0.999789
vn -0.006639 -0.011999 0.999906
vn -0.008399 0.013438 0.999874
vn 0.003200 0.001840 0.999993
vn 0.002880 0.011999 0.999924
vn 0.001440 0.013439 0.999909
vn 0.002800 -0.000720 0.999996
vn -0.009919 0.011999 0.999879
vn -0.007199 -0.011679 0.999906
vn -0.018157 -0.000720 0.999835
vn -0.014558 -0.009918 0.999845
vn -0.012798 -0.011678 0.999850
vn -0.008800 0.002880 0.999957
vn 0.004000 -0.009919 0.999943
vn 0.007919 0.014078 0.999870
vn 0.019116 0.002879 0.999813
vn 0.022233 0.012236 0.999678
vn 0.020394 0.014076 0.999693
vn 0.022394 -0.001120 0.999749
vn 0.009039 0.012239 0.999884
vn 0.009439 -0.013438 0.999865
vn -0.002880 -0.001120 0.999995
vn -0.004000 -0.013119 0.999906
vn -0.003680 -0.013439 0.999903
vn -0.006240 -0.000880 0.999980
vn 0.005999 -0.013119 0.999896
vn 0.002480 0.010959 0.999937
vn 0.014319 -0.000880 0.999897
vn 0.010239 0.010799 0.999889
vn 0.010079 0.010959 0.999889
vn 0.006160 -0.001360 0.999980
vn -0.006000 0.010799 0.999924
vn -0.009279 -0.012958 0.999873
vn -0.020875 -0.001360 0.999781
vn -0.022952 -0.012396 0.999660
vn -0.022393 -0.012956 0.999665
vn -0.022954 0.000400 0.999736
vn -0.010159 -0.012398 0.999872
vn -0.009279 0.013358 0.999868
vn 0.003680 0.000400 0.999993
vn 0.006159 0.013998 0.999883
vn 0.006799 0.013358 0.999888
vn 0.010239 0.002240 0.999945
vn -0.001520 0.013999 0.999901
vn 0.002480 -0.010479 0.999942
vn -0.010239 0.002240 0.999945
vn -0.006239 -0.011599 0.999913
vn -0.007359 -0.010479 0.999918
vn -0.004000 -0.000400 0.999992
vn 0.007199 -0.011599 0.999907
vn 0.009439 0.011839 0.999885
vn 0.021675 -0.000400 0.999765
vn 0.022393 0.012396 0.999672
vn 0.022952 0.011836 0.999666
vn 0.022235 0.000400 0.999753
vn 0.010239 0.012398 0.999871
vn 0.007919 -0.012959 0.999885
vn -0.005440 0.000400 0.999985
vn -0.008799 -0.014718 0.999853
vn -0.010559 -0.012958 0.999860
vn -0.016158 -0.003360 0.999864
vn -0.004799 -0.014718 0.999880
vn -0.058616 0.009982 0.998231
vn -0.045313 -0.003357 0.998967
vn -0.100993 0.012495 0.994809
vn -0.098474 0.009951 0.995090
vn -0.126652 0.002143 0.991945
vn -0.136772 0.012441 0.990524
vn -0.137708 -0.010380 0.990419
vn -0.149964 0.002136 0.988689
vn -0.123752 -0.012304 0.992237
vn -0.125630 -0.010396 0.992023
vn -0.071576 -0.001277 0.997434
vn -0.060524 -0.012376 0.998090
vn -0.007439 0.012239 0.999897
vn 0.006080 -0.001280 0.999981
vn -0.016396 -0.015036 0.999753
vn -0.013517 -0.017915 0.999748
vn -0.017437 -0.000640 0.999848
vn -0.003040 -0.015038 0.999882
vn -0.006639 0.011919 0.999907
vn 0.005920 -0.000640 0.999982
vn 0.003200 0.011599 0.999928
vn 0.002880 0.011919 0.999925
vn 0.001440 0.000160 0.999999
vn -0.009999 0.011599 0.999883
vn -0.009919 -0.009679 0.999904
vn -0.019756 0.000160 0.999805
vn -0.018157 -0.007199 0.999809
vn -0.015677 -0.009678 0.999830
vn -0.012799 0.005999 0.999900
vn 0.000400 -0.007200 0.999974
vn 0.003999 0.017117 0.999845
vn 0.015118 0.005999 0.999868
vn 0.019114 0.014716 0.999709
vn 0.016715 0.017115 0.999714
vn 0.020396 0.000560 0.999792
vn 0.006239 0.014718 0.999872
vn 0.009039 -0.012958 0.999875
vn -0.004480 0.000560 0.999990
vn -0.002880 -0.013839 0.999900
vn -0.003760 -0.012959 0.999909
vn -0.003680 -0.002720 0.999990
vn 0.007439 -0.013838 0.999877
vn 0.006000 0.008320 0.999947
vn 0.017037 -0.002720 0.999851
vn 0.014318 0.007679 0.999868
vn 0.013678 0.008319 0.999872
vn 0.010079 -0.004400 0.999940
vn -0.002000 0.007680 0.999969
vn -0.005999 -0.015598 0.999860
vn -0.017197 -0.004399 0.999842
vn -0.020873 -0.014155 0.999682
vn -0.019434 -0.015595 0.999690
vn -0.022394 -0.000240 0.999749
vn -0.008479 -0.014158 0.999864
vn -0.010158 0.013918 0.999852
vn 0.004000 -0.000240 0.999992
vn 0.003680 0.015758 0.999869
vn 0.005519 0.013918 0.999888
vn 0.006800 0.004800 0.999965
vn -0.004159 0.015758 0.999867
vn -0.001520 -0.007440 0.999971
vn -0.013759 0.004799 0.999894
vn -0.010239 -0.008559 0.999911
vn -0.011359 -0.007439 0.999908
vn -0.007360 0.002240 0.999970
vn 0.003440 -0.008560 0.999957
vn 0.007199 0.013678 0.999881
vn 0.018637 0.002240 0.999824
vn 0.021673 0.013116 0.999679
vn 0.021113 0.013676 0.999684
vn 0.022954 -0.000080 0.999737
vn 0.009759 0.013118 0.999866
vn 0.010238 -0.014558 0.999842
vn -0.004240 -0.000080 0.999991
vn -0.005439 -0.017197 0.999837
vn -0.008079 -0.014558 0.999861
vn -0.010559 -0.006400 0.999924
vn 0.000240 -0.017197 0.999852
vn -0.004800 0.006880 0.999965
vn 0.008480 -0.006400 0.999944
vn -0.045311 0.009829 0.998925
vn -0.042361 0.006874 0.999079
vn -0.098479 0.000239 0.995139
vn -0.107921 0.009782 0.994111
vn -0.136774 -0.011253 0.990538
vn -0.148031 0.000237 0.988983
vn -0.149954 -0.011943 0.988621
vn -0.150651 -0.011230 0.988523
vn -0.125637 0.000238 0.992076
vn -0.113572 -0.012001 0.993457
vn -0.060522 0.014691 0.998059
vn -0.046111 0.000240 0.998936
vn 0.006079 0.018157 0.999817
vn 0.009519 0.014718 0.999846
vn -0.013519 -0.003920 0.999901
vn 0.000560 -0.017997 0.999838
vn -0.003040 0.008800 0.999957
vn 0.009679 -0.003920 0.999945
vn 0.005920 0.009119 0.999941
vn 0.006240 0.008799 0.999942
vn 0.002880 -0.001280 0.999995
vn -0.007519 0.009119 0.999930
vn -0.009999 -0.009919 0.999901
vn -0.018637 -0.001280 0.999826
vn -0.019756 -0.006159 0.999786
vn -0.015997 -0.009918 0.999823
vn -0.015678 0.008159 0.999844
vn -0.001360 -0.006160 0.999980
vn 0.000400 0.019996 0.999800
vn 0.012239 0.008159 0.999892
vn 0.015116 0.017995 0.999724
vn 0.013116 0.019994 0.999714
vn 0.016718 0.003679 0.999853
vn 0.002400 0.017997 0.999835
vn 0.006240 -0.010399 0.999926
vn -0.007840 0.003680 0.999962
vn -0.004480 -0.012239 0.999915
vn -0.006320 -0.010399 0.999926
vn -0.003760 -0.002320 0.999990
vn 0.006159 -0.012239 0.999906
vn 0.007440 0.007440 0.999945
vn 0.017197 -0.002320 0.999849
vn 0.017037 0.005679 0.999839
vn 0.015278 0.007439 0.999856
vn 0.013678 -0.007279 0.999880
vn 0.000720 0.005680 0.999984
vn -0.002000 -0.018877 0.999820
vn -0.013598 -0.007279 0.999881
vn -0.017195 -0.017275 0.999703
vn -0.015595 -0.018874 0.999700
vn -0.019436 -0.002879 0.999807
vn -0.005039 -0.017277 0.999838
vn -0.008479 0.012239 0.999889
vn 0.006640 -0.002880 0.999974
vn 0.004000 0.015198 0.999877
vn 0.006959 0.012239 0.999901
vn 0.005520 0.005520 0.999970
vn -0.004159 0.015198 0.999876
vn -0.004160 -0.005520 0.999976
vn -0.015198 0.005519 0.999869
vn -0.013758 -0.005759 0.999889
vn -0.013998 -0.005519 0.999887
vn -0.011359 0.005600 0.999920
vn 0.000000 -0.005760 0.999983
vn 0.003439 0.016877 0.999852
vn 0.014718 0.005599 0.999876
vn 0.018634 0.015835 0.999701
vn 0.017595 0.016875 0.999703
vn 0.021115 0.001760 0.999775
vn 0.007039 0.015838 0.999850
vn 0.009759 -0.013838 0.999857
vn -0.005840 0.001760 0.999981
vn -0.004239 -0.017837 0.999832
vn -0.008239 -0.013838 0.999870
vn -0.008079 -0.008239 0.999933
vn 0.001520 -0.017837 0.999840
vn 0.000240 0.004240 0.999991
vn 0.012719 -0.008239 0.999885
vn 0.008480 0.006640 0.999942
vn 0.010879 0.004240 0.999932
vn -0.042362 -0.003037 0.999098
vn -0.052008 0.006631 0.998625
vn -0.107915 -0.014076 0.994060
vn -0.118831 -0.003018 0.992910
vn -0.148017 -0.013844 0.988888
vn -0.147862 -0.014003 0.988909
vn -0.150660 -0.000554 0.988585
vn -0.137624 -0.013865 0.990387
vn -0.113567 0.015100 0.993416
vn -0.098085 -0.000557 0.995178
vn -0.046102 0.019735 0.998742
vn -0.041559 0.015185 0.999021
vn 0.009519 0.010079 0.999904
vn -0.000160 0.019756 0.999805
vn 0.000560 0.005680 0.999984
vn 0.012639 -0.006399 0.999900
vn 0.009679 0.005760 0.999937
vn 0.009759 0.005680 0.999936
vn 0.006240 -0.004480 0.999970
vn -0.004000 0.005760 0.999975
vn -0.007519 -0.012399 0.999895
vn -0.015438 -0.004479 0.999871
vn -0.018636 -0.007518 0.999798
vn -0.013758 -0.012398 0.999828
vn -0.015997 0.008079 0.999839
vn -0.000400 -0.007520 0.999972
vn -0.001360 0.021195 0.999774
vn 0.011759 0.008079 0.999898
vn 0.012237 0.020394 0.999717
vn 0.011437 0.021194 0.999710
vn 0.013119 0.006799 0.999891
vn -0.000480 0.020396 0.999792
vn 0.002400 -0.006960 0.999973
vn -0.011359 0.006799 0.999912
vn -0.007839 -0.009039 0.999928
vn -0.009919 -0.006959 0.999927
vn -0.006320 0.000240 0.999980
vn 0.002960 -0.009040 0.999955
vn 0.006160 0.008959 0.999941
vn 0.014878 0.000240 0.999889
vn 0.017197 0.005839 0.999835
vn 0.014078 0.008959 0.999861
vn 0.015278 -0.008319 0.999849
vn 0.001120 0.005840 0.999982
vn 0.000720 -0.021035 0.999778
vn -0.011999 -0.008319 0.999893
vn -0.013596 -0.020394 0.999700
vn -0.012956 -0.021034 0.999695
vn -0.015598 -0.006319 0.999858
vn -0.001520 -0.020396 0.999791
vn -0.005040 0.008960 0.999947
vn 0.010239 -0.006320 0.999928
vn 0.006639 0.012559 0.999899
vn 0.010239 0.008959 0.999907
vn 0.006960 0.003920 0.999968
vn -0.001680 0.012559 0.999920
vn -0.004160 -0.005840 0.999974
vn -0.013919 0.003920 0.999895
vn -0.015198 -0.004799 0.999873
vn -0.014158 -0.005839 0.999883
vn -0.013998 0.007679 0.999873
vn -0.001520 -0.004800 0.999987
vn -0.000000 0.019836 0.999803
vn 0.012159 0.007679 0.999897
vn 0.014716 0.019354 0.999704
vn 0.014236 0.019834 0.999702
vn 0.017597 0.005119 0.999832
vn 0.003359 0.019356 0.999807
vn 0.007039 -0.011119 0.999913
vn -0.009199 0.005120 0.999945
vn -0.005839 -0.016078 0.999854
vn -0.010799 -0.011119 0.999880
vn -0.008239 -0.007680 0.999937
vn 0.000160 -0.016078 0.999871
vn 0.001520 0.003440 0.999993
vn 0.012639 -0.007679 0.999891
vn 0.012719 0.004640 0.999908
vn 0.013919 0.003440 0.999897
vn 0.010879 -0.005920 0.999923
vn 0.000320 0.004640 0.999989
vn -0.052002 -0.017494 0.998494
vn -0.063550 -0.005908 0.997961
vn -0.118814 -0.017234 0.992767
vn -0.118657 -0.017394 0.992783
vn -0.147875 -0.003402 0.989000
vn -0.134350 -0.017200 0.990785
vn -0.137626 0.013152 0.990397
vn -0.121336 -0.003415 0.992606
vn -0.098067 0.019024 0.994998
vn -0.092316 0.013222 0.995642
vn -0.041562 0.010790 0.999078
vn -0.049849 0.019093 0.998574
vn -0.000160 -0.001840 0.999998
vn -0.012798 0.010798 0.999860
vn 0.012639 0.002960 0.999916
vn 0.011599 0.004000 0.999925
vn 0.009759 -0.007919 0.999921
vn -0.001120 0.002960 0.999995
vn -0.003999 -0.015918 0.999865
vn -0.011999 -0.007919 0.999897
vn -0.015437 -0.010718 0.999823
vn -0.010238 -0.015917 0.999821
vn -0.013758 0.005679 0.999889
vn 0.002640 -0.010719 0.999939
vn -0.000400 0.020076 0.999798
vn 0.013998 0.005679 0.999886
vn 0.011757 0.020634 0.999718
vn 0.012317 0.020074 0.999723
vn 0.011439 0.008319 0.999900
vn -0.000880 0.020636 0.999787
vn -0.000480 -0.004320 0.999991
vn -0.013118 0.008319 0.999879
vn -0.011359 -0.005680 0.999919
vn -0.012719 -0.004320 0.999910
vn -0.009919 0.003840 0.999943
vn -0.000400 -0.005680 0.999984
vn 0.002960 0.012239 0.999921
vn 0.011359 0.003840 0.999928
vn 0.014878 0.008319 0.999855
vn 0.010959 0.012238 0.999865
vn 0.014078 -0.007039 0.999876
vn -0.001280 0.008320 0.999965
vn 0.001120 -0.021195 0.999775
vn -0.013039 -0.007039 0.999890
vn -0.011996 -0.021833 0.999690
vn -0.012636 -0.021194 0.999696
vn -0.012958 -0.008799 0.999877
vn 0.000080 -0.021835 0.999762
vn -0.001520 0.005600 0.999983
vn 0.012878 -0.008799 0.999878
vn 0.010239 0.009039 0.999907
vn 0.013679 0.005599 0.999891
vn 0.010239 0.000640 0.999947
vn 0.001840 0.009040 0.999957
vn -0.001680 -0.008400 0.999963
vn -0.010719 0.000640 0.999942
vn -0.013918 -0.006239 0.999884
vn -0.011759 -0.008399 0.999896
vn -0.014158 0.007599 0.999871
vn -0.000320 -0.006240 0.999980
vn -0.001520 0.021115 0.999776
vn 0.011999 0.007599 0.999899
vn 0.012156 0.021673 0.999691
vn 0.012716 0.021114 0.999696
vn 0.014238 0.008239 0.999865
vn 0.000800 0.021675 0.999765
vn 0.003360 -0.007600 0.999965
vn -0.012479 0.008239 0.999888
vn -0.009199 -0.012798 0.999876
vn -0.014398 -0.007599 0.999867
vn -0.010799 -0.005040 0.999929
vn -0.003040 -0.012799 0.999913
vn 0.000160 0.004960 0.999988
vn 0.010159 -0.005040 0.999936
vn 0.012639 0.004800 0.999909
vn 0.012479 0.004960 0.999910
vn 0.013918 -0.007119 0.999878
vn 0.002000 0.004800 0.999986
vn 0.000320 -0.019916 0.999802
vn -0.012479 -0.007119 0.999897
vn -0.063538 -0.020514 0.997769
vn -0.064175 -0.019875 0.997741
vn -0.118673 -0.006911 0.992909
vn -0.105309 -0.020441 0.994229
vn -0.134364 0.009830 0.990883
vn -0.117889 -0.006911 0.993003
vn -0.121321 0.016277 0.992480
vn -0.114987 0.009854 0.993318
vn -0.092320 0.009001 0.995689
vn -0.099569 0.016316 0.994897
vn -0.049858 -0.002157 0.998754
vn -0.061004 0.009023 0.998097
vn -0.012799 -0.004320 0.999909
vn -0.014958 -0.002160 0.999886
vn 0.011599 -0.009839 0.999884
vn -0.000480 0.002240 0.999997
vn -0.001120 -0.018877 0.999821
vn -0.010159 -0.009839 0.999900
vn -0.011998 -0.014238 0.999827
vn -0.007358 -0.018876 0.999795
vn -0.010239 0.002160 0.999945
vn 0.006159 -0.014238 0.999880
vn 0.002640 0.017037 0.999851
vn 0.017517 0.002160 0.999844
vn 0.013996 0.018555 0.999730
vn 0.015516 0.017035 0.999734
vn 0.012319 0.007519 0.999896
vn 0.001280 0.018557 0.999827
vn -0.000880 -0.003760 0.999993
vn -0.012159 0.007519 0.999898
vn -0.013119 -0.003840 0.999907
vn -0.013199 -0.003760 0.999906
vn -0.012719 0.006719 0.999897
vn -0.002160 -0.003840 0.999990
vn -0.000400 0.015598 0.999878
vn 0.008480 0.006720 0.999941
vn 0.011358 0.011758 0.999866
vn 0.007519 0.015598 0.999850
vn 0.010959 -0.004000 0.999932
vn -0.004800 0.011759 0.999919
vn -0.001280 -0.018957 0.999819
vn -0.016238 -0.003999 0.999860
vn -0.013036 -0.020794 0.999699
vn -0.014876 -0.018954 0.999710
vn -0.012638 -0.009199 0.999878
vn -0.001040 -0.020795 0.999783
vn 0.000080 0.003920 0.999992
vn 0.013198 -0.009199 0.999871
vn 0.012879 0.006319 0.999897
vn 0.015278 0.003920 0.999876
vn 0.013679 -0.002800 0.999903
vn 0.004560 0.006320 0.999970
vn 0.001840 -0.011999 0.999926
vn -0.007360 -0.002800 0.999969
vn -0.010719 -0.009359 0.999899
vn -0.008079 -0.011999 0.999895
vn -0.011759 0.005280 0.999917
vn 0.002880 -0.009360 0.999952
vn -0.000320 0.019996 0.999800
vn 0.014398 0.005279 0.999882
vn 0.011996 0.021993 0.999686
vn 0.013996 0.019994 0.999702
vn 0.012718 0.009919 0.999870
vn 0.000640 0.021995 0.999758
vn 0.000800 -0.004880 0.999988
vn -0.013998 0.009919 0.999853
vn -0.012478 -0.009359 0.999878
vn -0.016957 -0.004879 0.999844
vn -0.014398 -0.001440 0.999895
vn -0.006480 -0.009359 0.999935
vn -0.003040 0.008160 0.999962
vn 0.006560 -0.001440 0.999977
vn 0.010159 0.007199 0.999922
vn 0.009199 0.008159 0.999924
vn 0.012479 -0.005839 0.999905
vn -0.000560 0.007200 0.999974
vn 0.002000 -0.019996 0.999798
vn -0.012159 -0.005839 0.999909
vn -0.012476 -0.021993 0.999680
vn -0.014476 -0.019994 0.999695
vn -0.064184 -0.009500 0.997893
vn -0.051758 -0.021965 0.998418
vn -0.105328 0.006603 0.994416
vn -0.089397 -0.009481 0.995951
vn -0.117882 0.012789 0.992945
vn -0.111773 0.006598 0.993712
vn -0.114990 0.005722 0.993350
vn -0.121953 0.012783 0.992454
vn -0.099581 -0.004617 0.995019
vn -0.109810 0.005725 0.993936
vn -0.061005 -0.005749 0.998121
vn -0.062119 -0.004631 0.998058
vn -0.014958 0.005439 0.999873
vn -0.003760 -0.005760 0.999976
vn -0.000480 -0.019836 0.999803
vn -0.010879 -0.009439 0.999896
vn -0.010158 -0.016317 0.999815
vn -0.006639 -0.019836 0.999781
vn -0.007360 -0.000800 0.999973
vn 0.008159 -0.016317 0.999834
vn 0.006159 0.013598 0.999889
vn 0.020556 -0.000800 0.999788
vn 0.017515 0.015196 0.999731
vn 0.019115 0.013596 0.999725
vn 0.015518 0.004719 0.999868
vn 0.005039 0.015198 0.999872
vn 0.001280 -0.005520 0.999984
vn -0.008960 0.004720 0.999949
vn -0.012159 -0.004400 0.999916
vn -0.011039 -0.005520 0.999924
vn -0.013198 0.007519 0.999885
vn -0.001280 -0.004400 0.999990
vn -0.002160 0.017677 0.999841
vn 0.008000 0.007520 0.999940
vn 0.008479 0.014798 0.999855
vn 0.005599 0.017677 0.999828
vn 0.007520 -0.000480 0.999972
vn -0.007759 0.014798 0.999860
vn -0.004799 -0.015598 0.999867
vn -0.019916 -0.000480 0.999802
vn -0.016235 -0.017995 0.999706
vn -0.018634 -0.015595 0.999705
vn -0.014878 -0.007359 0.999862
vn -0.004239 -0.017997 0.999829
vn -0.001040 0.004560 0.999989
vn 0.010879 -0.007359 0.999914
vn 0.013199 0.005599 0.999897
vn 0.014238 0.004559 0.999888
vn 0.015278 -0.004719 0.999872
vn 0.004960 0.005600 0.999972
vn 0.004559 -0.014878 0.999879
vn -0.005600 -0.004720 0.999973
vn -0.007359 -0.012719 0.999892
vn -0.005199 -0.014878 0.999876
vn -0.008080 0.001840 0.999966
vn 0.006479 -0.012719 0.999898
vn 0.002880 0.017117 0.999849
vn 0.018157 0.001840 0.999833
vn 0.014396 0.019994 0.999696
vn 0.017275 0.017115 0.999704
vn 0.013998 0.009119 0.999860
vn 0.003119 0.019996 0.999795
vn 0.000640 -0.004400 0.999990
vn -0.012878 0.009119 0.999875
vn -0.013998 -0.007599 0.999873
vn -0.017197 -0.004399 0.999842
vn -0.016958 0.001280 0.999855
vn -0.008080 -0.007600 0.999938
vn -0.006479 0.011519 0.999913
vn 0.003760 0.001280 0.999992
vn 0.006559 0.010719 0.999921
vn 0.005760 0.011519 0.999917
vn 0.009200 -0.002800 0.999954
vn -0.004320 0.010719 0.999933
vn -0.000560 -0.017837 0.999841
vn -0.015598 -0.002800 0.999874
vn -0.012156 -0.021034 0.999705
vn -0.015356 -0.017835 0.999723
vn -0.014478 -0.009918 0.999846
vn -0.003359 -0.021035 0.999773
vn -0.051770 0.004953 0.998647
vn -0.036933 -0.009913 0.999269
vn -0.089396 0.010039 0.995946
vn -0.084337 0.004942 0.996425
vn -0.111775 0.002385 0.993731
vn -0.119296 0.010008 0.992808
vn -0.121959 -0.008019 0.992503
vn -0.132189 0.002379 0.991222
vn -0.109808 -0.008746 0.993914
vn -0.110515 -0.008030 0.993842
vn -0.062119 0.003274 0.998063
vn -0.050095 -0.008789 0.998706
vn -0.003759 0.017757 0.999835
vn 0.010719 0.003280 0.999937
vn -0.010878 -0.016317 0.999808
vn -0.008638 -0.018556 0.999791
vn -0.006640 -0.002000 0.999976
vn 0.007679 -0.016317 0.999837
vn 0.008159 0.011359 0.999902
vn 0.021515 -0.002000 0.999767
vn 0.020554 0.012236 0.999714
vn 0.021434 0.011357 0.999706
vn 0.019116 0.001440 0.999816
vn 0.008319 0.012239 0.999890
vn 0.005040 -0.008720 0.999949
vn -0.005120 0.001440 0.999986
vn -0.008959 -0.006880 0.999936
vn -0.007120 -0.008719 0.999937
vn -0.011039 0.006080 0.999921
vn 0.001920 -0.006880 0.999974
vn -0.001280 0.017437 0.999847
vn 0.010079 0.006080 0.999931
vn 0.007999 0.015758 0.999844
vn 0.006319 0.017437 0.999828
vn 0.005600 0.001600 0.999983
vn -0.008559 0.015757 0.999839
vn -0.007759 -0.012639 0.999890
vn -0.021995 0.001600 0.999757
vn -0.019914 -0.014636 0.999695
vn -0.021913 -0.012636 0.999680
vn -0.018637 -0.004079 0.999818
vn -0.008079 -0.014638 0.999860
vn -0.004240 0.007120 0.999966
vn 0.006960 -0.004080 0.999967
vn 0.010879 0.007199 0.999915
vn 0.010959 0.007119 0.999915
vn 0.014238 -0.004320 0.999889
vn 0.002720 0.007200 0.999970
vn 0.004959 -0.015758 0.999864
vn -0.006480 -0.004320 0.999970
vn -0.005599 -0.014798 0.999875
vn -0.004639 -0.015758 0.999865
vn -0.005200 -0.001040 0.999986
vn 0.008559 -0.014798 0.999854
vn 0.006479 0.013758 0.999884
vn 0.021275 -0.001040 0.999773
vn 0.018154 0.016715 0.999695
vn 0.021113 0.013756 0.999682
vn 0.017277 0.006399 0.999830
vn 0.006959 0.016717 0.999836
vn 0.003120 -0.006160 0.999976
vn -0.009439 0.006400 0.999935
vn -0.012879 -0.008079 0.999884
vn -0.014798 -0.006159 0.999872
vn -0.017197 0.002080 0.999850
vn -0.007040 -0.008080 0.999943
vn -0.008079 0.013518 0.999876
vn 0.003360 0.002080 0.999992
vn 0.003760 0.013519 0.999902
vn 0.003760 0.013519 0.999902
vn 0.005760 0.000400 0.999983
vn -0.007359 0.013518 0.999882
vn -0.004319 -0.014638 0.999884
vn -0.019356 0.000400 0.999813
vn -0.015595 -0.018315 0.999711
vn -0.019274 -0.014636 0.999707
vn -0.015358 -0.008079 0.999849
vn -0.005119 -0.018317 0.999819
vn -0.003360 0.005600 0.999979
vn 0.010319 -0.008079 0.999914
vn -0.036933 0.009433 0.999273
vn -0.033101 0.005597 0.999436
vn -0.084338 0.000638 0.996437
vn -0.093031 0.009399 0.995619
vn -0.119295 -0.010802 0.992800
vn -0.130553 0.000635 0.991441
vn -0.132180 -0.011973 0.991153
vn -0.133350 -0.010782 0.991010
vn -0.110519 -0.000080 0.993874
vn -0.098708 -0.012020 0.995044
vn -0.050091 0.014860 0.998634
vn -0.035178 -0.000080 0.999381
vn 0.010717 0.019195 0.999758
vn 0.015037 0.014877 0.999776
vn -0.008640 -0.000720 0.999962
vn 0.004639 -0.013998 0.999891
vn 0.007679 0.011359 0.999906
vn 0.019756 -0.000720 0.999805
vn 0.021514 0.010957 0.999709
vn 0.021114 0.011357 0.999713
vn 0.021435 -0.000880 0.999770
vn 0.009599 0.010959 0.999894
vn 0.008319 -0.011679 0.999897
vn -0.002480 -0.000880 0.999997
vn -0.005120 -0.010079 0.999936
vn -0.003520 -0.011679 0.999926
vn -0.007120 0.003040 0.999970
vn 0.006000 -0.010079 0.999931
vn 0.001920 0.015118 0.999884
vn 0.013999 0.003040 0.999897
vn 0.010078 0.014478 0.999844
vn 0.009439 0.015118 0.999841
vn 0.006320 0.001520 0.999979
vn -0.006639 0.014478 0.999873
vn -0.008559 -0.011519 0.999897
vn -0.021595 0.001520 0.999766
vn -0.021993 -0.012476 0.999680
vn -0.022952 -0.011516 0.999670
vn -0.021915 -0.001200 0.999759
vn -0.010639 -0.012478 0.999866
vn -0.008079 0.010319 0.999914
vn 0.003440 -0.001200 0.999993
vn 0.006959 0.010239 0.999923
vn 0.006879 0.010319 0.999923
vn 0.010959 -0.001920 0.999938
vn -0.001200 0.010239 0.999947
vn 0.002720 -0.014318 0.999894
vn -0.009680 -0.001920 0.999951
vn -0.006479 -0.014558 0.999873
vn -0.006719 -0.014318 0.999875
vn -0.004640 -0.002000 0.999987
vn 0.007919 -0.014558 0.999863
vn 0.008559 0.011679 0.999895
vn 0.022234 -0.002000 0.999751
vn 0.021273 0.013916 0.999677
vn 0.023512 0.011676 0.999655
vn 0.021115 0.003199 0.999772
vn 0.010398 0.013918 0.999849
vn 0.006960 -0.009199 0.999933
vn -0.005440 0.003200 0.999980
vn -0.009439 -0.010559 0.999900
vn -0.010799 -0.009199 0.999899
vn -0.014798 0.000480 0.999890
vn -0.003760 -0.010559 0.999937
vn -0.007039 0.013119 0.999889
vn 0.005600 0.000480 0.999984
vn 0.003360 0.014318 0.999892
vn 0.004560 0.013119 0.999904
vn 0.003760 0.002400 0.999990
vn -0.008159 0.014318 0.999864
vn -0.007359 -0.011839 0.999903
vn -0.021595 0.002399 0.999764
vn -0.019354 -0.015115 0.999698
vn -0.022633 -0.011836 0.999674
vn -0.019276 -0.004959 0.999802
vn -0.009119 -0.015118 0.999844
vn -0.005120 0.008160 0.999954
vn 0.008000 -0.004960 0.999956
vn 0.010319 0.011199 0.999884
vn 0.013358 0.008159 0.999877
vn -0.033102 0.001199 0.999451
vn -0.043077 0.011189 0.999009
vn -0.093029 -0.011549 0.995596
vn -0.105645 0.001193 0.994403
vn -0.130541 -0.013800 0.991347
vn -0.132804 -0.011496 0.991076
vn -0.133358 -0.002775 0.991064
vn -0.122498 -0.013814 0.992373
vn -0.098709 0.011702 0.995048
vn -0.084338 -0.002790 0.996433
vn -0.035174 0.016068 0.999252
vn -0.030863 0.011754 0.999455
vn 0.015038 0.006399 0.999866
vn 0.005359 0.016078 0.999856
vn 0.004640 0.013439 0.999899
vn 0.015998 0.002080 0.999870
vn 0.019755 0.012077 0.999732
vn 0.018395 0.013437 0.999741
vn 0.021115 -0.000880 0.999777
vn 0.008159 0.012079 0.999894
vn 0.009599 -0.012798 0.999872
vn -0.002320 -0.000880 0.999997
vn -0.002480 -0.012239 0.999922
vn -0.001920 -0.012799 0.999916
vn -0.003520 0.000160 0.999994
vn 0.008879 -0.012239 0.999886
vn 0.005999 0.011999 0.999910
vn 0.017837 0.000160 0.999841
vn 0.013998 0.011518 0.999836
vn 0.013518 0.011998 0.999837
vn 0.009440 -0.000720 0.999955
vn -0.002800 0.011519 0.999930
vn -0.006639 -0.012799 0.999896
vn -0.018717 -0.000720 0.999825
vn -0.021593 -0.012636 0.999687
vn -0.021433 -0.012796 0.999688
vn -0.022954 -0.000240 0.999736
vn -0.010559 -0.012638 0.999864
vn -0.010639 0.012398 0.999867
vn 0.002000 -0.000240 0.999998
vn 0.003440 0.013039 0.999909
vn 0.004080 0.012399 0.999915
vn 0.006880 0.001200 0.999976
vn -0.004960 0.013039 0.999903
vn -0.001200 -0.011359 0.999935
vn -0.013759 0.001200 0.999905
vn -0.009679 -0.012239 0.999878
vn -0.010559 -0.011359 0.999880
vn -0.006720 -0.000640 0.999977
vn 0.004880 -0.012239 0.999913
vn 0.007919 0.011999 0.999897
vn 0.020556 -0.000640 0.999789
vn 0.022233 0.012956 0.999669
vn 0.023192 0.011996 0.999659
vn 0.023513 0.001200 0.999723
vn 0.011758 0.012958 0.999847
vn 0.010399 -0.011919 0.999875
vn -0.002720 0.001200 0.999996
vn -0.005439 -0.013679 0.999892
vn -0.007199 -0.011919 0.999903
vn -0.010799 -0.002480 0.999939
vn 0.000400 -0.013679 0.999906
vn -0.003760 0.010719 0.999935
vn 0.009440 -0.002480 0.999952
vn 0.005599 0.012799 0.999902
vn 0.007679 0.010719 0.999913
vn 0.004560 0.002000 0.999988
vn -0.006239 0.012799 0.999899
vn -0.008159 -0.011039 0.999906
vn -0.021195 0.002000 0.999773
vn -0.021593 -0.013196 0.999680
vn -0.023752 -0.011036 0.999657
vn -0.022634 -0.002239 0.999741
vn -0.011678 -0.013198 0.999845
vn -0.009119 0.011279 0.999895
vn 0.004400 -0.002240 0.999988
vn 0.007999 0.014158 0.999868
vn 0.010879 0.011279 0.999877
vn 0.013359 0.003680 0.999904
vn 0.002880 0.014159 0.999896
vn -0.043078 -0.009990 0.999022
vn -0.056708 0.003674 0.998384
vn -0.105636 -0.013364 0.994315
vn -0.109021 -0.009940 0.993990
vn -0.132812 -0.003410 0.991135
vn -0.123047 -0.013337 0.992311
vn -0.122504 0.009924 0.992418
vn -0.109340 -0.003419 0.993999
vn -0.084331 0.013391 0.996348
vn -0.080930 0.009967 0.996670
vn -0.030865 0.003358 0.999518
vn -0.040922 0.013428 0.999072
vn 0.005360 -0.010479 0.999931
vn -0.008480 0.003360 0.999958
vn 0.015996 0.015036 0.999759
vn 0.014397 0.016636 0.999758
vn 0.018397 0.001360 0.999830
vn 0.004719 0.015038 0.999876
vn 0.008159 -0.011679 0.999899
vn -0.004880 0.001360 0.999987
vn -0.002320 -0.012319 0.999921
vn -0.002960 -0.011679 0.999927
vn -0.001920 -0.001040 0.999998
vn 0.009359 -0.012319 0.999880
vn 0.008879 0.009839 0.999912
vn 0.019756 -0.001040 0.999804
vn 0.017836 0.008718 0.999803
vn 0.016717 0.009838 0.999812
vn 0.013519 -0.003840 0.999901
vn 0.000960 0.008720 0.999962
vn -0.002800 -0.015758 0.999872
vn -0.014718 -0.003840 0.999884
vn -0.018715 -0.014876 0.999714
vn -0.017835 -0.015756 0.999717
vn -0.021435 -0.001440 0.999769
vn -0.007999 -0.014878 0.999857
vn -0.010559 0.012398 0.999867
vn 0.003280 -0.001440 0.999994
vn 0.002000 0.014159 0.999898
vn 0.003760 0.012399 0.999916
vn 0.004080 0.003280 0.999986
vn -0.006799 0.014158 0.999877
vn -0.004960 -0.008480 0.999952
vn -0.016718 0.003280 0.999855
vn -0.013758 -0.009119 0.999864
vn -0.014398 -0.008479 0.999860
vn -0.010559 0.002320 0.999942
vn 0.000880 -0.009120 0.999958
vn 0.004879 0.014318 0.999886
vn 0.016878 0.002320 0.999855
vn 0.020554 0.014316 0.999686
vn 0.020554 0.014316 0.999686
vn 0.023194 0.001520 0.999730
vn 0.010398 0.014318 0.999843
vn 0.011758 -0.012878 0.999848
vn -0.002640 0.001520 0.999995
vn -0.002720 -0.015678 0.999873
vn -0.005519 -0.012879 0.999902
vn -0.007200 -0.005200 0.999961
vn 0.003280 -0.015678 0.999872
vn 0.000400 0.007520 0.999972
vn 0.013119 -0.005199 0.999900
vn 0.009439 0.009839 0.999907
vn 0.011759 0.007519 0.999903
vn 0.007680 -0.000400 0.999970
vn -0.002560 0.009839 0.999948
vn -0.006239 -0.012479 0.999903
vn -0.018317 -0.000400 0.999832
vn -0.021193 -0.013596 0.999683
vn -0.022313 -0.012476 0.999673
vn -0.023753 -0.001440 0.999717
vn -0.011598 -0.013598 0.999840
vn -0.011678 0.013118 0.999846
vn 0.002880 -0.001440 0.999995
vn 0.004399 0.016877 0.999848
vn 0.008159 0.013118 0.999881
vn 0.010879 0.006799 0.999918
vn 0.000800 0.016878 0.999857
vn 0.002880 -0.006960 0.999972
vn -0.010879 0.006799 0.999918
vn -0.056705 -0.010862 0.998332
vn -0.060607 -0.006947 0.998138
vn -0.109026 -0.001750 0.994037
vn -0.100050 -0.010825 0.994924
vn -0.123051 0.010400 0.992346
vn -0.111068 -0.001749 0.993811
vn -0.109332 0.012643 0.993925
vn -0.107134 0.010419 0.994190
vn -0.080934 0.001515 0.996718
vn -0.092001 0.012665 0.995678
vn -0.040922 -0.013108 0.999076
vn -0.055514 0.001518 0.998457
vn -0.008478 -0.017517 0.999811
vn -0.012878 -0.013118 0.999831
vn 0.014398 0.004559 0.999886
vn 0.000960 0.017997 0.999838
vn 0.004720 -0.008800 0.999950
vn -0.008640 0.004560 0.999952
vn -0.004880 -0.010079 0.999937
vn -0.006160 -0.008799 0.999942
vn -0.002960 0.000160 0.999996
vn 0.007279 -0.010079 0.999923
vn 0.009359 0.009759 0.999909
vn 0.018957 0.000160 0.999820
vn 0.019756 0.007358 0.999778
vn 0.017357 0.009758 0.999802
vn 0.016717 -0.006239 0.999841
vn 0.003120 0.007360 0.999968
vn 0.000960 -0.018717 0.999824
vn -0.011519 -0.006239 0.999914
vn -0.014716 -0.018075 0.999728
vn -0.014076 -0.018715 0.999726
vn -0.017837 -0.004479 0.999831
vn -0.004239 -0.018077 0.999828
vn -0.007999 0.010079 0.999917
vn 0.006560 -0.004480 0.999968
vn 0.003280 0.012799 0.999913
vn 0.006000 0.010079 0.999931
vn 0.003760 0.003280 0.999988
vn -0.005759 0.012799 0.999902
vn -0.006800 -0.007280 0.999950
vn -0.017357 0.003279 0.999844
vn -0.016717 -0.006879 0.999837
vn -0.016317 -0.007279 0.999840
vn -0.014398 0.005279 0.999882
vn -0.002240 -0.006880 0.999974
vn 0.000880 0.017597 0.999845
vn 0.013199 0.005279 0.999899
vn 0.016875 0.017435 0.999706
vn 0.016715 0.017595 0.999705
vn 0.020556 0.003839 0.999781
vn 0.006959 0.017437 0.999824
vn 0.010399 -0.011519 0.999880
vn -0.004960 0.003840 0.999980
vn -0.002640 -0.015518 0.999876
vn -0.006639 -0.011519 0.999912
vn -0.005520 -0.006320 0.999965
vn 0.003680 -0.015518 0.999873
vn 0.003280 0.005360 0.999980
vn 0.014958 -0.006319 0.999868
vn 0.013119 0.006959 0.999890
vn 0.014718 0.005359 0.999877
vn 0.011759 -0.003680 0.999924
vn 0.001120 0.006960 0.999975
vn -0.002560 -0.015598 0.999875
vn -0.014478 -0.003680 0.999888
vn -0.018315 -0.016075 0.999703
vn -0.018794 -0.015595 0.999702
vn -0.022314 -0.002879 0.999747
vn -0.009118 -0.016077 0.999829
vn -0.011598 0.012878 0.999850
vn 0.004160 -0.002880 0.999987
vn 0.002880 0.017837 0.999837
vn 0.007839 0.012879 0.999886
vn 0.008159 0.008799 0.999928
vn -0.000880 0.017837 0.999841
vn 0.000800 -0.004080 0.999991
vn -0.012079 0.008799 0.999888
vn -0.010879 -0.007679 0.999911
vn -0.014478 -0.004080 0.999887
vn -0.060608 0.001278 0.998161
vn -0.051689 -0.007670 0.998634
vn -0.100047 0.012894 0.994899
vn -0.088531 0.001275 0.996073
vn -0.111057 0.014230 0.993712
vn -0.109724 0.012881 0.993879
vn -0.107140 0.001988 0.994242
vn -0.119211 0.014216 0.992767
vn -0.091999 -0.013860 0.995663
vn -0.107690 0.001988 0.994183
vn -0.055504 -0.019486 0.998268
vn -0.061080 -0.013893 0.998036
vn -0.012878 -0.010639 0.999860
vn -0.003999 -0.019516 0.999802
vn 0.000960 -0.005520 0.999984
vn -0.011759 0.007199 0.999905
vn -0.008639 -0.006640 0.999941
vn -0.009759 -0.005520 0.999937
vn -0.006160 0.003120 0.999976
vn 0.003600 -0.006640 0.999971
vn 0.007279 0.011919 0.999902
vn 0.016078 0.003120 0.999866
vn 0.018956 0.008398 0.999785
vn 0.015437 0.011918 0.999810
vn 0.017357 -0.006399 0.999829
vn 0.002560 0.008400 0.999961
vn 0.003119 -0.020236 0.999790
vn -0.010719 -0.006400 0.999922
vn -0.011517 -0.020714 0.999719
vn -0.011997 -0.020234 0.999723
vn -0.014078 -0.007679 0.999871
vn -0.001040 -0.020716 0.999785
vn -0.004240 0.006720 0.999968
vn 0.010159 -0.007679 0.999919
vn 0.006560 0.009759 0.999931
vn 0.009599 0.006720 0.999931
vn 0.006000 0.000960 0.999982
vn -0.002800 0.009759 0.999948
vn -0.005760 -0.008560 0.999947
vn -0.015278 0.000960 0.999883
vn -0.017357 -0.006799 0.999826
vn -0.015598 -0.008559 0.999842
vn -0.016317 0.006639 0.999845
vn -0.002880 -0.006800 0.999973
vn -0.002240 0.020076 0.999796
vn 0.011199 0.006639 0.999915
vn 0.013196 0.020554 0.999702
vn 0.013676 0.020074 0.999705
vn 0.016717 0.007199 0.999834
vn 0.003359 0.020556 0.999783
vn 0.006960 -0.008320 0.999941
vn -0.008559 0.007200 0.999937
vn -0.004960 -0.013119 0.999902
vn -0.009759 -0.008319 0.999918
vn -0.006640 -0.004960 0.999966
vn 0.001520 -0.013119 0.999913
vn 0.003680 0.005440 0.999978
vn 0.014078 -0.004959 0.999889
vn 0.014958 0.005759 0.999872
vn 0.015278 0.005439 0.999868
vn 0.014718 -0.005999 0.999874
vn 0.002960 0.005760 0.999979
vn 0.001120 -0.018637 0.999826
vn -0.011519 -0.005999 0.999916
vn -0.014476 -0.019434 0.999706
vn -0.015276 -0.018635 0.999710
vn -0.018796 -0.006159 0.999804
vn -0.005519 -0.019436 0.999796
vn -0.009119 0.010319 0.999905
vn 0.007360 -0.006160 0.999954
vn 0.004159 0.016318 0.999858
vn 0.010159 0.010319 0.999895
vn 0.007839 0.008639 0.999932
vn 0.000160 0.016318 0.999867
vn -0.000880 -0.002960 0.999995
vn -0.012479 0.008639 0.999885
vn -0.012079 -0.005440 0.999912
vn -0.014558 -0.002960 0.999890
vn -0.014478 0.004320 0.999886
vn -0.004720 -0.005440 0.999974
vn -0.051684 0.016376 0.998529
vn -0.039648 0.004317 0.999204
vn -0.088517 0.017528 0.995920
vn -0.087333 0.016335 0.996045
vn -0.109732 0.004532 0.993951
vn -0.122491 0.017465 0.992316
vn -0.119215 -0.012231 0.992793
vn -0.135692 0.004518 0.990741
vn -0.107670 -0.019085 0.994003
vn -0.114435 -0.012238 0.993355
vn -0.061082 -0.011578 0.998066
vn -0.053513 -0.019169 0.998383
vn -0.004000 0.001280 0.999991
vn 0.008879 -0.011599 0.999893
vn -0.011759 -0.003760 0.999924
vn -0.011999 -0.003520 0.999922
vn -0.009759 0.006560 0.999931
vn 0.000560 -0.003760 0.999993
vn 0.003600 0.015438 0.999874
vn 0.012479 0.006559 0.999901
vn 0.016077 0.011358 0.999806
vn 0.011998 0.015437 0.999809
vn 0.015438 -0.004399 0.999871
vn -0.000320 0.011359 0.999935
vn 0.002560 -0.019436 0.999808
vn -0.012479 -0.004400 0.999912
vn -0.010717 -0.021194 0.999718
vn -0.012477 -0.019435 0.999733
vn -0.011999 -0.009439 0.999883
vn -0.000240 -0.021195 0.999775
vn -0.001040 0.003840 0.999992
vn 0.012239 -0.009439 0.999881
vn 0.010159 0.006320 0.999928
vn 0.012639 0.003840 0.999913
vn 0.009600 -0.002480 0.999951
vn 0.000800 0.006320 0.999980
vn -0.002800 -0.011519 0.999930
vn -0.011839 -0.002480 0.999927
vn -0.015278 -0.008959 0.999843
vn -0.012718 -0.011518 0.999853
vn -0.015598 0.005759 0.999862
vn -0.000880 -0.008960 0.999959
vn -0.002879 0.020396 0.999788
vn 0.011759 0.005760 0.999914
vn 0.011197 0.022233 0.999690
vn 0.013036 0.020394 0.999707
vn 0.013678 0.009999 0.999856
vn 0.001440 0.022234 0.999752
vn 0.003360 -0.004960 0.999982
vn -0.011599 0.009999 0.999883
vn -0.008559 -0.009679 0.999917
vn -0.013279 -0.004960 0.999900
vn -0.009760 -0.001920 0.999951
vn -0.002000 -0.009680 0.999951
vn 0.001520 0.007680 0.999969
vn 0.011119 -0.001920 0.999936
vn 0.014078 0.006799 0.999878
vn 0.013198 0.007679 0.999883
vn 0.015278 -0.006319 0.999863
vn 0.002160 0.006800 0.999975
vn 0.002959 -0.020236 0.999791
vn -0.010959 -0.006319 0.999920
vn -0.011516 -0.022153 0.999688
vn -0.013436 -0.020234 0.999705
vn -0.015278 -0.009518 0.999838
vn -0.002639 -0.022154 0.999751
vn -0.005520 0.006880 0.999961
vn 0.010879 -0.009519 0.999896
vn 0.007359 0.013198 0.999886
vn 0.013678 0.006879 0.999883
vn 0.010159 0.006240 0.999929
vn 0.003200 0.013199 0.999908
vn 0.000160 -0.004240 0.999991
vn -0.010319 0.006240 0.999927
vn -0.012479 -0.005360 0.999908
vn -0.013599 -0.004240 0.999899
vn -0.014558 0.005759 0.999877
vn -0.003440 -0.005360 0.999980
vn -0.004719 0.018956 0.999809
vn 0.008480 0.005760 0.999947
vn -0.039640 0.020859 0.998996
vn -0.037726 0.018943 0.999109
vn -0.087342 0.008049 0.996146
vn -0.099955 0.020771 0.994775
vn -0.122505 -0.008972 0.992427
vn -0.139187 0.008001 0.990234
vn -0.135675 -0.016563 0.990615
vn -0.143145 -0.008947 0.989661
vn -0.114437 -0.010093 0.993379
vn -0.107990 -0.016620 0.994013
vn -0.053523 0.001358 0.998566
vn -0.042041 -0.010150 0.999064
vn 0.008880 0.004800 0.999949
vn 0.012319 0.001360 0.999923
vn -0.011999 0.008799 0.999889
vn -0.000400 -0.002800 0.999996
vn 0.000560 0.018477 0.999829
vn 0.010239 0.008799 0.999909
vn 0.012478 0.014957 0.999810
vn 0.008958 0.018476 0.999789
vn 0.011999 -0.000960 0.999928
vn -0.003920 0.014958 0.999880
vn -0.000320 -0.016558 0.999863
vn -0.015918 -0.000960 0.999873
vn -0.012477 -0.019435 0.999733
vn -0.015356 -0.016556 0.999745
vn -0.012479 -0.008959 0.999882
vn -0.002000 -0.019436 0.999809
vn -0.000240 0.002960 0.999996
vn 0.011679 -0.008959 0.999892
vn 0.012239 0.004240 0.999916
vn 0.013519 0.002960 0.999904
vn 0.012639 -0.005519 0.999905
vn 0.002880 0.004240 0.999987
vn 0.000800 -0.015118 0.999885
vn -0.008800 -0.005520 0.999946
vn -0.011838 -0.012398 0.999853
vn -0.009119 -0.015118 0.999844
vn -0.012719 0.002880 0.999915
vn 0.002560 -0.012399 0.999920
vn -0.000880 0.018477 0.999829
vn 0.014718 0.002880 0.999888
vn 0.011756 0.021673 0.999696
vn 0.014956 0.018475 0.999717
vn 0.013038 0.010718 0.999858
vn 0.002080 0.021675 0.999763
vn 0.001440 -0.003040 0.999994
vn -0.012318 0.010719 0.999867
vn -0.011599 -0.006639 0.999911
vn -0.015198 -0.003040 0.999880
vn -0.013279 0.001680 0.999910
vn -0.004960 -0.006640 0.999966
vn -0.002000 0.011279 0.999934
vn 0.007600 0.001680 0.999970
vn 0.011119 0.009839 0.999890
vn 0.009679 0.011279 0.999890
vn 0.013199 -0.004160 0.999904
vn -0.000800 0.009840 0.999951
vn 0.002160 -0.019436 0.999809
vn -0.013119 -0.004160 0.999905
vn -0.010957 -0.022713 0.999682
vn -0.014236 -0.019434 0.999710
vn -0.013438 -0.011278 0.999846
vn -0.001999 -0.022714 0.999740
vn -0.002640 0.004000 0.999989
vn 0.012638 -0.011278 0.999857
vn 0.010879 0.009679 0.999894
vn 0.016558 0.003999 0.999855
vn 0.013679 0.002720 0.999903
vn 0.006720 0.009679 0.999931
vn 0.003200 -0.007280 0.999968
vn -0.006800 0.002720 0.999973
vn -0.010319 -0.007439 0.999919
vn -0.010479 -0.007279 0.999919
vn -0.013599 0.004879 0.999896
vn -0.001280 -0.007440 0.999972
vn -0.003439 0.019356 0.999807
vn 0.011039 0.004880 0.999927
vn 0.008478 0.022553 0.999710
vn 0.011677 0.019355 0.999744
vn -0.037731 0.010872 0.999229
vn -0.049367 0.022527 0.998527
vn -0.099975 -0.005572 0.994974
vn -0.116161 0.010806 0.993172
vn -0.139180 -0.012991 0.990182
vn -0.146480 -0.005540 0.989198
vn -0.143147 -0.006967 0.989677
vn -0.137237 -0.012995 0.990453
vn -0.108004 0.003579 0.994144
vn -0.097530 -0.007006 0.995208
vn -0.042042 0.005835 0.999099
vn -0.039808 0.003597 0.999201
vn 0.012319 -0.004480 0.999914
vn 0.002000 0.005840 0.999981
vn -0.000400 0.019756 0.999805
vn 0.010559 0.008799 0.999906
vn 0.010238 0.017356 0.999797
vn 0.007838 0.019756 0.999774
vn 0.008960 0.002240 0.999957
vn -0.006159 0.017357 0.999830
vn -0.003920 -0.013039 0.999907
vn -0.019196 0.002240 0.999813
vn -0.015916 -0.016156 0.999743
vn -0.019035 -0.013037 0.999734
vn -0.015358 -0.006399 0.999862
vn -0.005599 -0.016158 0.999854
vn -0.002000 0.004400 0.999988
vn 0.008799 -0.006400 0.999941
vn 0.011679 0.004480 0.999922
vn 0.011759 0.004400 0.999921
vn 0.013518 -0.006719 0.999886
vn 0.002320 0.004480 0.999987
vn 0.002880 -0.017437 0.999844
vn -0.007840 -0.006720 0.999947
vn -0.008799 -0.015597 0.999840
vn -0.006959 -0.017437 0.999824
vn -0.009120 -0.000720 0.999958
vn 0.005759 -0.015598 0.999862
vn 0.002560 0.015118 0.999882
vn 0.018397 -0.000720 0.999831
vn 0.014716 0.018875 0.999714
vn 0.018475 0.015116 0.999715
vn 0.014958 0.009039 0.999847
vn 0.005119 0.018876 0.999809
vn 0.002080 -0.003360 0.999992
vn -0.010319 0.009039 0.999906
vn -0.012319 -0.005599 0.999908
vn -0.014558 -0.003360 0.999888
vn -0.015198 0.003840 0.999877
vn -0.005760 -0.005600 0.999968
vn -0.004959 0.014318 0.999885
vn 0.005520 0.003840 0.999977
vn 0.007599 0.013278 0.999883
vn 0.006559 0.014318 0.999876
vn 0.009680 -0.000800 0.999953
vn -0.004400 0.013279 0.999902
vn -0.000800 -0.016718 0.999860
vn -0.016718 -0.000800 0.999860
vn -0.013116 -0.020954 0.999694
vn -0.017355 -0.016715 0.999710
vn -0.014238 -0.010798 0.999840
vn -0.004079 -0.020955 0.999772
vn -0.002000 0.003040 0.999993
vn 0.011838 -0.010799 0.999872
vn 0.012639 0.007599 0.999891
vn 0.017197 0.003040 0.999847
vn 0.016558 -0.000240 0.999863
vn 0.008719 0.007599 0.999933
vn 0.006719 -0.010799 0.999919
vn -0.003840 -0.000240 0.999993
vn -0.006799 -0.010879 0.999918
vn -0.006879 -0.010799 0.999918
vn -0.010479 0.001920 0.999943
vn 0.002320 -0.010879 0.999938
vn -0.001280 0.017437 0.999847
vn 0.014239 0.001920 0.999897
vn 0.011037 0.021993 0.999697
vn 0.015596 0.017435 0.999726
vn 0.011678 0.011678 0.999864
vn 0.001360 0.021995 0.999757
vn -0.049379 -0.003675 0.998773
vn -0.064660 0.011655 0.997839
vn -0.116162 -0.010170 0.993178
vn -0.122588 -0.003652 0.992451
vn -0.146482 -0.003561 0.989207
vn -0.140039 -0.010139 0.990094
vn -0.137245 0.006973 0.990513
vn -0.126885 -0.003571 0.991911
vn -0.097529 0.008758 0.995194
vn -0.095795 0.007007 0.995376
vn -0.039808 -0.002478 0.999204
vn -0.051051 0.008788 0.998657
vn 0.002000 -0.017357 0.999847
vn -0.012879 -0.002480 0.999914
vn 0.010558 0.017596 0.999789
vn 0.009438 0.018716 0.999780
vn 0.007840 0.003760 0.999962
vn -0.005999 0.017597 0.999827
vn -0.006160 -0.010559 0.999925
vn -0.020476 0.003759 0.999783
vn -0.019195 -0.012957 0.999732
vn -0.021594 -0.010557 0.999711
vn -0.019036 -0.002959 0.999814
vn -0.009039 -0.012958 0.999875
vn -0.005600 0.007520 0.999956
vn 0.004880 -0.002960 0.999984
vn 0.008799 0.006800 0.999938
vn 0.008080 0.007520 0.999939
vn 0.011759 -0.005600 0.999915
vn -0.000640 0.006800 0.999977
vn 0.002320 -0.017517 0.999844
vn -0.009599 -0.005600 0.999938
vn -0.007839 -0.016957 0.999825
vn -0.007279 -0.017517 0.999820
vn -0.006960 -0.003120 0.999971
vn 0.006879 -0.016957 0.999833
vn 0.005759 0.011999 0.999911
vn 0.020875 -0.003119 0.999777
vn 0.018395 0.015516 0.999710
vn 0.021913 0.011996 0.999688
vn 0.018477 0.005999 0.999811
vn 0.008959 0.015518 0.999839
vn 0.005120 -0.005760 0.999970
vn -0.006640 0.006000 0.999960
vn -0.010319 -0.006959 0.999923
vn -0.011519 -0.005760 0.999917
vn -0.014558 0.003760 0.999887
vn -0.003840 -0.006960 0.999968
vn -0.005759 0.015518 0.999863
vn 0.006000 0.003760 0.999975
vn 0.005519 0.015598 0.999863
vn 0.005599 0.015518 0.999864
vn 0.006560 0.002320 0.999976
vn -0.006719 0.015598 0.999856
vn -0.004400 -0.013359 0.999901
vn -0.020076 0.002320 0.999796
vn -0.016715 -0.017755 0.999703
vn -0.021113 -0.013356 0.999688
vn -0.017357 -0.008318 0.999815
vn -0.007919 -0.017757 0.999811
vn -0.004080 0.004480 0.999982
vn 0.008719 -0.008319 0.999927
vn 0.011839 0.007839 0.999899
vn 0.015198 0.004479 0.999874
vn 0.017197 -0.001360 0.999851
vn 0.007999 0.007840 0.999937
vn 0.008719 -0.013038 0.999877
vn -0.002960 -0.001360 0.999995
vn -0.003840 -0.013919 0.999896
vn -0.004720 -0.013039 0.999904
vn -0.006880 -0.001440 0.999975
vn 0.005599 -0.013918 0.999887
vn 0.002320 0.014318 0.999895
vn 0.018077 -0.001440 0.999836
vn 0.014236 0.019354 0.999711
vn 0.019274 0.014316 0.999712
vn 0.015597 0.009998 0.999828
vn 0.006239 0.019356 0.999793
vn 0.001360 -0.004080 0.999991
vn -0.012718 0.009999 0.999869
vn -0.064662 -0.009180 0.997865
vn -0.069749 -0.004070 0.997556
vn -0.122588 -0.001509 0.992456
vn -0.115066 -0.009139 0.993316
vn -0.140039 0.009901 0.990096
vn -0.128837 -0.001507 0.991665
vn -0.126877 0.012061 0.991845
vn -0.124771 0.009921 0.992136
vn -0.095797 0.000796 0.995401
vn -0.106975 0.012089 0.994188
vn -0.051048 -0.014699 0.998588
vn -0.066492 0.000798 0.997787
vn -0.012876 -0.020234 0.999712
vn -0.018395 -0.014716 0.999722
vn 0.009440 0.002880 0.999951
vn -0.003280 0.015598 0.999873
vn -0.006000 -0.010239 0.999930
vn -0.019116 0.002879 0.999813
vn -0.020474 -0.011357 0.999726
vn -0.021594 -0.010237 0.999714
vn -0.021595 -0.000480 0.999767
vn -0.010719 -0.011359 0.999878
vn -0.009039 0.010559 0.999903
vn 0.002000 -0.000480 0.999998
vn 0.004880 0.009999 0.999938
vn 0.004320 0.010559 0.999935
vn 0.008080 -0.002640 0.999964
vn -0.004560 0.009999 0.999940
vn -0.000640 -0.015358 0.999882
vn -0.013359 -0.002640 0.999907
vn -0.009598 -0.015917 0.999827
vn -0.010158 -0.015357 0.999830
vn -0.007280 -0.003360 0.999968
vn 0.005279 -0.015918 0.999859
vn 0.006879 0.010559 0.999921
vn 0.020795 -0.003359 0.999778
vn 0.020874 0.013116 0.999696
vn 0.023432 0.010557 0.999670
vn 0.021915 0.002879 0.999756
vn 0.011678 0.013118 0.999846
vn 0.008959 -0.009039 0.999919
vn -0.002960 0.002880 0.999991
vn -0.006640 -0.009919 0.999929
vn -0.007519 -0.009039 0.999931
vn -0.011519 0.001600 0.999932
vn 0.000000 -0.009920 0.999951
vn -0.003840 0.014398 0.999889
vn 0.008960 0.001600 0.999959
vn 0.005999 0.015758 0.999858
vn 0.007359 0.014398 0.999869
vn 0.005600 0.003600 0.999978
vn -0.006559 0.015758 0.999854
vn -0.006719 -0.011039 0.999916
vn -0.021355 0.003599 0.999765
vn -0.020074 -0.014715 0.999690
vn -0.023752 -0.011036 0.999657
vn -0.021115 -0.005119 0.999764
vn -0.011518 -0.014717 0.999825
vn -0.007920 0.007520 0.999940
vn 0.004720 -0.005120 0.999976
vn 0.008719 0.010159 0.999910
vn 0.011359 0.007519 0.999907
vn 0.015198 -0.000160 0.999884
vn 0.004880 0.010159 0.999936
vn 0.007999 -0.012958 0.999884
vn -0.004800 -0.000160 0.999988
vn -0.002960 -0.015118 0.999881
vn -0.005120 -0.012959 0.999903
vn -0.004720 -0.003680 0.999982
vn 0.006719 -0.015118 0.999863
vn 0.005600 0.011359 0.999920
vn 0.020635 -0.003679 0.999780
vn 0.018075 0.016075 0.999707
vn 0.022793 0.011356 0.999676
vn 0.019276 0.007039 0.999789
vn 0.010238 0.016077 0.999818
vn 0.006240 -0.006400 0.999960
vn -0.007200 0.007040 0.999949
vn -0.012718 -0.010559 0.999863
vn -0.016877 -0.006399 0.999837
vn -0.069750 -0.001676 0.997563
vn -0.060923 -0.010540 0.998087
vn -0.115063 0.011045 0.993297
vn -0.102497 -0.001671 0.994732
vn -0.128824 0.014199 0.991566
vn -0.125707 0.011031 0.992006
vn -0.124776 0.003651 0.992178
vn -0.135135 0.014187 0.990726
vn -0.106976 -0.011374 0.994197
vn -0.121805 0.003653 0.992547
vn -0.066483 -0.017080 0.997641
vn -0.072127 -0.011409 0.997330
vn -0.018396 -0.008478 0.999795
vn -0.009758 -0.017117 0.999806
vn -0.003280 -0.012079 0.999922
vn -0.015518 0.000160 0.999880
vn -0.019115 -0.012157 0.999743
vn -0.019195 -0.012077 0.999743
vn -0.021595 -0.000160 0.999767
vn -0.009599 -0.012159 0.999880
vn -0.010719 0.012158 0.999869
vn 0.001600 -0.000160 0.999999
vn 0.002000 0.012479 0.999920
vn 0.002320 0.012159 0.999923
vn 0.004320 0.000320 0.999991
vn -0.007839 0.012479 0.999891
vn -0.004560 -0.012319 0.999914
vn -0.017197 0.000320 0.999852
vn -0.013358 -0.013198 0.999824
vn -0.014237 -0.012318 0.999823
vn -0.010159 -0.001360 0.999947
vn 0.001680 -0.013199 0.999911
vn 0.005280 0.011519 0.999920
vn 0.018157 -0.001360 0.999834
vn 0.020794 0.012876 0.999701
vn 0.022153 0.011516 0.999688
vn 0.023434 0.001440 0.999724
vn 0.011998 0.012878 0.999845
vn 0.011678 -0.011358 0.999867
vn -0.001120 0.001440 0.999998
vn -0.002960 -0.012799 0.999914
vn -0.004400 -0.011359 0.999926
vn -0.007520 -0.001520 0.999971
vn 0.003760 -0.012799 0.999911
vn -0.000000 0.011599 0.999933
vn 0.013119 -0.001520 0.999913
vn 0.008959 0.013678 0.999866
vn 0.011039 0.011599 0.999872
vn 0.007360 0.002480 0.999970
vn -0.003840 0.013679 0.999899
vn -0.006559 -0.010879 0.999919
vn -0.019916 0.002480 0.999799
vn -0.021353 -0.013436 0.999682
vn -0.023912 -0.010876 0.999655
vn -0.023753 -0.002799 0.999714
vn -0.013118 -0.013438 0.999824
vn -0.011519 0.010479 0.999879
vn 0.001760 -0.002800 0.999995
vn 0.004720 0.013279 0.999901
vn 0.007519 0.010479 0.999917
vn 0.011359 0.002720 0.999932
vn 0.000800 0.013279 0.999912
vn 0.004880 -0.010719 0.999931
vn -0.008560 0.002720 0.999960
vn -0.004799 -0.013998 0.999890
vn -0.008079 -0.010719 0.999910
vn -0.005120 -0.003680 0.999980
vn 0.005199 -0.013998 0.999888
vn 0.006720 0.010159 0.999926
vn 0.020556 -0.003679 0.999782
vn 0.020634 0.013916 0.999690
vn 0.024391 0.010156 0.999651
vn 0.022794 0.004159 0.999732
vn 0.013038 0.013917 0.999818
vn 0.010239 -0.009519 0.999902
vn -0.003440 0.004160 0.999985
vn -0.007199 -0.013518 0.999883
vn -0.011199 -0.009519 0.999892
vn -0.016877 -0.003999 0.999850
vn -0.007359 -0.013518 0.999882
vn -0.060924 0.009821 0.998094
vn -0.047147 -0.003996 0.998880
vn -0.102487 0.014084 0.994635
vn -0.098238 0.009792 0.995115
vn -0.125713 0.004683 0.992056
vn -0.134902 0.014029 0.990760
vn -0.135143 -0.009274 0.990783
vn -0.148803 0.004667 0.988856
vn -0.121794 -0.014212 0.992454
vn -0.126646 -0.009284 0.991904
vn -0.072131 -0.005346 0.997381
vn -0.063227 -0.014290 0.997897
vn -0.009759 0.008479 0.999916
vn 0.004080 -0.005360 0.999977
vn -0.015516 -0.014797 0.999770
vn -0.015197 -0.015117 0.999770
vn -0.019196 -0.001920 0.999814
vn -0.006319 -0.014798 0.999871
vn -0.009599 0.011359 0.999889
vn 0.003680 -0.001920 0.999991
vn 0.001600 0.012799 0.999917
vn 0.003040 0.011359 0.999931
vn 0.002320 0.001840 0.999996
vn -0.008639 0.012798 0.999881
vn -0.007839 -0.009839 0.999921
vn -0.019516 0.001840 0.999808
vn -0.017197 -0.010238 0.999800
vn -0.017596 -0.009838 0.999797
vn -0.014239 0.001760 0.999897
vn -0.002240 -0.010239 0.999945
vn 0.001680 0.014239 0.999897
vn 0.014159 0.001760 0.999898
vn 0.018155 0.014796 0.999726
vn 0.018715 0.014236 0.999724
vn 0.022154 0.002399 0.999752
vn 0.009758 0.014798 0.999843
vn 0.011998 -0.011598 0.999861
vn -0.002000 0.002400 0.999995
vn -0.001120 -0.014239 0.999898
vn -0.003760 -0.011599 0.999926
vn -0.004400 -0.003920 0.999983
vn 0.005919 -0.014238 0.999881
vn 0.003760 0.008720 0.999955
vn 0.016398 -0.003919 0.999858
vn 0.013118 0.010559 0.999858
vn 0.014958 0.008719 0.999850
vn 0.011039 -0.000320 0.999939
vn 0.000160 0.010559 0.999944
vn -0.003840 -0.012879 0.999910
vn -0.016398 -0.000320 0.999865
vn -0.019914 -0.014476 0.999697
vn -0.021513 -0.012876 0.999686
vn -0.023913 -0.002639 0.999711
vn -0.012078 -0.014477 0.999822
vn -0.013118 0.011678 0.999846
vn 0.001200 -0.002640 0.999996
vn 0.001760 0.015518 0.999878
vn 0.005600 0.011679 0.999916
vn 0.007520 0.005600 0.999956
vn -0.002400 0.015518 0.999877
vn 0.000800 -0.007680 0.999970
vn -0.012479 0.005599 0.999906
vn -0.008559 -0.011119 0.999902
vn -0.011999 -0.007679 0.999899
vn -0.008080 -0.001440 0.999966
vn 0.001600 -0.011119 0.999937
vn 0.005200 0.011279 0.999923
vn 0.017917 -0.001440 0.999838
vn 0.020554 0.013916 0.999692
vn 0.023192 0.011276 0.999667
vn 0.024393 0.002959 0.999698
vn 0.013437 0.013917 0.999813
vn 0.013038 -0.011678 0.999847
vn -0.001600 0.002960 0.999994
vn -0.003440 -0.016398 0.999860
vn -0.008159 -0.011679 0.999899
vn -0.011199 -0.007039 0.999913
vn -0.001840 -0.016398 0.999864
vn -0.007360 0.006960 0.999949
vn 0.006640 -0.007040 0.999953
vn -0.047144 0.011826 0.998818
vn -0.042281 0.006954 0.999082
vn -0.098242 0.003423 0.995157
vn -0.106503 0.011772 0.994243
vn -0.134909 -0.009353 0.990814
vn -0.147411 0.003402 0.989069
vn -0.148792 -0.013131 0.988781
vn -0.152508 -0.009329 0.988258
vn -0.126651 -0.003333 0.991942
vn -0.116942 -0.013188 0.993051
vn -0.063229 0.011337 0.997935
vn -0.048582 -0.003356 0.998814
vn 0.004079 0.016877 0.999849
vn 0.009599 0.011359 0.999889
o organic_terrain
g terrain_surface
f 1/1/1 2/2/1 43/43/1
f 1/1/2 43/43/2 42/42/2
f 2/2/3 3/3/3 44/44/3
f 2/2/4 44/44/4 43/43/4
f 3/3/5 4/4/5 45/45/5
f 3/3/6 45/45/6 44/44/6
f 4/4/7 5/5/7 46/46/7
f 4/4/8 46/46/8 45/45/8
f 5/5/9 6/6/9 47/47/9
f 5/5/10 47/47/10 46/46/10
f 6/6/11 7/7/11 48/48/11
f 6/6/12 48/48/12 47/47/12
f 7/7/13 8/8/13 49/49/13
f 7/7/14 49/49/14 48/48/14
f 8/8/15 9/9/15 50/50/15
f 8/8/16 50/50/16 49/49/16
f 9/9/17 10/10/17 51/51/17
f 9/9/18 51/51/18 50/50/18
f 10/10/19 11/11/19 52/52/19
f 10/10/20 52/52/20 51/51/20
f 11/11/21 12/12/21 53/53/21
f 11/11/22 53/53/22 52/52/22
f 12/12/23 13/13/23 54/54/23
f 12/12/24 54/54/24 53/53/24
f 13/13/25 14/14/25 55/55/25
f 13/13/26 55/55/26 54/54/26
f 14/14/27 15/15/27 56/56/27
f 14/14/28 56/56/28 55/55/28
f 15/15/29 16/16/29 57/57/29
f 15/15/30 57/57/30 56/56/30
f 16/16/31 17/17/31 58/58/31
f 16/16/32 58/58/32 57/57/32
f 17/17/33 18/18/33 59/59/33
f 17/17/34 59/59/34 58/58/34
f 18/18/35 19/19/35 60/60/35
f 18/18/36 60/60/36 59/59/36
f 19/19/37 20/20/37 61/61/37
f 19/19/38 61/61/38 60/60/38
f 20/20/39 21/21/39 62/62/39
f 20/20/40 62/62/40 61/61/40
f 21/21/41 22/22/41 63/63/41
f 21/21/42 63/63/42 62/62/42
f 22/22/43 23/23/43 64/64/43
f 22/22/44 64/64/44 63/63/44
f 23/23/45 24/24/45 65/65/45
f 23/23/46 65/65/46 64/64/46
f 24/24/47 25/25/47 66/66/47
f 24/24/48 66/66/48 65/65/48
f 25/25/49 26/26/49 67/67/49
f 25/25/50 67/67/50 66/66/50
f 26/26/51 27/27/51 68/68/51
f 26/26/52 68/68/52 67/67/52
f 27/27/53 28/28/53 69/69/53
f 27/27/54 69/69/54 68/68/54
f 28/28/55 29/29/55 70/70/55
f 28/28/56 70/70/56 69/69/56
f 29/29/57 30/30/57 71/71/57
f 29/29/58 71/71/58 70/70/58
f 30/30/59 31/31/59 72/72/59
f 30/30/60 72/72/60 71/71/60
f 31/31/61 32/32/61 73/73/61
f 31/31/62 73/73/62 72/72/62
f 32/32/63 33/33/63 74/74/63
f 32/32/64 74/74/64 73/73/64
f 33/33/65 34/34/65 75/75/65
f 33/33/66 75/75/66 74/74/66
f 34/34/67 35/35/67 76/76/67
f 34/34/68 76/76/68 75/75/68
f 35/35/69 36/36/69 77/77/69
f 35/35/70 77/77/70 76/76/70
f 36/36/71 37/37/71 78/78/71
f 36/36/72 78/78/72 77/77/72
f 37/37/73 38/38/73 79/79/73
f 37/37/74 79/79/74 78/78/74
f 38/38/75 39/39/75 80/80/75
f 38/38/76 80/80/76 79/79/76
f 39/39/77 40/40/77 81/81/77
f 39/39/78 81/81/78 80/80/78
f 40/40/79 41/41/79 82/82/79
f 40/40/80 82/82/80 81/81/80
f 42/42/81 43/43/81 84/84/81
f 42/42/82 84/84/82 83/83/82
f 43/43/83 44/44/83 85/85/83
f 43/43/84 85/85/84 84/84/84
f 44/44/85 45/45/85 86/86/85
f 44/44/86 86/86/86 85/85/86
f 45/45/87 46/46/87 87/87/87
f 45/45/88 87/87/88 86/86/88
f 46/46/89 47/47/89 88/88/89
f 46/46/90 88/88/90 87/87/90
f 47/47/91 48/48/91 89/89/91
f 47/47/92 89/89/92 88/88/92
f 48/48/93 49/49/93 90/90/93
f 48/48/94 90/90/94 89/89/94
f 49/49/95 50/50/95 91/91/95
f 49/49/96 91/91/96 90/90/96
f 50/50/97 51/51/97 92/92/97
f 50/50/98 92/92/98 91/91/98
f 51/51/99 52/52/99 93/93/99
f 51/51/100 93/93/100 92/92/100
f 52/52/101 53/53/101 94/94/101
f 52/52/102 94/94/102 93/93/102
f 53/53/103 54/54/103 95/95/103
f 53/53/104 95/95/104 94/94/104
f 54/54/105 55/55/105 96/96/105
f 54/54/106 96/96/106 95/95/106
f 55/55/107 56/56/107 97/97/107
f 55/55/108 97/97/108 96/96/108
f 56/56/109 57/57/109 98/98/109
f 56/56/110 98/98/110 97/97/110
f 57/57/111 58/58/111 99/99/111
f 57/57/112 99/99/112 98/98/112
f 58/58/113 59/59/113 100/100/113
f 58/58/114 100/100/114 99/99/114
f 59/59/115 60/60/115 101/101/115
f 59/59/116 101/101/116 100/100/116
f 60/60/117 61/61/117 102/102/117
f 60/60/118 102/102/118 101/101/118
f 61/61/119 62/62/119 103/103/119
f 61/61/120 103/103/120 102/102/120
f 62/62/121 63/63/121 104/104/121
f 62/62/122 104/104/122 103/103/122
f 63/63/123 64/64/123 105/105/123
f 63/63/124 105/105/124 104/104/124
f 64/64/125 65/65/125 106/106/125
f 64/64/126 106/106/126 105/105/126
f 65/65/127 66/66/127 107/107/127
f 65/65/128 107/107/128 106/106/128
f 66/66/129 67/67/129 108/108/129
f 66/66/130 108/108/130 107/107/130
f 67/67/131 68/68/131 109/109/131
f 67/67/132 109/109/132 108/108/132
f 68/68/133 69/69/133 110/110/133
f 68/68/134 110/110/134 109/109/134
f 69/69/135 70/70/135 111/111/135
f 69/69/136 111/111/136 110/110/136
f 70/70/137 71/71/137 112/112/137
f 70/70/138 112/112/138 111/111/138
f 71/71/139 72/72/139 113/113/139
f 71/71/140 113/113/140 112/112/140
f 72/72/141 73/73/141 114/114/141
f 72/72/142 114/114/142 113/113/142
f 73/73/143 74/74/143 115/115/143
f 73/73/144 115/115/144 114/114/144
f 74/74/145 75/75/145 116/116/145
f 74/74/146 116/116/146 115/115/146
f 75/75/147 76/76/147 117/117/147
f 75/75/148 117/117/148 116/116/148
f 76/76/149 77/77/149 118/118/149
f 76/76/150 118/118/150 117/117/150
f 77/77/151 78/78/151 119/119/151
f 77/77/152 119/119/152 118/118/152
f 78/78/153 79/79/153 120/120/153
f 78/78/154 120/120/154 119/119/154
f 79/79/155 80/80/155 121/121/155
f 79/79/156 121/121/156 120/120/156
f 80/80/157 81/81/157 122/122/157
f 80/80/158 122/122/158 121/121/158
f 81/81/159 82/82/159 123/123/159
f 81/81/160 123/123/160 122/122/160
f 83/83/161 84/84/161 125/125/161
f 83/83/162 125/125/162 124/124/162
f 84/84/163 85/85/163 126/126/163
f 84/84/164 126/126/164 125/125/164
f 85/85/165 86/86/165 127/127/165
f 85/85/166 127/127/166 126/126/166
f 86/86/167 87/87/167 128/128/167
f 86/86/168 128/128/168 127/127/168
f 87/87/169 88/88/169 129/129/169
f 87/87/170 129/129/170 128/128/170
f 88/88/171 89/89/171 130/130/171
f 88/88/172 130/130/172 129/129/172
f 89/89/173 90/90/173 131/131/173
f 89/89/174 131/131/174 130/130/174
f 90/90/175 91/91/175 132/132/175
f 90/90/176 132/132/176 131/131/176
f 91/91/177 92/92/177 133/133/177
f 91/91/178 133/133/178 132/132/178
f 92/92/179 93/93/179 134/134/179
f 92/92/180 134/134/180 133/133/180
f 93/93/181 94/94/181 135/135/181
f 93/93/182 135/135/182 134/134/182
f 94/94/183 95/95/183 136/136/183
f 94/94/184 136/136/184 135/135/184
f 95/95/185 96/96/185 137/137/185
f 95/95/186 137/137/186 136/136/186
f 96/96/187 97/97/187 138/138/187
f 96/96/188 138/138/188 137/137/188
f 97/97/189 98/98/189 139/139/189
f 97/97/190 139/139/190 138/138/190
f 98/98/191 99/99/191 140/140/191
f 98/98/192 140/140/192 139/139/192
f 99/99/193 100/100/193 141/141/193
f 99/99/194 141/141/194 140/140/194
f 100/100/195 101/101/195 142/142/195
f 100/100/196 142/142/196 141/141/196
f 101/101/197 102/102/197 143/143/197
f 101/101/198 143/143/198 142/142/198
f 102/102/199 103/103/199 144/144/199
f 102/102/200 144/144/200 143/143/200
f 103/103/201 104/104/201 145/145/201
f 103/103/202 145/145/202 144/144/202
f 104/104/203 105/105/203 146/146/203
f 104/104/204 146/146/204 145/145/204
f 105/105/205 106/106/205 147/147/205
f 105/105/206 147/147/206 146/146/206
f 106/106/207 107/107/207 148/148/207
f 106/106/208 148/148/208 147/147/208
f 107/107/209 108/108/209 149/149/209
f 107/107/210 149/149/210 148/148/210
f 108/108/211 109/109/211 150/150/211
f 108/108/212 150/150/212 149/149/212
f 109/109/213 110/110/213 151/151/213
f 109/109/214 151/151/214 150/150/214
f 110/110/215 111/111/215 152/152/215
f 110/110/216 152/152/216 151/151/216
f 111/111/217 112/112/217 153/153/217
f 111/111/218 153/153/218 152/152/218
f 112/112/219 113/113/219 154/154/219
f 112/112/220 154/154/220 153/153/220
f 113/113/221 114/114/221 155/155/221
f 113/113/222 155/155/222 154/154/222
f 114/114/223 115/115/223 156/156/223
f 114/114/224 156/156/224 155/155/224
f 115/115/225 116/116/225 157/157/225
f 115/115/226 157/157/226 156/156/226
f 116/116/227 117/117/227 158/158/227
f 116/116/228 158/158/228 157/157/228
f 117/117/229 118/118/229 159/159/229
f 117/117/230 159/159/230 158/158/230
f 118/118/231 119/119/231 160/160/231
f 118/118/232 160/160/232 159/159/232
f 119/119/233 120/120/233 161/161/233
f 119/119/234 161/161/234 160/160/234
f 120/120/235 121/121/235 162/162/235
f 120/120/236 162/162/236 161/161/236
f 121/121/237 122/122/237 163/163/237
f 121/121/238 163/163/238 162/162/238
f 122/122/239 123/123/239 164/164/239
f 122/122/240 164/164/240 163/163/240
f 124/124/241 125/125/241 166/166/241
f 124/124/242 166/166/242 165/165/242
f 125/125/243 126/126/243 167/167/243
f 125/125/244 167/167/244 166/166/244
f 126/126/245 127/127/245 168/168/245
f 126/126/246 168/168/246 167/167/246
f 127/127/247 128/128/247 169/169/247
f 127/127/248 169/169/248 168/168/248
f 128/128/249 129/129/249 170/170/249
f 128/128/250 170/170/250 169/169/250
f 129/129/251 130/130/251 171/171/251
f 129/129/252 171/171/252 170/170/252
f 130/130/253 131/131/253 172/172/253
f 130/130/254 172/172/254 171/171/254
f 131/131/255 132/132/255 173/173/255
f 131/131/256 173/173/256 172/172/256
f 132/132/257 133/133/257 174/174/257
f 132/132/258 174/174/258 173/173/258
f 133/133/259 134/134/259 175/175/259
f 133/133/260 175/175/260 174/174/260
f 134/134/261 135/135/261 176/176/261
f 134/134/262 176/176/262 175/175/262
f 135/135/263 136/136/263 177/177/263
f 135/135/264 177/177/264 176/176/264
f 136/136/265 137/137/265 178/178/265
f 136/136/266 178/178/266 177/177/266
f 137/137/267 138/138/267 179/179/267
f 137/137/268 179/179/268 178/178/268
f 138/138/269 139/139/269 180/180/269
f 138/138/270 180/180/270 179/179/270
f 139/139/271 140/140/271 181/181/271
f 139/139/272 181/181/272 180/180/272
f 140/140/273 141/141/273 182/182/273
f 140/140/274 182/182/274 181/181/274
f 141/141/275 142/142/275 183/183/275
f 141/141/276 183/183/276 182/182/276
f 142/142/277 143/143/277 184/184/277
f 142/142/278 184/184/278 183/183/278
f 143/143/279 144/144/279 185/185/279
f 143/143/280 185/185/280 184/184/280
f 144/144/281 145/145/281 186/186/281
f 144/144/282 186/186/282 185/185/282
f 145/145/283 146/146/283 187/187/283
f 145/145/284 187/187/284 186/186/284
f 146/146/285 147/147/285 188/188/285
f 146/146/286 188/188/286 187/187/286
f 147/147/287 148/148/287 189/189/287
f 147/147/288 189/189/288 188/188/288
f 148/148/289 149/149/289 190/190/289
f 148/148/290 190/190/290 189/189/290
f 149/149/291 150/150/291 191/191/291
f 149/149/292 191/191/292 190/190/292
f 150/150/293 151/151/293 192/192/293
f 150/150/294 192/192/294 191/191/294
f 151/151/295 152/152/295 193/193/295
f 151/151/296 193/193/296 192/192/296
f 152/152/297 153/153/297 194/194/297
f 152/152/298 194/194/298 193/193/298
f 153/153/299 154/154/299 195/195/299
f 153/153/300 195/195/300 194/194/300
f 154/154/301 155/155/301 196/196/301
f 154/154/302 196/196/302 195/195/302
f 155/155/303 156/156/303 197/197/303
f 155/155/304 197/197/304 196/196/304
f 156/156/305 157/157/305 198/198/305
f 156/156/306 198/198/306 197/197/306
f 157/157/307 158/158/307 199/199/307
f 157/157/308 199/199/308 198/198/308
f 158/158/309 159/159/309 200/200/309
f 158/158/310 200/200/310 199/199/310
f 159/159/311 160/160/311 201/201/311
f 159/159/312 201/201/312 200/200/312
f 160/160/313 161/161/313 202/202/313
f 160/160/314 202/202/314 201/201/314
f 161/161/315 162/162/315 203/203/315
f 161/161/316 203/203/316 202/202/316
f 162/162/317 163/163/317 204/204/317
f 162/162/318 204/204/318 203/203/318
f 163/163/319 164/164/319 205/205/319
f 163/163/320 205/205/320 204/204/320
f 165/165/321 166/166/321 207/207/321
f 165/165/322 207/207/322 206/206/322
f 166/166/323 167/167/323 208/208/323
f 166/166/324 208/208/324 207/207/324
f 167/167/325 168/168/325 209/209/325
f 167/167/326 209/209/326 208/208/326
f 168/168/327 169/169/327 210/210/327
f 168/168/328 210/210/328 209/209/328
f 169/169/329 170/170/329 211/211/329
f 169/169/330 211/211/330 210/210/330
f 170/170/331 171/171/331 212/212/331
f 170/170/332 212/212/332 211/211/332
f 171/171/333 172/172/333 213/213/333
f 171/171/334 213/213/334 212/212/334
f 172/172/335 173/173/335 214/214/335
f 172/172/336 214/214/336 213/213/336
f 173/173/337 174/174/337 215/215/337
f 173/173/338 215/215/338 214/214/338
f 174/174/339 175/175/339 216/216/339
f 174/174/340 216/216/340 215/215/340
f 175/175/341 176/176/341 217/217/341
f 175/175/342 217/217/342 216/216/342
f 176/176/343 177/177/343 218/218/343
f 176/176/344 218/218/344 217/217/344
f 177/177/345 178/178/345 219/219/345
f 177/177/346 219/219/346 218/218/346
f 178/178/347 179/179/347 220/220/347
f 178/178/348 220/220/348 219/219/348
f 179/179/349 180/180/349 221/221/349
f 179/179/350 221/221/350 220/220/350
f 180/180/351 181/181/351 222/222/351
f 180/180/352 222/222/352 221/221/352
f 181/181/353 182/182/353 223/223/353
f 181/181/354 223/223/354 222/222/354
f 182/182/355 183/183/355 224/224/355
f 182/182/356 224/224/356 223/223/356
f 183/183/357 184/184/357 225/225/357
f 183/183/358 225/225/358 224/224/358
f 184/184/359 185/185/359 226/226/359
f 184/184/360 226/226/360 225/225/360
f 185/185/361 186/186/361 227/227/361
f 185/185/362 227/227/362 226/226/362
f 186/186/363 187/187/363 228/228/363
f 186/186/364 228/228/364 227/227/364
f 187/187/365 188/188/365 229/229/365
f 187/187/366 229/229/366 228/228/366
f 188/188/367 189/189/367 230/230/367
f 188/188/368 230/230/368 229/229/368
f 189/189/369 190/190/369 231/231/369
f 189/189/370 231/231/370 230/230/370
f 190/190/371 191/191/371 232/232/371
f 190/190/372 232/232/372 231/231/372
f 191/191/373 192/192/373 233/233/373
f 191/191/374 233/233/374 232/232/374
f 192/192/375 193/193/375 234/234/375
f 192/192/376 234/234/376 233/233/376
f 193/193/377 194/194/377 235/235/377
f 193/193/378 235/235/378 234/234/378
f 194/194/379 195/195/379 236/236/379
f 194/194/380 236/236/380 235/235/380
f 195/195/381 196/196/381 237/237/381
f 195/195/382 237/237/382 236/236/382
f 196/196/383 197/197/383 238/238/383
f 196/196/384 238/238/384 237/237/384
f 197/197/385 198/198/385 239/239/385
f 197/197/386 239/239/386 238/238/386
f 198/198/387 199/199/387 240/240/387
f 198/198/388 240/240/388 239/239/388
f 199/199/389 200/200/389 241/241/389
f 199/199/390 241/241/390 240/240/390
f 200/200/391 201/201/391 242/242/391
f 200/200/392 242/242/392 241/241/392
f 201/201/393 202/202/393 243/243/393
f 201/201/394 243/243/394 242/242/394
f 202/202/395 203/203/395 244/244/395
f 202/202/396 244/244/396 243/243/396
f 203/203/397 204/204/397 245/245/397
f 203/203/398 245/245/398 244/244/398
f 204/204/399 205/205/399 246/246/399
f 204/204/400 246/246/400 245/245/400
f 206/206/401 207/207/401 248/248/401
f 206/206/402 248/248/402 247/247/402
f 207/207/403 208/208/403 249/249/403
f 207/207/404 249/249/404 248/248/404
f 208/208/405 209/209/405 250/250/405
f 208/208/406 250/250/406 249/249/406
f 209/209/407 210/210/407 251/251/407
f 209/209/408 251/251/408 250/250/408
f 210/210/409 211/211/409 252/252/409
f 210/210/410 252/252/410 251/251/410
f 211/211/411 212/212/411 253/253/411
f 211/211/412 253/253/412 252/252/412
f 212/212/413 213/213/413 254/254/413
f 212/212/414 254/254/414 253/253/414
f 213/213/415 214/214/415 255/255/415
f 213/213/416 255/255/416 254/254/416
f 214/214/417 215/215/417 256/256/417
f 214/214/418 256/256/418 255/255/418
f 215/215/419 216/216/419 257/257/419
f 215/215/420 257/257/420 256/256/420
f 216/216/421 217/217/421 258/258/421
f 216/216/422 258/258/422 257/257/422
f 217/217/423 218/218/423 259/259/423
f 217/217/424 259/259/424 258/258/424
f 218/218/425 219/219/425 260/260/425
f 218/218/426 260/260/426 259/259/426
f 219/219/427 220/220/427 261/261/427
f 219/219/428 261/261/428 260/260/428
f 220/220/429 221/221/429 262/262/429
f 220/220/430 262/262/430 261/261/430
f 221/221/431 222/222/431 263/263/431
f 221/221/432 263/263/432 262/262/432
f 222/222/433 223/223/433 264/264/433
f 222/222/434 264/264/434 263/263/434
f 223/223/435 224/224/435 265/265/435
f 223/223/436 265/265/436 264/264/436
f 224/224/437 225/225/437 266/266/437
f 224/224/438 266/266/438 265/265/438
f 225/225/439 226/226/439 267/267/439
f 225/225/440 267/267/440 266/266/440
f 226/226/441 227/227/441 268/268/441
f 226/226/442 268/268/442 267/267/442
f 227/227/443 228/228/443 269/269/443
f 227/227/444 269/269/444 268/268/444
f 228/228/445 229/229/445 270/270/445
f 228/228/446 270/270/446 269/269/446
f 229/229/447 230/230/447 271/271/447
f 229/229/448 271/271/448 270/270/448
f 230/230/449 231/231/449 272/272/449
f 230/230/450 272/272/450 271/271/450
f 231/231/451 232/232/451 273/273/451
f 231/231/452 273/273/452 272/272/452
f 232/232/453 233/233/453 274/274/453
f 232/232/454 274/274/454 273/273/454
f 233/233/455 234/234/455 275/275/455
f 233/233/456 275/275/456 274/274/456
f 234/234/457 235/235/457 276/276/457
f 234/234/458 276/276/458 275/275/458
f 235/235/459 236/236/459 277/277/459
f 235/235/460 277/277/460 276/276/460
f 236/236/461 237/237/461 278/278/461
f 236/236/462 278/278/462 277/277/462
f 237/237/463 238/238/463 279/279/463
f 237/237/464 279/279/464 278/278/464
f 238/238/465 239/239/465 280/280/465
f 238/238/466 280/280/466 279/279/466
f 239/239/467 240/240/467 281/281/467
f 239/239/468 281/281/468 280/280/468
f 240/240/469 241/241/469 282/282/469
f 240/240/470 282/282/470 281/281/470
f 241/241/471 242/242/471 283/283/471
f 241/241/472 283/283/472 282/282/472
f 242/242/473 243/243/473 284/284/473
f 242/242/474 284/284/474 283/283/474
f 243/243/475 244/244/475 285/285/475
f 243/243/476 285/285/476 284/284/476
f 244/244/477 245/245/477 286/286/477
f 244/244/478 286/286/478 285/285/478
f 245/245/479 246/246/479 287/287/479
f 245/245/480 287/287/480 286/286/480
f 247/247/481 248/248/481 289/289/481
f 247/247/482 289/289/482 288/288/482
f 248/248/483 249/249/483 290/290/483
f 248/248/484 290/290/484 289/289/484
f 249/249/485 250/250/485 291/291/485
f 249/249/486 291/291/486 290/290/486
f 250/250/487 251/251/487 292/292/487
f 250/250/488 292/292/488 291/291/488
f 251/251/489 252/252/489 293/293/489
f 251/251/490 293/293/490 292/292/490
f 252/252/491 253/253/491 294/294/491
f 252/252/492 294/294/492 293/293/492
f 253/253/493 254/254/493 295/295/493
f 253/253/494 295/295/494 294/294/494
f 254/254/495 255/255/495 296/296/495
f 254/254/496 296/296/496 295/295/496
f 255/255/497 256/256/497 297/297/497
f 255/255/498 297/297/498 296/296/498
f 256/256/499 257/257/499 298/298/499
f 256/256/500 298/298/500 297/297/500
f 257/257/501 258/258/501 299/299/501
f 257/257/502 299/299/502 298/298/502
f 258/258/503 259/259/503 300/300/503
f 258/258/504 300/300/504 299/299/504
f 259/259/505 260/260/505 301/301/505
f 259/259/506 301/301/506 300/300/506
f 260/260/507 261/261/507 302/302/507
f 260/260/508 302/302/508 301/301/508
f 261/261/509 262/262/509 303/303/509
f 261/261/510 303/303/510 302/302/510
f 262/262/511 263/263/511 304/304/511
f 262/262/512 304/304/512 303/303/512
f 263/263/513 264/264/513 305/305/513
f 263/263/514 305/305/514 304/304/514
f 264/264/515 265/265/515 306/306/515
f 264/264/516 306/306/516 305/305/516
f 265/265/517 266/266/517 307/307/517
f 265/265/518 307/307/518 306/306/518
f 266/266/519 267/267/519 308/308/519
f 266/266/520 308/308/520 307/307/520
f 267/267/521 268/268/521 309/309/521
f 267/267/522 309/309/522 308/308/522
f 268/268/523 269/269/523 310/310/523
f 268/268/524 310/310/524 309/309/524
f 269/269/525 270/270/525 311/311/525
f 269/269/526 311/311/526 310/310/526
f 270/270/527 271/271/527 312/312/527
f 270/270/528 312/312/528 311/311/528
f 271/271/529 272/272/529 313/313/529
f 271/271/530 313/313/530 312/312/530
f 272/272/531 273/273/531 314/314/531
f 272/272/532 314/314/532 313/313/532
f 273/273/533 274/274/533 315/315/533
f 273/273/534 315/315/534 314/314/534
f 274/274/535 275/275/535 316/316/535
f 274/274/536 316/316/536 315/315/536
f 275/275/537 276/276/537 317/317/537
f 275/275/538 317/317/538 316/316/538
f 276/276/539 277/277/539 318/318/539
f 276/276/540 318/318/540 317/317/540
f 277/277/541 278/278/541 319/319/541
f 277/277/542 319/319/542 318/318/542
f 278/278/543 279/279/543 320/320/543
f 278/278/544 320/320/544 319/319/544
f 279/279/545 280/280/545 321/321/545
f 279/279/546 321/321/546 320/320/546
f 280/280/547 281/281/547 322/322/547
f 280/280/548 322/322/548 321/321/548
f 281/281/549 282/282/549 323/323/549
f 281/281/550 323/323/550 322/322/550
f 282/282/551 283/283/551 324/324/551
f 282/282/552 324/324/552 323/323/552
f 283/283/553 284/284/553 325/325/553
f 283/283/554 325/325/554 324/324/554
f 284/284/555 285/285/555 326/326/555
f 284/284/556 326/326/556 325/325/556
f 285/285/557 286/286/557 327/327/557
f 285/285/558 327/327/558 326/326/558
f 286/286/559 287/287/559 328/328/559
f 286/286/560 328/328/560 327/327/560
f 288/288/561 289/289/561 330/330/561
f 288/288/562 330/330/562 329/329/562
f 289/289/563 290/290/563 331/331/563
f 289/289/564 331/331/564 330/330/564
f 290/290/565 291/291/565 332/332/565
f 290/290/566 332/332/566 331/331/566
f 291/291/567 292/292/567 333/333/567
f 291/291/568 333/333/568 332/332/568
f 292/292/569 293/293/569 334/334/569
f 292/292/570 334/334/570 333/333/570
f 293/293/571 294/294/571 335/335/571
f 293/293/572 335/335/572 334/334/572
f 294/294/573 295/295/573 336/336/573
f 294/294/574 336/336/574 335/335/574
f 295/295/575 296/296/575 337/337/575
f 295/295/576 337/337/576 336/336/576
f 296/296/577 297/297/577 338/338/577
f 296/296/578 338/338/578 337/337/578
f 297/297/579 298/298/579 339/339/579
f 297/297/580 339/339/580 338/338/580
f 298/298/581 299/299/581 340/340/581
f 298/298/582 340/340/582 339/339/582
f 299/299/583 300/300/583 341/341/583
f 299/299/584 341/341/584 340/340/584
f 300/300/585 301/301/585 342/342/585
f 300/300/586 342/342/586 341/341/586
f 301/301/587 302/302/587 343/343/587
f 301/301/588 343/343/588 342/342/588
f 302/302/589 303/303/589 344/344/589
f 302/302/590 344/344/590 343/343/590
f 303/303/591 304/304/591 345/345/591
f 303/303/592 345/345/592 344/344/592
f 304/304/593 305/305/593 346/346/593
f 304/304/594 346/346/594 345/345/594
f 305/305/595 306/306/595 347/347/595
f 305/305/596 347/347/596 346/346/596
f 306/306/597 307/307/597 348/348/597
f 306/306/598 348/348/598 347/347/598
f 307/307/599 308/308/599 349/349/599
f 307/307/600 349/349/600 348/348/600
f 308/308/601 309/309/601 350/350/601
f 308/308/602 350/350/602 349/349/602
f 309/309/603 310/310/603 351/351/603
f 309/309/604 351/351/604 350/350/604
f 310/310/605 311/311/605 352/352/605
f 310/310/606 352/352/606 351/351/606
f 311/311/607 312/312/607 353/353/607
f 311/311/608 353/353/608 352/352/608
f 312/312/609 313/313/609 354/354/609
f 312/312/610 354/354/610 353/353/610
f 313/313/611 314/314/611 355/355/611
f 313/313/612 355/355/612 354/354/612
f 314/314/613 315/315/613 356/356/613
f 314/314/614 356/356/614 355/355/614
f 315/315/615 316/316/615 357/357/615
f 315/315/616 357/357/616 356/356/616
f 316/316/617 317/317/617 358/358/617
f 316/316/618 358/358/618 357/357/618
f 317/317/619 318/318/619 359/359/619
f 317/317/620 359/359/620 358/358/620
f 318/318/621 319/319/621 360/360/621
f 318/318/622 360/360/622 359/359/622
f 319/319/623 320/320/623 361/361/623
f 319/319/624 361/361/624 360/360/624
f 320/320/625 321/321/625 362/362/625
f 320/320/626 362/362/626 361/361/626
f 321/321/627 322/322/627 363/363/627
f 321/321/628 363/363/628 362/362/628
f 322/322/629 323/323/629 364/364/629
f 322/322/630 364/364/630 363/363/630
f 323/323/631 324/324/631 365/365/631
f 323/323/632 365/365/632 364/364/632
f 324/324/633 325/325/633 366/366/633
f 324/324/634 366/366/634 365/365/634
f 325/325/635 326/326/635 367/367/635
f 325/325/636 367/367/636 366/366/636
f 326/326/637 327/327/637 368/368/637
f 326/326/638 368/368/638 367/367/638
f 327/327/639 328/328/639 369/369/639
f 327/327/640 369/369/640 368/368/640
f 329/329/641 330/330/641 371/371/641
f 329/329/642 371/371/642 370/370/642
f 330/330/643 331/331/643 372/372/643
f 330/330/644 372/372/644 371/371/644
f 331/331/645 332/332/645 373/373/645
f 331/331/646 373/373/646 372/372/646
f 332/332/647 333/333/647 374/374/647
f 332/332/648 374/374/648 373/373/648
f 333/333/649 334/334/649 375/375/649
f 333/333/650 375/375/650 374/374/650
f 334/334/651 335/335/651 376/376/651
f 334/334/652 376/376/652 375/375/652
f 335/335/653 336/336/653 377/377/653
f 335/335/654 377/377/654 376/376/654
f 336/336/655 337/337/655 378/378/655
f 336/336/656 378/378/656 377/377/656
f 337/337/657 338/338/657 379/379/657
f 337/337/658 379/379/658 378/378/658
f 338/338/659 339/339/659 380/380/659
f 338/338/660 380/380/660 379/379/660
f 339/339/661 340/340/661 381/381/661
f 339/339/662 381/381/662 380/380/662
f 340/340/663 341/341/663 382/382/663
f 340/340/664 382/382/664 381/381/664
f 341/341/665 342/342/665 383/383/665
f 341/341/666 383/383/666 382/382/666
f 342/342/667 343/343/667 384/384/667
f 342/342/668 384/384/668 383/383/668
f 343/343/669 344/344/669 385/385/669
f 343/343/670 385/385/670 384/384/670
f 344/344/671 345/345/671 386/386/671
f 344/344/672 386/386/672 385/385/672
f 345/345/673 346/346/673 387/387/673
f 345/345/674 387/387/674 386/386/674
f 346/346/675 347/347/675 388/388/675
f 346/346/676 388/388/676 387/387/676
f 347/347/677 348/348/677 389/389/677
f 347/347/678 389/389/678 388/388/678
f 348/348/679 349/349/679 390/390/679
f 348/348/680 390/390/680 389/389/680
f 349/349/681 350/350/681 391/391/681
f 349/349/682 391/391/682 390/390/682
f 350/350/683 351/351/683 392/392/683
f 350/350/684 392/392/684 391/391/684
f 351/351/685 352/352/685 393/393/685
f 351/351/686 393/393/686 392/392/686
f 352/352/687 353/353/687 394/394/687
f 352/352/688 394/394/688 393/393/688
f 353/353/689 354/354/689 395/395/689
f 353/353/690 395/395/690 394/394/690
f 354/354/691 355/355/691 396/396/691
f 354/354/692 396/396/692 395/395/692
f 355/355/693 356/356/693 397/397/693
f 355/355/694 397/397/694 396/396/694
f 356/356/695 357/357/695 398/398/695
f 356/356/696 398/398/696 397/397/696
f 357/357/697 358/358/697 399/399/697
f 357/357/698 399/399/698 398/398/698
f 358/358/699 359/359/699 400/400/699
f 358/358/700 400/400/700 399/399/700
f 359/359/701 360/360/701 401/401/701
f 359/359/702 401/401/702 400/400/702
f 360/360/703 361/361/703 402/402/703
f 360/360/704 402/402/704 401/401/704
f 361/361/705 362/362/705 403/403/705
f 361/361/706 403/403/706 402/402/706
f 362/362/707 363/363/707 404/404/707
f 362/362/708 404/404/708 403/403/708
f 363/363/709 364/364/709 405/405/709
f 363/363/710 405/405/710 404/404/710
f 364/364/711 365/365/711 406/406/711
f 364/364/712 406/406/712 405/405/712
f 365/365/713 366/366/713 407/407/713
f 365/365/714 407/407/714 406/406/714
f 366/366/715 367/367/715 408/408/715
f 366/366/716 408/408/716 407/407/716
f 367/367/717 368/368/717 409/409/717
f 367/367/718 409/409/718 408/408/718
f 368/368/719 369/369/719 410/410/719
f 368/368/720 410/410/720 409/409/720
f 370/370/721 371/371/721 412/412/721
f 370/370/722 412/412/722 411/411/722
f 371/371/723 372/372/723 413/413/723
f 371/371/724 413/413/724 412/412/724
f 372/372/725 373/373/725 414/414/725
f 372/372/726 414/414/726 413/413/726
f 373/373/727 374/374/727 415/415/727
f 373/373/728 415/415/728 414/414/728
f 374/374/729 375/375/729 416/416/729
f 374/374/730 416/416/730 415/415/730
f 375/375/731 376/376/731 417/417/731
f 375/375/732 417/417/732 416/416/732
f 376/376/733 377/377/733 418/418/733
f 376/376/734 418/418/734 417/417/734
f 377/377/735 378/378/735 419/419/735
f 377/377/736 419/419/736 418/418/736
f 378/378/737 379/379/737 420/420/737
f 378/378/738 420/420/738 419/419/738
f 379/379/739 380/380/739 421/421/739
f 379/379/740 421/421/740 420/420/740
f 380/380/741 381/381/741 422/422/741
f 380/380/742 422/422/742 421/421/742
f 381/381/743 382/382/743 423/423/743
f 381/381/744 423/423/744 422/422/744
f 382/382/745 383/383/745 424/424/745
f 382/382/746 424/424/746 423/423/746
f 383/383/747 384/384/747 425/425/747
f 383/383/748 425/425/748 424/424/748
f 384/384/749 385/385/749 426/426/749
f 384/384/750 426/426/750 425/425/750
f 385/385/751 386/386/751 427/427/751
f 385/385/752 427/427/752 426/426/752
f 386/386/753 387/387/753 428/428/753
f 386/386/754 428/428/754 427/427/754
f 387/387/755 388/388/755 429/429/755
f 387/387/756 429/429/756 428/428/756
f 388/388/757 389/389/757 430/430/757
f 388/388/758 430/430/758 429/429/758
f 389/389/759 390/390/759 431/431/759
f 389/389/760 431/431/760 430/430/760
f 390/390/761 391/391/761 432/432/761
f 390/390/762 432/432/762 431/431/762
f 391/391/763 392/392/763 433/433/763
f 391/391/764 433/433/764 432/432/764
f 392/392/765 393/393/765 434/434/765
f 392/392/766 434/434/766 433/433/766
f 393/393/767 394/394/767 435/435/767
f 393/393/768 435/435/768 434/434/768
f 394/394/769 395/395/769 436/436/769
f 394/394/770 436/436/770 435/435/770
f 395/395/771 396/396/771 437/437/771
f 395/395/772 437/437/772 436/436/772
f 396/396/773 397/397/773 438/438/773
f 396/396/774 438/438/774 437/437/774
f 397/397/775 398/398/775 439/439/775
f 397/397/776 439/439/776 438/438/776
f 398/398/777 399/399/777 440/440/777
f 398/398/778 440/440/778 439/439/778
f 399/399/779 400/400/779 441/441/779
f 399/399/780 441/441/780 440/440/780
f 400/400/781 401/401/781 442/442/781
f 400/400/782 442/442/782 441/441/782
f 401/401/783 402/402/783 443/443/783
f 401/401/784 443/443/784 442/442/784
f 402/402/785 403/403/785 444/444/785
f 402/402/786 444/444/786 443/443/786
f 403/403/787 404/404/787 445/445/787
f 403/403/788 445/445/788 444/444/788
f 404/404/789 405/405/789 446/446/789
f 404/404/790 446/446/790 445/445/790
f 405/405/791 406/406/791 447/447/791
f 405/405/792 447/447/792 446/446/792
f 406/406/793 407/407/793 448/448/793
f 406/406/794 448/448/794 447/447/794
f 407/407/795 408/408/795 449/449/795
f 407/407/796 449/449/796 448/448/796
f 408/408/797 409/409/797 450/450/797
f 408/408/798 450/450/798 449/449/798
f 409/409/799 410/410/799 451/451/799
f 409/409/800 451/451/800 450/450/800
f 411/411/801 412/412/801 453/453/801
f 411/411/802 453/453/802 452/452/802
f 412/412/803 413/413/803 454/454/803
f 412/412/804 454/454/804 453/453/804
f 413/413/805 414/414/805 455/455/805
f 413/413/806 455/455/806 454/454/806
f 414/414/807 415/415/807 456/456/807
f 414/414/808 456/456/808 455/455/808
f 415/415/809 416/416/809 457/457/809
f 415/415/810 457/457/810 456/456/810
f 416/416/811 417/417/811 458/458/811
f 416/416/812 458/458/812 457/457/812
f 417/417/813 418/418/813 459/459/813
f 417/417/814 459/459/814 458/458/814
f 418/418/815 419/419/815 460/460/815
f 418/418/816 460/460/816 459/459/816
f 419/419/817 420/420/817 461/461/817
f 419/419/818 461/461/818 460/460/818
f 420/420/819 421/421/819 462/462/819
f 420/420/820 462/462/820 461/461/820
f 421/421/821 422/422/821 463/463/821
f 421/421/822 463/463/822 462/462/822
f 422/422/823 423/423/823 464/464/823
f 422/422/824 464/464/824 463/463/824
f 423/423/825 424/424/825 465/465/825
f 423/423/826 465/465/826 464/464/826
f 424/424/827 425/425/827 466/466/827
f 424/424/828 466/466/828 465/465/828
f 425/425/829 426/426/829 467/467/829
f 425/425/830 467/467/830 466/466/830
f 426/426/831 427/427/831 468/468/831
f 426/426/832 468/468/832 467/467/832
f 427/427/833 428/428/833 469/469/833
f 427/427/834 469/469/834 468/468/834
f 428/428/835 429/429/835 470/470/835
f 428/428/836 470/470/836 469/469/836
f 429/429/837 430/430/837 471/471/837
f 429/429/838 471/471/838 470/470/838
f 430/430/839 431/431/839 472/472/839
f 430/430/840 472/472/840 471/471/840
f 431/431/841 432/432/841 473/473/841
f 431/431/842 473/473/842 472/472/842
f 432/432/843 433/433/843 474/474/843
f 432/432/844 474/474/844 473/473/844
f 433/433/845 434/434/845 475/475/845
f 433/433/846 475/475/846 474/474/846
f 434/434/847 435/435/847 476/476/847
f 434/434/848 476/476/848 475/475/848
f 435/435/849 436/436/849 477/477/849
f 435/435/850 477/477/850 476/476/850
f 436/436/851 437/437/851 478/478/851
f 436/436/852 478/478/852 477/477/852
f 437/437/853 438/438/853 479/479/853
f 437/437/854 479/479/854 478/478/854
f 438/438/855 439/439/855 480/480/855
f 438/438/856 480/480/856 479/479/856
f 439/439/857 440/440/857 481/481/857
f 439/439/858 481/481/858 480/480/858
f 440/440/859 441/441/859 482/482/859
f 440/440/860 482/482/860 481/481/860
f 441/441/861 442/442/861 483/483/861
f 441/441/862 483/483/862 482/482/862
f 442/442/863 443/443/863 484/484/863
f 442/442/864 484/484/864 483/483/864
f 443/443/865 444/444/865 485/485/865
f 443/443/866 485/485/866 484/484/866
f 444/444/867 445/445/867 486/486/867
f 444/444/868 486/486/868 485/485/868
f 445/445/869 446/446/869 487/487/869
f 445/445/870 487/487/870 486/486/870
f 446/446/871 447/447/871 488/488/871
f 446/446/872 488/488/872 487/487/872
f 447/447/873 448/448/873 489/489/873
f 447/447/874 489/489/874 488/488/874
f 448/448/875 449/449/875 490/490/875
f 448/448/876 490/490/876 489/489/876
f 449/449/877 450/450/877 491/491/877
f 449/449/878 491/491/878 490/490/878
f 450/450/879 451/451/879 492/492/879
f 450/450/880 492/492/880 491/491/880
f 452/452/881 453/453/881 494/494/881
f 452/452/882 494/494/882 493/493/882
f 453/453/883 454/454/883 495/495/883
f 453/453/884 495/495/884 494/494/884
f 454/454/885 455/455/885 496/496/885
f 454/454/886 496/496/886 495/495/886
f 455/455/887 456/456/887 497/497/887
f 455/455/888 497/497/888 496/496/888
f 456/456/889 457/457/889 498/498/889
f 456/456/890 498/498/890 497/497/890
f 457/457/891 458/458/891 499/499/891
f 457/457/892 499/499/892 498/498/892
f 458/458/893 459/459/893 500/500/893
f 458/458/894 500/500/894 499/499/894
f 459/459/895 460/460/895 501/501/895
f 459/459/896 501/501/896 500/500/896
f 460/460/897 461/461/897 502/502/897
f 460/460/898 502/502/898 501/501/898
f 461/461/899 462/462/899 503/503/899
f 461/461/900 503/503/900 502/502/900
f 462/462/901 463/463/901 504/504/901
f 462/462/902 504/504/902 503/503/902
f 463/463/903 464/464/903 505/505/903
f 463/463/904 505/505/904 504/504/904
f 464/464/905 465/465/905 506/506/905
f 464/464/906 506/506/906 505/505/906
f 465/465/907 466/466/907 507/507/907
f 465/465/908 507/507/908 506/506/908
f 466/466/909 467/467/909 508/508/909
f 466/466/910 508/508/910 507/507/910
f 467/467/911 468/468/911 509/509/911
f 467/467/912 509/509/912 508/508/912
f 468/468/913 469/469/913 510/510/913
f 468/468/914 510/510/914 509/509/914
f 469/469/915 470/470/915 511/511/915
f 469/469/916 511/511/916 510/510/916
f 470/470/917 471/471/917 512/512/917
f 470/470/918 512/512/918 511/511/918
f 471/471/919 472/472/919 513/513/919
f 471/471/920 513/513/920 512/512/920
f 472/472/921 473/473/921 514/514/921
f 472/472/922 514/514/922 513/513/922
f 473/473/923 474/474/923 515/515/923
f 473/473/924 515/515/924 514/514/924
f 474/474/925 475/475/925 516/516/925
f 474/474/926 516/516/926 515/515/926
f 475/475/927 476/476/927 517/517/927
f 475/475/928 517/517/928 516/516/928
f 476/476/929 477/477/929 518/518/929
f 476/476/930 518/518/930 517/517/930
f 477/477/931 478/478/931 519/519/931
f 477/477/932 519/519/932 518/518/932
f 478/478/933 479/479/933 520/520/933
f 478/478/934 520/520/934 519/519/934
f 479/479/935 480/480/935 521/521/935
f 479/479/936 521/521/936 520/520/936
f 480/480/937 481/481/937 522/522/937
f 480/480/938 522/522/938 521/521/938
f 481/481/939 482/482/939 523/523/939
f 481/481/940 523/523/940 522/522/940
f 482/482/941 483/483/941 524/524/941
f 482/482/942 524/524/942 523/523/942
f 483/483/943 484/484/943 525/525/943
f 483/483/944 525/525/944 524/524/944
f 484/484/945 485/485/945 526/526/945
f 484/484/946 526/526/946 525/525/946
f 485/485/947 486/486/947 527/527/947
f 485/485/948 527/527/948 526/526/948
f 486/486/949 487/487/949 528/528/949
f 486/486/950 528/528/950 527/527/950
f 487/487/951 488/488/951 529/529/951
f 487/487/952 529/529/952 528/528/952
f 488/488/953 489/489/953 530/530/953
f 488/488/954 530/530/954 529/529/954
f 489/489/955 490/490/955 531/531/955
f 489/489/956 531/531/956 530/530/956
f 490/490/957 491/491/957 532/532/957
f 490/490/958 532/532/958 531/531/958
f 491/491/959 492/492/959 533/533/959
f 491/491/960 533/533/960 532/532/960
f 493/493/961 494/494/961 535/535/961
f 493/493/962 535/535/962 534/534/962
f 494/494/963 495/495/963 536/536/963
f 494/494/964 536/536/964 535/535/964
f 495/495/965 496/496/965 537/537/965
f 495/495/966 537/537/966 536/536/966
f 496/496/967 497/497/967 538/538/967
f 496/496/968 538/538/968 537/537/968
f 497/497/969 498/498/969 539/539/969
f 497/497/970 539/539/970 538/538/970
f 498/498/971 499/499/971 540/540/971
f 498/498/972 540/540/972 539/539/972
f 499/499/973 500/500/973 541/541/973
f 499/499/974 541/541/974 540/540/974
f 500/500/975 501/501/975 542/542/975
f 500/500/976 542/542/976 541/541/976
f 501/501/977 502/502/977 543/543/977
f 501/501/978 543/543/978 542/542/978
f 502/502/979 503/503/979 544/544/979
f 502/502/980 544/544/980 543/543/980
f 503/503/981 504/504/981 545/545/981
f 503/503/982 545/545/982 544/544/982
f 504/504/983 505/505/983 546/546/983
f 504/504/984 546/546/984 545/545/984
f 505/505/985 506/506/985 547/547/985
f 505/505/986 547/547/986 546/546/986
f 506/506/987 507/507/987 548/548/987
f 506/506/988 548/548/988 547/547/988
f 507/507/989 508/508/989 549/549/989
f 507/507/990 549/549/990 548/548/990
f 508/508/991 509/509/991 550/550/991
f 508/508/992 550/550/992 549/549/992
f 509/509/993 510/510/993 551/551/993
f 509/509/994 551/551/994 550/550/994
f 510/510/995 511/511/995 552/552/995
f 510/510/996 552/552/996 551/551/996
f 511/511/997 512/512/997 553/553/997
f 511/511/998 553/553/998 552/552/998
f 512/512/999 513/513/999 554/554/999
f 512/512/1000 554/554/1000 553/553/1000
f 513/513/1001 514/514/1001 555/555/1001
f 513/513/1002 555/555/1002 554/554/1002
f 514/514/1003 515/515/1003 556/556/1003
f 514/514/1004 556/556/1004 555/555/1004
f 515/515/1005 516/516/1005 557/557/1005
f 515/515/1006 557/557/1006 556/556/1006
f 516/516/1007 517/517/1007 558/558/1007
f 516/516/1008 558/558/1008 557/557/1008
f 517/517/1009 518/518/1009 559/559/1009
f 517/517/1010 559/559/1010 558/558/1010
f 518/518/1011 519/519/1011 560/560/1011
f 518/518/1012 560/560/1012 559/559/1012
f 519/519/1013 520/520/1013 561/561/1013
f 519/519/1014 561/561/1014 560/560/1014
f 520/520/1015 521/521/1015 562/562/1015
f 520/520/1016 562/562/1016 561/561/1016
f 521/521/1017 522/522/1017 563/563/1017
f 521/521/1018 563/563/1018 562/562/1018
f 522/522/1019 523/523/1019 564/564/1019
f 522/522/1020 564/564/1020 563/563/1020
f 523/523/1021 524/524/1021 565/565/1021
f 523/523/1022 565/565/1022 564/564/1022
f 524/524/1023 525/525/1023 566/566/1023
f 524/524/1024 566/566/1024 565/565/1024
f 525/525/1025 526/526/1025 567/567/1025
f 525/525/1026 567/567/1026 566/566/1026
f 526/526/1027 527/527/1027 568/568/1027
f 526/526/1028 568/568/1028 567/567/1028
f 527/527/1029 528/528/1029 569/569/1029
f 527/527/1030 569/569/1030 568/568/1030
f 528/528/1031 529/529/1031 570/570/1031
f 528/528/1032 570/570/1032 569/569/1032
f 529/529/1033 530/530/1033 571/571/1033
f 529/529/1034 571/571/1034 570/570/1034
f 530/530/1035 531/531/1035 572/572/1035
f 530/530/1036 572/572/1036 571/571/1036
f 531/531/1037 532/532/1037 573/573/1037
f 531/531/1038 573/573/1038 572/572/1038
f 532/532/1039 533/533/1039 574/574/1039
f 532/532/1040 574/574/1040 573/573/1040
f 534/534/1041 535/535/1041 576/576/1041
f 534/534/1042 576/576/1042 575/575/1042
f 535/535/1043 536/536/1043 577/577/1043
f 535/535/1044 577/577/1044 576/576/1044
f 536/536/1045 537/537/1045 578/578/1045
f 536/536/1046 578/578/1046 577/577/1046
f 537/537/1047 538/538/1047 579/579/1047
f 537/537/1048 579/579/1048 578/578/1048
f 538/538/1049 539/539/1049 580/580/1049
f 538/538/1050 580/580/1050 579/579/1050
f 539/539/1051 540/540/1051 581/581/1051
f 539/539/1052 581/581/1052 580/580/1052
f 540/540/1053 541/541/1053 582/582/1053
f 540/540/1054 582/582/1054 581/581/1054
f 541/541/1055 542/542/1055 583/583/1055
f 541/541/1056 583/583/1056 582/582/1056
f 542/542/1057 543/543/1057 584/584/1057
f 542/542/1058 584/584/1058 583/583/1058
f 543/543/1059 544/544/1059 585/585/1059
f 543/543/1060 585/585/1060 584/584/1060
f 544/544/1061 545/545/1061 586/586/1061
f 544/544/1062 586/586/1062 585/585/1062
f 545/545/1063 546/546/1063 587/587/1063
f 545/545/1064 587/587/1064 586/586/1064
f 546/546/1065 547/547/1065 588/588/1065
f 546/546/1066 588/588/1066 587/587/1066
f 547/547/1067 548/548/1067 589/589/1067
f 547/547/1068 589/589/1068 588/588/1068
f 548/548/1069 549/549/1069 590/590/1069
f 548/548/1070 590/590/1070 589/589/1070
f 549/549/1071 550/550/1071 591/591/1071
f 549/549/1072 591/591/1072 590/590/1072
f 550/550/1073 551/551/1073 592/592/1073
f 550/550/1074 592/592/1074 591/591/1074
f 551/551/1075 552/552/1075 593/593/1075
f 551/551/1076 593/593/1076 592/592/1076
f 552/552/1077 553/553/1077 594/594/1077
f 552/552/1078 594/594/1078 593/593/1078
f 553/553/1079 554/554/1079 595/595/1079
f 553/553/1080 595/595/1080 594/594/1080
f 554/554/1081 555/555/1081 596/596/1081
f 554/554/1082 596/596/1082 595/595/1082
f 555/555/1083 556/556/1083 597/597/1083
f 555/555/1084 597/597/1084 596/596/1084
f 556/556/1085 557/557/1085 598/598/1085
f 556/556/1086 598/598/1086 597/597/1086
f 557/557/1087 558/558/1087 599/599/1087
f 557/557/1088 599/599/1088 598/598/1088
f 558/558/1089 559/559/1089 600/600/1089
f 558/558/1090 600/600/1090 599/599/1090
f 559/559/1091 560/560/1091 601/601/1091
f 559/559/1092 601/601/1092 600/600/1092
f 560/560/1093 561/561/1093 602/602/1093
f 560/560/1094 602/602/1094 601/601/1094
f 561/561/1095 562/562/1095 603/603/1095
f 561/561/1096 603/603/1096 602/602/1096
f 562/562/1097 563/563/1097 604/604/1097
f 562/562/1098 604/604/1098 603/603/1098
f 563/563/1099 564/564/1099 605/605/1099
f 563/563/1100 605/605/1100 604/604/1100
f 564/564/1101 565/565/1101 606/606/1101
f 564/564/1102 606/606/1102 605/605/1102
f 565/565/1103 566/566/1103 607/607/1103
f 565/565/1104 607/607/1104 606/606/1104
f 566/566/1105 567/567/1105 608/608/1105
f 566/566/1106 608/608/1106 607/607/1106
f 567/567/1107 568/568/1107 609/609/1107
f 567/567/1108 609/609/1108 608/608/1108
f 568/568/1109 569/569/1109 610/610/1109
f 568/568/1110 610/610/1110 609/609/1110
f 569/569/1111 570/570/1111 611/611/1111
f 569/569/1112 611/611/1112 610/610/1112
f 570/570/1113 571/571/1113 612/612/1113
f 570/570/1114 612/612/1114 611/611/1114
f 571/571/1115 572/572/1115 613/613/1115
f 571/571/1116 613/613/1116 612/612/1116
f 572/572/1117 573/573/1117 614/614/1117
f 572/572/1118 614/614/1118 613/613/1118
f 573/573/1119 574/574/1119 615/615/1119
f 573/573/1120 615/615/1120 614/614/1120
f 575/575/1121 576/576/1121 617/617/1121
f 575/575/1122 617/617/1122 616/616/1122
f 576/576/1123 577/577/1123 618/618/1123
f 576/576/1124 618/618/1124 617/617/1124
f 577/577/1125 578/578/1125 619/619/1125
f 577/577/1126 619/619/1126 618/618/1126
f 578/578/1127 579/579/1127 620/620/1127
f 578/578/1128 620/620/1128 619/619/1128
f 579/579/1129 580/580/1129 621/621/1129
f 579/579/1130 621/621/1130 620/620/1130
f 580/580/1131 581/581/1131 622/622/1131
f 580/580/1132 622/622/1132 621/621/1132
f 581/581/1133 582/582/1133 623/623/1133
f 581/581/1134 623/623/1134 622/622/1134
f 582/582/1135 583/583/1135 624/624/1135
f 582/582/1136 624/624/1136 623/623/1136
f 583/583/1137 584/584/1137 625/625/1137
f 583/583/1138 625/625/1138 624/624/1138
f 584/584/1139 585/585/1139 626/626/1139
f 584/584/1140 626/626/1140 625/625/1140
f 585/585/1141 586/586/1141 627/627/1141
f 585/585/1142 627/627/1142 626/626/1142
f 586/586/1143 587/587/1143 628/628/1143
f 586/586/1144 628/628/1144 627/627/1144
f 587/587/1145 588/588/1145 629/629/1145
f 587/587/1146 629/629/1146 628/628/1146
f 588/588/1147 589/589/1147 630/630/1147
f 588/588/1148 630/630/1148 629/629/1148
f 589/589/1149 590/590/1149 631/631/1149
f 589/589/1150 631/631/1150 630/630/1150
f 590/590/1151 591/591/1151 632/632/1151
f 590/590/1152 632/632/1152 631/631/1152
f 591/591/1153 592/592/1153 633/633/1153
f 591/591/1154 633/633/1154 632/632/1154
f 592/592/1155 593/593/1155 634/634/1155
f 592/592/1156 634/634/1156 633/633/1156
f 593/593/1157 594/594/1157 635/635/1157
f 593/593/1158 635/635/1158 634/634/1158
f 594/594/1159 595/595/1159 636/636/1159
f 594/594/1160 636/636/1160 635/635/1160
f 595/595/1161 596/596/1161 637/637/1161
f 595/595/1162 637/637/1162 636/636/1162
f 596/596/1163 597/597/1163 638/638/1163
f 596/596/1164 638/638/1164 637/637/1164
f 597/597/1165 598/598/1165 639/639/1165
f 597/597/1166 639/639/1166 638/638/1166
f 598/598/1167 599/599/1167 640/640/1167
f 598/598/1168 640/640/1168 639/639/1168
f 599/599/1169 600/600/1169 641/641/1169
f 599/599/1170 641/641/1170 640/640/1170
f 600/600/1171 601/601/1171 642/642/1171
f 600/600/1172 642/642/1172 641/641/1172
f 601/601/1173 602/602/1173 643/643/1173
f 601/601/1174 643/643/1174 642/642/1174
f 602/602/1175 603/603/1175 644/644/1175
f 602/602/1176 644/644/1176 643/643/1176
f 603/603/1177 604/604/1177 645/645/1177
f 603/603/1178 645/645/1178 644/644/1178
f 604/604/1179 605/605/1179 646/646/1179
f 604/604/1180 646/646/1180 645/645/1180
f 605/605/1181 606/606/1181 647/647/1181
f 605/605/1182 647/647/1182 646/646/1182
f 606/606/1183 607/607/1183 648/648/1183
f 606/606/1184 648/648/1184 647/647/1184
f 607/607/1185 608/608/1185 649/649/1185
f 607/607/1186 649/649/1186 648/648/1186
f 608/608/1187 609/609/1187 650/650/1187
f 608/608/1188 650/650/1188 649/649/1188
f 609/609/1189 610/610/1189 651/651/1189
f 609/609/1190 651/651/1190 650/650/1190
f 610/610/1191 611/611/1191 652/652/1191
f 610/610/1192 652/652/1192 651/651/1192
f 611/611/1193 612/612/1193 653/653/1193
f 611/611/1194 653/653/1194 652/652/1194
f 612/612/1195 613/613/1195 654/654/1195
f 612/612/1196 654/654/1196 653/653/1196
f 613/613/1197 614/614/1197 655/655/1197
f 613/613/1198 655/655/1198 654/654/1198
f 614/614/1199 615/615/1199 656/656/1199
f 614/614/1200 656/656/1200 655/655/1200
f 616/616/1201 617/617/1201 658/658/1201
f 616/616/1202 658/658/1202 657/657/1202
f 617/617/1203 618/618/1203 659/659/1203
f 617/617/1204 659/659/1204 658/658/1204
f 618/618/1205 619/619/1205 660/660/1205
f 618/618/1206 660/660/1206 659/659/1206
f 619/619/1207 620/620/1207 661/661/1207
f 619/619/1208 661/661/1208 660/660/1208
f 620/620/1209 621/621/1209 662/662/1209
f 620/620/1210 662/662/1210 661/661/1210
f 621/621/1211 622/622/1211 663/663/1211
f 621/621/1212 663/663/1212 662/662/1212
f 622/622/1213 623/623/1213 664/664/1213
f 622/622/1214 664/664/1214 663/663/1214
f 623/623/1215 624/624/1215 665/665/1215
f 623/623/1216 665/665/1216 664/664/1216
f 624/624/1217 625/625/1217 666/666/1217
f 624/624/1218 666/666/1218 665/665/1218
f 625/625/1219 626/626/1219 667/667/1219
f 625/625/1220 667/667/1220 666/666/1220
f 626/626/1221 627/627/1221 668/668/1221
f 626/626/1222 668/668/1222 667/667/1222
f 627/627/1223 628/628/1223 669/669/1223
f 627/627/1224 669/669/1224 668/668/1224
f 628/628/1225 629/629/1225 670/670/1225
f 628/628/1226 670/670/1226 669/669/1226
f 629/629/1227 630/630/1227 671/671/1227
f 629/629/1228 671/671/1228 670/670/1228
f 630/630/1229 631/631/1229 672/672/1229
f 630/630/1230 672/672/1230 671/671/1230
f 631/631/1231 632/632/1231 673/673/1231
f 631/631/1232 673/673/1232 672/672/1232
f 632/632/1233 633/633/1233 674/674/1233
f 632/632/1234 674/674/1234 673/673/1234
f 633/633/1235 634/634/1235 675/675/1235
f 633/633/1236 675/675/1236 674/674/1236
f 634/634/1237 635/635/1237 676/676/1237
f 634/634/1238 676/676/1238 675/675/1238
f 635/635/1239 636/636/1239 677/677/1239
f 635/635/1240 677/677/1240 676/676/1240
f 636/636/1241 637/637/1241 678/678/1241
f 636/636/1242 678/678/1242 677/677/1242
f 637/637/1243 638/638/1243 679/679/1243
f 637/637/1244 679/679/1244 678/678/1244
f 638/638/1245 639/639/1245 680/680/1245
f 638/638/1246 680/680/1246 679/679/1246
f 639/639/1247 640/640/1247 681/681/1247
f 639/639/1248 681/681/1248 680/680/1248
f 640/640/1249 641/641/1249 682/682/1249
f 640/640/1250 682/682/1250 681/681/1250
f 641/641/1251 642/642/1251 683/683/1251
f 641/641/1252 683/683/1252 682/682/1252
f 642/642/1253 643/643/1253 684/684/1253
f 642/642/1254 684/684/1254 683/683/1254
f 643/643/1255 644/644/1255 685/685/1255
f 643/643/1256 685/685/1256 684/684/1256
f 644/644/1257 645/645/1257 686/686/1257
f 644/644/1258 686/686/1258 685/685/1258
f 645/645/1259 646/646/1259 687/687/1259
f 645/645/1260 687/687/1260 686/686/1260
f 646/646/1261 647/647/1261 688/688/1261
f 646/646/1262 688/688/1262 687/687/1262
f 647/647/1263 648/648/1263 689/689/1263
f 647/647/1264 689/689/1264 688/688/1264
f 648/648/1265 649/649/1265 690/690/1265
f 648/648/1266 690/690/1266 689/689/1266
f 649/649/1267 650/650/1267 691/691/1267
f 649/649/1268 691/691/1268 690/690/1268
f 650/650/1269 651/651/1269 692/692/1269
f 650/650/1270 692/692/1270 691/691/1270
f 651/651/1271 652/652/1271 693/693/1271
f 651/651/1272 693/693/1272 692/692/1272
f 652/652/1273 653/653/1273 694/694/1273
f 652/652/1274 694/694/1274 693/693/1274
f 653/653/1275 654/654/1275 695/695/1275
f 653/653/1276 695/695/1276 694/694/1276
f 654/654/1277 655/655/1277 696/696/1277
f 654/654/1278 696/696/1278 695/695/1278
f 655/655/1279 656/656/1279 697/697/1279
f 655/655/1280 697/697/1280 696/696/1280
f 657/657/1281 658/658/1281 699/699/1281
f 657/657/1282 699/699/1282 698/698/1282
f 658/658/1283 659/659/1283 700/700/1283
f 658/658/1284 700/700/1284 699/699/1284
f 659/659/1285 660/660/1285 701/701/1285
f 659/659/1286 701/701/1286 700/700/1286
f 660/660/1287 661/661/1287 702/702/1287
f 660/660/1288 702/702/1288 701/701/1288
f 661/661/1289 662/662/1289 703/703/1289
f 661/661/1290 703/703/1290 702/702/1290
f 662/662/1291 663/663/1291 704/704/1291
f 662/662/1292 704/704/1292 703/703/1292
f 663/663/1293 664/664/1293 705/705/1293
f 663/663/1294 705/705/1294 704/704/1294
f 664/664/1295 665/665/1295 706/706/1295
f 664/664/1296 706/706/1296 705/705/1296
f 665/665/1297 666/666/1297 707/707/1297
f 665/665/1298 707/707/1298 706/706/1298
f 666/666/1299 667/667/1299 708/708/1299
f 666/666/1300 708/708/1300 707/707/1300
f 667/667/1301 668/668/1301 709/709/1301
f 667/667/1302 709/709/1302 708/708/1302
f 668/668/1303 669/669/1303 710/710/1303
f 668/668/1304 710/710/1304 709/709/1304
f 669/669/1305 670/670/1305 711/711/1305
f 669/669/1306 711/711/1306 710/710/1306
f 670/670/1307 671/671/1307 712/712/1307
f 670/670/1308 712/712/1308 711/711/1308
f 671/671/1309 672/672/1309 713/713/1309
f 671/671/1310 713/713/1310 712/712/1310
f 672/672/1311 673/673/1311 714/714/1311
f 672/672/1312 714/714/1312 713/713/1312
f 673/673/1313 674/674/1313 715/715/1313
f 673/673/1314 715/715/1314 714/714/1314
f 674/674/1315 675/675/1315 716/716/1315
f 674/674/1316 716/716/1316 715/715/1316
f 675/675/1317 676/676/1317 717/717/1317
f 675/675/1318 717/717/1318 716/716/1318
f 676/676/1319 677/677/1319 718/718/1319
f 676/676/1320 718/718/1320 717/717/1320
f 677/677/1321 678/678/1321 719/719/1321
f 677/677/1322 719/719/1322 718/718/1322
f 678/678/1323 679/679/1323 720/720/1323
f 678/678/1324 720/720/1324 719/719/1324
f 679/679/1325 680/680/1325 721/721/1325
f 679/679/1326 721/721/1326 720/720/1326
f 680/680/1327 681/681/1327 722/722/1327
f 680/680/1328 722/722/1328 721/721/1328
f 681/681/1329 682/682/1329 723/723/1329
f 681/681/1330 723/723/1330 722/722/1330
f 682/682/1331 683/683/1331 724/724/1331
f 682/682/1332 724/724/1332 723/723/1332
f 683/683/1333 684/684/1333 725/725/1333
f 683/683/1334 725/725/1334 724/724/1334
f 684/684/1335 685/685/1335 726/726/1335
f 684/684/1336 726/726/1336 725/725/1336
f 685/685/1337 686/686/1337 727/727/1337
f 685/685/1338 727/727/1338 726/726/1338
f 686/686/1339 687/687/1339 728/728/1339
f 686/686/1340 728/728/1340 727/727/1340
f 687/687/1341 688/688/1341 729/729/1341
f 687/687/1342 729/729/1342 728/728/1342
f 688/688/1343 689/689/1343 730/730/1343
f 688/688/1344 730/730/1344 729/729/1344
f 689/689/1345 690/690/1345 731/731/1345
f 689/689/1346 731/731/1346 730/730/1346
f 690/690/1347 691/691/1347 732/732/1347
f 690/690/1348 732/732/1348 731/731/1348
f 691/691/1349 692/692/1349 733/733/1349
f 691/691/1350 733/733/1350 732/732/1350
f 692/692/1351 693/693/1351 734/734/1351
f 692/692/1352 734/734/1352 733/733/1352
f 693/693/1353 694/694/1353 735/735/1353
f 693/693/1354 735/735/1354 734/734/1354
f 694/694/1355 695/695/1355 736/736/1355
f 694/694/1356 736/736/1356 735/735/1356
f 695/695/1357 696/696/1357 737/737/1357
f 695/695/1358 737/737/1358 736/736/1358
f 696/696/1359 697/697/1359 738/738/1359
f 696/696/1360 738/738/1360 737/737/1360
f 698/698/1361 699/699/1361 740/740/1361
f 698/698/1362 740/740/1362 739/739/1362
f 699/699/1363 700/700/1363 741/741/1363
f 699/699/1364 741/741/1364 740/740/1364
f 700/700/1365 701/701/1365 742/742/1365
f 700/700/1366 742/742/1366 741/741/1366
f 701/701/1367 702/702/1367 743/743/1367
f 701/701/1368 743/743/1368 742/742/1368
f 702/702/1369 703/703/1369 744/744/1369
f 702/702/1370 744/744/1370 743/743/1370
f 703/703/1371 704/704/1371 745/745/1371
f 703/703/1372 745/745/1372 744/744/1372
f 704/704/1373 705/705/1373 746/746/1373
f 704/704/1374 746/746/1374 745/745/1374
f 705/705/1375 706/706/1375 747/747/1375
f 705/705/1376 747/747/1376 746/746/1376
f 706/706/1377 707/707/1377 748/748/1377
f 706/706/1378 748/748/1378 747/747/1378
f 707/707/1379 708/708/1379 749/749/1379
f 707/707/1380 749/749/1380 748/748/1380
f 708/708/1381 709/709/1381 750/750/1381
f 708/708/1382 750/750/1382 749/749/1382
f 709/709/1383 710/710/1383 751/751/1383
f 709/709/1384 751/751/1384 750/750/1384
f 710/710/1385 711/711/1385 752/752/1385
f 710/710/1386 752/752/1386 751/751/1386
f 711/711/1387 712/712/1387 753/753/1387
f 711/711/1388 753/753/1388 752/752/1388
f 712/712/1389 713/713/1389 754/754/1389
f 712/712/1390 754/754/1390 753/753/1390
f 713/713/1391 714/714/1391 755/755/1391
f 713/713/1392 755/755/1392 754/754/1392
f 714/714/1393 715/715/1393 756/756/1393
f 714/714/1394 756/756/1394 755/755/1394
f 715/715/1395 716/716/1395 757/757/1395
f 715/715/1396 757/757/1396 756/756/1396
f 716/716/1397 717/717/1397 758/758/1397
f 716/716/1398 758/758/1398 757/757/1398
f 717/717/1399 718/718/1399 759/759/1399
f 717/717/1400 759/759/1400 758/758/1400
f 718/718/1401 719/719/1401 760/760/1401
f 718/718/1402 760/760/1402 759/759/1402
f 719/719/1403 720/720/1403 761/761/1403
f 719/719/1404 761/761/1404 760/760/1404
f 720/720/1405 721/721/1405 762/762/1405
f 720/720/1406 762/762/1406 761/761/1406
f 721/721/1407 722/722/1407 763/763/1407
f 721/721/1408 763/763/1408 762/762/1408
f 722/722/1409 723/723/1409 764/764/1409
f 722/722/1410 764/764/1410 763/763/1410
f 723/723/1411 724/724/1411 765/765/1411
f 723/723/1412 765/765/1412 764/764/1412
f 724/724/1413 725/725/1413 766/766/1413
f 724/724/1414 766/766/1414 765/765/1414
f 725/725/1415 726/726/1415 767/767/1415
f 725/725/1416 767/767/1416 766/766/1416
f 726/726/1417 727/727/1417 768/768/1417
f 726/726/1418 768/768/1418 767/767/1418
f 727/727/1419 728/728/1419 769/769/1419
f 727/727/1420 769/769/1420 768/768/1420
f 728/728/1421 729/729/1421 770/770/1421
f 728/728/1422 770/770/1422 769/769/1422
f 729/729/1423 730/730/1423 771/771/1423
f 729/729/1424 771/771/1424 770/770/1424
f 730/730/1425 731/731/1425 772/772/1425
f 730/730/1426 772/772/1426 771/771/1426
f 731/731/1427 732/732/1427 773/773/1427
f 731/731/1428 773/773/1428 772/772/1428
f 732/732/1429 733/733/1429 774/774/1429
f 732/732/1430 774/774/1430 773/773/1430
f 733/733/1431 734/734/1431 775/775/1431
f 733/733/1432 775/775/1432 774/774/1432
f 734/734/1433 735/735/1433 776/776/1433
f 734/734/1434 776/776/1434 775/775/1434
f 735/735/1435 736/736/1435 777/777/1435
f 735/735/1436 777/777/1436 776/776/1436
f 736/736/1437 737/737/1437 778/778/1437
f 736/736/1438 778/778/1438 777/777/1438
f 737/737/1439 738/738/1439 779/779/1439
f 737/737/1440 779/779/1440 778/778/1440
f 739/739/1441 740/740/1441 781/781/1441
f 739/739/1442 781/781/1442 780/780/1442
f 740/740/1443 741/741/1443 782/782/1443
f 740/740/1444 782/782/1444 781/781/1444
f 741/741/1445 742/742/1445 783/783/1445
f 741/741/1446 783/783/1446 782/782/1446
f 742/742/1447 743/743/1447 784/784/1447
f 742/742/1448 784/784/1448 783/783/1448
f 743/743/1449 744/744/1449 785/785/1449
f 743/743/1450 785/785/1450 784/784/1450
f 744/744/1451 745/745/1451 786/786/1451
f 744/744/1452 786/786/1452 785/785/1452
f 745/745/1453 746/746/1453 787/787/1453
f 745/745/1454 787/787/1454 786/786/1454
f 746/746/1455 747/747/1455 788/788/1455
f 746/746/1456 788/788/1456 787/787/1456
f 747/747/1457 748/748/1457 789/789/1457
f 747/747/1458 789/789/1458 788/788/1458
f 748/748/1459 749/749/1459 790/790/1459
f 748/748/1460 790/790/1460 789/789/1460
f 749/749/1461 750/750/1461 791/791/1461
f 749/749/1462 791/791/1462 790/790/1462
f 750/750/1463 751/751/1463 792/792/1463
f 750/750/1464 792/792/1464 791/791/1464
f 751/751/1465 752/752/1465 793/793/1465
f 751/751/1466 793/793/1466 792/792/1466
f 752/752/1467 753/753/1467 794/794/1467
f 752/752/1468 794/794/1468 793/793/1468
f 753/753/1469 754/754/1469 795/795/1469
f 753/753/1470 795/795/1470 794/794/1470
f 754/754/1471 755/755/1471 796/796/1471
f 754/754/1472 796/796/1472 795/795/1472
f 755/755/1473 756/756/1473 797/797/1473
f 755/755/1474 797/797/1474 796/796/1474
f 756/756/1475 757/757/1475 798/798/1475
f 756/756/1476 798/798/1476 797/797/1476
f 757/757/1477 758/758/1477 799/799/1477
f 757/757/1478 799/799/1478 798/798/1478
f 758/758/1479 759/759/1479 800/800/1479
f 758/758/1480 800/800/1480 799/799/1480
f 759/759/1481 760/760/1481 801/801/1481
f 759/759/1482 801/801/1482 800/800/1482
f 760/760/1483 761/761/1483 802/802/1483
f 760/760/1484 802/802/1484 801/801/1484
f 761/761/1485 762/762/1485 803/803/1485
f 761/761/1486 803/803/1486 802/802/1486
f 762/762/1487 763/763/1487 804/804/1487
f 762/762/1488 804/804/1488 803/803/1488
f 763/763/1489 764/764/1489 805/805/1489
f 763/763/1490 805/805/1490 804/804/1490
f 764/764/1491 765/765/1491 806/806/1491
f 764/764/1492 806/806/1492 805/805/1492
f 765/765/1493 766/766/1493 807/807/1493
f 765/765/1494 807/807/1494 806/806/1494
f 766/766/1495 767/767/1495 808/808/1495
f 766/766/1496 808/808/1496 807/807/1496
f 767/767/1497 768/768/1497 809/809/1497
f 767/767/1498 809/809/1498 808/808/1498
f 768/768/1499 769/769/1499 810/810/1499
f 768/768/1500 810/810/1500 809/809/1500
f 769/769/1501 770/770/1501 811/811/1501
f 769/769/1502 811/811/1502 810/810/1502
f 770/770/1503 771/771/1503 812/812/1503
f 770/770/1504 812/812/1504 811/811/1504
f 771/771/1505 772/772/1505 813/813/1505
f 771/771/1506 813/813/1506 812/812/1506
f 772/772/1507 773/773/1507 814/814/1507
f 772/772/1508 814/814/1508 813/813/1508
f 773/773/1509 774/774/1509 815/815/1509
f 773/773/1510 815/815/1510 814/814/1510
f 774/774/1511 775/775/1511 816/816/1511
f 774/774/1512 816/816/1512 815/815/1512
f 775/775/1513 776/776/1513 817/817/1513
f 775/775/1514 817/817/1514 816/816/1514
f 776/776/1515 777/777/1515 818/818/1515
f 776/776/1516 818/818/1516 817/817/1516
f 777/777/1517 778/778/1517 819/819/1517
f 777/777/1518 819/819/1518 818/818/1518
f 778/778/1519 779/779/1519 820/820/1519
f 778/778/1520 820/820/1520 819/819/1520
f 780/780/1521 781/781/1521 822/822/1521
f 780/780/1522 822/822/1522 821/821/1522
f 781/781/1523 782/782/1523 823/823/1523
f 781/781/1524 823/823/1524 822/822/1524
f 782/782/1525 783/783/1525 824/824/1525
f 782/782/1526 824/824/1526 823/823/1526
f 783/783/1527 784/784/1527 825/825/1527
f 783/783/1528 825/825/1528 824/824/1528
f 784/784/1529 785/785/1529 826/826/1529
f 784/784/1530 826/826/1530 825/825/1530
f 785/785/1531 786/786/1531 827/827/1531
f 785/785/1532 827/827/1532 826/826/1532
f 786/786/1533 787/787/1533 828/828/1533
f 786/786/1534 828/828/1534 827/827/1534
f 787/787/1535 788/788/1535 829/829/1535
f 787/787/1536 829/829/1536 828/828/1536
f 788/788/1537 789/789/1537 830/830/1537
f 788/788/1538 830/830/1538 829/829/1538
f 789/789/1539 790/790/1539 831/831/1539
f 789/789/1540 831/831/1540 830/830/1540
f 790/790/1541 791/791/1541 832/832/1541
f 790/790/1542 832/832/1542 831/831/1542
f 791/791/1543 792/792/1543 833/833/1543
f 791/791/1544 833/833/1544 832/832/1544
f 792/792/1545 793/793/1545 834/834/1545
f 792/792/1546 834/834/1546 833/833/1546
f 793/793/1547 794/794/1547 835/835/1547
f 793/793/1548 835/835/1548 834/834/1548
f 794/794/1549 795/795/1549 836/836/1549
f 794/794/1550 836/836/1550 835/835/1550
f 795/795/1551 796/796/1551 837/837/1551
f 795/795/1552 837/837/1552 836/836/1552
f 796/796/1553 797/797/1553 838/838/1553
f 796/796/1554 838/838/1554 837/837/1554
f 797/797/1555 798/798/1555 839/839/1555
f 797/797/1556 839/839/1556 838/838/1556
f 798/798/1557 799/799/1557 840/840/1557
f 798/798/1558 840/840/1558 839/839/1558
f 799/799/1559 800/800/1559 841/841/1559
f 799/799/1560 841/841/1560 840/840/1560
f 800/800/1561 801/801/1561 842/842/1561
f 800/800/1562 842/842/1562 841/841/1562
f 801/801/1563 802/802/1563 843/843/1563
f 801/801/1564 843/843/1564 842/842/1564
f 802/802/1565 803/803/1565 844/844/1565
f 802/802/1566 844/844/1566 843/843/1566
f 803/803/1567 804/804/1567 845/845/1567
f 803/803/1568 845/845/1568 844/844/1568
f 804/804/1569 805/805/1569 846/846/1569
f 804/804/1570 846/846/1570 845/845/1570
f 805/805/1571 806/806/1571 847/847/1571
f 805/805/1572 847/847/1572 846/846/1572
f 806/806/1573 807/807/1573 848/848/1573
f 806/806/1574 848/848/1574 847/847/1574
f 807/807/1575 808/808/1575 849/849/1575
f 807/807/1576 849/849/1576 848/848/1576
f 808/808/1577 809/809/1577 850/850/1577
f 808/808/1578 850/850/1578 849/849/1578
f 809/809/1579 810/810/1579 851/851/1579
f 809/809/1580 851/851/1580 850/850/1580
f 810/810/1581 811/811/1581 852/852/1581
f 810/810/1582 852/852/1582 851/851/1582
f 811/811/1583 812/812/1583 853/853/1583
f 811/811/1584 853/853/1584 852/852/1584
f 812/812/1585 813/813/1585 854/854/1585
f 812/812/1586 854/854/1586 853/853/1586
f 813/813/1587 814/814/1587 855/855/1587
f 813/813/1588 855/855/1588 854/854/1588
f 814/814/1589 815/815/1589 856/856/1589
f 814/814/1590 856/856/1590 855/855/1590
f 815/815/1591 816/816/1591 857/857/1591
f 815/815/1592 857/857/1592 856/856/1592
f 816/816/1593 817/817/1593 858/858/1593
f 816/816/1594 858/858/1594 857/857/1594
f 817/817/1595 818/818/1595 859/859/1595
f 817/817/1596 859/859/1596 858/858/1596
f 818/818/1597 819/819/1597 860/860/1597
f 818/818/1598 860/860/1598 859/859/1598
f 819/819/1599 820/820/1599 861/861/1599
f 819/819/1600 861/861/1600 860/860/1600
f 821/821/1601 822/822/1601 863/863/1601
f 821/821/1602 863/863/1602 862/862/1602
f 822/822/1603 823/823/1603 864/864/1603
f 822/822/1604 864/864/1604 863/863/1604
f 823/823/1605 824/824/1605 865/865/1605
f 823/823/1606 865/865/1606 864/864/1606
f 824/824/1607 825/825/1607 866/866/1607
f 824/824/1608 866/866/1608 865/865/1608
f 825/825/1609 826/826/1609 867/867/1609
f 825/825/1610 867/867/1610 866/866/1610
f 826/826/1611 827/827/1611 868/868/1611
f 826/826/1612 868/868/1612 867/867/1612
f 827/827/1613 828/828/1613 869/869/1613
f 827/827/1614 869/869/1614 868/868/1614
f 828/828/1615 829/829/1615 870/870/1615
f 828/828/1616 870/870/1616 869/869/1616
f 829/829/1617 830/830/1617 871/871/1617
f 829/829/1618 871/871/1618 870/870/1618
f 830/830/1619 831/831/1619 872/872/1619
f 830/830/1620 872/872/1620 871/871/1620
f 831/831/1621 832/832/1621 873/873/1621
f 831/831/1622 873/873/1622 872/872/1622
f 832/832/1623 833/833/1623 874/874/1623
f 832/832/1624 874/874/1624 873/873/1624
f 833/833/1625 834/834/1625 875/875/1625
f 833/833/1626 875/875/1626 874/874/1626
f 834/834/1627 835/835/1627 876/876/1627
f 834/834/1628 876/876/1628 875/875/1628
f 835/835/1629 836/836/1629 877/877/1629
f 835/835/1630 877/877/1630 876/876/1630
f 836/836/1631 837/837/1631 878/878/1631
f 836/836/1632 878/878/1632 877/877/1632
f 837/837/1633 838/838/1633 879/879/1633
f 837/837/1634 879/879/1634 878/878/1634
f 838/838/1635 839/839/1635 880/880/1635
f 838/838/1636 880/880/1636 879/879/1636
f 839/839/1637 840/840/1637 881/881/1637
f 839/839/1638 881/881/1638 880/880/1638
f 840/840/1639 841/841/1639 882/882/1639
f 840/840/1640 882/882/1640 881/881/1640
f 841/841/1641 842/842/1641 883/883/1641
f 841/841/1642 883/883/1642 882/882/1642
f 842/842/1643 843/843/1643 884/884/1643
f 842/842/1644 884/884/1644 883/883/1644
f 843/843/1645 844/844/1645 885/885/1645
f 843/843/1646 885/885/1646 884/884/1646
f 844/844/1647 845/845/1647 886/886/1647
f 844/844/1648 886/886/1648 885/885/1648
f 845/845/1649 846/846/1649 887/887/1649
f 845/845/1650 887/887/1650 886/886/1650
f 846/846/1651 847/847/1651 888/888/1651
f 846/846/1652 888/888/1652 887/887/1652
f 847/847/1653 848/848/1653 889/889/1653
f 847/847/1654 889/889/1654 888/888/1654
f 848/848/1655 849/849/1655 890/890/1655
f 848/848/1656 890/890/1656 889/889/1656
f 849/849/1657 850/850/1657 891/891/1657
f 849/849/1658 891/891/1658 890/890/1658
f 850/850/1659 851/851/1659 892/892/1659
f 850/850/1660 892/892/1660 891/891/1660
f 851/851/1661 852/852/1661 893/893/1661
f 851/851/1662 893/893/1662 892/892/1662
f 852/852/1663 853/853/1663 894/894/1663
f 852/852/1664 894/894/1664 893/893/1664
f 853/853/1665 854/854/1665 895/895/1665
f 853/853/1666 895/895/1666 894/894/1666
f 854/854/1667 855/855/1667 896/896/1667
f 854/854/1668 896/896/1668 895/895/1668
f 855/855/1669 856/856/1669 897/897/1669
f 855/855/1670 897/897/1670 896/896/1670
f 856/856/1671 857/857/1671 898/898/1671
f 856/856/1672 898/898/1672 897/897/1672
f 857/857/1673 858/858/1673 899/899/1673
f 857/857/1674 899/899/1674 898/898/1674
f 858/858/1675 859/859/1675 900/900/1675
f 858/858/1676 900/900/1676 899/899/1676
f 859/859/1677 860/860/1677 901/901/1677
f 859/859/1678 901/901/1678 900/900/1678
f 860/860/1679 861/861/1679 902/902/1679
f 860/860/1680 902/902/1680 901/901/1680
f 862/862/1681 863/863/1681 904/904/1681
f 862/862/1682 904/904/1682 903/903/1682
f 863/863/1683 864/864/1683 905/905/1683
f 863/863/1684 905/905/1684 904/904/1684
f 864/864/1685 865/865/1685 906/906/1685
f 864/864/1686 906/906/1686 905/905/1686
f 865/865/1687 866/866/1687 907/907/1687
f 865/865/1688 907/907/1688 906/906/1688
f 866/866/1689 867/867/1689 908/908/1689
f 866/866/1690 908/908/1690 907/907/1690
f 867/867/1691 868/868/1691 909/909/1691
f 867/867/1692 909/909/1692 908/908/1692
f 868/868/1693 869/869/1693 910/910/1693
f 868/868/1694 910/910/1694 909/909/1694
f 869/869/1695 870/870/1695 911/911/1695
f 869/869/1696 911/911/1696 910/910/1696
f 870/870/1697 871/871/1697 912/912/1697
f 870/870/1698 912/912/1698 911/911/1698
f 871/871/1699 872/872/1699 913/913/1699
f 871/871/1700 913/913/1700 912/912/1700
f 872/872/1701 873/873/1701 914/914/1701
f 872/872/1702 914/914/1702 913/913/1702
f 873/873/1703 874/874/1703 915/915/1703
f 873/873/1704 915/915/1704 914/914/1704
f 874/874/1705 875/875/1705 916/916/1705
f 874/874/1706 916/916/1706 915/915/1706
f 875/875/1707 876/876/1707 917/917/1707
f 875/875/1708 917/917/1708 916/916/1708
f 876/876/1709 877/877/1709 918/918/1709
f 876/876/1710 918/918/1710 917/917/1710
f 877/877/1711 878/878/1711 919/919/1711
f 877/877/1712 919/919/1712 918/918/1712
f 878/878/1713 879/879/1713 920/920/1713
f 878/878/1714 920/920/1714 919/919/1714
f 879/879/1715 880/880/1715 921/921/1715
f 879/879/1716 921/921/1716 920/920/1716
f 880/880/1717 881/881/1717 922/922/1717
f 880/880/1718 922/922/1718 921/921/1718
f 881/881/1719 882/882/1719 923/923/1719
f 881/881/1720 923/923/1720 922/922/1720
f 882/882/1721 883/883/1721 924/924/1721
f 882/882/1722 924/924/1722 923/923/1722
f 883/883/1723 884/884/1723 925/925/1723
f 883/883/1724 925/925/1724 924/924/1724
f 884/884/1725 885/885/1725 926/926/1725
f 884/884/1726 926/926/1726 925/925/1726
f 885/885/1727 886/886/1727 927/927/1727
f 885/885/1728 927/927/1728 926/926/1728
f 886/886/1729 887/887/1729 928/928/1729
f 886/886/1730 928/928/1730 927/927/1730
f 887/887/1731 888/888/1731 929/929/1731
f 887/887/1732 929/929/1732 928/928/1732
f 888/888/1733 889/889/1733 930/930/1733
f 888/888/1734 930/930/1734 929/929/1734
f 889/889/1735 890/890/1735 931/931/1735
f 889/889/1736 931/931/1736 930/930/1736
f 890/890/1737 891/891/1737 932/932/1737
f 890/890/1738 932/932/1738 931/931/1738
f 891/891/1739 892/892/1739 933/933/1739
f 891/891/1740 933/933/1740 932/932/1740
f 892/892/1741 893/893/1741 934/934/1741
f 892/892/1742 934/934/1742 933/933/1742
f 893/893/1743 894/894/1743 935/935/1743
f 893/893/1744 935/935/1744 934/934/1744
f 894/894/1745 895/895/1745 936/936/1745
f 894/894/1746 936/936/1746 935/935/1746
f 895/895/1747 896/896/1747 937/937/1747
f 895/895/1748 937/937/1748 936/936/1748
f 896/896/1749 897/897/1749 938/938/1749
f 896/896/1750 938/938/1750 937/937/1750
f 897/897/1751 898/898/1751 939/939/1751
f 897/897/1752 939/939/1752 938/938/1752
f 898/898/1753 899/899/1753 940/940/1753
f 898/898/1754 940/940/1754 939/939/1754
f 899/899/1755 900/900/1755 941/941/1755
f 899/899/1756 941/941/1756 940/940/1756
f 900/900/1757 901/901/1757 942/942/1757
f 900/900/1758 942/942/1758 941/941/1758
f 901/901/1759 902/902/1759 943/943/1759
f 901/901/1760 943/943/1760 942/942/1760
f 903/903/1761 904/904/1761 945/945/1761
f 903/903/1762 945/945/1762 944/944/1762
f 904/904/1763 905/905/1763 946/946/1763
f 904/904/1764 946/946/1764 945/945/1764
f 905/905/1765 906/906/1765 947/947/1765
f 905/905/1766 947/947/1766 946/946/1766
f 906/906/1767 907/907/1767 948/948/1767
f 906/906/1768 948/948/1768 947/947/1768
f 907/907/1769 908/908/1769 949/949/1769
f 907/907/1770 949/949/1770 948/948/1770
f 908/908/1771 909/909/1771 950/950/1771
f 908/908/1772 950/950/1772 949/949/1772
f 909/909/1773 910/910/1773 951/951/1773
f 909/909/1774 951/951/1774 950/950/1774
f 910/910/1775 911/911/1775 952/952/1775
f 910/910/1776 952/952/1776 951/951/1776
f 911/911/1777 912/912/1777 953/953/1777
f 911/911/1778 953/953/1778 952/952/1778
f 912/912/1779 913/913/1779 954/954/1779
f 912/912/1780 954/954/1780 953/953/1780
f 913/913/1781 914/914/1781 955/955/1781
f 913/913/1782 955/955/1782 954/954/1782
f 914/914/1783 915/915/1783 956/956/1783
f 914/914/1784 956/956/1784 955/955/1784
f 915/915/1785 916/916/1785 957/957/1785
f 915/915/1786 957/957/1786 956/956/1786
f 916/916/1787 917/917/1787 958/958/1787
f 916/916/1788 958/958/1788 957/957/1788
f 917/917/1789 918/918/1789 959/959/1789
f 917/917/1790 959/959/1790 958/958/1790
f 918/918/1791 919/919/1791 960/960/1791
f 918/918/1792 960/960/1792 959/959/1792
f 919/919/1793 920/920/1793 961/961/1793
f 919/919/1794 961/961/1794 960/960/1794
f 920/920/1795 921/921/1795 962/962/1795
f 920/920/1796 962/962/1796 961/961/1796
f 921/921/1797 922/922/1797 963/963/1797
f 921/921/1798 963/963/1798 962/962/1798
f 922/922/1799 923/923/1799 964/964/1799
f 922/922/1800 964/964/1800 963/963/1800
f 923/923/1801 924/924/1801 965/965/1801
f 923/923/1802 965/965/1802 964/964/1802
f 924/924/1803 925/925/1803 966/966/1803
f 924/924/1804 966/966/1804 965/965/1804
f 925/925/1805 926/926/1805 967/967/1805
f 925/925/1806 967/967/1806 966/966/1806
f 926/926/1807 927/927/1807 968/968/1807
f 926/926/1808 968/968/1808 967/967/1808
f 927/927/1809 928/928/1809 969/969/1809
f 927/927/1810 969/969/1810 968/968/1810
f 928/928/1811 929/929/1811 970/970/1811
f 928/928/1812 970/970/1812 969/969/1812
f 929/929/1813 930/930/1813 971/971/1813
f 929/929/1814 971/971/1814 970/970/1814
f 930/930/1815 931/931/1815 972/972/1815
f 930/930/1816 972/972/1816 971/971/1816
f 931/931/1817 932/932/1817 973/973/1817
f 931/931/1818 973/973/1818 972/972/1818
f 932/932/1819 933/933/1819 974/974/1819
f 932/932/1820 974/974/1820 973/973/1820
f 933/933/1821 934/934/1821 975/975/1821
f 933/933/1822 975/975/1822 974/974/1822
f 934/934/1823 935/935/1823 976/976/1823
f 934/934/1824 976/976/1824 975/975/1824
f 935/935/1825 936/936/1825 977/977/1825
f 935/935/1826 977/977/1826 976/976/1826
f 936/936/1827 937/937/1827 978/978/1827
f 936/936/1828 978/978/1828 977/977/1828
f 937/937/1829 938/938/1829 979/979/1829
f 937/937/1830 979/979/1830 978/978/1830
f 938/938/1831 939/939/1831 980/980/1831
f 938/938/1832 980/980/1832 979/979/1832
f 939/939/1833 940/940/1833 981/981/1833
f 939/939/1834 981/981/1834 980/980/1834
f 940/940/1835 941/941/1835 982/982/1835
f 940/940/1836 982/982/1836 981/981/1836
f 941/941/1837 942/942/1837 983/983/1837
f 941/941/1838 983/983/1838 982/982/1838
f 942/942/1839 943/943/1839 984/984/1839
f 942/942/1840 984/984/1840 983/983/1840
f 944/944/1841 945/945/1841 986/986/1841
f 944/944/1842 986/986/1842 985/985/1842
f 945/945/1843 946/946/1843 987/987/1843
f 945/945/1844 987/987/1844 986/986/1844
f 946/946/1845 947/947/1845 988/988/1845
f 946/946/1846 988/988/1846 987/987/1846
f 947/947/1847 948/948/1847 989/989/1847
f 947/947/1848 989/989/1848 988/988/1848
f 948/948/1849 949/949/1849 990/990/1849
f 948/948/1850 990/990/1850 989/989/1850
f 949/949/1851 950/950/1851 991/991/1851
f 949/949/1852 991/991/1852 990/990/1852
f 950/950/1853 951/951/1853 992/992/1853
f 950/950/1854 992/992/1854 991/991/1854
f 951/951/1855 952/952/1855 993/993/1855
f 951/951/1856 993/993/1856 992/992/1856
f 952/952/1857 953/953/1857 994/994/1857
f 952/952/1858 994/994/1858 993/993/1858
f 953/953/1859 954/954/1859 995/995/1859
f 953/953/1860 995/995/1860 994/994/1860
f 954/954/1861 955/955/1861 996/996/1861
f 954/954/1862 996/996/1862 995/995/1862
f 955/955/1863 956/956/1863 997/997/1863
f 955/955/1864 997/997/1864 996/996/1864
f 956/956/1865 957/957/1865 998/998/1865
f 956/956/1866 998/998/1866 997/997/1866
f 957/957/1867 958/958/1867 999/999/1867
f 957/957/1868 999/999/1868 998/998/1868
f 958/958/1869 959/959/1869 1000/1000/1869
f 958/958/1870 1000/1000/1870 999/999/1870
f 959/959/1871 960/960/1871 1001/1001/1871
f 959/959/1872 1001/1001/1872 1000/1000/1872
f 960/960/1873 961/961/1873 1002/1002/1873
f 960/960/1874 1002/1002/1874 1001/1001/1874
f 961/961/1875 962/962/1875 1003/1003/1875
f 961/961/1876 1003/1003/1876 1002/1002/1876
f 962/962/1877 963/963/1877 1004/1004/1877
f 962/962/1878 1004/1004/1878 1003/1003/1878
f 963/963/1879 964/964/1879 1005/1005/1879
f 963/963/1880 1005/1005/1880 1004/1004/1880
f 964/964/1881 965/965/1881 1006/1006/1881
f 964/964/1882 1006/1006/1882 1005/1005/1882
f 965/965/1883 966/966/1883 1007/1007/1883
f 965/965/1884 1007/1007/1884 1006/1006/1884
f 966/966/1885 967/967/1885 1008/1008/1885
f 966/966/1886 1008/1008/1886 1007/1007/1886
f 967/967/1887 968/968/1887 1009/1009/1887
f 967/967/1888 1009/1009/1888 1008/1008/1888
f 968/968/1889 969/969/1889 1010/1010/1889
f 968/968/1890 1010/1010/1890 1009/1009/1890
f 969/969/1891 970/970/1891 1011/1011/1891
f 969/969/1892 1011/1011/1892 1010/1010/1892
f 970/970/1893 971/971/1893 1012/1012/1893
f 970/970/1894 1012/1012/1894 1011/1011/1894
f 971/971/1895 972/972/1895 1013/1013/1895
f 971/971/1896 1013/1013/1896 1012/1012/1896
f 972/972/1897 973/973/1897 1014/1014/1897
f 972/972/1898 1014/1014/1898 1013/1013/1898
f 973/973/1899 974/974/1899 1015/1015/1899
f 973/973/1900 1015/1015/1900 1014/1014/1900
f 974/974/1901 975/975/1901 1016/1016/1901
f 974/974/1902 1016/1016/1902 1015/1015/1902
f 975/975/1903 976/976/1903 1017/1017/1903
f 975/975/1904 1017/1017/1904 1016/1016/1904
f 976/976/1905 977/977/1905 1018/1018/1905
f 976/976/1906 1018/1018/1906 1017/1017/1906
f 977/977/1907 978/978/1907 1019/1019/1907
f 977/977/1908 1019/1019/1908 1018/1018/1908
f 978/978/1909 979/979/1909 1020/1020/1909
f 978/978/1910 1020/1020/1910 1019/1019/1910
f 979/979/1911 980/980/1911 1021/1021/1911
f 979/979/1912 1021/1021/1912 1020/1020/1912
f 980/980/1913 981/981/1913 1022/1022/1913
f 980/980/1914 1022/1022/1914 1021/1021/1914
f 981/981/1915 982/982/1915 1023/1023/1915
f 981/981/1916 1023/1023/1916 1022/1022/1916
f 982/982/1917 983/983/1917 1024/1024/1917
f 982/982/1918 1024/1024/1918 1023/1023/1918
f 983/983/1919 984/984/1919 1025/1025/1919
f 983/983/1920 1025/1025/1920 1024/1024/1920
f 985/985/1921 986/986/1921 1027/1027/1921
f 985/985/1922 1027/1027/1922 1026/1026/1922
f 986/986/1923 987/987/1923 1028/1028/1923
f 986/986/1924 1028/1028/1924 1027/1027/1924
f 987/987/1925 988/988/1925 1029/1029/1925
f 987/987/1926 1029/1029/1926 1028/1028/1926
f 988/988/1927 989/989/1927 1030/1030/1927
f 988/988/1928 1030/1030/1928 1029/1029/1928
f 989/989/1929 990/990/1929 1031/1031/1929
f 989/989/1930 1031/1031/1930 1030/1030/1930
f 990/990/1931 991/991/1931 1032/1032/1931
f 990/990/1932 1032/1032/1932 1031/1031/1932
f 991/991/1933 992/992/1933 1033/1033/1933
f 991/991/1934 1033/1033/1934 1032/1032/1934
f 992/992/1935 993/993/1935 1034/1034/1935
f 992/992/1936 1034/1034/1936 1033/1033/1936
f 993/993/1937 994/994/1937 1035/1035/1937
f 993/993/1938 1035/1035/1938 1034/1034/1938
f 994/994/1939 995/995/1939 1036/1036/1939
f 994/994/1940 1036/1036/1940 1035/1035/1940
f 995/995/1941 996/996/1941 1037/1037/1941
f 995/995/1942 1037/1037/1942 1036/1036/1942
f 996/996/1943 997/997/1943 1038/1038/1943
f 996/996/1944 1038/1038/1944 1037/1037/1944
f 997/997/1945 998/998/1945 1039/1039/1945
f 997/997/1946 1039/1039/1946 1038/1038/1946
f 998/998/1947 999/999/1947 1040/1040/1947
f 998/998/1948 1040/1040/1948 1039/1039/1948
f 999/999/1949 1000/1000/1949 1041/1041/1949
f 999/999/1950 1041/1041/1950 1040/1040/1950
f 1000/1000/1951 1001/1001/1951 1042/1042/1951
f 1000/1000/1952 1042/1042/1952 1041/1041/1952
f 1001/1001/1953 1002/1002/1953 1043/1043/1953
f 1001/1001/1954 1043/1043/1954 1042/1042/1954
f 1002/1002/1955 1003/1003/1955 1044/1044/1955
f 1002/1002/1956 1044/1044/1956 1043/1043/1956
f 1003/1003/1957 1004/1004/1957 1045/1045/1957
f 1003/1003/1958 1045/1045/1958 1044/1044/1958
f 1004/1004/1959 1005/1005/1959 1046/1046/1959
f 1004/1004/1960 1046/1046/1960 1045/1045/1960
f 1005/1005/1961 1006/1006/1961 1047/1047/1961
f 1005/1005/1962 1047/1047/1962 1046/1046/1962
f 1006/1006/1963 1007/1007/1963 1048/1048/1963
f 1006/1006/1964 1048/1048/1964 1047/1047/1964
f 1007/1007/1965 1008/1008/1965 1049/1049/1965
f 1007/1007/1966 1049/1049/1966 1048/1048/1966
f 1008/1008/1967 1009/1009/1967 1050/1050/1967
f 1008/1008/1968 1050/1050/1968 1049/1049/1968
f 1009/1009/1969 1010/1010/1969 1051/1051/1969
f 1009/1009/1970 1051/1051/1970 1050/1050/1970
f 1010/1010/1971 1011/1011/1971 1052/1052/1971
f 1010/1010/1972 1052/1052/1972 1051/1051/1972
f 1011/1011/1973 1012/1012/1973 1053/1053/1973
f 1011/1011/1974 1053/1053/1974 1052/1052/1974
f 1012/1012/1975 1013/1013/1975 1054/1054/1975
f 1012/1012/1976 1054/1054/1976 1053/1053/1976
f 1013/1013/1977 1014/1014/1977 1055/1055/1977
f 1013/1013/1978 1055/1055/1978 1054/1054/1978
f 1014/1014/1979 1015/1015/1979 1056/1056/1979
f 1014/1014/1980 1056/1056/1980 1055/1055/1980
f 1015/1015/1981 1016/1016/1981 1057/1057/1981
f 1015/1015/1982 1057/1057/1982 1056/1056/1982
f 1016/1016/1983 1017/1017/1983 1058/1058/1983
f 1016/1016/1984 1058/1058/1984 1057/1057/1984
f 1017/1017/1985 1018/1018/1985 1059/1059/1985
f 1017/1017/1986 1059/1059/1986 1058/1058/1986
f 1018/1018/1987 1019/1019/1987 1060/1060/1987
f 1018/1018/1988 1060/1060/1988 1059/1059/1988
f 1019/1019/1989 1020/1020/1989 1061/1061/1989
f 1019/1019/1990 1061/1061/1990 1060/1060/1990
f 1020/1020/1991 1021/1021/1991 1062/1062/1991
f 1020/1020/1992 1062/1062/1992 1061/1061/1992
f 1021/1021/1993 1022/1022/1993 1063/1063/1993
f 1021/1021/1994 1063/1063/1994 1062/1062/1994
f 1022/1022/1995 1023/1023/1995 1064/1064/1995
f 1022/1022/1996 1064/1064/1996 1063/1063/1996
f 1023/1023/1997 1024/1024/1997 1065/1065/1997
f 1023/1023/1998 1065/1065/1998 1064/1064/1998
f 1024/1024/1999 1025/1025/1999 1066/1066/1999
f 1024/1024/2000 1066/1066/2000 1065/1065/2000
f 1026/1026/2001 1027/1027/2001 1068/1068/2001
f 1026/1026/2002 1068/1068/2002 1067/1067/2002
f 1027/1027/2003 1028/1028/2003 1069/1069/2003
f 1027/1027/2004 1069/1069/2004 1068/1068/2004
f 1028/1028/2005 1029/1029/2005 1070/1070/2005
f 1028/1028/2006 1070/1070/2006 1069/1069/2006
f 1029/1029/2007 1030/1030/2007 1071/1071/2007
f 1029/1029/2008 1071/1071/2008 1070/1070/2008
f 1030/1030/2009 1031/1031/2009 1072/1072/2009
f 1030/1030/2010 1072/1072/2010 1071/1071/2010
f 1031/1031/2011 1032/1032/2011 1073/1073/2011
f 1031/1031/2012 1073/1073/2012 1072/1072/2012
f 1032/1032/2013 1033/1033/2013 1074/1074/2013
f 1032/1032/2014 1074/1074/2014 1073/1073/2014
f 1033/1033/2015 1034/1034/2015 1075/1075/2015
f 1033/1033/2016 1075/1075/2016 1074/1074/2016
f 1034/1034/2017 1035/1035/2017 1076/1076/2017
f 1034/1034/2018 1076/1076/2018 1075/1075/2018
f 1035/1035/2019 1036/1036/2019 1077/1077/2019
f 1035/1035/2020 1077/1077/2020 1076/1076/2020
f 1036/1036/2021 1037/1037/2021 1078/1078/2021
f 1036/1036/2022 1078/1078/2022 1077/1077/2022
f 1037/1037/2023 1038/1038/2023 1079/1079/2023
f 1037/1037/2024 1079/1079/2024 1078/1078/2024
f 1038/1038/2025 1039/1039/2025 1080/1080/2025
f 1038/1038/2026 1080/1080/2026 1079/1079/2026
f 1039/1039/2027 1040/1040/2027 1081/1081/2027
f 1039/1039/2028 1081/1081/2028 1080/1080/2028
f 1040/1040/2029 1041/1041/2029 1082/1082/2029
f 1040/1040/2030 1082/1082/2030 1081/1081/2030
f 1041/1041/2031 1042/1042/2031 1083/1083/2031
f 1041/1041/2032 1083/1083/2032 1082/1082/2032
f 1042/1042/2033 1043/1043/2033 1084/1084/2033
f 1042/1042/2034 1084/1084/2034 1083/1083/2034
f 1043/1043/2035 1044/1044/2035 1085/1085/2035
f 1043/1043/2036 1085/1085/2036 1084/1084/2036
f 1044/1044/2037 1045/1045/2037 1086/1086/2037
f 1044/1044/2038 1086/1086/2038 1085/1085/2038
f 1045/1045/2039 1046/1046/2039 1087/1087/2039
f 1045/1045/2040 1087/1087/2040 1086/1086/2040
f 1046/1046/2041 1047/1047/2041 1088/1088/2041
f 1046/1046/2042 1088/1088/2042 1087/1087/2042
f 1047/1047/2043 1048/1048/2043 1089/1089/2043
f 1047/1047/2044 1089/1089/2044 1088/1088/2044
f 1048/1048/2045 1049/1049/2045 1090/1090/2045
f 1048/1048/2046 1090/1090/2046 1089/1089/2046
f 1049/1049/2047 1050/1050/2047 1091/1091/2047
f 1049/1049/2048 1091/1091/2048 1090/1090/2048
f 1050/1050/2049 1051/1051/2049 1092/1092/2049
f 1050/1050/2050 1092/1092/2050 1091/1091/2050
f 1051/1051/2051 1052/1052/2051 1093/1093/2051
f 1051/1051/2052 1093/1093/2052 1092/1092/2052
f 1052/1052/2053 1053/1053/2053 1094/1094/2053
f 1052/1052/2054 1094/1094/2054 1093/1093/2054
f 1053/1053/2055 1054/1054/2055 1095/1095/2055
f 1053/1053/2056 1095/1095/2056 1094/1094/2056
f 1054/1054/2057 1055/1055/2057 1096/1096/2057
f 1054/1054/2058 1096/1096/2058 1095/1095/2058
f 1055/1055/2059 1056/1056/2059 1097/1097/2059
f 1055/1055/2060 1097/1097/2060 1096/1096/2060
f 1056/1056/2061 1057/1057/2061 1098/1098/2061
f 1056/1056/2062 1098/1098/2062 1097/1097/2062
f 1057/1057/2063 1058/1058/2063 1099/1099/2063
f 1057/1057/2064 1099/1099/2064 1098/1098/2064
f 1058/1058/2065 1059/1059/2065 1100/1100/2065
f 1058/1058/2066 1100/1100/2066 1099/1099/2066
f 1059/1059/2067 1060/1060/2067 1101/1101/2067
f 1059/1059/2068 1101/1101/2068 1100/1100/2068
f 1060/1060/2069 1061/1061/2069 1102/1102/2069
f 1060/1060/2070 1102/1102/2070 1101/1101/2070
f 1061/1061/2071 1062/1062/2071 1103/1103/2071
f 1061/1061/2072 1103/1103/2072 1102/1102/2072
f 1062/1062/2073 1063/1063/2073 1104/1104/2073
f 1062/1062/2074 1104/1104/2074 1103/1103/2074
f 1063/1063/2075 1064/1064/2075 1105/1105/2075
f 1063/1063/2076 1105/1105/2076 1104/1104/2076
f 1064/1064/2077 1065/1065/2077 1106/1106/2077
f 1064/1064/2078 1106/1106/2078 1105/1105/2078
f 1065/1065/2079 1066/1066/2079 1107/1107/2079
f 1065/1065/2080 1107/1107/2080 1106/1106/2080
f 1067/1067/2081 1068/1068/2081 1109/1109/2081
f 1067/1067/2082 1109/1109/2082 1108/1108/2082
f 1068/1068/2083 1069/1069/2083 1110/1110/2083
f 1068/1068/2084 1110/1110/2084 1109/1109/2084
f 1069/1069/2085 1070/1070/2085 1111/1111/2085
f 1069/1069/2086 1111/1111/2086 1110/1110/2086
f 1070/1070/2087 1071/1071/2087 1112/1112/2087
f 1070/1070/2088 1112/1112/2088 1111/1111/2088
f 1071/1071/2089 1072/1072/2089 1113/1113/2089
f 1071/1071/2090 1113/1113/2090 1112/1112/2090
f 1072/1072/2091 1073/1073/2091 1114/1114/2091
f 1072/1072/2092 1114/1114/2092 1113/1113/2092
f 1073/1073/2093 1074/1074/2093 1115/1115/2093
f 1073/1073/2094 1115/1115/2094 1114/1114/2094
f 1074/1074/2095 1075/1075/2095 1116/1116/2095
f 1074/1074/2096 1116/1116/2096 1115/1115/2096
f 1075/1075/2097 1076/1076/2097 1117/1117/2097
f 1075/1075/2098 1117/1117/2098 1116/1116/2098
f 1076/1076/2099 1077/1077/2099 1118/1118/2099
f 1076/1076/2100 1118/1118/2100 1117/1117/2100
f 1077/1077/2101 1078/1078/2101 1119/1119/2101
f 1077/1077/2102 1119/1119/2102 1118/1118/2102
f 1078/1078/2103 1079/1079/2103 1120/1120/2103
f 1078/1078/2104 1120/1120/2104 1119/1119/2104
f 1079/1079/2105 1080/1080/2105 1121/1121/2105
f 1079/1079/2106 1121/1121/2106 1120/1120/2106
f 1080/1080/2107 1081/1081/2107 1122/1122/2107
f 1080/1080/2108 1122/1122/2108 1121/1121/2108
f 1081/1081/2109 1082/1082/2109 1123/1123/2109
f 1081/1081/2110 1123/1123/2110 1122/1122/2110
f 1082/1082/2111 1083/1083/2111 1124/1124/2111
f 1082/1082/2112 1124/1124/2112 1123/1123/2112
f 1083/1083/2113 1084/1084/2113 1125/1125/2113
f 1083/1083/2114 1125/1125/2114 1124/1124/2114
f 1084/1084/2115 1085/1085/2115 1126/1126/2115
f 1084/1084/2116 1126/1126/2116 1125/1125/2116
f 1085/1085/2117 1086/1086/2117 1127/1127/2117
f 1085/1085/2118 1127/1127/2118 1126/1126/2118
f 1086/1086/2119 1087/1087/2119 1128/1128/2119
f 1086/1086/2120 1128/1128/2120 1127/1127/2120
f 1087/1087/2121 1088/1088/2121 1129/1129/2121
f 1087/1087/2122 1129/1129/2122 1128/1128/2122
f 1088/1088/2123 1089/1089/2123 1130/1130/2123
f 1088/1088/2124 1130/1130/2124 1129/1129/2124
f 1089/1089/2125 1090/1090/2125 1131/1131/2125
f 1089/1089/2126 1131/1131/2126 1130/1130/2126
f 1090/1090/2127 1091/1091/2127 1132/1132/2127
f 1090/1090/2128 1132/1132/2128 1131/1131/2128
f 1091/1091/2129 1092/1092/2129 1133/1133/2129
f 1091/1091/2130 1133/1133/2130 1132/1132/2130
f 1092/1092/2131 1093/1093/2131 1134/1134/2131
f 1092/1092/2132 1134/1134/2132 1133/1133/2132
f 1093/1093/2133 1094/1094/2133 1135/1135/2133
f 1093/1093/2134 1135/1135/2134 1134/1134/2134
f 1094/1094/2135 1095/1095/2135 1136/1136/2135
f 1094/1094/2136 1136/1136/2136 1135/1135/2136
f 1095/1095/2137 1096/1096/2137 1137/1137/2137
f 1095/1095/2138 1137/1137/2138 1136/1136/2138
f 1096/1096/2139 1097/1097/2139 1138/1138/2139
f 1096/1096/2140 1138/1138/2140 1137/1137/2140
f 1097/1097/2141 1098/1098/2141 1139/1139/2141
f 1097/1097/2142 1139/1139/2142 1138/1138/2142
f 1098/1098/2143 1099/1099/2143 1140/1140/2143
f 1098/1098/2144 1140/1140/2144 1139/1139/2144
f 1099/1099/2145 1100/1100/2145 1141/1141/2145
f 1099/1099/2146 1141/1141/2146 1140/1140/2146
f 1100/1100/2147 1101/1101/2147 1142/1142/2147
f 1100/1100/2148 1142/1142/2148 1141/1141/2148
f 1101/1101/2149 1102/1102/2149 1143/1143/2149
f 1101/1101/2150 1143/1143/2150 1142/1142/2150
f 1102/1102/2151 1103/1103/2151 1144/1144/2151
f 1102/1102/2152 1144/1144/2152 1143/1143/2152
f 1103/1103/2153 1104/1104/2153 1145/1145/2153
f 1103/1103/2154 1145/1145/2154 1144/1144/2154
f 1104/1104/2155 1105/1105/2155 1146/1146/2155
f 1104/1104/2156 1146/1146/2156 1145/1145/2156
f 1105/1105/2157 1106/1106/2157 1147/1147/2157
f 1105/1105/2158 1147/1147/2158 1146/1146/2158
f 1106/1106/2159 1107/1107/2159 1148/1148/2159
f 1106/1106/2160 1148/1148/2160 1147/1147/2160
f 1108/1108/2161 1109/1109/2161 1150/1150/2161
f 1108/1108/2162 1150/1150/2162 1149/1149/2162
f 1109/1109/2163 1110/1110/2163 1151/1151/2163
f 1109/1109/2164 1151/1151/2164 1150/1150/2164
f 1110/1110/2165 1111/1111/2165 1152/1152/2165
f 1110/1110/2166 1152/1152/2166 1151/1151/2166
f 1111/1111/2167 1112/1112/2167 1153/1153/2167
f 1111/1111/2168 1153/1153/2168 1152/1152/2168
f 1112/1112/2169 1113/1113/2169 1154/1154/2169
f 1112/1112/2170 1154/1154/2170 1153/1153/2170
f 1113/1113/2171 1114/1114/2171 1155/1155/2171
f 1113/1113/2172 1155/1155/2172 1154/1154/2172
f 1114/1114/2173 1115/1115/2173 1156/1156/2173
f 1114/1114/2174 1156/1156/2174 1155/1155/2174
f 1115/1115/2175 1116/1116/2175 1157/1157/2175
f 1115/1115/2176 1157/1157/2176 1156/1156/2176
f 1116/1116/2177 1117/1117/2177 1158/1158/2177
f 1116/1116/2178 1158/1158/2178 1157/1157/2178
f 1117/1117/2179 1118/1118/2179 1159/1159/2179
f 1117/1117/2180 1159/1159/2180 1158/1158/2180
f 1118/1118/2181 1119/1119/2181 1160/1160/2181
f 1118/1118/2182 1160/1160/2182 1159/1159/2182
f 1119/1119/2183 1120/1120/2183 1161/1161/2183
f 1119/1119/2184 1161/1161/2184 1160/1160/2184
f 1120/1120/2185 1121/1121/2185 1162/1162/2185
f 1120/1120/2186 1162/1162/2186 1161/1161/2186
f 1121/1121/2187 1122/1122/2187 1163/1163/2187
f 1121/1121/2188 1163/1163/2188 1162/1162/2188
f 1122/1122/2189 1123/1123/2189 1164/1164/2189
f 1122/1122/2190 1164/1164/2190 1163/1163/2190
f 1123/1123/2191 1124/1124/2191 1165/1165/2191
f 1123/1123/2192 1165/1165/2192 1164/1164/2192
f 1124/1124/2193 1125/1125/2193 1166/1166/2193
f 1124/1124/2194 1166/1166/2194 1165/1165/2194
f 1125/1125/2195 1126/1126/2195 1167/1167/2195
f 1125/1125/2196 1167/1167/2196 1166/1166/2196
f 1126/1126/2197 1127/1127/2197 1168/1168/2197
f 1126/1126/2198 1168/1168/2198 1167/1167/2198
f 1127/1127/2199 1128/1128/2199 1169/1169/2199
f 1127/1127/2200 1169/1169/2200 1168/1168/2200
f 1128/1128/2201 1129/1129/2201 1170/1170/2201
f 1128/1128/2202 1170/1170/2202 1169/1169/2202
f 1129/1129/2203 1130/1130/2203 1171/1171/2203
f 1129/1129/2204 1171/1171/2204 1170/1170/2204
f 1130/1130/2205 1131/1131/2205 1172/1172/2205
f 1130/1130/2206 1172/1172/2206 1171/1171/2206
f 1131/1131/2207 1132/1132/2207 1173/1173/2207
f 1131/1131/2208 1173/1173/2208 1172/1172/2208
f 1132/1132/2209 1133/1133/2209 1174/1174/2209
f 1132/1132/2210 1174/1174/2210 1173/1173/2210
f 1133/1133/2211 1134/1134/2211 1175/1175/2211
f 1133/1133/2212 1175/1175/2212 1174/1174/2212
f 1134/1134/2213 1135/1135/2213 1176/1176/2213
f 1134/1134/2214 1176/1176/2214 1175/1175/2214
f 1135/1135/2215 1136/1136/2215 1177/1177/2215
f 1135/1135/2216 1177/1177/2216 1176/1176/2216
f 1136/1136/2217 1137/1137/2217 1178/1178/2217
f 1136/1136/2218 1178/1178/2218 1177/1177/2218
f 1137/1137/2219 1138/1138/2219 1179/1179/2219
f 1137/1137/2220 1179/1179/2220 1178/1178/2220
f 1138/1138/2221 1139/1139/2221 1180/1180/2221
f 1138/1138/2222 1180/1180/2222 1179/1179/2222
f 1139/1139/2223 1140/1140/2223 1181/1181/2223
f 1139/1139/2224 1181/1181/2224 1180/1180/2224
f 1140/1140/2225 1141/1141/2225 1182/1182/2225
f 1140/1140/2226 1182/1182/2226 1181/1181/2226
f 1141/1141/2227 1142/1142/2227 1183/1183/2227
f 1141/1141/2228 1183/1183/2228 1182/1182/2228
f 1142/1142/2229 1143/1143/2229 1184/1184/2229
f 1142/1142/2230 1184/1184/2230 1183/1183/2230
f 1143/1143/2231 1144/1144/2231 1185/1185/2231
f 1143/1143/2232 1185/1185/2232 1184/1184/2232
f 1144/1144/2233 1145/1145/2233 1186/1186/2233
f 1144/1144/2234 1186/1186/2234 1185/1185/2234
f 1145/1145/2235 1146/1146/2235 1187/1187/2235
f 1145/1145/2236 1187/1187/2236 1186/1186/2236
f 1146/1146/2237 1147/1147/2237 1188/1188/2237
f 1146/1146/2238 1188/1188/2238 1187/1187/2238
f 1147/1147/2239 1148/1148/2239 1189/1189/2239
f 1147/1147/2240 1189/1189/2240 1188/1188/2240
f 1149/1149/2241 1150/1150/2241 1191/1191/2241
f 1149/1149/2242 1191/1191/2242 1190/1190/2242
f 1150/1150/2243 1151/1151/2243 1192/1192/2243
f 1150/1150/2244 1192/1192/2244 1191/1191/2244
f 1151/1151/2245 1152/1152/2245 1193/1193/2245
f 1151/1151/2246 1193/1193/2246 1192/1192/2246
f 1152/1152/2247 1153/1153/2247 1194/1194/2247
f 1152/1152/2248 1194/1194/2248 1193/1193/2248
f 1153/1153/2249 1154/1154/2249 1195/1195/2249
f 1153/1153/2250 1195/1195/2250 1194/1194/2250
f 1154/1154/2251 1155/1155/2251 1196/1196/2251
f 1154/1154/2252 1196/1196/2252 1195/1195/2252
f 1155/1155/2253 1156/1156/2253 1197/1197/2253
f 1155/1155/2254 1197/1197/2254 1196/1196/2254
f 1156/1156/2255 1157/1157/2255 1198/1198/2255
f 1156/1156/2256 1198/1198/2256 1197/1197/2256
f 1157/1157/2257 1158/1158/2257 1199/1199/2257
f 1157/1157/2258 1199/1199/2258 1198/1198/2258
f 1158/1158/2259 1159/1159/2259 1200/1200/2259
f 1158/1158/2260 1200/1200/2260 1199/1199/2260
f 1159/1159/2261 1160/1160/2261 1201/1201/2261
f 1159/1159/2262 1201/1201/2262 1200/1200/2262
f 1160/1160/2263 1161/1161/2263 1202/1202/2263
f 1160/1160/2264 1202/1202/2264 1201/1201/2264
f 1161/1161/2265 1162/1162/2265 1203/1203/2265
f 1161/1161/2266 1203/1203/2266 1202/1202/2266
f 1162/1162/2267 1163/1163/2267 1204/1204/2267
f 1162/1162/2268 1204/1204/2268 1203/1203/2268
f 1163/1163/2269 1164/1164/2269 1205/1205/2269
f 1163/1163/2270 1205/1205/2270 1204/1204/2270
f 1164/1164/2271 1165/1165/2271 1206/1206/2271
f 1164/1164/2272 1206/1206/2272 1205/1205/2272
f 1165/1165/2273 1166/1166/2273 1207/1207/2273
f 1165/1165/2274 1207/1207/2274 1206/1206/2274
f 1166/1166/2275 1167/1167/2275 1208/1208/2275
f 1166/1166/2276 1208/1208/2276 1207/1207/2276
f 1167/1167/2277 1168/1168/2277 1209/1209/2277
f 1167/1167/2278 1209/1209/2278 1208/1208/2278
f 1168/1168/2279 1169/1169/2279 1210/1210/2279
f 1168/1168/2280 1210/1210/2280 1209/1209/2280
f 1169/1169/2281 1170/1170/2281 1211/1211/2281
f 1169/1169/2282 1211/1211/2282 1210/1210/2282
f 1170/1170/2283 1171/1171/2283 1212/1212/2283
f 1170/1170/2284 1212/1212/2284 1211/1211/2284
f 1171/1171/2285 1172/1172/2285 1213/1213/2285
f 1171/1171/2286 1213/1213/2286 1212/1212/2286
f 1172/1172/2287 1173/1173/2287 1214/1214/2287
f 1172/1172/2288 1214/1214/2288 1213/1213/2288
f 1173/1173/2289 1174/1174/2289 1215/1215/2289
f 1173/1173/2290 1215/1215/2290 1214/1214/2290
f 1174/1174/2291 1175/1175/2291 1216/1216/2291
f 1174/1174/2292 1216/1216/2292 1215/1215/2292
f 1175/1175/2293 1176/1176/2293 1217/1217/2293
f 1175/1175/2294 1217/1217/2294 1216/1216/2294
f 1176/1176/2295 1177/1177/2295 1218/1218/2295
f 1176/1176/2296 1218/1218/2296 1217/1217/2296
f 1177/1177/2297 1178/1178/2297 1219/1219/2297
f 1177/1177/2298 1219/1219/2298 1218/1218/2298
f 1178/1178/2299 1179/1179/2299 1220/1220/2299
f 1178/1178/2300 1220/1220/2300 1219/1219/2300
f 1179/1179/2301 1180/1180/2301 1221/1221/2301
f 1179/1179/2302 1221/1221/2302 1220/1220/2302
f 1180/1180/2303 1181/1181/2303 1222/1222/2303
f 1180/1180/2304 1222/1222/2304 1221/1221/2304
f 1181/1181/2305 1182/1182/2305 1223/1223/2305
f 1181/1181/2306 1223/1223/2306 1222/1222/2306
f 1182/1182/2307 1183/1183/2307 1224/1224/2307
f 1182/1182/2308 1224/1224/2308 1223/1223/2308
f 1183/1183/2309 1184/1184/2309 1225/1225/2309
f 1183/1183/2310 1225/1225/2310 1224/1224/2310
f 1184/1184/2311 1185/1185/2311 1226/1226/2311
f 1184/1184/2312 1226/1226/2312 1225/1225/2312
f 1185/1185/2313 1186/1186/2313 1227/1227/2313
f 1185/1185/2314 1227/1227/2314 1226/1226/2314
f 1186/1186/2315 1187/1187/2315 1228/1228/2315
f 1186/1186/2316 1228/1228/2316 1227/1227/2316
f 1187/1187/2317 1188/1188/2317 1229/1229/2317
f 1187/1187/2318 1229/1229/2318 1228/1228/2318
f 1188/1188/2319 1189/1189/2319 1230/1230/2319
f 1188/1188/2320 1230/1230/2320 1229/1229/2320
f 1190/1190/2321 1191/1191/2321 1232/1232/2321
f 1190/1190/2322 1232/1232/2322 1231/1231/2322
f 1191/1191/2323 1192/1192/2323 1233/1233/2323
f 1191/1191/2324 1233/1233/2324 1232/1232/2324
f 1192/1192/2325 1193/1193/2325 1234/1234/2325
f 1192/1192/2326 1234/1234/2326 1233/1233/2326
f 1193/1193/2327 1194/1194/2327 1235/1235/2327
f 1193/1193/2328 1235/1235/2328 1234/1234/2328
f 1194/1194/2329 1195/1195/2329 1236/1236/2329
f 1194/1194/2330 1236/1236/2330 1235/1235/2330
f 1195/1195/2331 1196/1196/2331 1237/1237/2331
f 1195/1195/2332 1237/1237/2332 1236/1236/2332
f 1196/1196/2333 1197/1197/2333 1238/1238/2333
f 1196/1196/2334 1238/1238/2334 1237/1237/2334
f 1197/1197/2335 1198/1198/2335 1239/1239/2335
f 1197/1197/2336 1239/1239/2336 1238/1238/2336
f 1198/1198/2337 1199/1199/2337 1240/1240/2337
f 1198/1198/2338 1240/1240/2338 1239/1239/2338
f 1199/1199/2339 1200/1200/2339 1241/1241/2339
f 1199/1199/2340 1241/1241/2340 1240/1240/2340
f 1200/1200/2341 1201/1201/2341 1242/1242/2341
f 1200/1200/2342 1242/1242/2342 1241/1241/2342
f 1201/1201/2343 1202/1202/2343 1243/1243/2343
f 1201/1201/2344 1243/1243/2344 1242/1242/2344
f 1202/1202/2345 1203/1203/2345 1244/1244/2345
f 1202/1202/2346 1244/1244/2346 1243/1243/2346
f 1203/1203/2347 1204/1204/2347 1245/1245/2347
f 1203/1203/2348 1245/1245/2348 1244/1244/2348
f 1204/1204/2349 1205/1205/2349 1246/1246/2349
f 1204/1204/2350 1246/1246/2350 1245/1245/2350
f 1205/1205/2351 1206/1206/2351 1247/1247/2351
f 1205/1205/2352 1247/1247/2352 1246/1246/2352
f 1206/1206/2353 1207/1207/2353 1248/1248/2353
f 1206/1206/2354 1248/1248/2354 1247/1247/2354
f 1207/1207/2355 1208/1208/2355 1249/1249/2355
f 1207/1207/2356 1249/1249/2356 1248/1248/2356
f 1208/1208/2357 1209/1209/2357 1250/1250/2357
f 1208/1208/2358 1250/1250/2358 1249/1249/2358
f 1209/1209/2359 1210/1210/2359 1251/1251/2359
f 1209/1209/2360 1251/1251/2360 1250/1250/2360
f 1210/1210/2361 1211/1211/2361 1252/1252/2361
f 1210/1210/2362 1252/1252/2362 1251/1251/2362
f 1211/1211/2363 1212/1212/2363 1253/1253/2363
f 1211/1211/2364 1253/1253/2364 1252/1252/2364
f 1212/1212/2365 1213/1213/2365 1254/1254/2365
f 1212/1212/2366 1254/1254/2366 1253/1253/2366
f 1213/1213/2367 1214/1214/2367 1255/1255/2367
f 1213/1213/2368 1255/1255/2368 1254/1254/2368
f 1214/1214/2369 1215/1215/2369 1256/1256/2369
f 1214/1214/2370 1256/1256/2370 1255/1255/2370
f 1215/1215/2371 1216/1216/2371 1257/1257/2371
f 1215/1215/2372 1257/1257/2372 1256/1256/2372
f 1216/1216/2373 1217/1217/2373 1258/1258/2373
f 1216/1216/2374 1258/1258/2374 1257/1257/2374
f 1217/1217/2375 1218/1218/2375 1259/1259/2375
f 1217/1217/2376 1259/1259/2376 1258/1258/2376
f 1218/1218/2377 1219/1219/2377 1260/1260/2377
f 1218/1218/2378 1260/1260/2378 1259/1259/2378
f 1219/1219/2379 1220/1220/2379 1261/1261/2379
f 1219/1219/2380 1261/1261/2380 1260/1260/2380
f 1220/1220/2381 1221/1221/2381 1262/1262/2381
f 1220/1220/2382 1262/1262/2382 1261/1261/2382
f 1221/1221/2383 1222/1222/2383 1263/1263/2383
f 1221/1221/2384 1263/1263/2384 1262/1262/2384
f 1222/1222/2385 1223/1223/2385 1264/1264/2385
f 1222/1222/2386 1264/1264/2386 1263/1263/2386
f 1223/1223/2387 1224/1224/2387 1265/1265/2387
f 1223/1223/2388 1265/1265/2388 1264/1264/2388
f 1224/1224/2389 1225/1225/2389 1266/1266/2389
f 1224/1224/2390 1266/1266/2390 1265/1265/2390
f 1225/1225/2391 1226/1226/2391 1267/1267/2391
f 1225/1225/2392 1267/1267/2392 1266/1266/2392
f 1226/1226/2393 1227/1227/2393 1268/1268/2393
f 1226/1226/2394 1268/1268/2394 1267/1267/2394
f 1227/1227/2395 1228/1228/2395 1269/1269/2395
f 1227/1227/2396 1269/1269/2396 1268/1268/2396
f 1228/1228/2397 1229/1229/2397 1270/1270/2397
f 1228/1228/2398 1270/1270/2398 1269/1269/2398
f 1229/1229/2399 1230/1230/2399 1271/1271/2399
f 1229/1229/2400 1271/1271/2400 1270/1270/2400
f 1231/1231/2401 1232/1232/2401 1273/1273/2401
f 1231/1231/2402 1273/1273/2402 1272/1272/2402
f 1232/1232/2403 1233/1233/2403 1274/1274/2403
f 1232/1232/2404 1274/1274/2404 1273/1273/2404
f 1233/1233/2405 1234/1234/2405 1275/1275/2405
f 1233/1233/2406 1275/1275/2406 1274/1274/2406
f 1234/1234/2407 1235/1235/2407 1276/1276/2407
f 1234/1234/2408 1276/1276/2408 1275/1275/2408
f 1235/1235/2409 1236/1236/2409 1277/1277/2409
f 1235/1235/2410 1277/1277/2410 1276/1276/2410
f 1236/1236/2411 1237/1237/2411 1278/1278/2411
f 1236/1236/2412 1278/1278/2412 1277/1277/2412
f 1237/1237/2413 1238/1238/2413 1279/1279/2413
f 1237/1237/2414 1279/1279/2414 1278/1278/2414
f 1238/1238/2415 1239/1239/2415 1280/1280/2415
f 1238/1238/2416 1280/1280/2416 1279/1279/2416
f 1239/1239/2417 1240/1240/2417 1281/1281/2417
f 1239/1239/2418 1281/1281/2418 1280/1280/2418
f 1240/1240/2419 1241/1241/2419 1282/1282/2419
f 1240/1240/2420 1282/1282/2420 1281/1281/2420
f 1241/1241/2421 1242/1242/2421 1283/1283/2421
f 1241/1241/2422 1283/1283/2422 1282/1282/2422
f 1242/1242/2423 1243/1243/2423 1284/1284/2423
f 1242/1242/2424 1284/1284/2424 1283/1283/2424
f 1243/1243/2425 1244/1244/2425 1285/1285/2425
f 1243/1243/2426 1285/1285/2426 1284/1284/2426
f 1244/1244/2427 1245/1245/2427 1286/1286/2427
f 1244/1244/2428 1286/1286/2428 1285/1285/2428
f 1245/1245/2429 1246/1246/2429 1287/1287/2429
f 1245/1245/2430 1287/1287/2430 1286/1286/2430
f 1246/1246/2431 1247/1247/2431 1288/1288/2431
f 1246/1246/2432 1288/1288/2432 1287/1287/2432
f 1247/1247/2433 1248/1248/2433 1289/1289/2433
f 1247/1247/2434 1289/1289/2434 1288/1288/2434
f 1248/1248/2435 1249/1249/2435 1290/1290/2435
f 1248/1248/2436 1290/1290/2436 1289/1289/2436
f 1249/1249/2437 1250/1250/2437 1291/1291/2437
f 1249/1249/2438 1291/1291/2438 1290/1290/2438
f 1250/1250/2439 1251/1251/2439 1292/1292/2439
f 1250/1250/2440 1292/1292/2440 1291/1291/2440
f 1251/1251/2441 1252/1252/2441 1293/1293/2441
f 1251/1251/2442 1293/1293/2442 1292/1292/2442
f 1252/1252/2443 1253/1253/2443 1294/1294/2443
f 1252/1252/2444 1294/1294/2444 1293/1293/2444
f 1253/1253/2445 1254/1254/2445 1295/1295/2445
f 1253/1253/2446 1295/1295/2446 1294/1294/2446
f 1254/1254/2447 1255/1255/2447 1296/1296/2447
f 1254/1254/2448 1296/1296/2448 1295/1295/2448
f 1255/1255/2449 1256/1256/2449 1297/1297/2449
f 1255/1255/2450 1297/1297/2450 1296/1296/2450
f 1256/1256/2451 1257/1257/2451 1298/1298/2451
f 1256/1256/2452 1298/1298/2452 1297/1297/2452
f 1257/1257/2453 1258/1258/2453 1299/1299/2453
f 1257/1257/2454 1299/1299/2454 1298/1298/2454
f 1258/1258/2455 1259/1259/2455 1300/1300/2455
f 1258/1258/2456 1300/1300/2456 1299/1299/2456
f 1259/1259/2457 1260/1260/2457 1301/1301/2457
f 1259/1259/2458 1301/1301/2458 1300/1300/2458
f 1260/1260/2459 1261/1261/2459 1302/1302/2459
f 1260/1260/2460 1302/1302/2460 1301/1301/2460
f 1261/1261/2461 1262/1262/2461 1303/1303/2461
f 1261/1261/2462 1303/1303/2462 1302/1302/2462
f 1262/1262/2463 1263/1263/2463 1304/1304/2463
f 1262/1262/2464 1304/1304/2464 1303/1303/2464
f 1263/1263/2465 1264/1264/2465 1305/1305/2465
f 1263/1263/2466 1305/1305/2466 1304/1304/2466
f 1264/1264/2467 1265/1265/2467 1306/1306/2467
f 1264/1264/2468 1306/1306/2468 1305/1305/2468
f 1265/1265/2469 1266/1266/2469 1307/1307/2469
f 1265/1265/2470 1307/1307/2470 1306/1306/2470
f 1266/1266/2471 1267/1267/2471 1308/1308/2471
f 1266/1266/2472 1308/1308/2472 1307/1307/2472
f 1267/1267/2473 1268/1268/2473 1309/1309/2473
f 1267/1267/2474 1309/1309/2474 1308/1308/2474
f 1268/1268/2475 1269/1269/2475 1310/1310/2475
f 1268/1268/2476 1310/1310/2476 1309/1309/2476
f 1269/1269/2477 1270/1270/2477 1311/1311/2477
f 1269/1269/2478 1311/1311/2478 1310/1310/2478
f 1270/1270/2479 1271/1271/2479 1312/1312/2479
f 1270/1270/2480 1312/1312/2480 1311/1311/2480
f 1272/1272/2481 1273/1273/2481 1314/1314/2481
f 1272/1272/2482 1314/1314/2482 1313/1313/2482
f 1273/1273/2483 1274/1274/2483 1315/1315/2483
f 1273/1273/2484 1315/1315/2484 1314/1314/2484
f 1274/1274/2485 1275/1275/2485 1316/1316/2485
f 1274/1274/2486 1316/1316/2486 1315/1315/2486
f 1275/1275/2487 1276/1276/2487 1317/1317/2487
f 1275/1275/2488 1317/1317/2488 1316/1316/2488
f 1276/1276/2489 1277/1277/2489 1318/1318/2489
f 1276/1276/2490 1318/1318/2490 1317/1317/2490
f 1277/1277/2491 1278/1278/2491 1319/1319/2491
f 1277/1277/2492 1319/1319/2492 1318/1318/2492
f 1278/1278/2493 1279/1279/2493 1320/1320/2493
f 1278/1278/2494 1320/1320/2494 1319/1319/2494
f 1279/1279/2495 1280/1280/2495 1321/1321/2495
f 1279/1279/2496 1321/1321/2496 1320/1320/2496
f 1280/1280/2497 1281/1281/2497 1322/1322/2497
f 1280/1280/2498 1322/1322/2498 1321/1321/2498
f 1281/1281/2499 1282/1282/2499 1323/1323/2499
f 1281/1281/2500 1323/1323/2500 1322/1322/2500
f 1282/1282/2501 1283/1283/2501 1324/1324/2501
f 1282/1282/2502 1324/1324/2502 1323/1323/2502
f 1283/1283/2503 1284/1284/2503 1325/1325/2503
f 1283/1283/2504 1325/1325/2504 1324/1324/2504
f 1284/1284/2505 1285/1285/2505 1326/1326/2505
f 1284/1284/2506 1326/1326/2506 1325/1325/2506
f 1285/1285/2507 1286/1286/2507 1327/1327/2507
f 1285/1285/2508 1327/1327/2508 1326/1326/2508
f 1286/1286/2509 1287/1287/2509 1328/1328/2509
f 1286/1286/2510 1328/1328/2510 1327/1327/2510
f 1287/1287/2511 1288/1288/2511 1329/1329/2511
f 1287/1287/2512 1329/1329/2512 1328/1328/2512
f 1288/1288/2513 1289/1289/2513 1330/1330/2513
f 1288/1288/2514 1330/1330/2514 1329/1329/2514
f 1289/1289/2515 1290/1290/2515 1331/1331/2515
f 1289/1289/2516 1331/1331/2516 1330/1330/2516
f 1290/1290/2517 1291/1291/2517 1332/1332/2517
f 1290/1290/2518 1332/1332/2518 1331/1331/2518
f 1291/1291/2519 1292/1292/2519 1333/1333/2519
f 1291/1291/2520 1333/1333/2520 1332/1332/2520
f 1292/1292/2521 1293/1293/2521 1334/1334/2521
f 1292/1292/2522 1334/1334/2522 1333/1333/2522
f 1293/1293/2523 1294/1294/2523 1335/1335/2523
f 1293/1293/2524 1335/1335/2524 1334/1334/2524
f 1294/1294/2525 1295/1295/2525 1336/1336/2525
f 1294/1294/2526 1336/1336/2526 1335/1335/2526
f 1295/1295/2527 1296/1296/2527 1337/1337/2527
f 1295/1295/2528 1337/1337/2528 1336/1336/2528
f 1296/1296/2529 1297/1297/2529 1338/1338/2529
f 1296/1296/2530 1338/1338/2530 1337/1337/2530
f 1297/1297/2531 1298/1298/2531 1339/1339/2531
f 1297/1297/2532 1339/1339/2532 1338/1338/2532
f 1298/1298/2533 1299/1299/2533 1340/1340/2533
f 1298/1298/2534 1340/1340/2534 1339/1339/2534
f 1299/1299/2535 1300/1300/2535 1341/1341/2535
f 1299/1299/2536 1341/1341/2536 1340/1340/2536
f 1300/1300/2537 1301/1301/2537 1342/1342/2537
f 1300/1300/2538 1342/1342/2538 1341/1341/2538
f 1301/1301/2539 1302/1302/2539 1343/1343/2539
f 1301/1301/2540 1343/1343/2540 1342/1342/2540
f 1302/1302/2541 1303/1303/2541 1344/1344/2541
f 1302/1302/2542 1344/1344/2542 1343/1343/2542
f 1303/1303/2543 1304/1304/2543 1345/1345/2543
f 1303/1303/2544 1345/1345/2544 1344/1344/2544
f 1304/1304/2545 1305/1305/2545 1346/1346/2545
f 1304/1304/2546 1346/1346/2546 1345/1345/2546
f 1305/1305/2547 1306/1306/2547 1347/1347/2547
f 1305/1305/2548 1347/1347/2548 1346/1346/2548
f 1306/1306/2549 1307/1307/2549 1348/1348/2549
f 1306/1306/2550 1348/1348/2550 1347/1347/2550
f 1307/1307/2551 1308/1308/2551 1349/1349/2551
f 1307/1307/2552 1349/1349/2552 1348/1348/2552
f 1308/1308/2553 1309/1309/2553 1350/1350/2553
f 1308/1308/2554 1350/1350/2554 1349/1349/2554
f 1309/1309/2555 1310/1310/2555 1351/1351/2555
f 1309/1309/2556 1351/1351/2556 1350/1350/2556
f 1310/1310/2557 1311/1311/2557 1352/1352/2557
f 1310/1310/2558 1352/1352/2558 1351/1351/2558
f 1311/1311/2559 1312/1312/2559 1353/1353/2559
f 1311/1311/2560 1353/1353/2560 1352/1352/2560
f 1313/1313/2561 1314/1314/2561 1355/1355/2561
f 1313/1313/2562 1355/1355/2562 1354/1354/2562
f 1314/1314/2563 1315/1315/2563 1356/1356/2563
f 1314/1314/2564 1356/1356/2564 1355/1355/2564
f 1315/1315/2565 1316/1316/2565 1357/1357/2565
f 1315/1315/2566 1357/1357/2566 1356/1356/2566
f 1316/1316/2567 1317/1317/2567 1358/1358/2567
f 1316/1316/2568 1358/1358/2568 1357/1357/2568
f 1317/1317/2569 1318/1318/2569 1359/1359/2569
f 1317/1317/2570 1359/1359/2570 1358/1358/2570
f 1318/1318/2571 1319/1319/2571 1360/1360/2571
f 1318/1318/2572 1360/1360/2572 1359/1359/2572
f 1319/1319/2573 1320/1320/2573 1361/1361/2573
f 1319/1319/2574 1361/1361/2574 1360/1360/2574
f 1320/1320/2575 1321/1321/2575 1362/1362/2575
f 1320/1320/2576 1362/1362/2576 1361/1361/2576
f 1321/1321/2577 1322/1322/2577 1363/1363/2577
f 1321/1321/2578 1363/1363/2578 1362/1362/2578
f 1322/1322/2579 1323/1323/2579 1364/1364/2579
f 1322/1322/2580 1364/1364/2580 1363/1363/2580
f 1323/1323/2581 1324/1324/2581 1365/1365/2581
f 1323/1323/2582 1365/1365/2582 1364/1364/2582
f 1324/1324/2583 1325/1325/2583 1366/1366/2583
f 1324/1324/2584 1366/1366/2584 1365/1365/2584
f 1325/1325/2585 1326/1326/2585 1367/1367/2585
f 1325/1325/2586 1367/1367/2586 1366/1366/2586
f 1326/1326/2587 1327/1327/2587 1368/1368/2587
f 1326/1326/2588 1368/1368/2588 1367/1367/2588
f 1327/1327/2589 1328/1328/2589 1369/1369/2589
f 1327/1327/2590 1369/1369/2590 1368/1368/2590
f 1328/1328/2591 1329/1329/2591 1370/1370/2591
f 1328/1328/2592 1370/1370/2592 1369/1369/2592
f 1329/1329/2593 1330/1330/2593 1371/1371/2593
f 1329/1329/2594 1371/1371/2594 1370/1370/2594
f 1330/1330/2595 1331/1331/2595 1372/1372/2595
f 1330/1330/2596 1372/1372/2596 1371/1371/2596
f 1331/1331/2597 1332/1332/2597 1373/1373/2597
f 1331/1331/2598 1373/1373/2598 1372/1372/2598
f 1332/1332/2599 1333/1333/2599 1374/1374/2599
f 1332/1332/2600 1374/1374/2600 1373/1373/2600
f 1333/1333/2601 1334/1334/2601 1375/1375/2601
f 1333/1333/2602 1375/1375/2602 1374/1374/2602
f 1334/1334/2603 1335/1335/2603 1376/1376/2603
f 1334/1334/2604 1376/1376/2604 1375/1375/2604
f 1335/1335/2605 1336/1336/2605 1377/1377/2605
f 1335/1335/2606 1377/1377/2606 1376/1376/2606
f 1336/1336/2607 1337/1337/2607 1378/1378/2607
f 1336/1336/2608 1378/1378/2608 1377/1377/2608
f 1337/1337/2609 1338/1338/2609 1379/1379/2609
f 1337/1337/2610 1379/1379/2610 1378/1378/2610
f 1338/1338/2611 1339/1339/2611 1380/1380/2611
f 1338/1338/2612 1380/1380/2612 1379/1379/2612
f 1339/1339/2613 1340/1340/2613 1381/1381/2613
f 1339/1339/2614 1381/1381/2614 1380/1380/2614
f 1340/1340/2615 1341/1341/2615 1382/1382/2615
f 1340/1340/2616 1382/1382/2616 1381/1381/2616
f 1341/1341/2617 1342/1342/2617 1383/1383/2617
f 1341/1341/2618 1383/1383/2618 1382/1382/2618
f 1342/1342/2619 1343/1343/2619 1384/1384/2619
f 1342/1342/2620 1384/1384/2620 1383/1383/2620
f 1343/1343/2621 1344/1344/2621 1385/1385/2621
f 1343/1343/2622 1385/1385/2622 1384/1384/2622
f 1344/1344/2623 1345/1345/2623 1386/1386/2623
f 1344/1344/2624 1386/1386/2624 1385/1385/2624
f 1345/1345/2625 1346/1346/2625 1387/1387/2625
f 1345/1345/2626 1387/1387/2626 1386/1386/2626
f 1346/1346/2627 1347/1347/2627 1388/1388/2627
f 1346/1346/2628 1388/1388/2628 1387/1387/2628
f 1347/1347/2629 1348/1348/2629 1389/1389/2629
f 1347/1347/2630 1389/1389/2630 1388/1388/2630
f 1348/1348/2631 1349/1349/2631 1390/1390/2631
f 1348/1348/2632 1390/1390/2632 1389/1389/2632
f 1349/1349/2633 1350/1350/2633 1391/1391/2633
f 1349/1349/2634 1391/1391/2634 1390/1390/2634
f 1350/1350/2635 1351/1351/2635 1392/1392/2635
f 1350/1350/2636 1392/1392/2636 1391/1391/2636
f 1351/1351/2637 1352/1352/2637 1393/1393/2637
f 1351/1351/2638 1393/1393/2638 1392/1392/2638
f 1352/1352/2639 1353/1353/2639 1394/1394/2639
f 1352/1352/2640 1394/1394/2640 1393/1393/2640
f 1354/1354/2641 1355/1355/2641 1396/1396/2641
f 1354/1354/2642 1396/1396/2642 1395/1395/2642
f 1355/1355/2643 1356/1356/2643 1397/1397/2643
f 1355/1355/2644 1397/1397/2644 1396/1396/2644
f 1356/1356/2645 1357/1357/2645 1398/1398/2645
f 1356/1356/2646 1398/1398/2646 1397/1397/2646
f 1357/1357/2647 1358/1358/2647 1399/1399/2647
f 1357/1357/2648 1399/1399/2648 1398/1398/2648
f 1358/1358/2649 1359/1359/2649 1400/1400/2649
f 1358/1358/2650 1400/1400/2650 1399/1399/2650
f 1359/1359/2651 1360/1360/2651 1401/1401/2651
f 1359/1359/2652 1401/1401/2652 1400/1400/2652
f 1360/1360/2653 1361/1361/2653 1402/1402/2653
f 1360/1360/2654 1402/1402/2654 1401/1401/2654
f 1361/1361/2655 1362/1362/2655 1403/1403/2655
f 1361/1361/2656 1403/1403/2656 1402/1402/2656
f 1362/1362/2657 1363/1363/2657 1404/1404/2657
f 1362/1362/2658 1404/1404/2658 1403/1403/2658
f 1363/1363/2659 1364/1364/2659 1405/1405/2659
f 1363/1363/2660 1405/1405/2660 1404/1404/2660
f 1364/1364/2661 1365/1365/2661 1406/1406/2661
f 1364/1364/2662 1406/1406/2662 1405/1405/2662
f 1365/1365/2663 1366/1366/2663 1407/1407/2663
f 1365/1365/2664 1407/1407/2664 1406/1406/2664
f 1366/1366/2665 1367/1367/2665 1408/1408/2665
f 1366/1366/2666 1408/1408/2666 1407/1407/2666
f 1367/1367/2667 1368/1368/2667 1409/1409/2667
f 1367/1367/2668 1409/1409/2668 1408/1408/2668
f 1368/1368/2669 1369/1369/2669 1410/1410/2669
f 1368/1368/2670 1410/1410/2670 1409/1409/2670
f 1369/1369/2671 1370/1370/2671 1411/1411/2671
f 1369/1369/2672 1411/1411/2672 1410/1410/2672
f 1370/1370/2673 1371/1371/2673 1412/1412/2673
f 1370/1370/2674 1412/1412/2674 1411/1411/2674
f 1371/1371/2675 1372/1372/2675 1413/1413/2675
f 1371/1371/2676 1413/1413/2676 1412/1412/2676
f 1372/1372/2677 1373/1373/2677 1414/1414/2677
f 1372/1372/2678 1414/1414/2678 1413/1413/2678
f 1373/1373/2679 1374/1374/2679 1415/1415/2679
f 1373/1373/2680 1415/1415/2680 1414/1414/2680
f 1374/1374/2681 1375/1375/2681 1416/1416/2681
f 1374/1374/2682 1416/1416/2682 1415/1415/2682
f 1375/1375/2683 1376/1376/2683 1417/1417/2683
f 1375/1375/2684 1417/1417/2684 1416/1416/2684
f 1376/1376/2685 1377/1377/2685 1418/1418/2685
f 1376/1376/2686 1418/1418/2686 1417/1417/2686
f 1377/1377/2687 1378/1378/2687 1419/1419/2687
f 1377/1377/2688 1419/1419/2688 1418/1418/2688
f 1378/1378/2689 1379/1379/2689 1420/1420/2689
f 1378/1378/2690 1420/1420/2690 1419/1419/2690
f 1379/1379/2691 1380/1380/2691 1421/1421/2691
f 1379/1379/2692 1421/1421/2692 1420/1420/2692
f 1380/1380/2693 1381/1381/2693 1422/1422/2693
f 1380/1380/2694 1422/1422/2694 1421/1421/2694
f 1381/1381/2695 1382/1382/2695 1423/1423/2695
f 1381/1381/2696 1423/1423/2696 1422/1422/2696
f 1382/1382/2697 1383/1383/2697 1424/1424/2697
f 1382/1382/2698 1424/1424/2698 1423/1423/2698
f 1383/1383/2699 1384/1384/2699 1425/1425/2699
f 1383/1383/2700 1425/1425/2700 1424/1424/2700
f 1384/1384/2701 1385/1385/2701 1426/1426/2701
f 1384/1384/2702 1426/1426/2702 1425/1425/2702
f 1385/1385/2703 1386/1386/2703 1427/1427/2703
f 1385/1385/2704 1427/1427/2704 1426/1426/2704
f 1386/1386/2705 1387/1387/2705 1428/1428/2705
f 1386/1386/2706 1428/1428/2706 1427/1427/2706
f 1387/1387/2707 1388/1388/2707 1429/1429/2707
f 1387/1387/2708 1429/1429/2708 1428/1428/2708
f 1388/1388/2709 1389/1389/2709 1430/1430/2709
f 1388/1388/2710 1430/1430/2710 1429/1429/2710
f 1389/1389/2711 1390/1390/2711 1431/1431/2711
f 1389/1389/2712 1431/1431/2712 1430/1430/2712
f 1390/1390/2713 1391/1391/2713 1432/1432/2713
f 1390/1390/2714 1432/1432/2714 1431/1431/2714
f 1391/1391/2715 1392/1392/2715 1433/1433/2715
f 1391/1391/2716 1433/1433/2716 1432/1432/2716
f 1392/1392/2717 1393/1393/2717 1434/1434/2717
f 1392/1392/2718 1434/1434/2718 1433/1433/2718
f 1393/1393/2719 1394/1394/2719 1435/1435/2719
f 1393/1393/2720 1435/1435/2720 1434/1434/2720
f 1395/1395/2721 1396/1396/2721 1437/1437/2721
f 1395/1395/2722 1437/1437/2722 1436/1436/2722
f 1396/1396/2723 1397/1397/2723 1438/1438/2723
f 1396/1396/2724 1438/1438/2724 1437/1437/2724
f 1397/1397/2725 1398/1398/2725 1439/1439/2725
f 1397/1397/2726 1439/1439/2726 1438/1438/2726
f 1398/1398/2727 1399/1399/2727 1440/1440/2727
f 1398/1398/2728 1440/1440/2728 1439/1439/2728
f 1399/1399/2729 1400/1400/2729 1441/1441/2729
f 1399/1399/2730 1441/1441/2730 1440/1440/2730
f 1400/1400/2731 1401/1401/2731 1442/1442/2731
f 1400/1400/2732 1442/1442/2732 1441/1441/2732
f 1401/1401/2733 1402/1402/2733 1443/1443/2733
f 1401/1401/2734 1443/1443/2734 1442/1442/2734
f 1402/1402/2735 1403/1403/2735 1444/1444/2735
f 1402/1402/2736 1444/1444/2736 1443/1443/2736
f 1403/1403/2737 1404/1404/2737 1445/1445/2737
f 1403/1403/2738 1445/1445/2738 1444/1444/2738
f 1404/1404/2739 1405/1405/2739 1446/1446/2739
f 1404/1404/2740 1446/1446/2740 1445/1445/2740
f 1405/1405/2741 1406/1406/2741 1447/1447/2741
f 1405/1405/2742 1447/1447/2742 1446/1446/2742
f 1406/1406/2743 1407/1407/2743 1448/1448/2743
f 1406/1406/2744 1448/1448/2744 1447/1447/2744
f 1407/1407/2745 1408/1408/2745 1449/1449/2745
f 1407/1407/2746 1449/1449/2746 1448/1448/2746
f 1408/1408/2747 1409/1409/2747 1450/1450/2747
f 1408/1408/2748 1450/1450/2748 1449/1449/2748
f 1409/1409/2749 1410/1410/2749 1451/1451/2749
f 1409/1409/2750 1451/1451/2750 1450/1450/2750
f 1410/1410/2751 1411/1411/2751 1452/1452/2751
f 1410/1410/2752 1452/1452/2752 1451/1451/2752
f 1411/1411/2753 1412/1412/2753 1453/1453/2753
f 1411/1411/2754 1453/1453/2754 1452/1452/2754
f 1412/1412/2755 1413/1413/2755 1454/1454/2755
f 1412/1412/2756 1454/1454/2756 1453/1453/2756
f 1413/1413/2757 1414/1414/2757 1455/1455/2757
f 1413/1413/2758 1455/1455/2758 1454/1454/2758
f 1414/1414/2759 1415/1415/2759 1456/1456/2759
f 1414/1414/2760 1456/1456/2760 1455/1455/2760
f 1415/1415/2761 1416/1416/2761 1457/1457/2761
f 1415/1415/2762 1457/1457/2762 1456/1456/2762
f 1416/1416/2763 1417/1417/2763 1458/1458/2763
f 1416/1416/2764 1458/1458/2764 1457/1457/2764
f 1417/1417/2765 1418/1418/2765 1459/1459/2765
f 1417/1417/2766 1459/1459/2766 1458/1458/2766
f 1418/1418/2767 1419/1419/2767 1460/1460/2767
f 1418/1418/2768 1460/1460/2768 1459/1459/2768
f 1419/1419/2769 1420/1420/2769 1461/1461/2769
f 1419/1419/2770 1461/1461/2770 1460/1460/2770
f 1420/1420/2771 1421/1421/2771 1462/1462/2771
f 1420/1420/2772 1462/1462/2772 1461/1461/2772
f 1421/1421/2773 1422/1422/2773 1463/1463/2773
f 1421/1421/2774 1463/1463/2774 1462/1462/2774
f 1422/1422/2775 1423/1423/2775 1464/1464/2775
f 1422/1422/2776 1464/1464/2776 1463/1463/2776
f 1423/1423/2777 1424/1424/2777 1465/1465/2777
f 1423/1423/2778 1465/1465/2778 1464/1464/2778
f 1424/1424/2779 1425/1425/2779 1466/1466/2779
f 1424/1424/2780 1466/1466/2780 1465/1465/2780
f 1425/1425/2781 1426/1426/2781 1467/1467/2781
f 1425/1425/2782 1467/1467/2782 1466/1466/2782
f 1426/1426/2783 1427/1427/2783 1468/1468/2783
f 1426/1426/2784 1468/1468/2784 1467/1467/2784
f 1427/1427/2785 1428/1428/2785 1469/1469/2785
f 1427/1427/2786 1469/1469/2786 1468/1468/2786
f 1428/1428/2787 1429/1429/2787 1470/1470/2787
f 1428/1428/2788 1470/1470/2788 1469/1469/2788
f 1429/1429/2789 1430/1430/2789 1471/1471/2789
f 1429/1429/2790 1471/1471/2790 1470/1470/2790
f 1430/1430/2791 1431/1431/2791 1472/1472/2791
f 1430/1430/2792 1472/1472/2792 1471/1471/2792
f 1431/1431/2793 1432/1432/2793 1473/1473/2793
f 1431/1431/2794 1473/1473/2794 1472/1472/2794
f 1432/1432/2795 1433/1433/2795 1474/1474/2795
f 1432/1432/2796 1474/1474/2796 1473/1473/2796
f 1433/1433/2797 1434/1434/2797 1475/1475/2797
f 1433/1433/2798 1475/1475/2798 1474/1474/2798
f 1434/1434/2799 1435/1435/2799 1476/1476/2799
f 1434/1434/2800 1476/1476/2800 1475/1475/2800
f 1436/1436/2801 1437/1437/2801 1478/1478/2801
f 1436/1436/2802 1478/1478/2802 1477/1477/2802
f 1437/1437/2803 1438/1438/2803 1479/1479/2803
f 1437/1437/2804 1479/1479/2804 1478/1478/2804
f 1438/1438/2805 1439/1439/2805 1480/1480/2805
f 1438/1438/2806 1480/1480/2806 1479/1479/2806
f 1439/1439/2807 1440/1440/2807 1481/1481/2807
f 1439/1439/2808 1481/1481/2808 1480/1480/2808
f 1440/1440/2809 1441/1441/2809 1482/1482/2809
f 1440/1440/2810 1482/1482/2810 1481/1481/2810
f 1441/1441/2811 1442/1442/2811 1483/1483/2811
f 1441/1441/2812 1483/1483/2812 1482/1482/2812
f 1442/1442/2813 1443/1443/2813 1484/1484/2813
f 1442/1442/2814 1484/1484/2814 1483/1483/2814
f 1443/1443/2815 1444/1444/2815 1485/1485/2815
f 1443/1443/2816 1485/1485/2816 1484/1484/2816
f 1444/1444/2817 1445/1445/2817 1486/1486/2817
f 1444/1444/2818 1486/1486/2818 1485/1485/2818
f 1445/1445/2819 1446/1446/2819 1487/1487/2819
f 1445/1445/2820 1487/1487/2820 1486/1486/2820
f 1446/1446/2821 1447/1447/2821 1488/1488/2821
f 1446/1446/2822 1488/1488/2822 1487/1487/2822
f 1447/1447/2823 1448/1448/2823 1489/1489/2823
f 1447/1447/2824 1489/1489/2824 1488/1488/2824
f 1448/1448/2825 1449/1449/2825 1490/1490/2825
f 1448/1448/2826 1490/1490/2826 1489/1489/2826
f 1449/1449/2827 1450/1450/2827 1491/1491/2827
f 1449/1449/2828 1491/1491/2828 1490/1490/2828
f 1450/1450/2829 1451/1451/2829 1492/1492/2829
f 1450/1450/2830 1492/1492/2830 1491/1491/2830
f 1451/1451/2831 1452/1452/2831 1493/1493/2831
f 1451/1451/2832 1493/1493/2832 1492/1492/2832
f 1452/1452/2833 1453/1453/2833 1494/1494/2833
f 1452/1452/2834 1494/1494/2834 1493/1493/2834
f 1453/1453/2835 1454/1454/2835 1495/1495/2835
f 1453/1453/2836 1495/1495/2836 1494/1494/2836
f 1454/1454/2837 1455/1455/2837 1496/1496/2837
f 1454/1454/2838 1496/1496/2838 1495/1495/2838
f 1455/1455/2839 1456/1456/2839 1497/1497/2839
f 1455/1455/2840 1497/1497/2840 1496/1496/2840
f 1456/1456/2841 1457/1457/2841 1498/1498/2841
f 1456/1456/2842 1498/1498/2842 1497/1497/2842
f 1457/1457/2843 1458/1458/2843 1499/1499/2843
f 1457/1457/2844 1499/1499/2844 1498/1498/2844
f 1458/1458/2845 1459/1459/2845 1500/1500/2845
f 1458/1458/2846 1500/1500/2846 1499/1499/2846
f 1459/1459/2847 1460/1460/2847 1501/1501/2847
f 1459/1459/2848 1501/1501/2848 1500/1500/2848
f 1460/1460/2849 1461/1461/2849 1502/1502/2849
f 1460/1460/2850 1502/1502/2850 1501/1501/2850
f 1461/1461/2851 1462/1462/2851 1503/1503/2851
f 1461/1461/2852 1503/1503/2852 1502/1502/2852
f 1462/1462/2853 1463/1463/2853 1504/1504/2853
f 1462/1462/2854 1504/1504/2854 1503/1503/2854
f 1463/1463/2855 1464/1464/2855 1505/1505/2855
f 1463/1463/2856 1505/1505/2856 1504/1504/2856
f 1464/1464/2857 1465/1465/2857 1506/1506/2857
f 1464/1464/2858 1506/1506/2858 1505/1505/2858
f 1465/1465/2859 1466/1466/2859 1507/1507/2859
f 1465/1465/2860 1507/1507/2860 1506/1506/2860
f 1466/1466/2861 1467/1467/2861 1508/1508/2861
f 1466/1466/2862 1508/1508/2862 1507/1507/2862
f 1467/1467/2863 1468/1468/2863 1509/1509/2863
f 1467/1467/2864 1509/1509/2864 1508/1508/2864
f 1468/1468/2865 1469/1469/2865 1510/1510/2865
f 1468/1468/2866 1510/1510/2866 1509/1509/2866
f 1469/1469/2867 1470/1470/2867 1511/1511/2867
f 1469/1469/2868 1511/1511/2868 1510/1510/2868
f 1470/1470/2869 1471/1471/2869 1512/1512/2869
f 1470/1470/2870 1512/1512/2870 1511/1511/2870
f 1471/1471/2871 1472/1472/2871 1513/1513/2871
f 1471/1471/2872 1513/1513/2872 1512/1512/2872
f 1472/1472/2873 1473/1473/2873 1514/1514/2873
f 1472/1472/2874 1514/1514/2874 1513/1513/2874
f 1473/1473/2875 1474/1474/2875 1515/1515/2875
f 1473/1473/2876 1515/1515/2876 1514/1514/2876
f 1474/1474/2877 1475/1475/2877 1516/1516/2877
f 1474/1474/2878 1516/1516/2878 1515/1515/2878
f 1475/1475/2879 1476/1476/2879 1517/1517/2879
f 1475/1475/2880 1517/1517/2880 1516/1516/2880
f 1477/1477/2881 1478/1478/2881 1519/1519/2881
f 1477/1477/2882 1519/1519/2882 1518/1518/2882
f 1478/1478/2883 1479/1479/2883 1520/1520/2883
f 1478/1478/2884 1520/1520/2884 1519/1519/2884
f 1479/1479/2885 1480/1480/2885 1521/1521/2885
f 1479/1479/2886 1521/1521/2886 1520/1520/2886
f 1480/1480/2887 1481/1481/2887 1522/1522/2887
f 1480/1480/2888 1522/1522/2888 1521/1521/2888
f 1481/1481/2889 1482/1482/2889 1523/1523/2889
f 1481/1481/2890 1523/1523/2890 1522/1522/2890
f 1482/1482/2891 1483/1483/2891 1524/1524/2891
f 1482/1482/2892 1524/1524/2892 1523/1523/2892
f 1483/1483/2893 1484/1484/2893 1525/1525/2893
f 1483/1483/2894 1525/1525/2894 1524/1524/2894
f 1484/1484/2895 1485/1485/2895 1526/1526/2895
f 1484/1484/2896 1526/1526/2896 1525/1525/2896
f 1485/1485/2897 1486/1486/2897 1527/1527/2897
f 1485/1485/2898 1527/1527/2898 1526/1526/2898
f 1486/1486/2899 1487/1487/2899 1528/1528/2899
f 1486/1486/2900 1528/1528/2900 1527/1527/2900
f 1487/1487/2901 1488/1488/2901 1529/1529/2901
f 1487/1487/2902 1529/1529/2902 1528/1528/2902
f 1488/1488/2903 1489/1489/2903 1530/1530/2903
f 1488/1488/2904 1530/1530/2904 1529/1529/2904
f 1489/1489/2905 1490/1490/2905 1531/1531/2905
f 1489/1489/2906 1531/1531/2906 1530/1530/2906
f 1490/1490/2907 1491/1491/2907 1532/1532/2907
f 1490/1490/2908 1532/1532/2908 1531/1531/2908
f 1491/1491/2909 1492/1492/2909 1533/1533/2909
f 1491/1491/2910 1533/1533/2910 1532/1532/2910
f 1492/1492/2911 1493/1493/2911 1534/1534/2911
f 1492/1492/2912 1534/1534/2912 1533/1533/2912
f 1493/1493/2913 1494/1494/2913 1535/1535/2913
f 1493/1493/2914 1535/1535/2914 1534/1534/2914
f 1494/1494/2915 1495/1495/2915 1536/1536/2915
f 1494/1494/2916 1536/1536/2916 1535/1535/2916
f 1495/1495/2917 1496/1496/2917 1537/1537/2917
f 1495/1495/2918 1537/1537/2918 1536/1536/2918
f 1496/1496/2919 1497/1497/2919 1538/1538/2919
f 1496/1496/2920 1538/1538/2920 1537/1537/2920
f 1497/1497/2921 1498/1498/2921 1539/1539/2921
f 1497/1497/2922 1539/1539/2922 1538/1538/2922
f 1498/1498/2923 1499/1499/2923 1540/1540/2923
f 1498/1498/2924 1540/1540/2924 1539/1539/2924
f 1499/1499/2925 1500/1500/2925 1541/1541/2925
f 1499/1499/2926 1541/1541/2926 1540/1540/2926
f 1500/1500/2927 1501/1501/2927 1542/1542/2927
f 1500/1500/2928 1542/1542/2928 1541/1541/2928
f 1501/1501/2929 1502/1502/2929 1543/1543/2929
f 1501/1501/2930 1543/1543/2930 1542/1542/2930
f 1502/1502/2931 1503/1503/2931 1544/1544/2931
f 1502/1502/2932 1544/1544/2932 1543/1543/2932
f 1503/1503/2933 1504/1504/2933 1545/1545/2933
f 1503/1503/2934 1545/1545/2934 1544/1544/2934
f 1504/1504/2935 1505/1505/2935 1546/1546/2935
f 1504/1504/2936 1546/1546/2936 1545/1545/2936
f 1505/1505/2937 1506/1506/2937 1547/1547/2937
f 1505/1505/2938 1547/1547/2938 1546/1546/2938
f 1506/1506/2939 1507/1507/2939 1548/1548/2939
f 1506/1506/2940 1548/1548/2940 1547/1547/2940
f 1507/1507/2941 1508/1508/2941 1549/1549/2941
f 1507/1507/2942 1549/1549/2942 1548/1548/2942
f 1508/1508/2943 1509/1509/2943 1550/1550/2943
f 1508/1508/2944 1550/1550/2944 1549/1549/2944
f 1509/1509/2945 1510/1510/2945 1551/1551/2945
f 1509/1509/2946 1551/1551/2946 1550/1550/2946
f 1510/1510/2947 1511/1511/2947 1552/1552/2947
f 1510/1510/2948 1552/1552/2948 1551/1551/2948
f 1511/1511/2949 1512/1512/2949 1553/1553/2949
f 1511/1511/2950 1553/1553/2950 1552/1552/2950
f 1512/1512/2951 1513/1513/2951 1554/1554/2951
f 1512/1512/2952 1554/1554/2952 1553/1553/2952
f 1513/1513/2953 1514/1514/2953 1555/1555/2953
f 1513/1513/2954 1555/1555/2954 1554/1554/2954
f 1514/1514/2955 1515/1515/2955 1556/1556/2955
f 1514/1514/2956 1556/1556/2956 1555/1555/2956
f 1515/1515/2957 1516/1516/2957 1557/1557/2957
f 1515/1515/2958 1557/1557/2958 1556/1556/2958
f 1516/1516/2959 1517/1517/2959 1558/1558/2959
f 1516/1516/2960 1558/1558/2960 1557/1557/2960
f 1518/1518/2961 1519/1519/2961 1560/1560/2961
f 1518/1518/2962 1560/1560/2962 1559/1559/2962
f 1519/1519/2963 1520/1520/2963 1561/1561/2963
f 1519/1519/2964 1561/1561/2964 1560/1560/2964
f 1520/1520/2965 1521/1521/2965 1562/1562/2965
f 1520/1520/2966 1562/1562/2966 1561/1561/2966
f 1521/1521/2967 1522/1522/2967 1563/1563/2967
f 1521/1521/2968 1563/1563/2968 1562/1562/2968
f 1522/1522/2969 1523/1523/2969 1564/1564/2969
f 1522/1522/2970 1564/1564/2970 1563/1563/2970
f 1523/1523/2971 1524/1524/2971 1565/1565/2971
f 1523/1523/2972 1565/1565/2972 1564/1564/2972
f 1524/1524/2973 1525/1525/2973 1566/1566/2973
f 1524/1524/2974 1566/1566/2974 1565/1565/2974
f 1525/1525/2975 1526/1526/2975 1567/1567/2975
f 1525/1525/2976 1567/1567/2976 1566/1566/2976
f 1526/1526/2977 1527/1527/2977 1568/1568/2977
f 1526/1526/2978 1568/1568/2978 1567/1567/2978
f 1527/1527/2979 1528/1528/2979 1569/1569/2979
f 1527/1527/2980 1569/1569/2980 1568/1568/2980
f 1528/1528/2981 1529/1529/2981 1570/1570/2981
f 1528/1528/2982 1570/1570/2982 1569/1569/2982
f 1529/1529/2983 1530/1530/2983 1571/1571/2983
f 1529/1529/2984 1571/1571/2984 1570/1570/2984
f 1530/1530/2985 1531/1531/2985 1572/1572/2985
f 1530/1530/2986 1572/1572/2986 1571/1571/2986
f 1531/1531/2987 1532/1532/2987 1573/1573/2987
f 1531/1531/2988 1573/1573/2988 1572/1572/2988
f 1532/1532/2989 1533/1533/2989 1574/1574/2989
f 1532/1532/2990 1574/1574/2990 1573/1573/2990
f 1533/1533/2991 1534/1534/2991 1575/1575/2991
f 1533/1533/2992 1575/1575/2992 1574/1574/2992
f 1534/1534/2993 1535/1535/2993 1576/1576/2993
f 1534/1534/2994 1576/1576/2994 1575/1575/2994
f 1535/1535/2995 1536/1536/2995 1577/1577/2995
f 1535/1535/2996 1577/1577/2996 1576/1576/2996
f 1536/1536/2997 1537/1537/2997 1578/1578/2997
f 1536/1536/2998 1578/1578/2998 1577/1577/2998
f 1537/1537/2999 1538/1538/2999 1579/1579/2999
f 1537/1537/3000 1579/1579/3000 1578/1578/3000
f 1538/1538/3001 1539/1539/3001 1580/1580/3001
f 1538/1538/3002 1580/1580/3002 1579/1579/3002
f 1539/1539/3003 1540/1540/3003 1581/1581/3003
f 1539/1539/3004 1581/1581/3004 1580/1580/3004
f 1540/1540/3005 1541/1541/3005 1582/1582/3005
f 1540/1540/3006 1582/1582/3006 1581/1581/3006
f 1541/1541/3007 1542/1542/3007 1583/1583/3007
f 1541/1541/3008 1583/1583/3008 1582/1582/3008
f 1542/1542/3009 1543/1543/3009 1584/1584/3009
f 1542/1542/3010 1584/1584/3010 1583/1583/3010
f 1543/1543/3011 1544/1544/3011 1585/1585/3011
f 1543/1543/3012 1585/1585/3012 1584/1584/3012
f 1544/1544/3013 1545/1545/3013 1586/1586/3013
f 1544/1544/3014 1586/1586/3014 1585/1585/3014
f 1545/1545/3015 1546/1546/3015 1587/1587/3015
f 1545/1545/3016 1587/1587/3016 1586/1586/3016
f 1546/1546/3017 1547/1547/3017 1588/1588/3017
f 1546/1546/3018 1588/1588/3018 1587/1587/3018
f 1547/1547/3019 1548/1548/3019 1589/1589/3019
f 1547/1547/3020 1589/1589/3020 1588/1588/3020
f 1548/1548/3021 1549/1549/3021 1590/1590/3021
f 1548/1548/3022 1590/1590/3022 1589/1589/3022
f 1549/1549/3023 1550/1550/3023 1591/1591/3023
f 1549/1549/3024 1591/1591/3024 1590/1590/3024
f 1550/1550/3025 1551/1551/3025 1592/1592/3025
f 1550/1550/3026 1592/1592/3026 1591/1591/3026
f 1551/1551/3027 1552/1552/3027 1593/1593/3027
f 1551/1551/3028 1593/1593/3028 1592/1592/3028
f 1552/1552/3029 1553/1553/3029 1594/1594/3029
f 1552/1552/3030 1594/1594/3030 1593/1593/3030
f 1553/1553/3031 1554/1554/3031 1595/1595/3031
f 1553/1553/3032 1595/1595/3032 1594/1594/3032
f 1554/1554/3033 1555/1555/3033 1596/1596/3033
f 1554/1554/3034 1596/1596/3034 1595/1595/3034
f 1555/1555/3035 1556/1556/3035 1597/1597/3035
f 1555/1555/3036 1597/1597/3036 1596/1596/3036
f 1556/1556/3037 1557/1557/3037 1598/1598/3037
f 1556/1556/3038 1598/1598/3038 1597/1597/3038
f 1557/1557/3039 1558/1558/3039 1599/1599/3039
f 1557/1557/3040 1599/1599/3040 1598/1598/3040
f 1559/1559/3041 1560/1560/3041 1601/1601/3041
f 1559/1559/3042 1601/1601/3042 1600/1600/3042
f 1560/1560/3043 1561/1561/3043 1602/1602/3043
f 1560/1560/3044 1602/1602/3044 1601/1601/3044
f 1561/1561/3045 1562/1562/3045 1603/1603/3045
f 1561/1561/3046 1603/1603/3046 1602/1602/3046
f 1562/1562/3047 1563/1563/3047 1604/1604/3047
f 1562/1562/3048 1604/1604/3048 1603/1603/3048
f 1563/1563/3049 1564/1564/3049 1605/1605/3049
f 1563/1563/3050 1605/1605/3050 1604/1604/3050
f 1564/1564/3051 1565/1565/3051 1606/1606/3051
f 1564/1564/3052 1606/1606/3052 1605/1605/3052
f 1565/1565/3053 1566/1566/3053 1607/1607/3053
f 1565/1565/3054 1607/1607/3054 1606/1606/3054
f 1566/1566/3055 1567/1567/3055 1608/1608/3055
f 1566/1566/3056 1608/1608/3056 1607/1607/3056
f 1567/1567/3057 1568/1568/3057 1609/1609/3057
f 1567/1567/3058 1609/1609/3058 1608/1608/3058
f 1568/1568/3059 1569/1569/3059 1610/1610/3059
f 1568/1568/3060 1610/1610/3060 1609/1609/3060
f 1569/1569/3061 1570/1570/3061 1611/1611/3061
f 1569/1569/3062 1611/1611/3062 1610/1610/3062
f 1570/1570/3063 1571/1571/3063 1612/1612/3063
f 1570/1570/3064 1612/1612/3064 1611/1611/3064
f 1571/1571/3065 1572/1572/3065 1613/1613/3065
f 1571/1571/3066 1613/1613/3066 1612/1612/3066
f 1572/1572/3067 1573/1573/3067 1614/1614/3067
f 1572/1572/3068 1614/1614/3068 1613/1613/3068
f 1573/1573/3069 1574/1574/3069 1615/1615/3069
f 1573/1573/3070 1615/1615/3070 1614/1614/3070
f 1574/1574/3071 1575/1575/3071 1616/1616/3071
f 1574/1574/3072 1616/1616/3072 1615/1615/3072
f 1575/1575/3073 1576/1576/3073 1617/1617/3073
f 1575/1575/3074 1617/1617/3074 1616/1616/3074
f 1576/1576/3075 1577/1577/3075 1618/1618/3075
f 1576/1576/3076 1618/1618/3076 1617/1617/3076
f 1577/1577/3077 1578/1578/3077 1619/1619/3077
f 1577/1577/3078 1619/1619/3078 1618/1618/3078
f 1578/1578/3079 1579/1579/3079 1620/1620/3079
f 1578/1578/3080 1620/1620/3080 1619/1619/3080
f 1579/1579/3081 1580/1580/3081 1621/1621/3081
f 1579/1579/3082 1621/1621/3082 1620/1620/3082
f 1580/1580/3083 1581/1581/3083 1622/1622/3083
f 1580/1580/3084 1622/1622/3084 1621/1621/3084
f 1581/1581/3085 1582/1582/3085 1623/1623/3085
f 1581/1581/3086 1623/1623/3086 1622/1622/3086
f 1582/1582/3087 1583/1583/3087 1624/1624/3087
f 1582/1582/3088 1624/1624/3088 1623/1623/3088
f 1583/1583/3089 1584/1584/3089 1625/1625/3089
f 1583/1583/3090 1625/1625/3090 1624/1624/3090
f 1584/1584/3091 1585/1585/3091 1626/1626/3091
f 1584/1584/3092 1626/1626/3092 1625/1625/3092
f 1585/1585/3093 1586/1586/3093 1627/1627/3093
f 1585/1585/3094 1627/1627/3094 1626/1626/3094
f 1586/1586/3095 1587/1587/3095 1628/1628/3095
f 1586/1586/3096 1628/1628/3096 1627/1627/3096
f 1587/1587/3097 1588/1588/3097 1629/1629/3097
f 1587/1587/3098 1629/1629/3098 1628/1628/3098
f 1588/1588/3099 1589/1589/3099 1630/1630/3099
f 1588/1588/3100 1630/1630/3100 1629/1629/3100
f 1589/1589/3101 1590/1590/3101 1631/1631/3101
f 1589/1589/3102 1631/1631/3102 1630/1630/3102
f 1590/1590/3103 1591/1591/3103 1632/1632/3103
f 1590/1590/3104 1632/1632/3104 1631/1631/3104
f 1591/1591/3105 1592/1592/3105 1633/1633/3105
f 1591/1591/3106 1633/1633/3106 1632/1632/3106
f 1592/1592/3107 1593/1593/3107 1634/1634/3107
f 1592/1592/3108 1634/1634/3108 1633/1633/3108
f 1593/1593/3109 1594/1594/3109 1635/1635/3109
f 1593/1593/3110 1635/1635/3110 1634/1634/3110
f 1594/1594/3111 1595/1595/3111 1636/1636/3111
f 1594/1594/3112 1636/1636/3112 1635/1635/3112
f 1595/1595/3113 1596/1596/3113 1637/1637/3113
f 1595/1595/3114 1637/1637/3114 1636/1636/3114
f 1596/1596/3115 1597/1597/3115 1638/1638/3115
f 1596/1596/3116 1638/1638/3116 1637/1637/3116
f 1597/1597/3117 1598/1598/3117 1639/1639/3117
f 1597/1597/3118 1639/1639/3118 1638/1638/3118
f 1598/1598/3119 1599/1599/3119 1640/1640/3119
f 1598/1598/3120 1640/1640/3120 1639/1639/3120
f 1600/1600/3121 1601/1601/3121 1642/1642/3121
f 1600/1600/3122 1642/1642/3122 1641/1641/3122
f 1601/1601/3123 1602/1602/3123 1643/1643/3123
f 1601/1601/3124 1643/1643/3124 1642/1642/3124
f 1602/1602/3125 1603/1603/3125 1644/1644/3125
f 1602/1602/3126 1644/1644/3126 1643/1643/3126
f 1603/1603/3127 1604/1604/3127 1645/1645/3127
f 1603/1603/3128 1645/1645/3128 1644/1644/3128
f 1604/1604/3129 1605/1605/3129 1646/1646/3129
f 1604/1604/3130 1646/1646/3130 1645/1645/3130
f 1605/1605/3131 1606/1606/3131 1647/1647/3131
f 1605/1605/3132 1647/1647/3132 1646/1646/3132
f 1606/1606/3133 1607/1607/3133 1648/1648/3133
f 1606/1606/3134 1648/1648/3134 1647/1647/3134
f 1607/1607/3135 1608/1608/3135 1649/1649/3135
f 1607/1607/3136 1649/1649/3136 1648/1648/3136
f 1608/1608/3137 1609/1609/3137 1650/1650/3137
f 1608/1608/3138 1650/1650/3138 1649/1649/3138
f 1609/1609/3139 1610/1610/3139 1651/1651/3139
f 1609/1609/3140 1651/1651/3140 1650/1650/3140
f 1610/1610/3141 1611/1611/3141 1652/1652/3141
f 1610/1610/3142 1652/1652/3142 1651/1651/3142
f 1611/1611/3143 1612/1612/3143 1653/1653/3143
f 1611/1611/3144 1653/1653/3144 1652/1652/3144
f 1612/1612/3145 1613/1613/3145 1654/1654/3145
f 1612/1612/3146 1654/1654/3146 1653/1653/3146
f 1613/1613/3147 1614/1614/3147 1655/1655/3147
f 1613/1613/3148 1655/1655/3148 1654/1654/3148
f 1614/1614/3149 1615/1615/3149 1656/1656/3149
f 1614/1614/3150 1656/1656/3150 1655/1655/3150
f 1615/1615/3151 1616/1616/3151 1657/1657/3151
f 1615/1615/3152 1657/1657/3152 1656/1656/3152
f 1616/1616/3153 1617/1617/3153 1658/1658/3153
f 1616/1616/3154 1658/1658/3154 1657/1657/3154
f 1617/1617/3155 1618/1618/3155 1659/1659/3155
f 1617/1617/3156 1659/1659/3156 1658/1658/3156
f 1618/1618/3157 1619/1619/3157 1660/1660/3157
f 1618/1618/3158 1660/1660/3158 1659/1659/3158
f 1619/1619/3159 1620/1620/3159 1661/1661/3159
f 1619/1619/3160 1661/1661/3160 1660/1660/3160
f 1620/1620/3161 1621/1621/3161 1662/1662/3161
f 1620/1620/3162 1662/1662/3162 1661/1661/3162
f 1621/1621/3163 1622/1622/3163 1663/1663/3163
f 1621/1621/3164 1663/1663/3164 1662/1662/3164
f 1622/1622/3165 1623/1623/3165 1664/1664/3165
f 1622/1622/3166 1664/1664/3166 1663/1663/3166
f 1623/1623/3167 1624/1624/3167 1665/1665/3167
f 1623/1623/3168 1665/1665/3168 1664/1664/3168
f 1624/1624/3169 1625/1625/3169 1666/1666/3169
f 1624/1624/3170 1666/1666/3170 1665/1665/3170
f 1625/1625/3171 1626/1626/3171 1667/1667/3171
f 1625/1625/3172 1667/1667/3172 1666/1666/3172
f 1626/1626/3173 1627/1627/3173 1668/1668/3173
f 1626/1626/3174 1668/1668/3174 1667/1667/3174
f 1627/1627/3175 1628/1628/3175 1669/1669/3175
f 1627/1627/3176 1669/1669/3176 1668/1668/3176
f 1628/1628/3177 1629/1629/3177 1670/1670/3177
f 1628/1628/3178 1670/1670/3178 1669/1669/3178
f 1629/1629/3179 1630/1630/3179 1671/1671/3179
f 1629/1629/3180 1671/1671/3180 1670/1670/3180
f 1630/1630/3181 1631/1631/3181 1672/1672/3181
f 1630/1630/3182 1672/1672/3182 1671/1671/3182
f 1631/1631/3183 1632/1632/3183 1673/1673/3183
f 1631/1631/3184 1673/1673/3184 1672/1672/3184
f 1632/1632/3185 1633/1633/3185 1674/1674/3185
f 1632/1632/3186 1674/1674/3186 1673/1673/3186
f 1633/1633/3187 1634/1634/3187 1675/1675/3187
f 1633/1633/3188 1675/1675/3188 1674/1674/3188
f 1634/1634/3189 1635/1635/3189 1676/1676/3189
f 1634/1634/3190 1676/1676/3190 1675/1675/3190
f 1635/1635/3191 1636/1636/3191 1677/1677/3191
f 1635/1635/3192 1677/1677/3192 1676/1676/3192
f 1636/1636/3193 1637/1637/3193 1678/1678/3193
f 1636/1636/3194 1678/1678/3194 1677/1677/3194
f 1637/1637/3195 1638/1638/3195 1679/1679/3195
f 1637/1637/3196 1679/1679/3196 1678/1678/3196
f 1638/1638/3197 1639/1639/3197 1680/1680/3197
f 1638/1638/3198 1680/1680/3198 1679/1679/3198
f 1639/1639/3199 1640/1640/3199 1681/1681/3199
f 1639/1639/3200 1681/1681/3200 1680/1680/3200
