<?xml version="1.0" encoding="utf-8"?>
<COLLADA xmlns="http://www.collada.org/2005/11/COLLADASchema" version="1.4.1" xmlns:xsi="http://www.w3.org/2001/XMLSchema-instance">
  <asset>
    <contributor>
      <author>Blender User</author>
      <authoring_tool>Blender 4.2.0 commit date:2024-07-16, commit time:07:50, hash:bf738fd35afe</authoring_tool>
    </contributor>
    <created>2026-09-26T21:45:48</created>
    <modified>2026-09-26T21:45:48</modified>
    <unit name="meter" meter="1"/>
    <up_axis>Z_UP</up_axis>
  </asset>
  <library_effects>
    <effect id="orange-effect">
      <profile_COMMON>
        <technique sid="common">
          <lambert>
            <emission>
              <color sid="emission">0 0 0 1</color>
            </emission>
            <diffuse>
              <color sid="diffuse">1 0.23 0.01 1</color>
            </diffuse>
            <index_of_refraction>
              <float sid="ior">1.5</float>
            </index_of_refraction>
          </lambert>
        </technique>
      </profile_COMMON>
    </effect>
    <effect id="rubber-effect">
      <profile_COMMON>
        <technique sid="common">
          <lambert>
            <emission>
              <color sid="emission">0 0 0 1</color>
            </emission>
            <diffuse>
              <color sid="diffuse">0.012 0.012 0.012 1</color>
            </diffuse>
            <index_of_refraction>
              <float sid="ior">1.5</float>
            </index_of_refraction>
          </lambert>
        </technique>
      </profile_COMMON>
    </effect>
    <effect id="gunmetal-effect">
      <profile_COMMON>
        <technique sid="common">
          <lambert>
            <emission>
              <color sid="emission">0 0 0 1</color>
            </emission>
            <diffuse>
              <color sid="diffuse">0.045 0.047 0.05 1</color>
            </diffuse>
            <reflectivity>
              <float sid="specular">0.7</float>
            </reflectivity>
            <index_of_refraction>
              <float sid="ior">1.5</float>
            </index_of_refraction>
          </lambert>
        </technique>
      </profile_COMMON>
    </effect>
    <effect id="label-effect">
      <profile_COMMON>
        <technique sid="common">
          <lambert>
            <emission>
              <color sid="emission">0 0 0 1</color>
            </emission>
            <diffuse>
              <color sid="diffuse">0.8 0.8 0.78 1</color>
            </diffuse>
            <index_of_refraction>
              <float sid="ior">1.5</float>
            </index_of_refraction>
          </lambert>
        </technique>
      </profile_COMMON>
    </effect>
  </library_effects>
  <library_images/>
  <library_materials>
    <material id="orange-material" name="orange">
      <instance_effect url="#orange-effect"/>
    </material>
    <material id="rubber-material" name="rubber">
      <instance_effect url="#rubber-effect"/>
    </material>
    <material id="gunmetal-material" name="gunmetal">
      <instance_effect url="#gunmetal-effect"/>
    </material>
    <material id="label-material" name="label">
      <instance_effect url="#label-effect"/>
    </material>
  </library_materials>
  <library_geometries>
    <geometry id="payload_box-mesh" name="payload_box">
      <mesh>
        <source id="payload_box-mesh-positions">
          <float_array id="payload_box-mesh-positions-array" count="2736">-0.336 -0.2459999 0 -0.336 -0.27 0.01999998 -0.36 -0.2459999 0.01999998 -0.336 -0.2579842 0.002671897 -0.3479843 -0.2459999 0.002671897 -0.347477 -0.2574771 0.005267322 -0.3479843 -0.2667937 0.01999998 -0.336 -0.2667937 0.0100131 -0.347477 -0.2636792 0.01043576 -0.3567937 -0.2459999 0.0100131 -0.3567937 -0.2579842 0.01999998 -0.3536792 -0.2574771 0.01043576 -0.336 -0.27 0.25 -0.336 -0.2459999 0.27 -0.36 -0.2459999 0.25 -0.336 -0.2667937 0.2599869 -0.3479843 -0.2667937 0.25 -0.347477 -0.2636792 0.2595642 -0.3479843 -0.2459999 0.267328 -0.336 -0.2579842 0.267328 -0.347477 -0.2574771 0.2647326 -0.3567937 -0.2579842 0.25 -0.3567937 -0.2459999 0.2599869 -0.3536792 -0.2574771 0.2595642 -0.336 0.2459999 0 -0.36 0.2459999 0.01999998 -0.336 0.27 0.01999998 -0.3479843 0.2459999 0.002671897 -0.336 0.2579842 0.002671897 -0.347477 0.2574771 0.005267322 -0.3567937 0.2579842 0.01999998 -0.3567937 0.2459999 0.0100131 -0.3536792 0.2574771 0.01043576 -0.336 0.2667937 0.0100131 -0.3479843 0.2667937 0.01999998 -0.347477 0.2636792 0.01043576 -0.336 0.2459999 0.27 -0.336 0.27 0.25 -0.36 0.2459999 0.25 -0.336 0.2579842 0.267328 -0.3479843 0.2459999 0.267328 -0.347477 0.2574771 0.2647326 -0.3479843 0.2667937 0.25 -0.336 0.2667937 0.2599869 -0.347477 0.2636792 0.2595642 -0.3567937 0.2459999 0.2599869 -0.3567937 0.2579842 0.25 -0.3536792 0.2574771 0.2595642 0.336 -0.2459999 0 0.36 -0.2459999 0.01999998 0.336 -0.27 0.01999998 0.3479843 -0.2459999 0.002671897 0.336 -0.2579842 0.002671897 0.3474771 -0.2574771 0.005267322 0.3567937 -0.2579842 0.01999998 0.3567937 -0.2459999 0.0100131 0.3536792 -0.2574771 0.01043576 0.336 -0.2667937 0.0100131 0.3479843 -0.2667937 0.01999998 0.3474771 -0.2636792 0.01043576 0.336 -0.2459999 0.27 0.336 -0.27 0.25 0.36 -0.2459999 0.25 0.336 -0.2579842 0.267328 0.3479843 -0.2459999 0.267328 0.3474771 -0.2574771 0.2647326 0.3479843 -0.2667937 0.25 0.336 -0.2667937 0.2599869 0.3474771 -0.2636792 0.2595642 0.3567937 -0.2459999 0.2599869 0.3567937 -0.2579842 0.25 0.3536792 -0.2574771 0.2595642 0.336 0.2459999 0 0.336 0.27 0.01999998 0.36 0.2459999 0.01999998 0.336 0.2579842 0.002671897 0.3479843 0.2459999 0.002671897 0.3474771 0.2574771 0.005267322 0.3479843 0.2667937 0.01999998 0.336 0.2667937 0.0100131 0.3474771 0.2636792 0.01043576 0.3567937 0.2459999 0.0100131 0.3567937 0.2579842 0.01999998 0.3536792 0.2574771 0.01043576 0.336 0.2459999 0.27 0.36 0.2459999 0.25 0.336 0.27 0.25 0.3479843 0.2459999 0.267328 0.336 0.2579842 0.267328 0.3474771 0.2574771 0.2647326 0.3567937 0.2579842 0.25 0.3567937 0.2459999 0.2599869 0.3536792 0.2574771 0.2595642 0.336 0.2667937 0.2599869 0.3479843 0.2667937 0.25 0.3474771 0.2636792 0.2595642 -0.3618 -0.2718 0.27 -0.3618 -0.2718 0.28 -0.3618 0.2718 0.27 -0.3618 0.2718 0.28 0.3618 -0.2718 0.27 0.3618 -0.2718 0.28 0.3618 0.2718 0.27 0.3618 0.2718 0.28 -0.3444 -0.2544 0.28 -0.3444 -0.2736 0.2959999 -0.3636 -0.2544 0.2959999 -0.3444 -0.2639874 0.2821375 -0.3539874 -0.2544 0.2821375 -0.3535816 -0.2635817 0.2842138 -0.3539874 -0.271035 0.2959999 -0.3444 -0.271035 0.2880105 -0.3535816 -0.2685434 0.2883486 -0.3610349 -0.2544 0.2880105 -0.3610349 -0.2639874 0.2959999 -0.3585433 -0.2635817 0.2883486 -0.3444 -0.2736 0.334 -0.3444 -0.2544 0.3499999 -0.3636 -0.2544 0.334 -0.3444 -0.271035 0.3419894 -0.3539874 -0.271035 0.334 -0.3535816 -0.2685434 0.3416513 -0.3539874 -0.2544 0.3478624 -0.3444 -0.2639874 0.3478624 -0.3535816 -0.2635817 0.3457861 -0.3610349 -0.2639874 0.334 -0.3610349 -0.2544 0.3419894 -0.3585433 -0.2635817 0.3416513 -0.3444 0.2544 0.28 -0.3636 0.2544 0.2959999 -0.3444 0.2736 0.2959999 -0.3539874 0.2544 0.2821375 -0.3444 0.2639874 0.2821375 -0.3535816 0.2635817 0.2842138 -0.3610349 0.2639874 0.2959999 -0.3610349 0.2544 0.2880105 -0.3585433 0.2635817 0.2883486 -0.3444 0.271035 0.2880105 -0.3539874 0.271035 0.2959999 -0.3535816 0.2685434 0.2883486 -0.3444 0.2544 0.3499999 -0.3444 0.2736 0.334 -0.3636 0.2544 0.334 -0.3444 0.2639874 0.3478624 -0.3539874 0.2544 0.3478624 -0.3535816 0.2635817 0.3457861 -0.3539874 0.271035 0.334 -0.3444 0.271035 0.3419894 -0.3535816 0.2685434 0.3416513 -0.3610349 0.2544 0.3419894 -0.3610349 0.2639874 0.334 -0.3585433 0.2635817 0.3416513 0.3444 -0.2544 0.28 0.3636 -0.2544 0.2959999 0.3444 -0.2736 0.2959999 0.3539874 -0.2544 0.2821375 0.3444 -0.2639874 0.2821375 0.3535817 -0.2635817 0.2842138 0.361035 -0.2639874 0.2959999 0.361035 -0.2544 0.2880105 0.3585434 -0.2635817 0.2883486 0.3444 -0.271035 0.2880105 0.3539874 -0.271035 0.2959999 0.3535817 -0.2685434 0.2883486 0.3444 -0.2544 0.3499999 0.3444 -0.2736 0.334 0.3636 -0.2544 0.334 0.3444 -0.2639874 0.3478624 0.3539874 -0.2544 0.3478624 0.3535817 -0.2635817 0.3457861 0.3539874 -0.271035 0.334 0.3444 -0.271035 0.3419894 0.3535817 -0.2685434 0.3416513 0.361035 -0.2544 0.3419894 0.361035 -0.2639874 0.334 0.3585434 -0.2635817 0.3416513 0.3444 0.2544 0.28 0.3444 0.2736 0.2959999 0.3636 0.2544 0.2959999 0.3444 0.2639874 0.2821375 0.3539874 0.2544 0.2821375 0.3535817 0.2635817 0.2842138 0.3539874 0.271035 0.2959999 0.3444 0.271035 0.2880105 0.3535817 0.2685434 0.2883486 0.361035 0.2544 0.2880105 0.361035 0.2639874 0.2959999 0.3585434 0.2635817 0.2883486 0.3444 0.2544 0.3499999 0.3636 0.2544 0.334 0.3444 0.2736 0.334 0.3539874 0.2544 0.3478624 0.3444 0.2639874 0.3478624 0.3535817 0.2635817 0.3457861 0.361035 0.2639874 0.334 0.361035 0.2544 0.3419894 0.3585434 0.2635817 0.3416513 0.3444 0.271035 0.3419894 0.3539874 0.271035 0.334 0.3535817 0.2685434 0.3416513 -0.2964 -0.1403999 0.3480001 -0.2964 -0.1439999 0.3510001 -0.3 -0.1403999 0.3510001 -0.2963999 -0.1421976 0.3484008 -0.2981976 -0.1403999 0.3484008 -0.2981215 -0.1421215 0.3487902 -0.2981976 -0.143519 0.3510001 -0.2963999 -0.143519 0.349502 -0.2981215 -0.1430519 0.3495654 -0.299519 -0.1403999 0.349502 -0.299519 -0.1421976 0.3510001 -0.2990518 -0.1421215 0.3495654 -0.2964 -0.1439999 0.355 -0.2964 -0.1403999 0.358 -0.3 -0.1403999 0.355 -0.2963999 -0.143519 0.3564981 -0.2981976 -0.143519 0.355 -0.2981215 -0.1430519 0.3564347 -0.2981976 -0.1403999 0.3575993 -0.2963999 -0.1421976 0.3575993 -0.2981215 -0.1421215 0.3572099 -0.299519 -0.1421976 0.355 -0.299519 -0.1403999 0.3564981 -0.2990518 -0.1421215 0.3564347 -0.2964 -0.1236 0.3480001 -0.3 -0.1236 0.3510001 -0.2964 -0.12 0.3510001 -0.2981976 -0.1236 0.3484008 -0.2963999 -0.1218023 0.3484008 -0.2981215 -0.1218784 0.3487902 -0.299519 -0.1218023 0.3510001 -0.299519 -0.1236 0.349502 -0.2990518 -0.1218784 0.3495654 -0.2963999 -0.1204809 0.349502 -0.2981976 -0.1204809 0.3510001 -0.2981215 -0.1209481 0.3495654 -0.2964 -0.1236 0.358 -0.2964 -0.12 0.355 -0.3 -0.1236 0.355 -0.2963999 -0.1218023 0.3575993 -0.2981976 -0.1236 0.3575993 -0.2981215 -0.1218784 0.3572099 -0.2981976 -0.1204809 0.355 -0.2963999 -0.1204809 0.3564981 -0.2981215 -0.1209481 0.3564347 -0.299519 -0.1236 0.3564981 -0.299519 -0.1218023 0.355 -0.2990518 -0.1218784 0.3564347 0.2964 -0.1403999 0.3480001 0.3 -0.1403999 0.3510001 0.2964 -0.1439999 0.3510001 0.2981976 -0.1403999 0.3484008 0.2964 -0.1421976 0.3484008 0.2981216 -0.1421216 0.3487902 0.2995191 -0.1421976 0.3510001 0.2995191 -0.1403999 0.349502 0.2990519 -0.1421216 0.3495654 0.2964 -0.143519 0.349502 0.2981976 -0.143519 0.3510001 0.2981216 -0.1430519 0.3495654 0.2964 -0.1403999 0.358 0.2964 -0.1439999 0.355 0.3 -0.1403999 0.355 0.2964 -0.1421976 0.3575993 0.2981976 -0.1403999 0.3575993 0.2981216 -0.1421215 0.3572099 0.2981976 -0.143519 0.355 0.2964 -0.143519 0.3564981 0.2981216 -0.1430519 0.3564347 0.2995191 -0.1403999 0.3564981 0.2995191 -0.1421976 0.355 0.2990519 -0.1421215 0.3564347 0.2964 -0.1236 0.3480001 0.2964 -0.12 0.3510001 0.3 -0.1236 0.3510001 0.2964 -0.1218023 0.3484008 0.2981976 -0.1236 0.3484008 0.2981216 -0.1218784 0.3487902 0.2981976 -0.1204809 0.3510001 0.2964 -0.1204809 0.349502 0.2981216 -0.1209481 0.3495654 0.2995191 -0.1236 0.349502 0.2995191 -0.1218023 0.3510001 0.2990519 -0.1218784 0.3495654 0.2964 -0.1236 0.358 0.3 -0.1236 0.355 0.2964 -0.12 0.355 0.2981976 -0.1236 0.3575993 0.2964 -0.1218023 0.3575993 0.2981216 -0.1218784 0.3572099 0.2995191 -0.1218023 0.355 0.2995191 -0.1236 0.3564981 0.2990519 -0.1218784 0.3564347 0.2964 -0.1204809 0.3564981 0.2981976 -0.1204809 0.355 0.2981216 -0.1209481 0.3564347 -0.2964 0.1236 0.3480001 -0.2964 0.12 0.3510001 -0.3 0.1236 0.3510001 -0.2963999 0.1218023 0.3484008 -0.2981976 0.1236 0.3484008 -0.2981215 0.1218784 0.3487902 -0.2981976 0.1204809 0.3510001 -0.2963999 0.1204809 0.349502 -0.2981215 0.1209481 0.3495654 -0.299519 0.1236 0.349502 -0.299519 0.1218023 0.3510001 -0.2990518 0.1218784 0.3495654 -0.2964 0.12 0.355 -0.2964 0.1236 0.358 -0.3 0.1236 0.355 -0.2963999 0.1204809 0.3564981 -0.2981976 0.1204809 0.355 -0.2981215 0.1209481 0.3564347 -0.2981976 0.1236 0.3575993 -0.2963999 0.1218023 0.3575993 -0.2981215 0.1218784 0.3572099 -0.299519 0.1218023 0.355 -0.299519 0.1236 0.3564981 -0.2990518 0.1218784 0.3564347 -0.2964 0.1403999 0.3480001 -0.3 0.1403999 0.3510001 -0.2964 0.1439999 0.3510001 -0.2981976 0.1403999 0.3484008 -0.2963999 0.1421976 0.3484008 -0.2981215 0.1421216 0.3487902 -0.299519 0.1421976 0.3510001 -0.299519 0.1403999 0.349502 -0.2990518 0.1421216 0.3495654 -0.2963999 0.143519 0.349502 -0.2981976 0.143519 0.3510001 -0.2981215 0.1430519 0.3495654 -0.2964 0.1403999 0.358 -0.2964 0.1439999 0.355 -0.3 0.1403999 0.355 -0.2963999 0.1421976 0.3575993 -0.2981976 0.1403999 0.3575993 -0.2981215 0.1421215 0.3572099 -0.2981976 0.143519 0.355 -0.2963999 0.143519 0.3564981 -0.2981215 0.1430519 0.3564347 -0.299519 0.1403999 0.3564981 -0.299519 0.1421976 0.355 -0.2990518 0.1421215 0.3564347 0.2964 0.1236 0.3480001 0.3 0.1236 0.3510001 0.2964 0.12 0.3510001 0.2981976 0.1236 0.3484008 0.2964 0.1218023 0.3484008 0.2981216 0.1218784 0.3487902 0.2995191 0.1218023 0.3510001 0.2995191 0.1236 0.349502 0.2990519 0.1218784 0.3495654 0.2964 0.1204809 0.349502 0.2981976 0.1204809 0.3510001 0.2981216 0.1209481 0.3495654 0.2964 0.1236 0.358 0.2964 0.12 0.355 0.3 0.1236 0.355 0.2964 0.1218023 0.3575993 0.2981976 0.1236 0.3575993 0.2981216 0.1218784 0.3572099 0.2981976 0.1204809 0.355 0.2964 0.1204809 0.3564981 0.2981216 0.1209481 0.3564347 0.2995191 0.1236 0.3564981 0.2995191 0.1218023 0.355 0.2990519 0.1218784 0.3564347 0.2964 0.1403999 0.3480001 0.2964 0.1439999 0.3510001 0.3 0.1403999 0.3510001 0.2964 0.1421976 0.3484008 0.2981976 0.1403999 0.3484008 0.2981216 0.1421215 0.3487902 0.2981976 0.143519 0.3510001 0.2964 0.143519 0.349502 0.2981216 0.1430519 0.3495654 0.2995191 0.1403999 0.349502 0.2995191 0.1421976 0.3510001 0.2990519 0.1421215 0.3495654 0.2964 0.1403999 0.358 0.3 0.1403999 0.355 0.2964 0.1439999 0.355 0.2981976 0.1403999 0.3575993 0.2964 0.1421976 0.3575993 0.2981216 0.1421216 0.3572099 0.2995191 0.1421976 0.355 0.2995191 0.1403999 0.3564981 0.2990519 0.1421216 0.3564347 0.2964 0.143519 0.3564981 0.2981976 0.143519 0.355 0.2981216 0.1430519 0.3564347 -0.132 0 0.35 -0.1355147 0.008485257 0.35 -0.1439999 0.01199996 0.35 -0.1524853 0.008485257 0.35 -0.156 0 0.35 -0.1524853 -0.008485257 0.35 -0.1439999 -0.01199996 0.35 -0.1355147 -0.008485257 0.35 -0.1330342 0 0.3759387 -0.136246 0.008485257 0.3771281 -0.1439999 0.01199996 0.38 -0.1517539 0.008485257 0.3828719 -0.1549657 0 0.3840613 -0.1517539 -0.008485257 0.3828719 -0.1439999 -0.01199996 0.38 -0.136246 -0.008485257 0.3771281 -0.1191836 0 0.3850231 -0.1194227 0.008485257 0.3879453 -0.1199999 0.01199996 0.395 -0.1205771 0.008485257 0.4020547 -0.1208162 0 0.4049769 -0.1205771 -0.008485257 0.4020547 -0.1199999 -0.01199996 0.395 -0.1194227 -0.008485257 0.3879453 0.1191837 0 0.3850231 0.1194227 0.008485257 0.3879453 0.12 0.01199996 0.395 0.1205772 0.008485257 0.4020547 0.1208162 0 0.4049769 0.1205772 -0.008485257 0.4020547 0.12 -0.01199996 0.395 0.1194227 -0.008485257 0.3879453 0.1330342 0 0.3759387 0.136246 0.008485257 0.3771281 0.1439999 0.01199996 0.38 0.1517539 0.008485257 0.3828719 0.1549657 0 0.3840613 0.1517539 -0.008485257 0.3828719 0.1439999 -0.01199996 0.38 0.136246 -0.008485257 0.3771281 0.132 0 0.35 0.1355147 0.008485257 0.35 0.1439999 0.01199996 0.35 0.1524853 0.008485257 0.35 0.156 0 0.35 0.1524853 -0.008485257 0.35 0.1439999 -0.01199996 0.35 0.1355147 -0.008485257 0.35 -0.372 -0.108 0.288 -0.372 -0.2039999 0.288 -0.3642 -0.108 0.2862583 -0.3642 -0.2039999 0.2862583 -0.3584901 -0.108 0.2815 -0.3584901 -0.2039999 0.2815 -0.3564 -0.108 0.275 -0.3564 -0.2039999 0.275 -0.3584901 -0.108 0.2685 -0.3584901 -0.2039999 0.2685 -0.3642 -0.108 0.2637416 -0.3642 -0.2039999 0.2637416 -0.372 -0.108 0.262 -0.372 -0.2039999 0.262 -0.3798 -0.108 0.2637416 -0.3798 -0.2039999 0.2637416 -0.38551 -0.108 0.2685 -0.38551 -0.2039999 0.2685 -0.3876 -0.108 0.275 -0.3876 -0.2039999 0.275 -0.38551 -0.108 0.2815 -0.38551 -0.2039999 0.2815 -0.3798 -0.108 0.2862583 -0.3798 -0.2039999 0.2862583 -0.372 0.2039999 0.288 -0.372 0.108 0.288 -0.3642 0.2039999 0.2862583 -0.3642 0.108 0.2862583 -0.3584901 0.2039999 0.2815 -0.3584901 0.108 0.2815 -0.3564 0.2039999 0.275 -0.3564 0.108 0.275 -0.3584901 0.2039999 0.2685 -0.3584901 0.108 0.2685 -0.3642 0.2039999 0.2637416 -0.3642 0.108 0.2637416 -0.372 0.2039999 0.262 -0.372 0.108 0.262 -0.3798 0.2039999 0.2637416 -0.3798 0.108 0.2637416 -0.38551 0.2039999 0.2685 -0.38551 0.108 0.2685 -0.3876 0.2039999 0.275 -0.3876 0.108 0.275 -0.38551 0.2039999 0.2815 -0.38551 0.108 0.2815 -0.3798 0.2039999 0.2862583 -0.3798 0.108 0.2862583 0.3636 -0.1884 0.2399999 0.3636 -0.192 0.2429999 0.36 -0.1884 0.2429999 0.3636 -0.1901976 0.2404007 0.3618023 -0.1884 0.2404007 0.3618785 -0.1901215 0.24079 0.3618023 -0.191519 0.2429999 0.3636 -0.191519 0.2415019 0.3618785 -0.1910519 0.2415653 0.360481 -0.1884 0.2415019 0.360481 -0.1901976 0.2429999 0.3609482 -0.1901215 0.2415653 0.3636 -0.192 0.3069999 0.3636 -0.1884 0.31 0.36 -0.1884 0.3069999 0.3636 -0.191519 0.308498 0.3618023 -0.191519 0.3069999 0.3618785 -0.1910519 0.3084346 0.3618023 -0.1884 0.3095992 0.3636 -0.1901976 0.3095992 0.3618785 -0.1901215 0.3092098 0.360481 -0.1901976 0.3069999 0.360481 -0.1884 0.308498 0.3609482 -0.1901215 0.3084346 0.3636 -0.1236 0.2399999 0.36 -0.1236 0.2429999 0.3636 -0.12 0.2429999 0.3618023 -0.1236 0.2404007 0.3636 -0.1218023 0.2404007 0.3618785 -0.1218784 0.24079 0.360481 -0.1218023 0.2429999 0.360481 -0.1236 0.2415019 0.3609482 -0.1218784 0.2415653 0.3636 -0.1204809 0.2415019 0.3618023 -0.1204809 0.2429999 0.3618785 -0.1209481 0.2415653 0.3636 -0.1236 0.31 0.3636 -0.12 0.3069999 0.36 -0.1236 0.3069999 0.3636 -0.1218023 0.3095992 0.3618023 -0.1236 0.3095992 0.3618785 -0.1218784 0.3092098 0.3618023 -0.1204809 0.3069999 0.3636 -0.1204809 0.308498 0.3618785 -0.1209481 0.3084346 0.360481 -0.1236 0.308498 0.360481 -0.1218023 0.3069999 0.3609482 -0.1218784 0.3084346 0.3804 -0.1884 0.2399999 0.384 -0.1884 0.2429999 0.3804 -0.192 0.2429999 0.3821976 -0.1884 0.2404007 0.3804 -0.1901976 0.2404007 0.3821216 -0.1901215 0.24079 0.3835191 -0.1901976 0.2429999 0.3835191 -0.1884 0.2415019 0.3830519 -0.1901215 0.2415653 0.3804 -0.191519 0.2415019 0.3821976 -0.191519 0.2429999 0.3821216 -0.1910519 0.2415653 0.3804 -0.1884 0.31 0.3804 -0.192 0.3069999 0.384 -0.1884 0.3069999 0.3804 -0.1901976 0.3095992 0.3821976 -0.1884 0.3095992 0.3821216 -0.1901215 0.3092098 0.3821976 -0.191519 0.3069999 0.3804 -0.191519 0.308498 0.3821216 -0.1910519 0.3084346 0.3835191 -0.1884 0.308498 0.3835191 -0.1901976 0.3069999 0.3830519 -0.1901215 0.3084346 0.3804 -0.1236 0.2399999 0.3804 -0.12 0.2429999 0.384 -0.1236 0.2429999 0.3804 -0.1218023 0.2404007 0.3821976 -0.1236 0.2404007 0.3821216 -0.1218784 0.24079 0.3821976 -0.1204809 0.2429999 0.3804 -0.1204809 0.2415019 0.3821216 -0.1209481 0.2415653 0.3835191 -0.1236 0.2415019 0.3835191 -0.1218023 0.2429999 0.3830519 -0.1218784 0.2415653 0.3804 -0.1236 0.31 0.384 -0.1236 0.3069999 0.3804 -0.12 0.3069999 0.3821976 -0.1236 0.3095992 0.3804 -0.1218023 0.3095992 0.3821216 -0.1218784 0.3092098 0.3835191 -0.1218023 0.3069999 0.3835191 -0.1236 0.308498 0.3830519 -0.1218784 0.3084346 0.3804 -0.1204809 0.308498 0.3821976 -0.1204809 0.3069999 0.3821216 -0.1209481 0.3084346 0.3636 0.1236 0.2399999 0.3636 0.12 0.2429999 0.36 0.1236 0.2429999 0.3636 0.1218023 0.2404007 0.3618023 0.1236 0.2404007 0.3618785 0.1218784 0.24079 0.3618023 0.1204809 0.2429999 0.3636 0.1204809 0.2415019 0.3618785 0.1209481 0.2415653 0.360481 0.1236 0.2415019 0.360481 0.1218023 0.2429999 0.3609482 0.1218784 0.2415653 0.3636 0.12 0.3069999 0.3636 0.1236 0.31 0.36 0.1236 0.3069999 0.3636 0.1204809 0.308498 0.3618023 0.1204809 0.3069999 0.3618785 0.1209481 0.3084346 0.3618023 0.1236 0.3095992 0.3636 0.1218023 0.3095992 0.3618785 0.1218784 0.3092098 0.360481 0.1218023 0.3069999 0.360481 0.1236 0.308498 0.3609482 0.1218784 0.3084346 0.3636 0.1884 0.2399999 0.36 0.1884 0.2429999 0.3636 0.192 0.2429999 0.3618023 0.1884 0.2404007 0.3636 0.1901976 0.2404007 0.3618785 0.1901215 0.24079 0.360481 0.1901976 0.2429999 0.360481 0.1884 0.2415019 0.3609482 0.1901215 0.2415653 0.3636 0.191519 0.2415019 0.3618023 0.191519 0.2429999 0.3618785 0.1910519 0.2415653 0.3636 0.1884 0.31 0.3636 0.192 0.3069999 0.36 0.1884 0.3069999 0.3636 0.1901976 0.3095992 0.3618023 0.1884 0.3095992 0.3618785 0.1901215 0.3092098 0.3618023 0.191519 0.3069999 0.3636 0.191519 0.308498 0.3618785 0.1910519 0.3084346 0.360481 0.1884 0.308498 0.360481 0.1901976 0.3069999 0.3609482 0.1901215 0.3084346 0.3804 0.1236 0.2399999 0.384 0.1236 0.2429999 0.3804 0.12 0.2429999 0.3821976 0.1236 0.2404007 0.3804 0.1218023 0.2404007 0.3821216 0.1218784 0.24079 0.3835191 0.1218023 0.2429999 0.3835191 0.1236 0.2415019 0.3830519 0.1218784 0.2415653 0.3804 0.1204809 0.2415019 0.3821976 0.1204809 0.2429999 0.3821216 0.1209481 0.2415653 0.3804 0.1236 0.31 0.3804 0.12 0.3069999 0.384 0.1236 0.3069999 0.3804 0.1218023 0.3095992 0.3821976 0.1236 0.3095992 0.3821216 0.1218784 0.3092098 0.3821976 0.1204809 0.3069999 0.3804 0.1204809 0.308498 0.3821216 0.1209481 0.3084346 0.3835191 0.1236 0.308498 0.3835191 0.1218023 0.3069999 0.3830519 0.1218784 0.3084346 0.3804 0.1884 0.2399999 0.3804 0.192 0.2429999 0.384 0.1884 0.2429999 0.3804 0.1901976 0.2404007 0.3821976 0.1884 0.2404007 0.3821216 0.1901215 0.24079 0.3821976 0.191519 0.2429999 0.3804 0.191519 0.2415019 0.3821216 0.1910519 0.2415653 0.3835191 0.1884 0.2415019 0.3835191 0.1901976 0.2429999 0.3830519 0.1901215 0.2415653 0.3804 0.1884 0.31 0.384 0.1884 0.3069999 0.3804 0.192 0.3069999 0.3821976 0.1884 0.3095992 0.3804 0.1901976 0.3095992 0.3821216 0.1901215 0.3092098 0.3835191 0.1901976 0.3069999 0.3835191 0.1884 0.308498 0.3830519 0.1901215 0.3084346 0.3804 0.191519 0.308498 0.3821976 0.191519 0.3069999 0.3821216 0.1910519 0.3084346 0.2076 0.2736 0.2399999 0.2076 0.27 0.2429999 0.2039999 0.2736 0.2429999 0.2076 0.2718024 0.2404007 0.2058023 0.2736 0.2404007 0.2058784 0.2718784 0.24079 0.2058023 0.2704809 0.2429999 0.2076 0.2704809 0.2415019 0.2058784 0.2709481 0.2415653 0.204481 0.2736 0.2415019 0.204481 0.2718024 0.2429999 0.2049481 0.2718784 0.2415653 0.2076 0.27 0.3069999 0.2076 0.2736 0.31 0.2039999 0.2736 0.3069999 0.2076 0.2704809 0.308498 0.2058023 0.2704809 0.3069999 0.2058784 0.2709481 0.3084346 0.2058023 0.2736 0.3095992 0.2076 0.2718024 0.3095992 0.2058784 0.2718784 0.3092098 0.204481 0.2718024 0.3069999 0.204481 0.2736 0.308498 0.2049481 0.2718784 0.3084346 0.2076 0.2904 0.2399999 0.2039999 0.2904 0.2429999 0.2076 0.294 0.2429999 0.2058023 0.2904 0.2404007 0.2076 0.2921977 0.2404007 0.2058784 0.2921215 0.24079 0.204481 0.2921977 0.2429999 0.204481 0.2904 0.2415019 0.2049481 0.2921215 0.2415653 0.2076 0.293519 0.2415019 0.2058023 0.293519 0.2429999 0.2058784 0.2930518 0.2415653 0.2076 0.2904 0.31 0.2076 0.294 0.3069999 0.2039999 0.2904 0.3069999 0.2076 0.2921977 0.3095992 0.2058023 0.2904 0.3095992 0.2058784 0.2921215 0.3092098 0.2058023 0.293519 0.3069999 0.2076 0.293519 0.308498 0.2058784 0.2930518 0.3084346 0.204481 0.2904 0.308498 0.204481 0.2921977 0.3069999 0.2049481 0.2921215 0.3084346 0.2724 0.2736 0.2399999 0.276 0.2736 0.2429999 0.2724 0.27 0.2429999 0.2741976 0.2736 0.2404007 0.2724 0.2718024 0.2404007 0.2741216 0.2718784 0.24079 0.2755191 0.2718024 0.2429999 0.2755191 0.2736 0.2415019 0.2750519 0.2718784 0.2415653 0.2724 0.2704809 0.2415019 0.2741976 0.2704809 0.2429999 0.2741216 0.2709481 0.2415653 0.2724 0.2736 0.31 0.2724 0.27 0.3069999 0.276 0.2736 0.3069999 0.2724 0.2718024 0.3095992 0.2741976 0.2736 0.3095992 0.2741216 0.2718784 0.3092098 0.2741976 0.2704809 0.3069999 0.2724 0.2704809 0.308498 0.2741216 0.2709481 0.3084346 0.2755191 0.2736 0.308498 0.2755191 0.2718024 0.3069999 0.2750519 0.2718784 0.3084346 0.2724 0.2904 0.2399999 0.2724 0.294 0.2429999 0.276 0.2904 0.2429999 0.2724 0.2921977 0.2404007 0.2741976 0.2904 0.2404007 0.2741216 0.2921215 0.24079 0.2741976 0.293519 0.2429999 0.2724 0.293519 0.2415019 0.2741216 0.2930518 0.2415653 0.2755191 0.2904 0.2415019 0.2755191 0.2921977 0.2429999 0.2750519 0.2921215 0.2415653 0.2724 0.2904 0.31 0.276 0.2904 0.3069999 0.2724 0.294 0.3069999 0.2741976 0.2904 0.3095992 0.2724 0.2921977 0.3095992 0.2741216 0.2921215 0.3092098 0.2755191 0.2921977 0.3069999 0.2755191 0.2904 0.308498 0.2750519 0.2921215 0.3084346 0.2724 0.293519 0.308498 0.2741976 0.293519 0.3069999 0.2741216 0.2930518 0.3084346 -0.1319999 0.27 0.09999996 -0.1319999 0.27 0.18 -0.1319999 0.2748 0.09999996 -0.1319999 0.2748 0.18 0.01200002 0.27 0.09999996 0.01200002 0.27 0.18 0.01200002 0.2748 0.09999996 0.01200002 0.2748 0.18 0.2076 -0.2904 0.2399999 0.2076 -0.294 0.2429999 0.2039999 -0.2904 0.2429999 0.2076 -0.2921977 0.2404007 0.2058023 -0.2904 0.2404007 0.2058784 -0.2921215 0.24079 0.2058023 -0.293519 0.2429999 0.2076 -0.293519 0.2415019 0.2058784 -0.2930518 0.2415653 0.204481 -0.2904 0.2415019 0.204481 -0.2921977 0.2429999 0.2049481 -0.2921215 0.2415653 0.2076 -0.294 0.3069999 0.2076 -0.2904 0.31 0.2039999 -0.2904 0.3069999 0.2076 -0.293519 0.308498 0.2058023 -0.293519 0.3069999 0.2058784 -0.2930518 0.3084346 0.2058023 -0.2904 0.3095992 0.2076 -0.2921977 0.3095992 0.2058784 -0.2921215 0.3092098 0.204481 -0.2921977 0.3069999 0.204481 -0.2904 0.308498 0.2049481 -0.2921215 0.3084346 0.2076 -0.2736 0.2399999 0.2039999 -0.2736 0.2429999 0.2076 -0.27 0.2429999 0.2058023 -0.2736 0.2404007 0.2076 -0.2718024 0.2404007 0.2058784 -0.2718784 0.24079 0.204481 -0.2718024 0.2429999 0.204481 -0.2736 0.2415019 0.2049481 -0.2718784 0.2415653 0.2076 -0.2704809 0.2415019 0.2058023 -0.2704809 0.2429999 0.2058784 -0.2709481 0.2415653 0.2076 -0.2736 0.31 0.2076 -0.27 0.3069999 0.2039999 -0.2736 0.3069999 0.2076 -0.2718024 0.3095992 0.2058023 -0.2736 0.3095992 0.2058784 -0.2718784 0.3092098 0.2058023 -0.2704809 0.3069999 0.2076 -0.2704809 0.308498 0.2058784 -0.2709481 0.3084346 0.204481 -0.2736 0.308498 0.204481 -0.2718024 0.3069999 0.2049481 -0.2718784 0.3084346 0.2724 -0.2904 0.2399999 0.276 -0.2904 0.2429999 0.2724 -0.294 0.2429999 0.2741976 -0.2904 0.2404007 0.2724 -0.2921977 0.2404007 0.2741216 -0.2921215 0.24079 0.2755191 -0.2921977 0.2429999 0.2755191 -0.2904 0.2415019 0.2750519 -0.2921215 0.2415653 0.2724 -0.293519 0.2415019 0.2741976 -0.293519 0.2429999 0.2741216 -0.2930518 0.2415653 0.2724 -0.2904 0.31 0.2724 -0.294 0.3069999 0.276 -0.2904 0.3069999 0.2724 -0.2921977 0.3095992 0.2741976 -0.2904 0.3095992 0.2741216 -0.2921215 0.3092098 0.2741976 -0.293519 0.3069999 0.2724 -0.293519 0.308498 0.2741216 -0.2930518 0.3084346 0.2755191 -0.2904 0.308498 0.2755191 -0.2921977 0.3069999 0.2750519 -0.2921215 0.3084346 0.2724 -0.2736 0.2399999 0.2724 -0.27 0.2429999 0.276 -0.2736 0.2429999 0.2724 -0.2718024 0.2404007 0.2741976 -0.2736 0.2404007 0.2741216 -0.2718784 0.24079 0.2741976 -0.2704809 0.2429999 0.2724 -0.2704809 0.2415019 0.2741216 -0.2709481 0.2415653 0.2755191 -0.2736 0.2415019 0.2755191 -0.2718024 0.2429999 0.2750519 -0.2718784 0.2415653 0.2724 -0.2736 0.31 0.276 -0.2736 0.3069999 0.2724 -0.27 0.3069999 0.2741976 -0.2736 0.3095992 0.2724 -0.2718024 0.3095992 0.2741216 -0.2718784 0.3092098 0.2755191 -0.2718024 0.3069999 0.2755191 -0.2736 0.308498 0.2750519 -0.2718784 0.3084346 0.2724 -0.2704809 0.308498 0.2741976 -0.2704809 0.3069999 0.2741216 -0.2709481 0.3084346 -0.1319999 -0.2748 0.09999996 -0.1319999 -0.2748 0.18 -0.1319999 -0.27 0.09999996 -0.1319999 -0.27 0.18 0.01200002 -0.2748 0.09999996 0.01200002 -0.2748 0.18 0.01200002 -0.27 0.09999996 0.01200002 -0.27 0.18 0.288 0.2039999 0.3479999 0.288 0.2039999 0.364 0.3 0.2007846 0.3479999 0.3 0.2007846 0.364 0.3087846 0.192 0.3479999 0.3087846 0.192 0.364 0.312 0.18 0.3479999 0.312 0.18 0.364 0.3087846 0.168 0.3479999 0.3087846 0.168 0.364 0.3 0.1592153 0.3479999 0.3 0.1592153 0.364 0.288 0.156 0.3479999 0.288 0.156 0.364 0.276 0.1592153 0.3479999 0.276 0.1592153 0.364 0.2672154 0.168 0.3479999 0.2672154 0.168 0.364 0.264 0.18 0.3479999 0.264 0.18 0.364 0.2672154 0.192 0.3479999 0.2672154 0.192 0.364 0.276 0.2007846 0.3479999 0.276 0.2007846 0.364</float_array>
          <technique_common>
            <accessor source="#payload_box-mesh-positions-array" count="912" stride="3">
              <param name="X" type="float"/>
              <param name="Y" type="float"/>
              <param name="Z" type="float"/>
            </accessor>
          </technique_common>
        </source>
        <source id="payload_box-mesh-normals">
          <float_array id="payload_box-mesh-normals-array" count="2970">0.1273282 -0.9802004 0.1516407 -0.1273275 -0.9802004 -0.1516414 0.1273269 -0.9802008 -0.1516388 0.9802004 0.127327 0.1516416 0.9802004 -0.1273269 -0.1516414 0.9802007 0.1273277 -0.1516389 -0.1080371 0.1080363 0.9882592 0.1080374 -0.1080361 0.9882592 0.1080376 0.1080371 0.988259 -0.9802005 -0.1273261 0.1516417 -0.9802005 0.1273261 -0.1516416 -0.9802007 -0.1273269 -0.1516389 -0.1273276 0.9802004 0.1516414 0.1273281 0.9802004 -0.1516407 -0.1273267 0.9802008 -0.1516394 -0.1060415 -0.4365153 -0.8934258 -0.4365153 -0.106042 -0.8934258 -0.1080341 -0.108034 -0.9882597 -0.4342501 -0.7447557 -0.5067207 -0.4046163 -0.4046205 -0.8201024 -0.4892533 -0.8601239 -0.1442852 -0.1164104 -0.8276421 -0.5490512 -0.7447527 -0.4342575 -0.5067188 -0.8276418 -0.1164106 -0.5490516 -0.8601232 -0.4892549 -0.1442837 -0.1164101 -0.8276405 0.5490537 -0.4892554 -0.8601226 0.1442856 -0.1273267 -0.9802008 0.1516394 -0.1060422 -0.4365146 0.8934261 -0.4342489 -0.7447547 0.5067232 -0.4365137 -0.1060425 0.8934265 -0.1080373 -0.1080372 0.988259 -0.7447515 -0.4342572 0.5067209 -0.4046143 -0.4046179 0.8201047 -0.8601253 -0.4892513 0.1442837 -0.8276396 -0.1164106 0.5490551 -0.4365139 0.106042 -0.8934264 -0.1060414 0.4365149 -0.893426 -0.1080343 0.108035 -0.9882596 -0.7447528 0.4342572 -0.5067188 -0.4046162 0.4046204 -0.8201025 -0.8601251 0.4892515 -0.1442838 -0.8276408 0.1164104 -0.5490531 -0.4892554 0.8601226 -0.1442855 -0.1164105 0.8276414 -0.5490524 -0.4342501 0.7447553 -0.5067213 -0.1060422 0.436515 0.8934258 -0.436516 0.1060425 0.8934254 -0.4342489 0.744755 0.5067226 -0.4046143 0.404618 0.8201047 -0.4892533 0.8601239 0.1442852 -0.1164101 0.8276413 0.5490525 -0.7447513 0.4342575 0.5067209 -0.827641 0.1164108 0.5490527 -0.8601234 0.4892547 0.1442837 -0.9802007 0.127327 0.1516391 0.4365141 -0.106041 -0.8934264 0.1060412 -0.4365147 -0.8934261 0.1080346 -0.1080349 -0.9882596 0.744755 -0.4342559 -0.5067167 0.4046196 -0.4046178 -0.8201022 0.860125 -0.4892519 -0.1442838 0.8276407 -0.116411 -0.5490531 0.4892553 -0.8601229 -0.1442841 0.1164103 -0.827642 -0.5490514 0.4342526 -0.7447562 -0.5067178 0.1060419 -0.436515 0.893426 0.4365163 -0.1060417 0.8934254 0.4342543 -0.7447546 0.5067186 0.4046177 -0.4046153 0.8201044 0.4892511 -0.8601256 0.1442826 0.11641 -0.8276417 0.5490518 0.8601216 -0.4892576 0.1442848 0.827641 -0.1164114 0.5490527 0.9802007 -0.1273279 0.1516391 0.7447534 -0.4342532 0.5067214 0.1060412 0.4365151 -0.8934259 0.4365155 0.106041 -0.8934257 0.1080344 0.1080338 -0.9882597 0.4342548 0.7447559 -0.5067164 0.4046196 0.4046178 -0.8201022 0.4892512 0.8601254 -0.1442826 0.1164103 0.8276426 -0.5490505 0.8601215 0.4892575 -0.1442848 0.8276417 0.1164112 -0.5490517 0.7447547 0.4342533 -0.5067193 0.436514 0.1060416 0.8934264 0.1060419 0.4365144 0.8934261 0.7447537 0.4342558 0.5067188 0.4046177 0.4046152 0.8201044 0.8601251 0.4892516 0.1442837 0.8276395 0.1164112 0.549055 0.4892553 0.8601229 0.1442841 0.11641 0.8276411 0.5490528 0.127327 0.9802008 0.1516388 0.4342516 0.7447552 0.5067201 -1 0 0 0 1 0 1 0 0 0 -1 0 0 0 -1 0 0 1 0.1273258 -0.9802006 0.1516406 -0.1273259 -0.9802006 -0.1516406 0.1273251 -0.9802002 -0.1516437 0.980201 0.1273242 0.1516402 0.9802012 -0.1273241 -0.1516389 0.9802007 0.1273244 -0.1516414 -0.1080363 0.1080344 0.9882594 0.1080363 -0.1080344 0.9882594 0.1080346 0.1080362 0.9882595 -0.9802008 -0.1273254 0.1516402 -0.980201 0.1273252 -0.1516389 -0.9802008 -0.1273236 -0.1516414 -0.1273258 0.9802006 0.1516406 0.127326 0.9802006 -0.1516406 -0.1273254 0.9802003 -0.1516437 -0.1060405 -0.4365159 -0.8934257 -0.436515 -0.10604 -0.8934261 -0.1080343 -0.1080344 -0.9882597 -0.4342483 -0.7447564 -0.5067212 -0.4046138 -0.4046181 -0.8201048 -0.489257 -0.8601213 -0.1442885 -0.1164097 -0.8276417 -0.549052 -0.7447544 -0.4342538 -0.5067194 -0.8276427 -0.1164088 -0.5490506 -0.8601265 -0.4892482 -0.1442865 -0.11641 -0.8276416 0.5490522 -0.4892519 -0.8601242 0.1442881 -0.1273254 -0.9802003 0.1516437 -0.1060399 -0.4365165 0.8934254 -0.4342477 -0.7447572 0.5067206 -0.436515 -0.1060401 0.8934261 -0.1080346 -0.1080362 0.9882595 -0.7447543 -0.4342535 0.5067199 -0.4046135 -0.404618 0.820105 -0.8601235 -0.4892536 0.1442865 -0.8276419 -0.1164088 0.549052 -0.4365158 0.10604 -0.8934257 -0.1060402 0.4365166 -0.8934254 -0.1080368 0.1080362 -0.9882593 -0.7447548 0.4342532 -0.5067194 -0.4046132 0.404618 -0.8201051 -0.8601233 0.4892539 -0.1442865 -0.8276424 0.1164087 -0.5490512 -0.4892519 0.8601241 -0.1442881 -0.1164097 0.8276416 -0.5490522 -0.4342483 0.7447569 -0.5067205 -0.1060402 0.4365159 0.8934257 -0.4365167 0.10604 0.8934252 -0.4342476 0.7447568 0.5067212 -0.4046138 0.4046181 0.8201048 -0.489257 0.8601213 0.1442885 -0.1164101 0.8276417 0.549052 -0.7447543 0.4342539 0.5067197 -0.8276421 0.116409 0.5490515 -0.8601267 0.4892479 0.1442864 -0.9802008 0.1273239 0.1516417 0.4365152 -0.1060405 -0.893426 0.1060399 -0.4365161 -0.8934257 0.1080368 -0.1080362 -0.9882593 0.7447556 -0.434254 -0.5067176 0.4046145 -0.4046174 -0.8201049 0.8601243 -0.4892525 -0.1442858 0.827642 -0.1164099 -0.5490514 0.4892517 -0.8601245 -0.1442872 0.1164094 -0.8276413 -0.5490528 0.4342489 -0.7447574 -0.5067191 0.1060399 -0.4365152 0.893426 0.436516 -0.1060405 0.8934256 0.4342482 -0.7447574 0.5067198 0.4046148 -0.4046173 0.8201048 0.4892557 -0.8601222 0.1442876 0.1164097 -0.8276413 0.5490525 0.7447549 -0.4342547 0.5067178 0.8276418 -0.1164104 0.5490518 0.8601259 -0.4892495 0.1442857 0.9802006 -0.1273247 0.1516418 0.1060401 0.4365152 -0.893426 0.4365142 0.1060404 -0.8934265 0.1080343 0.1080344 -0.9882597 0.4342489 0.7447571 -0.5067198 0.4046148 0.4046173 -0.8201048 0.4892557 0.8601222 -0.1442875 0.1164094 0.8276414 -0.5490526 0.7447552 0.4342547 -0.5067176 0.8276424 0.1164101 -0.5490509 0.8601257 0.4892499 -0.1442858 0.4365143 0.1060407 0.8934264 0.1060397 0.436516 0.8934257 0.744755 0.4342543 0.5067181 0.4046148 0.4046173 0.8201047 0.8601244 0.4892521 0.1442857 0.8276415 0.1164101 0.5490523 0.4892516 0.8601245 0.1442872 0.1164097 0.8276411 0.5490528 0.1273251 0.9802002 0.1516437 0.4342483 0.7447578 0.5067192 0.1273291 -0.9802008 0.1516363 -0.1273352 -0.9801992 -0.1516421 0.127325 -0.9802012 -0.1516383 0.9802011 0.1273266 0.1516371 0.9802018 -0.1273223 -0.1516361 0.9802023 0.1273215 -0.1516337 -0.1080373 0.1080374 0.9882591 0.108039 -0.1080325 0.9882594 0.108033 0.1080339 0.9882599 -0.9802018 -0.1273223 0.151636 -0.9802011 0.1273267 -0.1516373 -0.9802014 -0.1273257 -0.1516358 -0.1273359 0.9802004 0.1516343 0.1273285 0.9802017 -0.1516317 -0.1273348 0.9802001 -0.1516362 -0.1060441 -0.4365082 -0.8934289 -0.4365094 -0.1060449 -0.8934283 -0.1080455 -0.1080369 -0.9882582 -0.4342536 -0.7447547 -0.5067192 -0.4046185 -0.4046092 -0.8201069 -0.4892528 -0.8601252 -0.1442789 -0.1164053 -0.8276368 -0.5490602 -0.8601183 -0.4892636 -0.1442837 -0.8276368 -0.116414 -0.5490586 -0.7447447 -0.4342558 -0.506732 -0.1164067 -0.8276388 0.549057 -0.4892482 -0.8601281 0.1442774 -0.1273358 -0.9801988 0.1516446 -0.1060394 -0.4365108 0.8934282 -0.4342555 -0.7447562 0.5067153 -0.4365003 -0.1060451 0.8934328 -0.1080385 -0.1080372 0.9882589 -0.7447502 -0.4342504 0.5067285 -0.4046143 -0.4046092 0.820109 -0.8601191 -0.489262 0.1442838 -0.827636 -0.1164128 0.5490598 -0.4364995 0.106045 -0.8934331 -0.1060402 0.4365079 -0.8934296 -0.1080386 0.1080375 -0.9882588 -0.7447469 0.434259 -0.506726 -0.4046089 0.4046163 -0.8201081 -0.8601193 0.489262 -0.1442829 -0.8276355 0.1164141 -0.5490604 -0.434253 0.7447566 -0.5067169 -0.1164087 0.8276391 -0.5490562 -0.4892509 0.8601267 -0.1442771 -0.1060358 0.4365096 0.8934292 -0.4365065 0.1060456 0.8934296 -0.4342558 0.7447539 0.5067184 -0.4046127 0.4046146 0.8201072 -0.4892518 0.860125 0.1442831 -0.1164096 0.827639 0.5490561 -0.860119 0.4892623 0.1442836 -0.8276391 0.1164151 0.5490548 -0.9802026 0.1273225 0.1516311 -0.7447518 0.4342569 0.5067206 0.436501 -0.1060406 -0.8934329 0.1060479 -0.4365087 -0.8934283 0.1080322 -0.108033 -0.9882602 0.7447484 -0.4342595 -0.5067234 0.4046193 -0.4046052 -0.8201085 0.8601198 -0.4892609 -0.1442832 0.8276357 -0.1164129 -0.5490604 0.4892483 -0.8601276 -0.14428 0.1164103 -0.8276419 -0.5490518 0.4342564 -0.7447577 -0.5067124 0.1060459 -0.4365059 0.8934299 0.4365076 -0.1060413 0.8934296 0.43426 -0.7447499 0.5067209 0.404623 -0.404601 0.8201088 0.4892564 -0.8601231 0.1442796 0.1164117 -0.8276393 0.5490552 0.8601219 -0.4892573 0.1442837 0.8276385 -0.116412 0.5490562 0.9802019 -0.1273257 0.1516332 0.7447519 -0.4342461 0.5067297 0.1060472 0.4365063 -0.8934295 0.436505 0.1060427 -0.8934307 0.1080397 0.1080334 -0.9882593 0.4342596 0.74475 -0.5067209 0.404618 0.4046073 -0.8201081 0.4892503 0.8601262 -0.1442817 0.1164131 0.8276397 -0.5490542 0.8601215 0.4892581 -0.1442828 0.8276344 0.1164142 -0.5490621 0.7447525 0.4342493 -0.5067262 0.4364961 0.1060421 0.8934352 0.1060428 0.4365049 0.8934307 0.7447521 0.4342541 0.5067225 0.4046209 0.4046084 0.820106 0.8601223 0.4892573 0.1442813 0.8276327 0.1164146 0.5490645 0.4342593 0.7447522 0.5067179 0.1164147 0.8276394 0.5490543 0.4892536 0.8601252 0.1442766 0.127326 0.9802017 0.1516336 0.1273285 -0.9802017 0.1516317 -0.1273359 -0.9802003 -0.1516343 0.127326 -0.9802017 -0.1516336 0.9802018 0.1273223 0.151636 0.9802011 -0.1273267 -0.1516373 0.9802014 0.1273257 -0.1516358 -0.1080455 0.1080369 0.9882582 0.1080316 -0.1080344 0.98826 0.1080322 0.1080331 0.9882602 -0.9802019 -0.1273233 0.1516355 -0.9802018 0.1273223 -0.1516361 -0.9802014 -0.127326 -0.1516354 -0.1273366 0.9801991 0.1516419 0.1273277 0.9802011 -0.1516364 -0.1273339 0.980199 -0.1516447 -0.1060428 -0.4365094 -0.8934285 -0.4365065 -0.1060459 -0.8934296 -0.1080455 -0.1080371 -0.9882582 -0.4342549 -0.7447536 -0.5067197 -0.4046131 -0.4046149 -0.8201068 -0.4892543 -0.8601239 -0.1442814 -0.1164084 -0.8276391 -0.5490561 -0.8601207 -0.4892598 -0.1442821 -0.827634 -0.1164161 -0.5490621 -0.7447497 -0.4342559 -0.5067247 -0.1164096 -0.8276382 0.5490574 -0.4892491 -0.8601269 0.1442812 -0.1273348 -0.9802002 0.1516362 -0.106037 -0.4365078 0.89343 -0.4342553 -0.7447547 0.5067178 -0.4365005 -0.1060456 0.8934326 -0.1080304 -0.1080378 0.9882598 -0.7447515 -0.4342557 0.5067222 -0.4046157 -0.4046142 0.8201059 -0.8601187 -0.4892627 0.1442846 -0.8276364 -0.1164145 0.5490591 -0.4365028 0.1060441 -0.8934316 -0.1060436 0.4365112 -0.8934275 -0.1080385 0.1080372 -0.9882589 -0.7447476 0.4342616 -0.5067227 -0.4046144 0.404613 -0.8201071 -0.8601197 0.4892612 -0.1442832 -0.8276357 0.1164127 -0.5490604 -0.4892501 0.8601266 -0.1442794 -0.1164052 0.827639 -0.5490571 -0.434252 0.7447624 -0.5067093 -0.1060416 0.4365084 0.8934291 -0.4365094 0.1060449 0.8934283 -0.4342557 0.7447543 0.506718 -0.404618 0.4046087 0.8201074 -0.4892535 0.8601249 0.1442787 -0.1164067 0.8276366 0.5490602 -0.8601184 0.4892634 0.1442835 -0.8276383 0.1164139 0.5490563 -0.9802019 0.1273257 0.1516332 -0.7447491 0.4342526 0.5067282 0.4364981 -0.1060419 -0.8934342 0.1060447 -0.4365049 -0.8934305 0.108033 -0.1080339 -0.98826 0.7447477 -0.4342569 -0.5067267 0.4046137 -0.4046086 -0.8201095 0.8601216 -0.4892581 -0.1442828 0.8276355 -0.1164144 -0.5490604 0.4342579 -0.7447527 -0.5067183 0.1164134 -0.8276396 -0.5490543 0.4892526 -0.8601257 -0.1442764 0.1060402 -0.4365051 0.893431 0.436505 -0.1060424 0.8934307 0.4342606 -0.7447503 0.5067196 0.4046176 -0.4046069 0.8201085 0.4892512 -0.8601257 0.1442819 0.1164143 -0.8276382 0.5490562 0.8601204 -0.4892597 0.144284 0.8276394 -0.1164132 0.5490548 0.9802026 -0.1273225 0.1516311 0.7447546 -0.4342505 0.5067222 0.1060484 0.4365057 -0.8934298 0.4365076 0.1060413 -0.8934296 0.108039 0.1080325 -0.9882594 0.4342579 0.7447503 -0.506722 0.4046234 0.4046014 -0.8201084 0.4892557 0.8601233 -0.1442798 0.1164102 0.8276395 -0.5490552 0.8601217 0.4892573 -0.1442839 0.827637 0.1164121 -0.5490586 0.7447475 0.4342493 -0.5067335 0.4364994 0.1060407 0.8934336 0.1060461 0.4365087 0.8934285 0.7447487 0.4342593 0.5067232 0.4046157 0.4046058 0.82011 0.8601219 0.4892576 0.1442821 0.8276357 0.1164129 0.5490604 0.4892484 0.8601276 0.14428 0.1164117 0.8276416 0.5490517 0.1273269 0.9802008 0.1516382 0.4342508 0.7447605 0.5067131 0.9260949 0.3757238 0.03435003 0.9336481 0.3571311 0.02754551 0.9232538 0.3824229 0.03681319 0.3885424 0.9213934 0.008320331 0.3336911 0.9172741 -0.2173904 0.382664 0.92383 0.01031619 -0.3875881 0.9218313 0.001627862 -0.3303018 0.9166234 0.2251718 -0.3826814 0.9238804 0 -0.9254367 0.3782693 0.0218954 -0.9320136 0.3614088 0.02709722 -0.9236847 0.3826024 0.02055054 -0.9254367 -0.3782693 0.0218954 -0.9320136 -0.3614088 0.02709722 -0.9335461 -0.3573349 0.02834677 -0.3875881 -0.9218313 0.001627862 -0.3303017 -0.9166234 0.2251718 -0.3481928 -0.9190537 0.1846678 0.3885424 -0.9213934 0.008320331 0.3336911 -0.9172741 -0.2173905 0.3499333 -0.9192715 -0.1802407 0.9260949 -0.3757238 0.03435003 0.9336481 -0.3571311 0.02754551 0.9361127 -0.3507938 0.02523672 0.5427908 0 -0.8398681 0.2592216 0.3234365 -0.9100511 0.2990913 -1.49427e-6 -0.9542246 0.1143291 0.8936951 -0.4338641 0.1470799 0.8900837 -0.4314148 -0.1125891 0.8934817 0.4347577 -0.1429702 0.8904916 0.4319543 -0.4982234 0.3013709 0.8129877 -0.2624087 0 0.9649568 -0.2687847 0.3203949 0.9083513 -0.4982234 -0.3013709 0.8129877 -0.5222938 0 0.8527656 -0.1125886 -0.8934817 0.4347578 0.1143286 -0.8936951 -0.433864 0.259222 -0.3234365 -0.910051 0.514711 -0.3070389 -0.8004998 -0.2990928 1.49427e-6 -0.9542241 -0.1470805 0.8900836 -0.4314145 0.1429707 0.8904914 0.4319543 0.2624076 0 0.9649571 0.2687889 0.3203929 0.9083507 -0.2687847 -0.3203949 0.9083513 -0.1429702 -0.8904914 0.4319543 0.1125893 -0.8934816 0.4347577 0.1470798 -0.8900836 -0.4314147 -0.1143293 -0.8936951 -0.4338639 -0.2592227 -0.3234369 -0.9100507 -0.2592231 0.3234369 -0.9100505 -0.542793 0 -0.8398666 -0.1143289 0.8936952 -0.4338638 -0.3336908 0.9172743 -0.2173897 0.1125888 0.8934817 0.4347579 0.3303027 0.916623 0.225172 0.4982238 0.3013715 0.8129873 0.4982238 -0.3013715 0.8129873 0.5222941 0 0.8527655 0.3303027 -0.916623 0.225172 0.3481937 -0.9190532 0.1846685 -0.3336908 -0.9172743 -0.2173897 -0.349933 -0.9192718 -0.1802399 -0.514713 -0.3070388 -0.8004986 -0.933648 0.3571314 0.02754551 -0.9260948 0.3757238 0.03435003 -0.9232538 0.3824229 0.03681319 -0.3885412 0.9213938 0.008320271 -0.3826627 0.9238306 0.01031619 0.3875895 0.9218307 0.001627802 0.3826828 0.9238799 0 0.9320132 0.36141 0.02709722 0.9254367 0.3782695 0.0218954 0.9236847 0.3826024 0.02055054 0.9320132 -0.36141 0.02709722 0.9254367 -0.3782695 0.0218954 0.9335455 -0.3573363 0.02834677 0.3875895 -0.9218307 0.001627802 -0.3885412 -0.9213938 0.008320271 -0.933648 -0.3571314 0.02754551 -0.9260948 -0.3757238 0.03435003 -0.9361126 -0.3507941 0.02523672 0 0 -1 8.74792e-7 0 1 0.441449 0 0.8972864 -2.47858e-6 0 1 0.4414525 0 0.8972847 0.8289437 0 0.5593321 0.8289469 0 0.5593273 0.9519962 0 0.30611 0.9519968 0 -0.3061085 0.8289468 0 -0.5593274 0.9519966 0 -0.3061084 0.8289441 0 -0.5593317 0.4414523 0 -0.8972848 0.4414489 0 -0.8972864 8.45632e-7 0 -1 -2.44942e-6 0 -1 -0.4414498 0 -0.897286 -0.441453 0 -0.8972844 -0.8289456 0 -0.5593293 -0.9519968 0 -0.3061082 -0.9519966 0 -0.3061084 -0.9519962 0 0.30611 -0.8289468 0 0.5593274 -0.9519966 0 0.3061084 -4.09556e-7 -1 2.58625e-7 3.5647e-6 -1 2.14225e-6 7.33362e-7 -1 1.6323e-6 -0.8289438 0 0.559332 -0.441453 0 0.8972844 -0.4414498 0 0.8972859 3.09093e-6 0 1 0.4414469 0 0.8972874 -4.69471e-6 0 1 0.4414523 0 0.8972848 0.828944 0 0.5593318 0.8289468 0 0.5593274 0.9519966 0 0.3061088 0.9519968 0 -0.3061084 0.8289469 0 -0.5593273 0.9519968 0 -0.3061084 0.8289442 0 -0.5593313 0.4414525 0 -0.8972847 0.441449 0 -0.8972864 8.74792e-7 0 -1 -2.47858e-6 0 -1 -0.4414498 0 -0.8972859 -0.441453 0 -0.8972844 -0.8289443 0 -0.5593313 -0.8289468 0 -0.5593274 -0.9519968 0 -0.3061084 -0.9519968 0 0.3061085 -0.8289456 0 0.5593293 -0.8289453 0 0.5593297 -0.441453 0 0.8972844 -0.4414477 0 0.897287 -1.27338e-7 1 -6.37287e-7 2.80409e-7 1 0 -1.91816e-7 1 -1.30155e-6 0.1273313 -0.980199 0.1516469 -0.127328 -0.9801985 -0.1516525 0.1273294 -0.9802 -0.1516423 0.980202 0.1273265 0.1516318 0.9802007 -0.1273292 -0.1516379 0.9801998 0.1273319 -0.1516413 -0.1080347 0.108036 0.9882594 0.1080341 -0.1080365 0.9882594 0.1080401 0.1080366 0.9882588 -0.9802029 -0.1273191 0.1516323 -0.9802018 0.1273213 -0.1516371 -0.9801998 -0.1273317 -0.1516419 -0.1273288 0.9802011 0.1516349 0.1273284 0.9802007 -0.1516384 -0.1273257 0.9802008 -0.1516395 -0.1060395 -0.4365137 -0.8934268 -0.4365198 -0.1060431 -0.8934234 -0.1080493 -0.1080503 -0.9882563 -0.4342458 -0.7447592 -0.5067192 -0.4046143 -0.4046154 -0.8201059 -0.4892593 -0.8601201 -0.1442883 -0.1164112 -0.8276278 -0.5490728 -0.7447527 -0.4342617 -0.5067153 -0.8276359 -0.1164163 -0.5490593 -0.8601248 -0.4892521 -0.1442835 -0.1164141 -0.8276383 0.5490561 -0.4892603 -0.8601208 0.1442799 -0.1273329 -0.9802 0.1516388 -0.1060448 -0.4365053 0.8934304 -0.4342544 -0.7447541 0.5067192 -0.4365112 -0.1060424 0.8934277 -0.1080401 -0.108035 0.988259 -0.7447504 -0.434261 0.5067192 -0.4046134 -0.4046069 0.8201106 -0.8601269 -0.4892502 0.1442775 -0.8276398 -0.1164165 0.5490536 -0.4365186 0.1060435 -0.8934239 -0.1060423 0.436514 -0.8934264 -0.1080478 0.1080503 -0.9882565 -0.7447494 0.4342673 -0.5067152 -0.4046214 0.4046142 -0.820103 -0.8601251 0.4892517 -0.1442833 -0.8276349 0.1164199 -0.5490601 -0.4892555 0.8601223 -0.1442872 -0.116411 0.8276319 -0.5490665 -0.4342482 0.7447558 -0.5067223 -0.1060463 0.4365048 0.8934304 -0.4365082 0.106043 0.8934291 -0.4342511 0.7447509 0.506727 -0.4046176 0.4046072 0.8201083 -0.4892597 0.8601207 0.1442821 -0.1164144 0.8276379 0.5490568 -0.7447447 0.4342696 0.5067202 -0.8276404 0.1164202 0.5490517 -0.8601229 0.4892575 0.1442773 -0.9802014 0.1273294 0.1516329 0.4365177 -0.1060397 -0.8934249 0.1060383 -0.4365188 -0.8934246 0.1080476 -0.1080508 -0.9882564 0.7447553 -0.4342541 -0.5067179 0.4046139 -0.404609 -0.8201093 0.8601204 -0.48926 -0.1442828 0.8276366 -0.1164133 -0.5490589 0.4892578 -0.8601211 -0.1442866 0.1164105 -0.8276358 -0.5490607 0.4342541 -0.7447534 -0.5067206 0.1060461 -0.4365028 0.8934314 0.436507 -0.106045 0.8934295 0.4342576 -0.7447491 0.506724 0.4046147 -0.4046131 0.8201068 0.4892647 -0.8601179 0.1442825 0.1164143 -0.8276312 0.5490667 0.7447464 -0.4342693 0.5067179 0.8276404 -0.1164175 0.5490523 0.8601233 -0.4892567 0.144277 0.9802013 -0.1273295 0.1516335 0.1060405 0.4365182 -0.8934245 0.4365192 0.1060404 -0.893424 0.1080498 0.1080518 -0.9882562 0.4342541 0.74475 -0.5067257 0.4046173 0.4046095 -0.8201074 0.4892595 0.86012 -0.1442868 0.1164114 0.8276361 -0.5490603 0.7447537 0.4342575 -0.5067174 0.8276351 0.1164156 -0.5490608 0.8601216 0.4892586 -0.1442814 0.4365151 0.1060449 0.8934255 0.1060476 0.4365031 0.893431 0.7447502 0.4342644 0.5067166 0.4046195 0.4046126 0.8201047 0.8601216 0.48926 0.144277 0.8276405 0.116416 0.5490524 0.4892613 0.8601197 0.1442827 0.1164144 0.8276347 0.5490615 0.1273269 0.9802016 0.1516339 0.4342656 0.7447409 0.5067291 0.1273283 -0.980201 0.1516365 -0.1273264 -0.980201 -0.151638 0.1273258 -0.9802008 -0.1516399 0.9802018 0.1273267 0.1516324 0.9802008 -0.127329 -0.1516373 0.9801996 0.1273319 -0.1516419 -0.1080343 0.1080347 0.9882596 0.1080346 -0.1080378 0.9882593 0.10804 0.1080369 0.9882588 -0.980203 -0.1273191 0.1516317 -0.9802017 0.1273215 -0.1516377 -0.9801998 -0.1273318 -0.1516413 -0.1273316 0.9801986 0.1516493 0.1273301 0.9801982 -0.1516529 -0.1273294 0.9802001 -0.151642 -0.1060407 -0.4365172 -0.8934249 -0.4365189 -0.106044 -0.8934237 -0.1080498 -0.1080515 -0.9882562 -0.4342467 -0.7447553 -0.5067242 -0.4046156 -0.4046163 -0.8201048 -0.4892584 -0.8601205 -0.1442882 -0.1164126 -0.8276347 -0.549062 -0.7447518 -0.4342624 -0.506716 -0.8276349 -0.1164172 -0.5490607 -0.8601247 -0.4892525 -0.1442829 -0.1164138 -0.8276356 0.5490604 -0.4892578 -0.860122 0.1442812 -0.1273301 -0.9802008 0.1516363 -0.1060468 -0.4365035 0.893431 -0.4342499 -0.7447519 0.5067264 -0.4365139 -0.1060428 0.8934263 -0.1080405 -0.1080355 0.9882588 -0.7447465 -0.4342649 0.5067216 -0.404618 -0.404607 0.8201082 -0.860126 -0.4892515 0.1442786 -0.8276395 -0.1164179 0.5490536 -0.4365174 0.1060432 -0.8934246 -0.1060385 0.4365178 -0.893425 -0.1080476 0.1080506 -0.9882565 -0.7447499 0.4342671 -0.5067147 -0.4046122 0.4046158 -0.8201068 -0.8601252 0.4892515 -0.144284 -0.827636 0.1164189 -0.5490587 -0.4892571 0.8601215 -0.1442865 -0.1164108 0.8276353 -0.5490615 -0.434245 0.7447612 -0.506717 -0.1060463 0.4365012 0.8934322 -0.4365071 0.1060424 0.8934297 -0.4342552 0.7447522 0.5067214 -0.4046164 0.4046064 0.8201095 -0.4892624 0.8601194 0.1442818 -0.1164145 0.8276308 0.5490674 -0.7447474 0.4342666 0.5067188 -0.8276402 0.1164191 0.5490521 -0.8601233 0.4892567 0.144277 -0.9802013 0.1273294 0.1516335 0.4365189 -0.10604 -0.8934242 0.1060422 -0.4365149 -0.893426 0.1080478 -0.1080505 -0.9882565 0.7447548 -0.4342543 -0.5067185 0.4046231 -0.4046072 -0.8201056 0.8601205 -0.4892603 -0.1442821 0.8276355 -0.1164143 -0.5490602 0.4892562 -0.8601219 -0.1442875 0.1164107 -0.8276324 -0.5490657 0.4342573 -0.744748 -0.5067258 0.1060465 -0.4365041 0.8934307 0.4365081 -0.1060456 0.8934288 0.4342535 -0.7447478 0.5067296 0.4046159 -0.4046142 0.8201057 0.4892622 -0.8601192 0.1442828 0.1164143 -0.8276346 0.5490616 0.7447437 -0.4342723 0.5067193 0.8276406 -0.1164185 0.5490518 0.8601229 -0.4892575 0.1442773 0.9802014 -0.1273295 0.1516329 0.1060394 0.4365147 -0.8934264 0.43652 0.1060395 -0.8934237 0.1080493 0.1080505 -0.9882563 0.4342532 0.7447539 -0.5067207 0.404616 0.4046085 -0.8201085 0.4892604 0.8601196 -0.144287 0.1164099 0.827629 -0.549071 0.7447544 0.4342569 -0.5067168 0.8276361 0.1164146 -0.5490595 0.8601216 0.4892582 -0.144282 0.436511 0.106045 0.8934275 0.1060446 0.4365068 0.8934296 0.7447485 0.4342657 0.506718 0.4046118 0.4046137 0.820108 0.8601226 0.4892578 0.1442771 0.8276396 0.1164157 0.5490537 0.4892621 0.8601195 0.1442822 0.1164148 0.827638 0.5490564 0.1273306 0.9802007 0.1516363 0.4342585 0.7447486 0.5067238 0.1273327 -0.9802012 0.1516317 -0.1273339 -0.9802002 -0.1516373 0.1273379 -0.9801979 -0.1516485 0.980202 0.1273219 0.1516352 0.9802018 -0.1273183 -0.1516395 0.9802013 0.1273254 -0.151637 -0.1080393 0.1080346 0.9882591 0.108042 -0.1080353 0.9882587 0.1080418 0.1080349 0.9882588 -0.9801986 -0.1273378 0.1516443 -0.9801984 0.1273342 -0.1516484 -0.9801993 -0.12733 -0.1516459 -0.1273263 0.9802013 0.1516364 0.127327 0.9802016 -0.1516343 -0.1273269 0.9802001 -0.1516433 -0.1060385 -0.4365128 -0.8934274 -0.436517 -0.1060388 -0.8934253 -0.108052 -0.1080521 -0.9882559 -0.4342519 -0.7447621 -0.5067098 -0.4046083 -0.404604 -0.8201145 -0.4892572 -0.8601225 -0.1442811 -0.116412 -0.8276355 -0.5490608 -0.860122 -0.4892575 -0.1442818 -0.827634 -0.1164101 -0.5490635 -0.7447609 -0.4342546 -0.5067091 -0.1164078 -0.8276377 0.5490584 -0.4892622 -0.8601207 0.1442742 -0.1273346 -0.9801994 0.1516414 -0.1060401 -0.4365075 0.8934298 -0.4342562 -0.7447539 0.5067182 -0.4365052 -0.1060417 0.8934307 -0.1080392 -0.1080358 0.988259 -0.7447595 -0.4342511 0.5067142 -0.404605 -0.4046043 0.8201159 -0.8601236 -0.4892566 0.144275 -0.8276364 -0.1164121 0.5490595 -0.4365168 0.1060397 -0.8934252 -0.1060412 0.4365269 -0.8934201 -0.1080487 0.1080482 -0.9882566 -0.7447623 0.4342486 -0.5067124 -0.4046195 0.4046148 -0.8201037 -0.8601209 0.4892589 -0.144284 -0.8276321 0.1164107 -0.5490663 -0.434258 0.7447569 -0.5067121 -0.1164138 0.8276409 -0.5490522 -0.4892541 0.8601231 -0.1442868 -0.1060377 0.4365059 0.8934308 -0.4365066 0.1060422 0.8934299 -0.434257 0.7447544 0.5067167 -0.4046038 0.4046172 0.8201103 -0.4892519 0.8601255 0.14428 -0.1164134 0.8276376 0.5490576 -0.8601211 0.4892602 0.1442784 -0.8276375 0.1164137 0.5490573 -0.9801996 0.1273335 0.1516413 -0.7447617 0.4342484 0.5067134 0.4365141 -0.1060392 -0.8934266 0.1060407 -0.4365187 -0.8934242 0.1080514 -0.1080496 -0.9882562 0.7447513 -0.4342607 -0.5067182 0.4046128 -0.4046058 -0.8201114 0.860126 -0.4892505 -0.1442822 0.8276337 -0.1164125 -0.5490635 0.4892578 -0.8601225 -0.1442785 0.1164134 -0.8276343 -0.5490623 0.4342496 -0.7447637 -0.5067093 0.1060428 -0.4365013 0.8934325 0.4365052 -0.1060422 0.8934307 0.4342581 -0.7447571 0.5067119 0.404611 -0.4046053 0.8201125 0.4892575 -0.8601239 0.1442714 0.1164087 -0.8276398 0.549055 0.7447531 -0.434256 0.5067196 0.8276382 -0.1164124 0.5490567 0.8601225 -0.4892585 0.1442762 0.9802014 -0.1273289 0.1516327 0.106043 0.4365169 -0.8934249 0.4365151 0.106041 -0.893426 0.1080546 0.1080519 -0.9882556 0.4342557 0.7447538 -0.5067186 0.4046196 0.4046115 -0.8201052 0.4892496 0.8601266 -0.1442816 0.1164163 0.8276363 -0.5490589 0.8601191 0.489261 -0.1442883 0.8276329 0.1164127 -0.5490646 0.7447492 0.4342505 -0.50673 0.4365041 0.1060442 0.893431 0.1060416 0.4365155 0.8934257 0.744747 0.4342513 0.5067325 0.4046069 0.4046137 0.8201104 0.8601238 0.4892538 0.144284 0.8276364 0.1164137 0.5490593 0.4342531 0.7447504 0.5067257 0.1164137 0.8276469 0.5490432 0.4892514 0.8601264 0.1442766 0.1273296 0.9802021 0.1516284 0.1273269 -0.9802026 0.1516273 -0.1273252 -0.9802005 -0.1516422 0.1273296 -0.980201 -0.1516355 -0.1080409 0.1080363 0.9882587 0.1080435 -0.1080371 0.9882584 0.1080402 0.1080348 0.988259 -0.9801986 -0.1273377 0.1516441 -0.9801983 0.1273342 -0.1516486 -0.9801993 -0.1273299 -0.1516456 -0.1273327 0.9802011 0.1516317 0.1273351 0.9801998 -0.1516386 -0.1273357 0.9801985 -0.1516472 -0.1060409 -0.4365171 -0.8934251 -0.4365179 -0.1060392 -0.8934248 -0.1080504 -0.1080504 -0.9882562 -0.434258 -0.7447584 -0.5067099 -0.4046195 -0.4046142 -0.8201039 -0.4892532 -0.8601239 -0.1442854 -0.116414 -0.8276345 -0.5490618 -0.8601217 -0.4892575 -0.1442838 -0.8276331 -0.116411 -0.5490646 -0.744762 -0.4342496 -0.5067118 -0.1164131 -0.827644 0.5490478 -0.4892528 -0.8601248 0.1442815 -0.127328 -0.9802009 0.1516375 -0.1060394 -0.4365157 0.8934259 -0.434257 -0.7447529 0.506719 -0.4365069 -0.1060425 0.8934298 -0.1080376 -0.1080324 0.9882595 -0.7447613 -0.4342478 0.5067144 -0.4046065 -0.4046174 0.8201087 -0.8601201 -0.4892619 0.1442788 -0.8276364 -0.1164136 0.5490593 -0.4365168 0.1060386 -0.8934255 -0.1060396 0.4365189 -0.8934243 -0.1080502 0.1080516 -0.988256 -0.7447595 0.4342507 -0.5067146 -0.4046103 0.4046034 -0.8201138 -0.8601239 0.4892544 -0.1442814 -0.827633 0.1164097 -0.5490652 -0.4892596 0.8601214 -0.1442793 -0.1164118 0.8276342 -0.5490627 -0.4342468 0.7447626 -0.5067134 -0.1060417 0.4365014 0.8934327 -0.4365078 0.1060416 0.8934294 -0.4342564 0.7447556 0.5067155 -0.4046083 0.4046041 0.8201144 -0.4892542 0.8601249 0.1442759 -0.1164081 0.8276388 0.5490567 -0.8601236 0.4892569 0.1442746 -0.8276371 0.1164129 0.5490584 -0.9801995 0.1273335 0.1516416 -0.7447667 0.4342461 0.506708 0.4365141 -0.1060414 -0.8934265 0.1060433 -0.4365268 -0.8934201 0.1080529 -0.1080497 -0.9882559 0.7447485 -0.4342514 -0.5067301 0.4046196 -0.4046122 -0.8201049 0.8601235 -0.4892531 -0.1442888 0.8276318 -0.1164132 -0.5490663 0.4342553 -0.744753 -0.5067203 0.1164158 -0.8276429 -0.549049 0.4892512 -0.8601255 -0.1442825 0.1060398 -0.4365056 0.8934307 0.4365038 -0.1060439 0.8934311 0.4342536 -0.7447513 0.5067241 0.4046041 -0.4046134 0.820112 0.4892498 -0.8601275 0.1442757 0.1164143 -0.8276402 0.5490532 0.8601197 -0.4892613 0.1442831 0.8276376 -0.1164129 0.5490574 0.7447482 -0.4342499 0.5067318 0.1060396 0.4365127 -0.8934274 0.4365143 0.1060394 -0.8934266 0.108053 0.1080502 -0.9882559 0.4342498 0.7447642 -0.5067085 0.4046109 0.4046064 -0.8201121 0.4892562 0.8601235 -0.1442781 0.1164139 0.8276354 -0.5490606 0.7447521 0.4342597 -0.5067179 0.8276349 0.116412 -0.5490617 0.8601216 0.4892583 -0.1442815 0.4365026 0.1060423 0.8934319 0.1060412 0.4365073 0.8934297 0.7447535 0.434256 0.5067188 0.4046077 0.4046055 0.820114 0.8601272 0.4892501 0.144276 0.8276375 0.1164125 0.5490579 0.4892591 0.8601228 0.1442718 0.1164081 0.8276389 0.5490566 0.1273356 0.9801992 0.1516414 0.4342579 0.7447566 0.5067127 4.43901e-6 1 0 0.4999963 0.8660276 0 -5.71572e-6 1 0 0.5000039 0.8660233 0 0.8660233 0.5000036 0 0.8660284 0.499995 0 1 6.39335e-6 0 1 -6.39335e-6 0 0.8660287 -0.4999942 0 0.8660233 -0.5000038 0 0.5000045 -0.8660229 0 0.4999955 -0.866028 0 3.96761e-6 -1 0 -6.18712e-6 -1 0 -0.4999954 -0.8660281 0 -0.5000032 -0.8660236 0 -0.8660229 -0.5000045 0 -0.8660277 -0.4999961 0 -1 -5.07737e-6 0 -1 5.07737e-6 0 -0.8660281 0.4999954 0 -1.04851e-6 0 1 -1.01344e-6 0 1 -5.13458e-7 0 1 -0.8660228 0.5000045 0 -0.5000039 0.8660233 0 -0.4999946 0.8660285 0 0.9361127 0.3507938 0.02523672 0.3499333 0.9192715 -0.1802407 -0.3481928 0.9190537 0.1846678 -0.9335461 0.3573349 0.02834677 -0.9236847 -0.3826024 0.02055054 -0.3826814 -0.9238804 0 0.382664 -0.92383 0.01031619 0.9232538 -0.3824229 0.03681319 0.514711 0.3070389 -0.8004998 0.2687889 -0.3203929 0.9083507 0.1429707 -0.8904915 0.4319543 -0.1470806 -0.8900837 -0.4314147 -0.514713 0.3070388 -0.8004986 -0.349933 0.9192718 -0.1802399 0.3481937 0.9190532 0.1846685 -0.9361126 0.3507941 0.02523672 0.9335455 0.3573363 0.02834677 0.9236847 -0.3826024 0.02055054 0.3826828 -0.9238799 0 -0.3826627 -0.9238306 0.01031619 -0.9232538 -0.3824229 0.03681319 0 0 -1 0.9519968 0 0.3061084 -0.8289454 0 -0.5593295 2.3495e-7 -1 1.23193e-6 -2.37281e-7 -1 2.11246e-7 0 -1 1.14808e-6 0 -1 2.64325e-7 -2.34954e-7 -1 1.23194e-6 -7.33387e-7 -1 1.63233e-6 2.37277e-7 -1 2.1125e-7 -3.56482e-6 -1 2.14232e-6 4.0953e-7 -1 2.58634e-7 0.9519966 0 0.3061084 0 1 -1.3216e-7 -2.34951e-7 1 -1.54642e-7 0 1 -1.08428e-6 1.2733e-7 1 -6.37288e-7 2.3728e-7 1 -1.55475e-6 3.5647e-6 1 -2.14225e-6 1.27026e-6 1 -3.01663e-6 -1.27026e-6 1 -3.01657e-6 -3.56482e-6 1 -2.14232e-6 -4.08435e-7 0 1 3.01712e-6 0 1 -6.03429e-6 0 1 -3.19715e-6 0 1 3.67402e-6 0 1 -3.01715e-6 0 1 6.03426e-6 0 1 -7.34803e-6 0 1 2.31368e-6 0 1</float_array>
          <technique_common>
            <accessor source="#payload_box-mesh-normals-array" count="990" stride="3">
              <param name="X" type="float"/>
              <param name="Y" type="float"/>
              <param name="Z" type="float"/>
            </accessor>
          </technique_common>
        </source>
        <vertices id="payload_box-mesh-vertices">
          <input semantic="POSITION" source="#payload_box-mesh-positions"/>
        </vertices>
        <triangles material="orange-material" count="752">
          <input semantic="VERTEX" source="#payload_box-mesh-vertices" offset="0"/>
          <input semantic="NORMAL" source="#payload_box-mesh-normals" offset="1"/>
          <p>61 0 1 1 50 2 85 3 49 4 74 5 36 6 60 7 84 8 14 9 25 10 2 11 37 12 73 13 26 14 3 15 4 16 0 17 3 15 8 18 5 19 6 20 7 21 1 1 6 20 11 22 8 18 9 23 10 24 2 11 4 16 11 22 9 23 5 19 8 18 11 22 15 25 16 26 12 27 19 28 17 29 15 25 18 30 19 28 13 31 18 30 23 32 20 33 21 34 22 35 14 9 16 26 23 32 21 34 17 29 20 33 23 32 27 36 28 37 24 38 27 36 32 39 29 40 30 41 31 42 25 10 34 43 32 39 30 41 33 44 34 43 26 14 28 37 35 45 33 44 29 40 32 39 35 45 39 46 40 47 36 6 39 46 44 48 41 49 42 50 43 51 37 12 42 50 47 52 44 48 45 53 46 54 38 55 40 47 47 52 45 53 41 49 44 48 47 52 51 56 52 57 48 58 51 56 56 59 53 60 54 61 55 62 49 4 58 63 56 59 54 61 57 64 58 63 50 2 52 57 59 65 57 64 53 60 56 59 59 65 63 66 64 67 60 7 63 66 68 68 65 69 66 70 67 71 61 0 70 72 68 68 66 70 69 73 70 72 62 74 64 67 71 75 69 73 65 69 68 68 71 75 75 76 76 77 72 78 75 76 80 79 77 80 78 81 79 82 73 13 82 83 80 79 78 81 81 84 82 83 74 5 76 77 83 85 81 84 77 80 80 79 83 85 87 86 88 87 84 8 87 86 92 88 89 89 90 90 91 91 85 3 94 92 92 88 90 90 93 93 94 92 86 94 88 87 95 95 93 93 89 89 92 88 95 95 0 17 27 36 24 38 4 16 31 42 27 36 9 23 25 10 31 42 12 27 6 20 1 1 16 26 10 24 6 20 21 34 2 11 10 24 36 6 18 30 13 31 40 47 22 35 18 30 45 53 14 9 22 35 26 14 42 50 37 12 34 43 46 54 42 50 30 41 38 55 46 54 24 38 75 76 72 78 28 37 79 82 75 76 33 44 73 13 79 82 84 8 39 46 36 6 88 87 43 51 39 46 93 93 37 12 43 51 74 5 90 90 85 3 82 83 94 92 90 90 78 81 86 94 94 92 72 78 51 56 48 58 76 77 55 62 51 56 81 84 49 4 55 62 60 7 87 86 84 8 64 67 91 91 87 86 69 73 85 3 91 91 50 2 66 70 61 0 58 63 70 72 66 70 54 61 62 74 70 72 48 58 3 15 0 17 52 57 7 21 3 15 57 64 1 1 7 21 13 31 63 66 60 7 19 28 67 71 63 66 15 25 61 0 67 71 72 78 0 17 24 38 165 102 105 103 154 104 189 105 153 106 178 107 140 108 164 109 188 110 118 111 129 112 106 113 141 114 177 115 130 116 107 117 108 118 104 119 107 117 112 120 109 121 110 122 111 123 105 103 110 122 115 124 112 120 113 125 114 126 106 113 108 118 115 124 113 125 109 121 112 120 115 124 119 127 120 128 116 129 123 130 121 131 119 127 122 132 123 130 117 133 122 132 127 134 124 135 125 136 126 137 118 111 120 128 127 134 125 136 121 131 124 135 127 134 131 138 132 139 128 140 131 138 136 141 133 142 134 143 135 144 129 112 138 145 136 141 134 143 137 146 138 145 130 116 132 139 139 147 137 146 133 142 136 141 139 147 143 148 144 149 140 108 143 148 148 150 145 151 146 152 147 153 141 114 146 152 151 154 148 150 149 155 150 156 142 157 144 149 151 154 149 155 145 151 148 150 151 154 155 158 156 159 152 160 155 158 160 161 157 162 158 163 159 164 153 106 162 165 160 161 158 163 161 166 162 165 154 104 156 159 163 167 161 166 157 162 160 161 163 167 167 168 168 169 164 109 167 168 172 170 169 171 170 172 171 173 165 102 170 172 175 174 172 170 173 175 174 176 166 177 168 169 175 174 173 175 169 171 172 170 175 174 179 178 180 179 176 180 179 178 184 181 181 182 182 183 183 184 177 115 182 183 187 185 184 181 185 186 186 187 178 107 180 179 187 185 185 186 181 182 184 181 187 185 191 188 192 189 188 110 191 188 196 190 193 191 194 192 195 193 189 105 198 194 196 190 194 192 197 195 198 194 190 196 192 189 199 197 197 195 193 191 196 190 199 197 104 119 131 138 128 140 108 118 135 144 131 138 113 125 129 112 135 144 116 129 110 122 105 103 120 128 114 126 110 122 125 136 106 113 114 126 140 108 122 132 117 133 144 149 126 137 122 132 149 155 118 111 126 137 130 116 146 152 141 114 138 145 150 156 146 152 134 143 142 157 150 156 128 140 179 178 176 180 132 139 183 184 179 178 137 146 177 115 183 184 188 110 143 148 140 108 192 189 147 153 143 148 197 195 141 114 147 153 178 107 194 192 189 105 186 187 198 194 194 192 182 183 190 196 198 194 176 180 155 158 152 160 180 179 159 164 155 158 185 186 153 106 159 164 164 109 191 188 188 110 168 169 195 193 191 188 173 175 189 105 195 193 154 104 170 172 165 102 162 165 174 176 170 172 158 163 166 177 174 176 152 160 107 117 104 119 156 159 111 123 107 117 161 166 105 103 111 123 117 133 167 168 164 109 123 130 171 173 167 168 119 127 165 102 171 173 176 180 104 119 128 140 261 198 201 199 250 200 285 201 249 202 274 203 236 204 260 205 284 206 214 207 225 208 202 209 237 210 273 211 226 212 203 213 204 214 200 215 203 213 208 216 205 217 206 218 207 219 201 199 210 220 208 216 206 218 209 221 210 220 202 209 204 214 211 222 209 221 205 217 208 216 211 222 215 223 216 224 212 225 219 226 217 227 215 223 218 228 219 226 213 229 218 228 223 230 220 231 221 232 222 233 214 207 221 232 217 227 223 230 217 227 220 231 223 230 227 234 228 235 224 236 227 234 232 237 229 238 230 239 231 240 225 208 230 239 235 241 232 237 233 242 234 243 226 212 228 235 235 241 233 242 229 238 232 237 235 241 239 244 240 245 236 204 239 244 244 246 241 247 242 248 243 249 237 210 246 250 244 246 242 248 245 251 246 250 238 252 240 245 247 253 245 251 241 247 244 246 247 253 251 254 252 255 248 256 251 254 256 257 253 258 254 259 255 260 249 202 258 261 256 257 254 259 257 262 258 261 250 200 252 255 259 263 257 262 253 258 256 257 259 263 263 264 264 265 260 205 263 264 268 266 265 267 266 268 267 269 261 198 270 270 268 266 266 268 269 271 270 270 262 272 264 265 271 273 269 271 265 267 268 266 271 273 275 274 276 275 272 276 275 274 280 277 277 278 278 279 279 280 273 211 282 281 280 277 278 279 281 282 282 281 274 203 276 275 283 283 281 282 277 278 280 277 283 283 287 284 288 285 284 206 287 284 292 286 289 287 290 288 291 289 285 201 290 288 295 290 292 286 293 291 294 292 286 293 288 285 295 290 293 291 289 287 292 286 295 290 200 215 227 234 224 236 204 214 231 240 227 234 209 221 225 208 231 240 212 225 206 218 201 199 216 224 210 220 206 218 221 232 202 209 210 220 236 204 218 228 213 229 240 245 222 233 218 228 245 251 214 207 222 233 226 212 242 248 237 210 242 248 230 239 246 250 246 250 225 208 238 252 272 276 228 235 275 274 228 235 279 280 275 274 233 242 273 211 279 280 284 206 239 244 236 204 288 285 243 249 239 244 243 249 286 293 237 210 285 201 282 281 290 288 290 288 278 279 294 292 278 279 286 293 294 292 272 276 251 254 248 256 276 275 255 260 251 254 281 282 249 202 255 260 260 205 287 284 284 206 264 265 291 289 287 284 269 271 285 201 291 289 250 200 266 268 261 198 258 261 270 270 266 268 254 259 262 272 270 270 248 256 203 213 200 215 252 255 207 219 203 213 207 219 250 200 201 199 260 205 219 226 263 264 219 226 267 269 263 264 215 223 261 198 267 269 272 276 200 215 224 236 357 294 297 295 346 296 381 297 345 298 370 299 332 300 356 301 380 302 310 303 321 304 298 305 333 306 369 307 322 308 299 309 300 310 296 311 299 309 304 312 301 313 302 314 303 315 297 295 306 316 304 312 302 314 305 317 306 316 298 305 300 310 307 318 305 317 301 313 304 312 307 318 311 319 312 320 308 321 315 322 313 323 311 319 314 324 315 322 309 325 314 324 319 326 316 327 317 328 318 329 310 303 317 328 313 323 319 326 313 323 316 327 319 326 323 330 324 331 320 332 323 330 328 333 325 334 326 335 327 336 321 304 330 337 328 333 326 335 329 338 330 337 322 308 324 331 331 339 329 338 325 334 328 333 331 339 335 340 336 341 332 300 335 340 340 342 337 343 338 344 339 345 333 306 342 346 340 342 338 344 341 347 342 346 334 348 336 341 343 349 341 347 337 343 340 342 343 349 347 350 348 351 344 352 347 350 352 353 349 354 350 355 351 356 345 298 350 355 355 357 352 353 353 358 354 359 346 296 348 351 355 357 353 358 349 354 352 353 355 357 359 360 360 361 356 301 359 360 364 362 361 363 362 364 363 365 357 294 366 366 364 362 362 364 365 367 366 366 358 368 360 361 367 369 365 367 361 363 364 362 367 369 371 370 372 371 368 372 371 370 376 373 373 374 374 375 375 376 369 307 378 377 376 373 374 375 377 378 378 377 370 299 372 371 379 379 377 378 373 374 376 373 379 379 383 380 384 381 380 302 383 380 388 382 385 383 386 384 387 385 381 297 390 386 388 382 386 384 389 387 390 386 382 388 384 381 391 389 389 387 385 383 388 382 391 389 296 311 323 330 320 332 300 310 327 336 323 330 305 317 321 304 327 336 308 321 302 314 297 295 312 320 306 316 302 314 317 328 298 305 306 316 332 300 314 324 309 325 336 341 318 329 314 324 341 347 310 303 318 329 322 308 338 344 333 306 330 337 342 346 338 344 326 335 334 348 342 346 368 372 324 331 371 370 324 331 375 376 371 370 329 338 369 307 375 376 380 302 335 340 332 300 384 381 339 345 335 340 339 345 382 388 333 306 370 299 386 384 381 297 378 377 390 386 386 384 374 375 382 388 390 386 368 372 347 350 344 352 372 371 351 356 347 350 377 378 345 298 351 356 356 301 383 380 380 302 360 361 387 385 383 380 365 367 381 297 387 385 346 296 362 364 357 294 362 364 350 355 366 366 366 366 345 298 358 368 344 352 299 309 296 311 348 351 303 315 299 309 303 315 346 296 297 295 356 301 315 322 359 360 315 322 363 365 359 360 311 319 357 294 363 365 368 372 296 311 320 332 61 0 12 27 1 1 85 3 62 74 49 4 36 6 13 31 60 7 14 9 38 55 25 10 37 12 86 94 73 13 3 15 5 19 4 16 3 15 7 21 8 18 6 20 8 18 7 21 6 20 10 24 11 22 9 23 11 22 10 24 4 16 5 19 11 22 15 25 17 29 16 26 19 28 20 33 17 29 18 30 20 33 19 28 18 30 22 35 23 32 21 34 23 32 22 35 16 26 17 29 23 32 27 36 29 40 28 37 27 36 31 42 32 39 30 41 32 39 31 42 34 43 35 45 32 39 33 44 35 45 34 43 28 37 29 40 35 45 39 46 41 49 40 47 39 46 43 51 44 48 42 50 44 48 43 51 42 50 46 54 47 52 45 53 47 52 46 54 40 47 41 49 47 52 51 56 53 60 52 57 51 56 55 62 56 59 54 61 56 59 55 62 58 63 59 65 56 59 57 64 59 65 58 63 52 57 53 60 59 65 63 66 65 69 64 67 63 66 67 71 68 68 66 70 68 68 67 71 70 72 71 75 68 68 69 73 71 75 70 72 64 67 65 69 71 75 75 76 77 80 76 77 75 76 79 82 80 79 78 81 80 79 79 82 82 83 83 85 80 79 81 84 83 85 82 83 76 77 77 80 83 85 87 86 89 89 88 87 87 86 91 91 92 88 90 90 92 88 91 91 94 92 95 95 92 88 93 93 95 95 94 92 88 87 89 89 95 95 0 17 4 16 27 36 4 16 9 23 31 42 9 23 2 11 25 10 12 27 16 26 6 20 16 26 21 34 10 24 21 34 14 9 2 11 36 6 40 47 18 30 40 47 45 53 22 35 45 53 38 55 14 9 26 14 34 43 42 50 34 43 30 41 46 54 30 41 25 10 38 55 24 38 28 37 75 76 28 37 33 44 79 82 33 44 26 14 73 13 84 8 88 87 39 46 88 87 93 93 43 51 93 93 86 94 37 12 74 5 82 83 90 90 82 83 78 81 94 92 78 81 73 13 86 94 72 78 76 77 51 56 76 77 81 84 55 62 81 84 74 5 49 4 60 7 64 67 87 86 64 67 69 73 91 91 69 73 62 74 85 3 50 2 58 63 66 70 58 63 54 61 70 72 54 61 49 4 62 74 48 58 52 57 3 15 52 57 57 64 7 21 57 64 50 2 1 1 13 31 19 28 63 66 19 28 15 25 67 71 15 25 12 27 61 0 72 78 48 58 0 17 165 102 116 129 105 103 189 105 166 177 153 106 140 108 117 133 164 109 118 111 142 157 129 112 141 114 190 196 177 115 107 117 109 121 108 118 107 117 111 123 112 120 110 122 112 120 111 123 110 122 114 126 115 124 113 125 115 124 114 126 108 118 109 121 115 124 119 127 121 131 120 128 123 130 124 135 121 131 122 132 124 135 123 130 122 132 126 137 127 134 125 136 127 134 126 137 120 128 121 131 127 134 131 138 133 142 132 139 131 138 135 144 136 141 134 143 136 141 135 144 138 145 139 147 136 141 137 146 139 147 138 145 132 139 133 142 139 147 143 148 145 151 144 149 143 148 147 153 148 150 146 152 148 150 147 153 146 152 150 156 151 154 149 155 151 154 150 156 144 149 145 151 151 154 155 158 157 162 156 159 155 158 159 164 160 161 158 163 160 161 159 164 162 165 163 167 160 161 161 166 163 167 162 165 156 159 157 162 163 167 167 168 169 171 168 169 167 168 171 173 172 170 170 172 172 170 171 173 170 172 174 176 175 174 173 175 175 174 174 176 168 169 169 171 175 174 179 178 181 182 180 179 179 178 183 184 184 181 182 183 184 181 183 184 182 183 186 187 187 185 185 186 187 185 186 187 180 179 181 182 187 185 191 188 193 191 192 189 191 188 195 193 196 190 194 192 196 190 195 193 198 194 199 197 196 190 197 195 199 197 198 194 192 189 193 191 199 197 104 119 108 118 131 138 108 118 113 125 135 144 113 125 106 113 129 112 116 129 120 128 110 122 120 128 125 136 114 126 125 136 118 111 106 113 140 108 144 149 122 132 144 149 149 155 126 137 149 155 142 157 118 111 130 116 138 145 146 152 138 145 134 143 150 156 134 143 129 112 142 157 128 140 132 139 179 178 132 139 137 146 183 184 137 146 130 116 177 115 188 110 192 189 143 148 192 189 197 195 147 153 197 195 190 196 141 114 178 107 186 187 194 192 186 187 182 183 198 194 182 183 177 115 190 196 176 180 180 179 155 158 180 179 185 186 159 164 185 186 178 107 153 106 164 109 168 169 191 188 168 169 173 175 195 193 173 175 166 177 189 105 154 104 162 165 170 172 162 165 158 163 174 176 158 163 153 106 166 177 152 160 156 159 107 117 156 159 161 166 111 123 161 166 154 104 105 103 117 133 123 130 167 168 123 130 119 127 171 173 119 127 116 129 165 102 176 180 152 160 104 119 261 198 212 225 201 199 285 201 262 272 249 202 236 204 213 229 260 205 214 207 238 252 225 208 237 210 286 293 273 211 203 213 205 217 204 214 203 213 207 219 208 216 206 218 208 216 207 219 210 220 211 222 208 216 209 221 211 222 210 220 204 214 205 217 211 222 215 223 217 227 216 224 219 226 220 231 217 227 218 228 220 231 219 226 218 228 222 233 223 230 221 232 223 230 222 233 221 232 216 224 217 227 227 234 229 238 228 235 227 234 231 240 232 237 230 239 232 237 231 240 230 239 234 243 235 241 233 242 235 241 234 243 228 235 229 238 235 241 239 244 241 247 240 245 239 244 243 249 244 246 242 248 244 246 243 249 246 250 247 253 244 246 245 251 247 253 246 250 240 245 241 247 247 253 251 254 253 258 252 255 251 254 255 260 256 257 254 259 256 257 255 260 258 261 259 263 256 257 257 262 259 263 258 261 252 255 253 258 259 263 263 264 265 267 264 265 263 264 267 269 268 266 266 268 268 266 267 269 270 270 271 273 268 266 269 271 271 273 270 270 264 265 265 267 271 273 275 274 277 278 276 275 275 274 279 280 280 277 278 279 280 277 279 280 282 281 283 283 280 277 281 282 283 283 282 281 276 275 277 278 283 283 287 284 289 287 288 285 287 284 291 289 292 286 290 288 292 286 291 289 290 288 294 292 295 290 293 291 295 290 294 292 288 285 289 287 295 290 200 215 204 214 227 234 204 214 209 221 231 240 209 221 202 209 225 208 212 225 216 224 206 218 216 224 221 232 210 220 221 232 214 207 202 209 236 204 240 245 218 228 240 245 245 251 222 233 245 251 238 252 214 207 226 212 234 243 242 248 242 248 234 243 230 239 246 250 230 239 225 208 272 276 224 236 228 235 228 235 233 242 279 280 233 242 226 212 273 211 284 206 288 285 239 244 288 285 293 291 243 249 243 249 293 291 286 293 285 201 274 203 282 281 290 288 282 281 278 279 278 279 273 211 286 293 272 276 276 275 251 254 276 275 281 282 255 260 281 282 274 203 249 202 260 205 264 265 287 284 264 265 269 271 291 289 269 271 262 272 285 201 250 200 258 261 266 268 258 261 254 259 270 270 254 259 249 202 262 272 248 256 252 255 203 213 252 255 257 262 207 219 207 219 257 262 250 200 260 205 213 229 219 226 219 226 215 223 267 269 215 223 212 225 261 198 272 276 248 256 200 215 357 294 308 321 297 295 381 297 358 368 345 298 332 300 309 325 356 301 310 303 334 348 321 304 333 306 382 388 369 307 299 309 301 313 300 310 299 309 303 315 304 312 302 314 304 312 303 315 306 316 307 318 304 312 305 317 307 318 306 316 300 310 301 313 307 318 311 319 313 323 312 320 315 322 316 327 313 323 314 324 316 327 315 322 314 324 318 329 319 326 317 328 319 326 318 329 317 328 312 320 313 323 323 330 325 334 324 331 323 330 327 336 328 333 326 335 328 333 327 336 330 337 331 339 328 333 329 338 331 339 330 337 324 331 325 334 331 339 335 340 337 343 336 341 335 340 339 345 340 342 338 344 340 342 339 345 342 346 343 349 340 342 341 347 343 349 342 346 336 341 337 343 343 349 347 350 349 354 348 351 347 350 351 356 352 353 350 355 352 353 351 356 350 355 354 359 355 357 353 358 355 357 354 359 348 351 349 354 355 357 359 360 361 363 360 361 359 360 363 365 364 362 362 364 364 362 363 365 366 366 367 369 364 362 365 367 367 369 366 366 360 361 361 363 367 369 371 370 373 374 372 371 371 370 375 376 376 373 374 375 376 373 375 376 378 377 379 379 376 373 377 378 379 379 378 377 372 371 373 374 379 379 383 380 385 383 384 381 383 380 387 385 388 382 386 384 388 382 387 385 390 386 391 389 388 382 389 387 391 389 390 386 384 381 385 383 391 389 296 311 300 310 323 330 300 310 305 317 327 336 305 317 298 305 321 304 308 321 312 320 302 314 312 320 317 328 306 316 317 328 310 303 298 305 332 300 336 341 314 324 336 341 341 347 318 329 341 347 334 348 310 303 322 308 330 337 338 344 330 337 326 335 342 346 326 335 321 304 334 348 368 372 320 332 324 331 324 331 329 338 375 376 329 338 322 308 369 307 380 302 384 381 335 340 384 381 389 387 339 345 339 345 389 387 382 388 370 299 378 377 386 384 378 377 374 375 390 386 374 375 369 307 382 388 368 372 372 371 347 350 372 371 377 378 351 356 377 378 370 299 345 298 356 301 360 361 383 380 360 361 365 367 387 385 365 367 358 368 381 297 346 296 354 359 362 364 362 364 354 359 350 355 366 366 350 355 345 298 344 352 348 351 299 309 348 351 353 358 303 315 303 315 353 358 346 296 356 301 309 325 315 322 315 322 311 319 363 365 311 319 308 321 357 294 368 372 344 352 296 311</p>
        </triangles>
        <triangles material="rubber-material" count="104">
          <input semantic="VERTEX" source="#payload_box-mesh-vertices" offset="0"/>
          <input semantic="NORMAL" source="#payload_box-mesh-normals" offset="1"/>
          <p>97 96 98 96 96 96 99 97 102 97 98 97 103 98 100 98 102 98 101 99 96 99 100 99 102 100 96 100 98 100 99 101 101 101 103 101 393 390 400 391 392 392 394 393 401 394 393 395 395 396 402 397 394 398 396 399 403 400 395 401 396 402 405 403 404 404 397 405 406 406 405 407 398 408 407 409 406 410 399 411 400 412 407 413 400 414 409 415 408 416 401 394 410 417 409 418 402 397 411 419 410 420 403 421 412 422 411 423 405 424 412 422 404 425 406 406 413 426 405 407 407 409 414 427 406 410 400 414 415 428 407 429 409 415 416 430 408 416 410 417 417 431 409 418 411 419 418 432 410 420 411 423 420 433 419 434 413 435 420 433 412 422 414 436 421 437 413 426 415 438 422 439 414 427 408 416 423 440 415 428 417 441 424 442 416 430 418 443 425 444 417 431 419 445 426 446 418 432 420 433 427 447 419 434 420 433 429 448 428 449 421 437 430 450 429 451 422 439 431 452 430 453 423 440 424 442 431 454 424 455 433 456 432 457 425 444 434 458 433 459 426 446 435 460 434 461 427 462 436 463 435 464 429 465 436 466 428 467 430 450 437 468 429 451 431 452 438 469 430 453 424 470 439 471 431 472 395 100 394 100 393 100 432 473 434 100 436 473 97 96 99 96 98 96 99 97 103 97 102 97 103 98 101 98 100 98 101 99 97 99 96 99 102 100 100 100 96 100 99 101 97 101 101 101 393 390 401 938 400 391 394 393 402 939 401 394 395 396 403 940 402 397 396 399 404 941 403 400 396 402 397 942 405 403 397 405 398 943 406 406 398 408 399 944 407 409 399 411 392 945 400 412 400 414 401 946 409 415 401 394 402 939 410 417 402 397 403 940 411 419 403 421 404 425 412 422 405 424 413 435 412 422 406 406 414 436 413 426 407 409 415 438 414 427 400 414 408 416 415 428 409 415 417 441 416 430 410 417 418 443 417 431 411 419 419 445 418 432 411 423 412 422 420 433 413 435 421 947 420 433 414 436 422 948 421 437 415 438 423 949 422 439 408 416 416 430 423 440 417 441 425 950 424 442 418 443 426 951 425 444 419 445 427 952 426 446 420 433 428 449 427 447 420 433 421 947 429 448 421 437 422 948 430 450 422 439 423 949 431 452 423 440 416 430 424 442 424 455 425 953 433 456 425 444 426 951 434 458 426 446 427 952 435 460 427 462 428 954 436 463 429 465 437 955 436 466 430 450 438 956 437 468 431 452 439 957 438 469 424 470 432 958 439 471 393 100 392 100 397 100 392 100 399 100 397 100 399 100 398 100 397 100 397 100 396 100 393 100 396 100 395 100 393 100 438 959 439 100 432 473 432 473 433 100 434 100 434 100 435 100 436 473 436 473 437 100 438 959 438 959 432 473 436 473</p>
        </triangles>
        <triangles material="gunmetal-material" count="884">
          <input semantic="VERTEX" source="#payload_box-mesh-vertices" offset="0"/>
          <input semantic="NORMAL" source="#payload_box-mesh-normals" offset="1"/>
          <p>441 474 442 475 440 476 443 477 444 478 442 475 445 479 446 480 444 478 447 481 448 482 446 483 449 484 450 485 448 482 451 486 452 487 450 485 453 488 454 489 452 487 455 490 456 491 454 489 456 491 459 492 458 493 459 494 460 495 458 496 449 497 447 498 445 499 461 500 462 501 460 495 463 502 440 476 462 501 460 97 462 97 454 97 465 503 466 504 464 505 467 506 468 507 466 504 469 508 470 509 468 507 471 510 472 511 470 512 473 513 474 514 472 511 475 515 476 516 474 514 477 517 478 518 476 516 479 519 480 520 478 518 481 521 482 522 480 520 482 523 485 524 484 525 473 99 471 99 469 99 485 524 486 526 484 525 487 527 464 505 486 526 484 528 486 529 478 530 549 531 489 532 538 533 573 534 537 535 562 536 524 537 548 538 572 539 502 540 513 541 490 542 525 543 561 544 514 545 491 546 492 547 488 548 491 546 496 549 493 550 494 551 495 552 489 532 494 551 499 553 496 549 497 554 498 555 490 542 492 547 499 553 497 554 493 550 496 549 499 553 503 556 504 557 500 558 507 559 505 560 503 556 506 561 507 559 501 562 506 561 511 563 508 564 509 565 510 566 502 540 504 557 511 563 509 565 505 560 508 564 511 563 515 567 516 568 512 569 515 567 520 570 517 571 518 572 519 573 513 541 522 574 520 570 518 572 521 575 522 574 514 545 516 568 523 576 521 575 517 571 520 570 523 576 527 577 528 578 524 537 527 577 532 579 529 580 530 581 531 582 525 543 530 581 535 583 532 579 533 584 534 585 526 586 528 578 535 583 533 584 529 580 532 579 535 583 539 587 540 588 536 589 539 587 544 590 541 591 542 592 543 593 537 535 546 594 544 590 542 592 545 595 546 594 538 533 540 588 547 596 545 595 541 591 544 590 547 596 551 597 552 598 548 538 551 597 556 599 553 600 554 601 555 602 549 531 554 601 559 603 556 599 557 604 558 605 550 606 552 598 559 603 557 604 553 600 556 599 559 603 563 607 564 608 560 609 563 607 568 610 565 611 566 612 567 613 561 544 566 612 571 614 568 610 569 615 570 616 562 536 564 608 571 614 569 615 565 611 568 610 571 614 575 617 576 618 572 539 575 617 580 619 577 620 578 621 579 622 573 534 582 623 580 619 578 621 581 624 582 623 574 625 576 618 583 626 581 624 577 620 580 619 583 626 488 548 515 567 512 569 492 547 519 573 515 567 497 554 513 541 519 573 500 558 494 551 489 532 504 557 498 555 494 551 509 565 490 542 498 555 524 537 506 561 501 562 528 578 510 566 506 561 533 584 502 540 510 566 514 545 530 581 525 543 522 574 534 585 530 581 518 572 526 586 534 585 512 569 563 607 560 609 516 568 567 613 563 607 521 575 561 544 567 613 572 539 527 577 524 537 576 618 531 582 527 577 581 624 525 543 531 582 562 536 578 621 573 534 570 616 582 623 578 621 566 612 574 625 582 623 560 609 539 587 536 589 564 608 543 593 539 587 569 615 537 535 543 593 548 538 575 617 572 539 552 598 579 622 575 617 557 604 573 534 579 622 538 533 554 601 549 531 546 594 558 605 554 601 542 592 550 606 558 605 536 589 491 546 488 548 540 588 495 552 491 546 545 595 489 532 495 552 501 562 551 597 548 538 507 559 555 602 551 597 503 556 549 531 555 602 560 609 488 548 512 569 645 627 585 628 634 629 669 630 633 631 658 632 620 633 644 634 668 635 598 636 609 637 586 638 621 639 657 640 610 641 587 642 588 643 584 644 587 642 592 645 589 646 590 647 591 648 585 628 590 647 595 649 592 645 593 650 594 651 586 638 588 643 595 649 593 650 589 646 592 645 595 649 599 652 600 653 596 654 603 655 601 656 599 652 602 657 603 655 597 658 602 657 607 659 604 660 605 661 606 662 598 636 600 653 607 659 605 661 601 656 604 660 607 659 611 663 612 664 608 665 611 663 616 666 613 667 614 668 615 669 609 637 618 670 616 666 614 668 617 671 618 670 610 641 612 664 619 672 617 671 613 667 616 666 619 672 623 673 624 674 620 633 623 673 628 675 625 676 626 677 627 678 621 639 626 677 631 679 628 675 629 680 630 681 622 682 624 674 631 679 629 680 625 676 628 675 631 679 635 683 636 684 632 685 635 683 640 686 637 687 638 688 639 689 633 631 642 690 640 686 638 688 641 691 642 690 634 629 636 684 643 692 641 691 637 687 640 686 643 692 647 693 648 694 644 634 647 693 652 695 649 696 650 697 651 698 645 627 650 697 655 699 652 695 653 700 654 701 646 702 648 694 655 699 653 700 649 696 652 695 655 699 659 703 660 704 656 705 659 703 664 706 661 707 662 708 663 709 657 640 662 708 667 710 664 706 665 711 666 712 658 632 660 704 667 710 665 711 661 707 664 706 667 710 671 713 672 714 668 635 671 713 676 715 673 716 674 717 675 718 669 630 678 719 676 715 674 717 677 720 678 719 670 721 672 714 679 722 677 720 673 716 676 715 679 722 584 644 611 663 608 665 588 643 615 669 611 663 593 650 609 637 615 669 596 654 590 647 585 628 600 653 594 651 590 647 605 661 586 638 594 651 620 633 602 657 597 658 624 674 606 662 602 657 629 680 598 636 606 662 610 641 626 677 621 639 618 670 630 681 626 677 614 668 622 682 630 681 608 665 659 703 656 705 612 664 663 709 659 703 617 671 657 640 663 709 668 635 623 673 620 633 672 714 627 678 623 673 677 720 621 639 627 678 658 632 674 717 669 630 666 712 678 719 674 717 662 708 670 721 678 719 656 705 635 683 632 685 660 704 639 689 635 683 665 711 633 631 639 689 644 634 671 713 668 635 648 694 675 718 671 713 653 700 669 630 675 718 634 629 650 697 645 627 642 690 654 701 650 697 638 688 646 702 654 701 632 685 587 642 584 644 636 684 591 648 587 642 641 691 585 628 591 648 597 658 647 693 644 634 603 655 651 698 647 693 599 652 645 627 651 698 656 705 584 644 608 665 741 723 681 724 730 725 765 726 729 727 754 728 716 729 740 730 764 731 694 732 705 733 682 734 717 735 753 736 706 737 683 738 684 739 680 740 683 738 688 741 685 742 686 743 687 744 681 724 690 745 688 741 686 743 689 746 690 745 682 734 684 739 691 747 689 746 685 742 688 741 691 747 695 748 696 749 692 750 699 751 697 752 695 748 698 753 699 751 693 754 698 753 703 755 700 756 701 757 702 758 694 732 696 749 703 755 701 757 697 752 700 756 703 755 707 759 708 760 704 761 707 759 712 762 709 763 710 764 711 765 705 733 710 764 715 766 712 762 713 767 714 768 706 737 708 760 715 766 713 767 709 763 712 762 715 766 719 769 720 770 716 729 719 769 724 771 721 772 722 773 723 774 717 735 726 775 724 771 722 773 725 776 726 775 718 777 720 770 727 778 725 776 721 772 724 771 727 778 731 779 732 780 728 781 731 779 736 782 733 783 734 784 735 785 729 727 738 786 736 782 734 784 737 787 738 786 730 725 732 780 739 788 737 787 733 783 736 782 739 788 743 789 744 790 740 730 743 789 748 791 745 792 746 793 747 794 741 723 746 793 751 795 748 791 749 796 750 797 742 798 744 790 751 795 749 796 745 792 748 791 751 795 755 799 756 800 752 801 755 799 760 802 757 803 758 804 759 805 753 736 762 806 760 802 758 804 761 807 762 806 754 728 756 800 763 808 761 807 757 803 760 802 763 808 767 809 768 810 764 731 767 809 772 811 769 812 770 813 771 814 765 726 770 813 775 815 772 811 773 816 774 817 766 818 768 810 775 815 773 816 769 812 772 811 775 815 680 740 707 759 704 761 684 739 711 765 707 759 689 746 705 733 711 765 692 750 686 743 681 724 696 749 690 745 686 743 701 757 682 734 690 745 716 729 698 753 693 754 720 770 702 758 698 753 725 776 694 732 702 758 706 737 722 773 717 735 714 768 726 775 722 773 710 764 718 777 726 775 704 761 755 799 752 801 708 760 759 805 755 799 713 767 753 736 759 805 764 731 719 769 716 729 768 810 723 774 719 769 773 816 717 735 723 774 754 728 770 813 765 726 762 806 774 817 770 813 758 804 766 818 774 817 752 801 731 779 728 781 756 800 735 785 731 779 761 807 729 727 735 785 740 730 767 809 764 731 744 790 771 814 767 809 749 796 765 726 771 814 730 725 746 793 741 723 738 786 750 797 746 793 734 784 742 798 750 797 728 781 683 738 680 740 732 780 687 744 683 738 737 787 681 724 687 744 693 754 743 789 740 730 699 751 747 794 743 789 695 748 741 723 747 794 752 801 680 740 704 761 845 819 785 820 834 821 869 726 833 727 858 728 820 822 844 823 868 824 798 825 809 826 786 827 821 828 857 829 810 830 787 831 788 832 784 833 787 831 792 834 789 835 790 836 791 837 785 820 794 838 792 834 790 836 793 839 794 838 786 827 788 832 795 840 793 839 789 835 792 834 795 840 799 841 800 842 796 843 803 844 801 845 799 841 802 846 803 844 797 847 802 846 807 848 804 849 805 850 806 851 798 825 805 850 801 845 807 848 801 845 804 849 807 848 811 852 812 853 808 854 811 852 816 855 813 856 814 857 815 858 809 826 818 859 816 855 814 857 817 860 818 859 810 830 812 853 819 861 817 860 813 856 816 855 819 861 823 862 824 863 820 822 823 862 828 864 825 865 826 866 827 867 821 828 830 868 828 864 826 866 829 869 830 868 822 870 824 863 831 871 829 869 825 865 828 864 831 871 835 872 836 873 832 874 835 872 840 875 837 876 838 877 839 878 833 727 838 877 843 879 840 875 841 880 842 881 834 821 836 873 843 879 841 880 837 876 840 875 843 879 847 882 848 883 844 823 847 882 852 884 849 885 850 886 851 887 845 819 854 888 852 884 850 886 853 889 854 888 846 798 848 883 855 890 853 889 849 885 852 884 855 890 859 891 860 892 856 893 859 891 864 894 861 895 862 896 863 897 857 829 862 896 867 898 864 894 865 899 866 900 858 728 860 892 867 898 865 899 861 895 864 894 867 898 871 901 872 902 868 824 871 901 876 903 873 904 874 905 875 906 869 726 878 907 876 903 874 905 877 908 878 907 870 909 872 902 879 910 877 908 873 904 876 903 879 910 784 833 811 852 808 854 788 832 815 858 811 852 793 839 809 826 815 858 796 843 790 836 785 820 800 842 794 838 790 836 805 850 786 827 794 838 820 822 802 846 797 847 824 863 806 851 802 846 829 869 798 825 806 851 810 830 826 866 821 828 818 859 830 868 826 866 814 857 822 870 830 868 808 854 859 891 856 893 812 853 863 897 859 891 817 860 857 829 863 897 868 824 823 862 820 822 872 902 827 867 823 862 877 908 821 828 827 867 858 728 874 905 869 726 866 900 878 907 874 905 862 896 870 909 878 907 856 893 835 872 832 874 860 892 839 878 835 872 865 899 833 727 839 878 844 823 871 901 868 824 848 883 875 906 871 901 853 889 869 726 875 906 834 821 850 886 845 819 842 881 854 888 850 886 838 877 846 798 854 888 832 874 787 831 784 833 836 873 791 837 787 831 841 880 785 820 791 837 797 847 847 882 844 823 803 844 851 887 847 882 799 841 845 819 851 887 856 893 784 833 808 854 889 911 890 912 888 913 891 914 892 915 890 912 893 916 894 917 892 915 895 918 896 919 894 917 897 920 898 921 896 919 899 922 900 923 898 921 901 924 902 925 900 923 903 926 904 927 902 925 905 928 906 929 904 927 907 930 908 931 906 929 889 932 909 933 901 934 909 935 910 936 908 931 911 937 888 913 910 936 906 100 910 100 894 100 441 474 443 477 442 475 443 477 445 479 444 478 445 479 447 960 446 480 447 481 449 484 448 482 449 484 451 486 450 485 451 486 453 488 452 487 453 488 455 490 454 489 455 490 457 961 456 491 456 491 457 961 459 492 459 494 461 500 460 495 445 499 443 962 451 963 443 962 441 964 453 965 441 964 463 966 453 965 463 966 461 967 455 968 453 965 463 966 455 968 461 967 459 969 457 970 457 970 455 968 461 967 453 965 451 963 443 962 451 963 449 497 445 499 461 500 463 502 462 501 463 502 441 474 440 476 462 97 440 97 454 97 440 97 442 97 452 97 454 97 440 97 452 97 442 97 444 97 450 97 444 97 446 97 448 97 450 97 444 97 448 97 450 97 452 97 442 97 454 97 456 97 460 97 456 97 458 97 460 97 465 503 467 506 466 504 467 506 469 508 468 507 469 508 471 971 470 509 471 510 473 513 472 511 473 513 475 515 474 514 475 515 477 517 476 516 477 517 479 519 478 518 479 519 481 521 480 520 481 521 483 493 482 522 482 523 483 496 485 524 469 99 467 99 475 99 467 99 465 99 477 99 465 99 487 99 477 99 487 99 485 99 479 99 477 99 487 99 479 99 485 99 483 99 481 99 481 99 479 99 485 99 477 99 475 99 467 99 475 99 473 99 469 99 485 524 487 527 486 526 487 527 465 503 464 505 486 529 464 972 478 530 464 972 466 973 476 974 478 530 464 972 476 974 466 973 468 975 474 976 468 975 470 977 472 978 474 976 468 975 472 978 474 976 476 974 466 973 478 530 480 979 484 528 480 979 482 980 484 528 549 531 500 558 489 532 573 534 550 606 537 535 524 537 501 562 548 538 502 540 526 586 513 541 525 543 574 625 561 544 491 546 493 550 492 547 491 546 495 552 496 549 494 551 496 549 495 552 494 551 498 555 499 553 497 554 499 553 498 555 492 547 493 550 499 553 503 556 505 560 504 557 507 559 508 564 505 560 506 561 508 564 507 559 506 561 510 566 511 563 509 565 511 563 510 566 504 557 505 560 511 563 515 567 517 571 516 568 515 567 519 573 520 570 518 572 520 570 519 573 522 574 523 576 520 570 521 575 523 576 522 574 516 568 517 571 523 576 527 577 529 580 528 578 527 577 531 582 532 579 530 581 532 579 531 582 530 581 534 585 535 583 533 584 535 583 534 585 528 578 529 580 535 583 539 587 541 591 540 588 539 587 543 593 544 590 542 592 544 590 543 593 546 594 547 596 544 590 545 595 547 596 546 594 540 588 541 591 547 596 551 597 553 600 552 598 551 597 555 602 556 599 554 601 556 599 555 602 554 601 558 605 559 603 557 604 559 603 558 605 552 598 553 600 559 603 563 607 565 611 564 608 563 607 567 613 568 610 566 612 568 610 567 613 566 612 570 616 571 614 569 615 571 614 570 616 564 608 565 611 571 614 575 617 577 620 576 618 575 617 579 622 580 619 578 621 580 619 579 622 582 623 583 626 580 619 581 624 583 626 582 623 576 618 577 620 583 626 488 548 492 547 515 567 492 547 497 554 519 573 497 554 490 542 513 541 500 558 504 557 494 551 504 557 509 565 498 555 509 565 502 540 490 542 524 537 528 578 506 561 528 578 533 584 510 566 533 584 526 586 502 540 514 545 522 574 530 581 522 574 518 572 534 585 518 572 513 541 526 586 512 569 516 568 563 607 516 568 521 575 567 613 521 575 514 545 561 544 572 539 576 618 527 577 576 618 581 624 531 582 581 624 574 625 525 543 562 536 570 616 578 621 570 616 566 612 582 623 566 612 561 544 574 625 560 609 564 608 539 587 564 608 569 615 543 593 569 615 562 536 537 535 548 538 552 598 575 617 552 598 557 604 579 622 557 604 550 606 573 534 538 533 546 594 554 601 546 594 542 592 558 605 542 592 537 535 550 606 536 589 540 588 491 546 540 588 545 595 495 552 545 595 538 533 489 532 501 562 507 559 551 597 507 559 503 556 555 602 503 556 500 558 549 531 560 609 536 589 488 548 645 627 596 654 585 628 669 630 646 702 633 631 620 633 597 658 644 634 598 636 622 682 609 637 621 639 670 721 657 640 587 642 589 646 588 643 587 642 591 648 592 645 590 647 592 645 591 648 590 647 594 651 595 649 593 650 595 649 594 651 588 643 589 646 595 649 599 652 601 656 600 653 603 655 604 660 601 656 602 657 604 660 603 655 602 657 606 662 607 659 605 661 607 659 606 662 600 653 601 656 607 659 611 663 613 667 612 664 611 663 615 669 616 666 614 668 616 666 615 669 618 670 619 672 616 666 617 671 619 672 618 670 612 664 613 667 619 672 623 673 625 676 624 674 623 673 627 678 628 675 626 677 628 675 627 678 626 677 630 681 631 679 629 680 631 679 630 681 624 674 625 676 631 679 635 683 637 687 636 684 635 683 639 689 640 686 638 688 640 686 639 689 642 690 643 692 640 686 641 691 643 692 642 690 636 684 637 687 643 692 647 693 649 696 648 694 647 693 651 698 652 695 650 697 652 695 651 698 650 697 654 701 655 699 653 700 655 699 654 701 648 694 649 696 655 699 659 703 661 707 660 704 659 703 663 709 664 706 662 708 664 706 663 709 662 708 666 712 667 710 665 711 667 710 666 712 660 704 661 707 667 710 671 713 673 716 672 714 671 713 675 718 676 715 674 717 676 715 675 718 678 719 679 722 676 715 677 720 679 722 678 719 672 714 673 716 679 722 584 644 588 643 611 663 588 643 593 650 615 669 593 650 586 638 609 637 596 654 600 653 590 647 600 653 605 661 594 651 605 661 598 636 586 638 620 633 624 674 602 657 624 674 629 680 606 662 629 680 622 682 598 636 610 641 618 670 626 677 618 670 614 668 630 681 614 668 609 637 622 682 608 665 612 664 659 703 612 664 617 671 663 709 617 671 610 641 657 640 668 635 672 714 623 673 672 714 677 720 627 678 677 720 670 721 621 639 658 632 666 712 674 717 666 712 662 708 678 719 662 708 657 640 670 721 656 705 660 704 635 683 660 704 665 711 639 689 665 711 658 632 633 631 644 634 648 694 671 713 648 694 653 700 675 718 653 700 646 702 669 630 634 629 642 690 650 697 642 690 638 688 654 701 638 688 633 631 646 702 632 685 636 684 587 642 636 684 641 691 591 648 641 691 634 629 585 628 597 658 603 655 647 693 603 655 599 652 651 698 599 652 596 654 645 627 656 705 632 685 584 644 741 723 692 750 681 724 765 726 742 798 729 727 716 729 693 754 740 730 694 732 718 777 705 733 717 735 766 818 753 736 683 738 685 742 684 739 683 738 687 744 688 741 686 743 688 741 687 744 690 745 691 747 688 741 689 746 691 747 690 745 684 739 685 742 691 747 695 748 697 752 696 749 699 751 700 756 697 752 698 753 700 756 699 751 698 753 702 758 703 755 701 757 703 755 702 758 696 749 697 752 703 755 707 759 709 763 708 760 707 759 711 765 712 762 710 764 712 762 711 765 710 764 714 768 715 766 713 767 715 766 714 768 708 760 709 763 715 766 719 769 721 772 720 770 719 769 723 774 724 771 722 773 724 771 723 774 726 775 727 778 724 771 725 776 727 778 726 775 720 770 721 772 727 778 731 779 733 783 732 780 731 779 735 785 736 782 734 784 736 782 735 785 738 786 739 788 736 782 737 787 739 788 738 786 732 780 733 783 739 788 743 789 745 792 744 790 743 789 747 794 748 791 746 793 748 791 747 794 746 793 750 797 751 795 749 796 751 795 750 797 744 790 745 792 751 795 755 799 757 803 756 800 755 799 759 805 760 802 758 804 760 802 759 805 762 806 763 808 760 802 761 807 763 808 762 806 756 800 757 803 763 808 767 809 769 812 768 810 767 809 771 814 772 811 770 813 772 811 771 814 770 813 774 817 775 815 773 816 775 815 774 817 768 810 769 812 775 815 680 740 684 739 707 759 684 739 689 746 711 765 689 746 682 734 705 733 692 750 696 749 686 743 696 749 701 757 690 745 701 757 694 732 682 734 716 729 720 770 698 753 720 770 725 776 702 758 725 776 718 777 694 732 706 737 714 768 722 773 714 768 710 764 726 775 710 764 705 733 718 777 704 761 708 760 755 799 708 760 713 767 759 805 713 767 706 737 753 736 764 731 768 810 719 769 768 810 773 816 723 774 773 816 766 818 717 735 754 728 762 806 770 813 762 806 758 804 774 817 758 804 753 736 766 818 752 801 756 800 731 779 756 800 761 807 735 785 761 807 754 728 729 727 740 730 744 790 767 809 744 790 749 796 771 814 749 796 742 798 765 726 730 725 738 786 746 793 738 786 734 784 750 797 734 784 729 727 742 798 728 781 732 780 683 738 732 780 737 787 687 744 737 787 730 725 681 724 693 754 699 751 743 789 699 751 695 748 747 794 695 748 692 750 741 723 752 801 728 781 680 740 845 819 796 843 785 820 869 726 846 798 833 727 820 822 797 847 844 823 798 825 822 870 809 826 821 828 870 909 857 829 787 831 789 835 788 832 787 831 791 837 792 834 790 836 792 834 791 837 794 838 795 840 792 834 793 839 795 840 794 838 788 832 789 835 795 840 799 841 801 845 800 842 803 844 804 849 801 845 802 846 804 849 803 844 802 846 806 851 807 848 805 850 807 848 806 851 805 850 800 842 801 845 811 852 813 856 812 853 811 852 815 858 816 855 814 857 816 855 815 858 818 859 819 861 816 855 817 860 819 861 818 859 812 853 813 856 819 861 823 862 825 865 824 863 823 862 827 867 828 864 826 866 828 864 827 867 830 868 831 871 828 864 829 869 831 871 830 868 824 863 825 865 831 871 835 872 837 876 836 873 835 872 839 878 840 875 838 877 840 875 839 878 838 877 842 881 843 879 841 880 843 879 842 881 836 873 837 876 843 879 847 882 849 885 848 883 847 882 851 887 852 884 850 886 852 884 851 887 854 888 855 890 852 884 853 889 855 890 854 888 848 883 849 885 855 890 859 891 861 895 860 892 859 891 863 897 864 894 862 896 864 894 863 897 862 896 866 900 867 898 865 899 867 898 866 900 860 892 861 895 867 898 871 901 873 904 872 902 871 901 875 906 876 903 874 905 876 903 875 906 878 907 879 910 876 903 877 908 879 910 878 907 872 902 873 904 879 910 784 833 788 832 811 852 788 832 793 839 815 858 793 839 786 827 809 826 796 843 800 842 790 836 800 842 805 850 794 838 805 850 798 825 786 827 820 822 824 863 802 846 824 863 829 869 806 851 829 869 822 870 798 825 810 830 818 859 826 866 818 859 814 857 830 868 814 857 809 826 822 870 808 854 812 853 859 891 812 853 817 860 863 897 817 860 810 830 857 829 868 824 872 902 823 862 872 902 877 908 827 867 877 908 870 909 821 828 858 728 866 900 874 905 866 900 862 896 878 907 862 896 857 829 870 909 856 893 860 892 835 872 860 892 865 899 839 878 865 899 858 728 833 727 844 823 848 883 871 901 848 883 853 889 875 906 853 889 846 798 869 726 834 821 842 881 850 886 842 881 838 877 854 888 838 877 833 727 846 798 832 874 836 873 787 831 836 873 841 880 791 837 841 880 834 821 785 820 797 847 803 844 847 882 803 844 799 841 851 887 799 841 796 843 845 819 856 893 832 874 784 833 889 911 891 914 890 912 891 914 893 916 892 915 893 916 895 918 894 917 895 918 897 920 896 919 897 920 899 922 898 921 899 922 901 924 900 923 901 924 903 926 902 925 903 926 905 928 904 927 905 928 907 930 906 929 907 930 909 935 908 931 893 981 891 982 889 932 889 932 911 983 909 933 909 933 907 984 901 934 907 984 905 985 901 934 905 985 903 986 901 934 901 934 899 987 897 988 897 988 895 989 901 934 895 989 893 981 901 934 893 981 889 932 901 934 909 935 911 937 910 936 911 937 889 911 888 913 910 100 888 100 894 100 888 100 890 100 894 100 890 100 892 100 894 100 894 100 896 100 898 100 898 100 900 100 894 100 900 100 902 100 894 100 902 100 904 100 906 100 906 100 908 100 910 100 902 100 906 100 894 100</p>
        </triangles>
        <triangles material="label-material" count="24">
          <input semantic="VERTEX" source="#payload_box-mesh-vertices" offset="0"/>
          <input semantic="NORMAL" source="#payload_box-mesh-normals" offset="1"/>
          <p>777 96 778 96 776 96 779 97 782 97 778 97 783 98 780 98 782 98 781 99 776 99 780 99 782 100 776 100 778 100 779 101 781 101 783 101 881 96 882 96 880 96 883 97 886 97 882 97 887 98 884 98 886 98 885 99 880 99 884 99 886 100 880 100 882 100 883 101 885 101 887 101 777 96 779 96 778 96 779 97 783 97 782 97 783 98 781 98 780 98 781 99 777 99 776 99 782 100 780 100 776 100 779 101 777 101 781 101 881 96 883 96 882 96 883 97 887 97 886 97 887 98 885 98 884 98 885 99 881 99 880 99 886 100 884 100 880 100 883 101 881 101 885 101</p>
        </triangles>
      </mesh>
    </geometry>
  </library_geometries>
  <library_visual_scenes>
    <visual_scene id="Scene" name="Scene">
      <node id="payload_box" name="payload_box" type="NODE">
        <matrix sid="transform">1 0 0 0 0 1 0 0 0 0 1 0 0 0 0 1</matrix>
        <instance_geometry url="#payload_box-mesh" name="payload_box">
          <bind_material>
            <technique_common>
              <instance_material symbol="orange-material" target="#orange-material"/>
              <instance_material symbol="rubber-material" target="#rubber-material"/>
              <instance_material symbol="gunmetal-material" target="#gunmetal-material"/>
              <instance_material symbol="label-material" target="#label-material"/>
            </technique_common>
          </bind_material>
        </instance_geometry>
      </node>
    </visual_scene>
  </library_visual_scenes>
  <scene>
    <instance_visual_scene url="#Scene"/>
  </scene>
</COLLADA>