<?xml version="1.0" encoding="utf-8"?>
<COLLADA xmlns="http://www.collada.org/2005/11/COLLADASchema" version="1.4.1" xmlns:xsi="http://www.w3.org/2001/XMLSchema-instance">
  <asset>
    <contributor>
      <author>Blender User</author>
      <authoring_tool>Blender 4.2.0 commit date:2024-07-16, commit time:07:50, hash:bf738fd35afe</authoring_tool>
    </contributor>
    <created>2026-09-26T17:43:45</created>
    <modified>2026-09-26T17:43:45</modified>
    <unit name="meter" meter="1"/>
    <up_axis>Z_UP</up_axis>
  </asset>
  <library_effects>
    <effect id="neoprene-effect">
      <profile_COMMON>
        <technique sid="common">
          <lambert>
            <emission>
              <color sid="emission">0 0 0 1</color>
            </emission>
            <diffuse>
              <color sid="diffuse">0.018 0.019 0.02 1</color>
            </diffuse>
            <index_of_refraction>
              <float sid="ior">1.5</float>
            </index_of_refraction>
          </lambert>
        </technique>
      </profile_COMMON>
    </effect>
    <effect id="rubber-effect">
      <profile_COMMON>
        <technique sid="common">
          <lambert>
            <emission>
              <color sid="emission">0 0 0 1</color>
            </emission>
            <diffuse>
              <color sid="diffuse">0.012 0.012 0.012 1</color>
            </diffuse>
            <index_of_refraction>
              <float sid="ior">1.5</float>
            </index_of_refraction>
          </lambert>
        </technique>
      </profile_COMMON>
    </effect>
  </library_effects>
  <library_images/>
  <library_materials>
    <material id="neoprene-material" name="neoprene">
      <instance_effect url="#neoprene-effect"/>
    </material>
    <material id="rubber-material" name="rubber">
      <instance_effect url="#rubber-effect"/>
    </material>
  </library_materials>
  <library_geometries>
    <geometry id="skirt-mesh" name="skirt">
      <mesh>
        <source id="skirt-mesh-positions">
          <float_array id="skirt-mesh-positions-array" count="13392">1.5 -0.51 0 1.491087 -0.51 0.0390495 1.466114 -0.51 0.07036483 1.430027 -0.51 0.08774346 1.389973 -0.51 0.08774346 1.353886 -0.51 0.07036483 1.328913 -0.51 0.0390495 1.32 -0.51 0 1.328913 -0.51 -0.0390495 1.353886 -0.51 -0.07036483 1.389973 -0.51 -0.08774346 1.430027 -0.51 -0.08774346 1.466114 -0.51 -0.07036483 1.491087 -0.51 -0.0390495 1.5 -0.425 0 1.491087 -0.425 0.0390495 1.466114 -0.425 0.07036483 1.430027 -0.425 0.08774346 1.389973 -0.425 0.08774346 1.353886 -0.425 0.07036483 1.328913 -0.425 0.0390495 1.32 -0.425 0 1.328913 -0.425 -0.0390495 1.353886 -0.425 -0.07036483 1.389973 -0.425 -0.08774346 1.430027 -0.425 -0.08774346 1.466114 -0.425 -0.07036483 1.491087 -0.425 -0.0390495 1.5 -0.34 0 1.491087 -0.34 0.0390495 1.466114 -0.34 0.07036483 1.430027 -0.34 0.08774346 1.389973 -0.34 0.08774346 1.353886 -0.34 0.07036483 1.328913 -0.34 0.0390495 1.32 -0.34 0 1.328913 -0.34 -0.0390495 1.353886 -0.34 -0.07036483 1.389973 -0.34 -0.08774346 1.430027 -0.34 -0.08774346 1.466114 -0.34 -0.07036483 1.491087 -0.34 -0.0390495 1.5 -0.255 0 1.491087 -0.255 0.0390495 1.466114 -0.255 0.07036483 1.430027 -0.255 0.08774346 1.389973 -0.255 0.08774346 1.353886 -0.255 0.07036483 1.328913 -0.255 0.0390495 1.32 -0.255 0 1.328913 -0.255 -0.0390495 1.353886 -0.255 -0.07036483 1.389973 -0.255 -0.08774346 1.430027 -0.255 -0.08774346 1.466114 -0.255 -0.07036483 1.491087 -0.255 -0.0390495 1.5 -0.1699999 0 1.491087 -0.1699999 0.0390495 1.466114 -0.1699999 0.07036483 1.430027 -0.1699999 0.08774346 1.389973 -0.1699999 0.08774346 1.353886 -0.1699999 0.07036483 1.328913 -0.1699999 0.0390495 1.32 -0.1699999 0 1.328913 -0.1699999 -0.0390495 1.353886 -0.1699999 -0.07036483 1.389973 -0.1699999 -0.08774346 1.430027 -0.1699999 -0.08774346 1.466114 -0.1699999 -0.07036483 1.491087 -0.1699999 -0.0390495 1.5 -0.08500003 0 1.491087 -0.08500003 0.0390495 1.466114 -0.08500003 0.07036483 1.430027 -0.08500003 0.08774346 1.389973 -0.08500003 0.08774346 1.353886 -0.08500003 0.07036483 1.328913 -0.08500003 0.0390495 1.32 -0.08500003 0 1.328913 -0.08500003 -0.0390495 1.353886 -0.08500003 -0.07036483 1.389973 -0.08500003 -0.08774346 1.430027 -0.08500003 -0.08774346 1.466114 -0.08500003 -0.07036483 1.491087 -0.08500003 -0.0390495 1.5 0 0 1.491087 0 0.0390495 1.466114 0 0.07036483 1.430027 0 0.08774346 1.389973 0 0.08774346 1.353886 0 0.07036483 1.328913 0 0.0390495 1.32 0 0 1.328913 0 -0.0390495 1.353886 0 -0.07036483 1.389973 0 -0.08774346 1.430027 0 -0.08774346 1.466114 0 -0.07036483 1.491087 0 -0.0390495 1.5 0.08499997 0 1.491087 0.08499997 0.0390495 1.466114 0.08499997 0.07036483 1.430027 0.08499997 0.08774346 1.389973 0.08499997 0.08774346 1.353886 0.08499997 0.07036483 1.328913 0.08499997 0.0390495 1.32 0.08499997 0 1.328913 0.08499997 -0.0390495 1.353886 0.08499997 -0.07036483 1.389973 0.08499997 -0.08774346 1.430027 0.08499997 -0.08774346 1.466114 0.08499997 -0.07036483 1.491087 0.08499997 -0.0390495 1.5 0.17 0 1.491087 0.17 0.0390495 1.466114 0.17 0.07036483 1.430027 0.17 0.08774346 1.389973 0.17 0.08774346 1.353886 0.17 0.07036483 1.328913 0.17 0.0390495 1.32 0.17 0 1.328913 0.17 -0.0390495 1.353886 0.17 -0.07036483 1.389973 0.17 -0.08774346 1.430027 0.17 -0.08774346 1.466114 0.17 -0.07036483 1.491087 0.17 -0.0390495 1.5 0.255 0 1.491087 0.255 0.0390495 1.466114 0.255 0.07036483 1.430027 0.255 0.08774346 1.389973 0.255 0.08774346 1.353886 0.255 0.07036483 1.328913 0.255 0.0390495 1.32 0.255 0 1.328913 0.255 -0.0390495 1.353886 0.255 -0.07036483 1.389973 0.255 -0.08774346 1.430027 0.255 -0.08774346 1.466114 0.255 -0.07036483 1.491087 0.255 -0.0390495 1.5 0.34 0 1.491087 0.34 0.0390495 1.466114 0.34 0.07036483 1.430027 0.34 0.08774346 1.389973 0.34 0.08774346 1.353886 0.34 0.07036483 1.328913 0.34 0.0390495 1.32 0.34 0 1.328913 0.34 -0.0390495 1.353886 0.34 -0.07036483 1.389973 0.34 -0.08774346 1.430027 0.34 -0.08774346 1.466114 0.34 -0.07036483 1.491087 0.34 -0.0390495 1.5 0.425 0 1.491087 0.425 0.0390495 1.466114 0.425 0.07036483 1.430027 0.425 0.08774346 1.389973 0.425 0.08774346 1.353886 0.425 0.07036483 1.328913 0.425 0.0390495 1.32 0.425 0 1.328913 0.425 -0.0390495 1.353886 0.425 -0.07036483 1.389973 0.425 -0.08774346 1.430027 0.425 -0.08774346 1.466114 0.425 -0.07036483 1.491087 0.425 -0.0390495 1.5 0.51 0 1.491087 0.51 0.0390495 1.466114 0.51 0.07036483 1.430027 0.51 0.08774346 1.389973 0.51 0.08774346 1.353886 0.51 0.07036483 1.328913 0.51 0.0390495 1.32 0.51 0 1.328913 0.51 -0.0390495 1.353886 0.51 -0.07036483 1.389973 0.51 -0.08774346 1.430027 0.51 -0.08774346 1.466114 0.51 -0.07036483 1.491087 0.51 -0.0390495 1.496664 0.5609052 0 1.487827 0.5597419 0.0390495 1.463068 0.5564822 0.07036483 1.427289 0.5517719 0.08774346 1.387578 0.5465438 0.08774346 1.351799 0.5418335 0.07036483 1.32704 0.5385739 0.0390495 1.318203 0.5374105 0 1.32704 0.5385739 -0.0390495 1.351799 0.5418335 -0.07036483 1.387578 0.5465438 -0.08774346 1.427289 0.5517719 -0.08774346 1.463068 0.5564822 -0.07036483 1.487827 0.5597419 -0.0390495 1.486711 0.6109395 0 1.478102 0.6086326 0.0390495 1.45398 0.6021691 0.07036483 1.419122 0.5928291 0.08774346 1.380433 0.5824624 0.08774346 1.345576 0.5731223 0.07036483 1.321454 0.5666588 0.0390495 1.312844 0.564352 0 1.321454 0.5666588 -0.0390495 1.345576 0.5731223 -0.07036483 1.380433 0.5824624 -0.08774346 1.419122 0.5928291 -0.08774346 1.45398 0.6021691 -0.07036483 1.478102 0.6086326 -0.0390495 1.470313 0.6592466 0 1.462079 0.6558358 0.0390495 1.439007 0.646279 0.07036483 1.405666 0.632469 0.08774346 1.368661 0.6171411 0.08774346 1.335321 0.6033311 0.07036483 1.312249 0.5937743 0.0390495 1.304015 0.5903635 0 1.312249 0.5937743 -0.0390495 1.335321 0.6033311 -0.07036483 1.368661 0.6171411 -0.08774346 1.405666 0.632469 -0.08774346 1.439007 0.646279 -0.07036483 1.462079 0.6558358 -0.0390495 1.44775 0.705 0 1.440031 0.7005436 0.0390495 1.418404 0.688057 0.07036483 1.387151 0.6700134 0.08774346 1.352464 0.6499865 0.08774346 1.321211 0.6319429 0.07036483 1.299584 0.6194564 0.0390495 1.291865 0.615 0 1.299584 0.6194564 -0.0390495 1.321211 0.6319429 -0.07036483 1.352464 0.6499865 -0.08774346 1.387151 0.6700134 -0.08774346 1.418404 0.688057 -0.07036483 1.440031 0.7005436 -0.0390495 1.419408 0.747417 0 1.412337 0.7419912 0.0390495 1.392524 0.7267885 0.07036483 1.363894 0.70482 0.08774346 1.332118 0.6804369 0.08774346 1.303488 0.6584684 0.07036483 1.283675 0.6432657 0.0390495 1.276604 0.6378399 0 1.283675 0.6432657 -0.0390495 1.303488 0.6584684 -0.07036483 1.332118 0.6804369 -0.08774346 1.363894 0.70482 -0.08774346 1.392524 0.7267885 -0.07036483 1.412337 0.7419912 -0.0390495 1.385772 0.7857716 0 1.379469 0.7794693 0.0390495 1.361811 0.7618107 0.07036483 1.336293 0.7362932 0.08774346 1.307971 0.7079709 0.08774346 1.282453 0.6824534 0.07036483 1.264795 0.6647948 0.0390495 1.258492 0.6584925 0 1.264795 0.6647948 -0.0390495 1.282453 0.6824534 -0.07036483 1.307971 0.7079709 -0.08774346 1.336293 0.7362932 -0.08774346 1.361811 0.7618107 -0.07036483 1.379469 0.7794693 -0.0390495 1.347417 0.8194078 0 1.341991 0.8123368 0.0390495 1.326789 0.7925243 0.07036483 1.30482 0.7638944 0.08774346 1.280437 0.7321176 0.08774346 1.258468 0.7034877 0.07036483 1.243266 0.6836752 0.0390495 1.23784 0.6766042 0 1.243266 0.6836752 -0.0390495 1.258468 0.7034877 -0.07036483 1.280437 0.7321176 -0.08774346 1.30482 0.7638944 -0.08774346 1.326789 0.7925243 -0.07036483 1.341991 0.8123368 -0.0390495 1.305 0.8477499 0 1.300544 0.8400312 0.0390495 1.288057 0.8184038 0.07036483 1.270013 0.7871514 0.08774346 1.249987 0.7524638 0.08774346 1.231943 0.7212114 0.07036483 1.219456 0.699584 0.0390495 1.215 0.6918653 0 1.219456 0.699584 -0.0390495 1.231943 0.7212114 -0.07036483 1.249987 0.7524638 -0.08774346 1.270013 0.7871514 -0.08774346 1.288057 0.8184038 -0.07036483 1.300544 0.8400312 -0.0390495 1.259246 0.870313 0 1.255836 0.8620787 0.0390495 1.246279 0.8390065 0.07036483 1.232469 0.8056663 0.08774346 1.217141 0.7686614 0.08774346 1.203331 0.7353212 0.07036483 1.193774 0.7122491 0.0390495 1.190364 0.7040147 0 1.193774 0.7122491 -0.0390495 1.203331 0.7353212 -0.07036483 1.217141 0.7686614 -0.08774346 1.232469 0.8056663 -0.08774346 1.246279 0.8390065 -0.07036483 1.255836 0.8620787 -0.0390495 1.210939 0.8867111 0 1.208633 0.878102 0.0390495 1.202169 0.8539798 0.07036483 1.192829 0.8191223 0.08774346 1.182462 0.7804332 0.08774346 1.173122 0.7455757 0.07036483 1.166659 0.7214536 0.0390495 1.164352 0.7128444 0 1.166659 0.7214536 -0.0390495 1.173122 0.7455757 -0.07036483 1.182462 0.7804332 -0.08774346 1.192829 0.8191223 -0.08774346 1.202169 0.8539798 -0.07036483 1.208633 0.878102 -0.0390495 1.160905 0.8966636 0 1.159742 0.887827 0.0390495 1.156482 0.8630675 0.07036483 1.151772 0.8272891 0.08774346 1.146544 0.7875779 0.08774346 1.141834 0.7517995 0.07036483 1.138574 0.72704 0.0390495 1.13741 0.7182034 0 1.138574 0.72704 -0.0390495 1.141834 0.7517995 -0.07036483 1.146544 0.7875779 -0.08774346 1.151772 0.8272891 -0.08774346 1.156482 0.8630675 -0.07036483 1.159742 0.887827 -0.0390495 1.11 0.9 0 1.11 0.8910872 0.0390495 1.11 0.8661141 0.07036483 1.11 0.8300269 0.08774346 1.11 0.7899731 0.08774346 1.11 0.7538859 0.07036483 1.11 0.7289128 0.0390495 1.11 0.72 0 1.11 0.7289128 -0.0390495 1.11 0.7538859 -0.07036483 1.11 0.7899731 -0.08774346 1.11 0.8300269 -0.08774346 1.11 0.8661141 -0.07036483 1.11 0.8910872 -0.0390495 1.0175 0.9 0 1.0175 0.8910872 0.0390495 1.0175 0.8661141 0.07036483 1.0175 0.8300269 0.08774346 1.0175 0.7899731 0.08774346 1.0175 0.7538859 0.07036483 1.0175 0.7289128 0.0390495 1.0175 0.72 0 1.0175 0.7289128 -0.0390495 1.0175 0.7538859 -0.07036483 1.0175 0.7899731 -0.08774346 1.0175 0.8300269 -0.08774346 1.0175 0.8661141 -0.07036483 1.0175 0.8910872 -0.0390495 0.9250001 0.9 0 0.9250001 0.8910872 0.0390495 0.9250001 0.8661141 0.07036483 0.9250001 0.8300269 0.08774346 0.9250001 0.7899731 0.08774346 0.9250001 0.7538859 0.07036483 0.9250001 0.7289128 0.0390495 0.9250001 0.72 0 0.9250001 0.7289128 -0.0390495 0.9250001 0.7538859 -0.07036483 0.9250001 0.7899731 -0.08774346 0.9250001 0.8300269 -0.08774346 0.9250001 0.8661141 -0.07036483 0.9250001 0.8910872 -0.0390495 0.8325 0.9 0 0.8325 0.8910872 0.0390495 0.8325 0.8661141 0.07036483 0.8325 0.8300269 0.08774346 0.8325 0.7899731 0.08774346 0.8325 0.7538859 0.07036483 0.8325 0.7289128 0.0390495 0.8325 0.72 0 0.8325 0.7289128 -0.0390495 0.8325 0.7538859 -0.07036483 0.8325 0.7899731 -0.08774346 0.8325 0.8300269 -0.08774346 0.8325 0.8661141 -0.07036483 0.8325 0.8910872 -0.0390495 0.74 0.9000001 0 0.74 0.8910873 0.0390495 0.74 0.8661141 0.07036483 0.74 0.8300269 0.08774346 0.74 0.7899732 0.08774346 0.74 0.753886 0.07036483 0.74 0.7289128 0.0390495 0.74 0.72 0 0.74 0.7289128 -0.0390495 0.74 0.753886 -0.07036483 0.74 0.7899732 -0.08774346 0.74 0.8300269 -0.08774346 0.74 0.8661141 -0.07036483 0.74 0.8910873 -0.0390495 0.6475 0.9 0 0.6475 0.8910872 0.0390495 0.6475 0.8661141 0.07036483 0.6475 0.8300269 0.08774346 0.6475 0.7899731 0.08774346 0.6475 0.7538859 0.07036483 0.6475 0.7289128 0.0390495 0.6475 0.72 0 0.6475 0.7289128 -0.0390495 0.6475 0.7538859 -0.07036483 0.6475 0.7899731 -0.08774346 0.6475 0.8300269 -0.08774346 0.6475 0.8661141 -0.07036483 0.6475 0.8910872 -0.0390495 0.555 0.9 0 0.555 0.8910872 0.0390495 0.555 0.8661141 0.07036483 0.555 0.8300269 0.08774346 0.555 0.7899731 0.08774346 0.555 0.7538859 0.07036483 0.555 0.7289128 0.0390495 0.555 0.72 0 0.555 0.7289128 -0.0390495 0.555 0.7538859 -0.07036483 0.555 0.7899731 -0.08774346 0.555 0.8300269 -0.08774346 0.555 0.8661141 -0.07036483 0.555 0.8910872 -0.0390495 0.4625001 0.9 0 0.4625001 0.8910872 0.0390495 0.4625001 0.8661141 0.07036483 0.4625001 0.8300269 0.08774346 0.4625001 0.7899731 0.08774346 0.4625001 0.7538859 0.07036483 0.4625001 0.7289128 0.0390495 0.4625001 0.72 0 0.4625001 0.7289128 -0.0390495 0.4625001 0.7538859 -0.07036483 0.4625001 0.7899731 -0.08774346 0.4625001 0.8300269 -0.08774346 0.4625001 0.8661141 -0.07036483 0.4625001 0.8910872 -0.0390495 0.3699999 0.9 0 0.3699999 0.8910872 0.0390495 0.3699999 0.8661141 0.07036483 0.3699999 0.8300269 0.08774346 0.3699999 0.7899731 0.08774346 0.3699999 0.7538859 0.07036483 0.3699999 0.7289128 0.0390495 0.3699999 0.72 0 0.3699999 0.7289128 -0.0390495 0.3699999 0.7538859 -0.07036483 0.3699999 0.7899731 -0.08774346 0.3699999 0.8300269 -0.08774346 0.3699999 0.8661141 -0.07036483 0.3699999 0.8910872 -0.0390495 0.2775 0.9000001 0 0.2775 0.8910873 0.0390495 0.2775 0.8661141 0.07036483 0.2775 0.8300269 0.08774346 0.2775 0.7899732 0.08774346 0.2775 0.753886 0.07036483 0.2775 0.7289128 0.0390495 0.2775 0.72 0 0.2775 0.7289128 -0.0390495 0.2775 0.753886 -0.07036483 0.2775 0.7899732 -0.08774346 0.2775 0.8300269 -0.08774346 0.2775 0.8661141 -0.07036483 0.2775 0.8910873 -0.0390495 0.185 0.9 0 0.185 0.8910872 0.0390495 0.185 0.8661141 0.07036483 0.185 0.8300269 0.08774346 0.185 0.7899731 0.08774346 0.185 0.7538859 0.07036483 0.185 0.7289128 0.0390495 0.185 0.72 0 0.185 0.7289128 -0.0390495 0.185 0.7538859 -0.07036483 0.185 0.7899731 -0.08774346 0.185 0.8300269 -0.08774346 0.185 0.8661141 -0.07036483 0.185 0.8910872 -0.0390495 0.09249997 0.9 0 0.09249997 0.8910872 0.0390495 0.09249997 0.8661141 0.07036483 0.09249997 0.8300269 0.08774346 0.09249997 0.7899731 0.08774346 0.09249997 0.7538859 0.07036483 0.09249997 0.7289128 0.0390495 0.09249997 0.72 0 0.09249997 0.7289128 -0.0390495 0.09249997 0.7538859 -0.07036483 0.09249997 0.7899731 -0.08774346 0.09249997 0.8300269 -0.08774346 0.09249997 0.8661141 -0.07036483 0.09249997 0.8910872 -0.0390495 0 0.9 0 0 0.8910872 0.0390495 0 0.8661141 0.07036483 0 0.8300269 0.08774346 0 0.7899731 0.08774346 0 0.7538859 0.07036483 0 0.7289128 0.0390495 0 0.72 0 0 0.7289128 -0.0390495 0 0.7538859 -0.07036483 0 0.7899731 -0.08774346 0 0.8300269 -0.08774346 0 0.8661141 -0.07036483 0 0.8910872 -0.0390495 -0.09250009 0.9 0 -0.09250009 0.8910872 0.0390495 -0.09250009 0.8661141 0.07036483 -0.09250009 0.8300269 0.08774346 -0.09250009 0.7899731 0.08774346 -0.09250009 0.7538859 0.07036483 -0.09250009 0.7289128 0.0390495 -0.09250009 0.72 0 -0.09250009 0.7289128 -0.0390495 -0.09250009 0.7538859 -0.07036483 -0.09250009 0.7899731 -0.08774346 -0.09250009 0.8300269 -0.08774346 -0.09250009 0.8661141 -0.07036483 -0.09250009 0.8910872 -0.0390495 -0.1849999 0.9 0 -0.1849999 0.8910872 0.0390495 -0.1849999 0.8661141 0.07036483 -0.1849999 0.8300269 0.08774346 -0.1849999 0.7899731 0.08774346 -0.1849999 0.7538859 0.07036483 -0.1849999 0.7289128 0.0390495 -0.1849999 0.72 0 -0.1849999 0.7289128 -0.0390495 -0.1849999 0.7538859 -0.07036483 -0.1849999 0.7899731 -0.08774346 -0.1849999 0.8300269 -0.08774346 -0.1849999 0.8661141 -0.07036483 -0.1849999 0.8910872 -0.0390495 -0.2775 0.9000001 0 -0.2775 0.8910873 0.0390495 -0.2775 0.8661141 0.07036483 -0.2775 0.8300269 0.08774346 -0.2775 0.7899732 0.08774346 -0.2775 0.753886 0.07036483 -0.2775 0.7289128 0.0390495 -0.2775 0.72 0 -0.2775 0.7289128 -0.0390495 -0.2775 0.753886 -0.07036483 -0.2775 0.7899732 -0.08774346 -0.2775 0.8300269 -0.08774346 -0.2775 0.8661141 -0.07036483 -0.2775 0.8910873 -0.0390495 -0.37 0.9 0 -0.37 0.8910872 0.0390495 -0.37 0.8661141 0.07036483 -0.37 0.8300269 0.08774346 -0.37 0.7899731 0.08774346 -0.37 0.7538859 0.07036483 -0.37 0.7289128 0.0390495 -0.37 0.72 0 -0.37 0.7289128 -0.0390495 -0.37 0.7538859 -0.07036483 -0.37 0.7899731 -0.08774346 -0.37 0.8300269 -0.08774346 -0.37 0.8661141 -0.07036483 -0.37 0.8910872 -0.0390495 -0.4625 0.9 0 -0.4625 0.8910872 0.0390495 -0.4625 0.866114 0.07036483 -0.4625 0.8300268 0.08774346 -0.4625 0.7899731 0.08774346 -0.4625 0.7538859 0.07036483 -0.4625 0.7289127 0.0390495 -0.4625 0.7199999 0 -0.4625 0.7289127 -0.0390495 -0.4625 0.7538859 -0.07036483 -0.4625 0.7899731 -0.08774346 -0.4625 0.8300268 -0.08774346 -0.4625 0.866114 -0.07036483 -0.4625 0.8910872 -0.0390495 -0.555 0.9 0 -0.555 0.8910872 0.0390495 -0.555 0.8661141 0.07036483 -0.555 0.8300269 0.08774346 -0.555 0.7899731 0.08774346 -0.555 0.7538859 0.07036483 -0.555 0.7289128 0.0390495 -0.555 0.72 0 -0.555 0.7289128 -0.0390495 -0.555 0.7538859 -0.07036483 -0.555 0.7899731 -0.08774346 -0.555 0.8300269 -0.08774346 -0.555 0.8661141 -0.07036483 -0.555 0.8910872 -0.0390495 -0.6475 0.9 0 -0.6475 0.8910872 0.0390495 -0.6475 0.8661141 0.07036483 -0.6475 0.8300269 0.08774346 -0.6475 0.7899731 0.08774346 -0.6475 0.7538859 0.07036483 -0.6475 0.7289128 0.0390495 -0.6475 0.72 0 -0.6475 0.7289128 -0.0390495 -0.6475 0.7538859 -0.07036483 -0.6475 0.7899731 -0.08774346 -0.6475 0.8300269 -0.08774346 -0.6475 0.8661141 -0.07036483 -0.6475 0.8910872 -0.0390495 -0.74 0.9000001 0 -0.74 0.8910873 0.0390495 -0.74 0.8661141 0.07036483 -0.74 0.8300269 0.08774346 -0.74 0.7899732 0.08774346 -0.74 0.753886 0.07036483 -0.74 0.7289128 0.0390495 -0.74 0.72 0 -0.74 0.7289128 -0.0390495 -0.74 0.753886 -0.07036483 -0.74 0.7899732 -0.08774346 -0.74 0.8300269 -0.08774346 -0.74 0.8661141 -0.07036483 -0.74 0.8910873 -0.0390495 -0.8325 0.9 0 -0.8325 0.8910872 0.0390495 -0.8325 0.8661141 0.07036483 -0.8325 0.8300269 0.08774346 -0.8325 0.7899731 0.08774346 -0.8325 0.7538859 0.07036483 -0.8325 0.7289128 0.0390495 -0.8325 0.72 0 -0.8325 0.7289128 -0.0390495 -0.8325 0.7538859 -0.07036483 -0.8325 0.7899731 -0.08774346 -0.8325 0.8300269 -0.08774346 -0.8325 0.8661141 -0.07036483 -0.8325 0.8910872 -0.0390495 -0.9250001 0.9 0 -0.9250001 0.8910872 0.0390495 -0.9250001 0.8661141 0.07036483 -0.9250001 0.8300269 0.08774346 -0.9250001 0.7899731 0.08774346 -0.9250001 0.7538859 0.07036483 -0.9250001 0.7289128 0.0390495 -0.9250001 0.72 0 -0.9250001 0.7289128 -0.0390495 -0.9250001 0.7538859 -0.07036483 -0.9250001 0.7899731 -0.08774346 -0.9250001 0.8300269 -0.08774346 -0.9250001 0.8661141 -0.07036483 -0.9250001 0.8910872 -0.0390495 -1.0175 0.9 0 -1.0175 0.8910872 0.0390495 -1.0175 0.8661141 0.07036483 -1.0175 0.8300269 0.08774346 -1.0175 0.7899731 0.08774346 -1.0175 0.7538859 0.07036483 -1.0175 0.7289128 0.0390495 -1.0175 0.72 0 -1.0175 0.7289128 -0.0390495 -1.0175 0.7538859 -0.07036483 -1.0175 0.7899731 -0.08774346 -1.0175 0.8300269 -0.08774346 -1.0175 0.8661141 -0.07036483 -1.0175 0.8910872 -0.0390495 -1.11 0.9 0 -1.11 0.8910872 0.0390495 -1.11 0.8661141 0.07036483 -1.11 0.8300269 0.08774346 -1.11 0.7899731 0.08774346 -1.11 0.7538859 0.07036483 -1.11 0.7289128 0.0390495 -1.11 0.72 0 -1.11 0.7289128 -0.0390495 -1.11 0.7538859 -0.07036483 -1.11 0.7899731 -0.08774346 -1.11 0.8300269 -0.08774346 -1.11 0.8661141 -0.07036483 -1.11 0.8910872 -0.0390495 -1.160905 0.8966636 0 -1.159742 0.887827 0.0390495 -1.156482 0.8630675 0.07036483 -1.151772 0.8272891 0.08774346 -1.146544 0.7875779 0.08774346 -1.141834 0.7517995 0.07036483 -1.138574 0.72704 0.0390495 -1.13741 0.7182034 0 -1.138574 0.72704 -0.0390495 -1.141834 0.7517995 -0.07036483 -1.146544 0.7875779 -0.08774346 -1.151772 0.8272891 -0.08774346 -1.156482 0.8630675 -0.07036483 -1.159742 0.887827 -0.0390495 -1.210939 0.8867111 0 -1.208633 0.878102 0.0390495 -1.202169 0.8539798 0.07036483 -1.192829 0.8191223 0.08774346 -1.182462 0.7804332 0.08774346 -1.173122 0.7455757 0.07036483 -1.166659 0.7214536 0.0390495 -1.164352 0.7128444 0 -1.166659 0.7214536 -0.0390495 -1.173122 0.7455757 -0.07036483 -1.182462 0.7804332 -0.08774346 -1.192829 0.8191223 -0.08774346 -1.202169 0.8539798 -0.07036483 -1.208633 0.878102 -0.0390495 -1.259246 0.870313 0 -1.255836 0.8620787 0.0390495 -1.246279 0.8390065 0.07036483 -1.232469 0.8056663 0.08774346 -1.217141 0.7686614 0.08774346 -1.203331 0.7353212 0.07036483 -1.193774 0.7122491 0.0390495 -1.190364 0.7040147 0 -1.193774 0.7122491 -0.0390495 -1.203331 0.7353212 -0.07036483 -1.217141 0.7686614 -0.08774346 -1.232469 0.8056663 -0.08774346 -1.246279 0.8390065 -0.07036483 -1.255836 0.8620787 -0.0390495 -1.305 0.8477499 0 -1.300544 0.8400312 0.0390495 -1.288057 0.8184038 0.07036483 -1.270013 0.7871514 0.08774346 -1.249987 0.7524638 0.08774346 -1.231943 0.7212114 0.07036483 -1.219456 0.699584 0.0390495 -1.215 0.6918653 0 -1.219456 0.699584 -0.0390495 -1.231943 0.7212114 -0.07036483 -1.249987 0.7524638 -0.08774346 -1.270013 0.7871514 -0.08774346 -1.288057 0.8184038 -0.07036483 -1.300544 0.8400312 -0.0390495 -1.347417 0.8194078 0 -1.341991 0.8123368 0.0390495 -1.326789 0.7925243 0.07036483 -1.30482 0.7638944 0.08774346 -1.280437 0.7321176 0.08774346 -1.258468 0.7034877 0.07036483 -1.243266 0.6836752 0.0390495 -1.23784 0.6766042 0 -1.243266 0.6836752 -0.0390495 -1.258468 0.7034877 -0.07036483 -1.280437 0.7321176 -0.08774346 -1.30482 0.7638944 -0.08774346 -1.326789 0.7925243 -0.07036483 -1.341991 0.8123368 -0.0390495 -1.385772 0.7857716 0 -1.379469 0.7794693 0.0390495 -1.361811 0.7618107 0.07036483 -1.336293 0.7362932 0.08774346 -1.307971 0.7079709 0.08774346 -1.282453 0.6824534 0.07036483 -1.264795 0.6647948 0.0390495 -1.258492 0.6584925 0 -1.264795 0.6647948 -0.0390495 -1.282453 0.6824534 -0.07036483 -1.307971 0.7079709 -0.08774346 -1.336293 0.7362932 -0.08774346 -1.361811 0.7618107 -0.07036483 -1.379469 0.7794693 -0.0390495 -1.419408 0.747417 0 -1.412337 0.7419912 0.0390495 -1.392524 0.7267885 0.07036483 -1.363894 0.70482 0.08774346 -1.332118 0.6804369 0.08774346 -1.303488 0.6584684 0.07036483 -1.283675 0.6432657 0.0390495 -1.276604 0.6378399 0 -1.283675 0.6432657 -0.0390495 -1.303488 0.6584684 -0.07036483 -1.332118 0.6804369 -0.08774346 -1.363894 0.70482 -0.08774346 -1.392524 0.7267885 -0.07036483 -1.412337 0.7419912 -0.0390495 -1.44775 0.705 0 -1.440031 0.7005436 0.0390495 -1.418404 0.688057 0.07036483 -1.387151 0.6700134 0.08774346 -1.352464 0.6499865 0.08774346 -1.321211 0.6319429 0.07036483 -1.299584 0.6194564 0.0390495 -1.291865 0.615 0 -1.299584 0.6194564 -0.0390495 -1.321211 0.6319429 -0.07036483 -1.352464 0.6499865 -0.08774346 -1.387151 0.6700134 -0.08774346 -1.418404 0.688057 -0.07036483 -1.440031 0.7005436 -0.0390495 -1.470313 0.6592466 0 -1.462079 0.6558358 0.0390495 -1.439007 0.646279 0.07036483 -1.405666 0.632469 0.08774346 -1.368661 0.6171411 0.08774346 -1.335321 0.6033311 0.07036483 -1.312249 0.5937743 0.0390495 -1.304015 0.5903635 0 -1.312249 0.5937743 -0.0390495 -1.335321 0.6033311 -0.07036483 -1.368661 0.6171411 -0.08774346 -1.405666 0.632469 -0.08774346 -1.439007 0.646279 -0.07036483 -1.462079 0.6558358 -0.0390495 -1.486711 0.6109395 0 -1.478102 0.6086326 0.0390495 -1.45398 0.6021691 0.07036483 -1.419122 0.5928291 0.08774346 -1.380433 0.5824624 0.08774346 -1.345576 0.5731223 0.07036483 -1.321454 0.5666588 0.0390495 -1.312844 0.564352 0 -1.321454 0.5666588 -0.0390495 -1.345576 0.5731223 -0.07036483 -1.380433 0.5824624 -0.08774346 -1.419122 0.5928291 -0.08774346 -1.45398 0.6021691 -0.07036483 -1.478102 0.6086326 -0.0390495 -1.496664 0.5609052 0 -1.487827 0.5597419 0.0390495 -1.463068 0.5564822 0.07036483 -1.427289 0.5517719 0.08774346 -1.387578 0.5465438 0.08774346 -1.351799 0.5418335 0.07036483 -1.32704 0.5385739 0.0390495 -1.318203 0.5374105 0 -1.32704 0.5385739 -0.0390495 -1.351799 0.5418335 -0.07036483 -1.387578 0.5465438 -0.08774346 -1.427289 0.5517719 -0.08774346 -1.463068 0.5564822 -0.07036483 -1.487827 0.5597419 -0.0390495 -1.5 0.51 0 -1.491087 0.51 0.0390495 -1.466114 0.51 0.07036483 -1.430027 0.51 0.08774346 -1.389973 0.51 0.08774346 -1.353886 0.51 0.07036483 -1.328913 0.51 0.0390495 -1.32 0.51 0 -1.328913 0.51 -0.0390495 -1.353886 0.51 -0.07036483 -1.389973 0.51 -0.08774346 -1.430027 0.51 -0.08774346 -1.466114 0.51 -0.07036483 -1.491087 0.51 -0.0390495 -1.5 0.425 0 -1.491087 0.425 0.0390495 -1.466114 0.425 0.07036483 -1.430027 0.425 0.08774346 -1.389973 0.425 0.08774346 -1.353886 0.425 0.07036483 -1.328913 0.425 0.0390495 -1.32 0.425 0 -1.328913 0.425 -0.0390495 -1.353886 0.425 -0.07036483 -1.389973 0.425 -0.08774346 -1.430027 0.425 -0.08774346 -1.466114 0.425 -0.07036483 -1.491087 0.425 -0.0390495 -1.5 0.34 0 -1.491087 0.34 0.0390495 -1.466114 0.34 0.07036483 -1.430027 0.34 0.08774346 -1.389973 0.34 0.08774346 -1.353886 0.34 0.07036483 -1.328913 0.34 0.0390495 -1.32 0.34 0 -1.328913 0.34 -0.0390495 -1.353886 0.34 -0.07036483 -1.389973 0.34 -0.08774346 -1.430027 0.34 -0.08774346 -1.466114 0.34 -0.07036483 -1.491087 0.34 -0.0390495 -1.5 0.255 0 -1.491087 0.255 0.0390495 -1.466114 0.255 0.07036483 -1.430027 0.255 0.08774346 -1.389973 0.255 0.08774346 -1.353886 0.255 0.07036483 -1.328913 0.255 0.0390495 -1.32 0.255 0 -1.328913 0.255 -0.0390495 -1.353886 0.255 -0.07036483 -1.389973 0.255 -0.08774346 -1.430027 0.255 -0.08774346 -1.466114 0.255 -0.07036483 -1.491087 0.255 -0.0390495 -1.5 0.1699999 0 -1.491087 0.1699999 0.0390495 -1.466114 0.1699999 0.07036483 -1.430027 0.1699999 0.08774346 -1.389973 0.1699999 0.08774346 -1.353886 0.1699999 0.07036483 -1.328913 0.1699999 0.0390495 -1.32 0.1699999 0 -1.328913 0.1699999 -0.0390495 -1.353886 0.1699999 -0.07036483 -1.389973 0.1699999 -0.08774346 -1.430027 0.1699999 -0.08774346 -1.466114 0.1699999 -0.07036483 -1.491087 0.1699999 -0.0390495 -1.5 0.08500003 0 -1.491087 0.08500003 0.0390495 -1.466114 0.08500003 0.07036483 -1.430027 0.08500003 0.08774346 -1.389973 0.08500003 0.08774346 -1.353886 0.08500003 0.07036483 -1.328913 0.08500003 0.0390495 -1.32 0.08500003 0 -1.328913 0.08500003 -0.0390495 -1.353886 0.08500003 -0.07036483 -1.389973 0.08500003 -0.08774346 -1.430027 0.08500003 -0.08774346 -1.466114 0.08500003 -0.07036483 -1.491087 0.08500003 -0.0390495 -1.5 0 0 -1.491087 0 0.0390495 -1.466114 0 0.07036483 -1.430027 0 0.08774346 -1.389973 0 0.08774346 -1.353886 0 0.07036483 -1.328913 0 0.0390495 -1.32 0 0 -1.328913 0 -0.0390495 -1.353886 0 -0.07036483 -1.389973 0 -0.08774346 -1.430027 0 -0.08774346 -1.466114 0 -0.07036483 -1.491087 0 -0.0390495 -1.5 -0.08499997 0 -1.491087 -0.08499997 0.0390495 -1.466114 -0.08499997 0.07036483 -1.430027 -0.08499997 0.08774346 -1.389973 -0.08499997 0.08774346 -1.353886 -0.08499997 0.07036483 -1.328913 -0.08499997 0.0390495 -1.32 -0.08499997 0 -1.328913 -0.08499997 -0.0390495 -1.353886 -0.08499997 -0.07036483 -1.389973 -0.08499997 -0.08774346 -1.430027 -0.08499997 -0.08774346 -1.466114 -0.08499997 -0.07036483 -1.491087 -0.08499997 -0.0390495 -1.5 -0.17 0 -1.491087 -0.17 0.0390495 -1.466114 -0.17 0.07036483 -1.430027 -0.17 0.08774346 -1.389973 -0.17 0.08774346 -1.353886 -0.17 0.07036483 -1.328913 -0.17 0.0390495 -1.32 -0.17 0 -1.328913 -0.17 -0.0390495 -1.353886 -0.17 -0.07036483 -1.389973 -0.17 -0.08774346 -1.430027 -0.17 -0.08774346 -1.466114 -0.17 -0.07036483 -1.491087 -0.17 -0.0390495 -1.5 -0.255 0 -1.491087 -0.255 0.0390495 -1.466114 -0.255 0.07036483 -1.430027 -0.255 0.08774346 -1.389973 -0.255 0.08774346 -1.353886 -0.255 0.07036483 -1.328913 -0.255 0.0390495 -1.32 -0.255 0 -1.328913 -0.255 -0.0390495 -1.353886 -0.255 -0.07036483 -1.389973 -0.255 -0.08774346 -1.430027 -0.255 -0.08774346 -1.466114 -0.255 -0.07036483 -1.491087 -0.255 -0.0390495 -1.5 -0.34 0 -1.491087 -0.34 0.0390495 -1.466114 -0.34 0.07036483 -1.430027 -0.34 0.08774346 -1.389973 -0.34 0.08774346 -1.353886 -0.34 0.07036483 -1.328913 -0.34 0.0390495 -1.32 -0.34 0 -1.328913 -0.34 -0.0390495 -1.353886 -0.34 -0.07036483 -1.389973 -0.34 -0.08774346 -1.430027 -0.34 -0.08774346 -1.466114 -0.34 -0.07036483 -1.491087 -0.34 -0.0390495 -1.5 -0.425 0 -1.491087 -0.425 0.0390495 -1.466114 -0.425 0.07036483 -1.430027 -0.425 0.08774346 -1.389973 -0.425 0.08774346 -1.353886 -0.425 0.07036483 -1.328913 -0.425 0.0390495 -1.32 -0.425 0 -1.328913 -0.425 -0.0390495 -1.353886 -0.425 -0.07036483 -1.389973 -0.425 -0.08774346 -1.430027 -0.425 -0.08774346 -1.466114 -0.425 -0.07036483 -1.491087 -0.425 -0.0390495 -1.5 -0.51 0 -1.491087 -0.51 0.0390495 -1.466114 -0.51 0.07036483 -1.430027 -0.51 0.08774346 -1.389973 -0.51 0.08774346 -1.353886 -0.51 0.07036483 -1.328913 -0.51 0.0390495 -1.32 -0.51 0 -1.328913 -0.51 -0.0390495 -1.353886 -0.51 -0.07036483 -1.389973 -0.51 -0.08774346 -1.430027 -0.51 -0.08774346 -1.466114 -0.51 -0.07036483 -1.491087 -0.51 -0.0390495 -1.496664 -0.5609052 0 -1.487827 -0.5597419 0.0390495 -1.463068 -0.5564822 0.07036483 -1.427289 -0.5517719 0.08774346 -1.387578 -0.5465438 0.08774346 -1.351799 -0.5418335 0.07036483 -1.32704 -0.5385739 0.0390495 -1.318203 -0.5374105 0 -1.32704 -0.5385739 -0.0390495 -1.351799 -0.5418335 -0.07036483 -1.387578 -0.5465438 -0.08774346 -1.427289 -0.5517719 -0.08774346 -1.463068 -0.5564822 -0.07036483 -1.487827 -0.5597419 -0.0390495 -1.486711 -0.6109395 0 -1.478102 -0.6086326 0.0390495 -1.45398 -0.6021691 0.07036483 -1.419122 -0.5928291 0.08774346 -1.380433 -0.5824624 0.08774346 -1.345576 -0.5731223 0.07036483 -1.321454 -0.5666588 0.0390495 -1.312844 -0.564352 0 -1.321454 -0.5666588 -0.0390495 -1.345576 -0.5731223 -0.07036483 -1.380433 -0.5824624 -0.08774346 -1.419122 -0.5928291 -0.08774346 -1.45398 -0.6021691 -0.07036483 -1.478102 -0.6086326 -0.0390495 -1.470313 -0.6592466 0 -1.462079 -0.6558358 0.0390495 -1.439007 -0.646279 0.07036483 -1.405666 -0.632469 0.08774346 -1.368661 -0.6171411 0.08774346 -1.335321 -0.6033311 0.07036483 -1.312249 -0.5937743 0.0390495 -1.304015 -0.5903635 0 -1.312249 -0.5937743 -0.0390495 -1.335321 -0.6033311 -0.07036483 -1.368661 -0.6171411 -0.08774346 -1.405666 -0.632469 -0.08774346 -1.439007 -0.646279 -0.07036483 -1.462079 -0.6558358 -0.0390495 -1.44775 -0.705 0 -1.440031 -0.7005436 0.0390495 -1.418404 -0.688057 0.07036483 -1.387151 -0.6700134 0.08774346 -1.352464 -0.6499865 0.08774346 -1.321211 -0.6319429 0.07036483 -1.299584 -0.6194564 0.0390495 -1.291865 -0.615 0 -1.299584 -0.6194564 -0.0390495 -1.321211 -0.6319429 -0.07036483 -1.352464 -0.6499865 -0.08774346 -1.387151 -0.6700134 -0.08774346 -1.418404 -0.688057 -0.07036483 -1.440031 -0.7005436 -0.0390495 -1.419408 -0.747417 0 -1.412337 -0.7419912 0.0390495 -1.392524 -0.7267885 0.07036483 -1.363894 -0.70482 0.08774346 -1.332118 -0.6804369 0.08774346 -1.303488 -0.6584684 0.07036483 -1.283675 -0.6432657 0.0390495 -1.276604 -0.6378399 0 -1.283675 -0.6432657 -0.0390495 -1.303488 -0.6584684 -0.07036483 -1.332118 -0.6804369 -0.08774346 -1.363894 -0.70482 -0.08774346 -1.392524 -0.7267885 -0.07036483 -1.412337 -0.7419912 -0.0390495 -1.385772 -0.7857716 0 -1.379469 -0.7794693 0.0390495 -1.361811 -0.7618107 0.07036483 -1.336293 -0.7362932 0.08774346 -1.307971 -0.7079709 0.08774346 -1.282453 -0.6824534 0.07036483 -1.264795 -0.6647948 0.0390495 -1.258492 -0.6584925 0 -1.264795 -0.6647948 -0.0390495 -1.282453 -0.6824534 -0.07036483 -1.307971 -0.7079709 -0.08774346 -1.336293 -0.7362932 -0.08774346 -1.361811 -0.7618107 -0.07036483 -1.379469 -0.7794693 -0.0390495 -1.347417 -0.8194078 0 -1.341991 -0.8123368 0.0390495 -1.326789 -0.7925243 0.07036483 -1.30482 -0.7638944 0.08774346 -1.280437 -0.7321176 0.08774346 -1.258468 -0.7034877 0.07036483 -1.243266 -0.6836752 0.0390495 -1.23784 -0.6766042 0 -1.243266 -0.6836752 -0.0390495 -1.258468 -0.7034877 -0.07036483 -1.280437 -0.7321176 -0.08774346 -1.30482 -0.7638944 -0.08774346 -1.326789 -0.7925243 -0.07036483 -1.341991 -0.8123368 -0.0390495 -1.305 -0.8477499 0 -1.300544 -0.8400312 0.0390495 -1.288057 -0.8184038 0.07036483 -1.270013 -0.7871514 0.08774346 -1.249987 -0.7524638 0.08774346 -1.231943 -0.7212114 0.07036483 -1.219456 -0.699584 0.0390495 -1.215 -0.6918653 0 -1.219456 -0.699584 -0.0390495 -1.231943 -0.7212114 -0.07036483 -1.249987 -0.7524638 -0.08774346 -1.270013 -0.7871514 -0.08774346 -1.288057 -0.8184038 -0.07036483 -1.300544 -0.8400312 -0.0390495 -1.259246 -0.870313 0 -1.255836 -0.8620787 0.0390495 -1.246279 -0.8390065 0.07036483 -1.232469 -0.8056663 0.08774346 -1.217141 -0.7686614 0.08774346 -1.203331 -0.7353212 0.07036483 -1.193774 -0.7122491 0.0390495 -1.190364 -0.7040147 0 -1.193774 -0.7122491 -0.0390495 -1.203331 -0.7353212 -0.07036483 -1.217141 -0.7686614 -0.08774346 -1.232469 -0.8056663 -0.08774346 -1.246279 -0.8390065 -0.07036483 -1.255836 -0.8620787 -0.0390495 -1.210939 -0.8867111 0 -1.208633 -0.878102 0.0390495 -1.202169 -0.8539798 0.07036483 -1.192829 -0.8191223 0.08774346 -1.182462 -0.7804332 0.08774346 -1.173122 -0.7455757 0.07036483 -1.166659 -0.7214536 0.0390495 -1.164352 -0.7128444 0 -1.166659 -0.7214536 -0.0390495 -1.173122 -0.7455757 -0.07036483 -1.182462 -0.7804332 -0.08774346 -1.192829 -0.8191223 -0.08774346 -1.202169 -0.8539798 -0.07036483 -1.208633 -0.878102 -0.0390495 -1.160905 -0.8966636 0 -1.159742 -0.887827 0.0390495 -1.156482 -0.8630675 0.07036483 -1.151772 -0.8272891 0.08774346 -1.146544 -0.7875779 0.08774346 -1.141834 -0.7517995 0.07036483 -1.138574 -0.72704 0.0390495 -1.13741 -0.7182034 0 -1.138574 -0.72704 -0.0390495 -1.141834 -0.7517995 -0.07036483 -1.146544 -0.7875779 -0.08774346 -1.151772 -0.8272891 -0.08774346 -1.156482 -0.8630675 -0.07036483 -1.159742 -0.887827 -0.0390495 -1.11 -0.9 0 -1.11 -0.8910872 0.0390495 -1.11 -0.8661141 0.07036483 -1.11 -0.8300269 0.08774346 -1.11 -0.7899731 0.08774346 -1.11 -0.7538859 0.07036483 -1.11 -0.7289128 0.0390495 -1.11 -0.72 0 -1.11 -0.7289128 -0.0390495 -1.11 -0.7538859 -0.07036483 -1.11 -0.7899731 -0.08774346 -1.11 -0.8300269 -0.08774346 -1.11 -0.8661141 -0.07036483 -1.11 -0.8910872 -0.0390495 -1.0175 -0.9 0 -1.0175 -0.8910872 0.0390495 -1.0175 -0.8661141 0.07036483 -1.0175 -0.8300269 0.08774346 -1.0175 -0.7899731 0.08774346 -1.0175 -0.7538859 0.07036483 -1.0175 -0.7289128 0.0390495 -1.0175 -0.72 0 -1.0175 -0.7289128 -0.0390495 -1.0175 -0.7538859 -0.07036483 -1.0175 -0.7899731 -0.08774346 -1.0175 -0.8300269 -0.08774346 -1.0175 -0.8661141 -0.07036483 -1.0175 -0.8910872 -0.0390495 -0.9250001 -0.9 0 -0.9250001 -0.8910872 0.0390495 -0.9250001 -0.8661141 0.07036483 -0.9250001 -0.8300269 0.08774346 -0.9250001 -0.7899731 0.08774346 -0.9250001 -0.7538859 0.07036483 -0.9250001 -0.7289128 0.0390495 -0.9250001 -0.72 0 -0.9250001 -0.7289128 -0.0390495 -0.9250001 -0.7538859 -0.07036483 -0.9250001 -0.7899731 -0.08774346 -0.9250001 -0.8300269 -0.08774346 -0.9250001 -0.8661141 -0.07036483 -0.9250001 -0.8910872 -0.0390495 -0.8325 -0.9 0 -0.8325 -0.8910872 0.0390495 -0.8325 -0.8661141 0.07036483 -0.8325 -0.8300269 0.08774346 -0.8325 -0.7899731 0.08774346 -0.8325 -0.7538859 0.07036483 -0.8325 -0.7289128 0.0390495 -0.8325 -0.72 0 -0.8325 -0.7289128 -0.0390495 -0.8325 -0.7538859 -0.07036483 -0.8325 -0.7899731 -0.08774346 -0.8325 -0.8300269 -0.08774346 -0.8325 -0.8661141 -0.07036483 -0.8325 -0.8910872 -0.0390495 -0.74 -0.9000001 0 -0.74 -0.8910873 0.0390495 -0.74 -0.8661141 0.07036483 -0.74 -0.8300269 0.08774346 -0.74 -0.7899732 0.08774346 -0.74 -0.753886 0.07036483 -0.74 -0.7289128 0.0390495 -0.74 -0.72 0 -0.74 -0.7289128 -0.0390495 -0.74 -0.753886 -0.07036483 -0.74 -0.7899732 -0.08774346 -0.74 -0.8300269 -0.08774346 -0.74 -0.8661141 -0.07036483 -0.74 -0.8910873 -0.0390495 -0.6475 -0.9 0 -0.6475 -0.8910872 0.0390495 -0.6475 -0.8661141 0.07036483 -0.6475 -0.8300269 0.08774346 -0.6475 -0.7899731 0.08774346 -0.6475 -0.7538859 0.07036483 -0.6475 -0.7289128 0.0390495 -0.6475 -0.72 0 -0.6475 -0.7289128 -0.0390495 -0.6475 -0.7538859 -0.07036483 -0.6475 -0.7899731 -0.08774346 -0.6475 -0.8300269 -0.08774346 -0.6475 -0.8661141 -0.07036483 -0.6475 -0.8910872 -0.0390495 -0.555 -0.9 0 -0.555 -0.8910872 0.0390495 -0.555 -0.8661141 0.07036483 -0.555 -0.8300269 0.08774346 -0.555 -0.7899731 0.08774346 -0.555 -0.7538859 0.07036483 -0.555 -0.7289128 0.0390495 -0.555 -0.72 0 -0.555 -0.7289128 -0.0390495 -0.555 -0.7538859 -0.07036483 -0.555 -0.7899731 -0.08774346 -0.555 -0.8300269 -0.08774346 -0.555 -0.8661141 -0.07036483 -0.555 -0.8910872 -0.0390495 -0.4625001 -0.9 0 -0.4625001 -0.8910872 0.0390495 -0.4625001 -0.8661141 0.07036483 -0.4625001 -0.8300269 0.08774346 -0.4625001 -0.7899731 0.08774346 -0.4625001 -0.7538859 0.07036483 -0.4625001 -0.7289128 0.0390495 -0.4625001 -0.72 0 -0.4625001 -0.7289128 -0.0390495 -0.4625001 -0.7538859 -0.07036483 -0.4625001 -0.7899731 -0.08774346 -0.4625001 -0.8300269 -0.08774346 -0.4625001 -0.8661141 -0.07036483 -0.4625001 -0.8910872 -0.0390495 -0.3699999 -0.9 0 -0.3699999 -0.8910872 0.0390495 -0.3699999 -0.8661141 0.07036483 -0.3699999 -0.8300269 0.08774346 -0.3699999 -0.7899731 0.08774346 -0.3699999 -0.7538859 0.07036483 -0.3699999 -0.7289128 0.0390495 -0.3699999 -0.72 0 -0.3699999 -0.7289128 -0.0390495 -0.3699999 -0.7538859 -0.07036483 -0.3699999 -0.7899731 -0.08774346 -0.3699999 -0.8300269 -0.08774346 -0.3699999 -0.8661141 -0.07036483 -0.3699999 -0.8910872 -0.0390495 -0.2775 -0.9000001 0 -0.2775 -0.8910873 0.0390495 -0.2775 -0.8661141 0.07036483 -0.2775 -0.8300269 0.08774346 -0.2775 -0.7899732 0.08774346 -0.2775 -0.753886 0.07036483 -0.2775 -0.7289128 0.0390495 -0.2775 -0.72 0 -0.2775 -0.7289128 -0.0390495 -0.2775 -0.753886 -0.07036483 -0.2775 -0.7899732 -0.08774346 -0.2775 -0.8300269 -0.08774346 -0.2775 -0.8661141 -0.07036483 -0.2775 -0.8910873 -0.0390495 -0.185 -0.9 0 -0.185 -0.8910872 0.0390495 -0.185 -0.8661141 0.07036483 -0.185 -0.8300269 0.08774346 -0.185 -0.7899731 0.08774346 -0.185 -0.7538859 0.07036483 -0.185 -0.7289128 0.0390495 -0.185 -0.72 0 -0.185 -0.7289128 -0.0390495 -0.185 -0.7538859 -0.07036483 -0.185 -0.7899731 -0.08774346 -0.185 -0.8300269 -0.08774346 -0.185 -0.8661141 -0.07036483 -0.185 -0.8910872 -0.0390495 -0.09249997 -0.9 0 -0.09249997 -0.8910872 0.0390495 -0.09249997 -0.8661141 0.07036483 -0.09249997 -0.8300269 0.08774346 -0.09249997 -0.7899731 0.08774346 -0.09249997 -0.7538859 0.07036483 -0.09249997 -0.7289128 0.0390495 -0.09249997 -0.72 0 -0.09249997 -0.7289128 -0.0390495 -0.09249997 -0.7538859 -0.07036483 -0.09249997 -0.7899731 -0.08774346 -0.09249997 -0.8300269 -0.08774346 -0.09249997 -0.8661141 -0.07036483 -0.09249997 -0.8910872 -0.0390495 0 -0.9 0 0 -0.8910872 0.0390495 0 -0.8661141 0.07036483 0 -0.8300269 0.08774346 0 -0.7899731 0.08774346 0 -0.7538859 0.07036483 0 -0.7289128 0.0390495 0 -0.72 0 0 -0.7289128 -0.0390495 0 -0.7538859 -0.07036483 0 -0.7899731 -0.08774346 0 -0.8300269 -0.08774346 0 -0.8661141 -0.07036483 0 -0.8910872 -0.0390495 0.09250009 -0.9 0 0.09250009 -0.8910872 0.0390495 0.09250009 -0.8661141 0.07036483 0.09250009 -0.8300269 0.08774346 0.09250009 -0.7899731 0.08774346 0.09250009 -0.7538859 0.07036483 0.09250009 -0.7289128 0.0390495 0.09250009 -0.72 0 0.09250009 -0.7289128 -0.0390495 0.09250009 -0.7538859 -0.07036483 0.09250009 -0.7899731 -0.08774346 0.09250009 -0.8300269 -0.08774346 0.09250009 -0.8661141 -0.07036483 0.09250009 -0.8910872 -0.0390495 0.1849999 -0.9 0 0.1849999 -0.8910872 0.0390495 0.1849999 -0.8661141 0.07036483 0.1849999 -0.8300269 0.08774346 0.1849999 -0.7899731 0.08774346 0.1849999 -0.7538859 0.07036483 0.1849999 -0.7289128 0.0390495 0.1849999 -0.72 0 0.1849999 -0.7289128 -0.0390495 0.1849999 -0.7538859 -0.07036483 0.1849999 -0.7899731 -0.08774346 0.1849999 -0.8300269 -0.08774346 0.1849999 -0.8661141 -0.07036483 0.1849999 -0.8910872 -0.0390495 0.2775 -0.9000001 0 0.2775 -0.8910873 0.0390495 0.2775 -0.8661141 0.07036483 0.2775 -0.8300269 0.08774346 0.2775 -0.7899732 0.08774346 0.2775 -0.753886 0.07036483 0.2775 -0.7289128 0.0390495 0.2775 -0.72 0 0.2775 -0.7289128 -0.0390495 0.2775 -0.753886 -0.07036483 0.2775 -0.7899732 -0.08774346 0.2775 -0.8300269 -0.08774346 0.2775 -0.8661141 -0.07036483 0.2775 -0.8910873 -0.0390495 0.37 -0.9 0 0.37 -0.8910872 0.0390495 0.37 -0.8661141 0.07036483 0.37 -0.8300269 0.08774346 0.37 -0.7899731 0.08774346 0.37 -0.7538859 0.07036483 0.37 -0.7289128 0.0390495 0.37 -0.72 0 0.37 -0.7289128 -0.0390495 0.37 -0.7538859 -0.07036483 0.37 -0.7899731 -0.08774346 0.37 -0.8300269 -0.08774346 0.37 -0.8661141 -0.07036483 0.37 -0.8910872 -0.0390495 0.4625 -0.9 0 0.4625 -0.8910872 0.0390495 0.4625 -0.866114 0.07036483 0.4625 -0.8300268 0.08774346 0.4625 -0.7899731 0.08774346 0.4625 -0.7538859 0.07036483 0.4625 -0.7289127 0.0390495 0.4625 -0.7199999 0 0.4625 -0.7289127 -0.0390495 0.4625 -0.7538859 -0.07036483 0.4625 -0.7899731 -0.08774346 0.4625 -0.8300268 -0.08774346 0.4625 -0.866114 -0.07036483 0.4625 -0.8910872 -0.0390495 0.555 -0.9 0 0.555 -0.8910872 0.0390495 0.555 -0.8661141 0.07036483 0.555 -0.8300269 0.08774346 0.555 -0.7899731 0.08774346 0.555 -0.7538859 0.07036483 0.555 -0.7289128 0.0390495 0.555 -0.72 0 0.555 -0.7289128 -0.0390495 0.555 -0.7538859 -0.07036483 0.555 -0.7899731 -0.08774346 0.555 -0.8300269 -0.08774346 0.555 -0.8661141 -0.07036483 0.555 -0.8910872 -0.0390495 0.6475 -0.9 0 0.6475 -0.8910872 0.0390495 0.6475 -0.8661141 0.07036483 0.6475 -0.8300269 0.08774346 0.6475 -0.7899731 0.08774346 0.6475 -0.7538859 0.07036483 0.6475 -0.7289128 0.0390495 0.6475 -0.72 0 0.6475 -0.7289128 -0.0390495 0.6475 -0.7538859 -0.07036483 0.6475 -0.7899731 -0.08774346 0.6475 -0.8300269 -0.08774346 0.6475 -0.8661141 -0.07036483 0.6475 -0.8910872 -0.0390495 0.74 -0.9000001 0 0.74 -0.8910873 0.0390495 0.74 -0.8661141 0.07036483 0.74 -0.8300269 0.08774346 0.74 -0.7899732 0.08774346 0.74 -0.753886 0.07036483 0.74 -0.7289128 0.0390495 0.74 -0.72 0 0.74 -0.7289128 -0.0390495 0.74 -0.753886 -0.07036483 0.74 -0.7899732 -0.08774346 0.74 -0.8300269 -0.08774346 0.74 -0.8661141 -0.07036483 0.74 -0.8910873 -0.0390495 0.8325 -0.9 0 0.8325 -0.8910872 0.0390495 0.8325 -0.8661141 0.07036483 0.8325 -0.8300269 0.08774346 0.8325 -0.7899731 0.08774346 0.8325 -0.7538859 0.07036483 0.8325 -0.7289128 0.0390495 0.8325 -0.72 0 0.8325 -0.7289128 -0.0390495 0.8325 -0.7538859 -0.07036483 0.8325 -0.7899731 -0.08774346 0.8325 -0.8300269 -0.08774346 0.8325 -0.8661141 -0.07036483 0.8325 -0.8910872 -0.0390495 0.9250001 -0.9 0 0.9250001 -0.8910872 0.0390495 0.9250001 -0.8661141 0.07036483 0.9250001 -0.8300269 0.08774346 0.9250001 -0.7899731 0.08774346 0.9250001 -0.7538859 0.07036483 0.9250001 -0.7289128 0.0390495 0.9250001 -0.72 0 0.9250001 -0.7289128 -0.0390495 0.9250001 -0.7538859 -0.07036483 0.9250001 -0.7899731 -0.08774346 0.9250001 -0.8300269 -0.08774346 0.9250001 -0.8661141 -0.07036483 0.9250001 -0.8910872 -0.0390495 1.0175 -0.9 0 1.0175 -0.8910872 0.0390495 1.0175 -0.8661141 0.07036483 1.0175 -0.8300269 0.08774346 1.0175 -0.7899731 0.08774346 1.0175 -0.7538859 0.07036483 1.0175 -0.7289128 0.0390495 1.0175 -0.72 0 1.0175 -0.7289128 -0.0390495 1.0175 -0.7538859 -0.07036483 1.0175 -0.7899731 -0.08774346 1.0175 -0.8300269 -0.08774346 1.0175 -0.8661141 -0.07036483 1.0175 -0.8910872 -0.0390495 1.11 -0.9 0 1.11 -0.8910872 0.0390495 1.11 -0.8661141 0.07036483 1.11 -0.8300269 0.08774346 1.11 -0.7899731 0.08774346 1.11 -0.7538859 0.07036483 1.11 -0.7289128 0.0390495 1.11 -0.72 0 1.11 -0.7289128 -0.0390495 1.11 -0.7538859 -0.07036483 1.11 -0.7899731 -0.08774346 1.11 -0.8300269 -0.08774346 1.11 -0.8661141 -0.07036483 1.11 -0.8910872 -0.0390495 1.160905 -0.8966636 0 1.159742 -0.887827 0.0390495 1.156482 -0.8630675 0.07036483 1.151772 -0.8272891 0.08774346 1.146544 -0.7875779 0.08774346 1.141834 -0.7517995 0.07036483 1.138574 -0.72704 0.0390495 1.13741 -0.7182034 0 1.138574 -0.72704 -0.0390495 1.141834 -0.7517995 -0.07036483 1.146544 -0.7875779 -0.08774346 1.151772 -0.8272891 -0.08774346 1.156482 -0.8630675 -0.07036483 1.159742 -0.887827 -0.0390495 1.210939 -0.8867111 0 1.208633 -0.878102 0.0390495 1.202169 -0.8539798 0.07036483 1.192829 -0.8191223 0.08774346 1.182462 -0.7804332 0.08774346 1.173122 -0.7455757 0.07036483 1.166659 -0.7214536 0.0390495 1.164352 -0.7128444 0 1.166659 -0.7214536 -0.0390495 1.173122 -0.7455757 -0.07036483 1.182462 -0.7804332 -0.08774346 1.192829 -0.8191223 -0.08774346 1.202169 -0.8539798 -0.07036483 1.208633 -0.878102 -0.0390495 1.259246 -0.870313 0 1.255836 -0.8620787 0.0390495 1.246279 -0.8390065 0.07036483 1.232469 -0.8056663 0.08774346 1.217141 -0.7686614 0.08774346 1.203331 -0.7353212 0.07036483 1.193774 -0.7122491 0.0390495 1.190364 -0.7040147 0 1.193774 -0.7122491 -0.0390495 1.203331 -0.7353212 -0.07036483 1.217141 -0.7686614 -0.08774346 1.232469 -0.8056663 -0.08774346 1.246279 -0.8390065 -0.07036483 1.255836 -0.8620787 -0.0390495 1.305 -0.8477499 0 1.300544 -0.8400312 0.0390495 1.288057 -0.8184038 0.07036483 1.270013 -0.7871514 0.08774346 1.249987 -0.7524638 0.08774346 1.231943 -0.7212114 0.07036483 1.219456 -0.699584 0.0390495 1.215 -0.6918653 0 1.219456 -0.699584 -0.0390495 1.231943 -0.7212114 -0.07036483 1.249987 -0.7524638 -0.08774346 1.270013 -0.7871514 -0.08774346 1.288057 -0.8184038 -0.07036483 1.300544 -0.8400312 -0.0390495 1.347417 -0.8194078 0 1.341991 -0.8123368 0.0390495 1.326789 -0.7925243 0.07036483 1.30482 -0.7638944 0.08774346 1.280437 -0.7321176 0.08774346 1.258468 -0.7034877 0.07036483 1.243266 -0.6836752 0.0390495 1.23784 -0.6766042 0 1.243266 -0.6836752 -0.0390495 1.258468 -0.7034877 -0.07036483 1.280437 -0.7321176 -0.08774346 1.30482 -0.7638944 -0.08774346 1.326789 -0.7925243 -0.07036483 1.341991 -0.8123368 -0.0390495 1.385772 -0.7857716 0 1.379469 -0.7794693 0.0390495 1.361811 -0.7618107 0.07036483 1.336293 -0.7362932 0.08774346 1.307971 -0.7079709 0.08774346 1.282453 -0.6824534 0.07036483 1.264795 -0.6647948 0.0390495 1.258492 -0.6584925 0 1.264795 -0.6647948 -0.0390495 1.282453 -0.6824534 -0.07036483 1.307971 -0.7079709 -0.08774346 1.336293 -0.7362932 -0.08774346 1.361811 -0.7618107 -0.07036483 1.379469 -0.7794693 -0.0390495 1.419408 -0.747417 0 1.412337 -0.7419912 0.0390495 1.392524 -0.7267885 0.07036483 1.363894 -0.70482 0.08774346 1.332118 -0.6804369 0.08774346 1.303488 -0.6584684 0.07036483 1.283675 -0.6432657 0.0390495 1.276604 -0.6378399 0 1.283675 -0.6432657 -0.0390495 1.303488 -0.6584684 -0.07036483 1.332118 -0.6804369 -0.08774346 1.363894 -0.70482 -0.08774346 1.392524 -0.7267885 -0.07036483 1.412337 -0.7419912 -0.0390495 1.44775 -0.705 0 1.440031 -0.7005436 0.0390495 1.418404 -0.688057 0.07036483 1.387151 -0.6700134 0.08774346 1.352464 -0.6499865 0.08774346 1.321211 -0.6319429 0.07036483 1.299584 -0.6194564 0.0390495 1.291865 -0.615 0 1.299584 -0.6194564 -0.0390495 1.321211 -0.6319429 -0.07036483 1.352464 -0.6499865 -0.08774346 1.387151 -0.6700134 -0.08774346 1.418404 -0.688057 -0.07036483 1.440031 -0.7005436 -0.0390495 1.470313 -0.6592466 0 1.462079 -0.6558358 0.0390495 1.439007 -0.646279 0.07036483 1.405666 -0.632469 0.08774346 1.368661 -0.6171411 0.08774346 1.335321 -0.6033311 0.07036483 1.312249 -0.5937743 0.0390495 1.304015 -0.5903635 0 1.312249 -0.5937743 -0.0390495 1.335321 -0.6033311 -0.07036483 1.368661 -0.6171411 -0.08774346 1.405666 -0.632469 -0.08774346 1.439007 -0.646279 -0.07036483 1.462079 -0.6558358 -0.0390495 1.486711 -0.6109395 0 1.478102 -0.6086326 0.0390495 1.45398 -0.6021691 0.07036483 1.419122 -0.5928291 0.08774346 1.380433 -0.5824624 0.08774346 1.345576 -0.5731223 0.07036483 1.321454 -0.5666588 0.0390495 1.312844 -0.564352 0 1.321454 -0.5666588 -0.0390495 1.345576 -0.5731223 -0.07036483 1.380433 -0.5824624 -0.08774346 1.419122 -0.5928291 -0.08774346 1.45398 -0.6021691 -0.07036483 1.478102 -0.6086326 -0.0390495 1.496664 -0.5609052 0 1.487827 -0.5597419 0.0390495 1.463068 -0.5564822 0.07036483 1.427289 -0.5517719 0.08774346 1.387578 -0.5465438 0.08774346 1.351799 -0.5418335 0.07036483 1.32704 -0.5385739 0.0390495 1.318203 -0.5374105 0 1.32704 -0.5385739 -0.0390495 1.351799 -0.5418335 -0.07036483 1.387578 -0.5465438 -0.08774346 1.427289 -0.5517719 -0.08774346 1.463068 -0.5564822 -0.07036483 1.487827 -0.5597419 -0.0390495 1.4795 -0.553 -0.01999998 1.4795 -0.467 -0.01999998 1.4885 -0.467 -0.01999998 1.4885 -0.553 -0.01999998 1.484717 -0.5522 -0.05599999 1.484717 -0.4678 -0.05599999 1.492917 -0.4678 -0.05599999 1.492917 -0.5522 -0.05599999 1.488743 -0.5514 -0.092 1.488743 -0.4686 -0.092 1.496143 -0.4686 -0.092 1.496143 -0.5514 -0.092 1.49068 -0.5506 -0.128 1.49068 -0.4694 -0.128 1.49728 -0.4694 -0.128 1.49728 -0.5506 -0.128 1.490148 -0.5498 -0.164 1.490148 -0.4702 -0.164 1.495948 -0.4702 -0.164 1.495948 -0.5498 -0.164 1.487378 -0.549 -0.2 1.487378 -0.471 -0.2 1.492378 -0.471 -0.2 1.492378 -0.549 -0.2 1.4765 -0.4808999 -0.01999998 1.4765 -0.3948999 -0.01999998 1.4855 -0.3948999 -0.01999998 1.4855 -0.4808999 -0.01999998 1.481718 -0.4800999 -0.05599999 1.481718 -0.3956999 -0.05599999 1.489917 -0.3956999 -0.05599999 1.489917 -0.4800999 -0.05599999 1.485743 -0.4792999 -0.092 1.485743 -0.3964999 -0.092 1.493143 -0.3964999 -0.092 1.493143 -0.4792999 -0.092 1.48768 -0.4784999 -0.128 1.48768 -0.3972999 -0.128 1.49428 -0.3972999 -0.128 1.49428 -0.4784999 -0.128 1.487148 -0.4776999 -0.164 1.487148 -0.3980999 -0.164 1.492948 -0.3980999 -0.164 1.492948 -0.4776999 -0.164 1.484378 -0.4768999 -0.2 1.484378 -0.3988999 -0.2 1.489378 -0.3988999 -0.2 1.489378 -0.4768999 -0.2 1.4795 -0.4087998 -0.01999998 1.4795 -0.3227998 -0.01999998 1.4885 -0.3227998 -0.01999998 1.4885 -0.4087998 -0.01999998 1.484717 -0.4079998 -0.05599999 1.484717 -0.3235998 -0.05599999 1.492917 -0.3235998 -0.05599999 1.492917 -0.4079998 -0.05599999 1.488743 -0.4071998 -0.092 1.488743 -0.3243998 -0.092 1.496143 -0.3243998 -0.092 1.496143 -0.4071998 -0.092 1.49068 -0.4063998 -0.128 1.49068 -0.3251998 -0.128 1.49728 -0.3251998 -0.128 1.49728 -0.4063998 -0.128 1.490148 -0.4055998 -0.164 1.490148 -0.3259998 -0.164 1.495948 -0.3259998 -0.164 1.495948 -0.4055998 -0.164 1.487378 -0.4047998 -0.2 1.487378 -0.3267998 -0.2 1.492378 -0.3267998 -0.2 1.492378 -0.4047998 -0.2 1.4765 -0.3366997 -0.01999998 1.4765 -0.2506997 -0.01999998 1.4855 -0.2506997 -0.01999998 1.4855 -0.3366997 -0.01999998 1.481718 -0.3358997 -0.05599999 1.481718 -0.2514997 -0.05599999 1.489917 -0.2514997 -0.05599999 1.489917 -0.3358997 -0.05599999 1.485743 -0.3350998 -0.092 1.485743 -0.2522997 -0.092 1.493143 -0.2522997 -0.092 1.493143 -0.3350998 -0.092 1.48768 -0.3342998 -0.128 1.48768 -0.2530997 -0.128 1.49428 -0.2530997 -0.128 1.49428 -0.3342998 -0.128 1.487148 -0.3334997 -0.164 1.487148 -0.2538998 -0.164 1.492948 -0.2538998 -0.164 1.492948 -0.3334997 -0.164 1.484378 -0.3326997 -0.2 1.484378 -0.2546997 -0.2 1.489378 -0.2546997 -0.2 1.489378 -0.3326997 -0.2 1.4795 -0.2645996 -0.01999998 1.4795 -0.1785996 -0.01999998 1.4885 -0.1785996 -0.01999998 1.4885 -0.2645996 -0.01999998 1.484717 -0.2637996 -0.05599999 1.484717 -0.1793996 -0.05599999 1.492917 -0.1793996 -0.05599999 1.492917 -0.2637996 -0.05599999 1.488743 -0.2629997 -0.092 1.488743 -0.1801996 -0.092 1.496143 -0.1801996 -0.092 1.496143 -0.2629997 -0.092 1.49068 -0.2621996 -0.128 1.49068 -0.1809996 -0.128 1.49728 -0.1809996 -0.128 1.49728 -0.2621996 -0.128 1.490148 -0.2613996 -0.164 1.490148 -0.1817996 -0.164 1.495948 -0.1817996 -0.164 1.495948 -0.2613996 -0.164 1.487378 -0.2605996 -0.2 1.487378 -0.1825996 -0.2 1.492378 -0.1825996 -0.2 1.492378 -0.2605996 -0.2 1.4765 -0.1924995 -0.01999998 1.4765 -0.1064996 -0.01999998 1.4855 -0.1064996 -0.01999998 1.4855 -0.1924995 -0.01999998 1.481718 -0.1916995 -0.05599999 1.481718 -0.1072995 -0.05599999 1.489917 -0.1072995 -0.05599999 1.489917 -0.1916995 -0.05599999 1.485743 -0.1908996 -0.092 1.485743 -0.1080995 -0.092 1.493143 -0.1080995 -0.092 1.493143 -0.1908996 -0.092 1.48768 -0.1900995 -0.128 1.48768 -0.1088995 -0.128 1.49428 -0.1088995 -0.128 1.49428 -0.1900995 -0.128 1.487148 -0.1892995 -0.164 1.487148 -0.1096996 -0.164 1.492948 -0.1096996 -0.164 1.492948 -0.1892995 -0.164 1.484378 -0.1884995 -0.2 1.484378 -0.1104995 -0.2 1.489378 -0.1104995 -0.2 1.489378 -0.1884995 -0.2 1.4795 -0.1203994 -0.01999998 1.4795 -0.03439944 -0.01999998 1.4885 -0.03439944 -0.01999998 1.4885 -0.1203994 -0.01999998 1.484717 -0.1195995 -0.05599999 1.484717 -0.03519946 -0.05599999 1.492917 -0.03519946 -0.05599999 1.492917 -0.1195995 -0.05599999 1.488743 -0.1187995 -0.092 1.488743 -0.03599941 -0.092 1.496143 -0.03599941 -0.092 1.496143 -0.1187995 -0.092 1.49068 -0.1179994 -0.128 1.49068 -0.03679943 -0.128 1.49728 -0.03679943 -0.128 1.49728 -0.1179994 -0.128 1.490148 -0.1171994 -0.164 1.490148 -0.03759944 -0.164 1.495948 -0.03759944 -0.164 1.495948 -0.1171994 -0.164 1.487378 -0.1163994 -0.2 1.487378 -0.03839945 -0.2 1.492378 -0.03839945 -0.2 1.492378 -0.1163994 -0.2 1.4765 -0.04829937 -0.01999998 1.4765 0.03770059 -0.01999998 1.4855 0.03770059 -0.01999998 1.4855 -0.04829937 -0.01999998 1.481718 -0.04749935 -0.05599999 1.481718 0.03690057 -0.05599999 1.489917 0.03690057 -0.05599999 1.489917 -0.04749935 -0.05599999 1.485743 -0.04669934 -0.092 1.485743 0.03610056 -0.092 1.493143 0.03610056 -0.092 1.493143 -0.04669934 -0.092 1.48768 -0.04589933 -0.128 1.48768 0.03530061 -0.128 1.49428 0.03530061 -0.128 1.49428 -0.04589933 -0.128 1.487148 -0.04509937 -0.164 1.487148 0.03450059 -0.164 1.492948 0.03450059 -0.164 1.492948 -0.04509937 -0.164 1.484378 -0.04429936 -0.2 1.484378 0.03370058 -0.2 1.489378 0.03370058 -0.2 1.489378 -0.04429936 -0.2 1.4795 0.02380067 -0.01999998 1.4795 0.1098007 -0.01999998 1.4885 0.1098007 -0.01999998 1.4885 0.02380067 -0.01999998 1.484717 0.02460068 -0.05599999 1.484717 0.1090007 -0.05599999 1.492917 0.1090007 -0.05599999 1.492917 0.02460068 -0.05599999 1.488743 0.02540069 -0.092 1.488743 0.1082007 -0.092 1.496143 0.1082007 -0.092 1.496143 0.02540069 -0.092 1.49068 0.02620065 -0.128 1.49068 0.1074007 -0.128 1.49728 0.1074007 -0.128 1.49728 0.02620065 -0.128 1.490148 0.02700066 -0.164 1.490148 0.1066007 -0.164 1.495948 0.1066007 -0.164 1.495948 0.02700066 -0.164 1.487378 0.02780067 -0.2 1.487378 0.1058007 -0.2 1.492378 0.1058007 -0.2 1.492378 0.02780067 -0.2 1.4765 0.09590077 -0.01999998 1.4765 0.1819007 -0.01999998 1.4855 0.1819007 -0.01999998 1.4855 0.09590077 -0.01999998 1.481718 0.09670078 -0.05599999 1.481718 0.1811007 -0.05599999 1.489917 0.1811007 -0.05599999 1.489917 0.09670078 -0.05599999 1.485743 0.09750074 -0.092 1.485743 0.1803008 -0.092 1.493143 0.1803008 -0.092 1.493143 0.09750074 -0.092 1.48768 0.09830075 -0.128 1.48768 0.1795008 -0.128 1.49428 0.1795008 -0.128 1.49428 0.09830075 -0.128 1.487148 0.09910076 -0.164 1.487148 0.1787008 -0.164 1.492948 0.1787008 -0.164 1.492948 0.09910076 -0.164 1.484378 0.09990078 -0.2 1.484378 0.1779007 -0.2 1.489378 0.1779007 -0.2 1.489378 0.09990078 -0.2 1.4795 0.1680009 -0.01999998 1.4795 0.2540009 -0.01999998 1.4885 0.2540009 -0.01999998 1.4885 0.1680009 -0.01999998 1.484717 0.1688008 -0.05599999 1.484717 0.2532009 -0.05599999 1.492917 0.2532009 -0.05599999 1.492917 0.1688008 -0.05599999 1.488743 0.1696009 -0.092 1.488743 0.2524009 -0.092 1.496143 0.2524009 -0.092 1.496143 0.1696009 -0.092 1.49068 0.1704009 -0.128 1.49068 0.2516009 -0.128 1.49728 0.2516009 -0.128 1.49728 0.1704009 -0.128 1.490148 0.1712009 -0.164 1.490148 0.2508009 -0.164 1.495948 0.2508009 -0.164 1.495948 0.1712009 -0.164 1.487378 0.1720008 -0.2 1.487378 0.2500009 -0.2 1.492378 0.2500009 -0.2 1.492378 0.1720008 -0.2 1.4765 0.2401009 -0.01999998 1.4765 0.326101 -0.01999998 1.4855 0.326101 -0.01999998 1.4855 0.2401009 -0.01999998 1.481718 0.2409009 -0.05599999 1.481718 0.3253009 -0.05599999 1.489917 0.3253009 -0.05599999 1.489917 0.2409009 -0.05599999 1.485743 0.241701 -0.092 1.485743 0.324501 -0.092 1.493143 0.324501 -0.092 1.493143 0.241701 -0.092 1.48768 0.2425009 -0.128 1.48768 0.323701 -0.128 1.49428 0.323701 -0.128 1.49428 0.2425009 -0.128 1.487148 0.2433009 -0.164 1.487148 0.322901 -0.164 1.492948 0.322901 -0.164 1.492948 0.2433009 -0.164 1.484378 0.2441009 -0.2 1.484378 0.3221009 -0.2 1.489378 0.3221009 -0.2 1.489378 0.2441009 -0.2 1.4795 0.312201 -0.01999998 1.4795 0.3982011 -0.01999998 1.4885 0.3982011 -0.01999998 1.4885 0.312201 -0.01999998 1.484717 0.313001 -0.05599999 1.484717 0.397401 -0.05599999 1.492917 0.397401 -0.05599999 1.492917 0.313001 -0.05599999 1.488743 0.3138011 -0.092 1.488743 0.3966011 -0.092 1.496143 0.3966011 -0.092 1.496143 0.3138011 -0.092 1.49068 0.3146011 -0.128 1.49068 0.3958011 -0.128 1.49728 0.3958011 -0.128 1.49728 0.3146011 -0.128 1.490148 0.3154011 -0.164 1.490148 0.3950011 -0.164 1.495948 0.3950011 -0.164 1.495948 0.3154011 -0.164 1.487378 0.316201 -0.2 1.487378 0.394201 -0.2 1.492378 0.394201 -0.2 1.492378 0.316201 -0.2 1.4765 0.384301 -0.01999998 1.4765 0.470301 -0.01999998 1.4855 0.470301 -0.01999998 1.4855 0.384301 -0.01999998 1.481718 0.385101 -0.05599999 1.481718 0.469501 -0.05599999 1.489918 0.469501 -0.05599999 1.489918 0.385101 -0.05599999 1.485743 0.385901 -0.092 1.485743 0.468701 -0.092 1.493143 0.468701 -0.092 1.493143 0.385901 -0.092 1.48768 0.386701 -0.128 1.48768 0.467901 -0.128 1.49428 0.467901 -0.128 1.49428 0.386701 -0.128 1.487148 0.387501 -0.164 1.487148 0.467101 -0.164 1.492948 0.467101 -0.164 1.492948 0.387501 -0.164 1.484378 0.388301 -0.2 1.484378 0.466301 -0.2 1.489378 0.466301 -0.2 1.489378 0.388301 -0.2 1.4795 0.4564011 -0.01999998 1.4795 0.5424011 -0.01999998 1.4885 0.5424011 -0.01999998 1.4885 0.4564011 -0.01999998 1.484718 0.4572011 -0.05599999 1.484718 0.5416011 -0.05599999 1.492918 0.5416011 -0.05599999 1.492918 0.4572011 -0.05599999 1.488743 0.4580011 -0.092 1.488743 0.5408011 -0.092 1.496143 0.5408011 -0.092 1.496143 0.4580011 -0.092 1.49068 0.4588011 -0.128 1.49068 0.5400012 -0.128 1.49728 0.5400012 -0.128 1.49728 0.4588011 -0.128 1.490148 0.4596011 -0.164 1.490148 0.5392012 -0.164 1.495948 0.5392012 -0.164 1.495948 0.4596011 -0.164 1.487378 0.4604011 -0.2 1.487378 0.5384011 -0.2 1.492378 0.5384011 -0.2 1.492378 0.4604011 -0.2 1.476702 0.5417894 -0.01999998 1.459924 0.6261369 -0.01999998 1.468751 0.6278927 -0.01999998 1.485529 0.5435453 -0.01999998 1.481663 0.5435919 -0.05599999 1.465198 0.6263701 -0.05599999 1.47324 0.6279699 -0.05599999 1.489706 0.5451917 -0.05599999 1.485456 0.545162 -0.092 1.469302 0.626371 -0.092 1.47656 0.6278147 -0.092 1.492713 0.5466056 -0.092 1.487199 0.5463244 -0.128 1.471358 0.6259642 -0.128 1.477831 0.6272518 -0.128 1.493672 0.547612 -0.128 1.486521 0.5470053 -0.164 1.470992 0.6250758 -0.164 1.476681 0.6262074 -0.164 1.49221 0.5481368 -0.164 1.483648 0.5472494 -0.2 1.468431 0.6237507 -0.2 1.473335 0.6247262 -0.2 1.488552 0.5482249 -0.2 1.461493 0.6312172 -0.01999998 1.423456 0.7083482 -0.01999998 1.431528 0.7123289 -0.01999998 1.469565 0.6351978 -0.01999998 1.465819 0.6342424 -0.05599999 1.42849 0.7099384 -0.05599999 1.435844 0.7135652 -0.05599999 1.473173 0.6378692 -0.05599999 1.469076 0.6367405 -0.092 1.432454 0.7110015 -0.092 1.439091 0.7142744 -0.092 1.475713 0.6400133 -0.092 1.470459 0.6383146 -0.128 1.434545 0.7111406 -0.128 1.440464 0.7140597 -0.128 1.476378 0.6412337 -0.128 1.469628 0.6387969 -0.164 1.434422 0.7101879 -0.164 1.439624 0.7127531 -0.164 1.47483 0.6413621 -0.164 1.46679 0.638289 -0.2 1.432291 0.708245 -0.2 1.436775 0.7104565 -0.2 1.471274 0.6405004 -0.2 1.420097 0.7112823 -0.01999998 1.363393 0.7759405 -0.01999998 1.37016 0.7818747 -0.01999998 1.426863 0.7172164 -0.01999998 1.423492 0.7153239 -0.05599999 1.367843 0.7787793 -0.05599999 1.374008 0.7841859 -0.05599999 1.429657 0.7207306 -0.05599999 1.425991 0.7185798 -0.092 1.371397 0.7808322 -0.092 1.376961 0.7857113 -0.092 1.431555 0.7234589 -0.092 1.42692 0.7204583 -0.128 1.373381 0.7815078 -0.128 1.378343 0.7858595 -0.128 1.431882 0.7248101 -0.128 1.425993 0.720709 -0.164 1.373509 0.7805556 -0.164 1.377869 0.7843798 -0.164 1.430353 0.7245333 -0.164 1.423382 0.7194839 -0.2 1.371953 0.7781274 -0.2 1.375712 0.7814242 -0.2 1.427142 0.7227806 -0.2 1.364409 0.7836306 -0.01999998 1.292903 0.8314095 -0.01999998 1.297903 0.8388928 -0.01999998 1.369409 0.7911138 -0.01999998 1.366643 0.7884132 -0.05599999 1.296467 0.8353034 -0.05599999 1.301022 0.8421214 -0.05599999 1.371198 0.7952313 -0.05599999 1.368214 0.792205 -0.092 1.299368 0.8382062 -0.092 1.30348 0.844359 -0.092 1.372325 0.7983579 -0.092 1.368625 0.79426 -0.128 1.30111 0.8393723 -0.128 1.304777 0.84486 -0.128 1.372292 0.7997477 -0.128 1.367664 0.7942622 -0.164 1.301479 0.8384855 -0.164 1.304702 0.843308 -0.164 1.370887 0.7990847 -0.164 1.36546 0.7924031 -0.2 1.300605 0.8357375 -0.2 1.303383 0.8398948 -0.2 1.368238 0.7965604 -0.2 1.29572 0.8263388 -0.01999998 1.218589 0.8643757 -0.01999998 1.22257 0.8724476 -0.01999998 1.299701 0.8344107 -0.01999998 1.29731 0.8313721 -0.05599999 1.221614 0.8687013 -0.05599999 1.225241 0.8760557 -0.05599999 1.300937 0.8387265 -0.05599999 1.298373 0.8353365 -0.092 1.224112 0.8719581 -0.092 1.227385 0.8785949 -0.092 1.301646 0.8419734 -0.092 1.298513 0.8374276 -0.128 1.225686 0.8733415 -0.128 1.228606 0.8792608 -0.128 1.301432 0.8433469 -0.128 1.29756 0.8373043 -0.164 1.226169 0.8725105 -0.164 1.228734 0.8777123 -0.164 1.300125 0.8425061 -0.164 1.295617 0.8351734 -0.2 1.225661 0.869672 -0.2 1.227872 0.8741564 -0.2 1.297828 0.8396578 -0.2 1.214364 0.8653247 -0.01999998 1.130016 0.8821026 -0.01999998 1.131772 0.8909297 -0.01999998 1.21612 0.8741518 -0.01999998 1.214597 0.8705981 -0.05599999 1.131819 0.8870638 -0.05599999 1.133419 0.8951063 -0.05599999 1.216197 0.8786406 -0.05599999 1.214598 0.8747026 -0.092 1.133389 0.8908562 -0.092 1.134832 0.898114 -0.092 1.216041 0.8819604 -0.092 1.214191 0.8767585 -0.128 1.134551 0.8925998 -0.128 1.135839 0.899073 -0.128 1.215479 0.8832316 -0.128 1.213303 0.8763927 -0.164 1.135232 0.891922 -0.164 1.136364 0.8976106 -0.164 1.214434 0.8820813 -0.164 1.211978 0.8738317 -0.2 1.135476 0.8890488 -0.2 1.136452 0.8939527 -0.2 1.212953 0.8787356 -0.2 1.129801 0.8765 -0.01999998 1.043801 0.8765 -0.01999998 1.043801 0.8855 -0.01999998 1.129801 0.8855 -0.01999998 1.129001 0.8817175 -0.05599999 1.044601 0.8817175 -0.05599999 1.044601 0.8899176 -0.05599999 1.129001 0.8899176 -0.05599999 1.128201 0.8857433 -0.092 1.045401 0.8857433 -0.092 1.045401 0.8931433 -0.092 1.128201 0.8931433 -0.092 1.127401 0.8876802 -0.128 1.046201 0.8876802 -0.128 1.046201 0.8942803 -0.128 1.127401 0.8942803 -0.128 1.126601 0.8871483 -0.164 1.047001 0.8871483 -0.164 1.047001 0.8929483 -0.164 1.126601 0.8929483 -0.164 1.125801 0.8843778 -0.2 1.047801 0.8843778 -0.2 1.047801 0.8893778 -0.2 1.125801 0.8893778 -0.2 1.0577 0.8795 -0.01999998 0.9717006 0.8795 -0.01999998 0.9717006 0.8885 -0.01999998 1.0577 0.8885 -0.01999998 1.0569 0.8847175 -0.05599999 0.9725006 0.8847175 -0.05599999 0.9725006 0.8929176 -0.05599999 1.0569 0.8929176 -0.05599999 1.0561 0.8887433 -0.092 0.9733005 0.8887433 -0.092 0.9733005 0.8961433 -0.092 1.0561 0.8961433 -0.092 1.0553 0.8906803 -0.128 0.9741005 0.8906803 -0.128 0.9741005 0.8972803 -0.128 1.0553 0.8972803 -0.128 1.054501 0.8901483 -0.164 0.9749006 0.8901483 -0.164 0.9749006 0.8959483 -0.164 1.054501 0.8959483 -0.164 1.053701 0.8873779 -0.2 0.9757006 0.8873779 -0.2 0.9757006 0.8923779 -0.2 1.053701 0.8923779 -0.2 0.9856005 0.8765 -0.01999998 0.8996005 0.8765 -0.01999998 0.8996005 0.8855 -0.01999998 0.9856005 0.8855 -0.01999998 0.9848005 0.8817175 -0.05599999 0.9004005 0.8817175 -0.05599999 0.9004005 0.8899176 -0.05599999 0.9848005 0.8899176 -0.05599999 0.9840005 0.8857433 -0.092 0.9012005 0.8857433 -0.092 0.9012005 0.8931433 -0.092 0.9840005 0.8931433 -0.092 0.9832005 0.8876802 -0.128 0.9020005 0.8876802 -0.128 0.9020005 0.8942803 -0.128 0.9832005 0.8942803 -0.128 0.9824005 0.8871483 -0.164 0.9028005 0.8871483 -0.164 0.9028005 0.8929483 -0.164 0.9824005 0.8929483 -0.164 0.9816005 0.8843778 -0.2 0.9036005 0.8843778 -0.2 0.9036005 0.8893778 -0.2 0.9816005 0.8893778 -0.2 0.9135004 0.8795 -0.01999998 0.8275005 0.8795 -0.01999998 0.8275005 0.8885 -0.01999998 0.9135004 0.8885 -0.01999998 0.9127004 0.8847175 -0.05599999 0.8283005 0.8847175 -0.05599999 0.8283005 0.8929176 -0.05599999 0.9127004 0.8929176 -0.05599999 0.9119005 0.8887433 -0.092 0.8291004 0.8887433 -0.092 0.8291004 0.8961433 -0.092 0.9119005 0.8961433 -0.092 0.9111005 0.8906803 -0.128 0.8299005 0.8906803 -0.128 0.8299005 0.8972803 -0.128 0.9111005 0.8972803 -0.128 0.9103004 0.8901483 -0.164 0.8307005 0.8901483 -0.164 0.8307005 0.8959483 -0.164 0.9103004 0.8959483 -0.164 0.9095004 0.8873779 -0.2 0.8315005 0.8873779 -0.2 0.8315005 0.8923779 -0.2 0.9095004 0.8923779 -0.2 0.8414005 0.8765 -0.01999998 0.7554005 0.8765 -0.01999998 0.7554005 0.8855 -0.01999998 0.8414005 0.8855 -0.01999998 0.8406005 0.8817175 -0.05599999 0.7562004 0.8817175 -0.05599999 0.7562004 0.8899176 -0.05599999 0.8406005 0.8899176 -0.05599999 0.8398005 0.8857433 -0.092 0.7570005 0.8857433 -0.092 0.7570005 0.8931433 -0.092 0.8398005 0.8931433 -0.092 0.8390005 0.8876802 -0.128 0.7578005 0.8876802 -0.128 0.7578005 0.8942803 -0.128 0.8390005 0.8942803 -0.128 0.8382005 0.8871483 -0.164 0.7586005 0.8871483 -0.164 0.7586005 0.8929483 -0.164 0.8382005 0.8929483 -0.164 0.8374004 0.8843778 -0.2 0.7594005 0.8843778 -0.2 0.7594005 0.8893778 -0.2 0.8374004 0.8893778 -0.2 0.7693002 0.8795001 -0.01999998 0.6833002 0.8795001 -0.01999998 0.6833002 0.8885 -0.01999998 0.7693002 0.8885 -0.01999998 0.7685002 0.8847176 -0.05599999 0.6841002 0.8847176 -0.05599999 0.6841002 0.8929176 -0.05599999 0.7685002 0.8929176 -0.05599999 0.7677002 0.8887434 -0.092 0.6849002 0.8887434 -0.092 0.6849002 0.8961434 -0.092 0.7677002 0.8961434 -0.092 0.7669002 0.8906803 -0.128 0.6857002 0.8906803 -0.128 0.6857002 0.8972803 -0.128 0.7669002 0.8972803 -0.128 0.7661002 0.8901484 -0.164 0.6865002 0.8901484 -0.164 0.6865002 0.8959484 -0.164 0.7661002 0.8959484 -0.164 0.7653002 0.8873779 -0.2 0.6873002 0.8873779 -0.2 0.6873002 0.8923779 -0.2 0.7653002 0.8923779 -0.2 0.6972001 0.8765001 -0.01999998 0.6112002 0.8765001 -0.01999998 0.6112002 0.8855 -0.01999998 0.6972001 0.8855 -0.01999998 0.6964002 0.8817176 -0.05599999 0.6120001 0.8817176 -0.05599999 0.6120001 0.8899176 -0.05599999 0.6964002 0.8899176 -0.05599999 0.6956002 0.8857433 -0.092 0.6128001 0.8857433 -0.092 0.6128001 0.8931434 -0.092 0.6956002 0.8931434 -0.092 0.6948001 0.8876803 -0.128 0.6136001 0.8876803 -0.128 0.6136001 0.8942803 -0.128 0.6948001 0.8942803 -0.128 0.6940001 0.8871483 -0.164 0.6144002 0.8871483 -0.164 0.6144002 0.8929483 -0.164 0.6940001 0.8929483 -0.164 0.6932001 0.8843779 -0.2 0.6152002 0.8843779 -0.2 0.6152002 0.8893779 -0.2 0.6932001 0.8893779 -0.2 0.6251001 0.8795 -0.01999998 0.5391001 0.8795 -0.01999998 0.5391001 0.8885 -0.01999998 0.6251001 0.8885 -0.01999998 0.6243001 0.8847175 -0.05599999 0.5399001 0.8847175 -0.05599999 0.5399001 0.8929176 -0.05599999 0.6243001 0.8929176 -0.05599999 0.6235001 0.8887433 -0.092 0.5407001 0.8887433 -0.092 0.5407001 0.8961433 -0.092 0.6235001 0.8961433 -0.092 0.6227001 0.8906803 -0.128 0.5415001 0.8906803 -0.128 0.5415001 0.8972803 -0.128 0.6227001 0.8972803 -0.128 0.6219001 0.8901483 -0.164 0.5423001 0.8901483 -0.164 0.5423001 0.8959483 -0.164 0.6219001 0.8959483 -0.164 0.6211001 0.8873779 -0.2 0.5431001 0.8873779 -0.2 0.5431001 0.8923779 -0.2 0.6211001 0.8923779 -0.2 0.553 0.8765 -0.01999998 0.467 0.8765 -0.01999998 0.467 0.8855 -0.01999998 0.553 0.8855 -0.01999998 0.5522 0.8817175 -0.05599999 0.4678 0.8817175 -0.05599999 0.4678 0.8899176 -0.05599999 0.5522 0.8899176 -0.05599999 0.5514 0.8857433 -0.092 0.4686 0.8857433 -0.092 0.4686 0.8931433 -0.092 0.5514 0.8931433 -0.092 0.5506 0.8876802 -0.128 0.4694 0.8876802 -0.128 0.4694 0.8942803 -0.128 0.5506 0.8942803 -0.128 0.5498 0.8871483 -0.164 0.4702 0.8871483 -0.164 0.4702 0.8929483 -0.164 0.5498 0.8929483 -0.164 0.549 0.8843778 -0.2 0.471 0.8843778 -0.2 0.471 0.8893778 -0.2 0.549 0.8893778 -0.2 0.4808999 0.8795 -0.01999998 0.3948999 0.8795 -0.01999998 0.3948999 0.8885 -0.01999998 0.4808999 0.8885 -0.01999998 0.4800999 0.8847175 -0.05599999 0.3956999 0.8847175 -0.05599999 0.3956999 0.8929176 -0.05599999 0.4800999 0.8929176 -0.05599999 0.4792999 0.8887433 -0.092 0.3964999 0.8887433 -0.092 0.3964999 0.8961433 -0.092 0.4792999 0.8961433 -0.092 0.4784999 0.8906803 -0.128 0.3972999 0.8906803 -0.128 0.3972999 0.8972803 -0.128 0.4784999 0.8972803 -0.128 0.4776999 0.8901483 -0.164 0.3980999 0.8901483 -0.164 0.3980999 0.8959483 -0.164 0.4776999 0.8959483 -0.164 0.4768999 0.8873779 -0.2 0.3988999 0.8873779 -0.2 0.3988999 0.8923779 -0.2 0.4768999 0.8923779 -0.2 0.4087999 0.8765 -0.01999998 0.3227999 0.8765 -0.01999998 0.3227999 0.8855 -0.01999998 0.4087999 0.8855 -0.01999998 0.4079999 0.8817175 -0.05599999 0.3235999 0.8817175 -0.05599999 0.3235999 0.8899176 -0.05599999 0.4079999 0.8899176 -0.05599999 0.4071999 0.8857433 -0.092 0.3243999 0.8857433 -0.092 0.3243999 0.8931433 -0.092 0.4071999 0.8931433 -0.092 0.4063999 0.8876802 -0.128 0.3251999 0.8876802 -0.128 0.3251999 0.8942803 -0.128 0.4063999 0.8942803 -0.128 0.4055999 0.8871483 -0.164 0.3259999 0.8871483 -0.164 0.3259999 0.8929483 -0.164 0.4055999 0.8929483 -0.164 0.4047999 0.8843778 -0.2 0.3267999 0.8843778 -0.2 0.3267999 0.8893778 -0.2 0.4047999 0.8893778 -0.2 0.3366998 0.8795001 -0.01999998 0.2506998 0.8795001 -0.01999998 0.2506998 0.8885 -0.01999998 0.3366998 0.8885 -0.01999998 0.3358998 0.8847176 -0.05599999 0.2514998 0.8847176 -0.05599999 0.2514998 0.8929176 -0.05599999 0.3358998 0.8929176 -0.05599999 0.3350998 0.8887434 -0.092 0.2522998 0.8887434 -0.092 0.2522998 0.8961434 -0.092 0.3350998 0.8961434 -0.092 0.3342998 0.8906803 -0.128 0.2530998 0.8906803 -0.128 0.2530998 0.8972803 -0.128 0.3342998 0.8972803 -0.128 0.3334998 0.8901484 -0.164 0.2538998 0.8901484 -0.164 0.2538998 0.8959484 -0.164 0.3334998 0.8959484 -0.164 0.3326998 0.8873779 -0.2 0.2546998 0.8873779 -0.2 0.2546998 0.8923779 -0.2 0.3326998 0.8923779 -0.2 0.2645996 0.8765001 -0.01999998 0.1785995 0.8765001 -0.01999998 0.1785995 0.8855 -0.01999998 0.2645996 0.8855 -0.01999998 0.2637996 0.8817176 -0.05599999 0.1793996 0.8817176 -0.05599999 0.1793996 0.8899176 -0.05599999 0.2637996 0.8899176 -0.05599999 0.2629996 0.8857433 -0.092 0.1801996 0.8857433 -0.092 0.1801996 0.8931434 -0.092 0.2629996 0.8931434 -0.092 0.2621996 0.8876803 -0.128 0.1809995 0.8876803 -0.128 0.1809995 0.8942803 -0.128 0.2621996 0.8942803 -0.128 0.2613996 0.8871483 -0.164 0.1817995 0.8871483 -0.164 0.1817995 0.8929483 -0.164 0.2613996 0.8929483 -0.164 0.2605996 0.8843779 -0.2 0.1825996 0.8843779 -0.2 0.1825996 0.8893779 -0.2 0.2605996 0.8893779 -0.2 0.1924995 0.8795 -0.01999998 0.1064996 0.8795 -0.01999998 0.1064996 0.8885 -0.01999998 0.1924995 0.8885 -0.01999998 0.1916995 0.8847175 -0.05599999 0.1072995 0.8847175 -0.05599999 0.1072995 0.8929176 -0.05599999 0.1916995 0.8929176 -0.05599999 0.1908996 0.8887433 -0.092 0.1080995 0.8887433 -0.092 0.1080995 0.8961433 -0.092 0.1908996 0.8961433 -0.092 0.1900995 0.8906803 -0.128 0.1088995 0.8906803 -0.128 0.1088995 0.8972803 -0.128 0.1900995 0.8972803 -0.128 0.1892995 0.8901483 -0.164 0.1096996 0.8901483 -0.164 0.1096996 0.8959483 -0.164 0.1892995 0.8959483 -0.164 0.1884995 0.8873779 -0.2 0.1104995 0.8873779 -0.2 0.1104995 0.8923779 -0.2 0.1884995 0.8923779 -0.2 0.1203994 0.8765 -0.01999998 0.03439944 0.8765 -0.01999998 0.03439944 0.8855 -0.01999998 0.1203994 0.8855 -0.01999998 0.1195995 0.8817175 -0.05599999 0.03519946 0.8817175 -0.05599999 0.03519946 0.8899176 -0.05599999 0.1195995 0.8899176 -0.05599999 0.1187995 0.8857433 -0.092 0.03599941 0.8857433 -0.092 0.03599941 0.8931433 -0.092 0.1187995 0.8931433 -0.092 0.1179994 0.8876802 -0.128 0.03679943 0.8876802 -0.128 0.03679943 0.8942803 -0.128 0.1179994 0.8942803 -0.128 0.1171994 0.8871483 -0.164 0.03759944 0.8871483 -0.164 0.03759944 0.8929483 -0.164 0.1171994 0.8929483 -0.164 0.1163994 0.8843778 -0.2 0.03839945 0.8843778 -0.2 0.03839945 0.8893778 -0.2 0.1163994 0.8893778 -0.2 0.04829937 0.8795 -0.01999998 -0.03770059 0.8795 -0.01999998 -0.03770059 0.8885 -0.01999998 0.04829937 0.8885 -0.01999998 0.04749935 0.8847175 -0.05599999 -0.03690057 0.8847175 -0.05599999 -0.03690057 0.8929176 -0.05599999 0.04749935 0.8929176 -0.05599999 0.04669934 0.8887433 -0.092 -0.03610056 0.8887433 -0.092 -0.03610056 0.8961433 -0.092 0.04669934 0.8961433 -0.092 0.04589939 0.8906803 -0.128 -0.03530061 0.8906803 -0.128 -0.03530061 0.8972803 -0.128 0.04589939 0.8972803 -0.128 0.04509937 0.8901483 -0.164 -0.03450059 0.8901483 -0.164 -0.03450059 0.8959483 -0.164 0.04509937 0.8959483 -0.164 0.04429936 0.8873779 -0.2 -0.03370058 0.8873779 -0.2 -0.03370058 0.8923779 -0.2 0.04429936 0.8923779 -0.2 -0.02380067 0.8765 -0.01999998 -0.1098007 0.8765 -0.01999998 -0.1098007 0.8854999 -0.01999998 -0.02380067 0.8854999 -0.01999998 -0.02460068 0.8817175 -0.05599999 -0.1090007 0.8817175 -0.05599999 -0.1090007 0.8899175 -0.05599999 -0.02460068 0.8899175 -0.05599999 -0.02540069 0.8857432 -0.092 -0.1082007 0.8857432 -0.092 -0.1082007 0.8931432 -0.092 -0.02540069 0.8931432 -0.092 -0.02620065 0.8876802 -0.128 -0.1074007 0.8876802 -0.128 -0.1074007 0.8942802 -0.128 -0.02620065 0.8942802 -0.128 -0.02700066 0.8871482 -0.164 -0.1066007 0.8871482 -0.164 -0.1066007 0.8929482 -0.164 -0.02700066 0.8929482 -0.164 -0.02780067 0.8843778 -0.2 -0.1058007 0.8843778 -0.2 -0.1058007 0.8893778 -0.2 -0.02780067 0.8893778 -0.2 -0.09590077 0.8795 -0.01999998 -0.1819007 0.8795 -0.01999998 -0.1819007 0.8885 -0.01999998 -0.09590077 0.8885 -0.01999998 -0.09670078 0.8847175 -0.05599999 -0.1811007 0.8847175 -0.05599999 -0.1811007 0.8929176 -0.05599999 -0.09670078 0.8929176 -0.05599999 -0.09750074 0.8887433 -0.092 -0.1803008 0.8887433 -0.092 -0.1803008 0.8961433 -0.092 -0.09750074 0.8961433 -0.092 -0.09830075 0.8906803 -0.128 -0.1795008 0.8906803 -0.128 -0.1795008 0.8972803 -0.128 -0.09830075 0.8972803 -0.128 -0.09910076 0.8901483 -0.164 -0.1787008 0.8901483 -0.164 -0.1787008 0.8959483 -0.164 -0.09910076 0.8959483 -0.164 -0.09990078 0.8873779 -0.2 -0.1779007 0.8873779 -0.2 -0.1779007 0.8923779 -0.2 -0.09990078 0.8923779 -0.2 -0.1680008 0.8765001 -0.01999998 -0.2540009 0.8765001 -0.01999998 -0.2540009 0.8855 -0.01999998 -0.1680008 0.8855 -0.01999998 -0.1688008 0.8817176 -0.05599999 -0.2532008 0.8817176 -0.05599999 -0.2532008 0.8899176 -0.05599999 -0.1688008 0.8899176 -0.05599999 -0.1696008 0.8857433 -0.092 -0.2524008 0.8857433 -0.092 -0.2524008 0.8931434 -0.092 -0.1696008 0.8931434 -0.092 -0.1704008 0.8876803 -0.128 -0.2516008 0.8876803 -0.128 -0.2516008 0.8942803 -0.128 -0.1704008 0.8942803 -0.128 -0.1712008 0.8871483 -0.164 -0.2508009 0.8871483 -0.164 -0.2508009 0.8929483 -0.164 -0.1712008 0.8929483 -0.164 -0.1720008 0.8843779 -0.2 -0.2500008 0.8843779 -0.2 -0.2500008 0.8893779 -0.2 -0.1720008 0.8893779 -0.2 -0.240101 0.8795001 -0.01999998 -0.326101 0.8795001 -0.01999998 -0.326101 0.8885 -0.01999998 -0.240101 0.8885 -0.01999998 -0.240901 0.8847176 -0.05599999 -0.325301 0.8847176 -0.05599999 -0.325301 0.8929176 -0.05599999 -0.240901 0.8929176 -0.05599999 -0.241701 0.8887434 -0.092 -0.324501 0.8887434 -0.092 -0.324501 0.8961434 -0.092 -0.241701 0.8961434 -0.092 -0.242501 0.8906803 -0.128 -0.323701 0.8906803 -0.128 -0.323701 0.8972803 -0.128 -0.242501 0.8972803 -0.128 -0.243301 0.8901484 -0.164 -0.322901 0.8901484 -0.164 -0.322901 0.8959484 -0.164 -0.243301 0.8959484 -0.164 -0.244101 0.8873779 -0.2 -0.322101 0.8873779 -0.2 -0.322101 0.8923779 -0.2 -0.244101 0.8923779 -0.2 -0.3122011 0.8765 -0.01999998 -0.3982011 0.8765 -0.01999998 -0.3982011 0.8855 -0.01999998 -0.3122011 0.8855 -0.01999998 -0.3130011 0.8817175 -0.05599999 -0.3974011 0.8817175 -0.05599999 -0.3974011 0.8899176 -0.05599999 -0.3130011 0.8899176 -0.05599999 -0.3138011 0.8857433 -0.092 -0.3966012 0.8857433 -0.092 -0.3966012 0.8931433 -0.092 -0.3138011 0.8931433 -0.092 -0.3146011 0.8876802 -0.128 -0.3958011 0.8876802 -0.128 -0.3958011 0.8942803 -0.128 -0.3146011 0.8942803 -0.128 -0.3154011 0.8871483 -0.164 -0.3950011 0.8871483 -0.164 -0.3950011 0.8929483 -0.164 -0.3154011 0.8929483 -0.164 -0.3162011 0.8843778 -0.2 -0.3942011 0.8843778 -0.2 -0.3942011 0.8893778 -0.2 -0.3162011 0.8893778 -0.2 -0.3843012 0.8795 -0.01999998 -0.4703012 0.8795 -0.01999998 -0.4703012 0.8884999 -0.01999998 -0.3843012 0.8884999 -0.01999998 -0.3851012 0.8847175 -0.05599999 -0.4695012 0.8847175 -0.05599999 -0.4695012 0.8929175 -0.05599999 -0.3851012 0.8929175 -0.05599999 -0.3859012 0.8887432 -0.092 -0.4687013 0.8887432 -0.092 -0.4687013 0.8961433 -0.092 -0.3859012 0.8961433 -0.092 -0.3867012 0.8906802 -0.128 -0.4679012 0.8906802 -0.128 -0.4679012 0.8972802 -0.128 -0.3867012 0.8972802 -0.128 -0.3875012 0.8901482 -0.164 -0.4671012 0.8901482 -0.164 -0.4671012 0.8959482 -0.164 -0.3875012 0.8959482 -0.164 -0.3883012 0.8873778 -0.2 -0.4663012 0.8873778 -0.2 -0.4663012 0.8923778 -0.2 -0.3883012 0.8923778 -0.2 -0.4564012 0.8765 -0.01999998 -0.5424012 0.8765 -0.01999998 -0.5424012 0.8854999 -0.01999998 -0.4564012 0.8854999 -0.01999998 -0.4572012 0.8817175 -0.05599999 -0.5416012 0.8817175 -0.05599999 -0.5416012 0.8899175 -0.05599999 -0.4572012 0.8899175 -0.05599999 -0.4580012 0.8857432 -0.092 -0.5408012 0.8857432 -0.092 -0.5408012 0.8931432 -0.092 -0.4580012 0.8931432 -0.092 -0.4588012 0.8876802 -0.128 -0.5400012 0.8876802 -0.128 -0.5400012 0.8942802 -0.128 -0.4588012 0.8942802 -0.128 -0.4596012 0.8871482 -0.164 -0.5392012 0.8871482 -0.164 -0.5392012 0.8929482 -0.164 -0.4596012 0.8929482 -0.164 -0.4604012 0.8843778 -0.2 -0.5384012 0.8843778 -0.2 -0.5384012 0.8893778 -0.2 -0.4604012 0.8893778 -0.2 -0.5285013 0.8795 -0.01999998 -0.6145013 0.8795 -0.01999998 -0.6145013 0.8885 -0.01999998 -0.5285013 0.8885 -0.01999998 -0.5293013 0.8847175 -0.05599999 -0.6137014 0.8847175 -0.05599999 -0.6137014 0.8929176 -0.05599999 -0.5293013 0.8929176 -0.05599999 -0.5301013 0.8887433 -0.092 -0.6129013 0.8887433 -0.092 -0.6129013 0.8961433 -0.092 -0.5301013 0.8961433 -0.092 -0.5309013 0.8906803 -0.128 -0.6121013 0.8906803 -0.128 -0.6121013 0.8972803 -0.128 -0.5309013 0.8972803 -0.128 -0.5317013 0.8901483 -0.164 -0.6113013 0.8901483 -0.164 -0.6113013 0.8959483 -0.164 -0.5317013 0.8959483 -0.164 -0.5325013 0.8873779 -0.2 -0.6105013 0.8873779 -0.2 -0.6105013 0.8923779 -0.2 -0.5325013 0.8923779 -0.2 -0.6006014 0.8765 -0.01999998 -0.6866014 0.8765 -0.01999998 -0.6866014 0.8855 -0.01999998 -0.6006014 0.8855 -0.01999998 -0.6014015 0.8817175 -0.05599999 -0.6858014 0.8817175 -0.05599999 -0.6858014 0.8899176 -0.05599999 -0.6014015 0.8899176 -0.05599999 -0.6022014 0.8857433 -0.092 -0.6850014 0.8857433 -0.092 -0.6850014 0.8931433 -0.092 -0.6022014 0.8931433 -0.092 -0.6030014 0.8876802 -0.128 -0.6842014 0.8876802 -0.128 -0.6842014 0.8942803 -0.128 -0.6030014 0.8942803 -0.128 -0.6038014 0.8871483 -0.164 -0.6834014 0.8871483 -0.164 -0.6834014 0.8929483 -0.164 -0.6038014 0.8929483 -0.164 -0.6046015 0.8843778 -0.2 -0.6826014 0.8843778 -0.2 -0.6826014 0.8893778 -0.2 -0.6046015 0.8893778 -0.2 -0.6727014 0.8795001 -0.01999998 -0.7587014 0.8795001 -0.01999998 -0.7587014 0.8885 -0.01999998 -0.6727014 0.8885 -0.01999998 -0.6735014 0.8847176 -0.05599999 -0.7579014 0.8847176 -0.05599999 -0.7579014 0.8929176 -0.05599999 -0.6735014 0.8929176 -0.05599999 -0.6743014 0.8887434 -0.092 -0.7571014 0.8887434 -0.092 -0.7571014 0.8961434 -0.092 -0.6743014 0.8961434 -0.092 -0.6751014 0.8906803 -0.128 -0.7563014 0.8906803 -0.128 -0.7563014 0.8972803 -0.128 -0.6751014 0.8972803 -0.128 -0.6759014 0.8901484 -0.164 -0.7555014 0.8901484 -0.164 -0.7555014 0.8959484 -0.164 -0.6759014 0.8959484 -0.164 -0.6767014 0.8873779 -0.2 -0.7547014 0.8873779 -0.2 -0.7547014 0.8923779 -0.2 -0.6767014 0.8923779 -0.2 -0.7448017 0.8765001 -0.01999998 -0.8308017 0.8765001 -0.01999998 -0.8308017 0.8855 -0.01999998 -0.7448017 0.8855 -0.01999998 -0.7456017 0.8817176 -0.05599999 -0.8300017 0.8817176 -0.05599999 -0.8300017 0.8899176 -0.05599999 -0.7456017 0.8899176 -0.05599999 -0.7464017 0.8857433 -0.092 -0.8292017 0.8857433 -0.092 -0.8292017 0.8931434 -0.092 -0.7464017 0.8931434 -0.092 -0.7472017 0.8876803 -0.128 -0.8284017 0.8876803 -0.128 -0.8284017 0.8942803 -0.128 -0.7472017 0.8942803 -0.128 -0.7480017 0.8871483 -0.164 -0.8276017 0.8871483 -0.164 -0.8276017 0.8929483 -0.164 -0.7480017 0.8929483 -0.164 -0.7488017 0.8843779 -0.2 -0.8268017 0.8843779 -0.2 -0.8268017 0.8893779 -0.2 -0.7488017 0.8893779 -0.2 -0.8169017 0.8795 -0.01999998 -0.9029017 0.8795 -0.01999998 -0.9029017 0.8885 -0.01999998 -0.8169017 0.8885 -0.01999998 -0.8177017 0.8847175 -0.05599999 -0.9021016 0.8847175 -0.05599999 -0.9021016 0.8929176 -0.05599999 -0.8177017 0.8929176 -0.05599999 -0.8185017 0.8887433 -0.092 -0.9013017 0.8887433 -0.092 -0.9013017 0.8961433 -0.092 -0.8185017 0.8961433 -0.092 -0.8193017 0.8906803 -0.128 -0.9005017 0.8906803 -0.128 -0.9005017 0.8972803 -0.128 -0.8193017 0.8972803 -0.128 -0.8201017 0.8901483 -0.164 -0.8997017 0.8901483 -0.164 -0.8997017 0.8959483 -0.164 -0.8201017 0.8959483 -0.164 -0.8209017 0.8873779 -0.2 -0.8989017 0.8873779 -0.2 -0.8989017 0.8923779 -0.2 -0.8209017 0.8923779 -0.2 -0.8890018 0.8765 -0.01999998 -0.9750018 0.8765 -0.01999998 -0.9750018 0.8855 -0.01999998 -0.8890018 0.8855 -0.01999998 -0.8898018 0.8817175 -0.05599999 -0.9742018 0.8817175 -0.05599999 -0.9742018 0.8899176 -0.05599999 -0.8898018 0.8899176 -0.05599999 -0.8906018 0.8857433 -0.092 -0.9734018 0.8857433 -0.092 -0.9734018 0.8931433 -0.092 -0.8906018 0.8931433 -0.092 -0.8914018 0.8876802 -0.128 -0.9726018 0.8876802 -0.128 -0.9726018 0.8942803 -0.128 -0.8914018 0.8942803 -0.128 -0.8922018 0.8871483 -0.164 -0.9718018 0.8871483 -0.164 -0.9718018 0.8929483 -0.164 -0.8922018 0.8929483 -0.164 -0.8930018 0.8843778 -0.2 -0.9710018 0.8843778 -0.2 -0.9710018 0.8893778 -0.2 -0.8930018 0.8893778 -0.2 -0.9611019 0.8795 -0.01999998 -1.047102 0.8795 -0.01999998 -1.047102 0.8885 -0.01999998 -0.9611019 0.8885 -0.01999998 -0.9619019 0.8847175 -0.05599999 -1.046302 0.8847175 -0.05599999 -1.046302 0.8929176 -0.05599999 -0.9619019 0.8929176 -0.05599999 -0.9627019 0.8887433 -0.092 -1.045502 0.8887433 -0.092 -1.045502 0.8961433 -0.092 -0.9627019 0.8961433 -0.092 -0.9635019 0.8906803 -0.128 -1.044702 0.8906803 -0.128 -1.044702 0.8972803 -0.128 -0.9635019 0.8972803 -0.128 -0.9643019 0.8901483 -0.164 -1.043902 0.8901483 -0.164 -1.043902 0.8959483 -0.164 -0.9643019 0.8959483 -0.164 -0.9651019 0.8873779 -0.2 -1.043102 0.8873779 -0.2 -1.043102 0.8923779 -0.2 -0.9651019 0.8923779 -0.2 -1.033202 0.8765001 -0.01999998 -1.119202 0.8765001 -0.01999998 -1.119202 0.8855 -0.01999998 -1.033202 0.8855 -0.01999998 -1.034002 0.8817176 -0.05599999 -1.118402 0.8817176 -0.05599999 -1.118402 0.8899176 -0.05599999 -1.034002 0.8899176 -0.05599999 -1.034802 0.8857433 -0.092 -1.117602 0.8857433 -0.092 -1.117602 0.8931434 -0.092 -1.034802 0.8931434 -0.092 -1.035602 0.8876803 -0.128 -1.116802 0.8876803 -0.128 -1.116802 0.8942803 -0.128 -1.035602 0.8942803 -0.128 -1.036402 0.8871483 -0.164 -1.116002 0.8871483 -0.164 -1.116002 0.8929483 -0.164 -1.036402 0.8929483 -0.164 -1.037202 0.8843779 -0.2 -1.115202 0.8843779 -0.2 -1.115202 0.8893779 -0.2 -1.037202 0.8893779 -0.2 -1.109857 0.8796585 -0.01999998 -1.195673 0.8740338 -0.01999998 -1.196262 0.8830146 -0.01999998 -1.110446 0.8886392 -0.01999998 -1.110997 0.8848125 -0.05599999 -1.195216 0.8792926 -0.05599999 -1.195752 0.887475 -0.05599999 -1.111533 0.8929949 -0.05599999 -1.112058 0.8887773 -0.092 -1.194681 0.8833619 -0.092 -1.195165 0.8907461 -0.092 -1.112542 0.8961614 -0.092 -1.112984 0.8906579 -0.128 -1.19401 0.8853472 -0.128 -1.194441 0.891933 -0.128 -1.113415 0.8972437 -0.128 -1.113747 0.8900746 -0.164 -1.193177 0.8848686 -0.164 -1.193556 0.8906562 -0.164 -1.114126 0.8958622 -0.164 -1.114364 0.8872579 -0.2 -1.192197 0.8821564 -0.2 -1.192524 0.8871457 -0.2 -1.114691 0.8922472 -0.2 -1.198528 0.8663107 -0.01999998 -1.279964 0.8386669 -0.01999998 -1.282857 0.8471893 -0.01999998 -1.201421 0.8748331 -0.01999998 -1.200963 0.8709942 -0.05599999 -1.280884 0.8438647 -0.05599999 -1.283519 0.8516295 -0.05599999 -1.203598 0.878759 -0.05599999 -1.203014 0.8745491 -0.092 -1.28142 0.847934 -0.092 -1.283799 0.8549412 -0.092 -1.205393 0.8815563 -0.092 -1.204394 0.8761261 -0.128 -1.281285 0.8500252 -0.128 -1.283406 0.856275 -0.128 -1.206516 0.8823759 -0.128 -1.204981 0.8753653 -0.164 -1.280356 0.8497787 -0.164 -1.282221 0.8552709 -0.164 -1.206845 0.8808575 -0.164 -1.204848 0.8724848 -0.2 -1.278708 0.8474124 -0.2 -1.280316 0.8521471 -0.2 -1.206455 0.8772194 -0.2 -1.28409 0.837298 -0.01999998 -1.355597 0.789519 -0.01999998 -1.360597 0.7970023 -0.01999998 -1.28909 0.8447812 -0.01999998 -1.287654 0.8411918 -0.05599999 -1.35783 0.7943016 -0.05599999 -1.362386 0.8011197 -0.05599999 -1.29221 0.8480098 -0.05599999 -1.290556 0.8440946 -0.092 -1.359401 0.7980934 -0.092 -1.363513 0.8042463 -0.092 -1.294667 0.8502475 -0.092 -1.292297 0.8452607 -0.128 -1.359812 0.8001484 -0.128 -1.363479 0.8056361 -0.128 -1.295964 0.8507484 -0.128 -1.292667 0.8443739 -0.164 -1.358852 0.8001506 -0.164 -1.362074 0.8049731 -0.164 -1.295889 0.8491964 -0.164 -1.291793 0.8416259 -0.2 -1.356647 0.7982915 -0.2 -1.359425 0.8024488 -0.2 -1.294571 0.8457832 -0.2 -1.356405 0.7839091 -0.01999998 -1.413108 0.7192508 -0.01999998 -1.419875 0.7251849 -0.01999998 -1.363171 0.7898432 -0.01999998 -1.360855 0.7867478 -0.05599999 -1.416504 0.7232925 -0.05599999 -1.422669 0.7286991 -0.05599999 -1.36702 0.7921544 -0.05599999 -1.364409 0.7888007 -0.092 -1.419003 0.7265483 -0.092 -1.424567 0.7314274 -0.092 -1.369973 0.7936798 -0.092 -1.366393 0.7894763 -0.128 -1.419932 0.7284269 -0.128 -1.424894 0.7327786 -0.128 -1.371355 0.7938281 -0.128 -1.366521 0.7885241 -0.164 -1.419004 0.7286776 -0.164 -1.423365 0.7325018 -0.164 -1.370881 0.7923483 -0.164 -1.364965 0.786096 -0.2 -1.416394 0.7274524 -0.2 -1.420153 0.7307491 -0.2 -1.368724 0.7893927 -0.2 -1.418769 0.717854 -0.01999998 -1.456805 0.6407229 -0.01999998 -1.464877 0.6447036 -0.01999998 -1.426841 0.7218346 -0.01999998 -1.423802 0.7194441 -0.05599999 -1.461131 0.6437481 -0.05599999 -1.468485 0.6473749 -0.05599999 -1.431156 0.7230709 -0.05599999 -1.427766 0.7205073 -0.092 -1.464388 0.6462462 -0.092 -1.471025 0.6495191 -0.092 -1.434403 0.7237802 -0.092 -1.429857 0.7206464 -0.128 -1.465771 0.6478204 -0.128 -1.471691 0.6507394 -0.128 -1.435777 0.7235655 -0.128 -1.429734 0.7196936 -0.164 -1.46494 0.6483026 -0.164 -1.470142 0.6508679 -0.164 -1.434936 0.7222589 -0.164 -1.427603 0.7177508 -0.2 -1.462102 0.6477947 -0.2 -1.466586 0.6500062 -0.2 -1.432088 0.7199622 -0.2 -1.457857 0.636532 -0.01999998 -1.474634 0.5521845 -0.01999998 -1.483461 0.5539404 -0.01999998 -1.466683 0.6382879 -0.01999998 -1.46313 0.6367653 -0.05599999 -1.479596 0.553987 -0.05599999 -1.487638 0.5555868 -0.05599999 -1.471172 0.638365 -0.05599999 -1.467234 0.6367661 -0.092 -1.483388 0.5555571 -0.092 -1.490646 0.5570007 -0.092 -1.474492 0.6382098 -0.092 -1.46929 0.6363593 -0.128 -1.485132 0.5567196 -0.128 -1.491605 0.5580071 -0.128 -1.475763 0.6376469 -0.128 -1.468924 0.6354709 -0.164 -1.484454 0.5574004 -0.164 -1.490142 0.5585319 -0.164 -1.474613 0.6366025 -0.164 -1.466363 0.6341458 -0.2 -1.48158 0.5576446 -0.2 -1.486484 0.55862 -0.2 -1.471267 0.6351213 -0.2 -1.4795 0.553 -0.01999998 -1.4795 0.467 -0.01999998 -1.4885 0.467 -0.01999998 -1.4885 0.553 -0.01999998 -1.484717 0.5522 -0.05599999 -1.484717 0.4678 -0.05599999 -1.492917 0.4678 -0.05599999 -1.492917 0.5522 -0.05599999 -1.488743 0.5514 -0.092 -1.488743 0.4686 -0.092 -1.496143 0.4686 -0.092 -1.496143 0.5514 -0.092 -1.49068 0.5506 -0.128 -1.49068 0.4694 -0.128 -1.49728 0.4694 -0.128 -1.49728 0.5506 -0.128 -1.490148 0.5498 -0.164 -1.490148 0.4702 -0.164 -1.495948 0.4702 -0.164 -1.495948 0.5498 -0.164 -1.487378 0.549 -0.2 -1.487378 0.471 -0.2 -1.492378 0.471 -0.2 -1.492378 0.549 -0.2 -1.4765 0.4808999 -0.01999998 -1.4765 0.3948999 -0.01999998 -1.4855 0.3948999 -0.01999998 -1.4855 0.4808999 -0.01999998 -1.481718 0.4800999 -0.05599999 -1.481718 0.3956999 -0.05599999 -1.489917 0.3956999 -0.05599999 -1.489917 0.4800999 -0.05599999 -1.485743 0.4792999 -0.092 -1.485743 0.3964999 -0.092 -1.493143 0.3964999 -0.092 -1.493143 0.4792999 -0.092 -1.48768 0.4784999 -0.128 -1.48768 0.3972999 -0.128 -1.49428 0.3972999 -0.128 -1.49428 0.4784999 -0.128 -1.487148 0.4776999 -0.164 -1.487148 0.3980999 -0.164 -1.492948 0.3980999 -0.164 -1.492948 0.4776999 -0.164 -1.484378 0.4768999 -0.2 -1.484378 0.3988999 -0.2 -1.489378 0.3988999 -0.2 -1.489378 0.4768999 -0.2 -1.4795 0.4087998 -0.01999998 -1.4795 0.3227998 -0.01999998 -1.4885 0.3227998 -0.01999998 -1.4885 0.4087998 -0.01999998 -1.484717 0.4079998 -0.05599999 -1.484717 0.3235998 -0.05599999 -1.492917 0.3235998 -0.05599999 -1.492917 0.4079998 -0.05599999 -1.488743 0.4071998 -0.092 -1.488743 0.3243998 -0.092 -1.496143 0.3243998 -0.092 -1.496143 0.4071998 -0.092 -1.49068 0.4063998 -0.128 -1.49068 0.3251998 -0.128 -1.49728 0.3251998 -0.128 -1.49728 0.4063998 -0.128 -1.490148 0.4055998 -0.164 -1.490148 0.3259998 -0.164 -1.495948 0.3259998 -0.164 -1.495948 0.4055998 -0.164 -1.487378 0.4047998 -0.2 -1.487378 0.3267998 -0.2 -1.492378 0.3267998 -0.2 -1.492378 0.4047998 -0.2 -1.4765 0.3366997 -0.01999998 -1.4765 0.2506997 -0.01999998 -1.4855 0.2506997 -0.01999998 -1.4855 0.3366997 -0.01999998 -1.481718 0.3358997 -0.05599999 -1.481718 0.2514997 -0.05599999 -1.489917 0.2514997 -0.05599999 -1.489917 0.3358997 -0.05599999 -1.485743 0.3350998 -0.092 -1.485743 0.2522997 -0.092 -1.493143 0.2522997 -0.092 -1.493143 0.3350998 -0.092 -1.48768 0.3342998 -0.128 -1.48768 0.2530997 -0.128 -1.49428 0.2530997 -0.128 -1.49428 0.3342998 -0.128 -1.487148 0.3334997 -0.164 -1.487148 0.2538998 -0.164 -1.492948 0.2538998 -0.164 -1.492948 0.3334997 -0.164 -1.484378 0.3326997 -0.2 -1.484378 0.2546997 -0.2 -1.489378 0.2546997 -0.2 -1.489378 0.3326997 -0.2 -1.4795 0.2645996 -0.01999998 -1.4795 0.1785996 -0.01999998 -1.4885 0.1785996 -0.01999998 -1.4885 0.2645996 -0.01999998 -1.484717 0.2637996 -0.05599999 -1.484717 0.1793996 -0.05599999 -1.492917 0.1793996 -0.05599999 -1.492917 0.2637996 -0.05599999 -1.488743 0.2629997 -0.092 -1.488743 0.1801996 -0.092 -1.496143 0.1801996 -0.092 -1.496143 0.2629997 -0.092 -1.49068 0.2621996 -0.128 -1.49068 0.1809996 -0.128 -1.49728 0.1809996 -0.128 -1.49728 0.2621996 -0.128 -1.490148 0.2613996 -0.164 -1.490148 0.1817996 -0.164 -1.495948 0.1817996 -0.164 -1.495948 0.2613996 -0.164 -1.487378 0.2605996 -0.2 -1.487378 0.1825996 -0.2 -1.492378 0.1825996 -0.2 -1.492378 0.2605996 -0.2 -1.4765 0.1924995 -0.01999998 -1.4765 0.1064996 -0.01999998 -1.4855 0.1064996 -0.01999998 -1.4855 0.1924995 -0.01999998 -1.481718 0.1916995 -0.05599999 -1.481718 0.1072995 -0.05599999 -1.489917 0.1072995 -0.05599999 -1.489917 0.1916995 -0.05599999 -1.485743 0.1908996 -0.092 -1.485743 0.1080995 -0.092 -1.493143 0.1080995 -0.092 -1.493143 0.1908996 -0.092 -1.48768 0.1900995 -0.128 -1.48768 0.1088995 -0.128 -1.49428 0.1088995 -0.128 -1.49428 0.1900995 -0.128 -1.487148 0.1892995 -0.164 -1.487148 0.1096996 -0.164 -1.492948 0.1096996 -0.164 -1.492948 0.1892995 -0.164 -1.484378 0.1884995 -0.2 -1.484378 0.1104995 -0.2 -1.489378 0.1104995 -0.2 -1.489378 0.1884995 -0.2 -1.4795 0.1203994 -0.01999998 -1.4795 0.03439944 -0.01999998 -1.4885 0.03439944 -0.01999998 -1.4885 0.1203994 -0.01999998 -1.484717 0.1195995 -0.05599999 -1.484717 0.03519946 -0.05599999 -1.492917 0.03519946 -0.05599999 -1.492917 0.1195995 -0.05599999 -1.488743 0.1187995 -0.092 -1.488743 0.03599941 -0.092 -1.496143 0.03599941 -0.092 -1.496143 0.1187995 -0.092 -1.49068 0.1179994 -0.128 -1.49068 0.03679943 -0.128 -1.49728 0.03679943 -0.128 -1.49728 0.1179994 -0.128 -1.490148 0.1171994 -0.164 -1.490148 0.03759944 -0.164 -1.495948 0.03759944 -0.164 -1.495948 0.1171994 -0.164 -1.487378 0.1163994 -0.2 -1.487378 0.03839945 -0.2 -1.492378 0.03839945 -0.2 -1.492378 0.1163994 -0.2 -1.4765 0.04829937 -0.01999998 -1.4765 -0.03770059 -0.01999998 -1.4855 -0.03770059 -0.01999998 -1.4855 0.04829937 -0.01999998 -1.481718 0.04749935 -0.05599999 -1.481718 -0.03690057 -0.05599999 -1.489917 -0.03690057 -0.05599999 -1.489917 0.04749935 -0.05599999 -1.485743 0.04669934 -0.092 -1.485743 -0.03610056 -0.092 -1.493143 -0.03610056 -0.092 -1.493143 0.04669934 -0.092 -1.48768 0.04589933 -0.128 -1.48768 -0.03530061 -0.128 -1.49428 -0.03530061 -0.128 -1.49428 0.04589933 -0.128 -1.487148 0.04509937 -0.164 -1.487148 -0.03450059 -0.164 -1.492948 -0.03450059 -0.164 -1.492948 0.04509937 -0.164 -1.484378 0.04429936 -0.2 -1.484378 -0.03370058 -0.2 -1.489378 -0.03370058 -0.2 -1.489378 0.04429936 -0.2 -1.4795 -0.02380067 -0.01999998 -1.4795 -0.1098007 -0.01999998 -1.4885 -0.1098007 -0.01999998 -1.4885 -0.02380067 -0.01999998 -1.484717 -0.02460068 -0.05599999 -1.484717 -0.1090007 -0.05599999 -1.492917 -0.1090007 -0.05599999 -1.492917 -0.02460068 -0.05599999 -1.488743 -0.02540069 -0.092 -1.488743 -0.1082007 -0.092 -1.496143 -0.1082007 -0.092 -1.496143 -0.02540069 -0.092 -1.49068 -0.02620065 -0.128 -1.49068 -0.1074007 -0.128 -1.49728 -0.1074007 -0.128 -1.49728 -0.02620065 -0.128 -1.490148 -0.02700066 -0.164 -1.490148 -0.1066007 -0.164 -1.495948 -0.1066007 -0.164 -1.495948 -0.02700066 -0.164 -1.487378 -0.02780067 -0.2 -1.487378 -0.1058007 -0.2 -1.492378 -0.1058007 -0.2 -1.492378 -0.02780067 -0.2 -1.4765 -0.09590077 -0.01999998 -1.4765 -0.1819007 -0.01999998 -1.4855 -0.1819007 -0.01999998 -1.4855 -0.09590077 -0.01999998 -1.481718 -0.09670078 -0.05599999 -1.481718 -0.1811007 -0.05599999 -1.489917 -0.1811007 -0.05599999 -1.489917 -0.09670078 -0.05599999 -1.485743 -0.09750074 -0.092 -1.485743 -0.1803008 -0.092 -1.493143 -0.1803008 -0.092 -1.493143 -0.09750074 -0.092 -1.48768 -0.09830075 -0.128 -1.48768 -0.1795008 -0.128 -1.49428 -0.1795008 -0.128 -1.49428 -0.09830075 -0.128 -1.487148 -0.09910076 -0.164 -1.487148 -0.1787008 -0.164 -1.492948 -0.1787008 -0.164 -1.492948 -0.09910076 -0.164 -1.484378 -0.09990078 -0.2 -1.484378 -0.1779007 -0.2 -1.489378 -0.1779007 -0.2 -1.489378 -0.09990078 -0.2 -1.4795 -0.1680009 -0.01999998 -1.4795 -0.2540009 -0.01999998 -1.4885 -0.2540009 -0.01999998 -1.4885 -0.1680009 -0.01999998 -1.484717 -0.1688008 -0.05599999 -1.484717 -0.2532009 -0.05599999 -1.492917 -0.2532009 -0.05599999 -1.492917 -0.1688008 -0.05599999 -1.488743 -0.1696009 -0.092 -1.488743 -0.2524009 -0.092 -1.496143 -0.2524009 -0.092 -1.496143 -0.1696009 -0.092 -1.49068 -0.1704009 -0.128 -1.49068 -0.2516009 -0.128 -1.49728 -0.2516009 -0.128 -1.49728 -0.1704009 -0.128 -1.490148 -0.1712009 -0.164 -1.490148 -0.2508009 -0.164 -1.495948 -0.2508009 -0.164 -1.495948 -0.1712009 -0.164 -1.487378 -0.1720008 -0.2 -1.487378 -0.2500009 -0.2 -1.492378 -0.2500009 -0.2 -1.492378 -0.1720008 -0.2 -1.4765 -0.2401009 -0.01999998 -1.4765 -0.326101 -0.01999998 -1.4855 -0.326101 -0.01999998 -1.4855 -0.2401009 -0.01999998 -1.481718 -0.2409009 -0.05599999 -1.481718 -0.3253009 -0.05599999 -1.489917 -0.3253009 -0.05599999 -1.489917 -0.2409009 -0.05599999 -1.485743 -0.241701 -0.092 -1.485743 -0.324501 -0.092 -1.493143 -0.324501 -0.092 -1.493143 -0.241701 -0.092 -1.48768 -0.2425009 -0.128 -1.48768 -0.323701 -0.128 -1.49428 -0.323701 -0.128 -1.49428 -0.2425009 -0.128 -1.487148 -0.2433009 -0.164 -1.487148 -0.322901 -0.164 -1.492948 -0.322901 -0.164 -1.492948 -0.2433009 -0.164 -1.484378 -0.2441009 -0.2 -1.484378 -0.3221009 -0.2 -1.489378 -0.3221009 -0.2 -1.489378 -0.2441009 -0.2 -1.4795 -0.312201 -0.01999998 -1.4795 -0.3982011 -0.01999998 -1.4885 -0.3982011 -0.01999998 -1.4885 -0.312201 -0.01999998 -1.484717 -0.313001 -0.05599999 -1.484717 -0.397401 -0.05599999 -1.492917 -0.397401 -0.05599999 -1.492917 -0.313001 -0.05599999 -1.488743 -0.3138011 -0.092 -1.488743 -0.3966011 -0.092 -1.496143 -0.3966011 -0.092 -1.496143 -0.3138011 -0.092 -1.49068 -0.3146011 -0.128 -1.49068 -0.3958011 -0.128 -1.49728 -0.3958011 -0.128 -1.49728 -0.3146011 -0.128 -1.490148 -0.3154011 -0.164 -1.490148 -0.3950011 -0.164 -1.495948 -0.3950011 -0.164 -1.495948 -0.3154011 -0.164 -1.487378 -0.316201 -0.2 -1.487378 -0.394201 -0.2 -1.492378 -0.394201 -0.2 -1.492378 -0.316201 -0.2 -1.4765 -0.384301 -0.01999998 -1.4765 -0.470301 -0.01999998 -1.4855 -0.470301 -0.01999998 -1.4855 -0.384301 -0.01999998 -1.481718 -0.385101 -0.05599999 -1.481718 -0.469501 -0.05599999 -1.489918 -0.469501 -0.05599999 -1.489918 -0.385101 -0.05599999 -1.485743 -0.385901 -0.092 -1.485743 -0.468701 -0.092 -1.493143 -0.468701 -0.092 -1.493143 -0.385901 -0.092 -1.48768 -0.386701 -0.128 -1.48768 -0.467901 -0.128 -1.49428 -0.467901 -0.128 -1.49428 -0.386701 -0.128 -1.487148 -0.387501 -0.164 -1.487148 -0.467101 -0.164 -1.492948 -0.467101 -0.164 -1.492948 -0.387501 -0.164 -1.484378 -0.388301 -0.2 -1.484378 -0.466301 -0.2 -1.489378 -0.466301 -0.2 -1.489378 -0.388301 -0.2 -1.4795 -0.4564011 -0.01999998 -1.4795 -0.5424011 -0.01999998 -1.4885 -0.5424011 -0.01999998 -1.4885 -0.4564011 -0.01999998 -1.484718 -0.4572011 -0.05599999 -1.484718 -0.5416011 -0.05599999 -1.492918 -0.5416011 -0.05599999 -1.492918 -0.4572011 -0.05599999 -1.488743 -0.4580011 -0.092 -1.488743 -0.5408011 -0.092 -1.496143 -0.5408011 -0.092 -1.496143 -0.4580011 -0.092 -1.49068 -0.4588011 -0.128 -1.49068 -0.5400012 -0.128 -1.49728 -0.5400012 -0.128 -1.49728 -0.4588011 -0.128 -1.490148 -0.4596011 -0.164 -1.490148 -0.5392012 -0.164 -1.495948 -0.5392012 -0.164 -1.495948 -0.4596011 -0.164 -1.487378 -0.4604011 -0.2 -1.487378 -0.5384011 -0.2 -1.492378 -0.5384011 -0.2 -1.492378 -0.4604011 -0.2 -1.476702 -0.5417894 -0.01999998 -1.459924 -0.6261369 -0.01999998 -1.468751 -0.6278927 -0.01999998 -1.485529 -0.5435453 -0.01999998 -1.481663 -0.5435919 -0.05599999 -1.465198 -0.6263701 -0.05599999 -1.47324 -0.6279699 -0.05599999 -1.489706 -0.5451917 -0.05599999 -1.485456 -0.545162 -0.092 -1.469302 -0.626371 -0.092 -1.47656 -0.6278147 -0.092 -1.492713 -0.5466056 -0.092 -1.487199 -0.5463244 -0.128 -1.471358 -0.6259642 -0.128 -1.477831 -0.6272518 -0.128 -1.493672 -0.547612 -0.128 -1.486521 -0.5470053 -0.164 -1.470992 -0.6250758 -0.164 -1.476681 -0.6262074 -0.164 -1.49221 -0.5481368 -0.164 -1.483648 -0.5472494 -0.2 -1.468431 -0.6237507 -0.2 -1.473335 -0.6247262 -0.2 -1.488552 -0.5482249 -0.2 -1.461493 -0.6312172 -0.01999998 -1.423456 -0.7083482 -0.01999998 -1.431528 -0.7123289 -0.01999998 -1.469565 -0.6351978 -0.01999998 -1.465819 -0.6342424 -0.05599999 -1.42849 -0.7099384 -0.05599999 -1.435844 -0.7135652 -0.05599999 -1.473173 -0.6378692 -0.05599999 -1.469076 -0.6367405 -0.092 -1.432454 -0.7110015 -0.092 -1.439091 -0.7142744 -0.092 -1.475713 -0.6400133 -0.092 -1.470459 -0.6383146 -0.128 -1.434545 -0.7111406 -0.128 -1.440464 -0.7140597 -0.128 -1.476378 -0.6412337 -0.128 -1.469628 -0.6387969 -0.164 -1.434422 -0.7101879 -0.164 -1.439624 -0.7127531 -0.164 -1.47483 -0.6413621 -0.164 -1.46679 -0.638289 -0.2 -1.432291 -0.708245 -0.2 -1.436775 -0.7104565 -0.2 -1.471274 -0.6405004 -0.2 -1.420097 -0.7112823 -0.01999998 -1.363393 -0.7759405 -0.01999998 -1.37016 -0.7818747 -0.01999998 -1.426863 -0.7172164 -0.01999998 -1.423492 -0.7153239 -0.05599999 -1.367843 -0.7787793 -0.05599999 -1.374008 -0.7841859 -0.05599999 -1.429657 -0.7207306 -0.05599999 -1.425991 -0.7185798 -0.092 -1.371397 -0.7808322 -0.092 -1.376961 -0.7857113 -0.092 -1.431555 -0.7234589 -0.092 -1.42692 -0.7204583 -0.128 -1.373381 -0.7815078 -0.128 -1.378343 -0.7858595 -0.128 -1.431882 -0.7248101 -0.128 -1.425993 -0.720709 -0.164 -1.373509 -0.7805556 -0.164 -1.377869 -0.7843798 -0.164 -1.430353 -0.7245333 -0.164 -1.423382 -0.7194839 -0.2 -1.371953 -0.7781274 -0.2 -1.375712 -0.7814242 -0.2 -1.427142 -0.7227806 -0.2 -1.364409 -0.7836306 -0.01999998 -1.292903 -0.8314095 -0.01999998 -1.297903 -0.8388928 -0.01999998 -1.369409 -0.7911138 -0.01999998 -1.366643 -0.7884132 -0.05599999 -1.296467 -0.8353034 -0.05599999 -1.301022 -0.8421214 -0.05599999 -1.371198 -0.7952313 -0.05599999 -1.368214 -0.792205 -0.092 -1.299368 -0.8382062 -0.092 -1.30348 -0.844359 -0.092 -1.372325 -0.7983579 -0.092 -1.368625 -0.79426 -0.128 -1.30111 -0.8393723 -0.128 -1.304777 -0.84486 -0.128 -1.372292 -0.7997477 -0.128 -1.367664 -0.7942622 -0.164 -1.301479 -0.8384855 -0.164 -1.304702 -0.843308 -0.164 -1.370887 -0.7990847 -0.164 -1.36546 -0.7924031 -0.2 -1.300605 -0.8357375 -0.2 -1.303383 -0.8398948 -0.2 -1.368238 -0.7965604 -0.2 -1.29572 -0.8263388 -0.01999998 -1.218589 -0.8643757 -0.01999998 -1.22257 -0.8724476 -0.01999998 -1.299701 -0.8344107 -0.01999998 -1.29731 -0.8313721 -0.05599999 -1.221614 -0.8687013 -0.05599999 -1.225241 -0.8760557 -0.05599999 -1.300937 -0.8387265 -0.05599999 -1.298373 -0.8353365 -0.092 -1.224112 -0.8719581 -0.092 -1.227385 -0.8785949 -0.092 -1.301646 -0.8419734 -0.092 -1.298513 -0.8374276 -0.128 -1.225686 -0.8733415 -0.128 -1.228606 -0.8792608 -0.128 -1.301432 -0.8433469 -0.128 -1.29756 -0.8373043 -0.164 -1.226169 -0.8725105 -0.164 -1.228734 -0.8777123 -0.164 -1.300125 -0.8425061 -0.164 -1.295617 -0.8351734 -0.2 -1.225661 -0.869672 -0.2 -1.227872 -0.8741564 -0.2 -1.297828 -0.8396578 -0.2 -1.214364 -0.8653247 -0.01999998 -1.130016 -0.8821026 -0.01999998 -1.131772 -0.8909297 -0.01999998 -1.21612 -0.8741518 -0.01999998 -1.214597 -0.8705981 -0.05599999 -1.131819 -0.8870638 -0.05599999 -1.133419 -0.8951063 -0.05599999 -1.216197 -0.8786406 -0.05599999 -1.214598 -0.8747026 -0.092 -1.133389 -0.8908562 -0.092 -1.134832 -0.898114 -0.092 -1.216041 -0.8819604 -0.092 -1.214191 -0.8767585 -0.128 -1.134551 -0.8925998 -0.128 -1.135839 -0.899073 -0.128 -1.215479 -0.8832316 -0.128 -1.213303 -0.8763927 -0.164 -1.135232 -0.891922 -0.164 -1.136364 -0.8976106 -0.164 -1.214434 -0.8820813 -0.164 -1.211978 -0.8738317 -0.2 -1.135476 -0.8890488 -0.2 -1.136452 -0.8939527 -0.2 -1.212953 -0.8787356 -0.2 -1.129801 -0.8765 -0.01999998 -1.043801 -0.8765 -0.01999998 -1.043801 -0.8855 -0.01999998 -1.129801 -0.8855 -0.01999998 -1.129001 -0.8817175 -0.05599999 -1.044601 -0.8817175 -0.05599999 -1.044601 -0.8899176 -0.05599999 -1.129001 -0.8899176 -0.05599999 -1.128201 -0.8857433 -0.092 -1.045401 -0.8857433 -0.092 -1.045401 -0.8931433 -0.092 -1.128201 -0.8931433 -0.092 -1.127401 -0.8876802 -0.128 -1.046201 -0.8876802 -0.128 -1.046201 -0.8942803 -0.128 -1.127401 -0.8942803 -0.128 -1.126601 -0.8871483 -0.164 -1.047001 -0.8871483 -0.164 -1.047001 -0.8929483 -0.164 -1.126601 -0.8929483 -0.164 -1.125801 -0.8843778 -0.2 -1.047801 -0.8843778 -0.2 -1.047801 -0.8893778 -0.2 -1.125801 -0.8893778 -0.2 -1.0577 -0.8795 -0.01999998 -0.9717006 -0.8795 -0.01999998 -0.9717006 -0.8885 -0.01999998 -1.0577 -0.8885 -0.01999998 -1.0569 -0.8847175 -0.05599999 -0.9725006 -0.8847175 -0.05599999 -0.9725006 -0.8929176 -0.05599999 -1.0569 -0.8929176 -0.05599999 -1.0561 -0.8887433 -0.092 -0.9733005 -0.8887433 -0.092 -0.9733005 -0.8961433 -0.092 -1.0561 -0.8961433 -0.092 -1.0553 -0.8906803 -0.128 -0.9741005 -0.8906803 -0.128 -0.9741005 -0.8972803 -0.128 -1.0553 -0.8972803 -0.128 -1.054501 -0.8901483 -0.164 -0.9749006 -0.8901483 -0.164 -0.9749006 -0.8959483 -0.164 -1.054501 -0.8959483 -0.164 -1.053701 -0.8873779 -0.2 -0.9757006 -0.8873779 -0.2 -0.9757006 -0.8923779 -0.2 -1.053701 -0.8923779 -0.2 -0.9856005 -0.8765 -0.01999998 -0.8996005 -0.8765 -0.01999998 -0.8996005 -0.8855 -0.01999998 -0.9856005 -0.8855 -0.01999998 -0.9848005 -0.8817175 -0.05599999 -0.9004005 -0.8817175 -0.05599999 -0.9004005 -0.8899176 -0.05599999 -0.9848005 -0.8899176 -0.05599999 -0.9840005 -0.8857433 -0.092 -0.9012005 -0.8857433 -0.092 -0.9012005 -0.8931433 -0.092 -0.9840005 -0.8931433 -0.092 -0.9832005 -0.8876802 -0.128 -0.9020005 -0.8876802 -0.128 -0.9020005 -0.8942803 -0.128 -0.9832005 -0.8942803 -0.128 -0.9824005 -0.8871483 -0.164 -0.9028005 -0.8871483 -0.164 -0.9028005 -0.8929483 -0.164 -0.9824005 -0.8929483 -0.164 -0.9816005 -0.8843778 -0.2 -0.9036005 -0.8843778 -0.2 -0.9036005 -0.8893778 -0.2 -0.9816005 -0.8893778 -0.2 -0.9135004 -0.8795 -0.01999998 -0.8275005 -0.8795 -0.01999998 -0.8275005 -0.8885 -0.01999998 -0.9135004 -0.8885 -0.01999998 -0.9127004 -0.8847175 -0.05599999 -0.8283005 -0.8847175 -0.05599999 -0.8283005 -0.8929176 -0.05599999 -0.9127004 -0.8929176 -0.05599999 -0.9119005 -0.8887433 -0.092 -0.8291004 -0.8887433 -0.092 -0.8291004 -0.8961433 -0.092 -0.9119005 -0.8961433 -0.092 -0.9111005 -0.8906803 -0.128 -0.8299005 -0.8906803 -0.128 -0.8299005 -0.8972803 -0.128 -0.9111005 -0.8972803 -0.128 -0.9103004 -0.8901483 -0.164 -0.8307005 -0.8901483 -0.164 -0.8307005 -0.8959483 -0.164 -0.9103004 -0.8959483 -0.164 -0.9095004 -0.8873779 -0.2 -0.8315005 -0.8873779 -0.2 -0.8315005 -0.8923779 -0.2 -0.9095004 -0.8923779 -0.2 -0.8414005 -0.8765 -0.01999998 -0.7554005 -0.8765 -0.01999998 -0.7554005 -0.8855 -0.01999998 -0.8414005 -0.8855 -0.01999998 -0.8406005 -0.8817175 -0.05599999 -0.7562004 -0.8817175 -0.05599999 -0.7562004 -0.8899176 -0.05599999 -0.8406005 -0.8899176 -0.05599999 -0.8398005 -0.8857433 -0.092 -0.7570005 -0.8857433 -0.092 -0.7570005 -0.8931433 -0.092 -0.8398005 -0.8931433 -0.092 -0.8390005 -0.8876802 -0.128 -0.7578005 -0.8876802 -0.128 -0.7578005 -0.8942803 -0.128 -0.8390005 -0.8942803 -0.128 -0.8382005 -0.8871483 -0.164 -0.7586005 -0.8871483 -0.164 -0.7586005 -0.8929483 -0.164 -0.8382005 -0.8929483 -0.164 -0.8374004 -0.8843778 -0.2 -0.7594005 -0.8843778 -0.2 -0.7594005 -0.8893778 -0.2 -0.8374004 -0.8893778 -0.2 -0.7693002 -0.8795001 -0.01999998 -0.6833002 -0.8795001 -0.01999998 -0.6833002 -0.8885 -0.01999998 -0.7693002 -0.8885 -0.01999998 -0.7685002 -0.8847176 -0.05599999 -0.6841002 -0.8847176 -0.05599999 -0.6841002 -0.8929176 -0.05599999 -0.7685002 -0.8929176 -0.05599999 -0.7677002 -0.8887434 -0.092 -0.6849002 -0.8887434 -0.092 -0.6849002 -0.8961434 -0.092 -0.7677002 -0.8961434 -0.092 -0.7669002 -0.8906803 -0.128 -0.6857002 -0.8906803 -0.128 -0.6857002 -0.8972803 -0.128 -0.7669002 -0.8972803 -0.128 -0.7661002 -0.8901484 -0.164 -0.6865002 -0.8901484 -0.164 -0.6865002 -0.8959484 -0.164 -0.7661002 -0.8959484 -0.164 -0.7653002 -0.8873779 -0.2 -0.6873002 -0.8873779 -0.2 -0.6873002 -0.8923779 -0.2 -0.7653002 -0.8923779 -0.2 -0.6972001 -0.8765001 -0.01999998 -0.6112002 -0.8765001 -0.01999998 -0.6112002 -0.8855 -0.01999998 -0.6972001 -0.8855 -0.01999998 -0.6964002 -0.8817176 -0.05599999 -0.6120001 -0.8817176 -0.05599999 -0.6120001 -0.8899176 -0.05599999 -0.6964002 -0.8899176 -0.05599999 -0.6956002 -0.8857433 -0.092 -0.6128001 -0.8857433 -0.092 -0.6128001 -0.8931434 -0.092 -0.6956002 -0.8931434 -0.092 -0.6948001 -0.8876803 -0.128 -0.6136001 -0.8876803 -0.128 -0.6136001 -0.8942803 -0.128 -0.6948001 -0.8942803 -0.128 -0.6940001 -0.8871483 -0.164 -0.6144002 -0.8871483 -0.164 -0.6144002 -0.8929483 -0.164 -0.6940001 -0.8929483 -0.164 -0.6932001 -0.8843779 -0.2 -0.6152002 -0.8843779 -0.2 -0.6152002 -0.8893779 -0.2 -0.6932001 -0.8893779 -0.2 -0.6251001 -0.8795 -0.01999998 -0.5391001 -0.8795 -0.01999998 -0.5391001 -0.8885 -0.01999998 -0.6251001 -0.8885 -0.01999998 -0.6243001 -0.8847175 -0.05599999 -0.5399001 -0.8847175 -0.05599999 -0.5399001 -0.8929176 -0.05599999 -0.6243001 -0.8929176 -0.05599999 -0.6235001 -0.8887433 -0.092 -0.5407001 -0.8887433 -0.092 -0.5407001 -0.8961433 -0.092 -0.6235001 -0.8961433 -0.092 -0.6227001 -0.8906803 -0.128 -0.5415001 -0.8906803 -0.128 -0.5415001 -0.8972803 -0.128 -0.6227001 -0.8972803 -0.128 -0.6219001 -0.8901483 -0.164 -0.5423001 -0.8901483 -0.164 -0.5423001 -0.8959483 -0.164 -0.6219001 -0.8959483 -0.164 -0.6211001 -0.8873779 -0.2 -0.5431001 -0.8873779 -0.2 -0.5431001 -0.8923779 -0.2 -0.6211001 -0.8923779 -0.2 -0.553 -0.8765 -0.01999998 -0.467 -0.8765 -0.01999998 -0.467 -0.8855 -0.01999998 -0.553 -0.8855 -0.01999998 -0.5522 -0.8817175 -0.05599999 -0.4678 -0.8817175 -0.05599999 -0.4678 -0.8899176 -0.05599999 -0.5522 -0.8899176 -0.05599999 -0.5514 -0.8857433 -0.092 -0.4686 -0.8857433 -0.092 -0.4686 -0.8931433 -0.092 -0.5514 -0.8931433 -0.092 -0.5506 -0.8876802 -0.128 -0.4694 -0.8876802 -0.128 -0.4694 -0.8942803 -0.128 -0.5506 -0.8942803 -0.128 -0.5498 -0.8871483 -0.164 -0.4702 -0.8871483 -0.164 -0.4702 -0.8929483 -0.164 -0.5498 -0.8929483 -0.164 -0.549 -0.8843778 -0.2 -0.471 -0.8843778 -0.2 -0.471 -0.8893778 -0.2 -0.549 -0.8893778 -0.2 -0.4808999 -0.8795 -0.01999998 -0.3948999 -0.8795 -0.01999998 -0.3948999 -0.8885 -0.01999998 -0.4808999 -0.8885 -0.01999998 -0.4800999 -0.8847175 -0.05599999 -0.3956999 -0.8847175 -0.05599999 -0.3956999 -0.8929176 -0.05599999 -0.4800999 -0.8929176 -0.05599999 -0.4792999 -0.8887433 -0.092 -0.3964999 -0.8887433 -0.092 -0.3964999 -0.8961433 -0.092 -0.4792999 -0.8961433 -0.092 -0.4784999 -0.8906803 -0.128 -0.3972999 -0.8906803 -0.128 -0.3972999 -0.8972803 -0.128 -0.4784999 -0.8972803 -0.128 -0.4776999 -0.8901483 -0.164 -0.3980999 -0.8901483 -0.164 -0.3980999 -0.8959483 -0.164 -0.4776999 -0.8959483 -0.164 -0.4768999 -0.8873779 -0.2 -0.3988999 -0.8873779 -0.2 -0.3988999 -0.8923779 -0.2 -0.4768999 -0.8923779 -0.2 -0.4087999 -0.8765 -0.01999998 -0.3227999 -0.8765 -0.01999998 -0.3227999 -0.8855 -0.01999998 -0.4087999 -0.8855 -0.01999998 -0.4079999 -0.8817175 -0.05599999 -0.3235999 -0.8817175 -0.05599999 -0.3235999 -0.8899176 -0.05599999 -0.4079999 -0.8899176 -0.05599999 -0.4071999 -0.8857433 -0.092 -0.3243999 -0.8857433 -0.092 -0.3243999 -0.8931433 -0.092 -0.4071999 -0.8931433 -0.092 -0.4063999 -0.8876802 -0.128 -0.3251999 -0.8876802 -0.128 -0.3251999 -0.8942803 -0.128 -0.4063999 -0.8942803 -0.128 -0.4055999 -0.8871483 -0.164 -0.3259999 -0.8871483 -0.164 -0.3259999 -0.8929483 -0.164 -0.4055999 -0.8929483 -0.164 -0.4047999 -0.8843778 -0.2 -0.3267999 -0.8843778 -0.2 -0.3267999 -0.8893778 -0.2 -0.4047999 -0.8893778 -0.2 -0.3366998 -0.8795001 -0.01999998 -0.2506998 -0.8795001 -0.01999998 -0.2506998 -0.8885 -0.01999998 -0.3366998 -0.8885 -0.01999998 -0.3358998 -0.8847176 -0.05599999 -0.2514998 -0.8847176 -0.05599999 -0.2514998 -0.8929176 -0.05599999 -0.3358998 -0.8929176 -0.05599999 -0.3350998 -0.8887434 -0.092 -0.2522998 -0.8887434 -0.092 -0.2522998 -0.8961434 -0.092 -0.3350998 -0.8961434 -0.092 -0.3342998 -0.8906803 -0.128 -0.2530998 -0.8906803 -0.128 -0.2530998 -0.8972803 -0.128 -0.3342998 -0.8972803 -0.128 -0.3334998 -0.8901484 -0.164 -0.2538998 -0.8901484 -0.164 -0.2538998 -0.8959484 -0.164 -0.3334998 -0.8959484 -0.164 -0.3326998 -0.8873779 -0.2 -0.2546998 -0.8873779 -0.2 -0.2546998 -0.8923779 -0.2 -0.3326998 -0.8923779 -0.2 -0.2645996 -0.8765001 -0.01999998 -0.1785995 -0.8765001 -0.01999998 -0.1785995 -0.8855 -0.01999998 -0.2645996 -0.8855 -0.01999998 -0.2637996 -0.8817176 -0.05599999 -0.1793996 -0.8817176 -0.05599999 -0.1793996 -0.8899176 -0.05599999 -0.2637996 -0.8899176 -0.05599999 -0.2629996 -0.8857433 -0.092 -0.1801996 -0.8857433 -0.092 -0.1801996 -0.8931434 -0.092 -0.2629996 -0.8931434 -0.092 -0.2621996 -0.8876803 -0.128 -0.1809995 -0.8876803 -0.128 -0.1809995 -0.8942803 -0.128 -0.2621996 -0.8942803 -0.128 -0.2613996 -0.8871483 -0.164 -0.1817995 -0.8871483 -0.164 -0.1817995 -0.8929483 -0.164 -0.2613996 -0.8929483 -0.164 -0.2605996 -0.8843779 -0.2 -0.1825996 -0.8843779 -0.2 -0.1825996 -0.8893779 -0.2 -0.2605996 -0.8893779 -0.2 -0.1924995 -0.8795 -0.01999998 -0.1064996 -0.8795 -0.01999998 -0.1064996 -0.8885 -0.01999998 -0.1924995 -0.8885 -0.01999998 -0.1916995 -0.8847175 -0.05599999 -0.1072995 -0.8847175 -0.05599999 -0.1072995 -0.8929176 -0.05599999 -0.1916995 -0.8929176 -0.05599999 -0.1908996 -0.8887433 -0.092 -0.1080995 -0.8887433 -0.092 -0.1080995 -0.8961433 -0.092 -0.1908996 -0.8961433 -0.092 -0.1900995 -0.8906803 -0.128 -0.1088995 -0.8906803 -0.128 -0.1088995 -0.8972803 -0.128 -0.1900995 -0.8972803 -0.128 -0.1892995 -0.8901483 -0.164 -0.1096996 -0.8901483 -0.164 -0.1096996 -0.8959483 -0.164 -0.1892995 -0.8959483 -0.164 -0.1884995 -0.8873779 -0.2 -0.1104995 -0.8873779 -0.2 -0.1104995 -0.8923779 -0.2 -0.1884995 -0.8923779 -0.2 -0.1203994 -0.8765 -0.01999998 -0.03439944 -0.8765 -0.01999998 -0.03439944 -0.8855 -0.01999998 -0.1203994 -0.8855 -0.01999998 -0.1195995 -0.8817175 -0.05599999 -0.03519946 -0.8817175 -0.05599999 -0.03519946 -0.8899176 -0.05599999 -0.1195995 -0.8899176 -0.05599999 -0.1187995 -0.8857433 -0.092 -0.03599941 -0.8857433 -0.092 -0.03599941 -0.8931433 -0.092 -0.1187995 -0.8931433 -0.092 -0.1179994 -0.8876802 -0.128 -0.03679943 -0.8876802 -0.128 -0.03679943 -0.8942803 -0.128 -0.1179994 -0.8942803 -0.128 -0.1171994 -0.8871483 -0.164 -0.03759944 -0.8871483 -0.164 -0.03759944 -0.8929483 -0.164 -0.1171994 -0.8929483 -0.164 -0.1163994 -0.8843778 -0.2 -0.03839945 -0.8843778 -0.2 -0.03839945 -0.8893778 -0.2 -0.1163994 -0.8893778 -0.2 -0.04829937 -0.8795 -0.01999998 0.03770059 -0.8795 -0.01999998 0.03770059 -0.8885 -0.01999998 -0.04829937 -0.8885 -0.01999998 -0.04749935 -0.8847175 -0.05599999 0.03690057 -0.8847175 -0.05599999 0.03690057 -0.8929176 -0.05599999 -0.04749935 -0.8929176 -0.05599999 -0.04669934 -0.8887433 -0.092 0.03610056 -0.8887433 -0.092 0.03610056 -0.8961433 -0.092 -0.04669934 -0.8961433 -0.092 -0.04589939 -0.8906803 -0.128 0.03530061 -0.8906803 -0.128 0.03530061 -0.8972803 -0.128 -0.04589939 -0.8972803 -0.128 -0.04509937 -0.8901483 -0.164 0.03450059 -0.8901483 -0.164 0.03450059 -0.8959483 -0.164 -0.04509937 -0.8959483 -0.164 -0.04429936 -0.8873779 -0.2 0.03370058 -0.8873779 -0.2 0.03370058 -0.8923779 -0.2 -0.04429936 -0.8923779 -0.2 0.02380067 -0.8765 -0.01999998 0.1098007 -0.8765 -0.01999998 0.1098007 -0.8854999 -0.01999998 0.02380067 -0.8854999 -0.01999998 0.02460068 -0.8817175 -0.05599999 0.1090007 -0.8817175 -0.05599999 0.1090007 -0.8899175 -0.05599999 0.02460068 -0.8899175 -0.05599999 0.02540069 -0.8857432 -0.092 0.1082007 -0.8857432 -0.092 0.1082007 -0.8931432 -0.092 0.02540069 -0.8931432 -0.092 0.02620065 -0.8876802 -0.128 0.1074007 -0.8876802 -0.128 0.1074007 -0.8942802 -0.128 0.02620065 -0.8942802 -0.128 0.02700066 -0.8871482 -0.164 0.1066007 -0.8871482 -0.164 0.1066007 -0.8929482 -0.164 0.02700066 -0.8929482 -0.164 0.02780067 -0.8843778 -0.2 0.1058007 -0.8843778 -0.2 0.1058007 -0.8893778 -0.2 0.02780067 -0.8893778 -0.2 0.09590077 -0.8795 -0.01999998 0.1819007 -0.8795 -0.01999998 0.1819007 -0.8885 -0.01999998 0.09590077 -0.8885 -0.01999998 0.09670078 -0.8847175 -0.05599999 0.1811007 -0.8847175 -0.05599999 0.1811007 -0.8929176 -0.05599999 0.09670078 -0.8929176 -0.05599999 0.09750074 -0.8887433 -0.092 0.1803008 -0.8887433 -0.092 0.1803008 -0.8961433 -0.092 0.09750074 -0.8961433 -0.092 0.09830075 -0.8906803 -0.128 0.1795008 -0.8906803 -0.128 0.1795008 -0.8972803 -0.128 0.09830075 -0.8972803 -0.128 0.09910076 -0.8901483 -0.164 0.1787008 -0.8901483 -0.164 0.1787008 -0.8959483 -0.164 0.09910076 -0.8959483 -0.164 0.09990078 -0.8873779 -0.2 0.1779007 -0.8873779 -0.2 0.1779007 -0.8923779 -0.2 0.09990078 -0.8923779 -0.2 0.1680008 -0.8765001 -0.01999998 0.2540009 -0.8765001 -0.01999998 0.2540009 -0.8855 -0.01999998 0.1680008 -0.8855 -0.01999998 0.1688008 -0.8817176 -0.05599999 0.2532008 -0.8817176 -0.05599999 0.2532008 -0.8899176 -0.05599999 0.1688008 -0.8899176 -0.05599999 0.1696008 -0.8857433 -0.092 0.2524008 -0.8857433 -0.092 0.2524008 -0.8931434 -0.092 0.1696008 -0.8931434 -0.092 0.1704008 -0.8876803 -0.128 0.2516008 -0.8876803 -0.128 0.2516008 -0.8942803 -0.128 0.1704008 -0.8942803 -0.128 0.1712008 -0.8871483 -0.164 0.2508009 -0.8871483 -0.164 0.2508009 -0.8929483 -0.164 0.1712008 -0.8929483 -0.164 0.1720008 -0.8843779 -0.2 0.2500008 -0.8843779 -0.2 0.2500008 -0.8893779 -0.2 0.1720008 -0.8893779 -0.2 0.240101 -0.8795001 -0.01999998 0.326101 -0.8795001 -0.01999998 0.326101 -0.8885 -0.01999998 0.240101 -0.8885 -0.01999998 0.240901 -0.8847176 -0.05599999 0.325301 -0.8847176 -0.05599999 0.325301 -0.8929176 -0.05599999 0.240901 -0.8929176 -0.05599999 0.241701 -0.8887434 -0.092 0.324501 -0.8887434 -0.092 0.324501 -0.8961434 -0.092 0.241701 -0.8961434 -0.092 0.242501 -0.8906803 -0.128 0.323701 -0.8906803 -0.128 0.323701 -0.8972803 -0.128 0.242501 -0.8972803 -0.128 0.243301 -0.8901484 -0.164 0.322901 -0.8901484 -0.164 0.322901 -0.8959484 -0.164 0.243301 -0.8959484 -0.164 0.244101 -0.8873779 -0.2 0.322101 -0.8873779 -0.2 0.322101 -0.8923779 -0.2 0.244101 -0.8923779 -0.2 0.3122011 -0.8765 -0.01999998 0.3982011 -0.8765 -0.01999998 0.3982011 -0.8855 -0.01999998 0.3122011 -0.8855 -0.01999998 0.3130011 -0.8817175 -0.05599999 0.3974011 -0.8817175 -0.05599999 0.3974011 -0.8899176 -0.05599999 0.3130011 -0.8899176 -0.05599999 0.3138011 -0.8857433 -0.092 0.3966012 -0.8857433 -0.092 0.3966012 -0.8931433 -0.092 0.3138011 -0.8931433 -0.092 0.3146011 -0.8876802 -0.128 0.3958011 -0.8876802 -0.128 0.3958011 -0.8942803 -0.128 0.3146011 -0.8942803 -0.128 0.3154011 -0.8871483 -0.164 0.3950011 -0.8871483 -0.164 0.3950011 -0.8929483 -0.164 0.3154011 -0.8929483 -0.164 0.3162011 -0.8843778 -0.2 0.3942011 -0.8843778 -0.2 0.3942011 -0.8893778 -0.2 0.3162011 -0.8893778 -0.2 0.3843012 -0.8795 -0.01999998 0.4703012 -0.8795 -0.01999998 0.4703012 -0.8884999 -0.01999998 0.3843012 -0.8884999 -0.01999998 0.3851012 -0.8847175 -0.05599999 0.4695012 -0.8847175 -0.05599999 0.4695012 -0.8929175 -0.05599999 0.3851012 -0.8929175 -0.05599999 0.3859012 -0.8887432 -0.092 0.4687013 -0.8887432 -0.092 0.4687013 -0.8961433 -0.092 0.3859012 -0.8961433 -0.092 0.3867012 -0.8906802 -0.128 0.4679012 -0.8906802 -0.128 0.4679012 -0.8972802 -0.128 0.3867012 -0.8972802 -0.128 0.3875012 -0.8901482 -0.164 0.4671012 -0.8901482 -0.164 0.4671012 -0.8959482 -0.164 0.3875012 -0.8959482 -0.164 0.3883012 -0.8873778 -0.2 0.4663012 -0.8873778 -0.2 0.4663012 -0.8923778 -0.2 0.3883012 -0.8923778 -0.2 0.4564012 -0.8765 -0.01999998 0.5424012 -0.8765 -0.01999998 0.5424012 -0.8854999 -0.01999998 0.4564012 -0.8854999 -0.01999998 0.4572012 -0.8817175 -0.05599999 0.5416012 -0.8817175 -0.05599999 0.5416012 -0.8899175 -0.05599999 0.4572012 -0.8899175 -0.05599999 0.4580012 -0.8857432 -0.092 0.5408012 -0.8857432 -0.092 0.5408012 -0.8931432 -0.092 0.4580012 -0.8931432 -0.092 0.4588012 -0.8876802 -0.128 0.5400012 -0.8876802 -0.128 0.5400012 -0.8942802 -0.128 0.4588012 -0.8942802 -0.128 0.4596012 -0.8871482 -0.164 0.5392012 -0.8871482 -0.164 0.5392012 -0.8929482 -0.164 0.4596012 -0.8929482 -0.164 0.4604012 -0.8843778 -0.2 0.5384012 -0.8843778 -0.2 0.5384012 -0.8893778 -0.2 0.4604012 -0.8893778 -0.2 0.5285013 -0.8795 -0.01999998 0.6145013 -0.8795 -0.01999998 0.6145013 -0.8885 -0.01999998 0.5285013 -0.8885 -0.01999998 0.5293013 -0.8847175 -0.05599999 0.6137014 -0.8847175 -0.05599999 0.6137014 -0.8929176 -0.05599999 0.5293013 -0.8929176 -0.05599999 0.5301013 -0.8887433 -0.092 0.6129013 -0.8887433 -0.092 0.6129013 -0.8961433 -0.092 0.5301013 -0.8961433 -0.092 0.5309013 -0.8906803 -0.128 0.6121013 -0.8906803 -0.128 0.6121013 -0.8972803 -0.128 0.5309013 -0.8972803 -0.128 0.5317013 -0.8901483 -0.164 0.6113013 -0.8901483 -0.164 0.6113013 -0.8959483 -0.164 0.5317013 -0.8959483 -0.164 0.5325013 -0.8873779 -0.2 0.6105013 -0.8873779 -0.2 0.6105013 -0.8923779 -0.2 0.5325013 -0.8923779 -0.2 0.6006014 -0.8765 -0.01999998 0.6866014 -0.8765 -0.01999998 0.6866014 -0.8855 -0.01999998 0.6006014 -0.8855 -0.01999998 0.6014015 -0.8817175 -0.05599999 0.6858014 -0.8817175 -0.05599999 0.6858014 -0.8899176 -0.05599999 0.6014015 -0.8899176 -0.05599999 0.6022014 -0.8857433 -0.092 0.6850014 -0.8857433 -0.092 0.6850014 -0.8931433 -0.092 0.6022014 -0.8931433 -0.092 0.6030014 -0.8876802 -0.128 0.6842014 -0.8876802 -0.128 0.6842014 -0.8942803 -0.128 0.6030014 -0.8942803 -0.128 0.6038014 -0.8871483 -0.164 0.6834014 -0.8871483 -0.164 0.6834014 -0.8929483 -0.164 0.6038014 -0.8929483 -0.164 0.6046015 -0.8843778 -0.2 0.6826014 -0.8843778 -0.2 0.6826014 -0.8893778 -0.2 0.6046015 -0.8893778 -0.2 0.6727014 -0.8795001 -0.01999998 0.7587014 -0.8795001 -0.01999998 0.7587014 -0.8885 -0.01999998 0.6727014 -0.8885 -0.01999998 0.6735014 -0.8847176 -0.05599999 0.7579014 -0.8847176 -0.05599999 0.7579014 -0.8929176 -0.05599999 0.6735014 -0.8929176 -0.05599999 0.6743014 -0.8887434 -0.092 0.7571014 -0.8887434 -0.092 0.7571014 -0.8961434 -0.092 0.6743014 -0.8961434 -0.092 0.6751014 -0.8906803 -0.128 0.7563014 -0.8906803 -0.128 0.7563014 -0.8972803 -0.128 0.6751014 -0.8972803 -0.128 0.6759014 -0.8901484 -0.164 0.7555014 -0.8901484 -0.164 0.7555014 -0.8959484 -0.164 0.6759014 -0.8959484 -0.164 0.6767014 -0.8873779 -0.2 0.7547014 -0.8873779 -0.2 0.7547014 -0.8923779 -0.2 0.6767014 -0.8923779 -0.2 0.7448017 -0.8765001 -0.01999998 0.8308017 -0.8765001 -0.01999998 0.8308017 -0.8855 -0.01999998 0.7448017 -0.8855 -0.01999998 0.7456017 -0.8817176 -0.05599999 0.8300017 -0.8817176 -0.05599999 0.8300017 -0.8899176 -0.05599999 0.7456017 -0.8899176 -0.05599999 0.7464017 -0.8857433 -0.092 0.8292017 -0.8857433 -0.092 0.8292017 -0.8931434 -0.092 0.7464017 -0.8931434 -0.092 0.7472017 -0.8876803 -0.128 0.8284017 -0.8876803 -0.128 0.8284017 -0.8942803 -0.128 0.7472017 -0.8942803 -0.128 0.7480017 -0.8871483 -0.164 0.8276017 -0.8871483 -0.164 0.8276017 -0.8929483 -0.164 0.7480017 -0.8929483 -0.164 0.7488017 -0.8843779 -0.2 0.8268017 -0.8843779 -0.2 0.8268017 -0.8893779 -0.2 0.7488017 -0.8893779 -0.2 0.8169017 -0.8795 -0.01999998 0.9029017 -0.8795 -0.01999998 0.9029017 -0.8885 -0.01999998 0.8169017 -0.8885 -0.01999998 0.8177017 -0.8847175 -0.05599999 0.9021016 -0.8847175 -0.05599999 0.9021016 -0.8929176 -0.05599999 0.8177017 -0.8929176 -0.05599999 0.8185017 -0.8887433 -0.092 0.9013017 -0.8887433 -0.092 0.9013017 -0.8961433 -0.092 0.8185017 -0.8961433 -0.092 0.8193017 -0.8906803 -0.128 0.9005017 -0.8906803 -0.128 0.9005017 -0.8972803 -0.128 0.8193017 -0.8972803 -0.128 0.8201017 -0.8901483 -0.164 0.8997017 -0.8901483 -0.164 0.8997017 -0.8959483 -0.164 0.8201017 -0.8959483 -0.164 0.8209017 -0.8873779 -0.2 0.8989017 -0.8873779 -0.2 0.8989017 -0.8923779 -0.2 0.8209017 -0.8923779 -0.2 0.8890018 -0.8765 -0.01999998 0.9750018 -0.8765 -0.01999998 0.9750018 -0.8855 -0.01999998 0.8890018 -0.8855 -0.01999998 0.8898018 -0.8817175 -0.05599999 0.9742018 -0.8817175 -0.05599999 0.9742018 -0.8899176 -0.05599999 0.8898018 -0.8899176 -0.05599999 0.8906018 -0.8857433 -0.092 0.9734018 -0.8857433 -0.092 0.9734018 -0.8931433 -0.092 0.8906018 -0.8931433 -0.092 0.8914018 -0.8876802 -0.128 0.9726018 -0.8876802 -0.128 0.9726018 -0.8942803 -0.128 0.8914018 -0.8942803 -0.128 0.8922018 -0.8871483 -0.164 0.9718018 -0.8871483 -0.164 0.9718018 -0.8929483 -0.164 0.8922018 -0.8929483 -0.164 0.8930018 -0.8843778 -0.2 0.9710018 -0.8843778 -0.2 0.9710018 -0.8893778 -0.2 0.8930018 -0.8893778 -0.2 0.9611019 -0.8795 -0.01999998 1.047102 -0.8795 -0.01999998 1.047102 -0.8885 -0.01999998 0.9611019 -0.8885 -0.01999998 0.9619019 -0.8847175 -0.05599999 1.046302 -0.8847175 -0.05599999 1.046302 -0.8929176 -0.05599999 0.9619019 -0.8929176 -0.05599999 0.9627019 -0.8887433 -0.092 1.045502 -0.8887433 -0.092 1.045502 -0.8961433 -0.092 0.9627019 -0.8961433 -0.092 0.9635019 -0.8906803 -0.128 1.044702 -0.8906803 -0.128 1.044702 -0.8972803 -0.128 0.9635019 -0.8972803 -0.128 0.9643019 -0.8901483 -0.164 1.043902 -0.8901483 -0.164 1.043902 -0.8959483 -0.164 0.9643019 -0.8959483 -0.164 0.9651019 -0.8873779 -0.2 1.043102 -0.8873779 -0.2 1.043102 -0.8923779 -0.2 0.9651019 -0.8923779 -0.2 1.033202 -0.8765001 -0.01999998 1.119202 -0.8765001 -0.01999998 1.119202 -0.8855 -0.01999998 1.033202 -0.8855 -0.01999998 1.034002 -0.8817176 -0.05599999 1.118402 -0.8817176 -0.05599999 1.118402 -0.8899176 -0.05599999 1.034002 -0.8899176 -0.05599999 1.034802 -0.8857433 -0.092 1.117602 -0.8857433 -0.092 1.117602 -0.8931434 -0.092 1.034802 -0.8931434 -0.092 1.035602 -0.8876803 -0.128 1.116802 -0.8876803 -0.128 1.116802 -0.8942803 -0.128 1.035602 -0.8942803 -0.128 1.036402 -0.8871483 -0.164 1.116002 -0.8871483 -0.164 1.116002 -0.8929483 -0.164 1.036402 -0.8929483 -0.164 1.037202 -0.8843779 -0.2 1.115202 -0.8843779 -0.2 1.115202 -0.8893779 -0.2 1.037202 -0.8893779 -0.2 1.109857 -0.8796585 -0.01999998 1.195673 -0.8740338 -0.01999998 1.196262 -0.8830146 -0.01999998 1.110446 -0.8886392 -0.01999998 1.110997 -0.8848125 -0.05599999 1.195216 -0.8792926 -0.05599999 1.195752 -0.887475 -0.05599999 1.111533 -0.8929949 -0.05599999 1.112058 -0.8887773 -0.092 1.194681 -0.8833619 -0.092 1.195165 -0.8907461 -0.092 1.112542 -0.8961614 -0.092 1.112984 -0.8906579 -0.128 1.19401 -0.8853472 -0.128 1.194441 -0.891933 -0.128 1.113415 -0.8972437 -0.128 1.113747 -0.8900746 -0.164 1.193177 -0.8848686 -0.164 1.193556 -0.8906562 -0.164 1.114126 -0.8958622 -0.164 1.114364 -0.8872579 -0.2 1.192197 -0.8821564 -0.2 1.192524 -0.8871457 -0.2 1.114691 -0.8922472 -0.2 1.198528 -0.8663107 -0.01999998 1.279964 -0.8386669 -0.01999998 1.282857 -0.8471893 -0.01999998 1.201421 -0.8748331 -0.01999998 1.200963 -0.8709942 -0.05599999 1.280884 -0.8438647 -0.05599999 1.283519 -0.8516295 -0.05599999 1.203598 -0.878759 -0.05599999 1.203014 -0.8745491 -0.092 1.28142 -0.847934 -0.092 1.283799 -0.8549412 -0.092 1.205393 -0.8815563 -0.092 1.204394 -0.8761261 -0.128 1.281285 -0.8500252 -0.128 1.283406 -0.856275 -0.128 1.206516 -0.8823759 -0.128 1.204981 -0.8753653 -0.164 1.280356 -0.8497787 -0.164 1.282221 -0.8552709 -0.164 1.206845 -0.8808575 -0.164 1.204848 -0.8724848 -0.2 1.278708 -0.8474124 -0.2 1.280316 -0.8521471 -0.2 1.206455 -0.8772194 -0.2 1.28409 -0.837298 -0.01999998 1.355597 -0.789519 -0.01999998 1.360597 -0.7970023 -0.01999998 1.28909 -0.8447812 -0.01999998 1.287654 -0.8411918 -0.05599999 1.35783 -0.7943016 -0.05599999 1.362386 -0.8011197 -0.05599999 1.29221 -0.8480098 -0.05599999 1.290556 -0.8440946 -0.092 1.359401 -0.7980934 -0.092 1.363513 -0.8042463 -0.092 1.294667 -0.8502475 -0.092 1.292297 -0.8452607 -0.128 1.359812 -0.8001484 -0.128 1.363479 -0.8056361 -0.128 1.295964 -0.8507484 -0.128 1.292667 -0.8443739 -0.164 1.358852 -0.8001506 -0.164 1.362074 -0.8049731 -0.164 1.295889 -0.8491964 -0.164 1.291793 -0.8416259 -0.2 1.356647 -0.7982915 -0.2 1.359425 -0.8024488 -0.2 1.294571 -0.8457832 -0.2 1.356405 -0.7839091 -0.01999998 1.413108 -0.7192508 -0.01999998 1.419875 -0.7251849 -0.01999998 1.363171 -0.7898432 -0.01999998 1.360855 -0.7867478 -0.05599999 1.416504 -0.7232925 -0.05599999 1.422669 -0.7286991 -0.05599999 1.36702 -0.7921544 -0.05599999 1.364409 -0.7888007 -0.092 1.419003 -0.7265483 -0.092 1.424567 -0.7314274 -0.092 1.369973 -0.7936798 -0.092 1.366393 -0.7894763 -0.128 1.419932 -0.7284269 -0.128 1.424894 -0.7327786 -0.128 1.371355 -0.7938281 -0.128 1.366521 -0.7885241 -0.164 1.419004 -0.7286776 -0.164 1.423365 -0.7325018 -0.164 1.370881 -0.7923483 -0.164 1.364965 -0.786096 -0.2 1.416394 -0.7274524 -0.2 1.420153 -0.7307491 -0.2 1.368724 -0.7893927 -0.2 1.418769 -0.717854 -0.01999998 1.456805 -0.6407229 -0.01999998 1.464877 -0.6447036 -0.01999998 1.426841 -0.7218346 -0.01999998 1.423802 -0.7194441 -0.05599999 1.461131 -0.6437481 -0.05599999 1.468485 -0.6473749 -0.05599999 1.431156 -0.7230709 -0.05599999 1.427766 -0.7205073 -0.092 1.464388 -0.6462462 -0.092 1.471025 -0.6495191 -0.092 1.434403 -0.7237802 -0.092 1.429857 -0.7206464 -0.128 1.465771 -0.6478204 -0.128 1.471691 -0.6507394 -0.128 1.435777 -0.7235655 -0.128 1.429734 -0.7196936 -0.164 1.46494 -0.6483026 -0.164 1.470142 -0.6508679 -0.164 1.434936 -0.7222589 -0.164 1.427603 -0.7177508 -0.2 1.462102 -0.6477947 -0.2 1.466586 -0.6500062 -0.2 1.432088 -0.7199622 -0.2 1.457857 -0.636532 -0.01999998 1.474634 -0.5521845 -0.01999998 1.483461 -0.5539404 -0.01999998 1.466683 -0.6382879 -0.01999998 1.46313 -0.6367653 -0.05599999 1.479596 -0.553987 -0.05599999 1.487638 -0.5555868 -0.05599999 1.471172 -0.638365 -0.05599999 1.467234 -0.6367661 -0.092 1.483388 -0.5555571 -0.092 1.490646 -0.5570007 -0.092 1.474492 -0.6382098 -0.092 1.46929 -0.6363593 -0.128 1.485132 -0.5567196 -0.128 1.491605 -0.5580071 -0.128 1.475763 -0.6376469 -0.128 1.468924 -0.6354709 -0.164 1.484454 -0.5574004 -0.164 1.490142 -0.5585319 -0.164 1.474613 -0.6366025 -0.164 1.466363 -0.6341458 -0.2 1.48158 -0.5576446 -0.2 1.486484 -0.55862 -0.2 1.471267 -0.6351213 -0.2</float_array>
          <technique_common>
            <accessor source="#skirt-mesh-positions-array" count="4464" stride="3">
              <param name="X" type="float"/>
              <param name="Y" type="float"/>
              <param name="Z" type="float"/>
            </accessor>
          </technique_common>
        </source>
        <source id="skirt-mesh-normals">
          <float_array id="skirt-mesh-normals-array" count="16002">1 0 0 0.9014316 -0.0294224 0.4319207 0.9994695 -0.03257006 2.20177e-6 0.9009688 0 0.433884 0.6261478 -0.02054375 0.7794337 0.6234897 0 0.7818316 0.2268932 -0.007571578 0.9738903 0.222521 0 0.9749279 -0.218096 0.007008612 0.9759022 -0.222521 0 0.974928 -0.6204981 0.02028906 0.7839455 -0.6234897 0 0.7818316 -0.8996899 0.02955245 0.4355283 -0.9009689 0 0.433884 -0.9994597 0.03286963 -2.12702e-6 -1 0 0 -0.899688 0.02955108 -0.4355323 -0.9009687 0 -0.433884 -0.6204946 0.02028846 -0.7839483 -0.6234896 0 -0.7818317 -0.2180918 0.007008612 -0.9759032 -0.222521 0 -0.9749279 0.2268975 -0.007571578 -0.9738893 0.222521 0 -0.974928 0.6261511 -0.02054375 -0.7794311 0.6234897 0 -0.7818316 0.9014335 -0.02942198 -0.4319169 0.9009687 0 -0.4338841 1 0 0 0.9009689 0 0.4338839 0.6234897 0 0.7818316 0.222521 0 0.974928 -0.2225209 0 0.974928 -0.9009689 0 0.4338839 -1 0 0 -0.9009688 0 -0.4338839 -0.6234896 0 -0.7818316 -0.222521 0 -0.974928 0.2225209 0 -0.974928 0.6234896 0 -0.7818316 0.9009688 0 -0.433884 1 0 0 0.9009688 0 0.4338839 -0.9009688 0 0.4338839 -1 0 0 -0.9009688 0 -0.433884 0.9009688 0 -0.433884 1 0 0 0.9009688 0 0.4338839 0.2225209 0 0.974928 -0.222521 0 0.974928 -0.6234897 0 0.7818316 -0.9009688 0 -0.433884 -0.6234896 0 -0.7818317 -0.2225209 0 -0.974928 0.222521 0 -0.974928 1 0 0 -1 0 0 0.6234897 0 0.7818317 0.2225209 0 0.974928 -0.2225209 0 0.974928 -0.9009689 0 0.433884 -1 0 0 -0.2225209 0 -0.974928 0.2225209 0 -0.974928 -1 0 0 1 0 0 0.9009689 0 0.433884 0.222521 0 0.974928 -0.9009688 0 0.433884 -1 0 0 -0.222521 0 -0.974928 0.6234896 0 -0.7818317 0.9009687 0 -0.433884 0.6234897 0 0.7818316 0.2225209 0 0.974928 -0.6234897 0 0.7818316 -0.9009688 0 0.4338839 -1 0 0 -0.2225209 0 -0.974928 0.9009688 0 -0.4338839 1 -8.07698e-7 -2.18452e-6 0.9009706 -9.65027e-7 0.43388 0.623493 -5.61181e-7 0.781829 0.2225251 0 0.974927 -0.2225168 2.80581e-7 0.9749289 -0.6234864 6.84436e-7 0.7818343 -0.9009669 9.65026e-7 0.4338878 -1 1.12235e-6 2.18935e-6 -0.9009687 9.65026e-7 -0.433884 -0.6234897 6.84436e-7 -0.7818316 -0.222521 2.80581e-7 -0.9749279 0.2225209 0 -0.974928 0.6234895 -5.61181e-7 -0.7818318 0.9009688 -9.65027e-7 -0.4338841 0.9014334 0.02942311 0.431917 0.6261521 0.02054476 0.7794302 0.2268988 0.007571637 0.9738889 -0.2180913 -0.00700879 0.9759033 -0.6204978 -0.0202912 0.7839457 -0.8996897 -0.02955293 0.4355284 -0.9994596 -0.03287315 0 -0.8996897 -0.02955162 -0.4355286 -0.6204977 -0.02029055 -0.7839457 -0.2180913 -0.00700879 -0.9759032 0.2268988 0.007571637 -0.9738889 0.6261522 0.02054429 -0.7794303 0.9014333 0.02942311 -0.4319171 0.9914451 0.1305248 0 0.9994695 0.03256851 0 0.8949601 0.1178263 0.4303061 0.623704 0.08211141 0.7773358 0.2293136 0.0301904 0.9728844 -0.6124717 -0.08063489 0.7863692 -0.8915014 -0.1173661 0.4375506 -0.9914447 -0.1305277 0 -0.8915011 -0.1173678 -0.4375508 -0.6124716 -0.08063489 -0.7863692 0.2293137 0.0301904 -0.9728842 0.623704 0.08211141 -0.7773359 0.8949602 0.1178259 -0.4303062 0.9659258 0.2588193 0 0.6076519 0.162818 0.7773349 0.223406 0.05986136 0.9728857 -0.2118465 -0.0278902 0.9769049 -0.2063988 -0.05530416 0.9769038 -0.5967105 -0.1598903 0.7863662 -0.8685566 -0.2327294 0.4375461 -0.8685562 -0.2327305 -0.4375462 -0.5967105 -0.159891 -0.7863661 -0.2063989 -0.05530416 -0.9769037 -0.2118466 -0.0278902 -0.9769049 0.223406 0.05986136 -0.9728857 0.6076517 0.162819 -0.7773348 0.8339721 0.3454422 0.4303027 0.8719245 0.2336328 0.4303063 0.5812062 0.2407431 0.7773303 0.2136918 0.08851438 0.9728829 -0.1974068 -0.08176785 0.9769057 -0.5707357 -0.2364083 0.7863663 -0.9238811 -0.3826801 0 -0.9659254 -0.2588206 0 -0.5707358 -0.2364078 -0.7863664 -0.1974068 -0.08176785 -0.9769057 0.2136918 0.08851438 -0.9728829 0.5812061 0.2407435 -0.7773302 0.8719246 0.2336323 -0.4303065 0.8339723 0.3454414 -0.4303027 0.9238788 0.3826852 0 0.7817471 0.4513411 0.4303054 0.544803 0.3145421 0.7773371 0.2003 0.1156433 0.9728858 -0.185052 -0.1068394 0.9769038 -0.5349963 -0.3088817 0.7863659 -0.8307475 -0.3441106 0.4375463 -0.8660251 -0.5000005 0 -0.8307474 -0.3441104 -0.4375465 -0.5349962 -0.3088815 -0.7863659 -0.1850522 -0.1068395 -0.9769038 0.2003 0.1156433 -0.9728858 0.5448029 0.3145431 -0.7773369 0.7817472 0.4513412 -0.4303053 0.8660254 0.5 2.04203e-7 0.7161483 0.5495202 0.4303012 0.4990919 0.3829656 0.7773317 0.1835002 0.1408047 0.9728832 -0.1695214 -0.1300775 0.9769045 -0.7133829 -0.5473908 0.4375478 -0.7787266 -0.4496014 0.4375425 -0.793355 -0.6087595 0 -0.7787265 -0.449602 -0.4375422 -0.7133827 -0.5473909 -0.4375482 -0.1695215 -0.1300775 -0.9769045 0.1835002 0.1408047 -0.9728832 0.4990917 0.3829656 -0.777332 0.7161482 0.5495201 -0.4303015 0.7071065 0.7071071 1.35313e-7 0.793354 0.6087608 0 0.4448335 0.4448332 0.777333 -0.1510875 -0.1510886 0.9769057 -0.4368197 -0.4368218 0.7863684 -0.4901059 -0.3760702 0.7863634 -0.6358257 -0.635827 0.4375498 -0.6358252 -0.6358276 -0.4375498 -0.4901062 -0.376069 -0.7863639 -0.4368195 -0.4368217 -0.7863686 -0.1510875 -0.1510886 -0.9769058 0.4448335 0.4448323 -0.7773335 0.5495194 0.7161468 0.4303049 0.6382926 0.6382932 0.4303073 0.3829651 0.499089 0.7773339 0.1635492 0.1635501 0.9728839 0.1408017 0.1834974 0.9728842 -0.1300774 -0.169521 0.9769046 -0.3760677 -0.4901034 0.7863663 -0.5473957 -0.7133822 0.4375429 -0.7071061 -0.7071076 0 -0.5473957 -0.7133825 -0.4375424 -0.3760677 -0.4901036 -0.7863661 -0.1300775 -0.169521 -0.9769046 0.1408016 0.1834974 -0.9728842 0.1635491 0.16355 -0.9728839 0.3829653 0.499089 -0.7773339 0.6382923 0.6382933 -0.4303076 0.5495192 0.716147 -0.4303049 0.60876 0.7933545 0 0.4513428 0.7817468 0.4303045 0.3145453 0.5448063 0.7773337 0.115645 0.2003039 0.9728847 -0.1068408 -0.1850535 0.9769034 -0.4495984 -0.7787265 0.4375457 -0.5000029 -0.8660237 1.5457e-7 -0.608762 -0.7933531 0 -0.4495986 -0.7787265 -0.4375457 -0.1068409 -0.1850535 -0.9769034 0.1156451 0.2003042 -0.9728846 0.314545 0.544807 -0.7773331 0.4513427 0.7817467 -0.4303047 0.5000001 0.8660253 3.14915e-7 0.3454429 0.8339717 0.4303027 0.2407422 0.5812033 0.7773326 -0.08176821 -0.1974061 0.9769058 -0.2364057 -0.5707321 0.7863697 -0.3088822 -0.5349991 0.7863637 -0.3441057 -0.8307483 0.4375483 -0.3826854 -0.9238787 3.52612e-7 -0.3441066 -0.8307477 -0.437549 -0.3088823 -0.5349993 -0.7863635 -0.2364059 -0.5707324 -0.7863695 -0.08176833 -0.1974061 -0.9769058 0.2407423 0.5812035 -0.7773324 0.3454434 0.8339716 -0.4303028 0.3826821 0.9238802 5.75704e-7 0.2336326 0.8719244 0.4303066 0.05986332 0.2234104 0.9728844 0.08851122 0.213685 0.9728847 -0.05530488 -0.2064007 0.9769034 -0.1598894 -0.5967137 0.7863638 -0.2588196 -0.9659257 2.97058e-7 -0.1598894 -0.596714 -0.7863638 -0.05530506 -0.2064007 -0.9769034 0.05986332 0.2234104 -0.9728845 0.08851128 0.2136853 -0.9728846 0.2336328 0.8719248 -0.4303056 0.2588187 0.965926 2.55868e-7 0.1178244 0.8949628 0.4303011 0.08211314 0.6237103 0.7773306 0.1628192 0.6076492 0.7773367 0.03019046 0.22932 0.9728829 -0.02788966 -0.2118428 0.9769057 -0.08063358 -0.6124716 0.7863695 -0.1173688 -0.8915013 0.4375504 -0.2327297 -0.8685578 0.4375435 -0.1173685 -0.8915017 -0.4375492 -0.2327303 -0.8685577 -0.4375435 -0.08063364 -0.6124709 -0.78637 -0.02788972 -0.2118428 -0.9769057 0.03019052 0.2293199 -0.9728829 0.1628194 0.6076492 -0.7773367 0.08211314 0.6237103 -0.7773306 0.1178243 0.8949632 -0.4303005 0.03256893 0.9994695 2.84605e-6 0.1305261 0.9914449 0 0.02942109 0.9014316 0.4319209 0.02054357 0.6261486 0.7794332 0.007570981 0.2268926 0.9738904 -0.007009327 -0.2180958 0.9759022 -0.02029138 -0.6204982 0.7839453 -0.02955406 -0.8996897 0.4355283 -0.1305258 -0.991445 1.71477e-6 -0.03287261 -0.9994596 -5.01469e-6 -0.02029144 -0.6204937 -0.783949 -0.007009327 -0.2180906 -0.9759033 0.007571041 0.226897 -0.9738894 0.02054357 0.6261516 -0.7794306 0.02942109 0.9014337 -0.4319165 0 1 0 0 0.900969 0.4338835 0 0.6234903 0.7818312 0 0.2225204 0.9749282 0 -0.2225205 0.9749281 0 -0.6234901 0.7818313 0 -0.900969 0.4338834 0 -1 0 -0.029554 -0.8996874 -0.4355331 0 -0.9009692 -0.4338834 0 -0.6234901 -0.7818314 0 -0.2225205 -0.974928 0 0.2225204 -0.9749282 0 0.6234903 -0.7818312 0 0.900969 -0.4338834 0 1 0 0 0.9009688 0.433884 0 0.6234896 0.7818316 0 0.2225202 0.9749281 0 -0.2225201 0.9749281 0 -0.6234899 0.7818314 0 -0.9009692 0.4338832 0 -1 0 0 -0.9009692 -0.4338833 0 -0.6234902 -0.7818312 0 -0.2225205 -0.974928 0 0.2225208 -0.974928 0 0.6234906 -0.781831 0 0.9009691 -0.4338835 6.44423e-7 1 -2.52997e-6 4.84858e-7 0.9009713 0.4338787 2.04834e-7 0.6234941 0.7818281 0 0.2225252 0.974927 0 -0.2225157 0.9749291 0 -0.6234865 0.7818343 0 -0.9009681 0.4338855 0 -1 1.31363e-7 0 -0.9009692 -0.4338833 0 -0.62349 -0.7818313 0 -0.2225205 -0.9749281 0 0.2225201 -0.9749282 1.93266e-7 0.6234894 -0.7818318 4.84808e-7 0.9009687 -0.4338841 0 0.9009668 0.4338881 0 0.6234861 0.7818346 0 0.2225152 0.9749292 0 -0.2225255 0.974927 0 -0.623493 0.781829 0 -0.9009698 0.4338821 0 -0.9009696 -0.4338822 0 -0.6234928 -0.7818292 0 -0.2225255 -0.974927 0 0.2225152 -0.9749293 0 0.6234859 -0.7818346 0 0.9009668 -0.4338882 -6.44423e-7 1 2.66134e-6 0 1 0 -4.84858e-7 0.9009687 0.433884 -2.04834e-7 0.6234895 0.7818318 0 0.2225202 0.9749281 0 -0.2225205 0.974928 0 -0.6234902 0.7818312 0 -0.9009692 0.4338833 0 -1 0 0 -0.6234863 -0.7818343 0 -0.2225158 -0.9749292 0 0.2225252 -0.974927 -1.93266e-7 0.623494 -0.7818282 -4.84808e-7 0.9009712 -0.4338788 0 1 0 0 0.9009689 0.4338836 0 0.6234904 0.7818312 0 0.2225207 0.974928 0 -0.2225204 0.9749282 0 -0.6234906 0.7818308 0 -0.9009696 0.4338822 0 -1 -6.71408e-7 0 -0.900968 -0.4338856 0 -0.9009689 -0.433884 0 -0.6234897 -0.7818317 0 -0.2225203 -0.9749282 0 0.2225205 -0.974928 0 0.6234895 -0.7818318 0 0.9009686 -0.4338843 0 1 0 0 0.9009692 0.4338832 0 0.2225206 0.974928 0 -0.2225205 0.9749281 0 -0.6234901 0.7818314 0 -0.9009688 0.433884 0 -1 7.88175e-7 0 -0.9009693 -0.4338828 0 -0.6234905 -0.781831 0 -0.2225204 -0.974928 0 0.222521 -0.974928 0 0.6234899 -0.7818315 0 0.9009689 -0.4338838 6.44424e-7 1 -2.57376e-6 4.84859e-7 0.9009715 0.4338784 2.04834e-7 0.6234937 0.7818284 0 0.2225256 0.9749269 0 -0.2225158 0.9749292 0 -0.6234856 0.7818349 0 -0.9009674 0.4338871 0 -1 7.73579e-7 0 -0.900969 -0.4338835 0 -0.6234899 -0.7818315 0 -0.2225205 -0.9749281 0 0.2225206 -0.974928 1.93266e-7 0.62349 -0.7818315 4.84809e-7 0.9009695 -0.4338827 0 0.9009665 0.4338887 0 0.6234853 0.7818351 0 0.2225152 0.9749292 0 -0.2225258 0.9749269 0 -0.6234936 0.7818285 0 -0.9009701 0.4338813 0 -1 -6.86004e-7 0 -0.9009697 -0.433882 0 -0.6234936 -0.7818286 0 -0.2225258 -0.9749269 0 0.2225152 -0.9749293 0 0.6234853 -0.7818352 0 0.9009665 -0.4338887 -6.44423e-7 1 2.64188e-6 0 1 0 -4.84858e-7 0.9009689 0.433884 -2.04834e-7 0.6234896 0.7818317 0 0.2225201 0.9749282 0 -0.2225205 0.974928 0 -0.6234902 0.7818312 0 -1 0 0 -0.6234863 -0.7818343 0 0.2225252 -0.974927 -1.93266e-7 0.623494 -0.7818282 -4.84808e-7 0.9009712 -0.4338788 0 1 0 0 0.900969 0.4338834 0 0.6234906 0.781831 0 0.2225208 0.974928 0 -0.2225205 0.974928 0 -0.6234903 0.7818312 0 -0.9009692 0.4338832 0 -1 0 0 -0.900968 -0.4338856 0 -0.6234899 -0.7818314 0 -0.2225202 -0.9749281 0 0.2225201 -0.9749281 0 0.6234895 -0.7818318 0 0.9009689 -0.433884 0 1 0 0 0.9009688 0.433884 0 0.6234896 0.7818318 0 0.2225201 0.9749281 0 -0.2225201 0.9749281 0 -0.9009692 0.4338833 0 -1 0 0 -0.6234902 -0.7818313 0 0.2225208 -0.974928 0 0.6234905 -0.781831 0 0.2225208 0.974928 0 -0.6234907 0.7818308 0 -0.9009697 0.4338822 0 -1 -6.86004e-7 0 -0.9009688 -0.433884 0 -0.6234897 -0.7818316 0 -0.2225204 -0.9749282 0 0.2225205 -0.974928 0 0.6234896 -0.7818317 0 0.9009687 -0.4338842 6.44422e-7 1 -2.57376e-6 4.84857e-7 0.9009713 0.4338788 2.04834e-7 0.6234941 0.7818281 0 0.2225255 0.974927 0 -0.2225157 0.9749291 0 -0.6234858 0.7818347 0 -0.9009677 0.4338862 0 -1 7.73579e-7 0 -0.9009696 -0.4338823 0 -0.6234905 -0.781831 0 -0.2225205 -0.974928 0 0.2225207 -0.974928 1.93266e-7 0.6234902 -0.7818313 4.84807e-7 0.900969 -0.4338835 0 0.9009668 0.433888 0 0.6234855 0.781835 0 0.2225153 0.9749292 0 -0.222526 0.9749268 0 -0.6234933 0.7818287 0 -0.9009698 0.4338819 0 -1 0 0 -0.9009698 -0.433882 0 -0.6234933 -0.7818288 0 -0.222526 -0.9749268 0 0.2225153 -0.9749292 0 0.6234855 -0.7818351 0 0.9009668 -0.433888 -6.44423e-7 1 2.64188e-6 0 1 0 -4.84858e-7 0.9009686 0.4338844 -3.02943e-7 0.6234896 0.7818318 -1.58719e-7 0.2225205 0.974928 0 -0.2225206 0.974928 2.9083e-7 -0.6234899 0.7818316 4.84808e-7 -0.9009689 0.4338836 6.44423e-7 -1 2.63701e-6 3.02943e-7 -0.6234898 -0.7818316 1.58719e-7 -0.2225206 -0.974928 0 0.2225206 -0.9749281 -2.9083e-7 0.6234894 -0.7818318 -4.84802e-7 0.9009698 -0.4338821 0 1 0 0 0.9009699 0.4338819 0 0.6234938 0.7818283 0 0.222526 0.9749268 0 -0.2225155 0.9749292 0 -0.6234852 0.7818352 0 -0.9009668 0.4338881 0 -0.9009668 -0.4338883 4.84853e-7 -0.9009701 -0.4338814 0 -0.623485 -0.7818353 0 -0.2225155 -0.9749292 0 0.2225259 -0.9749268 0 0.6234937 -0.7818285 0 0.9009698 -0.4338819 0 0.6234859 0.7818346 0 0.2225158 0.9749291 0 -0.2225252 0.974927 -1.93266e-7 -0.623494 0.7818281 -4.84808e-7 -0.9009714 0.4338788 -6.44423e-7 -1 -2.55795e-6 0 -1 0 -4.84858e-7 -0.900969 -0.4338836 -2.04834e-7 -0.6234901 -0.7818313 0 -0.2225204 -0.974928 0 0.2225209 -0.974928 0 0.6234903 -0.7818312 0 0.900969 -0.4338835 6.44423e-7 1 -2.59809e-6 0 0.9009677 0.4338864 4.84858e-7 0.9009712 0.4338788 2.04834e-7 0.623494 0.7818281 0 0.2225252 0.974927 0 -0.2225158 0.9749291 0 -0.6234864 0.7818343 0 -0.900968 0.4338856 0 -1 0 0 -0.6234902 -0.7818312 0 -0.2225205 -0.974928 0 0.2225202 -0.9749281 1.93266e-7 0.6234895 -0.7818318 4.84808e-7 0.9009689 -0.433884 0 0.9009668 0.4338881 0 0.623486 0.7818347 0 0.2225152 0.9749293 0 -0.2225255 0.974927 0 -0.623493 0.781829 0 -0.9009698 0.4338822 0 -1 0 0 -0.9009696 -0.4338822 0 -0.6234928 -0.7818291 0 -0.2225255 -0.974927 0 0.2225152 -0.9749293 0 0.6234859 -0.7818347 0 0.9009668 -0.4338882 -6.44423e-7 1 2.71486e-6 0 1 0 -4.84858e-7 0.9009688 0.4338839 -2.04834e-7 0.6234896 0.7818318 0 0.2225201 0.9749282 0 -0.2225205 0.974928 0 -0.6234903 0.7818312 0 -1 0 0 -0.6234863 -0.7818344 0 -0.2225157 -0.9749291 0 0.2225251 -0.974927 -1.93266e-7 0.6234939 -0.7818283 0 1 0 0 0.9009692 0.4338834 0 -0.6234902 0.7818312 0 -1 0 0 -0.900968 -0.4338857 0 -0.62349 -0.7818315 0 -0.2225201 -0.9749281 0 0.2225202 -0.9749281 0 0.6234896 -0.7818318 0 0.9009691 0.4338835 0 -0.9009691 0.4338835 0 -1 0 0 -0.900969 -0.4338834 0 0.900969 -0.4338834 -0.03256893 0.9994695 -2.39616e-6 -0.02942109 0.9014339 0.4319161 -0.02054357 0.6261522 0.7794302 -0.007570981 0.2268971 0.9738894 0.007009327 -0.2180907 0.9759033 0.02029138 -0.6204942 0.7839486 0.029554 -0.8996873 0.4355334 0.03287279 -0.9994596 2.5049e-6 0.029554 -0.8996897 -0.4355285 0.02029144 -0.6204978 -0.7839457 0.007009327 -0.2180957 -0.9759022 -0.007571041 0.2268925 -0.9738904 -0.02054357 0.6261481 -0.7794335 -0.02942103 0.9014314 -0.4319211 -0.1178244 0.8949628 0.4303011 -0.08211314 0.6237103 0.7773306 -0.03019046 0.22932 0.9728829 0.02788966 -0.2118429 0.9769057 0.08063358 -0.6124716 0.7863695 0.1173687 -0.8915016 0.4375495 0.1173685 -0.8915017 -0.4375492 0.08063364 -0.6124709 -0.7863699 0.02788972 -0.2118428 -0.9769057 -0.03019052 0.2293199 -0.9728828 -0.08211314 0.6237103 -0.7773306 -0.1178243 0.8949632 -0.4303004 -0.2588186 0.965926 2.53408e-7 -0.1305261 0.9914449 0 -0.2336326 0.8719244 0.4303067 -0.1628192 0.6076492 0.7773367 -0.05986332 0.2234104 0.9728844 0.05530488 -0.2064006 0.9769034 0.1598894 -0.5967138 0.7863638 0.2588196 -0.9659257 3.06719e-7 0.1305263 -0.991445 0 0.1598894 -0.596714 -0.7863638 0.05530506 -0.2064007 -0.9769034 -0.05986332 0.2234103 -0.9728845 -0.1628194 0.6076492 -0.7773367 -0.2336328 0.8719248 -0.4303056 -0.3826821 0.9238802 5.73244e-7 -0.2407423 0.5812033 0.7773326 0.08176821 -0.1974061 0.9769058 0.2364057 -0.5707321 0.7863697 0.3441057 -0.8307484 0.4375483 0.2327297 -0.8685578 0.4375435 0.3441066 -0.8307477 -0.437549 0.2327303 -0.8685576 -0.4375435 0.2364058 -0.5707323 -0.7863695 0.08176833 -0.1974061 -0.9769058 -0.2407423 0.5812035 -0.7773324 -0.5000002 0.8660254 3.12455e-7 -0.3454429 0.8339717 0.4303027 -0.4513427 0.7817467 0.4303044 -0.115645 0.2003039 0.9728847 -0.08851122 0.213685 0.9728847 0.1068408 -0.1850535 0.9769034 0.3088822 -0.5349991 0.7863638 0.4495984 -0.7787265 0.4375457 0.3826853 -0.9238787 3.47782e-7 0.4495986 -0.7787265 -0.4375457 0.3088822 -0.5349993 -0.7863635 0.1068409 -0.1850535 -0.9769034 -0.1156451 0.2003042 -0.9728846 -0.08851122 0.2136852 -0.9728846 -0.4513427 0.7817467 -0.4303047 -0.3454434 0.8339716 -0.4303028 -0.60876 0.7933544 0 -0.5495194 0.7161468 0.4303049 -0.3145453 0.5448062 0.7773336 -0.1408017 0.1834974 0.9728842 0.1300774 -0.169521 0.9769046 0.3760677 -0.4901034 0.7863662 0.5473957 -0.7133823 0.4375429 0.5000029 -0.8660238 1.5457e-7 0.5473957 -0.7133824 -0.4375424 0.3760677 -0.4901036 -0.7863661 0.1300775 -0.169521 -0.9769046 -0.1408016 0.1834974 -0.9728842 -0.314545 0.544807 -0.7773331 -0.5495192 0.716147 -0.4303049 -0.7071064 0.7071072 1.45154e-7 -0.6382926 0.6382932 0.4303073 -0.3829652 0.499089 0.7773339 -0.1635492 0.1635501 0.9728839 0.1510875 -0.1510886 0.9769057 0.4368197 -0.4368218 0.7863684 0.6358257 -0.635827 0.4375498 0.7071061 -0.7071076 0 0.608762 -0.7933531 0 0.6358252 -0.6358275 -0.4375498 0.4368195 -0.4368217 -0.7863686 0.1510875 -0.1510886 -0.9769058 -0.1635491 0.16355 -0.9728839 -0.3829653 0.499089 -0.7773339 -0.6382923 0.6382933 -0.4303076 -0.7161483 0.5495202 0.4303012 -0.4448335 0.4448332 0.777333 -0.1835002 0.1408047 0.9728832 0.1695214 -0.1300775 0.9769045 0.4901059 -0.3760702 0.7863634 0.793355 -0.6087595 -1.20756e-7 0.4901062 -0.376069 -0.7863639 0.1695215 -0.1300775 -0.9769045 -0.1835002 0.1408047 -0.9728832 -0.4448335 0.4448323 -0.7773336 -0.7161482 0.5495201 -0.4303015 -0.8660255 0.5 2.01742e-7 -0.7933539 0.6087607 0 -0.7817472 0.4513411 0.4303055 -0.4990919 0.3829656 0.7773318 -0.544803 0.3145421 0.7773371 -0.2003 0.1156433 0.9728858 0.5349963 -0.3088817 0.7863659 0.7133829 -0.5473908 0.4375478 0.7787266 -0.4496014 0.4375425 0.7787265 -0.449602 -0.4375422 0.7133827 -0.5473909 -0.4375482 0.5349962 -0.3088815 -0.7863659 -0.2003 0.1156433 -0.9728858 -0.5448029 0.3145431 -0.7773369 -0.4990917 0.3829656 -0.777332 -0.7817472 0.4513412 -0.4303053 -0.9238788 0.3826853 0 -0.5812062 0.2407431 0.7773303 -0.2136918 0.08851438 0.9728829 0.1974068 -0.08176785 0.9769057 0.185052 -0.1068394 0.9769038 0.5707357 -0.2364083 0.7863663 0.8307475 -0.3441106 0.4375463 0.8660251 -0.5000005 0 0.8307474 -0.3441104 -0.4375465 0.5707358 -0.2364078 -0.7863664 0.1850522 -0.1068395 -0.9769038 0.1974068 -0.08176785 -0.9769057 -0.2136918 0.08851438 -0.9728829 -0.581206 0.2407435 -0.7773302 -0.9659258 0.2588193 0 -0.8339721 0.3454422 0.4303027 -0.8719245 0.2336328 0.4303063 -0.6076519 0.162818 0.7773349 -0.223406 0.05986136 0.9728857 0.5967105 -0.1598903 0.7863662 0.8685566 -0.2327294 0.4375461 0.9238811 -0.3826801 0 0.8685563 -0.2327304 -0.4375461 0.5967105 -0.159891 -0.7863661 -0.223406 0.05986136 -0.9728857 -0.6076517 0.162819 -0.7773348 -0.8719245 0.2336323 -0.4303064 -0.8339723 0.3454414 -0.4303029 -0.8949625 0.1178247 0.4303019 -0.2293193 0.03019022 0.972883 0.211842 -0.0278896 0.9769059 0.2063988 -0.05530416 0.9769038 0.6124717 -0.08063262 0.7863694 0.8915014 -0.1173655 0.4375507 0.991445 -0.1305257 0 0.9659255 -0.2588206 0 0.8915011 -0.1173671 -0.4375509 0.6124716 -0.08063262 -0.7863695 0.2063989 -0.05530416 -0.9769037 0.211842 -0.0278896 -0.9769059 -0.2293194 0.03019022 -0.9728829 -0.8949625 0.1178239 -0.4303019 -0.9994695 0.03257006 2.21033e-6 -0.9914451 0.1305241 0 -0.9014316 0.0294224 0.4319207 -0.623708 0.08211052 0.7773329 -0.6261478 0.02054375 0.7794337 -0.2268932 0.007571578 0.9738903 0.218096 -0.007008612 0.9759022 0.6204981 -0.02028906 0.7839454 0.8996899 -0.02955245 0.4355283 0.899688 -0.02955108 -0.4355323 0.6204946 -0.02028846 -0.7839483 0.2180918 -0.007008612 -0.9759032 -0.2268975 0.007571578 -0.9738893 -0.6261512 0.02054375 -0.779431 -0.623708 0.082111 -0.7773328 -0.9014334 0.02942198 -0.4319168 -0.222521 0 0.9749279 0.9994597 -0.03286963 -2.12702e-6 0.6234896 0 -0.7818317 0.222521 0 -0.9749279 -0.6234897 0 -0.7818316 -0.9009687 0 -0.4338841 -0.9009689 0 0.4338839 0.9009689 0 0.4338839 1 0 0 0.9009688 0 -0.4338839 -1 0 0 1 0 0 -0.6234897 0 0.7818317 0.9009689 0 0.433884 1 0 0 -1 0 0 -0.2225209 0 0.974928 1 0 0 0.2225209 0 -0.974928 -0.9009688 0 -0.4338839 -1 8.07698e-7 -2.18452e-6 -0.9009706 9.65027e-7 0.43388 -0.623493 5.61181e-7 0.781829 -0.2225251 0 0.974927 0.2225168 -2.80581e-7 0.9749289 0.6234864 -6.84436e-7 0.7818343 0.9009669 -9.65026e-7 0.4338878 1 -1.12235e-6 2.18935e-6 0.9009687 -9.65026e-7 -0.433884 0.6234897 -6.84436e-7 -0.7818316 0.222521 -2.80581e-7 -0.9749279 -0.2225209 0 -0.974928 -0.6234895 5.61181e-7 -0.7818318 -0.9009688 9.65027e-7 -0.4338841 -0.9014334 -0.02942311 0.431917 -0.6261521 -0.02054476 0.7794302 -0.2268988 -0.007571637 0.9738889 0.2180913 0.00700879 0.9759033 0.6204978 0.0202912 0.7839457 0.8996897 0.02955293 0.4355284 0.9994596 0.03287315 0 0.8996897 0.02955162 -0.4355286 0.6204977 0.02029055 -0.7839457 0.2180913 0.00700879 -0.9759032 -0.2268988 -0.007571637 -0.9738889 -0.6261522 -0.02054429 -0.7794303 -0.9014333 -0.02942311 -0.4319171 -0.9914451 -0.1305248 0 -0.9994695 -0.03256851 0 -0.8949601 -0.1178263 0.4303061 -0.623704 -0.08211141 0.7773358 -0.2293136 -0.0301904 0.9728844 0.6124717 0.08063489 0.7863692 0.8915014 0.1173661 0.4375506 0.9914447 0.1305277 0 0.8915011 0.1173678 -0.4375508 0.6124716 0.08063489 -0.7863692 -0.2293137 -0.0301904 -0.9728842 -0.623704 -0.08211141 -0.7773359 -0.8949602 -0.1178259 -0.4303062 -0.9659258 -0.2588193 0 -0.6076519 -0.162818 0.7773349 -0.223406 -0.05986136 0.9728857 0.2118465 0.0278902 0.9769049 0.2063988 0.05530416 0.9769038 0.5967105 0.1598903 0.7863662 0.8685566 0.2327294 0.4375461 0.8685562 0.2327305 -0.4375462 0.5967105 0.159891 -0.7863661 0.2063989 0.05530416 -0.9769037 0.2118466 0.0278902 -0.9769049 -0.223406 -0.05986136 -0.9728857 -0.6076517 -0.162819 -0.7773348 -0.8339721 -0.3454422 0.4303027 -0.8719245 -0.2336328 0.4303063 -0.5812062 -0.2407431 0.7773303 -0.2136918 -0.08851438 0.9728829 0.1974068 0.08176785 0.9769057 0.5707357 0.2364083 0.7863663 0.9238811 0.3826801 0 0.9659254 0.2588206 0 0.5707358 0.2364078 -0.7863664 0.1974068 0.08176785 -0.9769057 -0.2136918 -0.08851438 -0.9728829 -0.5812061 -0.2407435 -0.7773302 -0.8719246 -0.2336323 -0.4303065 -0.8339723 -0.3454414 -0.4303027 -0.9238788 -0.3826852 0 -0.7817471 -0.4513411 0.4303054 -0.544803 -0.3145421 0.7773371 -0.2003 -0.1156433 0.9728858 0.185052 0.1068394 0.9769038 0.5349963 0.3088817 0.7863659 0.8307475 0.3441106 0.4375463 0.8660251 0.5000005 0 0.8307474 0.3441104 -0.4375465 0.5349962 0.3088815 -0.7863659 0.1850522 0.1068395 -0.9769038 -0.2003 -0.1156433 -0.9728858 -0.5448029 -0.3145431 -0.7773369 -0.7817472 -0.4513412 -0.4303053 -0.8660254 -0.5 2.04203e-7 -0.7161483 -0.5495202 0.4303012 -0.4990919 -0.3829656 0.7773317 -0.1835002 -0.1408047 0.9728832 0.1695214 0.1300775 0.9769045 0.7133829 0.5473908 0.4375478 0.7787266 0.4496014 0.4375425 0.793355 0.6087595 0 0.7787265 0.449602 -0.4375422 0.7133827 0.5473909 -0.4375482 0.1695215 0.1300775 -0.9769045 -0.1835002 -0.1408047 -0.9728832 -0.4990917 -0.3829656 -0.777332 -0.7161482 -0.5495201 -0.4303015 -0.7071065 -0.7071071 1.35313e-7 -0.793354 -0.6087608 0 -0.4448335 -0.4448332 0.777333 0.1510875 0.1510886 0.9769057 0.4368197 0.4368218 0.7863684 0.4901059 0.3760702 0.7863634 0.6358257 0.635827 0.4375498 0.6358252 0.6358276 -0.4375498 0.4901062 0.376069 -0.7863639 0.4368195 0.4368217 -0.7863686 0.1510875 0.1510886 -0.9769058 -0.4448335 -0.4448323 -0.7773335 -0.5495194 -0.7161468 0.4303049 -0.6382926 -0.6382932 0.4303073 -0.3829651 -0.499089 0.7773339 -0.1635492 -0.1635501 0.9728839 -0.1408017 -0.1834974 0.9728842 0.1300774 0.169521 0.9769046 0.3760677 0.4901034 0.7863663 0.5473957 0.7133822 0.4375429 0.7071061 0.7071076 0 0.5473957 0.7133825 -0.4375424 0.3760677 0.4901036 -0.7863661 0.1300775 0.169521 -0.9769046 -0.1408016 -0.1834974 -0.9728842 -0.1635491 -0.16355 -0.9728839 -0.3829653 -0.499089 -0.7773339 -0.6382923 -0.6382933 -0.4303076 -0.5495192 -0.716147 -0.4303049 -0.60876 -0.7933545 0 -0.4513428 -0.7817468 0.4303045 -0.3145453 -0.5448063 0.7773337 -0.115645 -0.2003039 0.9728847 0.1068408 0.1850535 0.9769034 0.4495984 0.7787265 0.4375457 0.5000029 0.8660237 1.5457e-7 0.608762 0.7933531 0 0.4495986 0.7787265 -0.4375457 0.1068409 0.1850535 -0.9769034 -0.1156451 -0.2003042 -0.9728846 -0.314545 -0.544807 -0.7773331 -0.4513427 -0.7817467 -0.4303047 -0.5000001 -0.8660253 3.14915e-7 -0.3454429 -0.8339717 0.4303027 -0.2407422 -0.5812033 0.7773326 0.08176821 0.1974061 0.9769058 0.2364057 0.5707321 0.7863697 0.3088822 0.5349991 0.7863637 0.3441057 0.8307483 0.4375483 0.3826854 0.9238787 3.52612e-7 0.3441066 0.8307477 -0.437549 0.3088823 0.5349993 -0.7863635 0.2364059 0.5707324 -0.7863695 0.08176833 0.1974061 -0.9769058 -0.2407423 -0.5812035 -0.7773324 -0.3454434 -0.8339716 -0.4303028 -0.3826821 -0.9238802 5.75704e-7 -0.2336326 -0.8719244 0.4303066 -0.05986332 -0.2234104 0.9728844 -0.08851122 -0.213685 0.9728847 0.05530488 0.2064007 0.9769034 0.1598894 0.5967137 0.7863638 0.2588196 0.9659257 2.97058e-7 0.1598894 0.596714 -0.7863638 0.05530506 0.2064007 -0.9769034 -0.05986332 -0.2234104 -0.9728845 -0.08851128 -0.2136853 -0.9728846 -0.2336328 -0.8719248 -0.4303056 -0.2588187 -0.965926 2.55868e-7 -0.1178244 -0.8949628 0.4303011 -0.08211314 -0.6237103 0.7773306 -0.1628192 -0.6076492 0.7773367 -0.03019046 -0.22932 0.9728829 0.02788966 0.2118428 0.9769057 0.08063358 0.6124716 0.7863695 0.1173688 0.8915013 0.4375504 0.2327297 0.8685578 0.4375435 0.1173685 0.8915017 -0.4375492 0.2327303 0.8685577 -0.4375435 0.08063364 0.6124709 -0.78637 0.02788972 0.2118428 -0.9769057 -0.03019052 -0.2293199 -0.9728829 -0.1628194 -0.6076492 -0.7773367 -0.08211314 -0.6237103 -0.7773306 -0.1178243 -0.8949632 -0.4303005 -0.03256893 -0.9994695 2.84605e-6 -0.1305261 -0.9914449 0 -0.02942109 -0.9014316 0.4319209 -0.02054357 -0.6261486 0.7794332 -0.007570981 -0.2268926 0.9738904 0.007009327 0.2180958 0.9759022 0.02029138 0.6204982 0.7839453 0.02955406 0.8996897 0.4355283 0.1305258 0.991445 1.71477e-6 0.03287261 0.9994596 -5.01469e-6 0.02029144 0.6204937 -0.783949 0.007009327 0.2180906 -0.9759033 -0.007571041 -0.226897 -0.9738894 -0.02054357 -0.6261516 -0.7794306 -0.02942109 -0.9014337 -0.4319165 0 -0.900969 0.4338835 0 -0.6234903 0.7818312 0 -0.2225204 0.9749282 0 0.2225205 0.9749281 0 0.6234901 0.7818313 0 1 0 0.029554 0.8996874 -0.4355331 0 0.9009692 -0.4338834 0 0.6234901 -0.7818314 0 0.2225205 -0.974928 0 -0.6234903 -0.7818312 0 -0.900969 -0.4338834 0 -1 0 0 -0.9009688 0.433884 0 -0.6234896 0.7818316 0 -0.2225202 0.9749281 0 0.2225201 0.9749281 0 0.6234899 0.7818314 0 0.9009692 0.4338832 0 0.9009692 -0.4338833 0 0.6234902 -0.7818312 0 -0.2225208 -0.974928 0 -0.6234906 -0.781831 0 -0.9009691 -0.4338835 -6.44423e-7 -1 -2.52997e-6 -4.84858e-7 -0.9009713 0.4338787 -2.04834e-7 -0.6234941 0.7818281 0 -0.2225252 0.974927 0 0.2225157 0.9749291 0 0.6234865 0.7818343 0 0.9009681 0.4338855 0 1 1.31363e-7 0 0.9009692 -0.4338833 0 0.62349 -0.7818313 0 0.2225205 -0.9749281 0 -0.2225201 -0.9749282 -1.93266e-7 -0.6234894 -0.7818318 -4.84808e-7 -0.9009687 -0.4338841 0 -0.9009668 0.4338881 0 -0.6234861 0.7818346 0 -0.2225152 0.9749292 0 0.2225255 0.974927 0 0.623493 0.781829 0 0.9009698 0.4338821 0 0.9009696 -0.4338822 0 0.6234928 -0.7818292 0 0.2225255 -0.974927 0 -0.2225152 -0.9749293 0 -0.6234859 -0.7818346 0 -0.9009668 -0.4338882 6.44423e-7 -1 2.66134e-6 0 -1 0 4.84858e-7 -0.9009687 0.433884 2.04834e-7 -0.6234895 0.7818318 0 -0.2225202 0.9749281 0 0.2225205 0.974928 0 0.6234902 0.7818312 0 0.9009692 0.4338833 0 1 0 0 0.6234863 -0.7818343 0 0.2225158 -0.9749292 0 -0.2225252 -0.974927 1.93266e-7 -0.623494 -0.7818282 4.84808e-7 -0.9009712 -0.4338788 0 -1 0 0 -0.9009689 0.4338836 0 -0.6234904 0.7818312 0 -0.2225207 0.974928 0 0.2225204 0.9749282 0 0.6234906 0.7818308 0 0.9009696 0.4338822 0 1 -6.71408e-7 0 0.900968 -0.4338856 0 0.9009689 -0.433884 0 0.6234897 -0.7818317 0 0.2225203 -0.9749282 0 -0.2225205 -0.974928 0 -0.6234895 -0.7818318 0 -0.9009686 -0.4338843 0 -0.2225206 0.974928 0 0.2225205 0.9749281 0 0.6234901 0.7818314 0 1 7.88175e-7 0 0.9009693 -0.4338828 0 0.6234905 -0.781831 0 0.2225204 -0.974928 0 -0.222521 -0.974928 0 -0.6234899 -0.7818315 0 -0.9009689 -0.4338838 -6.44424e-7 -1 -2.57376e-6 -4.84859e-7 -0.9009715 0.4338784 -2.04834e-7 -0.6234937 0.7818284 0 -0.2225256 0.9749269 0 0.2225158 0.9749292 0 0.6234856 0.7818349 0 0.9009674 0.4338871 0 1 7.73579e-7 0 0.900969 -0.4338835 0 0.6234899 -0.7818315 0 0.2225205 -0.9749281 0 -0.2225206 -0.974928 -1.93266e-7 -0.62349 -0.7818315 -4.84809e-7 -0.9009695 -0.4338827 0 -0.9009665 0.4338887 0 -0.6234853 0.7818351 0 -0.2225152 0.9749292 0 0.2225258 0.9749269 0 0.6234936 0.7818285 0 0.9009701 0.4338813 0 1 -6.86004e-7 0 0.9009697 -0.433882 0 0.6234936 -0.7818286 0 0.2225258 -0.9749269 0 -0.2225152 -0.9749293 0 -0.6234853 -0.7818352 0 -0.9009665 -0.4338887 6.44423e-7 -1 2.64188e-6 0 -1 0 4.84858e-7 -0.9009689 0.433884 2.04834e-7 -0.6234896 0.7818317 0 -0.2225201 0.9749282 0 0.2225205 0.974928 0 0.6234902 0.7818312 0 1 0 0 0.6234863 -0.7818343 0 -0.2225252 -0.974927 1.93266e-7 -0.623494 -0.7818282 4.84808e-7 -0.9009712 -0.4338788 0 -0.6234906 0.781831 0 -0.2225208 0.974928 0 0.2225205 0.974928 0 0.6234903 0.7818312 0 0.900968 -0.4338856 0 0.6234899 -0.7818314 0 0.2225202 -0.9749281 0 -0.2225201 -0.9749281 0 -0.6234895 -0.7818318 0 -0.9009689 -0.433884 0 -0.6234896 0.7818318 0 0.9009692 0.4338833 0 0.6234902 -0.7818313 0 -0.2225208 -0.974928 0 -0.6234905 -0.781831 0 -0.2225208 0.974928 0 0.6234907 0.7818308 0 0.9009697 0.4338822 0 1 -6.86004e-7 0 0.9009688 -0.433884 0 0.6234897 -0.7818316 0 -0.6234896 -0.7818317 0 -0.9009687 -0.4338842 -6.44422e-7 -1 -2.57376e-6 -4.84857e-7 -0.9009713 0.4338788 -2.04834e-7 -0.6234941 0.7818281 0 -0.2225255 0.974927 0 0.2225157 0.9749291 0 0.6234858 0.7818347 0 0.9009677 0.4338862 0 1 7.73579e-7 0 0.9009696 -0.4338823 0 0.6234905 -0.781831 0 0.2225205 -0.974928 0 -0.2225207 -0.974928 -1.93266e-7 -0.6234902 -0.7818313 -4.84807e-7 -0.900969 -0.4338835 0 -0.9009668 0.433888 0 -0.6234855 0.781835 0 -0.2225153 0.9749292 0 0.222526 0.9749268 0 0.6234933 0.7818287 0 0.9009698 0.4338819 0 1 0 0 0.9009698 -0.433882 0 0.6234933 -0.7818288 0 0.222526 -0.9749268 0 -0.2225153 -0.9749292 0 -0.6234855 -0.7818351 0 -0.9009668 -0.433888 6.44423e-7 -1 2.64188e-6 0 -1 0 4.84858e-7 -0.9009686 0.4338844 3.02943e-7 -0.6234896 0.7818318 1.58719e-7 -0.2225205 0.974928 0 0.2225206 0.974928 -2.9083e-7 0.6234899 0.7818316 -4.84808e-7 0.9009689 0.4338836 -6.44423e-7 1 2.63701e-6 -3.02943e-7 0.6234898 -0.7818316 -1.58719e-7 0.2225206 -0.974928 0 -0.2225206 -0.9749281 2.9083e-7 -0.6234894 -0.7818318 4.84802e-7 -0.9009698 -0.4338821 0 -1 0 0 -0.9009699 0.4338819 0 -0.6234938 0.7818283 0 -0.222526 0.9749268 0 0.2225155 0.9749292 0 0.6234852 0.7818352 0 0.9009668 0.4338881 0 0.9009668 -0.4338883 -4.84853e-7 0.9009701 -0.4338814 0 0.623485 -0.7818353 0 0.2225155 -0.9749292 0 -0.2225259 -0.9749268 0 -0.6234937 -0.7818285 0 -0.9009698 -0.4338819 0 -0.6234859 0.7818346 0 -0.2225158 0.9749291 0 0.2225252 0.974927 1.93266e-7 0.623494 0.7818281 4.84808e-7 0.9009714 0.4338788 6.44423e-7 1 -2.55795e-6 0 1 0 4.84858e-7 0.900969 -0.4338836 2.04834e-7 0.6234901 -0.7818313 0 0.2225204 -0.974928 0 -0.2225209 -0.974928 0 -0.6234903 -0.7818312 0 -0.900969 -0.4338835 -6.44423e-7 -1 -2.59809e-6 0 -0.9009677 0.4338864 -4.84858e-7 -0.9009712 0.4338788 -2.04834e-7 -0.623494 0.7818281 0 -0.2225252 0.974927 0 0.2225158 0.9749291 0 0.6234864 0.7818343 0 0.900968 0.4338856 0 1 0 0 0.6234902 -0.7818312 0 0.2225205 -0.974928 0 -0.2225202 -0.9749281 -1.93266e-7 -0.6234895 -0.7818318 -4.84808e-7 -0.9009689 -0.433884 0 -0.9009668 0.4338881 0 -0.623486 0.7818347 0 -0.2225152 0.9749293 0 0.2225255 0.974927 0 0.623493 0.781829 0 0.9009698 0.4338822 0 1 0 0 0.9009696 -0.4338822 0 0.6234928 -0.7818291 0 0.2225255 -0.974927 0 -0.2225152 -0.9749293 0 -0.6234859 -0.7818347 0 -0.9009668 -0.4338882 6.44423e-7 -1 2.71486e-6 0 -1 0 4.84858e-7 -0.9009688 0.4338839 2.04834e-7 -0.6234896 0.7818318 0 -0.2225201 0.9749282 0 0.2225205 0.974928 0 0.6234903 0.7818312 0 1 0 0 0.6234863 -0.7818344 0 0.2225157 -0.9749291 0 -0.2225251 -0.974927 1.93266e-7 -0.6234939 -0.7818283 0 -1 0 0 -0.9009692 0.4338834 0 0.6234902 0.7818312 0 1 0 0 0.900968 -0.4338857 0 0.62349 -0.7818315 0 0.2225201 -0.9749281 0 -0.2225202 -0.9749281 0 -0.6234896 -0.7818318 0.03256893 -0.9994695 -2.39616e-6 0.02942109 -0.9014339 0.4319161 0.02054357 -0.6261522 0.7794302 0.007570981 -0.2268971 0.9738894 -0.007009327 0.2180907 0.9759033 -0.02029138 0.6204942 0.7839486 -0.029554 0.8996873 0.4355334 -0.03287279 0.9994596 2.5049e-6 -0.029554 0.8996897 -0.4355285 -0.02029144 0.6204978 -0.7839457 -0.007009327 0.2180957 -0.9759022 0.007571041 -0.2268925 -0.9738904 0.02054357 -0.6261481 -0.7794335 0.02942103 -0.9014314 -0.4319211 0.1178244 -0.8949628 0.4303011 0.08211314 -0.6237103 0.7773306 0.03019046 -0.22932 0.9728829 -0.02788966 0.2118429 0.9769057 -0.08063358 0.6124716 0.7863695 -0.1173687 0.8915016 0.4375495 -0.1173685 0.8915017 -0.4375492 -0.08063364 0.6124709 -0.7863699 -0.02788972 0.2118428 -0.9769057 0.03019052 -0.2293199 -0.9728828 0.08211314 -0.6237103 -0.7773306 0.1178243 -0.8949632 -0.4303004 0.2588186 -0.965926 2.53408e-7 0.1305261 -0.9914449 0 0.2336326 -0.8719244 0.4303067 0.1628192 -0.6076492 0.7773367 0.05986332 -0.2234104 0.9728844 -0.05530488 0.2064006 0.9769034 -0.1598894 0.5967138 0.7863638 -0.2588196 0.9659257 3.06719e-7 -0.1305263 0.991445 0 -0.1598894 0.596714 -0.7863638 -0.05530506 0.2064007 -0.9769034 0.05986332 -0.2234103 -0.9728845 0.1628194 -0.6076492 -0.7773367 0.2336328 -0.8719248 -0.4303056 0.3826821 -0.9238802 5.73244e-7 0.2407423 -0.5812033 0.7773326 -0.08176821 0.1974061 0.9769058 -0.2364057 0.5707321 0.7863697 -0.3441057 0.8307484 0.4375483 -0.2327297 0.8685578 0.4375435 -0.3441066 0.8307477 -0.437549 -0.2327303 0.8685576 -0.4375435 -0.2364058 0.5707323 -0.7863695 -0.08176833 0.1974061 -0.9769058 0.2407423 -0.5812035 -0.7773324 0.5000002 -0.8660254 3.12455e-7 0.3454429 -0.8339717 0.4303027 0.4513427 -0.7817467 0.4303044 0.115645 -0.2003039 0.9728847 0.08851122 -0.213685 0.9728847 -0.1068408 0.1850535 0.9769034 -0.3088822 0.5349991 0.7863638 -0.4495984 0.7787265 0.4375457 -0.3826853 0.9238787 3.47782e-7 -0.4495986 0.7787265 -0.4375457 -0.3088822 0.5349993 -0.7863635 -0.1068409 0.1850535 -0.9769034 0.1156451 -0.2003042 -0.9728846 0.08851122 -0.2136852 -0.9728846 0.4513427 -0.7817467 -0.4303047 0.3454434 -0.8339716 -0.4303028 0.60876 -0.7933544 0 0.5495194 -0.7161468 0.4303049 0.3145453 -0.5448062 0.7773336 0.1408017 -0.1834974 0.9728842 -0.1300774 0.169521 0.9769046 -0.3760677 0.4901034 0.7863662 -0.5473957 0.7133823 0.4375429 -0.5000029 0.8660238 1.5457e-7 -0.5473957 0.7133824 -0.4375424 -0.3760677 0.4901036 -0.7863661 -0.1300775 0.169521 -0.9769046 0.1408016 -0.1834974 -0.9728842 0.314545 -0.544807 -0.7773331 0.5495192 -0.716147 -0.4303049 0.7071064 -0.7071072 1.45154e-7 0.6382926 -0.6382932 0.4303073 0.3829652 -0.499089 0.7773339 0.1635492 -0.1635501 0.9728839 -0.1510875 0.1510886 0.9769057 -0.4368197 0.4368218 0.7863684 -0.6358257 0.635827 0.4375498 -0.7071061 0.7071076 0 -0.608762 0.7933531 0 -0.6358252 0.6358275 -0.4375498 -0.4368195 0.4368217 -0.7863686 -0.1510875 0.1510886 -0.9769058 0.1635491 -0.16355 -0.9728839 0.3829653 -0.499089 -0.7773339 0.6382923 -0.6382933 -0.4303076 0.7161483 -0.5495202 0.4303012 0.4448335 -0.4448332 0.777333 0.1835002 -0.1408047 0.9728832 -0.1695214 0.1300775 0.9769045 -0.4901059 0.3760702 0.7863634 -0.793355 0.6087595 -1.20756e-7 -0.4901062 0.376069 -0.7863639 -0.1695215 0.1300775 -0.9769045 0.1835002 -0.1408047 -0.9728832 0.4448335 -0.4448323 -0.7773336 0.7161482 -0.5495201 -0.4303015 0.8660255 -0.5 2.01742e-7 0.7933539 -0.6087607 0 0.7817472 -0.4513411 0.4303055 0.4990919 -0.3829656 0.7773318 0.544803 -0.3145421 0.7773371 0.2003 -0.1156433 0.9728858 -0.5349963 0.3088817 0.7863659 -0.7133829 0.5473908 0.4375478 -0.7787266 0.4496014 0.4375425 -0.7787265 0.449602 -0.4375422 -0.7133827 0.5473909 -0.4375482 -0.5349962 0.3088815 -0.7863659 0.2003 -0.1156433 -0.9728858 0.5448029 -0.3145431 -0.7773369 0.4990917 -0.3829656 -0.777332 0.7817472 -0.4513412 -0.4303053 0.9238788 -0.3826853 0 0.5812062 -0.2407431 0.7773303 0.2136918 -0.08851438 0.9728829 -0.1974068 0.08176785 0.9769057 -0.185052 0.1068394 0.9769038 -0.5707357 0.2364083 0.7863663 -0.8307475 0.3441106 0.4375463 -0.8660251 0.5000005 0 -0.8307474 0.3441104 -0.4375465 -0.5707358 0.2364078 -0.7863664 -0.1850522 0.1068395 -0.9769038 -0.1974068 0.08176785 -0.9769057 0.2136918 -0.08851438 -0.9728829 0.581206 -0.2407435 -0.7773302 0.9659258 -0.2588193 0 0.8339721 -0.3454422 0.4303027 0.8719245 -0.2336328 0.4303063 0.6076519 -0.162818 0.7773349 0.223406 -0.05986136 0.9728857 -0.5967105 0.1598903 0.7863662 -0.8685566 0.2327294 0.4375461 -0.9238811 0.3826801 0 -0.8685563 0.2327304 -0.4375461 -0.5967105 0.159891 -0.7863661 0.223406 -0.05986136 -0.9728857 0.6076517 -0.162819 -0.7773348 0.8719245 -0.2336323 -0.4303064 0.8339723 -0.3454414 -0.4303029 0.8949625 -0.1178247 0.4303019 0.2293193 -0.03019022 0.972883 -0.211842 0.0278896 0.9769059 -0.2063988 0.05530416 0.9769038 -0.6124717 0.08063262 0.7863694 -0.8915014 0.1173655 0.4375507 -0.991445 0.1305257 0 -0.9659255 0.2588206 0 -0.8915011 0.1173671 -0.4375509 -0.6124716 0.08063262 -0.7863695 -0.2063989 0.05530416 -0.9769037 -0.211842 0.0278896 -0.9769059 0.2293194 -0.03019022 -0.9728829 0.8949625 -0.1178239 -0.4303019 0.9914451 -0.1305241 0 0.623708 -0.08211052 0.7773329 0.623708 -0.082111 -0.7773328 -0.98966 0 -0.1434334 -0.9918353 0 -0.1275264 -0.98966 0 -0.1434333 0 0.9997532 -0.02221781 0 0.9997532 -0.02221614 0 0.9997532 -0.0222181 0.9925556 0 0.1217926 0.9943914 0 0.1057628 0.9925556 0 0.1217926 0 -0.9997532 -0.02221679 0 -0.9997532 -0.02221459 0 -0.9997533 -0.02221465 -0.9965603 0 -0.08287084 -0.9965604 0 -0.0828706 0 0.9997532 -0.02221614 0 0.9997532 -0.02221685 0.9943914 0 0.1057636 0.9981476 0 0.06083959 0 -0.9997532 -0.02221757 0 -0.9997532 -0.02221792 -0.9998006 0 -0.01997065 0 0.9997532 -0.02221703 0 0.9997532 -0.02221679 0.9981475 0 0.06084096 0.9999976 0 -0.002221763 0 -0.9997532 -0.02221637 0 -0.9997532 -0.02221626 -0.9998006 0 -0.0199722 -0.9989717 0 0.04534012 0 0.9997532 -0.02221798 0 0.9997532 -0.02221798 0.9999976 0 -0.002220273 0.997724 0 -0.06743067 0 -0.9997532 -0.02221757 -0.9989718 0 0.04533874 -0.997052 0 0.07672935 0 0.9997532 -0.02221393 0 0.9997532 -0.02221357 0.9951182 0 -0.09869134 0.9951181 0 -0.09869128 0 -0.9997532 -0.02221769 0 -0.9997532 -0.0222187 0 0 1 0 0 -1 -0.9896596 0 -0.1434366 -0.9918351 0 -0.1275274 -0.9896595 0 -0.1434367 0 0.9997532 -0.0222184 0 0.9997533 -0.0222159 0 0.9997532 -0.02221858 0.9925552 0 0.1217958 0.9943912 0 0.1057645 0.9925552 0 0.1217958 0 -0.9997532 -0.02221673 0 -0.9997533 -0.02221542 0 -0.9997532 -0.02221536 -0.9918349 0 -0.1275281 -0.9965606 0 -0.08286845 0 0.9997532 -0.02221584 0 0.9997532 -0.02221703 0.9943912 0 0.1057652 0.9981477 0 0.06083798 0 -0.9997532 -0.02221745 0 -0.9997532 -0.02221733 -0.9965605 0 -0.0828697 -0.9998006 0 -0.01997065 0 0.9997532 -0.02221727 0 0.9997532 -0.02221685 0.9981476 0 0.06083929 0.9999976 0 -0.002221763 0 -0.9997532 -0.02221673 0 -0.9997532 -0.02221661 -0.9998006 0 -0.01997214 -0.9989717 0 0.04534 0 0.9997532 -0.02221739 0 0.9997532 -0.02221739 0.9999976 0 -0.002220273 0.997724 0 -0.0674315 0 -0.9997532 -0.02221751 -0.9989718 0 0.04533869 -0.9970517 0 0.07673257 0 0.9997532 -0.02221637 0 0.9997532 -0.02221614 0.9977241 0 -0.06743013 0.9951178 0 -0.09869456 0 -0.9997532 -0.02221727 0 -0.9997532 -0.02221399 -0.98966 0 -0.1434333 -0.9918354 0 -0.1275258 -0.98966 0 -0.1434335 0 0.9997532 -0.02221679 0 0.9997532 -0.02221709 0 0.9997532 -0.02221667 0.9925556 0 0.1217926 0.9943914 0 0.1057628 0.9925556 0 0.1217926 0 -0.9997532 -0.02221751 0 -0.9997532 -0.02221745 -0.9918352 0 -0.1275265 -0.9965604 0 -0.08287 0 0.9997532 -0.02221709 0 0.9997532 -0.02221691 0.9943914 0 0.1057636 0.9981476 0 0.06083959 0 -0.9997532 -0.02221614 0 -0.9997532 -0.02221608 -0.9965603 0 -0.08287131 -0.9998006 0 -0.01997065 0 0.9997532 -0.02221685 0 0.9997532 -0.0222162 0.9981475 0 0.0608409 0.9999976 0 -0.002221763 0 -0.9997532 -0.02221691 0 -0.9997532 -0.02221697 -0.9998006 0 -0.0199722 -0.9989717 0 0.04534006 0 0.9997532 -0.02221697 0 0.9997532 -0.02221703 0.9999976 0 -0.002220273 0.997724 0 -0.06743156 0 -0.9997532 -0.02221661 -0.9989718 0 0.0453388 -0.997052 0 0.07672929 0 0.9997532 -0.0222162 0.997724 0 -0.06743025 0.9951181 0 -0.09869134 0 -0.9997532 -0.02221649 0 -0.9997532 -0.0222162 -0.9896595 0 -0.1434366 -0.9918351 0 -0.1275274 -0.9896596 0 -0.1434366 0 0.9997532 -0.02221775 0 0.9997533 -0.02221584 0 0.9997532 -0.02221786 0.9943912 0 0.1057645 0 -0.9997532 -0.02221715 0 -0.9997532 -0.0222162 0 -0.9997532 -0.0222162 -0.9918349 0 -0.1275282 0 0.9997532 -0.02221578 0 0.9997532 -0.02221727 0.9981477 0 0.06083798 0 -0.9997532 -0.02221769 0 -0.9997532 -0.02221775 -0.9965605 0 -0.0828697 -0.9998006 0 -0.01997065 0 0.9997532 -0.02221745 0 0.9997532 -0.02221709 0.9981476 0 0.06083929 0 -0.9997532 -0.02221667 0 -0.9997532 -0.02221649 -0.9998006 0 -0.01997214 -0.9989717 0 0.04534006 0 0.9997532 -0.02221822 0 0.9997532 -0.02221816 0.9999976 0 -0.002220273 0.997724 0 -0.0674315 0 -0.9997532 -0.02221745 -0.9970518 0 0.07673263 0 0.9997532 -0.02221524 0 0.9997532 -0.02221482 0.9977241 0 -0.06743013 0 -0.9997532 -0.02221739 0 -0.9997532 -0.02221626 -0.98966 0 -0.1434334 -0.9918353 0 -0.1275263 -0.98966 0 -0.1434334 0 0.9997532 -0.02221614 0 0.9997532 -0.02221709 0 0.9997532 -0.02221596 0.9925556 0 0.1217926 0.9943914 0 0.1057633 0.9943915 0 0.1057631 0 -0.9997532 -0.02221655 0 -0.9997533 -0.02221602 0 -0.9997532 -0.02221602 -0.9965603 0 -0.0828709 -0.9965604 0 -0.08287048 0 0.9997532 -0.02221709 0 0.9997532 -0.0222162 0.9981475 0 0.06084042 0 -0.9997532 -0.02221667 0 -0.9997532 -0.02221679 -0.9998006 0 -0.01997071 0 0.9997532 -0.02221632 0 0.9997532 -0.02221715 0.9999976 0 -0.002221763 0.9999976 0 -0.002220273 0 -0.9997532 -0.02221745 -0.9998006 0 -0.0199722 -0.9989717 0 0.04533922 0 0.9997532 -0.02221679 0 0.9997532 -0.02221679 0.997724 0 -0.06743067 0.997724 0 -0.06743109 0 -0.9997532 -0.02221786 -0.997052 0 0.07672929 0 0.9997532 -0.02221679 0 0.9997532 -0.02221679 0.9951182 0 -0.09869128 0 -0.9997532 -0.02221775 0 -0.9997532 -0.02221518 -0.9896596 0 -0.1434366 -0.9918351 0 -0.1275274 -0.9896595 0 -0.1434366 0 0.9997532 -0.02221703 0 0.9997532 -0.02221643 0 0.9997532 -0.02221715 0.9925552 0 0.1217958 0.9925552 0 0.1217959 0 -0.9997532 -0.02221691 0 -0.9997532 -0.02221685 -0.991835 0 -0.1275281 -0.9965606 0 -0.08286839 0 0.9997532 -0.02221637 0 0.9997532 -0.02221667 0.9943912 0 0.1057652 0.9981477 0 0.06083798 0 -0.9997532 -0.02221632 0 -0.9997532 -0.02221626 -0.9965605 0 -0.0828697 0 0.9997532 -0.02221661 0 0.9997532 -0.02221661 0.9981477 0 0.06083923 0.9999976 0 -0.002221822 0 -0.9997532 -0.02221661 0 -0.9997532 -0.02221661 -0.9998006 0 -0.01997214 -0.9989717 0 0.04534 0 0.9997532 -0.02221745 0.9999976 0 -0.002220273 0.9977239 0 -0.0674315 0 -0.9997532 -0.02221715 -0.9989718 0 0.04533869 -0.9970518 0 0.07673263 0.9977241 0 -0.06743019 0.9951178 0 -0.09869462 0 -0.9997532 -0.02221715 -0.98966 0 -0.1434334 0 0.9997532 -0.02221679 0 0.9997532 -0.02221661 0 0.9997532 -0.02221685 0.9925556 0 0.1217926 0.9943913 0 0.1057633 0.9943915 0 0.1057631 0 -0.9997532 -0.02221643 0 -0.9997532 -0.02221637 -0.9918352 0 -0.1275265 -0.9965604 0 -0.08287 0 0.9997532 -0.02221655 0 0.9997532 -0.02221661 0.9981476 0 0.06083959 0 -0.9997532 -0.02221661 0 -0.9997532 -0.02221661 -0.9965603 0 -0.08287131 -0.9998006 0 -0.01997065 0 0.9997532 -0.02221667 0 0.9997532 -0.02221679 0.9981475 0 0.0608409 0.9999976 0 -0.002220809 0 -0.9997532 -0.02221679 0 -0.9997532 -0.02221679 -0.9998006 0 -0.01997214 -0.9989717 0 0.04534006 0 0.9997532 -0.02221721 0 0.9997532 -0.02221727 0.997724 0 -0.06743073 0.9977239 0 -0.06743109 0 -0.9997532 -0.02221727 -0.9989718 0 0.0453388 -0.997052 0 0.07672935 0 0.9997532 -0.02221655 0 0.9997532 -0.02221643 0.9951181 0 -0.09869128 0 -0.9997532 -0.02221733 0 -0.9997532 -0.02221679 -0.9896595 0 -0.1434366 0 0.9997532 -0.02221709 0 0.9997532 -0.02221637 0.9943912 0 0.1057645 0.9925552 0 0.1217958 0 -0.9997532 -0.02221715 0 -0.9997532 -0.02221626 0 -0.9997532 -0.0222162 -0.991835 0 -0.1275281 -0.9965606 0 -0.08286839 0 0.9997532 -0.02221632 0 0.9997532 -0.02221679 0.9943912 0 0.1057652 0 -0.9997532 -0.02221685 0 -0.9997532 -0.02221685 -0.9998006 0 -0.01997065 0 0.9997532 -0.02221649 0.9981476 0 0.06083923 0.9999976 0 -0.002221763 0 -0.9997532 -0.02221643 0 -0.9997532 -0.02221632 -0.9998006 0 -0.01997214 -0.9989717 0 0.04534 0 0.9997532 -0.02221763 0 0.9997532 -0.02221763 0.9999976 0 -0.002220332 0.9977239 0 -0.06743144 0 -0.9997532 -0.02221775 -0.9989718 0 0.04533874 0 0.9997532 -0.02221661 0.997724 0 -0.06743019 0.9951178 0 -0.09869456 0 -0.9997532 -0.02221775 0 -0.9997532 -0.02221661 -0.9918352 0 -0.1275261 0 0.9997532 -0.02221721 0 0.9997532 -0.02221661 0 0.9997532 -0.02221739 0.9943914 0 0.1057628 0 -0.9997532 -0.02221667 0 -0.9997532 -0.02221661 -0.9965604 0 -0.08287 0 0.9997532 -0.02221655 0 0.9997532 -0.02221643 0 -0.9997532 -0.02221655 0 -0.9997532 -0.02221655 -0.9965603 0 -0.08287131 -0.9998006 0 -0.01997166 0 0.9997532 -0.02221643 0 0.9997532 -0.02221673 0.9999976 0 -0.002221763 0 -0.9997532 -0.02221685 0 -0.9997532 -0.02221685 -0.9989717 0 0.04533922 -0.9989717 0 0.04533964 0 0.9997532 -0.02221757 0 0.9997532 -0.02221757 0.9999976 0 -0.002220273 0.997724 0 -0.0674315 0 -0.9997532 -0.02221715 0 0.9997532 -0.02221685 0.9977241 0 -0.06743025 0 -0.9997532 -0.02221715 0 -0.9997532 -0.02221655 -0.9918351 0 -0.1275275 0 0.9997532 -0.02221649 0 0.9997532 -0.02221685 0 0.9997532 -0.02221643 0.9925552 0 0.1217959 0 -0.9997532 -0.02221697 0 -0.9997532 -0.02221626 0 -0.9997532 -0.0222162 -0.991835 0 -0.1275281 0 0.9997532 -0.02221685 0 0.9997532 -0.02221661 0.9943912 0 0.1057652 0.9981477 0 0.06083798 0 -0.9997532 -0.02221697 0 -0.9997532 -0.02221691 -0.9965605 0 -0.08286964 0 0.9997532 -0.02221655 0 0.9997532 -0.02221679 0.9981477 0 0.06083923 0.9999976 0 -0.002221763 0 -0.9997532 -0.02221655 0 -0.9997532 -0.02221643 -0.9998006 0 -0.01997214 0 0.9997532 -0.02221745 0 0.9997532 -0.02221745 0.9999976 0 -0.002220273 0.997724 0 -0.0674315 0 -0.9997532 -0.02221757 -0.9989718 0 0.04533869 0 0.9997532 -0.02221685 0.9977241 0 -0.06743019 0.9951178 0 -0.09869456 0 -0.9997532 -0.02221751 0 -0.9997532 -0.02221632 -0.9918354 0 -0.1275258 0 0.9997532 -0.02221798 0.9925556 0 0.1217926 0 -0.9997533 -0.02221602 0 -0.9997532 -0.02221685 0 -0.9997532 -0.02221691 -0.9965603 0 -0.08287084 -0.9965604 0 -0.08287048 0.9981475 0 0.06084042 0 -0.9997532 -0.02221643 0 -0.9997532 -0.02221649 -0.9998006 0 -0.01997166 0 0.9997532 -0.02221679 0 0.9997533 -0.02221608 0.9999976 0 -0.002220749 0.9999976 0 -0.002221226 0 -0.9997532 -0.02221715 -0.9989717 0 0.04533922 0 0.9997532 -0.02221679 0 0.9997532 -0.02221685 0.997724 0 -0.06743073 0 -0.9997532 -0.02221703 -0.997052 0 0.07672935 0 0.9997532 -0.02221727 0 0.9997532 -0.02221745 0.9951182 0 -0.09869134 0 -0.9997532 -0.02221709 0 -0.9997532 -0.02221733 -0.991835 0 -0.1275279 -0.9918351 0 -0.1275277 0 0.9997532 -0.02221715 0 0.9997532 -0.02221655 0.9943912 0 0.105765 0.9925553 0 0.1217958 0 -0.9997532 -0.02221691 0 -0.9997532 -0.02221637 0 -0.9997532 -0.02221632 -0.9965605 0 -0.08286923 0 0.9997532 -0.02221649 0.9981476 0 0.06083881 0.9981476 0 0.06083846 0 -0.9997532 -0.02221661 0 -0.9997532 -0.02221655 -0.9998006 0 -0.01997065 0 0.9997532 -0.02221673 0 0.9997532 -0.02221673 0.9999976 0 -0.002221822 0 -0.9997532 -0.02221679 0 -0.9997532 -0.02221685 -0.9989717 0 0.04533916 -0.9989717 0 0.04533958 0 0.9997532 -0.02221804 0 0.9997532 -0.02221792 0.9999976 0 -0.002220273 0.997724 0 -0.06743061 0 -0.9997532 -0.02221697 0.9951178 0 -0.09869456 0.9951178 0 -0.09869444 0 -0.9997532 -0.02221685 0 -0.9997532 -0.02221637 0 0.9997532 -0.02221637 0 -0.9997533 -0.02221572 0 -0.9997532 -0.0222156 -0.9965604 0 -0.08287006 0 0.9997532 -0.02221637 0 0.9997532 -0.0222162 0.9981476 0 0.06083965 0 -0.9997532 -0.02221643 0 -0.9997532 -0.02221673 -0.9965603 0 -0.08287131 0 0.9997532 -0.02221637 0 0.9997532 -0.02221745 0.9981475 0 0.06084096 0.9999976 0 -0.002221763 0 -0.9997532 -0.02221798 0 -0.9997532 -0.0222181 -0.9998006 0 -0.0199722 -0.9989717 0 0.04534006 0 0.9997532 -0.02221757 0 0.9997532 -0.02221757 0.9999976 0 -0.002220213 0 -0.9997532 -0.02221703 -0.9989718 0 0.04533874 -0.997052 0 0.07672929 0.997724 0 -0.06743025 0.9951181 0 -0.09869134 0 -0.9997532 -0.02221697 0 -0.9997532 -0.022215 -0.9896593 6.20486e-7 -0.1434383 -0.9918353 9.01732e-7 -0.1275255 -0.991835 0 -0.1275278 0 0.9997532 -0.02221775 0.992555 -6.20701e-7 0.1217975 0.9943915 -9.05191e-7 0.1057621 0.9925556 -2.3886e-6 0.1217926 0 -0.9997532 -0.02221775 0 -0.9997532 -0.02221775 -0.9965606 0 -0.08286833 0 0.9997532 -0.02221775 0 0.9997532 -0.02221733 0.9943912 0 0.1057653 0.9981477 0 0.06083792 0 -0.9997532 -0.02221649 0 -0.9997532 -0.02221632 -0.9965604 0 -0.08286964 -0.9998006 0 -0.01997226 0 0.9997532 -0.02221703 0 0.9997533 -0.02221566 0.9981477 0 0.06083923 0.9999976 0 -0.002220153 0 -0.9997532 -0.0222162 0 -0.9997532 -0.02221614 -0.9998005 0 -0.01997381 0 0.9997532 -0.02221608 0 0.9997532 -0.0222162 0.9999976 0 -0.002218604 0.9977239 0 -0.06743144 0 -0.9997533 -0.02221608 -0.9989718 0 0.04533874 -0.9970518 0 0.07673263 0 0.9997532 -0.02221834 0 0.9997532 -0.0222187 0.9977241 0 -0.06743019 0.9951178 0 -0.09869456 0 -0.9997532 -0.02221614 0 -0.9997532 -0.02221721 -0.9896597 0 -0.143435 -0.9918353 0 -0.1275255 0 0.9997533 -0.02221524 0 0.9997532 -0.02221786 0 0.9997533 -0.02221471 0.9925554 0 0.1217942 0.9943915 0 0.105762 0.992556 0 0.1217892 0 -0.9997532 -0.02221614 0 -0.9997532 -0.02221608 0 -0.9997532 -0.0222162 -0.9965604 0 -0.08287 0 0.9997532 -0.0222181 0 0.9997532 -0.02221798 0.9943912 0 0.1057653 0.9981475 0 0.06084042 0 -0.9997532 -0.02221751 0 -0.9997532 -0.02221739 -0.9965603 0 -0.08287131 -0.9998006 0 -0.01997065 0 0.9997532 -0.02221781 0 0.9997533 -0.0222153 0.9999976 0 -0.002220809 0.9999976 0 -0.002221226 0 -0.9997533 -0.02221602 0 -0.9997532 -0.02221578 0 0.9997532 -0.02221715 0 0.9997532 -0.02221715 0 -0.9997532 -0.02221667 0 0.9997532 -0.02221632 0.9951182 0 -0.09869128 0 -0.9997532 -0.02221679 0 -0.9997532 -0.02221834 -0.9706437 -0.1930742 -0.1434339 -0.9727773 -0.1934981 -0.1275258 -0.9727771 -0.1934982 -0.1275268 -0.1950483 0.9805421 -0.02221733 -0.1950468 0.9805423 -0.0222159 -0.1950486 0.980542 -0.02221733 0.9734837 0.1936374 0.1217953 0.9752843 0.1939967 0.1057636 0.9752845 0.1939961 0.1057626 0.195049 -0.980542 -0.02221703 0.1950512 -0.9805414 -0.02221786 0.1950504 -0.9805417 -0.02221745 -0.9774116 -0.1944205 -0.0828697 -0.1950462 0.9805425 -0.02221548 -0.19504 0.9805437 -0.02221477 0.9789684 0.1947299 0.06083917 0.9789686 0.1947289 0.06083804 0.1950379 -0.9805442 -0.02221411 0.1950374 -0.9805442 -0.02221363 -0.9805896 -0.1950522 -0.01997083 -0.9805894 -0.1950532 -0.01996976 -0.1950396 0.9805437 -0.02221494 -0.1950415 0.9805433 -0.0222193 0.9807829 0.1950898 -0.00221759 0.1950442 -0.9805428 -0.02221679 0.1950449 -0.9805427 -0.02221667 -0.9797767 -0.19489 0.04533815 -0.1950386 0.980544 -0.02221566 -0.1950384 0.980544 -0.02221542 0.9785531 0.1946465 -0.06743013 0.9785534 0.1946451 -0.06742763 0.1950418 -0.9805433 -0.02221786 -0.977894 -0.1945158 0.07672792 -0.9778943 -0.1945145 0.07672667 -0.1950409 0.9805434 -0.0222184 -0.1950412 0.9805434 -0.02221852 0.9759973 0.1941366 -0.09869253 0.9759971 0.194137 -0.09869366 0.1950417 -0.9805433 -0.02221792 0.1950415 -0.9805434 -0.02221596 0 0 1 0 0 1 0 0 -1 9.30583e-7 0 -1 9.70108e-7 0 -1 -0.8875993 -0.4377152 -0.1434329 -0.8895495 -0.4386783 -0.1275267 -0.8875989 -0.437716 -0.1434329 -0.4421839 0.8966493 -0.02221655 -0.44219 0.8966463 -0.02221477 -0.442182 0.8966501 -0.02221679 0.8901957 0.4389973 0.121792 0.891842 0.439809 0.1057642 0.8918424 0.4398084 0.1057627 0.4421825 -0.8966499 -0.02221685 0.4421854 -0.8966486 -0.02221667 0.4421851 -0.8966487 -0.02221655 -0.88955 -0.4386771 -0.1275279 -0.8937876 -0.4407684 -0.08286833 -0.4421898 0.8966464 -0.02221459 -0.4421724 0.896655 -0.0222159 0.8952115 0.4414692 0.06083852 0.4421725 -0.8966549 -0.02221578 0.4421722 -0.8966551 -0.02221578 -0.8966933 -0.4422017 -0.01997023 -0.8966937 -0.4422011 -0.01996999 -0.4421715 0.8966554 -0.02221614 -0.4421693 0.8966564 -0.02221769 0.8952108 0.4414703 0.06084132 0.8968701 0.4422883 -0.002222239 0.442174 -0.8966541 -0.02221679 0.4421747 -0.8966538 -0.02221673 -0.89595 -0.4418352 0.04533588 -0.4421852 0.8966487 -0.02221542 -0.4421851 0.8966488 -0.02221518 0.8948306 0.441284 -0.06743031 0.8948308 0.4412831 -0.06743168 0.4421786 -0.8966519 -0.02221506 -0.8942282 -0.4409861 0.07672864 -0.8942281 -0.4409866 0.07672792 -0.4421622 0.8966602 -0.02221351 -0.4421596 0.8966614 -0.02221322 0.8924937 0.4401307 -0.09869122 0.4421781 -0.8966521 -0.022215 0.4421621 -0.8966601 -0.02221542 0 0 1 1.40425e-7 0 1 -4.46584e-6 0 -1 2.52561e-6 0 -1 -4.77596e-6 0 -1 -0.7440663 -0.652528 -0.1434314 -0.7457017 -0.653962 -0.1275262 -0.7440663 -0.6525273 -0.143435 -0.6591837 0.751654 -0.0222128 -0.6591901 0.7516483 -0.02221453 -0.6591826 0.7516548 -0.0222125 0.7462431 0.654437 0.1217926 0.7476236 0.655647 0.1057643 0.7476233 0.6556475 0.1057623 0.6591919 -0.7516466 -0.02221727 0.6591794 -0.7516576 -0.02221846 0.6591777 -0.751659 -0.02221834 -0.7457018 -0.653962 -0.1275245 -0.7492544 -0.6570774 -0.08286857 -0.6591886 0.7516495 -0.02221465 -0.6591677 0.7516679 -0.02221733 0.7504475 0.658124 0.06084042 0.6591731 -0.751663 -0.02221584 0.659173 -0.7516632 -0.02221554 -0.7516908 -0.6592134 -0.01997125 -0.7516908 -0.6592133 -0.0199725 -0.6591672 0.7516683 -0.02221739 -0.6591904 0.7516479 -0.02221715 0.7518386 0.6593435 -0.002221226 0.7518386 0.6593436 -0.002219796 0.6591833 -0.7516542 -0.02221697 0.6591839 -0.7516536 -0.02221703 -0.7510675 -0.6586671 0.04533672 -0.7510678 -0.6586667 0.04533511 -0.6591873 0.7516505 -0.02221643 -0.6591868 0.751651 -0.02221655 0.7501298 0.6578436 -0.06743377 0.6591874 -0.7516506 -0.02221494 -0.749624 -0.6574016 0.07672828 -0.7496241 -0.6574013 0.07672804 -0.659181 0.7516561 -0.02221655 -0.6591804 0.7516568 -0.02221673 0.7501294 0.6578441 -0.0674324 0.7481703 0.6561254 -0.09869575 0.6591867 -0.7516511 -0.02221482 0.659181 -0.7516561 -0.02221411 -2.69621e-7 0 1 1.38016e-7 0 1 -3.00813e-7 0 1 -0.5498248 -0.8228725 -0.1434346 -0.5510336 -0.8246813 -0.1275261 -0.5498253 -0.8228724 -0.1434341 -0.8312638 0.5554341 -0.02221542 -0.8312677 0.5554284 -0.02221453 -0.8312633 0.555435 -0.02221536 0.5514331 0.82528 0.1217967 0.552453 0.8268069 0.1057645 0.5514326 0.8252802 0.1217981 0.8312624 -0.5554364 -0.02221667 0.8312623 -0.5554364 -0.02221703 0.8312612 -0.5554379 -0.02221721 -0.5510336 -0.8246811 -0.1275268 -0.5536588 -0.8286101 -0.08286941 -0.8312676 0.5554286 -0.02221459 -0.8312614 0.5554377 -0.02221703 0.5545401 0.82993 0.06084036 0.5545406 0.8299298 0.06083905 0.8312554 -0.5554465 -0.02221775 0.8312541 -0.5554485 -0.02221757 -0.5554587 -0.8313043 -0.01997226 -0.5554586 -0.8313043 -0.01997292 -0.8312604 0.5554392 -0.02221739 -0.8312544 0.5554481 -0.02221673 0.5555685 0.8314679 -0.002221047 0.8312609 -0.5554383 -0.02221709 0.8312593 -0.5554408 -0.02221721 -0.5549985 -0.8306151 0.04533582 -0.5549973 -0.8306156 0.04534 -0.8312723 0.5554213 -0.02221781 -0.8312736 0.5554193 -0.02221781 0.5543054 0.8295772 -0.06743323 0.5543053 0.8295772 -0.06743377 0.831281 -0.5554083 -0.02221673 -0.5539312 -0.829019 0.0767315 -0.8312636 0.5554345 -0.02221244 -0.8312643 0.5554336 -0.02221196 0.5528576 0.8274104 -0.09869468 0.8312814 -0.5554077 -0.02221661 0.8312651 -0.5554321 -0.02221703 0 0 1 0 0 1 -4.47206e-6 0 -1 2.38254e-6 0 -1 2.68657e-6 0 -1 -0.4377164 -0.8875992 -0.1434294 -0.4386789 -0.8895492 -0.1275272 -0.438678 -0.8895501 -0.1275237 -0.8966491 0.4421841 -0.02221679 -0.8966512 0.4421799 -0.02221667 -0.8966488 0.4421848 -0.02221667 0.4389967 0.8901953 0.1217957 0.4398097 0.8918418 0.1057629 0.4389976 0.8901951 0.1217936 0.8966491 -0.4421841 -0.0222162 0.8966513 -0.4421799 -0.02221751 0.8966517 -0.442179 -0.02221769 -0.4407684 -0.8937876 -0.08286768 -0.8966509 0.4421805 -0.02221661 -0.8966442 0.4421942 -0.02221423 0.4414707 0.8952109 0.06083709 0.4414709 0.8952108 0.06083774 0.8966492 -0.4421839 -0.02221721 0.8966491 -0.4421842 -0.02221721 -0.4407688 -0.893787 -0.0828706 -0.4422017 -0.8966933 -0.01996976 -0.8966439 0.4421951 -0.02221405 -0.8966456 0.4421914 -0.02221488 0.4422885 0.8968701 -0.002222299 0.4422888 0.89687 -0.002221763 0.8966456 -0.4421913 -0.02221721 0.8966463 -0.4421899 -0.02221721 -0.4422013 -0.8966935 -0.01997137 -0.441835 -0.8959501 0.0453363 -0.8966431 0.4421965 -0.02221739 -0.8966434 0.4421959 -0.02221751 0.4412829 0.8948311 -0.0674293 0.8966363 -0.4422102 -0.02221745 -0.4409854 -0.8942286 0.07672697 -0.4409859 -0.8942284 0.07672804 -0.896658 0.4421662 -0.02222031 -0.8966587 0.4421644 -0.02222073 0.4401292 0.8924944 -0.09869176 0.4401302 0.8924941 -0.09868985 0.8966367 -0.4422094 -0.02221721 0.8966567 -0.442169 -0.02221214 2.2299e-6 0 -1 -1.3344e-6 0 -1 -1.4925e-6 0 -1 -0.193074 -0.9706444 -0.1434293 -0.1934986 -0.9727773 -0.1275259 -0.1930745 -0.9706438 -0.143433 -0.9805462 0.1950274 -0.02221643 -0.9805422 0.1950473 -0.02221804 -0.9805469 0.1950239 -0.0222162 0.1936386 0.9734829 0.1217994 0.1939971 0.9752843 0.1057626 0.1936394 0.9734835 0.1217942 0.9805462 -0.1950273 -0.02221745 0.9805422 -0.1950474 -0.02221572 0.9805425 -0.1950461 -0.0222156 -0.1944201 -0.9774116 -0.08287072 -0.1944208 -0.9774118 -0.08286726 -0.9805424 0.1950461 -0.02221822 -0.9805459 0.1950287 -0.02221626 0.1947299 0.9789682 0.06084108 0.1947295 0.9789686 0.06083655 0.9805433 -0.1950414 -0.02221769 0.980544 -0.1950386 -0.02221775 -0.1950526 -0.9805895 -0.01997113 -0.9805464 0.1950262 -0.02221626 -0.9805454 0.1950318 -0.02221703 0.1950907 0.9807827 -0.00221914 0.9805426 -0.1950452 -0.02221685 0.980543 -0.1950435 -0.02221679 -0.1948904 -0.9797767 0.0453372 -0.1948907 -0.9797767 0.04533576 -0.9805424 0.1950464 -0.0222187 -0.9805418 0.1950491 -0.02221888 0.1946468 0.9785529 -0.06743144 0.1946477 0.9785527 -0.06743246 0.9805453 -0.1950322 -0.0222156 -0.1945158 -0.9778938 0.07672852 -0.1945161 -0.9778941 0.07672566 -0.9805378 0.1950694 -0.02221804 -0.980537 0.1950736 -0.0222181 0.194139 0.9759966 -0.09869593 0.9805452 -0.1950324 -0.02221548 0.9805379 -0.1950694 -0.02221554 0 -0.9896602 -0.1434324 0 -0.9918354 -0.1275253 0 -0.9896601 -0.1434325 -0.9997532 0 -0.02221673 -0.9997532 0 -0.02221697 -0.9997532 0 -0.02221667 0 0.9925547 0.1218001 0 0.9943914 0.1057637 0 0.992555 0.1217978 0.9997532 0 -0.02221673 0.9997532 0 -0.02221697 0.9997532 0 -0.02221703 0 -0.9918353 -0.1275256 0 -0.9965607 -0.08286637 -0.9997532 0 -0.02221703 -0.9997532 0 -0.02221727 0 0.9943911 0.1057663 0 0.9981477 0.06083816 0.9997532 0 -0.02221727 0.9997532 0 -0.02221727 0 -0.9965604 -0.08286976 0 -0.9998007 -0.01996946 -0.9997532 0 -0.02221727 -0.9997533 0 -0.02221572 0 0.9981477 0.06083804 0 0.9999976 -0.002219319 0.9997533 0 -0.02221572 0.9997532 0 -0.02221572 0 -0.9998005 -0.01997566 0 -0.9989718 0.04533809 -0.9997533 0 -0.02221536 -0.9997532 0 -0.02221542 0 0.9999976 -0.002222597 0 0.9977239 -0.06743317 0.9997533 0 -0.02221536 0 -0.9989719 0.04533302 0 -0.997052 0.0767287 -0.9997532 0 -0.02221691 -0.9997532 0 -0.02221691 0 0.9977239 -0.06743264 0 0.9951177 -0.09869664 0.9997532 0 -0.02221542 0.9997532 0 -0.02221691 0 -0.9896606 -0.1434293 0 -0.9918354 -0.1275253 0 -0.9896601 -0.1434331 -0.9997532 0 -0.02221709 -0.9997532 0 -0.02221626 -0.9997532 0 -0.02221703 0 0.9925549 0.121798 0 0.9943911 0.1057664 0 0.9925543 0.1218034 0.9997532 0 -0.02221709 0.9997532 0 -0.02221697 0 -0.9918357 -0.1275233 0 -0.9965606 -0.08286678 -0.9997532 0 -0.02221614 -0.9997532 0 -0.02221632 0 0.9981477 0.06083726 0 0.9981476 0.06083947 0 -0.9965604 -0.0828697 0 -0.9998006 -0.01997101 -0.9997532 0 -0.02221643 -0.9997532 0 -0.02221739 0 0.9999976 -0.002220451 0 -0.9989718 0.04533559 0 -0.9989718 0.04533773 -0.9997532 0 -0.02221709 -0.9997532 0 -0.02221709 0 0.9999976 -0.002221107 0 0.9977241 -0.06743067 0 -0.9970521 0.0767281 -0.9997532 0 -0.02221751 -0.9997532 0 -0.02221757 0 0.9977239 -0.06743109 0 0.9951179 -0.09869378 0.9997532 0 -0.02221548 0.9997532 0 -0.02221751 0 -0.9896602 -0.1434326 0 -0.9918354 -0.127525 -0.9997532 0 -0.02221626 0 0.9925547 0.1218003 0 0.9943914 0.1057633 0.9997532 0 -0.02221626 0.9997532 0 -0.02221614 0 -0.9918354 -0.1275256 0 -0.9965608 -0.08286601 0 0.9943909 0.105768 0 0.9981478 0.06083601 0.9997532 0 -0.02221632 0.9997532 0 -0.02221643 0 -0.9965605 -0.08286964 0 -0.9998006 -0.01996999 -0.9997532 0 -0.02221721 0 0.9981476 0.06083977 0 0.9999976 -0.002220392 0.9997532 0 -0.02221721 0.9997532 0 -0.02221721 0 -0.9998005 -0.01997584 0 -0.9989717 0.04533761 -0.9997532 0 -0.02221709 -0.9997532 0 -0.02221703 0 0.9999976 -0.002222359 0 0.9977241 -0.06743007 0.9997532 0 -0.02221709 0 -0.9989719 0.04533493 0 -0.9970519 0.07673001 0 0.9977239 -0.06743192 0 0.995118 -0.09869289 0.9997532 0 -0.02221703 0 -0.9918354 -0.1275249 0 0.9925549 0.1217982 0 0.9943912 0.1057651 0 0.9925544 0.1218031 0.9997532 0 -0.02221626 0 -0.9918357 -0.1275233 0 -0.9965607 -0.0828666 0 0.9943911 0.1057657 0 0.9981477 0.06083655 0 -0.9965604 -0.08286976 0 -0.9998006 -0.01997059 0 0.9981476 0.06083989 0 0.9999976 -0.002222299 0.9997532 0 -0.02221739 0.9997532 0 -0.02221745 0 -0.9998005 -0.01997405 0 -0.9989717 0.04533773 0 0.9999976 -0.002221047 0 0.9977238 -0.06743317 0.9997532 0 -0.02221709 0 -0.9989719 0.04533553 0 -0.9970521 0.0767281 0 0.997724 -0.0674299 0 0.9951177 -0.09869605 0.9997532 0 -0.02221709 0 -0.9896601 -0.1434326 0 -0.9918351 -0.1275275 0 -0.9896602 -0.1434325 -0.9997533 0 -0.0222153 -0.9997532 0 -0.02221614 -0.9997533 0 -0.02221524 0 0.9925547 0.1218003 0 0.9943914 0.1057634 0 0.992555 0.1217973 0.9997533 0 -0.0222153 0.9997532 0 -0.02221614 0.9997532 0 -0.02221626 0 -0.9918355 -0.1275245 0 -0.9965606 -0.08286738 -0.9997532 0 -0.02221626 0 0.9943909 0.1057682 0 0.9981478 0.06083619 0 -0.9965607 -0.0828672 0 -0.9998006 -0.01996999 0 0.9981476 0.06083989 0 0.9999976 -0.002220392 0 -0.9998005 -0.01997584 0 -0.9989717 0.04533761 0 0.9999976 -0.002222359 0 0.9977241 -0.06743001 0 -0.9989719 0.04533487 0 -0.9970519 0.07673001 0 0.9977239 -0.06743192 0 0.995118 -0.09869277 0 -0.9896601 -0.1434329 0 -0.9918354 -0.1275256 0 -0.9896601 -0.1434328 -0.9997533 0 -0.02221554 -0.9997532 0 -0.02221632 -0.9997533 0 -0.0222156 0 0.9925547 0.1218004 0 0.9943913 0.105764 0 0.992555 0.1217979 0.9997533 0 -0.02221554 0.9997532 0 -0.02221632 0.9997532 0 -0.02221643 0 -0.9918351 -0.1275276 0 -0.9965604 -0.08286982 -0.9997532 0 -0.02221643 -0.9997532 0 -0.02221691 0 0.9943911 0.1057664 0 0.9981478 0.06083619 0.9997532 0 -0.02221691 0.9997532 0 -0.02221685 0 -0.9965603 -0.08287113 0 -0.9998006 -0.01997184 -0.9997532 0 -0.02221685 -0.9997532 0 -0.02221673 0 0.9981476 0.06083929 0 0.9999976 -0.002224147 0.9997532 0 -0.02221673 0.9997532 0 -0.02221673 0 -0.9998006 -0.01997154 0 -0.9989717 0.04533761 -0.9997532 0 -0.02221703 0 0.9999976 -0.0022192 0 0.9977238 -0.06743258 0.9997532 0 -0.02221703 0 -0.9989718 0.04533743 0 -0.997052 0.07672941 0 0.9977241 -0.06742912 0 0.9951181 -0.09869229 0 -0.9896603 -0.1434315 0 -0.9918354 -0.1275257 0 -0.9896609 -0.1434276 -0.9997533 0 -0.02221584 -0.9997532 0 -0.0222162 -0.9997533 0 -0.02221596 0 0.9925549 0.121799 0 0.9943913 0.1057642 0 0.9925556 0.1217927 0.9997533 0 -0.02221584 0.9997532 0 -0.0222162 0.9997532 0 -0.02221626 0 -0.9918352 -0.1275264 0 -0.9965603 -0.08287048 -0.9997532 0 -0.02221626 0 0.994391 0.105767 0 0.9981477 0.0608375 0 -0.9965605 -0.08286863 0 -0.9998006 -0.01997125 0 0.9981477 0.06083923 0 0.9999976 -0.002222239 0 -0.9998006 -0.01997143 0 -0.9989717 0.04533821 0 0.9999976 -0.002218604 0 0.9977239 -0.06743127 0 -0.9989719 0.04533565 0 -0.997052 0.07672852 0 0.9977241 -0.06742924 0 0.995118 -0.09869283 0 -0.9896606 -0.1434293 0 -0.9918351 -0.1275274 0 0.9925549 0.121798 0 0.9943912 0.1057652 0 0.9925544 0.1218026 0 -0.9918355 -0.1275241 0 -0.9965606 -0.08286857 0 0.9943911 0.1057658 0 0.9981477 0.06083685 0 -0.9965604 -0.08286988 0 -0.9998006 -0.01997059 0 0.9981476 0.06083995 0 0.9999976 -0.002222299 0 -0.9998005 -0.01997411 0 -0.9989717 0.04533767 0 0.9999976 -0.002221107 0 0.9977239 -0.06743323 0 -0.9989719 0.04533559 0 -0.9970521 0.07672804 0 0.9977241 -0.06742984 0 0.9951176 -0.09869605 0 -0.9896606 -0.1434291 0 -0.9918354 -0.127525 -0.9997532 0 -0.02221679 0 0.9925552 0.1217968 0 0.9943913 0.1057642 0 -0.9965604 -0.08287054 0 -0.9965607 -0.08286619 -0.9997532 0 -0.02221673 -0.9997532 0 -0.02221661 0 0.9943911 0.1057659 0 0.9981477 0.06083709 0 -0.9998006 -0.01996999 -0.9997532 0 -0.02221667 0 0.9981476 0.06083983 0 0.9999976 -0.002220392 0 -0.9998005 -0.0199759 0 -0.9989718 0.04533755 -0.9997532 0 -0.02221679 -0.9997532 0 -0.02221673 0 0.9999976 -0.002222359 0 0.9977241 -0.06742906 0 -0.9989719 0.04533493 0 -0.997052 0.07672995 -0.9997532 0 -0.02221626 -0.9997532 0 -0.02221626 0 0.995118 -0.09869247 0 -0.9896606 -0.1434292 0 -0.9918352 -0.1275261 0 -0.98966 -0.1434329 -0.9997532 0 -0.02221661 0 0.9925552 0.1217969 0 0.9943912 0.1057646 0 0.992555 0.1217984 0.9997532 0 -0.02221661 0.9997532 0 -0.02221655 0 -0.9918355 -0.1275236 0 -0.9965606 -0.08286756 -0.9997532 0 -0.02221655 -0.9997532 0 -0.02221679 0 0.9943911 0.105766 0 0.9981477 0.06083756 0.9997532 0 -0.02221679 0.9997532 0 -0.02221685 0 -0.9965605 -0.08286982 0 -0.9998006 -0.01997053 -0.9997532 0 -0.02221685 0 0.9981476 0.06083995 0 0.9999976 -0.002222299 0 -0.9998005 -0.01997405 0 -0.9989718 0.04533654 -0.9997532 0 -0.02221685 0 0.9977239 -0.06743216 0.9997532 0 -0.02221685 0 -0.9989718 0.04533714 0 -0.9970521 0.0767278 0 0.9977239 -0.06743144 0 0.9951177 -0.09869593 0.9997532 0 -0.02221673 0.9997532 0 -0.02221626 0 -0.9896602 -0.1434326 0 -0.9918353 -0.1275262 0 -0.9896602 -0.1434324 0 0.9925547 0.1218003 0 0.9943912 0.1057646 0 0.992555 0.1217977 0.9997532 0 -0.02221679 0.9997532 0 -0.02221673 0 -0.9918352 -0.1275259 0 -0.9965606 -0.08286702 0 0.994391 0.1057666 0 0.9981478 0.06083637 0.9997532 0 -0.02221661 0.9997532 0 -0.02221667 0 -0.9965605 -0.08286976 0 -0.9998006 -0.01996999 0 0.9981477 0.06083738 0 0.9999976 -0.002220392 0 -0.9998005 -0.01997584 0 -0.9989717 0.04533898 0 0.9999976 -0.002222359 0 0.9977242 -0.06742894 0.9997532 0 -0.02221679 0 -0.9989719 0.04533529 0 -0.9970518 0.07673203 0 0.9977238 -0.06743347 0 0.995118 -0.09869259 0 -0.9896602 -0.1434327 0 -0.9918355 -0.1275244 -0.9997532 0 -0.02221733 -0.9997532 0 -0.02221739 0 0.9925547 0.1218005 0 0.9943912 0.1057652 0 0.9925549 0.1217983 0.9997532 0 -0.02221733 0.9997532 0 -0.02221685 0.9997532 0 -0.02221673 0 -0.9918352 -0.1275271 0 -0.9965606 -0.08286887 -0.9997532 0 -0.02221673 -0.9997532 0 -0.02221643 0 0.994391 0.1057667 0 0.9981477 0.06083697 0.9997532 0 -0.02221643 0.9997532 0 -0.02221643 0 -0.9965603 -0.08287113 0 -0.9998006 -0.01997184 -0.9997532 0 -0.02221643 0 0.9981476 0.06083929 0 0.9999976 -0.002224147 0 -0.9998006 -0.01997148 0 -0.9989717 0.0453391 -0.9997532 0 -0.02221679 0 0.9999976 -0.0022192 0 0.997724 -0.06743144 0.9997532 0 -0.02221679 0 -0.9989717 0.04533785 0 -0.9970518 0.07673156 0 0.997724 -0.06743079 0 0.9951181 -0.09869211 0 -0.9896602 -0.1434328 0 -0.9918351 -0.1275275 0 -0.9918353 -0.1275254 -0.9997532 0 -0.02221667 0 0.992555 0.1217969 0 0.9943912 0.1057652 0 0.9925549 0.1217988 0.9997532 0 -0.02221632 0.9997532 0 -0.02221673 0.9997532 0 -0.02221679 0 -0.9965605 -0.08286935 -0.9997532 0 -0.02221679 -0.9997532 0 -0.02221643 0 0.9981477 0.06083744 0 0.9981477 0.06083923 0 -0.9965603 -0.08287107 0 -0.9998006 -0.01997202 -0.9997532 0 -0.02221637 -0.9997532 0 -0.02221626 0 0.9999976 -0.002220809 0 0.9999976 -0.002220034 0.9997532 0 -0.02221643 0.9997532 0 -0.02221649 0 -0.9989718 0.04533773 0 -0.9989718 0.04533803 -0.9997532 0 -0.02221703 0 0.997724 -0.06743091 0.9997532 0 -0.02221649 0 -0.9970519 0.07672989 -0.9997532 0 -0.02221632 0 0.9951176 -0.09869652 0 0.9951181 -0.09869235 0.9997532 0 -0.02221649 0 -0.98966 -0.143433 0 -0.9918352 -0.1275267 0 -0.9896599 -0.1434342 -0.9997532 0 -0.02221637 -0.9997532 0 -0.02221655 -0.9997532 0 -0.02221632 0 0.992555 0.1217972 0 0.9943912 0.1057645 0 0.9925547 0.1217994 0.9997532 0 -0.02221637 0.9997532 0 -0.02221655 0.9997532 0 -0.02221661 0 -0.9918351 -0.1275277 0 -0.9965608 -0.08286589 -0.9997532 0 -0.02221661 -0.9997532 0 -0.02221679 0 0.9943913 0.1057642 0 0.9981477 0.06083709 0.9997532 0 -0.02221679 0.9997532 0 -0.02221685 0 -0.9965602 -0.08287179 0 -0.9998007 -0.01996713 -0.9997532 0 -0.02221685 -0.9997532 0 -0.02221697 0 0.9981476 0.06083947 0 0.9999976 -0.002220749 0.9997532 0 -0.02221697 0.9997532 0 -0.02221697 0 -0.9998005 -0.01997542 0 -0.9989716 0.04534047 -0.9997532 0 -0.02221679 0 0.9999976 -0.002220213 0 0.9977241 -0.06743043 0 -0.998972 0.04533344 0 -0.9970519 0.07673096 -0.9997532 0 -0.02221685 0 0.9977238 -0.06743353 0 0.995118 -0.09869289 0.9997532 0 -0.02221679 0.9997532 0 -0.02221685 0 -0.9896602 -0.1434327 0 -0.9918352 -0.1275259 0 -0.98966 -0.143433 -0.9997532 0 -0.02221643 -0.9997532 0 -0.02221673 0 0.9925552 0.1217969 0 0.9943912 0.1057646 0 0.9943914 0.1057633 0.9997532 0 -0.02221679 0 -0.9918351 -0.1275276 0 -0.9965606 -0.08286786 -0.9997532 0 -0.02221679 0 0.9981477 0.06083899 0 -0.9965604 -0.08287054 0 -0.9998006 -0.01997005 -0.9997532 0 -0.02221715 0 0.9981478 0.06083637 0 0.9999976 -0.002222836 0.9997532 0 -0.02221715 0 -0.9998006 -0.01997148 0 -0.9989718 0.04533749 0 0.9977241 -0.0674293 0 0.9977237 -0.06743496 0 -0.9989719 0.04533547 0 -0.9970521 0.07672768 0 0.9951181 -0.09869199 0 -0.9896602 -0.1434324 0 -0.9896603 -0.1434316 -0.9997532 0 -0.02221667 -0.9997532 0 -0.02221661 0 0.9925552 0.1217965 0 0.9943914 0.1057635 0 0.9925551 0.1217967 0.9997532 0 -0.02221667 0.9997532 0 -0.02221661 0 -0.9965608 -0.08286589 0 -0.9965602 -0.08287179 0 -0.9998007 -0.01996827 0 0.9981476 0.06083947 0 0.9999976 -0.002219617 0 -0.9998005 -0.01997572 0 -0.9989718 0.04533708 0 0.9999976 -0.002218067 0 0.9977239 -0.06743139 0 -0.9989719 0.04533463 0 -0.997052 0.07672864 0 0.9977241 -0.06742972 0 0.9951178 -0.09869527 0 -0.9896599 -0.1434338 0 -0.9918355 -0.1275245 0 -0.9918349 -0.1275284 -0.9997532 0 -0.02221697 -0.9997532 0 -0.02221679 0 0.9925549 0.1217979 0 0.9943914 0.1057631 0 0.992556 0.1217888 0.9997532 0 -0.02221697 0.9997532 0 -0.02221679 0.9997532 0 -0.02221679 0 -0.9965605 -0.08287024 -0.9997532 0 -0.02221679 -0.9997532 0 -0.02221685 0 0.9943912 0.1057654 0 0.9981477 0.06083774 0.9997532 0 -0.02221685 0.9997532 0 -0.02221679 0 -0.9965603 -0.08287119 0 -0.9998006 -0.01997244 -0.9997532 0 -0.02221685 -0.9997532 0 -0.02221632 0 0.9981478 0.06083685 0 0.9999976 -0.002224147 0.9997532 0 -0.02221632 0.9997532 0 -0.0222162 0 -0.9989718 0.04533737 0 -0.9989718 0.04533749 -0.9997532 0 -0.02221673 0 0.9999976 -0.0022192 0 0.9977236 -0.06743496 0.9997532 0 -0.02221673 0 -0.997052 0.07672911 0 0.9977241 -0.06742984 0 0.9951177 -0.09869575 0 -0.9918352 -0.1275267 0 0.9925551 0.1217972 0 0.9943912 0.1057645 0 0.9925548 0.1217994 0 -0.9965608 -0.08286589 0 0.9943913 0.1057642 0 0.9981477 0.06083709 0 -0.9965602 -0.08287185 0 -0.9998007 -0.01996713 0 0.9981476 0.06083947 0 0.9999976 -0.002220749 0 -0.9998005 -0.01997542 0 -0.9989716 0.04534047 0 0.9999976 -0.002220213 0 0.9977241 -0.06743043 0 0.9977238 -0.06743353 0 0.995118 -0.09869289 0 -0.9918355 -0.1275237 -0.9997532 0 -0.02221727 -0.9997532 0 -0.02221667 0 0.9925547 0.1218003 0 0.9943912 0.1057649 0.9997532 0 -0.02221667 0.9997532 0 -0.02221679 0.9997532 0 -0.02221679 0 -0.9965606 -0.08286774 -0.9997532 0 -0.02221655 -0.9997532 0 -0.02221661 0 0.9981477 0.06083852 0 0.9981477 0.06083679 0.9997532 0 -0.02221643 0.9997532 0 -0.02221637 0 -0.9998006 -0.01997196 0 -0.9998006 -0.01997065 -0.9997532 0 -0.02221661 -0.9997532 0 -0.02221643 0 0.9999976 -0.002220749 0.9997532 0 -0.02221626 0 -0.9989717 0.04533773 -0.9997532 0 -0.02221649 -0.9997532 0 -0.02221649 0 0.9977239 -0.06743282 0 -0.9970519 0.07672995 0 -0.997052 0.0767306 0.9997532 0 -0.02221703 0 -0.9896598 -0.1434351 0 -0.9918354 -0.1275258 0 -0.9918352 -0.1275264 0 0.9925546 0.1218004 0 0.9943912 0.1057652 0 -0.9965606 -0.08286803 0 0.9981476 0.06084066 0 0.9981477 0.06083709 0.9997532 0 -0.02221643 0 -0.9998006 -0.01997148 0 0.9999976 -0.002223491 0 -0.9989718 0.04533791 0 -0.9989717 0.04533964 0 0.9999976 -0.002216577 0.9997532 0 -0.02221673 0 -0.9970517 0.07673233 0 0.995118 -0.09869289 0 0.9951175 -0.09869766 0.9997532 0 -0.02221673 0 -0.9896602 -0.1434326 0 -0.9918353 -0.1275263 0 0.9925547 0.1218003 0 0.9943912 0.1057646 0 -0.9918354 -0.1275259 0 -0.9965606 -0.08286702 0 0.994391 0.1057667 0 0.9981478 0.06083637 0 -0.9965605 -0.0828697 0 -0.9989717 0.04533898 0 -0.9989719 0.04533529 0 -0.9970518 0.07673203 0 0.9977238 -0.06743347 0 0.995118 -0.09869259 0 -0.9896603 -0.1434315 0 -0.9918354 -0.1275249 0 -0.9896608 -0.1434283 0 0.9925549 0.1217992 0 0.9925556 0.1217935 0.9997532 0 -0.02221727 0 -0.991835 -0.1275278 0 -0.9965606 -0.08286815 -0.9997532 0 -0.02221685 0 0.994391 0.1057674 0 0.9981477 0.06083869 0.9997532 0 -0.02221685 0.9997532 0 -0.02221679 0 -0.9965603 -0.08287048 0 -0.9998006 -0.01997238 -0.9997532 0 -0.02221679 -0.9997532 0 -0.02221655 0 0.9981477 0.06083744 0 0.9999976 -0.002222359 0.9997532 0 -0.02221655 0 -0.9998006 -0.01997029 0 -0.9989719 0.04533535 -0.9997532 0 -0.02221649 -0.9997532 0 -0.02221649 0 0.9999976 -0.002221107 0 0.9977239 -0.06743216 0.9997532 0 -0.02221649 0 -0.9989717 0.04533976 0 -0.9970521 0.0767278 -0.9997532 0 -0.0222162 0 0.9977241 -0.06742966 0 0.9951178 -0.0986945 0.9997532 0 -0.02221649 0.9997532 0 -0.0222162 0 -0.9896603 -0.1434314 0 -0.9918357 -0.1275233 0 -0.9896609 -0.1434276 -0.9997532 0 -0.02221721 0 0.9925547 0.1218003 0 0.9943911 0.1057659 0 0.992555 0.1217976 0.9997532 0 -0.02221721 0.9997532 0 -0.02221721 0 -0.9918351 -0.1275275 0 -0.9965606 -0.08286839 -0.9997532 0 -0.02221721 -0.9997532 0 -0.02221733 0 0.994391 0.105767 0 0.9981477 0.06083744 0.9997532 0 -0.02221691 0.9997532 0 -0.02221679 0 -0.9998006 -0.01997077 0 -0.9998005 -0.01997315 -0.9997532 0 -0.02221727 -0.9997533 0 -0.02221602 0 0.9981476 0.06083929 0 0.9999976 -0.002220809 0 -0.9989719 0.04533582 -0.9997532 0 -0.0222162 0 0.9977241 -0.06743025 0 0.997724 -0.06743037 0 -0.9970519 0.07673001 0 -0.997052 0.07673054 0 -0.9896606 -0.1434292 0 -0.9918351 -0.1275273 0 0.9925549 0.121798 0 0.9943912 0.1057651 0 0.9925544 0.1218025 0 -0.9918355 -0.1275239 0 -0.9965606 -0.08286851 0 0.9943911 0.1057658 0 0.9981477 0.06083679 0 -0.9965605 -0.08286976 0 -0.9998006 -0.01997053 0 0.9999976 -0.002222299 0 0.9999976 -0.002221107 0 0.9977239 -0.06743323 0 -0.9989719 0.04533559 0 -0.9970521 0.0767281 0 0.997724 -0.06742995 0 0.9951176 -0.09869611 0 -0.9965608 -0.08286607 0 0.9981478 0.06083601 0 -0.9965605 -0.08286964 0 0.9981476 0.06083983 0 0.9977241 -0.06743007 0 -0.9989719 0.04533493 0 -0.9896601 -0.1434327 0 -0.9918354 -0.1275256 0 0.9925547 0.1218003 0 0.9943913 0.105764 0 0.992555 0.1217978 0 -0.9918351 -0.1275275 0 0.9981478 0.06083613 0 -0.9965603 -0.08287107 0 -0.9998006 -0.01997184 0 0.9981476 0.06083929 0 0.9999976 -0.002224147 0 -0.9998006 -0.01997148 0 -0.9989718 0.04533743 0 -0.997052 0.07672953 0 0.9977241 -0.06742918 0 0.9951181 -0.09869235 0 0.9925549 0.1217991 0 0.9943913 0.105764 0 0.9925556 0.1217926 0 0.994391 0.1057671 0 0.9981477 0.06083744 0 0.9981476 0.06083929 0 0.9999976 -0.002222239 0 0.9999976 -0.002218604 0 0.9977239 -0.06743121 0 0.9977241 -0.0674293 0 0.995118 -0.09869277 0 -0.9896606 -0.1434294 0 -0.9918355 -0.1275249 0 0.992555 0.1217982 0 0.9925543 0.1218032 0 -0.9918357 -0.1275233 0 -0.9965608 -0.0828666 0 0.9981477 0.06083649 0 -0.9965604 -0.0828697 0 -0.9896601 -0.1434329 0 -0.9918351 -0.1275274 0 -0.9896602 -0.1434323 0 0.9925547 0.1218003 0 0.9943914 0.1057636 0 0.992555 0.1217976 0 -0.9918355 -0.1275247 0 -0.9965606 -0.08286726 0 0.9943909 0.1057682 0 0.9981478 0.06083625 0 -0.9965607 -0.08286726 0 -0.9998006 -0.01996999 0 -0.9998005 -0.0199759 0 -0.9989718 0.04533749 0 0.9999976 -0.002222359 0 0.9977241 -0.06743007 0 -0.9989719 0.04533487 0 -0.997052 0.07672989 0 0.9977239 -0.0674318 0 0.995118 -0.09869277 0 -0.9896607 -0.1434291 0 -0.9918354 -0.1275251 0 -0.98966 -0.1434334 -0.9997532 0 -0.02221697 0 0.9943912 0.1057655 0 -0.9965604 -0.08287 0 -0.9965607 -0.08286654 0 0.9981477 0.06083869 0 -0.9998006 -0.01997059 0 0.9981477 0.06083804 0 0.9999976 -0.002219259 0 -0.9998005 -0.01997399 -0.9997532 0 -0.02221548 0 0.9977239 -0.06743174 0 0.997724 -0.06743001 0 -0.9989719 0.04533559 0 -0.9896602 -0.1434319 0 -0.9918357 -0.1275234 0 -0.9896609 -0.1434279 -0.9997532 0 -0.02221703 0 0.9925547 0.1217994 0 0.9943912 0.1057644 0 0.9925556 0.1217933 0.9997532 0 -0.02221703 0.9997532 0 -0.02221697 0 -0.991835 -0.1275279 0 -0.9965605 -0.08286881 -0.9997532 0 -0.02221697 -0.9997533 0 -0.02221542 0 0.9943909 0.1057672 0 0.9981477 0.06083679 0.9997533 0 -0.02221542 0.9997532 0 -0.02221524 0 -0.9965605 -0.08286929 0 -0.9998005 -0.01997274 -0.9997532 0 -0.02221524 -0.9997533 0 -0.022215 0 0.9981477 0.06083905 0 0.9999976 -0.002222776 0.9997533 0 -0.022215 0.9997532 0 -0.022215 0 -0.9998007 -0.01996952 0 -0.9989718 0.04533618 0 0.9999976 -0.002218663 0 0.9977239 -0.06743115 0 -0.9989718 0.04533749 0 -0.997052 0.07672971 0 0.9977241 -0.06742918 0 0.995118 -0.09869259 0.06472653 -0.9875407 -0.1434358 0.06486868 -0.9897118 -0.1275252 0.06472653 -0.9875415 -0.1434302 -0.9976116 -0.06540244 -0.02221751 -0.997613 -0.06538081 -0.02221721 -0.9976115 -0.06540614 -0.02221733 -0.06491583 0.9904305 0.1217931 -0.06503582 0.9922622 0.1057641 -0.06491589 0.9904299 0.1217973 0.9976118 0.06539911 -0.02221876 0.9976146 0.06535768 -0.02221596 0.9976147 0.06535661 -0.02221572 0.0651775 -0.9944269 -0.08286952 0.06517755 -0.994427 -0.08286648 -0.9976132 -0.06537824 -0.02221709 -0.9976136 -0.06537252 -0.02221441 -0.06528151 0.9960106 0.06083989 -0.06528121 0.9960105 0.06083995 0.9976121 0.0653966 -0.02221876 0.9976119 0.06539779 -0.022219 0.06538915 -0.9976601 -0.01996916 -0.9976137 -0.06537163 -0.02221447 -0.9976143 -0.06536316 -0.02221673 -0.06540209 0.9978566 -0.002220392 -0.06540197 0.9978566 -0.002218544 0.9976141 0.06536489 -0.02221632 0.9976142 0.06536501 -0.0222162 0.06533467 -0.996833 0.04533714 0.06533509 -0.9968328 0.04533994 -0.9976136 -0.06537276 -0.02221697 -0.9976136 -0.0653721 -0.02221703 -0.06525349 0.9955878 -0.06743144 0.9976158 0.06533879 -0.02221596 0.06520938 -0.9949175 0.07672828 0.06521046 -0.9949172 0.0767309 -0.9976126 -0.06538778 -0.02221685 -0.9976128 -0.06538379 -0.02221703 -0.06508284 0.9929874 -0.09869313 -0.06508356 0.992987 -0.09869748 0.9976159 0.06533867 -0.02221614 0.997613 0.06538093 -0.02221906 0.3181164 -0.9371383 -0.1434358 0.3188148 -0.9391989 -0.1275248 0.3181156 -0.9371393 -0.1434305 -0.9466922 -0.3213729 -0.02221423 -0.9467014 -0.3213455 -0.02221775 -0.9466918 -0.3213741 -0.02221423 -0.3190471 0.9398801 0.1217965 -0.3196364 0.941619 0.1057649 -0.3190461 0.9398805 0.1217962 0.9466972 0.3213582 -0.02221381 0.9466914 0.3213751 -0.02221423 0.9466913 0.3213755 -0.02221453 0.320333 -0.9436737 -0.08286702 0.3203336 -0.9436733 -0.08286881 -0.9467015 -0.3213454 -0.0222181 -0.946699 -0.3213524 -0.02221679 -0.3208437 0.9451764 0.06083691 -0.3208442 0.9451758 0.06084239 0.9466937 0.3213679 -0.02221941 0.946694 0.3213674 -0.02221959 0.3213754 -0.9467413 -0.01997369 -0.9466983 -0.3213548 -0.02221643 -0.9467 -0.3213498 -0.02221584 -0.3214388 0.9469278 -0.002218365 -0.3214394 0.9469276 -0.002219796 0.9466947 0.3213654 -0.02221876 0.9466947 0.3213651 -0.02221876 0.3211091 -0.9459565 0.04533588 0.32111 -0.9459561 0.04533678 -0.9466939 -0.3213679 -0.02221685 -0.9466944 -0.3213661 -0.02221691 -0.3207081 0.9447746 -0.06743282 -0.3207084 0.9447746 -0.06743276 0.9466938 0.3213679 -0.02221482 0.3204926 -0.9441382 0.07673048 -0.9467036 -0.3213393 -0.02221459 -0.9467052 -0.3213346 -0.02221459 -0.3198709 0.9423067 -0.09869533 0.9466945 0.3213662 -0.02221465 0.9467036 0.3213393 -0.02221447 2.22995e-6 0 -1 -1.33441e-6 0 -1 2.38805e-6 0 -1 0.5498248 -0.8228731 -0.1434317 0.551033 -0.8246816 -0.1275271 0.5498241 -0.8228728 -0.1434363 -0.8312639 -0.5554341 -0.02221608 -0.8312676 -0.5554283 -0.02221816 -0.8312633 -0.555435 -0.02221608 -0.5514335 0.8252801 0.1217948 -0.5524539 0.8268063 0.1057642 -0.5524535 0.8268068 0.1057622 0.8312622 0.5554363 -0.02221786 0.8312568 0.5554445 -0.02221518 0.8312566 0.5554449 -0.02221488 0.5536589 -0.8286101 -0.08286833 0.5536588 -0.8286101 -0.0828706 -0.8312675 -0.5554285 -0.02221834 -0.8312613 -0.5554377 -0.02221745 -0.5545405 0.8299298 0.06084018 0.8312606 0.5554389 -0.02221632 0.8312612 0.5554379 -0.02221673 0.5554586 -0.8313043 -0.01997292 -0.8312603 -0.5554392 -0.02221709 -0.8312528 -0.5554504 -0.02221691 -0.5555683 0.8314681 -0.002220213 -0.5555684 0.8314679 -0.002221107 0.8312583 0.5554422 -0.02221816 0.8312592 0.555441 -0.02221828 0.5554589 -0.8313041 -0.01997268 0.5549983 -0.8306151 0.0453369 -0.8312649 -0.5554324 -0.02221739 -0.8312655 -0.5554317 -0.02221727 -0.5543052 0.8295773 -0.06743395 0.8312573 0.5554438 -0.02221482 0.553932 -0.8290184 0.07673215 0.5539326 -0.8290183 0.0767306 -0.8312651 -0.5554321 -0.02221727 -0.8312642 -0.5554335 -0.02221709 -0.5543054 0.8295773 -0.06743264 -0.5528575 0.8274105 -0.09869503 0.8312574 0.5554437 -0.02221494 0.8312652 0.5554322 -0.02221685 0 0 1 0 0 1 0 0 1 4.47206e-6 0 -1 -2.38248e-6 0 -1 4.7761e-6 0 -1 0.7440666 -0.6525277 -0.1434311 0.7457022 -0.6539616 -0.1275249 0.7457019 -0.6539621 -0.1275243 -0.6591836 -0.7516539 -0.0222153 -0.65919 -0.7516483 -0.02221727 -0.6591826 -0.7516548 -0.02221542 -0.7462435 0.6544367 0.1217926 -0.747624 0.6556465 0.1057643 -0.7462443 0.6544351 0.1217959 0.6591919 0.7516467 -0.02221435 0.6591851 0.7516525 -0.02221518 0.6591837 0.7516537 -0.02221524 0.7492548 -0.6570771 -0.08286815 0.7492542 -0.6570776 -0.08286863 -0.6591895 -0.7516487 -0.02221727 -0.659174 -0.7516623 -0.02221626 -0.7504476 0.6581237 0.06084084 -0.750448 0.6581233 0.06084084 0.659174 0.7516624 -0.02221637 0.659173 0.7516633 -0.02221626 0.7516905 -0.6592137 -0.0199716 -0.659173 -0.7516632 -0.02221596 -0.6591765 -0.7516601 -0.02221679 -0.7518391 0.659343 -0.002219796 0.6591766 0.75166 -0.02221685 0.6591762 0.7516604 -0.02221667 0.7516914 -0.6592125 -0.01997154 0.7510681 -0.6586663 0.04533749 -0.659178 -0.7516588 -0.02221465 -0.6591793 -0.7516576 -0.02221447 -0.7501296 0.6578435 -0.06743401 -0.7501296 0.6578441 -0.06743013 0.6591865 0.7516514 -0.02221608 0.7510676 -0.658667 0.04533553 0.7496246 -0.6574009 0.07672792 -0.6591979 -0.7516414 -0.02221238 -0.6592009 -0.7516388 -0.02221226 -0.7481703 0.6561254 -0.09869474 -0.7481693 0.6561275 -0.09868961 0.6591868 0.751651 -0.02221602 0.659181 0.7516561 -0.02221649 2.69623e-7 0 1 -1.38016e-7 0 1 -1.69209e-7 0 1 0.8875988 -0.4377167 -0.1434318 0.8895494 -0.4386785 -0.1275267 0.8895495 -0.4386782 -0.1275272 -0.4421839 -0.8966493 -0.02221822 -0.4421946 -0.8966441 -0.02221727 -0.442182 -0.8966501 -0.02221822 -0.8901959 0.4389968 0.1217911 -0.8918424 0.4398082 0.1057642 -0.8901968 0.4389947 0.1217932 0.4421826 0.89665 -0.0222181 0.44219 0.8966463 -0.0222156 0.442189 0.8966468 -0.02221554 0.8937875 -0.4407683 -0.08286893 0.8937878 -0.440768 -0.0828678 -0.4421937 -0.8966445 -0.02221703 -0.4421734 -0.8966545 -0.02221584 -0.8952111 0.4414702 0.06083863 -0.8952107 0.4414705 0.06084126 0.4421733 0.8966544 -0.02221745 0.4421713 0.8966555 -0.02221781 0.8966933 -0.4422017 -0.01997035 -0.4421713 -0.8966555 -0.02221584 -0.4421747 -0.8966538 -0.02221739 -0.89687 0.4422888 -0.002222061 -0.8968703 0.4422881 -0.002221763 0.4421701 0.8966562 -0.02221673 0.4421686 0.8966569 -0.02221667 0.8959499 -0.4418355 0.04533582 0.8959495 -0.4418361 0.04533672 -0.4421793 -0.8966516 -0.02221608 -0.4421781 -0.8966521 -0.02221596 -0.894831 0.4412833 -0.06743043 0.4421852 0.8966487 -0.02221626 0.8942273 -0.4409876 0.07672917 -0.4421621 -0.8966602 -0.0222131 -0.4421596 -0.8966614 -0.02221322 -0.8924937 0.4401307 -0.09869188 -0.8924936 0.4401313 -0.09868973 0.4421844 0.896649 -0.02221643 0.4421473 0.8966674 -0.02221745 0 0 1 -1.40424e-7 0 1 -1.50406e-7 0 1 4.46589e-6 0 -1 -2.5256e-6 0 -1 -2.83572e-6 0 -1 0.970644 -0.1930732 -0.1434336 0.9727773 -0.1934981 -0.1275262 0.9706439 -0.1930745 -0.1434325 -0.1950483 -0.980542 -0.02221488 -0.195049 -0.9805418 -0.02221667 -0.1950486 -0.980542 -0.02221447 -0.9734836 0.193638 0.1217957 -0.9752844 0.1939964 0.1057631 -0.9734832 0.1936392 0.1217966 0.1950451 0.9805426 -0.02221822 0.1950508 0.9805415 -0.02221578 0.1950507 0.9805417 -0.0222153 0.9774116 -0.1944205 -0.08286952 0.9774117 -0.1944204 -0.08286905 -0.1950485 -0.980542 -0.02221697 -0.1950403 -0.9805436 -0.02221578 -0.9752843 0.1939967 0.105763 -0.9789682 0.1947301 0.06083923 0.1950403 0.9805436 -0.02221673 0.1950396 0.9805437 -0.02221673 0.9805896 -0.1950523 -0.01997137 -0.1950396 -0.9805438 -0.02221584 -0.1950419 -0.9805433 -0.02221751 -0.9807827 0.1950907 -0.002217888 -0.9807826 0.1950916 -0.002219378 0.1950418 0.9805433 -0.02221614 0.1950419 0.9805433 -0.0222156 0.9797766 -0.1948902 0.04533845 0.9797772 -0.1948882 0.04533737 -0.1950417 -0.9805434 -0.02221703 -0.1950417 -0.9805433 -0.02221679 -0.9785529 0.1946472 -0.06743019 0.1950417 0.9805433 -0.02221781 0.9778943 -0.1945139 0.07672858 -0.1950409 -0.9805436 -0.0222159 -0.1950412 -0.9805434 -0.0222159 -0.9785531 0.1946467 -0.06742757 -0.975997 0.1941385 -0.09869235 0.1950421 0.9805432 -0.02221792 0.195048 0.9805421 -0.02221691 0 0 1 0 0 1 0 0 1 0 0 -1 -9.30579e-7 0 -1 0.98966 0 -0.1434334 0.9918353 0 -0.1275264 0.98966 0 -0.1434333 0 -0.9997532 -0.02221781 0 -0.9997532 -0.02221614 -0.9925556 0 0.1217926 -0.9943914 0 0.1057628 -0.9925556 0 0.1217926 0 0.9997532 -0.02221459 0 0.9997533 -0.02221465 0.9965603 0 -0.08287084 0.9965604 0 -0.0828706 0 -0.9997532 -0.02221614 0 -0.9997532 -0.02221685 -0.9943914 0 0.1057636 -0.9981476 0 0.06083959 0 0.9997532 -0.02221757 0 0.9997532 -0.02221792 0.9998006 0 -0.01997065 0 -0.9997532 -0.02221703 0 -0.9997532 -0.02221679 -0.9981475 0 0.06084096 -0.9999976 0 -0.002221763 0 0.9997532 -0.02221637 0 0.9997532 -0.02221626 0.9998006 0 -0.0199722 0.9989717 0 0.04534012 0 -0.9997532 -0.02221798 0 -0.9997532 -0.02221798 -0.9999976 0 -0.002220273 -0.997724 0 -0.06743067 0 0.9997532 -0.02221757 0.9989718 0 0.04533874 0.997052 0 0.07672935 0 -0.9997532 -0.02221393 0 -0.9997532 -0.02221357 -0.9951182 0 -0.09869134 -0.9951181 0 -0.09869128 0 0.9997532 -0.02221769 0 0.9997532 -0.0222187 0.9896596 0 -0.1434366 0.9918351 0 -0.1275274 0.9896595 0 -0.1434367 0 -0.9997532 -0.0222184 0 -0.9997533 -0.0222159 0 -0.9997532 -0.02221858 -0.9925552 0 0.1217958 -0.9943912 0 0.1057645 -0.9925552 0 0.1217958 0 0.9997532 -0.02221673 0 0.9997533 -0.02221542 0 0.9997532 -0.02221536 0.9918349 0 -0.1275281 0.9965606 0 -0.08286845 0 -0.9997532 -0.02221584 0 -0.9997532 -0.02221703 -0.9943912 0 0.1057652 -0.9981477 0 0.06083798 0 0.9997532 -0.02221745 0 0.9997532 -0.02221733 0.9965605 0 -0.0828697 0.9998006 0 -0.01997065 0 -0.9997532 -0.02221727 0 -0.9997532 -0.02221685 -0.9981476 0 0.06083929 -0.9999976 0 -0.002221763 0 0.9997532 -0.02221673 0 0.9997532 -0.02221661 0.9998006 0 -0.01997214 0.9989717 0 0.04534 0 -0.9997532 -0.02221739 0 -0.9997532 -0.02221739 -0.9999976 0 -0.002220273 -0.997724 0 -0.0674315 0 0.9997532 -0.02221751 0.9989718 0 0.04533869 0.9970517 0 0.07673257 0 -0.9997532 -0.02221614 -0.9977241 0 -0.06743013 -0.9951178 0 -0.09869456 0 0.9997532 -0.02221727 0 0.9997532 -0.02221399 0.98966 0 -0.1434333 0.9918354 0 -0.1275258 0.98966 0 -0.1434335 0 -0.9997532 -0.02221709 0 -0.9997532 -0.02221667 -0.9925556 0 0.1217926 -0.9943914 0 0.1057628 -0.9925556 0 0.1217926 0 0.9997532 -0.02221751 0 0.9997532 -0.02221745 0.9918352 0 -0.1275265 0.9965604 0 -0.08287 0 -0.9997532 -0.02221709 0 -0.9997532 -0.02221691 -0.9943914 0 0.1057636 -0.9981476 0 0.06083959 0 0.9997532 -0.02221614 0 0.9997532 -0.02221608 0.9965603 0 -0.08287131 0.9998006 0 -0.01997065 0 -0.9997532 -0.02221685 0 -0.9997532 -0.0222162 -0.9981475 0 0.0608409 -0.9999976 0 -0.002221763 0 0.9997532 -0.02221691 0 0.9997532 -0.02221697 0.9998006 0 -0.0199722 0.9989717 0 0.04534006 0 -0.9997532 -0.02221697 0 -0.9997532 -0.02221703 -0.9999976 0 -0.002220273 -0.997724 0 -0.06743156 0 0.9997532 -0.02221661 0.9989718 0 0.0453388 0.997052 0 0.07672929 -0.997724 0 -0.06743025 -0.9951181 0 -0.09869134 0 0.9997532 -0.02221649 0.9896595 0 -0.1434366 0.9918351 0 -0.1275274 0.9896596 0 -0.1434366 0 -0.9997532 -0.02221775 0 -0.9997533 -0.02221584 0 -0.9997532 -0.02221786 -0.9943912 0 0.1057645 0 0.9997532 -0.0222162 0 0.9997532 -0.0222162 0.9918349 0 -0.1275282 0 -0.9997532 -0.02221578 0 -0.9997532 -0.02221727 -0.9981477 0 0.06083798 0 0.9997532 -0.02221769 0 0.9997532 -0.02221775 0.9965605 0 -0.0828697 0.9998006 0 -0.01997065 0 -0.9997532 -0.02221745 0 -0.9997532 -0.02221709 -0.9981476 0 0.06083929 0 0.9997532 -0.02221649 0.9998006 0 -0.01997214 0.9989717 0 0.04534006 0 -0.9997532 -0.02221822 0 -0.9997532 -0.02221816 -0.9999976 0 -0.002220273 -0.997724 0 -0.0674315 0 0.9997532 -0.02221745 0.9970518 0 0.07673263 0 -0.9997532 -0.02221524 0 -0.9997532 -0.02221482 -0.9977241 0 -0.06743013 0 0.9997532 -0.02221739 0 0.9997532 -0.02221626 0.98966 0 -0.1434334 0.9918353 0 -0.1275263 0.98966 0 -0.1434334 0 -0.9997532 -0.02221614 0 -0.9997532 -0.02221709 0 -0.9997532 -0.02221596 -0.9925556 0 0.1217926 -0.9943914 0 0.1057633 -0.9943915 0 0.1057631 0 0.9997532 -0.02221655 0 0.9997533 -0.02221602 0 0.9997532 -0.02221602 0.9965603 0 -0.0828709 0.9965604 0 -0.08287048 0 -0.9997532 -0.02221709 0 -0.9997532 -0.0222162 -0.9981475 0 0.06084042 0 0.9997532 -0.02221667 0 0.9997532 -0.02221679 0.9998006 0 -0.01997071 0 -0.9997532 -0.02221715 -0.9999976 0 -0.002221763 -0.9999976 0 -0.002220273 0.9998006 0 -0.0199722 0.9989717 0 0.04533922 0 -0.9997532 -0.02221679 0 -0.9997532 -0.02221679 -0.997724 0 -0.06743067 -0.997724 0 -0.06743109 0 0.9997532 -0.02221786 0.997052 0 0.07672929 0 -0.9997532 -0.02221679 -0.9951182 0 -0.09869128 0 0.9997532 -0.02221775 0 0.9997532 -0.02221518 0.9896596 0 -0.1434366 0.9918351 0 -0.1275274 0.9896595 0 -0.1434366 0 -0.9997532 -0.02221703 0 -0.9997532 -0.02221643 0 -0.9997532 -0.02221715 -0.9925552 0 0.1217958 -0.9925552 0 0.1217959 0 0.9997532 -0.02221691 0 0.9997532 -0.02221685 0.991835 0 -0.1275281 0.9965606 0 -0.08286839 0 -0.9997532 -0.02221637 -0.9943912 0 0.1057652 -0.9981477 0 0.06083798 0 0.9997532 -0.02221632 0 0.9997532 -0.02221626 0.9965605 0 -0.0828697 0 -0.9997532 -0.02221661 0 -0.9997532 -0.02221661 -0.9981477 0 0.06083923 -0.9999976 0 -0.002221822 0 0.9997532 -0.02221661 0.9998006 0 -0.01997214 0.9989717 0 0.04534 0 -0.9997532 -0.02221745 -0.9999976 0 -0.002220273 -0.9977239 0 -0.0674315 0 0.9997532 -0.02221715 0.9989718 0 0.04533869 0.9970518 0 0.07673263 -0.9977241 0 -0.06743019 -0.9951178 0 -0.09869462 0 0.9997532 -0.02221715 0.98966 0 -0.1434334 0 -0.9997532 -0.02221679 0 -0.9997532 -0.02221661 0 -0.9997532 -0.02221685 -0.9925556 0 0.1217926 -0.9943913 0 0.1057633 -0.9943915 0 0.1057631 0 0.9997532 -0.02221643 0 0.9997532 -0.02221637 0.9918352 0 -0.1275265 0.9965604 0 -0.08287 0 -0.9997532 -0.02221655 -0.9981476 0 0.06083959 0 0.9997532 -0.02221661 0 0.9997532 -0.02221661 0.9965603 0 -0.08287131 0.9998006 0 -0.01997065 0 -0.9997532 -0.02221667 0 -0.9997532 -0.02221679 -0.9981475 0 0.0608409 -0.9999976 0 -0.002220809 0 0.9997532 -0.02221679 0 0.9997532 -0.02221679 0.9998006 0 -0.01997214 0.9989717 0 0.04534006 0 -0.9997532 -0.02221721 0 -0.9997532 -0.02221727 -0.997724 0 -0.06743073 -0.9977239 0 -0.06743109 0 0.9997532 -0.02221727 0.9989718 0 0.0453388 0.997052 0 0.07672935 0 -0.9997532 -0.02221643 -0.9951181 0 -0.09869128 0 0.9997532 -0.02221733 0.9896595 0 -0.1434366 0 -0.9997532 -0.02221709 0 -0.9997532 -0.02221637 -0.9943912 0 0.1057645 -0.9925552 0 0.1217958 0 0.9997532 -0.02221715 0 0.9997532 -0.02221626 0 0.9997532 -0.0222162 0.991835 0 -0.1275281 0.9965606 0 -0.08286839 0 -0.9997532 -0.02221632 0 -0.9997532 -0.02221679 -0.9943912 0 0.1057652 0 0.9997532 -0.02221685 0 0.9997532 -0.02221685 0.9998006 0 -0.01997065 0 -0.9997532 -0.02221649 -0.9981476 0 0.06083923 -0.9999976 0 -0.002221763 0 0.9997532 -0.02221643 0 0.9997532 -0.02221632 0.9998006 0 -0.01997214 0.9989717 0 0.04534 0 -0.9997532 -0.02221763 0 -0.9997532 -0.02221763 -0.9999976 0 -0.002220332 -0.9977239 0 -0.06743144 0 0.9997532 -0.02221775 0.9989718 0 0.04533874 -0.997724 0 -0.06743019 -0.9951178 0 -0.09869456 0 0.9997532 -0.02221775 0.9918352 0 -0.1275261 0 -0.9997532 -0.02221721 0 -0.9997532 -0.02221661 0 -0.9997532 -0.02221739 -0.9943914 0 0.1057628 0 0.9997532 -0.02221667 0 0.9997532 -0.02221661 0.9965604 0 -0.08287 0 -0.9997532 -0.02221655 0 -0.9997532 -0.02221643 0 0.9997532 -0.02221655 0 0.9997532 -0.02221655 0.9965603 0 -0.08287131 0.9998006 0 -0.01997166 0 -0.9997532 -0.02221643 0 -0.9997532 -0.02221673 -0.9999976 0 -0.002221763 0 0.9997532 -0.02221685 0 0.9997532 -0.02221685 0.9989717 0 0.04533922 0.9989717 0 0.04533964 0 -0.9997532 -0.02221757 0 -0.9997532 -0.02221757 -0.9999976 0 -0.002220273 -0.997724 0 -0.0674315 0 0.9997532 -0.02221715 0 -0.9997532 -0.02221685 -0.9977241 0 -0.06743025 0 0.9997532 -0.02221715 0.9918351 0 -0.1275275 0 -0.9997532 -0.02221649 0 -0.9997532 -0.02221685 0 -0.9997532 -0.02221643 -0.9925552 0 0.1217959 0 0.9997532 -0.02221697 0 0.9997532 -0.02221626 0 0.9997532 -0.0222162 0.991835 0 -0.1275281 0 -0.9997532 -0.02221685 0 -0.9997532 -0.02221661 -0.9943912 0 0.1057652 -0.9981477 0 0.06083798 0 0.9997532 -0.02221697 0 0.9997532 -0.02221691 0.9965605 0 -0.08286964 0 -0.9997532 -0.02221679 -0.9981477 0 0.06083923 -0.9999976 0 -0.002221763 0 0.9997532 -0.02221655 0 0.9997532 -0.02221643 0.9998006 0 -0.01997214 0 -0.9997532 -0.02221745 0 -0.9997532 -0.02221745 -0.9999976 0 -0.002220273 -0.997724 0 -0.0674315 0 0.9997532 -0.02221757 0.9989718 0 0.04533869 0 -0.9997532 -0.02221685 -0.9977241 0 -0.06743019 -0.9951178 0 -0.09869456 0 0.9997532 -0.02221751 0 0.9997532 -0.02221632 0.9918354 0 -0.1275258 0 -0.9997532 -0.02221798 -0.9925556 0 0.1217926 0 0.9997533 -0.02221602 0 0.9997532 -0.02221685 0 0.9997532 -0.02221691 0.9965603 0 -0.08287084 0.9965604 0 -0.08287048 -0.9981475 0 0.06084042 0 0.9997532 -0.02221643 0 0.9997532 -0.02221649 0.9998006 0 -0.01997166 0 -0.9997532 -0.02221679 0 -0.9997533 -0.02221608 -0.9999976 0 -0.002220749 -0.9999976 0 -0.002221226 0 0.9997532 -0.02221715 0.9989717 0 0.04533922 0 -0.9997532 -0.02221679 0 -0.9997532 -0.02221685 -0.997724 0 -0.06743073 0 0.9997532 -0.02221703 0.997052 0 0.07672935 0 -0.9997532 -0.02221727 0 -0.9997532 -0.02221745 -0.9951182 0 -0.09869134 0 0.9997532 -0.02221709 0 0.9997532 -0.02221733 0.991835 0 -0.1275279 0.9918351 0 -0.1275277 0 -0.9997532 -0.02221655 -0.9943912 0 0.105765 -0.9925553 0 0.1217958 0 0.9997532 -0.02221691 0 0.9997532 -0.02221637 0.9965605 0 -0.08286923 0 -0.9997532 -0.02221649 -0.9981476 0 0.06083881 -0.9981476 0 0.06083846 0 0.9997532 -0.02221661 0.9998006 0 -0.01997065 0 -0.9997532 -0.02221673 0 -0.9997532 -0.02221673 -0.9999976 0 -0.002221822 0 0.9997532 -0.02221679 0 0.9997532 -0.02221685 0.9989717 0 0.04533916 0.9989717 0 0.04533958 0 -0.9997532 -0.02221804 0 -0.9997532 -0.02221792 -0.9999976 0 -0.002220273 -0.997724 0 -0.06743061 0 0.9997532 -0.02221697 -0.9951178 0 -0.09869456 -0.9951178 0 -0.09869444 0 0.9997532 -0.02221685 0 -0.9997532 -0.02221637 0 0.9997533 -0.02221572 0 0.9997532 -0.0222156 0.9965604 0 -0.08287006 0 -0.9997532 -0.02221637 0 -0.9997532 -0.0222162 -0.9981476 0 0.06083965 0 0.9997532 -0.02221643 0 0.9997532 -0.02221673 0.9965603 0 -0.08287131 0 -0.9997532 -0.02221637 -0.9981475 0 0.06084096 -0.9999976 0 -0.002221763 0 0.9997532 -0.02221798 0.9998006 0 -0.0199722 0.9989717 0 0.04534006 0 -0.9997532 -0.02221757 0 -0.9997532 -0.02221757 -0.9999976 0 -0.002220213 0 0.9997532 -0.02221703 0.9989718 0 0.04533874 0.997052 0 0.07672929 -0.997724 0 -0.06743025 -0.9951181 0 -0.09869134 0 0.9997532 -0.02221697 0 0.9997532 -0.022215 0.9896593 -6.20486e-7 -0.1434383 0.9918353 -9.01732e-7 -0.1275255 0.991835 0 -0.1275278 -0.992555 6.20701e-7 0.1217975 -0.9943915 9.05191e-7 0.1057621 -0.9925556 2.3886e-6 0.1217926 0.9965606 0 -0.08286833 0 -0.9997532 -0.02221733 -0.9943912 0 0.1057653 -0.9981477 0 0.06083792 0 0.9997532 -0.02221649 0 0.9997532 -0.02221632 0.9965604 0 -0.08286964 0.9998006 0 -0.01997226 0 -0.9997532 -0.02221703 0 -0.9997533 -0.02221566 -0.9981477 0 0.06083923 -0.9999976 0 -0.002220153 0 0.9997532 -0.0222162 0 0.9997532 -0.02221614 0.9998005 0 -0.01997381 0 -0.9997532 -0.0222162 -0.9999976 0 -0.002218604 -0.9977239 0 -0.06743144 0 0.9997533 -0.02221608 0.9989718 0 0.04533874 0.9970518 0 0.07673263 0 -0.9997532 -0.02221834 0 -0.9997532 -0.0222187 -0.9977241 0 -0.06743019 -0.9951178 0 -0.09869456 0 0.9997532 -0.02221614 0 0.9997532 -0.02221721 0.9896597 0 -0.143435 0.9918353 0 -0.1275255 0 -0.9997533 -0.02221524 0 -0.9997532 -0.02221786 0 -0.9997533 -0.02221471 -0.9925554 0 0.1217942 -0.9943915 0 0.105762 -0.992556 0 0.1217892 0 0.9997532 -0.02221614 0 0.9997532 -0.0222162 0.9965604 0 -0.08287 0 -0.9997532 -0.0222181 0 -0.9997532 -0.02221798 -0.9943912 0 0.1057653 -0.9981475 0 0.06084042 0 0.9997532 -0.02221751 0 0.9997532 -0.02221739 0.9965603 0 -0.08287131 0.9998006 0 -0.01997065 0 -0.9997532 -0.02221781 0 -0.9997533 -0.0222153 -0.9999976 0 -0.002220809 -0.9999976 0 -0.002221226 0 0.9997533 -0.02221602 0 0.9997532 -0.02221578 0 -0.9997532 -0.02221715 0 -0.9997532 -0.02221715 0 0.9997532 -0.02221667 0 -0.9997532 -0.02221632 -0.9951182 0 -0.09869128 0 0.9997532 -0.02221679 0 0.9997532 -0.02221834 0.9706437 0.1930742 -0.1434339 0.9727773 0.1934981 -0.1275258 0.9727771 0.1934982 -0.1275268 0.1950483 -0.9805421 -0.02221733 0.1950468 -0.9805423 -0.0222159 0.1950486 -0.980542 -0.02221733 -0.9734837 -0.1936374 0.1217953 -0.9752843 -0.1939967 0.1057636 -0.9752845 -0.1939961 0.1057626 -0.195049 0.980542 -0.02221703 -0.1950512 0.9805414 -0.02221786 -0.1950504 0.9805417 -0.02221745 0.9774116 0.1944205 -0.0828697 0.1950462 -0.9805425 -0.02221548 0.19504 -0.9805437 -0.02221477 -0.9789684 -0.1947299 0.06083917 -0.9789686 -0.1947289 0.06083804 -0.1950379 0.9805442 -0.02221411 -0.1950374 0.9805442 -0.02221363 0.9805896 0.1950522 -0.01997083 0.9805894 0.1950532 -0.01996976 0.1950396 -0.9805437 -0.02221494 0.1950415 -0.9805433 -0.0222193 -0.9807829 -0.1950898 -0.00221759 -0.1950442 0.9805428 -0.02221679 -0.1950449 0.9805427 -0.02221667 0.9797767 0.19489 0.04533815 0.1950386 -0.980544 -0.02221566 0.1950384 -0.980544 -0.02221542 -0.9785531 -0.1946465 -0.06743013 -0.9785534 -0.1946451 -0.06742763 -0.1950418 0.9805433 -0.02221786 0.977894 0.1945158 0.07672792 0.9778943 0.1945145 0.07672667 0.1950409 -0.9805434 -0.0222184 0.1950412 -0.9805434 -0.02221852 -0.9759973 -0.1941366 -0.09869253 -0.9759971 -0.194137 -0.09869366 -0.1950417 0.9805433 -0.02221792 -0.1950415 0.9805434 -0.02221596 0 0 -1 -9.30583e-7 0 -1 -9.70108e-7 0 -1 0.8875993 0.4377152 -0.1434329 0.8895495 0.4386783 -0.1275267 0.8875989 0.437716 -0.1434329 0.4421839 -0.8966493 -0.02221655 0.44219 -0.8966463 -0.02221477 0.442182 -0.8966501 -0.02221679 -0.8901957 -0.4389973 0.121792 -0.891842 -0.439809 0.1057642 -0.8918424 -0.4398084 0.1057627 -0.4421825 0.8966499 -0.02221685 -0.4421854 0.8966486 -0.02221667 -0.4421851 0.8966487 -0.02221655 0.88955 0.4386771 -0.1275279 0.8937876 0.4407684 -0.08286833 0.4421898 -0.8966464 -0.02221459 0.4421724 -0.896655 -0.0222159 -0.8952115 -0.4414692 0.06083852 -0.4421725 0.8966549 -0.02221578 -0.4421722 0.8966551 -0.02221578 0.8966933 0.4422017 -0.01997023 0.8966937 0.4422011 -0.01996999 0.4421715 -0.8966554 -0.02221614 0.4421693 -0.8966564 -0.02221769 -0.8952108 -0.4414703 0.06084132 -0.8968701 -0.4422883 -0.002222239 -0.442174 0.8966541 -0.02221679 -0.4421747 0.8966538 -0.02221673 0.89595 0.4418352 0.04533588 0.4421852 -0.8966487 -0.02221542 0.4421851 -0.8966488 -0.02221518 -0.8948306 -0.441284 -0.06743031 -0.8948308 -0.4412831 -0.06743168 -0.4421786 0.8966519 -0.02221506 0.8942282 0.4409861 0.07672864 0.8942281 0.4409866 0.07672792 0.4421622 -0.8966602 -0.02221351 0.4421596 -0.8966614 -0.02221322 -0.8924937 -0.4401307 -0.09869122 -0.4421781 0.8966521 -0.022215 -0.4421621 0.8966601 -0.02221542 0 0 1 -1.40425e-7 0 1 4.46584e-6 0 -1 -2.52561e-6 0 -1 4.77596e-6 0 -1 0.7440663 0.652528 -0.1434314 0.7457017 0.653962 -0.1275262 0.7440663 0.6525273 -0.143435 0.6591837 -0.751654 -0.0222128 0.6591901 -0.7516483 -0.02221453 0.6591826 -0.7516548 -0.0222125 -0.7462431 -0.654437 0.1217926 -0.7476236 -0.655647 0.1057643 -0.7476233 -0.6556475 0.1057623 -0.6591919 0.7516466 -0.02221727 -0.6591794 0.7516576 -0.02221846 -0.6591777 0.751659 -0.02221834 0.7457018 0.653962 -0.1275245 0.7492544 0.6570774 -0.08286857 0.6591886 -0.7516495 -0.02221465 0.6591677 -0.7516679 -0.02221733 -0.7504475 -0.658124 0.06084042 -0.6591731 0.751663 -0.02221584 -0.659173 0.7516632 -0.02221554 0.7516908 0.6592134 -0.01997125 0.7516908 0.6592133 -0.0199725 0.6591672 -0.7516683 -0.02221739 0.6591904 -0.7516479 -0.02221715 -0.7518386 -0.6593435 -0.002221226 -0.7518386 -0.6593436 -0.002219796 -0.6591833 0.7516542 -0.02221697 -0.6591839 0.7516536 -0.02221703 0.7510675 0.6586671 0.04533672 0.7510678 0.6586667 0.04533511 0.6591873 -0.7516505 -0.02221643 0.6591868 -0.751651 -0.02221655 -0.7501298 -0.6578436 -0.06743377 -0.6591874 0.7516506 -0.02221494 0.749624 0.6574016 0.07672828 0.7496241 0.6574013 0.07672804 0.659181 -0.7516561 -0.02221655 0.6591804 -0.7516568 -0.02221673 -0.7501294 -0.6578441 -0.0674324 -0.7481703 -0.6561254 -0.09869575 -0.6591867 0.7516511 -0.02221482 -0.659181 0.7516561 -0.02221411 2.69621e-7 0 1 -1.38016e-7 0 1 3.00813e-7 0 1 0.5498248 0.8228725 -0.1434346 0.5510336 0.8246813 -0.1275261 0.5498253 0.8228724 -0.1434341 0.8312638 -0.5554341 -0.02221542 0.8312677 -0.5554284 -0.02221453 0.8312633 -0.555435 -0.02221536 -0.5514331 -0.82528 0.1217967 -0.552453 -0.8268069 0.1057645 -0.5514326 -0.8252802 0.1217981 -0.8312624 0.5554364 -0.02221667 -0.8312623 0.5554364 -0.02221703 -0.8312612 0.5554379 -0.02221721 0.5510336 0.8246811 -0.1275268 0.5536588 0.8286101 -0.08286941 0.8312676 -0.5554286 -0.02221459 0.8312614 -0.5554377 -0.02221703 -0.5545401 -0.82993 0.06084036 -0.5545406 -0.8299298 0.06083905 -0.8312554 0.5554465 -0.02221775 -0.8312541 0.5554485 -0.02221757 0.5554587 0.8313043 -0.01997226 0.5554586 0.8313043 -0.01997292 0.8312604 -0.5554392 -0.02221739 0.8312544 -0.5554481 -0.02221673 -0.5555685 -0.8314679 -0.002221047 -0.8312609 0.5554383 -0.02221709 -0.8312593 0.5554408 -0.02221721 0.5549985 0.8306151 0.04533582 0.5549973 0.8306156 0.04534 0.8312723 -0.5554213 -0.02221781 0.8312736 -0.5554193 -0.02221781 -0.5543054 -0.8295772 -0.06743323 -0.5543053 -0.8295772 -0.06743377 -0.831281 0.5554083 -0.02221673 0.5539312 0.829019 0.0767315 0.8312636 -0.5554345 -0.02221244 0.8312643 -0.5554336 -0.02221196 -0.5528576 -0.8274104 -0.09869468 -0.8312814 0.5554077 -0.02221661 -0.8312651 0.5554321 -0.02221703 0 0 1 0 0 1 4.47206e-6 0 -1 -2.38254e-6 0 -1 -2.68657e-6 0 -1 0.4377164 0.8875992 -0.1434294 0.4386789 0.8895492 -0.1275272 0.438678 0.8895501 -0.1275237 0.8966491 -0.4421841 -0.02221679 0.8966512 -0.4421799 -0.02221667 0.8966488 -0.4421848 -0.02221667 -0.4389967 -0.8901953 0.1217957 -0.4398097 -0.8918418 0.1057629 -0.4389976 -0.8901951 0.1217936 -0.8966491 0.4421841 -0.0222162 -0.8966513 0.4421799 -0.02221751 -0.8966517 0.442179 -0.02221769 0.4407684 0.8937876 -0.08286768 0.8966509 -0.4421805 -0.02221661 0.8966442 -0.4421942 -0.02221423 -0.4414707 -0.8952109 0.06083709 -0.4414709 -0.8952108 0.06083774 -0.8966492 0.4421839 -0.02221721 -0.8966491 0.4421842 -0.02221721 0.4407688 0.893787 -0.0828706 0.4422017 0.8966933 -0.01996976 0.8966439 -0.4421951 -0.02221405 0.8966456 -0.4421914 -0.02221488 -0.4422885 -0.8968701 -0.002222299 -0.4422888 -0.89687 -0.002221763 -0.8966456 0.4421913 -0.02221721 -0.8966463 0.4421899 -0.02221721 0.4422013 0.8966935 -0.01997137 0.441835 0.8959501 0.0453363 0.8966431 -0.4421965 -0.02221739 0.8966434 -0.4421959 -0.02221751 -0.4412829 -0.8948311 -0.0674293 -0.8966363 0.4422102 -0.02221745 0.4409854 0.8942286 0.07672697 0.4409859 0.8942284 0.07672804 0.896658 -0.4421662 -0.02222031 0.8966587 -0.4421644 -0.02222073 -0.4401292 -0.8924944 -0.09869176 -0.4401302 -0.8924941 -0.09868985 -0.8966367 0.4422094 -0.02221721 -0.8966567 0.442169 -0.02221214 -2.2299e-6 0 -1 1.3344e-6 0 -1 1.4925e-6 0 -1 0.193074 0.9706444 -0.1434293 0.1934986 0.9727773 -0.1275259 0.1930745 0.9706438 -0.143433 0.9805462 -0.1950274 -0.02221643 0.9805422 -0.1950473 -0.02221804 0.9805469 -0.1950239 -0.0222162 -0.1936386 -0.9734829 0.1217994 -0.1939971 -0.9752843 0.1057626 -0.1936394 -0.9734835 0.1217942 -0.9805462 0.1950273 -0.02221745 -0.9805422 0.1950474 -0.02221572 -0.9805425 0.1950461 -0.0222156 0.1944201 0.9774116 -0.08287072 0.1944208 0.9774118 -0.08286726 0.9805424 -0.1950461 -0.02221822 0.9805459 -0.1950287 -0.02221626 -0.1947299 -0.9789682 0.06084108 -0.1947295 -0.9789686 0.06083655 -0.9805433 0.1950414 -0.02221769 -0.980544 0.1950386 -0.02221775 0.1950526 0.9805895 -0.01997113 0.9805464 -0.1950262 -0.02221626 0.9805454 -0.1950318 -0.02221703 -0.1950907 -0.9807827 -0.00221914 -0.9805426 0.1950452 -0.02221685 -0.980543 0.1950435 -0.02221679 0.1948904 0.9797767 0.0453372 0.1948907 0.9797767 0.04533576 0.9805424 -0.1950464 -0.0222187 0.9805418 -0.1950491 -0.02221888 -0.1946468 -0.9785529 -0.06743144 -0.1946477 -0.9785527 -0.06743246 -0.9805453 0.1950322 -0.0222156 0.1945158 0.9778938 0.07672852 0.1945161 0.9778941 0.07672566 0.9805378 -0.1950694 -0.02221804 0.980537 -0.1950736 -0.0222181 -0.194139 -0.9759966 -0.09869593 -0.9805452 0.1950324 -0.02221548 -0.9805379 0.1950694 -0.02221554 0 0.9896602 -0.1434324 0 0.9918354 -0.1275253 0 0.9896601 -0.1434325 0.9997532 0 -0.02221697 0.9997532 0 -0.02221667 0 -0.9925547 0.1218001 0 -0.9943914 0.1057637 0 -0.992555 0.1217978 -0.9997532 0 -0.02221697 -0.9997532 0 -0.02221703 0 0.9918353 -0.1275256 0 0.9965607 -0.08286637 0.9997532 0 -0.02221703 0.9997532 0 -0.02221727 0 -0.9943911 0.1057663 0 -0.9981477 0.06083816 -0.9997532 0 -0.02221727 0 0.9965604 -0.08286976 0 0.9998007 -0.01996946 0.9997533 0 -0.02221572 0 -0.9981477 0.06083804 0 -0.9999976 -0.002219319 -0.9997533 0 -0.02221572 -0.9997532 0 -0.02221572 0 0.9998005 -0.01997566 0 0.9989718 0.04533809 0.9997533 0 -0.02221536 0.9997532 0 -0.02221542 0 -0.9999976 -0.002222597 0 -0.9977239 -0.06743317 -0.9997533 0 -0.02221536 0 0.9989719 0.04533302 0 0.997052 0.0767287 0.9997532 0 -0.02221691 0 -0.9977239 -0.06743264 0 -0.9951177 -0.09869664 -0.9997532 0 -0.02221542 0 0.9896606 -0.1434293 0 0.9918354 -0.1275253 0 0.9896601 -0.1434331 0.9997532 0 -0.02221626 0.9997532 0 -0.02221703 0 -0.9925549 0.121798 0 -0.9943911 0.1057664 0 -0.9925543 0.1218034 -0.9997532 0 -0.02221697 0 0.9918357 -0.1275233 0 0.9965606 -0.08286678 0.9997532 0 -0.02221614 0 -0.9981477 0.06083726 0 -0.9981476 0.06083947 0 0.9965604 -0.0828697 0 0.9998006 -0.01997101 0.9997532 0 -0.02221643 0.9997532 0 -0.02221739 0 -0.9999976 -0.002220451 0 0.9989718 0.04533559 0 0.9989718 0.04533773 0.9997532 0 -0.02221709 0 -0.9999976 -0.002221107 0 -0.9977241 -0.06743067 0 0.9970521 0.0767281 0.9997532 0 -0.02221757 0 -0.9977239 -0.06743109 0 -0.9951179 -0.09869378 -0.9997532 0 -0.02221548 0 0.9896602 -0.1434326 0 0.9918354 -0.127525 0.9997532 0 -0.02221626 0 -0.9925547 0.1218003 0 -0.9943914 0.1057633 -0.9997532 0 -0.02221626 -0.9997532 0 -0.02221614 0 0.9918354 -0.1275256 0 0.9965608 -0.08286601 0 -0.9943909 0.105768 0 -0.9981478 0.06083601 -0.9997532 0 -0.02221643 0 0.9965605 -0.08286964 0 0.9998006 -0.01996999 0.9997532 0 -0.02221721 0 -0.9981476 0.06083977 0 -0.9999976 -0.002220392 -0.9997532 0 -0.02221721 -0.9997532 0 -0.02221721 0 0.9998005 -0.01997584 0 0.9989717 0.04533761 0.9997532 0 -0.02221703 0 -0.9999976 -0.002222359 0 -0.9977241 -0.06743007 0 0.9989719 0.04533493 0 0.9970519 0.07673001 0 -0.9977239 -0.06743192 0 -0.995118 -0.09869289 -0.9997532 0 -0.02221703 0 0.9918354 -0.1275249 0 -0.9925549 0.1217982 0 -0.9943912 0.1057651 0 -0.9925544 0.1218031 -0.9997532 0 -0.02221626 0 0.9918357 -0.1275233 0 0.9965607 -0.0828666 0 -0.9943911 0.1057657 0 -0.9981477 0.06083655 0 0.9965604 -0.08286976 0 0.9998006 -0.01997059 0 -0.9981476 0.06083989 0 -0.9999976 -0.002222299 -0.9997532 0 -0.02221739 -0.9997532 0 -0.02221745 0 0.9998005 -0.01997405 0 0.9989717 0.04533773 0 -0.9999976 -0.002221047 0 -0.9977238 -0.06743317 0 0.9989719 0.04533553 0 0.9970521 0.0767281 0 -0.997724 -0.0674299 0 -0.9951177 -0.09869605 -0.9997532 0 -0.02221709 0 0.9896601 -0.1434326 0 0.9918351 -0.1275275 0 0.9896602 -0.1434325 0.9997532 0 -0.02221614 0.9997533 0 -0.02221524 0 -0.9925547 0.1218003 0 -0.9943914 0.1057634 0 -0.992555 0.1217973 -0.9997532 0 -0.02221614 -0.9997532 0 -0.02221626 0 0.9918355 -0.1275245 0 0.9965606 -0.08286738 0.9997532 0 -0.02221626 0 -0.9943909 0.1057682 0 -0.9981478 0.06083619 0 0.9965607 -0.0828672 0 0.9998006 -0.01996999 0 -0.9981476 0.06083989 0 -0.9999976 -0.002220392 0 0.9998005 -0.01997584 0 0.9989717 0.04533761 0 -0.9999976 -0.002222359 0 -0.9977241 -0.06743001 0 0.9989719 0.04533487 0 0.9970519 0.07673001 0 -0.9977239 -0.06743192 0 -0.995118 -0.09869277 0 0.9896601 -0.1434329 0 0.9918354 -0.1275256 0 0.9896601 -0.1434328 0.9997532 0 -0.02221632 0.9997533 0 -0.0222156 0 -0.9925547 0.1218004 0 -0.9943913 0.105764 0 -0.992555 0.1217979 -0.9997532 0 -0.02221643 0 0.9918351 -0.1275276 0 0.9965604 -0.08286982 0.9997532 0 -0.02221643 0 -0.9943911 0.1057664 0 -0.9981478 0.06083619 0 0.9965603 -0.08287113 0 0.9998006 -0.01997184 0 -0.9981476 0.06083929 0 -0.9999976 -0.002224147 -0.9997532 0 -0.02221673 0 0.9998006 -0.01997154 0 0.9989717 0.04533761 0 -0.9999976 -0.0022192 0 -0.9977238 -0.06743258 0 0.9989718 0.04533743 0 0.997052 0.07672941 0 -0.9977241 -0.06742912 0 -0.9951181 -0.09869229 0 0.9896603 -0.1434315 0 0.9918354 -0.1275257 0 0.9896609 -0.1434276 0.9997532 0 -0.0222162 0.9997533 0 -0.02221596 0 -0.9925549 0.121799 0 -0.9943913 0.1057642 0 -0.9925556 0.1217927 -0.9997532 0 -0.0222162 -0.9997532 0 -0.02221626 0 0.9918352 -0.1275264 0 0.9965603 -0.08287048 0.9997532 0 -0.02221626 0 -0.994391 0.105767 0 -0.9981477 0.0608375 0 0.9965605 -0.08286863 0 0.9998006 -0.01997125 0 -0.9981477 0.06083923 0 -0.9999976 -0.002222239 0 0.9998006 -0.01997143 0 0.9989717 0.04533821 0 -0.9999976 -0.002218604 0 -0.9977239 -0.06743127 0 0.9989719 0.04533565 0 0.997052 0.07672852 0 -0.9977241 -0.06742924 0 -0.995118 -0.09869283 0 0.9896606 -0.1434293 0 0.9918351 -0.1275274 0 -0.9925549 0.121798 0 -0.9943912 0.1057652 0 -0.9925544 0.1218026 0 0.9918355 -0.1275241 0 0.9965606 -0.08286857 0 -0.9943911 0.1057658 0 -0.9981477 0.06083685 0 0.9965604 -0.08286988 0 0.9998006 -0.01997059 0 -0.9981476 0.06083995 0 -0.9999976 -0.002222299 0 0.9998005 -0.01997411 0 0.9989717 0.04533767 0 -0.9999976 -0.002221107 0 -0.9977239 -0.06743323 0 0.9989719 0.04533559 0 0.9970521 0.07672804 0 -0.9977241 -0.06742984 0 -0.9951176 -0.09869605 0 0.9896606 -0.1434291 0 0.9918354 -0.127525 0 -0.9925552 0.1217968 0 -0.9943913 0.1057642 0 0.9965604 -0.08287054 0 0.9965607 -0.08286619 0.9997532 0 -0.02221673 0.9997532 0 -0.02221661 0 -0.9943911 0.1057659 0 -0.9981477 0.06083709 0 0.9998006 -0.01996999 0.9997532 0 -0.02221667 0 -0.9981476 0.06083983 0 -0.9999976 -0.002220392 0 0.9998005 -0.0199759 0 0.9989718 0.04533755 0 -0.9999976 -0.002222359 0 -0.9977241 -0.06742906 0 0.9989719 0.04533493 0 0.997052 0.07672995 0.9997532 0 -0.02221626 0 -0.995118 -0.09869247 0 0.9896606 -0.1434292 0 0.9918352 -0.1275261 0 0.98966 -0.1434329 0 -0.9925552 0.1217969 0 -0.9943912 0.1057646 0 -0.992555 0.1217984 -0.9997532 0 -0.02221661 0 0.9918355 -0.1275236 0 0.9965606 -0.08286756 0.9997532 0 -0.02221655 0 -0.9943911 0.105766 0 -0.9981477 0.06083756 -0.9997532 0 -0.02221685 0 0.9965605 -0.08286982 0 0.9998006 -0.01997053 0.9997532 0 -0.02221685 0 -0.9981476 0.06083995 0 -0.9999976 -0.002222299 0 0.9998005 -0.01997405 0 0.9989718 0.04533654 0 -0.9977239 -0.06743216 0 0.9989718 0.04533714 0 0.9970521 0.0767278 0 -0.9977239 -0.06743144 0 -0.9951177 -0.09869593 0 0.9896602 -0.1434326 0 0.9918353 -0.1275262 0 0.9896602 -0.1434324 0 -0.9925547 0.1218003 0 -0.9943912 0.1057646 0 -0.992555 0.1217977 -0.9997532 0 -0.02221679 0 0.9918352 -0.1275259 0 0.9965606 -0.08286702 0 -0.994391 0.1057666 0 -0.9981478 0.06083637 -0.9997532 0 -0.02221667 0 0.9965605 -0.08286976 0 0.9998006 -0.01996999 0 -0.9981477 0.06083738 0 -0.9999976 -0.002220392 0 0.9998005 -0.01997584 0 0.9989717 0.04533898 0 -0.9999976 -0.002222359 0 -0.9977242 -0.06742894 0 0.9989719 0.04533529 0 0.9970518 0.07673203 0 -0.9977238 -0.06743347 0 -0.995118 -0.09869259 0 0.9896602 -0.1434327 0 0.9918355 -0.1275244 0.9997532 0 -0.02221739 0 -0.9925547 0.1218005 0 -0.9943912 0.1057652 0 -0.9925549 0.1217983 -0.9997532 0 -0.02221685 -0.9997532 0 -0.02221673 0 0.9918352 -0.1275271 0 0.9965606 -0.08286887 0 -0.994391 0.1057667 0 -0.9981477 0.06083697 0 0.9965603 -0.08287113 0 0.9998006 -0.01997184 0 -0.9981476 0.06083929 0 -0.9999976 -0.002224147 0 0.9998006 -0.01997148 0 0.9989717 0.0453391 0 -0.9999976 -0.0022192 0 -0.997724 -0.06743144 0 0.9989717 0.04533785 0 0.9970518 0.07673156 0 -0.997724 -0.06743079 0 -0.9951181 -0.09869211 0 0.9896602 -0.1434328 0 0.9918351 -0.1275275 0 0.9918353 -0.1275254 0 -0.992555 0.1217969 0 -0.9943912 0.1057652 0 -0.9925549 0.1217988 -0.9997532 0 -0.02221632 -0.9997532 0 -0.02221673 -0.9997532 0 -0.02221679 0 0.9965605 -0.08286935 0.9997532 0 -0.02221679 0 -0.9981477 0.06083744 0 -0.9981477 0.06083923 0 0.9965603 -0.08287107 0 0.9998006 -0.01997202 0.9997532 0 -0.02221626 0 -0.9999976 -0.002220809 0 -0.9999976 -0.002220034 -0.9997532 0 -0.02221649 0 0.9989718 0.04533773 0 0.9989718 0.04533803 0.9997532 0 -0.02221703 0 -0.997724 -0.06743091 -0.9997532 0 -0.02221649 0 0.9970519 0.07672989 0 -0.9951176 -0.09869652 0 -0.9951181 -0.09869235 -0.9997532 0 -0.02221649 0 0.98966 -0.143433 0 0.9918352 -0.1275267 0 0.9896599 -0.1434342 0 -0.992555 0.1217972 0 -0.9943912 0.1057645 0 -0.9925547 0.1217994 -0.9997532 0 -0.02221661 0 0.9918351 -0.1275277 0 0.9965608 -0.08286589 0.9997532 0 -0.02221661 0 -0.9943913 0.1057642 0 -0.9981477 0.06083709 0 0.9965602 -0.08287179 0 0.9998007 -0.01996713 0.9997532 0 -0.02221697 0 -0.9981476 0.06083947 0 -0.9999976 -0.002220749 -0.9997532 0 -0.02221697 -0.9997532 0 -0.02221697 0 0.9998005 -0.01997542 0 0.9989716 0.04534047 0 -0.9999976 -0.002220213 0 -0.9977241 -0.06743043 0 0.998972 0.04533344 0 0.9970519 0.07673096 0 -0.9977238 -0.06743353 0 -0.995118 -0.09869289 0 0.9896602 -0.1434327 0 0.9918352 -0.1275259 0 0.98966 -0.143433 0.9997532 0 -0.02221643 0.9997532 0 -0.02221673 0 -0.9925552 0.1217969 0 -0.9943912 0.1057646 0 -0.9943914 0.1057633 0 0.9918351 -0.1275276 0 0.9965606 -0.08286786 0.9997532 0 -0.02221679 0 -0.9981477 0.06083899 0 0.9965604 -0.08287054 0 0.9998006 -0.01997005 0.9997532 0 -0.02221715 0 -0.9981478 0.06083637 0 -0.9999976 -0.002222836 -0.9997532 0 -0.02221715 0 0.9998006 -0.01997148 0 0.9989718 0.04533749 0 -0.9977241 -0.0674293 0 -0.9977237 -0.06743496 0 0.9989719 0.04533547 0 0.9970521 0.07672768 0 -0.9951181 -0.09869199 0 0.9896602 -0.1434324 0 0.9896603 -0.1434316 0.9997532 0 -0.02221661 0 -0.9925552 0.1217965 0 -0.9943914 0.1057635 0 -0.9925551 0.1217967 -0.9997532 0 -0.02221661 0 0.9965608 -0.08286589 0 0.9965602 -0.08287179 0 0.9998007 -0.01996827 0 -0.9981476 0.06083947 0 -0.9999976 -0.002219617 0 0.9998005 -0.01997572 0 0.9989718 0.04533708 0 -0.9999976 -0.002218067 0 -0.9977239 -0.06743139 0 0.9989719 0.04533463 0 0.997052 0.07672864 0 -0.9977241 -0.06742972 0 -0.9951178 -0.09869527 0 0.9896599 -0.1434338 0 0.9918355 -0.1275245 0 0.9918349 -0.1275284 0 -0.9925549 0.1217979 0 -0.9943914 0.1057631 0 -0.992556 0.1217888 -0.9997532 0 -0.02221679 0 0.9965605 -0.08287024 0 -0.9943912 0.1057654 0 -0.9981477 0.06083774 -0.9997532 0 -0.02221679 0 0.9965603 -0.08287119 0 0.9998006 -0.01997244 0.9997532 0 -0.02221685 0.9997532 0 -0.02221632 0 -0.9981478 0.06083685 0 -0.9999976 -0.002224147 -0.9997532 0 -0.0222162 0 0.9989718 0.04533737 0 0.9989718 0.04533749 0 -0.9999976 -0.0022192 0 -0.9977236 -0.06743496 0 0.997052 0.07672911 0 -0.9977241 -0.06742984 0 -0.9951177 -0.09869575 0 0.9918352 -0.1275267 0 -0.9925551 0.1217972 0 -0.9943912 0.1057645 0 -0.9925548 0.1217994 0 0.9965608 -0.08286589 0 -0.9943913 0.1057642 0 -0.9981477 0.06083709 0 0.9965602 -0.08287185 0 0.9998007 -0.01996713 0 -0.9981476 0.06083947 0 -0.9999976 -0.002220749 0 0.9998005 -0.01997542 0 0.9989716 0.04534047 0 -0.9999976 -0.002220213 0 -0.9977241 -0.06743043 0 -0.9977238 -0.06743353 0 -0.995118 -0.09869289 0 0.9918355 -0.1275237 0.9997532 0 -0.02221667 0 -0.9925547 0.1218003 0 -0.9943912 0.1057649 -0.9997532 0 -0.02221679 0 0.9965606 -0.08286774 0.9997532 0 -0.02221661 0 -0.9981477 0.06083852 0 -0.9981477 0.06083679 0 0.9998006 -0.01997196 0 0.9998006 -0.01997065 0.9997532 0 -0.02221661 0 -0.9999976 -0.002220749 -0.9997532 0 -0.02221626 0 0.9989717 0.04533773 0.9997532 0 -0.02221649 0.9997532 0 -0.02221649 0 -0.9977239 -0.06743282 0 0.9970519 0.07672995 0 0.997052 0.0767306 -0.9997532 0 -0.02221703 0 0.9896598 -0.1434351 0 0.9918354 -0.1275258 0 0.9918352 -0.1275264 0 -0.9925546 0.1218004 0 -0.9943912 0.1057652 0 0.9965606 -0.08286803 0 -0.9981476 0.06084066 0 -0.9981477 0.06083709 -0.9997532 0 -0.02221643 0 0.9998006 -0.01997148 0 -0.9999976 -0.002223491 0 0.9989718 0.04533791 0 0.9989717 0.04533964 0 -0.9999976 -0.002216577 -0.9997532 0 -0.02221673 0 0.9970517 0.07673233 0 -0.995118 -0.09869289 0 -0.9951175 -0.09869766 -0.9997532 0 -0.02221673 0 0.9896602 -0.1434326 0 0.9918353 -0.1275263 0 -0.9925547 0.1218003 0 -0.9943912 0.1057646 0 0.9918354 -0.1275259 0 0.9965606 -0.08286702 0 -0.994391 0.1057667 0 -0.9981478 0.06083637 0 0.9965605 -0.0828697 0 0.9989717 0.04533898 0 0.9989719 0.04533529 0 0.9970518 0.07673203 0 -0.9977238 -0.06743347 0 -0.995118 -0.09869259 0 0.9896603 -0.1434315 0 0.9918354 -0.1275249 0 0.9896608 -0.1434283 0 -0.9925549 0.1217992 0 -0.9925556 0.1217935 0 0.991835 -0.1275278 0 0.9965606 -0.08286815 0 -0.994391 0.1057674 0 -0.9981477 0.06083869 -0.9997532 0 -0.02221679 0 0.9965603 -0.08287048 0 0.9998006 -0.01997238 0.9997532 0 -0.02221679 0.9997532 0 -0.02221655 0 -0.9981477 0.06083744 0 -0.9999976 -0.002222359 -0.9997532 0 -0.02221655 0 0.9998006 -0.01997029 0 0.9989719 0.04533535 0.9997532 0 -0.02221649 0 -0.9999976 -0.002221107 0 -0.9977239 -0.06743216 0 0.9989717 0.04533976 0 0.9970521 0.0767278 0 -0.9977241 -0.06742966 0 -0.9951178 -0.0986945 -0.9997532 0 -0.02221649 0 0.9896603 -0.1434314 0 0.9918357 -0.1275233 0 0.9896609 -0.1434276 0.9997532 0 -0.02221721 0 -0.9925547 0.1218003 0 -0.9943911 0.1057659 0 -0.992555 0.1217976 -0.9997532 0 -0.02221721 -0.9997532 0 -0.02221721 0 0.9918351 -0.1275275 0 0.9965606 -0.08286839 0.9997532 0 -0.02221721 0.9997532 0 -0.02221733 0 -0.994391 0.105767 0 -0.9981477 0.06083744 -0.9997532 0 -0.02221691 -0.9997532 0 -0.02221679 0 0.9998006 -0.01997077 0 0.9998005 -0.01997315 0.9997532 0 -0.02221727 0.9997533 0 -0.02221602 0 -0.9981476 0.06083929 0 -0.9999976 -0.002220809 0 0.9989719 0.04533582 0.9997532 0 -0.0222162 0 -0.9977241 -0.06743025 0 -0.997724 -0.06743037 0 0.9970519 0.07673001 0 0.997052 0.07673054 0 0.9896606 -0.1434292 0 0.9918351 -0.1275273 0 -0.9925549 0.121798 0 -0.9943912 0.1057651 0 -0.9925544 0.1218025 0 0.9918355 -0.1275239 0 0.9965606 -0.08286851 0 -0.9943911 0.1057658 0 -0.9981477 0.06083679 0 0.9965605 -0.08286976 0 0.9998006 -0.01997053 0 -0.9999976 -0.002222299 0 -0.9999976 -0.002221107 0 -0.9977239 -0.06743323 0 0.9989719 0.04533559 0 0.9970521 0.0767281 0 -0.997724 -0.06742995 0 -0.9951176 -0.09869611 0 0.9965608 -0.08286607 0 -0.9981478 0.06083601 0 0.9965605 -0.08286964 0 -0.9981476 0.06083983 0 -0.9977241 -0.06743007 0 0.9989719 0.04533493 0 0.9896601 -0.1434327 0 0.9918354 -0.1275256 0 -0.9925547 0.1218003 0 -0.9943913 0.105764 0 -0.992555 0.1217978 0 0.9918351 -0.1275275 0 -0.9981478 0.06083613 0 0.9965603 -0.08287107 0 0.9998006 -0.01997184 0 -0.9981476 0.06083929 0 -0.9999976 -0.002224147 0 0.9998006 -0.01997148 0 0.9989718 0.04533743 0 0.997052 0.07672953 0 -0.9977241 -0.06742918 0 -0.9951181 -0.09869235 0 -0.9925549 0.1217991 0 -0.9943913 0.105764 0 -0.9925556 0.1217926 0 -0.994391 0.1057671 0 -0.9981477 0.06083744 0 -0.9981476 0.06083929 0 -0.9999976 -0.002222239 0 -0.9999976 -0.002218604 0 -0.9977239 -0.06743121 0 -0.9977241 -0.0674293 0 -0.995118 -0.09869277 0 0.9896606 -0.1434294 0 0.9918355 -0.1275249 0 -0.992555 0.1217982 0 -0.9925543 0.1218032 0 0.9918357 -0.1275233 0 0.9965608 -0.0828666 0 -0.9981477 0.06083649 0 0.9965604 -0.0828697 0 0.9896601 -0.1434329 0 0.9918351 -0.1275274 0 0.9896602 -0.1434323 0 -0.9925547 0.1218003 0 -0.9943914 0.1057636 0 -0.992555 0.1217976 0 0.9918355 -0.1275247 0 0.9965606 -0.08286726 0 -0.9943909 0.1057682 0 -0.9981478 0.06083625 0 0.9965607 -0.08286726 0 0.9998006 -0.01996999 0 0.9998005 -0.0199759 0 0.9989718 0.04533749 0 -0.9999976 -0.002222359 0 -0.9977241 -0.06743007 0 0.9989719 0.04533487 0 0.997052 0.07672989 0 -0.9977239 -0.0674318 0 -0.995118 -0.09869277 0 0.9896607 -0.1434291 0 0.9918354 -0.1275251 0 0.98966 -0.1434334 0.9997532 0 -0.02221697 0 -0.9943912 0.1057655 0 0.9965604 -0.08287 0 0.9965607 -0.08286654 0 -0.9981477 0.06083869 0 0.9998006 -0.01997059 0 -0.9981477 0.06083804 0 -0.9999976 -0.002219259 0 0.9998005 -0.01997399 0.9997532 0 -0.02221548 0 -0.9977239 -0.06743174 0 -0.997724 -0.06743001 0 0.9989719 0.04533559 0 0.9896602 -0.1434319 0 0.9918357 -0.1275234 0 0.9896609 -0.1434279 0.9997532 0 -0.02221703 0 -0.9925547 0.1217994 0 -0.9943912 0.1057644 0 -0.9925556 0.1217933 -0.9997532 0 -0.02221703 -0.9997532 0 -0.02221697 0 0.991835 -0.1275279 0 0.9965605 -0.08286881 0.9997532 0 -0.02221697 0 -0.9943909 0.1057672 0 -0.9981477 0.06083679 -0.9997532 0 -0.02221524 0 0.9965605 -0.08286929 0 0.9998005 -0.01997274 0.9997532 0 -0.02221524 0.9997533 0 -0.022215 0 -0.9981477 0.06083905 0 -0.9999976 -0.002222776 -0.9997533 0 -0.022215 -0.9997532 0 -0.022215 0 0.9998007 -0.01996952 0 0.9989718 0.04533618 0 -0.9999976 -0.002218663 0 -0.9977239 -0.06743115 0 0.9989718 0.04533749 0 0.997052 0.07672971 0 -0.9977241 -0.06742918 0 -0.995118 -0.09869259 -0.06472653 0.9875407 -0.1434358 -0.06486868 0.9897118 -0.1275252 -0.06472653 0.9875415 -0.1434302 0.9976116 0.06540244 -0.02221751 0.997613 0.06538081 -0.02221721 0.9976115 0.06540614 -0.02221733 0.06491583 -0.9904305 0.1217931 0.06503582 -0.9922622 0.1057641 0.06491589 -0.9904299 0.1217973 -0.9976118 -0.06539911 -0.02221876 -0.9976146 -0.06535768 -0.02221596 -0.9976147 -0.06535661 -0.02221572 -0.0651775 0.9944269 -0.08286952 -0.06517755 0.994427 -0.08286648 0.9976132 0.06537824 -0.02221709 0.9976136 0.06537252 -0.02221441 0.06528151 -0.9960106 0.06083989 0.06528121 -0.9960105 0.06083995 -0.9976121 -0.0653966 -0.02221876 -0.9976119 -0.06539779 -0.022219 -0.06538915 0.9976601 -0.01996916 0.9976137 0.06537163 -0.02221447 0.9976143 0.06536316 -0.02221673 0.06540209 -0.9978566 -0.002220392 0.06540197 -0.9978566 -0.002218544 -0.9976141 -0.06536489 -0.02221632 -0.9976142 -0.06536501 -0.0222162 -0.06533467 0.996833 0.04533714 -0.06533509 0.9968328 0.04533994 0.9976136 0.06537276 -0.02221697 0.9976136 0.0653721 -0.02221703 0.06525349 -0.9955878 -0.06743144 -0.9976158 -0.06533879 -0.02221596 -0.06520938 0.9949175 0.07672828 -0.06521046 0.9949172 0.0767309 0.9976126 0.06538778 -0.02221685 0.9976128 0.06538379 -0.02221703 0.06508284 -0.9929874 -0.09869313 0.06508356 -0.992987 -0.09869748 -0.9976159 -0.06533867 -0.02221614 -0.997613 -0.06538093 -0.02221906 -0.3181164 0.9371383 -0.1434358 -0.3188148 0.9391989 -0.1275248 -0.3181156 0.9371393 -0.1434305 0.9466922 0.3213729 -0.02221423 0.9467014 0.3213455 -0.02221775 0.9466918 0.3213741 -0.02221423 0.3190471 -0.9398801 0.1217965 0.3196364 -0.941619 0.1057649 0.3190461 -0.9398805 0.1217962 -0.9466972 -0.3213582 -0.02221381 -0.9466914 -0.3213751 -0.02221423 -0.9466913 -0.3213755 -0.02221453 -0.320333 0.9436737 -0.08286702 -0.3203336 0.9436733 -0.08286881 0.9467015 0.3213454 -0.0222181 0.946699 0.3213524 -0.02221679 0.3208437 -0.9451764 0.06083691 0.3208442 -0.9451758 0.06084239 -0.9466937 -0.3213679 -0.02221941 -0.946694 -0.3213674 -0.02221959 -0.3213754 0.9467413 -0.01997369 0.9466983 0.3213548 -0.02221643 0.9467 0.3213498 -0.02221584 0.3214388 -0.9469278 -0.002218365 0.3214394 -0.9469276 -0.002219796 -0.9466947 -0.3213654 -0.02221876 -0.9466947 -0.3213651 -0.02221876 -0.3211091 0.9459565 0.04533588 -0.32111 0.9459561 0.04533678 0.9466939 0.3213679 -0.02221685 0.9466944 0.3213661 -0.02221691 0.3207081 -0.9447746 -0.06743282 0.3207084 -0.9447746 -0.06743276 -0.9466938 -0.3213679 -0.02221482 -0.3204926 0.9441382 0.07673048 0.9467036 0.3213393 -0.02221459 0.9467052 0.3213346 -0.02221459 0.3198709 -0.9423067 -0.09869533 -0.9466945 -0.3213662 -0.02221465 -0.9467036 -0.3213393 -0.02221447 -2.22995e-6 0 -1 1.33441e-6 0 -1 -2.38805e-6 0 -1 -0.5498248 0.8228731 -0.1434317 -0.551033 0.8246816 -0.1275271 -0.5498241 0.8228728 -0.1434363 0.8312639 0.5554341 -0.02221608 0.8312676 0.5554283 -0.02221816 0.8312633 0.555435 -0.02221608 0.5514335 -0.8252801 0.1217948 0.5524539 -0.8268063 0.1057642 0.5524535 -0.8268068 0.1057622 -0.8312622 -0.5554363 -0.02221786 -0.8312568 -0.5554445 -0.02221518 -0.8312566 -0.5554449 -0.02221488 -0.5536589 0.8286101 -0.08286833 -0.5536588 0.8286101 -0.0828706 0.8312675 0.5554285 -0.02221834 0.8312613 0.5554377 -0.02221745 0.5545405 -0.8299298 0.06084018 -0.8312606 -0.5554389 -0.02221632 -0.8312612 -0.5554379 -0.02221673 -0.5554586 0.8313043 -0.01997292 0.8312603 0.5554392 -0.02221709 0.8312528 0.5554504 -0.02221691 0.5555683 -0.8314681 -0.002220213 0.5555684 -0.8314679 -0.002221107 -0.8312583 -0.5554422 -0.02221816 -0.8312592 -0.555441 -0.02221828 -0.5554589 0.8313041 -0.01997268 -0.5549983 0.8306151 0.0453369 0.8312649 0.5554324 -0.02221739 0.8312655 0.5554317 -0.02221727 0.5543052 -0.8295773 -0.06743395 -0.8312573 -0.5554438 -0.02221482 -0.553932 0.8290184 0.07673215 -0.5539326 0.8290183 0.0767306 0.8312651 0.5554321 -0.02221727 0.8312642 0.5554335 -0.02221709 0.5543054 -0.8295773 -0.06743264 0.5528575 -0.8274105 -0.09869503 -0.8312574 -0.5554437 -0.02221494 -0.8312652 -0.5554322 -0.02221685 0 0 1 0 0 1 0 0 1 -4.47206e-6 0 -1 2.38248e-6 0 -1 -4.7761e-6 0 -1 -0.7440666 0.6525277 -0.1434311 -0.7457022 0.6539616 -0.1275249 -0.7457019 0.6539621 -0.1275243 0.6591836 0.7516539 -0.0222153 0.65919 0.7516483 -0.02221727 0.6591826 0.7516548 -0.02221542 0.7462435 -0.6544367 0.1217926 0.747624 -0.6556465 0.1057643 0.7462443 -0.6544351 0.1217959 -0.6591919 -0.7516467 -0.02221435 -0.6591851 -0.7516525 -0.02221518 -0.6591837 -0.7516537 -0.02221524 -0.7492548 0.6570771 -0.08286815 -0.7492542 0.6570776 -0.08286863 0.6591895 0.7516487 -0.02221727 0.659174 0.7516623 -0.02221626 0.7504476 -0.6581237 0.06084084 0.750448 -0.6581233 0.06084084 -0.659174 -0.7516624 -0.02221637 -0.659173 -0.7516633 -0.02221626 -0.7516905 0.6592137 -0.0199716 0.659173 0.7516632 -0.02221596 0.6591765 0.7516601 -0.02221679 0.7518391 -0.659343 -0.002219796 -0.6591766 -0.75166 -0.02221685 -0.6591762 -0.7516604 -0.02221667 -0.7516914 0.6592125 -0.01997154 -0.7510681 0.6586663 0.04533749 0.659178 0.7516588 -0.02221465 0.6591793 0.7516576 -0.02221447 0.7501296 -0.6578435 -0.06743401 0.7501296 -0.6578441 -0.06743013 -0.6591865 -0.7516514 -0.02221608 -0.7510676 0.658667 0.04533553 -0.7496246 0.6574009 0.07672792 0.6591979 0.7516414 -0.02221238 0.6592009 0.7516388 -0.02221226 0.7481703 -0.6561254 -0.09869474 0.7481693 -0.6561275 -0.09868961 -0.6591868 -0.751651 -0.02221602 -0.659181 -0.7516561 -0.02221649 -2.69623e-7 0 1 1.38016e-7 0 1 1.69209e-7 0 1 -0.8875988 0.4377167 -0.1434318 -0.8895494 0.4386785 -0.1275267 -0.8895495 0.4386782 -0.1275272 0.4421839 0.8966493 -0.02221822 0.4421946 0.8966441 -0.02221727 0.442182 0.8966501 -0.02221822 0.8901959 -0.4389968 0.1217911 0.8918424 -0.4398082 0.1057642 0.8901968 -0.4389947 0.1217932 -0.4421826 -0.89665 -0.0222181 -0.44219 -0.8966463 -0.0222156 -0.442189 -0.8966468 -0.02221554 -0.8937875 0.4407683 -0.08286893 -0.8937878 0.440768 -0.0828678 0.4421937 0.8966445 -0.02221703 0.4421734 0.8966545 -0.02221584 0.8952111 -0.4414702 0.06083863 0.8952107 -0.4414705 0.06084126 -0.4421733 -0.8966544 -0.02221745 -0.4421713 -0.8966555 -0.02221781 -0.8966933 0.4422017 -0.01997035 0.4421713 0.8966555 -0.02221584 0.4421747 0.8966538 -0.02221739 0.89687 -0.4422888 -0.002222061 0.8968703 -0.4422881 -0.002221763 -0.4421701 -0.8966562 -0.02221673 -0.4421686 -0.8966569 -0.02221667 -0.8959499 0.4418355 0.04533582 -0.8959495 0.4418361 0.04533672 0.4421793 0.8966516 -0.02221608 0.4421781 0.8966521 -0.02221596 0.894831 -0.4412833 -0.06743043 -0.4421852 -0.8966487 -0.02221626 -0.8942273 0.4409876 0.07672917 0.4421621 0.8966602 -0.0222131 0.4421596 0.8966614 -0.02221322 0.8924937 -0.4401307 -0.09869188 0.8924936 -0.4401313 -0.09868973 -0.4421844 -0.896649 -0.02221643 -0.4421473 -0.8966674 -0.02221745 0 0 1 1.40424e-7 0 1 1.50406e-7 0 1 -4.46589e-6 0 -1 2.5256e-6 0 -1 2.83572e-6 0 -1 -0.970644 0.1930732 -0.1434336 -0.9727773 0.1934981 -0.1275262 -0.9706439 0.1930745 -0.1434325 0.1950483 0.980542 -0.02221488 0.195049 0.9805418 -0.02221667 0.1950486 0.980542 -0.02221447 0.9734836 -0.193638 0.1217957 0.9752844 -0.1939964 0.1057631 0.9734832 -0.1936392 0.1217966 -0.1950451 -0.9805426 -0.02221822 -0.1950508 -0.9805415 -0.02221578 -0.1950507 -0.9805417 -0.0222153 -0.9774116 0.1944205 -0.08286952 -0.9774117 0.1944204 -0.08286905 0.1950485 0.980542 -0.02221697 0.1950403 0.9805436 -0.02221578 0.9752843 -0.1939967 0.105763 0.9789682 -0.1947301 0.06083923 -0.1950403 -0.9805436 -0.02221673 -0.1950396 -0.9805437 -0.02221673 -0.9805896 0.1950523 -0.01997137 0.1950396 0.9805438 -0.02221584 0.1950419 0.9805433 -0.02221751 0.9807827 -0.1950907 -0.002217888 0.9807826 -0.1950916 -0.002219378 -0.1950418 -0.9805433 -0.02221614 -0.1950419 -0.9805433 -0.0222156 -0.9797766 0.1948902 0.04533845 -0.9797772 0.1948882 0.04533737 0.1950417 0.9805434 -0.02221703 0.1950417 0.9805433 -0.02221679 0.9785529 -0.1946472 -0.06743019 -0.1950417 -0.9805433 -0.02221781 -0.9778943 0.1945139 0.07672858 0.1950409 0.9805436 -0.0222159 0.1950412 0.9805434 -0.0222159 0.9785531 -0.1946467 -0.06742757 0.975997 -0.1941385 -0.09869235 -0.1950421 -0.9805432 -0.02221792 -0.195048 -0.9805421 -0.02221691 0 0 1 0 0 -1 9.30579e-7 0 -1 -0.9918352 0 -0.127526 0 0.9997532 -0.02221673 0.997724 0 -0.06743109 -0.997052 0 0.07672929 0 0.9997532 -0.02221685 -0.9970517 0 0.07673251 0 0.9997532 -0.02221602 -0.997052 0 0.07672941 0.9951182 0 -0.09869134 0 0.9997532 -0.02221697 0.9981476 0 0.06084007 0.9951182 0 -0.09869122 0 0.9997532 -0.02221655 0 0.9997532 -0.02221679 0.9999976 0 -0.002221226 -0.997052 0 0.07672935 0.9951181 0 -0.09869134 0 -0.9997532 -0.02221733 0 0.9997532 -0.02221643 -0.9970518 0 0.07673263 0.9951179 0 -0.09869462 -0.9998006 0 -0.01997119 0 0.9997532 -0.02221673 -0.997052 0 0.07672935 0 0.9997532 -0.02221673 0.9951178 0 -0.09869456 0.9981476 0 0.06084007 -0.9998006 0 -0.01997119 0 0.9997532 -0.0222159 -0.9896596 0 -0.1434366 0.9943913 0 0.1057648 -0.9965606 0 -0.08286887 0.9977239 0 -0.06743103 -0.997052 0 0.07672923 0.9951182 0 -0.09869128 -0.98966 2.38163e-6 -0.1434335 0 0.9997532 -0.02221542 -0.9970517 0 0.07673263 0.9951178 0 -0.09869462 -0.9896605 0 -0.1434301 0 -0.9997532 -0.02221626 0.9981476 0 0.06084007 0 0.9997532 -0.022215 -0.9706444 -0.1930721 -0.1434323 0.9734836 0.193637 0.1217972 -0.9774118 -0.1944205 -0.08286815 -0.1950418 0.9805432 -0.02221971 0.9807826 0.1950916 -0.002219796 -0.9797766 -0.1948907 0.04533767 0.1950412 -0.9805434 -0.0222159 0.8901958 0.4389966 0.1217929 0.442182 -0.8966502 -0.02221679 -0.8937877 -0.440768 -0.08286798 -0.4421685 0.8966568 -0.02221792 0.8968698 0.4422891 -0.002221584 -0.89595 -0.4418352 0.04533636 0.8924936 0.4401313 -0.09868973 0.4421595 -0.8966613 -0.02221584 1.50407e-7 0 1 2.83573e-6 0 -1 0.7462431 0.6544364 0.1217958 0.6591939 -0.7516447 -0.02221721 -0.7492549 -0.657077 -0.08286798 0.7504475 0.658124 0.06083983 -0.6591917 0.7516468 -0.02221679 0.7481691 0.6561273 -0.09869223 0.6591804 -0.7516567 -0.02221417 0.5524535 0.8268067 0.1057637 0.8312633 -0.555435 -0.02221679 -0.5536589 -0.8286101 -0.08286869 -0.831252 0.5554518 -0.02221649 0.5555678 0.8314683 -0.002220392 -0.5539328 -0.8290185 0.07672536 0.552858 0.8274101 -0.09869498 0.8312642 -0.5554335 -0.02221709 0 0 1 -0.4377171 -0.8875983 -0.1434338 0.4398089 0.8918421 0.1057633 0.8966489 -0.4421849 -0.02221596 -0.8966463 0.4421899 -0.02221488 -0.4418343 -0.8959503 0.04533642 0.441282 0.8948314 -0.0674327 0.896659 -0.4421645 -0.02221167 2.388e-6 0 -1 -0.1934983 -0.9727773 -0.1275267 0.193997 0.9752836 0.1057691 0.9805469 -0.1950239 -0.02221769 -0.1950517 -0.9805897 -0.0199719 -0.9805459 0.1950284 -0.02221709 0.1950906 0.9807827 -0.002220869 0.1941378 0.9759972 -0.09869229 0.9805371 -0.1950736 -0.02221554 0 -0.9970524 0.07672524 0 0.9943914 0.1057631 0 -0.9998005 -0.01997357 0 -0.9970523 0.07672542 0 0.9951175 -0.09869772 0 -0.9970518 0.07673066 0 -0.9970523 0.0767253 0 0.995118 -0.09869235 0 -0.9918355 -0.1275243 0 0.9977238 -0.06743288 0 0.9951176 -0.09869754 0 -0.98966 -0.1434336 0 0.9943912 0.1057651 0 -0.9998006 -0.01997065 0 0.9977239 -0.06743282 0 -0.9970519 0.0767306 0 -0.9970523 0.0767253 0 0.9951176 -0.0986976 0 0.9925549 0.1217983 0 0.9999976 -0.002222418 0 -0.9896615 -0.1434237 0 -0.9998006 -0.01997095 0 -0.997052 0.0767306 0 0.9951181 -0.09869235 0 0.9951175 -0.0986976 0 0.9943911 0.1057658 0 -0.9965603 -0.08287131 0 0.9999976 -0.002220034 0 -0.9989718 0.04533803 0 0.9951181 -0.09869241 0 -0.9896608 -0.1434283 0 0.9943911 0.1057661 0 -0.9965602 -0.08287155 0 0.9977241 -0.06742942 0 -0.9965606 -0.08286887 -0.9997532 0 -0.02221596 0 0.9999976 -0.002220034 0 -0.9989718 0.04533809 0 0.995118 -0.09869217 0 0.9999976 -0.002222299 0.06486874 -0.9897114 -0.1275279 -0.06503582 0.9922624 0.1057627 0.9976114 0.06540614 -0.02221894 0.06538909 -0.9976599 -0.01997399 -0.9976142 -0.06536501 -0.02221679 -0.06525301 0.9955878 -0.06743216 0.9976128 0.06538373 -0.02221894 0.3188149 -0.9391987 -0.1275262 -0.3196371 0.9416192 0.1057609 0.9466987 0.3213534 -0.02221399 0.3213744 -0.9467417 -0.01996999 -0.9466995 -0.3213511 -0.02221572 0.3204921 -0.9441389 0.07672518 -0.31987 0.9423062 -0.0987026 -1.49251e-6 0 -1 0.5510336 -0.8246817 -0.1275234 -0.5514337 0.8252795 0.1217979 0.8312632 0.555435 -0.02221822 -0.5545406 0.8299297 0.06083923 -0.831252 -0.5554516 -0.02221703 0.5549985 -0.8306149 0.04533821 -0.5528574 0.8274101 -0.09869766 -2.68651e-6 0 -1 0.7440676 -0.6525261 -0.1434336 -0.7476233 0.6556475 0.1057625 0.659194 0.7516449 -0.02221435 -0.6591762 -0.7516604 -0.02221679 -0.7518386 0.6593436 -0.002220869 0.749623 -0.6574029 0.07672524 0.6591804 0.7516568 -0.02221673 3.00816e-7 0 1 0.8875989 -0.437716 -0.1434326 -0.8918425 0.4398085 0.1057626 0.442182 0.8966501 -0.02221822 0.8966937 -0.4422011 -0.01997083 -0.4421747 -0.8966538 -0.02221727 -0.894831 0.4412831 -0.0674315 0.8942281 -0.4409866 0.07672792 0.4421431 0.8966693 -0.02221757 4.77601e-6 0 -1 0.9727773 -0.1934983 -0.1275263 0.1950442 0.9805428 -0.02221828 -0.9789684 0.1947301 0.0608378 0.9805894 -0.1950532 -0.01996922 -0.1950419 -0.9805433 -0.02221781 0.9778943 -0.1945145 0.07672733 -0.9759971 0.194137 -0.09869366 0.1950491 0.9805418 -0.02221685 -9.70103e-7 0 -1 0.9918352 0 -0.127526 0 -0.9997532 -0.02221673 -0.997724 0 -0.06743109 0.997052 0 0.07672929 0 -0.9997532 -0.02221685 0.9970517 0 0.07673251 0 -0.9997532 -0.02221602 0.997052 0 0.07672941 -0.9951182 0 -0.09869134 0 -0.9997532 -0.02221697 -0.9981476 0 0.06084007 -0.9951182 0 -0.09869122 0 -0.9997532 -0.02221655 0 -0.9997532 -0.02221679 -0.9999976 0 -0.002221226 0.997052 0 0.07672935 -0.9951181 0 -0.09869134 0 0.9997532 -0.02221733 0 -0.9997532 -0.02221643 0.9970518 0 0.07673263 -0.9951179 0 -0.09869462 0.9998006 0 -0.01997119 0 -0.9997532 -0.02221673 0.997052 0 0.07672935 0 -0.9997532 -0.02221673 -0.9951178 0 -0.09869456 -0.9981476 0 0.06084007 0.9998006 0 -0.01997119 0 -0.9997532 -0.0222159 0.9896596 0 -0.1434366 -0.9943913 0 0.1057648 0.9965606 0 -0.08286887 -0.9977239 0 -0.06743103 0.997052 0 0.07672923 -0.9951182 0 -0.09869128 0.98966 -2.38163e-6 -0.1434335 0 -0.9997532 -0.02221542 0.9970517 0 0.07673263 -0.9951178 0 -0.09869462 0.9896605 0 -0.1434301 0 0.9997532 -0.02221626 -0.9981476 0 0.06084007 0 -0.9997532 -0.022215 0.9706444 0.1930721 -0.1434323 -0.9734836 -0.193637 0.1217972 0.9774118 0.1944205 -0.08286815 0.1950418 -0.9805432 -0.02221971 -0.9807826 -0.1950916 -0.002219796 0.9797766 0.1948907 0.04533767 -0.1950412 0.9805434 -0.0222159 -0.8901958 -0.4389966 0.1217929 -0.442182 0.8966502 -0.02221679 0.8937877 0.440768 -0.08286798 0.4421685 -0.8966568 -0.02221792 -0.8968698 -0.4422891 -0.002221584 0.89595 0.4418352 0.04533636 -0.8924936 -0.4401313 -0.09868973 -0.4421595 0.8966613 -0.02221584 -1.50407e-7 0 1 -2.83573e-6 0 -1 -0.7462431 -0.6544364 0.1217958 -0.6591939 0.7516447 -0.02221721 0.7492549 0.657077 -0.08286798 -0.7504475 -0.658124 0.06083983 0.6591917 -0.7516468 -0.02221679 -0.7481691 -0.6561273 -0.09869223 -0.6591804 0.7516567 -0.02221417 -0.5524535 -0.8268067 0.1057637 -0.8312633 0.555435 -0.02221679 0.5536589 0.8286101 -0.08286869 0.831252 -0.5554518 -0.02221649 -0.5555678 -0.8314683 -0.002220392 0.5539328 0.8290185 0.07672536 -0.552858 -0.8274101 -0.09869498 -0.8312642 0.5554335 -0.02221709 0 0 1 0.4377171 0.8875983 -0.1434338 -0.4398089 -0.8918421 0.1057633 -0.8966489 0.4421849 -0.02221596 0.8966463 -0.4421899 -0.02221488 0.4418343 0.8959503 0.04533642 -0.441282 -0.8948314 -0.0674327 -0.896659 0.4421645 -0.02221167 -2.388e-6 0 -1 0.1934983 0.9727773 -0.1275267 -0.193997 -0.9752836 0.1057691 -0.9805469 0.1950239 -0.02221769 0.1950517 0.9805897 -0.0199719 0.9805459 -0.1950284 -0.02221709 -0.1950906 -0.9807827 -0.002220869 -0.1941378 -0.9759972 -0.09869229 -0.9805371 0.1950736 -0.02221554 0 0.9970524 0.07672524 0 -0.9943914 0.1057631 0 0.9998005 -0.01997357 0 0.9970523 0.07672542 0 -0.9951175 -0.09869772 0 0.9970518 0.07673066 0 0.9970523 0.0767253 0 -0.995118 -0.09869235 0 0.9918355 -0.1275243 0 -0.9977238 -0.06743288 0 -0.9951176 -0.09869754 0 0.98966 -0.1434336 0 -0.9943912 0.1057651 0 0.9998006 -0.01997065 0 -0.9977239 -0.06743282 0 0.9970519 0.0767306 0 0.9970523 0.0767253 0 -0.9951176 -0.0986976 0 -0.9925549 0.1217983 0 -0.9999976 -0.002222418 0 0.9896615 -0.1434237 0 0.9998006 -0.01997095 0 0.997052 0.0767306 0 -0.9951181 -0.09869235 0 -0.9951175 -0.0986976 0 -0.9943911 0.1057658 0 0.9965603 -0.08287131 0 -0.9999976 -0.002220034 0 0.9989718 0.04533803 0 -0.9951181 -0.09869241 0 0.9896608 -0.1434283 0 -0.9943911 0.1057661 0 0.9965602 -0.08287155 0 -0.9977241 -0.06742942 0 0.9965606 -0.08286887 0.9997532 0 -0.02221596 0 -0.9999976 -0.002220034 0 0.9989718 0.04533809 0 -0.995118 -0.09869217 0 -0.9999976 -0.002222299 -0.06486874 0.9897114 -0.1275279 0.06503582 -0.9922624 0.1057627 -0.9976114 -0.06540614 -0.02221894 -0.06538909 0.9976599 -0.01997399 0.9976142 0.06536501 -0.02221679 0.06525301 -0.9955878 -0.06743216 -0.9976128 -0.06538373 -0.02221894 -0.3188149 0.9391987 -0.1275262 0.3196371 -0.9416192 0.1057609 -0.9466987 -0.3213534 -0.02221399 -0.3213744 0.9467417 -0.01996999 0.9466995 0.3213511 -0.02221572 -0.3204921 0.9441389 0.07672518 0.31987 -0.9423062 -0.0987026 1.49251e-6 0 -1 -0.5510336 0.8246817 -0.1275234 0.5514337 -0.8252795 0.1217979 -0.8312632 -0.555435 -0.02221822 0.5545406 -0.8299297 0.06083923 0.831252 0.5554516 -0.02221703 -0.5549985 0.8306149 0.04533821 0.5528574 -0.8274101 -0.09869766 2.68651e-6 0 -1 -0.7440676 0.6525261 -0.1434336 0.7476233 -0.6556475 0.1057625 -0.659194 -0.7516449 -0.02221435 0.6591762 0.7516604 -0.02221679 0.7518386 -0.6593436 -0.002220869 -0.749623 0.6574029 0.07672524 -0.6591804 -0.7516568 -0.02221673 -3.00816e-7 0 1 -0.8875989 0.437716 -0.1434326 0.8918425 -0.4398085 0.1057626 -0.442182 -0.8966501 -0.02221822 -0.8966937 0.4422011 -0.01997083 0.4421747 0.8966538 -0.02221727 0.894831 -0.4412831 -0.0674315 -0.8942281 0.4409866 0.07672792 -0.4421431 -0.8966693 -0.02221757 -4.77601e-6 0 -1 -0.9727773 0.1934983 -0.1275263 -0.1950442 -0.9805428 -0.02221828 0.9789684 -0.1947301 0.0608378 -0.9805894 0.1950532 -0.01996922 0.1950419 0.9805433 -0.02221781 -0.9778943 0.1945145 0.07672733 0.9759971 -0.194137 -0.09869366 -0.1950491 -0.9805418 -0.02221685 9.70103e-7 0 -1</float_array>
          <technique_common>
            <accessor source="#skirt-mesh-normals-array" count="5334" stride="3">
              <param name="X" type="float"/>
              <param name="Y" type="float"/>
              <param name="Z" type="float"/>
            </accessor>
          </technique_common>
        </source>
        <vertices id="skirt-mesh-vertices">
          <input semantic="POSITION" source="#skirt-mesh-positions"/>
        </vertices>
        <triangles material="neoprene-material" count="3360">
          <input semantic="VERTEX" source="#skirt-mesh-vertices" offset="0"/>
          <input semantic="NORMAL" source="#skirt-mesh-normals" offset="1"/>
          <p>14 0 1 1 0 2 15 3 2 4 1 1 16 5 3 6 2 4 17 7 4 8 3 6 18 9 5 10 4 8 19 11 6 12 5 10 20 13 7 14 6 12 21 15 8 16 7 14 22 17 9 18 8 16 23 19 10 20 9 18 24 21 11 22 10 20 25 23 12 24 11 22 26 25 13 26 12 24 27 27 0 2 13 26 28 28 15 3 14 0 29 29 16 5 15 3 30 30 17 7 16 5 31 31 18 9 17 7 32 32 19 11 18 9 33 11 20 13 19 11 34 33 21 15 20 13 35 34 22 17 21 15 36 35 23 19 22 17 37 36 24 21 23 19 38 37 25 23 24 21 39 38 26 25 25 23 40 39 27 27 26 25 41 40 14 0 27 27 42 41 29 29 28 28 43 42 30 30 29 29 44 30 31 31 30 30 45 31 32 32 31 31 46 9 33 11 32 32 47 11 34 33 33 11 48 43 35 34 34 33 49 44 36 35 35 34 50 45 37 36 36 35 51 36 38 37 37 36 52 37 39 38 38 37 53 23 40 39 39 38 54 39 41 40 40 39 55 46 28 28 41 40 56 47 43 42 42 41 57 48 44 30 43 42 58 30 45 31 44 30 59 49 46 9 45 31 60 50 47 11 46 9 61 51 48 43 47 11 62 43 49 44 48 43 63 15 50 45 49 44 64 52 51 36 50 45 65 53 52 37 51 36 66 54 53 23 52 37 67 55 54 39 53 23 68 39 55 46 54 39 69 46 42 41 55 46 70 56 57 48 56 47 71 42 58 30 57 48 72 30 59 49 58 30 73 49 60 50 59 49 74 50 61 51 60 50 75 11 62 43 61 51 76 43 63 15 62 43 77 57 64 52 63 15 78 45 65 53 64 52 79 36 66 54 65 53 80 54 67 55 66 54 81 55 68 39 67 55 82 39 69 46 68 39 83 40 56 47 69 46 84 41 71 42 70 56 85 48 72 30 71 42 86 58 73 49 72 30 87 59 74 50 73 49 88 60 75 11 74 50 89 11 76 43 75 11 90 61 77 57 76 43 91 62 78 45 77 57 92 52 79 36 78 45 93 36 80 54 79 36 94 63 81 55 80 54 95 64 82 39 81 55 96 39 83 40 82 39 97 40 70 56 83 40 98 41 85 48 84 41 99 3 86 58 85 48 100 58 87 59 86 58 101 49 88 60 87 59 102 9 89 11 88 60 103 11 90 61 89 11 104 43 91 62 90 61 105 65 92 52 91 62 106 45 93 36 92 52 107 36 94 63 93 36 108 54 95 64 94 63 109 23 96 39 95 64 110 39 97 40 96 39 111 46 84 41 97 40 112 47 99 3 98 41 113 48 100 58 99 3 114 30 101 49 100 58 115 49 102 9 101 49 116 32 103 11 102 9 117 11 104 43 103 11 118 43 105 65 104 43 119 34 106 45 105 65 120 52 107 36 106 45 121 36 108 54 107 36 122 54 109 23 108 54 123 38 110 39 109 23 124 25 111 46 110 39 125 40 98 41 111 46 126 66 113 48 112 47 127 67 114 30 113 48 128 5 115 49 114 30 129 68 116 32 115 49 130 9 117 11 116 32 131 11 118 43 117 11 132 69 119 34 118 43 133 70 120 52 119 34 134 45 121 36 120 52 135 36 122 54 121 36 136 71 123 38 122 54 137 23 124 25 123 38 138 72 125 40 124 25 139 73 112 47 125 40 140 0 127 67 126 66 141 48 128 5 127 67 142 74 129 68 128 5 143 75 130 9 129 68 144 60 131 11 130 9 145 76 132 69 131 11 146 77 133 70 132 69 147 78 134 45 133 70 148 52 135 36 134 45 149 36 136 71 135 36 150 79 137 23 136 71 151 64 138 72 137 23 152 25 139 73 138 72 153 80 126 66 139 73 154 81 141 48 140 0 155 82 142 74 141 48 156 83 143 75 142 74 157 84 144 60 143 75 158 85 145 76 144 60 159 86 146 77 145 76 160 87 147 78 146 77 161 88 148 52 147 78 162 89 149 36 148 52 163 90 150 79 149 36 164 91 151 64 150 79 165 92 152 25 151 64 166 93 153 80 152 25 167 94 140 0 153 80 154 81 169 95 155 82 155 82 170 96 156 83 156 83 171 97 157 84 157 84 172 98 158 85 158 85 173 99 159 86 159 86 174 100 160 87 160 87 175 101 161 88 175 101 162 89 161 88 176 102 163 90 162 89 177 103 164 91 163 90 178 104 165 92 164 91 179 105 166 93 165 92 180 106 167 94 166 93 181 107 154 81 167 94 182 108 169 95 168 109 183 110 170 96 169 95 184 111 171 97 170 96 185 112 172 98 171 97 172 98 187 113 173 99 173 99 188 114 174 100 174 100 189 115 175 101 189 115 176 102 175 101 190 116 177 103 176 102 191 117 178 104 177 103 178 104 193 118 179 105 179 105 194 119 180 106 180 106 195 120 181 107 181 107 182 108 168 109 196 121 183 110 182 108 183 110 198 122 184 111 198 122 185 112 184 111 199 123 186 124 185 112 200 125 187 113 186 124 201 126 188 114 187 113 202 127 189 115 188 114 189 115 204 128 190 116 190 116 205 129 191 117 191 117 206 130 192 131 192 131 207 132 193 118 193 118 208 133 194 119 208 133 195 120 194 119 195 120 196 121 182 108 196 121 211 134 197 135 197 135 212 136 198 122 198 122 213 137 199 123 199 123 214 138 200 125 214 138 201 126 200 125 215 139 202 127 201 126 202 127 217 140 203 141 217 140 204 128 203 141 204 128 219 142 205 129 205 129 220 143 206 130 220 143 207 132 206 130 221 144 208 133 207 132 222 145 209 146 208 133 223 147 196 121 209 146 210 148 225 149 211 134 225 149 212 136 211 134 226 150 213 137 212 136 227 151 214 138 213 137 228 152 215 139 214 138 229 153 216 154 215 139 216 154 231 155 217 140 231 155 218 156 217 140 218 156 233 157 219 142 219 142 234 158 220 143 220 143 235 159 221 144 221 144 236 160 222 145 222 145 237 161 223 147 237 161 210 148 223 147 224 162 239 163 225 149 225 149 240 164 226 150 226 150 241 165 227 151 227 151 242 166 228 152 242 166 229 153 228 152 229 153 244 167 230 168 230 168 245 169 231 155 245 169 232 170 231 155 246 171 233 157 232 170 233 157 248 172 234 158 248 172 235 159 234 158 249 173 236 160 235 159 250 174 237 161 236 160 251 175 224 162 237 161 252 176 239 163 238 177 239 163 254 178 240 164 254 178 241 165 240 164 241 165 256 179 242 166 242 166 257 180 243 181 243 181 258 182 244 167 258 182 245 169 244 167 245 169 260 183 246 171 260 183 247 184 246 171 261 185 248 172 247 184 262 186 249 173 248 172 249 173 264 187 250 174 264 187 251 175 250 174 251 175 252 176 238 177 252 176 267 188 253 189 253 189 268 190 254 178 268 190 255 191 254 178 269 192 256 179 255 191 270 193 257 180 256 179 271 194 258 182 257 180 272 195 259 196 258 182 259 196 274 197 260 183 260 183 275 198 261 185 261 185 276 199 262 186 262 186 277 200 263 201 263 201 278 202 264 187 278 202 265 203 264 187 279 204 252 176 265 203 266 205 281 206 267 188 267 188 282 207 268 190 282 207 269 192 268 190 283 208 270 193 269 192 284 209 271 194 270 193 271 194 286 210 272 195 272 195 287 211 273 212 287 211 274 197 273 212 288 213 275 198 274 197 275 198 290 214 276 199 276 199 291 215 277 200 277 200 292 216 278 202 292 216 279 204 278 202 293 217 266 205 279 204 280 218 295 219 281 206 281 206 296 220 282 207 296 220 283 208 282 207 283 208 298 221 284 209 284 209 299 222 285 223 285 223 300 224 286 210 286 210 301 225 287 211 301 225 288 213 287 211 302 226 289 227 288 213 303 228 290 214 289 227 304 229 291 215 290 214 291 215 306 230 292 216 306 230 293 217 292 216 307 231 280 218 293 217 294 232 309 233 295 219 309 233 296 220 295 219 296 220 311 234 297 235 311 234 298 221 297 235 312 236 299 222 298 221 313 237 300 224 299 222 300 224 315 238 301 225 315 238 302 226 301 225 302 226 317 239 303 228 303 228 318 240 304 229 304 229 319 241 305 242 319 241 306 230 305 242 306 230 321 243 307 231 321 243 294 232 307 231 308 244 323 245 309 233 309 233 324 246 310 247 310 247 325 248 311 234 311 234 326 249 312 236 312 236 327 250 313 237 313 237 328 251 314 252 328 251 315 238 314 252 315 238 330 253 316 254 330 253 317 239 316 254 331 255 318 240 317 239 332 256 319 241 318 240 333 257 320 258 319 241 334 259 321 243 320 258 335 260 308 244 321 243 336 261 323 245 322 262 337 263 324 246 323 245 338 264 325 248 324 246 339 265 326 249 325 248 340 266 327 250 326 249 341 267 328 251 327 250 342 268 329 269 328 251 343 270 330 253 329 269 330 253 345 271 331 255 331 255 346 272 332 256 332 256 347 273 333 257 333 257 348 274 334 259 334 259 349 275 335 260 335 260 336 261 322 262 350 276 337 263 336 261 351 277 338 264 337 263 352 278 339 265 338 264 353 279 340 266 339 265 354 280 341 267 340 266 355 281 342 268 341 267 356 282 343 270 342 268 357 283 344 284 343 270 358 285 345 271 344 284 359 286 346 272 345 271 360 287 347 273 346 272 361 288 348 274 347 273 362 289 349 275 348 274 363 290 336 261 349 275 364 291 351 277 350 276 365 292 352 278 351 277 366 293 353 279 352 278 367 294 354 280 353 279 368 295 355 281 354 280 369 296 356 282 355 281 370 297 357 283 356 282 371 298 358 285 357 283 372 299 359 286 358 285 373 300 360 287 359 286 374 301 361 288 360 287 375 302 362 289 361 288 376 303 363 290 362 289 377 304 350 276 363 290 378 305 365 292 364 291 379 306 366 293 365 292 380 307 367 294 366 293 381 308 368 295 367 294 382 309 369 296 368 295 383 310 370 297 369 296 384 311 371 298 370 297 385 312 372 299 371 298 386 313 373 300 372 299 387 314 374 301 373 300 388 315 375 302 374 301 389 316 376 303 375 302 390 317 377 304 376 303 391 318 364 291 377 304 378 305 393 319 379 306 379 306 394 320 380 307 380 307 395 321 381 308 381 308 396 322 382 309 382 309 397 323 383 310 383 310 398 324 384 311 398 324 385 312 384 311 399 298 386 313 385 312 400 325 387 314 386 313 401 326 388 315 387 314 402 327 389 316 388 315 403 328 390 317 389 316 404 329 391 318 390 317 405 330 378 305 391 318 406 331 393 319 392 332 407 333 394 320 393 319 408 334 395 321 394 320 409 335 396 322 395 321 410 336 397 323 396 322 411 337 398 324 397 323 412 338 399 298 398 324 413 339 400 325 399 298 400 325 415 340 401 326 401 326 416 341 402 327 402 327 417 342 403 328 403 328 418 343 404 329 404 329 419 344 405 330 405 330 406 331 392 332 420 345 407 333 406 331 421 346 408 334 407 333 422 347 409 335 408 334 423 348 410 336 409 335 424 349 411 337 410 336 425 350 412 338 411 337 426 351 413 339 412 338 427 352 414 353 413 339 428 354 415 340 414 353 429 355 416 341 415 340 430 356 417 342 416 341 431 357 418 343 417 342 432 358 419 344 418 343 433 359 406 331 419 344 434 360 421 346 420 345 435 361 422 347 421 346 436 278 423 348 422 347 437 362 424 349 423 348 438 363 425 350 424 349 439 364 426 351 425 350 440 365 427 352 426 351 441 366 428 354 427 352 442 367 429 355 428 354 443 368 430 356 429 355 444 369 431 357 430 356 445 370 432 358 431 357 446 371 433 359 432 358 447 372 420 345 433 359 448 373 435 361 434 360 449 374 436 278 435 361 450 375 437 362 436 278 451 376 438 363 437 362 452 377 439 364 438 363 453 378 440 365 439 364 454 379 441 366 440 365 455 380 442 367 441 366 456 381 443 368 442 367 457 382 444 369 443 368 458 383 445 370 444 369 459 384 446 371 445 370 460 385 447 372 446 371 461 386 434 360 447 372 448 373 463 387 449 374 449 374 464 388 450 375 450 375 465 389 451 376 451 376 466 390 452 377 452 377 467 391 453 378 453 378 468 392 454 379 468 392 455 380 454 379 469 393 456 381 455 380 470 394 457 382 456 381 471 395 458 383 457 382 472 396 459 384 458 383 473 397 460 385 459 384 474 398 461 386 460 385 475 399 448 373 461 386 476 400 463 387 462 401 477 402 464 388 463 387 478 403 465 389 464 388 479 404 466 390 465 389 480 405 467 391 466 390 481 406 468 392 467 391 482 297 469 393 468 392 483 407 470 394 469 393 470 394 485 408 471 395 471 395 486 341 472 396 472 396 487 409 473 397 473 397 488 410 474 398 474 398 489 411 475 399 475 399 476 400 462 401 490 412 477 402 476 400 491 413 478 403 477 402 492 414 479 404 478 403 493 415 480 405 479 404 494 416 481 406 480 405 495 417 482 297 481 406 496 418 483 407 482 297 497 419 484 420 483 407 498 313 485 408 484 420 499 421 486 341 485 408 500 422 487 409 486 341 501 423 488 410 487 409 502 424 489 411 488 410 503 425 476 400 489 411 504 426 491 413 490 412 505 427 492 414 491 413 506 428 493 415 492 414 507 429 494 416 493 415 508 430 495 417 494 416 509 296 496 418 495 417 510 431 497 419 496 418 511 432 498 313 497 419 512 313 499 421 498 313 513 433 500 422 499 421 514 301 501 423 500 422 515 434 502 424 501 423 516 435 503 425 502 424 517 304 490 412 503 425 518 426 505 427 504 426 519 346 506 428 505 427 520 347 507 429 506 428 521 436 508 430 507 429 522 349 509 296 508 430 523 437 510 431 509 296 524 438 511 432 510 431 525 439 512 313 511 432 526 440 513 433 512 313 527 441 514 301 513 433 528 442 515 434 514 301 529 443 516 435 515 434 530 444 517 304 516 435 531 445 504 426 517 304 532 446 519 346 518 426 533 447 520 347 519 346 534 448 521 436 520 347 535 449 522 349 521 436 536 450 523 437 522 349 537 451 524 438 523 437 538 452 525 439 524 438 539 453 526 440 525 439 540 454 527 441 526 440 541 455 528 442 527 441 542 456 529 443 528 442 543 457 530 444 529 443 544 458 531 445 530 444 545 459 518 426 531 445 532 446 547 460 533 447 533 447 548 461 534 448 534 448 549 462 535 449 535 449 550 463 536 450 536 450 551 464 537 451 537 451 552 465 538 452 552 465 539 453 538 452 553 466 540 454 539 453 554 467 541 455 540 454 555 468 542 456 541 455 556 469 543 457 542 456 557 470 544 458 543 457 558 471 545 459 544 458 559 472 532 446 545 459 560 473 547 460 546 474 561 475 548 461 547 460 562 476 549 462 548 461 563 477 550 463 549 462 564 478 551 464 550 463 565 479 552 465 551 464 566 480 553 466 552 465 567 481 554 467 553 466 554 467 569 482 555 468 555 468 570 483 556 469 556 469 571 484 557 470 557 470 572 485 558 471 558 471 573 486 559 472 559 472 560 473 546 474 574 487 561 475 560 473 575 488 562 476 561 475 576 489 563 477 562 476 577 490 564 478 563 477 578 491 565 479 564 478 579 492 566 480 565 479 580 493 567 481 566 480 567 481 582 494 568 495 568 495 583 496 569 482 569 482 584 497 570 483 570 483 585 498 571 484 571 484 586 499 572 485 572 485 587 500 573 486 587 500 560 473 573 486 588 360 575 488 574 487 575 488 590 501 576 489 576 489 591 502 577 490 577 490 592 503 578 491 578 491 593 504 579 492 579 492 594 505 580 493 580 493 595 506 581 507 595 506 582 494 581 507 596 508 583 496 582 494 597 509 584 497 583 496 598 510 585 498 584 497 599 511 586 499 585 498 600 512 587 500 586 499 601 513 574 487 587 500 602 514 589 515 588 360 603 516 590 501 589 515 604 517 591 502 590 501 605 518 592 503 591 502 606 519 593 504 592 503 607 520 594 505 593 504 608 521 595 506 594 505 609 522 596 508 595 506 610 299 597 509 596 508 611 523 598 510 597 509 612 524 599 511 598 510 613 525 600 512 599 511 614 526 601 513 600 512 615 527 588 360 601 513 602 514 617 528 603 516 603 516 618 529 604 517 604 517 619 530 605 518 605 518 620 531 606 519 606 519 621 532 607 520 607 520 622 533 608 521 622 533 609 522 608 521 623 534 610 299 609 522 624 535 611 523 610 299 625 536 612 524 611 523 626 537 613 525 612 524 627 538 614 526 613 525 628 539 615 527 614 526 629 540 602 514 615 527 630 541 617 528 616 542 631 543 618 529 617 528 632 544 619 530 618 529 633 545 620 531 619 530 634 546 621 532 620 531 635 547 622 533 621 532 636 297 623 534 622 533 637 548 624 535 623 534 624 535 639 549 625 536 625 536 640 550 626 537 626 537 641 551 627 538 627 538 642 552 628 539 628 539 643 344 629 540 629 540 630 541 616 542 644 553 631 543 630 541 645 554 632 544 631 543 646 414 633 545 632 544 647 436 634 546 633 545 648 416 635 547 634 546 649 555 636 297 635 547 650 431 637 548 636 297 651 556 638 557 637 548 652 299 639 549 638 557 653 558 640 550 639 549 654 559 641 551 640 550 655 560 642 552 641 551 656 561 643 344 642 552 657 425 630 541 643 344 658 276 645 554 644 553 659 562 646 414 645 554 660 278 647 436 646 414 661 279 648 416 647 436 662 280 649 555 648 416 663 281 650 431 649 555 664 563 651 556 650 431 665 564 652 299 651 556 666 565 653 558 652 299 667 286 654 559 653 558 668 287 655 560 654 559 669 288 656 561 655 560 670 289 657 425 656 561 671 566 644 553 657 425 672 567 659 562 658 276 673 568 660 278 659 562 674 569 661 279 660 278 675 570 662 280 661 279 676 571 663 281 662 280 677 572 664 563 663 281 678 573 665 564 664 563 679 574 666 565 665 564 680 575 667 286 666 565 681 576 668 287 667 286 682 577 669 288 668 287 683 578 670 289 669 288 684 579 671 566 670 289 685 580 658 276 671 566 672 567 687 581 673 568 673 568 688 582 674 569 674 569 689 583 675 570 675 570 690 584 676 571 676 571 691 585 677 572 677 572 692 586 678 573 692 586 679 574 678 573 679 574 694 587 680 575 694 587 681 576 680 575 695 588 682 577 681 576 696 589 683 578 682 577 697 590 684 579 683 578 698 591 685 580 684 579 699 592 672 567 685 580 700 593 687 581 686 594 701 595 688 582 687 581 702 596 689 583 688 582 703 597 690 584 689 583 704 598 691 585 690 584 705 599 692 586 691 585 692 586 707 600 693 601 707 600 694 587 693 601 694 587 709 602 695 588 695 588 710 603 696 589 696 589 711 604 697 590 697 590 712 605 698 591 698 591 713 606 699 592 699 592 700 593 686 594 714 607 701 595 700 593 701 595 716 608 702 596 716 608 703 597 702 596 703 597 718 609 704 598 704 598 719 610 705 599 705 599 720 611 706 612 720 611 707 600 706 612 707 600 722 613 708 614 722 613 709 602 708 614 723 615 710 603 709 602 724 616 711 604 710 603 711 604 726 617 712 605 726 617 713 606 712 605 713 606 714 607 700 593 728 618 715 619 714 607 729 620 716 608 715 619 716 608 731 621 717 622 731 621 718 609 717 622 732 623 719 610 718 609 733 624 720 611 719 610 734 625 721 626 720 611 721 626 736 627 722 613 722 613 737 628 723 615 723 615 738 629 724 616 724 616 739 630 725 631 739 630 726 617 725 631 726 617 741 632 727 633 727 633 728 618 714 607 742 634 729 620 728 618 743 635 730 636 729 620 730 636 745 637 731 621 731 621 746 638 732 623 732 623 747 639 733 624 747 639 734 625 733 624 748 640 735 641 734 625 735 641 750 642 736 627 736 627 751 643 737 628 751 643 738 629 737 628 752 644 739 630 738 629 753 645 740 646 739 630 740 646 755 647 741 632 741 632 742 634 728 618 756 648 743 635 742 634 757 649 744 650 743 635 744 650 759 651 745 637 745 637 760 652 746 638 746 638 761 653 747 639 747 639 762 654 748 640 748 640 763 655 749 656 763 655 750 642 749 656 764 657 751 643 750 642 765 658 752 644 751 643 766 659 753 645 752 644 767 660 754 661 753 645 754 661 769 662 755 647 755 647 756 648 742 634 756 648 771 663 757 649 771 663 758 664 757 649 758 664 773 665 759 651 773 665 760 652 759 651 774 666 761 653 760 652 775 667 762 654 761 653 762 654 777 668 763 655 777 668 764 657 763 655 764 657 779 669 765 658 765 658 780 670 766 659 766 659 781 671 767 660 781 671 768 672 767 660 768 672 783 673 769 662 783 673 756 648 769 662 784 674 771 663 770 675 785 676 772 677 771 663 786 678 773 665 772 677 787 679 774 666 773 665 774 666 789 680 775 667 789 680 776 681 775 667 790 682 777 668 776 681 777 668 792 683 778 684 778 684 793 685 779 669 793 685 780 670 779 669 780 670 795 686 781 671 781 671 796 687 782 688 782 688 797 689 783 673 783 673 784 674 770 675 798 690 785 676 784 674 785 676 800 691 786 678 786 678 801 692 787 679 787 679 802 693 788 694 788 694 803 695 789 680 789 680 804 696 790 682 804 696 791 697 790 682 791 697 806 698 792 683 806 698 793 685 792 683 807 699 794 700 793 685 808 701 795 686 794 700 809 702 796 687 795 686 810 703 797 689 796 687 797 689 798 690 784 674 812 704 799 705 798 690 813 706 800 691 799 705 814 707 801 692 800 691 815 708 802 693 801 692 802 693 817 709 803 695 803 695 818 710 804 696 818 710 805 711 804 696 805 711 820 712 806 698 820 712 807 699 806 698 821 713 808 701 807 699 808 701 823 714 809 702 809 702 824 715 810 703 810 703 825 716 811 717 811 717 812 704 798 690 812 704 827 718 813 706 827 718 814 707 813 706 814 707 829 719 815 708 815 708 830 720 816 721 816 721 831 722 817 709 817 709 832 723 818 710 818 710 833 724 819 725 833 724 820 712 819 725 834 726 821 713 820 712 835 727 822 728 821 713 836 729 823 714 822 728 837 730 824 715 823 714 824 715 839 731 825 716 839 731 812 704 825 716 840 732 827 718 826 733 841 734 828 735 827 718 842 736 829 719 828 735 843 737 830 720 829 719 844 738 831 722 830 720 845 739 832 723 831 722 846 740 833 724 832 723 833 724 848 741 834 726 834 726 849 742 835 727 835 727 850 743 836 729 836 729 851 744 837 730 837 730 852 745 838 746 838 746 853 747 839 731 839 731 840 732 826 733 854 44 841 734 840 732 855 69 842 736 841 734 856 51 843 737 842 736 857 748 844 738 843 737 858 68 845 739 844 738 859 30 846 740 845 739 860 67 847 749 846 740 861 28 848 741 847 749 862 73 849 742 848 741 863 750 850 743 849 742 864 751 851 744 850 743 865 71 852 745 851 744 866 752 853 747 852 745 867 753 840 732 853 747 868 15 855 69 854 44 869 754 856 51 855 69 870 11 857 748 856 51 871 50 858 68 857 748 872 59 859 30 858 68 873 30 860 67 859 30 874 755 861 28 860 67 875 756 862 73 861 28 876 757 863 750 862 73 877 39 864 751 863 750 878 55 865 71 864 751 879 63 866 752 865 71 880 36 867 753 866 752 881 52 854 44 867 753 882 70 869 754 868 15 883 43 870 11 869 754 884 11 871 50 870 11 885 50 872 59 871 50 886 68 873 30 872 59 887 30 874 755 873 30 888 42 875 756 874 755 889 0 876 757 875 756 890 46 877 39 876 757 891 39 878 55 877 39 892 55 879 63 878 55 893 71 880 36 879 63 894 36 881 52 880 36 895 45 868 15 881 52 896 65 883 43 882 70 897 77 884 11 883 43 898 11 885 50 884 11 899 60 886 68 885 50 900 31 887 30 886 68 901 5 888 42 887 30 902 42 889 0 888 42 903 28 890 46 889 0 904 40 891 39 890 46 905 72 892 55 891 39 906 64 893 71 892 55 907 37 894 36 893 71 908 36 895 45 894 36 909 45 882 70 895 45 910 758 897 77 896 65 911 43 898 11 897 77 912 11 899 60 898 11 913 60 900 31 899 60 914 31 901 5 900 31 915 30 902 42 901 5 916 42 903 28 902 42 917 759 904 40 903 28 918 46 905 72 904 40 919 39 906 64 905 72 920 64 907 37 906 64 921 37 908 36 907 37 922 36 909 45 908 36 923 52 896 65 909 45 924 70 911 43 910 758 925 77 912 11 911 43 926 760 913 60 912 11 927 32 914 31 913 60 928 49 915 30 914 31 929 30 916 42 915 30 930 761 917 759 916 42 931 762 918 46 917 759 932 40 919 39 918 46 933 39 920 64 919 39 934 38 921 37 920 64 935 54 922 36 921 37 936 36 923 52 922 36 937 52 910 758 923 52 938 70 925 77 924 70 939 69 926 760 925 77 940 760 927 32 926 760 941 60 928 49 927 32 942 68 929 30 928 49 943 30 930 761 929 30 944 42 931 762 930 761 945 47 932 40 931 762 946 46 933 39 932 40 947 39 934 38 933 39 948 64 935 54 934 38 949 71 936 36 935 54 950 36 937 52 936 36 951 45 924 70 937 52 952 65 939 69 938 70 953 77 940 760 939 69 954 11 941 60 940 760 955 60 942 68 941 60 956 59 943 30 942 68 957 30 944 42 943 30 958 42 945 47 944 42 959 756 946 46 945 47 960 40 947 39 946 46 961 39 948 64 947 39 962 64 949 71 948 64 963 63 950 36 949 71 964 752 951 45 950 36 965 52 938 70 951 45 966 763 953 77 952 65 967 13 954 11 953 77 968 51 955 60 954 11 969 9 956 59 955 60 970 68 957 30 956 59 971 30 958 42 957 30 972 3 959 756 958 42 973 41 960 40 959 756 974 46 961 39 960 40 975 39 962 64 961 39 976 23 963 63 962 64 977 71 964 752 963 63 978 53 965 52 964 752 979 17 952 65 965 52 980 44 967 13 966 763 981 77 968 51 967 13 982 76 969 9 968 51 983 764 970 68 969 9 984 49 971 30 970 68 985 74 972 3 971 30 986 48 973 41 972 3 987 765 974 46 973 41 988 40 975 39 974 46 989 39 976 23 975 39 990 766 977 71 976 23 991 54 978 53 977 71 992 752 979 17 978 53 993 767 966 763 979 17 994 768 981 77 980 44 995 769 982 76 981 77 996 770 983 764 982 76 997 771 984 49 983 764 998 772 985 74 984 49 999 773 986 48 985 74 1000 774 987 765 986 48 1001 775 988 40 987 765 1002 776 989 39 988 40 1003 777 990 766 989 39 1004 778 991 54 990 766 1005 779 992 752 991 54 1006 780 993 767 992 752 1007 781 980 44 993 767 994 768 1009 782 995 769 995 769 1010 783 996 770 996 770 1011 784 997 771 997 771 1012 785 998 772 998 772 1013 786 999 773 999 773 1014 787 1000 774 1000 774 1015 788 1001 775 1015 788 1002 776 1001 775 1016 789 1003 777 1002 776 1017 790 1004 778 1003 777 1018 791 1005 779 1004 778 1019 792 1006 780 1005 779 1020 793 1007 781 1006 780 1021 794 994 768 1007 781 1022 795 1009 782 1008 796 1023 797 1010 783 1009 782 1024 798 1011 784 1010 783 1025 799 1012 785 1011 784 1012 785 1027 800 1013 786 1013 786 1028 801 1014 787 1014 787 1029 802 1015 788 1029 802 1016 789 1015 788 1030 803 1017 790 1016 789 1031 804 1018 791 1017 790 1018 791 1033 805 1019 792 1019 792 1034 806 1020 793 1020 793 1035 807 1021 794 1021 794 1022 795 1008 796 1036 808 1023 797 1022 795 1023 797 1038 809 1024 798 1038 809 1025 799 1024 798 1039 810 1026 811 1025 799 1040 812 1027 800 1026 811 1041 813 1028 801 1027 800 1042 814 1029 802 1028 801 1029 802 1044 815 1030 803 1030 803 1045 816 1031 804 1031 804 1046 817 1032 818 1032 818 1047 819 1033 805 1033 805 1048 820 1034 806 1048 820 1035 807 1034 806 1035 807 1036 808 1022 795 1036 808 1051 821 1037 822 1037 822 1052 823 1038 809 1038 809 1053 824 1039 810 1039 810 1054 825 1040 812 1054 825 1041 813 1040 812 1055 826 1042 814 1041 813 1042 814 1057 827 1043 828 1057 827 1044 815 1043 828 1044 815 1059 829 1045 816 1045 816 1060 830 1046 817 1060 830 1047 819 1046 817 1061 831 1048 820 1047 819 1062 832 1049 833 1048 820 1063 834 1036 808 1049 833 1050 835 1065 836 1051 821 1065 836 1052 823 1051 821 1066 837 1053 824 1052 823 1067 838 1054 825 1053 824 1068 839 1055 826 1054 825 1069 840 1056 841 1055 826 1056 841 1071 842 1057 827 1071 842 1058 843 1057 827 1058 843 1073 844 1059 829 1059 829 1074 845 1060 830 1060 830 1075 846 1061 831 1061 831 1076 847 1062 832 1062 832 1077 848 1063 834 1077 848 1050 835 1063 834 1064 849 1079 850 1065 836 1065 836 1080 851 1066 837 1066 837 1081 852 1067 838 1067 838 1082 853 1068 839 1082 853 1069 840 1068 839 1069 840 1084 854 1070 855 1070 855 1085 856 1071 842 1085 856 1072 857 1071 842 1086 858 1073 844 1072 857 1073 844 1088 859 1074 845 1088 859 1075 846 1074 845 1089 860 1076 847 1075 846 1090 861 1077 848 1076 847 1091 862 1064 849 1077 848 1092 863 1079 850 1078 864 1079 850 1094 865 1080 851 1094 865 1081 852 1080 851 1081 852 1096 866 1082 853 1082 853 1097 867 1083 868 1083 868 1098 869 1084 854 1098 869 1085 856 1084 854 1085 856 1100 870 1086 858 1100 870 1087 871 1086 858 1101 872 1088 859 1087 871 1102 873 1089 860 1088 859 1089 860 1104 874 1090 861 1104 874 1091 862 1090 861 1091 862 1092 863 1078 864 1092 863 1107 875 1093 876 1093 876 1108 877 1094 865 1108 877 1095 878 1094 865 1109 879 1096 866 1095 878 1110 880 1097 867 1096 866 1111 881 1098 869 1097 867 1112 882 1099 883 1098 869 1099 883 1114 884 1100 870 1100 870 1115 885 1101 872 1101 872 1116 886 1102 873 1102 873 1117 887 1103 888 1103 888 1118 889 1104 874 1118 889 1105 890 1104 874 1119 891 1092 863 1105 890 1106 892 1121 893 1107 875 1107 875 1122 894 1108 877 1122 894 1109 879 1108 877 1123 895 1110 880 1109 879 1124 896 1111 881 1110 880 1111 881 1126 897 1112 882 1112 882 1127 898 1113 899 1127 898 1114 884 1113 899 1128 900 1115 885 1114 884 1115 885 1130 901 1116 886 1116 886 1131 902 1117 887 1117 887 1132 903 1118 889 1132 903 1119 891 1118 889 1133 904 1106 892 1119 891 1120 905 1135 906 1121 893 1121 893 1136 907 1122 894 1136 907 1123 895 1122 894 1123 895 1138 908 1124 896 1124 896 1139 909 1125 910 1125 910 1140 911 1126 897 1126 897 1141 912 1127 898 1141 912 1128 900 1127 898 1142 913 1129 914 1128 900 1143 915 1130 901 1129 914 1144 916 1131 902 1130 901 1131 902 1146 917 1132 903 1146 917 1133 904 1132 903 1147 918 1120 905 1133 904 1134 919 1149 920 1135 906 1149 920 1136 907 1135 906 1136 907 1151 921 1137 922 1151 921 1138 908 1137 922 1152 923 1139 909 1138 908 1153 924 1140 911 1139 909 1140 911 1155 925 1141 912 1155 925 1142 913 1141 912 1142 913 1157 926 1143 915 1143 915 1158 927 1144 916 1144 916 1159 928 1145 929 1159 928 1146 917 1145 929 1146 917 1161 930 1147 918 1161 930 1134 919 1147 918 1148 931 1163 932 1149 920 1149 920 1164 933 1150 934 1150 934 1165 935 1151 921 1151 921 1166 936 1152 923 1152 923 1167 937 1153 924 1153 924 1168 938 1154 939 1168 938 1155 925 1154 939 1155 925 1170 940 1156 941 1170 940 1157 926 1156 941 1171 942 1158 927 1157 926 1172 943 1159 928 1158 927 1173 944 1160 945 1159 928 1174 946 1161 930 1160 945 1175 947 1148 931 1161 930 1176 948 1163 932 1162 949 1177 950 1164 933 1163 932 1178 951 1165 935 1164 933 1179 952 1166 936 1165 935 1180 953 1167 937 1166 936 1181 954 1168 938 1167 937 1182 955 1169 956 1168 938 1183 957 1170 940 1169 956 1170 940 1185 958 1171 942 1171 942 1186 959 1172 943 1172 943 1187 960 1173 944 1173 944 1188 961 1174 946 1174 946 1189 962 1175 947 1175 947 1176 948 1162 949 1190 564 1177 950 1176 948 1191 963 1178 951 1177 950 1192 964 1179 952 1178 951 1193 965 1180 953 1179 952 1194 966 1181 954 1180 953 1195 967 1182 955 1181 954 1196 413 1183 957 1182 955 1197 968 1184 969 1183 957 1198 970 1185 958 1184 969 1199 971 1186 959 1185 958 1200 972 1187 960 1186 959 1201 442 1188 961 1187 960 1202 973 1189 962 1188 961 1203 974 1176 948 1189 962 1204 975 1191 963 1190 564 1205 976 1192 964 1191 963 1206 977 1193 965 1192 964 1207 978 1194 966 1193 965 1208 979 1195 967 1194 966 1209 980 1196 413 1195 967 1210 981 1197 968 1196 413 1211 412 1198 970 1197 968 1212 982 1199 971 1198 970 1213 983 1200 972 1199 971 1214 443 1201 442 1200 972 1215 984 1202 973 1201 442 1216 985 1203 974 1202 973 1217 986 1190 564 1203 974 1218 987 1205 976 1204 975 1219 988 1206 977 1205 976 1220 989 1207 978 1206 977 1221 990 1208 979 1207 978 1222 991 1209 980 1208 979 1223 992 1210 981 1209 980 1224 993 1211 412 1210 981 1225 994 1212 982 1211 412 1226 995 1213 983 1212 982 1227 996 1214 443 1213 983 1228 997 1215 984 1214 443 1229 998 1216 985 1215 984 1230 999 1217 986 1216 985 1231 1000 1204 975 1217 986 1218 987 1233 1001 1219 988 1219 988 1234 1002 1220 989 1220 989 1235 1003 1221 990 1221 990 1236 1004 1222 991 1222 991 1237 1005 1223 992 1223 992 1238 1006 1224 993 1238 1006 1225 994 1224 993 1239 412 1226 995 1225 994 1240 1007 1227 996 1226 995 1241 1008 1228 997 1227 996 1242 1009 1229 998 1228 997 1243 1010 1230 999 1229 998 1244 1011 1231 1000 1230 999 1245 1012 1218 987 1231 1000 1246 1013 1233 1001 1232 1014 1247 1015 1234 1002 1233 1001 1248 1016 1235 1003 1234 1002 1249 1017 1236 1004 1235 1003 1250 1018 1237 1005 1236 1004 1251 1019 1238 1006 1237 1005 1252 1020 1239 412 1238 1006 1253 1021 1240 1007 1239 412 1240 1007 1255 1022 1241 1008 1241 1008 1256 1023 1242 1009 1242 1009 1257 1024 1243 1010 1243 1010 1258 1025 1244 1011 1244 1011 1259 1026 1245 1012 1245 1012 1246 1013 1232 1014 1260 1027 1247 1015 1246 1013 1261 1028 1248 1016 1247 1015 1262 1029 1249 1017 1248 1016 1263 1030 1250 1018 1249 1017 1264 1031 1251 1019 1250 1018 1265 1032 1252 1020 1251 1019 1266 1033 1253 1021 1252 1020 1267 1034 1254 1035 1253 1021 1268 1036 1255 1022 1254 1035 1269 1037 1256 1023 1255 1022 1270 1038 1257 1024 1256 1023 1271 1039 1258 1025 1257 1024 1272 1040 1259 1026 1258 1025 1273 1041 1246 1013 1259 1026 1274 419 1261 1028 1260 1027 1275 418 1262 1029 1261 1028 1276 964 1263 1030 1262 1029 1277 1042 1264 1031 1263 1030 1278 1043 1265 1032 1264 1031 1279 1044 1266 1033 1265 1032 1280 427 1267 1034 1266 1033 1281 1045 1268 1036 1267 1034 1282 1046 1269 1037 1268 1036 1283 1047 1270 1038 1269 1037 1284 1048 1271 1039 1270 1038 1285 1049 1272 1040 1271 1039 1286 1050 1273 1041 1272 1040 1287 1051 1260 1027 1273 1041 1288 1052 1275 418 1274 419 1289 1053 1276 964 1275 418 1290 1054 1277 1042 1276 964 1291 1055 1278 1043 1277 1042 1292 1056 1279 1044 1278 1043 1293 1057 1280 427 1279 1044 1294 1058 1281 1045 1280 427 1295 1059 1282 1046 1281 1045 1296 1060 1283 1047 1282 1046 1297 1061 1284 1048 1283 1047 1298 1062 1285 1049 1284 1048 1299 1063 1286 1050 1285 1049 1300 1064 1287 1051 1286 1050 1301 1065 1274 419 1287 1051 1288 1052 1303 1066 1289 1053 1289 1053 1304 1067 1290 1054 1290 1054 1305 1068 1291 1055 1291 1055 1306 1069 1292 1056 1292 1056 1307 1070 1293 1057 1293 1057 1308 1071 1294 1058 1308 1071 1295 1059 1294 1058 1309 1072 1296 1060 1295 1059 1310 1073 1297 1061 1296 1060 1311 1074 1298 1062 1297 1061 1312 1075 1299 1063 1298 1062 1313 1076 1300 1064 1299 1063 1314 1077 1301 1065 1300 1064 1315 1078 1288 1052 1301 1065 1316 1079 1303 1066 1302 1080 1317 1081 1304 1067 1303 1066 1318 1082 1305 1068 1304 1067 1319 1083 1306 1069 1305 1068 1320 1084 1307 1070 1306 1069 1321 1085 1308 1071 1307 1070 1322 981 1309 1072 1308 1071 1323 1086 1310 1073 1309 1072 1310 1073 1325 1087 1311 1074 1311 1074 1326 1023 1312 1075 1312 1075 1327 1088 1313 1076 1313 1076 1328 1089 1314 1077 1314 1077 1329 1090 1315 1078 1315 1078 1316 1079 1302 1080 1330 298 1317 1081 1316 1079 1331 282 1318 1082 1317 1081 1332 1091 1319 1083 1318 1082 1333 1092 1320 1084 1319 1083 1334 1093 1321 1085 1320 1084 1335 1094 1322 981 1321 1085 1336 361 1323 1086 1322 981 1337 360 1324 1095 1323 1086 1338 995 1325 1087 1324 1095 1339 1096 1326 1023 1325 1087 1340 1097 1327 1088 1326 1023 1341 1098 1328 1089 1327 1088 1342 1099 1329 1090 1328 1089 1343 1100 1316 1079 1329 1090 1344 432 1331 282 1330 298 1345 365 1332 1091 1331 282 1346 1101 1333 1092 1332 1091 1347 430 1334 1093 1333 1092 1348 429 1335 1094 1334 1093 1349 980 1336 361 1335 1094 1350 1102 1337 360 1336 361 1351 426 1338 995 1337 360 1352 995 1339 1096 1338 995 1353 1103 1340 1097 1339 1096 1354 443 1341 1098 1340 1097 1355 1104 1342 1099 1341 1098 1356 1105 1343 1100 1342 1099 1357 986 1330 298 1343 1100 1358 432 1345 365 1344 432 1359 1028 1346 1101 1345 365 1360 1029 1347 430 1346 1101 1361 1106 1348 429 1347 430 1362 1031 1349 980 1348 429 1363 1107 1350 1102 1349 980 1364 1108 1351 426 1350 1102 1365 1109 1352 995 1351 426 1366 1110 1353 1103 1352 995 1367 1111 1354 443 1353 1103 1368 288 1355 1104 1354 443 1369 301 1356 1105 1355 1104 1370 1112 1357 986 1356 1105 1371 1113 1344 432 1357 986 1372 1114 1359 1028 1358 432 1373 1115 1360 1029 1359 1028 1374 1116 1361 1106 1360 1029 1375 1117 1362 1031 1361 1106 1376 1118 1363 1107 1362 1031 1377 1119 1364 1108 1363 1107 1378 1120 1365 1109 1364 1108 1379 1121 1366 1110 1365 1109 1380 1122 1367 1111 1366 1110 1381 1123 1368 288 1367 1111 1382 1124 1369 301 1368 288 1383 1125 1370 1112 1369 301 1384 1126 1371 1113 1370 1112 1385 1127 1358 432 1371 1113 1372 1114 1387 1128 1373 1115 1373 1115 1388 1129 1374 1116 1374 1116 1389 1130 1375 1117 1375 1117 1390 1131 1376 1118 1376 1118 1391 1132 1377 1119 1377 1119 1392 1133 1378 1120 1392 1133 1379 1121 1378 1120 1393 1134 1380 1122 1379 1121 1394 1135 1381 1123 1380 1122 1395 1136 1382 1124 1381 1123 1396 1137 1383 1125 1382 1124 1397 1138 1384 1126 1383 1125 1398 1139 1385 1127 1384 1126 1399 1140 1372 1114 1385 1127 1400 1141 1387 1128 1386 1142 1401 1143 1388 1129 1387 1128 1402 1144 1389 1130 1388 1129 1403 1145 1390 1131 1389 1130 1404 1146 1391 1132 1390 1131 1405 1147 1392 1133 1391 1132 1406 1148 1393 1134 1392 1133 1407 1149 1394 1135 1393 1134 1394 1135 1409 1150 1395 1136 1395 1136 1410 1151 1396 1137 1396 1137 1411 1152 1397 1138 1397 1138 1412 1153 1398 1139 1398 1139 1413 1154 1399 1140 1399 1140 1400 1141 1386 1142 1414 1155 1401 1143 1400 1141 1415 1156 1402 1144 1401 1143 1416 1157 1403 1145 1402 1144 1417 1158 1404 1146 1403 1145 1418 1159 1405 1147 1404 1146 1419 1160 1406 1148 1405 1147 1420 1161 1407 1149 1406 1148 1407 1149 1422 1162 1408 1163 1408 1163 1423 1164 1409 1150 1409 1150 1424 1165 1410 1151 1410 1151 1425 1166 1411 1152 1411 1152 1426 1167 1412 1153 1412 1153 1427 1168 1413 1154 1427 1168 1400 1141 1413 1154 1428 419 1415 1156 1414 1155 1415 1156 1430 1169 1416 1157 1416 1157 1431 1170 1417 1158 1417 1158 1432 1171 1418 1159 1418 1159 1433 1172 1419 1160 1419 1160 1434 1173 1420 1161 1420 1161 1435 1174 1421 1175 1435 1174 1422 1162 1421 1175 1436 1176 1423 1164 1422 1162 1437 1177 1424 1165 1423 1164 1438 1178 1425 1166 1424 1165 1439 1179 1426 1167 1425 1166 1440 1180 1427 1168 1426 1167 1441 1181 1414 1155 1427 1168 1442 1182 1429 1183 1428 419 1443 1184 1430 1169 1429 1183 1444 1185 1431 1170 1430 1169 1445 1186 1432 1171 1431 1170 1446 1187 1433 1172 1432 1171 1447 1188 1434 1173 1433 1172 1448 1189 1435 1174 1434 1173 1449 1190 1436 1176 1435 1174 1450 982 1437 1177 1436 1176 1451 1191 1438 1178 1437 1177 1452 1192 1439 1179 1438 1178 1453 1193 1440 1180 1439 1179 1454 1194 1441 1181 1440 1180 1455 1195 1428 419 1441 1181 1442 1182 1457 1196 1443 1184 1443 1184 1458 1197 1444 1185 1444 1185 1459 1198 1445 1186 1445 1186 1460 1199 1446 1187 1446 1187 1461 1200 1447 1188 1447 1188 1462 1201 1448 1189 1462 1201 1449 1190 1448 1189 1463 1202 1450 982 1449 1190 1464 1203 1451 1191 1450 982 1465 1204 1452 1192 1451 1191 1466 1205 1453 1193 1452 1192 1467 1206 1454 1194 1453 1193 1468 1207 1455 1195 1454 1194 1469 1208 1442 1182 1455 1195 1470 1209 1457 1196 1456 1210 1471 1211 1458 1197 1457 1196 1472 1212 1459 1198 1458 1197 1473 1213 1460 1199 1459 1198 1474 1214 1461 1200 1460 1199 1475 1215 1462 1201 1461 1200 1476 981 1463 1202 1462 1201 1477 1216 1464 1203 1463 1202 1464 1203 1479 1217 1465 1204 1465 1204 1480 1218 1466 1205 1466 1205 1481 1219 1467 1206 1467 1206 1482 1220 1468 1207 1468 1207 1483 1026 1469 1208 1469 1208 1470 1209 1456 1210 1484 1221 1471 1211 1470 1209 1485 1222 1472 1212 1471 1211 1486 1091 1473 1213 1472 1212 1487 1106 1474 1214 1473 1213 1488 1093 1475 1215 1474 1214 1489 1223 1476 981 1475 1215 1490 1102 1477 1216 1476 981 1491 1224 1478 1225 1477 1216 1492 982 1479 1217 1478 1225 1493 1226 1480 1218 1479 1217 1494 1227 1481 1219 1480 1218 1495 1228 1482 1220 1481 1219 1496 1229 1483 1026 1482 1220 1497 1100 1470 1209 1483 1026 1498 564 1485 1222 1484 1221 1499 563 1486 1091 1485 1222 1500 964 1487 1106 1486 1091 1501 965 1488 1093 1487 1106 1502 966 1489 1223 1488 1093 1503 967 1490 1102 1489 1223 1504 562 1491 1224 1490 1102 1505 276 1492 982 1491 1224 1506 566 1493 1226 1492 982 1507 971 1494 1227 1493 1226 1508 972 1495 1228 1494 1227 1509 442 1496 1229 1495 1228 1510 973 1497 1100 1496 1229 1511 565 1484 1221 1497 1100 1512 1230 1499 563 1498 564 1513 1231 1500 964 1499 563 1514 1232 1501 965 1500 964 1515 1233 1502 966 1501 965 1516 1234 1503 967 1502 966 1517 1235 1504 562 1503 967 1518 1236 1505 276 1504 562 1519 1237 1506 566 1505 276 1520 1238 1507 971 1506 566 1521 1239 1508 972 1507 971 1522 1240 1509 442 1508 972 1523 1241 1510 973 1509 442 1524 1242 1511 565 1510 973 1525 1243 1498 564 1511 565 1512 1230 1527 1244 1513 1231 1513 1231 1528 1245 1514 1232 1514 1232 1529 1246 1515 1233 1515 1233 1530 1247 1516 1234 1516 1234 1531 1248 1517 1235 1517 1235 1532 1249 1518 1236 1532 1249 1519 1237 1518 1236 1519 1237 1534 1250 1520 1238 1534 1250 1521 1239 1520 1238 1535 1251 1522 1240 1521 1239 1536 1252 1523 1241 1522 1240 1537 1253 1524 1242 1523 1241 1538 1254 1525 1243 1524 1242 1539 1255 1512 1230 1525 1243 1540 1256 1527 1244 1526 1257 1541 1258 1528 1245 1527 1244 1542 1259 1529 1246 1528 1245 1543 1260 1530 1247 1529 1246 1544 1261 1531 1248 1530 1247 1545 1262 1532 1249 1531 1248 1532 1249 1547 1263 1533 1264 1547 1263 1534 1250 1533 1264 1534 1250 1549 1265 1535 1251 1535 1251 1550 1266 1536 1252 1536 1252 1551 1267 1537 1253 1537 1253 1552 1268 1538 1254 1538 1254 1553 1269 1539 1255 1539 1255 1540 1256 1526 1257 1554 1270 1541 1258 1540 1256 1541 1258 1556 1271 1542 1259 1556 1271 1543 1260 1542 1259 1543 1260 1558 1272 1544 1261 1544 1261 1559 1273 1545 1262 1545 1262 1560 1274 1546 1275 1560 1274 1547 1263 1546 1275 1547 1263 1562 1276 1548 1277 1562 1276 1549 1265 1548 1277 1563 1278 1550 1266 1549 1265 1564 1279 1551 1267 1550 1266 1551 1267 1566 1280 1552 1268 1566 1280 1553 1269 1552 1268 1553 1269 1554 1270 1540 1256 1568 1281 1555 1282 1554 1270 1569 1283 1556 1271 1555 1282 1556 1271 1571 1284 1557 1285 1571 1284 1558 1272 1557 1285 1572 1286 1559 1273 1558 1272 1573 1287 1560 1274 1559 1273 1574 1288 1561 1289 1560 1274 1561 1289 1576 1290 1562 1276 1562 1276 1577 1291 1563 1278 1563 1278 1578 1292 1564 1279 1564 1279 1579 1293 1565 1294 1579 1293 1566 1280 1565 1294 1566 1280 1581 1295 1567 1296 1567 1296 1568 1281 1554 1270 1582 1297 1569 1283 1568 1281 1583 1298 1570 1299 1569 1283 1570 1299 1585 1300 1571 1284 1571 1284 1586 1301 1572 1286 1572 1286 1587 1302 1573 1287 1587 1302 1574 1288 1573 1287 1588 1303 1575 1304 1574 1288 1575 1304 1590 1305 1576 1290 1576 1290 1591 1306 1577 1291 1591 1306 1578 1292 1577 1291 1592 1307 1579 1293 1578 1292 1593 1308 1580 1309 1579 1293 1580 1309 1595 1310 1581 1295 1581 1295 1582 1297 1568 1281 1596 1311 1583 1298 1582 1297 1597 1312 1584 1313 1583 1298 1584 1313 1599 1314 1585 1300 1585 1300 1600 1315 1586 1301 1586 1301 1601 1316 1587 1302 1587 1302 1602 1317 1588 1303 1588 1303 1603 1318 1589 1319 1603 1318 1590 1305 1589 1319 1604 1320 1591 1306 1590 1305 1605 1321 1592 1307 1591 1306 1606 1322 1593 1308 1592 1307 1607 1323 1594 1324 1593 1308 1594 1324 1609 1325 1595 1310 1595 1310 1596 1311 1582 1297 1596 1311 1611 1326 1597 1312 1611 1326 1598 1327 1597 1312 1598 1327 1613 1328 1599 1314 1613 1328 1600 1315 1599 1314 1614 1329 1601 1316 1600 1315 1615 1330 1602 1317 1601 1316 1602 1317 1617 1331 1603 1318 1617 1331 1604 1320 1603 1318 1604 1320 1619 1332 1605 1321 1605 1321 1620 1333 1606 1322 1606 1322 1621 1334 1607 1323 1621 1334 1608 1335 1607 1323 1608 1335 1623 1336 1609 1325 1623 1336 1596 1311 1609 1325 1624 1337 1611 1326 1610 1338 1625 1339 1612 1340 1611 1326 1626 1341 1613 1328 1612 1340 1627 1342 1614 1329 1613 1328 1614 1329 1629 1343 1615 1330 1629 1343 1616 1344 1615 1330 1630 1345 1617 1331 1616 1344 1617 1331 1632 1346 1618 1347 1618 1347 1633 1348 1619 1332 1633 1348 1620 1333 1619 1332 1620 1333 1635 1349 1621 1334 1621 1334 1636 1350 1622 1351 1622 1351 1637 1352 1623 1336 1623 1336 1624 1337 1610 1338 1638 1353 1625 1339 1624 1337 1625 1339 1640 1354 1626 1341 1626 1341 1641 1355 1627 1342 1627 1342 1642 1356 1628 1357 1628 1357 1643 1358 1629 1343 1629 1343 1644 1359 1630 1345 1644 1359 1631 1360 1630 1345 1631 1360 1646 1361 1632 1346 1646 1361 1633 1348 1632 1346 1647 1362 1634 1363 1633 1348 1648 1364 1635 1349 1634 1363 1649 1365 1636 1350 1635 1349 1650 1366 1637 1352 1636 1350 1637 1352 1638 1353 1624 1337 1652 1367 1639 1368 1638 1353 1653 1369 1640 1354 1639 1368 1654 1370 1641 1355 1640 1354 1655 1371 1642 1356 1641 1355 1642 1356 1657 1372 1643 1358 1643 1358 1658 1373 1644 1359 1658 1373 1645 1374 1644 1359 1645 1374 1660 1375 1646 1361 1660 1375 1647 1362 1646 1361 1661 1376 1648 1364 1647 1362 1648 1364 1663 1377 1649 1365 1649 1365 1664 1378 1650 1366 1650 1366 1665 1379 1651 1380 1651 1380 1652 1367 1638 1353 1652 1367 1667 1381 1653 1369 1667 1381 1654 1370 1653 1369 1654 1370 1669 1382 1655 1371 1655 1371 1670 1383 1656 1384 1656 1384 1671 1385 1657 1372 1657 1372 1672 1386 1658 1373 1658 1373 1673 1387 1659 1388 1673 1387 1660 1375 1659 1388 1674 1389 1661 1376 1660 1375 1675 1390 1662 1391 1661 1376 1676 1392 1663 1377 1662 1391 1677 1393 1664 1378 1663 1377 1664 1378 1679 1394 1665 1379 1679 1394 1652 1367 1665 1379 0 2 1667 1381 1666 1395 1 1 1668 1396 1667 1381 2 4 1669 1382 1668 1396 3 6 1670 1383 1669 1382 4 8 1671 1385 1670 1383 5 10 1672 1386 1671 1385 6 12 1673 1387 1672 1386 1673 1387 8 16 1674 1389 1674 1389 9 18 1675 1390 1675 1390 10 20 1676 1392 1676 1392 11 22 1677 1393 1677 1393 12 24 1678 1397 1678 1397 13 26 1679 1394 1679 1394 0 2 1666 1395 14 0 15 3 1 1 15 3 16 5 2 4 16 5 17 7 3 6 17 7 18 9 4 8 18 9 19 11 5 10 19 11 20 13 6 12 20 13 21 15 7 14 21 15 22 17 8 16 22 17 23 19 9 18 23 19 24 21 10 20 24 21 25 23 11 22 25 23 26 25 12 24 26 25 27 27 13 26 27 27 14 0 0 2 28 28 29 29 15 3 29 29 30 30 16 5 30 30 31 31 17 7 31 31 32 32 18 9 32 32 33 11 19 11 33 11 34 33 20 13 34 33 35 34 21 15 35 34 36 35 22 17 36 35 37 36 23 19 37 36 38 37 24 21 38 37 39 38 25 23 39 38 40 39 26 25 40 39 41 40 27 27 41 40 28 28 14 0 42 41 43 42 29 29 43 42 44 30 30 30 44 30 45 31 31 31 45 31 46 9 32 32 46 9 47 11 33 11 47 11 48 43 34 33 48 43 49 44 35 34 49 44 50 45 36 35 50 45 51 36 37 36 51 36 52 37 38 37 52 37 53 23 39 38 53 23 54 39 40 39 54 39 55 46 41 40 55 46 42 41 28 28 56 47 57 48 43 42 57 48 58 30 44 30 58 30 59 49 45 31 59 49 60 50 46 9 60 50 61 51 47 11 61 51 62 43 48 43 62 43 63 15 49 44 63 15 64 52 50 45 64 52 65 53 51 36 65 53 66 54 52 37 66 54 67 55 53 23 67 55 68 39 54 39 68 39 69 46 55 46 69 46 56 47 42 41 70 56 71 42 57 48 71 42 72 30 58 30 72 30 73 49 59 49 73 49 74 50 60 50 74 50 75 11 61 51 75 11 76 43 62 43 76 43 77 57 63 15 77 57 78 45 64 52 78 45 79 36 65 53 79 36 80 54 66 54 80 54 81 55 67 55 81 55 82 39 68 39 82 39 83 40 69 46 83 40 70 56 56 47 84 41 85 48 71 42 85 48 86 58 72 30 86 58 87 59 73 49 87 59 88 60 74 50 88 60 89 11 75 11 89 11 90 61 76 43 90 61 91 62 77 57 91 62 92 52 78 45 92 52 93 36 79 36 93 36 94 63 80 54 94 63 95 64 81 55 95 64 96 39 82 39 96 39 97 40 83 40 97 40 84 41 70 56 98 41 99 3 85 48 99 3 100 58 86 58 100 58 101 49 87 59 101 49 102 9 88 60 102 9 103 11 89 11 103 11 104 43 90 61 104 43 105 65 91 62 105 65 106 45 92 52 106 45 107 36 93 36 107 36 108 54 94 63 108 54 109 23 95 64 109 23 110 39 96 39 110 39 111 46 97 40 111 46 98 41 84 41 112 47 113 48 99 3 113 48 114 30 100 58 114 30 115 49 101 49 115 49 116 32 102 9 116 32 117 11 103 11 117 11 118 43 104 43 118 43 119 34 105 65 119 34 120 52 106 45 120 52 121 36 107 36 121 36 122 54 108 54 122 54 123 38 109 23 123 38 124 25 110 39 124 25 125 40 111 46 125 40 112 47 98 41 126 66 127 67 113 48 127 67 128 5 114 30 128 5 129 68 115 49 129 68 130 9 116 32 130 9 131 11 117 11 131 11 132 69 118 43 132 69 133 70 119 34 133 70 134 45 120 52 134 45 135 36 121 36 135 36 136 71 122 54 136 71 137 23 123 38 137 23 138 72 124 25 138 72 139 73 125 40 139 73 126 66 112 47 140 0 141 48 127 67 141 48 142 74 128 5 142 74 143 75 129 68 143 75 144 60 130 9 144 60 145 76 131 11 145 76 146 77 132 69 146 77 147 78 133 70 147 78 148 52 134 45 148 52 149 36 135 36 149 36 150 79 136 71 150 79 151 64 137 23 151 64 152 25 138 72 152 25 153 80 139 73 153 80 140 0 126 66 154 81 155 82 141 48 155 82 156 83 142 74 156 83 157 84 143 75 157 84 158 85 144 60 158 85 159 86 145 76 159 86 160 87 146 77 160 87 161 88 147 78 161 88 162 89 148 52 162 89 163 90 149 36 163 90 164 91 150 79 164 91 165 92 151 64 165 92 166 93 152 25 166 93 167 94 153 80 167 94 154 81 140 0 154 81 168 109 169 95 155 82 169 95 170 96 156 83 170 96 171 97 157 84 171 97 172 98 158 85 172 98 173 99 159 86 173 99 174 100 160 87 174 100 175 101 175 101 176 102 162 89 176 102 177 103 163 90 177 103 178 104 164 91 178 104 179 105 165 92 179 105 180 106 166 93 180 106 181 107 167 94 181 107 168 109 154 81 182 108 183 110 169 95 183 110 184 111 170 96 184 111 185 112 171 97 185 112 186 124 172 98 172 98 186 124 187 113 173 99 187 113 188 114 174 100 188 114 189 115 189 115 190 116 176 102 190 116 191 117 177 103 191 117 192 131 178 104 178 104 192 131 193 118 179 105 193 118 194 119 180 106 194 119 195 120 181 107 195 120 182 108 196 121 197 135 183 110 183 110 197 135 198 122 198 122 199 123 185 112 199 123 200 125 186 124 200 125 201 126 187 113 201 126 202 127 188 114 202 127 203 141 189 115 189 115 203 141 204 128 190 116 204 128 205 129 191 117 205 129 206 130 192 131 206 130 207 132 193 118 207 132 208 133 208 133 209 146 195 120 195 120 209 146 196 121 196 121 210 148 211 134 197 135 211 134 212 136 198 122 212 136 213 137 199 123 213 137 214 138 214 138 215 139 201 126 215 139 216 154 202 127 202 127 216 154 217 140 217 140 218 156 204 128 204 128 218 156 219 142 205 129 219 142 220 143 220 143 221 144 207 132 221 144 222 145 208 133 222 145 223 147 209 146 223 147 210 148 196 121 210 148 224 162 225 149 225 149 226 150 212 136 226 150 227 151 213 137 227 151 228 152 214 138 228 152 229 153 215 139 229 153 230 168 216 154 216 154 230 168 231 155 231 155 232 170 218 156 218 156 232 170 233 157 219 142 233 157 234 158 220 143 234 158 235 159 221 144 235 159 236 160 222 145 236 160 237 161 237 161 224 162 210 148 224 162 238 177 239 163 225 149 239 163 240 164 226 150 240 164 241 165 227 151 241 165 242 166 242 166 243 181 229 153 229 153 243 181 244 167 230 168 244 167 245 169 245 169 246 171 232 170 246 171 247 184 233 157 233 157 247 184 248 172 248 172 249 173 235 159 249 173 250 174 236 160 250 174 251 175 237 161 251 175 238 177 224 162 252 176 253 189 239 163 239 163 253 189 254 178 254 178 255 191 241 165 241 165 255 191 256 179 242 166 256 179 257 180 243 181 257 180 258 182 258 182 259 196 245 169 245 169 259 196 260 183 260 183 261 185 247 184 261 185 262 186 248 172 262 186 263 201 249 173 249 173 263 201 264 187 264 187 265 203 251 175 251 175 265 203 252 176 252 176 266 205 267 188 253 189 267 188 268 190 268 190 269 192 255 191 269 192 270 193 256 179 270 193 271 194 257 180 271 194 272 195 258 182 272 195 273 212 259 196 259 196 273 212 274 197 260 183 274 197 275 198 261 185 275 198 276 199 262 186 276 199 277 200 263 201 277 200 278 202 278 202 279 204 265 203 279 204 266 205 252 176 266 205 280 218 281 206 267 188 281 206 282 207 282 207 283 208 269 192 283 208 284 209 270 193 284 209 285 223 271 194 271 194 285 223 286 210 272 195 286 210 287 211 287 211 288 213 274 197 288 213 289 227 275 198 275 198 289 227 290 214 276 199 290 214 291 215 277 200 291 215 292 216 292 216 293 217 279 204 293 217 280 218 266 205 280 218 294 232 295 219 281 206 295 219 296 220 296 220 297 235 283 208 283 208 297 235 298 221 284 209 298 221 299 222 285 223 299 222 300 224 286 210 300 224 301 225 301 225 302 226 288 213 302 226 303 228 289 227 303 228 304 229 290 214 304 229 305 242 291 215 291 215 305 242 306 230 306 230 307 231 293 217 307 231 294 232 280 218 294 232 308 244 309 233 309 233 310 247 296 220 296 220 310 247 311 234 311 234 312 236 298 221 312 236 313 237 299 222 313 237 314 252 300 224 300 224 314 252 315 238 315 238 316 254 302 226 302 226 316 254 317 239 303 228 317 239 318 240 304 229 318 240 319 241 319 241 320 258 306 230 306 230 320 258 321 243 321 243 308 244 294 232 308 244 322 262 323 245 309 233 323 245 324 246 310 247 324 246 325 248 311 234 325 248 326 249 312 236 326 249 327 250 313 237 327 250 328 251 328 251 329 269 315 238 315 238 329 269 330 253 330 253 331 255 317 239 331 255 332 256 318 240 332 256 333 257 319 241 333 257 334 259 320 258 334 259 335 260 321 243 335 260 322 262 308 244 336 261 337 263 323 245 337 263 338 264 324 246 338 264 339 265 325 248 339 265 340 266 326 249 340 266 341 267 327 250 341 267 342 268 328 251 342 268 343 270 329 269 343 270 344 284 330 253 330 253 344 284 345 271 331 255 345 271 346 272 332 256 346 272 347 273 333 257 347 273 348 274 334 259 348 274 349 275 335 260 349 275 336 261 350 276 351 277 337 263 351 277 352 278 338 264 352 278 353 279 339 265 353 279 354 280 340 266 354 280 355 281 341 267 355 281 356 282 342 268 356 282 357 283 343 270 357 283 358 285 344 284 358 285 359 286 345 271 359 286 360 287 346 272 360 287 361 288 347 273 361 288 362 289 348 274 362 289 363 290 349 275 363 290 350 276 336 261 364 291 365 292 351 277 365 292 366 293 352 278 366 293 367 294 353 279 367 294 368 295 354 280 368 295 369 296 355 281 369 296 370 297 356 282 370 297 371 298 357 283 371 298 372 299 358 285 372 299 373 300 359 286 373 300 374 301 360 287 374 301 375 302 361 288 375 302 376 303 362 289 376 303 377 304 363 290 377 304 364 291 350 276 378 305 379 306 365 292 379 306 380 307 366 293 380 307 381 308 367 294 381 308 382 309 368 295 382 309 383 310 369 296 383 310 384 311 370 297 384 311 385 312 371 298 385 312 386 313 372 299 386 313 387 314 373 300 387 314 388 315 374 301 388 315 389 316 375 302 389 316 390 317 376 303 390 317 391 318 377 304 391 318 378 305 364 291 378 305 392 332 393 319 379 306 393 319 394 320 380 307 394 320 395 321 381 308 395 321 396 322 382 309 396 322 397 323 383 310 397 323 398 324 398 324 399 298 385 312 399 298 400 325 386 313 400 325 401 326 387 314 401 326 402 327 388 315 402 327 403 328 389 316 403 328 404 329 390 317 404 329 405 330 391 318 405 330 392 332 378 305 406 331 407 333 393 319 407 333 408 334 394 320 408 334 409 335 395 321 409 335 410 336 396 322 410 336 411 337 397 323 411 337 412 338 398 324 412 338 413 339 399 298 413 339 414 353 400 325 400 325 414 353 415 340 401 326 415 340 416 341 402 327 416 341 417 342 403 328 417 342 418 343 404 329 418 343 419 344 405 330 419 344 406 331 420 345 421 346 407 333 421 346 422 347 408 334 422 347 423 348 409 335 423 348 424 349 410 336 424 349 425 350 411 337 425 350 426 351 412 338 426 351 427 352 413 339 427 352 428 354 414 353 428 354 429 355 415 340 429 355 430 356 416 341 430 356 431 357 417 342 431 357 432 358 418 343 432 358 433 359 419 344 433 359 420 345 406 331 434 360 435 361 421 346 435 361 436 278 422 347 436 278 437 362 423 348 437 362 438 363 424 349 438 363 439 364 425 350 439 364 440 365 426 351 440 365 441 366 427 352 441 366 442 367 428 354 442 367 443 368 429 355 443 368 444 369 430 356 444 369 445 370 431 357 445 370 446 371 432 358 446 371 447 372 433 359 447 372 434 360 420 345 448 373 449 374 435 361 449 374 450 375 436 278 450 375 451 376 437 362 451 376 452 377 438 363 452 377 453 378 439 364 453 378 454 379 440 365 454 379 455 380 441 366 455 380 456 381 442 367 456 381 457 382 443 368 457 382 458 383 444 369 458 383 459 384 445 370 459 384 460 385 446 371 460 385 461 386 447 372 461 386 448 373 434 360 448 373 462 401 463 387 449 374 463 387 464 388 450 375 464 388 465 389 451 376 465 389 466 390 452 377 466 390 467 391 453 378 467 391 468 392 468 392 469 393 455 380 469 393 470 394 456 381 470 394 471 395 457 382 471 395 472 396 458 383 472 396 473 397 459 384 473 397 474 398 460 385 474 398 475 399 461 386 475 399 462 401 448 373 476 400 477 402 463 387 477 402 478 403 464 388 478 403 479 404 465 389 479 404 480 405 466 390 480 405 481 406 467 391 481 406 482 297 468 392 482 297 483 407 469 393 483 407 484 420 470 394 470 394 484 420 485 408 471 395 485 408 486 341 472 396 486 341 487 409 473 397 487 409 488 410 474 398 488 410 489 411 475 399 489 411 476 400 490 412 491 413 477 402 491 413 492 414 478 403 492 414 493 415 479 404 493 415 494 416 480 405 494 416 495 417 481 406 495 417 496 418 482 297 496 418 497 419 483 407 497 419 498 313 484 420 498 313 499 421 485 408 499 421 500 422 486 341 500 422 501 423 487 409 501 423 502 424 488 410 502 424 503 425 489 411 503 425 490 412 476 400 504 426 505 427 491 413 505 427 506 428 492 414 506 428 507 429 493 415 507 429 508 430 494 416 508 430 509 296 495 417 509 296 510 431 496 418 510 431 511 432 497 419 511 432 512 313 498 313 512 313 513 433 499 421 513 433 514 301 500 422 514 301 515 434 501 423 515 434 516 435 502 424 516 435 517 304 503 425 517 304 504 426 490 412 518 426 519 346 505 427 519 346 520 347 506 428 520 347 521 436 507 429 521 436 522 349 508 430 522 349 523 437 509 296 523 437 524 438 510 431 524 438 525 439 511 432 525 439 526 440 512 313 526 440 527 441 513 433 527 441 528 442 514 301 528 442 529 443 515 434 529 443 530 444 516 435 530 444 531 445 517 304 531 445 518 426 504 426 532 446 533 447 519 346 533 447 534 448 520 347 534 448 535 449 521 436 535 449 536 450 522 349 536 450 537 451 523 437 537 451 538 452 524 438 538 452 539 453 525 439 539 453 540 454 526 440 540 454 541 455 527 441 541 455 542 456 528 442 542 456 543 457 529 443 543 457 544 458 530 444 544 458 545 459 531 445 545 459 532 446 518 426 532 446 546 474 547 460 533 447 547 460 548 461 534 448 548 461 549 462 535 449 549 462 550 463 536 450 550 463 551 464 537 451 551 464 552 465 552 465 553 466 539 453 553 466 554 467 540 454 554 467 555 468 541 455 555 468 556 469 542 456 556 469 557 470 543 457 557 470 558 471 544 458 558 471 559 472 545 459 559 472 546 474 532 446 560 473 561 475 547 460 561 475 562 476 548 461 562 476 563 477 549 462 563 477 564 478 550 463 564 478 565 479 551 464 565 479 566 480 552 465 566 480 567 481 553 466 567 481 568 495 554 467 554 467 568 495 569 482 555 468 569 482 570 483 556 469 570 483 571 484 557 470 571 484 572 485 558 471 572 485 573 486 559 472 573 486 560 473 574 487 575 488 561 475 575 488 576 489 562 476 576 489 577 490 563 477 577 490 578 491 564 478 578 491 579 492 565 479 579 492 580 493 566 480 580 493 581 507 567 481 567 481 581 507 582 494 568 495 582 494 583 496 569 482 583 496 584 497 570 483 584 497 585 498 571 484 585 498 586 499 572 485 586 499 587 500 587 500 574 487 560 473 588 360 589 515 575 488 575 488 589 515 590 501 576 489 590 501 591 502 577 490 591 502 592 503 578 491 592 503 593 504 579 492 593 504 594 505 580 493 594 505 595 506 595 506 596 508 582 494 596 508 597 509 583 496 597 509 598 510 584 497 598 510 599 511 585 498 599 511 600 512 586 499 600 512 601 513 587 500 601 513 588 360 574 487 602 514 603 516 589 515 603 516 604 517 590 501 604 517 605 518 591 502 605 518 606 519 592 503 606 519 607 520 593 504 607 520 608 521 594 505 608 521 609 522 595 506 609 522 610 299 596 508 610 299 611 523 597 509 611 523 612 524 598 510 612 524 613 525 599 511 613 525 614 526 600 512 614 526 615 527 601 513 615 527 602 514 588 360 602 514 616 542 617 528 603 516 617 528 618 529 604 517 618 529 619 530 605 518 619 530 620 531 606 519 620 531 621 532 607 520 621 532 622 533 622 533 623 534 609 522 623 534 624 535 610 299 624 535 625 536 611 523 625 536 626 537 612 524 626 537 627 538 613 525 627 538 628 539 614 526 628 539 629 540 615 527 629 540 616 542 602 514 630 541 631 543 617 528 631 543 632 544 618 529 632 544 633 545 619 530 633 545 634 546 620 531 634 546 635 547 621 532 635 547 636 297 622 533 636 297 637 548 623 534 637 548 638 557 624 535 624 535 638 557 639 549 625 536 639 549 640 550 626 537 640 550 641 551 627 538 641 551 642 552 628 539 642 552 643 344 629 540 643 344 630 541 644 553 645 554 631 543 645 554 646 414 632 544 646 414 647 436 633 545 647 436 648 416 634 546 648 416 649 555 635 547 649 555 650 431 636 297 650 431 651 556 637 548 651 556 652 299 638 557 652 299 653 558 639 549 653 558 654 559 640 550 654 559 655 560 641 551 655 560 656 561 642 552 656 561 657 425 643 344 657 425 644 553 630 541 658 276 659 562 645 554 659 562 660 278 646 414 660 278 661 279 647 436 661 279 662 280 648 416 662 280 663 281 649 555 663 281 664 563 650 431 664 563 665 564 651 556 665 564 666 565 652 299 666 565 667 286 653 558 667 286 668 287 654 559 668 287 669 288 655 560 669 288 670 289 656 561 670 289 671 566 657 425 671 566 658 276 644 553 672 567 673 568 659 562 673 568 674 569 660 278 674 569 675 570 661 279 675 570 676 571 662 280 676 571 677 572 663 281 677 572 678 573 664 563 678 573 679 574 665 564 679 574 680 575 666 565 680 575 681 576 667 286 681 576 682 577 668 287 682 577 683 578 669 288 683 578 684 579 670 289 684 579 685 580 671 566 685 580 672 567 658 276 672 567 686 594 687 581 673 568 687 581 688 582 674 569 688 582 689 583 675 570 689 583 690 584 676 571 690 584 691 585 677 572 691 585 692 586 692 586 693 601 679 574 679 574 693 601 694 587 694 587 695 588 681 576 695 588 696 589 682 577 696 589 697 590 683 578 697 590 698 591 684 579 698 591 699 592 685 580 699 592 686 594 672 567 700 593 701 595 687 581 701 595 702 596 688 582 702 596 703 597 689 583 703 597 704 598 690 584 704 598 705 599 691 585 705 599 706 612 692 586 692 586 706 612 707 600 707 600 708 614 694 587 694 587 708 614 709 602 695 588 709 602 710 603 696 589 710 603 711 604 697 590 711 604 712 605 698 591 712 605 713 606 699 592 713 606 700 593 714 607 715 619 701 595 701 595 715 619 716 608 716 608 717 622 703 597 703 597 717 622 718 609 704 598 718 609 719 610 705 599 719 610 720 611 720 611 721 626 707 600 707 600 721 626 722 613 722 613 723 615 709 602 723 615 724 616 710 603 724 616 725 631 711 604 711 604 725 631 726 617 726 617 727 633 713 606 713 606 727 633 714 607 728 618 729 620 715 619 729 620 730 636 716 608 716 608 730 636 731 621 731 621 732 623 718 609 732 623 733 624 719 610 733 624 734 625 720 611 734 625 735 641 721 626 721 626 735 641 736 627 722 613 736 627 737 628 723 615 737 628 738 629 724 616 738 629 739 630 739 630 740 646 726 617 726 617 740 646 741 632 727 633 741 632 728 618 742 634 743 635 729 620 743 635 744 650 730 636 730 636 744 650 745 637 731 621 745 637 746 638 732 623 746 638 747 639 747 639 748 640 734 625 748 640 749 656 735 641 735 641 749 656 750 642 736 627 750 642 751 643 751 643 752 644 738 629 752 644 753 645 739 630 753 645 754 661 740 646 740 646 754 661 755 647 741 632 755 647 742 634 756 648 757 649 743 635 757 649 758 664 744 650 744 650 758 664 759 651 745 637 759 651 760 652 746 638 760 652 761 653 747 639 761 653 762 654 748 640 762 654 763 655 763 655 764 657 750 642 764 657 765 658 751 643 765 658 766 659 752 644 766 659 767 660 753 645 767 660 768 672 754 661 754 661 768 672 769 662 755 647 769 662 756 648 756 648 770 675 771 663 771 663 772 677 758 664 758 664 772 677 773 665 773 665 774 666 760 652 774 666 775 667 761 653 775 667 776 681 762 654 762 654 776 681 777 668 777 668 778 684 764 657 764 657 778 684 779 669 765 658 779 669 780 670 766 659 780 670 781 671 781 671 782 688 768 672 768 672 782 688 783 673 783 673 770 675 756 648 784 674 785 676 771 663 785 676 786 678 772 677 786 678 787 679 773 665 787 679 788 694 774 666 774 666 788 694 789 680 789 680 790 682 776 681 790 682 791 697 777 668 777 668 791 697 792 683 778 684 792 683 793 685 793 685 794 700 780 670 780 670 794 700 795 686 781 671 795 686 796 687 782 688 796 687 797 689 783 673 797 689 784 674 798 690 799 705 785 676 785 676 799 705 800 691 786 678 800 691 801 692 787 679 801 692 802 693 788 694 802 693 803 695 789 680 803 695 804 696 804 696 805 711 791 697 791 697 805 711 806 698 806 698 807 699 793 685 807 699 808 701 794 700 808 701 809 702 795 686 809 702 810 703 796 687 810 703 811 717 797 689 797 689 811 717 798 690 812 704 813 706 799 705 813 706 814 707 800 691 814 707 815 708 801 692 815 708 816 721 802 693 802 693 816 721 817 709 803 695 817 709 818 710 818 710 819 725 805 711 805 711 819 725 820 712 820 712 821 713 807 699 821 713 822 728 808 701 808 701 822 728 823 714 809 702 823 714 824 715 810 703 824 715 825 716 811 717 825 716 812 704 812 704 826 733 827 718 827 718 828 735 814 707 814 707 828 735 829 719 815 708 829 719 830 720 816 721 830 720 831 722 817 709 831 722 832 723 818 710 832 723 833 724 833 724 834 726 820 712 834 726 835 727 821 713 835 727 836 729 822 728 836 729 837 730 823 714 837 730 838 746 824 715 824 715 838 746 839 731 839 731 826 733 812 704 840 732 841 734 827 718 841 734 842 736 828 735 842 736 843 737 829 719 843 737 844 738 830 720 844 738 845 739 831 722 845 739 846 740 832 723 846 740 847 749 833 724 833 724 847 749 848 741 834 726 848 741 849 742 835 727 849 742 850 743 836 729 850 743 851 744 837 730 851 744 852 745 838 746 852 745 853 747 839 731 853 747 840 732 854 44 855 69 841 734 855 69 856 51 842 736 856 51 857 748 843 737 857 748 858 68 844 738 858 68 859 30 845 739 859 30 860 67 846 740 860 67 861 28 847 749 861 28 862 73 848 741 862 73 863 750 849 742 863 750 864 751 850 743 864 751 865 71 851 744 865 71 866 752 852 745 866 752 867 753 853 747 867 753 854 44 840 732 868 15 869 754 855 69 869 754 870 11 856 51 870 11 871 50 857 748 871 50 872 59 858 68 872 59 873 30 859 30 873 30 874 755 860 67 874 755 875 756 861 28 875 756 876 757 862 73 876 757 877 39 863 750 877 39 878 55 864 751 878 55 879 63 865 71 879 63 880 36 866 752 880 36 881 52 867 753 881 52 868 15 854 44 882 70 883 43 869 754 883 43 884 11 870 11 884 11 885 50 871 50 885 50 886 68 872 59 886 68 887 30 873 30 887 30 888 42 874 755 888 42 889 0 875 756 889 0 890 46 876 757 890 46 891 39 877 39 891 39 892 55 878 55 892 55 893 71 879 63 893 71 894 36 880 36 894 36 895 45 881 52 895 45 882 70 868 15 896 65 897 77 883 43 897 77 898 11 884 11 898 11 899 60 885 50 899 60 900 31 886 68 900 31 901 5 887 30 901 5 902 42 888 42 902 42 903 28 889 0 903 28 904 40 890 46 904 40 905 72 891 39 905 72 906 64 892 55 906 64 907 37 893 71 907 37 908 36 894 36 908 36 909 45 895 45 909 45 896 65 882 70 910 758 911 43 897 77 911 43 912 11 898 11 912 11 913 60 899 60 913 60 914 31 900 31 914 31 915 30 901 5 915 30 916 42 902 42 916 42 917 759 903 28 917 759 918 46 904 40 918 46 919 39 905 72 919 39 920 64 906 64 920 64 921 37 907 37 921 37 922 36 908 36 922 36 923 52 909 45 923 52 910 758 896 65 924 70 925 77 911 43 925 77 926 760 912 11 926 760 927 32 913 60 927 32 928 49 914 31 928 49 929 30 915 30 929 30 930 761 916 42 930 761 931 762 917 759 931 762 932 40 918 46 932 40 933 39 919 39 933 39 934 38 920 64 934 38 935 54 921 37 935 54 936 36 922 36 936 36 937 52 923 52 937 52 924 70 910 758 938 70 939 69 925 77 939 69 940 760 926 760 940 760 941 60 927 32 941 60 942 68 928 49 942 68 943 30 929 30 943 30 944 42 930 761 944 42 945 47 931 762 945 47 946 46 932 40 946 46 947 39 933 39 947 39 948 64 934 38 948 64 949 71 935 54 949 71 950 36 936 36 950 36 951 45 937 52 951 45 938 70 924 70 952 65 953 77 939 69 953 77 954 11 940 760 954 11 955 60 941 60 955 60 956 59 942 68 956 59 957 30 943 30 957 30 958 42 944 42 958 42 959 756 945 47 959 756 960 40 946 46 960 40 961 39 947 39 961 39 962 64 948 64 962 64 963 63 949 71 963 63 964 752 950 36 964 752 965 52 951 45 965 52 952 65 938 70 966 763 967 13 953 77 967 13 968 51 954 11 968 51 969 9 955 60 969 9 970 68 956 59 970 68 971 30 957 30 971 30 972 3 958 42 972 3 973 41 959 756 973 41 974 46 960 40 974 46 975 39 961 39 975 39 976 23 962 64 976 23 977 71 963 63 977 71 978 53 964 752 978 53 979 17 965 52 979 17 966 763 952 65 980 44 981 77 967 13 981 77 982 76 968 51 982 76 983 764 969 9 983 764 984 49 970 68 984 49 985 74 971 30 985 74 986 48 972 3 986 48 987 765 973 41 987 765 988 40 974 46 988 40 989 39 975 39 989 39 990 766 976 23 990 766 991 54 977 71 991 54 992 752 978 53 992 752 993 767 979 17 993 767 980 44 966 763 994 768 995 769 981 77 995 769 996 770 982 76 996 770 997 771 983 764 997 771 998 772 984 49 998 772 999 773 985 74 999 773 1000 774 986 48 1000 774 1001 775 987 765 1001 775 1002 776 988 40 1002 776 1003 777 989 39 1003 777 1004 778 990 766 1004 778 1005 779 991 54 1005 779 1006 780 992 752 1006 780 1007 781 993 767 1007 781 994 768 980 44 994 768 1008 796 1009 782 995 769 1009 782 1010 783 996 770 1010 783 1011 784 997 771 1011 784 1012 785 998 772 1012 785 1013 786 999 773 1013 786 1014 787 1000 774 1014 787 1015 788 1015 788 1016 789 1002 776 1016 789 1017 790 1003 777 1017 790 1018 791 1004 778 1018 791 1019 792 1005 779 1019 792 1020 793 1006 780 1020 793 1021 794 1007 781 1021 794 1008 796 994 768 1022 795 1023 797 1009 782 1023 797 1024 798 1010 783 1024 798 1025 799 1011 784 1025 799 1026 811 1012 785 1012 785 1026 811 1027 800 1013 786 1027 800 1028 801 1014 787 1028 801 1029 802 1029 802 1030 803 1016 789 1030 803 1031 804 1017 790 1031 804 1032 818 1018 791 1018 791 1032 818 1033 805 1019 792 1033 805 1034 806 1020 793 1034 806 1035 807 1021 794 1035 807 1022 795 1036 808 1037 822 1023 797 1023 797 1037 822 1038 809 1038 809 1039 810 1025 799 1039 810 1040 812 1026 811 1040 812 1041 813 1027 800 1041 813 1042 814 1028 801 1042 814 1043 828 1029 802 1029 802 1043 828 1044 815 1030 803 1044 815 1045 816 1031 804 1045 816 1046 817 1032 818 1046 817 1047 819 1033 805 1047 819 1048 820 1048 820 1049 833 1035 807 1035 807 1049 833 1036 808 1036 808 1050 835 1051 821 1037 822 1051 821 1052 823 1038 809 1052 823 1053 824 1039 810 1053 824 1054 825 1054 825 1055 826 1041 813 1055 826 1056 841 1042 814 1042 814 1056 841 1057 827 1057 827 1058 843 1044 815 1044 815 1058 843 1059 829 1045 816 1059 829 1060 830 1060 830 1061 831 1047 819 1061 831 1062 832 1048 820 1062 832 1063 834 1049 833 1063 834 1050 835 1036 808 1050 835 1064 849 1065 836 1065 836 1066 837 1052 823 1066 837 1067 838 1053 824 1067 838 1068 839 1054 825 1068 839 1069 840 1055 826 1069 840 1070 855 1056 841 1056 841 1070 855 1071 842 1071 842 1072 857 1058 843 1058 843 1072 857 1073 844 1059 829 1073 844 1074 845 1060 830 1074 845 1075 846 1061 831 1075 846 1076 847 1062 832 1076 847 1077 848 1077 848 1064 849 1050 835 1064 849 1078 864 1079 850 1065 836 1079 850 1080 851 1066 837 1080 851 1081 852 1067 838 1081 852 1082 853 1082 853 1083 868 1069 840 1069 840 1083 868 1084 854 1070 855 1084 854 1085 856 1085 856 1086 858 1072 857 1086 858 1087 871 1073 844 1073 844 1087 871 1088 859 1088 859 1089 860 1075 846 1089 860 1090 861 1076 847 1090 861 1091 862 1077 848 1091 862 1078 864 1064 849 1092 863 1093 876 1079 850 1079 850 1093 876 1094 865 1094 865 1095 878 1081 852 1081 852 1095 878 1096 866 1082 853 1096 866 1097 867 1083 868 1097 867 1098 869 1098 869 1099 883 1085 856 1085 856 1099 883 1100 870 1100 870 1101 872 1087 871 1101 872 1102 873 1088 859 1102 873 1103 888 1089 860 1089 860 1103 888 1104 874 1104 874 1105 890 1091 862 1091 862 1105 890 1092 863 1092 863 1106 892 1107 875 1093 876 1107 875 1108 877 1108 877 1109 879 1095 878 1109 879 1110 880 1096 866 1110 880 1111 881 1097 867 1111 881 1112 882 1098 869 1112 882 1113 899 1099 883 1099 883 1113 899 1114 884 1100 870 1114 884 1115 885 1101 872 1115 885 1116 886 1102 873 1116 886 1117 887 1103 888 1117 887 1118 889 1118 889 1119 891 1105 890 1119 891 1106 892 1092 863 1106 892 1120 905 1121 893 1107 875 1121 893 1122 894 1122 894 1123 895 1109 879 1123 895 1124 896 1110 880 1124 896 1125 910 1111 881 1111 881 1125 910 1126 897 1112 882 1126 897 1127 898 1127 898 1128 900 1114 884 1128 900 1129 914 1115 885 1115 885 1129 914 1130 901 1116 886 1130 901 1131 902 1117 887 1131 902 1132 903 1132 903 1133 904 1119 891 1133 904 1120 905 1106 892 1120 905 1134 919 1135 906 1121 893 1135 906 1136 907 1136 907 1137 922 1123 895 1123 895 1137 922 1138 908 1124 896 1138 908 1139 909 1125 910 1139 909 1140 911 1126 897 1140 911 1141 912 1141 912 1142 913 1128 900 1142 913 1143 915 1129 914 1143 915 1144 916 1130 901 1144 916 1145 929 1131 902 1131 902 1145 929 1146 917 1146 917 1147 918 1133 904 1147 918 1134 919 1120 905 1134 919 1148 931 1149 920 1149 920 1150 934 1136 907 1136 907 1150 934 1151 921 1151 921 1152 923 1138 908 1152 923 1153 924 1139 909 1153 924 1154 939 1140 911 1140 911 1154 939 1155 925 1155 925 1156 941 1142 913 1142 913 1156 941 1157 926 1143 915 1157 926 1158 927 1144 916 1158 927 1159 928 1159 928 1160 945 1146 917 1146 917 1160 945 1161 930 1161 930 1148 931 1134 919 1148 931 1162 949 1163 932 1149 920 1163 932 1164 933 1150 934 1164 933 1165 935 1151 921 1165 935 1166 936 1152 923 1166 936 1167 937 1153 924 1167 937 1168 938 1168 938 1169 956 1155 925 1155 925 1169 956 1170 940 1170 940 1171 942 1157 926 1171 942 1172 943 1158 927 1172 943 1173 944 1159 928 1173 944 1174 946 1160 945 1174 946 1175 947 1161 930 1175 947 1162 949 1148 931 1176 948 1177 950 1163 932 1177 950 1178 951 1164 933 1178 951 1179 952 1165 935 1179 952 1180 953 1166 936 1180 953 1181 954 1167 937 1181 954 1182 955 1168 938 1182 955 1183 957 1169 956 1183 957 1184 969 1170 940 1170 940 1184 969 1185 958 1171 942 1185 958 1186 959 1172 943 1186 959 1187 960 1173 944 1187 960 1188 961 1174 946 1188 961 1189 962 1175 947 1189 962 1176 948 1190 564 1191 963 1177 950 1191 963 1192 964 1178 951 1192 964 1193 965 1179 952 1193 965 1194 966 1180 953 1194 966 1195 967 1181 954 1195 967 1196 413 1182 955 1196 413 1197 968 1183 957 1197 968 1198 970 1184 969 1198 970 1199 971 1185 958 1199 971 1200 972 1186 959 1200 972 1201 442 1187 960 1201 442 1202 973 1188 961 1202 973 1203 974 1189 962 1203 974 1190 564 1176 948 1204 975 1205 976 1191 963 1205 976 1206 977 1192 964 1206 977 1207 978 1193 965 1207 978 1208 979 1194 966 1208 979 1209 980 1195 967 1209 980 1210 981 1196 413 1210 981 1211 412 1197 968 1211 412 1212 982 1198 970 1212 982 1213 983 1199 971 1213 983 1214 443 1200 972 1214 443 1215 984 1201 442 1215 984 1216 985 1202 973 1216 985 1217 986 1203 974 1217 986 1204 975 1190 564 1218 987 1219 988 1205 976 1219 988 1220 989 1206 977 1220 989 1221 990 1207 978 1221 990 1222 991 1208 979 1222 991 1223 992 1209 980 1223 992 1224 993 1210 981 1224 993 1225 994 1211 412 1225 994 1226 995 1212 982 1226 995 1227 996 1213 983 1227 996 1228 997 1214 443 1228 997 1229 998 1215 984 1229 998 1230 999 1216 985 1230 999 1231 1000 1217 986 1231 1000 1218 987 1204 975 1218 987 1232 1014 1233 1001 1219 988 1233 1001 1234 1002 1220 989 1234 1002 1235 1003 1221 990 1235 1003 1236 1004 1222 991 1236 1004 1237 1005 1223 992 1237 1005 1238 1006 1238 1006 1239 412 1225 994 1239 412 1240 1007 1226 995 1240 1007 1241 1008 1227 996 1241 1008 1242 1009 1228 997 1242 1009 1243 1010 1229 998 1243 1010 1244 1011 1230 999 1244 1011 1245 1012 1231 1000 1245 1012 1232 1014 1218 987 1246 1013 1247 1015 1233 1001 1247 1015 1248 1016 1234 1002 1248 1016 1249 1017 1235 1003 1249 1017 1250 1018 1236 1004 1250 1018 1251 1019 1237 1005 1251 1019 1252 1020 1238 1006 1252 1020 1253 1021 1239 412 1253 1021 1254 1035 1240 1007 1240 1007 1254 1035 1255 1022 1241 1008 1255 1022 1256 1023 1242 1009 1256 1023 1257 1024 1243 1010 1257 1024 1258 1025 1244 1011 1258 1025 1259 1026 1245 1012 1259 1026 1246 1013 1260 1027 1261 1028 1247 1015 1261 1028 1262 1029 1248 1016 1262 1029 1263 1030 1249 1017 1263 1030 1264 1031 1250 1018 1264 1031 1265 1032 1251 1019 1265 1032 1266 1033 1252 1020 1266 1033 1267 1034 1253 1021 1267 1034 1268 1036 1254 1035 1268 1036 1269 1037 1255 1022 1269 1037 1270 1038 1256 1023 1270 1038 1271 1039 1257 1024 1271 1039 1272 1040 1258 1025 1272 1040 1273 1041 1259 1026 1273 1041 1260 1027 1246 1013 1274 419 1275 418 1261 1028 1275 418 1276 964 1262 1029 1276 964 1277 1042 1263 1030 1277 1042 1278 1043 1264 1031 1278 1043 1279 1044 1265 1032 1279 1044 1280 427 1266 1033 1280 427 1281 1045 1267 1034 1281 1045 1282 1046 1268 1036 1282 1046 1283 1047 1269 1037 1283 1047 1284 1048 1270 1038 1284 1048 1285 1049 1271 1039 1285 1049 1286 1050 1272 1040 1286 1050 1287 1051 1273 1041 1287 1051 1274 419 1260 1027 1288 1052 1289 1053 1275 418 1289 1053 1290 1054 1276 964 1290 1054 1291 1055 1277 1042 1291 1055 1292 1056 1278 1043 1292 1056 1293 1057 1279 1044 1293 1057 1294 1058 1280 427 1294 1058 1295 1059 1281 1045 1295 1059 1296 1060 1282 1046 1296 1060 1297 1061 1283 1047 1297 1061 1298 1062 1284 1048 1298 1062 1299 1063 1285 1049 1299 1063 1300 1064 1286 1050 1300 1064 1301 1065 1287 1051 1301 1065 1288 1052 1274 419 1288 1052 1302 1080 1303 1066 1289 1053 1303 1066 1304 1067 1290 1054 1304 1067 1305 1068 1291 1055 1305 1068 1306 1069 1292 1056 1306 1069 1307 1070 1293 1057 1307 1070 1308 1071 1308 1071 1309 1072 1295 1059 1309 1072 1310 1073 1296 1060 1310 1073 1311 1074 1297 1061 1311 1074 1312 1075 1298 1062 1312 1075 1313 1076 1299 1063 1313 1076 1314 1077 1300 1064 1314 1077 1315 1078 1301 1065 1315 1078 1302 1080 1288 1052 1316 1079 1317 1081 1303 1066 1317 1081 1318 1082 1304 1067 1318 1082 1319 1083 1305 1068 1319 1083 1320 1084 1306 1069 1320 1084 1321 1085 1307 1070 1321 1085 1322 981 1308 1071 1322 981 1323 1086 1309 1072 1323 1086 1324 1095 1310 1073 1310 1073 1324 1095 1325 1087 1311 1074 1325 1087 1326 1023 1312 1075 1326 1023 1327 1088 1313 1076 1327 1088 1328 1089 1314 1077 1328 1089 1329 1090 1315 1078 1329 1090 1316 1079 1330 298 1331 282 1317 1081 1331 282 1332 1091 1318 1082 1332 1091 1333 1092 1319 1083 1333 1092 1334 1093 1320 1084 1334 1093 1335 1094 1321 1085 1335 1094 1336 361 1322 981 1336 361 1337 360 1323 1086 1337 360 1338 995 1324 1095 1338 995 1339 1096 1325 1087 1339 1096 1340 1097 1326 1023 1340 1097 1341 1098 1327 1088 1341 1098 1342 1099 1328 1089 1342 1099 1343 1100 1329 1090 1343 1100 1330 298 1316 1079 1344 432 1345 365 1331 282 1345 365 1346 1101 1332 1091 1346 1101 1347 430 1333 1092 1347 430 1348 429 1334 1093 1348 429 1349 980 1335 1094 1349 980 1350 1102 1336 361 1350 1102 1351 426 1337 360 1351 426 1352 995 1338 995 1352 995 1353 1103 1339 1096 1353 1103 1354 443 1340 1097 1354 443 1355 1104 1341 1098 1355 1104 1356 1105 1342 1099 1356 1105 1357 986 1343 1100 1357 986 1344 432 1330 298 1358 432 1359 1028 1345 365 1359 1028 1360 1029 1346 1101 1360 1029 1361 1106 1347 430 1361 1106 1362 1031 1348 429 1362 1031 1363 1107 1349 980 1363 1107 1364 1108 1350 1102 1364 1108 1365 1109 1351 426 1365 1109 1366 1110 1352 995 1366 1110 1367 1111 1353 1103 1367 1111 1368 288 1354 443 1368 288 1369 301 1355 1104 1369 301 1370 1112 1356 1105 1370 1112 1371 1113 1357 986 1371 1113 1358 432 1344 432 1372 1114 1373 1115 1359 1028 1373 1115 1374 1116 1360 1029 1374 1116 1375 1117 1361 1106 1375 1117 1376 1118 1362 1031 1376 1118 1377 1119 1363 1107 1377 1119 1378 1120 1364 1108 1378 1120 1379 1121 1365 1109 1379 1121 1380 1122 1366 1110 1380 1122 1381 1123 1367 1111 1381 1123 1382 1124 1368 288 1382 1124 1383 1125 1369 301 1383 1125 1384 1126 1370 1112 1384 1126 1385 1127 1371 1113 1385 1127 1372 1114 1358 432 1372 1114 1386 1142 1387 1128 1373 1115 1387 1128 1388 1129 1374 1116 1388 1129 1389 1130 1375 1117 1389 1130 1390 1131 1376 1118 1390 1131 1391 1132 1377 1119 1391 1132 1392 1133 1392 1133 1393 1134 1379 1121 1393 1134 1394 1135 1380 1122 1394 1135 1395 1136 1381 1123 1395 1136 1396 1137 1382 1124 1396 1137 1397 1138 1383 1125 1397 1138 1398 1139 1384 1126 1398 1139 1399 1140 1385 1127 1399 1140 1386 1142 1372 1114 1400 1141 1401 1143 1387 1128 1401 1143 1402 1144 1388 1129 1402 1144 1403 1145 1389 1130 1403 1145 1404 1146 1390 1131 1404 1146 1405 1147 1391 1132 1405 1147 1406 1148 1392 1133 1406 1148 1407 1149 1393 1134 1407 1149 1408 1163 1394 1135 1394 1135 1408 1163 1409 1150 1395 1136 1409 1150 1410 1151 1396 1137 1410 1151 1411 1152 1397 1138 1411 1152 1412 1153 1398 1139 1412 1153 1413 1154 1399 1140 1413 1154 1400 1141 1414 1155 1415 1156 1401 1143 1415 1156 1416 1157 1402 1144 1416 1157 1417 1158 1403 1145 1417 1158 1418 1159 1404 1146 1418 1159 1419 1160 1405 1147 1419 1160 1420 1161 1406 1148 1420 1161 1421 1175 1407 1149 1407 1149 1421 1175 1422 1162 1408 1163 1422 1162 1423 1164 1409 1150 1423 1164 1424 1165 1410 1151 1424 1165 1425 1166 1411 1152 1425 1166 1426 1167 1412 1153 1426 1167 1427 1168 1427 1168 1414 1155 1400 1141 1428 419 1429 1183 1415 1156 1415 1156 1429 1183 1430 1169 1416 1157 1430 1169 1431 1170 1417 1158 1431 1170 1432 1171 1418 1159 1432 1171 1433 1172 1419 1160 1433 1172 1434 1173 1420 1161 1434 1173 1435 1174 1435 1174 1436 1176 1422 1162 1436 1176 1437 1177 1423 1164 1437 1177 1438 1178 1424 1165 1438 1178 1439 1179 1425 1166 1439 1179 1440 1180 1426 1167 1440 1180 1441 1181 1427 1168 1441 1181 1428 419 1414 1155 1442 1182 1443 1184 1429 1183 1443 1184 1444 1185 1430 1169 1444 1185 1445 1186 1431 1170 1445 1186 1446 1187 1432 1171 1446 1187 1447 1188 1433 1172 1447 1188 1448 1189 1434 1173 1448 1189 1449 1190 1435 1174 1449 1190 1450 982 1436 1176 1450 982 1451 1191 1437 1177 1451 1191 1452 1192 1438 1178 1452 1192 1453 1193 1439 1179 1453 1193 1454 1194 1440 1180 1454 1194 1455 1195 1441 1181 1455 1195 1442 1182 1428 419 1442 1182 1456 1210 1457 1196 1443 1184 1457 1196 1458 1197 1444 1185 1458 1197 1459 1198 1445 1186 1459 1198 1460 1199 1446 1187 1460 1199 1461 1200 1447 1188 1461 1200 1462 1201 1462 1201 1463 1202 1449 1190 1463 1202 1464 1203 1450 982 1464 1203 1465 1204 1451 1191 1465 1204 1466 1205 1452 1192 1466 1205 1467 1206 1453 1193 1467 1206 1468 1207 1454 1194 1468 1207 1469 1208 1455 1195 1469 1208 1456 1210 1442 1182 1470 1209 1471 1211 1457 1196 1471 1211 1472 1212 1458 1197 1472 1212 1473 1213 1459 1198 1473 1213 1474 1214 1460 1199 1474 1214 1475 1215 1461 1200 1475 1215 1476 981 1462 1201 1476 981 1477 1216 1463 1202 1477 1216 1478 1225 1464 1203 1464 1203 1478 1225 1479 1217 1465 1204 1479 1217 1480 1218 1466 1205 1480 1218 1481 1219 1467 1206 1481 1219 1482 1220 1468 1207 1482 1220 1483 1026 1469 1208 1483 1026 1470 1209 1484 1221 1485 1222 1471 1211 1485 1222 1486 1091 1472 1212 1486 1091 1487 1106 1473 1213 1487 1106 1488 1093 1474 1214 1488 1093 1489 1223 1475 1215 1489 1223 1490 1102 1476 981 1490 1102 1491 1224 1477 1216 1491 1224 1492 982 1478 1225 1492 982 1493 1226 1479 1217 1493 1226 1494 1227 1480 1218 1494 1227 1495 1228 1481 1219 1495 1228 1496 1229 1482 1220 1496 1229 1497 1100 1483 1026 1497 1100 1484 1221 1470 1209 1498 564 1499 563 1485 1222 1499 563 1500 964 1486 1091 1500 964 1501 965 1487 1106 1501 965 1502 966 1488 1093 1502 966 1503 967 1489 1223 1503 967 1504 562 1490 1102 1504 562 1505 276 1491 1224 1505 276 1506 566 1492 982 1506 566 1507 971 1493 1226 1507 971 1508 972 1494 1227 1508 972 1509 442 1495 1228 1509 442 1510 973 1496 1229 1510 973 1511 565 1497 1100 1511 565 1498 564 1484 1221 1512 1230 1513 1231 1499 563 1513 1231 1514 1232 1500 964 1514 1232 1515 1233 1501 965 1515 1233 1516 1234 1502 966 1516 1234 1517 1235 1503 967 1517 1235 1518 1236 1504 562 1518 1236 1519 1237 1505 276 1519 1237 1520 1238 1506 566 1520 1238 1521 1239 1507 971 1521 1239 1522 1240 1508 972 1522 1240 1523 1241 1509 442 1523 1241 1524 1242 1510 973 1524 1242 1525 1243 1511 565 1525 1243 1512 1230 1498 564 1512 1230 1526 1257 1527 1244 1513 1231 1527 1244 1528 1245 1514 1232 1528 1245 1529 1246 1515 1233 1529 1246 1530 1247 1516 1234 1530 1247 1531 1248 1517 1235 1531 1248 1532 1249 1532 1249 1533 1264 1519 1237 1519 1237 1533 1264 1534 1250 1534 1250 1535 1251 1521 1239 1535 1251 1536 1252 1522 1240 1536 1252 1537 1253 1523 1241 1537 1253 1538 1254 1524 1242 1538 1254 1539 1255 1525 1243 1539 1255 1526 1257 1512 1230 1540 1256 1541 1258 1527 1244 1541 1258 1542 1259 1528 1245 1542 1259 1543 1260 1529 1246 1543 1260 1544 1261 1530 1247 1544 1261 1545 1262 1531 1248 1545 1262 1546 1275 1532 1249 1532 1249 1546 1275 1547 1263 1547 1263 1548 1277 1534 1250 1534 1250 1548 1277 1549 1265 1535 1251 1549 1265 1550 1266 1536 1252 1550 1266 1551 1267 1537 1253 1551 1267 1552 1268 1538 1254 1552 1268 1553 1269 1539 1255 1553 1269 1540 1256 1554 1270 1555 1282 1541 1258 1541 1258 1555 1282 1556 1271 1556 1271 1557 1285 1543 1260 1543 1260 1557 1285 1558 1272 1544 1261 1558 1272 1559 1273 1545 1262 1559 1273 1560 1274 1560 1274 1561 1289 1547 1263 1547 1263 1561 1289 1562 1276 1562 1276 1563 1278 1549 1265 1563 1278 1564 1279 1550 1266 1564 1279 1565 1294 1551 1267 1551 1267 1565 1294 1566 1280 1566 1280 1567 1296 1553 1269 1553 1269 1567 1296 1554 1270 1568 1281 1569 1283 1555 1282 1569 1283 1570 1299 1556 1271 1556 1271 1570 1299 1571 1284 1571 1284 1572 1286 1558 1272 1572 1286 1573 1287 1559 1273 1573 1287 1574 1288 1560 1274 1574 1288 1575 1304 1561 1289 1561 1289 1575 1304 1576 1290 1562 1276 1576 1290 1577 1291 1563 1278 1577 1291 1578 1292 1564 1279 1578 1292 1579 1293 1579 1293 1580 1309 1566 1280 1566 1280 1580 1309 1581 1295 1567 1296 1581 1295 1568 1281 1582 1297 1583 1298 1569 1283 1583 1298 1584 1313 1570 1299 1570 1299 1584 1313 1585 1300 1571 1284 1585 1300 1586 1301 1572 1286 1586 1301 1587 1302 1587 1302 1588 1303 1574 1288 1588 1303 1589 1319 1575 1304 1575 1304 1589 1319 1590 1305 1576 1290 1590 1305 1591 1306 1591 1306 1592 1307 1578 1292 1592 1307 1593 1308 1579 1293 1593 1308 1594 1324 1580 1309 1580 1309 1594 1324 1595 1310 1581 1295 1595 1310 1582 1297 1596 1311 1597 1312 1583 1298 1597 1312 1598 1327 1584 1313 1584 1313 1598 1327 1599 1314 1585 1300 1599 1314 1600 1315 1586 1301 1600 1315 1601 1316 1587 1302 1601 1316 1602 1317 1588 1303 1602 1317 1603 1318 1603 1318 1604 1320 1590 1305 1604 1320 1605 1321 1591 1306 1605 1321 1606 1322 1592 1307 1606 1322 1607 1323 1593 1308 1607 1323 1608 1335 1594 1324 1594 1324 1608 1335 1609 1325 1595 1310 1609 1325 1596 1311 1596 1311 1610 1338 1611 1326 1611 1326 1612 1340 1598 1327 1598 1327 1612 1340 1613 1328 1613 1328 1614 1329 1600 1315 1614 1329 1615 1330 1601 1316 1615 1330 1616 1344 1602 1317 1602 1317 1616 1344 1617 1331 1617 1331 1618 1347 1604 1320 1604 1320 1618 1347 1619 1332 1605 1321 1619 1332 1620 1333 1606 1322 1620 1333 1621 1334 1621 1334 1622 1351 1608 1335 1608 1335 1622 1351 1623 1336 1623 1336 1610 1338 1596 1311 1624 1337 1625 1339 1611 1326 1625 1339 1626 1341 1612 1340 1626 1341 1627 1342 1613 1328 1627 1342 1628 1357 1614 1329 1614 1329 1628 1357 1629 1343 1629 1343 1630 1345 1616 1344 1630 1345 1631 1360 1617 1331 1617 1331 1631 1360 1632 1346 1618 1347 1632 1346 1633 1348 1633 1348 1634 1363 1620 1333 1620 1333 1634 1363 1635 1349 1621 1334 1635 1349 1636 1350 1622 1351 1636 1350 1637 1352 1623 1336 1637 1352 1624 1337 1638 1353 1639 1368 1625 1339 1625 1339 1639 1368 1640 1354 1626 1341 1640 1354 1641 1355 1627 1342 1641 1355 1642 1356 1628 1357 1642 1356 1643 1358 1629 1343 1643 1358 1644 1359 1644 1359 1645 1374 1631 1360 1631 1360 1645 1374 1646 1361 1646 1361 1647 1362 1633 1348 1647 1362 1648 1364 1634 1363 1648 1364 1649 1365 1635 1349 1649 1365 1650 1366 1636 1350 1650 1366 1651 1380 1637 1352 1637 1352 1651 1380 1638 1353 1652 1367 1653 1369 1639 1368 1653 1369 1654 1370 1640 1354 1654 1370 1655 1371 1641 1355 1655 1371 1656 1384 1642 1356 1642 1356 1656 1384 1657 1372 1643 1358 1657 1372 1658 1373 1658 1373 1659 1388 1645 1374 1645 1374 1659 1388 1660 1375 1660 1375 1661 1376 1647 1362 1661 1376 1662 1391 1648 1364 1648 1364 1662 1391 1663 1377 1649 1365 1663 1377 1664 1378 1650 1366 1664 1378 1665 1379 1651 1380 1665 1379 1652 1367 1652 1367 1666 1395 1667 1381 1667 1381 1668 1396 1654 1370 1654 1370 1668 1396 1669 1382 1655 1371 1669 1382 1670 1383 1656 1384 1670 1383 1671 1385 1657 1372 1671 1385 1672 1386 1658 1373 1672 1386 1673 1387 1673 1387 1674 1389 1660 1375 1674 1389 1675 1390 1661 1376 1675 1390 1676 1392 1662 1391 1676 1392 1677 1393 1663 1377 1677 1393 1678 1397 1664 1378 1664 1378 1678 1397 1679 1394 1679 1394 1666 1395 1652 1367 0 2 1 1 1667 1381 1 1 2 4 1668 1396 2 4 3 6 1669 1382 3 6 4 8 1670 1383 4 8 5 10 1671 1385 5 10 6 12 1672 1386 6 12 7 14 1673 1387 1673 1387 7 14 8 16 1674 1389 8 16 9 18 1675 1390 9 18 10 20 1676 1392 10 20 11 22 1677 1393 11 22 12 24 1678 1397 12 24 13 26 1679 1394 13 26 0 2</p>
        </triangles>
        <triangles material="rubber-material" count="5104">
          <input semantic="VERTEX" source="#skirt-mesh-vertices" offset="0"/>
          <input semantic="NORMAL" source="#skirt-mesh-normals" offset="1"/>
          <p>1681 1398 1684 1399 1680 1400 1682 1401 1685 1402 1681 1403 1683 1404 1686 1405 1682 1406 1683 1407 1684 1408 1687 1409 1684 1399 1689 1410 1688 1411 1686 1412 1689 1413 1685 1402 1687 1414 1690 1415 1686 1405 1687 1409 1688 1416 1691 1417 1689 1410 1692 1418 1688 1411 1690 1419 1693 1420 1689 1413 1691 1421 1694 1422 1690 1415 1691 1417 1692 1423 1695 1424 1693 1425 1696 1426 1692 1418 1693 1420 1698 1427 1697 1428 1695 1429 1698 1430 1694 1422 1692 1423 1699 1431 1695 1424 1697 1432 1700 1433 1696 1426 1697 1428 1702 1434 1701 1435 1698 1430 1703 1436 1702 1437 1696 1438 1703 1439 1699 1431 1682 1440 1680 1440 1683 1440 1701 1441 1703 1441 1700 1441 1705 1442 1708 1443 1704 1444 1706 1445 1709 1446 1705 1447 1707 1448 1710 1449 1706 1450 1707 1451 1708 1452 1711 1453 1709 1454 1712 1455 1708 1443 1710 1456 1713 1457 1709 1446 1711 1458 1714 1459 1710 1449 1711 1453 1712 1460 1715 1461 1713 1462 1716 1463 1712 1455 1714 1464 1717 1465 1713 1457 1715 1466 1718 1467 1714 1459 1715 1461 1716 1468 1719 1469 1717 1470 1720 1471 1716 1463 1717 1465 1722 1472 1721 1473 1719 1474 1722 1475 1718 1467 1716 1468 1723 1476 1719 1469 1721 1477 1724 1478 1720 1471 1721 1473 1726 1479 1725 1480 1723 1481 1726 1482 1722 1475 1720 1483 1727 1484 1723 1476 1706 1440 1704 1440 1707 1440 1725 1441 1727 1441 1724 1441 1729 1485 1732 1486 1728 1487 1730 1488 1733 1489 1729 1490 1731 1491 1734 1492 1730 1493 1731 1407 1732 1494 1735 1495 1733 1496 1736 1497 1732 1486 1734 1498 1737 1499 1733 1489 1735 1500 1738 1501 1734 1492 1735 1495 1736 1502 1739 1503 1737 1504 1740 1505 1736 1497 1738 1506 1741 1507 1737 1499 1739 1508 1742 1509 1738 1501 1739 1503 1740 1510 1743 1511 1741 1512 1744 1513 1740 1505 1741 1507 1746 1514 1745 1515 1743 1516 1746 1517 1742 1509 1740 1510 1747 1518 1743 1511 1745 1519 1748 1520 1744 1513 1745 1515 1750 1521 1749 1480 1747 1522 1750 1523 1746 1517 1744 1524 1751 1525 1747 1518 1730 1440 1728 1440 1731 1440 1749 1441 1751 1441 1748 1441 1753 1526 1756 1527 1752 1528 1754 1529 1757 1530 1753 1531 1755 1448 1758 1532 1754 1450 1755 1533 1756 1534 1759 1535 1757 1536 1760 1455 1756 1527 1758 1537 1761 1538 1757 1530 1759 1458 1762 1539 1758 1532 1759 1535 1760 1540 1763 1541 1761 1542 1764 1543 1760 1455 1762 1544 1765 1545 1761 1538 1763 1546 1766 1467 1762 1539 1763 1541 1764 1547 1767 1548 1765 1549 1768 1550 1764 1543 1765 1545 1770 1551 1769 1552 1767 1553 1770 1554 1766 1467 1764 1547 1771 1555 1767 1548 1769 1477 1772 1556 1768 1550 1769 1552 1774 1557 1773 1558 1771 1559 1774 1482 1770 1554 1768 1560 1775 1561 1771 1555 1754 1440 1752 1440 1755 1440 1773 1441 1775 1441 1772 1441 1777 1562 1780 1563 1776 1564 1778 1565 1781 1566 1777 1567 1778 1568 1783 1569 1782 1570 1779 1571 1780 1572 1783 1573 1780 1563 1785 1574 1784 1575 1782 1576 1785 1577 1781 1566 1783 1569 1786 1578 1782 1570 1783 1573 1784 1579 1787 1580 1785 1574 1788 1581 1784 1575 1786 1582 1789 1583 1785 1577 1786 1578 1791 1584 1790 1585 1787 1580 1788 1586 1791 1495 1789 1587 1792 1588 1788 1581 1789 1583 1794 1589 1793 1590 1790 1585 1795 1591 1794 1592 1788 1586 1795 1593 1791 1495 1792 1588 1797 1520 1796 1594 1793 1590 1798 1595 1797 1596 1795 1591 1798 1597 1794 1592 1792 1598 1799 1599 1795 1593 1778 1440 1776 1440 1779 1440 1797 1441 1799 1441 1796 1441 1801 1600 1804 1601 1800 1602 1802 1603 1805 1604 1801 1605 1803 1606 1806 1532 1802 1607 1803 1533 1804 1608 1807 1609 1805 1610 1808 1611 1804 1601 1806 1612 1809 1613 1805 1604 1807 1614 1810 1615 1806 1532 1807 1609 1808 1616 1811 1617 1809 1618 1812 1463 1808 1611 1810 1619 1813 1620 1809 1613 1811 1621 1814 1622 1810 1615 1811 1617 1812 1623 1815 1624 1813 1625 1816 1626 1812 1463 1813 1620 1818 1627 1817 1473 1815 1628 1818 1629 1814 1622 1812 1623 1819 1630 1815 1624 1817 1631 1820 1632 1816 1626 1817 1473 1822 1479 1821 1480 1819 1633 1822 1634 1818 1629 1816 1635 1823 1510 1819 1630 1802 1440 1800 1440 1803 1440 1821 1441 1823 1441 1820 1441 1825 1636 1828 1486 1824 1562 1826 1637 1829 1638 1825 1639 1826 1640 1831 1641 1830 1642 1827 1630 1828 1643 1831 1644 1829 1645 1832 1646 1828 1486 1830 1647 1833 1648 1829 1638 1831 1641 1834 1649 1830 1642 1831 1644 1832 1650 1835 1651 1833 1652 1836 1653 1832 1646 1834 1654 1837 1655 1833 1648 1835 1656 1838 1657 1834 1649 1835 1651 1836 1658 1839 1659 1837 1660 1840 1661 1836 1653 1837 1655 1842 1662 1841 1663 1838 1657 1843 1664 1842 1665 1836 1658 1843 1666 1839 1659 1841 1667 1844 1668 1840 1661 1841 1663 1846 1669 1845 1670 1843 1664 1846 1671 1842 1665 1840 1672 1847 1673 1843 1666 1826 1440 1824 1440 1827 1440 1845 1441 1847 1441 1844 1441 1849 1674 1852 1601 1848 1674 1850 1675 1853 1676 1849 1663 1851 1606 1854 1677 1850 1678 1851 1679 1852 1680 1855 1681 1853 1682 1856 1683 1852 1601 1854 1684 1857 1685 1853 1676 1855 1686 1858 1615 1854 1677 1855 1681 1856 1687 1859 1688 1857 1618 1860 1689 1856 1683 1858 1596 1861 1690 1857 1685 1859 1691 1862 1692 1858 1615 1859 1688 1860 1693 1863 1694 1861 1695 1864 1696 1860 1689 1861 1690 1866 1697 1865 1698 1863 1699 1866 1700 1862 1692 1860 1693 1867 1701 1863 1694 1865 1702 1868 1478 1864 1696 1865 1698 1870 1703 1869 1670 1867 1704 1870 1705 1866 1700 1864 1706 1871 1707 1867 1701 1850 1440 1848 1440 1851 1440 1869 1441 1871 1441 1868 1441 1872 1636 1877 1563 1876 1708 1874 1709 1877 1710 1873 1711 1875 1640 1878 1712 1874 1568 1875 1713 1876 1650 1879 1714 1877 1563 1880 1715 1876 1708 1878 1716 1881 1717 1877 1710 1879 1414 1882 1649 1878 1712 1879 1714 1880 1718 1883 1719 1881 1720 1884 1721 1880 1715 1882 1722 1885 1723 1881 1717 1883 1656 1886 1724 1882 1649 1883 1719 1884 1725 1887 1726 1884 1721 1889 1727 1888 1728 1885 1723 1890 1729 1889 1730 1887 1731 1890 1732 1886 1724 1884 1725 1891 1733 1887 1726 1889 1727 1892 1520 1888 1728 1889 1730 1894 1734 1893 1596 1891 1735 1894 1671 1890 1732 1888 1736 1895 1737 1891 1733 1874 1440 1872 1440 1875 1440 1893 1441 1895 1441 1892 1441 1897 1526 1900 1738 1896 1602 1898 1739 1901 1740 1897 1741 1899 1450 1902 1532 1898 1742 1899 1743 1900 1744 1903 1745 1901 1746 1904 1683 1900 1738 1902 1747 1905 1748 1901 1740 1903 1749 1906 1750 1902 1532 1903 1745 1904 1751 1907 1752 1905 1753 1908 1543 1904 1683 1906 1754 1909 1755 1905 1748 1907 1756 1910 1757 1906 1750 1907 1752 1908 1758 1911 1759 1909 1760 1912 1626 1908 1543 1909 1755 1914 1761 1913 1762 1911 1763 1914 1764 1910 1757 1908 1758 1915 1765 1911 1759 1913 1766 1916 1632 1912 1626 1913 1762 1918 1767 1917 1596 1915 1768 1918 1769 1914 1764 1912 1770 1919 1771 1915 1765 1898 1440 1896 1440 1899 1440 1917 1441 1919 1441 1916 1441 1920 1485 1925 1772 1924 1645 1922 1773 1925 1709 1921 1403 1923 1568 1926 1712 1922 1774 1923 1775 1924 1776 1927 1777 1924 1645 1929 1778 1928 1779 1926 1498 1929 1499 1925 1709 1927 1414 1930 1780 1926 1712 1927 1777 1928 1781 1931 1782 1929 1778 1932 1783 1928 1779 1930 1784 1933 1785 1929 1499 1930 1780 1935 1786 1934 1787 1931 1782 1932 1788 1935 1635 1932 1783 1937 1789 1936 1728 1933 1785 1938 1790 1937 1791 1935 1786 1938 1792 1934 1787 1932 1788 1939 1793 1935 1635 1937 1789 1940 1794 1936 1728 1937 1791 1942 1795 1941 1796 1938 1792 1943 1436 1942 1797 1936 1798 1943 1799 1939 1793 1922 1440 1920 1440 1923 1440 1941 1441 1943 1441 1940 1441 1944 1674 1949 1800 1948 1801 1946 1802 1949 1803 1945 1605 1947 1678 1950 1804 1946 1805 1947 1806 1948 1807 1951 1808 1949 1800 1952 1809 1948 1801 1950 1810 1953 1723 1949 1803 1950 1804 1955 1811 1954 1812 1951 1808 1952 1813 1955 1814 1952 1809 1957 1815 1956 1760 1954 1816 1957 1817 1953 1723 1955 1811 1958 1818 1954 1812 1955 1814 1956 1819 1959 1820 1956 1760 1961 1821 1960 1822 1957 1817 1962 1823 1961 1824 1959 1825 1962 1826 1958 1818 1956 1819 1963 1827 1959 1820 1961 1821 1964 1556 1960 1822 1961 1824 1966 1479 1965 1480 1962 1826 1967 1828 1966 1829 1960 1830 1967 1831 1963 1827 1946 1440 1944 1440 1947 1440 1965 1441 1967 1441 1964 1441 1969 1398 1972 1486 1968 1485 1970 1488 1973 1832 1969 1490 1971 1568 1974 1712 1970 1493 1971 1630 1972 1833 1975 1834 1973 1496 1976 1835 1972 1486 1974 1836 1977 1837 1973 1832 1975 1500 1978 1838 1974 1712 1975 1834 1976 1839 1979 1840 1977 1841 1980 1581 1976 1835 1978 1842 1981 1843 1977 1837 1979 1844 1982 1845 1978 1838 1979 1840 1980 1846 1983 1847 1981 1848 1984 1849 1980 1581 1981 1843 1986 1850 1985 1851 1983 1852 1986 1517 1982 1845 1980 1846 1987 1853 1983 1847 1985 1854 1988 1855 1984 1849 1985 1851 1990 1521 1989 1480 1987 1856 1990 1857 1986 1517 1984 1858 1991 1859 1987 1853 1970 1440 1968 1440 1971 1440 1989 1441 1991 1441 1988 1441 1992 1860 1997 1861 1996 1862 1994 1488 1997 1863 1993 1490 1995 1864 1998 1865 1994 1866 1995 1407 1996 1867 1999 1868 1997 1861 2000 1869 1996 1862 1998 1870 2001 1871 1997 1863 1999 1872 2002 1873 1998 1865 1999 1868 2000 1874 2003 1875 2001 1876 2004 1877 2000 1869 2002 1878 2005 1879 2001 1871 2003 1880 2006 1881 2002 1873 2003 1875 2004 1882 2007 1883 2005 1884 2008 1513 2004 1877 2005 1879 2010 1885 2009 1886 2007 1887 2010 1888 2006 1881 2004 1882 2011 1889 2007 1883 2009 1890 2012 1891 2008 1513 2009 1886 2014 1892 2013 1893 2011 1894 2014 1895 2010 1888 2008 1896 2015 1897 2011 1889 1995 1440 1993 1440 1992 1440 2013 1441 2015 1441 2012 1441 2016 1898 2021 1899 2020 1801 2018 1900 2021 1901 2017 1902 2019 1903 2022 1904 2018 1905 2019 1906 2020 1907 2023 1908 2021 1899 2024 1909 2020 1801 2022 1910 2025 1911 2021 1901 2023 1912 2026 1913 2022 1904 2023 1908 2024 1914 2027 1915 2025 1916 2028 1917 2024 1909 2026 1918 2029 1919 2025 1911 2026 1913 2031 1920 2030 1921 2027 1915 2028 1922 2031 1923 2029 1549 2032 1727 2028 1917 2029 1919 2034 1924 2033 1925 2031 1920 2034 1732 2030 1921 2028 1922 2035 1926 2031 1923 2032 1727 2037 1794 2036 1794 2033 1925 2038 1927 2037 1480 2035 1522 2038 1928 2034 1732 2032 1929 2039 1930 2035 1926 2019 1440 2017 1440 2016 1440 2037 1441 2039 1441 2036 1441 2040 1931 2045 1932 2044 1933 2042 1934 2045 1935 2041 1936 2042 1937 2047 1938 2046 1939 2043 1940 2044 1941 2047 1942 2045 1932 2048 1943 2044 1933 2046 1944 2049 1945 2045 1935 2046 1939 2051 1946 2050 1947 2047 1942 2048 1948 2051 1949 2048 1943 2053 1950 2052 1951 2050 1952 2053 1953 2049 1945 2051 1946 2054 1954 2050 1947 2051 1949 2052 1955 2055 1956 2053 1950 2056 1957 2052 1951 2053 1953 2058 1958 2057 1959 2054 1954 2059 1960 2058 1961 2052 1955 2059 1962 2055 1956 2056 1957 2061 1963 2060 1964 2057 1959 2062 1965 2061 1966 2058 1961 2063 1967 2062 1968 2056 1969 2063 1970 2059 1962 2043 1971 2041 1972 2040 1440 2061 1973 2063 1974 2060 1975 2065 1976 2068 1977 2064 1978 2066 1979 2069 1980 2065 1981 2066 1982 2071 1983 2070 1984 2067 1985 2068 1986 2071 1987 2069 1988 2072 1989 2068 1977 2070 1990 2073 1991 2069 1980 2071 1983 2074 1992 2070 1984 2071 1987 2072 1993 2075 1994 2072 1989 2077 1995 2076 1996 2074 1997 2077 1998 2073 1991 2075 1999 2078 2000 2074 1992 2075 1994 2076 2001 2079 2002 2077 1995 2080 2003 2076 1996 2077 1998 2082 2004 2081 2005 2078 2000 2083 2006 2082 2007 2076 2001 2083 2008 2079 2002 2080 2003 2085 2009 2084 2010 2081 2005 2086 2011 2085 2012 2083 2006 2086 2013 2082 2007 2080 2014 2087 2015 2083 2008 2067 2016 2065 2017 2064 1440 2084 2018 2086 2019 2087 2020 2089 2021 2092 2022 2088 2023 2090 2024 2093 2025 2089 2026 2090 2027 2095 2028 2094 2029 2091 2030 2092 2031 2095 2032 2093 2033 2096 2034 2092 2022 2094 2035 2097 2036 2093 2025 2095 2028 2098 2037 2094 2029 2095 2032 2096 2038 2099 2039 2096 2034 2101 2040 2100 2041 2098 2042 2101 2043 2097 2036 2098 2037 2103 2044 2102 2045 2099 2039 2100 2046 2103 2047 2100 2041 2105 2048 2104 2049 2101 2043 2106 2050 2105 2051 2103 2044 2106 2052 2102 2045 2100 2046 2107 2053 2103 2047 2104 2049 2109 2054 2108 2055 2105 2051 2110 2056 2109 2057 2107 2058 2110 2059 2106 2052 2104 2060 2111 2061 2107 2053 2091 2062 2089 2063 2088 2064 2109 1441 2111 1441 2108 1441 2113 2065 2116 2066 2112 2067 2114 2068 2117 2069 2113 2070 2115 2071 2118 2072 2114 2073 2115 2074 2116 2075 2119 2076 2117 2077 2120 2078 2116 2066 2118 2079 2121 2080 2117 2069 2118 2072 2123 2081 2122 2082 2119 2076 2120 2083 2123 2084 2120 2078 2125 2085 2124 2086 2122 2087 2125 2088 2121 2080 2123 2081 2126 2089 2122 2082 2123 2084 2124 2090 2127 2091 2124 2086 2129 2092 2128 2093 2125 2088 2130 2094 2129 2095 2126 2089 2131 2096 2130 2097 2124 2090 2131 2098 2127 2091 2129 2092 2132 2099 2128 2093 2129 2095 2134 2100 2133 2101 2131 2096 2134 2102 2130 2097 2128 2103 2135 2104 2131 2098 2115 2105 2113 2106 2112 1440 2133 2107 2135 2108 2132 2109 2136 2110 2141 2111 2140 2112 2138 2113 2141 2114 2137 2115 2139 2116 2142 2117 2138 2118 2139 2119 2140 2120 2143 2121 2141 2111 2144 2122 2140 2112 2142 2123 2145 2124 2141 2114 2142 2117 2147 2125 2146 2126 2143 2121 2144 2127 2147 2128 2145 2129 2148 2130 2144 2122 2146 2131 2149 2132 2145 2124 2146 2126 2151 2133 2150 2134 2147 2128 2148 2135 2151 2136 2149 2137 2152 2138 2148 2130 2149 2132 2154 2139 2153 2140 2151 2133 2154 2141 2150 2134 2148 2135 2155 2142 2151 2136 2152 2138 2157 2143 2156 2144 2153 2140 2158 2145 2157 2146 2154 2141 2159 2147 2158 2148 2152 2149 2159 2150 2155 2142 2138 1440 2136 1440 2139 1440 2157 2151 2159 2152 2156 2153 2161 2154 2164 2155 2160 2156 2162 2157 2165 2158 2161 2159 2163 2160 2166 2161 2162 2162 2163 2163 2164 2164 2167 2165 2164 2155 2169 2166 2168 2167 2166 2168 2169 2169 2165 2158 2166 2161 2171 2170 2170 2171 2167 2165 2168 2172 2171 2173 2169 2166 2172 2174 2168 2167 2170 2175 2173 2176 2169 2169 2171 2170 2174 2177 2170 2171 2171 2173 2172 2178 2175 2179 2172 2174 2177 2180 2176 2181 2173 2176 2178 2182 2177 2183 2174 2177 2179 2184 2178 2185 2172 2178 2179 2186 2175 2179 2176 2181 2181 2187 2180 2188 2177 2183 2182 2189 2181 2190 2179 2184 2182 2191 2178 2185 2176 2192 2183 2193 2179 2186 2163 1440 2161 1440 2160 1440 2181 1441 2183 1441 2180 1441 2185 2194 2188 2195 2184 2196 2186 2197 2189 2198 2185 2199 2187 2200 2190 2201 2186 2202 2187 2203 2188 2204 2191 2205 2189 2206 2192 2207 2188 2195 2190 2208 2193 2209 2189 2198 2191 2210 2194 2211 2190 2201 2191 2205 2192 2212 2195 2213 2193 2214 2196 2215 2192 2207 2194 2216 2197 2217 2193 2209 2195 2218 2198 2219 2194 2211 2195 2213 2196 2220 2199 2221 2197 2222 2200 2223 2196 2215 2197 2217 2202 2224 2201 2225 2199 2226 2202 2227 2198 2219 2196 2220 2203 2228 2199 2221 2201 2229 2204 2230 2200 2223 2201 2225 2206 2231 2205 2232 2203 2233 2206 2234 2202 2227 2200 2235 2207 2236 2203 2228 2186 1440 2184 1440 2187 1440 2205 1441 2207 1441 2204 1441 2209 2237 2212 2238 2208 2239 2210 2240 2213 2241 2209 2242 2211 2243 2214 2244 2210 2245 2211 2246 2212 2247 2215 2205 2213 2248 2216 2249 2212 2238 2214 2250 2217 2251 2213 2241 2214 2244 2219 2252 2218 2253 2215 2205 2216 2212 2219 2213 2217 2254 2220 2255 2216 2249 2218 2256 2221 2257 2217 2251 2219 2252 2222 2258 2218 2253 2219 2213 2220 2220 2223 2221 2220 2255 2225 2259 2224 2260 2221 2257 2226 2261 2225 2262 2223 2263 2226 2264 2222 2258 2220 2220 2227 2228 2223 2221 2225 2259 2228 2265 2224 2260 2225 2262 2230 2266 2229 2267 2227 2268 2230 2269 2226 2264 2224 2270 2231 2271 2227 2228 2210 1440 2208 1440 2211 1440 2229 1441 2231 1441 2228 1441 2233 2272 2236 2273 2232 2196 2234 2197 2237 2274 2233 2199 2235 2275 2238 2276 2234 2202 2235 2203 2236 2277 2239 2278 2237 2279 2240 2280 2236 2273 2238 2250 2241 2251 2237 2274 2239 2281 2242 2282 2238 2276 2239 2278 2240 2283 2243 2284 2241 2285 2244 2286 2240 2280 2242 2256 2245 2287 2241 2251 2243 2288 2246 2289 2242 2282 2243 2284 2244 2290 2247 2291 2245 2292 2248 2293 2244 2286 2245 2287 2250 2294 2249 2295 2247 2296 2250 2297 2246 2289 2244 2290 2251 2298 2247 2291 2249 2299 2252 2300 2248 2293 2249 2295 2254 2231 2253 2232 2251 2301 2254 2302 2250 2297 2248 2303 2255 2236 2251 2298 2234 1440 2232 1440 2235 1440 2253 1441 2255 1441 2252 1441 2257 2237 2260 2304 2256 2239 2258 2240 2261 2241 2257 2242 2259 2305 2262 2306 2258 2307 2259 2246 2260 2308 2263 2278 2261 2309 2264 2310 2260 2304 2262 2250 2265 2251 2261 2241 2263 2311 2266 2312 2262 2306 2263 2278 2264 2283 2267 2284 2265 2313 2268 2314 2264 2310 2266 2256 2269 2257 2265 2251 2267 2315 2270 2316 2266 2312 2267 2284 2268 2317 2271 2318 2269 2319 2272 2320 2268 2314 2269 2257 2274 2261 2273 2262 2271 2321 2274 2322 2270 2316 2268 2317 2275 2323 2271 2318 2273 2324 2276 2325 2272 2320 2273 2262 2278 2266 2277 2267 2275 2326 2278 2327 2274 2322 2272 2328 2279 2271 2275 2323 2258 1440 2256 1440 2259 1440 2277 1441 2279 1441 2276 1441 2281 2329 2284 2330 2280 2331 2282 2332 2285 2333 2281 2334 2283 2335 2286 2336 2282 2337 2283 2338 2284 2339 2287 2340 2285 2341 2288 2342 2284 2330 2286 2343 2289 2209 2285 2333 2287 2344 2290 2345 2286 2336 2287 2340 2288 2212 2291 2213 2289 2346 2292 2347 2288 2342 2290 2216 2293 2287 2289 2209 2291 2348 2294 2349 2290 2345 2291 2213 2292 2290 2295 2291 2293 2350 2296 2351 2292 2347 2293 2287 2298 2294 2297 2295 2295 2352 2298 2353 2294 2349 2292 2290 2299 2298 2295 2291 2297 2354 2300 2355 2296 2351 2297 2295 2302 2231 2301 2232 2299 2356 2302 2357 2298 2353 2296 2303 2303 2236 2299 2298 2282 1440 2280 1440 2283 1440 2301 1441 2303 1441 2300 1441 2305 2358 2308 2359 2304 2360 2306 2361 2309 2362 2305 2363 2307 2364 2310 2365 2306 2366 2307 2367 2308 2368 2311 2369 2309 2370 2312 2371 2308 2359 2310 2372 2313 2373 2309 2362 2311 2374 2314 2375 2310 2365 2311 2369 2312 2376 2315 2377 2313 2378 2316 2379 2312 2371 2314 2380 2317 2381 2313 2373 2315 2382 2318 2383 2314 2375 2315 2377 2316 2384 2319 2385 2317 2386 2320 2387 2316 2379 2317 2381 2322 2388 2321 2262 2319 2389 2322 2390 2318 2383 2316 2384 2323 2391 2319 2385 2321 2392 2324 2393 2320 2387 2321 2262 2326 2266 2325 2267 2323 2394 2326 2395 2322 2390 2320 2328 2327 2271 2323 2391 2306 1440 2304 1440 2307 1440 2325 1441 2327 1441 2324 1441 2329 2396 2332 2397 2328 2398 2330 2399 2333 2400 2329 2401 2331 2402 2334 2403 2330 2404 2331 2405 2332 2406 2335 2407 2333 2408 2336 2409 2332 2397 2334 2410 2337 2373 2333 2400 2335 2411 2338 2412 2334 2403 2335 2407 2336 2376 2339 2377 2337 2413 2340 2414 2336 2409 2338 2380 2341 2381 2337 2373 2339 2415 2342 2416 2338 2412 2339 2377 2340 2384 2343 2385 2341 2417 2344 2418 2340 2414 2341 2381 2346 2388 2345 2295 2343 2419 2346 2420 2342 2416 2340 2384 2347 2391 2343 2385 2345 2421 2348 2422 2344 2418 2345 2295 2350 2231 2349 2232 2347 2423 2350 2424 2346 2420 2344 2303 2351 2236 2347 2391 2330 1440 2328 1440 2331 1440 2349 1441 2351 1441 2348 1441 2353 2425 2356 2426 2352 2360 2354 2332 2357 2333 2353 2334 2355 2427 2358 2428 2354 2429 2355 2338 2356 2339 2359 2340 2357 2430 2360 2431 2356 2426 2358 2343 2361 2209 2357 2333 2359 2432 2362 2433 2358 2428 2359 2340 2360 2212 2363 2213 2361 2434 2364 2435 2360 2431 2362 2216 2365 2257 2361 2209 2363 2436 2366 2437 2362 2433 2363 2213 2364 2317 2367 2318 2365 2438 2368 2439 2364 2435 2365 2257 2370 2261 2369 2262 2367 2440 2370 2441 2366 2437 2364 2317 2371 2323 2367 2318 2369 2442 2372 2443 2368 2439 2369 2262 2374 2266 2373 2267 2371 2444 2374 2445 2370 2441 2368 2328 2375 2271 2371 2323 2354 1440 2352 1440 2355 1440 2373 1441 2375 1441 2372 1441 2377 2446 2380 2447 2376 2196 2378 2197 2381 2448 2377 2199 2379 2449 2382 2450 2378 2202 2379 2203 2380 2277 2383 2278 2380 2447 2385 2451 2384 2452 2382 2453 2385 2454 2381 2448 2383 2455 2386 2456 2382 2450 2383 2278 2384 2283 2387 2284 2385 2451 2388 2457 2384 2452 2386 2458 2389 2287 2385 2454 2387 2459 2390 2460 2386 2456 2387 2284 2388 2290 2391 2291 2389 2461 2392 2462 2388 2457 2389 2287 2394 2463 2393 2464 2391 2465 2394 2466 2390 2460 2388 2290 2395 2298 2391 2291 2393 2467 2396 2468 2392 2462 2393 2464 2398 2469 2397 2470 2394 2466 2399 2357 2398 2471 2392 2303 2399 2236 2395 2298 2378 1440 2376 1440 2379 1440 2397 1441 2399 1441 2396 1441 2401 2472 2404 2473 2400 2474 2402 2240 2405 2475 2401 2242 2403 2476 2406 2477 2402 2478 2403 2246 2404 2479 2407 2480 2405 2481 2408 2482 2404 2473 2406 2483 2409 2484 2405 2475 2407 2485 2410 2486 2406 2477 2407 2480 2408 2487 2411 2488 2409 2489 2412 2490 2408 2482 2410 2491 2413 2257 2409 2484 2411 2492 2414 2493 2410 2486 2411 2488 2412 2317 2415 2318 2413 2494 2416 2495 2412 2490 2413 2257 2418 2496 2417 2464 2415 2440 2418 2497 2414 2493 2412 2317 2419 2498 2415 2318 2417 2499 2420 2500 2416 2495 2417 2464 2422 2469 2421 2470 2419 2501 2422 2502 2418 2497 2416 2503 2423 2504 2419 2498 2402 1440 2400 1440 2403 1440 2421 1441 2423 1441 2420 1441 2425 2505 2428 2506 2424 2507 2426 2197 2429 2448 2425 2199 2427 2508 2430 2509 2426 2510 2427 2203 2428 2511 2431 2512 2429 2513 2432 2514 2428 2506 2430 2453 2433 2454 2429 2448 2431 2515 2434 2516 2430 2509 2431 2512 2432 2517 2435 2518 2433 2519 2436 2520 2432 2514 2434 2458 2437 2287 2433 2454 2435 2521 2438 2522 2434 2516 2435 2518 2436 2290 2439 2291 2437 2523 2440 2524 2436 2520 2437 2287 2442 2463 2441 2464 2439 2525 2442 2526 2438 2522 2436 2290 2443 2527 2439 2291 2441 2528 2444 2529 2440 2524 2441 2464 2446 2469 2445 2470 2443 2530 2446 2531 2442 2526 2440 2503 2447 2504 2443 2527 2426 1440 2424 1440 2427 1440 2445 1441 2447 1441 2444 1441 2449 2532 2452 2533 2448 2239 2450 2534 2453 2496 2449 2535 2451 2536 2454 2537 2450 2538 2451 2539 2452 2540 2455 2541 2453 2542 2456 2543 2452 2533 2454 2544 2457 2545 2453 2496 2455 2546 2458 2547 2454 2537 2455 2541 2456 2548 2459 2549 2457 2550 2460 2551 2456 2543 2458 2552 2461 2381 2457 2545 2459 2553 2462 2554 2458 2547 2459 2549 2460 2384 2463 2385 2461 2555 2464 2556 2460 2551 2461 2381 2466 2557 2465 2464 2463 2558 2466 2559 2462 2554 2460 2384 2467 2560 2463 2385 2465 2561 2468 2562 2464 2556 2465 2464 2470 2469 2469 2470 2467 2563 2470 2564 2466 2559 2464 2503 2471 2504 2467 2560 2450 1440 2448 1440 2451 1440 2469 1441 2471 1441 2468 1441 2472 2565 2477 2566 2476 2567 2474 2568 2477 2448 2473 2199 2475 2569 2478 2570 2474 2571 2475 2572 2476 2573 2479 2574 2477 2566 2480 2575 2476 2567 2478 2576 2481 2577 2477 2448 2478 2570 2483 2578 2482 2579 2479 2574 2480 2376 2483 2377 2481 2580 2484 2581 2480 2575 2482 2582 2485 2583 2481 2577 2482 2579 2487 2584 2486 2585 2483 2377 2484 2586 2487 2587 2484 2581 2489 2588 2488 2589 2485 2583 2490 2388 2489 2590 2487 2584 2490 2591 2486 2585 2484 2586 2491 2592 2487 2587 2489 2588 2492 2593 2488 2589 2489 2590 2494 2594 2493 2470 2490 2591 2495 2595 2494 2596 2488 2597 2495 2236 2491 2592 2474 1440 2472 1440 2475 1440 2493 1441 2495 1441 2492 1441 2497 2598 2500 2599 2496 2600 2498 2601 2501 2602 2497 2603 2499 2604 2502 2605 2498 2606 2499 2607 2500 2608 2503 2609 2501 2610 2504 2611 2500 2599 2502 2612 2505 2613 2501 2602 2503 2614 2506 2615 2502 2605 2503 2609 2504 2616 2507 2617 2505 2618 2508 2619 2504 2611 2506 2620 2509 2621 2505 2613 2507 2622 2510 2623 2506 2615 2507 2617 2508 2624 2511 2625 2509 2626 2512 2627 2508 2619 2509 2621 2514 2557 2513 2628 2511 2629 2514 2630 2510 2623 2508 2624 2515 2560 2511 2625 2513 2631 2516 2632 2512 2627 2513 2628 2518 2633 2517 2232 2515 2634 2518 2635 2514 2630 2512 2636 2519 2637 2515 2560 2498 1440 2496 1440 2499 1440 2517 1441 2519 1441 2516 1441 2521 2638 2524 2639 2520 2640 2522 2641 2525 2642 2521 2603 2522 2643 2527 2644 2526 2645 2523 2203 2524 2511 2527 2646 2525 2647 2528 2648 2524 2639 2526 2649 2529 2613 2525 2642 2527 2644 2530 2650 2526 2645 2527 2646 2528 2616 2531 2617 2529 2651 2532 2652 2528 2648 2530 2620 2533 2653 2529 2613 2531 2654 2534 2655 2530 2650 2531 2617 2532 2656 2535 2291 2533 2657 2536 2658 2532 2652 2533 2653 2538 2463 2537 2628 2534 2655 2539 2659 2538 2660 2532 2656 2539 2527 2535 2291 2537 2661 2540 2662 2536 2658 2537 2628 2542 2633 2541 2232 2539 2659 2542 2663 2538 2660 2536 2636 2543 2637 2539 2527 2522 1440 2520 1440 2523 1440 2541 1441 2543 1441 2540 1441 2545 2664 2548 2397 2544 2665 2546 2666 2549 2667 2545 2199 2547 2668 2550 2669 2546 2670 2547 2671 2548 2672 2551 2609 2549 2610 2552 2673 2548 2397 2550 2612 2553 2613 2549 2667 2551 2614 2554 2615 2550 2669 2551 2609 2552 2616 2555 2617 2553 2674 2556 2675 2552 2673 2554 2620 2557 2653 2553 2613 2555 2676 2558 2677 2554 2615 2555 2617 2556 2656 2559 2291 2557 2678 2560 2679 2556 2675 2557 2653 2562 2463 2561 2628 2559 2680 2562 2681 2558 2677 2556 2656 2563 2527 2559 2291 2561 2682 2564 2683 2560 2679 2561 2628 2566 2633 2565 2232 2563 2684 2566 2685 2562 2681 2560 2636 2567 2637 2563 2527 2546 1440 2544 1440 2547 1440 2565 1441 2567 1441 2564 1441 2568 2686 2573 2687 2572 2688 2570 2689 2573 2690 2569 2242 2571 2691 2574 2692 2570 2693 2571 2694 2572 2695 2575 2696 2573 2687 2576 2697 2572 2688 2574 2698 2577 2699 2573 2690 2575 2700 2578 2701 2574 2692 2575 2696 2576 2702 2579 2703 2577 2704 2580 2705 2576 2697 2578 2706 2581 2707 2577 2699 2579 2708 2582 2709 2578 2701 2579 2703 2580 2710 2583 2711 2580 2705 2585 2712 2584 2713 2581 2707 2586 2714 2585 2628 2583 2715 2586 2716 2582 2709 2580 2710 2587 2717 2583 2711 2585 2712 2588 2718 2584 2713 2585 2628 2590 2633 2589 2232 2587 2719 2590 2720 2586 2716 2584 2636 2591 2637 2587 2717 2570 1440 2568 1440 2571 1440 2589 1441 2591 1441 2588 1441 2593 2598 2596 2721 2592 2600 2594 2601 2597 2602 2593 2603 2595 2722 2598 2723 2594 2724 2595 2607 2596 2608 2599 2609 2597 2610 2600 2725 2596 2721 2598 2612 2601 2613 2597 2602 2599 2726 2602 2727 2598 2723 2599 2609 2600 2616 2603 2617 2601 2728 2604 2729 2600 2725 2602 2620 2605 2621 2601 2613 2603 2730 2606 2731 2602 2727 2603 2617 2604 2624 2607 2625 2605 2732 2608 2733 2604 2729 2605 2621 2610 2557 2609 2628 2607 2734 2610 2735 2606 2731 2604 2624 2611 2560 2607 2625 2609 2631 2612 2632 2608 2733 2609 2628 2614 2633 2613 2232 2611 2736 2614 2737 2610 2735 2608 2636 2615 2637 2611 2560 2594 1440 2592 1440 2595 1440 2613 1441 2615 1441 2612 1441 2616 2272 2621 2599 2620 2738 2618 2739 2621 2740 2617 2535 2619 2741 2622 2742 2618 2202 2619 2743 2620 2744 2623 2745 2621 2599 2624 2746 2620 2738 2622 2747 2625 2748 2621 2740 2622 2742 2627 2749 2626 2750 2623 2745 2624 2751 2627 2752 2624 2746 2629 2753 2628 2754 2626 2755 2629 2756 2625 2748 2627 2749 2630 2757 2626 2750 2627 2752 2628 2758 2631 2711 2629 2753 2632 2759 2628 2754 2629 2756 2634 2760 2633 2761 2630 2757 2635 2591 2634 2762 2628 2758 2635 2391 2631 2711 2632 2759 2637 2763 2636 2764 2633 2761 2638 2231 2637 2232 2635 2591 2638 2595 2634 2762 2632 2765 2639 2368 2635 2391 2618 1440 2616 1440 2619 1440 2637 1441 2639 1441 2636 1441 2640 2766 2645 2767 2644 2768 2642 2534 2645 2496 2641 2535 2643 2769 2646 2770 2642 2538 2643 2743 2644 2744 2647 2745 2645 2767 2648 2771 2644 2768 2646 2544 2649 2545 2645 2496 2646 2770 2651 2772 2650 2773 2647 2745 2648 2751 2651 2774 2648 2771 2653 2551 2652 2775 2650 2552 2653 2381 2649 2545 2651 2772 2654 2776 2650 2773 2651 2774 2652 2586 2655 2587 2652 2775 2657 2777 2656 2778 2653 2381 2658 2557 2657 2464 2655 2779 2658 2530 2654 2776 2652 2586 2659 2780 2655 2587 2657 2777 2660 2781 2656 2778 2657 2464 2662 2469 2661 2470 2658 2530 2663 2782 2662 2783 2656 2784 2663 2368 2659 2780 2642 1440 2640 1440 2643 1440 2661 1441 2663 1441 2660 1441 2665 2785 2668 2786 2664 2196 2666 2197 2669 2448 2665 2199 2667 2787 2670 2788 2666 2510 2667 2203 2668 2511 2671 2512 2669 2789 2672 2790 2668 2786 2670 2453 2673 2454 2669 2448 2671 2791 2674 2792 2670 2788 2671 2512 2672 2517 2675 2518 2673 2793 2676 2457 2672 2790 2674 2458 2677 2287 2673 2454 2675 2521 2678 2460 2674 2792 2675 2518 2676 2290 2679 2291 2677 2350 2680 2794 2676 2457 2677 2287 2682 2463 2681 2464 2679 2525 2682 2526 2678 2460 2676 2290 2683 2527 2679 2291 2681 2795 2684 2796 2680 2794 2681 2464 2686 2469 2685 2470 2683 2797 2686 2798 2682 2526 2680 2503 2687 2504 2683 2527 2666 1440 2664 1440 2667 1440 2685 1441 2687 1441 2684 1441 2689 2799 2692 2800 2688 2801 2690 2739 2693 2740 2689 2535 2691 2802 2694 2311 2690 2803 2691 2804 2692 2743 2695 2480 2693 2805 2696 2806 2692 2800 2694 2747 2697 2807 2693 2740 2695 2808 2698 2809 2694 2311 2695 2480 2696 2810 2699 2811 2697 2812 2700 2813 2696 2806 2698 2814 2701 2815 2697 2807 2699 2816 2702 2817 2698 2809 2699 2811 2700 2818 2703 2587 2701 2819 2704 2820 2700 2813 2701 2815 2706 2821 2705 2822 2703 2823 2706 2824 2702 2817 2700 2818 2707 2825 2703 2587 2705 2826 2708 2827 2704 2820 2705 2822 2710 2828 2709 2470 2707 2829 2710 2830 2706 2824 2704 2831 2711 2832 2707 2825 2690 1440 2688 1440 2691 1440 2709 1441 2711 1441 2708 1441 2713 2833 2716 2834 2712 2835 2714 2534 2717 2836 2713 2535 2715 2837 2718 2838 2714 2839 2715 2539 2716 2840 2719 2841 2717 2842 2720 2843 2716 2834 2718 2844 2721 2845 2717 2836 2719 2846 2722 2847 2718 2838 2719 2841 2720 2848 2723 2849 2720 2843 2725 2850 2724 2851 2722 2852 2725 2853 2721 2845 2723 2854 2726 2855 2722 2847 2723 2849 2724 2758 2727 2711 2725 2850 2728 2856 2724 2851 2725 2853 2730 2857 2729 2274 2726 2855 2731 2858 2730 2859 2724 2758 2731 2560 2727 2711 2728 2856 2733 2860 2732 2861 2729 2274 2734 2231 2733 2232 2731 2858 2734 2302 2730 2859 2728 2503 2735 2504 2731 2560 2714 1440 2712 1440 2715 1440 2733 1441 2735 1441 2732 1441 2737 2862 2740 2863 2736 2360 2738 2332 2741 2333 2737 2334 2739 2864 2742 2865 2738 2866 2739 2338 2740 2339 2743 2340 2741 2867 2744 2868 2740 2863 2742 2343 2745 2209 2741 2333 2743 2869 2746 2870 2742 2865 2743 2340 2744 2212 2747 2213 2745 2871 2748 2872 2744 2868 2746 2216 2749 2257 2745 2209 2747 2492 2750 2873 2746 2870 2747 2213 2748 2317 2751 2318 2749 2319 2752 2320 2748 2872 2749 2257 2754 2261 2753 2262 2751 2874 2754 2875 2750 2873 2748 2317 2755 2323 2751 2318 2753 2876 2756 2877 2752 2320 2753 2262 2758 2266 2757 2267 2755 2878 2758 2879 2754 2875 2752 2328 2759 2271 2755 2323 2738 1440 2736 1440 2739 1440 2757 1441 2759 1441 2756 1441 2761 2272 2764 2273 2760 2196 2762 2197 2765 2274 2761 2199 2763 2275 2766 2276 2762 2202 2763 2203 2764 2277 2767 2278 2765 2279 2768 2880 2764 2273 2766 2250 2769 2251 2765 2274 2767 2281 2770 2881 2766 2276 2767 2278 2768 2283 2771 2284 2769 2882 2772 2347 2768 2880 2770 2256 2773 2287 2769 2251 2771 2883 2774 2349 2770 2881 2771 2284 2772 2290 2775 2291 2773 2350 2776 2351 2772 2347 2773 2287 2778 2294 2777 2295 2775 2352 2778 2884 2774 2349 2772 2290 2779 2298 2775 2291 2777 2885 2780 2300 2776 2351 2777 2295 2782 2231 2781 2232 2779 2301 2782 2302 2778 2884 2776 2303 2783 2236 2779 2298 2762 1440 2760 1440 2763 1440 2781 1441 2783 1441 2780 1441 2785 2886 2788 2887 2784 2360 2786 2361 2789 2362 2785 2363 2787 2888 2790 2889 2786 2890 2787 2367 2788 2368 2791 2369 2789 2891 2792 2371 2788 2887 2790 2372 2793 2373 2789 2362 2791 2374 2794 2892 2790 2889 2791 2369 2792 2376 2795 2377 2793 2893 2796 2894 2792 2371 2794 2380 2797 2381 2793 2373 2795 2895 2798 2896 2794 2892 2795 2377 2796 2384 2799 2385 2797 2897 2800 2439 2796 2894 2797 2381 2802 2388 2801 2262 2799 2389 2802 2390 2798 2896 2796 2384 2803 2391 2799 2385 2801 2898 2804 2899 2800 2439 2801 2262 2806 2266 2805 2267 2803 2900 2806 2901 2802 2390 2800 2328 2807 2271 2803 2391 2786 1440 2784 1440 2787 1440 2805 1441 2807 1441 2804 1441 2809 2396 2812 2397 2808 2398 2810 2399 2813 2400 2809 2401 2811 2902 2814 2903 2810 2904 2811 2405 2812 2406 2815 2407 2813 2408 2816 2409 2812 2397 2814 2410 2817 2373 2813 2400 2815 2905 2818 2906 2814 2903 2815 2407 2816 2376 2819 2377 2817 2413 2820 2414 2816 2409 2818 2380 2821 2381 2817 2373 2819 2907 2822 2908 2818 2906 2819 2377 2820 2384 2823 2385 2821 2417 2824 2418 2820 2414 2821 2381 2826 2388 2825 2295 2823 2909 2826 2910 2822 2908 2820 2384 2827 2391 2823 2385 2825 2421 2828 2422 2824 2418 2825 2295 2830 2231 2829 2232 2827 2911 2830 2912 2826 2910 2824 2303 2831 2236 2827 2391 2810 1440 2808 1440 2811 1440 2829 1441 2831 1441 2828 1441 2833 2913 2836 2914 2832 2239 2834 2240 2837 2241 2833 2242 2835 2915 2838 2306 2834 2916 2835 2246 2836 2308 2839 2278 2837 2917 2840 2918 2836 2914 2838 2250 2841 2251 2837 2241 2839 2311 2842 2919 2838 2306 2839 2278 2840 2283 2843 2284 2841 2920 2844 2314 2840 2918 2842 2256 2845 2257 2841 2251 2843 2315 2846 2316 2842 2919 2843 2284 2844 2317 2847 2318 2845 2319 2848 2320 2844 2314 2845 2257 2850 2261 2849 2262 2847 2321 2850 2322 2846 2316 2844 2317 2851 2323 2847 2318 2849 2324 2852 2325 2848 2320 2849 2262 2854 2266 2853 2267 2851 2326 2854 2327 2850 2322 2848 2328 2855 2271 2851 2323 2834 1440 2832 1440 2835 1440 2853 1441 2855 1441 2852 1441 2857 2921 2860 2922 2856 2923 2858 2332 2861 2333 2857 2334 2859 2924 2862 2925 2858 2926 2859 2338 2860 2339 2863 2340 2861 2927 2864 2928 2860 2922 2862 2343 2865 2209 2861 2333 2863 2929 2866 2930 2862 2925 2863 2340 2864 2212 2867 2213 2865 2931 2868 2932 2864 2928 2866 2216 2869 2287 2865 2209 2867 2459 2870 2289 2866 2930 2867 2213 2868 2290 2871 2291 2869 2933 2872 2934 2868 2932 2869 2287 2874 2294 2873 2295 2871 2935 2874 2936 2870 2289 2868 2290 2875 2298 2871 2291 2873 2937 2876 2938 2872 2934 2873 2295 2878 2231 2877 2232 2875 2939 2878 2940 2874 2936 2872 2303 2879 2236 2875 2298 2858 1440 2856 1440 2859 1440 2877 1441 2879 1441 2876 1441 2881 2941 2884 2942 2880 2943 2882 2240 2885 2944 2881 2242 2883 2305 2886 2945 2882 2307 2883 2246 2884 2308 2887 2278 2884 2942 2889 2946 2888 2947 2886 2208 2889 2209 2885 2944 2887 2365 2890 2948 2886 2945 2887 2278 2888 2283 2891 2284 2889 2946 2892 2949 2888 2947 2890 2216 2893 2217 2889 2209 2891 2950 2894 2951 2890 2948 2891 2284 2892 2317 2895 2318 2893 2952 2896 2320 2892 2949 2893 2217 2898 2224 2897 2953 2894 2951 2899 2954 2898 2955 2892 2317 2899 2323 2895 2318 2897 2956 2900 2265 2896 2320 2897 2953 2902 2266 2901 2267 2899 2954 2902 2269 2898 2955 2896 2328 2903 2271 2899 2323 2882 1440 2880 1440 2883 1440 2901 1441 2903 1441 2900 1441 2905 2957 2908 2958 2904 2959 2906 2739 2909 2960 2905 2535 2907 2961 2910 2962 2906 2963 2907 2804 2908 2964 2911 2965 2909 2966 2912 2967 2908 2958 2910 2968 2913 2969 2909 2960 2911 2970 2914 2971 2910 2962 2911 2965 2912 2972 2915 2973 2913 2974 2916 2975 2912 2967 2914 2976 2917 2977 2913 2969 2915 2978 2918 2979 2914 2971 2915 2973 2916 2980 2919 2981 2917 2982 2920 2983 2916 2975 2917 2977 2922 2388 2921 2295 2919 2984 2922 2985 2918 2979 2916 2980 2923 2391 2919 2981 2921 2986 2924 2987 2920 2983 2921 2295 2926 2231 2925 2232 2923 2988 2926 2989 2922 2985 2920 2303 2927 2236 2923 2391 2906 1440 2904 1440 2907 1440 2925 1441 2927 1441 2924 1441 2929 2990 2932 2991 2928 2992 2930 2993 2933 2994 2929 2995 2931 2996 2934 2997 2930 2998 2931 2999 2932 3000 2935 3001 2932 2991 2937 3002 2936 3003 2934 3004 2937 3005 2933 2994 2934 2997 2939 3006 2938 3007 2935 3001 2936 3008 2939 3009 2937 3002 2940 3010 2936 3003 2938 3011 2941 3012 2937 3005 2938 3007 2943 3013 2942 3014 2939 3009 2940 3015 2943 3016 2940 3010 2945 3017 2944 3018 2941 3012 2946 3019 2945 3020 2943 3013 2946 3021 2942 3014 2940 3015 2947 3022 2943 3016 2944 3018 2949 3023 2948 3024 2945 3020 2950 3025 2949 3026 2946 3021 2951 3027 2950 3028 2944 3029 2951 3030 2947 3022 2931 1440 2929 1440 2928 1440 2949 1441 2951 1441 2948 1441 2953 3031 2956 3032 2952 3033 2954 3034 2957 3035 2953 3036 2955 3037 2958 3038 2954 3039 2955 3040 2956 3041 2959 3042 2956 3032 2961 3043 2960 3044 2958 3045 2961 3046 2957 3035 2958 3038 2963 3047 2962 3048 2959 3042 2960 3049 2963 3050 2961 3043 2964 3051 2960 3044 2962 3052 2965 3053 2961 3046 2962 3048 2967 3054 2966 3055 2963 3050 2964 3056 2967 3057 2964 3051 2969 3058 2968 3059 2965 3053 2970 3060 2969 3061 2966 3055 2971 3062 2970 3063 2964 3056 2971 3064 2967 3057 2969 3058 2972 3065 2968 3059 2969 3061 2974 3066 2973 3067 2971 3062 2974 3068 2970 3063 2968 3069 2975 3070 2971 3064 2955 1440 2953 1440 2952 1440 2972 3071 2974 3072 2975 3073 2977 3074 2980 3075 2976 3076 2978 3077 2981 3078 2977 3079 2978 3080 2983 3081 2982 3082 2979 3083 2980 3084 2983 3085 2980 3075 2985 3086 2984 3087 2982 3088 2985 3089 2981 3078 2983 3081 2986 3090 2982 3082 2983 3085 2984 3091 2987 3092 2985 3086 2988 3093 2984 3087 2986 3094 2989 3095 2985 3089 2986 3090 2991 3096 2990 3097 2987 3092 2988 3098 2991 3099 2989 3100 2992 3101 2988 3093 2989 3095 2994 3102 2993 3103 2991 3096 2994 3104 2990 3097 2988 3098 2995 3105 2991 3099 2992 3101 2997 3106 2996 3107 2993 3103 2998 3108 2997 3109 2995 3110 2998 3111 2994 3104 2992 3112 2999 3113 2995 3105 2978 3114 2976 3115 2979 3116 2996 3117 2998 3118 2999 3119 3000 3120 3005 3121 3004 3122 3002 3123 3005 3124 3001 3125 3003 3126 3006 3127 3002 3128 3003 3129 3004 3130 3007 3131 3004 3122 3009 3132 3008 3133 3006 3134 3009 3135 3005 3124 3006 3127 3011 3136 3010 3137 3007 3131 3008 3138 3011 3139 3009 3132 3012 3140 3008 3133 3010 3141 3013 3142 3009 3135 3011 3136 3014 3143 3010 3137 3011 3139 3012 3144 3015 3145 3013 3146 3016 3147 3012 3140 3013 3142 3018 3148 3017 3149 3014 3143 3019 3150 3018 3151 3012 3144 3019 3152 3015 3145 3017 3153 3020 3154 3016 3147 3017 3149 3022 3155 3021 3156 3018 3151 3023 3157 3022 3158 3016 3159 3023 3160 3019 3152 3002 3161 3000 3162 3003 3163 3020 1441 3022 1441 3023 1441 3024 3164 3029 3165 3028 3166 3026 3167 3029 3168 3025 3169 3027 3170 3030 3171 3026 3172 3027 3173 3028 3174 3031 3175 3028 3166 3033 3176 3032 3177 3030 3178 3033 3179 3029 3168 3030 3171 3035 3180 3034 3181 3031 3175 3032 3182 3035 3183 3033 3176 3036 3184 3032 3177 3034 3185 3037 3186 3033 3179 3034 3181 3039 3187 3038 3188 3035 3183 3036 3189 3039 3190 3036 3184 3041 3191 3040 3192 3037 3186 3042 3193 3041 3194 3039 3187 3042 3195 3038 3188 3036 3189 3043 3196 3039 3190 3041 3191 3044 3197 3040 3192 3041 3194 3046 3198 3045 3199 3042 3195 3047 3200 3046 3201 3040 3202 3047 3203 3043 3196 3026 3204 3024 3205 3027 3206 3045 3207 3047 3208 3044 3209 3049 3210 3052 3211 3048 3212 3050 3213 3053 3214 3049 3215 3051 3216 3054 3217 3050 3218 3051 3219 3052 3220 3055 3221 3052 3211 3057 3222 3056 3223 3054 3224 3057 3225 3053 3214 3055 3226 3058 3227 3054 3217 3055 3221 3056 3228 3059 3229 3057 3222 3060 3230 3056 3223 3058 3231 3061 3232 3057 3225 3058 3227 3063 3233 3062 3234 3059 3229 3060 3235 3063 3236 3060 3230 3065 3237 3064 3238 3061 3232 3066 3239 3065 3240 3063 3233 3066 3241 3062 3234 3060 3235 3067 3242 3063 3236 3065 3237 3068 3243 3064 3238 3065 3240 3070 3244 3069 3245 3067 3246 3070 3247 3066 3241 3064 3248 3071 3249 3067 3242 3050 3250 3048 3251 3051 3252 3068 3253 3070 3254 3071 1441 3073 3255 3076 3256 3072 3257 3074 3258 3077 3259 3073 1847 3075 3260 3078 3261 3074 3262 3075 1488 3076 3263 3079 3264 3076 3256 3081 3265 3080 3266 3078 3267 3081 3268 3077 3259 3079 3269 3082 3270 3078 3261 3079 3264 3080 3271 3083 3272 3081 3265 3084 3273 3080 3266 3082 3274 3085 3275 3081 3268 3083 3276 3086 3277 3082 3270 3083 3272 3084 3278 3087 3279 3085 3280 3088 3281 3084 3273 3085 3275 3090 3282 3089 3283 3087 3284 3090 3285 3086 3277 3084 3278 3091 3286 3087 3279 3089 3287 3092 3288 3088 3281 3089 3283 3094 3289 3093 3290 3090 3285 3095 3291 3094 3292 3088 3293 3095 3294 3091 3286 3074 1440 3072 1440 3075 1440 3093 1441 3095 1441 3092 1441 3097 3295 3100 3296 3096 3297 3098 3298 3101 3299 3097 3300 3099 3301 3102 3302 3098 3303 3099 3304 3100 3305 3103 3306 3101 3307 3104 3308 3100 3296 3102 3309 3105 3310 3101 3299 3103 3311 3106 3312 3102 3302 3103 3306 3104 3313 3107 3314 3105 3315 3108 3316 3104 3308 3106 3317 3109 3318 3105 3310 3107 3319 3110 3320 3106 3312 3107 3314 3108 3321 3111 3322 3109 3323 3112 3324 3108 3316 3109 3318 3114 3325 3113 3326 3111 3327 3114 3328 3110 3320 3108 3321 3115 3329 3111 3322 3113 3330 3116 3331 3112 3324 3113 3326 3118 1831 3117 3332 3115 3333 3118 3334 3114 3328 3112 3335 3119 3336 3115 3329 3098 1440 3096 1440 3099 1440 3117 1441 3119 1441 3116 1441 3121 3337 3124 3338 3120 3339 3122 1407 3125 3340 3121 3341 3123 3342 3126 3343 3122 3344 3123 1488 3124 3345 3127 3346 3125 3347 3128 3348 3124 3338 3126 3349 3129 3350 3125 3340 3127 3351 3130 3352 3126 3343 3127 3346 3128 3353 3131 3354 3129 3355 3132 3356 3128 3348 3130 3357 3133 3358 3129 3350 3131 3359 3134 3360 3130 3352 3131 3354 3132 3361 3135 3362 3133 3363 3136 3364 3132 3356 3133 3358 3138 3365 3137 3366 3135 3367 3138 3368 3134 3360 3132 3361 3139 3369 3135 3362 3137 3370 3140 3371 3136 3364 3137 3366 3142 1525 3141 3332 3139 3372 3142 3373 3138 3368 3136 3374 3143 1521 3139 3369 3122 1440 3120 1440 3123 1440 3141 1441 3143 1441 3140 1441 3145 3375 3148 3376 3144 3377 3146 3378 3149 3379 3145 3380 3147 3301 3150 3381 3146 3303 3147 1802 3148 3382 3151 3383 3149 3384 3152 3308 3148 3376 3150 3385 3153 3386 3149 3379 3151 3311 3154 3387 3150 3381 3151 3383 3152 3388 3155 3389 3153 3390 3156 3391 3152 3308 3154 3392 3157 3393 3153 3386 3155 3394 3158 3320 3154 3387 3155 3389 3156 1613 3159 3395 3157 3396 3160 3397 3156 3391 3157 3393 3162 3398 3161 3399 3159 3400 3162 3401 3158 3320 3156 1613 3163 3402 3159 3395 3161 3330 3164 3403 3160 3397 3161 3399 3166 3404 3165 3405 3163 3406 3166 3334 3162 3401 3160 3407 3167 3408 3163 3402 3146 1440 3144 1440 3147 1440 3165 1441 3167 1441 3164 1441 3169 3409 3172 3410 3168 3411 3170 3412 3173 3413 3169 3414 3170 3415 3175 3416 3174 3417 3171 3418 3172 3419 3175 3420 3172 3410 3177 3421 3176 3422 3174 3423 3177 3424 3173 3413 3175 3416 3178 3425 3174 3417 3175 3420 3176 3426 3179 3427 3177 3421 3180 3428 3176 3422 3178 1808 3181 3429 3177 3424 3178 3425 3183 3430 3182 3431 3179 3427 3180 1843 3183 3346 3181 3432 3184 3433 3180 3428 3181 3429 3186 3434 3185 3435 3182 3431 3187 3436 3186 3437 3180 1843 3187 3438 3183 3346 3184 3433 3189 3371 3188 3439 3185 3435 3190 1673 3189 3440 3187 3436 3190 3441 3186 3437 3184 3442 3191 3443 3187 3438 3170 1440 3168 1440 3171 1440 3189 1441 3191 1441 3188 1441 3193 3444 3196 3445 3192 3446 3194 3447 3197 3448 3193 3449 3195 3450 3198 3381 3194 3451 3195 1802 3196 3452 3199 3453 3197 3454 3200 3455 3196 3445 3198 3456 3201 1547 3197 3448 3199 3457 3202 3458 3198 3381 3199 3453 3200 3459 3203 3460 3201 3461 3204 3316 3200 3455 3202 3462 3205 3463 3201 1547 3203 3464 3206 3465 3202 3458 3203 3460 3204 1703 3207 3466 3205 3467 3208 3468 3204 3316 3205 3463 3210 3469 3209 3326 3207 3470 3210 3471 3206 3465 3204 1703 3211 3472 3207 3466 3209 3473 3212 3474 3208 3468 3209 3326 3214 1831 3213 3332 3211 3475 3214 3476 3210 3471 3208 3477 3215 3361 3211 3472 3194 1440 3192 1440 3195 1440 3213 1441 3215 1441 3212 1441 3217 3478 3220 3338 3216 3409 3218 3479 3221 3480 3217 3481 3218 3482 3223 3483 3222 3484 3219 3472 3220 3485 3223 3486 3221 3487 3224 3488 3220 3338 3222 3489 3225 1707 3221 3480 3223 3483 3226 3490 3222 3484 3223 3486 3224 3491 3227 3492 3225 3493 3228 3494 3224 3488 3226 3495 3229 3496 3225 1707 3227 3497 3230 3498 3226 3490 3227 3492 3228 3499 3231 3500 3229 3501 3232 3502 3228 3494 3229 3496 3234 3503 3233 3504 3230 3498 3235 3505 3234 3506 3228 3499 3235 3507 3231 3500 3233 3508 3236 3509 3232 3502 3233 3504 3238 1737 3237 3510 3235 3505 3238 3511 3234 3506 3232 3512 3239 1595 3235 3507 3218 1440 3216 1440 3219 1440 3237 1441 3239 1441 3236 1441 3241 3513 3244 3445 3240 3513 3242 3514 3245 3515 3241 3504 3243 3450 3246 3516 3242 3517 3243 3518 3244 3519 3247 3520 3245 3521 3248 3522 3244 3445 3246 3523 3249 3524 3245 3515 3247 3525 3250 3458 3246 3516 3247 3520 3248 3526 3251 3527 3249 3461 3252 3528 3248 3522 3250 3440 3253 3529 3249 3524 3251 3530 3254 3531 3250 3458 3251 3527 3252 3532 3255 3533 3253 3534 3256 3535 3252 3528 3253 3529 3258 3536 3257 3537 3255 3538 3258 3539 3254 3531 3252 3532 3259 3540 3255 3533 3257 3541 3260 3331 3256 3535 3257 3537 3262 1623 3261 3510 3259 3542 3262 3543 3258 3539 3256 3544 3263 1648 3259 3540 3242 1440 3240 1440 3243 1440 3261 1441 3263 1441 3260 1441 3264 3478 3269 3410 3268 3545 3266 3546 3269 3547 3265 3548 3267 3482 3270 3549 3266 3415 3267 3550 3268 3491 3271 3551 3269 3410 3272 3552 3268 3545 3270 3553 3273 3554 3269 3547 3271 3269 3274 3490 3270 3549 3271 3551 3272 3555 3275 3556 3273 3557 3276 3558 3272 3552 3274 3559 3277 3560 3273 3554 3275 3497 3278 3561 3274 3490 3275 3556 3276 3562 3279 3563 3276 3558 3281 3564 3280 3565 3277 3560 3282 3566 3281 3567 3279 3568 3282 3569 3278 3561 3276 3562 3283 3570 3279 3563 3281 3564 3284 3371 3280 3565 3281 3567 3286 3571 3285 3440 3283 3572 3286 3511 3282 3569 3280 3573 3287 1669 3283 3570 3266 1440 3264 1440 3267 1440 3285 1441 3287 1441 3284 1441 3289 3375 3292 3574 3288 3446 3290 3575 3293 3576 3289 3577 3291 3303 3294 3381 3290 3578 3291 3579 3292 3580 3295 3581 3293 3582 3296 3522 3292 3574 3294 3583 3297 3584 3293 3576 3295 3585 3298 3586 3294 3381 3295 3581 3296 3587 3299 3588 3297 3589 3300 3391 3296 3522 3298 1814 3301 3590 3297 3584 3299 3591 3302 3592 3298 3586 3299 3588 3300 3593 3303 3594 3301 3595 3304 3468 3300 3391 3301 3590 3306 3596 3305 3597 3303 3598 3306 3599 3302 3592 3300 3593 3307 3600 3303 3594 3305 3601 3308 3474 3304 3468 3305 3597 3310 3602 3309 3440 3307 3603 3310 3604 3306 3599 3304 3605 3311 3606 3307 3600 3290 1440 3288 1440 3291 1440 3309 1441 3311 1441 3308 1441 3312 3337 3317 3607 3316 3487 3314 3608 3317 3546 3313 1847 3315 3415 3318 3549 3314 3609 3315 3610 3316 3611 3319 3612 3316 3487 3321 3613 3320 3614 3318 3349 3321 3350 3317 3546 3319 3269 3322 3615 3318 3549 3319 3612 3320 3616 3323 3617 3321 3613 3324 3618 3320 3614 3322 3619 3325 3620 3321 3350 3322 3615 3327 3621 3326 3622 3323 3617 3324 3623 3327 3477 3324 3618 3329 3624 3328 3565 3325 3620 3330 3625 3329 3626 3327 3621 3330 3627 3326 3622 3324 3623 3331 3628 3327 3477 3329 3624 3332 3629 3328 3565 3329 3626 3334 3630 3333 3631 3330 3627 3335 3291 3334 3632 3328 3633 3335 3634 3331 3628 3314 1440 3312 1440 3315 1440 3333 1441 3335 1441 3332 1441 3336 3513 3341 3635 3340 3636 3338 1533 3341 3637 3337 3449 3339 3517 3342 3638 3338 3639 3339 3640 3340 3641 3343 1582 3341 3635 3344 3642 3340 3636 3342 3643 3345 3560 3341 3637 3342 3638 3347 3644 3346 3645 3343 1582 3344 3646 3347 1754 3344 3642 3349 3647 3348 3595 3346 3648 3349 3649 3345 3560 3347 3644 3350 3650 3346 3645 3347 1754 3348 3651 3351 3652 3348 3595 3353 3653 3352 3654 3349 3649 3354 3655 3353 3656 3351 3657 3354 3658 3350 3650 3348 3651 3355 3659 3351 3652 3353 3653 3356 3403 3352 3654 3353 3656 3358 1831 3357 3332 3354 3658 3359 3660 3358 3661 3352 3662 3359 1479 3355 3659 3338 1440 3336 1440 3339 1440 3357 1441 3359 1441 3356 1441 3361 3255 3364 3338 3360 3337 3362 1407 3365 3663 3361 3341 3363 3415 3366 3549 3362 3344 3363 3472 3364 3664 3367 3665 3365 3347 3368 3666 3364 3338 3366 3667 3369 3668 3365 3663 3367 3351 3370 3669 3366 3549 3367 3665 3368 3670 3371 3671 3369 3672 3372 3428 3368 3666 3370 3673 3373 1586 3369 3668 3371 3674 3374 3675 3370 3669 3371 3671 3372 3676 3375 1403 3373 3677 3376 3678 3372 3428 3373 1586 3378 3679 3377 3680 3375 3681 3378 3368 3374 3675 3372 3676 3379 3682 3375 1403 3377 3683 3380 3684 3376 3678 3377 3680 3382 1525 3381 3332 3379 3685 3382 3686 3378 3368 3376 3687 3383 3688 3379 3682 3362 1440 3360 1440 3363 1440 3381 1441 3383 1441 3380 1441 3384 3689 3389 3690 3388 3691 3386 1407 3389 1867 3385 3341 3387 3692 3390 3693 3386 3694 3387 1488 3388 1863 3391 1870 3389 3690 3392 3695 3388 3691 3390 1868 3393 3696 3389 1867 3391 3697 3394 3698 3390 3693 3391 1870 3392 3699 3395 3700 3393 3701 3396 3702 3392 3695 3394 3703 3397 3704 3393 3696 3395 3705 3398 3706 3394 3698 3395 3700 3396 3707 3399 3708 3397 3709 3400 3364 3396 3702 3397 3704 3402 1907 3401 3710 3399 3711 3402 3712 3398 3706 3396 3707 3403 3713 3399 3708 3401 3714 3404 3715 3400 3364 3401 3710 3406 3716 3405 3717 3403 3718 3406 3719 3402 3712 3400 3720 3407 3721 3403 3713 3387 1440 3385 1440 3384 1440 3405 1441 3407 1441 3404 1441 3408 3722 3413 3723 3412 3636 3410 3724 3413 3725 3409 3726 3411 3727 3414 3728 3410 3729 3411 3730 3412 1885 3415 3731 3413 3723 3416 3732 3412 3636 3414 3733 3417 3734 3413 3725 3415 3735 3418 3736 3414 3728 3415 3731 3416 3737 3419 3738 3417 3739 3420 3740 3416 3732 3418 3741 3421 3742 3417 3734 3418 3736 3423 3743 3422 3744 3419 3738 3420 3745 3423 3746 3421 3396 3424 3564 3420 3740 3421 3742 3426 3747 3425 3748 3423 3743 3426 3569 3422 3744 3420 3745 3427 3749 3423 3746 3424 3564 3429 3629 3428 3629 3425 3748 3430 3750 3429 3332 3427 3372 3430 3751 3426 3569 3424 3752 3431 3753 3427 3749 3411 1440 3409 1440 3408 1440 3429 1441 3431 1441 3428 1441 3432 3754 3437 3755 3436 3756 3434 3757 3437 3758 3433 3759 3434 3760 3439 3761 3438 3762 3435 3763 3436 3764 3439 3765 3437 3755 3440 3766 3436 3756 3438 3767 3441 3768 3437 3758 3438 3762 3443 3769 3442 3770 3439 3765 3440 3771 3443 3772 3440 3766 3445 3773 3444 3774 3442 3775 3445 3776 3441 3768 3443 3769 3446 3777 3442 3770 3443 3772 3444 3778 3447 3779 3445 3773 3448 3780 3444 3774 3445 3776 3450 3781 3449 3782 3446 3777 3451 3783 3450 3784 3444 3778 3451 3785 3447 3779 3448 3780 3453 3786 3452 3787 3449 3782 3454 3788 3453 3789 3450 3784 3455 3790 3454 3791 3448 3792 3455 3793 3451 3785 3435 3250 3433 3251 3432 1440 3453 3794 3455 3795 3452 3796 3457 3797 3460 3798 3456 3799 3458 3800 3461 3801 3457 3802 3458 3803 3463 3804 3462 3805 3459 3806 3460 3807 3463 3808 3461 3809 3464 3810 3460 3798 3462 3811 3465 3812 3461 3801 3463 3804 3466 3813 3462 3805 3463 3808 3464 3814 3467 3815 3464 3810 3469 3816 3468 3817 3466 3818 3469 3819 3465 3812 3467 3820 3470 3821 3466 3813 3467 3815 3468 3822 3471 3823 3469 3816 3472 3824 3468 3817 3469 3819 3474 3825 3473 3826 3470 3821 3475 3827 3474 3828 3468 3822 3475 3829 3471 3823 3472 3824 3477 3830 3476 3831 3473 3826 3478 3832 3477 3833 3475 3827 3478 3834 3474 3828 3472 3835 3479 3836 3475 3829 3459 3837 3457 3838 3456 1440 3476 3839 3478 3840 3479 3841 3481 3842 3484 3843 3480 3844 3482 3845 3485 3846 3481 3847 3482 3848 3487 3849 3486 3850 3483 3851 3484 3852 3487 3853 3485 3854 3488 3855 3484 3843 3486 3856 3489 3857 3485 3846 3487 3849 3490 3858 3486 3850 3487 3853 3488 3859 3491 3860 3488 3855 3493 3861 3492 3862 3490 3863 3493 3864 3489 3857 3490 3858 3495 3865 3494 3866 3491 3860 3492 3867 3495 3868 3492 3862 3497 3869 3496 3870 3493 3864 3498 3871 3497 3872 3495 3865 3498 3873 3494 3866 3492 3867 3499 3874 3495 3868 3496 3870 3501 3875 3500 3876 3497 3872 3502 3877 3501 3878 3499 3879 3502 3880 3498 3873 3496 3881 3503 3882 3499 3874 3483 3883 3481 3884 3480 3885 3501 1441 3503 1441 3500 1441 3505 3886 3508 3887 3504 3888 3506 3889 3509 3890 3505 3891 3507 3892 3510 3893 3506 3894 3507 3895 3508 3896 3511 3897 3509 3898 3512 3899 3508 3887 3510 3900 3513 3901 3509 3890 3510 3893 3515 3902 3514 3903 3511 3897 3512 3904 3515 3905 3512 3899 3517 3906 3516 3907 3514 3908 3517 3909 3513 3901 3515 3902 3518 3910 3514 3903 3515 3905 3516 3911 3519 3912 3516 3907 3521 3913 3520 3914 3517 3909 3522 3915 3521 3916 3518 3910 3523 3917 3522 3918 3516 3911 3523 3919 3519 3912 3521 3913 3524 3920 3520 3914 3521 3916 3526 3921 3525 3922 3523 3917 3526 3923 3522 3918 3520 3924 3527 3925 3523 3919 3507 3926 3505 3927 3504 1440 3525 3928 3527 3929 3524 3930 3528 3931 3533 3932 3532 3933 3530 3934 3533 3935 3529 3936 3531 3937 3534 3938 3530 3939 3531 3940 3532 3941 3535 3942 3533 3932 3536 3943 3532 3933 3534 3944 3537 3945 3533 3935 3534 3938 3539 3946 3538 3947 3535 3942 3536 3948 3539 3949 3537 3950 3540 3951 3536 3943 3538 3952 3541 3953 3537 3945 3538 3947 3543 3954 3542 3955 3539 3949 3540 3956 3543 3957 3541 3958 3544 3959 3540 3951 3541 3953 3546 3960 3545 3961 3543 3954 3546 3962 3542 3955 3540 3956 3547 3963 3543 3957 3544 3959 3549 3964 3548 3965 3545 3961 3550 3966 3549 3967 3546 3962 3551 3968 3550 3969 3544 3970 3551 3971 3547 3963 3530 1440 3528 1440 3531 1440 3549 3972 3551 3973 3548 3974 3553 3975 3556 3976 3552 3977 3554 3978 3557 3979 3553 3980 3555 3981 3558 3982 3554 3983 3555 3984 3556 3985 3559 3986 3556 3976 3561 3987 3560 3988 3558 3989 3561 3990 3557 3979 3558 3982 3563 3991 3562 3992 3559 3986 3560 3993 3563 3994 3561 3987 3564 3995 3560 3988 3562 3996 3565 3997 3561 3990 3563 3991 3566 3998 3562 3992 3563 3994 3564 3999 3567 4000 3564 3995 3569 4001 3568 4002 3565 3997 3570 4003 3569 4004 3566 3998 3571 4005 3570 4006 3564 3999 3571 4007 3567 4000 3568 4002 3573 4008 3572 4009 3569 4004 3574 4010 3573 4011 3571 4005 3574 4012 3570 4006 3568 4013 3575 4014 3571 4007 3555 1440 3553 1440 3552 1440 3573 1441 3575 1441 3572 1441 3577 4015 3580 4016 3576 4017 3578 2203 3581 4018 3577 4019 3579 4020 3582 4021 3578 4022 3579 2197 3580 4023 3583 4024 3581 4025 3584 4026 3580 4016 3582 4027 3585 4028 3581 4018 3583 4029 3586 4030 3582 4021 3583 4024 3584 4031 3587 2216 3585 4032 3588 4033 3584 4026 3586 2213 3589 4034 3585 4028 3587 4035 3590 4036 3586 4030 3587 2216 3588 4037 3591 4038 3589 4039 3592 4040 3588 4033 3589 4034 3594 4041 3593 4042 3591 4043 3594 4044 3590 4036 3588 4037 3595 4045 3591 4038 3593 4046 3596 4047 3592 4040 3593 4042 3598 2236 3597 4048 3595 4049 3598 4050 3594 4044 3592 4051 3599 2231 3595 4045 3578 1440 3576 1440 3579 1440 3597 1441 3599 1441 3596 1441 3601 4052 3604 4053 3600 4054 3602 2246 3605 4055 3601 4056 3603 4057 3606 4058 3602 4059 3603 2240 3604 4060 3607 4024 3605 4061 3608 4062 3604 4053 3606 4063 3609 2283 3605 4055 3606 4058 3611 4064 3610 4065 3607 4024 3608 4031 3611 2216 3609 4066 3612 4067 3608 4062 3610 4068 3613 4069 3609 2283 3611 4064 3614 4070 3610 4065 3611 2216 3612 4037 3615 4038 3612 4067 3617 4071 3616 4072 3613 4069 3618 2323 3617 4073 3615 4074 3618 4075 3614 4070 3612 4037 3619 4045 3615 4038 3617 4071 3620 4076 3616 4072 3617 4073 3622 2271 3621 4077 3619 4078 3622 4079 3618 4075 3616 4080 3623 2266 3619 4045 3602 1440 3600 1440 3603 1440 3621 1441 3623 1441 3620 1441 3625 4081 3628 4082 3624 4017 3626 2203 3629 4083 3625 4019 3627 4084 3630 4085 3626 4022 3627 2197 3628 4086 3631 4087 3629 4088 3632 4089 3628 4082 3630 4063 3633 2283 3629 4083 3631 4090 3634 4091 3630 4085 3631 4087 3632 2251 3635 4092 3633 4093 3636 4094 3632 4089 3634 4068 3637 4095 3633 2283 3635 4096 3638 4097 3634 4091 3635 4092 3636 4098 3639 4099 3637 4100 3640 4101 3636 4094 3637 4095 3642 2298 3641 4102 3639 4103 3642 4104 3638 4097 3636 4098 3643 2294 3639 4099 3641 4105 3644 4106 3640 4101 3641 4102 3646 2236 3645 4048 3643 4107 3646 4108 3642 4104 3640 4109 3647 2231 3643 2294 3626 1440 3624 1440 3627 1440 3645 1441 3647 1441 3644 1441 3649 4052 3652 4110 3648 4054 3650 2246 3653 4055 3649 4056 3651 4111 3654 4112 3650 4113 3651 2240 3652 4114 3655 4087 3653 4115 3656 4116 3652 4110 3654 4063 3657 2283 3653 4055 3655 4117 3658 4118 3654 4112 3655 4087 3656 2251 3659 4092 3657 4119 3660 4120 3656 4116 3658 4068 3661 4069 3657 2283 3659 4121 3662 4122 3658 4118 3659 4092 3660 4123 3663 4124 3661 4125 3664 4126 3660 4120 3661 4069 3666 2323 3665 4073 3663 4127 3666 4128 3662 4122 3660 4123 3667 2261 3663 4124 3665 4129 3668 4130 3664 4126 3665 4073 3670 2271 3669 4077 3667 4131 3670 4132 3666 4128 3664 4133 3671 2266 3667 2261 3650 1440 3648 1440 3651 1440 3669 1441 3671 1441 3668 1441 3673 4134 3676 4135 3672 4136 3674 2338 3677 4137 3673 4138 3675 4139 3678 4140 3674 4141 3675 2332 3676 4142 3679 4143 3677 4144 3680 4145 3676 4135 3678 4146 3681 4028 3677 4137 3679 4147 3682 4148 3678 4140 3679 4143 3680 4031 3683 2216 3681 4149 3684 4150 3680 4145 3682 2213 3685 4095 3681 4028 3683 4151 3686 4152 3682 4148 3683 2216 3684 4098 3687 4099 3685 4153 3688 4154 3684 4150 3685 4095 3690 2298 3689 4102 3687 4155 3690 4156 3686 4152 3684 4098 3691 2294 3687 4099 3689 4157 3692 4158 3688 4154 3689 4102 3694 2236 3693 4048 3691 4159 3694 4160 3690 4156 3688 4109 3695 2231 3691 2294 3674 1440 3672 1440 3675 1440 3693 1441 3695 1441 3692 1441 3697 4161 3700 4162 3696 4163 3698 2367 3701 4164 3697 4165 3699 4166 3702 4167 3698 4168 3699 2361 3700 2594 3703 4169 3701 4170 3704 4171 3700 4162 3702 4172 3705 2376 3701 4164 3703 4173 3706 4174 3702 4167 3703 4169 3704 2373 3707 2380 3705 4175 3708 4176 3704 4171 3706 2377 3709 2384 3705 2376 3707 4177 3710 4178 3706 4174 3707 2380 3708 2381 3711 4179 3709 4180 3712 4181 3708 4176 3709 2384 3714 2391 3713 4073 3711 4182 3714 4183 3710 4178 3708 2381 3715 2388 3711 4179 3713 4184 3716 4185 3712 4181 3713 4073 3718 2271 3717 4077 3715 4186 3718 4187 3714 4183 3712 4133 3719 2266 3715 2388 3698 1440 3696 1440 3699 1440 3717 1441 3719 1441 3716 1441 3721 4188 3724 4189 3720 4190 3722 2405 3725 4191 3721 4192 3723 4193 3726 4194 3722 4195 3723 2399 3724 4196 3727 4197 3725 4198 3728 4199 3724 4189 3726 4200 3729 2376 3725 4191 3727 4201 3730 4202 3726 4194 3727 4197 3728 2373 3731 2380 3729 4203 3732 4204 3728 4199 3730 2377 3733 2384 3729 2376 3731 4205 3734 4206 3730 4202 3731 2380 3732 2381 3735 4179 3733 4207 3736 4208 3732 4204 3733 2384 3738 2391 3737 4102 3735 4209 3738 4210 3734 4206 3732 2381 3739 2388 3735 4179 3737 4211 3740 4212 3736 4208 3737 4102 3742 2236 3741 4048 3739 4213 3742 4214 3738 4210 3736 4109 3743 2231 3739 2388 3722 1440 3720 1440 3723 1440 3741 1441 3743 1441 3740 1441 3745 4215 3748 4216 3744 4163 3746 2338 3749 4137 3745 4138 3747 4217 3750 4218 3746 4219 3747 2332 3748 4142 3751 4143 3749 4220 3752 4221 3748 4216 3750 4146 3753 4028 3749 4137 3751 4222 3754 4223 3750 4218 3751 4143 3752 4031 3755 2216 3753 4224 3756 4225 3752 4221 3754 2213 3757 4069 3753 4028 3755 4226 3758 4227 3754 4223 3755 2216 3756 4123 3759 4124 3757 4228 3760 4229 3756 4225 3757 4069 3762 2323 3761 4073 3759 4230 3762 4231 3758 4227 3756 4123 3763 2261 3759 4124 3761 4232 3764 4233 3760 4229 3761 4073 3766 2271 3765 4077 3763 4234 3766 4235 3762 4231 3760 4133 3767 2266 3763 2261 3746 1440 3744 1440 3747 1440 3765 1441 3767 1441 3764 1441 3769 4236 3772 4237 3768 4017 3770 2203 3773 2744 3769 4019 3771 4238 3774 4239 3770 4022 3771 2197 3772 4086 3775 4087 3772 4237 3777 4240 3776 4241 3774 4242 3777 4243 3773 2744 3775 4244 3778 4245 3774 4239 3775 4087 3776 2251 3779 4092 3777 4240 3780 4246 3776 4241 3778 4247 3781 4095 3777 4243 3779 4248 3782 4249 3778 4245 3779 4092 3780 4098 3783 4099 3781 4250 3784 4251 3780 4246 3781 4095 3786 2527 3785 2503 3783 4252 3786 4253 3782 4249 3780 4098 3787 2294 3783 4099 3785 4254 3788 4255 3784 4251 3785 2503 3790 2504 3789 4256 3786 4253 3791 4160 3790 4257 3784 4109 3791 2231 3787 2294 3770 1440 3768 1440 3771 1440 3789 1441 3791 1441 3788 1441 3793 4258 3796 4259 3792 4260 3794 2246 3797 2517 3793 4056 3795 4261 3798 4262 3794 4263 3795 2240 3796 4264 3799 2747 3797 4265 3800 4266 3796 4259 3798 4267 3801 2487 3797 2517 3799 4268 3802 4269 3798 4262 3799 2747 3800 2484 3803 4270 3801 4271 3804 4272 3800 4266 3802 4273 3805 4069 3801 2487 3803 4274 3806 4275 3802 4269 3803 4270 3804 4123 3807 4124 3805 4276 3808 4277 3804 4272 3805 4069 3810 2498 3809 2503 3807 4230 3810 4278 3806 4275 3804 4123 3811 2496 3807 4124 3809 4279 3812 4280 3808 4277 3809 2503 3814 2504 3813 4256 3811 4281 3814 4282 3810 4278 3808 2464 3815 2469 3811 2496 3794 1440 3792 1440 3795 1440 3813 1441 3815 1441 3812 1441 3817 4283 3820 4284 3816 4285 3818 2203 3821 2744 3817 4019 3819 4286 3822 4287 3818 4288 3819 2197 3820 4289 3823 2544 3821 4290 3824 4291 3820 4284 3822 4242 3825 4243 3821 2744 3823 4292 3826 4293 3822 4287 3823 2544 3824 2475 3827 4294 3825 4295 3828 4296 3824 4291 3826 4247 3829 4095 3825 4243 3827 4297 3830 4298 3826 4293 3827 4294 3828 4098 3831 4099 3829 4299 3832 4300 3828 4296 3829 4095 3834 2527 3833 2503 3831 4301 3834 4302 3830 4298 3828 4098 3835 2463 3831 4099 3833 4303 3836 4304 3832 4300 3833 2503 3838 2504 3837 4256 3835 4305 3838 4306 3834 4302 3832 2464 3839 2469 3835 2463 3818 1440 3816 1440 3819 1440 3837 1441 3839 1441 3836 1441 3841 4307 3844 4308 3840 4054 3842 2539 3845 2498 3841 4309 3843 4310 3846 4311 3842 4312 3843 2534 3844 4313 3847 4314 3845 4315 3848 4316 3844 4308 3846 2512 3849 2548 3845 2498 3847 4317 3850 4318 3846 4311 3847 4314 3848 2545 3851 2552 3849 4319 3852 4320 3848 4316 3850 2549 3853 2384 3849 2548 3851 4321 3854 4322 3850 4318 3851 2552 3852 2381 3855 4179 3853 4323 3856 4324 3852 4320 3853 2384 3858 2560 3857 2503 3855 4325 3858 4326 3854 4322 3852 2381 3859 2557 3855 4179 3857 4327 3860 4328 3856 4324 3857 2503 3862 2504 3861 4256 3859 4329 3862 4330 3858 4326 3856 2464 3863 2469 3859 2557 3842 1440 3840 1440 3843 1440 3861 1441 3863 1441 3860 1441 3864 4331 3869 4332 3868 4333 3866 2743 3869 2744 3865 4019 3867 4334 3870 4335 3866 4336 3867 4337 3868 4338 3871 4339 3869 4332 3872 4340 3868 4333 3870 4341 3873 2751 3869 2744 3870 4335 3875 4342 3874 4343 3871 4339 3872 2373 3875 2380 3873 4344 3876 4345 3872 4340 3874 2752 3877 4346 3873 2751 3874 4343 3879 4347 3878 4348 3875 2380 3876 2756 3879 4349 3876 4345 3881 4350 3880 4351 3877 4346 3882 2391 3881 4352 3879 4347 3882 4353 3878 4348 3876 2756 3883 4354 3879 4349 3881 4350 3884 4355 3880 4351 3881 4352 3886 2368 3885 4256 3882 4353 3887 4356 3886 4357 3880 4358 3887 2231 3883 4354 3866 1440 3864 1440 3867 1440 3885 1441 3887 1441 3884 1441 3889 4359 3892 4360 3888 4361 3890 2607 3893 2608 3889 2710 3891 4362 3894 4363 3890 4364 3891 2601 3892 2602 3895 4365 3893 4366 3896 4367 3892 4360 3894 4368 3897 2616 3893 2608 3895 4369 3898 4370 3894 4363 3895 4365 3896 2613 3899 2620 3897 4371 3900 4372 3896 4367 3898 2617 3901 4373 3897 2616 3899 4374 3902 4375 3898 4370 3899 2620 3900 4376 3903 4377 3901 4378 3904 4379 3900 4372 3901 4373 3906 2560 3905 2636 3903 4380 3906 4381 3902 4375 3900 4376 3907 2557 3903 4377 3905 4382 3908 4383 3904 4379 3905 2636 3910 2637 3909 4048 3907 4384 3910 4385 3906 4381 3904 2628 3911 2633 3907 2557 3890 1440 3888 1440 3891 1440 3909 1441 3911 1441 3908 1441 3913 4386 3916 4387 3912 4388 3914 4389 3917 4390 3913 2710 3914 4391 3919 4392 3918 4393 3915 2197 3916 4289 3919 2698 3917 4394 3920 4395 3916 4387 3918 4396 3921 2616 3917 4390 3919 4392 3922 4397 3918 4393 3919 2698 3920 2613 3923 2620 3921 4398 3924 4399 3920 4395 3922 2617 3925 4400 3921 2616 3923 4401 3926 4402 3922 4397 3923 2620 3924 4403 3927 4099 3925 4404 3928 4405 3924 4399 3925 4400 3930 2527 3929 2636 3926 4402 3931 4406 3930 4407 3924 4403 3931 2463 3927 4099 3929 4408 3932 4409 3928 4405 3929 2636 3934 2637 3933 4048 3931 4406 3934 4410 3930 4407 3928 2628 3935 2633 3931 2463 3914 1440 3912 1440 3915 1440 3933 1441 3935 1441 3932 1441 3937 4411 3940 4189 3936 4412 3938 2671 3941 4413 3937 4019 3939 4414 3942 4415 3938 4416 3939 2666 3940 4417 3943 4365 3941 4366 3944 4418 3940 4189 3942 4368 3945 2616 3941 4413 3943 4369 3946 4370 3942 4415 3943 4365 3944 2613 3947 2620 3945 4419 3948 4420 3944 4418 3946 2617 3949 4400 3945 2616 3947 4421 3950 4422 3946 4370 3947 2620 3948 4403 3951 4099 3949 4423 3952 4424 3948 4420 3949 4400 3954 2527 3953 2636 3951 4425 3954 4426 3950 4422 3948 4403 3955 2463 3951 4099 3953 4427 3956 4428 3952 4424 3953 2636 3958 2637 3957 4048 3955 4429 3958 4430 3954 4426 3952 2628 3959 2633 3955 2463 3938 1440 3936 1440 3939 1440 3957 1441 3959 1441 3956 1441 3960 4431 3965 4432 3964 4433 3962 2694 3965 2695 3961 4056 3963 4434 3966 4435 3962 4436 3963 2689 3964 2690 3967 4437 3965 4432 3968 4438 3964 4433 3966 2646 3969 2702 3965 2695 3967 4439 3970 4440 3966 4435 3967 4437 3968 2699 3971 4441 3969 4442 3972 4443 3968 4438 3970 4444 3973 4445 3969 2702 3971 4446 3974 4447 3970 4440 3971 4441 3972 2603 3975 4448 3972 4443 3977 4449 3976 4450 3973 4445 3978 2717 3977 2636 3975 4451 3978 4452 3974 4447 3972 2603 3979 2714 3975 4448 3977 4449 3980 4453 3976 4450 3977 2636 3982 2637 3981 4048 3979 4454 3982 4455 3978 4452 3976 2628 3983 2633 3979 2714 3962 1440 3960 1440 3963 1440 3981 1441 3983 1441 3980 1441 3985 4359 3988 4456 3984 4361 3986 2607 3989 2608 3985 2710 3987 4457 3990 4458 3986 4459 3987 2601 3988 2602 3991 4365 3989 4366 3992 4460 3988 4456 3990 4368 3993 2616 3989 2608 3991 4461 3994 4462 3990 4458 3991 4365 3992 2613 3995 2620 3993 4463 3996 4464 3992 4460 3994 2617 3997 4373 3993 2616 3995 4465 3998 4466 3994 4462 3995 2620 3996 4376 3999 4377 3997 4467 4000 4468 3996 4464 3997 4373 4002 2560 4001 2636 3999 4469 4002 4470 3998 4466 3996 4376 4003 2557 3999 4377 4001 4382 4004 4383 4000 4468 4001 2636 4006 2637 4005 4048 4003 4471 4006 4472 4002 4470 4000 2628 4007 2633 4003 2557 3986 1440 3984 1440 3987 1440 4005 1441 4007 1441 4004 1441 4008 4081 4013 4360 4012 4473 4010 2804 4013 4474 4009 4309 4011 4475 4014 4476 4010 4022 4011 2568 4012 2448 4015 4477 4013 4360 4016 4478 4012 4473 4014 2480 4017 4479 4013 4474 4014 4476 4019 4480 4018 4481 4015 4477 4016 2577 4019 2582 4016 4478 4021 4482 4020 4483 4018 4484 4021 2586 4017 4479 4019 4480 4022 4485 4018 4481 4019 2582 4020 4486 4023 4448 4021 4482 4024 4487 4020 4483 4021 2586 4026 4488 4025 4489 4022 4485 4027 4353 4026 4490 4020 4486 4027 2388 4023 4448 4024 4487 4029 4491 4028 4492 4025 4489 4030 2236 4029 4048 4027 4353 4030 4356 4026 4490 4024 4493 4031 2594 4027 2388 4010 1440 4008 1440 4011 1440 4029 1441 4031 1441 4028 1441 4032 4494 4037 4495 4036 4496 4034 2539 4037 2498 4033 4309 4035 4497 4038 4498 4034 4312 4035 2568 4036 2448 4039 4477 4037 4495 4040 4499 4036 4496 4038 2512 4041 2548 4037 2498 4038 4498 4043 4500 4042 4501 4039 4477 4040 2577 4043 4502 4040 4499 4045 4320 4044 4503 4042 2549 4045 2384 4041 2548 4043 4500 4046 4504 4042 4501 4043 4502 4044 2756 4047 4349 4044 4503 4049 4505 4048 4506 4045 2384 4050 2560 4049 2503 4047 4507 4050 4305 4046 4504 4044 2756 4051 4508 4047 4349 4049 4505 4052 4509 4048 4506 4049 2503 4054 2504 4053 4256 4050 4305 4055 4510 4054 4511 4048 4512 4055 2594 4051 4508 4034 1440 4032 1440 4035 1440 4053 1441 4055 1441 4052 1441 4057 4513 4060 4514 4056 4017 4058 2203 4061 2744 4057 4019 4059 4515 4062 4516 4058 4288 4059 2197 4060 4289 4063 2544 4061 4517 4064 4518 4060 4514 4062 4242 4065 4243 4061 2744 4063 4519 4066 4520 4062 4516 4063 2544 4064 2475 4067 4294 4065 4521 4068 4246 4064 4518 4066 4247 4069 4095 4065 4243 4067 4297 4070 4249 4066 4520 4067 4294 4068 4098 4071 4099 4069 4153 4072 4522 4068 4246 4069 4095 4074 2527 4073 2503 4071 4301 4074 4302 4070 4249 4068 4098 4075 2463 4071 4099 4073 4523 4076 4524 4072 4522 4073 2503 4078 2504 4077 4256 4075 4525 4078 4526 4074 4302 4072 2464 4079 2469 4075 2463 4058 1440 4056 1440 4059 1440 4077 1441 4079 1441 4076 1441 4081 4527 4084 4528 4080 4529 4082 2804 4085 4474 4081 4309 4083 4530 4086 4117 4082 4531 4083 2739 4084 2568 4087 2747 4085 4532 4088 4533 4084 4528 4086 2480 4089 2810 4085 4474 4087 4534 4090 4535 4086 4117 4087 2747 4088 2807 4091 4536 4089 4537 4092 4538 4088 4533 4090 4539 4093 4540 4089 2810 4091 4541 4094 4542 4090 4535 4091 4536 4092 4543 4095 4349 4093 4544 4096 4545 4092 4538 4093 4540 4098 2825 4097 4546 4095 4547 4098 4548 4094 4542 4092 4543 4099 2821 4095 4349 4097 4549 4100 4550 4096 4545 4097 4546 4102 2832 4101 4256 4099 4551 4102 4552 4098 4548 4096 4553 4103 2828 4099 2821 4082 1440 4080 1440 4083 1440 4101 1441 4103 1441 4100 1441 4105 4554 4108 4555 4104 4556 4106 2539 4109 4557 4105 4309 4107 4558 4110 4559 4106 4560 4107 2534 4108 4561 4111 4562 4109 4563 4112 4564 4108 4555 4110 4565 4113 4566 4109 4557 4111 4567 4114 4568 4110 4559 4111 4562 4112 4569 4115 4570 4112 4564 4117 4571 4116 4572 4114 4573 4117 4574 4113 4566 4115 4575 4118 4576 4114 4568 4115 4570 4116 4486 4119 4448 4117 4571 4120 4577 4116 4572 4117 4574 4122 4578 4121 4083 4118 4576 4123 4579 4122 4580 4116 4486 4123 2557 4119 4448 4120 4577 4125 4581 4124 4582 4121 4083 4126 2236 4125 4048 4123 4579 4126 4108 4122 4580 4120 2464 4127 2469 4123 2557 4106 1440 4104 1440 4107 1440 4125 1441 4127 1441 4124 1441 4129 4583 4132 4584 4128 4163 4130 2338 4133 4137 4129 4138 4131 4585 4134 4586 4130 4587 4131 2332 4132 4142 4135 4143 4133 4588 4136 4589 4132 4584 4134 4146 4137 4028 4133 4137 4135 4590 4138 4591 4134 4586 4135 4143 4136 4031 4139 2216 4137 4592 4140 4593 4136 4589 4138 2213 4141 4069 4137 4028 4139 4274 4142 4594 4138 4591 4139 2216 4140 4123 4143 4124 4141 4125 4144 4126 4140 4593 4141 4069 4146 2323 4145 4073 4143 4595 4146 4596 4142 4594 4140 4123 4147 2261 4143 4124 4145 4597 4148 4598 4144 4126 4145 4073 4150 2271 4149 4077 4147 4599 4150 4600 4146 4596 4144 4133 4151 2266 4147 2261 4130 1440 4128 1440 4131 1440 4149 1441 4151 1441 4148 1441 4153 4081 4156 4082 4152 4017 4154 2203 4157 4083 4153 4019 4155 4084 4158 4085 4154 4022 4155 2197 4156 4086 4159 4087 4157 4088 4160 4601 4156 4082 4158 4063 4161 2283 4157 4083 4159 4090 4162 4602 4158 4085 4159 4087 4160 2251 4163 4092 4161 4603 4164 4150 4160 4601 4162 4068 4165 4095 4161 2283 4163 4604 4166 4152 4162 4602 4163 4092 4164 4098 4167 4099 4165 4153 4168 4154 4164 4150 4165 4095 4170 2298 4169 4102 4167 4155 4170 4605 4166 4152 4164 4098 4171 2294 4167 4099 4169 4606 4172 4106 4168 4154 4169 4102 4174 2236 4173 4048 4171 4107 4174 4108 4170 4605 4168 4109 4175 2231 4171 2294 4154 1440 4152 1440 4155 1440 4173 1441 4175 1441 4172 1441 4177 4607 4180 4608 4176 4163 4178 2367 4181 4164 4177 4165 4179 4609 4182 4610 4178 4611 4179 2361 4180 2594 4183 4169 4181 4612 4184 4171 4180 4608 4182 4172 4185 2376 4181 4164 4183 4173 4186 4613 4182 4610 4183 4169 4184 2373 4187 2380 4185 4614 4188 4615 4184 4171 4186 2377 4189 2384 4185 2376 4187 4616 4190 4617 4186 4613 4187 2380 4188 2381 4191 4179 4189 4618 4192 4229 4188 4615 4189 2384 4194 2391 4193 4073 4191 4182 4194 4183 4190 4617 4188 2381 4195 2388 4191 4179 4193 4619 4196 4620 4192 4229 4193 4073 4198 2271 4197 4077 4195 4621 4198 4622 4194 4183 4192 4133 4199 2266 4195 2388 4178 1440 4176 1440 4179 1440 4197 1441 4199 1441 4196 1441 4201 4188 4204 4189 4200 4190 4202 2405 4205 4191 4201 4192 4203 4623 4206 4624 4202 4625 4203 2399 4204 4196 4207 4197 4205 4198 4208 4199 4204 4189 4206 4200 4209 2376 4205 4191 4207 4626 4210 4627 4206 4624 4207 4197 4208 2373 4211 2380 4209 4203 4212 4204 4208 4199 4210 2377 4213 2384 4209 2376 4211 4628 4214 4629 4210 4627 4211 2380 4212 2381 4215 4179 4213 4207 4216 4208 4212 4204 4213 2384 4218 2391 4217 4102 4215 4630 4218 4631 4214 4629 4212 2381 4219 2388 4215 4179 4217 4211 4220 4212 4216 4208 4217 4102 4222 2236 4221 4048 4219 4632 4222 4633 4218 4631 4216 4109 4223 2231 4219 2388 4202 1440 4200 1440 4203 1440 4221 1441 4223 1441 4220 1441 4225 4634 4228 4635 4224 4054 4226 2246 4229 4055 4225 4056 4227 4636 4230 4112 4226 4637 4227 2240 4228 4114 4231 4087 4229 4638 4232 4639 4228 4635 4230 4063 4233 2283 4229 4055 4231 4117 4234 4640 4230 4112 4231 4087 4232 2251 4235 4092 4233 4641 4236 4120 4232 4639 4234 4068 4237 4069 4233 2283 4235 4121 4238 4122 4234 4640 4235 4092 4236 4123 4239 4124 4237 4125 4240 4126 4236 4120 4237 4069 4242 2323 4241 4073 4239 4127 4242 4128 4238 4122 4236 4123 4243 2261 4239 4124 4241 4129 4244 4130 4240 4126 4241 4073 4246 2271 4245 4077 4243 4131 4246 4132 4242 4128 4240 4133 4247 2266 4243 2261 4226 1440 4224 1440 4227 1440 4245 1441 4247 1441 4244 1441 4249 4642 4252 4643 4248 4644 4250 2338 4253 4137 4249 4138 4251 4645 4254 4646 4250 4647 4251 2332 4252 4142 4255 4143 4253 4648 4256 4649 4252 4643 4254 4146 4257 4028 4253 4137 4255 4650 4258 4651 4254 4646 4255 4143 4256 4031 4259 2216 4257 4652 4260 4653 4256 4649 4258 2213 4261 4095 4257 4028 4259 4248 4262 4097 4258 4651 4259 2216 4260 4098 4263 4099 4261 4654 4264 4655 4260 4653 4261 4095 4266 2298 4265 4102 4263 4656 4266 4657 4262 4097 4260 4098 4267 2294 4263 4099 4265 4658 4268 4659 4264 4655 4265 4102 4270 2236 4269 4048 4267 4660 4270 4661 4266 4657 4264 4109 4271 2231 4267 2294 4250 1440 4248 1440 4251 1440 4269 1441 4271 1441 4268 1441 4273 4662 4276 4663 4272 4664 4274 2246 4277 4665 4273 4056 4275 4111 4278 4666 4274 4113 4275 2240 4276 4114 4279 4087 4276 4663 4281 4667 4280 4668 4278 4027 4281 4028 4277 4665 4279 4167 4282 4669 4278 4666 4279 4087 4280 2251 4283 4092 4281 4667 4284 4670 4280 4668 4282 2213 4285 4034 4281 4028 4283 4671 4286 4672 4282 4669 4283 4092 4284 4123 4287 4124 4285 4673 4288 4126 4284 4670 4285 4034 4290 4041 4289 4674 4286 4672 4291 4675 4290 4676 4284 4123 4291 2261 4287 4124 4289 4677 4292 4076 4288 4126 4289 4674 4294 2271 4293 4077 4291 4675 4294 4079 4290 4676 4288 4133 4295 2266 4291 2261 4274 1440 4272 1440 4275 1440 4293 1441 4295 1441 4292 1441 4297 4678 4300 4679 4296 4680 4298 2804 4301 4681 4297 4309 4299 4682 4302 4683 4298 4684 4299 2739 4300 4685 4303 4686 4301 4687 4304 4688 4300 4679 4302 4689 4305 2972 4301 4681 4303 4690 4306 4691 4302 4683 4303 4686 4304 2969 4307 4692 4305 4693 4308 4694 4304 4688 4306 4695 4309 4696 4305 2972 4307 4697 4310 4698 4306 4691 4307 4692 4308 4699 4311 4700 4309 4701 4312 4702 4308 4694 4309 4696 4314 2391 4313 4102 4311 4703 4314 4704 4310 4698 4308 4699 4315 2388 4311 4700 4313 4705 4316 4706 4312 4702 4313 4102 4318 2236 4317 4048 4315 4707 4318 4708 4314 4704 4312 4109 4319 2231 4315 2388 4298 1440 4296 1440 4299 1440 4317 1441 4319 1441 4316 1441 4321 4709 4324 4710 4320 4711 4322 4712 4325 4713 4321 4714 4323 4715 4326 4716 4322 4717 4323 4718 4324 4719 4327 4720 4324 4710 4329 4721 4328 4722 4326 4723 4329 4724 4325 4713 4326 4716 4331 4725 4330 4726 4327 4720 4328 4727 4331 4728 4329 4721 4332 4729 4328 4722 4330 4730 4333 4731 4329 4724 4330 4726 4335 4732 4334 4733 4331 4728 4332 4734 4335 4735 4332 4729 4337 4736 4336 4737 4333 4731 4338 4738 4337 4739 4335 4732 4338 4740 4334 4733 4332 4734 4339 4741 4335 4735 4336 4737 4341 4742 4340 4743 4337 4739 4342 4744 4341 4745 4338 4740 4343 4746 4342 4747 4336 4748 4343 4749 4339 4741 4323 1440 4321 1440 4320 1440 4341 1441 4343 1441 4340 1441 4345 4750 4348 4751 4344 4752 4346 4753 4349 4754 4345 4755 4347 4756 4350 4757 4346 4758 4347 4759 4348 4760 4351 4761 4348 4751 4353 4762 4352 4763 4350 4764 4353 4765 4349 4754 4350 4757 4355 4766 4354 4767 4351 4761 4352 4768 4355 4769 4353 4762 4356 4770 4352 4763 4354 4771 4357 4772 4353 4765 4354 4767 4359 4773 4358 4774 4355 4769 4356 4775 4359 4776 4356 4770 4361 4777 4360 4778 4357 4772 4362 4779 4361 4780 4358 4774 4363 4781 4362 4782 4356 4775 4363 4783 4359 4776 4361 4777 4364 4784 4360 4778 4361 4780 4366 4785 4365 4786 4363 4781 4366 4787 4362 4782 4360 4788 4367 4789 4363 4783 4347 1440 4345 1440 4344 1440 4364 4790 4366 4791 4367 4792 4369 4793 4372 4794 4368 4795 4370 4796 4373 4797 4369 4798 4370 4799 4375 4800 4374 4801 4371 4802 4372 4803 4375 4804 4372 4794 4377 4805 4376 4806 4374 4807 4377 4808 4373 4797 4375 4800 4378 4809 4374 4801 4375 4804 4376 4810 4379 4811 4377 4805 4380 4812 4376 4806 4378 4813 4381 4814 4377 4808 4378 4809 4383 4815 4382 4816 4379 4811 4380 4817 4383 4818 4381 4819 4384 4820 4380 4812 4381 4814 4386 4821 4385 4822 4383 4815 4386 4823 4382 4816 4380 4817 4387 4824 4383 4818 4384 4820 4389 4825 4388 4826 4385 4822 4390 4827 4389 4828 4387 4829 4390 4830 4386 4823 4384 4831 4391 4832 4387 4824 4370 4833 4368 4834 4371 4835 4388 4836 4390 4837 4391 4838 4392 4839 4397 4840 4396 4841 4394 4842 4397 4843 4393 4844 4395 4845 4398 4846 4394 4847 4395 4848 4396 4849 4399 4850 4396 4841 4401 4851 4400 4852 4398 4853 4401 4854 4397 4843 4398 4846 4403 4855 4402 4856 4399 4850 4400 4857 4403 4858 4401 4851 4404 4859 4400 4852 4402 4860 4405 4861 4401 4854 4403 4855 4406 4862 4402 4856 4403 4858 4404 4863 4407 4864 4405 4865 4408 4866 4404 4859 4405 4861 4410 4867 4409 4868 4406 4862 4411 4869 4410 4870 4404 4863 4411 4871 4407 4864 4409 4872 4412 4873 4408 4866 4409 4868 4414 4874 4413 4875 4410 4870 4415 4876 4414 4877 4408 4878 4415 4879 4411 4871 4394 4880 4392 4881 4395 4882 4412 1441 4414 1441 4415 1441 4416 4883 4421 4884 4420 4885 4418 4886 4421 4887 4417 4888 4419 4889 4422 4890 4418 4891 4419 4892 4420 4893 4423 4894 4420 4885 4425 4895 4424 4896 4422 4897 4425 4898 4421 4887 4422 4890 4427 4899 4426 4900 4423 4894 4424 4901 4427 4902 4425 4895 4428 4903 4424 4896 4426 4904 4429 4905 4425 4898 4426 4900 4431 4906 4430 4907 4427 4902 4428 4908 4431 4909 4428 4903 4433 4910 4432 4911 4429 4905 4434 4912 4433 4913 4431 4906 4434 4914 4430 4907 4428 4908 4435 4915 4431 4909 4433 4910 4436 4916 4432 4911 4433 4913 4438 4917 4437 4918 4434 4914 4439 4919 4438 4920 4432 4921 4439 4922 4435 4915 4418 4923 4416 4924 4419 4925 4437 4926 4439 4927 4436 4928 4441 4929 4444 4930 4440 4931 4442 4932 4445 4933 4441 4934 4443 4935 4446 4936 4442 4937 4443 4938 4444 4939 4447 4940 4444 4930 4449 4941 4448 4942 4446 4943 4449 4944 4445 4933 4447 4945 4450 4946 4446 4936 4447 4940 4448 4947 4451 4948 4449 4941 4452 4949 4448 4942 4450 4950 4453 4951 4449 4944 4450 4946 4455 4952 4454 4953 4451 4948 4452 4954 4455 4955 4452 4949 4457 4956 4456 4957 4453 4951 4458 4958 4457 4959 4455 4952 4458 4960 4454 4953 4452 4954 4459 4961 4455 4955 4457 4956 4460 4962 4456 4957 4457 4959 4462 4963 4461 4964 4459 4965 4462 4966 4458 4960 4456 4967 4463 4968 4459 4961 4442 1971 4440 1972 4443 4969 4460 4970 4462 4971 4463 1441 1681 1398 1685 4972 1684 1399 1682 1401 1686 1412 1685 1402 1683 1404 1687 1414 1686 1405 1683 1407 1680 3341 1684 1408 1684 1399 1685 4972 1689 1410 1686 1412 1690 1419 1689 1413 1687 1414 1691 1421 1690 1415 1687 1409 1684 1408 1688 1416 1689 1410 1693 1425 1692 1418 1690 1419 1694 4973 1693 1420 1691 1421 1695 1429 1694 1422 1691 1417 1688 1416 1692 1423 1693 1425 1697 1432 1696 1426 1693 1420 1694 4973 1698 1427 1695 1429 1699 4974 1698 1430 1692 1423 1696 1438 1699 1431 1697 1432 1701 4975 1700 1433 1697 1428 1698 1427 1702 1434 1698 1430 1699 4974 1703 1436 1696 1438 1700 3717 1703 1439 1682 1440 1681 1440 1680 1440 1701 1441 1702 1441 1703 1441 1705 1442 1709 1454 1708 1443 1706 1445 1710 1456 1709 1446 1707 1448 1711 1458 1710 1449 1707 1451 1704 3449 1708 1452 1709 1454 1713 1462 1712 1455 1710 1456 1714 1464 1713 1457 1711 1458 1715 1466 1714 1459 1711 1453 1708 1452 1712 1460 1713 1462 1717 1470 1716 1463 1714 1464 1718 4976 1717 1465 1715 1466 1719 1474 1718 1467 1715 1461 1712 1460 1716 1468 1717 1470 1721 1477 1720 1471 1717 1465 1718 4976 1722 1472 1719 1474 1723 1481 1722 1475 1716 1468 1720 1483 1723 1476 1721 1477 1725 4977 1724 1478 1721 1473 1722 1472 1726 1479 1723 1481 1727 1829 1726 1482 1720 1483 1724 3290 1727 1484 1706 1440 1705 1440 1704 1440 1725 1441 1726 1441 1727 1441 1729 1485 1733 1496 1732 1486 1730 1488 1734 1498 1733 1489 1731 1491 1735 1500 1734 1492 1731 1407 1728 3341 1732 1494 1733 1496 1737 1504 1736 1497 1734 1498 1738 1506 1737 1499 1735 1500 1739 1508 1738 1501 1735 1495 1732 1494 1736 1502 1737 1504 1741 1512 1740 1505 1738 1506 1742 4978 1741 1507 1739 1508 1743 1516 1742 1509 1739 1503 1736 1502 1740 1510 1741 1512 1745 1519 1744 1513 1741 1507 1742 4978 1746 1514 1743 1516 1747 1522 1746 1517 1740 1510 1744 1524 1747 1518 1745 1519 1749 4979 1748 1520 1745 1515 1746 1514 1750 1521 1747 1522 1751 4980 1750 1523 1744 1524 1748 3332 1751 1525 1730 1440 1729 1440 1728 1440 1749 1441 1750 1441 1751 1441 1753 1526 1757 1536 1756 1527 1754 1529 1758 1537 1757 1530 1755 1448 1759 1458 1758 1532 1755 1533 1752 3449 1756 1534 1757 1536 1761 1542 1760 1455 1758 1537 1762 1544 1761 1538 1759 1458 1763 1546 1762 1539 1759 1535 1756 1534 1760 1540 1761 1542 1765 1549 1764 1543 1762 1544 1766 4981 1765 1545 1763 1546 1767 1553 1766 1467 1763 1541 1760 1540 1764 1547 1765 1549 1769 1477 1768 1550 1765 1545 1766 4981 1770 1551 1767 1553 1771 1559 1770 1554 1764 1547 1768 1560 1771 1555 1769 1477 1773 4977 1772 1556 1769 1552 1770 1551 1774 1557 1771 1559 1775 1829 1774 1482 1768 1560 1772 3332 1775 1561 1754 1440 1753 1440 1752 1440 1773 1441 1774 1441 1775 1441 1777 1562 1781 1708 1780 1563 1778 1565 1782 1576 1781 1566 1778 1568 1779 1774 1783 1569 1779 1571 1776 3341 1780 1572 1780 1563 1781 1708 1785 1574 1782 1576 1786 1582 1785 1577 1783 1569 1787 4982 1786 1578 1783 1573 1780 1572 1784 1579 1785 1574 1789 1587 1788 1581 1786 1582 1790 3335 1789 1583 1786 1578 1787 4982 1791 1584 1787 1580 1784 1579 1788 1586 1789 1587 1793 1728 1792 1588 1789 1583 1790 3335 1794 1589 1790 1585 1791 1584 1795 1591 1788 1586 1792 1598 1795 1593 1792 1588 1793 1728 1797 1520 1793 1590 1794 1589 1798 1595 1795 1591 1799 4983 1798 1597 1792 1598 1796 3405 1799 1599 1778 1440 1777 1440 1776 1440 1797 1441 1798 1441 1799 1441 1801 1600 1805 1610 1804 1601 1802 1603 1806 1612 1805 1604 1803 1606 1807 1614 1806 1532 1803 1533 1800 3449 1804 1608 1805 1610 1809 1618 1808 1611 1806 1612 1810 1619 1809 1613 1807 1614 1811 1621 1810 1615 1807 1609 1804 1608 1808 1616 1809 1618 1813 1625 1812 1463 1810 1619 1814 4984 1813 1620 1811 1621 1815 1628 1814 1622 1811 1617 1808 1616 1812 1623 1813 1625 1817 1631 1816 1626 1813 1620 1814 4984 1818 1627 1815 1628 1819 1633 1818 1629 1812 1623 1816 1635 1819 1630 1817 1631 1821 1478 1820 1632 1817 1473 1818 1627 1822 1479 1819 1633 1823 1769 1822 1634 1816 1635 1820 3440 1823 1510 1802 1440 1801 1440 1800 1440 1821 1441 1822 1441 1823 1441 1825 1636 1829 1645 1828 1486 1826 1637 1830 1647 1829 1638 1826 1640 1827 1568 1831 1641 1827 1630 1824 3548 1828 1643 1829 1645 1833 1652 1832 1646 1830 1647 1834 1654 1833 1648 1831 1641 1835 1656 1834 1649 1831 1644 1828 1643 1832 1650 1833 1652 1837 1660 1836 1653 1834 1654 1838 4985 1837 1655 1835 1656 1839 4986 1838 1657 1835 1651 1832 1650 1836 1658 1837 1660 1841 1667 1840 1661 1837 1655 1838 4985 1842 1662 1838 1657 1839 4986 1843 1664 1836 1658 1840 1672 1843 1666 1841 1667 1845 4987 1844 1668 1841 1663 1842 1662 1846 1669 1843 1664 1847 4988 1846 1671 1840 1672 1844 3440 1847 1673 1826 1440 1825 1440 1824 1440 1845 1441 1846 1441 1847 1441 1849 1674 1853 1682 1852 1601 1850 1675 1854 1684 1853 1676 1851 1606 1855 1686 1854 1677 1851 1679 1848 4989 1852 1680 1853 1682 1857 1618 1856 1683 1854 1684 1858 1596 1857 1685 1855 1686 1859 1691 1858 1615 1855 1681 1852 1680 1856 1687 1857 1618 1861 1695 1860 1689 1858 1596 1862 4990 1861 1690 1859 1691 1863 1699 1862 1692 1859 1688 1856 1687 1860 1693 1861 1695 1865 1702 1864 1696 1861 1690 1862 4990 1866 1697 1863 1699 1867 1704 1866 1700 1860 1693 1864 1706 1867 1701 1865 1702 1869 4991 1868 1478 1865 1698 1866 1697 1870 1703 1867 1704 1871 4992 1870 1705 1864 1706 1868 3510 1871 1707 1850 1440 1849 1440 1848 1440 1869 1441 1870 1441 1871 1441 1872 1636 1873 1562 1877 1563 1874 1709 1878 1716 1877 1710 1875 1640 1879 1414 1878 1712 1875 1713 1872 3341 1876 1650 1877 1563 1881 1720 1880 1715 1878 1716 1882 1722 1881 1717 1879 1414 1883 1656 1882 1649 1879 1714 1876 1650 1880 1718 1881 1720 1885 4993 1884 1721 1882 1722 1886 4994 1885 1723 1883 1656 1887 1731 1886 1724 1883 1719 1880 1718 1884 1725 1884 1721 1885 4993 1889 1727 1885 1723 1886 4994 1890 1729 1887 1731 1891 1735 1890 1732 1884 1725 1888 1736 1891 1733 1889 1727 1893 4995 1892 1520 1889 1730 1890 1729 1894 1734 1891 1735 1895 4988 1894 1671 1888 1736 1892 3510 1895 1737 1874 1440 1873 1440 1872 1440 1893 1441 1894 1441 1895 1441 1897 1526 1901 1746 1900 1738 1898 1739 1902 1747 1901 1740 1899 1450 1903 1749 1902 1532 1899 1743 1896 3449 1900 1744 1901 1746 1905 1753 1904 1683 1902 1747 1906 1754 1905 1748 1903 1749 1907 1756 1906 1750 1903 1745 1900 1744 1904 1751 1905 1753 1909 1760 1908 1543 1906 1754 1910 4996 1909 1755 1907 1756 1911 1763 1910 1757 1907 1752 1904 1751 1908 1758 1909 1760 1913 1766 1912 1626 1909 1755 1910 4996 1914 1761 1911 1763 1915 1768 1914 1764 1908 1758 1912 1770 1915 1765 1913 1766 1917 1478 1916 1632 1913 1762 1914 1761 1918 1767 1915 1768 1919 4997 1918 1769 1912 1770 1916 3332 1919 1771 1898 1440 1897 1440 1896 1440 1917 1441 1918 1441 1919 1441 1920 1485 1921 1564 1925 1772 1922 1773 1926 1498 1925 1709 1923 1568 1927 1414 1926 1712 1923 1775 1920 3414 1924 1776 1924 1645 1925 1772 1929 1778 1926 1498 1930 1784 1929 1499 1927 1414 1931 4998 1930 1780 1927 1777 1924 1776 1928 1781 1929 1778 1933 4999 1932 1783 1930 1784 1934 5000 1933 1785 1930 1780 1931 4998 1935 1786 1931 1782 1928 1781 1932 1788 1932 1783 1933 4999 1937 1789 1933 1785 1934 5000 1938 1790 1935 1786 1939 1592 1938 1792 1932 1788 1936 1798 1939 1793 1937 1789 1941 1794 1940 1794 1937 1791 1938 1790 1942 1795 1938 1792 1939 1592 1943 1436 1936 1798 1940 3631 1943 1799 1922 1440 1921 1440 1920 1440 1941 1441 1942 1441 1943 1441 1944 1674 1945 5001 1949 1800 1946 1802 1950 1810 1949 1803 1947 1678 1951 5002 1950 1804 1947 1806 1944 3449 1948 1807 1949 1800 1953 5003 1952 1809 1950 1810 1954 1816 1953 1723 1950 1804 1951 5002 1955 1811 1951 1808 1948 1807 1952 1813 1952 1809 1953 5003 1957 1815 1954 1816 1958 3322 1957 1817 1955 1811 1959 1825 1958 1818 1955 1814 1952 1813 1956 1819 1956 1760 1957 1815 1961 1821 1957 1817 1958 3322 1962 1823 1959 1825 1963 5004 1962 1826 1956 1819 1960 1830 1963 1827 1961 1821 1965 4977 1964 1556 1961 1824 1962 1823 1966 1479 1962 1826 1963 5004 1967 1828 1960 1830 1964 3332 1967 1831 1946 1440 1945 1440 1944 1440 1965 1441 1966 1441 1967 1441 1969 1398 1973 1496 1972 1486 1970 1488 1974 1836 1973 1832 1971 1568 1975 1500 1974 1712 1971 1630 1968 3548 1972 1833 1973 1496 1977 1841 1976 1835 1974 1836 1978 1842 1977 1837 1975 1500 1979 1844 1978 1838 1975 1834 1972 1833 1976 1839 1977 1841 1981 1848 1980 1581 1978 1842 1982 3346 1981 1843 1979 1844 1983 1852 1982 1845 1979 1840 1976 1839 1980 1846 1981 1848 1985 1854 1984 1849 1981 1843 1982 3346 1986 1850 1983 1852 1987 1856 1986 1517 1980 1846 1984 1858 1987 1853 1985 1854 1989 5005 1988 1855 1985 1851 1986 1850 1990 1521 1987 1856 1991 5006 1990 1857 1984 1858 1988 3405 1991 1859 1970 1440 1969 1440 1968 1440 1989 1441 1990 1441 1991 1441 1992 1860 1993 5007 1997 1861 1994 1488 1998 1870 1997 1863 1995 1864 1999 1872 1998 1865 1995 1407 1992 3341 1996 1867 1997 1861 2001 1876 2000 1869 1998 1870 2002 1878 2001 1871 1999 1872 2003 1880 2002 1873 1999 1868 1996 1867 2000 1874 2001 1876 2005 1884 2004 1877 2002 1878 2006 5008 2005 1879 2003 1880 2007 1887 2006 1881 2003 1875 2000 1874 2004 1882 2005 1884 2009 1890 2008 1513 2005 1879 2006 5008 2010 1885 2007 1887 2011 1894 2010 1888 2004 1882 2008 1896 2011 1889 2009 1890 2013 5009 2012 1891 2009 1886 2010 1885 2014 1892 2011 1894 2015 5010 2014 1895 2008 1896 2012 3631 2015 1897 1995 1440 1994 1440 1993 1440 2013 1441 2014 1441 2015 1441 2016 1898 2017 5011 2021 1899 2018 1900 2022 1910 2021 1901 2019 1903 2023 1912 2022 1904 2019 1906 2016 5012 2020 1907 2021 1899 2025 1916 2024 1909 2022 1910 2026 1918 2025 1911 2023 1912 2027 5013 2026 1913 2023 1908 2020 1907 2024 1914 2025 1916 2029 1549 2028 1917 2026 1918 2030 5014 2029 1919 2026 1913 2027 5013 2031 1920 2027 1915 2024 1914 2028 1922 2029 1549 2033 1728 2032 1727 2029 1919 2030 5014 2034 1924 2031 1920 2035 1522 2034 1732 2028 1922 2032 1929 2035 1926 2032 1727 2033 1728 2037 1794 2033 1925 2034 1924 2038 1927 2035 1522 2039 4980 2038 1928 2032 1929 2036 3717 2039 1930 2019 1440 2018 1440 2017 1440 2037 1441 2038 1441 2039 1441 2040 1931 2041 5015 2045 1932 2042 1934 2046 1944 2045 1935 2042 1937 2043 5016 2047 1938 2043 1940 2040 3759 2044 1941 2045 1932 2049 5017 2048 1943 2046 1944 2050 1952 2049 1945 2046 1939 2047 1938 2051 1946 2047 1942 2044 1941 2048 1948 2048 1943 2049 5017 2053 1950 2050 1952 2054 5018 2053 1953 2051 1946 2055 5019 2054 1954 2051 1949 2048 1948 2052 1955 2053 1950 2057 5020 2056 1957 2053 1953 2054 5018 2058 1958 2054 1954 2055 5019 2059 1960 2052 1955 2056 1969 2059 1962 2056 1957 2057 5020 2061 1963 2057 1959 2058 1958 2062 1965 2058 1961 2059 1960 2063 1967 2056 1969 2060 5021 2063 1970 2043 1971 2042 4969 2041 1972 2061 1973 2062 1441 2063 1974 2065 1976 2069 1988 2068 1977 2066 1979 2070 1990 2069 1980 2066 1982 2067 5022 2071 1983 2067 1985 2064 5023 2068 1986 2069 1988 2073 5024 2072 1989 2070 1990 2074 1997 2073 1991 2071 1983 2075 1999 2074 1992 2071 1987 2068 1986 2072 1993 2072 1989 2073 5024 2077 1995 2074 1997 2078 5025 2077 1998 2075 1999 2079 5026 2078 2000 2075 1994 2072 1993 2076 2001 2077 1995 2081 5027 2080 2003 2077 1998 2078 5025 2082 2004 2078 2000 2079 5026 2083 2006 2076 2001 2080 2014 2083 2008 2080 2003 2081 5027 2085 2009 2081 2005 2082 2004 2086 2011 2083 2006 2087 5028 2086 2013 2080 2014 2084 5029 2087 2015 2067 2016 2066 5030 2065 2017 2084 2018 2085 5031 2086 2019 2089 2021 2093 2033 2092 2022 2090 2024 2094 2035 2093 2025 2090 2027 2091 5032 2095 2028 2091 2030 2088 5033 2092 2031 2093 2033 2097 5034 2096 2034 2094 2035 2098 2042 2097 2036 2095 2028 2099 5035 2098 2037 2095 2032 2092 2031 2096 2038 2096 2034 2097 5034 2101 2040 2098 2042 2102 5036 2101 2043 2098 2037 2099 5035 2103 2044 2099 2039 2096 2038 2100 2046 2100 2041 2101 2040 2105 2048 2101 2043 2102 5036 2106 2050 2103 2044 2107 2058 2106 2052 2100 2046 2104 2060 2107 2053 2104 2049 2105 2048 2109 2054 2105 2051 2106 2050 2110 2056 2107 2058 2111 5037 2110 2059 2104 2060 2108 5038 2111 2061 2091 2062 2090 4882 2089 2063 2109 1441 2110 1441 2111 1441 2113 2065 2117 2077 2116 2066 2114 2068 2118 2079 2117 2069 2115 2071 2119 5039 2118 2072 2115 2074 2112 5040 2116 2075 2117 2077 2121 5041 2120 2078 2118 2079 2122 2087 2121 2080 2118 2072 2119 5039 2123 2081 2119 2076 2116 2075 2120 2083 2120 2078 2121 5041 2125 2085 2122 2087 2126 5042 2125 2088 2123 2081 2127 5043 2126 2089 2123 2084 2120 2083 2124 2090 2124 2086 2125 2085 2129 2092 2125 2088 2126 5042 2130 2094 2126 2089 2127 5043 2131 2096 2124 2090 2128 2103 2131 2098 2129 2092 2133 5044 2132 2099 2129 2095 2130 2094 2134 2100 2131 2096 2135 5045 2134 2102 2128 2103 2132 5046 2135 2104 2115 2105 2114 5047 2113 2106 2133 2107 2134 4838 2135 2108 2136 2110 2137 5048 2141 2111 2138 2113 2142 2123 2141 2114 2139 2116 2143 5049 2142 2117 2139 2119 2136 5050 2140 2120 2141 2111 2145 2129 2144 2122 2142 2123 2146 2131 2145 2124 2142 2117 2143 5049 2147 2125 2143 2121 2140 2120 2144 2127 2145 2129 2149 2137 2148 2130 2146 2131 2150 5051 2149 2132 2146 2126 2147 2125 2151 2133 2147 2128 2144 2127 2148 2135 2149 2137 2153 5052 2152 2138 2149 2132 2150 5051 2154 2139 2151 2133 2155 5053 2154 2141 2148 2135 2152 2149 2155 2142 2152 2138 2153 5052 2157 2143 2153 2140 2154 2139 2158 2145 2154 2141 2155 5053 2159 2147 2152 2149 2156 5054 2159 2150 2138 1440 2137 1440 2136 1440 2157 2151 2158 5055 2159 2152 2161 2154 2165 5056 2164 2155 2162 2157 2166 2168 2165 2158 2163 2160 2167 5057 2166 2161 2163 2163 2160 5058 2164 2164 2164 2155 2165 5056 2169 2166 2166 2168 2170 2175 2169 2169 2166 2161 2167 5057 2171 2170 2167 2165 2164 2164 2168 2172 2169 2166 2173 5059 2172 2174 2170 2175 2174 5060 2173 2176 2171 2170 2175 5061 2174 2177 2171 2173 2168 2172 2172 2178 2172 2174 2173 5059 2177 2180 2173 2176 2174 5060 2178 2182 2174 2177 2175 5061 2179 2184 2172 2178 2176 2192 2179 2186 2176 2181 2177 2180 2181 2187 2177 2183 2178 2182 2182 2189 2179 2184 2183 5062 2182 2191 2176 2192 2180 5063 2183 2193 2163 1440 2162 1440 2161 1440 2181 1441 2182 1441 2183 1441 2185 2194 2189 2206 2188 2195 2186 2197 2190 2208 2189 2198 2187 2200 2191 2210 2190 2201 2187 2203 2184 4019 2188 2204 2189 2206 2193 2214 2192 2207 2190 2208 2194 2216 2193 2209 2191 2210 2195 2218 2194 2211 2191 2205 2188 2204 2192 2212 2193 2214 2197 2222 2196 2215 2194 2216 2198 4038 2197 2217 2195 2218 2199 2226 2198 2219 2195 2213 2192 2212 2196 2220 2197 2222 2201 2229 2200 2223 2197 2217 2198 4038 2202 2224 2199 2226 2203 2233 2202 2227 2196 2220 2200 2235 2203 2228 2201 2229 2205 5064 2204 2230 2201 2225 2202 2224 2206 2231 2203 2233 2207 2471 2206 2234 2200 2235 2204 4048 2207 2236 2186 1440 2185 1440 2184 1440 2205 1441 2206 1441 2207 1441 2209 2237 2213 2248 2212 2238 2210 2240 2214 2250 2213 2241 2211 2243 2215 5065 2214 2244 2211 2246 2208 4056 2212 2247 2213 2248 2217 2254 2216 2249 2214 2250 2218 2256 2217 2251 2214 2244 2215 5065 2219 2252 2215 2205 2212 2247 2216 2212 2217 2254 2221 5066 2220 2255 2218 2256 2222 4124 2221 2257 2219 2252 2223 2263 2222 2258 2219 2213 2216 2212 2220 2220 2220 2255 2221 5066 2225 2259 2221 2257 2222 4124 2226 2261 2223 2263 2227 2268 2226 2264 2220 2220 2224 2270 2227 2228 2225 2259 2229 5067 2228 2265 2225 2262 2226 2261 2230 2266 2227 2268 2231 5068 2230 2269 2224 2270 2228 4077 2231 2271 2210 1440 2209 1440 2208 1440 2229 1441 2230 1441 2231 1441 2233 2272 2237 2279 2236 2273 2234 2197 2238 2250 2237 2274 2235 2275 2239 2281 2238 2276 2235 2203 2232 4019 2236 2277 2237 2279 2241 2285 2240 2280 2238 2250 2242 2256 2241 2251 2239 2281 2243 2288 2242 2282 2239 2278 2236 2277 2240 2283 2241 2285 2245 2292 2244 2286 2242 2256 2246 4099 2245 2287 2243 2288 2247 2296 2246 2289 2243 2284 2240 2283 2244 2290 2245 2292 2249 2299 2248 2293 2245 2287 2246 4099 2250 2294 2247 2296 2251 2301 2250 2297 2244 2290 2248 2303 2251 2298 2249 2299 2253 5069 2252 2300 2249 2295 2250 2294 2254 2231 2251 2301 2255 2471 2254 2302 2248 2303 2252 4048 2255 2236 2234 1440 2233 1440 2232 1440 2253 1441 2254 1441 2255 1441 2257 2237 2261 2309 2260 2304 2258 2240 2262 2250 2261 2241 2259 2305 2263 2311 2262 2306 2259 2246 2256 4056 2260 2308 2261 2309 2265 2313 2264 2310 2262 2250 2266 2256 2265 2251 2263 2311 2267 2315 2266 2312 2263 2278 2260 2308 2264 2283 2265 2313 2269 2319 2268 2314 2266 2256 2270 4124 2269 2257 2267 2315 2271 2321 2270 2316 2267 2284 2264 2283 2268 2317 2269 2319 2273 2324 2272 2320 2269 2257 2270 4124 2274 2261 2271 2321 2275 2326 2274 2322 2268 2317 2272 2328 2275 2323 2273 2324 2277 5070 2276 2325 2273 2262 2274 2261 2278 2266 2275 2326 2279 2471 2278 2327 2272 2328 2276 4077 2279 2271 2258 1440 2257 1440 2256 1440 2277 1441 2278 1441 2279 1441 2281 2329 2285 2341 2284 2330 2282 2332 2286 2343 2285 2333 2283 2335 2287 2344 2286 2336 2283 2338 2280 4138 2284 2339 2285 2341 2289 2346 2288 2342 2286 2343 2290 2216 2289 2209 2287 2344 2291 2348 2290 2345 2287 2340 2284 2339 2288 2212 2289 2346 2293 2350 2292 2347 2290 2216 2294 4099 2293 2287 2291 2348 2295 2352 2294 2349 2291 2213 2288 2212 2292 2290 2293 2350 2297 2354 2296 2351 2293 2287 2294 4099 2298 2294 2295 2352 2299 2356 2298 2353 2292 2290 2296 2303 2299 2298 2297 2354 2301 2861 2300 2355 2297 2295 2298 2294 2302 2231 2299 2356 2303 2471 2302 2357 2296 2303 2300 4048 2303 2236 2282 1440 2281 1440 2280 1440 2301 1441 2302 1441 2303 1441 2305 2358 2309 2370 2308 2359 2306 2361 2310 2372 2309 2362 2307 2364 2311 2374 2310 2365 2307 2367 2304 4165 2308 2368 2309 2370 2313 2378 2312 2371 2310 2372 2314 2380 2313 2373 2311 2374 2315 2382 2314 2375 2311 2369 2308 2368 2312 2376 2313 2378 2317 2386 2316 2379 2314 2380 2318 4179 2317 2381 2315 2382 2319 2389 2318 2383 2315 2377 2312 2376 2316 2384 2317 2386 2321 2392 2320 2387 2317 2381 2318 4179 2322 2388 2319 2389 2323 2394 2322 2390 2316 2384 2320 2328 2323 2391 2321 2392 2325 5069 2324 2393 2321 2262 2322 2388 2326 2266 2323 2394 2327 5071 2326 2395 2320 2328 2324 4077 2327 2271 2306 1440 2305 1440 2304 1440 2325 1441 2326 1441 2327 1441 2329 2396 2333 2408 2332 2397 2330 2399 2334 2410 2333 2400 2331 2402 2335 2411 2334 2403 2331 2405 2328 4192 2332 2406 2333 2408 2337 2413 2336 2409 2334 2410 2338 2380 2337 2373 2335 2411 2339 2415 2338 2412 2335 2407 2332 2406 2336 2376 2337 2413 2341 2417 2340 2414 2338 2380 2342 4179 2341 2381 2339 2415 2343 2419 2342 2416 2339 2377 2336 2376 2340 2384 2341 2417 2345 2421 2344 2418 2341 2381 2342 4179 2346 2388 2343 2419 2347 2423 2346 2420 2340 2384 2344 2303 2347 2391 2345 2421 2349 5067 2348 2422 2345 2295 2346 2388 2350 2231 2347 2423 2351 5071 2350 2424 2344 2303 2348 4048 2351 2236 2330 1440 2329 1440 2328 1440 2349 1441 2350 1441 2351 1441 2353 2425 2357 2430 2356 2426 2354 2332 2358 2343 2357 2333 2355 2427 2359 2432 2358 2428 2355 2338 2352 4138 2356 2339 2357 2430 2361 2434 2360 2431 2358 2343 2362 2216 2361 2209 2359 2432 2363 2436 2362 2433 2359 2340 2356 2339 2360 2212 2361 2434 2365 2438 2364 2435 2362 2216 2366 4124 2365 2257 2363 2436 2367 2440 2366 2437 2363 2213 2360 2212 2364 2317 2365 2438 2369 2442 2368 2439 2365 2257 2366 4124 2370 2261 2367 2440 2371 2444 2370 2441 2364 2317 2368 2328 2371 2323 2369 2442 2373 5067 2372 2443 2369 2262 2370 2261 2374 2266 2371 2444 2375 5071 2374 2445 2368 2328 2372 4077 2375 2271 2354 1440 2353 1440 2352 1440 2373 1441 2374 1441 2375 1441 2377 2446 2381 5072 2380 2447 2378 2197 2382 2453 2381 2448 2379 2449 2383 2455 2382 2450 2379 2203 2376 4019 2380 2277 2380 2447 2381 5072 2385 2451 2382 2453 2386 2458 2385 2454 2383 2455 2387 2459 2386 2456 2383 2278 2380 2277 2384 2283 2385 2451 2389 2461 2388 2457 2386 2458 2390 4099 2389 2287 2387 2459 2391 2465 2390 2460 2387 2284 2384 2283 2388 2290 2389 2461 2393 2467 2392 2462 2389 2287 2390 4099 2394 2463 2391 2465 2395 5073 2394 2466 2388 2290 2392 2303 2395 2298 2393 2467 2397 5069 2396 2468 2393 2464 2394 2463 2398 2469 2394 2466 2395 5073 2399 2357 2392 2303 2396 4048 2399 2236 2378 1440 2377 1440 2376 1440 2397 1441 2398 1441 2399 1441 2401 2472 2405 2481 2404 2473 2402 2240 2406 2483 2405 2475 2403 2476 2407 2485 2406 2477 2403 2246 2400 4056 2404 2479 2405 2481 2409 2489 2408 2482 2406 2483 2410 2491 2409 2484 2407 2485 2411 2492 2410 2486 2407 2480 2404 2479 2408 2487 2409 2489 2413 2494 2412 2490 2410 2491 2414 4124 2413 2257 2411 2492 2415 2440 2414 2493 2411 2488 2408 2487 2412 2317 2413 2494 2417 2499 2416 2495 2413 2257 2414 4124 2418 2496 2415 2440 2419 2501 2418 2497 2412 2317 2416 2503 2419 2498 2417 2499 2421 5069 2420 2500 2417 2464 2418 2496 2422 2469 2419 2501 2423 5074 2422 2502 2416 2503 2420 4256 2423 2504 2402 1440 2401 1440 2400 1440 2421 1441 2422 1441 2423 1441 2425 2505 2429 2513 2428 2506 2426 2197 2430 2453 2429 2448 2427 2508 2431 2515 2430 2509 2427 2203 2424 4019 2428 2511 2429 2513 2433 2519 2432 2514 2430 2453 2434 2458 2433 2454 2431 2515 2435 2521 2434 2516 2431 2512 2428 2511 2432 2517 2433 2519 2437 2523 2436 2520 2434 2458 2438 4099 2437 2287 2435 2521 2439 2525 2438 2522 2435 2518 2432 2517 2436 2290 2437 2523 2441 2528 2440 2524 2437 2287 2438 4099 2442 2463 2439 2525 2443 2530 2442 2526 2436 2290 2440 2503 2443 2527 2441 2528 2445 2764 2444 2529 2441 2464 2442 2463 2446 2469 2443 2530 2447 2783 2446 2531 2440 2503 2444 4256 2447 2504 2426 1440 2425 1440 2424 1440 2445 1441 2446 1441 2447 1441 2449 2532 2453 2542 2452 2533 2450 2534 2454 2544 2453 2496 2451 2536 2455 2546 2454 2537 2451 2539 2448 4309 2452 2540 2453 2542 2457 2550 2456 2543 2454 2544 2458 2552 2457 2545 2455 2546 2459 2553 2458 2547 2455 2541 2452 2540 2456 2548 2457 2550 2461 2555 2460 2551 2458 2552 2462 4179 2461 2381 2459 2553 2463 2558 2462 2554 2459 2549 2456 2548 2460 2384 2461 2555 2465 2561 2464 2556 2461 2381 2462 4179 2466 2557 2463 2558 2467 2563 2466 2559 2460 2384 2464 2503 2467 2560 2465 2561 2469 2764 2468 2562 2465 2464 2466 2557 2470 2469 2467 2563 2471 5068 2470 2564 2464 2503 2468 4256 2471 2504 2450 1440 2449 1440 2448 1440 2469 1441 2470 1441 2471 1441 2472 2565 2473 5075 2477 2566 2474 2568 2478 2576 2477 2448 2475 2569 2479 5076 2478 2570 2475 2572 2472 2710 2476 2573 2477 2566 2481 2580 2480 2575 2478 2576 2482 2582 2481 2577 2478 2570 2479 5076 2483 2578 2479 2574 2476 2573 2480 2376 2481 2580 2485 5077 2484 2581 2482 2582 2486 4448 2485 2583 2482 2579 2483 2578 2487 2584 2483 2377 2480 2376 2484 2586 2484 2581 2485 5077 2489 2588 2485 2583 2486 4448 2490 2388 2487 2584 2491 5078 2490 2591 2484 2586 2488 2597 2491 2592 2489 2588 2493 5079 2492 2593 2489 2590 2490 2388 2494 2594 2490 2591 2491 5078 2495 2595 2488 2597 2492 4048 2495 2236 2474 1440 2473 1440 2472 1440 2493 1441 2494 1441 2495 1441 2497 2598 2501 2610 2500 2599 2498 2601 2502 2612 2501 2602 2499 2604 2503 2614 2502 2605 2499 2607 2496 2710 2500 2608 2501 2610 2505 2618 2504 2611 2502 2612 2506 2620 2505 2613 2503 2614 2507 2622 2506 2615 2503 2609 2500 2608 2504 2616 2505 2618 2509 2626 2508 2619 2506 2620 2510 4377 2509 2621 2507 2622 2511 2629 2510 2623 2507 2617 2504 2616 2508 2624 2509 2626 2513 2631 2512 2627 2509 2621 2510 4377 2514 2557 2511 2629 2515 2634 2514 2630 2508 2624 2512 2636 2515 2560 2513 2631 2517 5080 2516 2632 2513 2628 2514 2557 2518 2633 2515 2634 2519 5081 2518 2635 2512 2636 2516 4048 2519 2637 2498 1440 2497 1440 2496 1440 2517 1441 2518 1441 2519 1441 2521 2638 2525 2647 2524 2639 2522 2641 2526 2649 2525 2642 2522 2643 2523 5082 2527 2644 2523 2203 2520 4019 2524 2511 2525 2647 2529 2651 2528 2648 2526 2649 2530 2620 2529 2613 2527 2644 2531 2654 2530 2650 2527 2646 2524 2511 2528 2616 2529 2651 2533 2657 2532 2652 2530 2620 2534 4099 2533 2653 2531 2654 2535 5083 2534 2655 2531 2617 2528 2616 2532 2656 2533 2657 2537 2661 2536 2658 2533 2653 2534 4099 2538 2463 2534 2655 2535 5083 2539 2659 2532 2656 2536 2636 2539 2527 2537 2661 2541 5080 2540 2662 2537 2628 2538 2463 2542 2633 2539 2659 2543 2596 2542 2663 2536 2636 2540 4048 2543 2637 2522 1440 2521 1440 2520 1440 2541 1441 2542 1441 2543 1441 2545 2664 2549 2610 2548 2397 2546 2666 2550 2612 2549 2667 2547 2668 2551 2614 2550 2669 2547 2671 2544 4019 2548 2672 2549 2610 2553 2674 2552 2673 2550 2612 2554 2620 2553 2613 2551 2614 2555 2676 2554 2615 2551 2609 2548 2672 2552 2616 2553 2674 2557 2678 2556 2675 2554 2620 2558 4099 2557 2653 2555 2676 2559 2680 2558 2677 2555 2617 2552 2616 2556 2656 2557 2678 2561 2682 2560 2679 2557 2653 2558 4099 2562 2463 2559 2680 2563 2684 2562 2681 2556 2656 2560 2636 2563 2527 2561 2682 2565 5079 2564 2683 2561 2628 2562 2463 2566 2633 2563 2684 2567 2596 2566 2685 2560 2636 2564 4048 2567 2637 2546 1440 2545 1440 2544 1440 2565 1441 2566 1441 2567 1441 2568 2686 2569 5084 2573 2687 2570 2689 2574 2698 2573 2690 2571 2691 2575 2700 2574 2692 2571 2694 2568 4056 2572 2695 2573 2687 2577 2704 2576 2697 2574 2698 2578 2706 2577 2699 2575 2700 2579 2708 2578 2701 2575 2696 2572 2695 2576 2702 2577 2704 2581 5085 2580 2705 2578 2706 2582 4448 2581 2707 2579 2708 2583 2715 2582 2709 2579 2703 2576 2702 2580 2710 2580 2705 2581 5085 2585 2712 2581 2707 2582 4448 2586 2714 2583 2715 2587 2719 2586 2716 2580 2710 2584 2636 2587 2717 2585 2712 2589 5086 2588 2718 2585 2628 2586 2714 2590 2633 2587 2719 2591 5087 2590 2720 2584 2636 2588 4048 2591 2637 2570 1440 2569 1440 2568 1440 2589 1441 2590 1441 2591 1441 2593 2598 2597 2610 2596 2721 2594 2601 2598 2612 2597 2602 2595 2722 2599 2726 2598 2723 2595 2607 2592 2710 2596 2608 2597 2610 2601 2728 2600 2725 2598 2612 2602 2620 2601 2613 2599 2726 2603 2730 2602 2727 2599 2609 2596 2608 2600 2616 2601 2728 2605 2732 2604 2729 2602 2620 2606 4377 2605 2621 2603 2730 2607 2734 2606 2731 2603 2617 2600 2616 2604 2624 2605 2732 2609 2631 2608 2733 2605 2621 2606 4377 2610 2557 2607 2734 2611 2736 2610 2735 2604 2624 2608 2636 2611 2560 2609 2631 2613 5080 2612 2632 2609 2628 2610 2557 2614 2633 2611 2736 2615 5088 2614 2737 2608 2636 2612 4048 2615 2637 2594 1440 2593 1440 2592 1440 2613 1441 2614 1441 2615 1441 2616 2272 2617 2196 2621 2599 2618 2739 2622 2747 2621 2740 2619 2741 2623 5089 2622 2742 2619 2743 2616 4019 2620 2744 2621 2599 2625 5090 2624 2746 2622 2747 2626 2755 2625 2748 2622 2742 2623 5089 2627 2749 2623 2745 2620 2744 2624 2751 2624 2746 2625 5090 2629 2753 2626 2755 2630 4349 2629 2756 2627 2749 2631 5091 2630 2757 2627 2752 2624 2751 2628 2758 2629 2753 2633 5092 2632 2759 2629 2756 2630 4349 2634 2760 2630 2757 2631 5091 2635 2591 2628 2758 2632 2765 2635 2391 2632 2759 2633 5092 2637 2763 2633 2761 2634 2760 2638 2231 2635 2591 2639 5093 2638 2595 2632 2765 2636 4256 2639 2368 2618 1440 2617 1440 2616 1440 2637 1441 2638 1441 2639 1441 2640 2766 2641 5094 2645 2767 2642 2534 2646 2544 2645 2496 2643 2769 2647 5095 2646 2770 2643 2743 2640 4019 2644 2744 2645 2767 2649 5096 2648 2771 2646 2544 2650 2552 2649 2545 2646 2770 2647 5095 2651 2772 2647 2745 2644 2744 2648 2751 2648 2771 2649 5096 2653 2551 2650 2552 2654 4179 2653 2381 2651 2772 2655 2779 2654 2776 2651 2774 2648 2751 2652 2586 2652 2775 2653 2551 2657 2777 2653 2381 2654 4179 2658 2557 2655 2779 2659 5097 2658 2530 2652 2586 2656 2784 2659 2780 2657 2777 2661 2764 2660 2781 2657 2464 2658 2557 2662 2469 2658 2530 2659 5097 2663 2782 2656 2784 2660 4256 2663 2368 2642 1440 2641 1440 2640 1440 2661 1441 2662 1441 2663 1441 2665 2785 2669 2789 2668 2786 2666 2197 2670 2453 2669 2448 2667 2787 2671 2791 2670 2788 2667 2203 2664 4019 2668 2511 2669 2789 2673 2793 2672 2790 2670 2453 2674 2458 2673 2454 2671 2791 2675 2521 2674 2792 2671 2512 2668 2511 2672 2517 2673 2793 2677 2350 2676 2457 2674 2458 2678 4099 2677 2287 2675 2521 2679 2525 2678 2460 2675 2518 2672 2517 2676 2290 2677 2350 2681 2795 2680 2794 2677 2287 2678 4099 2682 2463 2679 2525 2683 2797 2682 2526 2676 2290 2680 2503 2683 2527 2681 2795 2685 2764 2684 2796 2681 2464 2682 2463 2686 2469 2683 2797 2687 5068 2686 2798 2680 2503 2684 4256 2687 2504 2666 1440 2665 1440 2664 1440 2685 1441 2686 1441 2687 1441 2689 2799 2693 2805 2692 2800 2690 2739 2694 2747 2693 2740 2691 2802 2695 2808 2694 2311 2691 2804 2688 4309 2692 2743 2693 2805 2697 2812 2696 2806 2694 2747 2698 2814 2697 2807 2695 2808 2699 2816 2698 2809 2695 2480 2692 2743 2696 2810 2697 2812 2701 2819 2700 2813 2698 2814 2702 4349 2701 2815 2699 2816 2703 2823 2702 2817 2699 2811 2696 2810 2700 2818 2701 2819 2705 2826 2704 2820 2701 2815 2702 4349 2706 2821 2703 2823 2707 2829 2706 2824 2700 2818 2704 2831 2707 2825 2705 2826 2709 2764 2708 2827 2705 2822 2706 2821 2710 2828 2707 2829 2711 2471 2710 2830 2704 2831 2708 4256 2711 2832 2690 1440 2689 1440 2688 1440 2709 1441 2710 1441 2711 1441 2713 2833 2717 2842 2716 2834 2714 2534 2718 2844 2717 2836 2715 2837 2719 2846 2718 2838 2715 2539 2712 4309 2716 2840 2717 2842 2721 5098 2720 2843 2718 2844 2722 2852 2721 2845 2719 2846 2723 2854 2722 2847 2719 2841 2716 2840 2720 2848 2720 2843 2721 5098 2725 2850 2722 2852 2726 5099 2725 2853 2723 2854 2727 5100 2726 2855 2723 2849 2720 2848 2724 2758 2725 2850 2729 5101 2728 2856 2725 2853 2726 5099 2730 2857 2726 2855 2727 5100 2731 2858 2724 2758 2728 2503 2731 2560 2728 2856 2729 5101 2733 2860 2729 2274 2730 2857 2734 2231 2731 2858 2735 5071 2734 2302 2728 2503 2732 4256 2735 2504 2714 1440 2713 1440 2712 1440 2733 1441 2734 1441 2735 1441 2737 2862 2741 2867 2740 2863 2738 2332 2742 2343 2741 2333 2739 2864 2743 2869 2742 2865 2739 2338 2736 4138 2740 2339 2741 2867 2745 2871 2744 2868 2742 2343 2746 2216 2745 2209 2743 2869 2747 2492 2746 2870 2743 2340 2740 2339 2744 2212 2745 2871 2749 2319 2748 2872 2746 2216 2750 4124 2749 2257 2747 2492 2751 2874 2750 2873 2747 2213 2744 2212 2748 2317 2749 2319 2753 2876 2752 2320 2749 2257 2750 4124 2754 2261 2751 2874 2755 2878 2754 2875 2748 2317 2752 2328 2755 2323 2753 2876 2757 5067 2756 2877 2753 2262 2754 2261 2758 2266 2755 2878 2759 2471 2758 2879 2752 2328 2756 4077 2759 2271 2738 1440 2737 1440 2736 1440 2757 1441 2758 1441 2759 1441 2761 2272 2765 2279 2764 2273 2762 2197 2766 2250 2765 2274 2763 2275 2767 2281 2766 2276 2763 2203 2760 4019 2764 2277 2765 2279 2769 2882 2768 2880 2766 2250 2770 2256 2769 2251 2767 2281 2771 2883 2770 2881 2767 2278 2764 2277 2768 2283 2769 2882 2773 2350 2772 2347 2770 2256 2774 4099 2773 2287 2771 2883 2775 2352 2774 2349 2771 2284 2768 2283 2772 2290 2773 2350 2777 2885 2776 2351 2773 2287 2774 4099 2778 2294 2775 2352 2779 2301 2778 2884 2772 2290 2776 2303 2779 2298 2777 2885 2781 5069 2780 2300 2777 2295 2778 2294 2782 2231 2779 2301 2783 2471 2782 2302 2776 2303 2780 4048 2783 2236 2762 1440 2761 1440 2760 1440 2781 1441 2782 1441 2783 1441 2785 2886 2789 2891 2788 2887 2786 2361 2790 2372 2789 2362 2787 2888 2791 2374 2790 2889 2787 2367 2784 4165 2788 2368 2789 2891 2793 2893 2792 2371 2790 2372 2794 2380 2793 2373 2791 2374 2795 2895 2794 2892 2791 2369 2788 2368 2792 2376 2793 2893 2797 2897 2796 2894 2794 2380 2798 4179 2797 2381 2795 2895 2799 2389 2798 2896 2795 2377 2792 2376 2796 2384 2797 2897 2801 2898 2800 2439 2797 2381 2798 4179 2802 2388 2799 2389 2803 2900 2802 2390 2796 2384 2800 2328 2803 2391 2801 2898 2805 5069 2804 2899 2801 2262 2802 2388 2806 2266 2803 2900 2807 2471 2806 2901 2800 2328 2804 4077 2807 2271 2786 1440 2785 1440 2784 1440 2805 1441 2806 1441 2807 1441 2809 2396 2813 2408 2812 2397 2810 2399 2814 2410 2813 2400 2811 2902 2815 2905 2814 2903 2811 2405 2808 4192 2812 2406 2813 2408 2817 2413 2816 2409 2814 2410 2818 2380 2817 2373 2815 2905 2819 2907 2818 2906 2815 2407 2812 2406 2816 2376 2817 2413 2821 2417 2820 2414 2818 2380 2822 4179 2821 2381 2819 2907 2823 2909 2822 2908 2819 2377 2816 2376 2820 2384 2821 2417 2825 2421 2824 2418 2821 2381 2822 4179 2826 2388 2823 2909 2827 2911 2826 2910 2820 2384 2824 2303 2827 2391 2825 2421 2829 5067 2828 2422 2825 2295 2826 2388 2830 2231 2827 2911 2831 2471 2830 2912 2824 2303 2828 4048 2831 2236 2810 1440 2809 1440 2808 1440 2829 1441 2830 1441 2831 1441 2833 2913 2837 2917 2836 2914 2834 2240 2838 2250 2837 2241 2835 2915 2839 2311 2838 2306 2835 2246 2832 4056 2836 2308 2837 2917 2841 2920 2840 2918 2838 2250 2842 2256 2841 2251 2839 2311 2843 2315 2842 2919 2839 2278 2836 2308 2840 2283 2841 2920 2845 2319 2844 2314 2842 2256 2846 4124 2845 2257 2843 2315 2847 2321 2846 2316 2843 2284 2840 2283 2844 2317 2845 2319 2849 2324 2848 2320 2845 2257 2846 4124 2850 2261 2847 2321 2851 2326 2850 2322 2844 2317 2848 2328 2851 2323 2849 2324 2853 5070 2852 2325 2849 2262 2850 2261 2854 2266 2851 2326 2855 2471 2854 2327 2848 2328 2852 4077 2855 2271 2834 1440 2833 1440 2832 1440 2853 1441 2854 1441 2855 1441 2857 2921 2861 2927 2860 2922 2858 2332 2862 2343 2861 2333 2859 2924 2863 2929 2862 2925 2859 2338 2856 4138 2860 2339 2861 2927 2865 2931 2864 2928 2862 2343 2866 2216 2865 2209 2863 2929 2867 2459 2866 2930 2863 2340 2860 2339 2864 2212 2865 2931 2869 2933 2868 2932 2866 2216 2870 4099 2869 2287 2867 2459 2871 2935 2870 2289 2867 2213 2864 2212 2868 2290 2869 2933 2873 2937 2872 2934 2869 2287 2870 4099 2874 2294 2871 2935 2875 2939 2874 2936 2868 2290 2872 2303 2875 2298 2873 2937 2877 5069 2876 2938 2873 2295 2874 2294 2878 2231 2875 2939 2879 5102 2878 2940 2872 2303 2876 4048 2879 2236 2858 1440 2857 1440 2856 1440 2877 1441 2878 1441 2879 1441 2881 2941 2885 2958 2884 2942 2882 2240 2886 2208 2885 2944 2883 2305 2887 2365 2886 2945 2883 2246 2880 4056 2884 2308 2884 2942 2885 2958 2889 2946 2886 2208 2890 2216 2889 2209 2887 2365 2891 2950 2890 2948 2887 2278 2884 2308 2888 2283 2889 2946 2893 2952 2892 2949 2890 2216 2894 4038 2893 2217 2891 2950 2895 5103 2894 2951 2891 2284 2888 2283 2892 2317 2893 2952 2897 2956 2896 2320 2893 2217 2894 4038 2898 2224 2894 2951 2895 5103 2899 2954 2892 2317 2896 2328 2899 2323 2897 2956 2901 5067 2900 2265 2897 2953 2898 2224 2902 2266 2899 2954 2903 5068 2902 2269 2896 2328 2900 4077 2903 2271 2882 1440 2881 1440 2880 1440 2901 1441 2902 1441 2903 1441 2905 2957 2909 2966 2908 2958 2906 2739 2910 2968 2909 2960 2907 2961 2911 2970 2910 2962 2907 2804 2904 4309 2908 2964 2909 2966 2913 2974 2912 2967 2910 2968 2914 2976 2913 2969 2911 2970 2915 2978 2914 2971 2911 2965 2908 2964 2912 2972 2913 2974 2917 2982 2916 2975 2914 2976 2918 4700 2917 2977 2915 2978 2919 2984 2918 2979 2915 2973 2912 2972 2916 2980 2917 2982 2921 2986 2920 2983 2917 2977 2918 4700 2922 2388 2919 2984 2923 2988 2922 2985 2916 2980 2920 2303 2923 2391 2921 2986 2925 5069 2924 2987 2921 2295 2922 2388 2926 2231 2923 2988 2927 5102 2926 2989 2920 2303 2924 4048 2927 2236 2906 1440 2905 1440 2904 1440 2925 1441 2926 1441 2927 1441 2929 2990 2933 5104 2932 2991 2930 2993 2934 3004 2933 2994 2931 2996 2935 5105 2934 2997 2931 2999 2928 5106 2932 3000 2932 2991 2933 5104 2937 3002 2934 3004 2938 3011 2937 3005 2934 2997 2935 5105 2939 3006 2935 3001 2932 3000 2936 3008 2937 3002 2941 5107 2940 3010 2938 3011 2942 5108 2941 3012 2938 3007 2939 3006 2943 3013 2939 3009 2936 3008 2940 3015 2940 3010 2941 5107 2945 3017 2941 3012 2942 5108 2946 3019 2943 3013 2947 5109 2946 3021 2940 3015 2944 3029 2947 3022 2944 3018 2945 3017 2949 3023 2945 3020 2946 3019 2950 3025 2946 3021 2947 5109 2951 3027 2944 3029 2948 5110 2951 3030 2931 1440 2930 1440 2929 1440 2949 1441 2950 1441 2951 1441 2953 3031 2957 5111 2956 3032 2954 3034 2958 3045 2957 3035 2955 3037 2959 5112 2958 3038 2955 3040 2952 5113 2956 3041 2956 3032 2957 5111 2961 3043 2958 3045 2962 3052 2961 3046 2958 3038 2959 5112 2963 3047 2959 3042 2956 3041 2960 3049 2961 3043 2965 5114 2964 3051 2962 3052 2966 5115 2965 3053 2962 3048 2963 3047 2967 3054 2963 3050 2960 3049 2964 3056 2964 3051 2965 5114 2969 3058 2965 3053 2966 5115 2970 3060 2966 3055 2967 3054 2971 3062 2964 3056 2968 3069 2971 3064 2969 3058 2973 5116 2972 3065 2969 3061 2970 3060 2974 3066 2971 3062 2975 5117 2974 3068 2968 3069 2972 4786 2975 3070 2955 1440 2954 1440 2953 1440 2972 3071 2973 5118 2974 3072 2977 3074 2981 5119 2980 3075 2978 3077 2982 3088 2981 3078 2978 3080 2979 5120 2983 3081 2979 3083 2976 5121 2980 3084 2980 3075 2981 5119 2985 3086 2982 3088 2986 3094 2985 3089 2983 3081 2987 5122 2986 3090 2983 3085 2980 3084 2984 3091 2985 3086 2989 3100 2988 3093 2986 3094 2990 5123 2989 3095 2986 3090 2987 5122 2991 3096 2987 3092 2984 3091 2988 3098 2989 3100 2993 5124 2992 3101 2989 3095 2990 5123 2994 3102 2991 3096 2995 3110 2994 3104 2988 3098 2992 3112 2995 3105 2992 3101 2993 5124 2997 3106 2993 3103 2994 3102 2998 3108 2995 3110 2999 5125 2998 3111 2992 3112 2996 4828 2999 3113 2978 3114 2977 1440 2976 3115 2996 3117 2997 5126 2998 3118 3000 3120 3001 5127 3005 3121 3002 3123 3006 3134 3005 3124 3003 3126 3007 5128 3006 3127 3003 3129 3000 5129 3004 3130 3004 3122 3005 3121 3009 3132 3006 3134 3010 3141 3009 3135 3006 3127 3007 5128 3011 3136 3007 3131 3004 3130 3008 3138 3009 3132 3013 3146 3012 3140 3010 3141 3014 5130 3013 3142 3011 3136 3015 5131 3014 3143 3011 3139 3008 3138 3012 3144 3013 3146 3017 3153 3016 3147 3013 3142 3014 5130 3018 3148 3014 3143 3015 5131 3019 3150 3012 3144 3016 3159 3019 3152 3017 3153 3021 5132 3020 3154 3017 3149 3018 3148 3022 3155 3018 3151 3019 3150 3023 3157 3016 3159 3020 5133 3023 3160 3002 3161 3001 5134 3000 3162 3020 1441 3021 1441 3022 1441 3024 3164 3025 5135 3029 3165 3026 3167 3030 3178 3029 3168 3027 3170 3031 5136 3030 3171 3027 3173 3024 5137 3028 3174 3028 3166 3029 3165 3033 3176 3030 3178 3034 3185 3033 3179 3030 3171 3031 5136 3035 3180 3031 3175 3028 3174 3032 3182 3033 3176 3037 5138 3036 3184 3034 3185 3038 5139 3037 3186 3034 3181 3035 3180 3039 3187 3035 3183 3032 3182 3036 3189 3036 3184 3037 5138 3041 3191 3037 3186 3038 5139 3042 3193 3039 3187 3043 5140 3042 3195 3036 3189 3040 3202 3043 3196 3041 3191 3045 5141 3044 3197 3041 3194 3042 3193 3046 3198 3042 3195 3043 5140 3047 3200 3040 3202 3044 5142 3047 3203 3026 3204 3025 1440 3024 3205 3045 3207 3046 5143 3047 3208 3049 3210 3053 5144 3052 3211 3050 3213 3054 3224 3053 3214 3051 3216 3055 3226 3054 3217 3051 3219 3048 5145 3052 3220 3052 3211 3053 5144 3057 3222 3054 3224 3058 3231 3057 3225 3055 3226 3059 5146 3058 3227 3055 3221 3052 3220 3056 3228 3057 3222 3061 5147 3060 3230 3058 3231 3062 5148 3061 3232 3058 3227 3059 5146 3063 3233 3059 3229 3056 3228 3060 3235 3060 3230 3061 5147 3065 3237 3061 3232 3062 5148 3066 3239 3063 3233 3067 3246 3066 3241 3060 3235 3064 3248 3067 3242 3065 3237 3069 5149 3068 3243 3065 3240 3066 3239 3070 3244 3067 3246 3071 5150 3070 3247 3064 3248 3068 5151 3071 3249 3050 3250 3049 1440 3048 3251 3068 3253 3069 5152 3070 3254 3073 3255 3077 5153 3076 3256 3074 3258 3078 3267 3077 3259 3075 3260 3079 3269 3078 3261 3075 1488 3072 1490 3076 3263 3076 3256 3077 5153 3081 3265 3078 3267 3082 3274 3081 3268 3079 3269 3083 3276 3082 3270 3079 3264 3076 3263 3080 3271 3081 3265 3085 3280 3084 3273 3082 3274 3086 5154 3085 3275 3083 3276 3087 3284 3086 3277 3083 3272 3080 3271 3084 3278 3085 3280 3089 3287 3088 3281 3085 3275 3086 5154 3090 3282 3087 3284 3091 5155 3090 3285 3084 3278 3088 3293 3091 3286 3089 3287 3093 5156 3092 3288 3089 3283 3090 3282 3094 3289 3090 3285 3091 5155 3095 3291 3088 3293 3092 1893 3095 3294 3074 1440 3073 1440 3072 1440 3093 1441 3094 1441 3095 1441 3097 3295 3101 3307 3100 3296 3098 3298 3102 3309 3101 3299 3099 3301 3103 3311 3102 3302 3099 3304 3096 1605 3100 3305 3101 3307 3105 3315 3104 3308 3102 3309 3106 3317 3105 3310 3103 3311 3107 3319 3106 3312 3103 3306 3100 3305 3104 3313 3105 3315 3109 3323 3108 3316 3106 3317 3110 5157 3109 3318 3107 3319 3111 3327 3110 3320 3107 3314 3104 3313 3108 3321 3109 3323 3113 3330 3112 3324 3109 3318 3110 5157 3114 3325 3111 3327 3115 3333 3114 3328 3108 3321 3112 3335 3115 3329 3113 3330 3117 5158 3116 3331 3113 3326 3114 3325 3118 1831 3115 3333 3119 3661 3118 3334 3112 3335 3116 1435 3119 3336 3098 1440 3097 1440 3096 1440 3117 1441 3118 1441 3119 1441 3121 3337 3125 3347 3124 3338 3122 1407 3126 3349 3125 3340 3123 3342 3127 3351 3126 3343 3123 1488 3120 1490 3124 3345 3125 3347 3129 3355 3128 3348 3126 3349 3130 3357 3129 3350 3127 3351 3131 3359 3130 3352 3127 3346 3124 3345 3128 3353 3129 3355 3133 3363 3132 3356 3130 3357 3134 5159 3133 3358 3131 3359 3135 3367 3134 3360 3131 3354 3128 3353 3132 3361 3133 3363 3137 3370 3136 3364 3133 3358 3134 5159 3138 3365 3135 3367 3139 3372 3138 3368 3132 3361 3136 3374 3139 3369 3137 3370 3141 5160 3140 3371 3137 3366 3138 3365 3142 1525 3139 3372 3143 5161 3142 3373 3136 3374 3140 1480 3143 1521 3122 1440 3121 1440 3120 1440 3141 1441 3142 1441 3143 1441 3145 3375 3149 3384 3148 3376 3146 3378 3150 3385 3149 3379 3147 3301 3151 3311 3150 3381 3147 1802 3144 1605 3148 3382 3149 3384 3153 3390 3152 3308 3150 3385 3154 3392 3153 3386 3151 3311 3155 3394 3154 3387 3151 3383 3148 3382 3152 3388 3153 3390 3157 3396 3156 3391 3154 3392 3158 5162 3157 3393 3155 3394 3159 3400 3158 3320 3155 3389 3152 3388 3156 1613 3157 3396 3161 3330 3160 3397 3157 3393 3158 5162 3162 3398 3159 3400 3163 3406 3162 3401 3156 1613 3160 3407 3163 3402 3161 3330 3165 5158 3164 3403 3161 3399 3162 3398 3166 3404 3163 3406 3167 3661 3166 3334 3160 3407 3164 1480 3167 3408 3146 1440 3145 1440 3144 1440 3165 1441 3166 1441 3167 1441 3169 3409 3173 3545 3172 3410 3170 3412 3174 3423 3173 3413 3170 3415 3171 3609 3175 3416 3171 3418 3168 1490 3172 3419 3172 3410 3173 3545 3177 3421 3174 3423 3178 1808 3177 3424 3175 3416 3179 5163 3178 3425 3175 3420 3172 3419 3176 3426 3177 3421 3181 3432 3180 3428 3178 1808 3182 1483 3181 3429 3178 3425 3179 5163 3183 3430 3179 3427 3176 3426 3180 1843 3181 3432 3185 3565 3184 3433 3181 3429 3182 1483 3186 3434 3182 3431 3183 3430 3187 3436 3180 1843 3184 3442 3187 3438 3184 3433 3185 3565 3189 3371 3185 3435 3186 3434 3190 1673 3187 3436 3191 5164 3190 3441 3184 3442 3188 1558 3191 3443 3170 1440 3169 1440 3168 1440 3189 1441 3190 1441 3191 1441 3193 3444 3197 3454 3196 3445 3194 3447 3198 3456 3197 3448 3195 3450 3199 3457 3198 3381 3195 1802 3192 1605 3196 3452 3197 3454 3201 3461 3200 3455 3198 3456 3202 3462 3201 1547 3199 3457 3203 3464 3202 3458 3199 3453 3196 3452 3200 3459 3201 3461 3205 3467 3204 3316 3202 3462 3206 5165 3205 3463 3203 3464 3207 3470 3206 3465 3203 3460 3200 3459 3204 1703 3205 3467 3209 3473 3208 3468 3205 3463 3206 5165 3210 3469 3207 3470 3211 3475 3210 3471 3204 1703 3208 3477 3211 3472 3209 3473 3213 3331 3212 3474 3209 3326 3210 3469 3214 1831 3211 3475 3215 3604 3214 3476 3208 3477 3212 1596 3215 3361 3194 1440 3193 1440 3192 1440 3213 1441 3214 1441 3215 1441 3217 3478 3221 3487 3220 3338 3218 3479 3222 3489 3221 3480 3218 3482 3219 3415 3223 3483 3219 3472 3216 1711 3220 3485 3221 3487 3225 3493 3224 3488 3222 3489 3226 3495 3225 1707 3223 3483 3227 3497 3226 3490 3223 3486 3220 3485 3224 3491 3225 3493 3229 3501 3228 3494 3226 3495 3230 5166 3229 3496 3227 3497 3231 5167 3230 3498 3227 3492 3224 3491 3228 3499 3229 3501 3233 3508 3232 3502 3229 3496 3230 5166 3234 3503 3230 3498 3231 5167 3235 3505 3228 3499 3232 3512 3235 3507 3233 3508 3237 5168 3236 3509 3233 3504 3234 3503 3238 1737 3235 3505 3239 5169 3238 3511 3232 3512 3236 1596 3239 1595 3218 1440 3217 1440 3216 1440 3237 1441 3238 1441 3239 1441 3241 3513 3245 3521 3244 3445 3242 3514 3246 3523 3245 3515 3243 3450 3247 3525 3246 3516 3243 3518 3240 5170 3244 3519 3245 3521 3249 3461 3248 3522 3246 3523 3250 3440 3249 3524 3247 3525 3251 3530 3250 3458 3247 3520 3244 3519 3248 3526 3249 3461 3253 3534 3252 3528 3250 3440 3254 5171 3253 3529 3251 3530 3255 3538 3254 3531 3251 3527 3248 3526 3252 3532 3253 3534 3257 3541 3256 3535 3253 3529 3254 5171 3258 3536 3255 3538 3259 3542 3258 3539 3252 3532 3256 3544 3259 3540 3257 3541 3261 5172 3260 3331 3257 3537 3258 3536 3262 1623 3259 3542 3263 5173 3262 3543 3256 3544 3260 1670 3263 1648 3242 1440 3241 1440 3240 1440 3261 1441 3262 1441 3263 1441 3264 3478 3265 3409 3269 3410 3266 3546 3270 3553 3269 3547 3267 3482 3271 3269 3270 3549 3267 3550 3264 1490 3268 3491 3269 3410 3273 3557 3272 3552 3270 3553 3274 3559 3273 3554 3271 3269 3275 3497 3274 3490 3271 3551 3268 3491 3272 3555 3273 3557 3277 5174 3276 3558 3274 3559 3278 5175 3277 3560 3275 3497 3279 3568 3278 3561 3275 3556 3272 3555 3276 3562 3276 3558 3277 5174 3281 3564 3277 3560 3278 5175 3282 3566 3279 3568 3283 3572 3282 3569 3276 3562 3280 3573 3283 3570 3281 3564 3285 5176 3284 3371 3281 3567 3282 3566 3286 3571 3283 3572 3287 5169 3286 3511 3280 3573 3284 1670 3287 1669 3266 1440 3265 1440 3264 1440 3285 1441 3286 1441 3287 1441 3289 3375 3293 3582 3292 3574 3290 3575 3294 3583 3293 3576 3291 3303 3295 3585 3294 3381 3291 3579 3288 1605 3292 3580 3293 3582 3297 3589 3296 3522 3294 3583 3298 1814 3297 3584 3295 3585 3299 3591 3298 3586 3295 3581 3292 3580 3296 3587 3297 3589 3301 3595 3300 3391 3298 1814 3302 5177 3301 3590 3299 3591 3303 3598 3302 3592 3299 3588 3296 3587 3300 3593 3301 3595 3305 3601 3304 3468 3301 3590 3302 5177 3306 3596 3303 3598 3307 3603 3306 3599 3300 3593 3304 3605 3307 3600 3305 3601 3309 3331 3308 3474 3305 3597 3306 3596 3310 3602 3307 3603 3311 5178 3310 3604 3304 3605 3308 1480 3311 3606 3290 1440 3289 1440 3288 1440 3309 1441 3310 1441 3311 1441 3312 3337 3313 3411 3317 3607 3314 3608 3318 3349 3317 3546 3315 3415 3319 3269 3318 3549 3315 3610 3312 1567 3316 3611 3316 3487 3317 3607 3321 3613 3318 3349 3322 3619 3321 3350 3319 3269 3323 5179 3322 3615 3319 3612 3316 3611 3320 3616 3321 3613 3325 5180 3324 3618 3322 3619 3326 5181 3325 3620 3322 3615 3323 5179 3327 3621 3323 3617 3320 3616 3324 3623 3324 3618 3325 5180 3329 3624 3325 3620 3326 5181 3330 3625 3327 3621 3331 3437 3330 3627 3324 3623 3328 3633 3331 3628 3329 3624 3333 3629 3332 3629 3329 3626 3330 3625 3334 3630 3330 3627 3331 3437 3335 3291 3328 3633 3332 1796 3335 3634 3314 1440 3313 1440 3312 1440 3333 1441 3334 1441 3335 1441 3336 3513 3337 5182 3341 3635 3338 1533 3342 3643 3341 3637 3339 3517 3343 5183 3342 3638 3339 3640 3336 1605 3340 3641 3341 3635 3345 5184 3344 3642 3342 3643 3346 3648 3345 3560 3342 3638 3343 5183 3347 3644 3343 1582 3340 3641 3344 3646 3344 3642 3345 5184 3349 3647 3346 3648 3350 1469 3349 3649 3347 3644 3351 3657 3350 3650 3347 1754 3344 3646 3348 3651 3348 3595 3349 3647 3353 3653 3349 3649 3350 1469 3354 3655 3351 3657 3355 5185 3354 3658 3348 3651 3352 3662 3355 3659 3353 3653 3357 5158 3356 3403 3353 3656 3354 3655 3358 1831 3354 3658 3355 5185 3359 3660 3352 3662 3356 1480 3359 1479 3338 1440 3337 1440 3336 1440 3357 1441 3358 1441 3359 1441 3361 3255 3365 3347 3364 3338 3362 1407 3366 3667 3365 3663 3363 3415 3367 3351 3366 3549 3363 3472 3360 1711 3364 3664 3365 3347 3369 3672 3368 3666 3366 3667 3370 3673 3369 3668 3367 3351 3371 3674 3370 3669 3367 3665 3364 3664 3368 3670 3369 3672 3373 3677 3372 3428 3370 3673 3374 1495 3373 1586 3371 3674 3375 3681 3374 3675 3371 3671 3368 3670 3372 3676 3373 3677 3377 3683 3376 3678 3373 1586 3374 1495 3378 3679 3375 3681 3379 3685 3378 3368 3372 3676 3376 3687 3379 3682 3377 3683 3381 5186 3380 3684 3377 3680 3378 3679 3382 1525 3379 3685 3383 5187 3382 3686 3376 3687 3380 1558 3383 3688 3362 1440 3361 1440 3360 1440 3381 1441 3382 1441 3383 1441 3384 3689 3385 5188 3389 3690 3386 1407 3390 1868 3389 1867 3387 3692 3391 3697 3390 3693 3387 1488 3384 1490 3388 1863 3389 3690 3393 3701 3392 3695 3390 1868 3394 3703 3393 3696 3391 3697 3395 3705 3394 3698 3391 1870 3388 1863 3392 3699 3393 3701 3397 3709 3396 3702 3394 3703 3398 5189 3397 3704 3395 3705 3399 3711 3398 3706 3395 3700 3392 3699 3396 3707 3397 3709 3401 3714 3400 3364 3397 3704 3398 5189 3402 1907 3399 3711 3403 3718 3402 3712 3396 3707 3400 3720 3403 3713 3401 3714 3405 5190 3404 3715 3401 3710 3402 1907 3406 3716 3403 3718 3407 5191 3406 3719 3400 3720 3404 1796 3407 3721 3387 1440 3386 1440 3385 1440 3405 1441 3406 1441 3407 1441 3408 3722 3409 5192 3413 3723 3410 3724 3414 3733 3413 3725 3411 3727 3415 3735 3414 3728 3411 3730 3408 5193 3412 1885 3413 3723 3417 3739 3416 3732 3414 3733 3418 3741 3417 3734 3415 3735 3419 5194 3418 3736 3415 3731 3412 1885 3416 3737 3417 3739 3421 3396 3420 3740 3418 3741 3422 5195 3421 3742 3418 3736 3419 5194 3423 3743 3419 3738 3416 3737 3420 3745 3421 3396 3425 3565 3424 3564 3421 3742 3422 5195 3426 3747 3423 3743 3427 3372 3426 3569 3420 3745 3424 3752 3427 3749 3424 3564 3425 3565 3429 3629 3425 3748 3426 3747 3430 3750 3427 3372 3431 5161 3430 3751 3424 3752 3428 1893 3431 3753 3411 1440 3410 1440 3409 1440 3429 1441 3430 1441 3431 1441 3432 3754 3433 5196 3437 3755 3434 3757 3438 3767 3437 3758 3434 3760 3435 5197 3439 3761 3435 3763 3432 1936 3436 3764 3437 3755 3441 5198 3440 3766 3438 3767 3442 3775 3441 3768 3438 3762 3439 3761 3443 3769 3439 3765 3436 3764 3440 3771 3440 3766 3441 5198 3445 3773 3442 3775 3446 5199 3445 3776 3443 3769 3447 5200 3446 3777 3443 3772 3440 3771 3444 3778 3445 3773 3449 5201 3448 3780 3445 3776 3446 5199 3450 3781 3446 3777 3447 5200 3451 3783 3444 3778 3448 3792 3451 3785 3448 3780 3449 5201 3453 3786 3449 3782 3450 3781 3454 3788 3450 3784 3451 3783 3455 3790 3448 3792 3452 5202 3455 3793 3435 3250 3434 3252 3433 3251 3453 3794 3454 1441 3455 3795 3457 3797 3461 3809 3460 3798 3458 3800 3462 3811 3461 3801 3458 3803 3459 5203 3463 3804 3459 3806 3456 5204 3460 3807 3461 3809 3465 5205 3464 3810 3462 3811 3466 3818 3465 3812 3463 3804 3467 3820 3466 3813 3463 3808 3460 3807 3464 3814 3464 3810 3465 5205 3469 3816 3466 3818 3470 5206 3469 3819 3467 3820 3471 5207 3470 3821 3467 3815 3464 3814 3468 3822 3469 3816 3473 5208 3472 3824 3469 3819 3470 5206 3474 3825 3470 3821 3471 5207 3475 3827 3468 3822 3472 3835 3475 3829 3472 3824 3473 5208 3477 3830 3473 3826 3474 3825 3478 3832 3475 3827 3479 5209 3478 3834 3472 3835 3476 5210 3479 3836 3459 3837 3458 5211 3457 3838 3476 3839 3477 5212 3478 3840 3481 3842 3485 3854 3484 3843 3482 3845 3486 3856 3485 3846 3482 3848 3483 5213 3487 3849 3483 3851 3480 5214 3484 3852 3485 3854 3489 5215 3488 3855 3486 3856 3490 3863 3489 3857 3487 3849 3491 5216 3490 3858 3487 3853 3484 3852 3488 3859 3488 3855 3489 5215 3493 3861 3490 3863 3494 5217 3493 3864 3490 3858 3491 5216 3495 3865 3491 3860 3488 3859 3492 3867 3492 3862 3493 3861 3497 3869 3493 3864 3494 5217 3498 3871 3495 3865 3499 3879 3498 3873 3492 3867 3496 3881 3499 3874 3496 3870 3497 3869 3501 3875 3497 3872 3498 3871 3502 3877 3499 3879 3503 5218 3502 3880 3496 3881 3500 5219 3503 3882 3483 3883 3482 3163 3481 3884 3501 1441 3502 1441 3503 1441 3505 3886 3509 3898 3508 3887 3506 3889 3510 3900 3509 3890 3507 3892 3511 5220 3510 3893 3507 3895 3504 5221 3508 3896 3509 3898 3513 5222 3512 3899 3510 3900 3514 3908 3513 3901 3510 3893 3511 5220 3515 3902 3511 3897 3508 3896 3512 3904 3512 3899 3513 5222 3517 3906 3514 3908 3518 5223 3517 3909 3515 3902 3519 5224 3518 3910 3515 3905 3512 3904 3516 3911 3516 3907 3517 3906 3521 3913 3517 3909 3518 5223 3522 3915 3518 3910 3519 5224 3523 3917 3516 3911 3520 3924 3523 3919 3521 3913 3525 5225 3524 3920 3521 3916 3522 3915 3526 3921 3523 3917 3527 5226 3526 3923 3520 3924 3524 5227 3527 3925 3507 3926 3506 5228 3505 3927 3525 3928 3526 3119 3527 3929 3528 3931 3529 5229 3533 3932 3530 3934 3534 3944 3533 3935 3531 3937 3535 5230 3534 3938 3531 3940 3528 5231 3532 3941 3533 3932 3537 3950 3536 3943 3534 3944 3538 3952 3537 3945 3534 3938 3535 5230 3539 3946 3535 3942 3532 3941 3536 3948 3537 3950 3541 3958 3540 3951 3538 3952 3542 5232 3541 3953 3538 3947 3539 3946 3543 3954 3539 3949 3536 3948 3540 3956 3541 3958 3545 5233 3544 3959 3541 3953 3542 5232 3546 3960 3543 3954 3547 5234 3546 3962 3540 3956 3544 3970 3547 3963 3544 3959 3545 5233 3549 3964 3545 3961 3546 3960 3550 3966 3546 3962 3547 5234 3551 3968 3544 3970 3548 5235 3551 3971 3530 1440 3529 1440 3528 1440 3549 3972 3550 5236 3551 3973 3553 3975 3557 5237 3556 3976 3554 3978 3558 3989 3557 3979 3555 3981 3559 5238 3558 3982 3555 3984 3552 5239 3556 3985 3556 3976 3557 5237 3561 3987 3558 3989 3562 3996 3561 3990 3558 3982 3559 5238 3563 3991 3559 3986 3556 3985 3560 3993 3561 3987 3565 5240 3564 3995 3562 3996 3566 5241 3565 3997 3563 3991 3567 5242 3566 3998 3563 3994 3560 3993 3564 3999 3564 3995 3565 5240 3569 4001 3565 3997 3566 5241 3570 4003 3566 3998 3567 5242 3571 4005 3564 3999 3568 4013 3571 4007 3568 4002 3569 4001 3573 4008 3569 4004 3570 4003 3574 4010 3571 4005 3575 5243 3574 4012 3568 4013 3572 5244 3575 4014 3555 1440 3554 1440 3553 1440 3573 1441 3574 1441 3575 1441 3577 4015 3581 4025 3580 4016 3578 2203 3582 4027 3581 4018 3579 4020 3583 4029 3582 4021 3579 2197 3576 2199 3580 4023 3581 4025 3585 4032 3584 4026 3582 4027 3586 2213 3585 4028 3583 4029 3587 4035 3586 4030 3583 4024 3580 4023 3584 4031 3585 4032 3589 4039 3588 4033 3586 2213 3590 2221 3589 4034 3587 4035 3591 4043 3590 4036 3587 2216 3584 4031 3588 4037 3589 4039 3593 4046 3592 4040 3589 4034 3590 2221 3594 4041 3591 4043 3595 4049 3594 4044 3588 4037 3592 4051 3595 4045 3593 4046 3597 5245 3596 4047 3593 4042 3594 4041 3598 2236 3595 4049 3599 4257 3598 4050 3592 4051 3596 2232 3599 2231 3578 1440 3577 1440 3576 1440 3597 1441 3598 1441 3599 1441 3601 4052 3605 4061 3604 4053 3602 2246 3606 4063 3605 4055 3603 4057 3607 5246 3606 4058 3603 2240 3600 2242 3604 4060 3605 4061 3609 4066 3608 4062 3606 4063 3610 4068 3609 2283 3606 4058 3607 5246 3611 4064 3607 4024 3604 4060 3608 4031 3609 4066 3613 5247 3612 4067 3610 4068 3614 2318 3613 4069 3611 4064 3615 4074 3614 4070 3611 2216 3608 4031 3612 4037 3612 4067 3613 5247 3617 4071 3613 4069 3614 2318 3618 2323 3615 4074 3619 4078 3618 4075 3612 4037 3616 4080 3619 4045 3617 4071 3621 5248 3620 4076 3617 4073 3618 2323 3622 2271 3619 4078 3623 5249 3622 4079 3616 4080 3620 2267 3623 2266 3602 1440 3601 1440 3600 1440 3621 1441 3622 1441 3623 1441 3625 4081 3629 4088 3628 4082 3626 2203 3630 4063 3629 4083 3627 4084 3631 4090 3630 4085 3627 2197 3624 2199 3628 4086 3629 4088 3633 4093 3632 4089 3630 4063 3634 4068 3633 2283 3631 4090 3635 4096 3634 4091 3631 4087 3628 4086 3632 2251 3633 4093 3637 4100 3636 4094 3634 4068 3638 2291 3637 4095 3635 4096 3639 4103 3638 4097 3635 4092 3632 2251 3636 4098 3637 4100 3641 4105 3640 4101 3637 4095 3638 2291 3642 2298 3639 4103 3643 4107 3642 4104 3636 4098 3640 4109 3643 2294 3641 4105 3645 5250 3644 4106 3641 4102 3642 2298 3646 2236 3643 4107 3647 4257 3646 4108 3640 4109 3644 2232 3647 2231 3626 1440 3625 1440 3624 1440 3645 1441 3646 1441 3647 1441 3649 4052 3653 4115 3652 4110 3650 2246 3654 4063 3653 4055 3651 4111 3655 4117 3654 4112 3651 2240 3648 2242 3652 4114 3653 4115 3657 4119 3656 4116 3654 4063 3658 4068 3657 2283 3655 4117 3659 4121 3658 4118 3655 4087 3652 4114 3656 2251 3657 4119 3661 4125 3660 4120 3658 4068 3662 2318 3661 4069 3659 4121 3663 4127 3662 4122 3659 4092 3656 2251 3660 4123 3661 4125 3665 4129 3664 4126 3661 4069 3662 2318 3666 2323 3663 4127 3667 4131 3666 4128 3660 4123 3664 4133 3667 2261 3665 4129 3669 5251 3668 4130 3665 4073 3666 2323 3670 2271 3667 4131 3671 4257 3670 4132 3664 4133 3668 2267 3671 2266 3650 1440 3649 1440 3648 1440 3669 1441 3670 1441 3671 1441 3673 4134 3677 4144 3676 4135 3674 2338 3678 4146 3677 4137 3675 4139 3679 4147 3678 4140 3675 2332 3672 2334 3676 4142 3677 4144 3681 4149 3680 4145 3678 4146 3682 2213 3681 4028 3679 4147 3683 4151 3682 4148 3679 4143 3676 4142 3680 4031 3681 4149 3685 4153 3684 4150 3682 2213 3686 2291 3685 4095 3683 4151 3687 4155 3686 4152 3683 2216 3680 4031 3684 4098 3685 4153 3689 4157 3688 4154 3685 4095 3686 2291 3690 2298 3687 4155 3691 4159 3690 4156 3684 4098 3688 4109 3691 2294 3689 4157 3693 4582 3692 4158 3689 4102 3690 2298 3694 2236 3691 4159 3695 4257 3694 4160 3688 4109 3692 2232 3695 2231 3674 1440 3673 1440 3672 1440 3693 1441 3694 1441 3695 1441 3697 4161 3701 4170 3700 4162 3698 2367 3702 4172 3701 4164 3699 4166 3703 4173 3702 4167 3699 2361 3696 2363 3700 2594 3701 4170 3705 4175 3704 4171 3702 4172 3706 2377 3705 2376 3703 4173 3707 4177 3706 4174 3703 4169 3700 2594 3704 2373 3705 4175 3709 4180 3708 4176 3706 2377 3710 2385 3709 2384 3707 4177 3711 4182 3710 4178 3707 2380 3704 2373 3708 2381 3709 4180 3713 4184 3712 4181 3709 2384 3710 2385 3714 2391 3711 4182 3715 4186 3714 4183 3708 2381 3712 4133 3715 2388 3713 4184 3717 5250 3716 4185 3713 4073 3714 2391 3718 2271 3715 4186 3719 5252 3718 4187 3712 4133 3716 2267 3719 2266 3698 1440 3697 1440 3696 1440 3717 1441 3718 1441 3719 1441 3721 4188 3725 4198 3724 4189 3722 2405 3726 4200 3725 4191 3723 4193 3727 4201 3726 4194 3723 2399 3720 2401 3724 4196 3725 4198 3729 4203 3728 4199 3726 4200 3730 2377 3729 2376 3727 4201 3731 4205 3730 4202 3727 4197 3724 4196 3728 2373 3729 4203 3733 4207 3732 4204 3730 2377 3734 2385 3733 2384 3731 4205 3735 4209 3734 4206 3731 2380 3728 2373 3732 2381 3733 4207 3737 4211 3736 4208 3733 2384 3734 2385 3738 2391 3735 4209 3739 4213 3738 4210 3732 2381 3736 4109 3739 2388 3737 4211 3741 5248 3740 4212 3737 4102 3738 2391 3742 2236 3739 4213 3743 5252 3742 4214 3736 4109 3740 2232 3743 2231 3722 1440 3721 1440 3720 1440 3741 1441 3742 1441 3743 1441 3745 4215 3749 4220 3748 4216 3746 2338 3750 4146 3749 4137 3747 4217 3751 4222 3750 4218 3747 2332 3744 2334 3748 4142 3749 4220 3753 4224 3752 4221 3750 4146 3754 2213 3753 4028 3751 4222 3755 4226 3754 4223 3751 4143 3748 4142 3752 4031 3753 4224 3757 4228 3756 4225 3754 2213 3758 2318 3757 4069 3755 4226 3759 4230 3758 4227 3755 2216 3752 4031 3756 4123 3757 4228 3761 4232 3760 4229 3757 4069 3758 2318 3762 2323 3759 4230 3763 4234 3762 4231 3756 4123 3760 4133 3763 2261 3761 4232 3765 5248 3764 4233 3761 4073 3762 2323 3766 2271 3763 4234 3767 5252 3766 4235 3760 4133 3764 2267 3767 2266 3746 1440 3745 1440 3744 1440 3765 1441 3766 1441 3767 1441 3769 4236 3773 5253 3772 4237 3770 2203 3774 4242 3773 2744 3771 4238 3775 4244 3774 4239 3771 2197 3768 2199 3772 4086 3772 4237 3773 5253 3777 4240 3774 4242 3778 4247 3777 4243 3775 4244 3779 4248 3778 4245 3775 4087 3772 4086 3776 2251 3777 4240 3781 4250 3780 4246 3778 4247 3782 2291 3781 4095 3779 4248 3783 4252 3782 4249 3779 4092 3776 2251 3780 4098 3781 4250 3785 4254 3784 4251 3781 4095 3782 2291 3786 2527 3783 4252 3787 5254 3786 4253 3780 4098 3784 4109 3787 2294 3785 4254 3789 5250 3788 4255 3785 2503 3786 2527 3790 2504 3786 4253 3787 5254 3791 4160 3784 4109 3788 2232 3791 2231 3770 1440 3769 1440 3768 1440 3789 1441 3790 1441 3791 1441 3793 4258 3797 4265 3796 4259 3794 2246 3798 4267 3797 2517 3795 4261 3799 4268 3798 4262 3795 2240 3792 2242 3796 4264 3797 4265 3801 4271 3800 4266 3798 4267 3802 4273 3801 2487 3799 4268 3803 4274 3802 4269 3799 2747 3796 4264 3800 2484 3801 4271 3805 4276 3804 4272 3802 4273 3806 2318 3805 4069 3803 4274 3807 4230 3806 4275 3803 4270 3800 2484 3804 4123 3805 4276 3809 4279 3808 4277 3805 4069 3806 2318 3810 2498 3807 4230 3811 4281 3810 4278 3804 4123 3808 2464 3811 2496 3809 4279 3813 5250 3812 4280 3809 2503 3810 2498 3814 2504 3811 4281 3815 5255 3814 4282 3808 2464 3812 2470 3815 2469 3794 1440 3793 1440 3792 1440 3813 1441 3814 1441 3815 1441 3817 4283 3821 4290 3820 4284 3818 2203 3822 4242 3821 2744 3819 4286 3823 4292 3822 4287 3819 2197 3816 2199 3820 4289 3821 4290 3825 4295 3824 4291 3822 4242 3826 4247 3825 4243 3823 4292 3827 4297 3826 4293 3823 2544 3820 4289 3824 2475 3825 4295 3829 4299 3828 4296 3826 4247 3830 2291 3829 4095 3827 4297 3831 4301 3830 4298 3827 4294 3824 2475 3828 4098 3829 4299 3833 4303 3832 4300 3829 4095 3830 2291 3834 2527 3831 4301 3835 4305 3834 4302 3828 4098 3832 2464 3835 2463 3833 4303 3837 4492 3836 4304 3833 2503 3834 2527 3838 2504 3835 4305 3839 4511 3838 4306 3832 2464 3836 2470 3839 2469 3818 1440 3817 1440 3816 1440 3837 1441 3838 1441 3839 1441 3841 4307 3845 4315 3844 4308 3842 2539 3846 2512 3845 2498 3843 4310 3847 4317 3846 4311 3843 2534 3840 2535 3844 4313 3845 4315 3849 4319 3848 4316 3846 2512 3850 2549 3849 2548 3847 4317 3851 4321 3850 4318 3847 4314 3844 4313 3848 2545 3849 4319 3853 4323 3852 4320 3850 2549 3854 2385 3853 2384 3851 4321 3855 4325 3854 4322 3851 2552 3848 2545 3852 2381 3853 4323 3857 4327 3856 4324 3853 2384 3854 2385 3858 2560 3855 4325 3859 4329 3858 4326 3852 2381 3856 2464 3859 2557 3857 4327 3861 4492 3860 4328 3857 2503 3858 2560 3862 2504 3859 4329 3863 5249 3862 4330 3856 2464 3860 2470 3863 2469 3842 1440 3841 1440 3840 1440 3861 1441 3862 1441 3863 1441 3864 4331 3865 5256 3869 4332 3866 2743 3870 4341 3869 2744 3867 4334 3871 5257 3870 4335 3867 4337 3864 2603 3868 4338 3869 4332 3873 4344 3872 4340 3870 4341 3874 2752 3873 2751 3870 4335 3871 5257 3875 4342 3871 4339 3868 4338 3872 2373 3873 4344 3877 5258 3876 4345 3874 2752 3878 2711 3877 4346 3874 4343 3875 4342 3879 4347 3875 2380 3872 2373 3876 2756 3876 4345 3877 5258 3881 4350 3877 4346 3878 2711 3882 2391 3879 4347 3883 5259 3882 4353 3876 2756 3880 4358 3883 4354 3881 4350 3885 5260 3884 4355 3881 4352 3882 2391 3886 2368 3882 4353 3883 5259 3887 4356 3880 4358 3884 2232 3887 2231 3866 1440 3865 1440 3864 1440 3885 1441 3886 1441 3887 1441 3889 4359 3893 4366 3892 4360 3890 2607 3894 4368 3893 2608 3891 4362 3895 4369 3894 4363 3891 2601 3888 2603 3892 2602 3893 4366 3897 4371 3896 4367 3894 4368 3898 2617 3897 2616 3895 4369 3899 4374 3898 4370 3895 4365 3892 2602 3896 2613 3897 4371 3901 4378 3900 4372 3898 2617 3902 2625 3901 4373 3899 4374 3903 4380 3902 4375 3899 2620 3896 2613 3900 4376 3901 4378 3905 4382 3904 4379 3901 4373 3902 2625 3906 2560 3903 4380 3907 4384 3906 4381 3900 4376 3904 2628 3907 2557 3905 4382 3909 5261 3908 4383 3905 2636 3906 2560 3910 2637 3907 4384 3911 5262 3910 4385 3904 2628 3908 2232 3911 2633 3890 1440 3889 1440 3888 1440 3909 1441 3910 1441 3911 1441 3913 4386 3917 4394 3916 4387 3914 4389 3918 4396 3917 4390 3914 4391 3915 5263 3919 4392 3915 2197 3912 2199 3916 4289 3917 4394 3921 4398 3920 4395 3918 4396 3922 2617 3921 2616 3919 4392 3923 4401 3922 4397 3919 2698 3916 4289 3920 2613 3921 4398 3925 4404 3924 4399 3922 2617 3926 2291 3925 4400 3923 4401 3927 5264 3926 4402 3923 2620 3920 2613 3924 4403 3925 4404 3929 4408 3928 4405 3925 4400 3926 2291 3930 2527 3926 4402 3927 5264 3931 4406 3924 4403 3928 2628 3931 2463 3929 4408 3933 5261 3932 4409 3929 2636 3930 2527 3934 2637 3931 4406 3935 4357 3934 4410 3928 2628 3932 2232 3935 2633 3914 1440 3913 1440 3912 1440 3933 1441 3934 1441 3935 1441 3937 4411 3941 4366 3940 4189 3938 2671 3942 4368 3941 4413 3939 4414 3943 4369 3942 4415 3939 2666 3936 2199 3940 4417 3941 4366 3945 4419 3944 4418 3942 4368 3946 2617 3945 2616 3943 4369 3947 4421 3946 4370 3943 4365 3940 4417 3944 2613 3945 4419 3949 4423 3948 4420 3946 2617 3950 2291 3949 4400 3947 4421 3951 4425 3950 4422 3947 2620 3944 2613 3948 4403 3949 4423 3953 4427 3952 4424 3949 4400 3950 2291 3954 2527 3951 4425 3955 4429 3954 4426 3948 4403 3952 2628 3955 2463 3953 4427 3957 5260 3956 4428 3953 2636 3954 2527 3958 2637 3955 4429 3959 4357 3958 4430 3952 2628 3956 2232 3959 2633 3938 1440 3937 1440 3936 1440 3957 1441 3958 1441 3959 1441 3960 4431 3961 5265 3965 4432 3962 2694 3966 2646 3965 2695 3963 4434 3967 4439 3966 4435 3963 2689 3960 2242 3964 2690 3965 4432 3969 4442 3968 4438 3966 2646 3970 4444 3969 2702 3967 4439 3971 4446 3970 4440 3967 4437 3964 2690 3968 2699 3969 4442 3973 5266 3972 4443 3970 4444 3974 2711 3973 4445 3971 4446 3975 4451 3974 4447 3971 4441 3968 2699 3972 2603 3972 4443 3973 5266 3977 4449 3973 4445 3974 2711 3978 2717 3975 4451 3979 4454 3978 4452 3972 2603 3976 2628 3979 2714 3977 4449 3981 5267 3980 4453 3977 2636 3978 2717 3982 2637 3979 4454 3983 5268 3982 4455 3976 2628 3980 2232 3983 2633 3962 1440 3961 1440 3960 1440 3981 1441 3982 1441 3983 1441 3985 4359 3989 4366 3988 4456 3986 2607 3990 4368 3989 2608 3987 4457 3991 4461 3990 4458 3987 2601 3984 2603 3988 2602 3989 4366 3993 4463 3992 4460 3990 4368 3994 2617 3993 2616 3991 4461 3995 4465 3994 4462 3991 4365 3988 2602 3992 2613 3993 4463 3997 4467 3996 4464 3994 2617 3998 2625 3997 4373 3995 4465 3999 4469 3998 4466 3995 2620 3992 2613 3996 4376 3997 4467 4001 4382 4000 4468 3997 4373 3998 2625 4002 2560 3999 4469 4003 4471 4002 4470 3996 4376 4000 2628 4003 2557 4001 4382 4005 5261 4004 4383 4001 2636 4002 2560 4006 2637 4003 4471 4007 5269 4006 4472 4000 2628 4004 2232 4007 2633 3986 1440 3985 1440 3984 1440 4005 1441 4006 1441 4007 1441 4008 4081 4009 4017 4013 4360 4010 2804 4014 2480 4013 4474 4011 4475 4015 5270 4014 4476 4011 2568 4008 2199 4012 2448 4013 4360 4017 5271 4016 4478 4014 2480 4018 4484 4017 4479 4014 4476 4015 5270 4019 4480 4015 4477 4012 2448 4016 2577 4016 4478 4017 5271 4021 4482 4018 4484 4022 2587 4021 2586 4019 4480 4023 5272 4022 4485 4019 2582 4016 2577 4020 4486 4021 4482 4025 5273 4024 4487 4021 2586 4022 2587 4026 4488 4022 4485 4023 5272 4027 4353 4020 4486 4024 4493 4027 2388 4024 4487 4025 5273 4029 4491 4025 4489 4026 4488 4030 2236 4027 4353 4031 5274 4030 4356 4024 4493 4028 2470 4031 2594 4010 1440 4009 1440 4008 1440 4029 1441 4030 1441 4031 1441 4032 4494 4033 5275 4037 4495 4034 2539 4038 2512 4037 2498 4035 4497 4039 5276 4038 4498 4035 2568 4032 2199 4036 2448 4037 4495 4041 5277 4040 4499 4038 2512 4042 2549 4041 2548 4038 4498 4039 5276 4043 4500 4039 4477 4036 2448 4040 2577 4040 4499 4041 5277 4045 4320 4042 2549 4046 2385 4045 2384 4043 4500 4047 4507 4046 4504 4043 4502 4040 2577 4044 2756 4044 4503 4045 4320 4049 4505 4045 2384 4046 2385 4050 2560 4047 4507 4051 5278 4050 4305 4044 2756 4048 4512 4051 4508 4049 4505 4053 4492 4052 4509 4049 2503 4050 2560 4054 2504 4050 4305 4051 5278 4055 4510 4048 4512 4052 2470 4055 2594 4034 1440 4033 1440 4032 1440 4053 1441 4054 1441 4055 1441 4057 4513 4061 4517 4060 4514 4058 2203 4062 4242 4061 2744 4059 4515 4063 4519 4062 4516 4059 2197 4056 2199 4060 4289 4061 4517 4065 4521 4064 4518 4062 4242 4066 4247 4065 4243 4063 4519 4067 4297 4066 4520 4063 2544 4060 4289 4064 2475 4065 4521 4069 4153 4068 4246 4066 4247 4070 2291 4069 4095 4067 4297 4071 4301 4070 4249 4067 4294 4064 2475 4068 4098 4069 4153 4073 4523 4072 4522 4069 4095 4070 2291 4074 2527 4071 4301 4075 4525 4074 4302 4068 4098 4072 2464 4075 2463 4073 4523 4077 4492 4076 4524 4073 2503 4074 2527 4078 2504 4075 4525 4079 5249 4078 4526 4072 2464 4076 2470 4079 2469 4058 1440 4057 1440 4056 1440 4077 1441 4078 1441 4079 1441 4081 4527 4085 4532 4084 4528 4082 2804 4086 2480 4085 4474 4083 4530 4087 4534 4086 4117 4083 2739 4080 2535 4084 2568 4085 4532 4089 4537 4088 4533 4086 2480 4090 4539 4089 2810 4087 4534 4091 4541 4090 4535 4087 2747 4084 2568 4088 2807 4089 4537 4093 4544 4092 4538 4090 4539 4094 2587 4093 4540 4091 4541 4095 4547 4094 4542 4091 4536 4088 2807 4092 4543 4093 4544 4097 4549 4096 4545 4093 4540 4094 2587 4098 2825 4095 4547 4099 4551 4098 4548 4092 4543 4096 4553 4099 2821 4097 4549 4101 4492 4100 4550 4097 4546 4098 2825 4102 2832 4099 4551 4103 4257 4102 4552 4096 4553 4100 2470 4103 2828 4082 1440 4081 1440 4080 1440 4101 1441 4102 1441 4103 1441 4105 4554 4109 4563 4108 4555 4106 2539 4110 4565 4109 4557 4107 4558 4111 4567 4110 4559 4107 2534 4104 2535 4108 4561 4109 4563 4113 5279 4112 4564 4110 4565 4114 4573 4113 4566 4111 4567 4115 4575 4114 4568 4111 4562 4108 4561 4112 4569 4112 4564 4113 5279 4117 4571 4114 4573 4118 5280 4117 4574 4115 4575 4119 5281 4118 4576 4115 4570 4112 4569 4116 4486 4117 4571 4121 5282 4120 4577 4117 4574 4118 5280 4122 4578 4118 4576 4119 5281 4123 4579 4116 4486 4120 2464 4123 2557 4120 4577 4121 5282 4125 4581 4121 4083 4122 4578 4126 2236 4123 4579 4127 5252 4126 4108 4120 2464 4124 2470 4127 2469 4106 1440 4105 1440 4104 1440 4125 1441 4126 1441 4127 1441 4129 4583 4133 4588 4132 4584 4130 2338 4134 4146 4133 4137 4131 4585 4135 4590 4134 4586 4131 2332 4128 2334 4132 4142 4133 4588 4137 4592 4136 4589 4134 4146 4138 2213 4137 4028 4135 4590 4139 4274 4138 4591 4135 4143 4132 4142 4136 4031 4137 4592 4141 4125 4140 4593 4138 2213 4142 2318 4141 4069 4139 4274 4143 4595 4142 4594 4139 2216 4136 4031 4140 4123 4141 4125 4145 4597 4144 4126 4141 4069 4142 2318 4146 2323 4143 4595 4147 4599 4146 4596 4140 4123 4144 4133 4147 2261 4145 4597 4149 5248 4148 4598 4145 4073 4146 2323 4150 2271 4147 4599 4151 4257 4150 4600 4144 4133 4148 2267 4151 2266 4130 1440 4129 1440 4128 1440 4149 1441 4150 1441 4151 1441 4153 4081 4157 4088 4156 4082 4154 2203 4158 4063 4157 4083 4155 4084 4159 4090 4158 4085 4155 2197 4152 2199 4156 4086 4157 4088 4161 4603 4160 4601 4158 4063 4162 4068 4161 2283 4159 4090 4163 4604 4162 4602 4159 4087 4156 4086 4160 2251 4161 4603 4165 4153 4164 4150 4162 4068 4166 2291 4165 4095 4163 4604 4167 4155 4166 4152 4163 4092 4160 2251 4164 4098 4165 4153 4169 4606 4168 4154 4165 4095 4166 2291 4170 2298 4167 4155 4171 4107 4170 4605 4164 4098 4168 4109 4171 2294 4169 4606 4173 5250 4172 4106 4169 4102 4170 2298 4174 2236 4171 4107 4175 4257 4174 4108 4168 4109 4172 2232 4175 2231 4154 1440 4153 1440 4152 1440 4173 1441 4174 1441 4175 1441 4177 4607 4181 4612 4180 4608 4178 2367 4182 4172 4181 4164 4179 4609 4183 4173 4182 4610 4179 2361 4176 2363 4180 2594 4181 4612 4185 4614 4184 4171 4182 4172 4186 2377 4185 2376 4183 4173 4187 4616 4186 4613 4183 4169 4180 2594 4184 2373 4185 4614 4189 4618 4188 4615 4186 2377 4190 2385 4189 2384 4187 4616 4191 4182 4190 4617 4187 2380 4184 2373 4188 2381 4189 4618 4193 4619 4192 4229 4189 2384 4190 2385 4194 2391 4191 4182 4195 4621 4194 4183 4188 2381 4192 4133 4195 2388 4193 4619 4197 5250 4196 4620 4193 4073 4194 2391 4198 2271 4195 4621 4199 4257 4198 4622 4192 4133 4196 2267 4199 2266 4178 1440 4177 1440 4176 1440 4197 1441 4198 1441 4199 1441 4201 4188 4205 4198 4204 4189 4202 2405 4206 4200 4205 4191 4203 4623 4207 4626 4206 4624 4203 2399 4200 2401 4204 4196 4205 4198 4209 4203 4208 4199 4206 4200 4210 2377 4209 2376 4207 4626 4211 4628 4210 4627 4207 4197 4204 4196 4208 2373 4209 4203 4213 4207 4212 4204 4210 2377 4214 2385 4213 2384 4211 4628 4215 4630 4214 4629 4211 2380 4208 2373 4212 2381 4213 4207 4217 4211 4216 4208 4213 2384 4214 2385 4218 2391 4215 4630 4219 4632 4218 4631 4212 2381 4216 4109 4219 2388 4217 4211 4221 5248 4220 4212 4217 4102 4218 2391 4222 2236 4219 4632 4223 4257 4222 4633 4216 4109 4220 2232 4223 2231 4202 1440 4201 1440 4200 1440 4221 1441 4222 1441 4223 1441 4225 4634 4229 4638 4228 4635 4226 2246 4230 4063 4229 4055 4227 4636 4231 4117 4230 4112 4227 2240 4224 2242 4228 4114 4229 4638 4233 4641 4232 4639 4230 4063 4234 4068 4233 2283 4231 4117 4235 4121 4234 4640 4231 4087 4228 4114 4232 2251 4233 4641 4237 4125 4236 4120 4234 4068 4238 2318 4237 4069 4235 4121 4239 4127 4238 4122 4235 4092 4232 2251 4236 4123 4237 4125 4241 4129 4240 4126 4237 4069 4238 2318 4242 2323 4239 4127 4243 4131 4242 4128 4236 4123 4240 4133 4243 2261 4241 4129 4245 5251 4244 4130 4241 4073 4242 2323 4246 2271 4243 4131 4247 4257 4246 4132 4240 4133 4244 2267 4247 2266 4226 1440 4225 1440 4224 1440 4245 1441 4246 1441 4247 1441 4249 4642 4253 4648 4252 4643 4250 2338 4254 4146 4253 4137 4251 4645 4255 4650 4254 4646 4251 2332 4248 2334 4252 4142 4253 4648 4257 4652 4256 4649 4254 4146 4258 2213 4257 4028 4255 4650 4259 4248 4258 4651 4255 4143 4252 4142 4256 4031 4257 4652 4261 4654 4260 4653 4258 2213 4262 2291 4261 4095 4259 4248 4263 4656 4262 4097 4259 2216 4256 4031 4260 4098 4261 4654 4265 4658 4264 4655 4261 4095 4262 2291 4266 2298 4263 4656 4267 4660 4266 4657 4260 4098 4264 4109 4267 2294 4265 4658 4269 5250 4268 4659 4265 4102 4266 2298 4270 2236 4267 4660 4271 5283 4270 4661 4264 4109 4268 2232 4271 2231 4250 1440 4249 1440 4248 1440 4269 1441 4270 1441 4271 1441 4273 4662 4277 4679 4276 4663 4274 2246 4278 4027 4277 4665 4275 4111 4279 4167 4278 4666 4275 2240 4272 2242 4276 4114 4276 4663 4277 4679 4281 4667 4278 4027 4282 2213 4281 4028 4279 4167 4283 4671 4282 4669 4279 4087 4276 4114 4280 2251 4281 4667 4285 4673 4284 4670 4282 2213 4286 2221 4285 4034 4283 4671 4287 5284 4286 4672 4283 4092 4280 2251 4284 4123 4285 4673 4289 4677 4288 4126 4285 4034 4286 2221 4290 4041 4286 4672 4287 5284 4291 4675 4284 4123 4288 4133 4291 2261 4289 4677 4293 5248 4292 4076 4289 4674 4290 4041 4294 2271 4291 4675 4295 5249 4294 4079 4288 4133 4292 2267 4295 2266 4274 1440 4273 1440 4272 1440 4293 1441 4294 1441 4295 1441 4297 4678 4301 4687 4300 4679 4298 2804 4302 4689 4301 4681 4299 4682 4303 4690 4302 4683 4299 2739 4296 2535 4300 4685 4301 4687 4305 4693 4304 4688 4302 4689 4306 4695 4305 2972 4303 4690 4307 4697 4306 4691 4303 4686 4300 4685 4304 2969 4305 4693 4309 4701 4308 4694 4306 4695 4310 2981 4309 4696 4307 4697 4311 4703 4310 4698 4307 4692 4304 2969 4308 4699 4309 4701 4313 4705 4312 4702 4309 4696 4310 2981 4314 2391 4311 4703 4315 4707 4314 4704 4308 4699 4312 4109 4315 2388 4313 4705 4317 5250 4316 4706 4313 4102 4314 2391 4318 2236 4315 4707 4319 5283 4318 4708 4312 4109 4316 2232 4319 2231 4298 1440 4297 1440 4296 1440 4317 1441 4318 1441 4319 1441 4321 4709 4325 5285 4324 4710 4322 4712 4326 4723 4325 4713 4323 4715 4327 5286 4326 4716 4323 4718 4320 5287 4324 4719 4324 4710 4325 5285 4329 4721 4326 4723 4330 4730 4329 4724 4326 4716 4327 5286 4331 4725 4327 4720 4324 4719 4328 4727 4329 4721 4333 5288 4332 4729 4330 4730 4334 5289 4333 4731 4330 4726 4331 4725 4335 4732 4331 4728 4328 4727 4332 4734 4332 4729 4333 5288 4337 4736 4333 4731 4334 5289 4338 4738 4335 4732 4339 5290 4338 4740 4332 4734 4336 4748 4339 4741 4336 4737 4337 4736 4341 4742 4337 4739 4338 4738 4342 4744 4338 4740 4339 5290 4343 4746 4336 4748 4340 5291 4343 4749 4323 1440 4322 1440 4321 1440 4341 1441 4342 1441 4343 1441 4345 4750 4349 5292 4348 4751 4346 4753 4350 4764 4349 4754 4347 4756 4351 5293 4350 4757 4347 4759 4344 5294 4348 4760 4348 4751 4349 5292 4353 4762 4350 4764 4354 4771 4353 4765 4350 4757 4351 5293 4355 4766 4351 4761 4348 4760 4352 4768 4353 4762 4357 5295 4356 4770 4354 4771 4358 5296 4357 4772 4354 4767 4355 4766 4359 4773 4355 4769 4352 4768 4356 4775 4356 4770 4357 5295 4361 4777 4357 4772 4358 5296 4362 4779 4358 4774 4359 4773 4363 4781 4356 4775 4360 4788 4363 4783 4361 4777 4365 5297 4364 4784 4361 4780 4362 4779 4366 4785 4363 4781 4367 5298 4366 4787 4360 4788 4364 3067 4367 4789 4347 1440 4346 1440 4345 1440 4364 4790 4365 5299 4366 4791 4369 4793 4373 5300 4372 4794 4370 4796 4374 4807 4373 4797 4370 4799 4371 5301 4375 4800 4371 4802 4368 5302 4372 4803 4372 4794 4373 5300 4377 4805 4374 4807 4378 4813 4377 4808 4375 4800 4379 5303 4378 4809 4375 4804 4372 4803 4376 4810 4377 4805 4381 4819 4380 4812 4378 4813 4382 5304 4381 4814 4378 4809 4379 5303 4383 4815 4379 4811 4376 4810 4380 4817 4381 4819 4385 5305 4384 4820 4381 4814 4382 5304 4386 4821 4383 4815 4387 4829 4386 4823 4380 4817 4384 4831 4387 4824 4384 4820 4385 5305 4389 4825 4385 4822 4386 4821 4390 4827 4387 4829 4391 5306 4390 4830 4384 4831 4388 3109 4391 4832 4370 4833 4369 1440 4368 4834 4388 4836 4389 5307 4390 4837 4392 4839 4393 5308 4397 4840 4394 4842 4398 4853 4397 4843 4395 4845 4399 5309 4398 4846 4395 4848 4392 5310 4396 4849 4396 4841 4397 4840 4401 4851 4398 4853 4402 4860 4401 4854 4398 4846 4399 5309 4403 4855 4399 4850 4396 4849 4400 4857 4401 4851 4405 4865 4404 4859 4402 4860 4406 5311 4405 4861 4403 4855 4407 5312 4406 4862 4403 4858 4400 4857 4404 4863 4405 4865 4409 4872 4408 4866 4405 4861 4406 5311 4410 4867 4406 4862 4407 5312 4411 4869 4404 4863 4408 4878 4411 4871 4409 4872 4413 5313 4412 4873 4409 4868 4410 4867 4414 4874 4410 4870 4411 4869 4415 4876 4408 4878 4412 5314 4415 4879 4394 4880 4393 5315 4392 4881 4412 1441 4413 1441 4414 1441 4416 4883 4417 5316 4421 4884 4418 4886 4422 4897 4421 4887 4419 4889 4423 5317 4422 4890 4419 4892 4416 5318 4420 4893 4420 4885 4421 4884 4425 4895 4422 4897 4426 4904 4425 4898 4422 4890 4423 5317 4427 4899 4423 4894 4420 4893 4424 4901 4425 4895 4429 5319 4428 4903 4426 4904 4430 5320 4429 4905 4426 4900 4427 4899 4431 4906 4427 4902 4424 4901 4428 4908 4428 4903 4429 5319 4433 4910 4429 4905 4430 5320 4434 4912 4431 4906 4435 5321 4434 4914 4428 4908 4432 4921 4435 4915 4433 4910 4437 5322 4436 4916 4433 4913 4434 4912 4438 4917 4434 4914 4435 5321 4439 4919 4432 4921 4436 5323 4439 4922 4418 4923 4417 1440 4416 4924 4437 4926 4438 5324 4439 4927 4441 4929 4445 5325 4444 4930 4442 4932 4446 4943 4445 4933 4443 4935 4447 4945 4446 4936 4443 4938 4440 5326 4444 4939 4444 4930 4445 5325 4449 4941 4446 4943 4450 4950 4449 4944 4447 4945 4451 5327 4450 4946 4447 4940 4444 4939 4448 4947 4449 4941 4453 5328 4452 4949 4450 4950 4454 5329 4453 4951 4450 4946 4451 5327 4455 4952 4451 4948 4448 4947 4452 4954 4452 4949 4453 5328 4457 4956 4453 4951 4454 5329 4458 4958 4455 4952 4459 4965 4458 4960 4452 4954 4456 4967 4459 4961 4457 4956 4461 5330 4460 4962 4457 4959 4458 4958 4462 4963 4459 4965 4463 5331 4462 4966 4456 4967 4460 5332 4463 4968 4442 1971 4441 1440 4440 1972 4460 4970 4461 5333 4462 4971</p>
        </triangles>
      </mesh>
    </geometry>
  </library_geometries>
  <library_visual_scenes>
    <visual_scene id="Scene" name="Scene">
      <node id="skirt" name="skirt" type="NODE">
        <matrix sid="transform">1 0 0 0 0 1 0 0 0 0 1 0 0 0 0 1</matrix>
        <instance_geometry url="#skirt-mesh" name="skirt">
          <bind_material>
            <technique_common>
              <instance_material symbol="neoprene-material" target="#neoprene-material"/>
              <instance_material symbol="rubber-material" target="#rubber-material"/>
            </technique_common>
          </bind_material>
        </instance_geometry>
      </node>
    </visual_scene>
  </library_visual_scenes>
  <scene>
    <instance_visual_scene url="#Scene"/>
  </scene>
</COLLADA>