<?xml version="1.0" encoding="utf-8"?>
<COLLADA xmlns="http://www.collada.org/2005/11/COLLADASchema" version="1.4.1" xmlns:xsi="http://www.w3.org/2001/XMLSchema-instance">
  <asset>
    <contributor>
      <author>Blender User</author>
      <authoring_tool>Blender 4.2.0 commit date:2024-07-16, commit time:07:50, hash:bf738fd35afe</authoring_tool>
    </contributor>
    <created>2026-09-26T21:45:48</created>
    <modified>2026-09-26T21:45:48</modified>
    <unit name="meter" meter="1"/>
    <up_axis>Z_UP</up_axis>
  </asset>
  <library_effects>
    <effect id="rubber-effect">
      <profile_COMMON>
        <technique sid="common">
          <lambert>
            <emission>
              <color sid="emission">0 0 0 1</color>
            </emission>
            <diffuse>
              <color sid="diffuse">0.012 0.012 0.012 1</color>
            </diffuse>
            <index_of_refraction>
              <float sid="ior">1.5</float>
            </index_of_refraction>
          </lambert>
        </technique>
      </profile_COMMON>
    </effect>
    <effect id="gunmetal-effect">
      <profile_COMMON>
        <technique sid="common">
          <lambert>
            <emission>
              <color sid="emission">0 0 0 1</color>
            </emission>
            <diffuse>
              <color sid="diffuse">0.045 0.047 0.05 1</color>
            </diffuse>
            <reflectivity>
              <float sid="specular">0.7</float>
            </reflectivity>
            <index_of_refraction>
              <float sid="ior">1.5</float>
            </index_of_refraction>
          </lambert>
        </technique>
      </profile_COMMON>
    </effect>
    <effect id="aluminium-effect">
      <profile_COMMON>
        <technique sid="common">
          <lambert>
            <emission>
              <color sid="emission">0 0 0 1</color>
            </emission>
            <diffuse>
              <color sid="diffuse">0.55 0.55 0.56 1</color>
            </diffuse>
            <reflectivity>
              <float sid="specular">1</float>
            </reflectivity>
            <index_of_refraction>
              <float sid="ior">1.5</float>
            </index_of_refraction>
          </lambert>
        </technique>
      </profile_COMMON>
    </effect>
    <effect id="dark_green-effect">
      <profile_COMMON>
        <technique sid="common">
          <lambert>
            <emission>
              <color sid="emission">0 0 0 1</color>
            </emission>
            <diffuse>
              <color sid="diffuse">0.035 0.055 0.022 1</color>
            </diffuse>
            <index_of_refraction>
              <float sid="ior">1.5</float>
            </index_of_refraction>
          </lambert>
        </technique>
      </profile_COMMON>
    </effect>
  </library_effects>
  <library_images/>
  <library_materials>
    <material id="rubber-material" name="rubber">
      <instance_effect url="#rubber-effect"/>
    </material>
    <material id="gunmetal-material" name="gunmetal">
      <instance_effect url="#gunmetal-effect"/>
    </material>
    <material id="aluminium-material" name="aluminium">
      <instance_effect url="#aluminium-effect"/>
    </material>
    <material id="dark_green-material" name="dark_green">
      <instance_effect url="#dark_green-effect"/>
    </material>
  </library_materials>
  <library_geometries>
    <geometry id="track_left-mesh" name="track_left">
      <mesh>
        <source id="track_left-mesh-positions">
          <float_array id="track_left-mesh-positions-array" count="23352">0.85 -0.16 -0.124 0.85 0.1599999 -0.124 0.85 0.1599999 -0.1019999 0.85 -0.16 -0.1019999 0.8715324 -0.16 -0.1221162 0.8715324 0.1599999 -0.1221162 0.8677121 0.1599999 -0.1004503 0.8677121 -0.16 -0.1004503 0.8924105 -0.16 -0.1165218 0.8924105 0.1599999 -0.1165218 0.884886 0.1599999 -0.09584861 0.884886 -0.16 -0.09584861 0.912 -0.16 -0.1073871 0.912 0.1599999 -0.1073871 0.901 0.1599999 -0.08833456 0.901 -0.16 -0.08833456 0.9297057 -0.16 -0.09498947 0.9297057 0.1599999 -0.09498947 0.9155644 0.1599999 -0.0781365 0.9155644 -0.16 -0.0781365 0.9449895 -0.16 -0.07970565 0.9449895 0.1599999 -0.07970565 0.9281365 0.1599999 -0.06556433 0.9281365 -0.16 -0.06556433 0.9573872 -0.16 -0.06199997 0.9573872 0.1599999 -0.06199997 0.9383346 0.1599999 -0.05099999 0.9383346 -0.16 -0.05099999 0.9665219 -0.16 -0.04241049 0.9665219 0.1599999 -0.04241049 0.9458487 0.1599999 -0.034886 0.9458487 -0.16 -0.034886 0.9721162 -0.16 -0.02153235 0.9721162 0.1599999 -0.02153235 0.9504504 0.1599999 -0.01771211 0.9504504 -0.16 -0.01771211 0.974 -0.16 0 0.974 0.1599999 0 0.952 0.1599999 0 0.952 -0.16 0 0.9721162 -0.16 0.02153235 0.9721162 0.1599999 0.02153235 0.9504504 0.1599999 0.01771211 0.9504504 -0.16 0.01771211 0.9665219 -0.16 0.04241049 0.9665219 0.1599999 0.04241049 0.9458487 0.1599999 0.034886 0.9458487 -0.16 0.034886 0.9573872 -0.16 0.06199997 0.9573872 0.1599999 0.06199997 0.9383346 0.1599999 0.05099999 0.9383346 -0.16 0.05099999 0.9449895 -0.16 0.07970565 0.9449895 0.1599999 0.07970565 0.9281365 0.1599999 0.06556433 0.9281365 -0.16 0.06556433 0.9297057 -0.16 0.09498947 0.9297057 0.1599999 0.09498947 0.9155644 0.1599999 0.0781365 0.9155644 -0.16 0.0781365 0.912 -0.16 0.1073871 0.912 0.1599999 0.1073871 0.901 0.1599999 0.08833456 0.901 -0.16 0.08833456 0.8924105 -0.16 0.1165218 0.8924105 0.1599999 0.1165218 0.884886 0.1599999 0.09584861 0.884886 -0.16 0.09584861 0.8715324 -0.16 0.1221162 0.8715324 0.1599999 0.1221162 0.8677121 0.1599999 0.1004503 0.8677121 -0.16 0.1004503 0.85 -0.16 0.124 0.85 0.1599999 0.124 0.85 0.1599999 0.1019999 0.85 -0.16 0.1019999 -0.85 -0.16 0.124 -0.85 0.1599999 0.124 -0.85 0.1599999 0.1019999 -0.85 -0.16 0.1019999 -0.8715324 -0.16 0.1221162 -0.8715324 0.1599999 0.1221162 -0.8677121 0.1599999 0.1004503 -0.8677121 -0.16 0.1004503 -0.8924105 -0.16 0.1165218 -0.8924105 0.1599999 0.1165218 -0.884886 0.1599999 0.09584861 -0.884886 -0.16 0.09584861 -0.912 -0.16 0.1073871 -0.912 0.1599999 0.1073871 -0.901 0.1599999 0.08833456 -0.901 -0.16 0.08833456 -0.9297057 -0.16 0.09498947 -0.9297057 0.1599999 0.09498947 -0.9155644 0.1599999 0.0781365 -0.9155644 -0.16 0.0781365 -0.9449895 -0.16 0.07970565 -0.9449895 0.1599999 0.07970565 -0.9281365 0.1599999 0.06556433 -0.9281365 -0.16 0.06556433 -0.9573872 -0.16 0.06199997 -0.9573872 0.1599999 0.06199997 -0.9383346 0.1599999 0.05099999 -0.9383346 -0.16 0.05099999 -0.9665219 -0.16 0.04241049 -0.9665219 0.1599999 0.04241049 -0.9458487 0.1599999 0.034886 -0.9458487 -0.16 0.034886 -0.9721162 -0.16 0.02153235 -0.9721162 0.1599999 0.02153235 -0.9504504 0.1599999 0.01771211 -0.9504504 -0.16 0.01771211 -0.974 -0.16 0 -0.974 0.1599999 0 -0.952 0.1599999 0 -0.952 -0.16 0 -0.9721162 -0.16 -0.02153235 -0.9721162 0.1599999 -0.02153235 -0.9504504 0.1599999 -0.01771211 -0.9504504 -0.16 -0.01771211 -0.9665219 -0.16 -0.04241049 -0.9665219 0.1599999 -0.04241049 -0.9458487 0.1599999 -0.034886 -0.9458487 -0.16 -0.034886 -0.9573872 -0.16 -0.06199997 -0.9573872 0.1599999 -0.06199997 -0.9383346 0.1599999 -0.05099999 -0.9383346 -0.16 -0.05099999 -0.9449895 -0.16 -0.07970565 -0.9449895 0.1599999 -0.07970565 -0.9281365 0.1599999 -0.06556433 -0.9281365 -0.16 -0.06556433 -0.9297057 -0.16 -0.09498947 -0.9297057 0.1599999 -0.09498947 -0.9155644 0.1599999 -0.0781365 -0.9155644 -0.16 -0.0781365 -0.912 -0.16 -0.1073871 -0.912 0.1599999 -0.1073871 -0.901 0.1599999 -0.08833456 -0.901 -0.16 -0.08833456 -0.8924105 -0.16 -0.1165218 -0.8924105 0.1599999 -0.1165218 -0.884886 0.1599999 -0.09584861 -0.884886 -0.16 -0.09584861 -0.8715324 -0.16 -0.1221162 -0.8715324 0.1599999 -0.1221162 -0.8677121 0.1599999 -0.1004503 -0.8677121 -0.16 -0.1004503 -0.85 -0.16 -0.124 -0.85 0.1599999 -0.124 -0.85 0.1599999 -0.1019999 -0.85 -0.16 -0.1019999 -0.8620001 -0.152 -0.14 -0.8620001 -0.155 -0.137 -0.865 -0.152 -0.137 -0.8620001 -0.153498 -0.1395992 -0.863498 -0.152 -0.1395992 -0.8634347 -0.1534346 -0.1392099 -0.863498 -0.1545991 -0.137 -0.8620001 -0.1545991 -0.138498 -0.8634347 -0.1542099 -0.1384346 -0.8645992 -0.152 -0.138498 -0.8645992 -0.153498 -0.137 -0.86421 -0.1534346 -0.1384346 -0.8620001 -0.155 -0.127 -0.8620001 -0.152 -0.124 -0.865 -0.152 -0.127 -0.8620001 -0.1545991 -0.1255019 -0.863498 -0.1545991 -0.127 -0.8634347 -0.1542099 -0.1255654 -0.863498 -0.152 -0.1244007 -0.8620001 -0.153498 -0.1244007 -0.8634347 -0.1534346 -0.1247901 -0.8645992 -0.153498 -0.127 -0.8645992 -0.152 -0.1255019 -0.86421 -0.1534346 -0.1255654 -0.8620001 0.152 -0.14 -0.865 0.152 -0.137 -0.8620001 0.1549999 -0.137 -0.863498 0.152 -0.1395992 -0.8620001 0.153498 -0.1395992 -0.8634347 0.1534346 -0.1392099 -0.8645992 0.153498 -0.137 -0.8645992 0.152 -0.138498 -0.8642099 0.1534346 -0.1384346 -0.8620001 0.1545991 -0.138498 -0.863498 0.1545991 -0.137 -0.8634347 0.1542099 -0.1384346 -0.8620001 0.152 -0.124 -0.8620001 0.1549999 -0.127 -0.865 0.152 -0.127 -0.8620001 0.153498 -0.1244007 -0.863498 0.152 -0.1244007 -0.8634347 0.1534346 -0.1247901 -0.863498 0.1545991 -0.127 -0.8620001 0.1545991 -0.1255019 -0.8634347 0.1542099 -0.1255654 -0.8645992 0.152 -0.1255019 -0.8645992 0.153498 -0.127 -0.86421 0.1534346 -0.1255654 -0.838 -0.152 -0.14 -0.835 -0.152 -0.137 -0.838 -0.155 -0.137 -0.836502 -0.152 -0.1395992 -0.838 -0.153498 -0.1395992 -0.8365654 -0.1534346 -0.1392099 -0.8354008 -0.153498 -0.137 -0.8354008 -0.152 -0.138498 -0.8357902 -0.1534346 -0.1384346 -0.838 -0.1545991 -0.138498 -0.836502 -0.1545991 -0.137 -0.8365654 -0.1542099 -0.1384346 -0.838 -0.152 -0.124 -0.838 -0.155 -0.127 -0.835 -0.152 -0.127 -0.838 -0.153498 -0.1244007 -0.836502 -0.152 -0.1244007 -0.8365654 -0.1534346 -0.1247901 -0.836502 -0.1545991 -0.127 -0.838 -0.1545991 -0.1255019 -0.8365654 -0.1542099 -0.1255654 -0.8354008 -0.152 -0.1255019 -0.8354008 -0.153498 -0.127 -0.8357901 -0.1534346 -0.1255654 -0.838 0.152 -0.14 -0.838 0.1549999 -0.137 -0.835 0.152 -0.137 -0.838 0.153498 -0.1395992 -0.836502 0.152 -0.1395992 -0.8365654 0.1534346 -0.1392099 -0.836502 0.1545991 -0.137 -0.838 0.1545991 -0.138498 -0.8365654 0.1542099 -0.1384346 -0.8354008 0.152 -0.138498 -0.8354008 0.153498 -0.137 -0.8357901 0.1534346 -0.1384346 -0.838 0.152 -0.124 -0.835 0.152 -0.127 -0.838 0.1549999 -0.127 -0.836502 0.152 -0.1244007 -0.838 0.153498 -0.1244007 -0.8365654 0.1534346 -0.1247901 -0.8354008 0.153498 -0.127 -0.8354008 0.152 -0.1255019 -0.8357902 0.1534346 -0.1255654 -0.838 0.1545991 -0.1255019 -0.836502 0.1545991 -0.127 -0.8365654 0.1542099 -0.1255654 -0.7658777 -0.152 -0.14 -0.7658777 -0.155 -0.137 -0.7688777 -0.152 -0.137 -0.7658777 -0.153498 -0.1395992 -0.7673757 -0.152 -0.1395992 -0.7673124 -0.1534346 -0.1392099 -0.7673757 -0.1545991 -0.137 -0.7658777 -0.1545991 -0.138498 -0.7673124 -0.1542099 -0.1384346 -0.7684769 -0.152 -0.138498 -0.7684769 -0.153498 -0.137 -0.7680876 -0.1534346 -0.1384346 -0.7658777 -0.155 -0.127 -0.7658777 -0.152 -0.124 -0.7688777 -0.152 -0.127 -0.7658777 -0.1545991 -0.1255019 -0.7673757 -0.1545991 -0.127 -0.7673124 -0.1542099 -0.1255654 -0.7673757 -0.152 -0.1244007 -0.7658777 -0.153498 -0.1244007 -0.7673124 -0.1534346 -0.1247901 -0.7684769 -0.153498 -0.127 -0.7684769 -0.152 -0.1255019 -0.7680876 -0.1534346 -0.1255654 -0.7658777 0.152 -0.14 -0.7688777 0.152 -0.137 -0.7658777 0.1549999 -0.137 -0.7673757 0.152 -0.1395992 -0.7658777 0.153498 -0.1395992 -0.7673124 0.1534346 -0.1392099 -0.7684769 0.153498 -0.137 -0.7684769 0.152 -0.138498 -0.7680876 0.1534346 -0.1384346 -0.7658777 0.1545991 -0.138498 -0.7673757 0.1545991 -0.137 -0.7673124 0.1542099 -0.1384346 -0.7658777 0.152 -0.124 -0.7658777 0.1549999 -0.127 -0.7688777 0.152 -0.127 -0.7658777 0.153498 -0.1244007 -0.7673757 0.152 -0.1244007 -0.7673124 0.1534346 -0.1247901 -0.7673757 0.1545991 -0.127 -0.7658777 0.1545991 -0.1255019 -0.7673124 0.1542099 -0.1255654 -0.7684769 0.152 -0.1255019 -0.7684769 0.153498 -0.127 -0.7680876 0.1534346 -0.1255654 -0.7418777 -0.152 -0.14 -0.7388777 -0.152 -0.137 -0.7418777 -0.155 -0.137 -0.7403797 -0.152 -0.1395992 -0.7418777 -0.153498 -0.1395992 -0.7404431 -0.1534346 -0.1392099 -0.7392785 -0.153498 -0.137 -0.7392785 -0.152 -0.138498 -0.7396678 -0.1534346 -0.1384346 -0.7418777 -0.1545991 -0.138498 -0.7403797 -0.1545991 -0.137 -0.7404431 -0.1542099 -0.1384346 -0.7418777 -0.152 -0.124 -0.7418777 -0.155 -0.127 -0.7388777 -0.152 -0.127 -0.7418777 -0.153498 -0.1244007 -0.7403797 -0.152 -0.1244007 -0.7404431 -0.1534346 -0.1247901 -0.7403797 -0.1545991 -0.127 -0.7418777 -0.1545991 -0.1255019 -0.7404431 -0.1542099 -0.1255654 -0.7392785 -0.152 -0.1255019 -0.7392785 -0.153498 -0.127 -0.7396678 -0.1534346 -0.1255654 -0.7418777 0.152 -0.14 -0.7418777 0.1549999 -0.137 -0.7388777 0.152 -0.137 -0.7418777 0.153498 -0.1395992 -0.7403797 0.152 -0.1395992 -0.7404431 0.1534346 -0.1392099 -0.7403797 0.1545991 -0.137 -0.7418777 0.1545991 -0.138498 -0.7404431 0.1542099 -0.1384346 -0.7392785 0.152 -0.138498 -0.7392785 0.153498 -0.137 -0.7396678 0.1534346 -0.1384346 -0.7418777 0.152 -0.124 -0.7388777 0.152 -0.127 -0.7418777 0.1549999 -0.127 -0.7403797 0.152 -0.1244007 -0.7418777 0.153498 -0.1244007 -0.7404431 0.1534346 -0.1247901 -0.7392785 0.153498 -0.127 -0.7392785 0.152 -0.1255019 -0.7396678 0.1534346 -0.1255654 -0.7418777 0.1545991 -0.1255019 -0.7403797 0.1545991 -0.127 -0.7404431 0.1542099 -0.1255654 -0.6697555 -0.152 -0.14 -0.6697555 -0.155 -0.137 -0.6727554 -0.152 -0.137 -0.6697555 -0.153498 -0.1395992 -0.6712535 -0.152 -0.1395992 -0.6711901 -0.1534346 -0.1392099 -0.6712535 -0.1545991 -0.137 -0.6697555 -0.1545991 -0.138498 -0.6711901 -0.1542099 -0.1384346 -0.6723546 -0.152 -0.138498 -0.6723546 -0.153498 -0.137 -0.6719654 -0.1534346 -0.1384346 -0.6697555 -0.155 -0.127 -0.6697555 -0.152 -0.124 -0.6727554 -0.152 -0.127 -0.6697555 -0.1545991 -0.1255019 -0.6712535 -0.1545991 -0.127 -0.6711901 -0.1542099 -0.1255654 -0.6712535 -0.152 -0.1244007 -0.6697555 -0.153498 -0.1244007 -0.6711901 -0.1534346 -0.1247901 -0.6723546 -0.153498 -0.127 -0.6723546 -0.152 -0.1255019 -0.6719654 -0.1534346 -0.1255654 -0.6697555 0.152 -0.14 -0.6727554 0.152 -0.137 -0.6697555 0.1549999 -0.137 -0.6712535 0.152 -0.1395992 -0.6697555 0.153498 -0.1395992 -0.6711901 0.1534346 -0.1392099 -0.6723546 0.153498 -0.137 -0.6723546 0.152 -0.138498 -0.6719653 0.1534346 -0.1384346 -0.6697555 0.1545991 -0.138498 -0.6712535 0.1545991 -0.137 -0.6711901 0.1542099 -0.1384346 -0.6697555 0.152 -0.124 -0.6697555 0.1549999 -0.127 -0.6727554 0.152 -0.127 -0.6697555 0.153498 -0.1244007 -0.6712535 0.152 -0.1244007 -0.6711901 0.1534346 -0.1247901 -0.6712535 0.1545991 -0.127 -0.6697555 0.1545991 -0.1255019 -0.6711901 0.1542099 -0.1255654 -0.6723546 0.152 -0.1255019 -0.6723546 0.153498 -0.127 -0.6719654 0.1534346 -0.1255654 -0.6457554 -0.152 -0.14 -0.6427555 -0.152 -0.137 -0.6457554 -0.155 -0.137 -0.6442574 -0.152 -0.1395992 -0.6457554 -0.153498 -0.1395992 -0.6443208 -0.1534346 -0.1392099 -0.6431562 -0.153498 -0.137 -0.6431562 -0.152 -0.138498 -0.6435456 -0.1534346 -0.1384346 -0.6457554 -0.1545991 -0.138498 -0.6442574 -0.1545991 -0.137 -0.6443208 -0.1542099 -0.1384346 -0.6457554 -0.152 -0.124 -0.6457554 -0.155 -0.127 -0.6427555 -0.152 -0.127 -0.6457554 -0.153498 -0.1244007 -0.6442574 -0.152 -0.1244007 -0.6443208 -0.1534346 -0.1247901 -0.6442574 -0.1545991 -0.127 -0.6457554 -0.1545991 -0.1255019 -0.6443208 -0.1542099 -0.1255654 -0.6431562 -0.152 -0.1255019 -0.6431562 -0.153498 -0.127 -0.6435455 -0.1534346 -0.1255654 -0.6457554 0.152 -0.14 -0.6457554 0.1549999 -0.137 -0.6427555 0.152 -0.137 -0.6457554 0.153498 -0.1395992 -0.6442574 0.152 -0.1395992 -0.6443208 0.1534346 -0.1392099 -0.6442574 0.1545991 -0.137 -0.6457554 0.1545991 -0.138498 -0.6443208 0.1542099 -0.1384346 -0.6431562 0.152 -0.138498 -0.6431562 0.153498 -0.137 -0.6435455 0.1534346 -0.1384346 -0.6457554 0.152 -0.124 -0.6427555 0.152 -0.127 -0.6457554 0.1549999 -0.127 -0.6442574 0.152 -0.1244007 -0.6457554 0.153498 -0.1244007 -0.6443208 0.1534346 -0.1247901 -0.6431562 0.153498 -0.127 -0.6431562 0.152 -0.1255019 -0.6435456 0.1534346 -0.1255654 -0.6457554 0.1545991 -0.1255019 -0.6442574 0.1545991 -0.127 -0.6443208 0.1542099 -0.1255654 -0.5736332 -0.152 -0.14 -0.5736332 -0.155 -0.137 -0.5766332 -0.152 -0.137 -0.5736332 -0.153498 -0.1395992 -0.5751312 -0.152 -0.1395992 -0.5750678 -0.1534346 -0.1392099 -0.5751312 -0.1545991 -0.137 -0.5736332 -0.1545991 -0.138498 -0.5750678 -0.1542099 -0.1384346 -0.5762324 -0.152 -0.138498 -0.5762324 -0.153498 -0.137 -0.5758431 -0.1534346 -0.1384346 -0.5736332 -0.155 -0.127 -0.5736332 -0.152 -0.124 -0.5766332 -0.152 -0.127 -0.5736332 -0.1545991 -0.1255019 -0.5751312 -0.1545991 -0.127 -0.5750678 -0.1542099 -0.1255654 -0.5751312 -0.152 -0.1244007 -0.5736332 -0.153498 -0.1244007 -0.5750678 -0.1534346 -0.1247901 -0.5762324 -0.153498 -0.127 -0.5762324 -0.152 -0.1255019 -0.5758431 -0.1534346 -0.1255654 -0.5736332 0.152 -0.14 -0.5766332 0.152 -0.137 -0.5736332 0.1549999 -0.137 -0.5751312 0.152 -0.1395992 -0.5736332 0.153498 -0.1395992 -0.5750678 0.1534346 -0.1392099 -0.5762324 0.153498 -0.137 -0.5762324 0.152 -0.138498 -0.575843 0.1534346 -0.1384346 -0.5736332 0.1545991 -0.138498 -0.5751312 0.1545991 -0.137 -0.5750678 0.1542099 -0.1384346 -0.5736332 0.152 -0.124 -0.5736332 0.1549999 -0.127 -0.5766332 0.152 -0.127 -0.5736332 0.153498 -0.1244007 -0.5751312 0.152 -0.1244007 -0.5750678 0.1534346 -0.1247901 -0.5751312 0.1545991 -0.127 -0.5736332 0.1545991 -0.1255019 -0.5750678 0.1542099 -0.1255654 -0.5762324 0.152 -0.1255019 -0.5762324 0.153498 -0.127 -0.5758431 0.1534346 -0.1255654 -0.5496332 -0.152 -0.14 -0.5466332 -0.152 -0.137 -0.5496332 -0.155 -0.137 -0.5481352 -0.152 -0.1395992 -0.5496332 -0.153498 -0.1395992 -0.5481985 -0.1534346 -0.1392099 -0.547034 -0.153498 -0.137 -0.547034 -0.152 -0.138498 -0.5474233 -0.1534346 -0.1384346 -0.5496332 -0.1545991 -0.138498 -0.5481352 -0.1545991 -0.137 -0.5481985 -0.1542099 -0.1384346 -0.5496332 -0.152 -0.124 -0.5496332 -0.155 -0.127 -0.5466332 -0.152 -0.127 -0.5496332 -0.153498 -0.1244007 -0.5481352 -0.152 -0.1244007 -0.5481985 -0.1534346 -0.1247901 -0.5481352 -0.1545991 -0.127 -0.5496332 -0.1545991 -0.1255019 -0.5481985 -0.1542099 -0.1255654 -0.547034 -0.152 -0.1255019 -0.547034 -0.153498 -0.127 -0.5474233 -0.1534346 -0.1255654 -0.5496332 0.152 -0.14 -0.5496332 0.1549999 -0.137 -0.5466332 0.152 -0.137 -0.5496332 0.153498 -0.1395992 -0.5481352 0.152 -0.1395992 -0.5481985 0.1534346 -0.1392099 -0.5481352 0.1545991 -0.137 -0.5496332 0.1545991 -0.138498 -0.5481985 0.1542099 -0.1384346 -0.547034 0.152 -0.138498 -0.547034 0.153498 -0.137 -0.5474233 0.1534346 -0.1384346 -0.5496332 0.152 -0.124 -0.5466332 0.152 -0.127 -0.5496332 0.1549999 -0.127 -0.5481352 0.152 -0.1244007 -0.5496332 0.153498 -0.1244007 -0.5481985 0.1534346 -0.1247901 -0.547034 0.153498 -0.127 -0.547034 0.152 -0.1255019 -0.5474233 0.1534346 -0.1255654 -0.5496332 0.1545991 -0.1255019 -0.5481352 0.1545991 -0.127 -0.5481985 0.1542099 -0.1255654 -0.4775109 -0.152 -0.14 -0.4775109 -0.155 -0.137 -0.4805108 -0.152 -0.137 -0.4775109 -0.153498 -0.1395992 -0.4790089 -0.152 -0.1395992 -0.4789455 -0.1534346 -0.1392099 -0.4790089 -0.1545991 -0.137 -0.4775109 -0.1545991 -0.138498 -0.4789455 -0.1542099 -0.1384346 -0.4801101 -0.152 -0.138498 -0.4801101 -0.153498 -0.137 -0.4797208 -0.1534346 -0.1384346 -0.4775109 -0.155 -0.127 -0.4775109 -0.152 -0.124 -0.4805108 -0.152 -0.127 -0.4775109 -0.1545991 -0.1255019 -0.4790089 -0.1545991 -0.127 -0.4789455 -0.1542099 -0.1255654 -0.4790089 -0.152 -0.1244007 -0.4775109 -0.153498 -0.1244007 -0.4789455 -0.1534346 -0.1247901 -0.4801101 -0.153498 -0.127 -0.4801101 -0.152 -0.1255019 -0.4797208 -0.1534346 -0.1255654 -0.4775109 0.152 -0.14 -0.4805108 0.152 -0.137 -0.4775109 0.1549999 -0.137 -0.4790089 0.152 -0.1395992 -0.4775109 0.153498 -0.1395992 -0.4789455 0.1534346 -0.1392099 -0.4801101 0.153498 -0.137 -0.4801101 0.152 -0.138498 -0.4797208 0.1534346 -0.1384346 -0.4775109 0.1545991 -0.138498 -0.4790089 0.1545991 -0.137 -0.4789455 0.1542099 -0.1384346 -0.4775109 0.152 -0.124 -0.4775109 0.1549999 -0.127 -0.4805108 0.152 -0.127 -0.4775109 0.153498 -0.1244007 -0.4790089 0.152 -0.1244007 -0.4789455 0.1534346 -0.1247901 -0.4790089 0.1545991 -0.127 -0.4775109 0.1545991 -0.1255019 -0.4789455 0.1542099 -0.1255654 -0.4801101 0.152 -0.1255019 -0.4801101 0.153498 -0.127 -0.4797208 0.1534346 -0.1255654 -0.4535109 -0.152 -0.14 -0.4505109 -0.152 -0.137 -0.4535109 -0.155 -0.137 -0.4520128 -0.152 -0.1395992 -0.4535109 -0.153498 -0.1395992 -0.4520763 -0.1534346 -0.1392099 -0.4509117 -0.153498 -0.137 -0.4509117 -0.152 -0.138498 -0.451301 -0.1534346 -0.1384346 -0.4535109 -0.1545991 -0.138498 -0.4520128 -0.1545991 -0.137 -0.4520763 -0.1542099 -0.1384346 -0.4535109 -0.152 -0.124 -0.4535109 -0.155 -0.127 -0.4505109 -0.152 -0.127 -0.4535109 -0.153498 -0.1244007 -0.4520128 -0.152 -0.1244007 -0.4520762 -0.1534346 -0.1247901 -0.4520128 -0.1545991 -0.127 -0.4535109 -0.1545991 -0.1255019 -0.4520762 -0.1542099 -0.1255654 -0.4509117 -0.152 -0.1255019 -0.4509117 -0.153498 -0.127 -0.451301 -0.1534346 -0.1255654 -0.4535109 0.152 -0.14 -0.4535109 0.1549999 -0.137 -0.4505109 0.152 -0.137 -0.4535109 0.153498 -0.1395992 -0.4520128 0.152 -0.1395992 -0.4520762 0.1534346 -0.1392099 -0.4520128 0.1545991 -0.137 -0.4535109 0.1545991 -0.138498 -0.4520762 0.1542099 -0.1384346 -0.4509117 0.152 -0.138498 -0.4509117 0.153498 -0.137 -0.451301 0.1534346 -0.1384346 -0.4535109 0.152 -0.124 -0.4505109 0.152 -0.127 -0.4535109 0.1549999 -0.127 -0.4520128 0.152 -0.1244007 -0.4535109 0.153498 -0.1244007 -0.4520763 0.1534346 -0.1247901 -0.4509117 0.153498 -0.127 -0.4509117 0.152 -0.1255019 -0.451301 0.1534346 -0.1255654 -0.4535109 0.1545991 -0.1255019 -0.4520128 0.1545991 -0.127 -0.4520763 0.1542099 -0.1255654 -0.3813886 -0.152 -0.14 -0.3813886 -0.155 -0.137 -0.3843886 -0.152 -0.137 -0.3813886 -0.153498 -0.1395992 -0.3828866 -0.152 -0.1395992 -0.3828232 -0.1534346 -0.1392099 -0.3828866 -0.1545991 -0.137 -0.3813886 -0.1545991 -0.138498 -0.3828232 -0.1542099 -0.1384346 -0.3839878 -0.152 -0.138498 -0.3839878 -0.153498 -0.137 -0.3835985 -0.1534346 -0.1384346 -0.3813886 -0.155 -0.127 -0.3813886 -0.152 -0.124 -0.3843886 -0.152 -0.127 -0.3813886 -0.1545991 -0.1255019 -0.3828866 -0.1545991 -0.127 -0.3828232 -0.1542099 -0.1255654 -0.3828866 -0.152 -0.1244007 -0.3813886 -0.153498 -0.1244007 -0.3828232 -0.1534346 -0.1247901 -0.3839878 -0.153498 -0.127 -0.3839878 -0.152 -0.1255019 -0.3835985 -0.1534346 -0.1255654 -0.3813886 0.152 -0.14 -0.3843886 0.152 -0.137 -0.3813886 0.1549999 -0.137 -0.3828866 0.152 -0.1395992 -0.3813886 0.153498 -0.1395992 -0.3828232 0.1534346 -0.1392099 -0.3839878 0.153498 -0.137 -0.3839878 0.152 -0.138498 -0.3835985 0.1534346 -0.1384346 -0.3813886 0.1545991 -0.138498 -0.3828866 0.1545991 -0.137 -0.3828232 0.1542099 -0.1384346 -0.3813886 0.152 -0.124 -0.3813886 0.1549999 -0.127 -0.3843886 0.152 -0.127 -0.3813886 0.153498 -0.1244007 -0.3828866 0.152 -0.1244007 -0.3828232 0.1534346 -0.1247901 -0.3828866 0.1545991 -0.127 -0.3813886 0.1545991 -0.1255019 -0.3828232 0.1542099 -0.1255654 -0.3839878 0.152 -0.1255019 -0.3839878 0.153498 -0.127 -0.3835985 0.1534346 -0.1255654 -0.3573886 -0.152 -0.14 -0.3543886 -0.152 -0.137 -0.3573886 -0.155 -0.137 -0.3558905 -0.152 -0.1395992 -0.3573886 -0.153498 -0.1395992 -0.3559539 -0.1534346 -0.1392099 -0.3547894 -0.153498 -0.137 -0.3547894 -0.152 -0.138498 -0.3551787 -0.1534346 -0.1384346 -0.3573886 -0.1545991 -0.138498 -0.3558905 -0.1545991 -0.137 -0.3559539 -0.1542099 -0.1384346 -0.3573886 -0.152 -0.124 -0.3573886 -0.155 -0.127 -0.3543886 -0.152 -0.127 -0.3573886 -0.153498 -0.1244007 -0.3558905 -0.152 -0.1244007 -0.3559539 -0.1534346 -0.1247901 -0.3558905 -0.1545991 -0.127 -0.3573886 -0.1545991 -0.1255019 -0.3559539 -0.1542099 -0.1255654 -0.3547894 -0.152 -0.1255019 -0.3547894 -0.153498 -0.127 -0.3551787 -0.1534346 -0.1255654 -0.3573886 0.152 -0.14 -0.3573886 0.1549999 -0.137 -0.3543886 0.152 -0.137 -0.3573886 0.153498 -0.1395992 -0.3558905 0.152 -0.1395992 -0.3559539 0.1534346 -0.1392099 -0.3558905 0.1545991 -0.137 -0.3573886 0.1545991 -0.138498 -0.3559539 0.1542099 -0.1384346 -0.3547894 0.152 -0.138498 -0.3547894 0.153498 -0.137 -0.3551787 0.1534346 -0.1384346 -0.3573886 0.152 -0.124 -0.3543886 0.152 -0.127 -0.3573886 0.1549999 -0.127 -0.3558905 0.152 -0.1244007 -0.3573886 0.153498 -0.1244007 -0.3559539 0.1534346 -0.1247901 -0.3547894 0.153498 -0.127 -0.3547894 0.152 -0.1255019 -0.3551787 0.1534346 -0.1255654 -0.3573886 0.1545991 -0.1255019 -0.3558905 0.1545991 -0.127 -0.3559539 0.1542099 -0.1255654 -0.2852663 -0.152 -0.14 -0.2852663 -0.155 -0.137 -0.2882663 -0.152 -0.137 -0.2852663 -0.153498 -0.1395992 -0.2867643 -0.152 -0.1395992 -0.286701 -0.1534346 -0.1392099 -0.2867643 -0.1545991 -0.137 -0.2852663 -0.1545991 -0.138498 -0.286701 -0.1542099 -0.1384346 -0.2878655 -0.152 -0.138498 -0.2878655 -0.153498 -0.137 -0.2874762 -0.1534346 -0.1384346 -0.2852663 -0.155 -0.127 -0.2852663 -0.152 -0.124 -0.2882663 -0.152 -0.127 -0.2852663 -0.1545991 -0.1255019 -0.2867643 -0.1545991 -0.127 -0.286701 -0.1542099 -0.1255654 -0.2867643 -0.152 -0.1244007 -0.2852663 -0.153498 -0.1244007 -0.286701 -0.1534346 -0.1247901 -0.2878655 -0.153498 -0.127 -0.2878655 -0.152 -0.1255019 -0.2874762 -0.1534346 -0.1255654 -0.2852663 0.152 -0.14 -0.2882663 0.152 -0.137 -0.2852663 0.1549999 -0.137 -0.2867643 0.152 -0.1395992 -0.2852663 0.153498 -0.1395992 -0.2867009 0.1534346 -0.1392099 -0.2878655 0.153498 -0.137 -0.2878655 0.152 -0.138498 -0.2874762 0.1534346 -0.1384346 -0.2852663 0.1545991 -0.138498 -0.2867643 0.1545991 -0.137 -0.2867009 0.1542099 -0.1384346 -0.2852663 0.152 -0.124 -0.2852663 0.1549999 -0.127 -0.2882663 0.152 -0.127 -0.2852663 0.153498 -0.1244007 -0.2867643 0.152 -0.1244007 -0.286701 0.1534346 -0.1247901 -0.2867643 0.1545991 -0.127 -0.2852663 0.1545991 -0.1255019 -0.286701 0.1542099 -0.1255654 -0.2878655 0.152 -0.1255019 -0.2878655 0.153498 -0.127 -0.2874762 0.1534346 -0.1255654 -0.2612663 -0.152 -0.14 -0.2582663 -0.152 -0.137 -0.2612663 -0.155 -0.137 -0.2597683 -0.152 -0.1395992 -0.2612663 -0.153498 -0.1395992 -0.2598317 -0.1534346 -0.1392099 -0.2586671 -0.153498 -0.137 -0.2586671 -0.152 -0.138498 -0.2590564 -0.1534346 -0.1384346 -0.2612663 -0.1545991 -0.138498 -0.2597683 -0.1545991 -0.137 -0.2598317 -0.1542099 -0.1384346 -0.2612663 -0.152 -0.124 -0.2612663 -0.155 -0.127 -0.2582663 -0.152 -0.127 -0.2612663 -0.153498 -0.1244007 -0.2597683 -0.152 -0.1244007 -0.2598317 -0.1534346 -0.1247901 -0.2597683 -0.1545991 -0.127 -0.2612663 -0.1545991 -0.1255019 -0.2598317 -0.1542099 -0.1255654 -0.2586671 -0.152 -0.1255019 -0.2586671 -0.153498 -0.127 -0.2590564 -0.1534346 -0.1255654 -0.2612663 0.152 -0.14 -0.2612663 0.1549999 -0.137 -0.2582663 0.152 -0.137 -0.2612663 0.153498 -0.1395992 -0.2597683 0.152 -0.1395992 -0.2598317 0.1534346 -0.1392099 -0.2597683 0.1545991 -0.137 -0.2612663 0.1545991 -0.138498 -0.2598317 0.1542099 -0.1384346 -0.2586671 0.152 -0.138498 -0.2586671 0.153498 -0.137 -0.2590564 0.1534346 -0.1384346 -0.2612663 0.152 -0.124 -0.2582663 0.152 -0.127 -0.2612663 0.1549999 -0.127 -0.2597683 0.152 -0.1244007 -0.2612663 0.153498 -0.1244007 -0.2598317 0.1534346 -0.1247901 -0.2586671 0.153498 -0.127 -0.2586671 0.152 -0.1255019 -0.2590564 0.1534346 -0.1255654 -0.2612663 0.1545991 -0.1255019 -0.2597683 0.1545991 -0.127 -0.2598317 0.1542099 -0.1255654 -0.189144 -0.152 -0.14 -0.189144 -0.155 -0.137 -0.192144 -0.152 -0.137 -0.189144 -0.153498 -0.1395992 -0.190642 -0.152 -0.1395992 -0.1905786 -0.1534346 -0.1392099 -0.190642 -0.1545991 -0.137 -0.189144 -0.1545991 -0.138498 -0.1905786 -0.1542099 -0.1384346 -0.1917432 -0.152 -0.138498 -0.1917432 -0.153498 -0.137 -0.1913539 -0.1534346 -0.1384346 -0.189144 -0.155 -0.127 -0.189144 -0.152 -0.124 -0.192144 -0.152 -0.127 -0.189144 -0.1545991 -0.1255019 -0.190642 -0.1545991 -0.127 -0.1905786 -0.1542099 -0.1255654 -0.190642 -0.152 -0.1244007 -0.189144 -0.153498 -0.1244007 -0.1905786 -0.1534346 -0.1247901 -0.1917432 -0.153498 -0.127 -0.1917432 -0.152 -0.1255019 -0.1913539 -0.1534346 -0.1255654 -0.189144 0.152 -0.14 -0.192144 0.152 -0.137 -0.189144 0.1549999 -0.137 -0.190642 0.152 -0.1395992 -0.189144 0.153498 -0.1395992 -0.1905786 0.1534346 -0.1392099 -0.1917432 0.153498 -0.137 -0.1917432 0.152 -0.138498 -0.1913539 0.1534346 -0.1384346 -0.189144 0.1545991 -0.138498 -0.190642 0.1545991 -0.137 -0.1905786 0.1542099 -0.1384346 -0.189144 0.152 -0.124 -0.189144 0.1549999 -0.127 -0.192144 0.152 -0.127 -0.189144 0.153498 -0.1244007 -0.190642 0.152 -0.1244007 -0.1905786 0.1534346 -0.1247901 -0.190642 0.1545991 -0.127 -0.189144 0.1545991 -0.1255019 -0.1905786 0.1542099 -0.1255654 -0.1917432 0.152 -0.1255019 -0.1917432 0.153498 -0.127 -0.1913539 0.1534346 -0.1255654 -0.165144 -0.152 -0.14 -0.162144 -0.152 -0.137 -0.165144 -0.155 -0.137 -0.163646 -0.152 -0.1395992 -0.165144 -0.153498 -0.1395992 -0.1637094 -0.1534346 -0.1392099 -0.1625448 -0.153498 -0.137 -0.1625448 -0.152 -0.138498 -0.1629341 -0.1534346 -0.1384346 -0.165144 -0.1545991 -0.138498 -0.163646 -0.1545991 -0.137 -0.1637094 -0.1542099 -0.1384346 -0.165144 -0.152 -0.124 -0.165144 -0.155 -0.127 -0.162144 -0.152 -0.127 -0.165144 -0.153498 -0.1244007 -0.1636459 -0.152 -0.1244007 -0.1637094 -0.1534346 -0.1247901 -0.1636459 -0.1545991 -0.127 -0.165144 -0.1545991 -0.1255019 -0.1637094 -0.1542099 -0.1255654 -0.1625448 -0.152 -0.1255019 -0.1625448 -0.153498 -0.127 -0.1629341 -0.1534346 -0.1255654 -0.165144 0.152 -0.14 -0.165144 0.1549999 -0.137 -0.162144 0.152 -0.137 -0.165144 0.153498 -0.1395992 -0.1636459 0.152 -0.1395992 -0.1637094 0.1534346 -0.1392099 -0.1636459 0.1545991 -0.137 -0.165144 0.1545991 -0.138498 -0.1637094 0.1542099 -0.1384346 -0.1625448 0.152 -0.138498 -0.1625448 0.153498 -0.137 -0.1629341 0.1534346 -0.1384346 -0.165144 0.152 -0.124 -0.162144 0.152 -0.127 -0.165144 0.1549999 -0.127 -0.163646 0.152 -0.1244007 -0.165144 0.153498 -0.1244007 -0.1637094 0.1534346 -0.1247901 -0.1625448 0.153498 -0.127 -0.1625448 0.152 -0.1255019 -0.1629341 0.1534346 -0.1255654 -0.165144 0.1545991 -0.1255019 -0.163646 0.1545991 -0.127 -0.1637094 0.1542099 -0.1255654 -0.09302169 -0.152 -0.14 -0.09302169 -0.155 -0.137 -0.09602171 -0.152 -0.137 -0.09302169 -0.153498 -0.1395992 -0.09451973 -0.152 -0.1395992 -0.09445637 -0.1534346 -0.1392099 -0.09451973 -0.1545991 -0.137 -0.09302169 -0.1545991 -0.138498 -0.09445637 -0.1542099 -0.1384346 -0.09562093 -0.152 -0.138498 -0.09562093 -0.153498 -0.137 -0.09523159 -0.1534346 -0.1384346 -0.09302169 -0.155 -0.127 -0.09302169 -0.152 -0.124 -0.09602171 -0.152 -0.127 -0.09302169 -0.1545991 -0.1255019 -0.09451973 -0.1545991 -0.127 -0.09445637 -0.1542099 -0.1255654 -0.09451973 -0.152 -0.1244007 -0.09302169 -0.153498 -0.1244007 -0.09445637 -0.1534346 -0.1247901 -0.09562093 -0.153498 -0.127 -0.09562093 -0.152 -0.1255019 -0.09523159 -0.1534346 -0.1255654 -0.09302169 0.152 -0.14 -0.09602171 0.152 -0.137 -0.09302169 0.1549999 -0.137 -0.09451973 0.152 -0.1395992 -0.09302169 0.153498 -0.1395992 -0.09445637 0.1534346 -0.1392099 -0.09562093 0.153498 -0.137 -0.09562093 0.152 -0.138498 -0.09523159 0.1534346 -0.1384346 -0.09302169 0.1545991 -0.138498 -0.09451973 0.1545991 -0.137 -0.09445637 0.1542099 -0.1384346 -0.09302169 0.152 -0.124 -0.09302169 0.1549999 -0.127 -0.09602171 0.152 -0.127 -0.09302169 0.153498 -0.1244007 -0.09451973 0.152 -0.1244007 -0.09445637 0.1534346 -0.1247901 -0.09451973 0.1545991 -0.127 -0.09302169 0.1545991 -0.1255019 -0.09445637 0.1542099 -0.1255654 -0.09562093 0.152 -0.1255019 -0.09562093 0.153498 -0.127 -0.09523159 0.1534346 -0.1255654 -0.0690217 -0.152 -0.14 -0.06602174 -0.152 -0.137 -0.0690217 -0.155 -0.137 -0.06752365 -0.152 -0.1395992 -0.0690217 -0.153498 -0.1395992 -0.06758707 -0.1534346 -0.1392099 -0.06642252 -0.153498 -0.137 -0.06642252 -0.152 -0.138498 -0.0668118 -0.1534346 -0.1384346 -0.0690217 -0.1545991 -0.138498 -0.06752365 -0.1545991 -0.137 -0.06758707 -0.1542099 -0.1384346 -0.0690217 -0.152 -0.124 -0.0690217 -0.155 -0.127 -0.06602174 -0.152 -0.127 -0.0690217 -0.153498 -0.1244007 -0.06752365 -0.152 -0.1244007 -0.06758707 -0.1534346 -0.1247901 -0.06752365 -0.1545991 -0.127 -0.0690217 -0.1545991 -0.1255019 -0.06758707 -0.1542099 -0.1255654 -0.06642252 -0.152 -0.1255019 -0.06642252 -0.153498 -0.127 -0.0668118 -0.1534346 -0.1255654 -0.0690217 0.152 -0.14 -0.0690217 0.1549999 -0.137 -0.06602174 0.152 -0.137 -0.0690217 0.153498 -0.1395992 -0.06752365 0.152 -0.1395992 -0.06758707 0.1534346 -0.1392099 -0.06752365 0.1545991 -0.137 -0.0690217 0.1545991 -0.138498 -0.06758707 0.1542099 -0.1384346 -0.06642252 0.152 -0.138498 -0.06642252 0.153498 -0.137 -0.0668118 0.1534346 -0.1384346 -0.0690217 0.152 -0.124 -0.06602174 0.152 -0.127 -0.0690217 0.1549999 -0.127 -0.06752365 0.152 -0.1244007 -0.0690217 0.153498 -0.1244007 -0.06758707 0.1534346 -0.1247901 -0.06642252 0.153498 -0.127 -0.06642252 0.152 -0.1255019 -0.0668118 0.1534346 -0.1255654 -0.0690217 0.1545991 -0.1255019 -0.06752365 0.1545991 -0.127 -0.06758707 0.1542099 -0.1255654 0.003100514 -0.152 -0.14 0.003100514 -0.155 -0.137 1.00549e-4 -0.152 -0.137 0.003100514 -0.153498 -0.1395992 0.00160247 -0.152 -0.1395992 0.00166589 -0.1534346 -0.1392099 0.00160247 -0.1545991 -0.137 0.003100514 -0.1545991 -0.138498 0.00166589 -0.1542099 -0.1384346 5.01337e-4 -0.152 -0.138498 5.01337e-4 -0.153498 -0.137 8.90652e-4 -0.1534346 -0.1384346 0.003100514 -0.155 -0.127 0.003100514 -0.152 -0.124 1.00549e-4 -0.152 -0.127 0.003100514 -0.1545991 -0.1255019 0.00160247 -0.1545991 -0.127 0.00166589 -0.1542099 -0.1255654 0.00160247 -0.152 -0.1244007 0.003100514 -0.153498 -0.1244007 0.00166589 -0.1534346 -0.1247901 5.01337e-4 -0.153498 -0.127 5.01337e-4 -0.152 -0.1255019 8.90652e-4 -0.1534346 -0.1255654 0.003100514 0.152 -0.14 1.00549e-4 0.152 -0.137 0.003100514 0.1549999 -0.137 0.00160247 0.152 -0.1395992 0.003100514 0.153498 -0.1395992 0.00166589 0.1534346 -0.1392099 5.01339e-4 0.153498 -0.137 5.01339e-4 0.152 -0.138498 8.90654e-4 0.1534346 -0.1384346 0.003100514 0.1545991 -0.138498 0.00160247 0.1545991 -0.137 0.00166589 0.1542099 -0.1384346 0.003100514 0.152 -0.124 0.003100514 0.1549999 -0.127 1.00549e-4 0.152 -0.127 0.003100514 0.153498 -0.1244007 0.00160247 0.152 -0.1244007 0.00166589 0.1534346 -0.1247901 0.00160247 0.1545991 -0.127 0.003100514 0.1545991 -0.1255019 0.00166589 0.1542099 -0.1255654 5.01337e-4 0.152 -0.1255019 5.01337e-4 0.153498 -0.127 8.90652e-4 0.1534346 -0.1255654 0.0271005 -0.152 -0.14 0.03010052 -0.152 -0.137 0.0271005 -0.155 -0.137 0.02859854 -0.152 -0.1395992 0.0271005 -0.153498 -0.1395992 0.02853518 -0.1534346 -0.1392099 0.02969974 -0.153498 -0.137 0.02969974 -0.152 -0.138498 0.0293104 -0.1534346 -0.1384346 0.0271005 -0.1545991 -0.138498 0.02859854 -0.1545991 -0.137 0.02853518 -0.1542099 -0.1384346 0.0271005 -0.152 -0.124 0.0271005 -0.155 -0.127 0.03010052 -0.152 -0.127 0.0271005 -0.153498 -0.1244007 0.02859854 -0.152 -0.1244007 0.02853518 -0.1534346 -0.1247901 0.02859854 -0.1545991 -0.127 0.0271005 -0.1545991 -0.1255019 0.02853518 -0.1542099 -0.1255654 0.02969974 -0.152 -0.1255019 0.02969974 -0.153498 -0.127 0.0293104 -0.1534346 -0.1255654 0.0271005 0.152 -0.14 0.0271005 0.1549999 -0.137 0.03010052 0.152 -0.137 0.0271005 0.153498 -0.1395992 0.02859854 0.152 -0.1395992 0.02853518 0.1534346 -0.1392099 0.02859854 0.1545991 -0.137 0.0271005 0.1545991 -0.138498 0.02853518 0.1542099 -0.1384346 0.02969974 0.152 -0.138498 0.02969974 0.153498 -0.137 0.0293104 0.1534346 -0.1384346 0.0271005 0.152 -0.124 0.03010052 0.152 -0.127 0.0271005 0.1549999 -0.127 0.02859854 0.152 -0.1244007 0.0271005 0.153498 -0.1244007 0.02853518 0.1534346 -0.1247901 0.02969974 0.153498 -0.127 0.02969974 0.152 -0.1255019 0.0293104 0.1534346 -0.1255654 0.0271005 0.1545991 -0.1255019 0.02859854 0.1545991 -0.127 0.02853518 0.1542099 -0.1255654 0.09922283 -0.152 -0.14 0.09922283 -0.155 -0.137 0.09622281 -0.152 -0.137 0.09922283 -0.153498 -0.1395992 0.09772479 -0.152 -0.1395992 0.09778815 -0.1534346 -0.1392099 0.09772479 -0.1545991 -0.137 0.09922283 -0.1545991 -0.138498 0.09778815 -0.1542099 -0.1384346 0.09662359 -0.152 -0.138498 0.09662359 -0.153498 -0.137 0.09701293 -0.1534346 -0.1384346 0.09922283 -0.155 -0.127 0.09922283 -0.152 -0.124 0.09622281 -0.152 -0.127 0.09922283 -0.1545991 -0.1255019 0.09772479 -0.1545991 -0.127 0.09778815 -0.1542099 -0.1255654 0.09772479 -0.152 -0.1244007 0.09922283 -0.153498 -0.1244007 0.09778815 -0.1534346 -0.1247901 0.09662359 -0.153498 -0.127 0.09662359 -0.152 -0.1255019 0.09701293 -0.1534346 -0.1255654 0.09922283 0.152 -0.14 0.09622281 0.152 -0.137 0.09922283 0.1549999 -0.137 0.09772479 0.152 -0.1395992 0.09922283 0.153498 -0.1395992 0.09778815 0.1534346 -0.1392099 0.09662359 0.153498 -0.137 0.09662359 0.152 -0.138498 0.09701293 0.1534346 -0.1384346 0.09922283 0.1545991 -0.138498 0.09772479 0.1545991 -0.137 0.09778815 0.1542099 -0.1384346 0.09922283 0.152 -0.124 0.09922283 0.1549999 -0.127 0.09622281 0.152 -0.127 0.09922283 0.153498 -0.1244007 0.09772479 0.152 -0.1244007 0.09778815 0.1534346 -0.1247901 0.09772479 0.1545991 -0.127 0.09922283 0.1545991 -0.1255019 0.09778815 0.1542099 -0.1255654 0.09662359 0.152 -0.1255019 0.09662359 0.153498 -0.127 0.09701293 0.1534346 -0.1255654 0.1232228 -0.152 -0.14 0.1262228 -0.152 -0.137 0.1232228 -0.155 -0.137 0.1247208 -0.152 -0.1395992 0.1232228 -0.153498 -0.1395992 0.1246575 -0.1534346 -0.1392099 0.125822 -0.153498 -0.137 0.125822 -0.152 -0.138498 0.1254327 -0.1534346 -0.1384346 0.1232228 -0.1545991 -0.138498 0.1247208 -0.1545991 -0.137 0.1246575 -0.1542099 -0.1384346 0.1232228 -0.152 -0.124 0.1232228 -0.155 -0.127 0.1262228 -0.152 -0.127 0.1232228 -0.153498 -0.1244007 0.1247208 -0.152 -0.1244007 0.1246575 -0.1534346 -0.1247901 0.1247208 -0.1545991 -0.127 0.1232228 -0.1545991 -0.1255019 0.1246575 -0.1542099 -0.1255654 0.125822 -0.152 -0.1255019 0.125822 -0.153498 -0.127 0.1254327 -0.1534346 -0.1255654 0.1232228 0.152 -0.14 0.1232228 0.1549999 -0.137 0.1262228 0.152 -0.137 0.1232228 0.153498 -0.1395992 0.1247208 0.152 -0.1395992 0.1246575 0.1534346 -0.1392099 0.1247208 0.1545991 -0.137 0.1232228 0.1545991 -0.138498 0.1246575 0.1542099 -0.1384346 0.125822 0.152 -0.138498 0.125822 0.153498 -0.137 0.1254327 0.1534346 -0.1384346 0.1232228 0.152 -0.124 0.1262228 0.152 -0.127 0.1232228 0.1549999 -0.127 0.1247208 0.152 -0.1244007 0.1232228 0.153498 -0.1244007 0.1246575 0.1534346 -0.1247901 0.125822 0.153498 -0.127 0.125822 0.152 -0.1255019 0.1254327 0.1534346 -0.1255654 0.1232228 0.1545991 -0.1255019 0.1247208 0.1545991 -0.127 0.1246575 0.1542099 -0.1255654 0.1953451 -0.152 -0.14 0.1953451 -0.155 -0.137 0.1923451 -0.152 -0.137 0.1953451 -0.153498 -0.1395992 0.1938471 -0.152 -0.1395992 0.1939104 -0.1534346 -0.1392099 0.1938471 -0.1545991 -0.137 0.1953451 -0.1545991 -0.138498 0.1939104 -0.1542099 -0.1384346 0.1927459 -0.152 -0.138498 0.1927459 -0.153498 -0.137 0.1931352 -0.1534346 -0.1384346 0.1953451 -0.155 -0.127 0.1953451 -0.152 -0.124 0.1923451 -0.152 -0.127 0.1953451 -0.1545991 -0.1255019 0.1938471 -0.1545991 -0.127 0.1939104 -0.1542099 -0.1255654 0.1938471 -0.152 -0.1244007 0.1953451 -0.153498 -0.1244007 0.1939104 -0.1534346 -0.1247901 0.1927459 -0.153498 -0.127 0.1927459 -0.152 -0.1255019 0.1931352 -0.1534346 -0.1255654 0.1953451 0.152 -0.14 0.1923451 0.152 -0.137 0.1953451 0.1549999 -0.137 0.1938471 0.152 -0.1395992 0.1953451 0.153498 -0.1395992 0.1939104 0.1534346 -0.1392099 0.1927459 0.153498 -0.137 0.1927459 0.152 -0.138498 0.1931352 0.1534346 -0.1384346 0.1953451 0.1545991 -0.138498 0.1938471 0.1545991 -0.137 0.1939104 0.1542099 -0.1384346 0.1953451 0.152 -0.124 0.1953451 0.1549999 -0.127 0.1923451 0.152 -0.127 0.1953451 0.153498 -0.1244007 0.1938471 0.152 -0.1244007 0.1939104 0.1534346 -0.1247901 0.1938471 0.1545991 -0.127 0.1953451 0.1545991 -0.1255019 0.1939104 0.1542099 -0.1255654 0.1927459 0.152 -0.1255019 0.1927459 0.153498 -0.127 0.1931352 0.1534346 -0.1255654 0.2193451 -0.152 -0.14 0.2223451 -0.152 -0.137 0.2193451 -0.155 -0.137 0.2208431 -0.152 -0.1395992 0.2193451 -0.153498 -0.1395992 0.2207797 -0.1534346 -0.1392099 0.2219443 -0.153498 -0.137 0.2219443 -0.152 -0.138498 0.221555 -0.1534346 -0.1384346 0.2193451 -0.1545991 -0.138498 0.2208431 -0.1545991 -0.137 0.2207797 -0.1542099 -0.1384346 0.2193451 -0.152 -0.124 0.2193451 -0.155 -0.127 0.2223451 -0.152 -0.127 0.2193451 -0.153498 -0.1244007 0.2208431 -0.152 -0.1244007 0.2207797 -0.1534346 -0.1247901 0.2208431 -0.1545991 -0.127 0.2193451 -0.1545991 -0.1255019 0.2207797 -0.1542099 -0.1255654 0.2219443 -0.152 -0.1255019 0.2219443 -0.153498 -0.127 0.221555 -0.1534346 -0.1255654 0.2193451 0.152 -0.14 0.2193451 0.1549999 -0.137 0.2223451 0.152 -0.137 0.2193451 0.153498 -0.1395992 0.2208431 0.152 -0.1395992 0.2207797 0.1534346 -0.1392099 0.2208431 0.1545991 -0.137 0.2193451 0.1545991 -0.138498 0.2207797 0.1542099 -0.1384346 0.2219443 0.152 -0.138498 0.2219443 0.153498 -0.137 0.221555 0.1534346 -0.1384346 0.2193451 0.152 -0.124 0.2223451 0.152 -0.127 0.2193451 0.1549999 -0.127 0.2208431 0.152 -0.1244007 0.2193451 0.153498 -0.1244007 0.2207797 0.1534346 -0.1247901 0.2219443 0.153498 -0.127 0.2219443 0.152 -0.1255019 0.221555 0.1534346 -0.1255654 0.2193451 0.1545991 -0.1255019 0.2208431 0.1545991 -0.127 0.2207797 0.1542099 -0.1255654 0.2914674 -0.152 -0.14 0.2914674 -0.155 -0.137 0.2884674 -0.152 -0.137 0.2914674 -0.153498 -0.1395992 0.2899693 -0.152 -0.1395992 0.2900328 -0.1534346 -0.1392099 0.2899693 -0.1545991 -0.137 0.2914674 -0.1545991 -0.138498 0.2900328 -0.1542099 -0.1384346 0.2888682 -0.152 -0.138498 0.2888682 -0.153498 -0.137 0.2892575 -0.1534346 -0.1384346 0.2914674 -0.155 -0.127 0.2914674 -0.152 -0.124 0.2884674 -0.152 -0.127 0.2914674 -0.1545991 -0.1255019 0.2899693 -0.1545991 -0.127 0.2900328 -0.1542099 -0.1255654 0.2899693 -0.152 -0.1244007 0.2914674 -0.153498 -0.1244007 0.2900328 -0.1534346 -0.1247901 0.2888682 -0.153498 -0.127 0.2888682 -0.152 -0.1255019 0.2892575 -0.1534346 -0.1255654 0.2914674 0.152 -0.14 0.2884674 0.152 -0.137 0.2914674 0.1549999 -0.137 0.2899693 0.152 -0.1395992 0.2914674 0.153498 -0.1395992 0.2900328 0.1534346 -0.1392099 0.2888682 0.153498 -0.137 0.2888682 0.152 -0.138498 0.2892575 0.1534346 -0.1384346 0.2914674 0.1545991 -0.138498 0.2899693 0.1545991 -0.137 0.2900328 0.1542099 -0.1384346 0.2914674 0.152 -0.124 0.2914674 0.1549999 -0.127 0.2884674 0.152 -0.127 0.2914674 0.153498 -0.1244007 0.2899693 0.152 -0.1244007 0.2900328 0.1534346 -0.1247901 0.2899693 0.1545991 -0.127 0.2914674 0.1545991 -0.1255019 0.2900328 0.1542099 -0.1255654 0.2888682 0.152 -0.1255019 0.2888682 0.153498 -0.127 0.2892575 0.1534346 -0.1255654 0.3154674 -0.152 -0.14 0.3184674 -0.152 -0.137 0.3154674 -0.155 -0.137 0.3169654 -0.152 -0.1395992 0.3154674 -0.153498 -0.1395992 0.316902 -0.1534346 -0.1392099 0.3180666 -0.153498 -0.137 0.3180666 -0.152 -0.138498 0.3176773 -0.1534346 -0.1384346 0.3154674 -0.1545991 -0.138498 0.3169654 -0.1545991 -0.137 0.316902 -0.1542099 -0.1384346 0.3154674 -0.152 -0.124 0.3154674 -0.155 -0.127 0.3184674 -0.152 -0.127 0.3154674 -0.153498 -0.1244007 0.3169654 -0.152 -0.1244007 0.3169021 -0.1534346 -0.1247901 0.3169654 -0.1545991 -0.127 0.3154674 -0.1545991 -0.1255019 0.3169021 -0.1542099 -0.1255654 0.3180666 -0.152 -0.1255019 0.3180666 -0.153498 -0.127 0.3176773 -0.1534346 -0.1255654 0.3154674 0.152 -0.14 0.3154674 0.1549999 -0.137 0.3184674 0.152 -0.137 0.3154674 0.153498 -0.1395992 0.3169654 0.152 -0.1395992 0.3169021 0.1534346 -0.1392099 0.3169654 0.1545991 -0.137 0.3154674 0.1545991 -0.138498 0.3169021 0.1542099 -0.1384346 0.3180666 0.152 -0.138498 0.3180666 0.153498 -0.137 0.3176773 0.1534346 -0.1384346 0.3154674 0.152 -0.124 0.3184674 0.152 -0.127 0.3154674 0.1549999 -0.127 0.3169654 0.152 -0.1244007 0.3154674 0.153498 -0.1244007 0.316902 0.1534346 -0.1247901 0.3180666 0.153498 -0.127 0.3180666 0.152 -0.1255019 0.3176773 0.1534346 -0.1255654 0.3154674 0.1545991 -0.1255019 0.3169654 0.1545991 -0.127 0.316902 0.1542099 -0.1255654 0.3875897 -0.152 -0.14 0.3875897 -0.155 -0.137 0.3845897 -0.152 -0.137 0.3875897 -0.153498 -0.1395992 0.3860917 -0.152 -0.1395992 0.386155 -0.1534346 -0.1392099 0.3860917 -0.1545991 -0.137 0.3875897 -0.1545991 -0.138498 0.386155 -0.1542099 -0.1384346 0.3849905 -0.152 -0.138498 0.3849905 -0.153498 -0.137 0.3853798 -0.1534346 -0.1384346 0.3875897 -0.155 -0.127 0.3875897 -0.152 -0.124 0.3845897 -0.152 -0.127 0.3875897 -0.1545991 -0.1255019 0.3860917 -0.1545991 -0.127 0.386155 -0.1542099 -0.1255654 0.3860917 -0.152 -0.1244007 0.3875897 -0.153498 -0.1244007 0.386155 -0.1534346 -0.1247901 0.3849905 -0.153498 -0.127 0.3849905 -0.152 -0.1255019 0.3853798 -0.1534346 -0.1255654 0.3875897 0.152 -0.14 0.3845897 0.152 -0.137 0.3875897 0.1549999 -0.137 0.3860917 0.152 -0.1395992 0.3875897 0.153498 -0.1395992 0.3861551 0.1534346 -0.1392099 0.3849905 0.153498 -0.137 0.3849905 0.152 -0.138498 0.3853798 0.1534346 -0.1384346 0.3875897 0.1545991 -0.138498 0.3860917 0.1545991 -0.137 0.3861551 0.1542099 -0.1384346 0.3875897 0.152 -0.124 0.3875897 0.1549999 -0.127 0.3845897 0.152 -0.127 0.3875897 0.153498 -0.1244007 0.3860917 0.152 -0.1244007 0.386155 0.1534346 -0.1247901 0.3860917 0.1545991 -0.127 0.3875897 0.1545991 -0.1255019 0.386155 0.1542099 -0.1255654 0.3849905 0.152 -0.1255019 0.3849905 0.153498 -0.127 0.3853798 0.1534346 -0.1255654 0.4115897 -0.152 -0.14 0.4145897 -0.152 -0.137 0.4115897 -0.155 -0.137 0.4130877 -0.152 -0.1395992 0.4115897 -0.153498 -0.1395992 0.4130243 -0.1534346 -0.1392099 0.4141889 -0.153498 -0.137 0.4141889 -0.152 -0.138498 0.4137996 -0.1534346 -0.1384346 0.4115897 -0.1545991 -0.138498 0.4130877 -0.1545991 -0.137 0.4130243 -0.1542099 -0.1384346 0.4115897 -0.152 -0.124 0.4115897 -0.155 -0.127 0.4145897 -0.152 -0.127 0.4115897 -0.153498 -0.1244007 0.4130877 -0.152 -0.1244007 0.4130243 -0.1534346 -0.1247901 0.4130877 -0.1545991 -0.127 0.4115897 -0.1545991 -0.1255019 0.4130243 -0.1542099 -0.1255654 0.4141889 -0.152 -0.1255019 0.4141889 -0.153498 -0.127 0.4137996 -0.1534346 -0.1255654 0.4115897 0.152 -0.14 0.4115897 0.1549999 -0.137 0.4145897 0.152 -0.137 0.4115897 0.153498 -0.1395992 0.4130877 0.152 -0.1395992 0.4130243 0.1534346 -0.1392099 0.4130877 0.1545991 -0.137 0.4115897 0.1545991 -0.138498 0.4130243 0.1542099 -0.1384346 0.4141889 0.152 -0.138498 0.4141889 0.153498 -0.137 0.4137996 0.1534346 -0.1384346 0.4115897 0.152 -0.124 0.4145897 0.152 -0.127 0.4115897 0.1549999 -0.127 0.4130877 0.152 -0.1244007 0.4115897 0.153498 -0.1244007 0.4130243 0.1534346 -0.1247901 0.4141889 0.153498 -0.127 0.4141889 0.152 -0.1255019 0.4137996 0.1534346 -0.1255654 0.4115897 0.1545991 -0.1255019 0.4130877 0.1545991 -0.127 0.4130243 0.1542099 -0.1255654 0.483712 -0.152 -0.14 0.483712 -0.155 -0.137 0.4807119 -0.152 -0.137 0.483712 -0.153498 -0.1395992 0.4822139 -0.152 -0.1395992 0.4822773 -0.1534346 -0.1392099 0.4822139 -0.1545991 -0.137 0.483712 -0.1545991 -0.138498 0.4822773 -0.1542099 -0.1384346 0.4811127 -0.152 -0.138498 0.4811127 -0.153498 -0.137 0.4815021 -0.1534346 -0.1384346 0.483712 -0.155 -0.127 0.483712 -0.152 -0.124 0.4807119 -0.152 -0.127 0.483712 -0.1545991 -0.1255019 0.4822139 -0.1545991 -0.127 0.4822773 -0.1542099 -0.1255654 0.4822139 -0.152 -0.1244007 0.483712 -0.153498 -0.1244007 0.4822773 -0.1534346 -0.1247901 0.4811127 -0.153498 -0.127 0.4811127 -0.152 -0.1255019 0.4815021 -0.1534346 -0.1255654 0.483712 0.152 -0.14 0.4807119 0.152 -0.137 0.483712 0.1549999 -0.137 0.4822139 0.152 -0.1395992 0.483712 0.153498 -0.1395992 0.4822773 0.1534346 -0.1392099 0.4811127 0.153498 -0.137 0.4811127 0.152 -0.138498 0.4815021 0.1534346 -0.1384346 0.483712 0.1545991 -0.138498 0.4822139 0.1545991 -0.137 0.4822773 0.1542099 -0.1384346 0.483712 0.152 -0.124 0.483712 0.1549999 -0.127 0.4807119 0.152 -0.127 0.483712 0.153498 -0.1244007 0.4822139 0.152 -0.1244007 0.4822773 0.1534346 -0.1247901 0.4822139 0.1545991 -0.127 0.483712 0.1545991 -0.1255019 0.4822773 0.1542099 -0.1255654 0.4811127 0.152 -0.1255019 0.4811127 0.153498 -0.127 0.4815021 0.1534346 -0.1255654 0.507712 -0.152 -0.14 0.510712 -0.152 -0.137 0.507712 -0.155 -0.137 0.50921 -0.152 -0.1395992 0.507712 -0.153498 -0.1395992 0.5091466 -0.1534346 -0.1392099 0.5103112 -0.153498 -0.137 0.5103112 -0.152 -0.138498 0.5099219 -0.1534346 -0.1384346 0.507712 -0.1545991 -0.138498 0.50921 -0.1545991 -0.137 0.5091466 -0.1542099 -0.1384346 0.507712 -0.152 -0.124 0.507712 -0.155 -0.127 0.510712 -0.152 -0.127 0.507712 -0.153498 -0.1244007 0.50921 -0.152 -0.1244007 0.5091466 -0.1534346 -0.1247901 0.50921 -0.1545991 -0.127 0.507712 -0.1545991 -0.1255019 0.5091466 -0.1542099 -0.1255654 0.5103112 -0.152 -0.1255019 0.5103112 -0.153498 -0.127 0.5099219 -0.1534346 -0.1255654 0.507712 0.152 -0.14 0.507712 0.1549999 -0.137 0.510712 0.152 -0.137 0.507712 0.153498 -0.1395992 0.50921 0.152 -0.1395992 0.5091466 0.1534346 -0.1392099 0.50921 0.1545991 -0.137 0.507712 0.1545991 -0.138498 0.5091466 0.1542099 -0.1384346 0.5103112 0.152 -0.138498 0.5103112 0.153498 -0.137 0.5099219 0.1534346 -0.1384346 0.507712 0.152 -0.124 0.510712 0.152 -0.127 0.507712 0.1549999 -0.127 0.50921 0.152 -0.1244007 0.507712 0.153498 -0.1244007 0.5091466 0.1534346 -0.1247901 0.5103112 0.153498 -0.127 0.5103112 0.152 -0.1255019 0.5099219 0.1534346 -0.1255654 0.507712 0.1545991 -0.1255019 0.50921 0.1545991 -0.127 0.5091466 0.1542099 -0.1255654 0.5798342 -0.152 -0.14 0.5798342 -0.155 -0.137 0.5768343 -0.152 -0.137 0.5798342 -0.153498 -0.1395992 0.5783362 -0.152 -0.1395992 0.5783996 -0.1534346 -0.1392099 0.5783362 -0.1545991 -0.137 0.5798342 -0.1545991 -0.138498 0.5783996 -0.1542099 -0.1384346 0.5772351 -0.152 -0.138498 0.5772351 -0.153498 -0.137 0.5776243 -0.1534346 -0.1384346 0.5798342 -0.155 -0.127 0.5798342 -0.152 -0.124 0.5768343 -0.152 -0.127 0.5798342 -0.1545991 -0.1255019 0.5783362 -0.1545991 -0.127 0.5783996 -0.1542099 -0.1255654 0.5783362 -0.152 -0.1244007 0.5798342 -0.153498 -0.1244007 0.5783996 -0.1534346 -0.1247901 0.5772351 -0.153498 -0.127 0.5772351 -0.152 -0.1255019 0.5776243 -0.1534346 -0.1255654 0.5798342 0.152 -0.14 0.5768343 0.152 -0.137 0.5798342 0.1549999 -0.137 0.5783362 0.152 -0.1395992 0.5798342 0.153498 -0.1395992 0.5783996 0.1534346 -0.1392099 0.5772351 0.153498 -0.137 0.5772351 0.152 -0.138498 0.5776244 0.1534346 -0.1384346 0.5798342 0.1545991 -0.138498 0.5783362 0.1545991 -0.137 0.5783996 0.1542099 -0.1384346 0.5798342 0.152 -0.124 0.5798342 0.1549999 -0.127 0.5768343 0.152 -0.127 0.5798342 0.153498 -0.1244007 0.5783362 0.152 -0.1244007 0.5783996 0.1534346 -0.1247901 0.5783362 0.1545991 -0.127 0.5798342 0.1545991 -0.1255019 0.5783996 0.1542099 -0.1255654 0.5772351 0.152 -0.1255019 0.5772351 0.153498 -0.127 0.5776243 0.1534346 -0.1255654 0.6038343 -0.152 -0.14 0.6068342 -0.152 -0.137 0.6038343 -0.155 -0.137 0.6053323 -0.152 -0.1395992 0.6038343 -0.153498 -0.1395992 0.6052689 -0.1534346 -0.1392099 0.6064335 -0.153498 -0.137 0.6064335 -0.152 -0.138498 0.6060441 -0.1534346 -0.1384346 0.6038343 -0.1545991 -0.138498 0.6053323 -0.1545991 -0.137 0.6052689 -0.1542099 -0.1384346 0.6038343 -0.152 -0.124 0.6038343 -0.155 -0.127 0.6068342 -0.152 -0.127 0.6038343 -0.153498 -0.1244007 0.6053323 -0.152 -0.1244007 0.6052689 -0.1534346 -0.1247901 0.6053323 -0.1545991 -0.127 0.6038343 -0.1545991 -0.1255019 0.6052689 -0.1542099 -0.1255654 0.6064335 -0.152 -0.1255019 0.6064335 -0.153498 -0.127 0.6060442 -0.1534346 -0.1255654 0.6038343 0.152 -0.14 0.6038343 0.1549999 -0.137 0.6068342 0.152 -0.137 0.6038343 0.153498 -0.1395992 0.6053323 0.152 -0.1395992 0.6052689 0.1534346 -0.1392099 0.6053323 0.1545991 -0.137 0.6038343 0.1545991 -0.138498 0.6052689 0.1542099 -0.1384346 0.6064335 0.152 -0.138498 0.6064335 0.153498 -0.137 0.6060442 0.1534346 -0.1384346 0.6038343 0.152 -0.124 0.6068342 0.152 -0.127 0.6038343 0.1549999 -0.127 0.6053323 0.152 -0.1244007 0.6038343 0.153498 -0.1244007 0.6052689 0.1534346 -0.1247901 0.6064335 0.153498 -0.127 0.6064335 0.152 -0.1255019 0.6060441 0.1534346 -0.1255654 0.6038343 0.1545991 -0.1255019 0.6053323 0.1545991 -0.127 0.6052689 0.1542099 -0.1255654 0.6759565 -0.152 -0.14 0.6759565 -0.155 -0.137 0.6729565 -0.152 -0.137 0.6759565 -0.153498 -0.1395992 0.6744585 -0.152 -0.1395992 0.6745219 -0.1534346 -0.1392099 0.6744585 -0.1545991 -0.137 0.6759565 -0.1545991 -0.138498 0.6745219 -0.1542099 -0.1384346 0.6733573 -0.152 -0.138498 0.6733573 -0.153498 -0.137 0.6737466 -0.1534346 -0.1384346 0.6759565 -0.155 -0.127 0.6759565 -0.152 -0.124 0.6729565 -0.152 -0.127 0.6759565 -0.1545991 -0.1255019 0.6744585 -0.1545991 -0.127 0.6745219 -0.1542099 -0.1255654 0.6744585 -0.152 -0.1244007 0.6759565 -0.153498 -0.1244007 0.6745219 -0.1534346 -0.1247901 0.6733573 -0.153498 -0.127 0.6733573 -0.152 -0.1255019 0.6737466 -0.1534346 -0.1255654 0.6759565 0.152 -0.14 0.6729565 0.152 -0.137 0.6759565 0.1549999 -0.137 0.6744585 0.152 -0.1395992 0.6759565 0.153498 -0.1395992 0.6745219 0.1534346 -0.1392099 0.6733573 0.153498 -0.137 0.6733573 0.152 -0.138498 0.6737467 0.1534346 -0.1384346 0.6759565 0.1545991 -0.138498 0.6744585 0.1545991 -0.137 0.6745219 0.1542099 -0.1384346 0.6759565 0.152 -0.124 0.6759565 0.1549999 -0.127 0.6729565 0.152 -0.127 0.6759565 0.153498 -0.1244007 0.6744585 0.152 -0.1244007 0.6745219 0.1534346 -0.1247901 0.6744585 0.1545991 -0.127 0.6759565 0.1545991 -0.1255019 0.6745219 0.1542099 -0.1255654 0.6733573 0.152 -0.1255019 0.6733573 0.153498 -0.127 0.6737466 0.1534346 -0.1255654 0.6999565 -0.152 -0.14 0.7029565 -0.152 -0.137 0.6999565 -0.155 -0.137 0.7014545 -0.152 -0.1395992 0.6999565 -0.153498 -0.1395992 0.7013912 -0.1534346 -0.1392099 0.7025557 -0.153498 -0.137 0.7025557 -0.152 -0.138498 0.7021664 -0.1534346 -0.1384346 0.6999565 -0.1545991 -0.138498 0.7014545 -0.1545991 -0.137 0.7013912 -0.1542099 -0.1384346 0.6999565 -0.152 -0.124 0.6999565 -0.155 -0.127 0.7029565 -0.152 -0.127 0.6999565 -0.153498 -0.1244007 0.7014545 -0.152 -0.1244007 0.7013912 -0.1534346 -0.1247901 0.7014545 -0.1545991 -0.127 0.6999565 -0.1545991 -0.1255019 0.7013912 -0.1542099 -0.1255654 0.7025557 -0.152 -0.1255019 0.7025557 -0.153498 -0.127 0.7021664 -0.1534346 -0.1255654 0.6999565 0.152 -0.14 0.6999565 0.1549999 -0.137 0.7029565 0.152 -0.137 0.6999565 0.153498 -0.1395992 0.7014545 0.152 -0.1395992 0.7013912 0.1534346 -0.1392099 0.7014545 0.1545991 -0.137 0.6999565 0.1545991 -0.138498 0.7013912 0.1542099 -0.1384346 0.7025557 0.152 -0.138498 0.7025557 0.153498 -0.137 0.7021664 0.1534346 -0.1384346 0.6999565 0.152 -0.124 0.7029565 0.152 -0.127 0.6999565 0.1549999 -0.127 0.7014545 0.152 -0.1244007 0.6999565 0.153498 -0.1244007 0.7013912 0.1534346 -0.1247901 0.7025557 0.153498 -0.127 0.7025557 0.152 -0.1255019 0.7021664 0.1534346 -0.1255654 0.6999565 0.1545991 -0.1255019 0.7014545 0.1545991 -0.127 0.7013912 0.1542099 -0.1255654 0.7720788 -0.152 -0.14 0.7720788 -0.155 -0.137 0.7690789 -0.152 -0.137 0.7720788 -0.153498 -0.1395992 0.7705808 -0.152 -0.1395992 0.7706442 -0.1534346 -0.1392099 0.7705808 -0.1545991 -0.137 0.7720788 -0.1545991 -0.138498 0.7706442 -0.1542099 -0.1384346 0.7694796 -0.152 -0.138498 0.7694796 -0.153498 -0.137 0.7698689 -0.1534346 -0.1384346 0.7720788 -0.155 -0.127 0.7720788 -0.152 -0.124 0.7690789 -0.152 -0.127 0.7720788 -0.1545991 -0.1255019 0.7705808 -0.1545991 -0.127 0.7706442 -0.1542099 -0.1255654 0.7705808 -0.152 -0.1244007 0.7720788 -0.153498 -0.1244007 0.7706442 -0.1534346 -0.1247901 0.7694796 -0.153498 -0.127 0.7694796 -0.152 -0.1255019 0.7698689 -0.1534346 -0.1255654 0.7720788 0.152 -0.14 0.7690789 0.152 -0.137 0.7720788 0.1549999 -0.137 0.7705808 0.152 -0.1395992 0.7720788 0.153498 -0.1395992 0.7706442 0.1534346 -0.1392099 0.7694796 0.153498 -0.137 0.7694796 0.152 -0.138498 0.769869 0.1534346 -0.1384346 0.7720788 0.1545991 -0.138498 0.7705808 0.1545991 -0.137 0.7706442 0.1542099 -0.1384346 0.7720788 0.152 -0.124 0.7720788 0.1549999 -0.127 0.7690789 0.152 -0.127 0.7720788 0.153498 -0.1244007 0.7705808 0.152 -0.1244007 0.7706442 0.1534346 -0.1247901 0.7705808 0.1545991 -0.127 0.7720788 0.1545991 -0.1255019 0.7706442 0.1542099 -0.1255654 0.7694796 0.152 -0.1255019 0.7694796 0.153498 -0.127 0.7698689 0.1534346 -0.1255654 0.7960789 -0.152 -0.14 0.7990788 -0.152 -0.137 0.7960789 -0.155 -0.137 0.7975769 -0.152 -0.1395992 0.7960789 -0.153498 -0.1395992 0.7975135 -0.1534346 -0.1392099 0.7986781 -0.153498 -0.137 0.7986781 -0.152 -0.138498 0.7982887 -0.1534346 -0.1384346 0.7960789 -0.1545991 -0.138498 0.7975769 -0.1545991 -0.137 0.7975135 -0.1542099 -0.1384346 0.7960789 -0.152 -0.124 0.7960789 -0.155 -0.127 0.7990788 -0.152 -0.127 0.7960789 -0.153498 -0.1244007 0.7975769 -0.152 -0.1244007 0.7975135 -0.1534346 -0.1247901 0.7975769 -0.1545991 -0.127 0.7960789 -0.1545991 -0.1255019 0.7975135 -0.1542099 -0.1255654 0.7986781 -0.152 -0.1255019 0.7986781 -0.153498 -0.127 0.7982888 -0.1534346 -0.1255654 0.7960789 0.152 -0.14 0.7960789 0.1549999 -0.137 0.7990788 0.152 -0.137 0.7960789 0.153498 -0.1395992 0.7975769 0.152 -0.1395992 0.7975135 0.1534346 -0.1392099 0.7975769 0.1545991 -0.137 0.7960789 0.1545991 -0.138498 0.7975135 0.1542099 -0.1384346 0.7986781 0.152 -0.138498 0.7986781 0.153498 -0.137 0.7982888 0.1534346 -0.1384346 0.7960789 0.152 -0.124 0.7990788 0.152 -0.127 0.7960789 0.1549999 -0.127 0.7975769 0.152 -0.1244007 0.7960789 0.153498 -0.1244007 0.7975135 0.1534346 -0.1247901 0.7986781 0.153498 -0.127 0.7986781 0.152 -0.1255019 0.7982887 0.1534346 -0.1255654 0.7960789 0.1545991 -0.1255019 0.7975769 0.1545991 -0.127 0.7975135 0.1542099 -0.1255654 0.8700655 -0.152 -0.1390733 0.8693851 -0.155 -0.1361514 0.8664633 -0.152 -0.1368318 0.8699746 -0.153498 -0.1386829 0.8685156 -0.152 -0.1390227 0.868489 -0.1534346 -0.1386291 0.8679261 -0.1545991 -0.1364912 0.8697248 -0.1545991 -0.1376104 0.8683132 -0.1542099 -0.1378741 0.8671934 -0.152 -0.1381999 0.8668536 -0.153498 -0.1367409 0.8675581 -0.1534346 -0.1380499 0.867117 -0.155 -0.126412 0.8664366 -0.152 -0.1234902 0.8641952 -0.152 -0.1270924 0.8667773 -0.1545991 -0.124953 0.865658 -0.1545991 -0.1267518 0.8653944 -0.1542099 -0.1253402 0.8650685 -0.152 -0.1242203 0.8665275 -0.153498 -0.1238806 0.8652185 -0.1534346 -0.1245851 0.8645855 -0.153498 -0.1270015 0.8642458 -0.152 -0.1255425 0.8646393 -0.1534346 -0.125516 0.8700655 0.152 -0.1390733 0.8664633 0.152 -0.1368318 0.8693851 0.1549999 -0.1361514 0.8685156 0.152 -0.1390227 0.8699746 0.153498 -0.1386829 0.868489 0.1534346 -0.1386291 0.8668536 0.153498 -0.1367409 0.8671934 0.152 -0.1381999 0.8675581 0.1534346 -0.1380499 0.8697248 0.1545991 -0.1376104 0.8679261 0.1545991 -0.1364912 0.8683132 0.1542099 -0.1378741 0.8664366 0.152 -0.1234902 0.867117 0.1549999 -0.126412 0.8641952 0.152 -0.1270924 0.8665275 0.153498 -0.1238806 0.8650685 0.152 -0.1242203 0.8652185 0.1534346 -0.1245851 0.865658 0.1545991 -0.1267518 0.8667773 0.1545991 -0.124953 0.8653944 0.1542099 -0.1253402 0.8642458 0.152 -0.1255425 0.8645855 0.153498 -0.1270015 0.8646393 0.1534346 -0.125516 0.89344 -0.152 -0.1336299 0.8956815 -0.152 -0.1300277 0.8927596 -0.155 -0.1307081 0.8948081 -0.152 -0.1328998 0.8933491 -0.153498 -0.1332396 0.8946581 -0.1534346 -0.132535 0.8952911 -0.153498 -0.1301186 0.8956308 -0.152 -0.1315776 0.8952373 -0.1534346 -0.1316041 0.8930994 -0.1545991 -0.1321671 0.8942186 -0.1545991 -0.1303684 0.8944823 -0.1542099 -0.13178 0.8898112 -0.152 -0.1180469 0.8904916 -0.155 -0.1209687 0.8934134 -0.152 -0.1202883 0.8899021 -0.153498 -0.1184372 0.8913611 -0.152 -0.1180975 0.8913876 -0.1534346 -0.118491 0.8919506 -0.1545991 -0.120629 0.8901518 -0.1545991 -0.1195097 0.8915634 -0.1542099 -0.1192461 0.8926833 -0.152 -0.1189202 0.893023 -0.153498 -0.1203792 0.8923185 -0.1534346 -0.1190702 0.89344 0.152 -0.1336299 0.8927596 0.1549999 -0.1307081 0.8956815 0.152 -0.1300277 0.8933491 0.153498 -0.1332396 0.8948081 0.152 -0.1328998 0.8946581 0.1534346 -0.132535 0.8942186 0.1545991 -0.1303684 0.8930994 0.1545991 -0.1321671 0.8944823 0.1542099 -0.13178 0.8956308 0.152 -0.1315776 0.8952911 0.153498 -0.1301186 0.8952373 0.1534346 -0.1316041 0.8898112 0.152 -0.1180469 0.8934134 0.152 -0.1202883 0.8904916 0.1549999 -0.1209687 0.8913611 0.152 -0.1180975 0.8899021 0.153498 -0.1184372 0.8913876 0.1534346 -0.118491 0.893023 0.153498 -0.1203792 0.8926833 0.152 -0.1189202 0.8923185 0.1534346 -0.1190702 0.8901518 0.1545991 -0.1195097 0.8919506 0.1545991 -0.120629 0.8915634 0.1542099 -0.1192461 0.9575333 -0.152 -0.09044659 0.9550809 -0.155 -0.08871865 0.953353 -0.152 -0.09117102 0.9572057 -0.153498 -0.09021574 0.9563429 -0.152 -0.09144032 0.9560611 -0.1534346 -0.09116429 0.9542181 -0.1545991 -0.08994323 0.9563055 -0.1545991 -0.08958148 0.9554274 -0.1542099 -0.09071773 0.9548084 -0.152 -0.09170627 0.9535838 -0.153498 -0.09084343 0.9549809 -0.1534346 -0.0913515 0.9469063 -0.155 -0.08295887 0.9444539 -0.152 -0.08123093 0.9451783 -0.152 -0.08541125 0.9456817 -0.1545991 -0.08209604 0.9460434 -0.1545991 -0.08418345 0.9449072 -0.1542099 -0.08330529 0.9439187 -0.152 -0.08268636 0.9447816 -0.153498 -0.08146178 0.9442735 -0.1534346 -0.0828588 0.9454092 -0.153498 -0.0850836 0.9441846 -0.152 -0.08422076 0.9444607 -0.1534346 -0.08393907 0.9575333 0.152 -0.09044659 0.953353 0.152 -0.09117102 0.9550809 0.1549999 -0.08871865 0.9563429 0.152 -0.09144032 0.9572057 0.153498 -0.09021574 0.9560611 0.1534346 -0.09116429 0.9535838 0.153498 -0.09084343 0.9548084 0.152 -0.09170627 0.9549809 0.1534346 -0.0913515 0.9563055 0.1545991 -0.08958148 0.9542181 0.1545991 -0.08994323 0.9554274 0.1542099 -0.09071773 0.9444539 0.152 -0.08123093 0.9469063 0.1549999 -0.08295887 0.9451783 0.152 -0.08541125 0.9447816 0.153498 -0.08146178 0.9439187 0.152 -0.08268636 0.9442735 0.1534346 -0.0828588 0.9460434 0.1545991 -0.08418345 0.9456817 0.1545991 -0.08209604 0.9449072 0.1542099 -0.08330529 0.9441846 0.152 -0.08422076 0.9454092 0.153498 -0.0850836 0.9444607 0.1534346 -0.08393907 0.9713568 -0.152 -0.07082742 0.9706324 -0.152 -0.06664711 0.9689044 -0.155 -0.06909948 0.971892 -0.152 -0.06937199 0.9710292 -0.153498 -0.07059657 0.9715372 -0.1534346 -0.06919962 0.9704015 -0.153498 -0.06697475 0.9716261 -0.152 -0.06783759 0.97135 -0.1534346 -0.06811928 0.970129 -0.1545991 -0.06996232 0.9697673 -0.1545991 -0.0678749 0.9709035 -0.1542099 -0.06875306 0.9582774 -0.152 -0.06161177 0.9607298 -0.155 -0.06333971 0.9624577 -0.152 -0.06088733 0.958605 -0.153498 -0.06184262 0.9594678 -0.152 -0.06061804 0.9597496 -0.1534346 -0.06089407 0.9615926 -0.1545991 -0.06211513 0.9595052 -0.1545991 -0.06247687 0.9603834 -0.1542099 -0.06134063 0.9610023 -0.152 -0.06035208 0.9622269 -0.153498 -0.06121492 0.9608299 -0.1534346 -0.06070685 0.9713568 0.152 -0.07082742 0.9689044 0.1549999 -0.06909948 0.9706324 0.152 -0.06664711 0.9710292 0.153498 -0.07059657 0.971892 0.152 -0.06937199 0.9715372 0.1534346 -0.06919962 0.9697673 0.1545991 -0.0678749 0.970129 0.1545991 -0.06996232 0.9709035 0.1542099 -0.06875306 0.9716261 0.152 -0.06783759 0.9704015 0.153498 -0.06697475 0.97135 0.1534346 -0.06811928 0.9582774 0.152 -0.06161177 0.9624577 0.152 -0.06088733 0.9607298 0.1549999 -0.06333971 0.9594678 0.152 -0.06061804 0.958605 0.153498 -0.06184262 0.9597496 0.1534346 -0.06089407 0.9622269 0.153498 -0.06121492 0.9610023 0.152 -0.06035208 0.9608299 0.1534346 -0.06070685 0.9595052 0.1545991 -0.06247687 0.9615926 0.1545991 -0.06211513 0.9603834 0.1542099 -0.06134063 0.9904547 -0.152 0.004059255 0.9874743 -0.155 0.003716766 0.9878168 -0.152 7.3643e-4 0.9900565 -0.153498 0.004013478 0.9902275 -0.152 0.002525269 0.9898335 -0.1534346 0.002543807 0.9876453 -0.1545991 0.002228558 0.9889625 -0.1545991 0.003887772 0.9890633 -0.1542099 0.002455294 0.9892593 -0.152 0.00130558 0.987771 -0.153498 0.001134574 0.9891518 -0.1534346 0.001685082 0.9775397 -0.155 0.002575278 0.9745593 -0.152 0.002232849 0.9778822 -0.152 -4.05058e-4 0.9760515 -0.1545991 0.002404332 0.9777107 -0.1545991 0.001087069 0.9762782 -0.1542099 9.86308e-4 0.9751285 -0.152 7.90387e-4 0.9749575 -0.153498 0.002278625 0.975508 -0.1534346 8.9781e-4 0.9778364 -0.153498 -6.89924e-6 0.9763482 -0.152 -1.7789e-4 0.9763667 -0.1534346 2.16112e-4 0.9904547 0.152 0.004059255 0.9878168 0.152 7.3643e-4 0.9874743 0.1549999 0.003716766 0.9902275 0.152 0.002525269 0.9900565 0.153498 0.004013478 0.9898335 0.1534346 0.002543807 0.987771 0.153498 0.001134574 0.9892593 0.152 0.00130558 0.9891518 0.1534346 0.001685082 0.9889625 0.1545991 0.003887772 0.9876453 0.1545991 0.002228558 0.9890633 0.1542099 0.002455294 0.9745593 0.152 0.002232849 0.9775397 0.1549999 0.002575278 0.9778822 0.152 -4.05058e-4 0.9749575 0.153498 0.002278625 0.9751285 0.152 7.90387e-4 0.975508 0.1534346 8.9781e-4 0.9777107 0.1545991 0.001087069 0.9760515 0.1545991 0.002404332 0.9762782 0.1542099 9.86308e-4 0.9763482 0.152 -1.7789e-4 0.9778364 0.153498 -6.89924e-6 0.9763667 0.1534346 2.16112e-4 0.9877151 -0.152 0.02790236 0.9843923 -0.152 0.03054028 0.9847348 -0.155 0.02755993 0.987146 -0.152 0.02934485 0.987317 -0.153498 0.02785658 0.9867665 -0.1534346 0.02923744 0.9844381 -0.153498 0.03014212 0.9859263 -0.152 0.03031313 0.9859077 -0.1534346 0.02991914 0.986223 -0.1545991 0.02773094 0.9845638 -0.1545991 0.02904814 0.9859963 -0.1542099 0.02914893 0.9718197 -0.152 0.02607601 0.9748001 -0.155 0.02641844 0.9744577 -0.152 0.02939879 0.9722179 -0.153498 0.02612173 0.9720469 -0.152 0.02761 0.9724409 -0.1534346 0.0275914 0.9746291 -0.1545991 0.02790665 0.9733119 -0.1545991 0.02624744 0.9732111 -0.1542099 0.02767992 0.9730152 -0.152 0.02882963 0.9745034 -0.153498 0.02900063 0.9731226 -0.1534346 0.02845013 0.9877151 0.152 0.02790236 0.9847348 0.1549999 0.02755993 0.9843923 0.152 0.03054028 0.987317 0.153498 0.02785664 0.987146 0.152 0.02934485 0.9867665 0.1534346 0.02923744 0.9845638 0.1545991 0.02904814 0.986223 0.1545991 0.02773094 0.9859963 0.1542099 0.02914893 0.9859263 0.152 0.03031313 0.9844381 0.153498 0.03014212 0.9859077 0.1534346 0.02991914 0.9718197 0.152 0.02607601 0.9744577 0.152 0.02939879 0.9748001 0.1549999 0.02641844 0.9720469 0.152 0.02761 0.9722179 0.153498 0.02612173 0.9724409 0.1534346 0.0275914 0.9745034 0.153498 0.02900063 0.9730152 0.152 0.02882963 0.9731226 0.1534346 0.02845013 0.9733119 0.1545991 0.02624744 0.9746291 0.1545991 0.02790665 0.9732111 0.1542099 0.02767992 0.9521302 -0.152 0.09650605 0.9501336 -0.155 0.09426695 0.9523728 -0.152 0.09227037 0.9518635 -0.153498 0.0962069 0.9529816 -0.152 0.09520995 0.9526752 -0.1534346 0.09496152 0.9512518 -0.1545991 0.09326994 0.9511306 -0.1545991 0.09538501 0.9521592 -0.1542099 0.09438288 0.9530706 -0.152 0.09365516 0.9520736 -0.153498 0.0925371 0.9527379 -0.1534346 0.09386694 0.9434784 -0.155 0.08680319 0.9414818 -0.152 0.08456408 0.9457175 -0.152 0.08480662 0.9424814 -0.1545991 0.08568507 0.9445965 -0.1545991 0.08580619 0.9435943 -0.1542099 0.08477759 0.9428666 -0.152 0.08386623 0.9417486 -0.153498 0.08486318 0.9430784 -0.1534346 0.08419901 0.9454184 -0.153498 0.08507335 0.9444214 -0.152 0.08395522 0.944173 -0.1534346 0.08426165 0.9521302 0.152 0.09650605 0.9523728 0.152 0.09227037 0.9501336 0.1549999 0.09426695 0.9529816 0.152 0.09520995 0.9518635 0.153498 0.0962069 0.9526752 0.1534346 0.09496152 0.9520736 0.153498 0.0925371 0.9530706 0.152 0.09365516 0.9527379 0.1534346 0.09386694 0.9511306 0.1545991 0.09538501 0.9512518 0.1545991 0.09326994 0.9521592 0.1542099 0.09438294 0.9414818 0.152 0.08456408 0.9434784 0.1549999 0.08680319 0.9457175 0.152 0.08480662 0.9417486 0.153498 0.08486318 0.9428666 0.152 0.08386623 0.9430784 0.1534346 0.08419901 0.9445965 0.1545991 0.08580619 0.9424814 0.1545991 0.08568507 0.9435943 0.1542099 0.08477759 0.9444214 0.152 0.08395522 0.9454184 0.153498 0.08507335 0.944173 0.1534346 0.08426165 0.9342173 -0.152 0.1124787 0.9299815 -0.152 0.1122362 0.9322206 -0.155 0.1102396 0.9328324 -0.152 0.1131765 0.9339505 -0.153498 0.1121795 0.9326207 -0.1534346 0.1128438 0.9302807 -0.153498 0.1119694 0.9312777 -0.152 0.1130875 0.9315261 -0.1534346 0.1127811 0.9332177 -0.1545991 0.1113576 0.9311026 -0.1545991 0.1112365 0.9321047 -0.1542099 0.1122651 0.9235689 -0.152 0.1005367 0.9255654 -0.155 0.1027758 0.9233263 -0.152 0.1047724 0.9238356 -0.153498 0.1008358 0.9227175 -0.152 0.1018328 0.9230239 -0.1534346 0.1020812 0.9244473 -0.1545991 0.1037728 0.9245684 -0.1545991 0.1016577 0.9235398 -0.1542099 0.1026598 0.9226285 -0.152 0.1033875 0.9236254 -0.153498 0.1045057 0.9229612 -0.1534346 0.1031758 0.9342173 0.152 0.1124787 0.9322206 0.1549999 0.1102396 0.9299815 0.152 0.1122362 0.9339505 0.153498 0.1121795 0.9328324 0.152 0.1131765 0.9326207 0.1534346 0.1128438 0.9311026 0.1545991 0.1112365 0.9332177 0.1545991 0.1113576 0.9321047 0.1542099 0.1122651 0.9312776 0.152 0.1130875 0.9302807 0.153498 0.1119694 0.9315261 0.1534346 0.1127811 0.9235689 0.152 0.1005367 0.9233263 0.152 0.1047724 0.9255654 0.1549999 0.1027758 0.9227175 0.152 0.1018328 0.9238356 0.153498 0.1008358 0.9230239 0.1534346 0.1020812 0.9236254 0.153498 0.1045057 0.9226285 0.152 0.1033875 0.9229612 0.1534346 0.1031758 0.9245684 0.1545991 0.1016577 0.9244473 0.1545991 0.1037728 0.9235398 0.1542099 0.1026598 0.8620001 -0.152 0.14 0.8620001 -0.155 0.137 0.865 -0.152 0.137 0.8620001 -0.153498 0.1395992 0.863498 -0.152 0.1395992 0.8634347 -0.1534346 0.1392099 0.863498 -0.1545991 0.137 0.8620001 -0.1545991 0.138498 0.8634347 -0.1542099 0.1384347 0.8645992 -0.152 0.138498 0.8645992 -0.153498 0.137 0.86421 -0.1534346 0.1384347 0.8620001 -0.155 0.127 0.8620001 -0.152 0.124 0.865 -0.152 0.127 0.8620001 -0.1545991 0.1255019 0.863498 -0.1545991 0.127 0.8634347 -0.1542099 0.1255654 0.863498 -0.152 0.1244008 0.8620001 -0.153498 0.1244008 0.8634347 -0.1534346 0.1247901 0.8645992 -0.153498 0.127 0.8645992 -0.152 0.1255019 0.86421 -0.1534346 0.1255654 0.8620001 0.152 0.14 0.865 0.152 0.137 0.8620001 0.1549999 0.137 0.863498 0.152 0.1395992 0.8620001 0.153498 0.1395992 0.8634347 0.1534346 0.1392099 0.8645992 0.153498 0.137 0.8645992 0.152 0.138498 0.8642099 0.1534346 0.1384347 0.8620001 0.1545991 0.138498 0.863498 0.1545991 0.137 0.8634347 0.1542099 0.1384347 0.8620001 0.152 0.124 0.8620001 0.1549999 0.127 0.865 0.152 0.127 0.8620001 0.153498 0.1244008 0.863498 0.152 0.1244008 0.8634347 0.1534346 0.1247901 0.863498 0.1545991 0.127 0.8620001 0.1545991 0.1255019 0.8634347 0.1542099 0.1255654 0.8645992 0.152 0.1255019 0.8645992 0.153498 0.127 0.86421 0.1534346 0.1255654 0.838 -0.152 0.14 0.835 -0.152 0.137 0.838 -0.155 0.137 0.836502 -0.152 0.1395992 0.838 -0.153498 0.1395992 0.8365654 -0.1534346 0.1392099 0.8354008 -0.153498 0.137 0.8354008 -0.152 0.138498 0.8357902 -0.1534346 0.1384346 0.838 -0.1545991 0.138498 0.836502 -0.1545991 0.137 0.8365654 -0.1542099 0.1384346 0.838 -0.152 0.124 0.838 -0.155 0.127 0.835 -0.152 0.127 0.838 -0.153498 0.1244008 0.836502 -0.152 0.1244008 0.8365654 -0.1534346 0.1247901 0.836502 -0.1545991 0.127 0.838 -0.1545991 0.1255019 0.8365654 -0.1542099 0.1255654 0.8354008 -0.152 0.1255019 0.8354008 -0.153498 0.127 0.8357901 -0.1534346 0.1255654 0.838 0.152 0.14 0.838 0.1549999 0.137 0.835 0.152 0.137 0.838 0.153498 0.1395992 0.836502 0.152 0.1395992 0.8365654 0.1534346 0.1392099 0.836502 0.1545991 0.137 0.838 0.1545991 0.138498 0.8365654 0.1542099 0.1384346 0.8354008 0.152 0.138498 0.8354008 0.153498 0.137 0.8357901 0.1534346 0.1384346 0.838 0.152 0.124 0.835 0.152 0.127 0.838 0.1549999 0.127 0.836502 0.152 0.1244008 0.838 0.153498 0.1244008 0.8365654 0.1534346 0.1247901 0.8354008 0.153498 0.127 0.8354008 0.152 0.1255019 0.8357902 0.1534346 0.1255654 0.838 0.1545991 0.1255019 0.836502 0.1545991 0.127 0.8365654 0.1542099 0.1255654 0.7658777 -0.152 0.14 0.7658777 -0.155 0.137 0.7688777 -0.152 0.137 0.7658777 -0.153498 0.1395992 0.7673757 -0.152 0.1395992 0.7673124 -0.1534346 0.1392099 0.7673757 -0.1545991 0.137 0.7658777 -0.1545991 0.138498 0.7673124 -0.1542099 0.1384347 0.7684769 -0.152 0.138498 0.7684769 -0.153498 0.137 0.7680876 -0.1534346 0.1384347 0.7658777 -0.155 0.127 0.7658777 -0.152 0.124 0.7688777 -0.152 0.127 0.7658777 -0.1545991 0.1255019 0.7673757 -0.1545991 0.127 0.7673124 -0.1542099 0.1255654 0.7673757 -0.152 0.1244008 0.7658777 -0.153498 0.1244008 0.7673124 -0.1534346 0.1247901 0.7684769 -0.153498 0.127 0.7684769 -0.152 0.1255019 0.7680876 -0.1534346 0.1255654 0.7658777 0.152 0.14 0.7688777 0.152 0.137 0.7658777 0.1549999 0.137 0.7673757 0.152 0.1395992 0.7658777 0.153498 0.1395992 0.7673124 0.1534346 0.1392099 0.7684769 0.153498 0.137 0.7684769 0.152 0.138498 0.7680876 0.1534346 0.1384347 0.7658777 0.1545991 0.138498 0.7673757 0.1545991 0.137 0.7673124 0.1542099 0.1384347 0.7658777 0.152 0.124 0.7658777 0.1549999 0.127 0.7688777 0.152 0.127 0.7658777 0.153498 0.1244008 0.7673757 0.152 0.1244008 0.7673124 0.1534346 0.1247901 0.7673757 0.1545991 0.127 0.7658777 0.1545991 0.1255019 0.7673124 0.1542099 0.1255654 0.7684769 0.152 0.1255019 0.7684769 0.153498 0.127 0.7680876 0.1534346 0.1255654 0.7418777 -0.152 0.14 0.7388777 -0.152 0.137 0.7418777 -0.155 0.137 0.7403797 -0.152 0.1395992 0.7418777 -0.153498 0.1395992 0.7404431 -0.1534346 0.1392099 0.7392785 -0.153498 0.137 0.7392785 -0.152 0.138498 0.7396678 -0.1534346 0.1384346 0.7418777 -0.1545991 0.138498 0.7403797 -0.1545991 0.137 0.7404431 -0.1542099 0.1384346 0.7418777 -0.152 0.124 0.7418777 -0.155 0.127 0.7388777 -0.152 0.127 0.7418777 -0.153498 0.1244008 0.7403797 -0.152 0.1244008 0.7404431 -0.1534346 0.1247901 0.7403797 -0.1545991 0.127 0.7418777 -0.1545991 0.1255019 0.7404431 -0.1542099 0.1255654 0.7392785 -0.152 0.1255019 0.7392785 -0.153498 0.127 0.7396678 -0.1534346 0.1255654 0.7418777 0.152 0.14 0.7418777 0.1549999 0.137 0.7388777 0.152 0.137 0.7418777 0.153498 0.1395992 0.7403797 0.152 0.1395992 0.7404431 0.1534346 0.1392099 0.7403797 0.1545991 0.137 0.7418777 0.1545991 0.138498 0.7404431 0.1542099 0.1384346 0.7392785 0.152 0.138498 0.7392785 0.153498 0.137 0.7396678 0.1534346 0.1384346 0.7418777 0.152 0.124 0.7388777 0.152 0.127 0.7418777 0.1549999 0.127 0.7403797 0.152 0.1244008 0.7418777 0.153498 0.1244008 0.7404431 0.1534346 0.1247901 0.7392785 0.153498 0.127 0.7392785 0.152 0.1255019 0.7396678 0.1534346 0.1255654 0.7418777 0.1545991 0.1255019 0.7403797 0.1545991 0.127 0.7404431 0.1542099 0.1255654 0.6697555 -0.152 0.14 0.6697555 -0.155 0.137 0.6727554 -0.152 0.137 0.6697555 -0.153498 0.1395992 0.6712535 -0.152 0.1395992 0.6711901 -0.1534346 0.1392099 0.6712535 -0.1545991 0.137 0.6697555 -0.1545991 0.138498 0.6711901 -0.1542099 0.1384347 0.6723546 -0.152 0.138498 0.6723546 -0.153498 0.137 0.6719654 -0.1534346 0.1384347 0.6697555 -0.155 0.127 0.6697555 -0.152 0.124 0.6727554 -0.152 0.127 0.6697555 -0.1545991 0.1255019 0.6712535 -0.1545991 0.127 0.6711901 -0.1542099 0.1255654 0.6712535 -0.152 0.1244008 0.6697555 -0.153498 0.1244008 0.6711901 -0.1534346 0.1247901 0.6723546 -0.153498 0.127 0.6723546 -0.152 0.1255019 0.6719654 -0.1534346 0.1255654 0.6697555 0.152 0.14 0.6727554 0.152 0.137 0.6697555 0.1549999 0.137 0.6712535 0.152 0.1395992 0.6697555 0.153498 0.1395992 0.6711901 0.1534346 0.1392099 0.6723546 0.153498 0.137 0.6723546 0.152 0.138498 0.6719653 0.1534346 0.1384347 0.6697555 0.1545991 0.138498 0.6712535 0.1545991 0.137 0.6711901 0.1542099 0.1384347 0.6697555 0.152 0.124 0.6697555 0.1549999 0.127 0.6727554 0.152 0.127 0.6697555 0.153498 0.1244008 0.6712535 0.152 0.1244008 0.6711901 0.1534346 0.1247901 0.6712535 0.1545991 0.127 0.6697555 0.1545991 0.1255019 0.6711901 0.1542099 0.1255654 0.6723546 0.152 0.1255019 0.6723546 0.153498 0.127 0.6719654 0.1534346 0.1255654 0.6457554 -0.152 0.14 0.6427555 -0.152 0.137 0.6457554 -0.155 0.137 0.6442574 -0.152 0.1395992 0.6457554 -0.153498 0.1395992 0.6443208 -0.1534346 0.1392099 0.6431562 -0.153498 0.137 0.6431562 -0.152 0.138498 0.6435456 -0.1534346 0.1384346 0.6457554 -0.1545991 0.138498 0.6442574 -0.1545991 0.137 0.6443208 -0.1542099 0.1384346 0.6457554 -0.152 0.124 0.6457554 -0.155 0.127 0.6427555 -0.152 0.127 0.6457554 -0.153498 0.1244008 0.6442574 -0.152 0.1244008 0.6443208 -0.1534346 0.1247901 0.6442574 -0.1545991 0.127 0.6457554 -0.1545991 0.1255019 0.6443208 -0.1542099 0.1255654 0.6431562 -0.152 0.1255019 0.6431562 -0.153498 0.127 0.6435455 -0.1534346 0.1255654 0.6457554 0.152 0.14 0.6457554 0.1549999 0.137 0.6427555 0.152 0.137 0.6457554 0.153498 0.1395992 0.6442574 0.152 0.1395992 0.6443208 0.1534346 0.1392099 0.6442574 0.1545991 0.137 0.6457554 0.1545991 0.138498 0.6443208 0.1542099 0.1384346 0.6431562 0.152 0.138498 0.6431562 0.153498 0.137 0.6435455 0.1534346 0.1384346 0.6457554 0.152 0.124 0.6427555 0.152 0.127 0.6457554 0.1549999 0.127 0.6442574 0.152 0.1244008 0.6457554 0.153498 0.1244008 0.6443208 0.1534346 0.1247901 0.6431562 0.153498 0.127 0.6431562 0.152 0.1255019 0.6435456 0.1534346 0.1255654 0.6457554 0.1545991 0.1255019 0.6442574 0.1545991 0.127 0.6443208 0.1542099 0.1255654 0.5736332 -0.152 0.14 0.5736332 -0.155 0.137 0.5766332 -0.152 0.137 0.5736332 -0.153498 0.1395992 0.5751312 -0.152 0.1395992 0.5750678 -0.1534346 0.1392099 0.5751312 -0.1545991 0.137 0.5736332 -0.1545991 0.138498 0.5750678 -0.1542099 0.1384347 0.5762324 -0.152 0.138498 0.5762324 -0.153498 0.137 0.5758431 -0.1534346 0.1384347 0.5736332 -0.155 0.127 0.5736332 -0.152 0.124 0.5766332 -0.152 0.127 0.5736332 -0.1545991 0.1255019 0.5751312 -0.1545991 0.127 0.5750678 -0.1542099 0.1255654 0.5751312 -0.152 0.1244008 0.5736332 -0.153498 0.1244008 0.5750678 -0.1534346 0.1247901 0.5762324 -0.153498 0.127 0.5762324 -0.152 0.1255019 0.5758431 -0.1534346 0.1255654 0.5736332 0.152 0.14 0.5766332 0.152 0.137 0.5736332 0.1549999 0.137 0.5751312 0.152 0.1395992 0.5736332 0.153498 0.1395992 0.5750678 0.1534346 0.1392099 0.5762324 0.153498 0.137 0.5762324 0.152 0.138498 0.575843 0.1534346 0.1384347 0.5736332 0.1545991 0.138498 0.5751312 0.1545991 0.137 0.5750678 0.1542099 0.1384347 0.5736332 0.152 0.124 0.5736332 0.1549999 0.127 0.5766332 0.152 0.127 0.5736332 0.153498 0.1244008 0.5751312 0.152 0.1244008 0.5750678 0.1534346 0.1247901 0.5751312 0.1545991 0.127 0.5736332 0.1545991 0.1255019 0.5750678 0.1542099 0.1255654 0.5762324 0.152 0.1255019 0.5762324 0.153498 0.127 0.5758431 0.1534346 0.1255654 0.5496332 -0.152 0.14 0.5466332 -0.152 0.137 0.5496332 -0.155 0.137 0.5481352 -0.152 0.1395992 0.5496332 -0.153498 0.1395992 0.5481985 -0.1534346 0.1392099 0.547034 -0.153498 0.137 0.547034 -0.152 0.138498 0.5474233 -0.1534346 0.1384346 0.5496332 -0.1545991 0.138498 0.5481352 -0.1545991 0.137 0.5481985 -0.1542099 0.1384346 0.5496332 -0.152 0.124 0.5496332 -0.155 0.127 0.5466332 -0.152 0.127 0.5496332 -0.153498 0.1244008 0.5481352 -0.152 0.1244008 0.5481985 -0.1534346 0.1247901 0.5481352 -0.1545991 0.127 0.5496332 -0.1545991 0.1255019 0.5481985 -0.1542099 0.1255654 0.547034 -0.152 0.1255019 0.547034 -0.153498 0.127 0.5474233 -0.1534346 0.1255654 0.5496332 0.152 0.14 0.5496332 0.1549999 0.137 0.5466332 0.152 0.137 0.5496332 0.153498 0.1395992 0.5481352 0.152 0.1395992 0.5481985 0.1534346 0.1392099 0.5481352 0.1545991 0.137 0.5496332 0.1545991 0.138498 0.5481985 0.1542099 0.1384346 0.547034 0.152 0.138498 0.547034 0.153498 0.137 0.5474233 0.1534346 0.1384346 0.5496332 0.152 0.124 0.5466332 0.152 0.127 0.5496332 0.1549999 0.127 0.5481352 0.152 0.1244008 0.5496332 0.153498 0.1244008 0.5481985 0.1534346 0.1247901 0.547034 0.153498 0.127 0.547034 0.152 0.1255019 0.5474233 0.1534346 0.1255654 0.5496332 0.1545991 0.1255019 0.5481352 0.1545991 0.127 0.5481985 0.1542099 0.1255654 0.4775109 -0.152 0.14 0.4775109 -0.155 0.137 0.4805108 -0.152 0.137 0.4775109 -0.153498 0.1395992 0.4790089 -0.152 0.1395992 0.4789455 -0.1534346 0.1392099 0.4790089 -0.1545991 0.137 0.4775109 -0.1545991 0.138498 0.4789455 -0.1542099 0.1384347 0.4801101 -0.152 0.138498 0.4801101 -0.153498 0.137 0.4797208 -0.1534346 0.1384347 0.4775109 -0.155 0.127 0.4775109 -0.152 0.124 0.4805108 -0.152 0.127 0.4775109 -0.1545991 0.1255019 0.4790089 -0.1545991 0.127 0.4789455 -0.1542099 0.1255654 0.4790089 -0.152 0.1244008 0.4775109 -0.153498 0.1244008 0.4789455 -0.1534346 0.1247901 0.4801101 -0.153498 0.127 0.4801101 -0.152 0.1255019 0.4797208 -0.1534346 0.1255654 0.4775109 0.152 0.14 0.4805108 0.152 0.137 0.4775109 0.1549999 0.137 0.4790089 0.152 0.1395992 0.4775109 0.153498 0.1395992 0.4789455 0.1534346 0.1392099 0.4801101 0.153498 0.137 0.4801101 0.152 0.138498 0.4797208 0.1534346 0.1384347 0.4775109 0.1545991 0.138498 0.4790089 0.1545991 0.137 0.4789455 0.1542099 0.1384347 0.4775109 0.152 0.124 0.4775109 0.1549999 0.127 0.4805108 0.152 0.127 0.4775109 0.153498 0.1244008 0.4790089 0.152 0.1244008 0.4789455 0.1534346 0.1247901 0.4790089 0.1545991 0.127 0.4775109 0.1545991 0.1255019 0.4789455 0.1542099 0.1255654 0.4801101 0.152 0.1255019 0.4801101 0.153498 0.127 0.4797208 0.1534346 0.1255654 0.4535109 -0.152 0.14 0.4505109 -0.152 0.137 0.4535109 -0.155 0.137 0.4520128 -0.152 0.1395992 0.4535109 -0.153498 0.1395992 0.4520763 -0.1534346 0.1392099 0.4509117 -0.153498 0.137 0.4509117 -0.152 0.138498 0.451301 -0.1534346 0.1384346 0.4535109 -0.1545991 0.138498 0.4520128 -0.1545991 0.137 0.4520763 -0.1542099 0.1384346 0.4535109 -0.152 0.124 0.4535109 -0.155 0.127 0.4505109 -0.152 0.127 0.4535109 -0.153498 0.1244008 0.4520128 -0.152 0.1244008 0.4520762 -0.1534346 0.1247901 0.4520128 -0.1545991 0.127 0.4535109 -0.1545991 0.1255019 0.4520762 -0.1542099 0.1255654 0.4509117 -0.152 0.1255019 0.4509117 -0.153498 0.127 0.451301 -0.1534346 0.1255654 0.4535109 0.152 0.14 0.4535109 0.1549999 0.137 0.4505109 0.152 0.137 0.4535109 0.153498 0.1395992 0.4520128 0.152 0.1395992 0.4520762 0.1534346 0.1392099 0.4520128 0.1545991 0.137 0.4535109 0.1545991 0.138498 0.4520762 0.1542099 0.1384346 0.4509117 0.152 0.138498 0.4509117 0.153498 0.137 0.451301 0.1534346 0.1384346 0.4535109 0.152 0.124 0.4505109 0.152 0.127 0.4535109 0.1549999 0.127 0.4520128 0.152 0.1244008 0.4535109 0.153498 0.1244008 0.4520763 0.1534346 0.1247901 0.4509117 0.153498 0.127 0.4509117 0.152 0.1255019 0.451301 0.1534346 0.1255654 0.4535109 0.1545991 0.1255019 0.4520128 0.1545991 0.127 0.4520763 0.1542099 0.1255654 0.3813886 -0.152 0.14 0.3813886 -0.155 0.137 0.3843886 -0.152 0.137 0.3813886 -0.153498 0.1395992 0.3828866 -0.152 0.1395992 0.3828232 -0.1534346 0.1392099 0.3828866 -0.1545991 0.137 0.3813886 -0.1545991 0.138498 0.3828232 -0.1542099 0.1384347 0.3839878 -0.152 0.138498 0.3839878 -0.153498 0.137 0.3835985 -0.1534346 0.1384347 0.3813886 -0.155 0.127 0.3813886 -0.152 0.124 0.3843886 -0.152 0.127 0.3813886 -0.1545991 0.1255019 0.3828866 -0.1545991 0.127 0.3828232 -0.1542099 0.1255654 0.3828866 -0.152 0.1244008 0.3813886 -0.153498 0.1244008 0.3828232 -0.1534346 0.1247901 0.3839878 -0.153498 0.127 0.3839878 -0.152 0.1255019 0.3835985 -0.1534346 0.1255654 0.3813886 0.152 0.14 0.3843886 0.152 0.137 0.3813886 0.1549999 0.137 0.3828866 0.152 0.1395992 0.3813886 0.153498 0.1395992 0.3828232 0.1534346 0.1392099 0.3839878 0.153498 0.137 0.3839878 0.152 0.138498 0.3835985 0.1534346 0.1384347 0.3813886 0.1545991 0.138498 0.3828866 0.1545991 0.137 0.3828232 0.1542099 0.1384347 0.3813886 0.152 0.124 0.3813886 0.1549999 0.127 0.3843886 0.152 0.127 0.3813886 0.153498 0.1244008 0.3828866 0.152 0.1244008 0.3828232 0.1534346 0.1247901 0.3828866 0.1545991 0.127 0.3813886 0.1545991 0.1255019 0.3828232 0.1542099 0.1255654 0.3839878 0.152 0.1255019 0.3839878 0.153498 0.127 0.3835985 0.1534346 0.1255654 0.3573886 -0.152 0.14 0.3543886 -0.152 0.137 0.3573886 -0.155 0.137 0.3558905 -0.152 0.1395992 0.3573886 -0.153498 0.1395992 0.3559539 -0.1534346 0.1392099 0.3547894 -0.153498 0.137 0.3547894 -0.152 0.138498 0.3551787 -0.1534346 0.1384346 0.3573886 -0.1545991 0.138498 0.3558905 -0.1545991 0.137 0.3559539 -0.1542099 0.1384346 0.3573886 -0.152 0.124 0.3573886 -0.155 0.127 0.3543886 -0.152 0.127 0.3573886 -0.153498 0.1244008 0.3558905 -0.152 0.1244008 0.3559539 -0.1534346 0.1247901 0.3558905 -0.1545991 0.127 0.3573886 -0.1545991 0.1255019 0.3559539 -0.1542099 0.1255654 0.3547894 -0.152 0.1255019 0.3547894 -0.153498 0.127 0.3551787 -0.1534346 0.1255654 0.3573886 0.152 0.14 0.3573886 0.1549999 0.137 0.3543886 0.152 0.137 0.3573886 0.153498 0.1395992 0.3558905 0.152 0.1395992 0.3559539 0.1534346 0.1392099 0.3558905 0.1545991 0.137 0.3573886 0.1545991 0.138498 0.3559539 0.1542099 0.1384346 0.3547894 0.152 0.138498 0.3547894 0.153498 0.137 0.3551787 0.1534346 0.1384346 0.3573886 0.152 0.124 0.3543886 0.152 0.127 0.3573886 0.1549999 0.127 0.3558905 0.152 0.1244008 0.3573886 0.153498 0.1244008 0.3559539 0.1534346 0.1247901 0.3547894 0.153498 0.127 0.3547894 0.152 0.1255019 0.3551787 0.1534346 0.1255654 0.3573886 0.1545991 0.1255019 0.3558905 0.1545991 0.127 0.3559539 0.1542099 0.1255654 0.2852663 -0.152 0.14 0.2852663 -0.155 0.137 0.2882663 -0.152 0.137 0.2852663 -0.153498 0.1395992 0.2867643 -0.152 0.1395992 0.286701 -0.1534346 0.1392099 0.2867643 -0.1545991 0.137 0.2852663 -0.1545991 0.138498 0.286701 -0.1542099 0.1384347 0.2878655 -0.152 0.138498 0.2878655 -0.153498 0.137 0.2874762 -0.1534346 0.1384347 0.2852663 -0.155 0.127 0.2852663 -0.152 0.124 0.2882663 -0.152 0.127 0.2852663 -0.1545991 0.1255019 0.2867643 -0.1545991 0.127 0.286701 -0.1542099 0.1255654 0.2867643 -0.152 0.1244008 0.2852663 -0.153498 0.1244008 0.286701 -0.1534346 0.1247901 0.2878655 -0.153498 0.127 0.2878655 -0.152 0.1255019 0.2874762 -0.1534346 0.1255654 0.2852663 0.152 0.14 0.2882663 0.152 0.137 0.2852663 0.1549999 0.137 0.2867643 0.152 0.1395992 0.2852663 0.153498 0.1395992 0.2867009 0.1534346 0.1392099 0.2878655 0.153498 0.137 0.2878655 0.152 0.138498 0.2874762 0.1534346 0.1384347 0.2852663 0.1545991 0.138498 0.2867643 0.1545991 0.137 0.2867009 0.1542099 0.1384347 0.2852663 0.152 0.124 0.2852663 0.1549999 0.127 0.2882663 0.152 0.127 0.2852663 0.153498 0.1244008 0.2867643 0.152 0.1244008 0.286701 0.1534346 0.1247901 0.2867643 0.1545991 0.127 0.2852663 0.1545991 0.1255019 0.286701 0.1542099 0.1255654 0.2878655 0.152 0.1255019 0.2878655 0.153498 0.127 0.2874762 0.1534346 0.1255654 0.2612663 -0.152 0.14 0.2582663 -0.152 0.137 0.2612663 -0.155 0.137 0.2597683 -0.152 0.1395992 0.2612663 -0.153498 0.1395992 0.2598317 -0.1534346 0.1392099 0.2586671 -0.153498 0.137 0.2586671 -0.152 0.138498 0.2590564 -0.1534346 0.1384346 0.2612663 -0.1545991 0.138498 0.2597683 -0.1545991 0.137 0.2598317 -0.1542099 0.1384346 0.2612663 -0.152 0.124 0.2612663 -0.155 0.127 0.2582663 -0.152 0.127 0.2612663 -0.153498 0.1244008 0.2597683 -0.152 0.1244008 0.2598317 -0.1534346 0.1247901 0.2597683 -0.1545991 0.127 0.2612663 -0.1545991 0.1255019 0.2598317 -0.1542099 0.1255654 0.2586671 -0.152 0.1255019 0.2586671 -0.153498 0.127 0.2590564 -0.1534346 0.1255654 0.2612663 0.152 0.14 0.2612663 0.1549999 0.137 0.2582663 0.152 0.137 0.2612663 0.153498 0.1395992 0.2597683 0.152 0.1395992 0.2598317 0.1534346 0.1392099 0.2597683 0.1545991 0.137 0.2612663 0.1545991 0.138498 0.2598317 0.1542099 0.1384346 0.2586671 0.152 0.138498 0.2586671 0.153498 0.137 0.2590564 0.1534346 0.1384346 0.2612663 0.152 0.124 0.2582663 0.152 0.127 0.2612663 0.1549999 0.127 0.2597683 0.152 0.1244008 0.2612663 0.153498 0.1244008 0.2598317 0.1534346 0.1247901 0.2586671 0.153498 0.127 0.2586671 0.152 0.1255019 0.2590564 0.1534346 0.1255654 0.2612663 0.1545991 0.1255019 0.2597683 0.1545991 0.127 0.2598317 0.1542099 0.1255654 0.189144 -0.152 0.14 0.189144 -0.155 0.137 0.192144 -0.152 0.137 0.189144 -0.153498 0.1395992 0.190642 -0.152 0.1395992 0.1905786 -0.1534346 0.1392099 0.190642 -0.1545991 0.137 0.189144 -0.1545991 0.138498 0.1905786 -0.1542099 0.1384347 0.1917432 -0.152 0.138498 0.1917432 -0.153498 0.137 0.1913539 -0.1534346 0.1384347 0.189144 -0.155 0.127 0.189144 -0.152 0.124 0.192144 -0.152 0.127 0.189144 -0.1545991 0.1255019 0.190642 -0.1545991 0.127 0.1905786 -0.1542099 0.1255654 0.190642 -0.152 0.1244008 0.189144 -0.153498 0.1244008 0.1905786 -0.1534346 0.1247901 0.1917432 -0.153498 0.127 0.1917432 -0.152 0.1255019 0.1913539 -0.1534346 0.1255654 0.189144 0.152 0.14 0.192144 0.152 0.137 0.189144 0.1549999 0.137 0.190642 0.152 0.1395992 0.189144 0.153498 0.1395992 0.1905786 0.1534346 0.1392099 0.1917432 0.153498 0.137 0.1917432 0.152 0.138498 0.1913539 0.1534346 0.1384347 0.189144 0.1545991 0.138498 0.190642 0.1545991 0.137 0.1905786 0.1542099 0.1384347 0.189144 0.152 0.124 0.189144 0.1549999 0.127 0.192144 0.152 0.127 0.189144 0.153498 0.1244008 0.190642 0.152 0.1244008 0.1905786 0.1534346 0.1247901 0.190642 0.1545991 0.127 0.189144 0.1545991 0.1255019 0.1905786 0.1542099 0.1255654 0.1917432 0.152 0.1255019 0.1917432 0.153498 0.127 0.1913539 0.1534346 0.1255654 0.165144 -0.152 0.14 0.162144 -0.152 0.137 0.165144 -0.155 0.137 0.163646 -0.152 0.1395992 0.165144 -0.153498 0.1395992 0.1637094 -0.1534346 0.1392099 0.1625448 -0.153498 0.137 0.1625448 -0.152 0.138498 0.1629341 -0.1534346 0.1384346 0.165144 -0.1545991 0.138498 0.163646 -0.1545991 0.137 0.1637094 -0.1542099 0.1384346 0.165144 -0.152 0.124 0.165144 -0.155 0.127 0.162144 -0.152 0.127 0.165144 -0.153498 0.1244008 0.1636459 -0.152 0.1244008 0.1637094 -0.1534346 0.1247901 0.1636459 -0.1545991 0.127 0.165144 -0.1545991 0.1255019 0.1637094 -0.1542099 0.1255654 0.1625448 -0.152 0.1255019 0.1625448 -0.153498 0.127 0.1629341 -0.1534346 0.1255654 0.165144 0.152 0.14 0.165144 0.1549999 0.137 0.162144 0.152 0.137 0.165144 0.153498 0.1395992 0.1636459 0.152 0.1395992 0.1637094 0.1534346 0.1392099 0.1636459 0.1545991 0.137 0.165144 0.1545991 0.138498 0.1637094 0.1542099 0.1384346 0.1625448 0.152 0.138498 0.1625448 0.153498 0.137 0.1629341 0.1534346 0.1384346 0.165144 0.152 0.124 0.162144 0.152 0.127 0.165144 0.1549999 0.127 0.163646 0.152 0.1244008 0.165144 0.153498 0.1244008 0.1637094 0.1534346 0.1247901 0.1625448 0.153498 0.127 0.1625448 0.152 0.1255019 0.1629341 0.1534346 0.1255654 0.165144 0.1545991 0.1255019 0.163646 0.1545991 0.127 0.1637094 0.1542099 0.1255654 0.09302169 -0.152 0.14 0.09302169 -0.155 0.137 0.09602171 -0.152 0.137 0.09302169 -0.153498 0.1395992 0.09451973 -0.152 0.1395992 0.09445637 -0.1534346 0.1392099 0.09451973 -0.1545991 0.137 0.09302169 -0.1545991 0.138498 0.09445637 -0.1542099 0.1384347 0.09562093 -0.152 0.138498 0.09562093 -0.153498 0.137 0.09523159 -0.1534346 0.1384347 0.09302169 -0.155 0.127 0.09302169 -0.152 0.124 0.09602171 -0.152 0.127 0.09302169 -0.1545991 0.1255019 0.09451973 -0.1545991 0.127 0.09445637 -0.1542099 0.1255654 0.09451973 -0.152 0.1244008 0.09302169 -0.153498 0.1244008 0.09445637 -0.1534346 0.1247901 0.09562093 -0.153498 0.127 0.09562093 -0.152 0.1255019 0.09523159 -0.1534346 0.1255654 0.09302169 0.152 0.14 0.09602171 0.152 0.137 0.09302169 0.1549999 0.137 0.09451973 0.152 0.1395992 0.09302169 0.153498 0.1395992 0.09445637 0.1534346 0.1392099 0.09562093 0.153498 0.137 0.09562093 0.152 0.138498 0.09523159 0.1534346 0.1384347 0.09302169 0.1545991 0.138498 0.09451973 0.1545991 0.137 0.09445637 0.1542099 0.1384347 0.09302169 0.152 0.124 0.09302169 0.1549999 0.127 0.09602171 0.152 0.127 0.09302169 0.153498 0.1244008 0.09451973 0.152 0.1244008 0.09445637 0.1534346 0.1247901 0.09451973 0.1545991 0.127 0.09302169 0.1545991 0.1255019 0.09445637 0.1542099 0.1255654 0.09562093 0.152 0.1255019 0.09562093 0.153498 0.127 0.09523159 0.1534346 0.1255654 0.0690217 -0.152 0.14 0.06602174 -0.152 0.137 0.0690217 -0.155 0.137 0.06752365 -0.152 0.1395992 0.0690217 -0.153498 0.1395992 0.06758707 -0.1534346 0.1392099 0.06642252 -0.153498 0.137 0.06642252 -0.152 0.138498 0.0668118 -0.1534346 0.1384346 0.0690217 -0.1545991 0.138498 0.06752365 -0.1545991 0.137 0.06758707 -0.1542099 0.1384346 0.0690217 -0.152 0.124 0.0690217 -0.155 0.127 0.06602174 -0.152 0.127 0.0690217 -0.153498 0.1244008 0.06752365 -0.152 0.1244008 0.06758707 -0.1534346 0.1247901 0.06752365 -0.1545991 0.127 0.0690217 -0.1545991 0.1255019 0.06758707 -0.1542099 0.1255654 0.06642252 -0.152 0.1255019 0.06642252 -0.153498 0.127 0.0668118 -0.1534346 0.1255654 0.0690217 0.152 0.14 0.0690217 0.1549999 0.137 0.06602174 0.152 0.137 0.0690217 0.153498 0.1395992 0.06752365 0.152 0.1395992 0.06758707 0.1534346 0.1392099 0.06752365 0.1545991 0.137 0.0690217 0.1545991 0.138498 0.06758707 0.1542099 0.1384346 0.06642252 0.152 0.138498 0.06642252 0.153498 0.137 0.0668118 0.1534346 0.1384346 0.0690217 0.152 0.124 0.06602174 0.152 0.127 0.0690217 0.1549999 0.127 0.06752365 0.152 0.1244008 0.0690217 0.153498 0.1244008 0.06758707 0.1534346 0.1247901 0.06642252 0.153498 0.127 0.06642252 0.152 0.1255019 0.0668118 0.1534346 0.1255654 0.0690217 0.1545991 0.1255019 0.06752365 0.1545991 0.127 0.06758707 0.1542099 0.1255654 -0.003100514 -0.152 0.14 -0.003100514 -0.155 0.137 -1.0055e-4 -0.152 0.137 -0.003100514 -0.153498 0.1395992 -0.00160247 -0.152 0.1395992 -0.00166589 -0.1534346 0.1392099 -0.00160247 -0.1545991 0.137 -0.003100514 -0.1545991 0.138498 -0.00166589 -0.1542099 0.1384347 -5.01338e-4 -0.152 0.138498 -5.01338e-4 -0.153498 0.137 -8.90652e-4 -0.1534346 0.1384347 -0.003100514 -0.155 0.127 -0.003100514 -0.152 0.124 -1.00549e-4 -0.152 0.127 -0.003100514 -0.1545991 0.1255019 -0.00160247 -0.1545991 0.127 -0.00166589 -0.1542099 0.1255654 -0.00160247 -0.152 0.1244008 -0.003100514 -0.153498 0.1244008 -0.00166589 -0.1534346 0.1247901 -5.01337e-4 -0.153498 0.127 -5.01337e-4 -0.152 0.1255019 -8.90651e-4 -0.1534346 0.1255654 -0.003100514 0.152 0.14 -1.0055e-4 0.152 0.137 -0.003100514 0.1549999 0.137 -0.00160247 0.152 0.1395992 -0.003100514 0.153498 0.1395992 -0.00166589 0.1534346 0.1392099 -5.0134e-4 0.153498 0.137 -5.0134e-4 0.152 0.138498 -8.90654e-4 0.1534346 0.1384347 -0.003100514 0.1545991 0.138498 -0.00160247 0.1545991 0.137 -0.00166589 0.1542099 0.1384347 -0.003100514 0.152 0.124 -0.003100514 0.1549999 0.127 -1.00549e-4 0.152 0.127 -0.003100514 0.153498 0.1244008 -0.00160247 0.152 0.1244008 -0.00166589 0.1534346 0.1247901 -0.00160247 0.1545991 0.127 -0.003100514 0.1545991 0.1255019 -0.00166589 0.1542099 0.1255654 -5.01337e-4 0.152 0.1255019 -5.01337e-4 0.153498 0.127 -8.90651e-4 0.1534346 0.1255654 -0.0271005 -0.152 0.14 -0.03010052 -0.152 0.137 -0.0271005 -0.155 0.137 -0.02859854 -0.152 0.1395992 -0.0271005 -0.153498 0.1395992 -0.02853518 -0.1534346 0.1392099 -0.02969974 -0.153498 0.137 -0.02969974 -0.152 0.138498 -0.0293104 -0.1534346 0.1384346 -0.0271005 -0.1545991 0.138498 -0.02859854 -0.1545991 0.137 -0.02853518 -0.1542099 0.1384346 -0.0271005 -0.152 0.124 -0.0271005 -0.155 0.127 -0.03010052 -0.152 0.127 -0.0271005 -0.153498 0.1244008 -0.02859854 -0.152 0.1244008 -0.02853518 -0.1534346 0.1247901 -0.02859854 -0.1545991 0.127 -0.0271005 -0.1545991 0.1255019 -0.02853518 -0.1542099 0.1255654 -0.02969974 -0.152 0.1255019 -0.02969974 -0.153498 0.127 -0.0293104 -0.1534346 0.1255654 -0.0271005 0.152 0.14 -0.0271005 0.1549999 0.137 -0.03010052 0.152 0.137 -0.0271005 0.153498 0.1395992 -0.02859854 0.152 0.1395992 -0.02853518 0.1534346 0.1392099 -0.02859854 0.1545991 0.137 -0.0271005 0.1545991 0.138498 -0.02853518 0.1542099 0.1384346 -0.02969974 0.152 0.138498 -0.02969974 0.153498 0.137 -0.0293104 0.1534346 0.1384346 -0.0271005 0.152 0.124 -0.03010052 0.152 0.127 -0.0271005 0.1549999 0.127 -0.02859854 0.152 0.1244008 -0.0271005 0.153498 0.1244008 -0.02853518 0.1534346 0.1247901 -0.02969974 0.153498 0.127 -0.02969974 0.152 0.1255019 -0.0293104 0.1534346 0.1255654 -0.0271005 0.1545991 0.1255019 -0.02859854 0.1545991 0.127 -0.02853518 0.1542099 0.1255654 -0.09922283 -0.152 0.14 -0.09922283 -0.155 0.137 -0.09622281 -0.152 0.137 -0.09922283 -0.153498 0.1395992 -0.09772479 -0.152 0.1395992 -0.09778815 -0.1534346 0.1392099 -0.09772479 -0.1545991 0.137 -0.09922283 -0.1545991 0.138498 -0.09778815 -0.1542099 0.1384347 -0.09662359 -0.152 0.138498 -0.09662359 -0.153498 0.137 -0.09701293 -0.1534346 0.1384347 -0.09922283 -0.155 0.127 -0.09922283 -0.152 0.124 -0.09622281 -0.152 0.127 -0.09922283 -0.1545991 0.1255019 -0.09772479 -0.1545991 0.127 -0.09778815 -0.1542099 0.1255654 -0.09772479 -0.152 0.1244008 -0.09922283 -0.153498 0.1244008 -0.09778815 -0.1534346 0.1247901 -0.09662359 -0.153498 0.127 -0.09662359 -0.152 0.1255019 -0.09701293 -0.1534346 0.1255654 -0.09922283 0.152 0.14 -0.09622281 0.152 0.137 -0.09922283 0.1549999 0.137 -0.09772479 0.152 0.1395992 -0.09922283 0.153498 0.1395992 -0.09778815 0.1534346 0.1392099 -0.09662359 0.153498 0.137 -0.09662359 0.152 0.138498 -0.09701293 0.1534346 0.1384347 -0.09922283 0.1545991 0.138498 -0.09772479 0.1545991 0.137 -0.09778815 0.1542099 0.1384347 -0.09922283 0.152 0.124 -0.09922283 0.1549999 0.127 -0.09622281 0.152 0.127 -0.09922283 0.153498 0.1244008 -0.09772479 0.152 0.1244008 -0.09778815 0.1534346 0.1247901 -0.09772479 0.1545991 0.127 -0.09922283 0.1545991 0.1255019 -0.09778815 0.1542099 0.1255654 -0.09662359 0.152 0.1255019 -0.09662359 0.153498 0.127 -0.09701293 0.1534346 0.1255654 -0.1232228 -0.152 0.14 -0.1262228 -0.152 0.137 -0.1232228 -0.155 0.137 -0.1247208 -0.152 0.1395992 -0.1232228 -0.153498 0.1395992 -0.1246575 -0.1534346 0.1392099 -0.125822 -0.153498 0.137 -0.125822 -0.152 0.138498 -0.1254327 -0.1534346 0.1384346 -0.1232228 -0.1545991 0.138498 -0.1247208 -0.1545991 0.137 -0.1246575 -0.1542099 0.1384346 -0.1232228 -0.152 0.124 -0.1232228 -0.155 0.127 -0.1262228 -0.152 0.127 -0.1232228 -0.153498 0.1244008 -0.1247208 -0.152 0.1244008 -0.1246575 -0.1534346 0.1247901 -0.1247208 -0.1545991 0.127 -0.1232228 -0.1545991 0.1255019 -0.1246575 -0.1542099 0.1255654 -0.125822 -0.152 0.1255019 -0.125822 -0.153498 0.127 -0.1254327 -0.1534346 0.1255654 -0.1232228 0.152 0.14 -0.1232228 0.1549999 0.137 -0.1262228 0.152 0.137 -0.1232228 0.153498 0.1395992 -0.1247208 0.152 0.1395992 -0.1246575 0.1534346 0.1392099 -0.1247208 0.1545991 0.137 -0.1232228 0.1545991 0.138498 -0.1246575 0.1542099 0.1384346 -0.125822 0.152 0.138498 -0.125822 0.153498 0.137 -0.1254327 0.1534346 0.1384346 -0.1232228 0.152 0.124 -0.1262228 0.152 0.127 -0.1232228 0.1549999 0.127 -0.1247208 0.152 0.1244008 -0.1232228 0.153498 0.1244008 -0.1246575 0.1534346 0.1247901 -0.125822 0.153498 0.127 -0.125822 0.152 0.1255019 -0.1254327 0.1534346 0.1255654 -0.1232228 0.1545991 0.1255019 -0.1247208 0.1545991 0.127 -0.1246575 0.1542099 0.1255654 -0.1953451 -0.152 0.14 -0.1953451 -0.155 0.137 -0.1923451 -0.152 0.137 -0.1953451 -0.153498 0.1395992 -0.1938471 -0.152 0.1395992 -0.1939104 -0.1534346 0.1392099 -0.1938471 -0.1545991 0.137 -0.1953451 -0.1545991 0.138498 -0.1939104 -0.1542099 0.1384347 -0.1927459 -0.152 0.138498 -0.1927459 -0.153498 0.137 -0.1931352 -0.1534346 0.1384347 -0.1953451 -0.155 0.127 -0.1953451 -0.152 0.124 -0.1923451 -0.152 0.127 -0.1953451 -0.1545991 0.1255019 -0.1938471 -0.1545991 0.127 -0.1939104 -0.1542099 0.1255654 -0.1938471 -0.152 0.1244008 -0.1953451 -0.153498 0.1244008 -0.1939104 -0.1534346 0.1247901 -0.1927459 -0.153498 0.127 -0.1927459 -0.152 0.1255019 -0.1931352 -0.1534346 0.1255654 -0.1953451 0.152 0.14 -0.1923451 0.152 0.137 -0.1953451 0.1549999 0.137 -0.1938471 0.152 0.1395992 -0.1953451 0.153498 0.1395992 -0.1939104 0.1534346 0.1392099 -0.1927459 0.153498 0.137 -0.1927459 0.152 0.138498 -0.1931352 0.1534346 0.1384347 -0.1953451 0.1545991 0.138498 -0.1938471 0.1545991 0.137 -0.1939104 0.1542099 0.1384347 -0.1953451 0.152 0.124 -0.1953451 0.1549999 0.127 -0.1923451 0.152 0.127 -0.1953451 0.153498 0.1244008 -0.1938471 0.152 0.1244008 -0.1939104 0.1534346 0.1247901 -0.1938471 0.1545991 0.127 -0.1953451 0.1545991 0.1255019 -0.1939104 0.1542099 0.1255654 -0.1927459 0.152 0.1255019 -0.1927459 0.153498 0.127 -0.1931352 0.1534346 0.1255654 -0.2193451 -0.152 0.14 -0.2223451 -0.152 0.137 -0.2193451 -0.155 0.137 -0.2208431 -0.152 0.1395992 -0.2193451 -0.153498 0.1395992 -0.2207797 -0.1534346 0.1392099 -0.2219443 -0.153498 0.137 -0.2219443 -0.152 0.138498 -0.221555 -0.1534346 0.1384346 -0.2193451 -0.1545991 0.138498 -0.2208431 -0.1545991 0.137 -0.2207797 -0.1542099 0.1384346 -0.2193451 -0.152 0.124 -0.2193451 -0.155 0.127 -0.2223451 -0.152 0.127 -0.2193451 -0.153498 0.1244008 -0.2208431 -0.152 0.1244008 -0.2207797 -0.1534346 0.1247901 -0.2208431 -0.1545991 0.127 -0.2193451 -0.1545991 0.1255019 -0.2207797 -0.1542099 0.1255654 -0.2219443 -0.152 0.1255019 -0.2219443 -0.153498 0.127 -0.221555 -0.1534346 0.1255654 -0.2193451 0.152 0.14 -0.2193451 0.1549999 0.137 -0.2223451 0.152 0.137 -0.2193451 0.153498 0.1395992 -0.2208431 0.152 0.1395992 -0.2207797 0.1534346 0.1392099 -0.2208431 0.1545991 0.137 -0.2193451 0.1545991 0.138498 -0.2207797 0.1542099 0.1384346 -0.2219443 0.152 0.138498 -0.2219443 0.153498 0.137 -0.221555 0.1534346 0.1384346 -0.2193451 0.152 0.124 -0.2223451 0.152 0.127 -0.2193451 0.1549999 0.127 -0.2208431 0.152 0.1244008 -0.2193451 0.153498 0.1244008 -0.2207797 0.1534346 0.1247901 -0.2219443 0.153498 0.127 -0.2219443 0.152 0.1255019 -0.221555 0.1534346 0.1255654 -0.2193451 0.1545991 0.1255019 -0.2208431 0.1545991 0.127 -0.2207797 0.1542099 0.1255654 -0.2914674 -0.152 0.14 -0.2914674 -0.155 0.137 -0.2884674 -0.152 0.137 -0.2914674 -0.153498 0.1395992 -0.2899693 -0.152 0.1395992 -0.2900328 -0.1534346 0.1392099 -0.2899693 -0.1545991 0.137 -0.2914674 -0.1545991 0.138498 -0.2900328 -0.1542099 0.1384347 -0.2888682 -0.152 0.138498 -0.2888682 -0.153498 0.137 -0.2892575 -0.1534346 0.1384347 -0.2914674 -0.155 0.127 -0.2914674 -0.152 0.124 -0.2884674 -0.152 0.127 -0.2914674 -0.1545991 0.1255019 -0.2899693 -0.1545991 0.127 -0.2900328 -0.1542099 0.1255654 -0.2899693 -0.152 0.1244008 -0.2914674 -0.153498 0.1244008 -0.2900328 -0.1534346 0.1247901 -0.2888682 -0.153498 0.127 -0.2888682 -0.152 0.1255019 -0.2892575 -0.1534346 0.1255654 -0.2914674 0.152 0.14 -0.2884674 0.152 0.137 -0.2914674 0.1549999 0.137 -0.2899693 0.152 0.1395992 -0.2914674 0.153498 0.1395992 -0.2900328 0.1534346 0.1392099 -0.2888682 0.153498 0.137 -0.2888682 0.152 0.138498 -0.2892575 0.1534346 0.1384347 -0.2914674 0.1545991 0.138498 -0.2899693 0.1545991 0.137 -0.2900328 0.1542099 0.1384347 -0.2914674 0.152 0.124 -0.2914674 0.1549999 0.127 -0.2884674 0.152 0.127 -0.2914674 0.153498 0.1244008 -0.2899693 0.152 0.1244008 -0.2900328 0.1534346 0.1247901 -0.2899693 0.1545991 0.127 -0.2914674 0.1545991 0.1255019 -0.2900328 0.1542099 0.1255654 -0.2888682 0.152 0.1255019 -0.2888682 0.153498 0.127 -0.2892575 0.1534346 0.1255654 -0.3154674 -0.152 0.14 -0.3184674 -0.152 0.137 -0.3154674 -0.155 0.137 -0.3169654 -0.152 0.1395992 -0.3154674 -0.153498 0.1395992 -0.316902 -0.1534346 0.1392099 -0.3180666 -0.153498 0.137 -0.3180666 -0.152 0.138498 -0.3176773 -0.1534346 0.1384346 -0.3154674 -0.1545991 0.138498 -0.3169654 -0.1545991 0.137 -0.316902 -0.1542099 0.1384346 -0.3154674 -0.152 0.124 -0.3154674 -0.155 0.127 -0.3184674 -0.152 0.127 -0.3154674 -0.153498 0.1244008 -0.3169654 -0.152 0.1244008 -0.3169021 -0.1534346 0.1247901 -0.3169654 -0.1545991 0.127 -0.3154674 -0.1545991 0.1255019 -0.3169021 -0.1542099 0.1255654 -0.3180666 -0.152 0.1255019 -0.3180666 -0.153498 0.127 -0.3176773 -0.1534346 0.1255654 -0.3154674 0.152 0.14 -0.3154674 0.1549999 0.137 -0.3184674 0.152 0.137 -0.3154674 0.153498 0.1395992 -0.3169654 0.152 0.1395992 -0.3169021 0.1534346 0.1392099 -0.3169654 0.1545991 0.137 -0.3154674 0.1545991 0.138498 -0.3169021 0.1542099 0.1384346 -0.3180666 0.152 0.138498 -0.3180666 0.153498 0.137 -0.3176773 0.1534346 0.1384346 -0.3154674 0.152 0.124 -0.3184674 0.152 0.127 -0.3154674 0.1549999 0.127 -0.3169654 0.152 0.1244008 -0.3154674 0.153498 0.1244008 -0.316902 0.1534346 0.1247901 -0.3180666 0.153498 0.127 -0.3180666 0.152 0.1255019 -0.3176773 0.1534346 0.1255654 -0.3154674 0.1545991 0.1255019 -0.3169654 0.1545991 0.127 -0.316902 0.1542099 0.1255654 -0.3875897 -0.152 0.14 -0.3875897 -0.155 0.137 -0.3845897 -0.152 0.137 -0.3875897 -0.153498 0.1395992 -0.3860917 -0.152 0.1395992 -0.386155 -0.1534346 0.1392099 -0.3860917 -0.1545991 0.137 -0.3875897 -0.1545991 0.138498 -0.386155 -0.1542099 0.1384347 -0.3849905 -0.152 0.138498 -0.3849905 -0.153498 0.137 -0.3853798 -0.1534346 0.1384347 -0.3875897 -0.155 0.127 -0.3875897 -0.152 0.124 -0.3845897 -0.152 0.127 -0.3875897 -0.1545991 0.1255019 -0.3860917 -0.1545991 0.127 -0.386155 -0.1542099 0.1255654 -0.3860917 -0.152 0.1244008 -0.3875897 -0.153498 0.1244008 -0.386155 -0.1534346 0.1247901 -0.3849905 -0.153498 0.127 -0.3849905 -0.152 0.1255019 -0.3853798 -0.1534346 0.1255654 -0.3875897 0.152 0.14 -0.3845897 0.152 0.137 -0.3875897 0.1549999 0.137 -0.3860917 0.152 0.1395992 -0.3875897 0.153498 0.1395992 -0.3861551 0.1534346 0.1392099 -0.3849905 0.153498 0.137 -0.3849905 0.152 0.138498 -0.3853798 0.1534346 0.1384347 -0.3875897 0.1545991 0.138498 -0.3860917 0.1545991 0.137 -0.3861551 0.1542099 0.1384347 -0.3875897 0.152 0.124 -0.3875897 0.1549999 0.127 -0.3845897 0.152 0.127 -0.3875897 0.153498 0.1244008 -0.3860917 0.152 0.1244008 -0.386155 0.1534346 0.1247901 -0.3860917 0.1545991 0.127 -0.3875897 0.1545991 0.1255019 -0.386155 0.1542099 0.1255654 -0.3849905 0.152 0.1255019 -0.3849905 0.153498 0.127 -0.3853798 0.1534346 0.1255654 -0.4115897 -0.152 0.14 -0.4145897 -0.152 0.137 -0.4115897 -0.155 0.137 -0.4130877 -0.152 0.1395992 -0.4115897 -0.153498 0.1395992 -0.4130243 -0.1534346 0.1392099 -0.4141889 -0.153498 0.137 -0.4141889 -0.152 0.138498 -0.4137996 -0.1534346 0.1384346 -0.4115897 -0.1545991 0.138498 -0.4130877 -0.1545991 0.137 -0.4130243 -0.1542099 0.1384346 -0.4115897 -0.152 0.124 -0.4115897 -0.155 0.127 -0.4145897 -0.152 0.127 -0.4115897 -0.153498 0.1244008 -0.4130877 -0.152 0.1244008 -0.4130243 -0.1534346 0.1247901 -0.4130877 -0.1545991 0.127 -0.4115897 -0.1545991 0.1255019 -0.4130243 -0.1542099 0.1255654 -0.4141889 -0.152 0.1255019 -0.4141889 -0.153498 0.127 -0.4137996 -0.1534346 0.1255654 -0.4115897 0.152 0.14 -0.4115897 0.1549999 0.137 -0.4145897 0.152 0.137 -0.4115897 0.153498 0.1395992 -0.4130877 0.152 0.1395992 -0.4130243 0.1534346 0.1392099 -0.4130877 0.1545991 0.137 -0.4115897 0.1545991 0.138498 -0.4130243 0.1542099 0.1384346 -0.4141889 0.152 0.138498 -0.4141889 0.153498 0.137 -0.4137996 0.1534346 0.1384346 -0.4115897 0.152 0.124 -0.4145897 0.152 0.127 -0.4115897 0.1549999 0.127 -0.4130877 0.152 0.1244008 -0.4115897 0.153498 0.1244008 -0.4130243 0.1534346 0.1247901 -0.4141889 0.153498 0.127 -0.4141889 0.152 0.1255019 -0.4137996 0.1534346 0.1255654 -0.4115897 0.1545991 0.1255019 -0.4130877 0.1545991 0.127 -0.4130243 0.1542099 0.1255654 -0.483712 -0.152 0.14 -0.483712 -0.155 0.137 -0.4807119 -0.152 0.137 -0.483712 -0.153498 0.1395992 -0.4822139 -0.152 0.1395992 -0.4822773 -0.1534346 0.1392099 -0.4822139 -0.1545991 0.137 -0.483712 -0.1545991 0.138498 -0.4822773 -0.1542099 0.1384347 -0.4811127 -0.152 0.138498 -0.4811127 -0.153498 0.137 -0.4815021 -0.1534346 0.1384347 -0.483712 -0.155 0.127 -0.483712 -0.152 0.124 -0.4807119 -0.152 0.127 -0.483712 -0.1545991 0.1255019 -0.4822139 -0.1545991 0.127 -0.4822773 -0.1542099 0.1255654 -0.4822139 -0.152 0.1244008 -0.483712 -0.153498 0.1244008 -0.4822773 -0.1534346 0.1247901 -0.4811127 -0.153498 0.127 -0.4811127 -0.152 0.1255019 -0.4815021 -0.1534346 0.1255654 -0.483712 0.152 0.14 -0.4807119 0.152 0.137 -0.483712 0.1549999 0.137 -0.4822139 0.152 0.1395992 -0.483712 0.153498 0.1395992 -0.4822773 0.1534346 0.1392099 -0.4811127 0.153498 0.137 -0.4811127 0.152 0.138498 -0.4815021 0.1534346 0.1384347 -0.483712 0.1545991 0.138498 -0.4822139 0.1545991 0.137 -0.4822773 0.1542099 0.1384347 -0.483712 0.152 0.124 -0.483712 0.1549999 0.127 -0.4807119 0.152 0.127 -0.483712 0.153498 0.1244008 -0.4822139 0.152 0.1244008 -0.4822773 0.1534346 0.1247901 -0.4822139 0.1545991 0.127 -0.483712 0.1545991 0.1255019 -0.4822773 0.1542099 0.1255654 -0.4811127 0.152 0.1255019 -0.4811127 0.153498 0.127 -0.4815021 0.1534346 0.1255654 -0.507712 -0.152 0.14 -0.510712 -0.152 0.137 -0.507712 -0.155 0.137 -0.50921 -0.152 0.1395992 -0.507712 -0.153498 0.1395992 -0.5091466 -0.1534346 0.1392099 -0.5103112 -0.153498 0.137 -0.5103112 -0.152 0.138498 -0.5099219 -0.1534346 0.1384346 -0.507712 -0.1545991 0.138498 -0.50921 -0.1545991 0.137 -0.5091466 -0.1542099 0.1384346 -0.507712 -0.152 0.124 -0.507712 -0.155 0.127 -0.510712 -0.152 0.127 -0.507712 -0.153498 0.1244008 -0.50921 -0.152 0.1244008 -0.5091466 -0.1534346 0.1247901 -0.50921 -0.1545991 0.127 -0.507712 -0.1545991 0.1255019 -0.5091466 -0.1542099 0.1255654 -0.5103112 -0.152 0.1255019 -0.5103112 -0.153498 0.127 -0.5099219 -0.1534346 0.1255654 -0.507712 0.152 0.14 -0.507712 0.1549999 0.137 -0.510712 0.152 0.137 -0.507712 0.153498 0.1395992 -0.50921 0.152 0.1395992 -0.5091466 0.1534346 0.1392099 -0.50921 0.1545991 0.137 -0.507712 0.1545991 0.138498 -0.5091466 0.1542099 0.1384346 -0.5103112 0.152 0.138498 -0.5103112 0.153498 0.137 -0.5099219 0.1534346 0.1384346 -0.507712 0.152 0.124 -0.510712 0.152 0.127 -0.507712 0.1549999 0.127 -0.50921 0.152 0.1244008 -0.507712 0.153498 0.1244008 -0.5091466 0.1534346 0.1247901 -0.5103112 0.153498 0.127 -0.5103112 0.152 0.1255019 -0.5099219 0.1534346 0.1255654 -0.507712 0.1545991 0.1255019 -0.50921 0.1545991 0.127 -0.5091466 0.1542099 0.1255654 -0.5798342 -0.152 0.14 -0.5798342 -0.155 0.137 -0.5768343 -0.152 0.137 -0.5798342 -0.153498 0.1395992 -0.5783362 -0.152 0.1395992 -0.5783996 -0.1534346 0.1392099 -0.5783362 -0.1545991 0.137 -0.5798342 -0.1545991 0.138498 -0.5783996 -0.1542099 0.1384347 -0.5772351 -0.152 0.138498 -0.5772351 -0.153498 0.137 -0.5776243 -0.1534346 0.1384347 -0.5798342 -0.155 0.127 -0.5798342 -0.152 0.124 -0.5768343 -0.152 0.127 -0.5798342 -0.1545991 0.1255019 -0.5783362 -0.1545991 0.127 -0.5783996 -0.1542099 0.1255654 -0.5783362 -0.152 0.1244008 -0.5798342 -0.153498 0.1244008 -0.5783996 -0.1534346 0.1247901 -0.5772351 -0.153498 0.127 -0.5772351 -0.152 0.1255019 -0.5776243 -0.1534346 0.1255654 -0.5798342 0.152 0.14 -0.5768343 0.152 0.137 -0.5798342 0.1549999 0.137 -0.5783362 0.152 0.1395992 -0.5798342 0.153498 0.1395992 -0.5783996 0.1534346 0.1392099 -0.5772351 0.153498 0.137 -0.5772351 0.152 0.138498 -0.5776244 0.1534346 0.1384347 -0.5798342 0.1545991 0.138498 -0.5783362 0.1545991 0.137 -0.5783996 0.1542099 0.1384347 -0.5798342 0.152 0.124 -0.5798342 0.1549999 0.127 -0.5768343 0.152 0.127 -0.5798342 0.153498 0.1244008 -0.5783362 0.152 0.1244008 -0.5783996 0.1534346 0.1247901 -0.5783362 0.1545991 0.127 -0.5798342 0.1545991 0.1255019 -0.5783996 0.1542099 0.1255654 -0.5772351 0.152 0.1255019 -0.5772351 0.153498 0.127 -0.5776243 0.1534346 0.1255654 -0.6038343 -0.152 0.14 -0.6068342 -0.152 0.137 -0.6038343 -0.155 0.137 -0.6053323 -0.152 0.1395992 -0.6038343 -0.153498 0.1395992 -0.6052689 -0.1534346 0.1392099 -0.6064335 -0.153498 0.137 -0.6064335 -0.152 0.138498 -0.6060441 -0.1534346 0.1384346 -0.6038343 -0.1545991 0.138498 -0.6053323 -0.1545991 0.137 -0.6052689 -0.1542099 0.1384346 -0.6038343 -0.152 0.124 -0.6038343 -0.155 0.127 -0.6068342 -0.152 0.127 -0.6038343 -0.153498 0.1244008 -0.6053323 -0.152 0.1244008 -0.6052689 -0.1534346 0.1247901 -0.6053323 -0.1545991 0.127 -0.6038343 -0.1545991 0.1255019 -0.6052689 -0.1542099 0.1255654 -0.6064335 -0.152 0.1255019 -0.6064335 -0.153498 0.127 -0.6060442 -0.1534346 0.1255654 -0.6038343 0.152 0.14 -0.6038343 0.1549999 0.137 -0.6068342 0.152 0.137 -0.6038343 0.153498 0.1395992 -0.6053323 0.152 0.1395992 -0.6052689 0.1534346 0.1392099 -0.6053323 0.1545991 0.137 -0.6038343 0.1545991 0.138498 -0.6052689 0.1542099 0.1384346 -0.6064335 0.152 0.138498 -0.6064335 0.153498 0.137 -0.6060442 0.1534346 0.1384346 -0.6038343 0.152 0.124 -0.6068342 0.152 0.127 -0.6038343 0.1549999 0.127 -0.6053323 0.152 0.1244008 -0.6038343 0.153498 0.1244008 -0.6052689 0.1534346 0.1247901 -0.6064335 0.153498 0.127 -0.6064335 0.152 0.1255019 -0.6060441 0.1534346 0.1255654 -0.6038343 0.1545991 0.1255019 -0.6053323 0.1545991 0.127 -0.6052689 0.1542099 0.1255654 -0.6759565 -0.152 0.14 -0.6759565 -0.155 0.137 -0.6729565 -0.152 0.137 -0.6759565 -0.153498 0.1395992 -0.6744585 -0.152 0.1395992 -0.6745219 -0.1534346 0.1392099 -0.6744585 -0.1545991 0.137 -0.6759565 -0.1545991 0.138498 -0.6745219 -0.1542099 0.1384347 -0.6733573 -0.152 0.138498 -0.6733573 -0.153498 0.137 -0.6737466 -0.1534346 0.1384347 -0.6759565 -0.155 0.127 -0.6759565 -0.152 0.124 -0.6729565 -0.152 0.127 -0.6759565 -0.1545991 0.1255019 -0.6744585 -0.1545991 0.127 -0.6745219 -0.1542099 0.1255654 -0.6744585 -0.152 0.1244008 -0.6759565 -0.153498 0.1244008 -0.6745219 -0.1534346 0.1247901 -0.6733573 -0.153498 0.127 -0.6733573 -0.152 0.1255019 -0.6737466 -0.1534346 0.1255654 -0.6759565 0.152 0.14 -0.6729565 0.152 0.137 -0.6759565 0.1549999 0.137 -0.6744585 0.152 0.1395992 -0.6759565 0.153498 0.1395992 -0.6745219 0.1534346 0.1392099 -0.6733573 0.153498 0.137 -0.6733573 0.152 0.138498 -0.6737467 0.1534346 0.1384347 -0.6759565 0.1545991 0.138498 -0.6744585 0.1545991 0.137 -0.6745219 0.1542099 0.1384347 -0.6759565 0.152 0.124 -0.6759565 0.1549999 0.127 -0.6729565 0.152 0.127 -0.6759565 0.153498 0.1244008 -0.6744585 0.152 0.1244008 -0.6745219 0.1534346 0.1247901 -0.6744585 0.1545991 0.127 -0.6759565 0.1545991 0.1255019 -0.6745219 0.1542099 0.1255654 -0.6733573 0.152 0.1255019 -0.6733573 0.153498 0.127 -0.6737466 0.1534346 0.1255654 -0.6999565 -0.152 0.14 -0.7029565 -0.152 0.137 -0.6999565 -0.155 0.137 -0.7014545 -0.152 0.1395992 -0.6999565 -0.153498 0.1395992 -0.7013912 -0.1534346 0.1392099 -0.7025557 -0.153498 0.137 -0.7025557 -0.152 0.138498 -0.7021664 -0.1534346 0.1384346 -0.6999565 -0.1545991 0.138498 -0.7014545 -0.1545991 0.137 -0.7013912 -0.1542099 0.1384346 -0.6999565 -0.152 0.124 -0.6999565 -0.155 0.127 -0.7029565 -0.152 0.127 -0.6999565 -0.153498 0.1244008 -0.7014545 -0.152 0.1244008 -0.7013912 -0.1534346 0.1247901 -0.7014545 -0.1545991 0.127 -0.6999565 -0.1545991 0.1255019 -0.7013912 -0.1542099 0.1255654 -0.7025557 -0.152 0.1255019 -0.7025557 -0.153498 0.127 -0.7021664 -0.1534346 0.1255654 -0.6999565 0.152 0.14 -0.6999565 0.1549999 0.137 -0.7029565 0.152 0.137 -0.6999565 0.153498 0.1395992 -0.7014545 0.152 0.1395992 -0.7013912 0.1534346 0.1392099 -0.7014545 0.1545991 0.137 -0.6999565 0.1545991 0.138498 -0.7013912 0.1542099 0.1384346 -0.7025557 0.152 0.138498 -0.7025557 0.153498 0.137 -0.7021664 0.1534346 0.1384346 -0.6999565 0.152 0.124 -0.7029565 0.152 0.127 -0.6999565 0.1549999 0.127 -0.7014545 0.152 0.1244008 -0.6999565 0.153498 0.1244008 -0.7013912 0.1534346 0.1247901 -0.7025557 0.153498 0.127 -0.7025557 0.152 0.1255019 -0.7021664 0.1534346 0.1255654 -0.6999565 0.1545991 0.1255019 -0.7014545 0.1545991 0.127 -0.7013912 0.1542099 0.1255654 -0.7720788 -0.152 0.14 -0.7720788 -0.155 0.137 -0.7690789 -0.152 0.137 -0.7720788 -0.153498 0.1395992 -0.7705808 -0.152 0.1395992 -0.7706442 -0.1534346 0.1392099 -0.7705808 -0.1545991 0.137 -0.7720788 -0.1545991 0.138498 -0.7706442 -0.1542099 0.1384347 -0.7694796 -0.152 0.138498 -0.7694796 -0.153498 0.137 -0.7698689 -0.1534346 0.1384347 -0.7720788 -0.155 0.127 -0.7720788 -0.152 0.124 -0.7690789 -0.152 0.127 -0.7720788 -0.1545991 0.1255019 -0.7705808 -0.1545991 0.127 -0.7706442 -0.1542099 0.1255654 -0.7705808 -0.152 0.1244008 -0.7720788 -0.153498 0.1244008 -0.7706442 -0.1534346 0.1247901 -0.7694796 -0.153498 0.127 -0.7694796 -0.152 0.1255019 -0.7698689 -0.1534346 0.1255654 -0.7720788 0.152 0.14 -0.7690789 0.152 0.137 -0.7720788 0.1549999 0.137 -0.7705808 0.152 0.1395992 -0.7720788 0.153498 0.1395992 -0.7706442 0.1534346 0.1392099 -0.7694796 0.153498 0.137 -0.7694796 0.152 0.138498 -0.769869 0.1534346 0.1384347 -0.7720788 0.1545991 0.138498 -0.7705808 0.1545991 0.137 -0.7706442 0.1542099 0.1384347 -0.7720788 0.152 0.124 -0.7720788 0.1549999 0.127 -0.7690789 0.152 0.127 -0.7720788 0.153498 0.1244008 -0.7705808 0.152 0.1244008 -0.7706442 0.1534346 0.1247901 -0.7705808 0.1545991 0.127 -0.7720788 0.1545991 0.1255019 -0.7706442 0.1542099 0.1255654 -0.7694796 0.152 0.1255019 -0.7694796 0.153498 0.127 -0.7698689 0.1534346 0.1255654 -0.7960789 -0.152 0.14 -0.7990788 -0.152 0.137 -0.7960789 -0.155 0.137 -0.7975769 -0.152 0.1395992 -0.7960789 -0.153498 0.1395992 -0.7975135 -0.1534346 0.1392099 -0.7986781 -0.153498 0.137 -0.7986781 -0.152 0.138498 -0.7982887 -0.1534346 0.1384346 -0.7960789 -0.1545991 0.138498 -0.7975769 -0.1545991 0.137 -0.7975135 -0.1542099 0.1384346 -0.7960789 -0.152 0.124 -0.7960789 -0.155 0.127 -0.7990788 -0.152 0.127 -0.7960789 -0.153498 0.1244008 -0.7975769 -0.152 0.1244008 -0.7975135 -0.1534346 0.1247901 -0.7975769 -0.1545991 0.127 -0.7960789 -0.1545991 0.1255019 -0.7975135 -0.1542099 0.1255654 -0.7986781 -0.152 0.1255019 -0.7986781 -0.153498 0.127 -0.7982888 -0.1534346 0.1255654 -0.7960789 0.152 0.14 -0.7960789 0.1549999 0.137 -0.7990788 0.152 0.137 -0.7960789 0.153498 0.1395992 -0.7975769 0.152 0.1395992 -0.7975135 0.1534346 0.1392099 -0.7975769 0.1545991 0.137 -0.7960789 0.1545991 0.138498 -0.7975135 0.1542099 0.1384346 -0.7986781 0.152 0.138498 -0.7986781 0.153498 0.137 -0.7982888 0.1534346 0.1384346 -0.7960789 0.152 0.124 -0.7990788 0.152 0.127 -0.7960789 0.1549999 0.127 -0.7975769 0.152 0.1244008 -0.7960789 0.153498 0.1244008 -0.7975135 0.1534346 0.1247901 -0.7986781 0.153498 0.127 -0.7986781 0.152 0.1255019 -0.7982887 0.1534346 0.1255654 -0.7960789 0.1545991 0.1255019 -0.7975769 0.1545991 0.127 -0.7975135 0.1542099 0.1255654 -0.8700655 -0.152 0.1390733 -0.8693851 -0.155 0.1361514 -0.8664633 -0.152 0.1368319 -0.8699746 -0.153498 0.1386829 -0.8685156 -0.152 0.1390227 -0.868489 -0.1534346 0.1386291 -0.8679261 -0.1545991 0.1364912 -0.8697248 -0.1545991 0.1376104 -0.8683132 -0.1542099 0.1378741 -0.8671934 -0.152 0.1381999 -0.8668536 -0.153498 0.136741 -0.8675581 -0.1534346 0.1380499 -0.867117 -0.155 0.126412 -0.8664366 -0.152 0.1234902 -0.8641952 -0.152 0.1270925 -0.8667773 -0.1545991 0.124953 -0.865658 -0.1545991 0.1267518 -0.8653944 -0.1542099 0.1253402 -0.8650685 -0.152 0.1242203 -0.8665275 -0.153498 0.1238806 -0.8652185 -0.1534346 0.1245851 -0.8645855 -0.153498 0.1270015 -0.8642458 -0.152 0.1255426 -0.8646393 -0.1534346 0.125516 -0.8700655 0.152 0.1390733 -0.8664633 0.152 0.1368319 -0.8693851 0.1549999 0.1361514 -0.8685156 0.152 0.1390227 -0.8699746 0.153498 0.1386829 -0.868489 0.1534346 0.1386291 -0.8668536 0.153498 0.136741 -0.8671934 0.152 0.1381999 -0.8675581 0.1534346 0.1380499 -0.8697248 0.1545991 0.1376104 -0.8679261 0.1545991 0.1364912 -0.8683132 0.1542099 0.1378741 -0.8664366 0.152 0.1234902 -0.867117 0.1549999 0.126412 -0.8641952 0.152 0.1270925 -0.8665275 0.153498 0.1238806 -0.8650685 0.152 0.1242203 -0.8652185 0.1534346 0.1245851 -0.865658 0.1545991 0.1267518 -0.8667773 0.1545991 0.124953 -0.8653944 0.1542099 0.1253402 -0.8642458 0.152 0.1255426 -0.8645855 0.153498 0.1270016 -0.8646393 0.1534346 0.125516 -0.89344 -0.152 0.1336299 -0.8956815 -0.152 0.1300277 -0.8927596 -0.155 0.1307081 -0.8948081 -0.152 0.1328998 -0.8933491 -0.153498 0.1332396 -0.8946581 -0.1534346 0.132535 -0.8952911 -0.153498 0.1301186 -0.8956308 -0.152 0.1315776 -0.8952373 -0.1534346 0.1316041 -0.8930994 -0.1545991 0.1321671 -0.8942186 -0.1545991 0.1303684 -0.8944823 -0.1542099 0.13178 -0.8898112 -0.152 0.1180469 -0.8904916 -0.155 0.1209687 -0.8934134 -0.152 0.1202883 -0.8899021 -0.153498 0.1184372 -0.8913611 -0.152 0.1180975 -0.8913876 -0.1534346 0.1184911 -0.8919506 -0.1545991 0.120629 -0.8901518 -0.1545991 0.1195097 -0.8915634 -0.1542099 0.1192461 -0.8926833 -0.152 0.1189202 -0.893023 -0.153498 0.1203792 -0.8923185 -0.1534346 0.1190702 -0.89344 0.152 0.1336299 -0.8927596 0.1549999 0.1307081 -0.8956815 0.152 0.1300277 -0.8933491 0.153498 0.1332396 -0.8948081 0.152 0.1328998 -0.8946581 0.1534346 0.132535 -0.8942186 0.1545991 0.1303684 -0.8930994 0.1545991 0.1321671 -0.8944823 0.1542099 0.13178 -0.8956308 0.152 0.1315776 -0.8952911 0.153498 0.1301186 -0.8952373 0.1534346 0.1316041 -0.8898112 0.152 0.1180469 -0.8934134 0.152 0.1202883 -0.8904916 0.1549999 0.1209687 -0.8913611 0.152 0.1180975 -0.8899021 0.153498 0.1184372 -0.8913876 0.1534346 0.1184911 -0.893023 0.153498 0.1203792 -0.8926833 0.152 0.1189202 -0.8923185 0.1534346 0.1190702 -0.8901518 0.1545991 0.1195097 -0.8919506 0.1545991 0.120629 -0.8915634 0.1542099 0.1192461 -0.9575333 -0.152 0.09044659 -0.9550809 -0.155 0.08871865 -0.953353 -0.152 0.09117102 -0.9572057 -0.153498 0.09021574 -0.9563429 -0.152 0.09144032 -0.9560611 -0.1534346 0.09116423 -0.9542181 -0.1545991 0.08994323 -0.9563055 -0.1545991 0.08958148 -0.9554274 -0.1542099 0.09071773 -0.9548084 -0.152 0.09170621 -0.9535838 -0.153498 0.09084337 -0.9549809 -0.1534346 0.09135144 -0.9469063 -0.155 0.08295887 -0.9444539 -0.152 0.08123093 -0.9451783 -0.152 0.08541125 -0.9456817 -0.1545991 0.08209604 -0.9460434 -0.1545991 0.08418345 -0.9449072 -0.1542099 0.08330529 -0.9439187 -0.152 0.08268636 -0.9447816 -0.153498 0.08146178 -0.9442735 -0.1534346 0.08285874 -0.9454092 -0.153498 0.0850836 -0.9441846 -0.152 0.08422076 -0.9444607 -0.1534346 0.08393907 -0.9575333 0.152 0.09044659 -0.953353 0.152 0.09117102 -0.9550809 0.1549999 0.08871865 -0.9563429 0.152 0.09144032 -0.9572057 0.153498 0.09021574 -0.9560611 0.1534346 0.09116423 -0.9535838 0.153498 0.09084337 -0.9548084 0.152 0.09170621 -0.9549809 0.1534346 0.09135144 -0.9563055 0.1545991 0.08958148 -0.9542181 0.1545991 0.08994323 -0.9554274 0.1542099 0.09071773 -0.9444539 0.152 0.08123093 -0.9469063 0.1549999 0.08295887 -0.9451783 0.152 0.08541125 -0.9447816 0.153498 0.08146178 -0.9439187 0.152 0.08268636 -0.9442735 0.1534346 0.08285874 -0.9460434 0.1545991 0.08418345 -0.9456817 0.1545991 0.08209604 -0.9449072 0.1542099 0.08330529 -0.9441846 0.152 0.08422076 -0.9454092 0.153498 0.0850836 -0.9444607 0.1534346 0.08393907 -0.9713568 -0.152 0.07082742 -0.9706324 -0.152 0.06664711 -0.9689044 -0.155 0.06909948 -0.971892 -0.152 0.06937199 -0.9710292 -0.153498 0.07059657 -0.9715372 -0.1534346 0.06919956 -0.9704015 -0.153498 0.06697475 -0.9716261 -0.152 0.06783753 -0.97135 -0.1534346 0.06811928 -0.970129 -0.1545991 0.06996232 -0.9697673 -0.1545991 0.0678749 -0.9709035 -0.1542099 0.06875306 -0.9582774 -0.152 0.06161177 -0.9607298 -0.155 0.06333971 -0.9624577 -0.152 0.06088733 -0.958605 -0.153498 0.06184262 -0.9594678 -0.152 0.06061804 -0.9597496 -0.1534346 0.06089407 -0.9615926 -0.1545991 0.06211513 -0.9595052 -0.1545991 0.06247687 -0.9603834 -0.1542099 0.06134063 -0.9610023 -0.152 0.06035208 -0.9622269 -0.153498 0.06121492 -0.9608299 -0.1534346 0.06070685 -0.9713568 0.152 0.07082742 -0.9689044 0.1549999 0.06909948 -0.9706324 0.152 0.06664711 -0.9710292 0.153498 0.07059657 -0.971892 0.152 0.06937199 -0.9715372 0.1534346 0.06919956 -0.9697673 0.1545991 0.0678749 -0.970129 0.1545991 0.06996232 -0.9709035 0.1542099 0.06875306 -0.9716261 0.152 0.06783753 -0.9704015 0.153498 0.06697469 -0.97135 0.1534346 0.06811928 -0.9582774 0.152 0.06161177 -0.9624577 0.152 0.06088733 -0.9607298 0.1549999 0.06333971 -0.9594678 0.152 0.06061804 -0.958605 0.153498 0.06184262 -0.9597496 0.1534346 0.06089407 -0.9622269 0.153498 0.06121492 -0.9610023 0.152 0.06035208 -0.9608299 0.1534346 0.06070685 -0.9595052 0.1545991 0.06247687 -0.9615926 0.1545991 0.06211513 -0.9603834 0.1542099 0.06134063 -0.9904547 -0.152 -0.004059255 -0.9874743 -0.155 -0.003716766 -0.9878168 -0.152 -7.3643e-4 -0.9900565 -0.153498 -0.004013478 -0.9902275 -0.152 -0.002525269 -0.9898335 -0.1534346 -0.002543807 -0.9876453 -0.1545991 -0.002228558 -0.9889625 -0.1545991 -0.003887772 -0.9890633 -0.1542099 -0.002455294 -0.9892593 -0.152 -0.00130558 -0.987771 -0.153498 -0.001134574 -0.9891518 -0.1534346 -0.001685082 -0.9775397 -0.155 -0.002575278 -0.9745593 -0.152 -0.002232849 -0.9778822 -0.152 4.05058e-4 -0.9760515 -0.1545991 -0.002404332 -0.9777107 -0.1545991 -0.001087069 -0.9762782 -0.1542099 -9.86308e-4 -0.9751285 -0.152 -7.90387e-4 -0.9749575 -0.153498 -0.002278625 -0.975508 -0.1534346 -8.9781e-4 -0.9778364 -0.153498 6.89924e-6 -0.9763482 -0.152 1.7789e-4 -0.9763667 -0.1534346 -2.16112e-4 -0.9904547 0.152 -0.004059255 -0.9878168 0.152 -7.3643e-4 -0.9874743 0.1549999 -0.003716766 -0.9902275 0.152 -0.002525269 -0.9900565 0.153498 -0.004013478 -0.9898335 0.1534346 -0.002543807 -0.987771 0.153498 -0.001134574 -0.9892593 0.152 -0.00130558 -0.9891518 0.1534346 -0.001685082 -0.9889625 0.1545991 -0.003887772 -0.9876453 0.1545991 -0.002228558 -0.9890633 0.1542099 -0.002455294 -0.9745593 0.152 -0.002232849 -0.9775397 0.1549999 -0.002575278 -0.9778822 0.152 4.05058e-4 -0.9749575 0.153498 -0.002278625 -0.9751285 0.152 -7.90387e-4 -0.975508 0.1534346 -8.9781e-4 -0.9777107 0.1545991 -0.001087069 -0.9760515 0.1545991 -0.002404332 -0.9762782 0.1542099 -9.86308e-4 -0.9763482 0.152 1.7789e-4 -0.9778364 0.153498 6.89924e-6 -0.9763667 0.1534346 -2.16112e-4 -0.9877151 -0.152 -0.02790236 -0.9843923 -0.152 -0.03054028 -0.9847348 -0.155 -0.02755993 -0.987146 -0.152 -0.02934485 -0.987317 -0.153498 -0.02785658 -0.9867665 -0.1534346 -0.02923744 -0.9844381 -0.153498 -0.03014212 -0.9859263 -0.152 -0.03031313 -0.9859077 -0.1534346 -0.02991914 -0.986223 -0.1545991 -0.02773094 -0.9845638 -0.1545991 -0.02904814 -0.9859963 -0.1542099 -0.02914893 -0.9718197 -0.152 -0.02607595 -0.9748001 -0.155 -0.02641844 -0.9744577 -0.152 -0.02939879 -0.9722179 -0.153498 -0.02612173 -0.9720469 -0.152 -0.02761 -0.9724409 -0.1534346 -0.0275914 -0.9746291 -0.1545991 -0.02790665 -0.9733119 -0.1545991 -0.02624744 -0.9732111 -0.1542099 -0.02767992 -0.9730152 -0.152 -0.02882963 -0.9745034 -0.153498 -0.02900063 -0.9731226 -0.1534346 -0.02845013 -0.9877151 0.152 -0.02790236 -0.9847348 0.1549999 -0.02755993 -0.9843923 0.152 -0.03054028 -0.987317 0.153498 -0.02785658 -0.987146 0.152 -0.02934485 -0.9867665 0.1534346 -0.02923744 -0.9845638 0.1545991 -0.02904814 -0.986223 0.1545991 -0.02773094 -0.9859963 0.1542099 -0.02914893 -0.9859263 0.152 -0.03031313 -0.9844381 0.153498 -0.03014212 -0.9859077 0.1534346 -0.02991914 -0.9718197 0.152 -0.02607595 -0.9744577 0.152 -0.02939879 -0.9748001 0.1549999 -0.02641844 -0.9720469 0.152 -0.02760994 -0.9722179 0.153498 -0.02612173 -0.9724409 0.1534346 -0.0275914 -0.9745034 0.153498 -0.02900063 -0.9730152 0.152 -0.02882963 -0.9731226 0.1534346 -0.02845013 -0.9733119 0.1545991 -0.02624744 -0.9746291 0.1545991 -0.02790665 -0.9732111 0.1542099 -0.02767992 -0.9521302 -0.152 -0.09650605 -0.9501336 -0.155 -0.09426689 -0.9523728 -0.152 -0.09227031 -0.9518635 -0.153498 -0.0962069 -0.9529816 -0.152 -0.09520989 -0.9526752 -0.1534346 -0.09496152 -0.9512518 -0.1545991 -0.09326994 -0.9511306 -0.1545991 -0.09538501 -0.9521592 -0.1542099 -0.09438288 -0.9530706 -0.152 -0.09365516 -0.9520736 -0.153498 -0.09253704 -0.9527379 -0.1534346 -0.09386694 -0.9434784 -0.155 -0.08680319 -0.9414818 -0.152 -0.08456403 -0.9457175 -0.152 -0.08480662 -0.9424814 -0.1545991 -0.08568507 -0.9445965 -0.1545991 -0.08580619 -0.9435943 -0.1542099 -0.08477759 -0.9428666 -0.152 -0.08386623 -0.9417485 -0.153498 -0.08486318 -0.9430784 -0.1534346 -0.08419895 -0.9454184 -0.153498 -0.08507335 -0.9444214 -0.152 -0.08395522 -0.944173 -0.1534346 -0.08426165 -0.9521302 0.152 -0.09650605 -0.9523728 0.152 -0.09227031 -0.9501336 0.1549999 -0.09426689 -0.9529816 0.152 -0.09520989 -0.9518635 0.153498 -0.0962069 -0.9526752 0.1534346 -0.09496152 -0.9520736 0.153498 -0.09253704 -0.9530706 0.152 -0.09365516 -0.9527379 0.1534346 -0.09386694 -0.9511306 0.1545991 -0.09538501 -0.9512518 0.1545991 -0.09326994 -0.9521592 0.1542099 -0.09438288 -0.9414818 0.152 -0.08456403 -0.9434784 0.1549999 -0.08680319 -0.9457175 0.152 -0.08480662 -0.9417485 0.153498 -0.08486318 -0.9428666 0.152 -0.08386623 -0.9430784 0.1534346 -0.08419895 -0.9445965 0.1545991 -0.08580619 -0.9424814 0.1545991 -0.08568507 -0.9435943 0.1542099 -0.08477759 -0.9444214 0.152 -0.08395522 -0.9454184 0.153498 -0.08507335 -0.944173 0.1534346 -0.08426165 -0.9342173 -0.152 -0.1124787 -0.9299815 -0.152 -0.1122362 -0.9322207 -0.155 -0.1102396 -0.9328324 -0.152 -0.1131765 -0.9339506 -0.153498 -0.1121795 -0.9326207 -0.1534346 -0.1128438 -0.9302807 -0.153498 -0.1119694 -0.9312777 -0.152 -0.1130875 -0.9315261 -0.1534346 -0.1127811 -0.9332177 -0.1545991 -0.1113576 -0.9311026 -0.1545991 -0.1112365 -0.9321047 -0.1542099 -0.1122651 -0.9235689 -0.152 -0.1005367 -0.9255654 -0.155 -0.1027758 -0.9233263 -0.152 -0.1047724 -0.9238356 -0.153498 -0.1008358 -0.9227175 -0.152 -0.1018328 -0.9230239 -0.1534346 -0.1020812 -0.9244473 -0.1545991 -0.1037728 -0.9245684 -0.1545991 -0.1016577 -0.9235398 -0.1542099 -0.1026598 -0.9226285 -0.152 -0.1033875 -0.9236254 -0.153498 -0.1045057 -0.9229612 -0.1534346 -0.1031758 -0.9342173 0.152 -0.1124787 -0.9322207 0.1549999 -0.1102396 -0.9299815 0.152 -0.1122362 -0.9339506 0.153498 -0.1121795 -0.9328324 0.152 -0.1131765 -0.9326207 0.1534346 -0.1128438 -0.9311026 0.1545991 -0.1112365 -0.9332177 0.1545991 -0.1113576 -0.9321047 0.1542099 -0.1122651 -0.9312777 0.152 -0.1130875 -0.9302807 0.153498 -0.1119694 -0.9315261 0.1534346 -0.1127811 -0.9235689 0.152 -0.1005367 -0.9233263 0.152 -0.1047724 -0.9255654 0.1549999 -0.1027758 -0.9227175 0.152 -0.1018328 -0.9238356 0.153498 -0.1008358 -0.9230239 0.1534346 -0.1020812 -0.9236254 0.153498 -0.1045057 -0.9226285 0.152 -0.1033875 -0.9229612 0.1534346 -0.1031758 -0.9245684 0.1545991 -0.1016577 -0.9244473 0.1545991 -0.1037728 -0.9235398 0.1542099 -0.1026598 -0.85 -0.06099998 0.09799998 -0.85 -0.055 0.09197092 -0.85 -0.05580383 0.09498548 -0.85 -0.05799996 0.09719222 -0.85 -0.125 0.09197092 -0.85 -0.119 0.09799998 -0.85 -0.1241961 0.09498548 -0.85 -0.122 0.09719222 -0.8320574 -0.055 0.09020376 -0.8308812 -0.06099998 0.0961169 -0.8314692 -0.05580383 0.09316033 -0.8310388 -0.05799996 0.09532469 -0.8320574 -0.125 0.09020376 -0.8308812 -0.119 0.09611696 -0.8314692 -0.1241961 0.09316033 -0.8310388 -0.122 0.09532469 -0.8148043 -0.055 0.08497005 -0.812497 -0.06099998 0.09054017 -0.8136507 -0.05580383 0.08775514 -0.8128061 -0.05799996 0.08979392 -0.8148043 -0.125 0.08497005 -0.812497 -0.119 0.09054017 -0.8136507 -0.1241961 0.08775514 -0.8128061 -0.122 0.08979392 -0.7989037 -0.055 0.07647103 -0.7955542 -0.06099998 0.08148401 -0.7972289 -0.05580383 0.07897752 -0.7960029 -0.05799996 0.08081239 -0.7989037 -0.125 0.07647103 -0.7955542 -0.119 0.08148401 -0.7972289 -0.1241961 0.07897752 -0.7960029 -0.122 0.08081239 -0.7849667 -0.055 0.06503325 -0.7807036 -0.06099998 0.06929641 -0.7828351 -0.05580383 0.06716483 -0.7812747 -0.05799996 0.06872528 -0.7849667 -0.125 0.06503325 -0.7807036 -0.119 0.06929641 -0.7828351 -0.1241961 0.06716489 -0.7812747 -0.122 0.06872528 -0.7735289 -0.055 0.05109632 -0.768516 -0.06099998 0.05444586 -0.7710225 -0.05580383 0.05277109 -0.7691876 -0.05799996 0.05399709 -0.7735289 -0.125 0.05109632 -0.768516 -0.119 0.05444586 -0.7710225 -0.1241961 0.05277109 -0.7691876 -0.122 0.05399709 -0.7650299 -0.055 0.0351957 -0.7594599 -0.06099998 0.03750294 -0.7622449 -0.05580383 0.03634935 -0.7602061 -0.05799996 0.03719383 -0.7650299 -0.125 0.03519576 -0.7594599 -0.119 0.03750294 -0.7622449 -0.1241961 0.03634935 -0.7602061 -0.122 0.03719383 -0.7597963 -0.055 0.01794266 -0.7538831 -0.06099998 0.01911884 -0.7568396 -0.05580383 0.01853072 -0.7546753 -0.05799996 0.01896125 -0.7597963 -0.125 0.01794266 -0.7538831 -0.119 0.01911884 -0.7568396 -0.1241961 0.01853072 -0.7546753 -0.122 0.01896125 -0.7580291 -0.055 0 -0.752 -0.06099998 0 -0.7550145 -0.05580383 0 -0.7528077 -0.05799996 0 -0.7580291 -0.125 0 -0.752 -0.119 0 -0.7550145 -0.1241961 0 -0.7528077 -0.122 0 -0.7597963 -0.055 -0.01794266 -0.7538831 -0.06099998 -0.01911884 -0.7568396 -0.05580383 -0.01853072 -0.7546753 -0.05799996 -0.01896125 -0.7597963 -0.125 -0.0179426 -0.7538831 -0.119 -0.01911884 -0.7568396 -0.1241961 -0.01853072 -0.7546753 -0.122 -0.01896125 -0.7650299 -0.055 -0.0351957 -0.7594599 -0.06099998 -0.03750294 -0.7622449 -0.05580383 -0.03634935 -0.7602061 -0.05799996 -0.03719383 -0.7650299 -0.125 -0.0351957 -0.7594599 -0.119 -0.03750294 -0.7622449 -0.1241961 -0.03634935 -0.7602061 -0.122 -0.03719383 -0.7735289 -0.055 -0.05109632 -0.768516 -0.06099998 -0.05444586 -0.7710225 -0.05580383 -0.05277109 -0.7691876 -0.05799996 -0.05399709 -0.7735289 -0.125 -0.05109632 -0.768516 -0.119 -0.05444586 -0.7710225 -0.1241961 -0.05277109 -0.7691876 -0.122 -0.05399709 -0.7849667 -0.055 -0.06503325 -0.7807036 -0.06099998 -0.06929641 -0.7828351 -0.05580383 -0.06716489 -0.7812747 -0.05799996 -0.06872528 -0.7849667 -0.125 -0.06503325 -0.7807036 -0.119 -0.06929641 -0.7828351 -0.1241961 -0.06716489 -0.7812747 -0.122 -0.06872528 -0.7989037 -0.055 -0.07647103 -0.7955542 -0.06099998 -0.08148401 -0.7972289 -0.05580383 -0.07897752 -0.7960029 -0.05799996 -0.08081239 -0.7989037 -0.125 -0.07647103 -0.7955542 -0.119 -0.08148401 -0.7972289 -0.1241961 -0.07897752 -0.7960029 -0.122 -0.08081239 -0.8148043 -0.055 -0.08497005 -0.812497 -0.06099998 -0.09054017 -0.8136507 -0.05580383 -0.08775514 -0.8128061 -0.05799996 -0.08979392 -0.8148043 -0.125 -0.08497005 -0.812497 -0.119 -0.09054017 -0.8136507 -0.1241961 -0.08775514 -0.8128061 -0.122 -0.08979392 -0.8320574 -0.055 -0.09020376 -0.8308812 -0.06099998 -0.09611696 -0.8314692 -0.05580383 -0.09316033 -0.8310388 -0.05799996 -0.09532469 -0.8320574 -0.125 -0.09020376 -0.8308812 -0.119 -0.0961169 -0.8314692 -0.1241961 -0.09316033 -0.8310388 -0.122 -0.09532469 -0.85 -0.055 -0.09197092 -0.85 -0.06099998 -0.09799998 -0.85 -0.05580383 -0.09498548 -0.85 -0.05799996 -0.09719222 -0.85 -0.125 -0.09197092 -0.85 -0.119 -0.09799998 -0.85 -0.1241961 -0.09498548 -0.85 -0.122 -0.09719222 -0.8679427 -0.055 -0.09020376 -0.8691189 -0.06099998 -0.09611696 -0.8685308 -0.05580383 -0.09316033 -0.8689613 -0.05799996 -0.09532469 -0.8679427 -0.125 -0.09020376 -0.8691189 -0.119 -0.0961169 -0.8685308 -0.1241961 -0.09316033 -0.8689613 -0.122 -0.09532469 -0.8851958 -0.055 -0.08497005 -0.887503 -0.06099998 -0.09054017 -0.8863494 -0.05580383 -0.08775514 -0.8871939 -0.05799996 -0.08979392 -0.8851958 -0.125 -0.08497005 -0.887503 -0.119 -0.09054017 -0.8863494 -0.1241961 -0.08775514 -0.8871939 -0.122 -0.08979392 -0.9010964 -0.055 -0.07647103 -0.9044459 -0.06099998 -0.08148401 -0.9027711 -0.05580383 -0.07897752 -0.9039972 -0.05799996 -0.08081239 -0.9010964 -0.125 -0.07647103 -0.9044459 -0.119 -0.08148401 -0.9027711 -0.1241961 -0.07897752 -0.9039972 -0.122 -0.08081239 -0.9150334 -0.055 -0.06503325 -0.9192965 -0.06099998 -0.06929641 -0.9171649 -0.05580383 -0.06716489 -0.9187254 -0.05799996 -0.06872528 -0.9150334 -0.125 -0.06503325 -0.9192965 -0.119 -0.06929641 -0.9171649 -0.1241961 -0.06716489 -0.9187254 -0.122 -0.06872528 -0.9264711 -0.055 -0.05109632 -0.9314841 -0.06099998 -0.05444586 -0.9289776 -0.05580383 -0.05277109 -0.9308124 -0.05799996 -0.05399709 -0.9264711 -0.125 -0.05109632 -0.9314841 -0.119 -0.05444586 -0.9289776 -0.1241961 -0.05277109 -0.9308124 -0.122 -0.05399709 -0.9349702 -0.055 -0.0351957 -0.9405402 -0.06099998 -0.03750294 -0.9377552 -0.05580383 -0.03634935 -0.939794 -0.05799996 -0.03719383 -0.9349702 -0.125 -0.0351957 -0.9405402 -0.119 -0.03750294 -0.9377552 -0.1241961 -0.03634935 -0.939794 -0.122 -0.03719383 -0.9402038 -0.055 -0.01794266 -0.946117 -0.06099998 -0.01911884 -0.9431604 -0.05580383 -0.01853072 -0.9453248 -0.05799996 -0.01896125 -0.9402038 -0.125 -0.0179426 -0.946117 -0.119 -0.01911884 -0.9431604 -0.1241961 -0.01853072 -0.9453248 -0.122 -0.01896125 -0.941971 -0.055 0 -0.948 -0.06099998 0 -0.9449855 -0.05580383 0 -0.9471923 -0.05799996 0 -0.941971 -0.125 0 -0.948 -0.119 0 -0.9449855 -0.1241961 0 -0.9471923 -0.122 0 -0.9402038 -0.055 0.01794266 -0.946117 -0.06099998 0.01911884 -0.9431604 -0.05580383 0.01853072 -0.9453248 -0.05799996 0.01896125 -0.9402038 -0.125 0.01794266 -0.946117 -0.119 0.01911884 -0.9431604 -0.1241961 0.01853072 -0.9453248 -0.122 0.01896125 -0.9349702 -0.055 0.0351957 -0.9405402 -0.06099998 0.03750294 -0.9377552 -0.05580383 0.03634935 -0.939794 -0.05799996 0.03719383 -0.9349702 -0.125 0.03519576 -0.9405402 -0.119 0.03750294 -0.9377552 -0.1241961 0.03634935 -0.939794 -0.122 0.03719383 -0.9264711 -0.055 0.05109632 -0.9314841 -0.06099998 0.05444586 -0.9289776 -0.05580383 0.05277109 -0.9308124 -0.05799996 0.05399709 -0.9264711 -0.125 0.05109632 -0.9314841 -0.119 0.05444586 -0.9289776 -0.1241961 0.05277109 -0.9308124 -0.122 0.05399709 -0.9150334 -0.055 0.06503325 -0.9192965 -0.06099998 0.06929641 -0.9171649 -0.05580383 0.06716483 -0.9187254 -0.05799996 0.06872528 -0.9150334 -0.125 0.06503325 -0.9192965 -0.119 0.06929641 -0.9171649 -0.1241961 0.06716489 -0.9187254 -0.122 0.06872528 -0.9010964 -0.055 0.07647103 -0.9044459 -0.06099998 0.08148401 -0.9027711 -0.05580383 0.07897752 -0.9039972 -0.05799996 0.08081239 -0.9010964 -0.125 0.07647103 -0.9044459 -0.119 0.08148401 -0.9027711 -0.1241961 0.07897752 -0.9039972 -0.122 0.08081239 -0.8851958 -0.055 0.08497005 -0.887503 -0.06099998 0.09054017 -0.8863494 -0.05580383 0.08775514 -0.8871939 -0.05799996 0.08979392 -0.8851958 -0.125 0.08497005 -0.887503 -0.119 0.09054017 -0.8863494 -0.1241961 0.08775514 -0.8871939 -0.122 0.08979392 -0.8679427 -0.055 0.09020376 -0.8691189 -0.06099998 0.0961169 -0.8685308 -0.05580383 0.09316033 -0.8689613 -0.05799996 0.09532469 -0.8679427 -0.125 0.09020376 -0.8691189 -0.119 0.09611696 -0.8685308 -0.1241961 0.09316033 -0.8689613 -0.122 0.09532469 -0.85 0.119 0.09799998 -0.85 0.125 0.09197092 -0.85 0.1241961 0.09498548 -0.85 0.122 0.09719222 -0.85 0.05500006 0.09197092 -0.85 0.06100004 0.09799998 -0.85 0.05580389 0.09498548 -0.85 0.05800002 0.09719222 -0.8320574 0.125 0.09020376 -0.8308812 0.119 0.0961169 -0.8314692 0.1241961 0.09316033 -0.8310388 0.122 0.09532469 -0.8320574 0.05500006 0.09020376 -0.8308812 0.06100004 0.09611696 -0.8314692 0.05580389 0.09316033 -0.8310388 0.05800002 0.09532469 -0.8148043 0.125 0.08497005 -0.812497 0.119 0.09054017 -0.8136507 0.1241961 0.08775514 -0.8128061 0.122 0.08979392 -0.8148043 0.05500006 0.08497005 -0.812497 0.06100004 0.09054017 -0.8136507 0.05580389 0.08775514 -0.8128061 0.05800002 0.08979392 -0.7989037 0.125 0.07647103 -0.7955542 0.119 0.08148401 -0.7972289 0.1241961 0.07897752 -0.7960029 0.122 0.08081239 -0.7989037 0.05500006 0.07647103 -0.7955542 0.06100004 0.08148401 -0.7972289 0.05580389 0.07897752 -0.7960029 0.05800002 0.08081239 -0.7849667 0.125 0.06503325 -0.7807036 0.119 0.06929641 -0.7828351 0.1241961 0.06716483 -0.7812747 0.122 0.06872528 -0.7849667 0.05500006 0.06503325 -0.7807036 0.06100004 0.06929641 -0.7828351 0.05580389 0.06716489 -0.7812747 0.05800002 0.06872528 -0.7735289 0.125 0.05109632 -0.768516 0.119 0.05444586 -0.7710225 0.1241961 0.05277109 -0.7691876 0.122 0.05399709 -0.7735289 0.05500006 0.05109632 -0.768516 0.06100004 0.05444586 -0.7710225 0.05580389 0.05277109 -0.7691876 0.05800002 0.05399709 -0.7650299 0.125 0.0351957 -0.7594599 0.119 0.03750294 -0.7622449 0.1241961 0.03634935 -0.7602061 0.122 0.03719383 -0.7650299 0.055 0.03519576 -0.7594599 0.06100004 0.03750294 -0.7622449 0.05580389 0.03634935 -0.7602061 0.05800002 0.03719383 -0.7597963 0.125 0.01794266 -0.7538831 0.119 0.01911884 -0.7568396 0.1241961 0.01853072 -0.7546753 0.122 0.01896125 -0.7597963 0.055 0.01794266 -0.7538831 0.06100004 0.01911884 -0.7568396 0.05580389 0.01853072 -0.7546753 0.05800002 0.01896125 -0.7580291 0.125 0 -0.752 0.119 0 -0.7550145 0.1241961 0 -0.7528077 0.122 0 -0.7580291 0.055 0 -0.752 0.06100004 0 -0.7550145 0.05580389 0 -0.7528077 0.05800002 0 -0.7597963 0.125 -0.01794266 -0.7538831 0.119 -0.01911884 -0.7568396 0.1241961 -0.01853072 -0.7546753 0.122 -0.01896125 -0.7597963 0.055 -0.0179426 -0.7538831 0.06100004 -0.01911884 -0.7568396 0.05580389 -0.01853072 -0.7546753 0.05800002 -0.01896125 -0.7650299 0.125 -0.0351957 -0.7594599 0.119 -0.03750294 -0.7622449 0.1241961 -0.03634935 -0.7602061 0.122 -0.03719383 -0.7650299 0.055 -0.0351957 -0.7594599 0.06100004 -0.03750294 -0.7622449 0.05580389 -0.03634935 -0.7602061 0.05800002 -0.03719383 -0.7735289 0.125 -0.05109632 -0.768516 0.119 -0.05444586 -0.7710225 0.1241961 -0.05277109 -0.7691876 0.122 -0.05399709 -0.7735289 0.055 -0.05109632 -0.768516 0.06100004 -0.05444586 -0.7710225 0.05580389 -0.05277109 -0.7691876 0.05800002 -0.05399709 -0.7849667 0.125 -0.06503325 -0.7807036 0.119 -0.06929641 -0.7828351 0.1241961 -0.06716489 -0.7812747 0.122 -0.06872528 -0.7849667 0.055 -0.06503325 -0.7807036 0.06100004 -0.06929641 -0.7828351 0.05580389 -0.06716489 -0.7812747 0.05800002 -0.06872528 -0.7989037 0.125 -0.07647103 -0.7955542 0.119 -0.08148401 -0.7972289 0.1241961 -0.07897752 -0.7960029 0.122 -0.08081239 -0.7989037 0.055 -0.07647103 -0.7955542 0.06100004 -0.08148401 -0.7972289 0.05580389 -0.07897752 -0.7960029 0.05800002 -0.08081239 -0.8148043 0.125 -0.08497005 -0.812497 0.119 -0.09054017 -0.8136507 0.1241961 -0.08775514 -0.8128061 0.122 -0.08979392 -0.8148043 0.055 -0.08497005 -0.812497 0.06100004 -0.09054017 -0.8136507 0.05580389 -0.08775514 -0.8128061 0.05800002 -0.08979392 -0.8320574 0.125 -0.09020376 -0.8308812 0.119 -0.09611696 -0.8314692 0.1241961 -0.09316033 -0.8310388 0.122 -0.09532469 -0.8320574 0.055 -0.09020376 -0.8308812 0.06100004 -0.0961169 -0.8314692 0.05580389 -0.09316033 -0.8310388 0.05800002 -0.09532469 -0.85 0.125 -0.09197092 -0.85 0.119 -0.09799998 -0.85 0.1241961 -0.09498548 -0.85 0.122 -0.09719222 -0.85 0.055 -0.09197092 -0.85 0.06100004 -0.09799998 -0.85 0.05580389 -0.09498548 -0.85 0.05800002 -0.09719222 -0.8679427 0.125 -0.09020376 -0.8691189 0.119 -0.09611696 -0.8685308 0.1241961 -0.09316033 -0.8689613 0.122 -0.09532469 -0.8679427 0.055 -0.09020376 -0.8691189 0.06100004 -0.0961169 -0.8685308 0.05580389 -0.09316033 -0.8689613 0.05800002 -0.09532469 -0.8851958 0.125 -0.08497005 -0.887503 0.119 -0.09054017 -0.8863494 0.1241961 -0.08775514 -0.8871939 0.122 -0.08979392 -0.8851958 0.055 -0.08497005 -0.887503 0.06100004 -0.09054017 -0.8863494 0.05580389 -0.08775514 -0.8871939 0.05800002 -0.08979392 -0.9010964 0.125 -0.07647103 -0.9044459 0.119 -0.08148401 -0.9027711 0.1241961 -0.07897752 -0.9039972 0.122 -0.08081239 -0.9010964 0.055 -0.07647103 -0.9044459 0.06100004 -0.08148401 -0.9027711 0.05580389 -0.07897752 -0.9039972 0.05800002 -0.08081239 -0.9150334 0.125 -0.06503325 -0.9192965 0.119 -0.06929641 -0.9171649 0.1241961 -0.06716489 -0.9187254 0.122 -0.06872528 -0.9150334 0.055 -0.06503325 -0.9192965 0.06100004 -0.06929641 -0.9171649 0.05580389 -0.06716489 -0.9187254 0.05800002 -0.06872528 -0.9264711 0.125 -0.05109632 -0.9314841 0.119 -0.05444586 -0.9289776 0.1241961 -0.05277109 -0.9308124 0.122 -0.05399709 -0.9264711 0.055 -0.05109632 -0.9314841 0.06100004 -0.05444586 -0.9289776 0.05580389 -0.05277109 -0.9308124 0.05800002 -0.05399709 -0.9349702 0.125 -0.0351957 -0.9405402 0.119 -0.03750294 -0.9377552 0.1241961 -0.03634935 -0.939794 0.122 -0.03719383 -0.9349702 0.055 -0.0351957 -0.9405402 0.06100004 -0.03750294 -0.9377552 0.05580389 -0.03634935 -0.939794 0.05800002 -0.03719383 -0.9402038 0.125 -0.01794266 -0.946117 0.119 -0.01911884 -0.9431604 0.1241961 -0.01853072 -0.9453248 0.122 -0.01896125 -0.9402038 0.055 -0.0179426 -0.946117 0.06100004 -0.01911884 -0.9431604 0.05580389 -0.01853072 -0.9453248 0.05800002 -0.01896125 -0.941971 0.125 0 -0.948 0.119 0 -0.9449855 0.1241961 0 -0.9471923 0.122 0 -0.941971 0.055 0 -0.948 0.06100004 0 -0.9449855 0.05580389 0 -0.9471923 0.05800002 0 -0.9402038 0.125 0.01794266 -0.946117 0.119 0.01911884 -0.9431604 0.1241961 0.01853072 -0.9453248 0.122 0.01896125 -0.9402038 0.055 0.01794266 -0.946117 0.06100004 0.01911884 -0.9431604 0.05580389 0.01853072 -0.9453248 0.05800002 0.01896125 -0.9349702 0.125 0.0351957 -0.9405402 0.119 0.03750294 -0.9377552 0.1241961 0.03634935 -0.939794 0.122 0.03719383 -0.9349702 0.055 0.03519576 -0.9405402 0.06100004 0.03750294 -0.9377552 0.05580389 0.03634935 -0.939794 0.05800002 0.03719383 -0.9264711 0.125 0.05109632 -0.9314841 0.119 0.05444586 -0.9289776 0.1241961 0.05277109 -0.9308124 0.122 0.05399709 -0.9264711 0.05500006 0.05109632 -0.9314841 0.06100004 0.05444586 -0.9289776 0.05580389 0.05277109 -0.9308124 0.05800002 0.05399709 -0.9150334 0.125 0.06503325 -0.9192965 0.119 0.06929641 -0.9171649 0.1241961 0.06716483 -0.9187254 0.122 0.06872528 -0.9150334 0.05500006 0.06503325 -0.9192965 0.06100004 0.06929641 -0.9171649 0.05580389 0.06716489 -0.9187254 0.05800002 0.06872528 -0.9010964 0.125 0.07647103 -0.9044459 0.119 0.08148401 -0.9027711 0.1241961 0.07897752 -0.9039972 0.122 0.08081239 -0.9010964 0.05500006 0.07647103 -0.9044459 0.06100004 0.08148401 -0.9027711 0.05580389 0.07897752 -0.9039972 0.05800002 0.08081239 -0.8851958 0.125 0.08497005 -0.887503 0.119 0.09054017 -0.8863494 0.1241961 0.08775514 -0.8871939 0.122 0.08979392 -0.8851958 0.05500006 0.08497005 -0.887503 0.06100004 0.09054017 -0.8863494 0.05580389 0.08775514 -0.8871939 0.05800002 0.08979392 -0.8679427 0.125 0.09020376 -0.8691189 0.119 0.0961169 -0.8685308 0.1241961 0.09316033 -0.8689613 0.122 0.09532469 -0.8679427 0.05500006 0.09020376 -0.8691189 0.06100004 0.09611696 -0.8685308 0.05580389 0.09316033 -0.8689613 0.05800002 0.09532469 -0.85 0.15 0.04499995 -0.85 -0.15 0.04500001 -0.8360943 0.15 0.0427975 -0.8360943 -0.15 0.04279756 -0.8235497 0.15 0.03640574 -0.8235497 -0.15 0.03640574 -0.8135943 0.15 0.02645027 -0.8135943 -0.15 0.02645033 -0.8072025 0.15 0.0139057 -0.8072025 -0.15 0.01390576 -0.805 0.1499999 0 -0.805 -0.15 0 -0.8072025 0.1499999 -0.01390576 -0.8072025 -0.15 -0.0139057 -0.8135943 0.1499999 -0.02645033 -0.8135943 -0.15 -0.02645027 -0.8235497 0.1499999 -0.03640574 -0.8235497 -0.15 -0.03640574 -0.8360943 0.1499999 -0.0427975 -0.8360943 -0.15 -0.0427975 -0.85 0.1499999 -0.04500001 -0.85 -0.15 -0.04499995 -0.8639058 0.1499999 -0.0427975 -0.8639058 -0.15 -0.0427975 -0.8764504 0.1499999 -0.03640574 -0.8764504 -0.15 -0.03640574 -0.8864058 0.1499999 -0.02645033 -0.8864058 -0.15 -0.02645027 -0.8927976 0.1499999 -0.01390576 -0.8927976 -0.15 -0.0139057 -0.8950001 0.1499999 0 -0.8950001 -0.15 0 -0.8927976 0.15 0.0139057 -0.8927976 -0.15 0.01390576 -0.8864058 0.15 0.02645027 -0.8864058 -0.15 0.02645033 -0.8764504 0.15 0.03640574 -0.8764504 -0.15 0.03640574 -0.8639058 0.15 0.0427975 -0.8639058 -0.15 0.04279756 -0.865 -0.02499997 0.07899999 -0.865 -0.02499997 0.101 -0.865 0.02499997 0.07899999 -0.865 0.02499997 0.101 -0.835 -0.02499997 0.07899999 -0.835 -0.02499997 0.101 -0.835 0.02499997 0.07899999 -0.835 0.02499997 0.101 -0.8234904 -0.02499997 0.07591599 -0.8124904 -0.02499997 0.09496855 -0.8234904 0.02499997 0.07591599 -0.8124904 0.02499997 0.09496855 -0.7975096 -0.02499997 0.060916 -0.7865096 -0.02499997 0.07996851 -0.7975096 0.02499997 0.060916 -0.7865096 0.02499997 0.07996851 -0.789084 -0.02499997 0.05249035 -0.7700315 -0.02499997 0.06349033 -0.789084 0.02499997 0.05249035 -0.7700315 0.02499997 0.06349033 -0.774084 -0.02499997 0.02650958 -0.7550314 -0.02499997 0.03750962 -0.774084 0.02499997 0.02650958 -0.7550314 0.02499997 0.03750962 -0.771 -0.02499997 0.01499998 -0.749 -0.02499997 0.01499998 -0.771 0.02499997 0.01499998 -0.749 0.02499997 0.01499998 -0.771 -0.02499997 -0.01499998 -0.749 -0.02499997 -0.01499998 -0.771 0.02499997 -0.01499998 -0.749 0.02499997 -0.01499998 -0.774084 -0.02499997 -0.02650958 -0.7550314 -0.02499997 -0.03750956 -0.774084 0.02499997 -0.02650958 -0.7550314 0.02499997 -0.03750956 -0.789084 -0.02499997 -0.05249035 -0.7700315 -0.02499997 -0.06349033 -0.789084 0.02499997 -0.05249035 -0.7700315 0.02499997 -0.06349033 -0.7975096 -0.02499997 -0.06091594 -0.7865096 -0.02499997 -0.07996851 -0.7975096 0.02499997 -0.06091594 -0.7865096 0.02499997 -0.07996851 -0.8234904 -0.02499997 -0.07591599 -0.8124904 -0.02499997 -0.09496855 -0.8234904 0.02499997 -0.07591599 -0.8124904 0.02499997 -0.09496855 -0.835 -0.02499997 -0.07899999 -0.835 -0.02499997 -0.101 -0.835 0.02499997 -0.07899999 -0.835 0.02499997 -0.101 -0.865 -0.02499997 -0.07899999 -0.865 -0.02499997 -0.101 -0.865 0.02499997 -0.07899999 -0.865 0.02499997 -0.101 -0.8765096 -0.02499997 -0.07591599 -0.8875096 -0.02499997 -0.09496855 -0.8765096 0.02499997 -0.07591599 -0.8875096 0.02499997 -0.09496855 -0.9024904 -0.02499997 -0.060916 -0.9134904 -0.02499997 -0.07996857 -0.9024904 0.02499997 -0.060916 -0.9134904 0.02499997 -0.07996857 -0.910916 -0.02499997 -0.05249035 -0.9299686 -0.02499997 -0.06349033 -0.910916 0.02499997 -0.05249035 -0.9299686 0.02499997 -0.06349033 -0.9259161 -0.02499997 -0.02650958 -0.9449687 -0.02499997 -0.03750956 -0.9259161 0.02499997 -0.02650958 -0.9449687 0.02499997 -0.03750956 -0.9290001 -0.02499997 -0.01499998 -0.951 -0.02499997 -0.01499998 -0.9290001 0.02499997 -0.01499998 -0.951 0.02499997 -0.01499998 -0.9290001 -0.02499997 0.01499998 -0.951 -0.02499997 0.01499998 -0.9290001 0.02499997 0.01499998 -0.951 0.02499997 0.01499998 -0.9259161 -0.02499997 0.02650958 -0.9449687 -0.02499997 0.03750962 -0.9259161 0.02499997 0.02650958 -0.9449687 0.02499997 0.03750962 -0.910916 -0.02499997 0.05249035 -0.9299686 -0.02499997 0.06349033 -0.910916 0.02499997 0.05249035 -0.9299686 0.02499997 0.06349033 -0.9024904 -0.02499997 0.060916 -0.9134904 -0.02499997 0.07996851 -0.9024904 0.02499997 0.060916 -0.9134904 0.02499997 0.07996851 -0.8765097 -0.02499997 0.07591599 -0.8875097 -0.02499997 0.09496855 -0.8765097 0.02499997 0.07591599 -0.8875097 0.02499997 0.09496855 0.85 -0.06099998 0.09799998 0.85 -0.055 0.09197092 0.85 -0.05580383 0.09498548 0.85 -0.05799996 0.09719222 0.85 -0.125 0.09197092 0.85 -0.119 0.09799998 0.85 -0.1241961 0.09498548 0.85 -0.122 0.09719222 0.8679427 -0.055 0.09020376 0.8691189 -0.06099998 0.0961169 0.8685308 -0.05580383 0.09316033 0.8689613 -0.05799996 0.09532469 0.8679427 -0.125 0.09020376 0.8691189 -0.119 0.09611696 0.8685308 -0.1241961 0.09316033 0.8689613 -0.122 0.09532469 0.8851958 -0.055 0.08497005 0.887503 -0.06099998 0.09054017 0.8863494 -0.05580383 0.08775514 0.8871939 -0.05799996 0.08979392 0.8851958 -0.125 0.08497005 0.887503 -0.119 0.09054017 0.8863494 -0.1241961 0.08775514 0.8871939 -0.122 0.08979392 0.9010964 -0.055 0.07647103 0.9044459 -0.06099998 0.08148401 0.9027711 -0.05580383 0.07897752 0.9039972 -0.05799996 0.08081239 0.9010964 -0.125 0.07647103 0.9044459 -0.119 0.08148401 0.9027711 -0.1241961 0.07897752 0.9039972 -0.122 0.08081239 0.9150334 -0.055 0.06503325 0.9192965 -0.06099998 0.06929641 0.9171649 -0.05580383 0.06716483 0.9187254 -0.05799996 0.06872528 0.9150334 -0.125 0.06503325 0.9192965 -0.119 0.06929641 0.9171649 -0.1241961 0.06716489 0.9187254 -0.122 0.06872528 0.9264711 -0.055 0.05109632 0.9314841 -0.06099998 0.05444586 0.9289776 -0.05580383 0.05277109 0.9308124 -0.05799996 0.05399709 0.9264711 -0.125 0.05109632 0.9314841 -0.119 0.05444586 0.9289776 -0.1241961 0.05277109 0.9308124 -0.122 0.05399709 0.9349702 -0.055 0.0351957 0.9405402 -0.06099998 0.03750294 0.9377552 -0.05580383 0.03634935 0.939794 -0.05799996 0.03719383 0.9349702 -0.125 0.03519576 0.9405402 -0.119 0.03750294 0.9377552 -0.1241961 0.03634935 0.939794 -0.122 0.03719383 0.9402038 -0.055 0.01794266 0.946117 -0.06099998 0.01911884 0.9431604 -0.05580383 0.01853072 0.9453248 -0.05799996 0.01896125 0.9402038 -0.125 0.01794266 0.946117 -0.119 0.01911884 0.9431604 -0.1241961 0.01853072 0.9453248 -0.122 0.01896125 0.941971 -0.055 0 0.948 -0.06099998 0 0.9449855 -0.05580383 0 0.9471923 -0.05799996 0 0.941971 -0.125 0 0.948 -0.119 0 0.9449855 -0.1241961 0 0.9471923 -0.122 0 0.9402038 -0.055 -0.01794266 0.946117 -0.06099998 -0.01911884 0.9431604 -0.05580383 -0.01853072 0.9453248 -0.05799996 -0.01896125 0.9402038 -0.125 -0.0179426 0.946117 -0.119 -0.01911884 0.9431604 -0.1241961 -0.01853072 0.9453248 -0.122 -0.01896125 0.9349702 -0.055 -0.0351957 0.9405402 -0.06099998 -0.03750294 0.9377552 -0.05580383 -0.03634935 0.939794 -0.05799996 -0.03719383 0.9349702 -0.125 -0.0351957 0.9405402 -0.119 -0.03750294 0.9377552 -0.1241961 -0.03634935 0.939794 -0.122 -0.03719383 0.9264711 -0.055 -0.05109632 0.9314841 -0.06099998 -0.05444586 0.9289776 -0.05580383 -0.05277109 0.9308124 -0.05799996 -0.05399709 0.9264711 -0.125 -0.05109632 0.9314841 -0.119 -0.05444586 0.9289776 -0.1241961 -0.05277109 0.9308124 -0.122 -0.05399709 0.9150334 -0.055 -0.06503325 0.9192965 -0.06099998 -0.06929641 0.9171649 -0.05580383 -0.06716489 0.9187254 -0.05799996 -0.06872528 0.9150334 -0.125 -0.06503325 0.9192965 -0.119 -0.06929641 0.9171649 -0.1241961 -0.06716489 0.9187254 -0.122 -0.06872528 0.9010964 -0.055 -0.07647103 0.9044459 -0.06099998 -0.08148401 0.9027711 -0.05580383 -0.07897752 0.9039972 -0.05799996 -0.08081239 0.9010964 -0.125 -0.07647103 0.9044459 -0.119 -0.08148401 0.9027711 -0.1241961 -0.07897752 0.9039972 -0.122 -0.08081239 0.8851958 -0.055 -0.08497005 0.887503 -0.06099998 -0.09054017 0.8863494 -0.05580383 -0.08775514 0.8871939 -0.05799996 -0.08979392 0.8851958 -0.125 -0.08497005 0.887503 -0.119 -0.09054017 0.8863494 -0.1241961 -0.08775514 0.8871939 -0.122 -0.08979392 0.8679427 -0.055 -0.09020376 0.8691189 -0.06099998 -0.09611696 0.8685308 -0.05580383 -0.09316033 0.8689613 -0.05799996 -0.09532469 0.8679427 -0.125 -0.09020376 0.8691189 -0.119 -0.0961169 0.8685308 -0.1241961 -0.09316033 0.8689613 -0.122 -0.09532469 0.85 -0.055 -0.09197092 0.85 -0.06099998 -0.09799998 0.85 -0.05580383 -0.09498548 0.85 -0.05799996 -0.09719222 0.85 -0.125 -0.09197092 0.85 -0.119 -0.09799998 0.85 -0.1241961 -0.09498548 0.85 -0.122 -0.09719222 0.8320574 -0.055 -0.09020376 0.8308812 -0.06099998 -0.09611696 0.8314692 -0.05580383 -0.09316033 0.8310388 -0.05799996 -0.09532469 0.8320574 -0.125 -0.09020376 0.8308812 -0.119 -0.0961169 0.8314692 -0.1241961 -0.09316033 0.8310388 -0.122 -0.09532469 0.8148043 -0.055 -0.08497005 0.812497 -0.06099998 -0.09054017 0.8136507 -0.05580383 -0.08775514 0.8128061 -0.05799996 -0.08979392 0.8148043 -0.125 -0.08497005 0.812497 -0.119 -0.09054017 0.8136507 -0.1241961 -0.08775514 0.8128061 -0.122 -0.08979392 0.7989037 -0.055 -0.07647103 0.7955542 -0.06099998 -0.08148401 0.7972289 -0.05580383 -0.07897752 0.7960029 -0.05799996 -0.08081239 0.7989037 -0.125 -0.07647103 0.7955542 -0.119 -0.08148401 0.7972289 -0.1241961 -0.07897752 0.7960029 -0.122 -0.08081239 0.7849667 -0.055 -0.06503325 0.7807036 -0.06099998 -0.06929641 0.7828351 -0.05580383 -0.06716489 0.7812747 -0.05799996 -0.06872528 0.7849667 -0.125 -0.06503325 0.7807036 -0.119 -0.06929641 0.7828351 -0.1241961 -0.06716489 0.7812747 -0.122 -0.06872528 0.7735289 -0.055 -0.05109632 0.768516 -0.06099998 -0.05444586 0.7710225 -0.05580383 -0.05277109 0.7691876 -0.05799996 -0.05399709 0.7735289 -0.125 -0.05109632 0.768516 -0.119 -0.05444586 0.7710225 -0.1241961 -0.05277109 0.7691876 -0.122 -0.05399709 0.7650299 -0.055 -0.0351957 0.7594599 -0.06099998 -0.03750294 0.7622449 -0.05580383 -0.03634935 0.7602061 -0.05799996 -0.03719383 0.7650299 -0.125 -0.0351957 0.7594599 -0.119 -0.03750294 0.7622449 -0.1241961 -0.03634935 0.7602061 -0.122 -0.03719383 0.7597963 -0.055 -0.01794266 0.7538831 -0.06099998 -0.01911884 0.7568396 -0.05580383 -0.01853072 0.7546753 -0.05799996 -0.01896125 0.7597963 -0.125 -0.0179426 0.7538831 -0.119 -0.01911884 0.7568396 -0.1241961 -0.01853072 0.7546753 -0.122 -0.01896125 0.7580291 -0.055 0 0.752 -0.06099998 0 0.7550145 -0.05580383 0 0.7528077 -0.05799996 0 0.7580291 -0.125 0 0.752 -0.119 0 0.7550145 -0.1241961 0 0.7528077 -0.122 0 0.7597963 -0.055 0.01794266 0.7538831 -0.06099998 0.01911884 0.7568396 -0.05580383 0.01853072 0.7546753 -0.05799996 0.01896125 0.7597963 -0.125 0.01794266 0.7538831 -0.119 0.01911884 0.7568396 -0.1241961 0.01853072 0.7546753 -0.122 0.01896125 0.7650299 -0.055 0.0351957 0.7594599 -0.06099998 0.03750294 0.7622449 -0.05580383 0.03634935 0.7602061 -0.05799996 0.03719383 0.7650299 -0.125 0.03519576 0.7594599 -0.119 0.03750294 0.7622449 -0.1241961 0.03634935 0.7602061 -0.122 0.03719383 0.7735289 -0.055 0.05109632 0.768516 -0.06099998 0.05444586 0.7710225 -0.05580383 0.05277109 0.7691876 -0.05799996 0.05399709 0.7735289 -0.125 0.05109632 0.768516 -0.119 0.05444586 0.7710225 -0.1241961 0.05277109 0.7691876 -0.122 0.05399709 0.7849667 -0.055 0.06503325 0.7807036 -0.06099998 0.06929641 0.7828351 -0.05580383 0.06716483 0.7812747 -0.05799996 0.06872528 0.7849667 -0.125 0.06503325 0.7807036 -0.119 0.06929641 0.7828351 -0.1241961 0.06716489 0.7812747 -0.122 0.06872528 0.7989037 -0.055 0.07647103 0.7955542 -0.06099998 0.08148401 0.7972289 -0.05580383 0.07897752 0.7960029 -0.05799996 0.08081239 0.7989037 -0.125 0.07647103 0.7955542 -0.119 0.08148401 0.7972289 -0.1241961 0.07897752 0.7960029 -0.122 0.08081239 0.8148043 -0.055 0.08497005 0.812497 -0.06099998 0.09054017 0.8136507 -0.05580383 0.08775514 0.8128061 -0.05799996 0.08979392 0.8148043 -0.125 0.08497005 0.812497 -0.119 0.09054017 0.8136507 -0.1241961 0.08775514 0.8128061 -0.122 0.08979392 0.8320574 -0.055 0.09020376 0.8308812 -0.06099998 0.0961169 0.8314692 -0.05580383 0.09316033 0.8310388 -0.05799996 0.09532469 0.8320574 -0.125 0.09020376 0.8308812 -0.119 0.09611696 0.8314692 -0.1241961 0.09316033 0.8310388 -0.122 0.09532469 0.85 0.119 0.09799998 0.85 0.125 0.09197092 0.85 0.1241961 0.09498548 0.85 0.122 0.09719222 0.85 0.05500006 0.09197092 0.85 0.06100004 0.09799998 0.85 0.05580389 0.09498548 0.85 0.05800002 0.09719222 0.8679427 0.125 0.09020376 0.8691189 0.119 0.0961169 0.8685308 0.1241961 0.09316033 0.8689613 0.122 0.09532469 0.8679427 0.05500006 0.09020376 0.8691189 0.06100004 0.09611696 0.8685308 0.05580389 0.09316033 0.8689613 0.05800002 0.09532469 0.8851958 0.125 0.08497005 0.887503 0.119 0.09054017 0.8863494 0.1241961 0.08775514 0.8871939 0.122 0.08979392 0.8851958 0.05500006 0.08497005 0.887503 0.06100004 0.09054017 0.8863494 0.05580389 0.08775514 0.8871939 0.05800002 0.08979392 0.9010964 0.125 0.07647103 0.9044459 0.119 0.08148401 0.9027711 0.1241961 0.07897752 0.9039972 0.122 0.08081239 0.9010964 0.05500006 0.07647103 0.9044459 0.06100004 0.08148401 0.9027711 0.05580389 0.07897752 0.9039972 0.05800002 0.08081239 0.9150334 0.125 0.06503325 0.9192965 0.119 0.06929641 0.9171649 0.1241961 0.06716483 0.9187254 0.122 0.06872528 0.9150334 0.05500006 0.06503325 0.9192965 0.06100004 0.06929641 0.9171649 0.05580389 0.06716489 0.9187254 0.05800002 0.06872528 0.9264711 0.125 0.05109632 0.9314841 0.119 0.05444586 0.9289776 0.1241961 0.05277109 0.9308124 0.122 0.05399709 0.9264711 0.05500006 0.05109632 0.9314841 0.06100004 0.05444586 0.9289776 0.05580389 0.05277109 0.9308124 0.05800002 0.05399709 0.9349702 0.125 0.0351957 0.9405402 0.119 0.03750294 0.9377552 0.1241961 0.03634935 0.939794 0.122 0.03719383 0.9349702 0.055 0.03519576 0.9405402 0.06100004 0.03750294 0.9377552 0.05580389 0.03634935 0.939794 0.05800002 0.03719383 0.9402038 0.125 0.01794266 0.946117 0.119 0.01911884 0.9431604 0.1241961 0.01853072 0.9453248 0.122 0.01896125 0.9402038 0.055 0.01794266 0.946117 0.06100004 0.01911884 0.9431604 0.05580389 0.01853072 0.9453248 0.05800002 0.01896125 0.941971 0.125 0 0.948 0.119 0 0.9449855 0.1241961 0 0.9471923 0.122 0 0.941971 0.055 0 0.948 0.06100004 0 0.9449855 0.05580389 0 0.9471923 0.05800002 0 0.9402038 0.125 -0.01794266 0.946117 0.119 -0.01911884 0.9431604 0.1241961 -0.01853072 0.9453248 0.122 -0.01896125 0.9402038 0.055 -0.0179426 0.946117 0.06100004 -0.01911884 0.9431604 0.05580389 -0.01853072 0.9453248 0.05800002 -0.01896125 0.9349702 0.125 -0.0351957 0.9405402 0.119 -0.03750294 0.9377552 0.1241961 -0.03634935 0.939794 0.122 -0.03719383 0.9349702 0.055 -0.0351957 0.9405402 0.06100004 -0.03750294 0.9377552 0.05580389 -0.03634935 0.939794 0.05800002 -0.03719383 0.9264711 0.125 -0.05109632 0.9314841 0.119 -0.05444586 0.9289776 0.1241961 -0.05277109 0.9308124 0.122 -0.05399709 0.9264711 0.055 -0.05109632 0.9314841 0.06100004 -0.05444586 0.9289776 0.05580389 -0.05277109 0.9308124 0.05800002 -0.05399709 0.9150334 0.125 -0.06503325 0.9192965 0.119 -0.06929641 0.9171649 0.1241961 -0.06716489 0.9187254 0.122 -0.06872528 0.9150334 0.055 -0.06503325 0.9192965 0.06100004 -0.06929641 0.9171649 0.05580389 -0.06716489 0.9187254 0.05800002 -0.06872528 0.9010964 0.125 -0.07647103 0.9044459 0.119 -0.08148401 0.9027711 0.1241961 -0.07897752 0.9039972 0.122 -0.08081239 0.9010964 0.055 -0.07647103 0.9044459 0.06100004 -0.08148401 0.9027711 0.05580389 -0.07897752 0.9039972 0.05800002 -0.08081239 0.8851958 0.125 -0.08497005 0.887503 0.119 -0.09054017 0.8863494 0.1241961 -0.08775514 0.8871939 0.122 -0.08979392 0.8851958 0.055 -0.08497005 0.887503 0.06100004 -0.09054017 0.8863494 0.05580389 -0.08775514 0.8871939 0.05800002 -0.08979392 0.8679427 0.125 -0.09020376 0.8691189 0.119 -0.09611696 0.8685308 0.1241961 -0.09316033 0.8689613 0.122 -0.09532469 0.8679427 0.055 -0.09020376 0.8691189 0.06100004 -0.0961169 0.8685308 0.05580389 -0.09316033 0.8689613 0.05800002 -0.09532469 0.85 0.125 -0.09197092 0.85 0.119 -0.09799998 0.85 0.1241961 -0.09498548 0.85 0.122 -0.09719222 0.85 0.055 -0.09197092 0.85 0.06100004 -0.09799998 0.85 0.05580389 -0.09498548 0.85 0.05800002 -0.09719222 0.8320574 0.125 -0.09020376 0.8308812 0.119 -0.09611696 0.8314692 0.1241961 -0.09316033 0.8310388 0.122 -0.09532469 0.8320574 0.055 -0.09020376 0.8308812 0.06100004 -0.0961169 0.8314692 0.05580389 -0.09316033 0.8310388 0.05800002 -0.09532469 0.8148043 0.125 -0.08497005 0.812497 0.119 -0.09054017 0.8136507 0.1241961 -0.08775514 0.8128061 0.122 -0.08979392 0.8148043 0.055 -0.08497005 0.812497 0.06100004 -0.09054017 0.8136507 0.05580389 -0.08775514 0.8128061 0.05800002 -0.08979392 0.7989037 0.125 -0.07647103 0.7955542 0.119 -0.08148401 0.7972289 0.1241961 -0.07897752 0.7960029 0.122 -0.08081239 0.7989037 0.055 -0.07647103 0.7955542 0.06100004 -0.08148401 0.7972289 0.05580389 -0.07897752 0.7960029 0.05800002 -0.08081239 0.7849667 0.125 -0.06503325 0.7807036 0.119 -0.06929641 0.7828351 0.1241961 -0.06716489 0.7812747 0.122 -0.06872528 0.7849667 0.055 -0.06503325 0.7807036 0.06100004 -0.06929641 0.7828351 0.05580389 -0.06716489 0.7812747 0.05800002 -0.06872528 0.7735289 0.125 -0.05109632 0.768516 0.119 -0.05444586 0.7710225 0.1241961 -0.05277109 0.7691876 0.122 -0.05399709 0.7735289 0.055 -0.05109632 0.768516 0.06100004 -0.05444586 0.7710225 0.05580389 -0.05277109 0.7691876 0.05800002 -0.05399709 0.7650299 0.125 -0.0351957 0.7594599 0.119 -0.03750294 0.7622449 0.1241961 -0.03634935 0.7602061 0.122 -0.03719383 0.7650299 0.055 -0.0351957 0.7594599 0.06100004 -0.03750294 0.7622449 0.05580389 -0.03634935 0.7602061 0.05800002 -0.03719383 0.7597963 0.125 -0.01794266 0.7538831 0.119 -0.01911884 0.7568396 0.1241961 -0.01853072 0.7546753 0.122 -0.01896125 0.7597963 0.055 -0.0179426 0.7538831 0.06100004 -0.01911884 0.7568396 0.05580389 -0.01853072 0.7546753 0.05800002 -0.01896125 0.7580291 0.125 0 0.752 0.119 0 0.7550145 0.1241961 0 0.7528077 0.122 0 0.7580291 0.055 0 0.752 0.06100004 0 0.7550145 0.05580389 0 0.7528077 0.05800002 0 0.7597963 0.125 0.01794266 0.7538831 0.119 0.01911884 0.7568396 0.1241961 0.01853072 0.7546753 0.122 0.01896125 0.7597963 0.055 0.01794266 0.7538831 0.06100004 0.01911884 0.7568396 0.05580389 0.01853072 0.7546753 0.05800002 0.01896125 0.7650299 0.125 0.0351957 0.7594599 0.119 0.03750294 0.7622449 0.1241961 0.03634935 0.7602061 0.122 0.03719383 0.7650299 0.055 0.03519576 0.7594599 0.06100004 0.03750294 0.7622449 0.05580389 0.03634935 0.7602061 0.05800002 0.03719383 0.7735289 0.125 0.05109632 0.768516 0.119 0.05444586 0.7710225 0.1241961 0.05277109 0.7691876 0.122 0.05399709 0.7735289 0.05500006 0.05109632 0.768516 0.06100004 0.05444586 0.7710225 0.05580389 0.05277109 0.7691876 0.05800002 0.05399709 0.7849667 0.125 0.06503325 0.7807036 0.119 0.06929641 0.7828351 0.1241961 0.06716483 0.7812747 0.122 0.06872528 0.7849667 0.05500006 0.06503325 0.7807036 0.06100004 0.06929641 0.7828351 0.05580389 0.06716489 0.7812747 0.05800002 0.06872528 0.7989037 0.125 0.07647103 0.7955542 0.119 0.08148401 0.7972289 0.1241961 0.07897752 0.7960029 0.122 0.08081239 0.7989037 0.05500006 0.07647103 0.7955542 0.06100004 0.08148401 0.7972289 0.05580389 0.07897752 0.7960029 0.05800002 0.08081239 0.8148043 0.125 0.08497005 0.812497 0.119 0.09054017 0.8136507 0.1241961 0.08775514 0.8128061 0.122 0.08979392 0.8148043 0.05500006 0.08497005 0.812497 0.06100004 0.09054017 0.8136507 0.05580389 0.08775514 0.8128061 0.05800002 0.08979392 0.8320574 0.125 0.09020376 0.8308812 0.119 0.0961169 0.8314692 0.1241961 0.09316033 0.8310388 0.122 0.09532469 0.8320574 0.05500006 0.09020376 0.8308812 0.06100004 0.09611696 0.8314692 0.05580389 0.09316033 0.8310388 0.05800002 0.09532469 0.85 0.15 0.04499995 0.85 -0.15 0.04500001 0.8639058 0.15 0.0427975 0.8639058 -0.15 0.04279756 0.8764504 0.15 0.03640574 0.8764504 -0.15 0.03640574 0.8864058 0.15 0.02645027 0.8864058 -0.15 0.02645033 0.8927976 0.15 0.0139057 0.8927976 -0.15 0.01390576 0.8950001 0.1499999 0 0.8950001 -0.15 0 0.8927976 0.1499999 -0.01390576 0.8927976 -0.15 -0.0139057 0.8864058 0.1499999 -0.02645033 0.8864058 -0.15 -0.02645027 0.8764504 0.1499999 -0.03640574 0.8764504 -0.15 -0.03640574 0.8639058 0.1499999 -0.0427975 0.8639058 -0.15 -0.0427975 0.85 0.1499999 -0.04500001 0.85 -0.15 -0.04499995 0.8360943 0.1499999 -0.0427975 0.8360943 -0.15 -0.0427975 0.8235497 0.1499999 -0.03640574 0.8235497 -0.15 -0.03640574 0.8135943 0.1499999 -0.02645033 0.8135943 -0.15 -0.02645027 0.8072025 0.1499999 -0.01390576 0.8072025 -0.15 -0.0139057 0.805 0.1499999 0 0.805 -0.15 0 0.8072025 0.15 0.0139057 0.8072025 -0.15 0.01390576 0.8135943 0.15 0.02645027 0.8135943 -0.15 0.02645033 0.8235497 0.15 0.03640574 0.8235497 -0.15 0.03640574 0.8360943 0.15 0.0427975 0.8360943 -0.15 0.04279756 -0.51 -0.06349998 0.03799998 -0.51 -0.0575 0.0319482 -0.51 -0.05830383 0.03497409 -0.51 -0.06049996 0.03718918 -0.51 -0.1225 0.0319482 -0.51 -0.1165 0.03799998 -0.51 -0.1216961 0.03497409 -0.51 -0.1195 0.03718918 -0.493449 -0.0575 0.02976924 -0.4918826 -0.06349998 0.03561478 -0.4926658 -0.05830383 0.03269201 -0.4920925 -0.06049996 0.03483164 -0.493449 -0.1225 0.02976924 -0.4918826 -0.1165 0.03561478 -0.4926658 -0.1216961 0.03269201 -0.4920925 -0.1195 0.03483164 -0.4780259 -0.0575 0.02338075 -0.475 -0.06349998 0.02862173 -0.4765129 -0.05830383 0.02600127 -0.4754054 -0.06049996 0.02791959 -0.4780259 -0.1225 0.02338075 -0.475 -0.1165 0.02862173 -0.4765129 -0.1216961 0.02600127 -0.4754054 -0.1195 0.02791959 -0.4647818 -0.0575 0.01321816 -0.4605025 -0.06349998 0.01749742 -0.4626421 -0.05830383 0.01535779 -0.4610758 -0.06049996 0.01692414 -0.4647818 -0.1225 0.01321822 -0.4605025 -0.1165 0.01749742 -0.4626421 -0.1216961 0.01535785 -0.4610758 -0.1195 0.01692414 -0.4546192 -0.0575 -2.58982e-5 -0.4493782 -0.06349998 0.002999961 -0.4519987 -0.05830383 0.001487016 -0.4500803 -0.06049996 0.00259459 -0.4546192 -0.1225 -2.58982e-5 -0.4493782 -0.1165 0.002999961 -0.4519987 -0.1216961 0.001487016 -0.4500803 -0.1195 0.00259459 -0.4482308 -0.0575 -0.01544898 -0.4423852 -0.06349998 -0.01388263 -0.445308 -0.05830383 -0.01466578 -0.4431684 -0.06049996 -0.0140925 -0.4482308 -0.1225 -0.01544892 -0.4423852 -0.1165 -0.01388263 -0.445308 -0.1216961 -0.01466578 -0.4431684 -0.1195 -0.0140925 -0.4460518 -0.0575 -0.032 -0.44 -0.06349998 -0.032 -0.4430258 -0.05830383 -0.032 -0.4408107 -0.06049996 -0.032 -0.4460518 -0.1225 -0.032 -0.44 -0.1165 -0.032 -0.4430258 -0.1216961 -0.032 -0.4408107 -0.1195 -0.032 -0.4482308 -0.0575 -0.04855102 -0.4423852 -0.06349998 -0.05011731 -0.445308 -0.05830383 -0.04933416 -0.4431684 -0.06049996 -0.04990744 -0.4482308 -0.1225 -0.04855102 -0.4423852 -0.1165 -0.05011731 -0.445308 -0.1216961 -0.04933416 -0.4431684 -0.1195 -0.04990744 -0.4546192 -0.0575 -0.06397408 -0.4493782 -0.06349998 -0.06699997 -0.4519987 -0.05830383 -0.06548702 -0.4500803 -0.06049996 -0.0665946 -0.4546192 -0.1225 -0.06397408 -0.4493782 -0.1165 -0.06699997 -0.4519987 -0.1216961 -0.06548702 -0.4500803 -0.1195 -0.0665946 -0.4647818 -0.0575 -0.07721823 -0.4605025 -0.06349998 -0.08149749 -0.4626421 -0.05830383 -0.07935786 -0.4610758 -0.06049996 -0.08092415 -0.4647818 -0.1225 -0.07721823 -0.4605025 -0.1165 -0.08149743 -0.4626421 -0.1216961 -0.0793578 -0.4610758 -0.1195 -0.08092415 -0.4780259 -0.0575 -0.08738076 -0.475 -0.06349998 -0.09262174 -0.4765129 -0.05830383 -0.09000128 -0.4754054 -0.06049996 -0.0919196 -0.4780259 -0.1225 -0.08738076 -0.475 -0.1165 -0.09262174 -0.4765129 -0.1216961 -0.09000128 -0.4754054 -0.1195 -0.0919196 -0.493449 -0.0575 -0.09376925 -0.4918826 -0.06349998 -0.09961479 -0.4926658 -0.05830383 -0.09669202 -0.4920925 -0.06049996 -0.09883165 -0.493449 -0.1225 -0.09376925 -0.4918826 -0.1165 -0.09961479 -0.4926658 -0.1216961 -0.09669202 -0.4920925 -0.1195 -0.09883165 -0.51 -0.0575 -0.09594821 -0.51 -0.06349998 -0.102 -0.51 -0.05830383 -0.0989741 -0.51 -0.06049996 -0.1011892 -0.51 -0.1225 -0.09594821 -0.51 -0.1165 -0.1019999 -0.51 -0.1216961 -0.0989741 -0.51 -0.1195 -0.1011892 -0.526551 -0.0575 -0.09376925 -0.5281173 -0.06349998 -0.09961479 -0.5273342 -0.05830383 -0.09669202 -0.5279075 -0.06049996 -0.09883165 -0.526551 -0.1225 -0.09376925 -0.5281173 -0.1165 -0.09961479 -0.5273342 -0.1216961 -0.09669202 -0.5279075 -0.1195 -0.09883165 -0.5419741 -0.0575 -0.08738076 -0.545 -0.06349998 -0.09262174 -0.5434871 -0.05830383 -0.09000128 -0.5445946 -0.06049996 -0.0919196 -0.5419741 -0.1225 -0.08738076 -0.545 -0.1165 -0.09262174 -0.5434871 -0.1216961 -0.09000128 -0.5445946 -0.1195 -0.0919196 -0.5552182 -0.0575 -0.07721823 -0.5594975 -0.06349998 -0.08149749 -0.5573579 -0.05830383 -0.07935786 -0.5589241 -0.06049996 -0.08092415 -0.5552182 -0.1225 -0.07721823 -0.5594975 -0.1165 -0.08149743 -0.5573579 -0.1216961 -0.0793578 -0.5589241 -0.1195 -0.08092415 -0.5653808 -0.0575 -0.06397408 -0.5706218 -0.06349998 -0.06699997 -0.5680013 -0.05830383 -0.06548702 -0.5699196 -0.06049996 -0.0665946 -0.5653808 -0.1225 -0.06397408 -0.5706218 -0.1165 -0.06699997 -0.5680013 -0.1216961 -0.06548702 -0.5699196 -0.1195 -0.0665946 -0.5717692 -0.0575 -0.04855102 -0.5776148 -0.06349998 -0.05011731 -0.574692 -0.05830383 -0.04933416 -0.5768316 -0.06049996 -0.04990744 -0.5717692 -0.1225 -0.04855102 -0.5776148 -0.1165 -0.05011731 -0.574692 -0.1216961 -0.04933416 -0.5768316 -0.1195 -0.04990744 -0.5739482 -0.0575 -0.032 -0.58 -0.06349998 -0.032 -0.5769741 -0.05830383 -0.032 -0.5791893 -0.06049996 -0.032 -0.5739482 -0.1225 -0.032 -0.58 -0.1165 -0.032 -0.5769741 -0.1216961 -0.032 -0.5791893 -0.1195 -0.032 -0.5717692 -0.0575 -0.01544898 -0.5776148 -0.06349998 -0.01388263 -0.574692 -0.05830383 -0.01466578 -0.5768316 -0.06049996 -0.0140925 -0.5717692 -0.1225 -0.01544892 -0.5776148 -0.1165 -0.01388263 -0.574692 -0.1216961 -0.01466578 -0.5768316 -0.1195 -0.0140925 -0.5653808 -0.0575 -2.58982e-5 -0.5706218 -0.06349998 0.002999961 -0.5680013 -0.05830383 0.001487016 -0.5699196 -0.06049996 0.00259459 -0.5653808 -0.1225 -2.58982e-5 -0.5706218 -0.1165 0.002999961 -0.5680013 -0.1216961 0.001487016 -0.5699196 -0.1195 0.00259459 -0.5552182 -0.0575 0.01321816 -0.5594975 -0.06349998 0.01749742 -0.5573579 -0.05830383 0.01535779 -0.5589241 -0.06049996 0.01692414 -0.5552182 -0.1225 0.01321822 -0.5594975 -0.1165 0.01749742 -0.5573579 -0.1216961 0.01535785 -0.5589241 -0.1195 0.01692414 -0.5419741 -0.0575 0.02338075 -0.545 -0.06349998 0.02862173 -0.5434871 -0.05830383 0.02600127 -0.5445946 -0.06049996 0.02791959 -0.5419741 -0.1225 0.02338075 -0.545 -0.1165 0.02862173 -0.5434871 -0.1216961 0.02600127 -0.5445946 -0.1195 0.02791959 -0.526551 -0.0575 0.02976924 -0.5281173 -0.06349998 0.03561478 -0.5273342 -0.05830383 0.03269201 -0.5279075 -0.06049996 0.03483164 -0.526551 -0.1225 0.02976924 -0.5281173 -0.1165 0.03561478 -0.5273342 -0.1216961 0.03269201 -0.5279075 -0.1195 0.03483164 -0.51 -0.05599999 0.002999961 -0.51 -0.124 0.002999961 -0.4966061 -0.05599999 3.35783e-4 -0.4966061 -0.124 3.35783e-4 -0.4852513 -0.05599999 -0.007251262 -0.4852513 -0.124 -0.007251262 -0.4776642 -0.05599999 -0.01860606 -0.4776642 -0.124 -0.01860606 -0.475 -0.05599999 -0.032 -0.475 -0.124 -0.032 -0.4776642 -0.05599999 -0.04539388 -0.4776642 -0.124 -0.04539388 -0.4852513 -0.05599999 -0.05674874 -0.4852513 -0.124 -0.05674868 -0.4966061 -0.05599999 -0.06433576 -0.4966061 -0.124 -0.06433576 -0.51 -0.05599999 -0.06699997 -0.51 -0.124 -0.06699997 -0.5233939 -0.05599999 -0.06433576 -0.5233939 -0.124 -0.06433576 -0.5347487 -0.05599999 -0.05674874 -0.5347487 -0.124 -0.05674868 -0.5423358 -0.05599999 -0.04539388 -0.5423358 -0.124 -0.04539388 -0.545 -0.05599999 -0.032 -0.545 -0.124 -0.032 -0.5423358 -0.05599999 -0.01860606 -0.5423358 -0.124 -0.01860606 -0.5347487 -0.05599999 -0.007251262 -0.5347487 -0.124 -0.007251262 -0.5233939 -0.05599999 3.35783e-4 -0.5233939 -0.124 3.35783e-4 -0.51 0.1165 0.03799998 -0.51 0.1225 0.0319482 -0.51 0.1216961 0.03497409 -0.51 0.1195 0.03718918 -0.51 0.05750006 0.0319482 -0.51 0.06350004 0.03799998 -0.51 0.05830389 0.03497409 -0.51 0.06050002 0.03718918 -0.493449 0.1225 0.02976924 -0.4918826 0.1165 0.03561478 -0.4926658 0.1216961 0.03269201 -0.4920925 0.1195 0.03483164 -0.493449 0.05750006 0.02976924 -0.4918826 0.06350004 0.03561478 -0.4926658 0.05830389 0.03269201 -0.4920925 0.06050002 0.03483164 -0.4780259 0.1225 0.02338075 -0.475 0.1165 0.02862173 -0.4765129 0.1216961 0.02600127 -0.4754054 0.1195 0.02791959 -0.4780259 0.05750006 0.02338075 -0.475 0.06350004 0.02862173 -0.4765129 0.05830389 0.02600127 -0.4754054 0.06050002 0.02791959 -0.4647818 0.1225 0.01321816 -0.4605025 0.1165 0.01749742 -0.4626421 0.1216961 0.01535779 -0.4610758 0.1195 0.01692414 -0.4647818 0.05750006 0.01321822 -0.4605025 0.06350004 0.01749742 -0.4626421 0.05830389 0.01535785 -0.4610758 0.06050002 0.01692414 -0.4546192 0.1225 -2.58982e-5 -0.4493782 0.1165 0.002999961 -0.4519987 0.1216961 0.001487016 -0.4500803 0.1195 0.00259459 -0.4546192 0.05750006 -2.58982e-5 -0.4493782 0.06350004 0.002999961 -0.4519987 0.05830389 0.001487016 -0.4500803 0.06050002 0.00259459 -0.4482308 0.1225 -0.01544898 -0.4423852 0.1165 -0.01388263 -0.445308 0.1216961 -0.01466578 -0.4431684 0.1195 -0.0140925 -0.4482308 0.05750006 -0.01544892 -0.4423852 0.06350004 -0.01388263 -0.445308 0.05830389 -0.01466578 -0.4431684 0.06050002 -0.0140925 -0.4460518 0.1225 -0.032 -0.44 0.1165 -0.032 -0.4430258 0.1216961 -0.032 -0.4408107 0.1195 -0.032 -0.4460518 0.0575 -0.032 -0.44 0.06350004 -0.032 -0.4430258 0.05830389 -0.032 -0.4408107 0.06050002 -0.032 -0.4482308 0.1225 -0.04855102 -0.4423852 0.1165 -0.05011731 -0.445308 0.1216961 -0.04933416 -0.4431684 0.1195 -0.04990744 -0.4482308 0.0575 -0.04855102 -0.4423852 0.06350004 -0.05011731 -0.445308 0.05830389 -0.04933416 -0.4431684 0.06050002 -0.04990744 -0.4546192 0.1225 -0.06397408 -0.4493782 0.1165 -0.06699997 -0.4519987 0.1216961 -0.06548702 -0.4500803 0.1195 -0.0665946 -0.4546192 0.0575 -0.06397408 -0.4493782 0.06350004 -0.06699997 -0.4519987 0.05830389 -0.06548702 -0.4500803 0.06050002 -0.0665946 -0.4647818 0.1225 -0.07721823 -0.4605025 0.1165 -0.08149749 -0.4626421 0.1216961 -0.07935786 -0.4610758 0.1195 -0.08092415 -0.4647818 0.0575 -0.07721823 -0.4605025 0.06350004 -0.08149743 -0.4626421 0.05830389 -0.0793578 -0.4610758 0.06050002 -0.08092415 -0.4780259 0.1225 -0.08738076 -0.475 0.1165 -0.09262174 -0.4765129 0.1216961 -0.09000128 -0.4754054 0.1195 -0.0919196 -0.4780259 0.0575 -0.08738076 -0.475 0.06350004 -0.09262174 -0.4765129 0.05830389 -0.09000128 -0.4754054 0.06050002 -0.0919196 -0.493449 0.1225 -0.09376925 -0.4918826 0.1165 -0.09961479 -0.4926658 0.1216961 -0.09669202 -0.4920925 0.1195 -0.09883165 -0.493449 0.0575 -0.09376925 -0.4918826 0.06350004 -0.09961479 -0.4926658 0.05830389 -0.09669202 -0.4920925 0.06050002 -0.09883165 -0.51 0.1225 -0.09594821 -0.51 0.1165 -0.102 -0.51 0.1216961 -0.0989741 -0.51 0.1195 -0.1011892 -0.51 0.0575 -0.09594821 -0.51 0.06350004 -0.1019999 -0.51 0.05830389 -0.0989741 -0.51 0.06050002 -0.1011892 -0.526551 0.1225 -0.09376925 -0.5281173 0.1165 -0.09961479 -0.5273342 0.1216961 -0.09669202 -0.5279075 0.1195 -0.09883165 -0.526551 0.0575 -0.09376925 -0.5281173 0.06350004 -0.09961479 -0.5273342 0.05830389 -0.09669202 -0.5279075 0.06050002 -0.09883165 -0.5419741 0.1225 -0.08738076 -0.545 0.1165 -0.09262174 -0.5434871 0.1216961 -0.09000128 -0.5445946 0.1195 -0.0919196 -0.5419741 0.0575 -0.08738076 -0.545 0.06350004 -0.09262174 -0.5434871 0.05830389 -0.09000128 -0.5445946 0.06050002 -0.0919196 -0.5552182 0.1225 -0.07721823 -0.5594975 0.1165 -0.08149749 -0.5573579 0.1216961 -0.07935786 -0.5589241 0.1195 -0.08092415 -0.5552182 0.0575 -0.07721823 -0.5594975 0.06350004 -0.08149743 -0.5573579 0.05830389 -0.0793578 -0.5589241 0.06050002 -0.08092415 -0.5653808 0.1225 -0.06397408 -0.5706218 0.1165 -0.06699997 -0.5680013 0.1216961 -0.06548702 -0.5699196 0.1195 -0.0665946 -0.5653808 0.0575 -0.06397408 -0.5706218 0.06350004 -0.06699997 -0.5680013 0.05830389 -0.06548702 -0.5699196 0.06050002 -0.0665946 -0.5717692 0.1225 -0.04855102 -0.5776148 0.1165 -0.05011731 -0.574692 0.1216961 -0.04933416 -0.5768316 0.1195 -0.04990744 -0.5717692 0.0575 -0.04855102 -0.5776148 0.06350004 -0.05011731 -0.574692 0.05830389 -0.04933416 -0.5768316 0.06050002 -0.04990744 -0.5739482 0.1225 -0.032 -0.58 0.1165 -0.032 -0.5769741 0.1216961 -0.032 -0.5791893 0.1195 -0.032 -0.5739482 0.0575 -0.032 -0.58 0.06350004 -0.032 -0.5769741 0.05830389 -0.032 -0.5791893 0.06050002 -0.032 -0.5717692 0.1225 -0.01544898 -0.5776148 0.1165 -0.01388263 -0.574692 0.1216961 -0.01466578 -0.5768316 0.1195 -0.0140925 -0.5717692 0.05750006 -0.01544892 -0.5776148 0.06350004 -0.01388263 -0.574692 0.05830389 -0.01466578 -0.5768316 0.06050002 -0.0140925 -0.5653808 0.1225 -2.58982e-5 -0.5706218 0.1165 0.002999961 -0.5680013 0.1216961 0.001487016 -0.5699196 0.1195 0.00259459 -0.5653808 0.05750006 -2.58982e-5 -0.5706218 0.06350004 0.002999961 -0.5680013 0.05830389 0.001487016 -0.5699196 0.06050002 0.00259459 -0.5552182 0.1225 0.01321816 -0.5594975 0.1165 0.01749742 -0.5573579 0.1216961 0.01535779 -0.5589241 0.1195 0.01692414 -0.5552182 0.05750006 0.01321822 -0.5594975 0.06350004 0.01749742 -0.5573579 0.05830389 0.01535785 -0.5589241 0.06050002 0.01692414 -0.5419741 0.1225 0.02338075 -0.545 0.1165 0.02862173 -0.5434871 0.1216961 0.02600127 -0.5445946 0.1195 0.02791959 -0.5419741 0.05750006 0.02338075 -0.545 0.06350004 0.02862173 -0.5434871 0.05830389 0.02600127 -0.5445946 0.06050002 0.02791959 -0.526551 0.1225 0.02976924 -0.5281173 0.1165 0.03561478 -0.5273342 0.1216961 0.03269201 -0.5279075 0.1195 0.03483164 -0.526551 0.05750006 0.02976924 -0.5281173 0.06350004 0.03561478 -0.5273342 0.05830389 0.03269201 -0.5279075 0.06050002 0.03483164 -0.51 0.124 0.002999961 -0.51 0.05600005 0.002999961 -0.4966061 0.124 3.35783e-4 -0.4966061 0.05600005 3.35783e-4 -0.4852513 0.124 -0.007251262 -0.4852513 0.05600005 -0.007251262 -0.4776642 0.124 -0.01860606 -0.4776642 0.05600005 -0.01860606 -0.475 0.124 -0.032 -0.475 0.05600005 -0.032 -0.4776642 0.124 -0.04539388 -0.4776642 0.05600005 -0.04539388 -0.4852513 0.124 -0.05674874 -0.4852513 0.05600005 -0.05674868 -0.4966061 0.124 -0.06433576 -0.4966061 0.05600005 -0.06433576 -0.51 0.124 -0.06699997 -0.51 0.05600005 -0.06699997 -0.5233939 0.124 -0.06433576 -0.5233939 0.05600005 -0.06433576 -0.5347487 0.124 -0.05674874 -0.5347487 0.05600005 -0.05674868 -0.5423358 0.124 -0.04539388 -0.5423358 0.05600005 -0.04539388 -0.545 0.124 -0.032 -0.545 0.05600005 -0.032 -0.5423358 0.124 -0.01860606 -0.5423358 0.05600005 -0.01860606 -0.5347487 0.124 -0.007251262 -0.5347487 0.05600005 -0.007251262 -0.5233939 0.124 3.35783e-4 -0.5233939 0.05600005 3.35783e-4 -0.17 -0.06349998 0.03799998 -0.17 -0.0575 0.0319482 -0.17 -0.05830383 0.03497409 -0.17 -0.06049996 0.03718918 -0.17 -0.1225 0.0319482 -0.17 -0.1165 0.03799998 -0.17 -0.1216961 0.03497409 -0.17 -0.1195 0.03718918 -0.1534489 -0.0575 0.02976924 -0.1518827 -0.06349998 0.03561478 -0.1526658 -0.05830383 0.03269201 -0.1520925 -0.06049996 0.03483164 -0.1534489 -0.1225 0.02976924 -0.1518827 -0.1165 0.03561478 -0.1526658 -0.1216961 0.03269201 -0.1520925 -0.1195 0.03483164 -0.1380259 -0.0575 0.02338075 -0.135 -0.06349998 0.02862173 -0.1365129 -0.05830383 0.02600127 -0.1354054 -0.06049996 0.02791959 -0.1380259 -0.1225 0.02338075 -0.135 -0.1165 0.02862173 -0.1365129 -0.1216961 0.02600127 -0.1354054 -0.1195 0.02791959 -0.1247817 -0.0575 0.01321816 -0.1205025 -0.06349998 0.01749742 -0.1226421 -0.05830383 0.01535779 -0.1210758 -0.06049996 0.01692414 -0.1247817 -0.1225 0.01321822 -0.1205025 -0.1165 0.01749742 -0.1226421 -0.1216961 0.01535785 -0.1210758 -0.1195 0.01692414 -0.1146192 -0.0575 -2.58982e-5 -0.1093782 -0.06349998 0.002999961 -0.1119987 -0.05830383 0.001487016 -0.1100804 -0.06049996 0.00259459 -0.1146192 -0.1225 -2.58982e-5 -0.1093782 -0.1165 0.002999961 -0.1119987 -0.1216961 0.001487016 -0.1100804 -0.1195 0.00259459 -0.1082307 -0.0575 -0.01544898 -0.1023852 -0.06349998 -0.01388263 -0.1053079 -0.05830383 -0.01466578 -0.1031683 -0.06049996 -0.0140925 -0.1082307 -0.1225 -0.01544892 -0.1023852 -0.1165 -0.01388263 -0.1053079 -0.1216961 -0.01466578 -0.1031683 -0.1195 -0.0140925 -0.1060518 -0.0575 -0.032 -0.1 -0.06349998 -0.032 -0.1030259 -0.05830383 -0.032 -0.1008108 -0.06049996 -0.032 -0.1060518 -0.1225 -0.032 -0.1 -0.1165 -0.032 -0.1030259 -0.1216961 -0.032 -0.1008108 -0.1195 -0.032 -0.1082307 -0.0575 -0.04855102 -0.1023852 -0.06349998 -0.05011731 -0.1053079 -0.05830383 -0.04933416 -0.1031683 -0.06049996 -0.04990744 -0.1082307 -0.1225 -0.04855102 -0.1023852 -0.1165 -0.05011731 -0.1053079 -0.1216961 -0.04933416 -0.1031683 -0.1195 -0.04990744 -0.1146192 -0.0575 -0.06397408 -0.1093782 -0.06349998 -0.06699997 -0.1119987 -0.05830383 -0.06548702 -0.1100804 -0.06049996 -0.0665946 -0.1146192 -0.1225 -0.06397408 -0.1093782 -0.1165 -0.06699997 -0.1119987 -0.1216961 -0.06548702 -0.1100804 -0.1195 -0.0665946 -0.1247817 -0.0575 -0.07721823 -0.1205025 -0.06349998 -0.08149749 -0.1226421 -0.05830383 -0.07935786 -0.1210758 -0.06049996 -0.08092415 -0.1247817 -0.1225 -0.07721823 -0.1205025 -0.1165 -0.08149743 -0.1226421 -0.1216961 -0.0793578 -0.1210758 -0.1195 -0.08092415 -0.1380259 -0.0575 -0.08738076 -0.135 -0.06349998 -0.09262174 -0.1365129 -0.05830383 -0.09000128 -0.1354054 -0.06049996 -0.0919196 -0.1380259 -0.1225 -0.08738076 -0.135 -0.1165 -0.09262174 -0.1365129 -0.1216961 -0.09000128 -0.1354054 -0.1195 -0.0919196 -0.1534489 -0.0575 -0.09376925 -0.1518827 -0.06349998 -0.09961479 -0.1526658 -0.05830383 -0.09669202 -0.1520925 -0.06049996 -0.09883165 -0.1534489 -0.1225 -0.09376925 -0.1518827 -0.1165 -0.09961479 -0.1526658 -0.1216961 -0.09669202 -0.1520925 -0.1195 -0.09883165 -0.17 -0.0575 -0.09594821 -0.17 -0.06349998 -0.102 -0.17 -0.05830383 -0.0989741 -0.17 -0.06049996 -0.1011892 -0.17 -0.1225 -0.09594821 -0.17 -0.1165 -0.1019999 -0.17 -0.1216961 -0.0989741 -0.17 -0.1195 -0.1011892 -0.186551 -0.0575 -0.09376925 -0.1881173 -0.06349998 -0.09961479 -0.1873341 -0.05830383 -0.09669202 -0.1879075 -0.06049996 -0.09883165 -0.186551 -0.1225 -0.09376925 -0.1881173 -0.1165 -0.09961479 -0.1873341 -0.1216961 -0.09669202 -0.1879075 -0.1195 -0.09883165 -0.2019741 -0.0575 -0.08738076 -0.205 -0.06349998 -0.09262174 -0.203487 -0.05830383 -0.09000128 -0.2045946 -0.06049996 -0.0919196 -0.2019741 -0.1225 -0.08738076 -0.205 -0.1165 -0.09262174 -0.203487 -0.1216961 -0.09000128 -0.2045946 -0.1195 -0.0919196 -0.2152182 -0.0575 -0.07721823 -0.2194975 -0.06349998 -0.08149749 -0.2173578 -0.05830383 -0.07935786 -0.2189241 -0.06049996 -0.08092415 -0.2152182 -0.1225 -0.07721823 -0.2194975 -0.1165 -0.08149743 -0.2173578 -0.1216961 -0.0793578 -0.2189241 -0.1195 -0.08092415 -0.2253808 -0.0575 -0.06397408 -0.2306218 -0.06349998 -0.06699997 -0.2280012 -0.05830383 -0.06548702 -0.2299196 -0.06049996 -0.0665946 -0.2253808 -0.1225 -0.06397408 -0.2306218 -0.1165 -0.06699997 -0.2280012 -0.1216961 -0.06548702 -0.2299196 -0.1195 -0.0665946 -0.2317692 -0.0575 -0.04855102 -0.2376148 -0.06349998 -0.05011731 -0.234692 -0.05830383 -0.04933416 -0.2368316 -0.06049996 -0.04990744 -0.2317692 -0.1225 -0.04855102 -0.2376148 -0.1165 -0.05011731 -0.234692 -0.1216961 -0.04933416 -0.2368316 -0.1195 -0.04990744 -0.2339482 -0.0575 -0.032 -0.24 -0.06349998 -0.032 -0.2369741 -0.05830383 -0.032 -0.2391892 -0.06049996 -0.032 -0.2339482 -0.1225 -0.032 -0.24 -0.1165 -0.032 -0.2369741 -0.1216961 -0.032 -0.2391892 -0.1195 -0.032 -0.2317692 -0.0575 -0.01544898 -0.2376148 -0.06349998 -0.01388263 -0.234692 -0.05830383 -0.01466578 -0.2368316 -0.06049996 -0.0140925 -0.2317692 -0.1225 -0.01544892 -0.2376148 -0.1165 -0.01388263 -0.234692 -0.1216961 -0.01466578 -0.2368316 -0.1195 -0.0140925 -0.2253808 -0.0575 -2.58982e-5 -0.2306218 -0.06349998 0.002999961 -0.2280012 -0.05830383 0.001487016 -0.2299196 -0.06049996 0.00259459 -0.2253808 -0.1225 -2.58982e-5 -0.2306218 -0.1165 0.002999961 -0.2280012 -0.1216961 0.001487016 -0.2299196 -0.1195 0.00259459 -0.2152182 -0.0575 0.01321816 -0.2194975 -0.06349998 0.01749742 -0.2173578 -0.05830383 0.01535779 -0.2189241 -0.06049996 0.01692414 -0.2152182 -0.1225 0.01321822 -0.2194975 -0.1165 0.01749742 -0.2173578 -0.1216961 0.01535785 -0.2189241 -0.1195 0.01692414 -0.2019741 -0.0575 0.02338075 -0.205 -0.06349998 0.02862173 -0.203487 -0.05830383 0.02600127 -0.2045946 -0.06049996 0.02791959 -0.2019741 -0.1225 0.02338075 -0.205 -0.1165 0.02862173 -0.203487 -0.1216961 0.02600127 -0.2045946 -0.1195 0.02791959 -0.186551 -0.0575 0.02976924 -0.1881173 -0.06349998 0.03561478 -0.1873341 -0.05830383 0.03269201 -0.1879075 -0.06049996 0.03483164 -0.186551 -0.1225 0.02976924 -0.1881173 -0.1165 0.03561478 -0.1873341 -0.1216961 0.03269201 -0.1879075 -0.1195 0.03483164 -0.17 -0.05599999 0.002999961 -0.17 -0.124 0.002999961 -0.156606 -0.05599999 3.35783e-4 -0.156606 -0.124 3.35783e-4 -0.1452512 -0.05599999 -0.007251262 -0.1452512 -0.124 -0.007251262 -0.1376642 -0.05599999 -0.01860606 -0.1376642 -0.124 -0.01860606 -0.135 -0.05599999 -0.032 -0.135 -0.124 -0.032 -0.1376642 -0.05599999 -0.04539388 -0.1376642 -0.124 -0.04539388 -0.1452512 -0.05599999 -0.05674874 -0.1452512 -0.124 -0.05674868 -0.156606 -0.05599999 -0.06433576 -0.156606 -0.124 -0.06433576 -0.17 -0.05599999 -0.06699997 -0.17 -0.124 -0.06699997 -0.1833939 -0.05599999 -0.06433576 -0.1833939 -0.124 -0.06433576 -0.1947487 -0.05599999 -0.05674874 -0.1947487 -0.124 -0.05674868 -0.2023358 -0.05599999 -0.04539388 -0.2023358 -0.124 -0.04539388 -0.205 -0.05599999 -0.032 -0.205 -0.124 -0.032 -0.2023358 -0.05599999 -0.01860606 -0.2023358 -0.124 -0.01860606 -0.1947487 -0.05599999 -0.007251262 -0.1947487 -0.124 -0.007251262 -0.1833939 -0.05599999 3.35783e-4 -0.1833939 -0.124 3.35783e-4 -0.17 0.1165 0.03799998 -0.17 0.1225 0.0319482 -0.17 0.1216961 0.03497409 -0.17 0.1195 0.03718918 -0.17 0.05750006 0.0319482 -0.17 0.06350004 0.03799998 -0.17 0.05830389 0.03497409 -0.17 0.06050002 0.03718918 -0.1534489 0.1225 0.02976924 -0.1518827 0.1165 0.03561478 -0.1526658 0.1216961 0.03269201 -0.1520925 0.1195 0.03483164 -0.1534489 0.05750006 0.02976924 -0.1518827 0.06350004 0.03561478 -0.1526658 0.05830389 0.03269201 -0.1520925 0.06050002 0.03483164 -0.1380259 0.1225 0.02338075 -0.135 0.1165 0.02862173 -0.1365129 0.1216961 0.02600127 -0.1354054 0.1195 0.02791959 -0.1380259 0.05750006 0.02338075 -0.135 0.06350004 0.02862173 -0.1365129 0.05830389 0.02600127 -0.1354054 0.06050002 0.02791959 -0.1247817 0.1225 0.01321816 -0.1205025 0.1165 0.01749742 -0.1226421 0.1216961 0.01535779 -0.1210758 0.1195 0.01692414 -0.1247817 0.05750006 0.01321822 -0.1205025 0.06350004 0.01749742 -0.1226421 0.05830389 0.01535785 -0.1210758 0.06050002 0.01692414 -0.1146192 0.1225 -2.58982e-5 -0.1093782 0.1165 0.002999961 -0.1119987 0.1216961 0.001487016 -0.1100804 0.1195 0.00259459 -0.1146192 0.05750006 -2.58982e-5 -0.1093782 0.06350004 0.002999961 -0.1119987 0.05830389 0.001487016 -0.1100804 0.06050002 0.00259459 -0.1082307 0.1225 -0.01544898 -0.1023852 0.1165 -0.01388263 -0.1053079 0.1216961 -0.01466578 -0.1031683 0.1195 -0.0140925 -0.1082307 0.05750006 -0.01544892 -0.1023852 0.06350004 -0.01388263 -0.1053079 0.05830389 -0.01466578 -0.1031683 0.06050002 -0.0140925 -0.1060518 0.1225 -0.032 -0.1 0.1165 -0.032 -0.1030259 0.1216961 -0.032 -0.1008108 0.1195 -0.032 -0.1060518 0.0575 -0.032 -0.1 0.06350004 -0.032 -0.1030259 0.05830389 -0.032 -0.1008108 0.06050002 -0.032 -0.1082307 0.1225 -0.04855102 -0.1023852 0.1165 -0.05011731 -0.1053079 0.1216961 -0.04933416 -0.1031683 0.1195 -0.04990744 -0.1082307 0.0575 -0.04855102 -0.1023852 0.06350004 -0.05011731 -0.1053079 0.05830389 -0.04933416 -0.1031683 0.06050002 -0.04990744 -0.1146192 0.1225 -0.06397408 -0.1093782 0.1165 -0.06699997 -0.1119987 0.1216961 -0.06548702 -0.1100804 0.1195 -0.0665946 -0.1146192 0.0575 -0.06397408 -0.1093782 0.06350004 -0.06699997 -0.1119987 0.05830389 -0.06548702 -0.1100804 0.06050002 -0.0665946 -0.1247817 0.1225 -0.07721823 -0.1205025 0.1165 -0.08149749 -0.1226421 0.1216961 -0.07935786 -0.1210758 0.1195 -0.08092415 -0.1247817 0.0575 -0.07721823 -0.1205025 0.06350004 -0.08149743 -0.1226421 0.05830389 -0.0793578 -0.1210758 0.06050002 -0.08092415 -0.1380259 0.1225 -0.08738076 -0.135 0.1165 -0.09262174 -0.1365129 0.1216961 -0.09000128 -0.1354054 0.1195 -0.0919196 -0.1380259 0.0575 -0.08738076 -0.135 0.06350004 -0.09262174 -0.1365129 0.05830389 -0.09000128 -0.1354054 0.06050002 -0.0919196 -0.1534489 0.1225 -0.09376925 -0.1518827 0.1165 -0.09961479 -0.1526658 0.1216961 -0.09669202 -0.1520925 0.1195 -0.09883165 -0.1534489 0.0575 -0.09376925 -0.1518827 0.06350004 -0.09961479 -0.1526658 0.05830389 -0.09669202 -0.1520925 0.06050002 -0.09883165 -0.17 0.1225 -0.09594821 -0.17 0.1165 -0.102 -0.17 0.1216961 -0.0989741 -0.17 0.1195 -0.1011892 -0.17 0.0575 -0.09594821 -0.17 0.06350004 -0.1019999 -0.17 0.05830389 -0.0989741 -0.17 0.06050002 -0.1011892 -0.186551 0.1225 -0.09376925 -0.1881173 0.1165 -0.09961479 -0.1873341 0.1216961 -0.09669202 -0.1879075 0.1195 -0.09883165 -0.186551 0.0575 -0.09376925 -0.1881173 0.06350004 -0.09961479 -0.1873341 0.05830389 -0.09669202 -0.1879075 0.06050002 -0.09883165 -0.2019741 0.1225 -0.08738076 -0.205 0.1165 -0.09262174 -0.203487 0.1216961 -0.09000128 -0.2045946 0.1195 -0.0919196 -0.2019741 0.0575 -0.08738076 -0.205 0.06350004 -0.09262174 -0.203487 0.05830389 -0.09000128 -0.2045946 0.06050002 -0.0919196 -0.2152182 0.1225 -0.07721823 -0.2194975 0.1165 -0.08149749 -0.2173578 0.1216961 -0.07935786 -0.2189241 0.1195 -0.08092415 -0.2152182 0.0575 -0.07721823 -0.2194975 0.06350004 -0.08149743 -0.2173578 0.05830389 -0.0793578 -0.2189241 0.06050002 -0.08092415 -0.2253808 0.1225 -0.06397408 -0.2306218 0.1165 -0.06699997 -0.2280012 0.1216961 -0.06548702 -0.2299196 0.1195 -0.0665946 -0.2253808 0.0575 -0.06397408 -0.2306218 0.06350004 -0.06699997 -0.2280012 0.05830389 -0.06548702 -0.2299196 0.06050002 -0.0665946 -0.2317692 0.1225 -0.04855102 -0.2376148 0.1165 -0.05011731 -0.234692 0.1216961 -0.04933416 -0.2368316 0.1195 -0.04990744 -0.2317692 0.0575 -0.04855102 -0.2376148 0.06350004 -0.05011731 -0.234692 0.05830389 -0.04933416 -0.2368316 0.06050002 -0.04990744 -0.2339482 0.1225 -0.032 -0.24 0.1165 -0.032 -0.2369741 0.1216961 -0.032 -0.2391892 0.1195 -0.032 -0.2339482 0.0575 -0.032 -0.24 0.06350004 -0.032 -0.2369741 0.05830389 -0.032 -0.2391892 0.06050002 -0.032 -0.2317692 0.1225 -0.01544898 -0.2376148 0.1165 -0.01388263 -0.234692 0.1216961 -0.01466578 -0.2368316 0.1195 -0.0140925 -0.2317692 0.05750006 -0.01544892 -0.2376148 0.06350004 -0.01388263 -0.234692 0.05830389 -0.01466578 -0.2368316 0.06050002 -0.0140925 -0.2253808 0.1225 -2.58982e-5 -0.2306218 0.1165 0.002999961 -0.2280012 0.1216961 0.001487016 -0.2299196 0.1195 0.00259459 -0.2253808 0.05750006 -2.58982e-5 -0.2306218 0.06350004 0.002999961 -0.2280012 0.05830389 0.001487016 -0.2299196 0.06050002 0.00259459 -0.2152182 0.1225 0.01321816 -0.2194975 0.1165 0.01749742 -0.2173578 0.1216961 0.01535779 -0.2189241 0.1195 0.01692414 -0.2152182 0.05750006 0.01321822 -0.2194975 0.06350004 0.01749742 -0.2173578 0.05830389 0.01535785 -0.2189241 0.06050002 0.01692414 -0.2019741 0.1225 0.02338075 -0.205 0.1165 0.02862173 -0.203487 0.1216961 0.02600127 -0.2045946 0.1195 0.02791959 -0.2019741 0.05750006 0.02338075 -0.205 0.06350004 0.02862173 -0.203487 0.05830389 0.02600127 -0.2045946 0.06050002 0.02791959 -0.186551 0.1225 0.02976924 -0.1881173 0.1165 0.03561478 -0.1873341 0.1216961 0.03269201 -0.1879075 0.1195 0.03483164 -0.186551 0.05750006 0.02976924 -0.1881173 0.06350004 0.03561478 -0.1873341 0.05830389 0.03269201 -0.1879075 0.06050002 0.03483164 -0.17 0.124 0.002999961 -0.17 0.05600005 0.002999961 -0.156606 0.124 3.35783e-4 -0.156606 0.05600005 3.35783e-4 -0.1452512 0.124 -0.007251262 -0.1452512 0.05600005 -0.007251262 -0.1376642 0.124 -0.01860606 -0.1376642 0.05600005 -0.01860606 -0.135 0.124 -0.032 -0.135 0.05600005 -0.032 -0.1376642 0.124 -0.04539388 -0.1376642 0.05600005 -0.04539388 -0.1452512 0.124 -0.05674874 -0.1452512 0.05600005 -0.05674868 -0.156606 0.124 -0.06433576 -0.156606 0.05600005 -0.06433576 -0.17 0.124 -0.06699997 -0.17 0.05600005 -0.06699997 -0.1833939 0.124 -0.06433576 -0.1833939 0.05600005 -0.06433576 -0.1947487 0.124 -0.05674874 -0.1947487 0.05600005 -0.05674868 -0.2023358 0.124 -0.04539388 -0.2023358 0.05600005 -0.04539388 -0.205 0.124 -0.032 -0.205 0.05600005 -0.032 -0.2023358 0.124 -0.01860606 -0.2023358 0.05600005 -0.01860606 -0.1947487 0.124 -0.007251262 -0.1947487 0.05600005 -0.007251262 -0.1833939 0.124 3.35783e-4 -0.1833939 0.05600005 3.35783e-4 0.17 -0.06349998 0.03799998 0.17 -0.0575 0.0319482 0.17 -0.05830383 0.03497409 0.17 -0.06049996 0.03718918 0.17 -0.1225 0.0319482 0.17 -0.1165 0.03799998 0.17 -0.1216961 0.03497409 0.17 -0.1195 0.03718918 0.186551 -0.0575 0.02976924 0.1881173 -0.06349998 0.03561478 0.1873341 -0.05830383 0.03269201 0.1879075 -0.06049996 0.03483164 0.186551 -0.1225 0.02976924 0.1881173 -0.1165 0.03561478 0.1873341 -0.1216961 0.03269201 0.1879075 -0.1195 0.03483164 0.2019741 -0.0575 0.02338075 0.205 -0.06349998 0.02862173 0.203487 -0.05830383 0.02600127 0.2045946 -0.06049996 0.02791959 0.2019741 -0.1225 0.02338075 0.205 -0.1165 0.02862173 0.203487 -0.1216961 0.02600127 0.2045946 -0.1195 0.02791959 0.2152182 -0.0575 0.01321816 0.2194975 -0.06349998 0.01749742 0.2173578 -0.05830383 0.01535779 0.2189241 -0.06049996 0.01692414 0.2152182 -0.1225 0.01321822 0.2194975 -0.1165 0.01749742 0.2173578 -0.1216961 0.01535785 0.2189241 -0.1195 0.01692414 0.2253808 -0.0575 -2.58982e-5 0.2306218 -0.06349998 0.002999961 0.2280012 -0.05830383 0.001487016 0.2299196 -0.06049996 0.00259459 0.2253808 -0.1225 -2.58982e-5 0.2306218 -0.1165 0.002999961 0.2280012 -0.1216961 0.001487016 0.2299196 -0.1195 0.00259459 0.2317692 -0.0575 -0.01544898 0.2376148 -0.06349998 -0.01388263 0.234692 -0.05830383 -0.01466578 0.2368316 -0.06049996 -0.0140925 0.2317692 -0.1225 -0.01544892 0.2376148 -0.1165 -0.01388263 0.234692 -0.1216961 -0.01466578 0.2368316 -0.1195 -0.0140925 0.2339482 -0.0575 -0.032 0.24 -0.06349998 -0.032 0.2369741 -0.05830383 -0.032 0.2391892 -0.06049996 -0.032 0.2339482 -0.1225 -0.032 0.24 -0.1165 -0.032 0.2369741 -0.1216961 -0.032 0.2391892 -0.1195 -0.032 0.2317692 -0.0575 -0.04855102 0.2376148 -0.06349998 -0.05011731 0.234692 -0.05830383 -0.04933416 0.2368316 -0.06049996 -0.04990744 0.2317692 -0.1225 -0.04855102 0.2376148 -0.1165 -0.05011731 0.234692 -0.1216961 -0.04933416 0.2368316 -0.1195 -0.04990744 0.2253808 -0.0575 -0.06397408 0.2306218 -0.06349998 -0.06699997 0.2280012 -0.05830383 -0.06548702 0.2299196 -0.06049996 -0.0665946 0.2253808 -0.1225 -0.06397408 0.2306218 -0.1165 -0.06699997 0.2280012 -0.1216961 -0.06548702 0.2299196 -0.1195 -0.0665946 0.2152182 -0.0575 -0.07721823 0.2194975 -0.06349998 -0.08149749 0.2173578 -0.05830383 -0.07935786 0.2189241 -0.06049996 -0.08092415 0.2152182 -0.1225 -0.07721823 0.2194975 -0.1165 -0.08149743 0.2173578 -0.1216961 -0.0793578 0.2189241 -0.1195 -0.08092415 0.2019741 -0.0575 -0.08738076 0.205 -0.06349998 -0.09262174 0.203487 -0.05830383 -0.09000128 0.2045946 -0.06049996 -0.0919196 0.2019741 -0.1225 -0.08738076 0.205 -0.1165 -0.09262174 0.203487 -0.1216961 -0.09000128 0.2045946 -0.1195 -0.0919196 0.186551 -0.0575 -0.09376925 0.1881173 -0.06349998 -0.09961479 0.1873341 -0.05830383 -0.09669202 0.1879075 -0.06049996 -0.09883165 0.186551 -0.1225 -0.09376925 0.1881173 -0.1165 -0.09961479 0.1873341 -0.1216961 -0.09669202 0.1879075 -0.1195 -0.09883165 0.17 -0.0575 -0.09594821 0.17 -0.06349998 -0.102 0.17 -0.05830383 -0.0989741 0.17 -0.06049996 -0.1011892 0.17 -0.1225 -0.09594821 0.17 -0.1165 -0.1019999 0.17 -0.1216961 -0.0989741 0.17 -0.1195 -0.1011892 0.1534489 -0.0575 -0.09376925 0.1518827 -0.06349998 -0.09961479 0.1526658 -0.05830383 -0.09669202 0.1520925 -0.06049996 -0.09883165 0.1534489 -0.1225 -0.09376925 0.1518827 -0.1165 -0.09961479 0.1526658 -0.1216961 -0.09669202 0.1520925 -0.1195 -0.09883165 0.1380259 -0.0575 -0.08738076 0.135 -0.06349998 -0.09262174 0.1365129 -0.05830383 -0.09000128 0.1354054 -0.06049996 -0.0919196 0.1380259 -0.1225 -0.08738076 0.135 -0.1165 -0.09262174 0.1365129 -0.1216961 -0.09000128 0.1354054 -0.1195 -0.0919196 0.1247817 -0.0575 -0.07721823 0.1205025 -0.06349998 -0.08149749 0.1226421 -0.05830383 -0.07935786 0.1210758 -0.06049996 -0.08092415 0.1247817 -0.1225 -0.07721823 0.1205025 -0.1165 -0.08149743 0.1226421 -0.1216961 -0.0793578 0.1210758 -0.1195 -0.08092415 0.1146192 -0.0575 -0.06397408 0.1093782 -0.06349998 -0.06699997 0.1119987 -0.05830383 -0.06548702 0.1100804 -0.06049996 -0.0665946 0.1146192 -0.1225 -0.06397408 0.1093782 -0.1165 -0.06699997 0.1119987 -0.1216961 -0.06548702 0.1100804 -0.1195 -0.0665946 0.1082307 -0.0575 -0.04855102 0.1023852 -0.06349998 -0.05011731 0.1053079 -0.05830383 -0.04933416 0.1031683 -0.06049996 -0.04990744 0.1082307 -0.1225 -0.04855102 0.1023852 -0.1165 -0.05011731 0.1053079 -0.1216961 -0.04933416 0.1031683 -0.1195 -0.04990744 0.1060518 -0.0575 -0.032 0.1 -0.06349998 -0.032 0.1030259 -0.05830383 -0.032 0.1008108 -0.06049996 -0.032 0.1060518 -0.1225 -0.032 0.1 -0.1165 -0.032 0.1030259 -0.1216961 -0.032 0.1008108 -0.1195 -0.032 0.1082307 -0.0575 -0.01544898 0.1023852 -0.06349998 -0.01388263 0.1053079 -0.05830383 -0.01466578 0.1031683 -0.06049996 -0.0140925 0.1082307 -0.1225 -0.01544892 0.1023852 -0.1165 -0.01388263 0.1053079 -0.1216961 -0.01466578 0.1031683 -0.1195 -0.0140925 0.1146192 -0.0575 -2.58982e-5 0.1093782 -0.06349998 0.002999961 0.1119987 -0.05830383 0.001487016 0.1100804 -0.06049996 0.00259459 0.1146192 -0.1225 -2.58982e-5 0.1093782 -0.1165 0.002999961 0.1119987 -0.1216961 0.001487016 0.1100804 -0.1195 0.00259459 0.1247817 -0.0575 0.01321816 0.1205025 -0.06349998 0.01749742 0.1226421 -0.05830383 0.01535779 0.1210758 -0.06049996 0.01692414 0.1247817 -0.1225 0.01321822 0.1205025 -0.1165 0.01749742 0.1226421 -0.1216961 0.01535785 0.1210758 -0.1195 0.01692414 0.1380259 -0.0575 0.02338075 0.135 -0.06349998 0.02862173 0.1365129 -0.05830383 0.02600127 0.1354054 -0.06049996 0.02791959 0.1380259 -0.1225 0.02338075 0.135 -0.1165 0.02862173 0.1365129 -0.1216961 0.02600127 0.1354054 -0.1195 0.02791959 0.1534489 -0.0575 0.02976924 0.1518827 -0.06349998 0.03561478 0.1526658 -0.05830383 0.03269201 0.1520925 -0.06049996 0.03483164 0.1534489 -0.1225 0.02976924 0.1518827 -0.1165 0.03561478 0.1526658 -0.1216961 0.03269201 0.1520925 -0.1195 0.03483164 0.17 -0.05599999 0.002999961 0.17 -0.124 0.002999961 0.1833939 -0.05599999 3.35783e-4 0.1833939 -0.124 3.35783e-4 0.1947487 -0.05599999 -0.007251262 0.1947487 -0.124 -0.007251262 0.2023358 -0.05599999 -0.01860606 0.2023358 -0.124 -0.01860606 0.205 -0.05599999 -0.032 0.205 -0.124 -0.032 0.2023358 -0.05599999 -0.04539388 0.2023358 -0.124 -0.04539388 0.1947487 -0.05599999 -0.05674874 0.1947487 -0.124 -0.05674868 0.1833939 -0.05599999 -0.06433576 0.1833939 -0.124 -0.06433576 0.17 -0.05599999 -0.06699997 0.17 -0.124 -0.06699997 0.156606 -0.05599999 -0.06433576 0.156606 -0.124 -0.06433576 0.1452512 -0.05599999 -0.05674874 0.1452512 -0.124 -0.05674868 0.1376642 -0.05599999 -0.04539388 0.1376642 -0.124 -0.04539388 0.135 -0.05599999 -0.032 0.135 -0.124 -0.032 0.1376642 -0.05599999 -0.01860606 0.1376642 -0.124 -0.01860606 0.1452512 -0.05599999 -0.007251262 0.1452512 -0.124 -0.007251262 0.156606 -0.05599999 3.35783e-4 0.156606 -0.124 3.35783e-4 0.17 0.1165 0.03799998 0.17 0.1225 0.0319482 0.17 0.1216961 0.03497409 0.17 0.1195 0.03718918 0.17 0.05750006 0.0319482 0.17 0.06350004 0.03799998 0.17 0.05830389 0.03497409 0.17 0.06050002 0.03718918 0.186551 0.1225 0.02976924 0.1881173 0.1165 0.03561478 0.1873341 0.1216961 0.03269201 0.1879075 0.1195 0.03483164 0.186551 0.05750006 0.02976924 0.1881173 0.06350004 0.03561478 0.1873341 0.05830389 0.03269201 0.1879075 0.06050002 0.03483164 0.2019741 0.1225 0.02338075 0.205 0.1165 0.02862173 0.203487 0.1216961 0.02600127 0.2045946 0.1195 0.02791959 0.2019741 0.05750006 0.02338075 0.205 0.06350004 0.02862173 0.203487 0.05830389 0.02600127 0.2045946 0.06050002 0.02791959 0.2152182 0.1225 0.01321816 0.2194975 0.1165 0.01749742 0.2173578 0.1216961 0.01535779 0.2189241 0.1195 0.01692414 0.2152182 0.05750006 0.01321822 0.2194975 0.06350004 0.01749742 0.2173578 0.05830389 0.01535785 0.2189241 0.06050002 0.01692414 0.2253808 0.1225 -2.58982e-5 0.2306218 0.1165 0.002999961 0.2280012 0.1216961 0.001487016 0.2299196 0.1195 0.00259459 0.2253808 0.05750006 -2.58982e-5 0.2306218 0.06350004 0.002999961 0.2280012 0.05830389 0.001487016 0.2299196 0.06050002 0.00259459 0.2317692 0.1225 -0.01544898 0.2376148 0.1165 -0.01388263 0.234692 0.1216961 -0.01466578 0.2368316 0.1195 -0.0140925 0.2317692 0.05750006 -0.01544892 0.2376148 0.06350004 -0.01388263 0.234692 0.05830389 -0.01466578 0.2368316 0.06050002 -0.0140925 0.2339482 0.1225 -0.032 0.24 0.1165 -0.032 0.2369741 0.1216961 -0.032 0.2391892 0.1195 -0.032 0.2339482 0.0575 -0.032 0.24 0.06350004 -0.032 0.2369741 0.05830389 -0.032 0.2391892 0.06050002 -0.032 0.2317692 0.1225 -0.04855102 0.2376148 0.1165 -0.05011731 0.234692 0.1216961 -0.04933416 0.2368316 0.1195 -0.04990744 0.2317692 0.0575 -0.04855102 0.2376148 0.06350004 -0.05011731 0.234692 0.05830389 -0.04933416 0.2368316 0.06050002 -0.04990744 0.2253808 0.1225 -0.06397408 0.2306218 0.1165 -0.06699997 0.2280012 0.1216961 -0.06548702 0.2299196 0.1195 -0.0665946 0.2253808 0.0575 -0.06397408 0.2306218 0.06350004 -0.06699997 0.2280012 0.05830389 -0.06548702 0.2299196 0.06050002 -0.0665946 0.2152182 0.1225 -0.07721823 0.2194975 0.1165 -0.08149749 0.2173578 0.1216961 -0.07935786 0.2189241 0.1195 -0.08092415 0.2152182 0.0575 -0.07721823 0.2194975 0.06350004 -0.08149743 0.2173578 0.05830389 -0.0793578 0.2189241 0.06050002 -0.08092415 0.2019741 0.1225 -0.08738076 0.205 0.1165 -0.09262174 0.203487 0.1216961 -0.09000128 0.2045946 0.1195 -0.0919196 0.2019741 0.0575 -0.08738076 0.205 0.06350004 -0.09262174 0.203487 0.05830389 -0.09000128 0.2045946 0.06050002 -0.0919196 0.186551 0.1225 -0.09376925 0.1881173 0.1165 -0.09961479 0.1873341 0.1216961 -0.09669202 0.1879075 0.1195 -0.09883165 0.186551 0.0575 -0.09376925 0.1881173 0.06350004 -0.09961479 0.1873341 0.05830389 -0.09669202 0.1879075 0.06050002 -0.09883165 0.17 0.1225 -0.09594821 0.17 0.1165 -0.102 0.17 0.1216961 -0.0989741 0.17 0.1195 -0.1011892 0.17 0.0575 -0.09594821 0.17 0.06350004 -0.1019999 0.17 0.05830389 -0.0989741 0.17 0.06050002 -0.1011892 0.1534489 0.1225 -0.09376925 0.1518827 0.1165 -0.09961479 0.1526658 0.1216961 -0.09669202 0.1520925 0.1195 -0.09883165 0.1534489 0.0575 -0.09376925 0.1518827 0.06350004 -0.09961479 0.1526658 0.05830389 -0.09669202 0.1520925 0.06050002 -0.09883165 0.1380259 0.1225 -0.08738076 0.135 0.1165 -0.09262174 0.1365129 0.1216961 -0.09000128 0.1354054 0.1195 -0.0919196 0.1380259 0.0575 -0.08738076 0.135 0.06350004 -0.09262174 0.1365129 0.05830389 -0.09000128 0.1354054 0.06050002 -0.0919196 0.1247817 0.1225 -0.07721823 0.1205025 0.1165 -0.08149749 0.1226421 0.1216961 -0.07935786 0.1210758 0.1195 -0.08092415 0.1247817 0.0575 -0.07721823 0.1205025 0.06350004 -0.08149743 0.1226421 0.05830389 -0.0793578 0.1210758 0.06050002 -0.08092415 0.1146192 0.1225 -0.06397408 0.1093782 0.1165 -0.06699997 0.1119987 0.1216961 -0.06548702 0.1100804 0.1195 -0.0665946 0.1146192 0.0575 -0.06397408 0.1093782 0.06350004 -0.06699997 0.1119987 0.05830389 -0.06548702 0.1100804 0.06050002 -0.0665946 0.1082307 0.1225 -0.04855102 0.1023852 0.1165 -0.05011731 0.1053079 0.1216961 -0.04933416 0.1031683 0.1195 -0.04990744 0.1082307 0.0575 -0.04855102 0.1023852 0.06350004 -0.05011731 0.1053079 0.05830389 -0.04933416 0.1031683 0.06050002 -0.04990744 0.1060518 0.1225 -0.032 0.1 0.1165 -0.032 0.1030259 0.1216961 -0.032 0.1008108 0.1195 -0.032 0.1060518 0.0575 -0.032 0.1 0.06350004 -0.032 0.1030259 0.05830389 -0.032 0.1008108 0.06050002 -0.032 0.1082307 0.1225 -0.01544898 0.1023852 0.1165 -0.01388263 0.1053079 0.1216961 -0.01466578 0.1031683 0.1195 -0.0140925 0.1082307 0.05750006 -0.01544892 0.1023852 0.06350004 -0.01388263 0.1053079 0.05830389 -0.01466578 0.1031683 0.06050002 -0.0140925 0.1146192 0.1225 -2.58982e-5 0.1093782 0.1165 0.002999961 0.1119987 0.1216961 0.001487016 0.1100804 0.1195 0.00259459 0.1146192 0.05750006 -2.58982e-5 0.1093782 0.06350004 0.002999961 0.1119987 0.05830389 0.001487016 0.1100804 0.06050002 0.00259459 0.1247817 0.1225 0.01321816 0.1205025 0.1165 0.01749742 0.1226421 0.1216961 0.01535779 0.1210758 0.1195 0.01692414 0.1247817 0.05750006 0.01321822 0.1205025 0.06350004 0.01749742 0.1226421 0.05830389 0.01535785 0.1210758 0.06050002 0.01692414 0.1380259 0.1225 0.02338075 0.135 0.1165 0.02862173 0.1365129 0.1216961 0.02600127 0.1354054 0.1195 0.02791959 0.1380259 0.05750006 0.02338075 0.135 0.06350004 0.02862173 0.1365129 0.05830389 0.02600127 0.1354054 0.06050002 0.02791959 0.1534489 0.1225 0.02976924 0.1518827 0.1165 0.03561478 0.1526658 0.1216961 0.03269201 0.1520925 0.1195 0.03483164 0.1534489 0.05750006 0.02976924 0.1518827 0.06350004 0.03561478 0.1526658 0.05830389 0.03269201 0.1520925 0.06050002 0.03483164 0.17 0.124 0.002999961 0.17 0.05600005 0.002999961 0.1833939 0.124 3.35783e-4 0.1833939 0.05600005 3.35783e-4 0.1947487 0.124 -0.007251262 0.1947487 0.05600005 -0.007251262 0.2023358 0.124 -0.01860606 0.2023358 0.05600005 -0.01860606 0.205 0.124 -0.032 0.205 0.05600005 -0.032 0.2023358 0.124 -0.04539388 0.2023358 0.05600005 -0.04539388 0.1947487 0.124 -0.05674874 0.1947487 0.05600005 -0.05674868 0.1833939 0.124 -0.06433576 0.1833939 0.05600005 -0.06433576 0.17 0.124 -0.06699997 0.17 0.05600005 -0.06699997 0.156606 0.124 -0.06433576 0.156606 0.05600005 -0.06433576 0.1452512 0.124 -0.05674874 0.1452512 0.05600005 -0.05674868 0.1376642 0.124 -0.04539388 0.1376642 0.05600005 -0.04539388 0.135 0.124 -0.032 0.135 0.05600005 -0.032 0.1376642 0.124 -0.01860606 0.1376642 0.05600005 -0.01860606 0.1452512 0.124 -0.007251262 0.1452512 0.05600005 -0.007251262 0.156606 0.124 3.35783e-4 0.156606 0.05600005 3.35783e-4 0.51 -0.06349998 0.03799998 0.51 -0.0575 0.0319482 0.51 -0.05830383 0.03497409 0.51 -0.06049996 0.03718918 0.51 -0.1225 0.0319482 0.51 -0.1165 0.03799998 0.51 -0.1216961 0.03497409 0.51 -0.1195 0.03718918 0.526551 -0.0575 0.02976924 0.5281173 -0.06349998 0.03561478 0.5273342 -0.05830383 0.03269201 0.5279075 -0.06049996 0.03483164 0.526551 -0.1225 0.02976924 0.5281173 -0.1165 0.03561478 0.5273342 -0.1216961 0.03269201 0.5279075 -0.1195 0.03483164 0.5419741 -0.0575 0.02338075 0.545 -0.06349998 0.02862173 0.5434871 -0.05830383 0.02600127 0.5445946 -0.06049996 0.02791959 0.5419741 -0.1225 0.02338075 0.545 -0.1165 0.02862173 0.5434871 -0.1216961 0.02600127 0.5445946 -0.1195 0.02791959 0.5552182 -0.0575 0.01321816 0.5594975 -0.06349998 0.01749742 0.5573579 -0.05830383 0.01535779 0.5589241 -0.06049996 0.01692414 0.5552182 -0.1225 0.01321822 0.5594975 -0.1165 0.01749742 0.5573579 -0.1216961 0.01535785 0.5589241 -0.1195 0.01692414 0.5653808 -0.0575 -2.58982e-5 0.5706218 -0.06349998 0.002999961 0.5680013 -0.05830383 0.001487016 0.5699196 -0.06049996 0.00259459 0.5653808 -0.1225 -2.58982e-5 0.5706218 -0.1165 0.002999961 0.5680013 -0.1216961 0.001487016 0.5699196 -0.1195 0.00259459 0.5717692 -0.0575 -0.01544898 0.5776148 -0.06349998 -0.01388263 0.574692 -0.05830383 -0.01466578 0.5768316 -0.06049996 -0.0140925 0.5717692 -0.1225 -0.01544892 0.5776148 -0.1165 -0.01388263 0.574692 -0.1216961 -0.01466578 0.5768316 -0.1195 -0.0140925 0.5739482 -0.0575 -0.032 0.58 -0.06349998 -0.032 0.5769741 -0.05830383 -0.032 0.5791893 -0.06049996 -0.032 0.5739482 -0.1225 -0.032 0.58 -0.1165 -0.032 0.5769741 -0.1216961 -0.032 0.5791893 -0.1195 -0.032 0.5717692 -0.0575 -0.04855102 0.5776148 -0.06349998 -0.05011731 0.574692 -0.05830383 -0.04933416 0.5768316 -0.06049996 -0.04990744 0.5717692 -0.1225 -0.04855102 0.5776148 -0.1165 -0.05011731 0.574692 -0.1216961 -0.04933416 0.5768316 -0.1195 -0.04990744 0.5653808 -0.0575 -0.06397408 0.5706218 -0.06349998 -0.06699997 0.5680013 -0.05830383 -0.06548702 0.5699196 -0.06049996 -0.0665946 0.5653808 -0.1225 -0.06397408 0.5706218 -0.1165 -0.06699997 0.5680013 -0.1216961 -0.06548702 0.5699196 -0.1195 -0.0665946 0.5552182 -0.0575 -0.07721823 0.5594975 -0.06349998 -0.08149749 0.5573579 -0.05830383 -0.07935786 0.5589241 -0.06049996 -0.08092415 0.5552182 -0.1225 -0.07721823 0.5594975 -0.1165 -0.08149743 0.5573579 -0.1216961 -0.0793578 0.5589241 -0.1195 -0.08092415 0.5419741 -0.0575 -0.08738076 0.545 -0.06349998 -0.09262174 0.5434871 -0.05830383 -0.09000128 0.5445946 -0.06049996 -0.0919196 0.5419741 -0.1225 -0.08738076 0.545 -0.1165 -0.09262174 0.5434871 -0.1216961 -0.09000128 0.5445946 -0.1195 -0.0919196 0.526551 -0.0575 -0.09376925 0.5281173 -0.06349998 -0.09961479 0.5273342 -0.05830383 -0.09669202 0.5279075 -0.06049996 -0.09883165 0.526551 -0.1225 -0.09376925 0.5281173 -0.1165 -0.09961479 0.5273342 -0.1216961 -0.09669202 0.5279075 -0.1195 -0.09883165 0.51 -0.0575 -0.09594821 0.51 -0.06349998 -0.102 0.51 -0.05830383 -0.0989741 0.51 -0.06049996 -0.1011892 0.51 -0.1225 -0.09594821 0.51 -0.1165 -0.1019999 0.51 -0.1216961 -0.0989741 0.51 -0.1195 -0.1011892 0.493449 -0.0575 -0.09376925 0.4918826 -0.06349998 -0.09961479 0.4926658 -0.05830383 -0.09669202 0.4920925 -0.06049996 -0.09883165 0.493449 -0.1225 -0.09376925 0.4918826 -0.1165 -0.09961479 0.4926658 -0.1216961 -0.09669202 0.4920925 -0.1195 -0.09883165 0.4780259 -0.0575 -0.08738076 0.475 -0.06349998 -0.09262174 0.4765129 -0.05830383 -0.09000128 0.4754054 -0.06049996 -0.0919196 0.4780259 -0.1225 -0.08738076 0.475 -0.1165 -0.09262174 0.4765129 -0.1216961 -0.09000128 0.4754054 -0.1195 -0.0919196 0.4647818 -0.0575 -0.07721823 0.4605025 -0.06349998 -0.08149749 0.4626421 -0.05830383 -0.07935786 0.4610758 -0.06049996 -0.08092415 0.4647818 -0.1225 -0.07721823 0.4605025 -0.1165 -0.08149743 0.4626421 -0.1216961 -0.0793578 0.4610758 -0.1195 -0.08092415 0.4546192 -0.0575 -0.06397408 0.4493782 -0.06349998 -0.06699997 0.4519987 -0.05830383 -0.06548702 0.4500803 -0.06049996 -0.0665946 0.4546192 -0.1225 -0.06397408 0.4493782 -0.1165 -0.06699997 0.4519987 -0.1216961 -0.06548702 0.4500803 -0.1195 -0.0665946 0.4482308 -0.0575 -0.04855102 0.4423852 -0.06349998 -0.05011731 0.445308 -0.05830383 -0.04933416 0.4431684 -0.06049996 -0.04990744 0.4482308 -0.1225 -0.04855102 0.4423852 -0.1165 -0.05011731 0.445308 -0.1216961 -0.04933416 0.4431684 -0.1195 -0.04990744 0.4460518 -0.0575 -0.032 0.44 -0.06349998 -0.032 0.4430258 -0.05830383 -0.032 0.4408107 -0.06049996 -0.032 0.4460518 -0.1225 -0.032 0.44 -0.1165 -0.032 0.4430258 -0.1216961 -0.032 0.4408107 -0.1195 -0.032 0.4482308 -0.0575 -0.01544898 0.4423852 -0.06349998 -0.01388263 0.445308 -0.05830383 -0.01466578 0.4431684 -0.06049996 -0.0140925 0.4482308 -0.1225 -0.01544892 0.4423852 -0.1165 -0.01388263 0.445308 -0.1216961 -0.01466578 0.4431684 -0.1195 -0.0140925 0.4546192 -0.0575 -2.58982e-5 0.4493782 -0.06349998 0.002999961 0.4519987 -0.05830383 0.001487016 0.4500803 -0.06049996 0.00259459 0.4546192 -0.1225 -2.58982e-5 0.4493782 -0.1165 0.002999961 0.4519987 -0.1216961 0.001487016 0.4500803 -0.1195 0.00259459 0.4647818 -0.0575 0.01321816 0.4605025 -0.06349998 0.01749742 0.4626421 -0.05830383 0.01535779 0.4610758 -0.06049996 0.01692414 0.4647818 -0.1225 0.01321822 0.4605025 -0.1165 0.01749742 0.4626421 -0.1216961 0.01535785 0.4610758 -0.1195 0.01692414 0.4780259 -0.0575 0.02338075 0.475 -0.06349998 0.02862173 0.4765129 -0.05830383 0.02600127 0.4754054 -0.06049996 0.02791959 0.4780259 -0.1225 0.02338075 0.475 -0.1165 0.02862173 0.4765129 -0.1216961 0.02600127 0.4754054 -0.1195 0.02791959 0.493449 -0.0575 0.02976924 0.4918826 -0.06349998 0.03561478 0.4926658 -0.05830383 0.03269201 0.4920925 -0.06049996 0.03483164 0.493449 -0.1225 0.02976924 0.4918826 -0.1165 0.03561478 0.4926658 -0.1216961 0.03269201 0.4920925 -0.1195 0.03483164 0.51 -0.05599999 0.002999961 0.51 -0.124 0.002999961 0.5233939 -0.05599999 3.35783e-4 0.5233939 -0.124 3.35783e-4 0.5347487 -0.05599999 -0.007251262 0.5347487 -0.124 -0.007251262 0.5423358 -0.05599999 -0.01860606 0.5423358 -0.124 -0.01860606 0.545 -0.05599999 -0.032 0.545 -0.124 -0.032 0.5423358 -0.05599999 -0.04539388 0.5423358 -0.124 -0.04539388 0.5347487 -0.05599999 -0.05674874 0.5347487 -0.124 -0.05674868 0.5233939 -0.05599999 -0.06433576 0.5233939 -0.124 -0.06433576 0.51 -0.05599999 -0.06699997 0.51 -0.124 -0.06699997 0.4966061 -0.05599999 -0.06433576 0.4966061 -0.124 -0.06433576 0.4852513 -0.05599999 -0.05674874 0.4852513 -0.124 -0.05674868 0.4776642 -0.05599999 -0.04539388 0.4776642 -0.124 -0.04539388 0.475 -0.05599999 -0.032 0.475 -0.124 -0.032 0.4776642 -0.05599999 -0.01860606 0.4776642 -0.124 -0.01860606 0.4852513 -0.05599999 -0.007251262 0.4852513 -0.124 -0.007251262 0.4966061 -0.05599999 3.35783e-4 0.4966061 -0.124 3.35783e-4 0.51 0.1165 0.03799998 0.51 0.1225 0.0319482 0.51 0.1216961 0.03497409 0.51 0.1195 0.03718918 0.51 0.05750006 0.0319482 0.51 0.06350004 0.03799998 0.51 0.05830389 0.03497409 0.51 0.06050002 0.03718918 0.526551 0.1225 0.02976924 0.5281173 0.1165 0.03561478 0.5273342 0.1216961 0.03269201 0.5279075 0.1195 0.03483164 0.526551 0.05750006 0.02976924 0.5281173 0.06350004 0.03561478 0.5273342 0.05830389 0.03269201 0.5279075 0.06050002 0.03483164 0.5419741 0.1225 0.02338075 0.545 0.1165 0.02862173 0.5434871 0.1216961 0.02600127 0.5445946 0.1195 0.02791959 0.5419741 0.05750006 0.02338075 0.545 0.06350004 0.02862173 0.5434871 0.05830389 0.02600127 0.5445946 0.06050002 0.02791959 0.5552182 0.1225 0.01321816 0.5594975 0.1165 0.01749742 0.5573579 0.1216961 0.01535779 0.5589241 0.1195 0.01692414 0.5552182 0.05750006 0.01321822 0.5594975 0.06350004 0.01749742 0.5573579 0.05830389 0.01535785 0.5589241 0.06050002 0.01692414 0.5653808 0.1225 -2.58982e-5 0.5706218 0.1165 0.002999961 0.5680013 0.1216961 0.001487016 0.5699196 0.1195 0.00259459 0.5653808 0.05750006 -2.58982e-5 0.5706218 0.06350004 0.002999961 0.5680013 0.05830389 0.001487016 0.5699196 0.06050002 0.00259459 0.5717692 0.1225 -0.01544898 0.5776148 0.1165 -0.01388263 0.574692 0.1216961 -0.01466578 0.5768316 0.1195 -0.0140925 0.5717692 0.05750006 -0.01544892 0.5776148 0.06350004 -0.01388263 0.574692 0.05830389 -0.01466578 0.5768316 0.06050002 -0.0140925 0.5739482 0.1225 -0.032 0.58 0.1165 -0.032 0.5769741 0.1216961 -0.032 0.5791893 0.1195 -0.032 0.5739482 0.0575 -0.032 0.58 0.06350004 -0.032 0.5769741 0.05830389 -0.032 0.5791893 0.06050002 -0.032 0.5717692 0.1225 -0.04855102 0.5776148 0.1165 -0.05011731 0.574692 0.1216961 -0.04933416 0.5768316 0.1195 -0.04990744 0.5717692 0.0575 -0.04855102 0.5776148 0.06350004 -0.05011731 0.574692 0.05830389 -0.04933416 0.5768316 0.06050002 -0.04990744 0.5653808 0.1225 -0.06397408 0.5706218 0.1165 -0.06699997 0.5680013 0.1216961 -0.06548702 0.5699196 0.1195 -0.0665946 0.5653808 0.0575 -0.06397408 0.5706218 0.06350004 -0.06699997 0.5680013 0.05830389 -0.06548702 0.5699196 0.06050002 -0.0665946 0.5552182 0.1225 -0.07721823 0.5594975 0.1165 -0.08149749 0.5573579 0.1216961 -0.07935786 0.5589241 0.1195 -0.08092415 0.5552182 0.0575 -0.07721823 0.5594975 0.06350004 -0.08149743 0.5573579 0.05830389 -0.0793578 0.5589241 0.06050002 -0.08092415 0.5419741 0.1225 -0.08738076 0.545 0.1165 -0.09262174 0.5434871 0.1216961 -0.09000128 0.5445946 0.1195 -0.0919196 0.5419741 0.0575 -0.08738076 0.545 0.06350004 -0.09262174 0.5434871 0.05830389 -0.09000128 0.5445946 0.06050002 -0.0919196 0.526551 0.1225 -0.09376925 0.5281173 0.1165 -0.09961479 0.5273342 0.1216961 -0.09669202 0.5279075 0.1195 -0.09883165 0.526551 0.0575 -0.09376925 0.5281173 0.06350004 -0.09961479 0.5273342 0.05830389 -0.09669202 0.5279075 0.06050002 -0.09883165 0.51 0.1225 -0.09594821 0.51 0.1165 -0.102 0.51 0.1216961 -0.0989741 0.51 0.1195 -0.1011892 0.51 0.0575 -0.09594821 0.51 0.06350004 -0.1019999 0.51 0.05830389 -0.0989741 0.51 0.06050002 -0.1011892 0.493449 0.1225 -0.09376925 0.4918826 0.1165 -0.09961479 0.4926658 0.1216961 -0.09669202 0.4920925 0.1195 -0.09883165 0.493449 0.0575 -0.09376925 0.4918826 0.06350004 -0.09961479 0.4926658 0.05830389 -0.09669202 0.4920925 0.06050002 -0.09883165 0.4780259 0.1225 -0.08738076 0.475 0.1165 -0.09262174 0.4765129 0.1216961 -0.09000128 0.4754054 0.1195 -0.0919196 0.4780259 0.0575 -0.08738076 0.475 0.06350004 -0.09262174 0.4765129 0.05830389 -0.09000128 0.4754054 0.06050002 -0.0919196 0.4647818 0.1225 -0.07721823 0.4605025 0.1165 -0.08149749 0.4626421 0.1216961 -0.07935786 0.4610758 0.1195 -0.08092415 0.4647818 0.0575 -0.07721823 0.4605025 0.06350004 -0.08149743 0.4626421 0.05830389 -0.0793578 0.4610758 0.06050002 -0.08092415 0.4546192 0.1225 -0.06397408 0.4493782 0.1165 -0.06699997 0.4519987 0.1216961 -0.06548702 0.4500803 0.1195 -0.0665946 0.4546192 0.0575 -0.06397408 0.4493782 0.06350004 -0.06699997 0.4519987 0.05830389 -0.06548702 0.4500803 0.06050002 -0.0665946 0.4482308 0.1225 -0.04855102 0.4423852 0.1165 -0.05011731 0.445308 0.1216961 -0.04933416 0.4431684 0.1195 -0.04990744 0.4482308 0.0575 -0.04855102 0.4423852 0.06350004 -0.05011731 0.445308 0.05830389 -0.04933416 0.4431684 0.06050002 -0.04990744 0.4460518 0.1225 -0.032 0.44 0.1165 -0.032 0.4430258 0.1216961 -0.032 0.4408107 0.1195 -0.032 0.4460518 0.0575 -0.032 0.44 0.06350004 -0.032 0.4430258 0.05830389 -0.032 0.4408107 0.06050002 -0.032 0.4482308 0.1225 -0.01544898 0.4423852 0.1165 -0.01388263 0.445308 0.1216961 -0.01466578 0.4431684 0.1195 -0.0140925 0.4482308 0.05750006 -0.01544892 0.4423852 0.06350004 -0.01388263 0.445308 0.05830389 -0.01466578 0.4431684 0.06050002 -0.0140925 0.4546192 0.1225 -2.58982e-5 0.4493782 0.1165 0.002999961 0.4519987 0.1216961 0.001487016 0.4500803 0.1195 0.00259459 0.4546192 0.05750006 -2.58982e-5 0.4493782 0.06350004 0.002999961 0.4519987 0.05830389 0.001487016 0.4500803 0.06050002 0.00259459 0.4647818 0.1225 0.01321816 0.4605025 0.1165 0.01749742 0.4626421 0.1216961 0.01535779 0.4610758 0.1195 0.01692414 0.4647818 0.05750006 0.01321822 0.4605025 0.06350004 0.01749742 0.4626421 0.05830389 0.01535785 0.4610758 0.06050002 0.01692414 0.4780259 0.1225 0.02338075 0.475 0.1165 0.02862173 0.4765129 0.1216961 0.02600127 0.4754054 0.1195 0.02791959 0.4780259 0.05750006 0.02338075 0.475 0.06350004 0.02862173 0.4765129 0.05830389 0.02600127 0.4754054 0.06050002 0.02791959 0.493449 0.1225 0.02976924 0.4918826 0.1165 0.03561478 0.4926658 0.1216961 0.03269201 0.4920925 0.1195 0.03483164 0.493449 0.05750006 0.02976924 0.4918826 0.06350004 0.03561478 0.4926658 0.05830389 0.03269201 0.4920925 0.06050002 0.03483164 0.51 0.124 0.002999961 0.51 0.05600005 0.002999961 0.5233939 0.124 3.35783e-4 0.5233939 0.05600005 3.35783e-4 0.5347487 0.124 -0.007251262 0.5347487 0.05600005 -0.007251262 0.5423358 0.124 -0.01860606 0.5423358 0.05600005 -0.01860606 0.545 0.124 -0.032 0.545 0.05600005 -0.032 0.5423358 0.124 -0.04539388 0.5423358 0.05600005 -0.04539388 0.5347487 0.124 -0.05674874 0.5347487 0.05600005 -0.05674868 0.5233939 0.124 -0.06433576 0.5233939 0.05600005 -0.06433576 0.51 0.124 -0.06699997 0.51 0.05600005 -0.06699997 0.4966061 0.124 -0.06433576 0.4966061 0.05600005 -0.06433576 0.4852513 0.124 -0.05674874 0.4852513 0.05600005 -0.05674868 0.4776642 0.124 -0.04539388 0.4776642 0.05600005 -0.04539388 0.475 0.124 -0.032 0.475 0.05600005 -0.032 0.4776642 0.124 -0.01860606 0.4776642 0.05600005 -0.01860606 0.4852513 0.124 -0.007251262 0.4852513 0.05600005 -0.007251262 0.4966061 0.124 3.35783e-4 0.4966061 0.05600005 3.35783e-4 -0.36 0.1299999 0.1019999 -0.36 -0.1299999 0.102 -0.3466061 0.1299999 0.09933573 -0.3466061 -0.1299999 0.09933578 -0.3352513 0.1299999 0.09174871 -0.3352513 -0.1299999 0.09174871 -0.3276642 0.1299999 0.08039391 -0.3276642 -0.1299999 0.08039391 -0.325 0.1299999 0.06699997 -0.325 -0.1299999 0.06699997 -0.3276642 0.1299999 0.05360603 -0.3276642 -0.1299999 0.05360609 -0.3352513 0.1299999 0.04225122 -0.3352513 -0.1299999 0.04225122 -0.3466061 0.1299999 0.03466421 -0.3466061 -0.1299999 0.03466421 -0.36 0.1299999 0.03199994 -0.36 -0.1299999 0.032 -0.3733939 0.1299999 0.03466421 -0.3733939 -0.1299999 0.03466421 -0.3847488 0.1299999 0.04225122 -0.3847488 -0.1299999 0.04225122 -0.3923358 0.1299999 0.05360603 -0.3923358 -0.1299999 0.05360609 -0.395 0.1299999 0.06699997 -0.395 -0.1299999 0.06699997 -0.3923358 0.1299999 0.08039391 -0.3923358 -0.1299999 0.08039391 -0.3847488 0.1299999 0.09174871 -0.3847488 -0.1299999 0.09174871 -0.3733939 0.1299999 0.09933573 -0.3733939 -0.1299999 0.09933578 0.36 0.1299999 0.1019999 0.36 -0.1299999 0.102 0.3733939 0.1299999 0.09933573 0.3733939 -0.1299999 0.09933578 0.3847488 0.1299999 0.09174871 0.3847488 -0.1299999 0.09174871 0.3923358 0.1299999 0.08039391 0.3923358 -0.1299999 0.08039391 0.395 0.1299999 0.06699997 0.395 -0.1299999 0.06699997 0.3923358 0.1299999 0.05360603 0.3923358 -0.1299999 0.05360609 0.3847488 0.1299999 0.04225122 0.3847488 -0.1299999 0.04225122 0.3733939 0.1299999 0.03466421 0.3733939 -0.1299999 0.03466421 0.36 0.1299999 0.03199994 0.36 -0.1299999 0.032 0.3466061 0.1299999 0.03466421 0.3466061 -0.1299999 0.03466421 0.3352513 0.1299999 0.04225122 0.3352513 -0.1299999 0.04225122 0.3276642 0.1299999 0.05360603 0.3276642 -0.1299999 0.05360609 0.325 0.1299999 0.06699997 0.325 -0.1299999 0.06699997 0.3276642 0.1299999 0.08039391 0.3276642 -0.1299999 0.08039391 0.3352513 0.1299999 0.09174871 0.3352513 -0.1299999 0.09174871 0.3466061 0.1299999 0.09933573 0.3466061 -0.1299999 0.09933578 -0.8440001 -0.01899999 -0.02999997 -0.8440001 -0.02499997 -0.02399998 -0.85 -0.01899999 -0.02399998 -0.8440001 -0.02199602 -0.0291984 -0.8469961 -0.01899999 -0.0291984 -0.8468693 -0.02186924 -0.02841979 -0.8469961 -0.02419841 -0.02399998 -0.8440001 -0.02419841 -0.02699601 -0.8468693 -0.02341979 -0.02686923 -0.8491985 -0.01899999 -0.02699601 -0.8491985 -0.02199602 -0.02399998 -0.8484199 -0.02186924 -0.02686923 -0.8440001 -0.02499997 0.02399998 -0.8440001 -0.01899999 0.02999997 -0.85 -0.01899999 0.02399998 -0.8440001 -0.02419841 0.02699601 -0.8469961 -0.02419841 0.02399998 -0.8468693 -0.02341979 0.02686923 -0.8469961 -0.01899999 0.0291984 -0.8440001 -0.02199602 0.0291984 -0.8468693 -0.02186924 0.02841979 -0.8491985 -0.02199602 0.02399998 -0.8491985 -0.01899999 0.02699601 -0.8484199 -0.02186924 0.02686923 -0.8440001 0.01899999 -0.02999997 -0.85 0.01899999 -0.02399998 -0.8440001 0.02499997 -0.02399998 -0.8469961 0.01899999 -0.0291984 -0.8440001 0.02199608 -0.0291984 -0.8468693 0.02186924 -0.02841979 -0.8491985 0.02199608 -0.02399998 -0.8491985 0.01899999 -0.02699601 -0.8484199 0.02186924 -0.02686923 -0.8440001 0.02419841 -0.02699601 -0.8469961 0.02419841 -0.02399998 -0.8468693 0.02341979 -0.02686923 -0.8440001 0.01899999 0.02999997 -0.8440001 0.02499997 0.02399998 -0.85 0.01899999 0.02399998 -0.8440001 0.02199608 0.0291984 -0.8469961 0.01899999 0.0291984 -0.8468693 0.02186924 0.02841979 -0.8469961 0.02419841 0.02399998 -0.8440001 0.02419841 0.02699601 -0.8468693 0.02341979 0.02686923 -0.8491985 0.01899999 0.02699601 -0.8491985 0.02199608 0.02399998 -0.8484199 0.02186924 0.02686923 0.8440001 -0.01899999 -0.02999997 0.85 -0.01899999 -0.02399998 0.8440001 -0.02499997 -0.02399998 0.8469961 -0.01899999 -0.0291984 0.8440001 -0.02199602 -0.0291984 0.8468693 -0.02186924 -0.02841979 0.8491985 -0.02199602 -0.02399998 0.8491985 -0.01899999 -0.02699601 0.8484199 -0.02186924 -0.02686923 0.8440001 -0.02419841 -0.02699601 0.8469961 -0.02419841 -0.02399998 0.8468693 -0.02341979 -0.02686923 0.8440001 -0.01899999 0.02999997 0.8440001 -0.02499997 0.02399998 0.85 -0.01899999 0.02399998 0.8440001 -0.02199602 0.0291984 0.8469961 -0.01899999 0.0291984 0.8468693 -0.02186924 0.02841979 0.8469961 -0.02419841 0.02399998 0.8440001 -0.02419841 0.02699601 0.8468693 -0.02341979 0.02686923 0.8491985 -0.01899999 0.02699601 0.8491985 -0.02199602 0.02399998 0.8484199 -0.02186924 0.02686923 0.8440001 0.01899999 -0.02999997 0.8440001 0.02499997 -0.02399998 0.85 0.01899999 -0.02399998 0.8440001 0.02199608 -0.0291984 0.8469961 0.01899999 -0.0291984 0.8468693 0.02186924 -0.02841979 0.8469961 0.02419841 -0.02399998 0.8440001 0.02419841 -0.02699601 0.8468693 0.02341979 -0.02686923 0.8491985 0.01899999 -0.02699601 0.8491985 0.02199608 -0.02399998 0.8484199 0.02186924 -0.02686923 0.8440001 0.01899999 0.02999997 0.85 0.01899999 0.02399998 0.8440001 0.02499997 0.02399998 0.8469961 0.01899999 0.0291984 0.8440001 0.02199608 0.0291984 0.8468693 0.02186924 0.02841979 0.8491985 0.02199608 0.02399998 0.8491985 0.01899999 0.02699601 0.8484199 0.02186924 0.02686923 0.8440001 0.02419841 0.02699601 0.8469961 0.02419841 0.02399998 0.8468693 0.02341979 0.02686923 -0.565 -0.2229999 -0.02499997 -0.565 -0.2279999 -0.01999998 -0.57 -0.2229999 -0.01999998 -0.565 -0.2254967 -0.02433198 -0.5674967 -0.2229999 -0.02433198 -0.5673911 -0.225391 -0.02368313 -0.5674967 -0.2273319 -0.01999998 -0.565 -0.2273319 -0.0224967 -0.5673911 -0.2266831 -0.02239102 -0.5693321 -0.2229999 -0.0224967 -0.5693321 -0.2254967 -0.01999998 -0.5686832 -0.225391 -0.02239102 -0.565 -0.2279999 0.01999998 -0.565 -0.2229999 0.02499997 -0.57 -0.2229999 0.01999998 -0.565 -0.2273319 0.0224967 -0.5674967 -0.2273319 0.01999998 -0.5673911 -0.2266831 0.02239102 -0.5674967 -0.2229999 0.02433198 -0.565 -0.2254967 0.02433198 -0.5673911 -0.225391 0.02368313 -0.5693321 -0.2254967 0.01999998 -0.5693321 -0.2229999 0.0224967 -0.5686832 -0.225391 0.02239102 -0.565 -0.004999995 -0.02499997 -0.57 -0.004999995 -0.01999998 -0.565 0 -0.01999998 -0.5674967 -0.004999995 -0.02433198 -0.565 -0.002503275 -0.02433198 -0.5673911 -0.002608895 -0.02368313 -0.5693321 -0.002503275 -0.01999998 -0.5693321 -0.004999995 -0.0224967 -0.5686832 -0.002608954 -0.02239102 -0.565 -6.67989e-4 -0.0224967 -0.5674967 -6.67989e-4 -0.01999998 -0.5673911 -0.001316845 -0.02239102 -0.565 -0.004999995 0.02499997 -0.565 0 0.01999998 -0.57 -0.004999995 0.01999998 -0.565 -0.002503275 0.02433198 -0.5674967 -0.004999995 0.02433198 -0.5673911 -0.002608954 0.02368313 -0.5674967 -6.67989e-4 0.01999998 -0.565 -6.67989e-4 0.0224967 -0.5673911 -0.001316845 0.02239102 -0.5693321 -0.004999995 0.0224967 -0.5693321 -0.002503275 0.01999998 -0.5686832 -0.002608895 0.02239102 -0.5150001 -0.2229999 -0.02499997 -0.5100001 -0.2229999 -0.01999998 -0.5150001 -0.2279999 -0.01999998 -0.5125033 -0.2229999 -0.02433198 -0.5150001 -0.2254967 -0.02433198 -0.512609 -0.225391 -0.02368313 -0.510668 -0.2254967 -0.01999998 -0.510668 -0.2229999 -0.0224967 -0.5113168 -0.225391 -0.02239102 -0.5150001 -0.2273319 -0.0224967 -0.5125033 -0.2273319 -0.01999998 -0.512609 -0.2266831 -0.02239102 -0.5150001 -0.2229999 0.02499997 -0.5150001 -0.2279999 0.01999998 -0.5100001 -0.2229999 0.01999998 -0.5150001 -0.2254967 0.02433198 -0.5125033 -0.2229999 0.02433198 -0.512609 -0.225391 0.02368313 -0.5125033 -0.2273319 0.01999998 -0.5150001 -0.2273319 0.0224967 -0.512609 -0.2266831 0.02239102 -0.510668 -0.2229999 0.0224967 -0.510668 -0.2254967 0.01999998 -0.5113168 -0.225391 0.02239102 -0.5150001 -0.004999995 -0.02499997 -0.5150001 0 -0.01999998 -0.5100001 -0.004999995 -0.01999998 -0.5150001 -0.002503275 -0.02433198 -0.5125033 -0.004999995 -0.02433198 -0.512609 -0.002608954 -0.02368313 -0.5125033 -6.67989e-4 -0.01999998 -0.5150001 -6.67989e-4 -0.0224967 -0.512609 -0.001316845 -0.02239102 -0.510668 -0.004999995 -0.0224967 -0.510668 -0.002503275 -0.01999998 -0.5113168 -0.002608895 -0.02239102 -0.5150001 -0.004999995 0.02499997 -0.5100001 -0.004999995 0.01999998 -0.5150001 0 0.01999998 -0.5125033 -0.004999995 0.02433198 -0.5150001 -0.002503275 0.02433198 -0.512609 -0.002608895 0.02368313 -0.510668 -0.002503275 0.01999998 -0.510668 -0.004999995 0.0224967 -0.5113168 -0.002608954 0.02239102 -0.5150001 -6.67989e-4 0.0224967 -0.5125033 -6.67989e-4 0.01999998 -0.512609 -0.001316845 0.02239102 -0.54 -0.203 0 -0.54 -0.203 0.3 -0.5304329 -0.204903 0 -0.5304329 -0.204903 0.3 -0.5223224 -0.2103223 0 -0.5223224 -0.2103223 0.3 -0.5169031 -0.2184329 0 -0.5169031 -0.2184329 0.3 -0.5150001 -0.2279999 0 -0.5150001 -0.2279999 0.3 -0.5169031 -0.237567 0 -0.5169031 -0.237567 0.3 -0.5223224 -0.2456776 0 -0.5223224 -0.2456776 0.3 -0.5304329 -0.251097 0 -0.5304329 -0.251097 0.3 -0.54 -0.253 0 -0.54 -0.253 0.3 -0.5495671 -0.251097 0 -0.5495671 -0.251097 0.3 -0.5576777 -0.2456776 0 -0.5576777 -0.2456776 0.3 -0.563097 -0.237567 0 -0.563097 -0.237567 0.3 -0.565 -0.2279999 0 -0.565 -0.2279999 0.3 -0.563097 -0.2184329 0 -0.563097 -0.2184329 0.3 -0.5576777 -0.2103223 0 -0.5576777 -0.2103223 0.3 -0.5495671 -0.204903 0 -0.5495671 -0.204903 0.3 0.5150001 -0.2229999 -0.02499997 0.5150001 -0.2279999 -0.01999998 0.5100001 -0.2229999 -0.01999998 0.5150001 -0.2254967 -0.02433198 0.5125033 -0.2229999 -0.02433198 0.512609 -0.225391 -0.02368313 0.5125033 -0.2273319 -0.01999998 0.5150001 -0.2273319 -0.0224967 0.512609 -0.2266831 -0.02239102 0.510668 -0.2229999 -0.0224967 0.510668 -0.2254967 -0.01999998 0.5113168 -0.225391 -0.02239102 0.5150001 -0.2279999 0.01999998 0.5150001 -0.2229999 0.02499997 0.5100001 -0.2229999 0.01999998 0.5150001 -0.2273319 0.0224967 0.5125033 -0.2273319 0.01999998 0.512609 -0.2266831 0.02239102 0.5125033 -0.2229999 0.02433198 0.5150001 -0.2254967 0.02433198 0.512609 -0.225391 0.02368313 0.510668 -0.2254967 0.01999998 0.510668 -0.2229999 0.0224967 0.5113168 -0.225391 0.02239102 0.5150001 -0.004999995 -0.02499997 0.5100001 -0.004999995 -0.01999998 0.5150001 0 -0.01999998 0.5125033 -0.004999995 -0.02433198 0.5150001 -0.002503275 -0.02433198 0.512609 -0.002608895 -0.02368313 0.510668 -0.002503275 -0.01999998 0.510668 -0.004999995 -0.0224967 0.5113168 -0.002608954 -0.02239102 0.5150001 -6.67989e-4 -0.0224967 0.5125033 -6.67989e-4 -0.01999998 0.512609 -0.001316845 -0.02239102 0.5150001 -0.004999995 0.02499997 0.5150001 0 0.01999998 0.5100001 -0.004999995 0.01999998 0.5150001 -0.002503275 0.02433198 0.5125033 -0.004999995 0.02433198 0.512609 -0.002608954 0.02368313 0.5125033 -6.67989e-4 0.01999998 0.5150001 -6.67989e-4 0.0224967 0.512609 -0.001316845 0.02239102 0.510668 -0.004999995 0.0224967 0.510668 -0.002503275 0.01999998 0.5113168 -0.002608895 0.02239102 0.565 -0.2229999 -0.02499997 0.57 -0.2229999 -0.01999998 0.565 -0.2279999 -0.01999998 0.5674967 -0.2229999 -0.02433198 0.565 -0.2254967 -0.02433198 0.5673911 -0.225391 -0.02368313 0.5693321 -0.2254967 -0.01999998 0.5693321 -0.2229999 -0.0224967 0.5686832 -0.225391 -0.02239102 0.565 -0.2273319 -0.0224967 0.5674967 -0.2273319 -0.01999998 0.5673911 -0.2266831 -0.02239102 0.565 -0.2229999 0.02499997 0.565 -0.2279999 0.01999998 0.57 -0.2229999 0.01999998 0.565 -0.2254967 0.02433198 0.5674967 -0.2229999 0.02433198 0.5673911 -0.225391 0.02368313 0.5674967 -0.2273319 0.01999998 0.565 -0.2273319 0.0224967 0.5673911 -0.2266831 0.02239102 0.5693321 -0.2229999 0.0224967 0.5693321 -0.2254967 0.01999998 0.5686832 -0.225391 0.02239102 0.565 -0.004999995 -0.02499997 0.565 0 -0.01999998 0.57 -0.004999995 -0.01999998 0.565 -0.002503275 -0.02433198 0.5674967 -0.004999995 -0.02433198 0.5673911 -0.002608954 -0.02368313 0.5674967 -6.67989e-4 -0.01999998 0.565 -6.67989e-4 -0.0224967 0.5673911 -0.001316845 -0.02239102 0.5693321 -0.004999995 -0.0224967 0.5693321 -0.002503275 -0.01999998 0.5686832 -0.002608895 -0.02239102 0.565 -0.004999995 0.02499997 0.57 -0.004999995 0.01999998 0.565 0 0.01999998 0.5674967 -0.004999995 0.02433198 0.565 -0.002503275 0.02433198 0.5673911 -0.002608895 0.02368313 0.5693321 -0.002503275 0.01999998 0.5693321 -0.004999995 0.0224967 0.5686832 -0.002608954 0.02239102 0.565 -6.67989e-4 0.0224967 0.5674967 -6.67989e-4 0.01999998 0.5673911 -0.001316845 0.02239102 0.54 -0.203 0 0.54 -0.203 0.3 0.5495671 -0.204903 0 0.5495671 -0.204903 0.3 0.5576777 -0.2103223 0 0.5576777 -0.2103223 0.3 0.563097 -0.2184329 0 0.563097 -0.2184329 0.3 0.565 -0.2279999 0 0.565 -0.2279999 0.3 0.563097 -0.237567 0 0.563097 -0.237567 0.3 0.5576777 -0.2456776 0 0.5576777 -0.2456776 0.3 0.5495671 -0.251097 0 0.5495671 -0.251097 0.3 0.54 -0.253 0 0.54 -0.253 0.3 0.5304329 -0.251097 0 0.5304329 -0.251097 0.3 0.5223224 -0.2456776 0 0.5223224 -0.2456776 0.3 0.5169031 -0.237567 0 0.5169031 -0.237567 0.3 0.5150001 -0.2279999 0 0.5150001 -0.2279999 0.3 0.5169031 -0.2184329 0 0.5169031 -0.2184329 0.3 0.5223224 -0.2103223 0 0.5223224 -0.2103223 0.3 0.5304329 -0.204903 0 0.5304329 -0.204903 0.3</float_array>
          <technique_common>
            <accessor source="#track_left-mesh-positions-array" count="7784" stride="3">
              <param name="X" type="float"/>
              <param name="Y" type="float"/>
              <param name="Z" type="float"/>
            </accessor>
          </technique_common>
        </source>
        <source id="track_left-mesh-normals">
          <float_array id="track_left-mesh-normals-array" count="23232">0.04361963 0 -0.9990483 0.1736471 0 -0.984808 0.04361969 0 -0.9990483 0 1 0 0 1 1.85729e-7 0 1 0 -0.04361963 0 0.9990483 -0.1736475 0 0.9848079 -0.04361963 0 0.9990483 0 -1 2.32805e-7 0 -1 0 0 -1 -1.49379e-7 0.1736485 0 -0.9848078 0.3420195 0 -0.9396929 0 1 1.80793e-7 0 1 -2.45747e-7 -0.1736492 0 0.9848076 -0.3420192 0 0.939693 0 -1 -1.80793e-7 0.3420209 0 -0.9396924 0.4999992 0 -0.8660259 0 1 0 0 1 4.91499e-7 -0.3420209 0 0.9396924 -0.4999989 0 0.8660262 0 -1 0 0 -1 -1.80786e-7 0.5000011 0 -0.8660249 0.642787 0 -0.7660449 0 1 5.09629e-7 -0.5000002 0 0.8660254 -0.6427875 0 0.7660446 0 -1 5.09629e-7 0 -1 -6.56829e-7 0.6427887 0 -0.7660436 0.7660442 0 -0.642788 0 1 -6.56829e-7 0 1 1.47994e-7 -0.6427884 0 0.7660438 -0.7660444 0 0.6427876 0 -1 0 0 -1 -5.97514e-7 0.7660451 0 -0.6427869 0.8660253 0 -0.5000003 0 1 0 0 1 -2.45751e-7 -0.7660453 0 0.6427867 -0.8660251 0 0.5000008 0 -1 1.80783e-7 0.8660261 0 -0.4999989 0.9396923 0 -0.3420211 0 1 -2.0386e-7 -0.8660258 0 0.4999994 -0.939692 0 0.3420218 0 -1 1.85727e-7 0 -1 7.46889e-7 0.9396928 0 -0.3420197 0.9848076 0 -0.173649 0 1 -1.97004e-7 0 1 -2.45751e-7 -0.9396926 0 0.3420204 -0.9848076 0 0.1736496 0 -1 0 0.984808 0 -0.1736475 1 0 -7.18951e-7 0 1 -1.71395e-7 -0.9848078 0 0.1736481 -1 0 7.61802e-7 0 -1 0 0 -1 0 1 0 7.18951e-7 0.984808 0 0.1736475 0 1 0 -1 0 -7.57041e-7 -0.9848078 0 -0.1736481 0 -1 0 0.9848076 0 0.173649 0.9396928 0 0.3420198 0 1 -1.29863e-7 -0.9848076 0 -0.1736497 -0.9396926 0 -0.3420203 0 -1 2.17459e-7 0 -1 -2.98757e-7 0.9396923 0 0.3420211 0.8660261 0 0.4999989 0 1 -4.49867e-7 0 1 -1.29864e-7 -0.939692 0 -0.3420218 -0.8660258 0 -0.4999993 0 -1 0 0.8660253 0 0.5000002 0.7660452 0 0.6427868 0 1 4.46367e-7 0 1 0 -0.866025 0 -0.5000007 -0.7660453 0 -0.6427867 0 -1 4.91498e-7 0 -1 5.97488e-7 0.7660441 0 0.6427881 0.6427884 0 0.766044 0 1 3.02233e-7 0 1 0 -0.7660444 0 -0.6427876 -0.6427884 0 -0.7660438 0 -1 0 0 -1 6.56826e-7 0.6427869 0 0.7660451 0.5000007 0 0.866025 0 1 2.77861e-7 -0.6427875 0 -0.7660446 -0.5000002 0 -0.8660254 0 -1 -5.09631e-7 0 -1 0 0.4999992 0 0.8660259 0.3420214 0 0.9396923 0 1 4.91497e-7 -0.4999989 0 -0.8660262 -0.3420203 0 -0.9396926 0 -1 2.2668e-7 0.3420195 0 0.9396929 0.173649 0 0.9848076 0 1 0 0 1 0 -0.3420192 0 -0.939693 -0.1736493 0 -0.9848076 0 -1 0 0 -1 -1.49383e-7 0.1736471 0 0.984808 0.04361963 0 0.9990483 -0.1736475 0 -0.9848079 -0.04362022 0 -0.9990483 0 -1 -3.10408e-7 0.04361969 0 0.9990483 -0.04361969 0 0.9990483 -0.04361963 0 -0.9990483 0.04361963 0 -0.9990483 0 -1 -2.32805e-7 -0.04361963 0 0.9990483 -0.1736471 0 0.984808 0 1 0 0 1 -1.85726e-7 0.04362022 0 -0.9990483 0.1736475 0 -0.9848079 0 -1 0 0 -1 1.49377e-7 -0.173649 0 0.9848076 -0.3420195 0 0.9396929 0 1 -1.8079e-7 0 1 2.45749e-7 0.1736493 0 -0.9848076 0.3420192 0 -0.939693 0 -1 1.8079e-7 -0.3420214 0 0.9396923 -0.4999992 0 0.8660259 0 1 0 0 1 -4.91503e-7 0.3420203 0 -0.9396926 0.4999989 0 -0.8660262 0 -1 0 0 -1 1.21451e-7 -0.5000007 0 0.866025 -0.6427869 0 0.7660451 0 1 -5.09631e-7 0.5000002 0 -0.8660254 0.6427875 0 -0.7660446 0 -1 2.45749e-7 0 -1 0 -0.6427884 0 0.766044 -0.7660441 0 0.6427881 0 1 6.56828e-7 0 1 0 0.6427884 0 -0.7660438 0.7660444 0 -0.6427876 0 -1 0 -0.7660452 0 0.6427868 -0.8660253 0 0.5000002 0 1 5.97488e-7 0 1 2.45749e-7 0.7660453 0 -0.6427867 0.866025 0 -0.5000007 0 -1 2.45749e-7 0 -1 -1.80791e-7 -0.8660261 0 0.4999989 -0.9396923 0 0.3420211 0 1 1.21451e-7 0 1 2.0386e-7 0.8660258 0 -0.4999993 0.939692 0 -0.3420218 0 -1 -1.85727e-7 0 -1 -7.4689e-7 -0.9396929 0 0.3420198 -0.9848076 0 0.173649 0 1 1.97004e-7 0 1 2.45751e-7 0.9396926 0 -0.3420203 0.9848076 0 -0.1736497 0 -1 0 -0.984808 0 0.1736475 -1 0 7.18951e-7 0 1 1.71395e-7 0.9848078 0 -0.1736481 1 0 -7.61802e-7 0 -1 0 -1 0 -7.18951e-7 -0.984808 0 -0.1736475 0 1 0 1 0 7.57041e-7 0.9848078 0 0.1736481 0 -1 0 -0.9848076 0 -0.173649 -0.9396928 0 -0.3420197 0 1 1.29862e-7 0.9848076 0 0.1736496 0.9396926 0 0.3420204 0 -1 -2.1746e-7 0 -1 2.98756e-7 -0.9396923 0 -0.3420211 -0.8660261 0 -0.4999989 0 1 1.51115e-7 0.939692 0 0.3420218 0.8660258 0 0.4999994 0 -1 0 -0.8660253 0 -0.5000003 -0.7660451 0 -0.6427869 0 1 0 0.8660251 0 0.5000008 0.7660453 0 0.6427867 0 -1 0 -0.7660442 0 -0.642788 -0.6427886 0 -0.7660436 0 1 -6.56825e-7 0 1 3.70703e-7 0.7660444 0 0.6427876 0.6427884 0 0.7660438 0 -1 -6.56825e-7 -0.642787 0 -0.7660449 -0.500001 0 -0.8660249 0 1 -1.80782e-7 0 1 2.45749e-7 0.6427875 0 0.7660446 0.5000002 0 0.8660254 0 -1 5.09632e-7 0 -1 0 -0.4999992 0 -0.8660259 -0.3420209 0 -0.9396923 0 1 -4.91495e-7 0.4999989 0 0.8660262 0.3420209 0 0.9396924 0 -1 -2.26682e-7 -0.3420195 0 -0.9396929 -0.1736485 0 -0.9848078 0 1 0 0 1 0 0.3420192 0 0.939693 0.1736493 0 0.9848076 0 -1 0 0 -1 1.49376e-7 -0.1736471 0 -0.984808 -0.04361963 0 -0.9990483 0.1736474 0 0.9848079 0.04361963 0 0.9990483 0 -1 3.10407e-7 -0.04361969 0 -0.9990483 0.04361963 0 0.9990483 0.1279853 -0.983484 0.1279807 -0.1279854 -0.9834839 -0.127981 0.1279771 -0.9834853 -0.1279786 0.9834858 0.127985 0.1279668 0.9834854 -0.1279878 -0.1279678 0.9834892 0.127959 -0.1279667 -0.1279799 0.1279674 0.9834865 0.1279782 -0.127975 0.9834857 0.1279754 0.127974 0.9834861 -0.9834855 -0.1279878 0.1279668 -0.9834857 0.1279849 -0.1279678 -0.9834888 -0.1279618 -0.1279667 -0.127976 0.9834859 0.1279754 0.127976 0.9834859 -0.1279751 -0.1279677 0.9834876 -0.1279704 -0.1216019 -0.4915728 -0.8623046 -0.4915625 -0.1215997 -0.8623108 -0.1279743 -0.1279761 -0.983486 -0.1216004 -0.8623064 -0.4915702 -0.4488385 -0.4488435 -0.7727118 -0.4915876 -0.8622974 -0.1215941 -0.8623219 -0.4915444 -0.1215937 -0.4488344 -0.7727226 -0.4488293 -0.8623067 -0.1216041 -0.4915686 -0.7727117 -0.44885 -0.4488321 -0.1216018 -0.8623057 0.491571 -0.4915468 -0.8623205 0.121595 -0.127977 -0.9834854 0.127979 -0.4488434 -0.4488404 0.7727108 -0.4488353 -0.7727203 0.4488323 -0.4915646 -0.1215932 0.8623104 -0.1216052 -0.4915702 0.8623057 -0.1279743 -0.1279718 0.9834867 -0.8623069 -0.1215971 0.4915701 -0.8622903 -0.4915997 0.121595 -0.7727146 -0.448843 0.4488342 -0.4915656 0.1215983 -0.8623093 -0.1216049 0.4915816 -0.8622991 -0.1279764 0.1279753 -0.9834859 -0.8623057 0.1216064 -0.4915701 -0.4488539 0.4488428 -0.7727034 -0.8622787 0.4916164 -0.121609 -0.4915375 0.8623252 -0.1215987 -0.7727108 0.4488518 -0.448832 -0.1216004 0.8623138 -0.4915571 -0.4488688 0.7726964 -0.4488399 -0.1216101 0.4915725 0.8623036 -0.4915698 0.1215925 0.8623076 -0.1215998 0.8623102 0.4915634 -0.4488466 0.448841 0.7727085 -0.4915744 0.862305 0.1215937 -0.862319 0.4915491 0.1215963 -0.4488309 0.7727236 0.4488307 -0.8623059 0.1216 0.491571 -0.983489 0.1279591 0.1279677 -0.77271 0.4488485 0.4488366 0.4915663 -0.1215934 -0.8623096 0.121604 -0.4915702 -0.8623058 0.1279781 -0.127973 -0.9834859 0.8623061 -0.1216038 -0.4915696 0.4488511 -0.4488404 -0.7727064 0.8622823 -0.4916111 -0.1216049 0.4915521 -0.8623165 -0.1216016 0.7727132 -0.4488515 -0.4488283 0.1216062 -0.8623028 -0.4915747 0.4488744 -0.7726898 -0.4488455 0.1216054 -0.4915681 0.8623068 0.4915692 -0.1215966 0.8623074 0.121604 -0.8623023 0.4915762 0.4488444 -0.4488406 0.77271 0.4915897 -0.8622955 0.1215978 0.8623216 -0.4915449 0.121594 0.4488388 -0.7727164 0.4488352 0.8623063 -0.1216008 0.4915701 0.9834887 -0.1279618 0.1279677 0.7727115 -0.4488503 0.4488324 0.1216068 0.4915727 -0.8623039 0.4915638 0.121593 -0.8623111 0.1279731 0.1279685 -0.9834871 0.1216037 0.8623075 -0.4915673 0.4488435 0.4488415 -0.7727101 0.4915782 0.8623023 -0.1215971 0.8623191 0.4915487 -0.1215963 0.4488375 0.7727166 -0.4488363 0.8623065 0.1216001 -0.4915701 0.77271 0.4488485 -0.4488366 0.4915655 0.1215955 0.8623098 0.1216094 0.4915769 0.8623013 0.8623063 0.1216033 0.4915696 0.4488574 0.4488403 0.7727028 0.8622784 0.4916172 0.1216089 0.4915407 0.862323 0.1216019 0.772711 0.4488518 0.4488316 0.1216046 0.8623098 0.4915631 0.1279677 0.9834877 0.12797 0.4488753 0.7726894 0.4488455 0.1279814 -0.9834845 0.1279806 -0.1279815 -0.9834845 -0.127981 0.1279838 -0.9834845 -0.1279787 0.9834879 0.1279703 0.1279665 0.9834873 -0.1279731 -0.1279676 0.983486 0.127984 -0.1279671 -0.1279795 0.1279726 0.9834858 0.1279785 -0.1279698 0.9834863 0.1279757 0.1279686 0.9834868 -0.9834883 -0.127965 0.1279679 -0.9834886 0.1279622 -0.1279689 -0.9834899 -0.1279523 -0.1279681 -0.1279721 0.9834864 0.1279753 0.1279721 0.9834865 -0.1279749 -0.1279743 0.9834868 -0.1279705 -0.121604 -0.4915645 -0.862309 -0.4915624 -0.121603 -0.8623103 -0.1216047 -0.8623026 -0.4915758 -0.4488435 -0.4488374 -0.7727125 -0.4915464 -0.862321 -0.1215925 -0.8623028 -0.4915779 -0.1215935 -0.4488452 -0.772711 -0.4488381 -0.8623074 -0.1216049 -0.4915672 -0.7727072 -0.4488575 -0.4488325 -0.1216039 -0.8623059 0.4915701 -0.4915656 -0.8623098 0.1215947 -0.1279837 -0.9834845 0.1279792 -0.4488468 -0.4488421 0.7727078 -0.4488455 -0.7727094 0.4488406 -0.4915633 -0.1216081 0.862309 -0.1216049 -0.4915726 0.8623043 -0.127974 -0.1279771 0.983486 -0.862307 -0.1216053 0.4915678 -0.8623069 -0.4915708 0.1215932 -0.7727097 -0.4488512 0.4488343 -0.4915656 0.1216016 -0.8623088 -0.1216069 0.4915733 -0.8623036 -0.8623049 0.1216143 -0.4915693 -0.4488559 0.4488424 -0.7727024 -0.8623017 0.4915757 -0.1216108 -0.4915704 0.8623058 -0.1216027 -0.7726947 0.4488846 -0.448827 -0.1216044 0.8623101 -0.4915624 -0.4488557 0.7727075 -0.448834 -0.1216098 0.491575 0.8623024 -0.4915686 0.1216074 0.8623062 -0.1216022 0.8623103 0.4915629 -0.44885 0.4488427 0.7727055 -0.4915332 0.8623287 0.1215921 -0.8622999 0.4915825 0.121596 -0.4488418 0.7727122 0.4488396 -0.8623061 0.1216078 0.4915687 -0.9834902 0.1279495 0.1279691 -0.7727055 0.4488559 0.4488369 0.4915643 -0.1216109 -0.8623082 0.1216048 -0.4915665 -0.8623077 0.8623054 -0.1216134 -0.4915685 0.4488477 -0.4488543 -0.7727002 0.8623121 -0.4915582 -0.1216074 0.4915817 -0.8622995 -0.1216022 0.7727122 -0.4488532 -0.4488283 0.1216056 -0.8623041 -0.4915727 0.4488469 -0.7727177 -0.4488251 0.1216065 -0.4915614 0.8623104 0.4915673 -0.121611 0.8623065 0.1216033 -0.8623033 0.4915747 0.448844 -0.4488489 0.7727054 0.491559 -0.8623132 0.1215968 0.8622955 -0.4915908 0.1215934 0.4488319 -0.7727247 0.448828 0.8623068 -0.1216049 0.4915682 0.9834855 -0.1279868 0.1279681 0.7727069 -0.4488562 0.4488345 0.1216076 0.4915691 -0.862306 0.4915618 0.1216106 -0.8623096 0.121603 0.8623088 -0.4915651 0.4488431 0.4488498 -0.7727056 0.4915475 0.8623199 -0.1215959 0.862293 0.4915947 -0.1215957 0.4488305 0.7727249 -0.4488291 0.862307 0.1216042 -0.4915682 0.7727054 0.4488545 -0.4488387 0.4915635 0.1216098 0.8623088 0.1216104 0.4915703 0.8623048 0.8623056 0.1216129 0.4915683 0.4488539 0.4488542 0.7726966 0.8623082 0.4915643 0.1216114 0.4915704 0.8623059 0.1216026 0.7727102 0.4488536 0.4488315 0.121604 0.8623107 0.4915616 0.1279743 0.9834868 0.1279701 0.4488478 0.7727171 0.4488251 0.1279814 -0.9834845 0.1279808 -0.1279815 -0.9834845 -0.1279806 0.1279838 -0.9834845 -0.1279789 0.9834892 0.127959 0.1279671 0.9834887 -0.1279618 -0.1279681 0.9834873 0.1279726 -0.1279677 0.1279785 -0.1279693 0.9834864 0.1279757 0.1279683 0.9834869 -0.9834875 -0.1279731 0.1279665 -0.9834877 0.1279703 -0.1279675 -0.9834856 -0.1279868 -0.1279671 -0.1279721 0.9834865 0.1279749 0.1279721 0.9834864 -0.1279751 -0.1279743 0.9834868 -0.1279701 -0.1216065 -0.8623015 -0.491577 -0.4915552 -0.8623155 -0.1215965 -0.8622927 -0.4915961 -0.1215925 -0.4488468 -0.7727087 -0.4488406 -0.8623065 -0.1216112 -0.4915671 -0.772706 -0.4488586 -0.4488334 -0.121604 -0.8623058 0.4915702 -0.4915726 -0.8623055 0.1215968 -0.1279837 -0.9834845 0.1279787 -0.4488441 -0.7727106 0.4488401 -0.4915634 -0.1216049 0.8623095 -0.1216052 -0.4915697 0.8623059 -0.8623061 -0.1216119 0.4915677 -0.8623098 -0.491566 0.121593 -0.7727082 -0.4488531 0.4488353 -0.8623054 0.1216076 -0.49157 -0.4488586 0.4488335 -0.7727059 -0.8623077 0.4915653 -0.1216112 -0.4915664 0.8623083 -0.1216015 -0.7727098 0.4488493 -0.4488364 -0.1216044 0.8623104 -0.4915621 -0.4488442 0.7727168 -0.4488294 -0.12161 0.491572 0.8623039 -0.4915685 0.1216042 0.8623068 -0.121604 0.862309 0.4915646 -0.4915418 0.8623232 0.1215959 -0.8622896 0.4916008 0.121595 -0.4488434 0.77271 0.4488421 -0.8623052 0.121614 0.4915687 -0.9834858 0.1279841 0.1279681 -0.7727044 0.448857 0.4488378 0.491565 -0.1216051 -0.8623086 0.8623058 -0.1216097 -0.4915689 0.4488484 -0.4488534 -0.7727003 0.8623122 -0.491558 -0.1216074 0.4915777 -0.862302 -0.121601 0.7727034 -0.448871 -0.4488255 0.121605 -0.8623053 -0.4915708 0.4488354 -0.7727269 -0.4488206 0.1216065 -0.4915616 0.8623103 0.4915686 -0.1215993 0.8623074 0.1216049 -0.8623025 0.4915759 0.4488461 -0.4488422 0.7727082 0.4915465 -0.8623207 0.1215941 0.8622953 -0.4915911 0.1215933 0.4488373 -0.7727195 0.4488317 0.8623073 -0.1215981 0.491569 0.9834868 -0.1279754 0.1279687 0.772715 -0.4488418 0.4488348 0.4915626 0.1216048 -0.8623101 0.1216039 0.8623089 -0.4915648 0.4488439 0.4488489 -0.7727056 0.491535 0.8623273 -0.1215932 0.8622928 0.491595 -0.1215956 0.4488359 0.7727196 -0.4488329 0.8623072 0.1216009 -0.4915685 0.7727136 0.4488401 -0.448839 0.4915648 0.1215981 0.8623097 0.1216105 0.4915703 0.8623048 0.8623061 0.1216058 0.4915691 0.4488559 0.4488476 0.7726993 0.8623083 0.491564 0.1216114 0.4915663 0.8623085 0.1216014 0.7727013 0.4488714 0.4488288 0.1216039 0.8623108 0.4915612 0.1279743 0.9834868 0.1279703 0.4488363 0.7727263 0.4488207 -0.1279815 -0.9834845 -0.1279808 -0.1279799 0.1279671 0.9834865 0.1279783 -0.1279724 0.983486 0.1279755 0.1279713 0.9834865 -0.9834888 -0.1279617 0.1279671 -0.983489 0.1279589 -0.1279681 -0.983487 -0.1279754 -0.1279677 -0.1279721 0.9834864 0.1279751 0.1279721 0.9834864 -0.1279751 -0.1279743 0.9834868 -0.1279703 -0.1216049 -0.4915601 -0.8623114 -0.4915618 -0.1216073 -0.8623102 -0.1279745 -0.1279734 -0.9834864 -0.1216055 -0.8623015 -0.4915773 -0.4488412 -0.4488411 -0.7727115 -0.4915536 -0.8623166 -0.1215949 -0.8622957 -0.4915906 -0.1215931 -0.4488399 -0.7727169 -0.4488335 -0.8623074 -0.1216049 -0.4915672 -0.7727071 -0.4488567 -0.4488334 -0.1216046 -0.8623048 0.491572 -0.1279837 -0.9834845 0.1279789 -0.4488445 -0.4488459 0.772707 -0.4488398 -0.7727157 0.4488357 -0.4915627 -0.1216108 0.8623091 -0.1216059 -0.4915663 0.8623077 -0.1279742 -0.1279716 0.9834866 -0.862307 -0.121606 0.4915678 -0.8623126 -0.4915609 0.1215936 -0.7727091 -0.448852 0.448835 -0.4915649 0.1216058 -0.8623085 -0.1216078 0.4915689 -0.8623059 -0.1279765 0.1279726 -0.9834862 -0.8623058 0.1216084 -0.4915692 -0.4488536 0.4488462 -0.7727016 -0.8623105 0.4915602 -0.1216118 -0.7727031 0.4488664 -0.4488305 -0.121605 0.8623093 -0.4915639 -0.4488399 0.7727219 -0.448825 -0.1216108 0.4915686 0.8623057 -0.4915679 0.1216101 0.8623063 -0.121603 0.8623089 0.4915649 -0.4488478 0.4488464 0.7727047 -0.4915403 0.8623242 0.1215944 -0.8622927 0.4915953 0.1215956 -0.4488363 0.772718 0.448835 -0.8623061 0.1216077 0.4915688 -0.9834871 0.1279727 0.1279687 -0.7727055 0.4488552 0.4488378 0.4915653 -0.1216038 -0.8623086 0.121605 -0.491566 -0.862308 0.1279779 -0.1279756 -0.9834856 0.8623057 -0.1216109 -0.4915688 0.4488509 -0.4488453 -0.7727037 0.8623125 -0.4915577 -0.1216075 0.7727027 -0.4488722 -0.4488257 0.1216059 -0.8623034 -0.4915739 0.4488399 -0.7727219 -0.448825 0.1216055 -0.4915664 0.8623077 0.4915679 -0.1216067 0.8623067 0.1216042 -0.8623035 0.4915741 0.4488463 -0.4488451 0.7727063 0.4915464 -0.8623208 0.121594 0.4488415 -0.7727146 0.4488359 0.8623067 -0.121605 0.4915682 0.7727138 -0.4488436 0.4488349 0.1216078 0.4915685 -0.8623063 0.4915628 0.1216034 -0.8623101 0.127973 0.1279712 -0.9834869 0.1216048 0.862307 -0.4915677 0.4488462 0.4488407 -0.7727089 0.4915349 0.8623275 -0.1215931 0.4488401 0.7727147 -0.448837 0.8623071 0.1216025 -0.4915683 0.7727124 0.4488419 -0.4488391 0.4915642 0.1216056 0.862309 0.1216095 0.4915752 0.8623021 0.8623057 0.1216122 0.4915684 0.4488562 0.4488505 0.7726975 0.8623085 0.4915636 0.1216115 0.7727005 0.4488725 0.448829 0.1216033 0.8623119 0.4915598 0.4488407 0.7727212 0.448825 0.1279785 -0.9834852 0.127978 -0.1279786 -0.9834852 -0.127978 0.1279773 -0.983486 -0.1279731 0.9834872 0.1279736 0.1279673 0.9834868 -0.1279764 -0.1279684 0.9834889 0.1279608 -0.1279675 -0.1279749 0.1279713 0.9834865 0.1279735 -0.1279737 0.9834864 0.1279707 0.1279718 0.983487 -0.9834887 -0.1279622 -0.1279675 -0.1279692 0.9834876 0.1279696 0.1279692 0.9834876 -0.1279696 -0.127968 0.983488 -0.1279677 -0.1215997 -0.4915725 -0.8623052 -0.4915654 -0.1216049 -0.8623084 -0.1279697 -0.1279748 -0.9834868 -0.1215995 -0.8623064 -0.4915702 -0.448845 -0.4488429 -0.7727084 -0.4915651 -0.8623099 -0.1215957 -0.772714 -0.4488456 -0.4488329 -0.4488433 -0.7727127 -0.4488374 -0.8623104 -0.1216 -0.491563 -0.8623081 -0.4915671 -0.1215997 -0.121599 -0.8623088 0.4915661 -0.4915646 -0.8623101 0.1215965 -0.1279773 -0.9834861 0.1279732 -0.4488505 -0.448842 0.7727059 -0.4488455 -0.7727108 0.4488384 -0.4915676 -0.1216015 0.8623076 -0.1216011 -0.4915746 0.8623037 -0.1279693 -0.127975 0.9834868 -0.8623102 -0.1215969 0.4915642 -0.8623078 -0.4915677 0.1216006 -0.7727148 -0.4488427 0.4488341 -0.4915717 0.1216071 -0.8623045 -0.1216052 0.4915772 -0.8623017 -0.1279717 0.1279731 -0.9834867 -0.7727053 0.4488433 -0.4488499 -0.448835 0.4488555 -0.7727069 -0.8623048 0.4915719 -0.1216039 -0.8623106 0.1215962 -0.4915639 -0.4915546 0.8623151 -0.1216005 -0.1216003 0.8623123 -0.4915599 -0.4488353 0.7727134 -0.4488442 -0.1216056 0.4915777 0.8623012 -0.4915729 0.1216009 0.8623048 -0.1215973 0.8623135 0.4915584 -0.4488534 0.4488417 0.7727041 -0.4915476 0.8623201 0.1215937 -0.8623065 0.4915697 0.1216005 -0.4488381 0.7727151 0.4488381 -0.8623097 0.1215977 0.4915649 -0.983489 0.1279595 0.1279685 -0.7727158 0.4488341 0.4488411 0.491572 -0.1216037 -0.8623048 0.1216024 -0.491572 -0.8623051 0.1279732 -0.1279761 -0.9834861 0.7727036 -0.4488516 -0.4488446 0.4488326 -0.4488502 -0.7727113 0.8623017 -0.4915784 -0.1216 0.8623099 -0.1216014 -0.4915636 0.4915702 -0.8623062 -0.1216013 0.1216019 -0.8623059 -0.4915705 0.4488375 -0.7727087 -0.44885 0.1216022 -0.4915705 0.8623058 0.4915712 -0.1216073 0.8623048 0.1215993 -0.8623061 0.4915709 0.4488487 -0.4488454 0.7727049 0.4915695 -0.862307 0.1215977 0.7727115 -0.4488514 0.4488312 0.4488409 -0.7727161 0.4488341 0.862309 -0.121605 0.4915642 0.8623084 -0.4915665 0.1216011 0.9834885 -0.1279637 0.1279686 0.1216033 0.4915733 -0.8623042 0.4915672 0.1215968 -0.8623085 0.1279683 0.1279725 -0.9834873 0.121599 0.8623115 -0.4915616 0.4488501 0.4488379 -0.7727084 0.4915558 0.862315 -0.1215964 0.862306 0.4915706 -0.1216007 0.4488397 0.7727153 -0.4488363 0.8623098 0.1215991 -0.4915645 0.7727112 0.4488444 -0.4488388 0.4915708 0.1216077 0.8623049 0.121608 0.4915789 0.8623003 0.7726994 0.4488566 0.4488467 0.4488322 0.4488626 0.7727045 0.8622977 0.4915844 0.121604 0.8623111 0.1216004 0.4915617 0.4915587 0.8623127 0.1216017 0.1216001 0.8623122 0.4915599 0.127968 0.983488 0.1279677 0.4488384 0.7727081 0.4488499 0.1279785 -0.9834852 0.127978 -0.1279786 -0.9834852 -0.1279778 0.9834868 0.1279774 -0.127967 0.1279737 -0.1279708 0.9834868 0.1279709 0.127969 0.9834874 -0.9834864 -0.1279802 -0.127967 -0.1279692 0.9834876 0.1279694 0.1279692 0.9834876 -0.1279696 -0.127968 0.983488 -0.1279674 -0.1216008 -0.4915674 -0.8623079 -0.4915655 -0.1216049 -0.8623083 -0.1279698 -0.1279721 -0.9834871 -0.1216006 -0.8623046 -0.491573 -0.4488448 -0.4488423 -0.7727088 -0.4915735 -0.8623048 -0.1215984 -0.772714 -0.4488465 -0.4488317 -0.4488552 -0.772703 -0.4488422 -0.8623086 -0.121613 -0.491563 -0.8623026 -0.4915769 -0.1215997 -0.1215997 -0.8623077 0.491568 -0.4915772 -0.8623026 0.1215991 -0.1279773 -0.9834861 0.127973 -0.4488496 -0.4488443 0.772705 -0.448857 -0.7727015 0.4488428 -0.4915672 -0.1216061 0.8623071 -0.1216017 -0.4915723 0.862305 -0.8623082 -0.1216125 0.491564 -0.8623076 -0.491568 0.1216006 -0.7727143 -0.4488452 0.4488326 -0.4915717 0.1216047 -0.8623048 -0.1216053 0.4915763 -0.8623022 -0.1279719 0.1279705 -0.9834871 -0.7727022 0.4488502 -0.4488484 -0.4488381 0.4488432 -0.7727122 -0.8623046 0.4915723 -0.1216039 -0.8623082 0.1216144 -0.4915633 -0.4915646 0.862309 -0.1216036 -0.1216025 0.8623101 -0.4915631 -0.4488403 0.7727054 -0.4488527 -0.1216062 0.4915754 0.8623025 -0.4915726 0.1216055 0.8623043 -0.1215981 0.8623121 0.4915605 -0.4488526 0.448844 0.7727034 -0.4915548 0.8623158 0.121596 -0.8623017 0.4915781 0.1216007 -0.4488483 0.7727069 0.4488424 -0.8623079 0.1216124 0.4915646 -0.9834867 0.1279775 0.127968 -0.7727169 0.448833 0.4488402 0.4915716 -0.1216076 -0.8623045 0.1216032 -0.4915683 -0.862307 0.1279732 -0.1279762 -0.9834861 0.7727045 -0.4488509 -0.4488437 0.4488298 -0.4488601 -0.7727073 0.8623118 -0.4915602 -0.1216013 0.8623091 -0.1216081 -0.4915636 0.4915786 -0.8623013 -0.1216027 0.1216019 -0.8623059 -0.4915705 0.4488353 -0.7727134 -0.4488442 0.1216028 -0.4915683 0.8623071 0.4915719 -0.1216031 0.862305 0.1215993 -0.8623061 0.4915708 0.4488499 -0.4488462 0.7727037 0.4915736 -0.8623046 0.1215988 0.772713 -0.4488483 0.4488317 0.4488429 -0.7727157 0.4488325 0.8623082 -0.1216114 0.4915643 0.8623059 -0.4915705 0.1216018 0.9834863 -0.1279802 0.127968 0.1216042 0.4915706 -0.8623056 0.4915668 0.121603 -0.8623079 0.1215992 0.8623108 -0.4915626 0.44885 0.4488424 -0.7727058 0.4915557 0.8623151 -0.1215963 0.8623019 0.4915778 -0.1216007 0.4488473 0.7727106 -0.4488369 0.8623085 0.1216107 -0.4915639 0.7727169 0.448833 -0.4488402 0.4915708 0.1216065 0.8623052 0.1216086 0.4915756 0.8623021 0.7727022 0.4488515 0.4488472 0.448832 0.4488645 0.7727034 0.8623079 0.4915664 0.1216053 0.8623104 0.1216071 0.4915616 0.491567 0.8623077 0.1216031 0.1215998 0.8623128 0.4915589 0.4488362 0.7727128 0.4488442 0.1279785 -0.9834852 0.1279779 -0.1279786 -0.9834852 -0.127978 0.1279773 -0.983486 -0.1279731 0.9834876 0.127972 0.127967 0.983487 -0.1279748 -0.127968 0.9834883 0.1279658 -0.1279672 -0.127975 0.12797 0.9834867 0.1279736 -0.1279723 0.9834867 0.1279708 0.1279704 0.9834872 -0.9834879 -0.127969 0.1279672 -0.9834881 0.1279662 -0.1279683 -0.9834878 -0.1279696 -0.1279676 0.1279692 0.9834876 -0.1279695 -0.1216004 -0.4915703 -0.8623062 -0.4915654 -0.1216073 -0.862308 -0.1279697 -0.1279748 -0.9834868 -0.1215994 -0.862306 -0.491571 -0.448845 -0.4488438 -0.7727078 -0.4915728 -0.8623051 -0.1215977 -0.7727126 -0.4488488 -0.4488319 -0.4488471 -0.7727113 -0.4488359 -0.8623092 -0.1216081 -0.4915632 -0.8623061 -0.4915705 -0.1216008 -0.121598 -0.8623088 0.4915666 -0.4915755 -0.8623037 0.1215975 -0.4488492 -0.4488472 0.7727036 -0.4488472 -0.7727117 0.448835 -0.491567 -0.1216099 0.8623068 -0.121602 -0.4915713 0.8623054 -0.1279694 -0.1279737 0.983487 -0.8623085 -0.1216098 0.491564 -0.8623076 -0.4915677 0.1216014 -0.7727125 -0.4488483 0.4488326 -0.4915718 0.1216059 -0.8623046 -0.1216049 0.4915785 -0.8623009 -0.1279717 0.1279732 -0.9834867 -0.7726987 0.4488575 -0.4488472 -0.4488378 0.4488454 -0.7727111 -0.8623046 0.4915722 -0.1216046 -0.8623087 0.121611 -0.4915634 -0.4915631 0.8623102 -0.1216019 -0.1216004 0.862312 -0.4915601 -0.4488307 0.7727156 -0.4488449 -0.1216065 0.4915744 0.862303 -0.4915722 0.1216092 0.8623039 -0.1215974 0.8623125 0.49156 -0.4488521 0.4488469 0.7727019 -0.4915541 0.8623163 0.1215953 -0.8623031 0.4915755 0.121601 -0.4488459 0.7727106 0.4488382 -0.8623083 0.1216093 0.4915646 -0.983488 0.1279668 0.1279686 -0.7727159 0.4488345 0.4488403 0.4915715 -0.1216089 -0.8623043 0.1216027 -0.4915707 -0.8623058 0.7727026 -0.4488542 -0.4488435 0.4488323 -0.4488521 -0.7727105 0.8623067 -0.4915699 -0.1215999 0.862309 -0.1216111 -0.4915628 0.4915752 -0.8623031 -0.1216022 0.1216028 -0.8623052 -0.4915714 0.4488378 -0.7727094 -0.4488486 0.1216025 -0.4915699 0.8623062 0.491571 -0.1216112 0.8623043 0.1215985 -0.8623065 0.4915704 0.4488495 -0.4488471 0.7727035 0.4915726 -0.8623053 0.1215979 0.7727157 -0.4488422 0.4488334 0.4488539 -0.772706 0.4488382 0.8623084 -0.1216108 0.491564 0.862307 -0.4915688 0.1216008 0.9834878 -0.1279686 0.1279682 0.1216037 0.4915729 -0.8623042 0.4915664 0.1216083 -0.8623074 0.1215983 0.8623115 -0.4915618 0.4488497 0.4488438 -0.7727051 0.4915584 0.8623137 -0.1215965 0.8623071 0.4915686 -0.1216013 0.4488461 0.7727106 -0.4488379 0.8623088 0.1216084 -0.4915637 0.7727153 0.4488351 -0.4488409 0.4915707 0.1216078 0.8623049 0.1216083 0.4915772 0.8623012 0.7727003 0.4488548 0.4488471 0.448835 0.4488545 0.7727077 0.8623026 0.4915758 0.1216039 0.8623102 0.1216101 0.4915608 0.4915637 0.8623096 0.1216026 0.1216008 0.862312 0.4915601 0.127968 0.983488 0.1279675 0.4488387 0.7727089 0.4488485 0.1279774 -0.9834854 0.1279783 0.1279774 -0.9834856 -0.1279758 0.9834867 0.1279726 0.1279722 0.9834862 -0.1279754 -0.1279733 0.9834876 0.1279664 -0.1279725 -0.127975 0.1279699 0.9834867 0.1279721 0.1279711 0.983487 -0.9834868 -0.1279725 0.1279724 -0.983487 0.1279697 -0.1279734 -0.9834874 -0.1279664 -0.1279726 -0.1279681 0.9834877 0.1279695 0.1279681 0.9834878 -0.1279693 -0.1279682 0.983488 -0.1279674 -0.1216012 -0.4915695 -0.8623066 -0.491568 -0.1216076 -0.8623065 -0.1216011 -0.862304 -0.4915739 -0.4488343 -0.4488478 -0.7727119 -0.4915728 -0.8623052 -0.1215978 -0.7727075 -0.4488475 -0.4488419 -0.448841 -0.7727106 -0.4488433 -0.862309 -0.1216016 -0.491565 -0.8623092 -0.491565 -0.1216015 -0.1216003 -0.8623065 0.4915701 -0.4915689 -0.8623074 0.1215978 -0.1279764 -0.9834861 0.1279731 -0.4488464 -0.4488446 0.7727066 -0.4488424 -0.7727097 0.448843 -0.491569 -0.1216058 0.8623062 -0.1216026 -0.4915701 0.8623061 -0.1279694 -0.1279736 0.983487 -0.8623071 -0.1216033 0.4915681 -0.8623034 -0.4915748 0.1216021 -0.772708 -0.4488514 0.4488371 -0.4915673 0.1216019 -0.8623077 -0.1216045 0.491576 -0.8623024 -0.1279731 0.1279739 -0.9834864 -0.8623051 0.1216003 -0.4915724 -0.4488459 0.4488411 -0.7727089 -0.8623019 0.4915766 -0.1216055 -0.4915611 0.8623121 -0.1215969 -0.7727062 0.4488518 -0.44884 -0.1216003 0.8623123 -0.4915598 -0.4488426 0.7727112 -0.4488404 -0.1216075 0.4915748 0.8623026 -0.4915741 0.121605 0.8623035 -0.1215993 0.8623113 0.4915619 -0.4488496 0.4488451 0.7727044 -0.4915578 0.8623138 0.1215978 -0.7727065 0.4488516 0.4488396 -0.4488419 0.77271 0.4488433 -0.862307 0.1216024 0.4915687 -0.8623037 0.4915735 0.1216054 -0.9834878 0.1279637 0.1279737 0.4915674 -0.1216021 -0.8623076 0.1216021 -0.4915697 -0.8623064 0.1279738 -0.1279761 -0.9834861 0.8623049 -0.121604 -0.4915717 0.4488433 -0.4488432 -0.7727092 0.8623059 -0.4915706 -0.1216018 0.4915734 -0.8623048 -0.1215983 0.7727072 -0.4488545 -0.4488357 0.1216014 -0.8623059 -0.4915707 0.4488387 -0.7727159 -0.4488365 0.1216036 -0.4915682 0.8623069 0.4915736 -0.1216045 0.8623037 0.1216 -0.8623049 0.4915729 0.4488476 -0.4488442 0.7727061 0.4915701 -0.8623067 0.1215985 0.7727072 -0.4488537 0.4488362 0.4488383 -0.7727142 0.4488396 0.8623067 -0.1216054 0.4915682 0.8623075 -0.4915676 0.1216024 0.9834871 -0.1279693 0.1279735 0.1216045 0.4915741 -0.8623034 0.4915688 0.1216065 -0.8623062 0.1215999 0.8623105 -0.4915628 0.4488385 0.4488503 -0.7727079 0.4915592 0.862313 -0.1215982 0.7727042 0.44885 -0.4488451 0.4488373 0.7727147 -0.4488396 0.8623084 0.1216028 -0.4915658 0.8623043 0.4915722 -0.1216059 0.4915667 0.1216002 0.8623083 0.121608 0.4915747 0.8623027 0.8623052 0.1216036 0.4915716 0.4488489 0.4488423 0.7727065 0.8623019 0.4915767 0.121606 0.491562 0.8623115 0.1215973 0.772705 0.4488549 0.4488389 0.1215997 0.8623132 0.4915585 0.1279682 0.983488 0.1279674 0.4488396 0.7727154 0.4488365 0.127979 -0.9834851 0.1279787 -0.1279792 -0.9834851 -0.1279787 0.1279784 -0.983485 -0.1279797 0.9834874 0.127969 0.1279703 0.983487 -0.1279718 -0.1279714 0.9834876 0.1279678 -0.1279706 -0.1279764 0.1279691 0.9834866 0.1279742 -0.127972 0.9834865 0.1279722 0.1279716 0.9834868 -0.9834869 -0.1279736 0.1279703 -0.9834871 0.1279708 -0.1279714 -0.9834874 -0.1279691 -0.1279706 -0.1279699 0.9834874 0.1279702 0.1279699 0.9834874 -0.1279702 -0.1279691 0.9834877 -0.1279683 -0.1216019 -0.4915681 -0.8623073 -0.491566 -0.1216055 -0.862308 -0.1279703 -0.1279741 -0.9834868 -0.1216016 -0.8623049 -0.4915723 -0.4488385 -0.4488461 -0.7727104 -0.4915701 -0.8623063 -0.1216006 -0.7727072 -0.4488447 -0.4488456 -0.4488453 -0.7727105 -0.4488391 -0.8623068 -0.1216046 -0.4915682 -0.8623055 -0.4915711 -0.121603 -0.1216005 -0.8623056 0.4915716 -0.4915694 -0.8623067 0.1216006 -0.1279783 -0.983485 0.1279797 -0.4488463 -0.4488477 0.7727049 -0.4488464 -0.7727099 0.448839 -0.4915639 -0.1216042 0.8623093 -0.1216033 -0.4915706 0.8623057 -0.12797 -0.1279729 0.983487 -0.8623058 -0.1216042 0.4915701 -0.8623016 -0.4915779 0.1216034 -0.7727095 -0.4488499 0.4488363 -0.4915698 0.1216049 -0.8623059 -0.1216051 0.4915759 -0.8623024 -0.1279731 0.127974 -0.9834864 -0.7727044 0.4488462 -0.4488488 -0.4488426 0.4488455 -0.7727083 -0.8622986 0.4915822 -0.1216067 -0.8623056 0.1216045 -0.4915704 -0.4915584 0.8623131 -0.1215993 -0.1216003 0.8623122 -0.4915599 -0.4488455 0.7727104 -0.448839 -0.1216081 0.4915714 0.8623045 -0.4915695 0.1216039 0.8623062 -0.1215996 0.8623107 0.4915626 -0.4488493 0.4488472 0.7727034 -0.4915587 0.862313 0.1215993 -0.7727084 0.448849 0.448839 -0.4488462 0.77271 0.4488391 -0.8623056 0.1216028 0.4915707 -0.8623015 0.4915772 0.121607 -0.9834876 0.1279664 0.1279717 0.4915692 -0.1216042 -0.8623063 0.1216024 -0.4915702 -0.862306 0.1279739 -0.1279755 -0.9834862 0.7727066 -0.4488453 -0.4488456 0.4488391 -0.4488465 -0.7727097 0.8623041 -0.4915736 -0.1216028 0.8623061 -0.1216031 -0.49157 0.4915705 -0.8623061 -0.1216006 0.1216018 -0.8623048 -0.4915726 0.4488433 -0.7727122 -0.4488381 0.121604 -0.4915689 0.8623066 0.4915684 -0.1216054 0.8623066 0.1216007 -0.8623058 0.4915711 0.4488478 -0.4488472 0.7727043 0.4915696 -0.8623067 0.1216009 0.7727097 -0.4488494 0.4488363 0.4488441 -0.7727116 0.4488385 0.8623058 -0.1216043 0.4915702 0.862304 -0.4915734 0.1216035 0.9834871 -0.1279706 0.1279717 0.121605 0.4915712 -0.862305 0.4915671 0.1216042 -0.8623075 0.1279696 0.1279717 -0.9834872 0.1216005 0.8623099 -0.4915639 0.4488426 0.4488461 -0.7727081 0.4915587 0.862313 -0.1215996 0.7727038 0.4488465 -0.4488492 0.4488433 0.7727119 -0.4488385 0.8623067 0.1216024 -0.4915692 0.8623009 0.4915781 -0.121607 0.4915654 0.121605 0.8623085 0.1216081 0.4915766 0.8623015 0.8623057 0.1216039 0.4915704 0.4488496 0.448847 0.7727034 0.8623 0.4915797 0.1216068 0.4915592 0.8623127 0.1215993 0.772708 0.4488496 0.4488392 0.1215999 0.862313 0.4915585 0.1279691 0.9834877 0.1279683 0.4488441 0.7727117 0.448838 0.1279792 -0.9834848 0.1279814 -0.1279791 -0.9834848 -0.1279815 0.127978 -0.9834851 -0.1279798 0.9834873 0.12797 0.1279706 0.9834868 -0.1279728 -0.127972 0.9834877 0.1279693 -0.1279687 -0.1279755 0.1279696 0.9834867 0.1279741 -0.127972 0.9834867 0.1279721 0.1279708 0.983487 -0.9834871 -0.1279722 0.1279694 -0.9834873 0.1279697 -0.1279709 -0.983487 -0.1279727 -0.1279698 -0.1279696 0.9834874 0.1279703 0.1279695 0.9834874 -0.1279705 -0.1279691 0.983487 -0.1279741 -0.1216013 -0.4915671 -0.8623079 -0.4915667 -0.1216053 -0.8623076 -0.1279702 -0.1279742 -0.9834868 -0.1216014 -0.862303 -0.4915757 -0.4488375 -0.4488474 -0.7727102 -0.491571 -0.8623059 -0.1216004 -0.7727064 -0.4488477 -0.4488439 -0.4488414 -0.7727133 -0.4488382 -0.8623077 -0.1216049 -0.4915666 -0.862305 -0.491572 -0.1216021 -0.1216002 -0.8623061 0.4915705 -0.4915698 -0.8623065 0.1216003 -0.1279778 -0.9834852 0.1279795 -0.4488474 -0.4488465 0.772705 -0.4488423 -0.772713 0.4488378 -0.491566 -0.1216049 0.862308 -0.1216031 -0.4915718 0.862305 -0.1279699 -0.1279733 0.983487 -0.8623061 -0.1216062 0.4915691 -0.8623038 -0.491574 0.1216028 -0.7727078 -0.4488518 0.4488374 -0.4915706 0.1216045 -0.8623056 -0.1216042 0.4915763 -0.8623024 -0.1279734 0.1279738 -0.9834865 -0.7727038 0.4488487 -0.4488472 -0.4488421 0.4488479 -0.7727072 -0.8623011 0.491578 -0.1216061 -0.8623065 0.1216046 -0.4915689 -0.4915596 0.8623124 -0.1215991 -0.1216 0.8623095 -0.4915646 -0.4488414 0.7727134 -0.4488378 -0.1216076 0.4915744 0.8623029 -0.4915709 0.1216038 0.8623054 -0.1215997 0.8623118 0.4915605 -0.44885 0.4488463 0.7727035 -0.4915587 0.862313 0.1215989 -0.7727063 0.4488516 0.4488399 -0.4488423 0.7727127 0.4488382 -0.862306 0.1216052 0.4915697 -0.8623006 0.4915789 0.1216059 -0.9834873 0.1279702 0.1279706 0.4915705 -0.121605 -0.8623054 0.1216025 -0.4915718 -0.8623052 0.1279745 -0.1279762 -0.983486 0.7727067 -0.4488475 -0.4488433 0.4488392 -0.4488469 -0.7727094 0.8623046 -0.4915726 -0.1216023 0.8623064 -0.121605 -0.4915688 0.4915706 -0.8623061 -0.1216002 0.1216015 -0.8623053 -0.4915717 0.4488411 -0.7727137 -0.4488376 0.1216033 -0.4915677 0.8623074 0.4915684 -0.1216045 0.8623068 0.1216001 -0.8623039 0.4915745 0.4488473 -0.4488463 0.7727051 0.4915702 -0.8623062 0.1216008 0.7727087 -0.4488515 0.4488358 0.4488425 -0.7727128 0.4488379 0.8623057 -0.1216057 0.4915699 0.8623041 -0.4915735 0.1216033 0.983487 -0.1279721 0.1279711 0.1216051 0.4915745 -0.8623033 0.4915666 0.121604 -0.8623079 0.1279689 0.1279724 -0.9834872 0.1216002 0.8623113 -0.4915615 0.4488415 0.4488469 -0.7727082 0.4915588 0.862313 -0.1215997 0.7727031 0.4488487 -0.4488486 0.4488416 0.7727133 -0.4488379 0.8623069 0.1216043 -0.4915683 0.862301 0.4915781 -0.1216064 0.4915674 0.1216043 0.8623074 0.1216081 0.4915763 0.8623017 0.8623055 0.1216051 0.4915706 0.4488492 0.4488465 0.7727038 0.8623006 0.4915788 0.121606 0.4915599 0.8623124 0.121599 0.7727057 0.4488515 0.4488411 0.1215997 0.8623117 0.4915611 0.1279692 0.9834874 0.1279711 0.4488421 0.7727133 0.4488377 0.127979 -0.9834851 0.1279788 -0.1279792 -0.9834851 -0.1279787 0.1279785 -0.9834855 -0.1279762 0.9834864 0.1279755 0.1279721 0.9834859 -0.1279782 -0.1279731 0.9834868 0.1279726 -0.1279724 -0.1279758 0.1279697 0.9834867 0.1279742 -0.1279723 0.9834866 0.127973 0.1279714 0.9834868 -0.983487 -0.1279727 0.1279702 -0.9834872 0.1279699 -0.1279712 -0.9834867 -0.1279749 -0.1279706 -0.1279699 0.9834874 0.1279702 0.1279699 0.9834873 -0.1279702 -0.1279692 0.9834882 -0.1279647 -0.1216022 -0.4915701 -0.8623061 -0.491566 -0.1216048 -0.862308 -0.1279698 -0.1279747 -0.9834868 -0.1216021 -0.862305 -0.4915722 -0.4488378 -0.448849 -0.7727091 -0.4915708 -0.8623059 -0.1216012 -0.7727044 -0.4488499 -0.4488449 -0.4488417 -0.7727125 -0.4488392 -0.8623065 -0.121606 -0.4915686 -0.8623033 -0.4915748 -0.1216031 -0.1216006 -0.8623057 0.4915711 -0.4915703 -0.8623062 0.121601 -0.1279788 -0.9834849 0.1279796 -0.4488471 -0.4488456 0.7727056 -0.4488424 -0.7727124 0.4488385 -0.4915638 -0.1216042 0.8623093 -0.1216031 -0.4915713 0.8623053 -0.12797 -0.1279729 0.983487 -0.8623052 -0.121609 0.4915701 -0.862303 -0.4915753 0.1216039 -0.7727072 -0.448854 0.448836 -0.4915695 0.1216046 -0.8623061 -0.1216039 0.4915753 -0.862303 -0.127974 0.1279735 -0.9834864 -0.772702 0.4488505 -0.4488484 -0.4488406 0.4488475 -0.7727084 -0.8623 0.4915797 -0.1216071 -0.8623054 0.1216054 -0.4915707 -0.491559 0.8623132 -0.1215978 -0.1215997 0.8623129 -0.4915587 -0.4488407 0.7727124 -0.4488404 -0.1216085 0.4915751 0.8623024 -0.4915694 0.1216038 0.8623062 -0.1216 0.8623119 0.4915606 -0.4488501 0.4488452 0.7727042 -0.4915594 0.8623124 0.1216 -0.7727057 0.4488542 0.4488385 -0.4488426 0.7727119 0.4488391 -0.8623049 0.1216081 0.4915707 -0.8622993 0.4915809 0.1216071 -0.9834868 0.1279722 0.1279715 0.4915683 -0.1216032 -0.862307 0.1216011 -0.4915683 -0.8623074 0.1279747 -0.1279758 -0.983486 0.8623054 -0.1216054 -0.4915707 0.4488431 -0.4488407 -0.7727108 0.8623056 -0.4915713 -0.1216017 0.4915735 -0.8623048 -0.1215981 0.7727091 -0.4488498 -0.4488369 0.121601 -0.8623047 -0.4915728 0.4488389 -0.7727134 -0.4488404 0.1216036 -0.4915702 0.8623058 0.4915708 -0.1216061 0.8623052 0.1216006 -0.8623061 0.4915705 0.4488481 -0.4488458 0.772705 0.4915692 -0.8623069 0.1216002 0.7727093 -0.4488489 0.4488375 0.4488406 -0.7727134 0.4488388 0.8623055 -0.1216068 0.49157 0.8623049 -0.4915723 0.1216025 0.9834863 -0.1279754 0.1279734 0.1216053 0.4915755 -0.8623025 0.4915661 0.1216024 -0.8623083 0.127969 0.1279723 -0.9834872 0.1216003 0.8623113 -0.4915614 0.4488476 0.4488421 -0.7727074 0.4915583 0.8623133 -0.121599 0.772707 0.4488497 -0.4488407 0.4488396 0.7727139 -0.4488388 0.8623059 0.121604 -0.4915699 0.8623018 0.4915769 -0.121606 0.4915675 0.1216061 0.8623071 0.121607 0.4915753 0.8623026 0.8623054 0.1216071 0.4915702 0.4488486 0.448844 0.7727056 0.8623015 0.4915773 0.1216056 0.4915621 0.8623115 0.1215969 0.772707 0.4488502 0.4488401 0.1215992 0.8623136 0.4915576 0.1279692 0.9834882 0.1279648 0.4488398 0.7727129 0.4488404 0.1279785 -0.9834852 0.1279783 -0.1279777 -0.9834853 -0.127978 0.1279808 -0.9834851 -0.1279771 0.9834868 0.1279715 0.1279725 0.9834864 -0.1279743 -0.1279735 0.9834882 0.1279669 -0.1279674 0.1279722 0.1279697 0.9834871 -0.9834876 -0.1279711 0.1279669 -0.9834873 0.1279678 -0.1279734 -0.9834876 -0.1279715 -0.1279672 -0.1279682 0.9834877 0.1279695 0.1279692 0.9834876 -0.1279693 -0.1279706 0.9834874 -0.1279689 -0.121601 -0.4915704 -0.8623061 -0.4915657 -0.1216031 -0.8623085 -0.1279697 -0.1279747 -0.9834868 -0.1216003 -0.8623053 -0.491572 -0.4488354 -0.4488454 -0.7727125 -0.4915714 -0.8623057 -0.1215997 -0.772705 -0.4488459 -0.448848 -0.4488394 -0.7727136 -0.4488399 -0.8623079 -0.1216038 -0.4915666 -0.8623067 -0.4915685 -0.1216042 -0.121599 -0.862308 0.4915675 -0.4915686 -0.8623074 0.1215992 -0.1279771 -0.983486 0.1279731 -0.4488365 -0.4488469 0.772711 -0.4488399 -0.7727137 0.4488387 -0.4915671 -0.1216042 0.8623075 -0.1216024 -0.4915711 0.8623055 -0.7727044 -0.4488458 0.4488489 -0.8623049 -0.4915716 0.1216051 -0.8623084 -0.1216054 0.4915655 -0.491567 0.1216031 -0.8623078 -0.1216045 0.4915757 -0.8623027 -0.1279731 0.1279724 -0.9834867 -0.8623043 0.1216057 -0.4915724 -0.4488461 0.4488412 -0.7727087 -0.8623004 0.4915794 -0.1216054 -0.4915571 0.8623144 -0.1215966 -0.7727061 0.4488512 -0.4488406 -0.1215997 0.8623134 -0.4915581 -0.4488401 0.7727151 -0.4488362 -0.1216073 0.4915759 0.8623021 -0.4915723 0.1216034 0.8623046 -0.1215984 0.8623125 0.4915599 -0.4488396 0.4488474 0.772709 -0.4915569 0.8623141 0.1215989 -0.7727017 0.4488481 0.4488514 -0.4488402 0.772713 0.4488398 -0.8623077 0.1216056 0.4915664 -0.8623012 0.4915776 0.1216076 -0.9834878 0.1279691 0.127968 0.491567 -0.1216049 -0.8623076 0.1216021 -0.4915693 -0.8623066 0.1279739 -0.1279748 -0.9834863 0.862305 -0.1216027 -0.4915718 0.4488427 -0.4488439 -0.7727091 0.8623032 -0.4915755 -0.1216015 0.49157 -0.8623067 -0.1215985 0.7727109 -0.448846 -0.4488376 0.121602 -0.8623057 -0.4915708 0.4488393 -0.7727161 -0.4488354 0.1216031 -0.4915702 0.862306 0.4915717 -0.1216037 0.862305 0.1215994 -0.8623059 0.4915712 0.4488362 -0.4488491 0.7727099 0.4915691 -0.8623071 0.1215999 0.7727023 -0.4488518 0.4488466 0.4488387 -0.7727147 0.4488382 0.8623085 -0.1216033 0.4915655 0.8623042 -0.491573 0.1216046 0.9834877 -0.1279698 0.1279684 0.1216045 0.4915738 -0.8623037 0.4915664 0.1216015 -0.8623083 0.1279683 0.1279712 -0.9834875 0.1215996 0.8623111 -0.491562 0.4488401 0.4488438 -0.7727106 0.4915583 0.8623132 -0.1215991 0.772701 0.4488502 -0.4488505 0.4488378 0.7727153 -0.4488382 0.8623076 0.1216031 -0.4915672 0.8623011 0.4915776 -0.1216076 0.4915658 0.1216058 0.8623079 0.1216075 0.491576 0.862302 0.8623051 0.121604 0.4915714 0.4488476 0.4488459 0.7727051 0.8622991 0.4915814 0.1216057 0.4915586 0.8623133 0.1215975 0.7727088 0.4488465 0.4488409 0.1216 0.8623135 0.4915577 0.1279716 0.9834874 0.1279688 0.4488402 0.7727156 0.4488353 0.12798 -0.9834849 0.1279794 -0.1279767 -0.9834855 -0.127978 0.127977 -0.9834859 -0.1279745 0.9834874 0.1279724 -0.1279673 -0.9834886 -0.127963 -0.1279675 -0.1279672 0.9834878 0.1279695 0.1279706 0.9834871 -0.1279709 -0.1279678 0.983488 -0.1279676 -0.1216006 -0.4915693 -0.8623068 -0.4915653 -0.1216088 -0.8623079 -0.1215996 -0.8623057 -0.4915715 -0.4488441 -0.4488463 -0.7727069 -0.4915713 -0.862306 -0.1215978 -0.7727108 -0.4488533 -0.4488304 -0.862309 -0.1216107 -0.4915629 -0.8623098 -0.4915641 -0.1216011 -0.1279771 -0.9834861 0.1279732 -0.4488485 -0.4488494 0.7727027 -0.4915669 -0.1216107 0.8623067 -0.1216019 -0.4915719 0.8623051 -0.8623084 -0.1216113 0.4915638 -0.862308 -0.491567 0.1216015 -0.7727109 -0.4488525 0.4488314 -0.4915714 0.1216087 -0.8623045 -0.1216052 0.4915768 -0.862302 -0.7726987 0.4488586 -0.4488462 -0.4488354 0.4488524 -0.7727084 -0.862305 0.4915714 -0.1216047 -0.8623087 0.1216111 -0.4915633 -0.4915643 0.8623095 -0.1216017 -0.1215997 0.8623124 -0.4915599 -0.448835 0.7727125 -0.4488457 -0.1216064 0.491575 0.8623027 -0.4915722 0.1216101 0.8623038 -0.4488515 0.4488491 0.7727011 -0.4915525 0.862317 0.1215954 -0.8623068 0.491569 0.1216012 -0.8623081 0.121611 0.4915645 -0.9834888 0.1279602 0.1279685 -0.7727141 0.4488391 0.448839 0.4915719 -0.1216046 -0.8623047 0.1216024 -0.4915719 -0.8623051 0.772704 -0.4488509 -0.4488446 0.4488323 -0.4488534 -0.7727097 0.8623089 -0.4915658 -0.1215997 0.8623095 -0.1216052 -0.4915634 0.4915776 -0.8623018 -0.1216024 0.1216021 -0.8623065 -0.4915693 0.1216024 -0.4915702 0.862306 0.4915715 -0.1216061 0.8623047 0.121598 -0.8623074 0.4915689 0.4488493 -0.448849 0.7727024 0.4915724 -0.8623054 0.1215979 0.7727138 -0.4488468 0.4488319 0.4488515 -0.7727097 0.4488341 0.8623084 -0.1216099 0.4915641 0.8623036 -0.4915748 0.1216006 0.983487 -0.1279752 0.1279684 0.1216034 0.491574 -0.8623037 0.1215976 0.8623126 -0.4915598 0.4488498 0.4488448 -0.7727045 0.4915581 0.8623138 -0.1215965 0.8623037 0.4915745 -0.121601 0.4488437 0.7727144 -0.4488338 0.8623089 0.1216075 -0.4915639 0.7727135 0.4488396 -0.4488395 0.4915707 0.121607 0.8623051 0.1216081 0.4915775 0.8623011 0.4488347 0.4488566 0.7727064 0.862305 0.4915719 0.1216037 0.4915662 0.8623083 0.1216028 0.1216003 0.8623129 0.4915585 0.1279677 0.9834879 0.1279689 -0.1215997 -0.4915727 -0.862305 -0.4915661 -0.121599 -0.8623088 -0.1215991 -0.8623068 -0.4915695 -0.4488444 -0.4488424 -0.772709 -0.4915767 -0.8623031 -0.121597 -0.7727176 -0.4488389 -0.4488333 -0.4488382 -0.7727185 -0.4488323 -0.862311 -0.1215931 -0.4915638 -0.8623133 -0.4915577 -0.1216008 -0.1215977 -0.8623094 0.4915655 -0.4915681 -0.8623081 0.121596 -0.4488495 -0.4488419 0.7727063 -0.4488383 -0.772719 0.4488312 -0.4915679 -0.1215986 0.8623079 -0.1216015 -0.4915727 0.8623048 -0.8623099 -0.1215965 0.4915648 -0.8623058 -0.4915707 0.1216015 -0.7727143 -0.4488448 0.4488328 -0.4915722 0.1216022 -0.8623049 -0.1216052 0.4915775 -0.8623015 -0.772706 0.4488414 -0.4488505 -0.4488378 0.4488465 -0.7727106 -0.862303 0.4915751 -0.1216047 -0.8623101 0.1215984 -0.4915642 -0.4915581 0.8623133 -0.1216001 -0.1215986 0.8623135 -0.491558 -0.4488325 0.7727165 -0.4488413 -0.121606 0.4915758 0.8623023 -0.4915732 0.121598 0.8623049 -0.1215972 0.8623132 0.4915591 -0.4488526 0.4488417 0.7727048 -0.491562 0.8623117 0.1215958 -0.8623101 0.4915633 0.1216008 -0.4488372 0.7727177 0.4488347 -0.8623102 0.1215926 0.4915655 -0.7727169 0.4488322 0.448841 0.4915722 -0.1216037 -0.8623047 0.1216022 -0.4915732 -0.8623043 0.7727065 -0.4488446 -0.4488466 0.4488349 -0.4488441 -0.7727136 0.8623059 -0.4915711 -0.1215994 0.8623104 -0.1215994 -0.4915633 0.491567 -0.8623082 -0.1216 0.1216019 -0.8623058 -0.4915707 0.121602 -0.4915711 0.8623057 0.4915715 -0.1216027 0.8623052 0.1215995 -0.8623063 0.4915703 0.448852 -0.4488377 0.7727075 0.4915752 -0.8623039 0.1215973 0.7727174 -0.4488367 0.4488359 0.4488461 -0.77271 0.4488392 0.8623101 -0.1215967 0.4915645 0.862305 -0.4915727 0.1215994 0.1216031 0.4915745 -0.8623034 0.4915668 0.1216014 -0.862308 0.1215994 0.862311 -0.4915623 0.448852 0.4488353 -0.7727088 0.4915587 0.8623136 -0.1215952 0.8623043 0.4915739 -0.1215996 0.4488407 0.7727126 -0.4488399 0.8623105 0.1215943 -0.4915643 0.7727195 0.448825 -0.448844 0.4915714 0.1216009 0.8623055 0.1216078 0.4915793 0.8623 0.7727041 0.4488451 0.4488502 0.4488377 0.4488455 0.7727111 0.862302 0.491577 0.1216034 0.8623116 0.1215984 0.4915614 0.4915555 0.8623147 0.1216004 0.1215998 0.8623128 0.4915589 0.1279757 -0.9834861 0.1279752 0.1279745 -0.9834868 -0.1279703 -0.1279751 0.1279687 0.9834869 0.1279663 0.9834883 -0.1279667 -0.1215992 -0.8623067 -0.4915699 -0.4488435 -0.4488458 -0.7727077 -0.4915784 -0.8623022 -0.1215971 -0.4488384 -0.7727183 -0.4488325 -0.8623108 -0.1215966 -0.4915635 -0.8623096 -0.4915642 -0.1216005 -0.1215974 -0.86231 0.4915645 -0.4488489 -0.4488448 0.772705 -0.4915676 -0.1215999 0.8623079 -0.1216012 -0.4915733 0.8623043 -0.1279695 -0.1279724 0.9834871 -0.8623097 -0.1215987 0.4915646 -0.8623085 -0.4915658 0.1216017 -0.772714 -0.4488456 0.4488327 -0.4915719 0.1216036 -0.8623049 -0.1216049 0.4915777 -0.8623015 -0.7727046 0.448845 -0.4488495 -0.4488382 0.4488446 -0.7727113 -0.8623057 0.4915701 -0.1216048 -0.8623096 0.1216039 -0.4915636 -0.1215983 0.8623141 -0.4915573 -0.1216058 0.4915766 0.8623019 -0.4915729 0.1215993 0.8623049 -0.121597 0.8623136 0.4915581 -0.448852 0.4488445 0.7727034 -0.4915637 0.8623106 0.1215959 -0.8623064 0.4915698 0.1216006 -0.4488374 0.7727174 0.4488349 -0.86231 0.1215943 0.4915652 0.491567 -0.1216055 -0.8623074 0.1216024 -0.4915722 -0.8623049 0.1279732 -0.1279763 -0.9834861 0.772693 -0.4488618 -0.4488525 0.4488298 -0.4488592 -0.7727077 0.8623009 -0.4915779 -0.1216074 0.8623057 -0.1215996 -0.4915714 0.491566 -0.8623083 -0.1216033 0.1216021 -0.8623058 -0.4915706 0.4488288 -0.7727146 -0.4488483 0.1216041 -0.4915712 0.8623053 0.491569 -0.1216123 0.8623053 0.121601 -0.8623043 0.4915735 0.4488309 -0.4488589 0.7727073 0.4915665 -0.8623078 0.121604 0.7726911 -0.448866 0.4488518 0.44883 -0.7727134 0.4488494 0.8623063 -0.1216092 0.4915679 0.8623081 -0.4915651 0.1216086 0.1216051 0.4915769 -0.8623018 0.4915643 0.1216049 -0.862309 0.1279683 0.1279727 -0.9834873 0.1216008 0.8623102 -0.4915631 0.4488332 0.4488594 -0.7727056 0.4915556 0.8623141 -0.1216043 0.7726916 0.4488599 -0.4488567 0.4488291 0.7727139 -0.4488494 0.8623065 0.1215973 -0.4915705 0.862305 0.4915696 -0.121612 0.4915655 0.1216112 0.8623076 0.1216081 0.4915774 0.8623011 0.772688 0.4488691 0.4488541 0.4488328 0.4488595 0.7727059 0.8622969 0.4915838 0.1216114 0.8623061 0.1216104 0.4915682 0.4915546 0.8623147 0.1216036 0.1216003 0.8623121 0.4915601 0.1279651 0.9834887 0.1279647 0.4488297 0.7727142 0.4488483 0.1279853 -0.9834839 0.1279808 -0.1279854 -0.9834839 -0.1279808 0.1279806 -0.9834848 -0.1279789 0.983489 0.1279594 -0.1279674 -0.127976 0.9834859 0.1279752 0.127976 0.9834859 -0.1279752 -0.1279712 0.9834873 -0.1279703 -0.1216039 -0.4915638 -0.8623095 -0.4915612 -0.1216115 -0.8623099 -0.1216046 -0.8623031 -0.4915747 -0.4488404 -0.448845 -0.7727097 -0.4915658 -0.8623095 -0.1215952 -0.8623073 -0.4915701 -0.1215932 -0.8623071 -0.1216083 -0.4915668 -0.4915615 -0.8623118 0.1215966 -0.1279805 -0.9834848 0.1279789 -0.8623079 -0.4915691 0.121594 -0.4915643 0.1216101 -0.8623083 -0.1216068 0.4915726 -0.8623041 -0.8623055 0.121612 -0.4915689 -0.4488528 0.44885 -0.7726998 -0.8623058 0.4915683 -0.1216123 -0.4915554 0.8623147 -0.1216013 -0.121604 0.8623109 -0.4915612 -0.4915525 0.8623172 0.1215946 -0.8623044 0.4915748 0.1215959 0.4915643 -0.1216126 -0.862308 0.1216046 -0.4915677 -0.8623071 0.8623052 -0.1216166 -0.4915682 0.4488492 -0.4488515 -0.772701 0.8623076 -0.4915661 -0.1216078 0.4915667 -0.8623083 -0.1216008 0.7727022 -0.4488729 -0.4488256 0.1216056 -0.862304 -0.4915729 0.4915587 -0.8623138 0.1215942 0.8623071 -0.4915706 0.1215935 0.9834886 -0.1279622 0.1279685 0.1216074 0.4915702 -0.8623052 0.4915618 0.1216122 -0.8623093 0.1216044 0.8623077 -0.4915668 0.4488446 0.4488469 -0.7727063 0.4915471 0.8623206 -0.1215934 0.8623045 0.4915745 -0.1215958 0.8623066 0.1216077 -0.4915677 0.8623056 0.1216126 0.4915683 0.8623036 0.4915721 0.1216118 0.4915553 0.8623147 0.1216012 0.7727001 0.4488732 0.4488288 0.1279712 0.9834873 0.1279703 -0.1279854 -0.9834839 -0.1279811 0.1279807 -0.9834849 -0.1279787 0.9834877 0.1279708 -0.1279669 -0.9834902 -0.1279503 0.1279677 -0.9834905 0.1279475 -0.1279687 -0.9834902 -0.1279509 -0.1279681 -0.1279712 0.9834871 -0.1279705 -0.1216043 -0.4915621 -0.8623104 -0.4915624 -0.1215998 -0.8623108 -0.1279746 -0.1279708 -0.9834867 -0.1216037 -0.8623048 -0.491572 -0.4488456 -0.448835 -0.7727126 -0.4915658 -0.8623095 -0.1215953 -0.8623073 -0.4915703 -0.1215932 -0.44884 -0.7727208 -0.4488267 -0.8623079 -0.1215981 -0.4915679 -0.7727076 -0.4488525 -0.4488368 -0.1216027 -0.862308 0.4915665 -0.1279805 -0.9834848 0.127979 -0.4488489 -0.4488397 0.7727079 -0.4488397 -0.7727198 0.4488286 -0.8623073 -0.1215997 0.4915685 -0.8623076 -0.4915696 0.1215939 -0.7727091 -0.4488485 0.4488382 -0.4915656 0.1215984 -0.8623093 -0.1216072 0.4915709 -0.862305 -0.1279767 0.1279699 -0.9834865 -0.8623062 0.1216022 -0.4915701 -0.448858 0.44884 -0.7727026 -0.8623054 0.4915688 -0.1216121 -0.7727033 0.4488629 -0.4488338 -0.1216031 0.8623127 -0.4915584 -0.4488397 0.7727259 -0.4488179 -0.1216013 0.8623123 0.4915595 -0.4488522 0.4488403 0.7727058 -0.4915527 0.8623171 0.1215947 -0.8623042 0.491575 0.1215957 -0.4488364 0.772722 0.4488281 -0.8623066 0.121601 0.4915695 -0.9834904 0.1279481 0.127969 -0.772706 0.448851 0.4488412 0.491565 -0.1216083 -0.8623082 0.1216037 -0.4915726 -0.8623044 0.1279778 -0.1279783 -0.9834852 0.8623049 -0.1216157 -0.4915689 0.8623127 -0.4915564 -0.1216104 0.4915709 -0.8623057 -0.1216021 0.7727054 -0.448867 -0.4488259 0.121605 -0.8623054 -0.4915707 0.4488239 -0.7727361 -0.4488161 0.1216047 -0.8623027 0.4915755 0.4915586 -0.8623139 0.1215941 0.862307 -0.4915704 0.1215935 0.4488369 -0.7727198 0.4488313 0.9834871 -0.1279736 0.1279679 0.7727207 -0.4488297 0.4488371 0.1216065 0.4915752 -0.8623026 0.4915624 0.1216079 -0.8623096 0.1279729 0.1279738 -0.9834865 0.1216037 0.8623092 -0.4915644 0.4915469 0.8623206 -0.1215933 0.8623046 0.4915743 -0.1215959 0.4488356 0.77272 -0.4488325 0.8623072 0.1216007 -0.4915686 0.7727193 0.448828 -0.4488413 0.8623048 0.1216186 0.4915683 0.8623088 0.4915624 0.1216144 0.4915596 0.8623121 0.1216025 0.7727034 0.4488674 0.4488293 0.121604 0.862311 0.4915611 0.1279712 0.9834873 0.12797 0.4488249 0.7727356 0.4488162 0.1279853 -0.9834839 0.1279811 -0.1279854 -0.983484 -0.1279807 0.1279842 -0.9834843 -0.1279792 0.9834925 0.127933 0.1279674 0.983492 -0.1279357 -0.1279684 0.983489 0.1279598 -0.1279682 -0.127976 0.9834859 0.127975 0.127976 0.9834859 -0.1279754 -0.1279712 0.9834873 -0.12797 -0.1216035 -0.4915663 -0.8623081 -0.4915632 -0.1215939 -0.8623112 -0.1216028 -0.8623051 -0.4915716 -0.448844 -0.4488334 -0.7727145 -0.4915808 -0.8623008 -0.1215962 -0.8623096 -0.4915658 -0.1215944 -0.4488428 -0.7727169 -0.4488306 -0.8623088 -0.1215875 -0.4915691 -0.7727283 -0.4488112 -0.4488425 -0.1216 -0.8623096 0.4915645 -0.4915663 -0.8623092 0.1215955 -0.1279805 -0.9834849 0.1279787 -0.4488493 -0.4488314 0.7727126 -0.4488396 -0.7727195 0.4488295 -0.4915654 -0.1215873 0.862311 -0.1216044 -0.4915739 0.8623037 -0.8623076 -0.12159 0.4915704 -0.862308 -0.4915685 0.121595 -0.772723 -0.4488216 0.4488412 -0.4915663 0.1215925 -0.8623096 -0.1216064 0.4915751 -0.8623026 -0.8623064 0.1215992 -0.4915704 -0.4488594 0.4488326 -0.7727061 -0.8622965 0.4915852 -0.121609 -0.4915571 0.8623141 -0.1215992 -0.7727191 0.4488304 -0.448839 -0.1216004 0.8623142 -0.4915564 -0.4488731 0.7726956 -0.4488372 -0.1216093 0.4915762 0.8623017 -0.4915705 0.1215866 0.8623081 -0.1216003 0.8623126 0.4915592 -0.4488525 0.448832 0.7727103 -0.4915675 0.8623085 0.1215956 -0.8623067 0.4915705 0.1215969 -0.4488393 0.7727181 0.4488319 -0.862308 0.1215835 0.4915714 -0.7727267 0.4488097 0.4488469 0.4915663 -0.1215966 -0.8623091 0.1216037 -0.4915727 -0.8623044 0.8623073 -0.1215951 -0.4915697 0.4488562 -0.4488323 -0.772708 0.8623091 -0.491564 -0.1216058 0.491571 -0.8623061 -0.1215986 0.7727147 -0.4488446 -0.4488327 0.1216017 -0.8623074 -0.4915678 0.4488731 -0.7726956 -0.4488372 0.1216003 -0.8623062 0.4915703 0.4488496 -0.4488326 0.7727118 0.4915693 -0.8623076 0.1215947 0.8623044 -0.491575 0.1215949 0.4488391 -0.7727203 0.4488285 0.8623081 -0.1215879 0.4915701 0.9834885 -0.1279627 0.1279693 0.7727165 -0.4488357 0.4488381 0.4915637 0.1215962 -0.8623105 0.1216 0.8623115 -0.4915613 0.4488486 0.4488334 -0.7727117 0.4915579 0.8623143 -0.1215939 0.8623018 0.4915789 -0.1215971 0.4488377 0.7727203 -0.4488295 0.8623083 0.1215873 -0.4915702 0.7727151 0.448834 -0.4488424 0.8623074 0.1215946 0.4915696 0.4488626 0.4488322 0.7727045 0.8623051 0.4915701 0.1216098 0.4915595 0.8623126 0.121599 0.7727125 0.4488449 0.4488359 0.1216 0.8623144 0.4915562 0.1279748 0.9834868 0.1279705 0.448874 0.772695 0.4488371 0.09562331 -0.9834824 0.1536836 -0.09561556 -0.9834854 -0.1536691 0.1536749 -0.9834838 -0.09562265 0.9288348 0.1279564 0.3476971 0.9868811 -0.1279824 0.09841835 0.9868816 0.1279793 0.09841805 -0.3476941 0.127965 0.9288346 -0.09841877 -0.1279813 0.9868813 -0.09842473 0.1279816 0.9868807 -0.9868846 -0.1279567 -0.09841787 -0.9288337 0.127962 -0.3476977 -0.9288338 -0.127969 -0.3476949 -0.09561097 0.9834867 -0.153664 0.09561729 0.9834849 0.1536718 0.1536641 0.9834864 -0.09561365 0.07714265 -0.4915771 -0.8674106 -0.2831872 -0.1216085 -0.9513236 0.0984199 -0.1279793 -0.9868814 -0.00693804 -0.8623056 -0.5063408 -0.2618826 -0.4488372 -0.8543787 -0.4511753 -0.8623099 -0.2299185 -0.6507738 -0.448846 -0.6123976 -0.335341 -0.7727093 -0.5389497 -0.7283511 -0.1216064 -0.6743268 -0.8122516 -0.4915762 -0.3140067 -0.2299177 -0.8623067 0.4511819 -0.5063536 -0.8622981 0.006937146 -0.1536662 -0.9834851 0.09562325 -0.6124028 -0.4488275 0.6507817 -0.5389413 -0.7727138 0.3353442 -0.6743378 -0.1215673 0.7283474 -0.3140082 -0.4915637 0.8122587 -0.3476957 -0.1279616 0.9288346 -0.9513271 -0.1215854 0.2831854 -0.8674283 -0.4915452 -0.07714676 -0.8543674 -0.4488556 0.2618876 -0.2831925 0.1216043 -0.9513225 0.07714104 0.4915727 -0.8674132 0.09841501 0.127974 -0.9868825 -0.6507736 0.4488313 -0.6124085 -0.2618937 0.4488191 -0.8543847 -0.8122515 0.4915741 -0.3140106 -0.7283488 0.1215994 -0.6743305 -0.3353431 0.7727147 -0.5389407 -0.006938755 0.8623141 -0.5063264 -0.4511643 0.8623169 -0.2299139 -0.3140123 0.4915758 0.8122497 -0.6743353 0.1215733 0.7283487 -0.2299175 0.8623134 0.4511694 -0.6124072 0.4488302 0.6507756 -0.506341 0.8623055 0.006938278 -0.1536577 0.9834873 0.09561496 -0.86743 0.4915422 -0.07714498 -0.5389437 0.7727112 0.3353464 -0.9513272 0.1215788 0.2831875 -0.986886 0.1279458 -0.09841781 -0.8543727 0.4488403 0.2618965 0.674335 -0.1215673 -0.72835 0.3140009 -0.4915719 -0.8122566 0.3476937 -0.1279619 -0.9288352 0.951327 -0.1215827 -0.2831866 0.612403 -0.4488272 -0.6507817 0.8674277 -0.4915465 0.07714629 0.5063558 -0.8622968 -0.006935656 0.854381 -0.4488283 -0.2618901 0.2299155 -0.8623088 -0.4511789 0.5389341 -0.7727193 -0.335343 -0.07714384 -0.4915843 0.8674063 0.2831886 -0.1215963 0.9513247 0.006941676 -0.8623052 0.5063416 0.2618908 -0.4488248 0.8543826 0.4511768 -0.8623072 0.2299258 0.6507791 -0.4488238 0.6124083 0.3353384 -0.7727108 0.5389492 0.7283483 -0.1215886 0.674333 0.8122568 -0.4915643 0.3140119 0.9288337 -0.1279634 0.347697 0.3140059 0.491576 -0.812252 0.6743374 0.1215635 -0.7283485 0.3476961 0.127954 -0.9288354 0.2299138 0.8623161 -0.4511659 0.6124064 0.4488267 -0.6507788 0.5063367 0.862308 -0.006938934 0.8674162 0.491567 0.07714283 0.5389391 0.7727143 -0.3353468 0.9513273 0.1215798 -0.2831867 0.8543776 0.448829 -0.2618998 0.2831887 0.1216053 0.9513235 -0.07714009 0.4915826 0.8674076 0.650772 0.4488371 0.612406 0.2619 0.4488198 0.8543823 0.8122482 0.4915767 0.3140148 0.7283514 0.1216046 0.6743268 0.4511604 0.8623175 0.2299196 0.00693953 0.8623132 0.5063279 0.3353351 0.7727203 0.5389376 -0.0309022 -0.983487 0.1783214 0.03091073 -0.9834858 -0.1783266 0.1783333 -0.9834848 0.03090536 0.4618563 0.127962 0.8776757 0.6710821 -0.1279881 0.730252 0.6710839 0.127984 0.7302511 -0.8776758 0.1279767 0.4618519 -0.7302621 -0.1279563 0.6710772 -0.730265 0.1279547 0.6710742 -0.6710814 -0.1279883 -0.7302526 -0.4618576 0.1279497 -0.8776767 -0.4618576 -0.1279519 -0.8776766 0.03090828 0.9834879 -0.1783151 -0.03090476 0.9834875 0.1783183 0.1783207 0.9834871 0.03090405 0.6348581 -0.4915869 -0.5960684 0.4217779 -0.1216012 -0.898508 0.7302618 -0.1279854 -0.671072 0.331795 -0.8623123 -0.3825307 0.3731347 -0.4488485 -0.8119763 -0.1837298 -0.8623097 -0.4718743 -0.3972687 -0.4915593 -0.7749498 0.1083801 -0.7727167 -0.6254302 -0.09483247 -0.1216077 -0.9880377 -0.07813972 -0.4488588 -0.8901798 -0.4719042 -0.8622907 0.1837428 -0.3825402 -0.8623073 -0.3317969 -0.1783488 -0.9834818 -0.03090584 -0.8901932 -0.4488304 0.07815003 -0.6254314 -0.7727159 -0.1083784 -0.9880383 -0.1216005 0.09483522 -0.7749456 -0.4915735 0.3972591 -0.8776754 -0.1279881 0.4618495 -0.8985158 -0.1216045 -0.4217602 -0.5960755 -0.4915874 -0.6348511 -0.811984 -0.4488345 -0.373135 0.4217811 0.1215938 -0.8985074 0.6348525 0.4915962 -0.5960667 0.7302619 0.1279718 -0.6710745 -0.0781359 0.4488484 -0.8901854 0.3731315 0.4488577 -0.8119729 -0.3972653 0.4915598 -0.7749511 -0.09482991 0.1216039 -0.9880384 0.1083825 0.7727193 -0.6254265 0.3317829 0.8623217 -0.3825199 -0.1837246 0.8623171 -0.4718629 -0.7749335 0.4916014 0.3972485 -0.988039 0.1215947 0.09483563 -0.4718717 0.8623132 0.1837205 -0.8901892 0.4488387 0.07814806 -0.3825329 0.8623135 -0.3317891 -0.1783183 0.9834874 -0.03090661 -0.8119763 0.4488492 -0.373134 -0.6254423 0.7727073 -0.1083765 -0.8985161 0.1216005 -0.4217608 -0.5960772 0.4915901 -0.6348475 -0.6710838 0.1279811 -0.7302516 0.9880369 -0.1216126 -0.09483438 0.7749482 -0.4915682 -0.397261 0.8776749 -0.1279945 -0.4618487 0.8985136 -0.1216201 0.4217606 0.8901806 -0.4488558 -0.07814842 0.5960769 -0.4915851 0.6348515 0.3825381 -0.8623093 0.3317942 0.8119683 -0.4488649 0.3731327 0.4719041 -0.8622906 -0.1837426 0.6254318 -0.772715 0.1083825 -0.6348626 -0.4915769 0.5960718 -0.4217754 -0.1215947 0.89851 -0.3317901 -0.8623172 0.382524 -0.3731393 -0.4488372 0.8119804 0.183736 -0.8623067 0.4718773 0.3972643 -0.4915664 0.7749476 -0.1083927 -0.7727047 0.6254428 0.09483033 -0.121608 0.9880379 0.4618521 -0.1279686 0.8776769 0.07813942 -0.4488545 0.890182 0.7749501 0.491566 -0.3972596 0.9880369 0.1216114 -0.09483575 0.8776751 0.127977 -0.4618533 0.4718843 0.8623042 -0.1837299 0.8901857 0.4488463 -0.07814532 0.3825314 0.8623172 0.3317813 0.8119667 0.4488709 0.3731288 0.6254357 0.7727118 0.1083832 0.8985134 0.1216193 0.421761 0.5960772 0.4915962 0.6348427 -0.4217787 0.1215939 0.8985087 -0.634868 0.4915588 0.5960811 0.07813376 0.4488502 0.8901846 -0.3731344 0.4488362 0.8119833 0.3972636 0.491566 0.7749481 0.09483015 0.1216073 0.9880379 -0.1083962 0.7727009 0.6254469 -0.3318042 0.8623046 0.3825401 0.1837312 0.8623113 0.4718708 -0.1417533 -0.9834848 0.112533 0.141759 -0.9834842 -0.1125319 0.1125407 -0.9834836 0.1417558 -0.2393958 0.1279633 0.9624527 0.01486968 -0.1279728 0.9916662 0.01487016 0.1279678 0.9916669 -0.962451 0.1279768 -0.2393953 -0.9916619 -0.1280058 0.01488256 -0.9916633 0.1279936 0.01488322 -0.01486992 -0.1279692 -0.9916667 0.2393965 0.127964 -0.9624524 0.2393972 -0.1279725 -0.9624511 0.141751 0.983486 -0.1125252 -0.1417446 0.9834868 0.1125273 0.1125312 0.9834861 0.1417464 0.8705313 -0.4916041 -0.02237874 0.9127784 -0.1216108 -0.3899313 0.9916595 -0.1280242 -0.01488327 0.497139 -0.7727198 -0.3946607 0.8188883 -0.4488632 -0.3576926 0.1769202 -0.8623069 -0.4744744 0.5022437 -0.862303 -0.06469112 0.5341168 -0.4488551 -0.7164136 0.5867871 -0.1216 -0.8005588 0.2192441 -0.491566 -0.8427901 -0.4744632 -0.8623154 -0.17691 -0.06469357 -0.8623109 -0.5022299 -0.1125316 -0.9834863 -0.1417442 -0.7164154 -0.4488534 -0.5341158 -0.394678 -0.7727042 -0.4971494 -0.8005552 -0.1216172 -0.5867884 -0.8427758 -0.4915965 -0.2192301 -0.9624506 -0.1279781 -0.2393964 -0.3577041 -0.4488462 -0.8188925 -0.02237707 -0.4915797 -0.870545 -0.3899198 -0.1216108 -0.9127833 0.9127779 0.1216154 -0.3899314 0.87054 0.4915887 -0.02237707 0.9916601 0.1280189 -0.01488304 0.5341212 0.4488499 -0.7164135 0.8188846 0.4488674 -0.3576956 0.2192482 0.4915646 -0.8427897 0.5867871 0.1215921 -0.8005601 0.1769199 0.8623112 -0.4744668 0.5022485 0.8623002 -0.06469058 0.4971378 0.7727192 -0.3946633 -0.842776 0.4915953 -0.2192327 -0.8005552 0.1216146 -0.5867889 -0.3946722 0.7727095 -0.4971457 -0.7164201 0.448835 -0.5341251 -0.06469404 0.8623163 -0.5022206 -0.4744466 0.8623253 -0.1769059 -0.1125251 0.983488 -0.1417371 -0.3577068 0.4488446 -0.8188923 -0.3899198 0.1216101 -0.9127833 -0.02238041 0.491584 -0.8705425 -0.01486986 0.1279675 -0.9916669 0.8005575 -0.1215976 0.5867893 0.8427943 -0.4915641 0.2192316 0.9624518 -0.1279651 0.2393984 0.3577017 -0.4488378 0.8188982 0.7164294 -0.4488237 0.534122 0.02237558 -0.4915778 0.8705462 0.3899189 -0.121605 0.9127845 0.0646972 -0.8623075 0.5022351 0.4744795 -0.8623047 0.1769177 0.3946812 -0.7727026 0.4971493 -0.8705466 -0.491577 0.02237373 -0.912779 -0.1216046 0.3899318 -0.4971385 -0.7727226 0.394656 -0.8189057 -0.4488235 0.3577023 -0.1769207 -0.8623055 0.4744768 -0.5022398 -0.8623054 0.06468898 -0.5341265 -0.4488332 0.7164201 -0.5867877 -0.1215968 0.8005588 -0.2192457 -0.4915552 0.8427959 -0.2393977 -0.1279688 0.9624515 0.8427821 0.4915835 0.2192352 0.8005566 0.1216033 0.5867895 0.9624505 0.127978 0.2393966 0.3946786 0.7727065 0.4971455 0.7164205 0.4488356 0.5341239 0.06469607 0.8623142 0.502224 0.474474 0.8623084 0.1769149 0.3577078 0.4488366 0.8188962 0.3899202 0.1216042 0.912784 0.0223819 0.4915791 0.8705453 -0.9127796 0.1216006 0.3899319 -0.8705459 0.4915782 0.02237629 -0.5341297 0.448834 0.7164171 -0.8189028 0.4488264 0.3577055 -0.2192497 0.4915595 0.8427923 -0.5867866 0.1215954 0.8005598 -0.1769203 0.8623103 0.4744684 -0.5022293 0.8623115 0.06468915 -0.497138 0.7727212 0.3946592 -0.1806796 -0.9834877 -0.01034539 0.1806885 -0.9834861 0.01034551 -0.01034766 -0.9834861 0.1806877 -0.8192227 0.1279869 0.5590113 -0.6488747 -0.1279875 0.750054 -0.6488834 0.1279797 0.7500478 -0.5590222 0.1279758 -0.819217 -0.7500452 -0.1279886 -0.6488845 -0.7500431 0.1279917 -0.6488863 0.6488795 -0.1279817 -0.7500507 0.8192254 0.1279724 -0.5590106 0.8192248 -0.1279805 -0.5590097 0.1806719 0.983489 0.01034265 -0.1806677 0.9834899 -0.01034599 -0.01034617 0.9834881 0.180677 0.6646454 -0.4915649 0.5626814 0.9407832 -0.1216062 0.3164473 0.7500459 -0.1279828 0.6488849 0.4179211 -0.8622987 0.2859776 0.8492611 -0.4488448 0.2780184 0.4478229 -0.862306 -0.2363958 0.8754458 -0.4488483 -0.179248 0.6337303 -0.7727023 0.03629148 0.9707555 -0.1216069 -0.2069919 0.7245319 -0.4915691 -0.4831288 -0.2363941 -0.8623133 -0.4478099 0.2859671 -0.8623028 -0.4179194 0.01034456 -0.9834855 -0.1806915 -0.4831224 -0.4915854 -0.7245251 0.03628426 -0.7727046 -0.633728 -0.2069922 -0.1216027 -0.970756 -0.5590221 -0.1279835 -0.819216 0.2780061 -0.448841 -0.849267 -0.1792544 -0.4488297 -0.875454 0.562669 -0.4915827 -0.6646429 0.3164575 -0.1216034 -0.9407801 0.9407827 0.1216042 0.3164497 0.664647 0.4915695 0.5626757 0.7500436 0.1279803 0.6488879 0.9707553 0.1216079 -0.2069917 0.849263 0.4488435 0.2780147 0.7245306 0.491576 -0.4831236 0.4478083 0.8623148 -0.2363917 0.8754414 0.4488584 -0.1792443 0.4179066 0.8623092 0.285967 0.6337211 0.7727097 0.03629416 -0.4831165 0.4915876 -0.7245275 -0.2069911 0.121602 -0.9707563 0.0362879 0.7727066 -0.6337252 -0.1792464 0.4488357 -0.8754526 0.28596 0.8623092 -0.4179112 -0.2363871 0.8623186 -0.4478033 0.01034426 0.9834877 -0.1806793 0.2780033 0.4488374 -0.8492698 0.3164578 0.1216025 -0.9407802 0.5626634 0.4915869 -0.6646444 0.6488795 0.1279848 -0.7500501 0.2069914 -0.1216026 0.9707562 0.483124 -0.4915879 0.7245223 0.5590112 -0.1279897 0.8192222 -0.316443 -0.1216102 0.9407841 0.1792525 -0.4488376 0.8754504 -0.5626612 -0.4915897 0.6646443 -0.2859641 -0.8623088 0.4179092 -0.2780204 -0.4488621 0.8492512 0.2363941 -0.8623156 0.4478055 -0.03628557 -0.7727198 0.6337094 -0.6646455 -0.4915643 -0.562682 -0.940782 -0.1216112 -0.3164489 -0.4179159 -0.8623017 -0.2859759 -0.8492712 -0.448823 -0.2780221 -0.4478191 -0.8623079 0.2363967 -0.8754574 -0.4488267 0.1792458 -0.6337341 -0.7726995 -0.03628545 -0.9707552 -0.1216098 0.206991 -0.7245206 -0.4915926 0.4831218 -0.8192241 -0.1279895 0.5590086 0.4831186 0.4915927 0.7245227 0.2069872 0.1216046 0.9707567 0.5590164 0.1279872 0.8192192 -0.03628861 0.7727194 0.6337097 0.1792451 0.4488406 0.8754503 -0.2859584 0.8623128 0.4179048 0.2363868 0.862322 0.447797 -0.2780067 0.4488514 0.8492612 -0.316457 0.1216033 0.9407804 -0.5626608 0.4915887 0.6646454 -0.9407809 0.1216189 -0.3164493 -0.6646432 0.4915772 -0.5626734 -0.9707558 0.1216058 0.2069911 -0.849267 0.4488337 -0.2780178 -0.7245223 0.4915918 0.4831199 -0.4478152 0.8623114 0.236391 -0.8754591 0.4488234 0.1792453 -0.4179093 0.8623076 -0.2859678 -0.6337421 0.7726927 -0.03629201 -0.1279853 -0.983484 -0.1279807 0.1279847 -0.983484 0.1279811 -0.1279764 -0.9834854 0.1279786 -0.9834857 0.1279856 -0.1279675 -0.9834854 -0.1279878 0.1279678 -0.9834892 0.1279591 0.1279667 0.12797 0.1279659 -0.9834879 -0.1279831 -0.1279784 -0.9834846 -0.1279786 0.1279775 -0.9834852 0.9834855 -0.1279876 -0.1279668 0.9834857 0.127985 0.1279678 0.9834888 -0.1279618 0.1279667 0.1279767 0.9834859 -0.1279754 -0.1279766 0.9834859 0.127975 0.1279683 0.9834876 0.1279704 0.121602 -0.4915753 0.8623033 0.4915685 -0.1215993 0.8623074 0.1279831 -0.1279784 0.9834846 0.1215995 -0.8623059 0.4915711 0.4488368 -0.4488358 0.7727174 0.4915911 -0.8622952 0.1215951 0.8623231 -0.4915426 0.1215928 0.4488377 -0.7727189 0.4488323 0.8623067 -0.1215975 0.4915704 0.7727152 -0.448833 0.4488434 0.1216008 -0.8623073 -0.4915684 0.4915477 -0.86232 -0.1215947 0.127977 -0.9834854 -0.127979 0.4488403 -0.4488418 -0.7727118 0.4488397 -0.7727189 -0.4488301 0.4915615 -0.1215961 -0.8623119 0.1216006 -0.4915727 -0.8623048 0.1279746 -0.1279705 -0.9834867 0.8623056 -0.1216053 -0.4915701 0.8622879 -0.4916041 -0.1215946 0.7727119 -0.4488517 -0.4488302 0.4915681 0.121598 0.8623078 0.1216049 0.491577 0.8623018 0.1279817 0.1279773 0.9834849 0.8623045 0.121608 0.4915714 0.4488573 0.4488292 0.7727092 0.862277 0.4916202 0.1216063 0.4915387 0.8623245 0.1215984 0.7727084 0.4488488 0.4488391 0.1215954 0.8623163 0.4915539 0.4488599 0.772707 0.4488306 0.1216054 0.4915753 -0.8623027 0.4915598 0.1215956 -0.8623129 0.121601 0.8623104 -0.4915627 0.4488463 0.4488419 -0.7727083 0.4915772 0.862303 -0.1215955 0.8623185 0.4915498 -0.1215966 0.4488373 0.7727192 -0.448832 0.8623054 0.1216034 -0.4915711 0.9834889 0.1279597 -0.1279684 0.7727112 0.4488489 -0.4488343 -0.4915629 -0.1215934 0.8623115 -0.1216012 -0.4915687 0.8623071 -0.1279746 -0.1279709 0.9834867 -0.8623055 -0.1216037 0.4915707 -0.4488525 -0.4488457 0.7727025 -0.8622822 -0.4916112 0.1216054 -0.4915512 -0.8623169 0.1216017 -0.772714 -0.4488506 0.4488275 -0.1216042 -0.8623052 0.4915713 -0.4488759 -0.7726972 0.4488314 -0.1216047 -0.4915705 -0.8623056 -0.4915692 -0.1215968 -0.8623074 -0.1216006 -0.8623051 -0.4915723 -0.4488425 -0.4488259 -0.7727199 -0.4915928 -0.862294 -0.1215965 -0.8623231 -0.4915426 -0.1215929 -0.4488399 -0.7727169 -0.4488334 -0.8623068 -0.121594 -0.4915708 -0.9834887 -0.1279617 -0.1279677 -0.7727221 -0.4488176 -0.4488465 -0.1216045 0.4915713 0.8623051 -0.4915639 0.1215929 0.8623109 -0.1279739 0.1279664 0.9834874 -0.121603 0.8623092 0.4915643 -0.4488451 0.4488468 0.7727062 -0.4915784 0.862302 0.1215977 -0.8623186 0.4915495 0.1215963 -0.4488391 0.7727231 0.4488233 -0.8623061 0.1215999 0.4915706 -0.7727104 0.448849 0.4488353 -0.4915677 0.1215956 -0.8623085 -0.1216042 0.4915793 -0.8623006 -0.8623067 0.1215973 -0.4915702 -0.4488687 0.4488032 -0.7727177 -0.8622795 0.4916154 -0.1216079 -0.4915392 0.8623243 -0.1215984 -0.7727226 0.4488191 -0.4488444 -0.1215936 0.8623202 -0.4915475 -0.1279683 0.9834876 -0.12797 -0.4488737 0.772693 -0.4488406 -0.1279814 -0.9834845 -0.1279806 0.1279808 -0.9834846 0.127981 -0.127983 -0.9834845 0.1279788 -0.9834876 0.1279709 -0.1279672 -0.9834873 -0.1279731 0.1279676 -0.9834859 0.1279841 0.1279671 0.9834883 -0.1279649 -0.1279679 0.9834886 0.1279623 0.1279689 0.9834899 -0.1279523 0.1279681 0.1279728 0.9834864 -0.1279753 -0.1279727 0.9834864 0.1279749 0.1279749 0.9834867 0.1279705 0.121604 -0.4915666 0.8623078 0.4915685 -0.1216026 0.8623069 0.1279831 -0.127978 0.9834846 0.1216028 -0.8623028 0.4915757 0.448836 -0.4488442 0.772713 0.491549 -0.8623195 0.1215925 0.8623041 -0.491576 0.1215925 0.4488381 -0.7727196 0.4488307 0.8623074 -0.1215984 0.4915689 0.7727055 -0.4488549 0.4488379 0.1216048 -0.8623036 -0.4915738 0.4915804 -0.8623006 -0.1215987 0.1279837 -0.9834845 -0.1279792 0.4488423 -0.4488415 -0.7727108 0.4488385 -0.7727205 -0.4488286 0.4915615 -0.1215994 -0.8623114 0.1216026 -0.4915645 -0.8623093 0.862308 -0.1215907 -0.4915695 0.8623088 -0.4915673 -0.1215937 0.7727033 -0.4488659 -0.4488307 0.4915681 0.1216013 0.8623073 0.1216059 0.4915733 0.8623038 0.1279817 0.127977 0.9834849 0.8623063 0.1215988 0.4915707 0.4488547 0.4488309 0.7727097 0.8623082 0.4915646 0.1216099 0.4915636 0.8623102 0.1215999 0.7726955 0.4488771 0.448833 0.1215997 0.8623121 0.4915602 0.4488223 0.7727315 0.4488258 0.1216074 0.491567 -0.8623071 0.4915599 0.1215989 -0.8623125 0.1216029 0.8623083 -0.4915661 0.4488483 0.4488415 -0.7727073 0.4915477 0.8623198 -0.1215958 0.8623058 0.4915717 -0.1215977 0.4488325 0.7727248 -0.448827 0.8623085 0.1215843 -0.4915705 0.9834901 0.1279502 -0.1279698 0.7727066 0.4488548 -0.4488365 -0.4915609 -0.1216111 0.8623101 -0.1216019 -0.4915649 0.862309 -0.1279746 -0.1279709 0.9834867 -0.8623054 -0.1216092 0.4915696 -0.4488549 -0.448845 0.7727014 -0.8623141 -0.4915548 0.1216084 -0.4915728 -0.8623049 0.1215999 -0.772715 -0.4488431 0.4488334 -0.1216036 -0.8623064 0.4915692 -0.4488341 -0.7727334 0.4488108 -0.1216055 -0.4915668 -0.8623075 -0.4915673 -0.1216143 -0.8623061 -0.1216021 -0.8623033 -0.4915751 -0.44884 -0.4488365 -0.772715 -0.4915489 -0.8623196 -0.1215921 -0.8622969 -0.4915888 -0.1215924 -0.4488416 -0.7727119 -0.4488402 -0.8623068 -0.1216049 -0.4915683 -0.9834854 -0.1279867 -0.1279681 -0.772724 -0.4488153 -0.4488456 -0.1216052 0.4915675 0.8623071 -0.491562 0.1216105 0.8623096 -0.1216046 0.862309 0.4915645 -0.4488504 0.4488404 0.7727066 -0.4915358 0.8623268 0.1215946 -0.8622924 0.4915956 0.1215957 -0.4488475 0.7727145 0.4488298 -0.8623065 0.121604 0.4915688 -0.7727247 0.4488139 0.4488459 -0.4915658 0.1216132 -0.8623071 -0.1216047 0.491577 -0.8623018 -0.8623051 0.1216174 -0.4915683 -0.4488616 0.4488353 -0.7727032 -0.8623076 0.4915657 -0.12161 -0.4915722 0.8623049 -0.1216024 -0.7727111 0.4488458 -0.4488374 -0.1216001 0.8623114 -0.4915612 -0.127975 0.9834867 -0.12797 -0.4488567 0.7727046 -0.4488381 -0.1279814 -0.9834845 -0.1279808 0.1279808 -0.9834846 0.1279806 -0.127983 -0.9834845 0.1279789 -0.983489 0.1279596 -0.1279678 -0.9834887 -0.1279618 0.1279681 -0.9834873 0.1279727 0.1279677 0.1279698 0.1279715 -0.9834873 0.9834875 -0.127973 -0.1279665 0.9834876 0.1279703 0.1279675 0.9834856 -0.1279868 0.1279671 0.1279728 0.9834864 -0.1279749 -0.1279727 0.9834864 0.1279751 0.1279749 0.9834868 0.1279701 0.1216035 -0.8623025 0.491576 0.4488417 -0.4488297 0.772718 0.4915567 -0.8623148 0.1215953 0.8622938 -0.4915942 0.1215915 0.4488466 -0.7727092 0.4488401 0.8623065 -0.1216046 0.4915689 0.7727094 -0.4488415 0.4488446 0.1216064 -0.8623027 -0.491575 0.4915751 -0.8623038 -0.1215982 0.1279837 -0.9834845 -0.1279787 0.4488396 -0.4488503 -0.7727074 0.4488427 -0.7727161 -0.448832 0.4915615 -0.1216026 -0.862311 0.1216023 -0.4915672 -0.8623078 0.1279743 -0.1279762 -0.983486 0.8623061 -0.1216079 -0.4915686 0.8623099 -0.4915658 -0.1215931 0.7727051 -0.4488663 -0.4488273 0.1216055 0.4915751 0.8623028 0.1279817 0.127977 0.9834849 0.862305 0.1216083 0.4915707 0.4488593 0.4488297 0.7727079 0.8623095 0.4915623 0.1216093 0.4915676 0.8623076 0.1216011 0.7727068 0.44885 0.4488406 0.1216009 0.8623099 0.4915637 0.4488413 0.7727147 0.4488358 0.1216071 0.4915697 -0.8623056 0.4915598 0.1216021 -0.862312 0.1216058 0.8623065 -0.4915684 0.4488456 0.4488504 -0.7727038 0.4915434 0.8623222 -0.1215965 0.8622924 0.4915958 -0.121596 0.4488387 0.7727182 -0.4488323 0.8623061 0.1216039 -0.4915697 0.9834856 0.1279847 -0.1279689 0.7727062 0.4488597 -0.448832 -0.4915617 -0.1216084 0.8623101 -0.1216009 -0.4915711 0.8623057 -0.1279743 -0.1279762 0.983486 -0.8623054 -0.1216079 0.4915699 -0.4488505 -0.4488523 0.7726998 -0.8623129 -0.4915567 0.1216081 -0.4915769 -0.8623024 0.1216011 -0.7727059 -0.4488672 0.4488253 -0.1216042 -0.8623051 0.4915714 -0.4488413 -0.7727249 0.448818 -0.4915679 -0.1216085 -0.8623065 -0.1216024 -0.8623039 -0.4915742 -0.4488376 -0.4488413 -0.7727136 -0.4915497 -0.862319 -0.1215931 -0.8622975 -0.4915875 -0.1215921 -0.4488289 -0.7727248 -0.448831 -0.8623085 -0.1215882 -0.4915694 -0.9834868 -0.1279753 -0.1279687 -0.7727195 -0.4488248 -0.4488443 -0.1216042 0.4915737 0.8623039 -0.4915626 0.1216078 0.8623096 -0.1279736 0.1279716 0.9834867 -0.121604 0.8623085 0.4915657 -0.4488461 0.4488477 0.772705 -0.4915417 0.8623232 0.1215956 -0.8622924 0.4915958 0.1215957 -0.4488399 0.7727187 0.4488301 -0.8623069 0.1216008 0.4915692 -0.7727069 0.4488539 0.4488365 -0.4915664 0.1216073 -0.8623076 -0.1216042 0.4915795 -0.8623005 -0.8623062 0.1216044 -0.4915694 -0.4488596 0.4488376 -0.7727029 -0.8623089 0.4915633 -0.1216102 -0.491568 0.8623074 -0.1216011 -0.7727068 0.4488554 -0.4488354 -0.1215989 0.8623138 -0.4915574 -0.1279751 0.9834867 -0.1279703 -0.4488354 0.7727258 -0.4488224 0.1279808 -0.9834846 0.1279808 0.12797 0.1279661 -0.9834879 -0.1279831 -0.1279782 -0.9834846 -0.1279786 0.1279773 -0.9834854 0.9834888 -0.1279616 -0.1279671 0.983489 0.127959 0.1279681 0.983487 -0.1279754 0.1279677 0.1279728 0.9834864 -0.1279751 -0.1279727 0.9834864 0.1279751 0.1279749 0.9834868 0.1279703 0.1216048 -0.4915637 0.8623093 0.4915679 -0.1216085 0.8623065 0.1216033 -0.862302 0.491577 0.4488381 -0.4488378 0.7727154 0.4915488 -0.8623197 0.1215924 0.8622976 -0.4915875 0.1215919 0.4488367 -0.7727192 0.4488327 0.862308 -0.1215952 0.4915686 0.7727126 -0.4488366 0.448844 0.1216031 -0.8623052 -0.4915715 0.4915719 -0.8623061 -0.1215949 0.1279837 -0.9834845 -0.1279789 0.4488427 -0.4488427 -0.7727098 0.4488391 -0.7727221 -0.448825 0.4915609 -0.1216053 -0.862311 0.1216034 -0.4915614 -0.862311 0.1279746 -0.1279707 -0.9834867 0.8623073 -0.1215995 -0.4915688 0.8623138 -0.4915586 -0.1215939 0.7727131 -0.4488462 -0.4488337 0.4915675 0.1216072 0.862307 0.1216055 0.4915759 0.8623023 0.8623052 0.1216083 0.4915702 0.4488546 0.4488468 0.7727005 0.8623111 0.4915593 0.1216097 0.7727019 0.4488626 0.4488367 0.1216019 0.862308 0.491567 0.4488366 0.7727203 0.4488307 0.1216083 0.4915639 -0.8623088 0.4915592 0.1216048 -0.8623121 0.1216036 0.8623082 -0.4915661 0.4488487 0.4488428 -0.7727063 0.4915413 0.8623237 -0.1215943 0.8622953 0.4915903 -0.1215966 0.4488372 0.7727221 -0.4488273 0.8623069 0.1215976 -0.4915697 0.983487 0.1279733 -0.1279694 0.7727123 0.4488434 -0.4488378 -0.4915619 -0.1216022 0.8623108 -0.1216024 -0.4915629 0.8623102 -0.1279746 -0.1279707 0.9834867 -0.8623052 -0.1216086 0.4915701 -0.4488539 -0.448843 0.7727032 -0.8623117 -0.4915588 0.1216078 -0.491581 -0.8622999 0.1216023 -0.7727096 -0.448858 0.4488279 -0.1216045 -0.8623045 0.4915725 -0.448855 -0.7727152 0.4488211 -0.1216059 -0.4915648 -0.8623087 -0.4915682 -0.1216055 -0.8623067 -0.1216025 -0.8623024 -0.4915766 -0.4488387 -0.4488376 -0.7727151 -0.4915561 -0.8623151 -0.1215945 -0.8622968 -0.4915888 -0.1215924 -0.4488362 -0.7727177 -0.4488357 -0.8623072 -0.1215998 -0.4915688 -0.7727088 -0.448848 -0.4488391 -0.1216056 0.4915655 0.8623082 -0.4915629 0.1216017 0.8623102 -0.1279738 0.1279661 0.9834874 -0.1216033 0.8623085 0.4915657 -0.4488482 0.4488428 0.7727067 -0.4915407 0.8623239 0.1215946 -0.8622955 0.4915901 0.1215964 -0.4488403 0.7727203 0.448827 -0.8623076 0.1215958 0.491569 -0.7727115 0.4488435 0.4488389 -0.4915667 0.1216044 -0.8623078 -0.121605 0.4915753 -0.8623028 -0.8623062 0.1216067 -0.4915689 -0.448861 0.4488309 -0.7727062 -0.8623102 0.4915608 -0.1216105 -0.7727046 0.4488611 -0.4488337 -0.1215998 0.8623119 -0.4915605 -0.4488416 0.7727171 -0.4488314 -0.1279785 -0.9834852 -0.127978 0.1279779 -0.9834853 0.1279781 -0.1279767 -0.9834861 0.1279732 -0.9834871 0.1279742 -0.1279681 -0.9834868 -0.1279764 0.1279684 -0.9834889 0.1279609 0.1279675 0.1279653 0.1279674 -0.9834883 -0.1279783 -0.1279795 -0.9834851 -0.1279739 0.1279779 -0.9834858 0.9834887 -0.1279622 0.1279675 0.1279699 0.9834874 -0.1279695 -0.1279698 0.9834874 0.1279695 0.1279686 0.9834879 0.1279676 0.1215995 -0.4915759 0.8623031 0.4915719 -0.1216058 0.8623045 0.1279784 -0.1279795 0.9834851 0.1215969 -0.8623064 0.4915709 0.4488346 -0.4488439 0.7727138 0.4915692 -0.8623075 0.1215958 0.7727074 -0.4488515 0.4488381 0.4488369 -0.7727159 0.4488381 0.8623099 -0.1216071 0.4915621 0.8623113 -0.4915617 0.1215991 0.1215996 -0.8623073 -0.4915688 0.4915643 -0.8623102 -0.1215965 0.1279773 -0.9834861 -0.1279732 0.4488458 -0.4488446 -0.7727069 0.4488407 -0.772717 -0.4488323 0.4915648 -0.1216032 -0.862309 0.1215983 -0.4915697 -0.8623068 0.1279698 -0.1279712 -0.9834872 0.8623099 -0.121596 -0.4915651 0.8623085 -0.4915665 -0.1215999 0.7727172 -0.4488414 -0.4488313 0.4915719 0.12161 0.8623039 0.1216035 0.491581 0.8622998 0.127977 0.1279777 0.9834855 0.7727056 0.4488405 0.4488523 0.4488386 0.4488419 0.7727127 0.8623085 0.4915657 0.121603 0.8623095 0.1216034 0.491564 0.4915584 0.8623131 0.1215997 0.1215937 0.8623157 0.4915553 0.4488323 0.7727127 0.4488481 0.1216027 0.491573 -0.8623043 0.4915632 0.1216028 -0.8623099 0.1215991 0.8623112 -0.491562 0.4488516 0.4488438 -0.7727041 0.4915494 0.8623189 -0.1215946 0.8623062 0.4915704 -0.1216008 0.4488385 0.7727177 -0.4488335 0.8623095 0.1215959 -0.4915657 0.9834887 0.1279601 -0.1279692 0.772718 0.4488326 -0.4488387 -0.4915677 -0.1215977 0.8623081 -0.1215997 -0.491569 0.8623071 -0.1279698 -0.1279712 0.9834872 -0.862308 -0.1216003 0.4915673 -0.448844 -0.4488449 0.7727078 -0.862303 -0.4915758 0.1216009 -0.4915692 -0.8623067 0.1216014 -0.7727078 -0.4488514 0.4488378 -0.1216005 -0.862307 0.4915691 -0.4488412 -0.7727113 0.4488416 -0.1216016 -0.491573 -0.8623046 -0.4915735 -0.1216002 -0.8623045 -0.1215978 -0.8623061 -0.4915712 -0.448837 -0.4488449 -0.7727118 -0.4915675 -0.8623084 -0.1215962 -0.7727098 -0.4488456 -0.4488399 -0.4488407 -0.7727122 -0.4488407 -0.8623103 -0.1215952 -0.4915646 -0.8623066 -0.4915702 -0.1215981 -0.9834885 -0.1279636 -0.1279686 -0.1216011 0.4915704 0.862306 -0.4915673 0.1215952 0.8623088 -0.1279691 0.1279674 0.9834879 -0.1215982 0.8623124 0.4915601 -0.448852 0.4488399 0.772706 -0.4915553 0.8623154 0.1215963 -0.8623057 0.4915714 0.1216008 -0.4488425 0.7727187 0.4488279 -0.8623095 0.121599 0.4915651 -0.7727115 0.448845 0.4488375 -0.4915723 0.1216045 -0.8623045 -0.1216032 0.49158 -0.8623003 -0.7727053 0.4488423 -0.4488509 -0.4488425 0.4488469 -0.7727075 -0.8622968 0.4915865 -0.1216019 -0.8623106 0.1215919 -0.4915648 -0.4915564 0.8623143 -0.1216002 -0.1215953 0.862315 -0.4915562 -0.1279687 0.9834879 -0.1279676 -0.4488395 0.7727074 -0.4488501 -0.1279785 -0.9834852 -0.127978 0.1279779 -0.9834853 0.1279779 -0.9834868 0.1279774 0.127967 -0.1279784 -0.1279797 -0.9834851 -0.1279739 0.127978 -0.9834858 0.9834864 -0.1279802 0.127967 0.1279699 0.9834874 -0.1279693 -0.1279698 0.9834874 0.1279695 0.1279686 0.983488 0.1279674 0.1216006 -0.491572 0.8623052 0.491572 -0.1216073 0.8623044 0.1215981 -0.8623054 0.4915724 0.448837 -0.4488393 0.7727152 0.4915742 -0.8623043 0.121598 0.7727134 -0.4488377 0.4488418 0.448852 -0.7727045 0.4488427 0.8623091 -0.1216131 0.4915621 0.8623049 -0.4915733 0.1215983 0.1215999 -0.8623068 -0.4915693 0.4915767 -0.8623027 -0.1215991 0.1279773 -0.9834861 -0.127973 0.4488454 -0.4488488 -0.7727048 0.4488545 -0.7727074 -0.4488354 0.4915648 -0.1216049 -0.8623088 0.1215993 -0.4915658 -0.862309 0.8623078 -0.1216141 -0.4915642 0.8623095 -0.4915646 -0.1216002 0.772714 -0.4488503 -0.4488279 0.4915724 0.1216064 0.8623043 0.1216039 0.491579 0.8623008 0.7727019 0.4488496 0.4488495 0.4488392 0.4488335 0.7727172 0.8623061 0.4915701 0.1216018 0.862308 0.121613 0.4915639 0.4915659 0.8623085 0.1216033 0.121597 0.8623137 0.491558 0.4488347 0.772709 0.4488521 0.1216038 0.4915691 -0.8623064 0.4915632 0.1216045 -0.8623098 0.121599 0.862311 -0.4915622 0.4488512 0.448848 -0.7727018 0.491556 0.8623149 -0.1215963 0.8623012 0.4915788 -0.121601 0.4488496 0.7727103 -0.448835 0.8623073 0.1216157 -0.4915649 0.9834865 0.1279781 -0.1279687 0.7727145 0.4488425 -0.4488351 -0.4915671 -0.1216036 0.8623076 -0.1216006 -0.4915653 0.8623091 -0.8623065 -0.1216124 0.4915669 -0.4488433 -0.4488458 0.7727078 -0.862312 -0.4915601 0.1216018 -0.4915776 -0.8623017 0.1216028 -0.7727082 -0.4488508 0.4488375 -0.1216011 -0.8623057 0.4915711 -0.1216024 -0.4915704 -0.8623059 -0.4915731 -0.1216065 -0.8623037 -0.121598 -0.8623048 -0.4915736 -0.4488362 -0.4488474 -0.7727109 -0.4915709 -0.8623065 -0.1215966 -0.7727169 -0.4488316 -0.4488417 -0.4488394 -0.7727137 -0.4488394 -0.8623098 -0.1216001 -0.491564 -0.8623073 -0.4915686 -0.1215994 -0.9834863 -0.1279801 -0.127968 -0.121602 0.4915677 0.8623075 -0.4915669 0.1216014 0.862308 -0.1215996 0.8623101 0.4915636 -0.4488523 0.4488412 0.7727051 -0.4915558 0.8623151 0.1215968 -0.8623014 0.4915786 0.1216008 -0.4488533 0.7727081 0.4488353 -0.8623082 0.1216105 0.4915645 -0.7727174 0.4488336 0.448839 -0.491572 0.1216076 -0.8623042 -0.1216042 0.4915758 -0.8623026 -0.7727033 0.4488487 -0.4488479 -0.4488403 0.4488475 -0.7727084 -0.8623081 0.4915663 -0.1216033 -0.8623098 0.1216006 -0.4915642 -0.4915622 0.8623106 -0.1216019 -0.121598 0.8623118 -0.4915613 -0.4488283 0.7727146 -0.448849 -0.1279785 -0.9834852 -0.1279779 0.1279779 -0.9834853 0.127978 -0.1279767 -0.9834861 0.1279731 -0.9834874 0.1279726 -0.1279677 -0.983487 -0.1279748 0.127968 -0.9834883 0.1279659 0.1279672 0.1279652 0.1279687 -0.9834882 -0.1279785 -0.1279782 -0.9834852 -0.1279739 0.1279765 -0.9834861 0.983488 -0.1279689 -0.1279672 0.9834881 0.1279664 0.1279683 0.9834878 -0.1279695 0.1279676 -0.1279698 0.9834874 0.1279694 0.1216003 -0.491573 0.8623046 0.4915719 -0.1216077 0.8623043 0.1279785 -0.1279782 0.9834852 0.1215969 -0.8623063 0.4915712 0.4488366 -0.4488415 0.7727141 0.4915713 -0.8623063 0.1215964 0.7727115 -0.4488413 0.4488413 0.4488447 -0.772711 0.4488388 0.8623099 -0.1216074 0.4915621 0.8623079 -0.4915677 0.1215989 0.1215992 -0.862307 -0.4915692 0.4915759 -0.8623033 -0.1215983 0.4488451 -0.4488486 -0.772705 0.4488462 -0.7727137 -0.4488325 0.4915648 -0.1216065 -0.8623085 0.1215989 -0.491568 -0.8623077 0.1279697 -0.1279726 -0.9834871 0.8623083 -0.1216086 -0.4915646 0.8623092 -0.4915651 -0.1216009 0.7727124 -0.4488536 -0.4488278 0.4915723 0.121606 0.8623043 0.1216041 0.4915781 0.8623012 0.127977 0.1279764 0.9834856 0.7727004 0.4488525 0.4488493 0.8623061 0.4915702 0.1216023 0.862309 0.1216069 0.4915639 0.4915622 0.8623108 0.1216009 0.1215955 0.8623145 0.491557 0.4488262 0.7727167 0.4488474 0.1216034 0.4915714 -0.8623052 0.4915632 0.1216061 -0.8623095 0.1215986 0.862311 -0.4915624 0.4488509 0.4488478 -0.7727022 0.491559 0.8623132 -0.1215968 0.8623027 0.4915761 -0.1216014 0.4488469 0.7727122 -0.4488346 0.862308 0.1216092 -0.4915652 0.9834879 0.1279674 -0.1279693 0.7727105 0.4488497 -0.4488346 -0.4915665 -0.1216096 0.8623071 -0.1216 -0.4915683 0.8623075 -0.1279697 -0.1279727 0.983487 -0.8623069 -0.1216106 0.4915666 -0.4488421 -0.448851 0.7727054 -0.8623071 -0.4915689 0.1216005 -0.4915744 -0.8623037 0.1216024 -0.7727068 -0.4488533 0.4488374 -0.1216017 -0.8623056 0.491571 -0.4488425 -0.7727097 0.4488431 -0.121602 -0.491572 -0.8623051 -0.4915729 -0.1216081 -0.8623036 -0.1215969 -0.8623058 -0.4915719 -0.4488387 -0.4488419 -0.7727127 -0.4915744 -0.8623045 -0.1215972 -0.772715 -0.4488354 -0.4488412 -0.4488461 -0.772708 -0.4488427 -0.862309 -0.121609 -0.4915633 -0.8623114 -0.4915614 -0.1216002 -0.9834878 -0.1279685 -0.1279682 -0.1216014 0.4915708 0.8623058 -0.4915664 0.1216074 0.8623076 -0.127969 0.1279689 0.9834877 -0.1215983 0.8623116 0.4915617 -0.4488511 0.4488464 0.7727028 -0.4915582 0.8623136 0.1215968 -0.8623082 0.4915665 0.1216018 -0.4488508 0.7727108 0.4488332 -0.8623088 0.1216067 0.4915642 -0.7727167 0.4488341 0.4488394 -0.4915718 0.1216092 -0.8623042 -0.1216036 0.4915781 -0.8623015 -0.7727013 0.4488529 -0.4488473 -0.4488429 0.4488409 -0.7727109 -0.8623054 0.4915709 -0.1216036 -0.8623088 0.1216097 -0.4915636 -0.4915647 0.8623092 -0.1216015 -0.1215952 0.8623152 -0.4915559 -0.1279687 0.9834879 -0.1279675 -0.4488325 0.7727125 -0.4488482 -0.1279774 -0.9834854 -0.1279783 -0.1279767 -0.9834857 0.1279758 -0.9834867 0.1279723 -0.1279734 -0.9834862 -0.1279754 0.1279733 -0.9834882 0.1279662 0.1279671 0.1279652 0.1279688 -0.9834882 -0.1279785 -0.1279783 -0.9834852 -0.1279752 0.1279772 -0.9834857 0.9834883 -0.1279652 -0.1279671 0.983487 0.1279689 0.1279738 0.9834867 -0.1279723 0.127973 0.1279688 0.9834876 -0.1279695 -0.1279687 0.9834877 0.1279693 0.1279688 0.9834879 0.1279674 0.1216012 -0.4915722 0.8623051 0.4915722 -0.1216064 0.8623044 0.1279785 -0.1279781 0.9834852 0.1215981 -0.8623051 0.4915729 0.4488297 -0.4488487 0.7727138 0.4915731 -0.8623052 0.1215969 0.7727081 -0.4488442 0.4488443 0.4488373 -0.7727129 0.4488431 0.862309 -0.1215983 0.4915661 0.8623077 -0.4915679 0.1216002 0.1216012 -0.8623054 -0.4915716 0.4915692 -0.862307 -0.1216 0.1279764 -0.9834861 -0.1279731 0.4488405 -0.4488482 -0.7727079 0.4488402 -0.7727142 -0.4488377 0.4915611 -0.1216071 -0.8623105 0.1215995 -0.4915669 -0.8623083 0.862306 -0.1216076 -0.4915689 0.8623062 -0.4915696 -0.1216034 0.772705 -0.448859 -0.4488347 0.4915698 0.1216035 0.8623061 0.1216031 0.4915775 0.8623018 0.1279783 0.1279771 0.9834854 0.7727064 0.448843 0.4488486 0.448842 0.4488453 0.7727088 0.862304 0.4915735 0.1216037 0.8623059 0.1215941 0.4915724 0.4915614 0.862312 0.1215957 0.1215942 0.8623143 0.4915576 0.4488359 0.7727166 0.4488379 0.1216043 0.4915719 -0.8623048 0.4915624 0.1216075 -0.8623097 0.1216003 0.8623103 -0.4915634 0.4488438 0.4488511 -0.7727044 0.4915578 0.8623135 -0.1215996 0.7726998 0.448858 -0.448845 0.4488394 0.7727148 -0.4488376 0.8623054 0.1216077 -0.4915701 0.862302 0.4915761 -0.1216069 0.9834883 0.127964 -0.127969 -0.491564 -0.1216014 0.8623096 -0.1215994 -0.4915673 0.862308 -0.1279703 -0.1279727 0.983487 -0.8623044 -0.1216038 0.4915727 -0.4488452 -0.4488436 0.7727079 -0.8623058 -0.4915707 0.1216023 -0.4915736 -0.8623046 0.1215987 -0.7727091 -0.4488519 0.4488351 -0.1216002 -0.8623063 0.4915704 -0.4488462 -0.7727139 0.448832 -0.1216027 -0.4915719 -0.862305 -0.4915732 -0.1216075 -0.8623036 -0.1215978 -0.8623052 -0.4915728 -0.4488326 -0.4488478 -0.7727127 -0.4915705 -0.8623066 -0.1215971 -0.7727091 -0.4488431 -0.4488436 -0.4488375 -0.7727121 -0.448844 -0.8623077 -0.1216026 -0.491567 -0.8623077 -0.4915676 -0.1216002 -0.9834871 -0.1279692 -0.1279735 -0.1216022 0.4915719 0.8623051 -0.4915658 0.1216076 0.8623077 -0.127969 0.1279687 0.9834877 -0.1215997 0.8623108 0.4915626 -0.4488439 0.4488504 0.7727047 -0.4915587 0.862313 0.1215992 -0.7727022 0.4488501 0.4488484 -0.4488453 0.7727125 0.4488356 -0.8623059 0.1216068 0.4915692 -0.8623026 0.4915749 0.1216073 -0.4915697 0.1216048 -0.8623059 -0.1216026 0.4915778 -0.8623016 -0.7727079 0.4488409 -0.4488478 -0.4488496 0.4488388 -0.7727081 -0.8623017 0.4915774 -0.1216045 -0.8623057 0.1215982 -0.4915718 -0.4915624 0.8623114 -0.1215963 -0.1215942 0.8623148 -0.4915567 -0.1279689 0.9834879 -0.1279674 -0.4488434 0.7727107 -0.4488408 -0.127979 -0.9834851 -0.1279787 0.1279785 -0.9834851 0.1279788 -0.1279777 -0.9834852 0.1279798 -0.9834873 0.1279696 -0.127971 -0.983487 -0.1279718 0.1279714 -0.9834876 0.1279678 0.1279706 0.1279659 0.1279681 -0.9834882 -0.127979 -0.1279783 -0.9834851 -0.127976 0.1279771 -0.9834856 0.9834869 -0.1279734 -0.1279703 0.9834871 0.1279709 0.1279714 0.9834874 -0.1279691 0.1279706 0.1279706 0.9834873 -0.1279702 -0.1279705 0.9834873 0.1279702 0.1279708 0.9834878 0.1279661 0.1216019 -0.4915713 0.8623056 0.4915701 -0.1216056 0.8623057 0.127979 -0.1279782 0.9834851 0.1215994 -0.8623052 0.4915724 0.4488347 -0.4488445 0.7727135 0.49157 -0.8623065 0.1216 0.7727056 -0.4488453 0.4488477 0.4488384 -0.7727137 0.4488404 0.8623063 -0.1216043 0.4915691 0.8623079 -0.491567 0.1216017 0.1216009 -0.8623048 -0.4915728 0.4915705 -0.862306 -0.1216014 0.1279783 -0.983485 -0.1279797 0.4488434 -0.4488475 -0.7727066 0.4488457 -0.7727127 -0.4488351 0.4915614 -0.1216033 -0.8623109 0.1216003 -0.4915671 -0.862308 0.1279704 -0.1279712 -0.9834872 0.8623054 -0.1216055 -0.4915706 0.8623035 -0.4915745 -0.1216032 0.7727108 -0.4488508 -0.4488331 0.4915701 0.1216047 0.8623058 0.1216021 0.4915765 0.8623024 0.1279789 0.127977 0.9834854 0.7727038 0.4488454 0.4488504 0.4488441 0.4488351 0.7727134 0.8623014 0.4915778 0.1216052 0.8623055 0.1216034 0.4915709 0.4915587 0.8623133 0.1215971 0.1215943 0.862315 0.4915565 0.4488352 0.7727151 0.4488412 0.1216055 0.4915708 -0.8623052 0.4915601 0.1216033 -0.8623116 0.1216003 0.862311 -0.4915621 0.4488491 0.4488466 -0.7727038 0.4915596 0.8623123 -0.1216003 0.7727099 0.4488495 -0.4488357 0.4488455 0.7727127 -0.4488353 0.8623052 0.1216036 -0.4915712 0.8623028 0.4915747 -0.1216073 0.9834875 0.1279671 -0.1279724 -0.4915623 -0.1216022 0.8623107 -0.1215997 -0.4915674 0.862308 -0.1279704 -0.1279709 0.9834872 -0.8623048 -0.1216048 0.4915717 -0.4488445 -0.4488477 0.7727059 -0.8623046 -0.4915724 0.1216036 -0.4915714 -0.8623054 0.1216013 -0.7727099 -0.4488518 0.4488337 -0.1216009 -0.8623049 0.4915727 -0.4488489 -0.7727118 0.4488331 -0.1216033 -0.4915714 -0.8623052 -0.4915712 -0.1216049 -0.8623051 -0.121599 -0.8623054 -0.4915723 -0.4488369 -0.448844 -0.7727124 -0.4915706 -0.8623062 -0.1215999 -0.7727076 -0.4488425 -0.4488468 -0.4488391 -0.7727121 -0.4488425 -0.8623058 -0.1216033 -0.4915704 -0.862306 -0.4915705 -0.1216019 -0.9834871 -0.1279705 -0.1279717 -0.1216031 0.4915712 0.8623054 -0.4915636 0.1216021 0.8623098 -0.1279695 0.1279678 0.9834878 -0.1216003 0.862311 0.4915621 -0.4488481 0.4488472 0.7727041 -0.4915599 0.8623122 0.1216003 -0.7727083 0.4488515 0.4488366 -0.4488489 0.7727116 0.4488335 -0.8623058 0.1216033 0.4915704 -0.8623018 0.4915766 0.1216074 -0.4915701 0.1216042 -0.8623058 -0.1216018 0.4915766 -0.8623026 -0.7727061 0.4488423 -0.4488495 -0.4488506 0.4488335 -0.7727107 -0.8623014 0.4915775 -0.1216058 -0.8623059 0.1216025 -0.4915706 -0.4915599 0.8623126 -0.1215969 -0.1215941 0.8623151 -0.4915565 -0.1279709 0.9834879 -0.1279661 -0.4488413 0.7727115 -0.4488415 -0.1279789 -0.9834848 -0.1279817 0.1279784 -0.9834848 0.1279819 -0.1279775 -0.9834852 0.1279793 -0.9834871 0.1279706 -0.1279714 -0.9834868 -0.127973 0.1279712 -0.9834877 0.1279695 0.1279687 0.127965 0.1279674 -0.9834883 -0.1279789 -0.1279784 -0.9834851 -0.127976 0.1279779 -0.9834856 0.983487 -0.127972 -0.1279706 0.9834873 0.1279698 0.1279709 0.983487 -0.1279726 0.1279706 0.1279712 0.9834868 0.1279728 -0.1279715 0.9834868 -0.1279727 -0.1279684 0.9834878 0.1279683 0.1216024 -0.4915753 0.8623031 0.4915705 -0.1216052 0.8623054 0.1279788 -0.1279788 0.9834851 0.1215991 -0.8623052 0.4915724 0.4488335 -0.4488461 0.7727133 0.4915705 -0.8623062 0.1216004 0.7727063 -0.448845 0.4488465 0.4488387 -0.7727131 0.448841 0.8623075 -0.1216034 0.4915675 0.8623067 -0.4915692 0.1216019 0.1216005 -0.8623052 -0.4915722 0.4915706 -0.8623059 -0.1216017 0.1279778 -0.9834852 -0.1279788 0.4488425 -0.4488466 -0.7727077 0.4488419 -0.7727149 -0.4488348 0.491562 -0.1216024 -0.8623107 0.1215997 -0.4915682 -0.8623076 0.1279703 -0.1279713 -0.9834872 0.8623049 -0.1216064 -0.491571 0.8623054 -0.491571 -0.1216037 0.7727085 -0.4488535 -0.4488341 0.4915711 0.1216049 0.8623052 0.121604 0.4915786 0.8623009 0.1279782 0.1279771 0.9834854 0.7727044 0.4488453 0.4488496 0.4488381 0.4488462 0.7727106 0.8623028 0.4915753 0.1216052 0.8623064 0.1216028 0.4915695 0.4915595 0.8623127 0.1215988 0.1215986 0.8623114 0.4915618 0.448839 0.7727136 0.4488402 0.1216048 0.491571 -0.8623052 0.4915602 0.1216018 -0.8623119 0.1216003 0.8623109 -0.4915621 0.4488484 0.4488466 -0.7727043 0.4915594 0.8623124 -0.1216005 0.1279687 0.9834879 -0.1279681 0.7727071 0.4488537 -0.4488365 0.4488419 0.7727151 -0.4488344 0.8623054 0.1216054 -0.4915707 0.8623014 0.491577 -0.1216068 0.9834872 0.1279708 -0.1279706 -0.4915629 -0.1216025 0.8623101 -0.1215994 -0.491566 0.8623088 -0.1279718 -0.1279706 0.983487 -0.8623047 -0.1216064 0.4915716 -0.4488447 -0.4488474 0.7727059 -0.8623045 -0.4915725 0.1216037 -0.4915707 -0.862306 0.1216015 -0.772709 -0.4488536 0.4488332 -0.1216007 -0.8623042 0.4915738 -0.4488474 -0.7727128 0.4488332 -0.1216026 -0.4915704 -0.8623058 -0.4915717 -0.1216052 -0.8623048 -0.1215984 -0.8623035 -0.4915757 -0.4488357 -0.4488456 -0.7727124 -0.4915712 -0.8623058 -0.1215994 -0.7727082 -0.4488437 -0.4488446 -0.4488373 -0.7727136 -0.4488418 -0.8623065 -0.1216039 -0.491569 -0.862306 -0.4915707 -0.1216009 -0.9834868 -0.1279734 -0.1279717 -0.1216028 0.4915722 0.8623048 -0.4915636 0.1216019 0.8623099 -0.1279694 0.1279681 0.9834877 -0.1216002 0.8623111 0.4915618 -0.448848 0.4488475 0.772704 -0.4915596 0.8623123 0.1216003 -0.772707 0.4488544 0.4488359 -0.4488474 0.7727123 0.4488338 -0.862306 0.1216055 0.4915694 -0.8623015 0.491577 0.1216067 -0.4915705 0.1216039 -0.8623057 -0.1216021 0.4915772 -0.8623021 -0.7727063 0.4488441 -0.4488476 -0.4488491 0.4488346 -0.7727108 -0.8623015 0.4915776 -0.1216047 -0.8623062 0.1216025 -0.4915698 -0.4915603 0.8623123 -0.1215981 -0.1215946 0.8623136 -0.4915589 -0.4488406 0.7727124 -0.4488404 -0.127979 -0.9834851 -0.1279788 0.1279785 -0.9834851 0.1279787 -0.1279782 -0.9834851 0.1279798 -0.9834863 0.1279755 -0.1279733 -0.9834859 -0.1279782 0.1279731 -0.9834878 0.1279699 0.1279672 0.1279659 0.127968 -0.9834882 -0.127979 -0.1279783 -0.9834851 -0.127976 0.1279777 -0.9834856 0.9834871 -0.1279726 -0.1279702 0.9834872 0.12797 0.1279712 0.9834867 -0.1279749 0.1279706 0.1279706 0.9834873 -0.1279702 0.1279698 0.9834882 0.1279647 0.1216017 -0.4915723 0.8623049 0.4915701 -0.1216046 0.8623058 0.1215997 -0.8623052 0.4915724 0.4488341 -0.4488461 0.7727128 0.4915703 -0.8623062 0.1216003 0.772704 -0.4488485 0.4488471 0.4488366 -0.7727141 0.4488413 0.8623061 -0.121605 0.4915693 0.8623057 -0.4915712 0.1216017 0.1216014 -0.8623044 -0.4915734 0.4915713 -0.8623054 -0.1216017 0.1279788 -0.9834849 -0.1279796 0.4488432 -0.4488471 -0.7727071 0.4488407 -0.7727154 -0.4488354 0.4915615 -0.1216015 -0.8623111 0.1216 -0.4915681 -0.8623075 0.8623049 -0.1216087 -0.4915707 0.8623049 -0.4915718 -0.1216037 0.7727075 -0.4488582 -0.4488314 0.4915701 0.1216045 0.8623058 0.1279789 0.1279776 0.9834853 0.7727025 0.4488481 0.44885 0.4488434 0.4488374 0.7727125 0.8623024 0.4915758 0.1216053 0.8623052 0.1216039 0.4915712 0.4915592 0.862313 0.1215971 0.1215945 0.8623147 0.4915571 0.4488338 0.7727155 0.4488417 0.1216052 0.491572 -0.8623046 0.4915603 0.1216014 -0.8623118 0.1216011 0.8623105 -0.4915629 0.4488488 0.4488461 -0.7727042 0.4915603 0.862312 -0.1216009 0.772706 0.4488582 -0.4488338 0.4488407 0.772715 -0.4488359 0.8623046 0.1216076 -0.4915713 0.8623007 0.4915784 -0.1216074 0.9834868 0.1279729 -0.1279723 -0.4915648 -0.1216012 0.8623092 -0.1215993 -0.4915689 0.8623072 -0.1279704 -0.1279713 0.9834872 -0.8623048 -0.1216054 0.4915716 -0.4488444 -0.4488469 0.7727065 -0.8623058 -0.4915707 0.1216022 -0.4915739 -0.8623042 0.1216005 -0.7727094 -0.448852 0.4488344 -0.1216008 -0.8623051 0.4915722 -0.4488458 -0.7727135 0.4488335 -0.121603 -0.4915726 -0.8623045 -0.4915718 -0.1216055 -0.8623047 -0.1215989 -0.8623055 -0.4915719 -0.4488353 -0.4488493 -0.7727104 -0.4915697 -0.8623068 -0.121599 -0.7727094 -0.4488417 -0.4488446 -0.448836 -0.7727136 -0.448843 -0.8623059 -0.1216011 -0.4915707 -0.8623062 -0.4915705 -0.1216007 -0.9834863 -0.1279753 -0.1279734 -0.1216027 0.4915728 0.8623045 -0.491563 0.1216005 0.8623104 -0.1279695 0.1279682 0.9834877 -0.1216002 0.8623113 0.4915615 -0.4488477 0.4488463 0.772705 -0.4915615 0.8623113 0.1216003 -0.7727037 0.4488569 0.4488392 -0.4488457 0.7727134 0.4488338 -0.8623057 0.1216047 0.4915701 -0.8623024 0.4915755 0.1216071 -0.4915707 0.1216056 -0.8623053 -0.1216019 0.4915763 -0.8623026 -0.7727076 0.4488422 -0.4488471 -0.4488487 0.4488407 -0.7727075 -0.8623002 0.49158 -0.1216049 -0.8623059 0.1216006 -0.4915708 -0.4915586 0.8623136 -0.1215956 -0.1215944 0.8623142 -0.4915578 -0.1279699 0.9834881 -0.1279647 -0.4488387 0.772713 -0.4488416 -0.1279785 -0.9834852 -0.1279783 0.127977 -0.9834855 0.127978 -0.1279801 -0.9834851 0.1279772 -0.9834867 0.1279722 -0.1279733 -0.9834864 -0.1279746 0.1279731 -0.9834882 0.1279671 0.1279674 -0.1279785 -0.1279782 -0.9834852 -0.1279754 0.1279758 -0.9834859 0.9834877 -0.1279709 -0.1279669 0.9834873 0.1279679 0.1279734 0.9834868 -0.1279714 0.1279726 0.1279689 0.9834876 -0.1279695 -0.1279698 0.9834875 0.1279692 0.1279712 0.9834874 0.1279689 0.1216009 -0.4915739 0.8623041 0.4915724 -0.1216045 0.8623045 0.1279784 -0.1279796 0.9834851 0.121598 -0.862305 0.4915732 0.4488312 -0.4488432 0.7727162 0.4915719 -0.8623058 0.1215972 0.7727082 -0.4488439 0.4488444 0.4488438 -0.7727063 0.4488479 0.8623082 -0.1216031 0.4915663 0.862307 -0.4915692 0.1215998 0.1216002 -0.8623064 -0.4915701 0.4915691 -0.862307 -0.1215997 0.1279771 -0.983486 -0.1279731 0.4488417 -0.4488446 -0.7727093 0.4488389 -0.7727159 -0.4488363 0.491562 -0.1215998 -0.8623111 0.1215993 -0.491568 -0.8623077 0.1279697 -0.1279727 -0.983487 0.8623061 -0.1216049 -0.4915693 0.8623065 -0.4915691 -0.1216042 0.7727076 -0.4488537 -0.4488355 0.4915697 0.1216035 0.8623061 0.1216033 0.4915764 0.8623023 0.7727042 0.4488474 0.4488477 0.4488457 0.4488281 0.7727166 0.8623023 0.4915764 0.1216035 0.8623046 0.121607 0.4915716 0.4915583 0.8623138 0.1215963 0.1215941 0.8623155 0.4915555 0.4488363 0.7727156 0.4488391 0.1216042 0.491573 -0.8623041 0.4915627 0.121604 -0.8623101 0.1215996 0.8623109 -0.4915623 0.4488451 0.4488471 -0.7727059 0.4915568 0.862314 -0.1215997 0.7727054 0.4488455 -0.4488475 0.4488387 0.7727156 -0.4488368 0.8623056 0.1216046 -0.4915704 0.8623031 0.4915741 -0.1216078 0.9834876 0.1279697 -0.1279687 -0.4915636 -0.1216042 0.8623095 -0.1215994 -0.4915668 0.8623084 -0.1279704 -0.1279711 0.9834872 -0.8623041 -0.1216063 0.4915727 -0.448844 -0.448845 0.7727077 -0.862304 -0.4915739 0.1216024 -0.4915712 -0.8623058 0.1215992 -0.7727095 -0.4488509 0.448835 -0.1216012 -0.8623054 0.4915715 -0.4488452 -0.7727141 0.4488328 -0.1216027 -0.4915721 -0.8623049 -0.4915735 -0.1216042 -0.8623039 -0.1215981 -0.8623049 -0.4915733 -0.4488331 -0.4488444 -0.7727146 -0.491571 -0.8623063 -0.1215978 -0.772709 -0.4488444 -0.4488427 -0.4488368 -0.7727121 -0.4488449 -0.8623074 -0.1216046 -0.4915671 -0.8623051 -0.4915723 -0.1216006 -0.9834864 -0.1279749 -0.1279734 -0.1216022 0.4915722 0.862305 -0.4915663 0.1216033 0.8623082 -0.1215998 0.8623105 0.4915629 -0.4488428 0.4488515 0.7727046 -0.4915601 0.8623121 0.1216 -0.7727004 0.4488551 0.4488468 -0.44885 0.7727082 0.4488385 -0.8623059 0.121604 0.4915698 -0.8622993 0.4915809 0.1216073 -0.4915698 0.1216025 -0.8623063 -0.1216027 0.4915769 -0.8623022 -0.7727069 0.4488435 -0.4488469 -0.448853 0.4488239 -0.7727149 -0.8622998 0.4915806 -0.1216045 -0.8623049 0.121608 -0.491571 -0.4915597 0.8623129 -0.1215964 -0.1215938 0.8623162 -0.4915546 -0.1279723 0.9834873 -0.1279687 -0.4488404 0.772714 -0.4488378 -0.12798 -0.9834849 -0.1279794 0.127976 -0.9834855 0.127978 -0.1279763 -0.9834859 0.1279745 -0.9834874 0.1279725 0.1279673 0.9834886 -0.1279629 0.1279675 0.127968 0.9834878 -0.1279695 -0.1279712 0.9834871 0.1279708 0.1279684 0.983488 0.1279676 0.1216005 -0.4915729 0.8623048 0.4915717 -0.1216096 0.8623041 0.1279784 -0.1279796 0.9834851 0.1215968 -0.8623061 0.4915714 0.4488382 -0.4488372 0.7727157 0.4915714 -0.8623061 0.1215968 0.7727112 -0.4488415 0.4488415 0.4488522 -0.7727043 0.4488428 0.8623093 -0.1216126 0.4915618 0.8623101 -0.4915641 0.1215988 0.1215982 -0.862308 -0.491568 0.4915772 -0.8623027 -0.1215981 0.1279771 -0.9834861 -0.1279732 0.4488455 -0.448849 -0.7727046 0.4488516 -0.7727105 -0.4488326 0.4915646 -0.1216071 -0.8623086 0.1215992 -0.4915665 -0.8623086 0.862308 -0.121612 -0.4915643 0.8623091 -0.4915651 -0.1216009 0.7727127 -0.4488528 -0.4488278 0.4915718 0.1216105 0.8623039 0.121604 0.4915785 0.8623011 0.1279769 0.1279777 0.9834854 0.7726992 0.4488553 0.4488486 0.4488378 0.4488407 0.7727138 0.8623054 0.4915714 0.1216021 0.8623085 0.1216109 0.4915637 0.4915642 0.8623095 0.1216016 0.1215958 0.8623138 0.4915581 0.4488338 0.7727102 0.448851 0.1216037 0.4915698 -0.8623061 0.491563 0.1216067 -0.8623096 0.1215978 0.8623118 -0.4915613 0.4488513 0.4488482 -0.7727016 0.4915568 0.8623145 -0.1215962 0.8623076 0.4915675 -0.121602 0.4488498 0.7727109 -0.4488339 0.8623077 0.1216117 -0.4915649 0.9834887 0.1279609 -0.1279692 0.7727134 0.448844 -0.4488353 -0.1215997 -0.4915687 0.8623073 -0.1279698 -0.1279712 0.9834873 -0.8623065 -0.1216139 0.4915665 -0.4488416 -0.4488527 0.7727047 -0.8623102 -0.4915632 0.1216008 -0.4915788 -0.8623011 0.1216031 -0.7727022 -0.4488646 0.448834 -0.1216013 -0.8623063 0.4915699 -0.1216016 -0.4915737 -0.8623041 -0.4915729 -0.1216087 -0.8623037 -0.1215962 -0.8623076 -0.491569 -0.4488386 -0.4488458 -0.7727106 -0.4915722 -0.8623057 -0.1215967 -0.7727145 -0.4488353 -0.448842 -0.448845 -0.7727112 -0.448838 -0.8623092 -0.1216071 -0.4915636 -0.862306 -0.4915711 -0.1215991 -0.9834869 -0.1279751 -0.1279683 -0.1216012 0.4915711 0.8623057 -0.1279691 0.1279674 0.9834879 -0.1215984 0.8623118 0.4915612 -0.4488506 0.448848 0.7727021 -0.491555 0.8623156 0.1215962 -0.8623032 0.4915754 0.1216011 -0.4488509 0.7727107 0.448833 -0.8623083 0.1216108 0.4915641 -0.7727137 0.4488427 0.4488362 -0.4915718 0.1216097 -0.8623041 -0.121603 0.4915808 -0.8623 -0.7727028 0.4488487 -0.4488489 -0.8623069 0.4915686 -0.1216028 -0.8623092 0.1216056 -0.4915637 -0.491566 0.8623086 -0.1216019 -0.1215956 0.8623154 -0.4915555 -0.1279683 0.9834877 -0.1279689 -0.4488334 0.7727128 -0.448847 0.127976 -0.9834855 0.127978 0.1215995 -0.4915762 0.862303 0.4915726 -0.1216004 0.8623049 0.1215967 -0.8623074 0.4915691 0.4488372 -0.44884 0.7727147 0.4915733 -0.8623052 0.1215955 0.7727152 -0.4488317 0.4488444 0.4488398 -0.7727145 0.4488375 0.8623117 -0.1215913 0.4915632 0.8623116 -0.4915615 0.1215977 0.1215996 -0.8623074 -0.4915685 0.4915652 -0.8623097 -0.1215965 0.4488454 -0.4488457 -0.7727066 0.4915654 -0.1215973 -0.8623095 0.1215983 -0.4915699 -0.8623068 0.8623097 -0.1215974 -0.4915651 0.8623042 -0.4915742 -0.1215996 0.7727123 -0.4488531 -0.4488279 0.4915729 0.1216012 0.8623046 0.1216037 0.4915803 0.8623002 0.7727085 0.4488343 0.4488534 0.8623031 0.4915755 0.1216017 0.8623108 0.1215896 0.491565 0.4915552 0.8623151 0.1215985 0.1215931 0.8623172 0.4915531 0.4488286 0.7727164 0.4488454 0.1216028 0.4915733 -0.8623043 0.4915638 0.1215969 -0.8623104 0.1215994 0.8623111 -0.4915621 0.4488512 0.4488449 -0.7727037 0.4915576 0.8623142 -0.1215953 0.8623073 0.4915684 -0.1216002 0.4488391 0.7727171 -0.448834 0.8623095 0.1215959 -0.4915656 0.7727143 0.4488418 -0.4488359 -0.4915674 -0.1216023 0.8623076 -0.1215996 -0.4915702 0.8623065 -0.8623081 -0.1216006 0.4915671 -0.4488433 -0.4488464 0.7727075 -0.8623097 -0.4915642 0.1216014 -0.4915702 -0.8623061 0.1216014 -0.772709 -0.4488487 0.4488383 -0.1216011 -0.8623055 0.4915713 -0.4488434 -0.7727067 0.4488474 -0.1216014 -0.4915744 -0.8623038 -0.4915736 -0.1216004 -0.8623043 -0.1215974 -0.8623063 -0.4915709 -0.4488363 -0.4488461 -0.7727116 -0.4915764 -0.8623034 -0.121596 -0.772714 -0.4488382 -0.44884 -0.4488355 -0.7727182 -0.4488355 -0.862311 -0.1215919 -0.4915643 -0.8623074 -0.4915691 -0.121598 -0.1216009 0.4915717 0.8623054 -0.491567 0.1215997 0.8623083 -0.1215984 0.8623113 0.491562 -0.4488512 0.4488414 0.7727057 -0.4915643 0.8623102 0.1215963 -0.8623063 0.4915703 0.1216007 -0.448844 0.7727147 0.4488331 -0.8623102 0.1215942 0.4915649 -0.7727173 0.4488329 0.4488399 -0.4915725 0.1216047 -0.8623043 -0.1216037 0.491578 -0.8623015 -0.7727055 0.4488435 -0.4488494 -0.4488425 0.4488415 -0.7727106 -0.8623036 0.4915745 -0.1216024 -0.8623106 0.1215934 -0.4915644 -0.4915573 0.8623137 -0.1216002 -0.1215959 0.8623137 -0.4915584 -0.4488366 0.7727093 -0.4488497 -0.1279757 -0.9834861 -0.1279752 -0.1279737 -0.9834868 0.1279703 -0.1279782 -0.1279824 -0.9834847 -0.1279737 0.1279807 -0.9834855 -0.1279669 0.9834883 0.1279667 0.1215997 -0.4915747 0.8623038 0.4915725 -0.1215993 0.8623051 0.1279785 -0.1279769 0.9834854 0.1215981 -0.8623055 0.491572 0.4915757 -0.8623038 0.1215962 0.7727126 -0.4488394 0.4488414 0.448839 -0.7727135 0.4488402 0.8623116 -0.1215921 0.4915631 0.862308 -0.491568 0.1215975 0.4915693 -0.8623071 -0.1215977 0.862309 -0.1216019 -0.491565 0.862309 -0.4915655 -0.1216009 0.7727146 -0.4488477 -0.4488297 0.4915726 0.1216018 0.8623048 0.1216041 0.4915772 0.8623019 0.1279771 0.127975 0.9834858 0.772704 0.4488444 0.4488509 0.4488376 0.4488329 0.7727185 0.8623047 0.4915727 0.1216016 0.8623104 0.1215931 0.4915649 0.4915568 0.8623141 0.1216002 0.1215938 0.8623177 0.4915518 0.4488318 0.7727125 0.4488492 0.1215988 0.8623113 -0.4915617 0.4915656 0.8623094 -0.1215968 0.8623029 0.4915762 -0.1216002 0.4488422 0.7727148 -0.4488346 0.8623086 0.1216025 -0.4915656 0.7727123 0.4488449 -0.4488365 -0.4915635 -0.1216061 0.8623093 -0.1215996 -0.4915703 0.8623063 -0.1279696 -0.1279741 0.9834868 -0.7726917 -0.4488687 0.4488479 -0.4488351 -0.4488559 0.7727066 -0.8623033 -0.4915734 0.1216091 -0.8623032 -0.1216099 0.4915734 -0.4915693 -0.8623063 0.1216046 -0.1216012 -0.8623057 0.4915712 -0.4488303 -0.7727178 0.4488413 -0.1216031 -0.4915764 -0.8623024 -0.4915692 -0.1216046 -0.8623063 -0.121598 -0.8623054 -0.4915723 -0.4488286 -0.4488496 -0.7727139 -0.4915672 -0.8623077 -0.1216021 -0.7726956 -0.4488574 -0.4488527 -0.4488185 -0.7727227 -0.4488448 -0.8623054 -0.1216026 -0.4915713 -0.8623104 -0.4915614 -0.1216071 -0.1216027 0.4915753 0.862303 -0.4915643 0.1216053 0.8623089 -0.1279689 0.1279703 0.9834874 -0.1216006 0.8623101 0.4915635 -0.4488387 0.4488561 0.7727044 -0.4915591 0.862312 0.1216053 -0.772688 0.4488729 0.4488502 -0.4488302 0.7727174 0.4488421 -0.8623037 0.1216109 0.4915722 -0.8623057 0.4915682 0.121613 -0.4915679 0.1216037 -0.8623071 -0.1216037 0.4915782 -0.8623012 -0.7726945 0.4488562 -0.4488555 -0.4488437 0.4488299 -0.7727167 -0.8622997 0.4915793 -0.1216107 -0.8623055 0.1216012 -0.4915714 -0.4915547 0.8623149 -0.1216017 -0.1215932 0.8623172 -0.4915529 -0.1279658 0.9834886 -0.1279647 -0.4488211 0.7727233 -0.4488415 -0.1279853 -0.9834839 -0.1279808 0.1279847 -0.983484 0.1279809 -0.1279799 -0.9834849 0.1279789 -0.983489 0.1279595 0.1279674 0.1279699 0.1279687 -0.9834876 0.1279767 0.9834859 -0.1279752 -0.1279766 0.9834859 0.1279752 0.1279718 0.9834871 0.1279702 0.1216038 -0.4915672 0.8623075 0.4915672 -0.1216127 0.8623062 0.1279831 -0.1279782 0.9834846 0.1216025 -0.8623027 0.4915759 0.4488376 -0.4488385 0.7727153 0.4915676 -0.8623086 0.1215943 0.8623086 -0.4915683 0.1215924 0.4488422 -0.7727122 0.4488392 0.8623068 -0.1216052 0.4915682 0.772707 -0.4488487 0.4488418 0.1216038 -0.8623057 -0.4915705 0.4915625 -0.8623113 -0.1215964 0.1279805 -0.9834848 -0.1279789 0.4488419 -0.4488466 -0.772708 0.4488421 -0.7727189 -0.4488278 0.4915602 -0.1216111 -0.8623105 0.1216022 -0.4915663 -0.8623083 0.1279744 -0.1279734 -0.9834864 0.8623067 -0.1216046 -0.4915683 0.8623083 -0.4915681 -0.1215941 0.7727116 -0.4488492 -0.4488331 0.4915668 0.1216114 0.8623067 0.121605 0.4915769 0.8623018 0.1279817 0.1279771 0.9834849 0.8623052 0.1216096 0.4915698 0.4488542 0.4488471 0.7727006 0.8623075 0.4915657 0.1216104 0.491555 0.8623152 0.1215993 0.7727037 0.4488588 0.4488374 0.1215988 0.8623117 0.4915611 0.4488328 0.772726 0.4488251 0.1216071 0.4915688 -0.8623062 0.4915586 0.1216106 -0.8623116 0.121603 0.8623096 -0.4915639 0.4488479 0.4488466 -0.7727046 0.4915538 0.8623164 -0.121595 0.862307 0.4915698 -0.1215968 0.4488378 0.7727213 -0.448828 0.8623067 0.1216011 -0.4915693 -0.1216019 -0.4915648 0.8623092 -0.8623048 -0.1216152 0.4915692 -0.4488509 -0.4488535 0.7726988 -0.862308 -0.4915652 0.1216084 -0.4915658 -0.8623087 0.1216009 -0.7727044 -0.4488698 0.4488252 -0.1216042 -0.8623051 0.4915714 -0.4488435 -0.7727246 0.4488167 -0.1216028 -0.8623026 -0.491576 -0.4488371 -0.4488438 -0.7727125 -0.4915618 -0.8623121 -0.1215931 -0.8623092 -0.491567 -0.1215922 -0.448833 -0.77272 -0.448835 -0.8623077 -0.1215984 -0.4915682 -0.9834886 -0.1279621 -0.1279685 -0.7727146 -0.4488358 -0.4488415 -0.1216053 0.4915674 0.8623072 -0.1216042 0.8623083 0.4915657 -0.4488465 0.4488489 0.772704 -0.491554 0.8623161 0.1215959 -0.8623041 0.4915752 0.1215959 -0.4488422 0.7727181 0.4488289 -0.8623063 0.1216076 0.4915684 -0.7727058 0.4488557 0.4488366 -0.1216048 0.4915768 -0.8623019 -0.8623055 0.1216139 -0.4915683 -0.4488594 0.4488359 -0.7727042 -0.8623045 0.4915707 -0.1216107 -0.4915571 0.8623138 -0.121601 -0.7727027 0.4488649 -0.4488329 -0.1215991 0.8623133 -0.4915583 -0.1279719 0.9834871 -0.1279702 -0.4488411 0.7727181 -0.4488301 -0.1279799 -0.9834849 0.1279787 -0.9834877 0.1279709 0.1279669 0.12797 0.1279662 -0.9834879 -0.1279786 0.1279775 -0.9834852 0.9834902 -0.1279502 -0.1279677 0.9834905 0.1279476 0.1279687 0.9834902 -0.1279509 0.1279681 0.1279718 0.9834871 0.1279705 0.121604 -0.491567 0.8623077 0.1216029 -0.8623027 0.4915758 0.4915612 -0.8623126 0.1215928 0.8623093 -0.4915672 0.1215921 0.4488326 -0.7727239 0.4488287 0.8623082 -0.1215918 0.491569 0.7727044 -0.448856 0.4488389 0.1216031 -0.8623048 -0.4915722 0.4915609 -0.8623124 -0.1215947 0.1279805 -0.9834848 -0.127979 0.4488371 -0.7727226 -0.4488264 0.1216026 -0.4915648 -0.862309 0.1279746 -0.1279709 -0.9834867 0.8623078 -0.1215924 -0.4915695 0.8623092 -0.4915665 -0.1215943 0.7727088 -0.4488558 -0.4488314 0.1216058 0.4915739 0.8623034 0.1279817 0.1279773 0.9834849 0.8623053 0.1216058 0.4915707 0.8623059 0.4915683 0.1216099 0.4915567 0.8623141 0.121601 0.7726928 0.4488835 0.4488312 0.1215996 0.8623123 0.4915598 0.4488337 0.7727224 0.44883 0.1216074 0.4915673 -0.8623069 0.1216034 0.862308 -0.4915667 0.4915533 0.8623168 -0.1215944 0.862307 0.4915699 -0.1215968 0.4488348 0.7727227 -0.4488285 0.8623075 0.1215909 -0.4915705 0.9834902 0.1279488 -0.1279698 0.7727078 0.4488537 -0.4488355 -0.4915616 -0.1216052 0.8623105 -0.1216012 -0.4915683 0.8623073 -0.1279746 -0.1279705 0.9834867 -0.8623054 -0.1216109 0.4915692 -0.4488528 -0.448853 0.7726979 -0.8623101 -0.4915615 0.1216089 -0.4915618 -0.8623112 0.1215997 -0.7727091 -0.4488583 0.4488283 -0.1216029 -0.8623076 0.4915671 -0.1216013 -0.8623046 -0.4915729 -0.4488407 -0.4488356 -0.772715 -0.4915609 -0.8623127 -0.1215923 -0.8623086 -0.4915683 -0.1215926 -0.4488415 -0.7727121 -0.4488401 -0.8623071 -0.1216014 -0.4915686 -0.9834873 -0.1279735 -0.127968 -0.1216045 0.491571 0.8623052 -0.4915626 0.1216047 0.8623101 -0.1279738 0.1279659 0.9834874 -0.1216034 0.8623105 0.4915619 -0.4488485 0.4488484 0.7727032 -0.4915476 0.8623201 0.1215943 -0.8623042 0.4915751 0.121596 -0.4488467 0.7727156 0.448829 -0.8623063 0.1216074 0.4915684 -0.7727174 0.4488322 0.4488403 -0.1216039 0.491581 -0.8622997 -0.8623053 0.1216135 -0.4915687 -0.4488614 0.4488452 -0.7726976 -0.862303 0.4915734 -0.1216105 -0.4915612 0.8623113 -0.1216022 -0.7727115 0.448845 -0.4488375 -0.1216002 0.8623112 -0.4915616 -0.1279719 0.9834872 -0.12797 -0.4488546 0.7727088 -0.4488327 -0.1279853 -0.9834839 -0.1279811 0.1279847 -0.9834842 0.1279807 -0.1279835 -0.9834845 0.1279792 -0.9834924 0.1279336 -0.1279681 -0.983492 -0.1279357 0.1279684 -0.9834889 0.1279599 0.1279682 0.1279767 0.9834859 -0.127975 -0.1279766 0.9834859 0.1279754 0.1279718 0.9834872 0.12797 0.1216036 -0.4915683 0.8623069 0.4915692 -0.1215935 0.8623078 0.1279834 -0.1279727 0.9834853 0.1216025 -0.8623027 0.4915761 0.4488401 -0.448828 0.7727199 0.4915838 -0.8622992 0.1215965 0.8623046 -0.4915752 0.1215921 0.4488493 -0.7727053 0.4488439 0.8623064 -0.1216009 0.49157 0.7727129 -0.4488367 0.4488435 0.1216008 -0.8623077 -0.4915676 0.4915672 -0.8623088 -0.1215952 0.1279805 -0.9834849 -0.1279787 0.4488458 -0.4488317 -0.7727144 0.4488552 -0.7727091 -0.4488316 0.4915621 -0.1215935 -0.8623118 0.1216018 -0.4915685 -0.862307 0.8623061 -0.1216002 -0.4915705 0.8623092 -0.491566 -0.1215961 0.7727323 -0.4488075 -0.4488392 0.4915688 0.1215922 0.8623082 0.1216058 0.4915735 0.8623036 0.127982 0.1279717 0.9834856 0.8623056 0.1215988 0.4915717 0.4488584 0.4488188 0.7727146 0.8622957 0.4915873 0.1216065 0.4915614 0.862311 0.1216022 0.7727134 0.4488382 0.448841 0.1215986 0.8623148 0.4915559 0.4488675 0.7726962 0.4488415 0.1216067 0.4915712 -0.8623049 0.4915605 0.1215931 -0.8623129 0.1216005 0.8623113 -0.4915615 0.4488518 0.4488318 -0.7727109 0.4915676 0.8623087 -0.1215946 0.8623046 0.4915738 -0.1215977 0.4488519 0.7727103 -0.4488327 0.8623056 0.1215999 -0.4915715 0.7727302 0.4488078 -0.4488427 -0.1216012 -0.4915687 0.862307 -0.8623058 -0.1215988 0.4915714 -0.4488552 -0.4488368 0.7727059 -0.8623119 -0.4915584 0.1216083 -0.4915783 -0.8623015 0.1216012 -0.7727135 -0.4488502 0.4488289 -0.1216008 -0.8623073 0.4915685 -0.4488703 -0.7727038 0.4488258 -0.1215987 -0.8623062 -0.4915709 -0.4488397 -0.4488346 -0.7727163 -0.4915728 -0.8623058 -0.1215939 -0.8623058 -0.4915728 -0.1215938 -0.4488367 -0.7727206 -0.4488302 -0.8623082 -0.1215879 -0.4915702 -0.9834885 -0.1279625 -0.1279693 -0.7727149 -0.4488359 -0.4488409 -0.1216001 0.862311 0.491562 -0.4488478 0.4488379 0.7727097 -0.4915575 0.8623144 0.121594 -0.8622998 0.4915824 0.1215977 -0.4488454 0.7727198 0.4488228 -0.8623067 0.1215934 0.4915714 -0.7727202 0.4488287 0.4488391 -0.1216043 0.4915786 -0.8623009 -0.8623071 0.1215971 -0.4915695 -0.448866 0.4488121 -0.7727141 -0.8623055 0.4915696 -0.1216086 -0.4915613 0.8623116 -0.1215987 -0.7727103 0.448848 -0.4488368 -0.1215938 0.8623195 -0.4915487 -0.1279754 0.9834866 -0.1279705 -0.4488739 0.7726927 -0.4488411 -0.09561884 -0.983484 -0.153676 0.09561812 -0.9834841 0.1536759 -0.1536729 -0.9834843 0.09562122 -0.9288337 0.1279608 -0.347698 -0.9868831 -0.1279681 -0.09841752 -0.986881 0.127985 -0.09841752 0.347696 0.1279539 -0.9288355 0.098423 -0.1279751 -0.9868816 0.09842896 0.1279754 -0.986881 0.9868839 -0.1279608 0.09841811 0.9288337 0.1279568 0.3476998 0.9288335 -0.1279677 0.3476965 0.09561204 0.9834861 0.1536672 -0.09560662 0.9834873 -0.1536628 -0.1536653 0.9834863 0.09561306 -0.07714205 -0.4915757 0.8674114 0.2831916 -0.1216052 0.9513227 -0.09842681 -0.1279799 0.9868806 0.006940066 -0.8623049 0.5063419 0.2618897 -0.4488331 0.8543786 0.4511957 -0.8622975 0.229925 0.8122627 -0.4915565 0.3140087 0.3353473 -0.7727109 0.5389436 0.7283567 -0.1215937 0.674323 0.6507766 -0.4488245 0.6124104 0.2299236 -0.8623041 -0.4511839 0.5063333 -0.8623101 -0.006941795 0.1536661 -0.9834852 -0.09562295 0.6124039 -0.4488295 -0.6507793 0.538929 -0.7727228 -0.335343 0.674331 -0.121574 -0.7283526 0.3140066 -0.4915637 -0.8122591 0.3476902 -0.1279618 -0.9288365 0.9513279 -0.1215767 -0.283186 0.8674223 -0.4915564 0.07714307 0.8543733 -0.4488454 -0.2618854 0.2831922 0.1216037 0.9513227 -0.07713836 0.4915797 0.8674094 -0.09842479 0.1279796 0.9868809 0.650777 0.4488124 0.6124188 0.261895 0.4488297 0.8543787 0.8122637 0.4915524 0.3140128 0.7283532 0.1215876 0.6743279 0.3353453 0.7727109 0.5389449 0.00694257 0.8623106 0.5063323 0.4511852 0.8623045 0.2299195 0.3140094 0.4915711 -0.8122537 0.6743356 0.1215735 -0.7283485 0.2299216 0.862311 -0.4511716 0.612407 0.448833 -0.650774 0.5063195 0.862318 -0.006947219 0.153657 0.9834874 -0.09561467 0.8543651 0.4488608 -0.261886 0.5389339 0.772719 -0.3353443 0.9513264 0.1215868 -0.2831867 0.8674231 0.4915552 0.077142 0.9868873 0.1279338 0.09841954 -0.6743369 -0.1215645 0.7283488 -0.3140084 -0.4915592 0.8122613 -0.3476942 -0.1279504 0.9288367 -0.9513275 -0.1215834 0.2831846 -0.6124072 -0.4488263 0.6507783 -0.8674083 -0.4915814 -0.07714086 -0.5063326 -0.8623104 0.006942152 -0.854369 -0.4488539 0.2618855 -0.2299193 -0.862309 0.4511766 -0.5389323 -0.7727236 0.3353362 0.07714116 -0.49157 -0.8674147 -0.2831904 -0.1215998 -0.9513237 -0.006941735 -0.8623013 -0.5063481 -0.2618795 -0.4488292 -0.8543837 -0.4511958 -0.8622976 -0.2299243 -0.8122631 -0.4915565 -0.3140081 -0.3353371 -0.7727094 -0.5389521 -0.7283552 -0.1215922 -0.674325 -0.9288318 -0.1279833 -0.3476952 -0.6507744 -0.4488309 -0.612408 -0.314013 0.4915661 0.8122554 -0.674335 0.1215639 0.7283506 -0.3476927 0.1279482 0.9288375 -0.2299182 0.8623158 0.4511642 -0.6124109 0.4488258 0.6507751 -0.5063351 0.8623089 0.006944358 -0.8543684 0.448853 0.2618886 -0.5389338 0.7727216 0.3353381 -0.9513261 0.1215882 0.283187 -0.8674044 0.4915884 -0.07713913 -0.2831866 0.121602 -0.9513245 0.07713609 0.491577 -0.8674111 -0.6507679 0.4488387 -0.6124091 -0.2618851 0.4488312 -0.8543811 -0.8122574 0.4915645 -0.3140105 -0.7283522 0.1216014 -0.6743265 -0.3353351 0.7727088 -0.5389542 -0.006943881 0.8623076 -0.5063372 -0.4511622 0.8623184 -0.2299127 0.03090476 -0.9834865 -0.1783235 -0.03090947 -0.9834842 0.1783354 -0.1783332 -0.9834848 -0.030905 -0.4618571 0.1279618 -0.8776752 -0.6710797 -0.1279886 -0.7302541 -0.6710812 0.1279892 -0.7302525 0.8776729 0.1279997 -0.461851 0.7302651 -0.1279405 -0.6710768 0.7302661 0.1279422 -0.6710754 0.6710792 -0.1279888 0.7302545 0.4618563 0.127963 0.8776755 0.4618564 -0.1279651 0.8776752 -0.03090626 0.983488 0.1783151 0.03090202 0.9834886 -0.178312 -0.1783215 0.9834868 -0.03090512 -0.6348631 -0.4915733 0.5960743 -0.4217746 -0.1216049 0.8985092 -0.7302633 -0.1279543 0.6710761 -0.3317911 -0.8623146 0.3825288 -0.3731272 -0.4488707 0.8119675 0.1837278 -0.8623118 0.4718713 0.3972616 -0.4915776 0.7749418 -0.1083739 -0.772728 0.6254171 0.09483361 -0.1216079 0.9880376 0.07813811 -0.4488587 0.89018 0.4719043 -0.8622901 -0.1837451 0.3825374 -0.8623088 0.3317964 0.178339 -0.9834838 0.03090167 0.8901801 -0.448856 -0.07815253 0.6254444 -0.7727058 0.1083756 0.9880351 -0.1216294 -0.09483122 0.7749402 -0.4915843 -0.3972565 0.8776724 -0.1280111 -0.4618488 0.8119736 -0.448861 0.3731256 0.5960756 -0.4915848 0.6348529 0.898513 -0.1216207 0.4217617 -0.4217738 0.1216008 0.89851 -0.63486 0.4915745 0.5960766 -0.7302649 0.1279473 0.6710758 0.07813721 0.4488544 0.8901822 -0.3731247 0.4488694 0.8119693 0.3972593 0.4915802 0.7749413 0.09483635 0.121607 0.9880374 -0.1083779 0.7727241 0.6254212 -0.3317816 0.8623203 0.382524 0.1837224 0.8623197 0.4718591 0.7749438 0.4915784 -0.3972566 0.9880365 0.121617 -0.09483212 0.471897 0.862295 -0.1837405 0.8901867 0.4488434 -0.07814854 0.3825348 0.862311 0.3317935 0.1783264 0.9834861 0.03090095 0.8119736 0.4488612 0.3731254 0.6254482 0.7727024 0.1083775 0.8985131 0.1216164 0.4217626 0.5960786 0.491583 0.6348516 0.671082 0.1279813 0.7302532 -0.9880358 -0.1216235 0.094832 -0.7749483 -0.491568 0.3972607 -0.8776749 -0.1279937 0.4618489 -0.8119733 -0.448854 -0.3731344 -0.8901697 -0.4488767 0.07815164 -0.5960806 -0.4915686 -0.6348608 -0.8985128 -0.121617 -0.421763 -0.3825474 -0.8623003 -0.3318066 -0.4719033 -0.8622909 0.1837436 -0.625435 -0.7727125 -0.1083821 0.634865 -0.4915709 -0.5960744 0.4217769 -0.121595 -0.8985093 0.3317865 -0.8623173 -0.3825267 0.3731349 -0.4488623 -0.8119687 -0.1837262 -0.8623135 -0.4718691 -0.3972609 -0.4915817 -0.7749395 0.1083812 -0.7727125 -0.6254352 -0.09483516 -0.1216079 -0.9880374 -0.461855 -0.1279685 -0.8776754 -0.07813841 -0.4488587 -0.8901799 -0.7749477 0.4915705 0.3972591 -0.9880362 0.1216207 0.09483212 -0.8776732 0.1279994 0.4618506 -0.4718973 0.8622953 0.1837382 -0.890182 0.4488531 0.07814681 -0.3825322 0.8623162 -0.3317829 -0.8119725 0.4488642 -0.3731243 -0.6254377 0.77271 -0.1083834 -0.8985118 0.1216258 -0.4217625 -0.5960751 0.4915987 -0.6348428 0.4217748 0.1215991 -0.8985098 0.6348596 0.4915786 -0.5960736 -0.07813274 0.4488546 -0.8901826 0.3731304 0.448867 -0.8119681 -0.3972649 0.491566 -0.7749475 -0.09483706 0.1216071 -0.9880374 0.1083817 0.7727149 -0.625432 0.331777 0.8623243 -0.3825191 -0.1837311 0.8623129 -0.471868 0.1417493 -0.9834859 -0.1125296 -0.141759 -0.9834842 0.1125319 -0.1125401 -0.9834837 -0.1417556 0.2393987 0.1279663 -0.9624515 -0.01487064 -0.1279655 -0.9916672 -0.01486974 0.127966 -0.9916671 0.962451 0.1279769 0.2393953 0.9916618 -0.1280056 -0.01488214 0.9916633 0.1279934 -0.0148831 0.01486992 -0.1279692 0.9916667 -0.2393965 0.127964 0.9624524 -0.2393972 -0.1279725 0.9624511 -0.141751 0.983486 0.1125252 0.1417442 0.9834868 -0.1125271 -0.1125299 0.9834863 -0.1417453 -0.8705376 -0.4915927 0.02237951 -0.9127804 -0.1215977 0.3899306 -0.9916624 -0.1280009 0.01488298 -0.497139 -0.7727198 0.3946607 -0.8188883 -0.4488632 0.3576926 -0.1769202 -0.8623069 0.4744744 -0.5022437 -0.8623029 0.06469112 -0.5341168 -0.4488551 0.7164136 -0.5867871 -0.1216 0.8005588 -0.2192441 -0.491566 0.8427901 0.4744632 -0.8623154 0.17691 0.06469357 -0.8623109 0.5022299 0.1125316 -0.9834863 0.1417442 0.7164154 -0.4488534 0.5341158 0.394678 -0.7727042 0.4971494 0.8005552 -0.1216172 0.5867884 0.8427758 -0.4915966 0.2192301 0.9624506 -0.1279782 0.2393964 0.3577041 -0.4488462 0.8188925 0.02237707 -0.4915797 0.870545 0.3899198 -0.1216108 0.9127833 -0.9127794 0.1216055 0.3899309 -0.8705311 0.4916042 0.02238184 -0.9916614 0.1280085 0.0148831 -0.5341212 0.4488499 0.7164135 -0.8188846 0.4488674 0.3576956 -0.2192482 0.4915646 0.8427897 -0.5867871 0.1215921 0.8005601 -0.1769199 0.8623112 0.4744668 -0.5022332 0.8623091 0.06469142 -0.4971378 0.7727192 0.3946633 0.8427759 0.4915953 0.2192327 0.8005552 0.1216146 0.5867889 0.3946722 0.7727095 0.4971457 0.7164201 0.448835 0.5341251 0.06469404 0.8623163 0.5022206 0.4744465 0.8623253 0.1769059 0.1125251 0.983488 0.1417371 0.3577068 0.4488446 0.8188923 0.3899198 0.1216101 0.9127833 0.02238041 0.491584 0.8705425 0.01486986 0.1279675 0.9916669 -0.8005564 -0.1216151 -0.5867872 -0.8427967 -0.4915583 -0.2192354 -0.9624524 -0.1279591 -0.2393991 -0.3577032 -0.4488443 -0.818894 -0.7164219 -0.448841 -0.5341176 -0.02237808 -0.4915697 -0.8705508 -0.3899211 -0.1216165 -0.912782 -0.06469756 -0.8623062 -0.5022373 -0.4744855 -0.8623007 -0.1769211 -0.3946774 -0.7727047 -0.4971491 0.8705474 -0.4915758 -0.02237302 0.9127796 -0.1216015 -0.3899314 0.4971259 -0.7727349 -0.3946474 0.8188991 -0.4488379 -0.3576994 0.1769163 -0.8623105 -0.4744694 0.5022378 -0.8623067 -0.06468766 0.5341163 -0.4488534 -0.7164151 0.5867884 -0.1215968 -0.8005583 0.2192435 -0.491566 -0.8427902 0.2393998 -0.1279688 -0.962451 -0.8427947 0.4915601 -0.2192394 -0.8005566 0.1216101 -0.5867881 -0.9624541 0.1279453 -0.2393994 -0.4744721 0.862309 -0.1769165 -0.7164194 0.4488447 -0.5341178 -0.06469476 0.8623147 -0.5022233 -0.3577069 0.4488428 -0.8188931 -0.394676 0.7727072 -0.4971465 -0.3899196 0.121616 -0.9127828 -0.02238053 0.4915781 -0.8705459 0.9127821 0.1215872 -0.3899301 0.8705515 0.4915683 -0.02237612 0.5341253 0.4488516 -0.7164094 0.8189051 0.448822 -0.3577055 0.2192439 0.4915683 -0.8427886 0.5867894 0.1215919 -0.8005583 0.4971308 0.7727225 -0.3946657 0.5022278 0.8623124 -0.06468844 0.1769195 0.8623054 -0.4744774 0.1806802 -0.9834876 0.01034492 -0.1806836 -0.9834868 -0.0103451 0.01034146 -0.9834859 -0.1806895 0.8192227 0.1279869 -0.5590113 0.6488747 -0.1279875 -0.750054 0.648877 0.1279785 -0.7500535 0.5590169 0.1279836 0.8192194 0.7500453 -0.1279911 0.6488841 0.750043 0.1279943 0.648886 -0.6488761 -0.1279828 0.7500535 -0.819225 0.1279726 0.5590113 -0.8192242 -0.1279805 0.5590106 -0.1806671 0.9834899 -0.01034575 0.1806684 0.9834897 0.01034617 0.01034015 0.983489 -0.1806727 -0.6646413 -0.4915825 -0.562671 -0.9407829 -0.1216067 -0.3164482 -0.7500454 -0.1279907 -0.6488839 -0.4179097 -0.8623078 -0.2859667 -0.8492596 -0.4488465 -0.2780199 -0.4478136 -0.8623117 0.2363929 -0.8754462 -0.4488476 0.1792485 -0.6337255 -0.7727062 -0.03629547 -0.9707553 -0.1216069 0.2069928 -0.7245293 -0.4915736 0.4831279 0.2363846 -0.862311 0.4478193 -0.2859684 -0.8623039 0.4179163 -0.01034367 -0.9834856 0.1806907 0.1792511 -0.4488382 0.8754503 -0.03627985 -0.7727121 0.6337192 0.2069911 -0.1216048 0.9707559 0.4831179 -0.491592 0.7245236 0.5590176 -0.1279926 0.8192175 -0.3164466 -0.1216023 0.940784 -0.5626631 -0.4915834 0.6646473 -0.2780103 -0.4488618 0.8492546 -0.940783 0.1216014 -0.3164497 -0.6646395 0.4915875 -0.5626688 -0.7500436 0.1279883 -0.6488865 -0.9707558 0.1216054 0.2069914 -0.8492628 0.4488413 -0.2780187 -0.7245289 0.4915795 0.4831228 -0.4478009 0.8623202 0.2363858 -0.8754442 0.4488542 0.179242 -0.4178971 0.8623161 -0.2859595 -0.6337243 0.7727072 -0.03629392 0.4831146 0.491594 0.7245244 0.2069925 0.1216001 0.9707562 0.2363784 0.8623163 0.4478124 0.1792483 0.4488363 0.8754519 -0.2859612 0.862309 0.4179109 -0.01034277 0.983487 0.1806829 -0.2780091 0.4488589 0.8492565 -0.03627985 0.7727114 0.6337199 -0.3164427 0.1216049 0.940785 -0.5626581 0.4915899 0.6646467 -0.6488744 0.127987 0.7500544 -0.2069963 -0.1216017 -0.9707552 -0.4831267 -0.4915692 -0.7245332 -0.5590199 -0.1279804 -0.8192179 0.3164415 -0.1216074 -0.940785 -0.17925 -0.4488421 -0.8754486 0.5626592 -0.4915972 -0.6646404 0.2859616 -0.8623098 -0.4179089 0.2780104 -0.4488531 -0.8492592 -0.2363929 -0.8623053 -0.4478259 0.03629249 -0.77271 -0.6337209 0.6646487 -0.4915621 0.5626801 0.940782 -0.1216112 0.3164489 0.4179192 -0.8622991 0.2859789 0.8492699 -0.4488244 0.278024 0.4478202 -0.8623069 -0.2363978 0.8754556 -0.4488295 -0.1792472 0.6337421 -0.7726927 0.03629201 0.9707552 -0.1216098 -0.206991 0.7245206 -0.4915926 -0.4831218 0.8192241 -0.1279895 -0.5590086 -0.4831233 0.4915714 -0.724534 -0.2069852 0.1215971 -0.9707582 -0.5590159 0.1279661 -0.8192228 -0.2363873 0.8623127 -0.4478147 -0.1792458 0.4488472 -0.8754468 0.2859566 0.8623161 -0.4178991 0.2780057 0.4488513 -0.8492617 0.03629249 0.77271 -0.6337209 0.3164493 0.1216034 -0.940783 0.5626569 0.4915955 -0.6646436 0.9407814 0.1216166 0.3164491 0.6646445 0.4915746 0.5626741 0.9707562 0.1216024 -0.2069916 0.8492718 0.4488239 0.2780188 0.7245311 0.4915755 -0.4831233 0.4478211 0.8623076 -0.2363938 0.8754687 0.4488042 -0.1792467 0.4179111 0.8623054 0.2859719 0.6337435 0.7726913 0.0362938 0.8029298 0.4946634 -0.3325838 0.4243596 0.8599538 -0.2835465 0.471522 0.8599541 -0.1953098 0.8244054 0.1300837 0.5508486 0.8029271 0.4946684 0.3325826 0.7226135 0.4946737 0.4828331 -0.193433 -0.1300773 0.9724524 0 0.1300753 0.9915042 -0.1934303 0.1300739 0.9724534 0.1146606 0.9904461 -0.07661348 0.127398 0.990447 -0.05277037 0.4243593 -0.8599539 0.2835462 0.0975058 -0.9904471 0.09750533 0.1146578 -0.9904465 0.07661175 0.3794316 -0.1300742 0.9160308 0.5508515 0.1300735 0.824405 0.3794338 0.1300758 0.9160298 0.4715173 -0.8599568 -0.1953094 0.1352453 -0.9904469 -0.02690219 0.1274009 -0.9904465 -0.05277168 0.6145351 -0.4946647 0.6145352 0.7226125 -0.494675 0.4828334 0.5508496 -0.1300724 0.8244064 0.7011011 0.130068 0.7010989 0.802924 -0.4946736 -0.3325825 0.5005596 -0.8599572 -0.0995683 0.7010994 -0.1300668 0.7011008 0.8244041 -0.1300825 0.5508509 0.9160286 -0.1300832 -0.3794338 0.8523795 -0.4946733 -0.1695508 0.4243538 0.859958 0.283542 0.09750425 0.9904474 0.09750407 0.3608835 0.8599576 0.3608825 0.9160298 0.1300808 0.3794319 0.1352458 0.9904469 -0.02690219 0.5005596 0.8599571 -0.09956848 0.6145359 0.4946649 0.6145342 0.9724531 -0.1300731 0.1934326 0.9724534 0.1300709 0.1934322 0.8523836 0.4946665 -0.1695505 0.9915036 0.1300799 -1.29911e-6 0.9724531 0.1300731 -0.1934324 0.3608793 -0.8599606 0.3608795 0.07661032 -0.9904469 0.114656 0.9915046 -0.130072 5.92453e-7 0.137898 -0.9904465 0 0.4828357 -0.4946666 0.7226166 0.9160305 0.1300777 -0.3794311 0.5103569 -0.8599628 -1.10893e-6 0.824404 -0.1300837 -0.5508506 0.8244063 0.1300792 -0.5508481 0.9724522 -0.1300777 -0.1934341 0.869079 -0.4946734 -1.66572e-6 0.0766083 0.9904474 0.1146526 0.2835444 0.8599562 0.4243559 0.7010998 -0.1300696 -0.7010998 0.7011011 0.1300591 -0.7011005 0.1378958 0.9904468 1.68827e-7 0.5103577 0.8599622 1.98398e-7 0.4828379 0.494661 0.7226189 0.5508494 0.1300723 -0.8244065 0.8690719 0.494686 0 0.5508513 -0.1300734 -0.8244051 0.3794313 0.130074 -0.916031 0.2835412 -0.8599589 0.4243528 0.05277347 -0.9904456 0.1274067 0.3794334 -0.1300754 -0.9160299 0.1934317 0.1300795 -0.9724524 0.5005593 -0.8599573 0.09956818 0.3325847 -0.4946652 0.8029284 0 -0.130075 -0.9915043 0 0.1300721 -0.9915046 -0.193433 0.1300774 -0.9724524 0.8523843 -0.4946655 0.1695498 0.05276954 0.9904472 0.1273959 0.1953073 0.85996 0.4715125 -0.1934305 -0.1300743 -0.9724533 -0.3794339 0.1300702 -0.9160304 0.5005592 0.8599574 0.09956866 0.1352486 0.9904465 0.02690315 0.3325849 0.4946629 0.8029296 -0.3794313 -0.1300716 -0.9160313 -0.5508517 0.1300734 -0.8244048 0.852383 0.4946677 0.1695502 -0.5508491 -0.1300745 -0.8244064 -0.7011018 0.130062 -0.7010993 0.1953076 -0.8599593 0.4715135 0.02690207 -0.9904471 0.1352439 -0.7010991 -0.1300676 -0.701101 -0.8244072 0.1300726 -0.5508484 0.4715197 -0.8599553 0.1953101 0.1352441 -0.9904471 0.02690196 0.09956729 -0.8599612 0.5005529 -0.8244032 -0.1300902 -0.5508503 -0.9160304 0.1300778 -0.3794312 0.1934316 -0.1300795 0.9724524 -0.9160314 -0.1300624 -0.3794345 -0.9724522 0.1300799 -0.193432 0.8029267 -0.4946702 0.3325815 0.02690112 0.9904475 0.135241 0.09956699 0.8599617 0.5005522 -0.9915055 -0.1300653 7.65706e-7 -0.9915019 0.1300929 -1.29775e-6 0.4715172 0.8599571 0.1953085 0.1273977 0.990447 0.05277073 0.1695491 0.4946668 0.8523838 -0.9724538 -0.1300665 0.1934329 -0.9724526 0.1300773 0.1934319 0.1934316 0.1300728 0.9724532 -0.9160295 0.130079 0.3794332 0 -0.859954 0.5103716 -0.9160308 -0.1300779 0.3794304 -0.8244031 0.1300905 0.5508503 0.1274026 -0.9904463 0.05277246 0.1695485 -0.4946719 0.8523808 -0.8244046 -0.1300893 0.5508483 -0.7010993 0.1300678 0.7011007 0 -0.1300721 0.9915046 -0.7011013 -0.1300666 0.701099 -0.5508493 0.1300746 0.8244063 0.9160305 -0.1300762 0.3794316 0 0.8599553 0.5103695 0 0.9904478 0.1378889 -0.5508518 -0.1300735 0.8244048 -0.3794316 0.1300718 0.9160312 0.1146547 0.9904471 0.07660943 0 0.4946711 0.8690803 -0.3794344 -0.1300705 0.9160302 0.7226132 -0.4946731 -0.4828341 0.4243589 -0.8599545 -0.2835453 0.1146541 -0.9904472 -0.07660847 0.6145372 0.4946582 -0.6145382 0.7226123 0.4946758 -0.4828328 0.0975055 0.9904471 -0.09750491 0.6145359 -0.4946619 -0.6145367 0.3608791 -0.8599604 -0.36088 0.09750241 -0.9904477 -0.0975027 0.4828342 0.4946708 -0.7226146 0.3608796 0.8599603 -0.36088 0.07661241 0.9904464 -0.1146584 0.4828344 -0.4946688 -0.722616 0.2835383 -0.8599618 -0.4243486 0.07660835 -0.9904474 -0.1146525 0.3325843 0.4946647 -0.8029287 0.2835388 0.8599615 -0.4243491 0.05277097 0.9904467 -0.1273996 0.3325849 -0.4946632 -0.8029294 0.1953074 -0.8599599 -0.4715127 0.05276978 -0.990447 -0.1273979 0.09956735 0.8599609 -0.5005536 0.1953076 0.8599594 -0.4715133 0.02690303 0.9904462 -0.1352505 0.1934317 -0.1300731 -0.9724532 0.1695491 -0.4946663 -0.852384 0.09956693 -0.8599616 -0.5005524 0.02690124 -0.9904476 -0.1352409 0.1695486 0.4946728 -0.8523803 0 0.8599548 -0.5103703 0 -0.4946718 -0.8690798 0 -0.859955 -0.5103698 0 -0.9904474 -0.1378915 -0.1695488 0.4946718 -0.8523808 0 0.4946733 -0.8690792 -0.02690225 0.9904468 -0.1352469 0 0.9904473 -0.137892 -0.1695492 -0.4946654 -0.8523844 -0.09956711 -0.859961 -0.5005533 -0.02690106 -0.9904476 -0.1352403 -0.3325861 0.4946581 -0.8029322 -0.09956759 0.85996 -0.500555 -0.1953095 0.8599569 -0.4715172 -0.3325867 -0.4946565 -0.8029327 -0.1953094 -0.8599572 -0.4715165 -0.05277121 -0.9904464 -0.1274015 -0.283541 0.8599597 -0.4243512 -0.05277097 0.9904467 -0.1273999 -0.4828346 -0.49467 -0.722615 -0.2835404 -0.8599601 -0.4243507 -0.07660889 -0.9904472 -0.1146534 -0.4828345 0.4946721 -0.7226136 -0.3608791 0.8599607 -0.3608794 -0.07661193 0.9904465 -0.114658 -0.6145354 -0.4946633 -0.6145361 -0.3608785 -0.8599609 -0.3608794 -0.09750223 -0.9904477 -0.09750252 -0.6145363 0.4946608 -0.6145372 -0.4243533 0.8599579 -0.2835431 -0.09750628 0.990447 -0.09750562 -0.7226099 -0.4946802 -0.4828318 -0.4243598 -0.859954 -0.2835454 -0.114655 -0.9904471 -0.07660895 -0.8029292 0.4946638 -0.3325844 -0.722611 0.4946783 -0.4828321 -0.4715219 0.8599539 -0.1953107 -0.11466 0.9904462 -0.07661306 -0.802935 -0.4946529 -0.3325865 -0.4715174 -0.8599568 -0.1953094 -0.127402 -0.9904463 -0.05277216 -0.5005642 0.8599544 -0.09956991 -0.1352484 0.9904465 -0.02690285 -0.127398 0.990447 -0.05277037 -0.8523703 -0.49469 -0.1695486 -0.97245 -0.1300947 -0.1934336 -0.5005546 -0.8599602 -0.09956717 -0.1352434 -0.9904472 -0.02690207 -0.8523817 0.4946697 -0.1695502 -0.5103652 0.8599579 3.89053e-7 -0.1378936 0.9904471 3.36008e-7 -0.8690874 -0.4946585 -1.49703e-6 -0.5103666 -0.859957 -1.05441e-6 -0.1378975 -0.9904466 0 -0.8523811 0.4946709 0.16955 -0.8690694 0.4946902 0 -0.5005607 0.8599563 0.09956943 -0.8523871 -0.4946603 0.1695508 -0.5005552 -0.8599599 0.09956771 -0.1352415 -0.9904475 0.0269016 -0.8029267 0.4946693 0.3325825 -0.4715174 0.859957 0.1953083 -0.135245 0.9904469 0.02690261 -0.8029283 -0.4946669 0.3325821 -0.4715225 -0.8599537 0.1953111 -0.1274015 -0.9904465 0.05277198 -0.4243564 0.8599563 0.2835434 -0.1146577 0.9904465 0.07661151 -0.1273979 0.990447 0.05277031 -0.7226092 -0.4946819 0.4828311 -0.4243608 -0.8599531 0.2835466 -0.1146586 -0.9904464 0.07661223 -0.722611 0.4946788 0.4828316 -0.3608821 0.8599589 0.3608809 -0.09750181 0.9904478 0.09750139 -0.6145357 -0.4946642 0.614535 -0.3608821 -0.8599585 0.3608816 -0.09750705 -0.9904468 0.09750694 -0.4828349 0.4946706 0.7226143 -0.6145359 0.4946649 0.6145343 -0.07660901 0.9904472 0.1146538 -0.4828358 -0.4946681 0.7226154 -0.2835428 -0.8599575 0.4243543 -0.07661038 -0.9904468 0.1146563 -0.3325867 0.4946563 0.8029329 -0.2835406 0.8599601 0.4243505 -0.0527687 0.9904475 0.127394 -0.3325865 -0.4946585 0.8029316 -0.1953096 -0.8599568 0.4715174 -0.05277127 -0.9904464 0.1274015 -0.09956717 0.859961 0.5005532 -0.1953093 0.8599573 0.4715164 -0.02690267 0.9904464 0.1352491 -0.1695486 -0.4946711 0.8523814 -0.09956753 -0.8599603 0.5005543 -0.02690237 -0.9904469 0.1352459 -0.1695492 0.4946658 0.8523842 0 -0.4946733 0.8690792 0 -0.9904469 0.1378946 0.8029301 0.4946635 -0.3325832 0.4243564 0.8599558 -0.2835453 0.471525 0.8599523 -0.1953107 0.8244058 0.1300826 0.5508481 0.8029277 0.4946677 0.3325825 0.7226131 0.4946756 0.4828317 -0.1934329 -0.1300774 0.9724524 0 0.1300747 0.9915043 -0.1934307 0.1300728 0.9724534 0.1146571 0.9904466 -0.07661205 0.1273945 0.9904473 -0.0527715 0.4243562 -0.8599559 0.283545 0.09750425 -0.9904474 0.09750425 0.1146602 -0.9904461 0.0766139 0.3794318 -0.1300742 0.9160307 0.5508513 0.1300722 0.8244053 0.3794336 0.1300744 0.9160299 0.4715207 -0.8599548 -0.1953101 0.13525 -0.9904462 -0.02690339 0.1274052 -0.9904459 -0.05277234 0.6145354 -0.4946648 0.6145348 0.7226125 -0.4946748 0.4828333 0.5508493 -0.1300722 0.8244066 0.7011011 0.1300668 0.7010991 0.8029243 -0.4946727 -0.332583 0.5005632 -0.8599549 -0.09956932 0.7010995 -0.1300669 0.7011007 0.8244043 -0.1300826 0.5508505 0.9160287 -0.1300819 -0.3794342 0.8523802 -0.4946722 -0.169551 0.4243576 0.8599553 0.2835451 0.09751111 0.9904459 0.09751176 0.3608865 0.8599545 0.3608868 0.9160299 0.1300795 0.3794318 0.1352484 0.9904465 -0.02690321 0.5005633 0.859955 -0.09956896 0.6145349 0.4946663 0.6145343 0.9724535 -0.1300715 0.1934311 0.9724531 0.1300714 0.1934335 0.8523837 0.4946665 -0.1695499 0.9915048 -0.1300708 -2.07662e-6 0.9915038 0.1300786 1.32031e-6 0.9724535 0.1300714 -0.1934309 0.3608768 -0.8599629 0.3608766 0.07660841 -0.9904475 0.1146524 0.9724518 -0.1300782 -0.1934354 0.1379028 -0.9904458 0 0.4828353 -0.4946663 0.722617 0.9160307 0.1300778 -0.3794307 0.5103607 -0.8599606 -1.02963e-6 0.8244043 -0.1300826 -0.5508505 0.8244063 0.1300792 -0.5508482 0.8690797 -0.4946723 -1.65698e-6 0.07661366 0.9904463 0.1146582 0.283547 0.8599541 0.4243583 0.7011002 -0.1300686 -0.7010996 0.7011017 0.1300593 -0.7010999 0.1379007 0.9904462 1.68229e-7 0.5103614 0.85996 1.98242e-7 0.4828369 0.4946622 0.7226188 0.5508491 0.1300722 -0.8244068 0.8690725 0.4946849 0 0.5508514 -0.1300722 -0.8244053 0.3794318 0.1300742 -0.9160307 0.2835391 -0.859961 0.4243496 0.05277132 -0.9904467 0.1274001 0.3794337 -0.1300743 -0.9160299 0.1934317 0.1300795 -0.9724524 0.500563 -0.8599551 0.09956866 0.3325845 -0.4946647 0.8029286 0 -0.1300739 -0.9915043 0 0.130073 -0.9915044 -0.1934329 0.1300774 -0.9724524 0.8523844 -0.4946655 0.1695491 0.05277329 0.9904459 0.1274048 0.1953091 0.8599573 0.4715165 -0.1934307 -0.1300728 -0.9724534 -0.3794343 0.1300705 -0.9160302 0.500563 0.8599551 0.09956914 0.1352531 0.9904457 0.02690398 0.3325846 0.4946648 0.8029285 -0.3794317 -0.1300705 -0.9160314 -0.5508513 0.1300733 -0.8244051 0.8523836 0.4946666 0.1695499 -0.5508493 -0.1300734 -0.8244065 -0.7011023 0.1300622 -0.7010987 0.1953061 -0.8599618 0.4715096 0.0269013 -0.9904473 0.1352425 -0.7010995 -0.1300665 -0.7011008 -0.8244071 0.1300725 -0.5508486 0.4715227 -0.8599535 0.1953112 0.1352488 -0.9904465 0.02690315 0.09956657 -0.8599631 0.5005498 -0.8244035 -0.130089 -0.5508502 -0.9160306 0.1300779 -0.3794307 0.1934317 -0.1300795 0.9724524 -0.9160313 -0.1300612 -0.3794348 -0.9724528 0.1300782 -0.1934306 0.8029264 -0.49467 0.3325821 0.02690303 0.990446 0.1352519 0.09956783 0.8599583 0.5005579 -0.9724496 -0.1300951 -0.1934348 -0.9915019 0.1300921 1.32122e-6 0.4715207 0.8599551 0.1953088 0.1274023 0.9904463 0.05277162 0.169549 0.4946684 0.8523827 -0.9915056 -0.1300644 -1.89488e-6 -0.9724522 0.1300781 0.1934331 0.1934318 0.1300717 0.9724534 -0.9724544 -0.1300652 0.1934314 -0.9160296 0.1300778 0.3794332 0 -0.8599562 0.510368 -0.9160305 -0.1300778 0.3794312 -0.8244035 0.1300895 0.55085 0.1274066 -0.9904456 0.05277454 0.1695486 -0.4946732 0.85238 -0.8244048 -0.1300894 0.550848 -0.7010993 0.1300666 0.701101 0 -0.1300721 0.9915046 -0.7011014 -0.1300667 0.7010989 -0.5508491 0.1300733 0.8244066 0.9160302 -0.1300761 0.3794325 0 0.8599513 0.5103762 0 0.9904463 0.1378995 -0.5508515 -0.1300734 0.8244051 -0.3794317 0.1300705 0.9160314 0.1146623 0.9904457 0.07661557 0 0.4946718 0.86908 -0.3794343 -0.1300705 0.9160302 0.7226125 -0.4946748 -0.4828333 0.4243624 -0.8599514 -0.2835497 0.1146618 -0.9904459 -0.07661461 0.6145377 0.4946582 -0.6145378 0.7226119 0.4946755 -0.4828335 0.09750211 0.9904478 -0.09750235 0.6145356 -0.4946637 -0.6145355 0.3608822 -0.8599578 -0.3608831 0.0975092 -0.9904462 -0.09751021 0.4828338 0.4946703 -0.7226153 0.3608769 0.8599622 -0.3608782 0.0766099 0.9904471 -0.1146546 0.4828338 -0.4946704 -0.7226152 0.2835409 -0.8599593 -0.4243522 0.07661372 -0.9904461 -0.1146597 0.3325847 0.4946652 -0.8029284 0.2835367 0.8599636 -0.4243462 0.05276906 0.9904473 -0.1273962 0.3325844 -0.4946644 -0.8029289 0.1953089 -0.8599573 -0.4715167 0.05277353 -0.9904459 -0.127405 0.09956663 0.859964 -0.5005484 0.1953061 0.8599615 -0.4715101 0.02690207 0.9904469 -0.1352449 0.1934318 -0.1300716 -0.9724534 0.1695491 -0.4946686 -0.8523827 0.09956789 -0.8599587 -0.500557 0.02690315 -0.990446 -0.1352518 0.1695486 0.494673 -0.8523802 0 0.8599547 -0.5103704 0 -0.494672 -0.8690797 0 -0.8599521 -0.5103749 0 -0.9904463 -0.1378999 -0.1695487 0.494672 -0.8523808 0 0.4946718 -0.86908 -0.0269013 0.9904475 -0.1352412 0 0.9904476 -0.1378899 -0.1695492 -0.4946677 -0.8523831 -0.09956806 -0.8599582 -0.5005579 -0.02690297 -0.990446 -0.1352512 -0.3325866 0.4946585 -0.8029316 -0.09956687 0.859963 -0.5005498 -0.1953082 0.859959 -0.4715139 -0.3325862 -0.4946576 -0.8029323 -0.195311 -0.8599548 -0.4715206 -0.0527749 -0.9904453 -0.1274086 -0.2835389 0.8599619 -0.4243483 -0.05276912 0.9904472 -0.1273965 -0.4828341 -0.4946717 -0.7226141 -0.283543 -0.8599574 -0.4243543 -0.07661426 -0.9904461 -0.1146605 -0.482834 0.4946716 -0.7226142 -0.3608763 0.8599626 -0.3608776 -0.07660931 0.9904471 -0.1146544 -0.6145352 -0.4946652 -0.6145349 -0.3608817 -0.8599584 -0.3608825 -0.09750902 -0.9904463 -0.09751009 -0.6145367 0.4946607 -0.6145367 -0.4243502 0.85996 -0.2835418 -0.09750378 0.9904474 -0.09750485 -0.7226092 -0.4946819 -0.4828311 -0.4243633 -0.8599509 -0.2835498 -0.1146626 -0.9904457 -0.07661503 -0.8029295 0.4946639 -0.3325838 -0.7226106 0.494678 -0.4828329 -0.4715248 0.8599522 -0.1953115 -0.1146582 0.9904464 -0.07661247 -0.8029354 -0.494652 -0.332587 -0.4715209 -0.8599547 -0.1953102 -0.1274065 -0.9904457 -0.05277287 -0.5005679 0.8599522 -0.09957039 -0.1352527 0.9904458 -0.02690416 -0.1273945 0.9904474 -0.05277067 -0.8523709 -0.494689 -0.1695488 -0.5005582 -0.859958 -0.09956818 -0.1352481 -0.9904465 -0.02690327 -0.852382 0.4946697 -0.1695496 -0.5103688 0.8599556 3.88432e-7 -0.1378985 0.9904465 3.35485e-7 -0.8690881 -0.4946575 -1.48953e-6 -0.5103703 -0.8599547 -9.78832e-7 -0.1379023 -0.9904459 0 -0.8523818 0.4946698 0.1695497 -0.8690701 0.4946891 0 -0.5005645 0.8599542 0.09956991 -0.8523873 -0.4946603 0.1695501 -0.5005589 -0.8599576 0.09956818 -0.1352462 -0.9904468 0.02690273 -0.8029273 0.4946685 0.3325824 -0.471521 0.859955 0.1953085 -0.1352497 0.9904463 0.02690368 -0.802928 -0.4946669 0.3325826 -0.4715255 -0.8599518 0.1953122 -0.1274057 -0.9904458 0.05277419 -0.42436 0.8599535 0.2835464 -0.1146653 0.9904451 0.07661825 -0.1274024 0.9904463 0.05277037 -0.7226092 -0.4946818 0.482831 -0.4243575 -0.8599551 0.2835453 -0.114661 -0.9904459 0.07661437 -0.7226107 0.4946807 0.4828301 -0.3608849 0.8599558 0.3608852 -0.09750872 0.9904466 0.09750741 -0.6145361 -0.4946643 0.6145346 -0.3608796 -0.8599607 0.3608787 -0.0975055 -0.9904471 0.0975058 -0.482834 0.4946718 0.7226142 -0.6145347 0.4946662 0.6145343 -0.07661443 0.9904462 0.1146594 -0.4828355 -0.4946679 0.7226158 -0.2835407 -0.8599599 0.4243509 -0.07660847 -0.9904474 0.1146528 -0.3325864 0.4946581 0.8029319 -0.2835432 0.859958 0.424353 -0.05277246 0.9904462 0.127403 -0.3325864 -0.494658 0.802932 -0.195308 -0.8599593 0.4715136 -0.05276966 -0.9904472 0.1273962 -0.099568 0.8599576 0.5005589 -0.195311 0.8599547 0.4715204 -0.02690458 0.9904448 0.1352599 -0.1695488 -0.4946722 0.8523806 -0.09956681 -0.8599622 0.5005513 -0.02690118 -0.9904472 0.1352431 -0.1695492 0.4946675 0.8523832 0 -0.494672 0.8690798 0 -0.9904477 0.1378889 1.52712e-6 1.21699e-7 1 0.3090154 1.67401e-7 0.9510571 -1.52712e-6 0 1 0.3090181 0 0.9510562 0.5877849 0 0.8090174 0.5877869 0 0.8090159 0.809016 0 0.5877867 0.8090174 0 0.5877848 0.9510557 0 0.3090195 0.9510565 0 0.309017 1 0 1.52712e-6 1 0 -1.31102e-6 0.9510567 0 -0.3090169 0.9510558 0 -0.3090193 0.8090174 0 -0.5877849 0.8090159 0 -0.5877869 0.5877869 0 -0.8090159 0.5877847 0 -0.8090174 0.3090184 0 -0.9510561 0.3090155 0 -0.951057 1.52232e-6 0 -1 -1.53192e-6 0 -1 -0.3090156 0 -0.951057 -0.3090182 -1.40107e-7 -0.9510562 -0.5877847 0 -0.8090175 -0.5877868 -1.78681e-7 -0.8090159 -0.8090158 -2.25068e-7 -0.587787 -0.8090174 0 -0.5877848 -0.9510557 0 -0.3090194 -0.9510567 0 -0.3090168 -1 3.05553e-7 2.20902e-7 -0.9510562 1.40402e-7 0.3090181 -0.9510561 0 0.3090183 -0.8090173 0 0.5877848 -0.809016 1.31711e-7 0.5877868 -0.5877869 0 0.8090159 0 -1 0 0 -1 3.42408e-7 0 -1 0 -0.5877849 0 0.8090173 -0.3090181 1.35232e-7 0.9510562 -0.3090154 0 0.9510571 1.46035e-7 1 -4.50642e-7 -5.36822e-7 1 -1.13038e-6 2.75817e-7 1 -6.12231e-7 -1 0 0 1 0 0 0 0 -1 0 0 1 -0.8660258 0 0.4999994 -0.8660258 0 0.4999993 -0.8660258 0 0.4999995 0.8660258 0 -0.4999995 0.8660258 0 -0.4999994 0.8660258 0 -0.4999995 0 -1 0 0 -1 0 0 -1 1.76387e-7 -0.5 0 -0.8660255 -0.4999999 0 -0.8660255 -0.5000001 0 -0.8660254 0.5 0 0.8660255 0.5000001 0 0.8660253 0.4999998 0 0.8660255 -0.4999997 0 0.8660256 -0.4999997 0 0.8660256 0 1 0 0 1 0 0 1 0 0.4999997 0 -0.8660256 0.4999996 0 -0.8660256 0.4999997 0 -0.8660256 -0.8660247 0 -0.5000013 -0.8660247 0 -0.5000012 -0.8660247 0 -0.5000013 0.8660247 0 0.5000013 0.8660247 0 0.5000012 0.8660247 0 0.5000013 0.4999998 0 0.8660255 0.4999999 0 0.8660256 0 1 0 0 1 0 0 1 0 -0.4999998 0 -0.8660256 -0.4999997 0 -0.8660256 -0.8660249 0 0.5000012 -0.8660247 0 0.5000012 -0.8660248 0 0.5000011 0.8660249 0 -0.5000012 0.8660248 0 -0.5000011 0.8660248 0 -0.5000012 0.866026 0 0.4999992 0.8660258 0 0.4999992 0.866026 0 0.4999991 -0.8660258 0 -0.4999993 -0.8660259 0 -0.4999991 -0.8660258 0 -0.4999995 0 -1 0 0 -1 0 0 -1 0 -0.5000001 0 0.8660253 -0.5 0 0.8660255 -0.5000003 0 0.8660253 0.5000001 0 -0.8660253 0.5 0 -0.8660255 0.5000003 0 -0.8660253 0.8660258 0 -0.4999992 0.8660259 0 -0.4999992 -0.866026 0 0.4999992 -0.8660259 0 0.4999992 -0.866026 0 0.4999991 0 -1 0 0 -1 0 0 -1 -1.76387e-7 0.4999998 0 0.8660256 0.4999997 0 0.8660256 -0.4999997 0 -0.8660257 -0.4999997 0 -0.8660258 -0.4999998 0 -0.8660255 0.4999998 0 -0.8660256 0.4999999 0 -0.8660255 0 1 0 0 1 0 0 1 0 -0.4999998 0 0.8660255 -0.4999999 0 0.8660256 0.8660249 0 0.5000012 0.8660248 0 0.5000011 0.8660248 0 0.5000012 -0.8660249 0 -0.5000012 -0.8660248 0 -0.5000011 -0.4999997 0 -0.8660256 -0.4999996 0 -0.8660256 0 1 0 0 1 0 0 1 0 0.4999997 0 0.8660256 0.4999997 0 0.8660256 0.8660247 0 -0.5000012 0.8660247 0 -0.5000013 -0.8660248 0 0.5000012 -0.8660258 0 -0.4999994 -0.8660258 0 -0.4999995 -0.8660258 0 -0.4999995 0.8660258 0 0.4999993 0.8660258 0 0.4999995 0 -1 0 0 -1 0 0 -1 0 0.5 0 -0.8660255 0.4999998 0 -0.8660255 -0.5000001 0 0.8660253 -0.5 0 0.8660255 0.8029293 0.4946637 -0.3325844 0.4243534 0.8599579 -0.2835431 0.4715219 0.8599541 -0.1953107 0.8244045 0.1300905 0.5508483 0.8029267 0.4946693 0.3325825 0.722611 0.4946787 0.4828316 -0.193433 -0.1300777 0.9724523 0 0.1300753 0.9915042 -0.1934303 0.1300743 0.9724533 0.1146624 0.9904457 -0.07661491 0.4243608 -0.8599531 0.2835466 0.09750705 -0.9904468 0.09750694 0.1146586 -0.9904464 0.07661223 0.379432 -0.1300705 0.9160312 0.5508515 0.1300746 0.8244049 0.3794341 0.1300718 0.9160302 0.4715174 -0.8599568 -0.1953094 0.1352434 -0.9904472 -0.02690207 0.6145357 -0.4946642 0.614535 0.7226092 -0.4946819 0.482831 0.5508496 -0.1300735 0.8244063 0.701101 0.1300678 0.7010989 0.802935 -0.4946529 -0.3325865 0.5005546 -0.8599603 -0.09956717 0.7010993 -0.1300666 0.7011008 0.8244032 -0.1300894 0.5508505 0.9160313 -0.1300628 -0.3794344 0.8523703 -0.4946901 -0.1695486 0.4243564 0.8599564 0.2835434 0.09750264 0.9904477 0.09750217 0.3608821 0.8599588 0.3608809 0.9160298 0.1300805 0.3794319 0.135248 0.9904465 -0.02690285 0.5005643 0.8599542 -0.09956991 0.6145359 0.494665 0.6145343 0.9724538 -0.1300666 0.1934329 0.9724527 0.1300765 0.1934319 0.8523817 0.4946697 -0.1695502 0.9915019 0.1300927 -1.29866e-6 0.9724523 0.1300796 -0.193432 0.3608821 -0.8599585 0.3608816 0.07661038 -0.9904468 0.1146563 0.9915055 -0.1300655 7.66917e-7 0.1378975 -0.9904466 0 0.4828358 -0.4946682 0.7226154 0.9160305 0.1300774 -0.3794312 0.5103666 -0.859957 -1.05441e-6 0.8244032 -0.1300902 -0.5508503 0.8244072 0.1300724 -0.5508483 0.9724499 -0.1300951 -0.1934336 0.8690874 -0.4946585 -1.49578e-6 0.07660931 0.9904471 0.1146542 0.2835406 0.8599601 0.4243505 0.7010998 -0.1300691 -0.7010999 0.701101 0.1300603 -0.7011004 0.1378936 0.9904471 3.35859e-7 0.5103651 0.8599579 3.89207e-7 0.4828349 0.4946706 0.7226143 0.5508495 0.1300734 -0.8244063 0.8690694 0.4946903 0 0.5508514 -0.1300745 -0.8244049 0.3794316 0.1300702 -0.9160314 0.2835428 -0.8599575 0.4243543 0.05277305 -0.9904457 0.1274059 0.3794337 -0.1300716 -0.9160302 0.1934316 0.1300791 -0.9724524 0.5005552 -0.8599599 0.09956771 0.3325866 -0.4946585 0.8029317 0 -0.130075 -0.9915043 0 0.1300721 -0.9915046 -0.193433 0.1300776 -0.9724523 0.8523871 -0.4946603 0.1695508 0.05276912 0.9904474 0.1273951 0.1953093 0.8599573 0.4715164 -0.1934305 -0.1300747 -0.9724532 -0.3794337 0.1300738 -0.9160299 0.5005607 0.8599563 0.09956943 0.1352462 0.9904468 0.02690285 0.3325867 0.4946563 0.8029329 -0.379431 -0.1300753 -0.916031 -0.5508517 0.1300724 -0.8244051 0.8523811 0.4946709 0.16955 -0.5508491 -0.1300734 -0.8244066 -0.7011019 0.1300608 -0.7010993 0.1953095 -0.8599568 0.4715173 0.02690213 -0.9904469 0.1352448 -0.7010991 -0.1300679 -0.7011009 -0.8244065 0.1300793 -0.5508481 0.4715225 -0.8599537 0.1953111 0.1352415 -0.9904475 0.0269016 0.09956753 -0.8599603 0.5005543 -0.824404 -0.1300837 -0.5508506 -0.9160305 0.1300778 -0.3794311 0.1934316 -0.1300791 0.9724524 -0.9160287 -0.1300831 -0.3794338 -0.9724531 0.1300731 -0.1934323 0.8029283 -0.4946669 0.332582 0.02690118 0.9904475 0.1352415 0.09956717 0.859961 0.5005531 -0.9915046 -0.130072 5.91242e-7 -0.9915035 0.1300799 -1.30229e-6 0.4715174 0.859957 0.1953083 0.1273979 0.990447 0.05277031 0.1695492 0.4946659 0.8523842 -0.9724531 -0.1300731 0.1934326 -0.9724534 0.130071 0.1934322 0.1934316 0.1300721 0.9724534 -0.9160295 0.130079 0.3794331 0 -0.859954 0.5103716 -0.9160309 -0.130078 0.3794304 -0.8244039 0.1300837 0.5508506 0.1695486 -0.4946711 0.8523814 -0.8244055 -0.1300825 0.5508487 -0.7010993 0.130068 0.7011007 0 -0.1300721 0.9915046 -0.7011012 -0.1300668 0.701099 -0.5508493 0.1300735 0.8244065 0.9160305 -0.1300762 0.3794317 0 0.8599553 0.5103695 0 0.9904478 0.1378889 -0.5508517 -0.1300724 0.824405 -0.3794313 0.1300756 0.9160308 0.1146553 0.9904469 0.07660979 0 0.4946711 0.8690803 -0.3794341 -0.1300741 0.9160298 0.7226099 -0.4946801 -0.4828317 0.4243597 -0.8599539 -0.2835454 0.114655 -0.9904471 -0.07660895 0.6145363 0.4946608 -0.6145372 0.722611 0.4946783 -0.4828321 0.0975055 0.9904471 -0.09750485 0.6145354 -0.4946633 -0.6145361 0.3608785 -0.8599609 -0.3608794 0.09750223 -0.9904477 -0.09750252 0.4828345 0.4946722 -0.7226136 0.3608791 0.8599607 -0.3608794 0.07661294 0.9904463 -0.1146594 0.4828346 -0.49467 -0.722615 0.2835404 -0.8599601 -0.4243507 0.07660889 -0.9904472 -0.1146534 0.3325861 0.4946581 -0.802932 0.283541 0.8599597 -0.4243512 0.05277055 0.9904468 -0.1273988 0.3325867 -0.4946565 -0.8029328 0.1953094 -0.8599572 -0.4715165 0.05276942 -0.9904471 -0.1273971 0.09956753 0.85996 -0.5005549 0.1953095 0.8599569 -0.4715172 0.02690315 0.990446 -0.1352514 0.1934317 -0.1300726 -0.9724532 0.1695492 -0.4946654 -0.8523844 0.09956711 -0.859961 -0.5005533 0.0269013 -0.9904475 -0.1352415 0.1695487 0.4946718 -0.8523809 0 0.8599547 -0.5103703 0 -0.4946718 -0.8690799 0 -0.859955 -0.5103699 0 -0.9904474 -0.1378915 -0.1695486 0.4946727 -0.8523803 0 0.4946733 -0.8690792 -0.02690213 0.9904468 -0.135246 0 0.9904473 -0.137892 -0.1695491 -0.4946664 -0.852384 -0.09956693 -0.8599616 -0.5005524 -0.02690106 -0.9904477 -0.1352398 -0.3325843 0.4946647 -0.8029287 -0.09956735 0.8599607 -0.5005536 -0.1953075 0.8599594 -0.4715133 -0.3325849 -0.4946631 -0.8029295 -0.1953074 -0.8599599 -0.4715127 -0.05277162 -0.9904463 -0.1274023 -0.2835388 0.8599614 -0.4243491 -0.05277138 0.9904465 -0.1274006 -0.4828344 -0.4946687 -0.722616 -0.2835383 -0.8599619 -0.4243487 -0.07660835 -0.9904474 -0.1146524 -0.4828343 0.4946709 -0.7226147 -0.3608796 0.8599602 -0.36088 -0.07661175 0.9904465 -0.1146576 -0.6145359 -0.4946619 -0.6145367 -0.3608791 -0.8599606 -0.3608799 -0.09750241 -0.9904477 -0.0975027 -0.6145372 0.4946582 -0.6145382 -0.4243595 0.8599538 -0.2835465 -0.0975055 0.9904471 -0.09750491 -0.7226132 -0.4946731 -0.4828341 -0.4243589 -0.8599545 -0.2835453 -0.1146541 -0.9904472 -0.07660847 -0.8029298 0.4946634 -0.3325838 -0.7226123 0.4946758 -0.4828328 -0.471522 0.8599541 -0.1953098 -0.1146583 0.9904465 -0.07661193 -0.802924 -0.4946737 -0.3325825 -0.4715172 -0.8599569 -0.1953094 -0.5005596 0.8599571 -0.09956848 -0.1352486 0.9904464 -0.02690273 -0.127399 0.9904468 -0.05277031 -0.8523795 -0.4946733 -0.1695508 -0.9724522 -0.1300777 -0.1934341 -0.5005595 -0.8599572 -0.0995683 -0.1352453 -0.9904469 -0.02690219 -0.8523836 0.4946665 -0.1695505 -0.5103577 0.8599622 1.98243e-7 -0.1378958 0.9904468 1.68827e-7 -0.869079 -0.4946734 -1.66697e-6 -0.5103569 -0.8599628 -1.10893e-6 -0.137898 -0.9904465 0 -0.852383 0.4946676 0.1695502 -0.8690719 0.4946859 0 -0.5005593 0.8599574 0.09956872 -0.8523844 -0.4946655 0.1695498 -0.5005593 -0.8599573 0.09956818 -0.1352441 -0.9904471 0.02690196 -0.8029271 0.4946684 0.3325826 -0.4715172 0.859957 0.1953085 -0.1352452 0.9904469 0.02690243 -0.8029267 -0.4946702 0.3325815 -0.4715197 -0.8599553 0.1953101 -0.4243538 0.859958 0.2835421 -0.1146571 0.9904467 0.07661128 -0.1273977 0.990447 0.05277073 -0.7226125 -0.4946749 0.4828333 -0.4243595 -0.8599539 0.2835462 -0.1146578 -0.9904465 0.07661175 -0.7226134 0.4946736 0.4828331 -0.3608835 0.8599576 0.3608825 -0.09750348 0.9904475 0.0975033 -0.6145351 -0.4946647 0.6145353 -0.3608793 -0.8599606 0.3608795 -0.09750586 -0.9904471 0.09750533 -0.4828379 0.494661 0.7226189 -0.6145359 0.4946649 0.6145341 -0.07660931 0.9904472 0.114654 -0.4828357 -0.4946666 0.7226166 -0.2835412 -0.8599588 0.4243528 -0.07661032 -0.9904469 0.114656 -0.3325849 0.4946629 0.8029296 -0.2835444 0.8599562 0.4243559 -0.05276912 0.9904474 0.1273948 -0.3325847 -0.4946652 0.8029284 -0.1953076 -0.8599593 0.4715135 -0.05277168 -0.9904463 0.1274023 -0.09956699 0.8599617 0.5005522 -0.1953073 0.85996 0.4715125 -0.02690201 0.9904469 0.1352455 -0.1695485 -0.4946719 0.8523808 -0.09956729 -0.8599612 0.5005529 -0.02690231 -0.990447 0.135245 -0.1695491 0.4946668 0.8523838 0 -0.4946733 0.8690792 0 -0.9904469 0.1378946 0.8029295 0.4946638 -0.3325837 0.4243502 0.85996 -0.2835419 0.4715249 0.8599522 -0.1953115 0.8244049 0.1300894 0.5508478 0.8029273 0.4946684 0.3325824 0.7226107 0.4946807 0.4828301 -0.1934329 -0.1300777 0.9724524 0 0.1300747 0.9915043 -0.1934307 0.1300733 0.9724534 0.1146588 0.9904463 -0.07661348 0.4243575 -0.8599551 0.2835454 0.0975055 -0.9904471 0.09750586 0.114661 -0.9904459 0.07661437 0.3794321 -0.1300705 0.9160311 0.5508513 0.1300733 0.8244051 0.3794339 0.1300705 0.9160304 0.4715209 -0.8599547 -0.1953102 0.1352481 -0.9904465 -0.02690327 0.614536 -0.4946643 0.6145346 0.7226093 -0.4946819 0.482831 0.5508493 -0.1300734 0.8244065 0.7011011 0.1300666 0.7010991 0.8029354 -0.4946521 -0.332587 0.5005582 -0.859958 -0.09956818 0.7010995 -0.1300667 0.7011007 0.8244034 -0.1300894 0.5508501 0.9160313 -0.1300616 -0.3794347 0.8523709 -0.4946891 -0.1695488 0.4243601 0.8599535 0.2835465 0.0975095 0.9904462 0.09750986 0.360885 0.8599558 0.3608852 0.9160299 0.1300793 0.3794319 0.1352506 0.9904461 -0.02690386 0.5005679 0.859952 -0.09957039 0.6145348 0.4946663 0.6145343 0.9724543 -0.1300657 0.1934314 0.9724523 0.1300777 0.1934331 0.852382 0.4946697 -0.1695496 0.9915055 -0.1300647 -1.90215e-6 0.9915019 0.1300919 1.32304e-6 0.9724528 0.1300778 -0.1934306 0.3608796 -0.8599607 0.3608787 0.07660847 -0.9904474 0.1146528 0.9724497 -0.1300954 -0.1934349 0.1379023 -0.9904459 0 0.4828354 -0.4946678 0.7226158 0.9160307 0.1300775 -0.3794307 0.5103703 -0.8599548 -9.78832e-7 0.8244035 -0.130089 -0.5508502 0.8244071 0.1300724 -0.5508485 0.8690881 -0.4946575 -1.49078e-6 0.07661467 0.9904461 0.1146597 0.2835432 0.859958 0.424353 0.7011003 -0.1300681 -0.7010997 0.7011016 0.1300605 -0.7010998 0.1378985 0.9904465 3.3526e-7 0.5103688 0.8599556 3.89052e-7 0.482834 0.4946718 0.7226142 0.5508491 0.1300733 -0.8244066 0.8690701 0.4946892 0 0.5508515 -0.1300734 -0.8244051 0.3794321 0.1300705 -0.9160311 0.2835407 -0.8599599 0.4243509 0.05277091 -0.9904468 0.1273993 0.3794339 -0.1300705 -0.9160304 0.1934317 0.1300791 -0.9724524 0.500559 -0.8599576 0.09956818 0.3325864 -0.494658 0.802932 0 -0.1300739 -0.9915043 0 0.130073 -0.9915045 -0.1934329 0.1300776 -0.9724524 0.8523873 -0.4946603 0.1695501 0.05277287 0.9904461 0.127404 0.195311 0.8599547 0.4715204 -0.1934307 -0.1300733 -0.9724534 -0.379434 0.130074 -0.9160298 0.5005645 0.8599542 0.09956991 0.1352507 0.9904461 0.02690368 0.3325864 0.4946581 0.8029319 -0.3794314 -0.1300742 -0.916031 -0.5508513 0.1300722 -0.8244053 0.8523818 0.4946698 0.1695497 -0.5508493 -0.1300722 -0.8244066 -0.7011024 0.130061 -0.7010987 0.195308 -0.8599593 0.4715136 0.02690142 -0.9904472 0.1352434 -0.7010995 -0.1300668 -0.7011007 -0.8244063 0.1300793 -0.5508483 0.4715254 -0.8599518 0.1953121 0.1352462 -0.9904468 0.02690279 0.09956681 -0.8599622 0.5005512 -0.8244043 -0.1300824 -0.5508505 -0.9160307 0.1300778 -0.3794307 0.1934317 -0.1300791 0.9724525 -0.9160287 -0.1300818 -0.3794342 -0.9724535 0.1300714 -0.1934309 0.8029282 -0.4946669 0.3325826 0.02690309 0.9904459 0.1352525 0.099568 0.8599576 0.5005589 -0.9724518 -0.1300782 -0.1934354 -0.9915038 0.1300787 1.31895e-6 0.471521 0.859955 0.1953085 0.1274024 0.9904464 0.05277127 0.1695492 0.4946675 0.8523832 -0.9915048 -0.1300708 -2.06935e-6 -0.9724531 0.1300715 0.1934335 0.1934318 0.1300711 0.9724535 -0.9724535 -0.1300715 0.1934311 -0.9160296 0.1300778 0.379433 0 -0.8599562 0.510368 -0.9160304 -0.1300778 0.3794311 -0.8244043 0.1300826 0.5508503 0.1695488 -0.4946722 0.8523806 -0.8244057 -0.1300826 0.5508483 -0.7010992 0.1300668 0.701101 0 -0.1300721 0.9915046 -0.7011014 -0.1300669 0.7010988 -0.5508491 0.1300722 0.8244068 0.9160302 -0.1300762 0.3794326 0 0.8599513 0.5103762 0 0.9904463 0.1378995 -0.5508514 -0.1300722 0.8244053 -0.3794314 0.1300742 0.916031 0.114663 0.9904456 0.07661592 0 0.4946718 0.86908 -0.3794341 -0.1300741 0.9160299 0.7226092 -0.4946818 -0.482831 0.4243633 -0.8599509 -0.2835498 0.1146626 -0.9904457 -0.07661503 0.6145367 0.4946608 -0.6145367 0.7226106 0.494678 -0.4828329 0.09750205 0.9904478 -0.09750235 0.614535 -0.4946651 -0.6145349 0.3608817 -0.8599584 -0.3608825 0.09750902 -0.9904463 -0.09751003 0.482834 0.4946717 -0.7226143 0.3608763 0.8599626 -0.3608776 0.0766105 0.9904469 -0.1146556 0.4828341 -0.4946717 -0.7226141 0.283543 -0.8599575 -0.4243543 0.07661426 -0.990446 -0.1146607 0.3325866 0.4946584 -0.8029316 0.2835389 0.8599618 -0.4243483 0.0527687 0.9904474 -0.1273954 0.3325862 -0.4946577 -0.8029323 0.195311 -0.8599548 -0.4715206 0.05277311 -0.990446 -0.1274042 0.09956687 0.859963 -0.5005498 0.1953082 0.859959 -0.4715139 0.02690213 0.9904468 -0.1352458 0.1934318 -0.1300711 -0.9724535 0.1695492 -0.4946677 -0.8523831 0.09956806 -0.8599582 -0.500558 0.02690321 -0.9904459 -0.1352523 0.1695488 0.4946721 -0.8523808 0 0.8599547 -0.5103704 0 -0.494672 -0.8690797 0 -0.8599521 -0.5103749 0 -0.9904463 -0.1378999 -0.1695486 0.494673 -0.8523802 0 0.4946718 -0.86908 -0.02690118 0.9904476 -0.1352403 0 0.9904476 -0.1378899 -0.1695491 -0.4946686 -0.8523827 -0.09956789 -0.8599587 -0.500557 -0.02690291 -0.9904462 -0.1352507 -0.3325847 0.4946652 -0.8029283 -0.09956663 0.859964 -0.5005484 -0.1953061 0.8599615 -0.4715101 -0.3325844 -0.4946643 -0.8029289 -0.1953089 -0.8599573 -0.4715167 -0.05277532 -0.9904452 -0.1274093 -0.2835367 0.8599636 -0.4243461 -0.05276954 0.9904471 -0.1273972 -0.4828338 -0.4946704 -0.7226152 -0.2835409 -0.8599593 -0.4243522 -0.07661372 -0.9904462 -0.1146594 -0.4828338 0.4946704 -0.7226153 -0.3608769 0.8599621 -0.3608782 -0.07660913 0.9904472 -0.1146539 -0.6145355 -0.4946637 -0.6145355 -0.3608823 -0.8599578 -0.3608831 -0.0975092 -0.9904462 -0.09751021 -0.6145377 0.4946582 -0.6145378 -0.4243564 0.8599558 -0.2835453 -0.09750211 0.9904478 -0.09750235 -0.7226125 -0.4946749 -0.4828333 -0.4243624 -0.8599514 -0.2835497 -0.1146618 -0.9904459 -0.07661461 -0.80293 0.4946635 -0.3325832 -0.7226119 0.4946755 -0.4828335 -0.4715249 0.8599523 -0.1953107 -0.1146583 0.9904463 -0.07661443 -0.8029243 -0.4946727 -0.332583 -0.4715207 -0.8599548 -0.1953101 -0.5005633 0.8599549 -0.09956896 -0.135253 0.9904459 -0.02690392 -0.1274021 0.9904463 -0.05277222 -0.8523801 -0.4946722 -0.169551 -0.5005632 -0.8599549 -0.09956932 -0.13525 -0.9904462 -0.02690339 -0.8523837 0.4946665 -0.1695499 -0.5103614 0.85996 1.97623e-7 -0.1379007 0.9904462 1.68229e-7 -0.8690797 -0.4946722 -1.65698e-6 -0.5103606 -0.8599606 -1.02839e-6 -0.1379028 -0.9904458 0 -0.8523836 0.4946666 0.1695499 -0.8690725 0.4946849 0 -0.5005629 0.8599551 0.09956914 -0.8523845 -0.4946656 0.1695491 -0.500563 -0.8599551 0.09956872 -0.1352488 -0.9904465 0.02690309 -0.8029277 0.4946677 0.3325825 -0.4715207 0.8599551 0.1953088 -0.1352499 0.9904462 0.02690345 -0.8029264 -0.4946701 0.3325821 -0.4715227 -0.8599535 0.1953112 -0.4243576 0.8599553 0.2835451 -0.1146647 0.9904453 0.07661765 -0.1274023 0.9904463 0.05277079 -0.7226125 -0.4946748 0.4828333 -0.4243562 -0.8599559 0.283545 -0.1146602 -0.9904461 0.0766139 -0.7226131 0.4946756 0.4828316 -0.3608865 0.8599546 0.3608868 -0.09751033 0.9904462 0.09750932 -0.6145354 -0.4946648 0.6145348 -0.3608768 -0.8599629 0.3608765 -0.09750425 -0.9904474 0.09750425 -0.4828369 0.4946621 0.7226188 -0.6145348 0.4946662 0.6145342 -0.07661473 0.990446 0.11466 -0.4828352 -0.4946664 0.722617 -0.2835391 -0.8599611 0.4243496 -0.07660841 -0.9904475 0.1146524 -0.3325846 0.4946648 0.8029286 -0.283547 0.8599542 0.4243583 -0.05277281 0.990446 0.1274038 -0.3325845 -0.4946647 0.8029286 -0.1953061 -0.8599618 0.4715096 -0.05277007 -0.9904471 0.127397 -0.09956783 0.8599583 0.5005579 -0.1953091 0.8599573 0.4715165 -0.02690386 0.9904453 0.1352564 -0.1695486 -0.4946732 0.8523801 -0.09956657 -0.859963 0.5005499 -0.02690106 -0.9904474 0.1352422 -0.169549 0.4946684 0.8523827 0 -0.494672 0.8690798 0 -0.9904477 0.1378889 1.52712e-6 0 1 0.3090154 1.40494e-7 0.9510571 -1.52712e-6 0 1 0.3090181 0 0.9510562 0.5877849 0 0.8090174 0.5877869 0 0.8090159 0.809016 0 0.5877867 0.8090174 2.04831e-7 0.5877848 0.9510557 0 0.3090195 0.9510565 0 0.309017 1 0 1.52712e-6 1 -1.73603e-7 -1.31102e-6 0.9510567 -2.26112e-7 -0.3090169 0.9510558 0 -0.3090193 0.8090174 -2.1476e-7 -0.5877849 0.8090159 0 -0.5877869 0.5877869 0 -0.8090159 0.5877847 0 -0.8090174 0.3090184 0 -0.9510561 0.3090155 0 -0.951057 1.52232e-6 0 -1 -1.53192e-6 0 -1 -0.3090156 0 -0.951057 -0.3090182 0 -0.9510562 -0.5877847 -2.24809e-7 -0.8090175 -0.5877868 0 -0.8090159 -0.8090158 -4.36322e-7 -0.587787 -0.8090174 0 -0.5877848 -0.9510557 -2.17714e-7 -0.3090194 -0.9510567 0 -0.3090168 -1 0 2.20902e-7 -0.9510562 0 0.3090181 -0.9510561 0 0.3090183 -0.8090173 0 0.5877848 -0.809016 0 0.5877868 -0.5877869 0 0.8090159 0 -1 0 0 -1 3.42408e-7 0 -1 0 -0.5877849 1.3417e-7 0.8090173 -0.3090181 0 0.9510562 -0.3090154 0 0.9510571 -5.36843e-7 1 -1.13039e-6 2.75817e-7 1 -6.12228e-7 0.9577057 -0.1301828 -0.2566171 0.7531618 -0.4936204 -0.4348405 0.8586552 -0.1301904 -0.4957436 0.6149538 -0.493622 0.6149547 0.4443038 -0.8583656 0.2565201 0.7531616 -0.4936209 0.4348403 -0.2566186 -0.1301913 0.9577042 1.59253e-6 0.1301909 0.9914889 -0.2566151 0.1301907 0.9577051 0.4955554 -0.8583668 -0.1327841 0.4443001 -0.8583682 -0.2565181 0.8586555 -0.1301897 0.4957435 0.4957429 0.1301909 0.8586557 0.7010902 -0.1301916 0.7010868 0.701089 0.1301888 0.7010886 0.8400432 0.4936225 -0.2250872 0.4443046 0.8583657 -0.2565187 0.4955518 0.858369 -0.1327829 0.4442956 0.8583724 0.2565118 0.09903013 0.9901445 0.09902977 0.3627681 0.8583698 0.3627679 0.8586553 0.1301892 0.4957438 0.9577056 0.1301902 -0.2566134 0.7531605 0.4936261 -0.4348363 0.7531605 0.493628 0.4348341 0.6149536 0.4936236 0.6149535 0.957706 -0.1301867 0.2566138 0.9577052 0.1301808 0.2566198 0.1400433 -0.9901455 0 0.1352703 -0.9901457 -0.0362448 0.991489 -0.1301907 -1.78524e-6 0.991488 0.1301982 2.88269e-6 0.8400458 -0.4936166 -0.2250908 0.513026 -0.8583731 0 0.2565164 -0.8583682 0.444301 0.09902566 -0.9901455 0.0990256 0.3627656 -0.8583713 0.3627672 0.4348364 -0.4936243 0.7531616 0.858656 0.1301869 -0.4957431 0.1400414 0.9901458 0 0.5130281 0.8583719 1.64145e-7 0.7010888 0.1301909 -0.7010883 0.869674 0.4936268 1.45241e-6 0.2565173 0.8583682 0.4443005 0.07001876 0.9901463 0.1212755 0.4957426 -0.1301909 -0.8586558 0.4957455 0.1301912 -0.858654 0.434836 0.4936249 0.7531614 0.2566184 -0.1301959 -0.9577035 0.256618 0.1301896 -0.9577045 0.4955534 -0.858368 0.1327832 -1.86812e-6 0.1301909 -0.9914889 0.8400427 -0.4936225 0.2250896 0.8696711 -0.4936317 0 0.03624606 -0.990146 0.1352676 0.07002395 -0.9901449 0.1212841 1.40962e-6 -0.1301913 -0.991489 -0.2566186 0.1301912 -0.9577041 0.2250882 -0.4936254 0.8400413 -0.2566152 -0.1301906 -0.9577051 -0.495746 0.1301929 -0.8586534 0.4955552 0.8583667 0.1327841 0.1352713 0.9901455 0.03624552 0.4957475 -0.1301903 0.858653 -0.4957433 -0.130189 -0.8586556 -0.7010878 0.1301906 -0.7010893 0.8400506 0.4936077 0.2250921 0.0362451 0.990146 0.1352675 0.1327811 0.8583713 0.4955483 -0.8586524 -0.1302065 -0.4957444 -0.8586528 0.1302032 -0.4957445 0.2250877 0.4936257 0.8400412 -0.9577057 0.1301893 -0.256614 0.1212846 -0.9901449 0.07002377 0.1352703 -0.9901456 0.03624486 0.2566177 0.1301953 0.9577038 -0.9577047 -0.1301891 -0.2566177 -0.991492 0.1301676 3.21009e-6 0.1327822 -0.8583703 0.4955496 0 -0.990145 0.1400465 -0.9914907 -0.1301772 -1.78523e-6 -0.9577041 0.1301902 0.2566195 -1.32211e-7 -0.493618 0.8696789 -0.9577056 -0.1301889 0.2566146 -0.8586528 0.1302013 0.495745 0.1212815 0.9901454 0.07002109 0.2566176 -0.1301895 0.9577046 -0.7010877 -0.1301901 0.7010896 -0.701088 0.1301919 0.7010889 0 0.9901459 0.1400404 -1.54198e-7 0.8583745 0.5130235 -0.4957433 0.1301891 0.8586555 -2.43961e-7 0.4936164 0.8696798 -0.495746 -0.130191 0.8586537 0.1352746 0.990145 -0.03624671 -0.1400367 -0.9901464 -3.20845e-7 0.07002145 -0.9901456 -0.1212805 -1.91445e-6 -0.1301915 0.9914889 0.1212837 -0.990145 -0.07002305 0.6149528 0.4936224 -0.6149553 0.0990262 0.9901453 -0.09902632 0.1212813 0.9901455 -0.07002019 0.6149523 -0.4936225 -0.6149556 0.7010889 -0.1301891 -0.7010886 0.3627642 -0.858373 -0.3627645 0.09902662 -0.9901455 -0.09902495 0.4348345 0.4936278 -0.7531604 0.3627625 0.8583737 -0.3627645 0.2565165 0.858368 -0.4443013 0.4348351 -0.4936239 -0.7531628 0.2565164 -0.858368 -0.4443014 0.2250883 0.4936245 -0.8400418 0.03624653 0.9901452 -0.1352726 0.07002139 0.9901456 -0.1212803 0.2250887 -0.4936272 -0.8400402 0.1327812 -0.8583719 -0.4955472 0.03624475 -0.9901466 -0.1352632 -1.29693e-7 0.4936186 -0.8696786 0.1327819 0.8583698 -0.4955504 0 0.9901453 -0.140044 -3.29898e-7 -0.4936155 -0.8696802 -1.54198e-7 -0.8583727 -0.5130267 0 -0.9901458 -0.140041 -0.132783 0.8583692 -0.4955511 -1.24353e-7 0.8583746 -0.5130234 -0.2250895 -0.4936288 -0.8400389 -0.1327825 -0.8583721 -0.4955465 -0.03624504 -0.9901465 -0.1352642 -0.2250894 0.493629 -0.8400387 -0.4348387 0.4936237 -0.7531607 -0.2565204 0.8583658 -0.4443033 -0.03624576 0.9901456 -0.1352704 -0.4348393 -0.493619 -0.7531634 -0.2565193 -0.8583659 -0.4443038 -0.07001906 -0.9901462 -0.121277 -0.614952 0.4936285 -0.6149513 -0.3627679 0.8583706 -0.3627663 -0.0700218 0.9901455 -0.1212804 -0.6149519 -0.4936308 -0.6149496 -0.701088 -0.1301929 -0.7010887 -0.3627671 -0.8583715 -0.3627651 -0.09902632 -0.9901452 -0.09902703 -0.7531574 0.4936325 -0.4348343 -0.1212822 0.9901452 -0.07002216 -0.09902852 0.990145 -0.09902787 -0.7531558 -0.4936352 -0.434834 -0.444302 -0.8583676 -0.256517 -0.1212829 -0.9901452 -0.07002264 -0.840047 0.4936149 -0.2250901 -0.4443041 0.8583665 -0.2565173 -0.1352742 0.990145 -0.03624677 -0.8400471 -0.4936147 -0.2250901 -0.4955468 -0.858372 -0.1327813 -0.1352716 -0.9901455 -0.03624629 -0.5130295 0.858371 7.85383e-7 -0.4955486 0.858371 -0.1327822 -0.8696795 -0.493617 0 -0.5130343 -0.8583682 -2.38763e-7 -0.8696813 0.4936137 1.03752e-6 -0.8400428 0.4936217 0.2250905 -0.1352749 0.9901449 0.03624683 -0.1400358 0.9901465 3.21024e-7 -0.840047 -0.4936149 0.2250902 -0.4955486 -0.858371 0.1327818 -0.135273 -0.9901452 0.03624677 -0.4443 0.8583688 0.2565159 -0.4955468 0.8583719 0.1327818 -0.8586536 -0.1301983 0.4957443 -0.7531565 -0.493634 0.4348343 -0.4442988 -0.8583697 0.2565155 -0.1212806 -0.9901455 0.07002174 -0.7531561 0.4936341 0.4348348 -0.3627644 0.8583734 0.3627632 -0.1212829 0.9901451 0.07002276 -0.6149512 -0.4936285 0.6149521 -0.3627645 -0.8583731 0.362764 -0.0990262 -0.9901452 0.0990265 -0.6149504 0.4936328 0.6149494 -0.2565172 0.8583688 0.4442995 -0.09902632 0.9901453 0.09902596 -0.4348383 -0.4936234 0.753161 -0.2565208 -0.8583641 0.4443064 -0.07002228 -0.9901449 0.1212844 -0.2250891 0.4936279 0.8400397 -0.4348399 0.4936199 0.7531626 -0.1327828 0.8583675 0.4955542 -0.07001823 0.9901463 0.1212754 -0.2250891 -0.4936307 0.8400379 -0.1327828 -0.8583711 0.4955481 -0.03624612 -0.9901457 0.1352696 -0.03624522 0.9901457 0.1352695 -1.24353e-7 -0.8583728 0.5130265 -2.11824e-6 0 1 0.3826832 0 0.9238796 2.5535e-6 0 1 0.7071083 5.09471e-7 0.7071053 0.7071052 2.09824e-7 0.7071084 0.9238806 4.69821e-7 0.382681 0.9238787 1.82717e-7 0.3826854 1 0 -2.35038e-6 1 1.59664e-7 2.35038e-6 0.9238788 5.34329e-7 -0.3826853 0.9238806 0 -0.3826808 0.7071068 4.21761e-7 -0.7071068 0.7071065 -3.90623e-7 -0.7071071 0.3826806 0 -0.9238806 0.3826851 0 -0.9238789 -1.67331e-6 0 -1 2.08922e-6 -1.3734e-7 -1 -0.3826856 -5.19297e-7 -0.9238787 -0.382681 0 -0.9238805 -0.7071096 -4.18134e-7 -0.707104 -0.7071059 3.7116e-7 -0.7071077 -0.9238802 5.32087e-7 -0.382682 -0.9238783 2.29449e-7 -0.3826864 -1 4.46772e-7 2.35038e-6 -1 -3.0263e-7 -2.36972e-6 -0.9238783 4.67592e-7 0.3826866 -0.9238801 -3.3185e-7 0.3826822 -0.7071063 4.39551e-7 0.7071074 0 -1 0 -0.7071095 0 0.7071042 -0.3826815 0 0.9238803 -0.3826856 0 0.9238787 0 1 0 0 1 1.32871e-7 0.9577057 -0.1301828 -0.2566167 0.7531622 -0.4936208 -0.4348393 0.8586547 -0.1301887 -0.4957448 0.6149537 -0.4936221 0.6149547 0.444301 -0.8583681 0.2565169 0.753162 -0.4936212 0.4348391 -0.2566184 -0.1301912 0.9577043 1.71935e-6 0.1301896 0.9914891 -0.2566154 0.1301899 0.9577051 0.4955589 -0.8583644 -0.1327855 0.4443034 -0.8583663 -0.2565188 0.8586555 -0.1301898 0.4957432 0.495743 0.1301897 0.8586558 0.7010898 -0.1301915 0.7010872 0.7010892 0.1301876 0.7010886 0.8400433 0.4936226 -0.2250871 0.4443014 0.858368 -0.2565163 0.4955485 0.8583708 -0.1327828 0.4442989 0.8583704 0.2565129 0.09903341 0.9901438 0.09903359 0.3627701 0.8583678 0.3627706 0.8586548 0.130189 0.4957447 0.9577056 0.1301902 -0.2566135 0.7531603 0.4936262 -0.4348364 0.7531602 0.493628 0.4348345 0.6149541 0.4936226 0.6149538 0.9577061 -0.1301867 0.2566134 0.9577053 0.1301809 0.2566194 0.1400477 -0.9901448 4.15162e-7 0.135275 -0.9901449 -0.03624653 0.991489 -0.1301907 -1.78524e-6 0.991488 0.1301982 3.05341e-6 0.8400459 -0.4936165 -0.2250905 0.5130296 -0.8583709 0 0.2565146 -0.8583703 0.4442982 0.09902215 -0.9901461 0.09902185 0.362763 -0.8583733 0.3627648 0.4348363 -0.4936242 0.7531617 0.8586565 0.1301885 -0.495742 0.140043 0.9901455 -9.8823e-7 0.5130317 0.8583696 0 0.7010875 -0.1301895 -0.7010899 0.7010902 0.1301891 -0.7010872 0.869674 0.4936267 1.40677e-6 0.2565191 0.8583656 0.4443045 0.07002365 0.9901448 0.1212848 0.4957433 -0.13019 -0.8586555 0.4957458 0.1301913 -0.8586538 0.4348357 0.4936266 0.7531606 0.2566176 -0.130194 -0.957704 0.2566188 0.1301904 -0.9577043 0.49555 -0.8583698 0.1327835 -1.67545e-6 0.1301904 -0.9914891 0.8400426 -0.4936225 0.2250894 0.8696711 -0.4936317 0 0.03624475 -0.9901461 0.135267 0.07002156 -0.9901456 0.1212804 1.46815e-6 -0.1301897 -0.9914891 -0.2566188 0.1301917 -0.9577041 0.2250881 -0.4936249 0.8400416 -0.2566151 -0.1301894 -0.9577053 -0.4957463 0.1301929 -0.8586534 0.4955586 0.8583645 0.1327857 0.135276 0.9901448 0.03624743 0.4957475 -0.1301903 0.858653 -0.495744 -0.1301882 -0.8586553 -0.7010894 0.1301889 -0.7010882 0.8400507 0.4936078 0.2250919 0.03624767 0.9901449 0.1352755 0.1327821 0.8583684 0.4955531 -0.7010864 -0.130193 -0.7010903 -0.858653 0.1302045 -0.4957436 0.2250879 0.493627 0.8400404 -0.8586516 -0.1302047 -0.495746 -0.9577057 0.1301893 -0.2566139 0.1212816 -0.9901454 0.07002198 0.1352711 -0.9901454 0.03624749 0.2566184 0.1301948 0.9577037 -0.9577047 -0.1301891 -0.2566176 -0.991492 0.1301676 3.0284e-6 0.132781 -0.858372 0.495547 0 -0.9901463 0.1400367 -0.9914907 -0.1301773 -1.7828e-6 -0.9577041 0.1301902 0.2566192 -1.30952e-7 -0.4936172 0.8696794 -0.9577056 -0.1301889 0.2566145 -0.8586519 0.1301996 0.4957469 0.1212857 0.9901447 0.07002323 0.2566179 -0.1301896 0.9577046 -0.8586539 -0.1301999 0.4957435 -0.7010865 0.1301923 0.7010904 0 0.9901443 0.140051 -1.54197e-7 0.8583721 0.5130276 -0.7010895 -0.1301884 0.7010882 -0.4957438 0.130188 0.8586555 -1.24342e-7 0.4936187 0.8696785 -0.4957466 -0.1301915 0.8586534 0.135267 0.9901461 -0.03624653 -0.1400418 -0.9901456 8.57666e-7 0.07002645 -0.9901442 -0.1212887 -1.9047e-6 -0.1301904 0.9914891 0.1212879 -0.9901443 -0.07002568 0.614953 0.4936226 -0.614955 0.09902346 0.9901458 -0.09902435 0.121277 0.9901462 -0.07001829 0.6149529 -0.4936217 -0.6149557 0.3627663 -0.8583707 -0.3627678 0.09902983 -0.9901446 -0.09902918 0.434835 0.4936283 -0.7531598 0.36276 0.8583757 -0.3627621 0.2565148 0.8583705 -0.4442975 0.4348354 -0.4936257 -0.7531612 0.2565183 -0.8583658 -0.4443045 0.2250888 0.4936246 -0.8400415 0.03624564 0.9901458 -0.1352692 0.07001787 0.9901466 -0.1212731 0.2250873 -0.4936274 -0.8400403 0.1327819 -0.858369 -0.4955519 0.03624731 -0.9901448 -0.1352755 -1.30323e-7 0.4936192 -0.8696783 0.132781 0.8583714 -0.495548 0 0.9901459 -0.1400405 -1.20879e-7 -0.4936168 -0.8696796 -1.51711e-7 -0.8583714 -0.5130288 0 -0.9901447 -0.1400483 -0.1327819 0.8583711 -0.4955481 0 0.8583765 -0.5130205 -0.2250888 -0.4936298 -0.8400386 -0.1327832 -0.8583683 -0.4955526 -0.03624755 -0.9901447 -0.1352764 -0.2250892 0.4936279 -0.8400396 -0.4348388 0.4936237 -0.7531606 -0.2565186 0.8583682 -0.4442996 -0.03624457 0.9901463 -0.1352646 -0.4348398 -0.4936215 -0.7531615 -0.2565215 -0.8583635 -0.4443073 -0.07002407 -0.9901446 -0.1212864 -0.6149523 0.4936286 -0.6149508 -0.3627654 0.8583728 -0.3627639 -0.07001936 0.9901463 -0.1212751 -0.6149517 -0.4936297 -0.6149505 -0.3627691 -0.8583694 -0.3627681 -0.0990296 -0.9901446 -0.09902989 -0.7531571 0.4936324 -0.4348348 -0.121279 0.9901458 -0.07002073 -0.09902644 0.9901452 -0.09902662 -0.7531558 -0.4936352 -0.434834 -0.4443052 -0.8583652 -0.256519 -0.1212871 -0.9901444 -0.07002538 -0.840047 0.4936149 -0.2250898 -0.444301 0.8583686 -0.2565156 -0.1352716 0.9901453 -0.03624671 -0.8400471 -0.4936148 -0.2250898 -0.4955504 -0.8583698 -0.1327823 -0.1352763 -0.9901447 -0.03624719 -0.5130327 0.8583691 3.3506e-7 -0.495545 0.8583731 -0.1327814 -0.8696795 -0.493617 0 -0.5130374 -0.8583663 2.98453e-7 -0.8696813 0.4936137 8.3606e-7 -0.8400429 0.4936217 0.2250902 -0.1352792 0.9901443 0.03624767 -0.1400345 0.9901466 -1.03375e-6 -0.840047 -0.4936149 0.2250898 -0.4955451 -0.8583731 0.1327809 -0.1352747 -0.990145 0.03624755 -0.4443033 0.8583666 0.2565178 -0.4955503 0.8583697 0.1327825 -0.7531562 -0.4936339 0.4348348 -0.4442955 -0.8583717 0.256514 -0.1212767 -0.9901461 0.07002049 -0.753156 0.4936341 0.434835 -0.3627697 0.8583683 0.36277 -0.1212872 0.9901444 0.07002454 -0.614952 -0.493629 0.6149508 -0.362762 -0.858375 0.362762 -0.09902274 -0.990146 0.09902316 -0.6149505 0.4936319 0.6149499 -0.2565179 0.8583683 0.4443 -0.07002425 0.9901445 0.1212869 -0.099029 0.9901446 0.09903049 -0.4348389 -0.4936239 0.7531604 -0.2565191 -0.8583667 0.4443023 -0.0700199 -0.990146 0.121278 -0.2250887 0.4936285 0.8400393 -0.4348396 0.4936213 0.7531619 -0.1327838 0.8583654 0.4955578 -0.2250889 -0.4936302 0.8400383 -0.1327816 -0.858372 0.4955469 -0.0362448 -0.9901461 0.1352667 -0.03624778 0.9901448 0.1352757 -1.21866e-7 -0.8583768 0.51302 -2.11824e-6 0 1 0.3826832 0 0.9238796 2.56317e-6 0 1 0.7071083 5.09471e-7 0.7071053 0.7071052 2.09824e-7 0.7071085 0.9238806 4.69821e-7 0.382681 0.9238787 1.82718e-7 0.3826854 1 0 -2.39874e-6 1 1.59664e-7 2.36972e-6 0.9238787 5.34329e-7 -0.3826854 0.9238806 0 -0.3826809 0.7071067 4.21761e-7 -0.7071068 0.7071068 -3.90624e-7 -0.7071068 0.3826806 0 -0.9238807 0.3826854 0 -0.9238787 -2.5535e-6 0 -1 3.0081e-6 -1.3734e-7 -1 -0.3826858 -5.19298e-7 -0.9238787 -0.382681 0 -0.9238806 -0.7071095 -4.18135e-7 -0.7071042 -0.7071061 3.7116e-7 -0.7071075 -0.9238802 5.32087e-7 -0.382682 -0.9238783 2.29449e-7 -0.3826866 -1 4.46772e-7 2.3794e-6 -1 -3.02631e-7 -2.40841e-6 -0.9238783 4.67593e-7 0.3826866 -0.9238802 -3.31851e-7 0.3826822 -0.7071062 4.39552e-7 0.7071074 0 -1 0 0 -1 -1.63635e-7 -0.7071094 0 0.7071042 -0.3826814 0 0.9238803 -0.3826855 0 0.9238787 0 1 0 0 1 -3.14232e-7 0 1 -1.37844e-7 0.8586534 -0.1301952 -0.4957455 0.8400408 -0.4936251 -0.2250904 0.7531618 -0.4936223 -0.4348385 0.7531606 -0.4936252 0.434837 0.3627663 -0.8583709 0.3627673 0.4443026 -0.8583673 0.2565166 -0.2566176 -0.1301928 0.9577042 1.77365e-6 0.1301894 0.9914892 -0.2566146 0.1301947 0.9577047 0.4955506 -0.8583695 -0.1327835 0.4442936 -0.8583732 -0.2565125 0.7010887 -0.1301918 0.7010883 0.8586537 -0.1301899 0.4957466 0.4957444 0.1301933 0.8586544 0.7010887 0.1301894 0.7010887 0.8400407 0.4936265 -0.2250877 0.444303 0.8583672 -0.2565163 0.49555 0.8583701 -0.1327824 0.4442996 0.8583698 0.2565139 0.09902983 0.9901446 0.09902912 0.3627658 0.858372 0.3627651 0.8586538 0.1301934 0.4957454 0.8586538 0.1301918 -0.4957457 0.9577047 0.1301929 -0.2566159 0.7531612 0.4936251 0.4348362 0.6149501 0.4936323 0.61495 0.9577047 -0.1301951 0.2566145 0.9577038 0.1301925 0.2566192 0.5130342 -0.8583682 7.09436e-7 0.1352705 -0.9901455 -0.03624647 0.9914894 -0.1301883 -1.77304e-6 0.991489 0.1301912 1.81934e-6 0.256515 -0.8583692 0.4443001 0.0990253 -0.9901454 0.09902596 0.9577038 -0.1301951 -0.2566177 0.4348373 -0.4936262 0.7531598 0.6149513 -0.4936291 0.6149513 0.1400439 0.9901454 -2.53347e-7 0.5130324 0.8583694 1.86532e-7 0.7010886 0.1301908 -0.7010886 0.8696768 0.4936216 1.75649e-6 0.256515 0.8583692 0.4442998 0.07001876 0.9901461 0.121277 0.4957445 -0.1301936 -0.8586542 0.495747 0.1301925 -0.858653 0.4348374 0.4936233 0.7531618 0.2566164 -0.130196 -0.9577041 0.2566167 0.1301918 -0.9577046 0.4955481 -0.8583711 0.1327825 0.1400467 -0.990145 1.19788e-7 -1.81176e-6 0.1301884 -0.9914894 0.8400433 -0.4936217 0.2250887 0.8696739 -0.4936268 0 0.1327836 -0.8583678 0.4955538 0.07002252 -0.990145 0.1212837 1.71939e-6 -0.1301894 -0.9914892 -0.2566183 0.1301932 -0.957704 0.2250893 -0.4936195 0.8400444 -0.2566148 -0.1301947 -0.9577047 -0.495747 0.1301929 -0.858653 0.1352716 0.9901455 0.03624606 0.4955484 0.8583711 0.1327819 0.4957476 -0.1301934 0.8586524 -0.4957444 -0.1301954 -0.858654 -0.7010887 0.13019 -0.7010887 0.8400428 0.493622 0.22509 0.1327812 0.8583714 0.495548 0.03624457 0.9901461 0.1352671 -0.8586537 -0.1301913 -0.495746 -0.8586543 0.1301881 -0.4957458 0.2250895 0.4936183 0.8400451 -0.957705 0.1301934 -0.2566143 0.1352707 -0.9901455 0.036246 0.2566164 0.130196 0.9577041 -0.9577034 -0.1301955 -0.2566189 -0.9914891 0.1301903 3.14059e-6 0 -0.9901456 0.1400427 0.03624546 -0.9901459 0.135268 -0.9914885 -0.1301942 -3.26802e-6 -0.9577029 0.1301995 0.2566191 0 -0.8583734 0.5130256 -0.957705 -0.1301933 0.2566144 -0.8586539 0.1301906 0.4957458 0.1212808 0.9901455 0.07002121 -1.86084e-6 -0.1301884 0.9914894 0.2566159 -0.1301913 0.9577049 -0.7010889 -0.13019 0.7010884 -0.7010889 0.1301878 0.7010889 0 0.8583667 0.5130367 0 0.9901461 0.1400389 -0.4957442 0.1301952 0.8586542 0 0.4936268 0.8696739 -0.4957476 -0.1301948 0.8586523 0.135272 0.9901453 -0.03624629 0.121282 -0.9901453 0.07002192 -0.1400479 -0.9901447 5.88163e-7 -0.07002002 -0.9901462 -0.1212766 0.07002067 -0.9901457 -0.1212799 0.1212822 -0.9901453 -0.07002192 0.7531606 0.4936265 -0.4348357 0.362766 0.8583715 -0.3627661 0.09902673 0.9901452 -0.09902673 0.12128 0.9901456 -0.07002133 0.7010889 -0.1301887 -0.7010887 0.6149504 -0.4936311 -0.6149507 0.3627685 -0.8583692 -0.362769 0.09902638 -0.9901453 -0.09902602 0.4348362 0.4936258 -0.7531608 0.6149516 0.4936289 -0.6149513 0.2565141 0.8583698 -0.4442993 0.4348378 -0.4936236 -0.7531612 0.2565149 -0.8583699 -0.4442986 0.2250896 0.4936193 -0.8400445 0.1327833 0.8583679 -0.4955535 0.07002115 0.9901455 -0.1212806 0.2250895 -0.4936178 -0.8400454 0.132781 -0.8583714 -0.495548 0.0362448 -0.990146 -0.1352677 0 0.8583717 -0.5130285 0 0.9901453 -0.1400442 0.03624629 0.9901453 -0.1352725 0 -0.493628 -0.8696732 0 -0.8583666 -0.5130368 0 -0.9901456 -0.1400418 -0.2250897 0.4936189 -0.8400446 0 0.4936284 -0.8696731 -0.1327835 0.8583677 -0.4955538 -0.2250895 -0.4936181 -0.8400453 -0.1327811 -0.8583713 -0.4955482 -0.03624421 -0.9901468 -0.1352624 -0.2565124 0.8583728 -0.4442945 -0.07002156 0.9901455 -0.1212812 -0.0362457 0.9901456 -0.1352702 -0.4348376 -0.4936243 -0.7531609 -0.2565156 -0.8583701 -0.4442981 -0.4348361 0.4936262 -0.7531607 -0.3627697 0.8583688 -0.3627688 -0.7010889 -0.1301879 -0.7010889 -0.6149509 -0.4936302 -0.614951 -0.3627685 -0.8583688 -0.3627699 -0.09902626 -0.9901452 -0.09902679 -0.753162 0.4936233 -0.4348371 -0.614952 0.493628 -0.6149516 -0.4443024 0.8583674 -0.2565168 -0.09903162 0.9901443 -0.09903144 -0.7531617 -0.4936237 -0.4348372 -0.4442941 -0.8583731 -0.2565122 -0.1212819 -0.9901453 -0.07002228 -0.8400432 0.4936224 -0.2250879 -0.1352716 0.9901453 -0.03624564 -0.1212805 0.9901455 -0.07002133 -0.8400416 -0.4936242 -0.2250894 -0.4955489 -0.8583708 -0.132782 -0.1352714 -0.9901455 -0.03624588 -0.8696745 0.4936257 2.65426e-6 -0.495552 0.8583687 -0.1327834 -0.1400448 0.9901452 -2.84431e-7 -0.8696712 -0.4936316 -6.95031e-7 -0.5130332 -0.8583688 8.53063e-7 -0.8400391 0.4936285 0.2250895 -0.51303 0.8583707 5.89439e-7 -0.1352747 0.990145 0.03624624 -0.840044 -0.49362 0.2250894 -0.4955481 -0.858371 0.1327829 -0.1352706 -0.9901455 0.03624629 -0.4442985 0.8583703 0.2565141 -0.4955489 0.8583707 0.1327818 -0.1212808 0.9901455 0.07002121 -0.8586542 -0.130187 0.4957463 -0.7531595 -0.4936259 0.4348383 -0.4443038 -0.8583661 0.2565189 -0.1212807 -0.9901455 0.07002103 -0.753162 0.4936227 0.4348376 -0.3627657 0.8583721 0.3627653 -0.09902685 0.9901452 0.09902656 -0.6149521 -0.4936253 0.6149536 -0.362763 -0.8583734 0.3627645 -0.09902679 -0.9901452 0.09902739 -0.4348374 0.4936242 0.7531612 -0.614951 0.4936305 0.6149507 -0.2565158 0.858369 0.4442999 -0.4348372 -0.4936267 0.7531596 -0.2565155 -0.8583686 0.4443008 -0.07002323 -0.9901448 0.121285 -0.2250896 0.4936185 0.8400449 -0.1327814 0.8583711 0.4955483 -0.07001876 0.9901461 0.121277 -0.2250894 -0.4936191 0.8400447 -0.1327837 -0.8583674 0.4955542 -0.03624552 -0.9901459 0.135268 -0.03624475 0.9901459 0.1352677 0 -0.4936296 0.8696724 -2.32136e-6 0 1 0.3826835 1.57247e-7 0.9238795 2.32136e-6 0 1 0.7071085 1.5052e-7 0.7071051 0.7071054 2.17238e-7 0.7071082 0.9238806 2.42568e-7 0.382681 0.9238787 0 0.3826854 1 0 -2.35038e-6 1 0 2.35038e-6 0.9238788 0 -0.3826853 0.9238806 -1.36669e-7 -0.3826808 0.7071071 0 -0.7071065 0.7071067 -1.65663e-7 -0.7071069 0.3826809 -1.7597e-7 -0.9238806 0.3826853 0 -0.9238788 -1.91512e-6 0 -1 1.88611e-6 0 -1 -0.3826853 0 -0.9238787 -0.3826809 0 -0.9238806 -0.7071087 -2.6312e-7 -0.7071049 -0.7071051 0 -0.7071086 -0.9238806 -4.62087e-7 -0.3826808 -0.9238788 0 -0.3826853 -1 -2.23386e-7 2.35038e-6 -1 0 -2.35038e-6 -0.9238787 0 0.3826854 -0.9238806 2.54029e-7 0.382681 -0.7071054 1.45107e-7 0.7071082 0 -1 0 0 -1 0 0 -1 0 -0.7071085 1.53168e-7 0.7071051 -0.3826814 0 0.9238805 -0.3826853 0 0.9238789 0 1 0 0 1 -1.32864e-7 0 1 0 0.8586527 -0.1301935 -0.4957472 0.8400408 -0.4936252 -0.2250903 0.7531614 -0.4936221 -0.4348393 0.7531607 -0.4936252 0.4348369 0.3627639 -0.8583735 0.3627637 0.4442995 -0.8583693 0.2565155 -0.2566183 -0.1301932 0.9577039 1.78798e-6 0.1301884 0.9914893 -0.2566148 0.1301936 0.9577048 0.4955541 -0.8583674 -0.1327838 0.4442966 -0.8583709 -0.2565149 0.7010885 -0.1301917 0.7010885 0.8586539 -0.13019 0.495746 0.4957447 0.1301923 0.8586543 0.7010889 0.1301883 0.7010888 0.8400408 0.4936265 -0.2250879 0.4442998 0.8583693 -0.2565147 0.4955466 0.8583719 -0.1327826 0.4443027 0.8583674 0.2565162 0.09903311 0.990144 0.0990324 0.3627679 0.85837 0.3627678 0.858654 0.1301935 0.495745 0.8586547 0.1301937 -0.4957436 0.9577047 0.1301929 -0.2566159 0.7531615 0.4936251 0.4348359 0.6149504 0.4936309 0.6149508 0.9577047 -0.1301951 0.2566146 0.9577038 0.1301925 0.2566192 0.5130379 -0.8583661 7.90265e-7 0.1352753 -0.9901449 -0.03624713 0.9914893 -0.1301883 -1.76817e-6 0.991489 0.1301912 1.8169e-6 0.2565132 -0.8583717 0.444296 0.09902185 -0.9901462 0.09902077 0.9577038 -0.130195 -0.2566179 0.4348366 -0.4936259 0.7531604 0.6149513 -0.4936293 0.6149514 0.1400455 0.9901451 -1.1775e-6 0.513036 0.8583672 4.30265e-7 0.7010874 -0.1301891 -0.70109 0.7010901 0.1301892 -0.7010874 0.8696768 0.4936215 2.008e-6 0.2565166 0.8583672 0.4443032 0.07002371 0.9901448 0.1212848 0.4957444 -0.130192 -0.8586546 0.4957476 0.1301928 -0.8586527 0.4348371 0.4936246 0.753161 0.2566162 -0.1301949 -0.9577043 0.2566168 0.1301918 -0.9577045 0.4955449 -0.8583731 0.1327823 0.1400505 -0.9901444 1.02539e-6 -1.62214e-6 0.1301884 -0.9914894 0.8400432 -0.4936217 0.2250891 0.8696739 -0.4936267 0 0.1327825 -0.8583701 0.49555 0.07002019 -0.9901459 0.1212785 1.53647e-6 -0.1301884 -0.9914894 -0.2566183 0.1301932 -0.957704 0.2250896 -0.4936193 0.8400446 -0.2566147 -0.1301936 -0.9577049 -0.4957476 0.1301932 -0.8586525 0.1352763 0.9901447 0.03624719 0.4955518 0.8583688 0.132783 0.4957473 -0.130193 0.8586527 -0.4957442 -0.1301938 -0.8586543 -0.7010901 0.1301883 -0.7010876 0.8400428 0.4936219 0.22509 0.1327821 0.8583679 0.4955539 0.03624713 0.9901444 0.1352786 -0.7010875 -0.1301884 -0.7010902 -0.8586551 0.1301897 -0.4957442 0.2250892 0.4936194 0.8400445 -0.8586532 -0.1301897 -0.4957474 -0.9577051 0.1301934 -0.2566142 0.1352714 -0.9901453 0.03624761 0.2566166 0.1301949 0.9577043 -0.9577034 -0.1301955 -0.2566194 -0.9914891 0.1301903 3.10919e-6 0 -0.9901459 0.1400402 0.03624415 -0.9901463 0.1352653 -0.9914885 -0.1301942 -2.92415e-6 -0.9577029 0.1301994 0.2566191 0 -0.8583735 0.5130252 -0.957705 -0.1301933 0.2566146 -0.8586534 0.130189 0.495747 0.1212851 0.9901449 0.07002282 -1.85352e-6 -0.1301884 0.9914893 0.2566166 -0.1301918 0.9577046 -0.8586551 -0.1301888 0.4957444 -0.7010875 0.1301883 0.7010901 0 0.8583657 0.5130384 0 0.9901452 0.1400449 -0.70109 -0.1301882 0.7010876 -0.4957446 0.1301942 0.858654 0 0.4936295 0.8696723 -0.4957472 -0.1301944 0.8586525 0.1352667 0.9901461 -0.03624606 0.121278 -0.9901459 0.07002002 -0.1400526 -0.9901441 5.10485e-7 -0.0700249 -0.9901445 -0.1212868 0.07002562 -0.9901442 -0.1212883 0.1212865 -0.9901446 -0.07002454 0.7531607 0.4936265 -0.4348353 0.3627634 0.8583737 -0.3627635 0.09902328 0.9901459 -0.09902304 0.1212757 0.9901463 -0.07001799 0.6149508 -0.4936302 -0.614951 0.3627706 -0.8583673 -0.3627714 0.09902971 -0.9901446 -0.09903007 0.4348366 0.4936258 -0.7531605 0.6149516 0.4936287 -0.6149514 0.2565122 0.858372 -0.4442961 0.434837 -0.4936249 -0.7531608 0.2565167 -0.8583675 -0.4443022 0.2250895 0.4936188 -0.8400447 0.1327822 0.8583691 -0.4955518 0.07001864 0.9901461 -0.1212778 0.2250891 -0.4936199 -0.8400443 0.1327839 -0.858366 -0.4955566 0.03624737 -0.9901445 -0.1352773 0 0.8583754 -0.5130224 0 0.9901463 -0.1400372 0.03624504 0.9901457 -0.1352697 0 -0.4936283 -0.869673 6.49124e-7 -0.8583669 -0.5130364 2.20405e-7 -0.9901448 -0.1400477 -0.2250896 0.4936184 -0.840045 0 0.4936296 -0.8696724 -0.1327823 0.8583688 -0.4955522 -0.2250891 -0.4936201 -0.8400441 -0.1327822 -0.8583686 -0.4955526 -0.03624677 -0.9901448 -0.1352757 -0.2565106 0.8583751 -0.4442912 -0.07001918 0.9901461 -0.121277 -0.03624445 0.990146 -0.1352674 -0.4348367 -0.4936254 -0.7531608 -0.2565171 -0.8583669 -0.4443032 -0.4348365 0.4936262 -0.7531603 -0.3627671 0.8583707 -0.3627669 -0.6149513 -0.4936293 -0.6149513 -0.3627707 -0.8583673 -0.3627715 -0.09902954 -0.9901445 -0.09903013 -0.753162 0.4936234 -0.4348366 -0.614952 0.4936278 -0.6149519 -0.4442993 0.8583697 -0.2565146 -0.09902817 0.9901449 -0.09902834 -0.7531617 -0.4936236 -0.4348369 -0.4442972 -0.8583708 -0.2565143 -0.1212862 -0.9901446 -0.07002449 -0.8400433 0.4936224 -0.2250875 -0.1352701 0.9901455 -0.03624796 -0.1212763 0.9901462 -0.07001835 -0.8400415 -0.4936242 -0.2250898 -0.4955524 -0.8583686 -0.1327824 -0.1352761 -0.9901447 -0.03624689 -0.8696745 0.4936257 2.56361e-6 -0.4955487 0.8583707 -0.1327832 -0.1400485 0.9901447 -4.38084e-7 -0.8696712 -0.4936316 -3.19815e-7 -0.5130368 -0.8583667 5.17309e-7 -0.8400393 0.4936285 0.2250893 -0.5130336 0.8583686 6.64051e-7 -0.1352788 0.9901443 0.03624802 -0.840044 -0.49362 0.2250894 -0.4955449 -0.858373 0.1327826 -0.1352714 -0.9901453 0.0362479 -0.4443017 0.858368 0.2565161 -0.4955525 0.8583686 0.1327831 -0.121285 0.9901447 0.07002425 -0.7531595 -0.4936259 0.4348381 -0.4443007 -0.8583684 0.2565166 -0.1212784 -0.9901458 0.0700199 -0.7531623 0.4936228 0.4348368 -0.3627677 0.8583699 0.3627684 -0.09902995 0.9901445 0.09903025 -0.6149519 -0.4936252 0.614954 -0.3627604 -0.8583757 0.3627617 -0.09902405 -0.9901456 0.09902447 -0.4348369 0.4936254 0.7531607 -0.6149513 0.4936291 0.6149514 -0.2565174 0.8583668 0.4443034 -0.4348365 -0.493626 0.7531604 -0.2565136 -0.858371 0.4442973 -0.07002085 -0.9901457 0.12128 -0.2250892 0.4936196 0.8400443 -0.1327822 0.8583676 0.4955543 -0.07002371 0.990145 0.1212835 -0.2250896 -0.4936189 0.8400447 -0.1327826 -0.8583697 0.4955503 -0.03624421 -0.9901463 0.1352653 -0.03624725 0.9901444 0.1352779 0 -0.4936284 0.8696731 -2.34071e-6 0 1 0.3826835 1.57247e-7 0.9238796 2.35038e-6 0 1 0.7071084 1.5052e-7 0.7071052 0.7071054 2.17239e-7 0.7071082 0.9238806 2.42568e-7 0.382681 0.9238787 0 0.3826854 1 0 -2.39874e-6 1 0 2.36972e-6 0.9238787 0 -0.3826854 0.9238806 -1.36669e-7 -0.3826809 0.7071069 0 -0.7071067 0.707107 -1.65663e-7 -0.7071067 0.3826808 -1.7597e-7 -0.9238806 0.3826856 0 -0.9238787 -2.75662e-6 0 -1 2.78563e-6 0 -1 -0.3826856 0 -0.9238787 -0.3826809 0 -0.9238807 -0.7071086 -2.6312e-7 -0.707105 -0.7071052 0 -0.7071084 -0.9238806 -4.62087e-7 -0.3826809 -0.9238787 0 -0.3826854 -1 -2.23386e-7 2.36972e-6 -1 0 -2.39874e-6 -0.9238787 0 0.3826854 -0.9238806 2.54029e-7 0.3826809 -0.7071054 1.45107e-7 0.7071082 0 -1 0 0 -1 0 0 -1 0 -0.7071085 1.53168e-7 0.7071051 -0.3826813 0 0.9238805 -0.3826853 0 0.9238788 0 1 0 0 1 0 0.8586537 -0.1301913 -0.4957461 0.8400423 -0.4936233 -0.225089 0.7531617 -0.4936236 -0.4348371 0.6149521 -0.4936254 0.6149537 0.4443038 -0.8583661 0.2565189 0.7531595 -0.493626 0.4348384 -0.2566176 -0.1301929 0.9577041 1.75323e-6 0.1301894 0.9914892 -0.2566146 0.1301942 0.9577047 0.4442941 -0.8583731 -0.2565122 0.7010889 -0.13019 0.7010886 0.8586542 -0.130187 0.4957463 0.4957442 0.1301952 0.8586542 0.7010889 0.1301877 0.7010889 0.8400408 0.4936264 -0.2250881 0.4443024 0.8583674 -0.2565168 0.495552 0.8583687 -0.1327834 0.4442985 0.8583703 0.2565141 0.09902966 0.9901446 0.09902942 0.3627656 0.858372 0.3627653 0.8586539 0.1301905 0.4957458 0.8586543 0.130188 -0.4957458 0.9577044 0.1301953 -0.2566159 0.7531621 0.4936227 0.4348376 0.614951 0.4936305 0.6149507 0.957705 -0.1301934 0.2566144 0.9577029 0.1301993 0.256619 0.5130331 -0.8583688 8.53063e-7 0.1352714 -0.9901455 -0.03624624 0.4955489 -0.8583708 -0.132782 0.9914889 -0.1301916 -1.76329e-6 0.9914892 0.1301894 1.80959e-6 0.2565155 -0.8583686 0.4443008 0.0990253 -0.9901454 0.09902596 0.362763 -0.8583734 0.3627645 0.9577036 -0.130197 -0.2566176 0.4348372 -0.4936267 0.7531596 0.1400448 0.9901452 -1.37155e-7 0.5130301 0.8583707 5.89439e-7 0.7010887 0.13019 -0.7010887 0.8696763 0.4936225 2.14588e-6 0.2565158 0.858369 0.4442999 0.07001876 0.9901461 0.121277 0.4957444 -0.1301954 -0.858654 0.495747 0.1301929 -0.8586529 0.4348374 0.4936242 0.7531613 0.2566164 -0.1301965 -0.957704 0.2566167 0.1301916 -0.9577046 0.4955481 -0.8583711 0.1327829 0.1400476 -0.9901448 4.60586e-7 -1.81145e-6 0.1301884 -0.9914894 0.8400441 -0.49362 0.2250894 0.8696711 -0.4936316 0 0.1327837 -0.8583674 0.4955542 0.07002234 -0.9901451 0.1212834 1.70719e-6 -0.1301894 -0.9914892 -0.2566183 0.1301935 -0.957704 0.2250893 -0.4936192 0.8400446 -0.2566148 -0.1301942 -0.9577047 -0.495747 0.1301925 -0.858653 0.1352724 0.9901454 0.03624516 0.4955489 0.8583708 0.1327818 0.4957476 -0.1301948 0.8586523 -0.4957446 -0.1301936 -0.8586542 -0.7010887 0.1301908 -0.7010885 0.8400391 0.4936285 0.2250895 0.1327814 0.8583711 0.4955483 0.03624463 0.9901461 0.1352673 -0.8586534 -0.1301953 -0.4957455 -0.8586538 0.1301918 -0.4957457 0.2250895 0.4936184 0.8400449 -0.9577047 0.1301951 -0.2566144 0.1352707 -0.9901456 0.03624594 0.2566164 0.1301965 0.957704 -0.9577037 -0.1301929 -0.2566193 -0.9914891 0.1301897 2.97353e-6 0 -0.9901456 0.1400427 0.03624552 -0.9901459 0.135268 -0.9914891 -0.1301897 -3.19242e-6 -0.9577038 0.1301925 0.2566192 0 -0.8583734 0.5130256 -0.9577047 -0.1301951 0.2566145 -0.8586537 0.1301934 0.4957454 0.1212808 0.9901455 0.07002156 0.2566159 -0.130191 0.9577049 -0.7010887 -0.1301918 0.7010884 -0.7010888 0.1301894 0.7010886 0 0.8583667 0.5130367 0 0.9901461 0.1400389 -0.4957444 0.1301934 0.8586544 0 0.4936268 0.8696739 -0.4957476 -0.1301933 0.8586524 0.135272 0.9901453 -0.03624618 0.1212816 -0.9901454 0.07002198 -0.1400466 -0.990145 2.34785e-7 -0.07002019 -0.9901458 -0.1212792 0.07002049 -0.990146 -0.1212772 0.1212819 -0.9901453 -0.0700218 0.7531619 0.4936233 -0.434837 0.362766 0.8583716 -0.3627662 0.09902673 0.9901452 -0.09902673 0.1212805 0.9901455 -0.07002097 0.7010889 -0.1301879 -0.7010888 0.6149509 -0.4936302 -0.614951 0.3627685 -0.8583688 -0.3627699 0.09902626 -0.9901452 -0.09902673 0.434836 0.4936261 -0.7531606 0.614952 0.493628 -0.6149516 0.2565141 0.85837 -0.4442989 0.4348376 -0.4936243 -0.7531609 0.2565156 -0.85837 -0.444298 0.2250897 0.4936189 -0.8400447 0.1327835 0.8583676 -0.4955538 0.07002115 0.9901455 -0.1212808 0.2250895 -0.4936181 -0.8400453 0.1327811 -0.8583713 -0.4955482 0.03624469 -0.990146 -0.1352674 0 0.8583717 -0.5130285 0 0.9901453 -0.1400442 0.03624635 0.9901452 -0.1352726 0 -0.493628 -0.8696732 -0.2250896 0.4936193 -0.8400445 0 0.4936284 -0.8696731 -0.1327834 0.8583679 -0.4955535 -0.2250895 -0.4936178 -0.8400454 -0.132781 -0.8583714 -0.495548 -0.03624427 -0.9901466 -0.1352627 -0.2565141 0.8583698 -0.4442993 -0.07002115 0.9901455 -0.1212806 -0.0362457 0.9901456 -0.1352701 -0.4348378 -0.4936236 -0.7531613 -0.2565149 -0.8583699 -0.4442986 -0.4348362 0.4936258 -0.7531608 -0.362766 0.8583715 -0.3627661 -0.0990318 0.9901441 -0.09903186 -0.7010889 -0.1301887 -0.7010887 -0.6149504 -0.4936311 -0.6149507 -0.3627685 -0.8583692 -0.362769 -0.09902638 -0.9901453 -0.09902602 -0.7531606 0.4936265 -0.4348357 -0.6149516 0.4936289 -0.6149513 -0.4443031 0.8583672 -0.2565163 -0.7531617 -0.4936223 -0.4348385 -0.4442937 -0.8583732 -0.2565126 -0.1212822 -0.9901453 -0.0700224 -0.8400413 0.4936259 -0.2250871 -0.1352716 0.9901455 -0.03624618 -0.12128 0.9901456 -0.07002097 -0.8400402 -0.4936259 -0.225091 -0.4955505 -0.8583695 -0.1327835 -0.1352705 -0.9901455 -0.03624612 -0.8696765 0.4936221 2.02343e-6 -0.49555 0.85837 -0.1327824 -0.1400439 0.9901454 -2.53347e-7 -0.8696743 -0.4936262 -6.16967e-7 -0.5130342 -0.8583682 7.11301e-7 -0.8400428 0.493622 0.22509 -0.5130323 0.8583694 1.86532e-7 -0.1352739 0.990145 0.03624671 -0.8400433 -0.4936217 0.2250887 -0.4955481 -0.8583711 0.1327825 -0.1352707 -0.9901455 0.03624635 -0.4442996 0.8583698 0.2565139 -0.4955484 0.8583711 0.1327819 -0.1212808 0.9901455 0.07002156 -0.8586536 -0.1301899 0.4957465 -0.7531606 -0.4936252 0.4348371 -0.4443027 -0.8583672 0.2565166 -0.1212823 -0.9901452 0.07002186 -0.7531612 0.4936251 0.4348362 -0.3627658 0.858372 0.3627651 -0.09902697 0.9901452 0.09902626 -0.6149513 -0.4936291 0.6149513 -0.3627663 -0.8583709 0.3627673 -0.09902536 -0.9901454 0.09902596 -0.4348374 0.4936232 0.7531619 -0.6149501 0.4936323 0.61495 -0.256515 0.8583693 0.4442997 -0.4348373 -0.4936263 0.7531598 -0.256515 -0.8583692 0.4443001 -0.07002395 -0.9901446 0.121286 -0.2250896 0.4936183 0.8400452 -0.1327812 0.8583714 0.495548 -0.07001876 0.9901461 0.121277 -0.2250893 -0.4936195 0.8400444 -0.1327836 -0.8583678 0.4955538 -0.03624546 -0.9901459 0.135268 -0.03624469 0.9901461 0.1352676 0 -0.4936296 0.8696724 0.3826835 0 0.9238795 0.7071085 2.706e-7 0.7071051 0.7071054 2.56896e-7 0.7071082 0.9238806 4.94335e-7 0.382681 0.9238787 1.53612e-7 0.3826854 1 2.23386e-7 -2.35038e-6 1 0 2.35038e-6 0.9238788 2.38701e-7 -0.3826853 0.9238806 -2.73597e-7 -0.3826808 0.7071071 1.69268e-7 -0.7071065 0.7071067 -1.96339e-7 -0.7071069 0.3826809 0 -0.9238806 0.3826853 0 -0.9238788 -1.91512e-6 -1.33785e-7 -1 1.88611e-6 0 -1 -0.3826853 -2.15253e-7 -0.9238787 -0.3826809 0 -0.9238806 -0.7071087 0 -0.7071049 -0.7071051 0 -0.7071086 -0.9238806 -1.30875e-7 -0.3826808 -0.9238788 0 -0.3826853 -1 0 2.35038e-6 -1 0 -2.35038e-6 -0.9238787 0 0.3826854 -0.9238806 1.69739e-7 0.382681 -0.7071054 1.37368e-7 0.7071082 0 -1 0 0 -1 0 -0.7071085 0 0.7071051 0 1 0 0.8586532 -0.1301897 -0.4957474 0.8400423 -0.4936233 -0.2250891 0.7531617 -0.4936237 -0.4348369 0.6149518 -0.4936252 0.614954 0.4443007 -0.8583683 0.2565167 0.7531596 -0.4936259 0.434838 -0.2566183 -0.1301935 0.957704 1.76756e-6 0.1301883 0.9914893 -0.2566148 0.1301931 0.957705 0.4442972 -0.8583708 -0.2565143 0.7010886 -0.1301899 0.7010887 0.8586543 -0.130187 0.4957461 0.4957446 0.1301943 0.8586541 0.7010889 0.1301866 0.7010891 0.8400408 0.4936265 -0.2250878 0.4442993 0.8583697 -0.2565146 0.4955487 0.8583707 -0.1327832 0.4443017 0.858368 0.2565161 0.09903287 0.9901439 0.09903311 0.3627678 0.8583698 0.3627684 0.8586542 0.1301907 0.4957454 0.8586551 0.1301896 -0.4957442 0.9577043 0.1301953 -0.2566159 0.7531623 0.4936228 0.4348368 0.6149513 0.4936291 0.6149514 0.957705 -0.1301934 0.2566145 0.9577029 0.1301993 0.2566191 0.5130368 -0.8583667 5.19796e-7 0.1352761 -0.9901447 -0.03624689 0.4955524 -0.8583687 -0.1327824 0.9914889 -0.1301916 -1.76329e-6 0.9914892 0.1301894 1.81202e-6 0.2565135 -0.858371 0.4442973 0.09902191 -0.9901463 0.09902125 0.3627604 -0.8583757 0.3627617 0.9577035 -0.130197 -0.2566177 0.4348365 -0.493626 0.7531604 0.1400464 0.990145 -1.21224e-6 0.5130336 0.8583686 6.61564e-7 0.7010874 -0.1301883 -0.7010902 0.7010901 0.1301883 -0.7010875 0.8696763 0.4936226 2.13077e-6 0.2565174 0.8583668 0.4443034 0.07002371 0.990145 0.1212835 0.4957442 -0.1301938 -0.8586543 0.4957476 0.1301932 -0.8586525 0.4348369 0.4936254 0.7531607 0.2566162 -0.1301954 -0.9577043 0.2566168 0.1301915 -0.9577045 0.4955449 -0.858373 0.1327826 0.1400514 -0.9901443 7.15736e-7 -1.62153e-6 0.1301884 -0.9914894 0.8400442 -0.49362 0.2250894 0.8696711 -0.4936316 0 0.1327826 -0.8583697 0.4955504 0.07002002 -0.9901459 0.1212782 1.51696e-6 -0.1301884 -0.9914894 -0.2566183 0.1301935 -0.957704 0.2250896 -0.4936189 0.8400447 -0.2566148 -0.1301932 -0.957705 -0.4957475 0.1301928 -0.8586527 0.1352771 0.9901446 0.03624761 0.4955525 0.8583686 0.1327831 0.4957472 -0.1301944 0.8586525 -0.4957444 -0.1301919 -0.8586546 -0.7010901 0.1301892 -0.7010874 0.8400391 0.4936285 0.2250892 0.1327822 0.8583676 0.4955542 0.03624719 0.9901443 0.1352787 -0.7010874 -0.1301892 -0.70109 -0.8586547 0.1301937 -0.4957436 0.2250893 0.4936196 0.8400444 -0.8586527 -0.1301936 -0.4957472 -0.9577047 0.1301951 -0.2566144 0.1352714 -0.9901453 0.03624767 0.2566165 0.1301954 0.9577041 -0.9577037 -0.1301929 -0.2566194 -0.9914891 0.1301898 3.13785e-6 0 -0.9901459 0.1400402 0.03624421 -0.9901463 0.1352653 -0.9914891 -0.1301897 -3.01926e-6 -0.9577038 0.1301925 0.2566192 0 -0.8583735 0.5130252 -0.9577046 -0.130195 0.2566146 -0.8586533 0.1301918 0.4957466 0.121285 0.9901448 0.07002347 -1.85352e-6 -0.1301884 0.9914893 0.2566166 -0.1301916 0.9577046 -0.8586546 -0.1301918 0.4957443 -0.7010874 0.13019 0.7010899 0 0.8583657 0.5130384 0 0.9901452 0.1400449 -0.7010899 -0.1301899 0.7010875 -0.4957447 0.1301924 0.8586543 0 0.4936295 0.8696723 -0.4957473 -0.130193 0.8586527 0.1352667 0.9901461 -0.03624653 0.1212776 -0.990146 0.07001942 -0.1400513 -0.9901443 8.28128e-7 -0.0700252 -0.9901443 -0.1212877 0.07002538 -0.9901443 -0.1212874 0.1212862 -0.9901446 -0.07002472 0.753162 0.4936234 -0.4348366 0.3627634 0.8583734 -0.3627644 0.09902328 0.9901458 -0.09902387 0.1212763 0.9901462 -0.07001835 0.6149513 -0.4936293 -0.6149513 0.3627707 -0.8583673 -0.3627715 0.0990296 -0.9901445 -0.09903019 0.4348365 0.4936262 -0.7531602 0.614952 0.4936278 -0.6149519 0.2565124 0.8583726 -0.4442947 0.4348366 -0.4936254 -0.7531607 0.2565171 -0.8583669 -0.4443032 0.2250896 0.4936184 -0.840045 0.1327823 0.8583688 -0.4955522 0.0700187 0.9901463 -0.1212754 0.2250891 -0.49362 -0.8400442 0.132784 -0.8583658 -0.4955568 0.03624731 -0.9901446 -0.1352771 0 0.8583754 -0.5130224 0 0.9901463 -0.1400372 0.0362451 0.9901457 -0.1352698 0 -0.4936283 -0.869673 6.39175e-7 -0.858367 -0.5130364 2.10822e-7 -0.9901448 -0.1400477 -0.2250895 0.4936188 -0.8400447 0 0.4936296 -0.8696724 -0.1327822 0.8583691 -0.4955519 -0.2250891 -0.4936199 -0.8400442 -0.1327821 -0.8583686 -0.4955524 -0.03624683 -0.9901447 -0.135276 -0.2565122 0.858372 -0.4442962 -0.07001864 0.9901461 -0.1212778 -0.03624445 0.990146 -0.1352673 -0.4348371 -0.4936249 -0.753161 -0.2565167 -0.8583675 -0.4443023 -0.4348366 0.4936258 -0.7531605 -0.3627635 0.8583738 -0.3627635 -0.09902846 0.9901449 -0.09902834 -0.6149508 -0.4936302 -0.614951 -0.3627707 -0.8583673 -0.3627715 -0.09902971 -0.9901446 -0.09903007 -0.7531607 0.4936265 -0.4348353 -0.6149516 0.4936287 -0.6149514 -0.4442999 0.8583693 -0.2565147 -0.7531614 -0.4936221 -0.4348393 -0.4442967 -0.858371 -0.2565149 -0.1212865 -0.9901446 -0.07002454 -0.8400412 0.4936258 -0.2250874 -0.1352701 0.9901455 -0.03624743 -0.1212757 0.9901463 -0.07001799 -0.8400402 -0.4936259 -0.2250908 -0.4955541 -0.8583674 -0.1327838 -0.1352753 -0.9901449 -0.03624713 -0.8696765 0.4936221 2.46917e-6 -0.4955466 0.8583719 -0.1327826 -0.1400476 0.9901449 -4.03346e-7 -0.8696742 -0.4936262 -3.97881e-7 -0.5130379 -0.8583661 7.90886e-7 -0.8400428 0.493622 0.22509 -0.513036 0.8583672 4.27778e-7 -0.1352781 0.9901444 0.03624761 -0.8400433 -0.4936216 0.2250891 -0.4955448 -0.858373 0.1327823 -0.1352715 -0.9901454 0.03624784 -0.4443027 0.8583674 0.2565162 -0.4955518 0.8583688 0.132783 -0.121285 0.9901447 0.07002353 -0.7531608 -0.4936252 0.4348369 -0.4442994 -0.8583693 0.2565155 -0.1212794 -0.9901456 0.07002121 -0.7531615 0.4936251 0.4348359 -0.3627679 0.8583699 0.3627678 -0.09903013 0.9901445 0.09902954 -0.6149513 -0.4936293 0.6149513 -0.3627639 -0.8583735 0.3627637 -0.09902191 -0.9901462 0.09902077 -0.4348371 0.4936246 0.753161 -0.6149504 0.4936309 0.6149508 -0.2565166 0.858367 0.4443031 -0.4348367 -0.493626 0.7531604 -0.2565132 -0.8583717 0.444296 -0.07002151 -0.9901454 0.121281 -0.2250892 0.4936195 0.8400445 -0.1327821 0.8583679 0.4955539 -0.07002371 0.9901448 0.1212847 -0.2250895 -0.4936193 0.8400445 -0.1327825 -0.8583701 0.49555 -0.03624415 -0.9901463 0.1352653 -0.03624719 0.9901446 0.1352778 0 -0.4936284 0.8696731 0.3826835 0 0.9238796 0.7071084 2.70601e-7 0.7071052 0.7071054 2.56896e-7 0.7071082 0.9238806 4.94336e-7 0.382681 0.9238787 1.53612e-7 0.3826854 1 2.23386e-7 -2.39874e-6 1 0 2.36972e-6 0.9238787 2.38702e-7 -0.3826854 0.9238806 -2.73597e-7 -0.3826809 0.7071069 1.69269e-7 -0.7071067 0.707107 -1.9634e-7 -0.7071067 0.3826808 0 -0.9238806 0.3826856 0 -0.9238787 -2.75662e-6 -1.33785e-7 -1 2.78563e-6 0 -1 -0.3826856 -2.15253e-7 -0.9238787 -0.3826809 0 -0.9238807 -0.7071086 0 -0.707105 -0.7071052 0 -0.7071084 -0.9238806 -1.30875e-7 -0.3826809 -0.9238787 0 -0.3826854 -1 0 2.36972e-6 -1 0 -2.39874e-6 -0.9238787 0 0.3826854 -0.9238806 1.6974e-7 0.3826809 -0.7071054 1.37368e-7 0.7071082 0 -1 0 0 -1 0 -0.7071085 0 0.7071051 0 1 0 0.8586523 -0.1302065 -0.4957444 0.8400471 -0.4936147 -0.2250902 0.7531558 -0.4936352 -0.434834 0.7531565 -0.4936339 0.4348343 0.3627645 -0.8583731 0.362764 0.4442988 -0.8583697 0.2565155 -0.2566193 -0.1301912 0.957704 1.93153e-6 0.130191 0.9914889 -0.256616 0.1301935 0.9577045 0.444302 -0.8583676 -0.256517 0.7010877 -0.13019 0.7010896 0.8586536 -0.1301983 0.4957444 0.4957433 0.1301891 0.8586555 0.701088 0.1301919 0.7010889 0.840047 0.4936149 -0.2250901 0.4443041 0.8583665 -0.2565173 0.4955486 0.8583709 -0.1327822 0.3627644 0.8583734 0.3627632 0.1212829 0.9901452 0.0700227 0.09902858 0.9901449 0.09902775 0.8586528 0.1302013 0.4957449 0.8586528 0.1302028 -0.4957445 0.9577056 0.1301889 -0.256614 0.7531561 0.4936341 0.4348348 0.6149504 0.4936328 0.6149494 0.9577056 -0.1301887 0.2566146 0.9577041 0.1301903 0.2566194 0.5130343 -0.8583681 -2.36276e-7 0.1352716 -0.9901455 -0.03624629 0.4955468 -0.858372 -0.1327813 0.9914909 -0.1301771 -1.78523e-6 0.9914921 0.1301674 3.20948e-6 0.2565208 -0.8583641 0.4443064 0.0990262 -0.9901452 0.0990265 0.9577046 -0.1301892 -0.2566177 0.6149512 -0.4936285 0.6149522 0.5130295 0.858371 7.86315e-7 0.1352769 0.9901446 -0.03624749 0.1400358 0.9901465 3.21024e-7 0.495746 -0.130191 0.8586538 0.7010878 0.1301906 -0.7010893 0.8696813 0.4936137 1.03752e-6 0.2565172 0.8583688 0.4442995 0.07001823 0.9901463 0.1212754 0.4957433 -0.130189 -0.8586556 0.4957459 0.1301931 -0.8586534 0.4348399 0.4936199 0.7531625 0.2566168 -0.1301924 -0.9577044 0.256617 0.1301896 -0.9577048 0.135273 -0.9901452 0.03624677 0.1400411 -0.9901458 -2.76714e-7 -1.75593e-6 0.130191 -0.9914889 0.840047 -0.4936149 0.2250902 0.8696795 -0.493617 0 0.03624612 -0.9901458 0.1352685 0.07002228 -0.990145 0.1212838 2.01688e-6 -0.1301913 -0.991489 -0.2566196 0.1301913 -0.9577039 0.4348384 -0.4936235 0.7531611 0.1327828 -0.858371 0.4955481 -0.2566167 -0.1301941 -0.9577043 -0.4957456 0.1301913 -0.858654 0.1352725 0.9901453 0.03624624 0.4955468 0.8583719 0.1327818 0.2250892 -0.4936307 0.8400379 -0.4957426 -0.1301908 -0.8586558 -0.7010888 0.130191 -0.7010883 0.8400428 0.4936217 0.2250905 0.1327828 0.8583676 0.4955542 0.03624486 0.9901459 0.1352681 -0.8586552 -0.1301903 -0.4957436 -0.8586561 0.130187 -0.4957432 0.2250891 0.4936278 0.8400397 -0.9577057 0.13019 -0.2566135 0.4955486 -0.858371 0.1327818 0.2566168 0.1301925 0.9577044 -0.9577057 -0.1301828 -0.2566171 -0.991488 0.130198 2.88269e-6 0 -0.9901453 0.1400446 -0.991489 -0.1301907 -1.78524e-6 -0.9577052 0.1301809 0.2566198 1.32211e-7 -0.493618 0.8696789 -0.957706 -0.1301866 0.2566137 -0.8586553 0.1301892 0.4957439 0.4443001 0.8583688 0.2565159 0.2566169 -0.1301897 0.9577048 -0.7010902 -0.1301916 0.7010868 -0.7010889 0.1301888 0.7010886 0 0.9901461 0.1400384 1.54198e-7 0.8583745 0.5130235 -0.4957428 0.1301909 0.8586556 2.43961e-7 0.4936164 0.8696798 -0.4957475 -0.1301902 0.858653 0.121281 -0.9901454 0.07002186 -0.1400436 -0.9901453 0 -1.80715e-6 -0.1301915 0.9914889 0.1212832 -0.990145 -0.07002282 0.7531574 0.4936325 -0.4348343 0.3627679 0.8583706 -0.3627664 0.1212822 0.9901452 -0.07002222 0.7010881 -0.1301927 -0.7010887 0.6149519 -0.4936308 -0.6149496 0.3627671 -0.8583715 -0.3627651 0.09902632 -0.9901452 -0.09902703 0.614952 0.4936285 -0.6149513 0.2565204 0.8583658 -0.4443033 0.0700218 0.9901455 -0.1212804 0.09902656 0.9901452 -0.09902638 0.4348393 -0.4936189 -0.7531633 0.2565193 -0.8583659 -0.4443039 0.07001906 -0.9901462 -0.121277 0.2250894 0.493629 -0.8400387 0.4348387 0.4936237 -0.7531607 0.1327831 0.8583694 -0.4955511 0.03624671 0.990145 -0.1352741 0.2250895 -0.4936288 -0.8400389 0.1327825 -0.858372 -0.4955466 0.03624504 -0.9901463 -0.1352654 1.30952e-7 0.4936186 -0.8696786 0 0.9901456 -0.140042 3.34935e-7 -0.4936156 -0.8696802 1.54198e-7 -0.8583727 -0.5130267 0 -0.9901455 -0.1400429 -0.1327819 0.8583698 -0.4955504 1.21866e-7 0.8583746 -0.5130234 -0.2250886 -0.4936271 -0.8400401 -0.1327812 -0.8583719 -0.4955472 -0.03624475 -0.9901466 -0.1352632 -0.2250883 0.4936245 -0.8400417 -0.2565165 0.858368 -0.4443013 -0.03624624 0.9901455 -0.1352716 -0.4348351 -0.4936238 -0.7531626 -0.2565164 -0.858368 -0.4443014 -0.07002002 -0.9901459 -0.1212784 -0.6149528 0.4936225 -0.6149553 -0.4348345 0.4936278 -0.7531604 -0.3627625 0.8583737 -0.3627645 -0.09902817 0.9901449 -0.09902828 -0.07002139 0.9901456 -0.1212803 -0.6149524 -0.4936226 -0.6149556 -0.7010889 -0.130189 -0.7010886 -0.3627643 -0.8583729 -0.3627645 -0.09902656 -0.9901455 -0.09902495 -0.4443045 0.8583657 -0.2565187 -0.7531617 -0.4936205 -0.4348405 -0.4443001 -0.8583682 -0.2565181 -0.1212837 -0.990145 -0.07002305 -0.7531605 0.4936261 -0.4348363 -0.8400433 0.4936224 -0.2250872 -0.1352719 0.9901453 -0.036246 -0.1212812 0.9901455 -0.07002055 -0.8400458 -0.4936166 -0.2250908 -0.4955554 -0.8583667 -0.1327841 -0.1352703 -0.9901457 -0.0362448 -0.869674 0.4936267 1.4543e-6 -0.4955518 0.858369 -0.1327829 -0.1400414 0.9901458 0 -0.8696711 -0.4936317 0 -0.5130261 -0.8583731 0 -0.840046 0.4936157 0.2250917 -0.5130281 0.8583719 1.64145e-7 -0.4955534 0.8583679 0.1327835 -0.8400473 -0.4936146 0.2250899 -0.4955552 -0.8583668 0.1327837 -0.1352703 -0.9901456 0.03624486 -0.7531636 0.4936199 0.4348379 -0.1212815 0.9901455 0.07002073 -0.1352736 0.9901451 0.03624612 -0.7531584 -0.4936289 0.4348366 -0.8586553 -0.1301897 0.4957435 -0.4443016 -0.8583674 0.256518 -0.1212846 -0.9901449 0.07002377 -0.6149536 0.4936236 0.6149535 -0.3627681 0.8583698 0.3627679 -0.4442979 0.8583706 0.256514 -0.09902662 0.9901453 0.0990262 -0.6149538 -0.493622 0.6149547 -0.3627656 -0.8583713 0.3627672 -0.09902566 -0.9901455 0.0990256 -0.434836 0.4936249 0.7531614 -0.2565174 0.8583682 0.4443007 -0.4348364 -0.4936243 0.7531616 -0.2565164 -0.8583682 0.4443011 -0.07002258 -0.9901453 0.1212818 -0.2250878 0.4936257 0.8400412 -0.0362457 0.9901456 0.1352698 -0.07001978 0.990146 0.1212773 -0.2250881 -0.4936254 0.8400413 -0.1327822 -0.8583703 0.4955496 -0.03624606 -0.990146 0.1352676 -0.1327811 0.8583713 0.4955483 1.24353e-7 -0.8583728 0.5130265 -2.52448e-6 0 1 0.3826836 0 0.9238795 2.0989e-6 0 1 0.7071094 0 0.7071042 0.7071063 3.59874e-7 0.7071074 0.9238801 -4.67591e-7 0.3826822 0.9238783 2.81831e-7 0.3826866 1 -4.46771e-7 -2.36972e-6 1 3.0263e-7 2.35038e-6 0.9238783 0 -0.3826864 0.9238802 1.4795e-7 -0.382682 0.707108 0 -0.7071056 0.7071076 -7.3829e-7 -0.707106 0.3826811 -4.22631e-7 -0.9238806 0.3826856 1.51164e-7 -0.9238787 -2.12791e-6 -1.33625e-7 -1 1.67331e-6 0 -1 -0.3826851 0 -0.923879 -0.3826807 -1.33193e-7 -0.9238808 -0.7071085 -5.26499e-7 -0.7071051 -0.7071048 0 -0.7071088 -0.9238806 -4.05324e-7 -0.3826808 -0.9238788 3.28562e-7 -0.3826853 -1 0 2.35038e-6 -1 -1.59664e-7 -2.35038e-6 -0.9238787 0 0.3826854 -0.9238806 0 0.382681 -0.7071052 0 0.7071084 0 -1 0 0 -1 0 -0.7071084 2.69976e-7 0.7071053 -0.3826811 0 0.9238805 -0.3826851 0 0.923879 0 1 0 0 1 0 0 1 0 0.8586516 -0.1302052 -0.495746 0.8400472 -0.4936147 -0.2250898 0.7531558 -0.4936353 -0.434834 0.7531561 -0.493634 0.4348348 0.362762 -0.8583749 0.3627619 0.4442955 -0.8583717 0.256514 -0.2566195 -0.1301913 0.9577039 1.83397e-6 0.1301897 0.9914891 -0.2566167 0.1301931 0.9577044 0.4443052 -0.8583652 -0.256519 0.7010881 -0.1301901 0.7010892 0.8586531 -0.1301981 0.4957451 0.4957438 0.130188 0.8586555 0.7010879 0.1301906 0.7010893 0.840047 0.4936149 -0.2250898 0.444301 0.8583686 -0.2565156 0.495545 0.8583731 -0.1327814 0.3627697 0.8583682 0.36277 0.1212862 0.9901446 0.07002472 0.09903115 0.9901441 0.0990324 0.8586527 0.1302014 0.4957453 0.858653 0.1302044 -0.4957436 0.9577057 0.130189 -0.2566139 0.7531561 0.4936341 0.4348351 0.6149506 0.493632 0.6149499 0.9577056 -0.1301887 0.2566145 0.9577041 0.1301903 0.2566192 0.5130375 -0.8583663 2.99075e-7 0.1352763 -0.9901447 -0.03624737 0.4955504 -0.8583698 -0.1327823 0.9914909 -0.1301771 -1.78036e-6 0.9914921 0.1301674 3.02901e-6 0.2565191 -0.8583667 0.4443023 0.09902274 -0.990146 0.09902316 0.9577047 -0.1301893 -0.2566176 0.614952 -0.493629 0.6149508 0.5130327 0.8583691 3.3506e-7 0.1352724 0.9901452 -0.03624701 0.1400345 0.9901466 -1.03375e-6 0.4957466 -0.1301914 0.8586533 0.7010865 -0.1301931 -0.7010903 0.7010893 0.1301892 -0.7010882 0.8696813 0.4936137 8.38578e-7 0.07002431 0.9901447 0.1212855 0.2565209 0.8583658 0.444303 0.4957441 -0.1301882 -0.8586553 0.4957463 0.1301931 -0.8586534 0.4348396 0.4936213 0.7531619 0.2566165 -0.1301912 -0.9577047 0.2566174 0.1301901 -0.9577046 0.1352747 -0.990145 0.03624755 0.1400446 -0.9901452 1.00503e-6 -1.56815e-6 0.1301904 -0.9914891 0.840047 -0.4936149 0.2250898 0.8696795 -0.493617 0 0.0362448 -0.9901462 0.1352667 0.07001918 -0.9901461 0.1212769 1.58034e-6 -0.1301897 -0.9914891 -0.2566202 0.1301921 -0.9577037 0.434839 -0.493624 0.7531604 0.1327816 -0.8583719 0.4955469 -0.256616 -0.1301922 -0.9577047 -0.4957458 0.1301913 -0.8586538 0.1352751 0.9901449 0.03624671 0.4955504 0.8583697 0.1327825 0.2250889 -0.4936302 0.8400384 -0.4957433 -0.1301898 -0.8586555 -0.7010902 0.1301892 -0.7010872 0.8400429 0.4936217 0.2250902 0.03624767 0.9901446 0.1352767 0.1327831 0.8583674 0.4955545 -0.7010875 -0.1301893 -0.7010899 -0.8586565 0.1301887 -0.495742 0.2250887 0.4936285 0.8400393 -0.8586549 -0.1301887 -0.4957449 0.4955451 -0.8583731 0.1327809 0.2566171 0.1301918 0.9577044 -0.9577057 -0.1301828 -0.2566167 -0.991488 0.130198 3.05463e-6 0 -0.9901463 0.1400366 -0.991489 -0.1301906 -1.78524e-6 -0.9577053 0.1301809 0.2566195 1.32211e-7 -0.4936172 0.8696794 -0.9577061 -0.1301867 0.2566134 -0.8586542 0.1301873 0.4957463 0.4443032 0.8583666 0.2565178 0.2566168 -0.1301895 0.9577048 -0.8586562 -0.1301915 0.4957416 -0.7010877 0.1301893 0.7010897 0 0.9901446 0.140049 1.54197e-7 0.8583721 0.5130276 -0.7010912 -0.1301897 0.7010862 -0.495743 0.1301897 0.8586556 1.25286e-7 0.4936187 0.8696784 -0.4957475 -0.1301902 0.8586531 0.1212766 -0.9901461 0.07002013 -0.1400488 -0.9901446 4.52471e-7 0.07002526 -0.9901443 -0.1212883 -1.79739e-6 -0.1301904 0.9914891 0.1212875 -0.9901443 -0.07002562 0.7531571 0.4936324 -0.4348349 0.3627654 0.8583728 -0.3627638 0.1212779 0.9901459 -0.07002013 0.6149517 -0.4936297 -0.6149505 0.3627691 -0.8583694 -0.3627681 0.0990296 -0.9901446 -0.09902989 0.6149523 0.4936286 -0.6149508 0.2565187 0.8583682 -0.4442996 0.07001936 0.9901463 -0.1212751 0.09902304 0.9901458 -0.09902489 0.4348398 -0.4936215 -0.7531615 0.2565215 -0.8583635 -0.4443073 0.2250892 0.4936278 -0.8400396 0.4348387 0.4936237 -0.7531607 0.1327819 0.8583711 -0.4955481 0.03624558 0.9901461 -0.1352674 0.2250888 -0.4936297 -0.8400385 0.1327832 -0.8583683 -0.4955526 0.03624755 -0.9901447 -0.1352764 1.27804e-7 0.4936192 -0.8696781 0 0.9901461 -0.1400393 0 -0.4936167 -0.8696796 1.56685e-7 -0.8583714 -0.5130288 0 -0.9901447 -0.1400483 -0.132781 0.8583714 -0.495548 0 0.8583765 -0.5130204 -0.2250873 -0.4936274 -0.8400404 -0.1327819 -0.858369 -0.495552 -0.03624731 -0.9901448 -0.1352754 -0.2250888 0.4936246 -0.8400416 -0.2565148 0.8583705 -0.4442975 -0.03624504 0.9901461 -0.1352668 -0.4348354 -0.4936257 -0.7531613 -0.2565183 -0.8583658 -0.4443045 -0.07002508 -0.9901445 -0.1212863 -0.614953 0.4936226 -0.614955 -0.434835 0.4936283 -0.7531598 -0.36276 0.8583757 -0.3627621 -0.0990262 0.9901452 -0.09902733 -0.07001882 0.9901462 -0.1212763 -0.6149529 -0.4936218 -0.6149557 -0.3627663 -0.8583707 -0.3627677 -0.09902983 -0.9901446 -0.09902918 -0.4443014 0.858368 -0.2565164 -0.7531622 -0.4936208 -0.4348393 -0.4443035 -0.8583663 -0.2565189 -0.1212879 -0.9901443 -0.07002556 -0.7531604 0.4936262 -0.4348364 -0.8400433 0.4936224 -0.225087 -0.1352704 0.9901455 -0.0362479 -0.121277 0.9901462 -0.07001829 -0.8400458 -0.4936166 -0.2250905 -0.4955588 -0.8583644 -0.1327855 -0.135275 -0.9901449 -0.03624635 -0.869674 0.4936268 1.40771e-6 -0.4955486 0.8583708 -0.1327828 -0.1400451 0.9901452 -2.13785e-7 -0.8696711 -0.4936317 0 -0.5130298 -0.8583709 0 -0.8400461 0.4936156 0.2250916 -0.5130317 0.8583696 0 -0.4955569 0.8583656 0.1327852 -0.8400472 -0.4936146 0.2250894 -0.4955519 -0.8583688 0.1327837 -0.1352711 -0.9901454 0.03624749 -0.7531633 0.49362 0.4348384 -0.1212857 0.9901446 0.07002401 -0.1352778 0.9901445 0.03624784 -0.7531588 -0.4936292 0.4348358 -0.4442986 -0.8583698 0.2565152 -0.1212816 -0.9901454 0.0700221 -0.6149542 0.4936226 0.6149538 -0.3627702 0.8583678 0.3627706 -0.4443012 0.8583685 0.256515 -0.09903043 0.9901444 0.09903085 -0.6149537 -0.4936221 0.6149547 -0.362763 -0.8583733 0.3627647 -0.09902215 -0.9901461 0.09902185 -0.4348356 0.4936266 0.7531605 -0.2565191 0.8583657 0.4443046 -0.4348363 -0.4936243 0.7531617 -0.2565146 -0.8583703 0.4442982 -0.07002019 -0.9901459 0.1212782 -0.2250879 0.493627 0.8400404 -0.03624796 0.9901445 0.1352776 -0.07002365 0.9901448 0.1212848 -0.2250881 -0.4936249 0.8400416 -0.132781 -0.858372 0.4955469 -0.03624475 -0.9901461 0.135267 -0.1327821 0.8583684 0.4955531 1.21866e-7 -0.8583768 0.51302 -2.57284e-6 0 1 0.3826837 0 0.9238795 2.11824e-6 0 1 0.7071094 0 0.7071042 0.7071062 3.59874e-7 0.7071074 0.9238802 -4.67592e-7 0.3826822 0.9238783 2.81831e-7 0.3826866 1 -4.46772e-7 -2.40841e-6 1 3.02631e-7 2.3794e-6 0.9238783 0 -0.3826866 0.9238802 1.4795e-7 -0.382682 0.7071077 0 -0.7071059 0.7071078 -7.38291e-7 -0.7071058 0.382681 -4.22631e-7 -0.9238806 0.3826858 1.51164e-7 -0.9238787 -2.99842e-6 -1.33625e-7 -1 2.54382e-6 0 -1 -0.3826853 0 -0.9238787 -0.3826807 -1.33193e-7 -0.9238808 -0.7071084 -5.265e-7 -0.7071052 -0.7071051 0 -0.7071086 -0.9238806 -4.05325e-7 -0.3826809 -0.9238787 3.28563e-7 -0.3826854 -1 0 2.36972e-6 -1 -1.59664e-7 -2.39874e-6 -0.9238787 0 0.3826854 -0.9238806 0 0.3826809 -0.7071052 0 0.7071085 0 -1 0 -0.7071083 2.69976e-7 0.7071053 -0.3826811 0 0.9238806 -0.3826851 0 0.9238789 0 1 3.5508e-7 0 1 0 0 1 3.5619e-7 1.72164e-6 0 1 0.3826819 0 0.9238802 -1.72164e-6 0 1 0.382685 0 0.9238789 0.7071054 0 0.7071082 0.7071076 0 0.7071059 0.9238791 0 0.3826845 0.9238803 0 0.3826817 1 0 1.60557e-6 1 0 -1.60557e-6 0.9238803 0 -0.3826817 0.9238791 0 -0.3826846 0.7071078 0 -0.7071059 0.7071053 0 -0.7071083 0.3826852 0 -0.9238788 0.3826816 0 -0.9238803 1.97312e-6 0 -1 -1.97312e-6 0 -1 -0.3826816 0 -0.9238803 -0.3826852 0 -0.9238788 -0.7071053 0 -0.7071083 -0.7071078 0 -0.7071058 -0.9238791 0 -0.3826848 -0.9238803 0 -0.3826816 -1 0 -1.81836e-6 -1 0 1.81836e-6 -0.9238803 1.35705e-7 0.3826816 -0.9238791 0 0.3826847 -0.7071077 1.2786e-7 0.7071059 0 -1 5.31441e-7 0 -1 3.04722e-7 0 -1 -5.3145e-7 -0.7071054 0 0.7071082 -0.382685 0 0.9238789 -0.3826818 0 0.9238802 0 1 2.32979e-7 0 1 0 0 1 -1.57923e-7 1.72164e-6 0 1 0.3826819 0 0.9238802 -1.72164e-6 0 1 0.382685 0 0.9238789 0.7071054 1.3511e-7 0.7071082 0.7071076 0 0.7071059 0.9238791 1.27264e-7 0.3826845 0.9238803 0 0.3826817 1 0 1.60557e-6 1 0 -1.60557e-6 0.9238803 0 -0.3826817 0.9238791 -1.48469e-7 -0.3826846 0.7071078 0 -0.7071059 0.7071053 0 -0.7071083 0.3826852 0 -0.9238788 0.3826816 0 -0.9238803 1.97312e-6 0 -1 -1.97312e-6 0 -1 -0.3826816 0 -0.9238803 -0.3826852 0 -0.9238788 -0.7071053 0 -0.7071083 -0.7071078 0 -0.7071058 -0.9238791 0 -0.3826848 -0.9238803 0 -0.3826816 -1 0 -1.81836e-6 -1 0 1.81836e-6 -0.9238803 0 0.3826816 -0.9238791 0 0.3826847 -0.7071077 1.3027e-7 0.7071059 0 -1 5.3144e-7 0 -1 3.04725e-7 0 -1 -5.31451e-7 -0.7071054 0 0.7071082 -0.382685 0 0.9238789 -0.3826818 0 0.9238802 0 1 0 0 1 -1.57922e-7 0.1279789 -0.9834857 0.1279739 -0.1279763 -0.9834861 -0.1279745 0.1279767 -0.9834858 -0.1279752 0.9834884 0.127964 0.1279683 0.9834882 -0.1279646 -0.127969 0.9834873 0.1279709 -0.1279697 -0.1279725 0.127972 0.9834868 0.1279727 -0.1279731 0.9834866 0.127973 0.1279727 0.9834866 -0.9834882 -0.1279651 0.1279683 -0.9834884 0.1279633 -0.1279689 -0.9834877 -0.1279685 -0.1279697 -0.1279746 0.9834868 0.1279695 0.1279709 0.9834872 -0.12797 -0.1279724 0.983487 -0.1279709 -0.1216039 -0.4915696 -0.8623062 -0.4915668 -0.1216017 -0.862308 -0.1279726 -0.1279731 -0.9834866 -0.121606 -0.8623057 -0.4915699 -0.4488453 -0.4488429 -0.7727084 -0.4915655 -0.8623086 -0.1216026 -0.7727016 -0.448857 -0.4488425 -0.4488347 -0.7727146 -0.4488425 -0.8623065 -0.121604 -0.4915691 -0.8623077 -0.491568 -0.1216002 -0.1216064 -0.8623046 0.4915716 -0.4915697 -0.8623061 0.1216034 -0.1279792 -0.9834856 0.1279745 -0.4488453 -0.4488429 0.7727084 -0.4488354 -0.7727136 0.4488438 -0.4915655 -0.1216017 0.8623088 -0.121604 -0.4915686 0.8623067 -0.1279731 -0.1279739 0.9834865 -0.8623056 -0.1216024 0.4915709 -0.862308 -0.4915668 0.1216017 -0.7727015 -0.4488567 0.448843 -0.4915658 0.1216021 -0.8623085 -0.1216062 0.4915739 -0.8623033 -0.127973 0.1279727 -0.9834866 -0.8623052 0.1216028 -0.4915713 -0.4488546 0.4488345 -0.7727077 -0.8623035 0.4915745 -0.1216027 -0.4488492 0.7727021 -0.4488497 -0.7727047 0.4488427 -0.4488517 -0.1216048 0.8623098 -0.4915631 -0.4915587 0.8623127 -0.1216012 -0.121606 0.4915749 0.8623029 -0.4915672 0.1216022 0.8623077 -0.4488475 0.7727038 0.4488485 -0.4488546 0.4488345 0.7727078 -0.4915595 0.8623123 0.1216015 -0.121604 0.8623108 0.4915613 -0.8623021 0.4915772 0.1216028 -0.8623062 0.1216033 0.4915695 -0.983488 0.1279657 0.127969 -0.772704 0.4488438 0.4488517 0.4915655 -0.1216017 -0.8623088 0.121604 -0.4915686 -0.8623067 0.1279731 -0.1279739 -0.9834865 0.8623057 -0.1216024 -0.4915708 0.4488452 -0.4488428 -0.7727084 0.8623089 -0.4915655 -0.1216009 0.4915674 -0.8623076 -0.1216029 0.772702 -0.4488562 -0.4488427 0.1216067 -0.8623045 -0.4915717 0.448836 -0.7727131 -0.4488438 0.1216039 -0.4915696 0.8623062 0.4915668 -0.1216017 0.862308 0.1216058 -0.8623057 0.4915699 0.4488453 -0.4488429 0.7727084 0.491568 -0.8623072 0.1216033 0.7727012 -0.4488575 0.4488428 0.4488341 -0.7727149 0.4488426 0.8623067 -0.1216028 0.4915691 0.8623074 -0.4915682 0.1216011 0.9834879 -0.1279669 0.127969 0.121606 0.4915749 -0.8623029 0.4915672 0.1216022 -0.8623077 0.1279725 0.127972 -0.9834868 0.4488479 0.7727035 -0.4488484 0.4488546 0.4488345 -0.7727078 0.4915561 0.8623143 -0.1216009 0.1216042 0.8623108 -0.4915614 0.8623005 0.49158 -0.1216019 0.8623061 0.1216044 -0.4915695 0.7727043 0.4488434 -0.4488515 0.4915658 0.1216021 0.8623085 0.1216062 0.4915739 0.8623033 0.8623052 0.1216029 0.4915714 0.4488546 0.4488345 0.7727077 0.8623027 0.4915757 0.1216034 0.4488488 0.7727023 0.4488497 0.7727045 0.448843 0.4488518 0.1216046 0.8623099 0.491563 0.4915612 0.8623112 0.1216018 0.1279748 0.9834868 0.1279701 0.1279719 -0.983487 0.1279711 -0.1279719 -0.983487 -0.1279711 0.1279744 -0.9834866 -0.1279713 0.9834895 0.1279606 0.1279634 0.9834895 -0.1279606 -0.127963 0.9834896 0.1279609 -0.127962 -0.1279737 0.1279731 0.9834865 0.127974 -0.1279731 0.9834864 0.1279719 0.1279728 0.9834868 -0.9834895 -0.1279606 0.1279629 -0.9834895 0.1279606 -0.1279634 -0.9834896 -0.1279609 -0.1279616 -0.1279719 0.9834869 0.1279723 0.1279719 0.9834869 -0.1279723 -0.1279721 0.9834868 -0.1279724 -0.1216028 -0.4915688 -0.8623067 -0.491562 -0.1216028 -0.8623107 -0.1279731 -0.1279724 -0.9834867 -0.4488387 -0.7727127 -0.4488422 -0.4488477 -0.448834 -0.772712 -0.4915607 -0.8623116 -0.121601 -0.1216022 -0.8623088 -0.4915655 -0.8623058 -0.4915714 -0.1215994 -0.8623095 -0.121596 -0.4915656 -0.7727043 -0.4488511 -0.4488438 -0.1216017 -0.8623085 0.4915661 -0.4915654 -0.8623089 0.1216011 -0.1279721 -0.9834869 0.1279712 -0.4488407 -0.4488436 0.7727104 -0.4488455 -0.7727107 0.4488384 -0.491561 -0.1216017 0.8623114 -0.1216012 -0.4915686 0.8623071 -0.1279722 -0.1279729 0.9834867 -0.8623083 -0.1215988 0.491567 -0.8623116 -0.4915612 0.1215996 -0.7727072 -0.4488445 0.4488456 -0.4915627 0.1216006 -0.8623105 -0.1216007 0.4915676 -0.8623077 -0.1279706 0.1279721 -0.983487 -0.7727027 0.4488468 -0.4488507 -0.4488402 0.448852 -0.7727059 -0.8623104 0.4915632 -0.1216002 -0.8623086 0.1215959 -0.4915672 -0.4488439 0.7727139 -0.4488346 -0.1216029 0.862307 -0.4915684 -0.4915664 0.8623083 -0.1216016 -0.1216028 0.4915696 0.8623063 -0.4915626 0.1216029 0.8623103 -0.4488434 0.7727072 0.4488466 -0.4488477 0.4488325 0.772713 -0.4915603 0.862312 0.1216003 -0.1216006 0.8623087 0.491566 -0.8623077 0.491568 0.1215995 -0.8623089 0.1215983 0.4915663 -0.9834896 0.1279608 0.127962 -0.7727065 0.4488428 0.4488485 0.4915627 -0.1216017 -0.8623104 0.1216006 -0.4915692 -0.8623068 0.1279709 -0.1279723 -0.983487 0.7727069 -0.4488402 -0.4488502 0.4488425 -0.4488474 -0.7727072 0.8623071 -0.4915686 -0.121601 0.8623081 -0.1216015 -0.4915667 0.4488489 -0.7727087 -0.4488384 0.1216017 -0.8623087 -0.4915656 0.4915618 -0.8623111 -0.1216008 0.1216026 -0.4915704 0.8623058 0.4915623 -0.1216049 0.8623102 0.4488395 -0.772713 0.4488407 0.4488464 -0.4488356 0.7727119 0.4915598 -0.8623124 0.1215996 0.1215999 -0.8623109 0.4915623 0.8623054 -0.4915722 0.1215994 0.8623088 -0.121602 0.4915654 0.9834896 -0.1279609 0.1279616 0.7727047 -0.4488504 0.4488441 0.1216024 0.4915706 -0.8623059 0.4915618 0.1216051 -0.8623105 0.1279729 0.1279724 -0.9834867 0.4488422 0.7727099 -0.4488432 0.4488478 0.4488381 -0.7727097 0.4915596 0.8623124 -0.1215998 0.1216003 0.8623089 -0.4915656 0.8623051 0.4915726 -0.1215992 0.862308 0.1216043 -0.4915661 0.7727031 0.4488515 -0.4488459 0.4915635 0.1216003 0.8623101 0.1216007 0.4915695 0.8623067 0.7727035 0.448846 0.4488503 0.4488385 0.4488533 0.7727061 0.8623067 0.4915696 0.1216003 0.8623082 0.1216003 0.4915668 0.448845 0.7727132 0.4488346 0.1216012 0.8623083 0.4915665 0.4915622 0.8623109 0.1216 0.1279743 0.9834865 0.1279725 2.42771e-6 1 0 0.3826842 0.9238792 0 -2.42771e-6 1 0 0.3826827 0.9238799 0 0.7071061 0.7071075 0 0.7071072 0.7071064 0 0.9238772 0.3826892 0 0.9238837 0.3826736 0 1 1.12487e-5 0 1 -1.1239e-5 0 0.9238836 -0.3826736 0 0.9238772 -0.3826891 0 0.7071071 -0.7071065 0 0.7071061 -0.7071075 0 0.3826827 -0.9238799 0 0.3826843 -0.9238793 0 2.42771e-6 -1 0 -2.42771e-6 -1 0 -0.3826842 -0.9238792 0 -0.3826853 -0.9238788 0 -0.7071061 -0.7071075 0 -0.7071092 -0.7071045 0 -0.9238772 -0.3826892 0 -0.9238818 -0.3826781 0 -1 -6.3546e-6 0 -1 6.35461e-6 0 -0.9238817 0.3826782 0 -0.9238772 0.3826891 0 -0.7071092 0.7071045 0 -1.82657e-6 0 1 -9.13362e-7 0 1 9.13315e-7 0 1 -0.7071061 0.7071075 0 -0.3826853 0.9238788 0 -0.3826843 0.9238793 0 0.1279721 -0.9834869 -0.1279712 -0.1279743 0.9834865 -0.1279725 -0.1216023 -0.4915712 -0.8623055 -0.4915617 -0.121605 -0.8623105 -0.1279731 -0.1279725 -0.9834866 -0.4488422 -0.7727108 -0.4488415 -0.4488478 -0.4488379 -0.7727096 -0.4915594 -0.8623125 -0.1215996 -0.1216003 -0.8623106 -0.4915629 -0.8623052 -0.4915725 -0.1215996 -0.8623086 -0.1216045 -0.4915652 -0.7727044 -0.4488517 -0.4488432 -0.1216015 -0.8623088 0.4915655 -0.491562 -0.862311 0.1216008 -0.1279744 -0.9834866 0.1279713 -0.4488391 -0.4488478 0.7727089 -0.4488423 -0.7727144 0.4488353 -0.4915608 -0.1216037 0.8623112 -0.1216009 -0.4915698 0.8623064 -0.862308 -0.1216007 0.4915671 -0.8623069 -0.4915695 0.1215994 -0.7727053 -0.4488489 0.4488444 -0.4915626 0.1216019 -0.8623104 -0.1216004 0.4915689 -0.8623071 -0.1279706 0.1279722 -0.983487 -0.772706 0.4488399 -0.4488521 -0.4488422 0.4488477 -0.7727074 -0.8623071 0.4915687 -0.1216006 -0.862308 0.1216015 -0.491567 -0.4488491 0.7727093 -0.4488372 -0.1216015 0.8623082 -0.4915666 -0.491562 0.8623111 -0.1216001 -0.1216027 0.4915699 0.8623062 -0.4915624 0.121605 0.8623101 -0.4488393 0.772712 0.4488424 -0.4488462 0.4488356 0.772712 -0.4915601 0.8623121 0.1215999 -0.1215999 0.8623093 0.4915651 -0.8623054 0.4915723 0.121599 -0.8623082 0.1216018 0.4915664 -0.7727032 0.4488502 0.4488468 0.4915628 -0.1216005 -0.8623105 0.1216009 -0.4915679 -0.8623075 0.1279709 -0.1279721 -0.983487 0.7727037 -0.4488472 -0.4488489 0.4488406 -0.4488517 -0.7727058 0.8623104 -0.4915632 -0.1216005 0.8623088 -0.1215959 -0.491567 0.4488438 -0.7727133 -0.4488357 0.1216032 -0.8623076 -0.4915675 0.4915663 -0.8623083 -0.1216023 0.1216027 -0.4915703 0.862306 0.4915625 -0.1216028 0.8623103 0.4488434 -0.7727081 0.448845 0.4488479 -0.4488323 0.772713 0.4915601 -0.8623121 0.1216001 0.1216006 -0.8623102 0.4915633 0.8623077 -0.4915679 0.1215999 0.8623093 -0.1215985 0.4915653 0.7727079 -0.448843 0.4488458 0.1216029 0.4915681 -0.8623071 0.4915621 0.121603 -0.8623106 0.1279729 0.1279724 -0.9834867 0.4488385 0.7727116 -0.4488438 0.4488474 0.4488341 -0.7727121 0.4915609 0.8623114 -0.1216013 0.1216022 0.8623072 -0.4915683 0.8623058 0.4915714 -0.121599 0.862309 0.1215959 -0.4915665 0.7727029 0.4488509 -0.4488465 0.4915634 0.1216012 0.8623101 0.121601 0.4915683 0.8623074 0.7727081 0.448835 0.4488535 0.4488428 0.4488406 0.772711 0.8623114 0.4915612 0.1216004 0.8623082 0.1216027 0.4915663 0.4488482 0.7727095 0.4488378 0.1216014 0.862308 0.4915671 0.4915655 0.8623089 0.1216003 0.1279721 0.9834868 0.1279724 0.3826853 0.9238788 0 0.7071092 0.7071045 0 0.9238818 0.3826781 0 1 6.3546e-6 0 1 -6.35461e-6 0 0.9238817 -0.3826782 0 0.7071092 -0.7071045 0 0.3826853 -0.9238788 0 -0.3826827 -0.9238799 0 -0.7071072 -0.7071064 0 -0.9238837 -0.3826736 0 -1 -1.12487e-5 0 -1 1.1239e-5 0 -0.9238836 0.3826736 0 -0.7071071 0.7071065 0 -0.3826827 0.9238799 0 0 1 7.46893e-7 0 -1 2.45745e-7 0 1 -2.98758e-7 0 -1 -2.45751e-7 0 1 -1.49377e-7 0 -1 -1.22876e-7 0 1 0 0 -1 1.22876e-7 0 1 -2.98757e-7 0 -1 -4.91503e-7 0 1 -4.48132e-7 0 1 -7.4689e-7 0 -1 -4.91503e-7 0 1 1.49377e-7 0 -1 1.22876e-7 0 1 0 0 -1 -1.22876e-7 0 1 2.98756e-7 0 -1 -4.91503e-7 0 1 -5.97514e-7 0 -1 4.91499e-7 0 1 4.48136e-7 -1 -1.42878e-7 0 0 -1 2.11132e-7 0 -1 3.80113e-6 0 -1 3.27775e-7 0 -1 4.01822e-7 0 -1 2.4483e-6 0 -1 -3.80113e-6 0 -1 -2.11127e-7 0 -1 2.44833e-6 -1.22062e-5 1 -5.70134e-6 2.40447e-6 1 -1.3327e-6 0 1 -1.90045e-6 0 1 3.80107e-6 0 1 2.1113e-7 0 1 -1.00605e-6 0 1 3.80124e-6 0 1 4.55369e-7 0 1 -9.50252e-7 3.10073e-7 1 -1.35118e-6 1.22066e-5 1 -5.70151e-6 5.65599e-7 1 -1.53387e-6 -0.8660259 0 0.4999993 0.8660258 0 -0.4999995 0 -1 0 0.5000003 0 0.8660253 0.4999996 0 -0.8660258 -0.8660248 0 -0.5000012 -0.5 0 -0.8660254 0.8660248 0 -0.5000011 0.8660259 0 0.4999993 -0.8660261 0 -0.4999989 0 -1 1.76386e-7 -0.4999998 0 0.8660255 0.8660259 0 -0.4999993 -0.8660259 0 0.4999992 0 -1 0 0.4999996 0 0.8660256 -0.4999994 0 -0.8660258 0.5 0 -0.8660254 0 1 0 0.8660248 0 0.5000011 -0.4999996 0 -0.8660258 0.8660247 0 -0.5000013 -0.8660248 0 0.5000013 0.8660259 0 0.4999992 0 -1 -1.76387e-7 0.5000001 0 -0.8660254 -1 0 0 0 -1 4.01827e-7 -1.22066e-5 1 -5.70151e-6 2.40445e-6 1 -1.33271e-6 0 1 -1.9005e-6 0 1 3.80118e-6 0 1 2.11136e-7 0 1 -1.00606e-6 0 1 3.80101e-6 0 1 4.55357e-7 0 1 -9.50223e-7 3.10052e-7 1 -1.35116e-6 1.22062e-5 1 -5.70134e-6 5.65579e-7 1 -1.53386e-6 0.3826829 0 0.9238798 0 -1 -3.26239e-6 0 -1 -2.32982e-7 0 -1 0 0 -1 -1.63117e-6 0 -1 4.15391e-7 0 -1 0 0 -1 0 0 -1 1.63117e-6 0 1 -1.63119e-6 0 1 0 0 1 8.15586e-7 0 1 0 0 1 3.67778e-7 0 1 0 0 1 -1.00553e-6 0 1 8.15576e-7 0.382683 0 0.9238798 0 -1 0 0 -1 8.15586e-7 0 -1 -2.07696e-7 0 -1 0 0 -1 -2.12756e-6 0 -1 -3.27294e-7 0 -1 0 0 -1 -8.15586e-7 0 1 2.32977e-7 0 1 0 0 1 -1.63117e-6 0 1 -1.79841e-6 0 1 1.89458e-6 0 1 -3.2623e-6 0 1 2.32983e-7 0 1 3.2623e-6 0.382683 0 0.9238797 0 -1 -3.26236e-6 0 -1 -4.65961e-7 0 -1 -3.26238e-6 0 -1 0 0 -1 0 0 -1 -1.63118e-6 0 -1 3.26237e-6 0 -1 2.32982e-7 0 -1 0 0 -1 -1.63119e-6 0 -1 1.63118e-6 0 1 1.32864e-7 0 1 5.31424e-7 0 1 0 0 1 8.156e-7 0 1 -5.31424e-7 0 1 0 0 1 -8.15597e-7 0.3826831 0 0.9238797 0 -1 0 0 -1 0 0 -1 8.15591e-7 0 -1 0 0 -1 8.15594e-7 0 -1 -8.15589e-7 0 1 0 0 1 -1.6312e-6 0 1 0 0 1 1.63119e-6 0 -1 -3.26237e-6 0 -1 -3.26237e-6 0 -1 0 0 -1 3.26237e-6 0 -1 2.32982e-7 0 -1 0 0 1 0 0 1 8.15602e-7 0 -1 0 0 -1 0 0 1 0 0 1 -1.6312e-6 0.3826833 0 0.9238796 0 -1 -2.32982e-7 0 -1 0 0 -1 -4.15391e-7 0 -1 0 0 1 -1.32865e-7 0 1 -3.67776e-7 0 1 1.00554e-6 0 1 -8.15576e-7 0 1 1.63119e-6 0 1 0 0.3826833 0 0.9238796 0 -1 0 0 -1 0 0 -1 2.07696e-7 0 -1 0 0 1 5.31458e-7 0 1 1.7984e-6 0 1 -1.8946e-6 0 1 -2.32984e-7 0 1 -3.26238e-6 0 1 6.70142e-7 0 1 1.63115e-6 0 -1 1.7984e-6 0 -1 -1.89457e-6 0 -1 3.26234e-6 0 -1 0 0 -1 -1.7984e-6 0 -1 -3.04717e-7 0 -1 1.89457e-6 0 -1 -8.15607e-7 0 -1 0 0 1 -2.32979e-7 0 1 -3.26234e-6 0 1 0 0 1 7.35557e-7 0 1 1.57923e-7 0 1 -1.89456e-6 0 1 3.26234e-6 0 1 -7.35562e-7 0 1 1.89457e-6 0 -1 1.7984e-6 0 -1 -1.89457e-6 0 -1 3.26239e-6 0 -1 8.15597e-7 0 -1 0 0 -1 -1.7984e-6 0 -1 -3.04715e-7 0 -1 1.89457e-6 0 -1 -3.26234e-6 0 1 0 0 1 7.35562e-7 0 1 1.57923e-7 0 1 -7.35555e-7 0 1 1.89457e-6 9.13265e-7 0 1 1.27885e-5 0 1 1.82657e-6 0 1 1.27885e-5 0 1 -9.13313e-7 0 1 -1.27885e-5 0 1 -1.27885e-5 0 1</float_array>
          <technique_common>
            <accessor source="#track_left-mesh-normals-array" count="7744" stride="3">
              <param name="X" type="float"/>
              <param name="Y" type="float"/>
              <param name="Z" type="float"/>
            </accessor>
          </technique_common>
        </source>
        <vertices id="track_left-mesh-vertices">
          <input semantic="POSITION" source="#track_left-mesh-positions"/>
        </vertices>
        <triangles material="rubber-material" count="11616">
          <input semantic="VERTEX" source="#track_left-mesh-vertices" offset="0"/>
          <input semantic="NORMAL" source="#track_left-mesh-normals" offset="1"/>
          <p>1 0 4 1 0 2 2 3 5 4 1 5 3 6 6 7 2 8 3 9 4 10 7 11 5 12 8 13 4 1 5 4 10 14 9 15 7 16 10 17 6 7 4 10 11 18 7 11 9 19 12 20 8 13 9 15 14 21 13 22 11 23 14 24 10 17 8 25 15 26 11 18 13 27 16 28 12 20 14 21 17 29 13 22 15 30 18 31 14 24 15 26 16 32 19 33 17 34 20 35 16 28 18 36 21 37 17 29 19 38 22 39 18 31 19 33 20 40 23 41 21 42 24 43 20 35 21 37 26 44 25 45 23 46 26 47 22 39 20 40 27 48 23 41 25 49 28 50 24 43 26 44 29 51 25 45 27 52 30 53 26 47 27 48 28 54 31 55 29 56 32 57 28 50 29 51 34 58 33 59 31 60 34 61 30 53 28 54 35 62 31 55 33 63 36 64 32 57 34 58 37 65 33 59 35 66 38 67 34 61 35 62 36 68 39 69 37 70 40 71 36 64 37 65 42 72 41 5 39 73 42 74 38 67 36 68 43 75 39 69 41 76 44 77 40 71 42 72 45 78 41 5 43 79 46 80 42 74 43 75 44 81 47 82 45 83 48 84 44 77 45 78 50 85 49 86 47 87 50 88 46 80 44 81 51 89 47 82 49 90 52 91 48 84 49 86 54 92 53 93 51 94 54 95 50 88 48 96 55 97 51 89 53 98 56 99 52 91 53 93 58 100 57 101 55 102 58 103 54 95 52 104 59 105 55 97 57 106 60 107 56 99 58 100 61 108 57 101 59 109 62 110 58 103 56 111 63 112 59 105 61 113 64 114 60 107 62 5 65 115 61 108 63 116 66 117 62 110 63 112 64 69 67 118 65 119 68 120 64 114 66 121 69 122 65 115 67 123 70 124 66 117 67 118 68 125 71 126 69 127 72 128 68 120 69 122 74 5 73 5 71 129 74 130 70 124 68 125 75 131 71 126 73 132 76 133 72 128 74 5 77 5 73 5 75 134 78 135 74 130 72 69 79 136 75 131 77 137 80 138 76 133 78 139 81 140 77 5 79 141 82 142 78 135 79 136 80 143 83 144 81 145 84 146 80 138 81 140 86 147 85 148 83 149 86 150 82 142 80 143 87 151 83 144 85 152 88 153 84 146 85 148 90 154 89 155 87 156 90 157 86 150 84 158 91 159 87 151 89 160 92 161 88 153 90 154 93 162 89 155 91 163 94 164 90 157 88 165 95 166 91 159 93 167 96 168 92 161 94 169 97 170 93 162 95 171 98 172 94 164 95 166 96 173 99 97 97 174 100 175 96 168 98 176 101 177 97 170 99 178 102 179 98 172 99 97 100 180 103 181 101 182 104 183 100 175 102 184 105 185 101 177 103 186 106 187 102 179 103 181 104 188 107 189 105 190 108 191 104 183 105 185 110 192 109 193 107 194 110 195 106 187 104 188 111 196 107 189 109 197 112 198 108 191 110 192 113 199 109 193 111 200 114 201 110 195 111 196 112 202 115 69 113 203 116 204 112 198 113 199 118 205 117 5 115 206 118 207 114 201 112 202 119 208 115 69 117 209 120 210 116 204 118 205 121 211 117 5 119 212 122 213 118 207 119 208 120 214 123 215 121 216 124 217 120 210 121 211 126 218 125 5 123 219 126 220 122 213 120 214 127 221 123 215 125 222 128 223 124 217 126 218 129 224 125 5 127 225 130 226 126 220 127 221 128 227 131 41 129 228 132 229 128 223 129 224 134 230 133 231 131 232 134 233 130 226 128 227 135 234 131 41 133 235 136 236 132 229 133 231 138 237 137 238 135 239 138 240 134 233 132 241 139 242 135 234 137 243 140 244 136 236 138 237 141 245 137 238 139 246 142 247 138 240 139 242 140 69 143 248 141 249 144 250 140 244 142 251 145 252 141 245 143 253 146 254 142 247 143 248 144 255 147 256 145 257 148 258 144 250 145 252 150 5 149 5 147 259 150 260 146 254 144 255 151 261 147 256 149 262 0 2 148 258 150 5 1 5 149 5 151 263 2 8 150 260 148 69 3 9 151 261 213 264 153 265 202 266 237 267 201 268 226 269 188 270 212 271 236 272 166 273 177 274 154 275 189 276 225 277 178 278 155 279 156 280 152 281 159 282 157 283 155 279 158 284 159 282 153 265 162 285 160 286 158 284 161 287 162 285 154 275 161 287 157 283 163 288 157 283 160 286 163 288 167 289 168 290 164 291 167 289 172 292 169 293 170 294 171 295 165 296 174 297 172 292 170 294 173 298 174 297 166 273 173 298 169 293 175 299 169 293 172 292 175 299 179 300 180 301 176 302 183 303 181 304 179 300 182 305 183 303 177 274 186 306 184 307 182 305 185 308 186 306 178 278 185 308 181 304 187 309 181 304 184 307 187 309 191 310 192 311 188 270 195 312 193 313 191 310 194 314 195 312 189 276 198 315 196 316 194 314 197 317 198 315 190 318 197 317 193 313 199 319 193 313 196 316 199 319 203 320 204 321 200 322 207 323 205 324 203 320 206 325 207 323 201 268 210 326 208 327 206 325 209 328 210 326 202 266 209 328 205 324 211 329 205 324 208 327 211 329 215 330 216 331 212 271 219 332 217 333 215 330 218 334 219 332 213 264 222 335 220 336 218 334 221 337 222 335 214 338 221 337 217 333 223 339 217 333 220 336 223 339 227 340 228 341 224 342 231 343 229 344 227 340 230 345 231 343 225 277 234 346 232 347 230 345 233 348 234 346 226 269 233 348 229 344 235 349 229 344 232 347 235 349 239 350 240 351 236 272 243 352 241 353 239 350 242 354 243 352 237 267 246 355 244 356 242 354 245 357 246 355 238 358 245 357 241 353 247 359 241 353 244 356 247 359 152 281 179 300 176 302 156 280 183 303 179 300 161 287 177 274 183 303 164 291 158 284 153 265 168 290 162 285 158 284 173 298 154 275 162 285 188 270 170 294 165 296 192 311 174 297 170 294 197 317 166 273 174 297 178 278 194 314 189 276 186 306 198 315 194 314 182 305 190 318 198 315 176 302 227 340 224 342 180 301 231 343 227 340 185 308 225 277 231 343 236 272 191 310 188 270 240 351 195 312 191 310 245 357 189 276 195 312 226 269 242 354 237 267 234 346 246 355 242 354 230 345 238 358 246 355 224 342 203 320 200 322 228 341 207 323 203 320 233 348 201 268 207 323 212 271 239 350 236 272 216 331 243 352 239 350 221 337 237 267 243 352 202 266 218 334 213 264 210 326 222 335 218 334 206 325 214 338 222 335 200 322 155 279 152 281 204 321 159 282 155 279 209 328 153 265 159 282 165 296 215 330 212 271 171 295 219 332 215 330 167 289 213 264 219 332 224 342 152 281 176 302 309 360 249 361 298 362 333 363 297 364 322 365 284 366 308 367 332 368 262 369 273 370 250 371 285 372 321 373 274 374 251 375 252 376 248 281 255 377 253 378 251 375 254 379 255 377 249 361 258 380 256 381 254 379 257 382 258 380 250 371 257 382 253 378 259 383 253 378 256 381 259 383 263 384 264 385 260 386 263 384 268 387 265 388 266 389 267 390 261 391 270 392 268 387 266 389 269 393 270 392 262 369 269 393 265 388 271 394 265 388 268 387 271 394 275 395 276 396 272 302 279 397 277 398 275 395 278 399 279 397 273 370 282 400 280 401 278 399 281 402 282 400 274 374 281 402 277 398 283 403 277 398 280 401 283 403 287 404 288 405 284 366 291 406 289 407 287 404 290 408 291 406 285 372 294 409 292 410 290 408 293 411 294 409 286 412 293 411 289 407 295 413 289 407 292 410 295 413 299 414 300 415 296 322 303 416 301 417 299 414 302 418 303 416 297 364 306 419 304 420 302 418 305 421 306 419 298 362 305 421 301 417 307 422 301 417 304 420 307 422 311 423 312 424 308 367 315 425 313 426 311 423 314 427 315 425 309 360 318 428 316 429 314 427 317 430 318 428 310 431 317 430 313 426 319 432 313 426 316 429 319 432 323 433 324 434 320 342 327 435 325 436 323 433 326 437 327 435 321 373 330 438 328 439 326 437 329 440 330 438 322 365 329 440 325 436 331 441 325 436 328 439 331 441 335 442 336 443 332 368 339 444 337 445 335 442 338 446 339 444 333 363 342 447 340 448 338 446 341 449 342 447 334 450 341 449 337 445 343 451 337 445 340 448 343 451 248 281 275 395 272 302 252 376 279 397 275 395 257 382 273 370 279 397 260 386 254 379 249 361 264 385 258 380 254 379 269 393 250 371 258 380 284 366 266 389 261 391 288 405 270 392 266 389 293 411 262 369 270 392 274 374 290 408 285 372 282 400 294 409 290 408 278 399 286 412 294 409 272 302 323 433 320 342 276 396 327 435 323 433 281 402 321 373 327 435 332 368 287 404 284 366 336 443 291 406 287 404 341 449 285 372 291 406 322 365 338 446 333 363 330 438 342 447 338 446 326 437 334 450 342 447 320 342 299 414 296 322 324 434 303 416 299 414 329 440 297 364 303 416 308 367 335 442 332 368 312 424 339 444 335 442 317 430 333 363 339 444 298 362 314 427 309 360 306 419 318 428 314 427 302 418 310 431 318 428 296 322 251 375 248 281 300 415 255 377 251 375 305 421 249 361 255 377 261 391 311 423 308 367 267 390 315 425 311 423 263 384 309 360 315 425 320 342 248 281 272 302 405 452 345 453 394 454 429 455 393 456 418 457 380 270 404 458 428 459 358 460 369 461 346 462 381 463 417 464 370 465 347 375 348 376 344 281 351 466 349 378 347 375 350 467 351 466 345 453 354 468 352 469 350 467 353 470 354 468 346 462 353 470 349 378 355 471 349 378 352 469 355 471 359 472 360 473 356 474 359 472 364 387 361 475 362 476 363 477 357 296 366 478 364 387 362 476 365 479 366 478 358 460 365 479 361 475 367 480 361 475 364 387 367 480 371 395 372 396 368 302 375 481 373 482 371 395 374 483 375 481 369 461 378 484 376 485 374 483 377 486 378 484 370 465 377 486 373 482 379 487 373 482 376 485 379 487 383 488 384 489 380 270 387 490 385 407 383 488 386 491 387 490 381 463 390 492 388 493 386 491 389 494 390 492 382 495 389 494 385 407 391 496 385 407 388 493 391 496 395 497 396 321 392 322 399 498 397 499 395 497 398 500 399 498 393 456 402 501 400 502 398 500 401 503 402 501 394 454 401 503 397 499 403 504 397 499 400 502 403 504 407 505 408 506 404 458 411 507 409 508 407 505 410 509 411 507 405 452 414 510 412 511 410 509 413 512 414 510 406 513 413 512 409 508 415 514 409 508 412 511 415 514 419 340 420 515 416 342 423 516 421 517 419 340 422 518 423 516 417 464 426 519 424 520 422 518 425 521 426 519 418 457 425 521 421 517 427 522 421 517 424 520 427 522 431 523 432 524 428 459 435 525 433 526 431 523 434 527 435 525 429 455 438 528 436 529 434 527 437 530 438 528 430 531 437 530 433 526 439 532 433 526 436 529 439 532 344 281 371 395 368 302 348 376 375 481 371 395 353 470 369 461 375 481 356 474 350 467 345 453 360 473 354 468 350 467 365 479 346 462 354 468 380 270 362 476 357 296 384 489 366 478 362 476 389 494 358 460 366 478 370 465 386 491 381 463 378 484 390 492 386 491 374 483 382 495 390 492 368 302 419 340 416 342 372 396 423 516 419 340 377 486 417 464 423 516 428 459 383 488 380 270 432 524 387 490 383 488 437 530 381 463 387 490 418 457 434 527 429 455 426 519 438 528 434 527 422 518 430 531 438 528 416 342 395 497 392 322 420 515 399 498 395 497 425 521 393 456 399 498 404 458 431 523 428 459 408 506 435 525 431 523 413 512 429 455 435 525 394 454 410 509 405 452 402 501 414 510 410 509 398 500 406 513 414 510 392 322 347 375 344 281 396 321 351 466 347 375 401 503 345 453 351 466 357 296 407 505 404 458 363 477 411 507 407 505 359 472 405 452 411 507 416 342 344 281 368 302 501 452 441 533 490 454 525 455 489 456 514 457 476 534 500 535 524 536 454 537 465 538 442 539 477 540 513 541 466 542 443 543 444 544 440 545 447 546 445 547 443 543 446 548 447 546 441 533 450 549 448 550 446 548 449 551 450 549 442 539 449 551 445 547 451 552 445 547 448 550 451 552 455 553 456 473 452 554 455 553 460 555 457 556 458 557 459 558 453 559 462 560 460 555 458 557 461 561 462 560 454 537 461 561 457 556 463 562 457 556 460 555 463 562 467 563 468 564 464 565 471 566 469 567 467 563 470 568 471 566 465 538 474 484 472 569 470 568 473 570 474 484 466 542 473 570 469 567 475 571 469 567 472 569 475 571 479 572 480 573 476 534 483 574 481 575 479 572 482 576 483 574 477 540 486 577 484 578 482 576 485 579 486 577 478 580 485 579 481 575 487 581 481 575 484 578 487 581 491 582 492 583 488 584 495 585 493 586 491 582 494 587 495 585 489 456 498 501 496 588 494 587 497 589 498 501 490 454 497 589 493 586 499 590 493 586 496 588 499 590 503 591 504 592 500 535 507 593 505 594 503 591 506 595 507 593 501 452 510 510 508 596 506 595 509 597 510 510 502 513 509 597 505 594 511 598 505 594 508 596 511 598 515 599 516 600 512 601 519 602 517 603 515 599 518 604 519 602 513 541 522 519 520 605 518 604 521 606 522 519 514 457 521 606 517 603 523 607 517 603 520 605 523 607 527 608 528 609 524 536 531 610 529 611 527 608 530 612 531 610 525 455 534 528 532 613 530 612 533 614 534 528 526 531 533 614 529 611 535 615 529 611 532 613 535 615 440 545 467 563 464 565 444 544 471 566 467 563 449 551 465 538 471 566 452 554 446 548 441 533 456 473 450 549 446 548 461 561 442 539 450 549 476 534 458 557 453 559 480 573 462 560 458 557 485 579 454 537 462 560 466 542 482 576 477 540 474 484 486 577 482 576 470 568 478 580 486 577 464 565 515 599 512 601 468 564 519 602 515 599 473 570 513 541 519 602 524 536 479 572 476 534 528 609 483 574 479 572 533 614 477 540 483 574 514 457 530 612 525 455 522 519 534 528 530 612 518 604 526 531 534 528 512 601 491 582 488 584 516 600 495 585 491 582 521 606 489 456 495 585 500 535 527 608 524 536 504 592 531 610 527 608 509 597 525 455 531 610 490 454 506 595 501 452 498 501 510 510 506 595 494 587 502 513 510 510 488 584 443 543 440 545 492 583 447 546 443 543 497 589 441 533 447 546 453 559 503 591 500 535 459 558 507 593 503 591 455 553 501 452 507 593 512 601 440 545 464 565 597 616 537 617 586 618 621 619 585 620 610 621 572 622 596 623 620 624 550 537 561 538 538 625 573 626 609 627 562 628 539 629 540 630 536 631 543 632 541 633 539 629 542 634 543 632 537 617 542 634 547 635 544 636 545 637 546 638 538 625 545 637 541 633 547 635 541 633 544 636 547 635 551 639 552 640 548 641 551 639 556 642 553 643 554 644 555 645 549 646 558 647 556 642 554 644 557 648 558 647 550 537 552 640 559 649 557 648 553 643 556 642 559 649 563 650 564 651 560 652 563 650 568 653 565 654 566 655 567 656 561 538 570 657 568 653 566 655 569 658 570 657 562 628 569 658 565 654 571 659 565 654 568 653 571 659 575 660 576 661 572 622 579 662 577 663 575 660 578 664 579 662 573 626 582 665 580 666 578 664 581 667 582 665 574 668 581 667 577 663 583 669 577 663 580 666 583 669 587 670 588 671 584 672 587 670 592 673 589 674 590 675 591 676 585 620 594 677 592 673 590 675 593 678 594 677 586 618 593 678 589 674 595 679 589 674 592 673 595 679 599 680 600 681 596 623 603 682 601 683 599 680 602 684 603 682 597 616 602 684 607 685 604 686 605 687 606 688 598 689 605 687 601 683 607 685 601 683 604 686 607 685 611 690 612 691 608 692 615 693 613 694 611 690 614 695 615 693 609 627 618 696 616 697 614 695 617 698 618 696 610 621 617 698 613 694 619 699 613 694 616 697 619 699 623 700 624 701 620 624 623 700 628 702 625 703 626 704 627 705 621 619 630 706 628 702 626 704 629 707 630 706 622 708 629 707 625 703 631 709 625 703 628 702 631 709 536 631 563 650 560 652 540 630 567 656 563 650 545 637 561 538 567 656 548 641 542 634 537 617 552 640 546 638 542 634 557 648 538 625 546 638 572 622 554 644 549 646 576 661 558 647 554 644 581 667 550 537 558 647 562 628 578 664 573 626 570 657 582 665 578 664 566 655 574 668 582 665 560 652 611 690 608 692 564 651 615 693 611 690 569 658 609 627 615 693 620 624 575 660 572 622 624 701 579 662 575 660 629 707 573 626 579 662 610 621 626 704 621 619 618 696 630 706 626 704 614 695 622 708 630 706 608 692 587 670 584 672 612 691 591 676 587 670 617 698 585 620 591 676 596 623 623 700 620 624 600 681 627 705 623 700 605 687 621 619 627 705 586 618 602 684 597 616 594 677 606 688 602 684 590 675 598 689 606 688 584 672 539 629 536 631 588 671 543 632 539 629 593 678 537 617 543 632 549 646 599 680 596 623 555 645 603 682 599 680 551 639 597 616 603 682 608 692 536 631 560 652 693 710 633 711 682 618 717 363 681 364 706 712 668 622 692 713 716 714 646 460 657 461 634 715 669 716 705 717 658 718 635 719 636 720 632 721 639 722 637 723 635 719 638 724 639 722 633 711 638 724 643 725 640 726 641 727 642 728 634 715 641 727 637 723 643 725 637 723 640 726 643 725 647 729 648 730 644 731 647 729 652 732 649 733 650 734 651 735 645 646 654 736 652 732 650 734 653 737 654 736 646 460 648 730 655 738 653 737 649 733 652 732 655 738 659 739 660 740 656 741 659 739 664 742 661 743 662 744 663 745 657 461 666 746 664 742 662 744 665 747 666 746 658 718 665 747 661 743 667 748 661 743 664 742 667 748 671 749 672 750 668 622 675 751 673 752 671 749 674 753 675 751 669 716 678 754 676 755 674 753 677 756 678 754 670 757 677 756 673 752 679 758 673 752 676 755 679 758 683 759 684 760 680 761 683 759 688 762 685 763 686 764 687 765 681 364 690 766 688 762 686 764 689 767 690 766 682 618 689 767 685 763 691 768 685 763 688 762 691 768 695 769 696 770 692 713 699 771 697 772 695 769 698 773 699 771 693 710 698 773 703 774 700 775 701 776 702 777 694 778 701 776 697 772 703 774 697 772 700 775 703 774 707 779 708 780 704 692 711 781 709 782 707 779 710 783 711 781 705 717 714 784 712 785 710 783 713 786 714 784 706 712 713 786 709 782 715 787 709 782 712 785 715 787 719 788 720 789 716 714 719 788 724 790 721 791 722 792 723 793 717 363 726 794 724 790 722 792 725 795 726 794 718 708 725 795 721 791 727 796 721 791 724 790 727 796 632 721 659 739 656 741 636 720 663 745 659 739 641 727 657 461 663 745 644 731 638 724 633 711 648 730 642 728 638 724 653 737 634 715 642 728 668 622 650 734 645 646 672 750 654 736 650 734 677 756 646 460 654 736 658 718 674 753 669 716 666 746 678 754 674 753 662 744 670 757 678 754 656 741 707 779 704 692 660 740 711 781 707 779 665 747 705 717 711 781 716 714 671 749 668 622 720 789 675 751 671 749 725 795 669 716 675 751 706 712 722 792 717 363 714 784 726 794 722 792 710 783 718 708 726 794 704 692 683 759 680 761 708 780 687 765 683 759 713 786 681 364 687 765 692 713 719 788 716 714 696 770 723 793 719 788 701 776 717 363 723 793 682 618 698 773 693 710 690 766 702 777 698 773 686 764 694 778 702 777 680 761 635 719 632 721 684 760 639 722 635 719 689 767 633 711 639 722 645 646 695 769 692 713 651 735 699 771 695 769 647 729 693 710 699 771 704 692 632 721 656 741 789 797 729 798 778 799 813 800 777 801 802 802 764 803 788 804 812 805 742 806 753 807 730 808 765 626 801 809 754 628 731 810 732 811 728 812 735 813 733 814 731 810 734 815 735 813 729 798 734 815 739 816 736 817 737 818 738 819 730 808 737 818 733 814 739 816 733 814 736 817 739 816 743 820 744 821 740 641 743 820 748 822 745 823 746 824 747 825 741 826 750 827 748 822 746 824 749 828 750 827 742 806 744 821 751 829 749 828 745 823 748 822 751 829 755 830 756 831 752 832 755 830 760 833 757 834 758 835 759 836 753 807 762 837 760 833 758 835 761 838 762 837 754 628 761 838 757 834 763 839 757 834 760 833 763 839 767 840 768 841 764 803 771 842 769 843 767 840 770 844 771 842 765 626 774 845 772 846 770 844 773 847 774 845 766 848 773 847 769 843 775 849 769 843 772 846 775 849 779 850 780 851 776 672 779 850 784 852 781 853 782 854 783 855 777 801 786 856 784 852 782 854 785 857 786 856 778 799 785 857 781 853 787 858 781 853 784 852 787 858 791 859 792 860 788 804 795 861 793 862 791 859 794 863 795 861 789 797 794 863 799 864 796 865 797 866 798 867 790 868 797 866 793 862 799 864 793 862 796 865 799 864 803 869 804 870 800 692 807 871 805 872 803 869 806 873 807 871 801 809 810 874 808 875 806 873 809 876 810 874 802 802 809 876 805 872 811 877 805 872 808 875 811 877 815 878 816 879 812 805 815 878 820 880 817 881 818 882 819 883 813 800 822 884 820 880 818 882 821 885 822 884 814 886 821 885 817 881 823 887 817 881 820 880 823 887 728 812 755 830 752 832 732 811 759 836 755 830 737 818 753 807 759 836 740 641 734 815 729 798 744 821 738 819 734 815 749 828 730 808 738 819 764 803 746 824 741 826 768 841 750 827 746 824 773 847 742 806 750 827 754 628 770 844 765 626 762 837 774 845 770 844 758 835 766 848 774 845 752 832 803 869 800 692 756 831 807 871 803 869 761 838 801 809 807 871 812 805 767 840 764 803 816 879 771 842 767 840 821 885 765 626 771 842 802 802 818 882 813 800 810 874 822 884 818 882 806 873 814 886 822 884 800 692 779 850 776 672 804 870 783 855 779 850 809 876 777 801 783 855 788 804 815 878 812 805 792 860 819 883 815 878 797 866 813 800 819 883 778 799 794 863 789 797 786 856 798 867 794 863 782 854 790 868 798 867 776 672 731 810 728 812 780 851 735 813 731 810 785 857 729 798 735 813 741 826 791 859 788 804 747 825 795 861 791 859 743 820 789 797 795 861 800 692 728 812 752 832 885 888 825 617 874 889 909 890 873 891 898 892 860 893 884 804 908 894 838 895 849 896 826 897 861 898 897 899 850 900 827 901 828 902 824 812 831 903 829 904 827 901 830 905 831 903 825 617 830 905 835 906 832 907 833 908 834 909 826 897 828 902 835 906 833 908 829 904 832 907 835 906 839 910 840 911 836 912 839 910 844 913 841 914 842 915 843 916 837 917 846 918 844 913 842 915 845 919 846 918 838 895 840 911 847 920 845 919 841 914 844 913 847 920 851 921 852 922 848 923 855 924 853 925 851 921 854 926 855 924 849 896 858 927 856 928 854 926 857 929 858 927 850 900 857 929 853 925 859 930 853 925 856 928 859 930 863 931 864 932 860 893 867 933 865 934 863 931 866 935 867 933 861 898 866 935 871 936 868 937 869 938 870 939 862 940 869 938 865 934 871 936 865 934 868 937 871 936 875 941 876 942 872 943 879 944 877 945 875 941 878 946 879 944 873 891 882 947 880 948 878 946 881 949 882 947 874 889 881 949 877 945 883 950 877 945 880 948 883 950 887 951 888 952 884 804 891 953 889 954 887 951 890 955 891 953 885 888 890 955 895 956 892 957 893 958 894 959 886 960 893 958 889 954 895 956 889 954 892 957 895 956 899 961 900 962 896 692 903 963 901 964 899 961 902 965 903 963 897 899 902 965 907 966 904 967 905 968 906 969 898 892 900 962 907 966 905 968 901 964 904 967 907 966 911 970 912 971 908 894 915 972 913 973 911 970 914 974 915 972 909 890 918 975 916 976 914 974 917 977 918 975 910 978 917 977 913 973 919 979 913 973 916 976 919 979 824 812 851 921 848 923 828 902 855 924 851 921 833 908 849 896 855 924 836 912 830 905 825 617 840 911 834 909 830 905 845 919 826 897 834 909 860 893 842 915 837 917 864 932 846 918 842 915 869 938 838 895 846 918 861 898 858 927 866 935 866 935 854 926 870 939 854 926 862 940 870 939 848 923 899 961 896 692 852 922 903 963 899 961 857 929 897 899 903 963 908 894 863 931 860 893 912 971 867 933 863 931 917 977 861 898 867 933 898 892 914 974 909 890 914 974 902 965 918 975 918 975 897 899 910 978 896 692 875 941 872 943 900 962 879 944 875 941 905 968 873 891 879 944 884 804 911 970 908 894 888 952 915 972 911 970 893 958 909 890 915 972 885 888 882 947 890 955 890 955 878 946 894 959 878 946 886 960 894 959 872 943 827 901 824 812 876 942 831 903 827 901 881 949 825 617 831 903 837 917 887 951 884 804 843 916 891 953 887 951 839 910 885 888 891 953 896 692 824 812 848 923 981 980 921 981 970 982 1005 983 969 984 994 985 956 986 980 987 1004 988 934 989 945 990 922 991 957 992 993 993 946 994 923 995 924 996 920 997 927 998 925 999 923 995 926 1000 927 998 921 981 926 1000 931 1001 928 1002 929 1003 930 1004 922 991 924 996 931 1001 929 1003 925 999 928 1002 931 1001 935 1005 936 1006 932 1007 935 1005 940 1008 937 1009 938 1010 939 1011 933 1012 942 1013 940 1008 938 1010 941 1014 942 1013 934 989 936 1006 943 1015 941 1014 937 1009 940 1008 943 1015 947 1016 948 1017 944 1018 947 1016 952 1019 949 1020 950 1021 951 1022 945 990 954 1023 952 1019 950 1021 953 1024 954 1023 946 994 953 1024 949 1020 955 1025 949 1020 952 1019 955 1025 959 1026 960 1027 956 986 963 1028 961 1029 959 1026 962 1030 963 1028 957 992 962 1030 967 1031 964 1032 965 1033 966 1034 958 1035 965 1033 961 1029 967 1031 961 1029 964 1032 967 1031 971 1036 972 1037 968 1038 971 1036 976 1039 973 1040 974 1041 975 1042 969 984 978 1043 976 1039 974 1041 977 1044 978 1043 970 982 977 1044 973 1040 979 1045 973 1040 976 1039 979 1045 983 1046 984 1047 980 987 987 1048 985 1049 983 1046 986 1050 987 1048 981 980 986 1050 991 1051 988 1052 989 1053 990 1054 982 1055 989 1053 985 1049 991 1051 985 1049 988 1052 991 1051 995 1056 996 1057 992 1058 999 1059 997 1060 995 1056 998 1061 999 1059 993 993 998 1061 1003 1062 1000 1063 1001 1064 1002 1065 994 985 996 1057 1003 1062 1001 1064 997 1060 1000 1063 1003 1062 1007 1066 1008 1067 1004 988 1011 1068 1009 1069 1007 1066 1010 1070 1011 1068 1005 983 1014 1071 1012 1072 1010 1070 1013 1073 1014 1071 1006 1074 1013 1073 1009 1069 1015 1075 1009 1069 1012 1072 1015 1075 920 997 947 1016 944 1018 924 996 951 1022 947 1016 929 1003 945 990 951 1022 932 1007 926 1000 921 981 936 1006 930 1004 926 1000 941 1014 922 991 930 1004 956 986 938 1010 933 1012 960 1027 942 1013 938 1010 965 1033 934 989 942 1013 946 994 962 1030 957 992 954 1023 966 1034 962 1030 950 1021 958 1035 966 1034 944 1018 995 1056 992 1058 948 1017 999 1059 995 1056 953 1024 993 993 999 1059 1004 988 959 1026 956 986 1008 1067 963 1028 959 1026 1013 1073 957 992 963 1028 994 985 1010 1070 1005 983 1002 1065 1014 1071 1010 1070 998 1061 1006 1074 1014 1071 992 1058 971 1036 968 1038 996 1057 975 1042 971 1036 1001 1064 969 984 975 1042 980 987 1007 1066 1004 988 984 1047 1011 1068 1007 1066 989 1053 1005 983 1011 1068 970 982 986 1050 981 980 978 1043 990 1054 986 1050 974 1041 982 1055 990 1054 968 1038 923 995 920 997 972 1037 927 998 923 995 977 1044 921 981 927 998 933 1012 983 1046 980 987 939 1011 987 1048 983 1046 935 1005 981 980 987 1048 992 1058 920 997 944 1018 1077 1076 1017 1077 1066 1078 1101 1079 1065 1080 1090 1081 1052 1082 1076 1083 1100 1084 1030 1085 1041 1086 1018 1087 1053 1088 1089 1089 1042 1090 1019 1091 1020 1092 1016 1093 1023 1094 1021 1095 1019 1091 1022 1096 1023 1094 1017 1077 1022 1096 1027 1097 1024 1098 1025 1099 1026 1100 1018 1087 1020 1092 1027 1097 1025 1099 1021 1095 1024 1098 1027 1097 1031 1101 1032 1102 1028 1103 1031 1101 1036 1104 1033 1105 1034 1106 1035 1107 1029 1108 1038 1109 1036 1104 1034 1106 1037 1110 1038 1109 1030 1085 1032 1102 1039 1111 1037 1110 1033 1105 1036 1104 1039 1111 1043 1112 1044 1113 1040 1114 1043 1112 1048 1115 1045 1116 1046 1117 1047 1118 1041 1086 1050 1119 1048 1115 1046 1117 1049 1120 1050 1119 1042 1090 1049 1120 1045 1116 1051 1121 1045 1116 1048 1115 1051 1121 1055 1122 1056 1123 1052 1082 1059 1124 1057 1125 1055 1122 1058 1126 1059 1124 1053 1088 1058 1126 1063 1127 1060 1128 1061 1129 1062 1130 1054 1131 1061 1129 1057 1125 1063 1127 1057 1125 1060 1128 1063 1127 1067 1132 1068 1133 1064 1134 1067 1132 1072 1135 1069 1136 1070 1137 1071 1138 1065 1080 1074 1139 1072 1135 1070 1137 1073 1140 1074 1139 1066 1078 1073 1140 1069 1136 1075 1141 1069 1136 1072 1135 1075 1141 1079 1142 1080 1143 1076 1083 1083 1144 1081 1145 1079 1142 1082 1146 1083 1144 1077 1076 1082 1146 1087 1147 1084 1148 1085 1149 1086 1150 1078 1151 1085 1149 1081 1145 1087 1147 1081 1145 1084 1148 1087 1147 1091 1152 1092 1153 1088 1154 1095 1155 1093 1156 1091 1152 1094 1157 1095 1155 1089 1089 1094 1157 1099 1158 1096 1159 1097 1160 1098 1161 1090 1081 1092 1153 1099 1158 1097 1160 1093 1156 1096 1159 1099 1158 1103 1162 1104 1163 1100 1084 1107 1164 1105 1165 1103 1162 1106 1166 1107 1164 1101 1079 1110 1167 1108 1168 1106 1166 1109 1169 1110 1167 1102 1170 1109 1169 1105 1165 1111 1171 1105 1165 1108 1168 1111 1171 1016 1093 1043 1112 1040 1114 1020 1092 1047 1118 1043 1112 1025 1099 1041 1086 1047 1118 1028 1103 1022 1096 1017 1077 1032 1102 1026 1100 1022 1096 1037 1110 1018 1087 1026 1100 1052 1082 1034 1106 1029 1108 1056 1123 1038 1109 1034 1106 1061 1129 1030 1085 1038 1109 1053 1088 1050 1119 1058 1126 1058 1126 1046 1117 1062 1130 1062 1130 1041 1086 1054 1131 1088 1154 1044 1113 1091 1152 1044 1113 1095 1155 1091 1152 1049 1120 1089 1089 1095 1155 1100 1084 1055 1122 1052 1082 1104 1163 1059 1124 1055 1122 1109 1169 1053 1088 1059 1124 1101 1079 1098 1161 1106 1166 1106 1166 1094 1157 1110 1167 1110 1167 1089 1089 1102 1170 1088 1154 1067 1132 1064 1134 1092 1153 1071 1138 1067 1132 1097 1160 1065 1080 1071 1138 1076 1083 1103 1162 1100 1084 1080 1143 1107 1164 1103 1162 1085 1149 1101 1079 1107 1164 1066 1078 1082 1146 1077 1076 1082 1146 1070 1137 1086 1150 1086 1150 1065 1080 1078 1151 1064 1134 1019 1091 1016 1093 1068 1133 1023 1094 1019 1091 1073 1140 1017 1077 1023 1094 1029 1108 1079 1142 1076 1083 1035 1107 1083 1144 1079 1142 1031 1101 1077 1076 1083 1144 1088 1154 1016 1093 1040 1114 1173 1172 1113 1173 1162 1174 1197 1175 1161 1176 1186 1177 1148 1178 1172 1179 1196 1180 1126 1181 1137 1182 1114 1183 1149 1184 1185 1185 1138 1186 1115 1187 1116 1188 1112 1189 1119 1190 1117 1191 1115 1187 1118 1192 1119 1190 1113 1173 1118 1192 1123 1193 1120 1194 1121 1195 1122 1196 1114 1183 1116 1188 1123 1193 1121 1195 1117 1191 1120 1194 1123 1193 1127 1197 1128 1198 1124 1199 1127 1197 1132 1200 1129 1201 1130 1202 1131 1203 1125 1204 1134 1205 1132 1200 1130 1202 1133 1206 1134 1205 1126 1181 1128 1198 1135 1207 1133 1206 1129 1201 1132 1200 1135 1207 1139 1208 1140 1209 1136 1210 1139 1208 1144 1211 1141 1212 1142 1213 1143 1214 1137 1182 1146 1215 1144 1211 1142 1213 1145 1216 1146 1215 1138 1186 1145 1216 1141 1212 1147 1217 1141 1212 1144 1211 1147 1217 1151 1218 1152 1219 1148 1178 1155 1220 1153 1221 1151 1218 1154 1222 1155 1220 1149 1184 1154 1222 1159 1223 1156 1224 1157 1225 1158 1226 1150 1227 1157 1225 1153 1221 1159 1223 1153 1221 1156 1224 1159 1223 1163 1228 1164 1229 1160 1230 1167 1231 1165 1232 1163 1228 1166 1233 1167 1231 1161 1176 1170 1234 1168 1235 1166 1233 1169 1236 1170 1234 1162 1174 1169 1236 1165 1232 1171 1237 1165 1232 1168 1235 1171 1237 1175 1238 1176 1239 1172 1179 1179 1240 1177 1241 1175 1238 1178 1242 1179 1240 1173 1172 1178 1242 1183 1243 1180 1244 1181 1245 1182 1246 1174 1247 1181 1245 1177 1241 1183 1243 1177 1241 1180 1244 1183 1243 1187 1248 1188 1249 1184 1250 1191 1251 1189 1252 1187 1248 1190 1253 1191 1251 1185 1185 1190 1253 1195 1254 1192 1255 1193 1256 1194 1257 1186 1177 1193 1256 1189 1252 1195 1254 1189 1252 1192 1255 1195 1254 1199 1258 1200 1259 1196 1180 1203 1260 1201 1261 1199 1258 1202 1262 1203 1260 1197 1175 1206 1263 1204 1264 1202 1262 1205 1265 1206 1263 1198 1266 1205 1265 1201 1261 1207 1267 1201 1261 1204 1264 1207 1267 1112 1189 1139 1208 1136 1210 1116 1188 1143 1214 1139 1208 1121 1195 1137 1182 1143 1214 1124 1199 1118 1192 1113 1173 1128 1198 1122 1196 1118 1192 1133 1206 1114 1183 1122 1196 1148 1178 1130 1202 1125 1204 1152 1219 1134 1205 1130 1202 1157 1225 1126 1181 1134 1205 1138 1186 1154 1222 1149 1184 1146 1215 1158 1226 1154 1222 1142 1213 1150 1227 1158 1226 1184 1250 1140 1209 1187 1248 1140 1209 1191 1251 1187 1248 1145 1216 1185 1185 1191 1251 1148 1178 1200 1259 1151 1218 1200 1259 1155 1220 1151 1218 1205 1265 1149 1184 1155 1220 1186 1177 1202 1262 1197 1175 1194 1257 1206 1263 1202 1262 1190 1253 1198 1266 1206 1263 1184 1250 1163 1228 1160 1230 1188 1249 1167 1231 1163 1228 1193 1256 1161 1176 1167 1231 1172 1179 1199 1258 1196 1180 1176 1239 1203 1260 1199 1258 1181 1245 1197 1175 1203 1260 1162 1174 1178 1242 1173 1172 1170 1234 1182 1246 1178 1242 1166 1233 1174 1247 1182 1246 1112 1189 1164 1229 1115 1187 1164 1229 1119 1190 1115 1187 1169 1236 1113 1173 1119 1190 1125 1204 1175 1238 1172 1179 1131 1203 1179 1240 1175 1238 1127 1197 1173 1172 1179 1240 1184 1250 1112 1189 1136 1210 1269 1268 1209 1269 1258 1270 1293 1271 1257 1272 1282 1273 1244 893 1268 804 1292 1274 1222 1275 1233 1276 1210 1277 1245 1278 1281 1279 1234 1280 1211 1281 1212 1282 1208 1283 1215 1284 1213 1285 1211 1281 1214 1286 1215 1284 1209 1269 1214 1286 1219 1287 1216 1288 1217 1289 1218 1290 1210 1277 1212 1282 1219 1287 1217 1289 1213 1285 1216 1288 1219 1287 1223 1291 1224 1292 1220 1293 1223 1291 1228 1294 1225 1295 1226 1296 1227 1297 1221 917 1226 1296 1231 1298 1228 1294 1229 1299 1230 1300 1222 1275 1224 1292 1231 1298 1229 1299 1225 1295 1228 1294 1231 1298 1235 1301 1236 1302 1232 1303 1239 1304 1237 1305 1235 1301 1238 1306 1239 1304 1233 1276 1242 1307 1240 1308 1238 1306 1241 1309 1242 1307 1234 1280 1241 1309 1237 1305 1243 1310 1237 1305 1240 1308 1243 1310 1247 1311 1248 1312 1244 893 1251 1313 1249 1314 1247 1311 1250 1315 1251 1313 1245 1278 1250 1315 1255 1316 1252 1317 1253 1318 1254 1319 1246 1320 1248 1312 1255 1316 1253 1318 1249 1314 1252 1317 1255 1316 1259 1321 1260 1322 1256 1323 1263 1324 1261 1325 1259 1321 1262 1326 1263 1324 1257 1272 1266 1327 1264 1328 1262 1326 1265 1329 1266 1327 1258 1270 1265 1329 1261 1325 1267 1330 1261 1325 1264 1328 1267 1330 1271 1331 1272 1332 1268 804 1275 1333 1273 1334 1271 1331 1274 1335 1275 1333 1269 1268 1274 1335 1279 1336 1276 1337 1277 1338 1278 1339 1270 1340 1272 1332 1279 1336 1277 1338 1273 1334 1276 1337 1279 1336 1283 1341 1284 1342 1280 1343 1287 1344 1285 1345 1283 1341 1286 1346 1287 1344 1281 1279 1286 1346 1291 1347 1288 1348 1289 1349 1290 1350 1282 1273 1284 1342 1291 1347 1289 1349 1285 1345 1288 1348 1291 1347 1295 1351 1296 1352 1292 1274 1299 1353 1297 1354 1295 1351 1298 1355 1299 1353 1293 1271 1302 1356 1300 1357 1298 1355 1301 1358 1302 1356 1294 1359 1301 1358 1297 1354 1303 1360 1297 1354 1300 1357 1303 1360 1208 1283 1235 1301 1232 1303 1212 1282 1239 1304 1235 1301 1217 1289 1233 1276 1239 1304 1220 1293 1214 1286 1209 1269 1224 1292 1218 1290 1214 1286 1229 1299 1210 1277 1218 1290 1244 893 1226 1296 1221 917 1248 1312 1230 1300 1226 1296 1253 1318 1222 1275 1230 1300 1245 1278 1242 1307 1250 1315 1250 1315 1238 1306 1254 1319 1254 1319 1233 1276 1246 1320 1232 1303 1283 1341 1280 1343 1236 1302 1287 1344 1283 1341 1241 1309 1281 1279 1287 1344 1292 1274 1247 1311 1244 893 1296 1352 1251 1313 1247 1311 1301 1358 1245 1278 1251 1313 1293 1271 1290 1350 1298 1355 1298 1355 1286 1346 1302 1356 1302 1356 1281 1279 1294 1359 1280 1343 1259 1321 1256 1323 1284 1342 1263 1324 1259 1321 1289 1349 1257 1272 1263 1324 1268 804 1295 1351 1292 1274 1272 1332 1299 1353 1295 1351 1277 1338 1293 1271 1299 1353 1269 1268 1266 1327 1274 1335 1274 1335 1262 1326 1278 1339 1278 1339 1257 1272 1270 1340 1256 1323 1211 1281 1208 1283 1260 1322 1215 1284 1211 1281 1265 1329 1209 1269 1215 1284 1221 917 1271 1331 1268 804 1227 1297 1275 1333 1271 1331 1223 1291 1269 1268 1275 1333 1280 1343 1208 1283 1232 1303 1365 1361 1305 1362 1354 1363 1389 800 1353 801 1378 1364 1340 622 1364 713 1388 714 1318 806 1329 807 1306 1365 1341 1366 1377 1367 1330 1368 1307 1369 1308 1370 1304 631 1311 1371 1309 1372 1307 1369 1310 1373 1311 1371 1305 1362 1310 1373 1315 1374 1312 817 1313 1375 1314 1376 1306 1365 1313 1375 1309 1372 1315 1374 1309 1372 1312 817 1315 1374 1319 820 1320 821 1316 1377 1319 820 1324 1378 1321 823 1322 1379 1323 1380 1317 646 1326 1381 1324 1378 1322 1379 1325 1382 1326 1381 1318 806 1320 821 1327 1383 1325 1382 1321 823 1324 1378 1327 1383 1331 1384 1332 1385 1328 652 1331 1384 1336 1386 1333 1387 1334 1388 1335 1389 1329 807 1338 1390 1336 1386 1334 1388 1337 1391 1338 1390 1330 1368 1337 1391 1333 1387 1339 1392 1333 1387 1336 1386 1339 1392 1343 1393 1344 1394 1340 622 1347 842 1345 1395 1343 1393 1346 1396 1347 842 1341 1366 1350 1397 1348 846 1346 1396 1349 1398 1350 1397 1342 1399 1349 1398 1345 1395 1351 1400 1345 1395 1348 846 1351 1400 1355 1401 1356 1402 1352 672 1355 1401 1360 1403 1357 1404 1358 1405 1359 1406 1353 801 1362 1407 1360 1403 1358 1405 1361 1408 1362 1407 1354 1363 1361 1408 1357 1404 1363 768 1357 1404 1360 1403 1363 768 1367 1409 1368 1410 1364 713 1371 1411 1369 1412 1367 1409 1370 1413 1371 1411 1365 1361 1370 1413 1375 1414 1372 1415 1373 1416 1374 1417 1366 1418 1373 1416 1369 1412 1375 1414 1369 1412 1372 1415 1375 1414 1379 1419 1380 780 1376 692 1383 1420 1381 1421 1379 1419 1382 1422 1383 1420 1377 1367 1386 1423 1384 1424 1382 1422 1385 1425 1386 1423 1378 1364 1385 1425 1381 1421 1387 1426 1381 1421 1384 1424 1387 1426 1391 1427 1392 1428 1388 714 1391 1427 1396 880 1393 1429 1394 1430 1395 883 1389 800 1398 1431 1396 880 1394 1430 1397 1432 1398 1431 1390 1433 1397 1432 1393 1429 1399 796 1393 1429 1396 880 1399 796 1304 631 1331 1384 1328 652 1308 1370 1335 1389 1331 1384 1313 1375 1329 807 1335 1389 1316 1377 1310 1373 1305 1362 1320 821 1314 1376 1310 1373 1325 1382 1306 1365 1314 1376 1340 622 1322 1379 1317 646 1344 1394 1326 1381 1322 1379 1349 1398 1318 806 1326 1381 1330 1368 1346 1396 1341 1366 1338 1390 1350 1397 1346 1396 1334 1388 1342 1399 1350 1397 1328 652 1379 1419 1376 692 1332 1385 1383 1420 1379 1419 1337 1391 1377 1367 1383 1420 1388 714 1343 1393 1340 622 1392 1428 1347 842 1343 1393 1397 1432 1341 1366 1347 842 1378 1364 1394 1430 1389 800 1386 1423 1398 1431 1394 1430 1382 1422 1390 1433 1398 1431 1376 692 1355 1401 1352 672 1380 780 1359 1406 1355 1401 1385 1425 1353 801 1359 1406 1364 713 1391 1427 1388 714 1368 1410 1395 883 1391 1427 1373 1416 1389 800 1395 883 1354 1363 1370 1413 1365 1361 1362 1407 1374 1417 1370 1413 1358 1405 1366 1418 1374 1417 1352 672 1307 1369 1304 631 1356 1402 1311 1371 1307 1369 1361 1408 1305 1362 1311 1371 1317 646 1367 1409 1364 713 1323 1380 1371 1411 1367 1409 1319 820 1365 1361 1371 1411 1376 692 1304 631 1328 652 1461 616 1401 1362 1450 618 1485 455 1449 456 1474 457 1436 622 1460 713 1484 714 1414 806 1425 807 1402 808 1437 1366 1473 627 1426 1368 1403 1434 1404 1435 1400 631 1407 1436 1405 1437 1403 1434 1406 1438 1407 1436 1401 1362 1406 1438 1411 1439 1408 1440 1409 1441 1410 1442 1402 808 1409 1441 1405 1437 1411 1439 1405 1437 1408 1440 1411 1439 1415 1443 1416 1444 1412 1377 1415 1443 1420 1445 1417 1446 1418 1447 1419 1448 1413 646 1422 1449 1420 1445 1418 1447 1421 1450 1422 1449 1414 806 1416 1444 1423 1451 1421 1450 1417 1446 1420 1445 1423 1451 1427 1452 1428 1453 1424 652 1427 1452 1432 1454 1429 1455 1430 1456 1431 1457 1425 807 1434 1458 1432 1454 1430 1456 1433 1459 1434 1458 1426 1368 1433 1459 1429 1455 1435 1460 1429 1455 1432 1454 1435 1460 1439 1461 1440 1462 1436 622 1443 1463 1441 1464 1439 1461 1442 1465 1443 1463 1437 1366 1446 1466 1444 1467 1442 1465 1445 1468 1446 1466 1438 848 1445 1468 1441 1464 1447 1469 1441 1464 1444 1467 1447 1469 1451 1470 1452 1471 1448 672 1451 1470 1456 1472 1453 1473 1454 1474 1455 1475 1449 456 1458 1476 1456 1472 1454 1474 1457 1477 1458 1476 1450 618 1457 1477 1453 1473 1459 679 1453 1473 1456 1472 1459 679 1463 1478 1464 1479 1460 713 1467 1480 1465 1481 1463 1478 1466 1482 1467 1480 1461 616 1466 1482 1471 1483 1468 1484 1469 1485 1470 1486 1462 513 1469 1485 1465 1481 1471 1483 1465 1481 1468 1484 1471 1483 1475 1487 1476 1488 1472 692 1479 1489 1477 1490 1475 1487 1478 1491 1479 1489 1473 627 1482 1492 1480 1493 1478 1491 1481 1494 1482 1492 1474 457 1481 1494 1477 1490 1483 1495 1477 1490 1480 1493 1483 1495 1487 1496 1488 1497 1484 714 1487 1496 1492 1498 1489 1499 1490 1500 1491 1501 1485 455 1494 1502 1492 1498 1490 1500 1493 1503 1494 1502 1486 708 1493 1503 1489 1499 1495 709 1489 1499 1492 1498 1495 709 1400 631 1427 1452 1424 652 1404 1435 1431 1457 1427 1452 1409 1441 1425 807 1431 1457 1412 1377 1406 1438 1401 1362 1416 1444 1410 1442 1406 1438 1421 1450 1402 808 1410 1442 1436 622 1418 1447 1413 646 1440 1462 1422 1449 1418 1447 1445 1468 1414 806 1422 1449 1426 1368 1442 1465 1437 1366 1434 1458 1446 1466 1442 1465 1430 1456 1438 848 1446 1466 1424 652 1475 1487 1472 692 1428 1453 1479 1489 1475 1487 1433 1459 1473 627 1479 1489 1484 714 1439 1461 1436 622 1488 1497 1443 1463 1439 1461 1493 1503 1437 1366 1443 1463 1474 457 1490 1500 1485 455 1482 1492 1494 1502 1490 1500 1478 1491 1486 708 1494 1502 1472 692 1451 1470 1448 672 1476 1488 1455 1475 1451 1470 1481 1494 1449 456 1455 1475 1460 713 1487 1496 1484 714 1464 1479 1491 1501 1487 1496 1469 1485 1485 455 1491 1501 1450 618 1466 1482 1461 616 1458 1476 1470 1486 1466 1482 1454 1474 1462 513 1470 1486 1448 672 1403 1434 1400 631 1452 1471 1407 1436 1403 1434 1457 1477 1401 1362 1407 1436 1413 646 1463 1478 1460 713 1419 1448 1467 1480 1463 1478 1415 1443 1461 616 1467 1480 1472 692 1400 631 1424 652 1557 1504 1497 617 1546 1505 1581 619 1545 620 1570 621 1532 1506 1556 623 1580 624 1510 537 1521 538 1498 539 1533 626 1569 1507 1522 628 1499 629 1500 630 1496 631 1503 1508 1501 1509 1499 629 1502 1510 1503 1508 1497 617 1502 1510 1507 1439 1504 1511 1505 1512 1506 1513 1498 539 1505 1512 1501 1509 1507 1439 1501 1509 1504 1511 1507 1439 1511 1514 1512 1444 1508 641 1511 1514 1516 1515 1513 1446 1514 1516 1515 1517 1509 1518 1518 1519 1516 1515 1514 1516 1517 1520 1518 1519 1510 537 1512 1444 1519 1521 1517 1520 1513 1446 1516 1515 1519 1521 1523 1522 1524 1523 1520 652 1523 1522 1528 1524 1525 1525 1526 1526 1527 1527 1521 538 1530 1458 1528 1524 1526 1526 1529 1528 1530 1458 1522 628 1529 1528 1525 1525 1531 1460 1525 1525 1528 1524 1531 1460 1535 1529 1536 1530 1532 1506 1539 1531 1537 1532 1535 1529 1538 1533 1539 1531 1533 626 1542 1534 1540 1535 1538 1533 1541 1536 1542 1534 1534 580 1541 1536 1537 1532 1543 1469 1537 1532 1540 1535 1543 1469 1547 1537 1548 1538 1544 1539 1547 1537 1552 1540 1549 1541 1550 1542 1551 1543 1545 620 1554 1544 1552 1540 1550 1542 1553 1545 1554 1544 1546 1505 1553 1545 1549 1541 1555 1546 1549 1541 1552 1540 1555 1546 1559 1547 1560 1548 1556 623 1563 1549 1561 1550 1559 1547 1562 1551 1563 1549 1557 1504 1562 1551 1567 1552 1564 1553 1565 1554 1566 1555 1558 689 1560 1548 1567 1552 1565 1554 1561 1550 1564 1553 1567 1552 1571 1556 1572 1557 1568 1558 1575 1559 1573 1560 1571 1556 1574 1561 1575 1559 1569 1507 1574 1561 1579 1562 1576 1563 1577 1564 1578 1565 1570 621 1572 1557 1579 1562 1577 1564 1573 1560 1576 1563 1579 1562 1583 1566 1584 1567 1580 624 1583 1566 1588 1568 1585 1569 1586 1570 1587 1571 1581 619 1590 1572 1588 1568 1586 1570 1589 1573 1590 1572 1582 1574 1589 1573 1585 1569 1591 1575 1585 1569 1588 1568 1591 1575 1496 631 1523 1522 1520 652 1500 630 1527 1527 1523 1522 1505 1512 1521 538 1527 1527 1508 641 1502 1510 1497 617 1512 1444 1506 1513 1502 1510 1517 1520 1498 539 1506 1513 1532 1506 1514 1516 1509 1518 1536 1530 1518 1519 1514 1516 1541 1536 1510 537 1518 1519 1522 628 1538 1533 1533 626 1530 1458 1542 1534 1538 1533 1526 1526 1534 580 1542 1534 1520 652 1571 1556 1568 1558 1524 1523 1575 1559 1571 1556 1529 1528 1569 1507 1575 1559 1580 624 1535 1529 1532 1506 1584 1567 1539 1531 1535 1529 1589 1573 1533 626 1539 1531 1570 621 1586 1570 1581 619 1578 1565 1590 1572 1586 1570 1574 1561 1582 1574 1590 1572 1568 1558 1547 1537 1544 1539 1572 1557 1551 1543 1547 1537 1577 1564 1545 620 1551 1543 1556 623 1583 1566 1580 624 1560 1548 1587 1571 1583 1566 1565 1554 1581 619 1587 1571 1546 1505 1562 1551 1557 1504 1554 1544 1566 1555 1562 1551 1550 1542 1558 689 1566 1555 1544 1539 1499 629 1496 631 1548 1538 1503 1508 1499 629 1553 1545 1497 617 1503 1508 1509 1518 1559 1547 1556 623 1515 1517 1563 1549 1559 1547 1511 1514 1557 1504 1563 1549 1568 1558 1496 631 1520 652 1653 1576 1593 1577 1642 1578 1677 455 1641 456 1666 1579 1628 534 1652 535 1676 536 1606 537 1617 538 1594 625 1629 1580 1665 1581 1618 1582 1595 1583 1596 1584 1592 545 1599 1585 1597 1586 1595 1583 1598 1587 1599 1585 1593 1577 1602 1588 1600 550 1598 1587 1601 1589 1602 1588 1594 625 1601 1589 1597 1586 1603 552 1597 1586 1600 550 1603 552 1607 553 1608 1590 1604 1591 1607 553 1612 555 1609 556 1610 557 1611 558 1605 559 1614 560 1612 555 1610 557 1613 1592 1614 560 1606 537 1613 1592 1609 556 1615 562 1609 556 1612 555 1615 562 1619 1593 1620 1594 1616 565 1623 1595 1621 1596 1619 1593 1622 1597 1623 1595 1617 538 1626 1598 1624 569 1622 1597 1625 1599 1626 1598 1618 1582 1625 1599 1621 1596 1627 571 1621 1596 1624 569 1627 571 1631 572 1632 573 1628 534 1635 574 1633 575 1631 572 1634 1600 1635 574 1629 1580 1638 1601 1636 578 1634 1600 1637 579 1638 1601 1630 668 1637 579 1633 575 1639 581 1633 575 1636 578 1639 581 1643 1602 1644 1603 1640 584 1647 1604 1645 1605 1643 1602 1646 1606 1647 1604 1641 456 1650 1607 1648 1608 1646 1606 1649 1609 1650 1607 1642 1578 1649 1609 1645 1605 1651 590 1645 1605 1648 1608 1651 590 1655 591 1656 592 1652 535 1659 593 1657 594 1655 591 1658 1610 1659 593 1653 1576 1662 1611 1660 596 1658 1610 1661 597 1662 1611 1654 1612 1661 597 1657 594 1663 598 1657 594 1660 596 1663 598 1667 1613 1668 1614 1664 601 1671 1615 1669 1616 1667 1613 1670 1617 1671 1615 1665 1581 1674 1618 1672 605 1670 1617 1673 1619 1674 1618 1666 1579 1673 1619 1669 1616 1675 607 1669 1616 1672 605 1675 607 1679 608 1680 609 1676 536 1683 1620 1681 611 1679 608 1682 1621 1683 1620 1677 455 1686 1622 1684 1623 1682 1621 1685 614 1686 1622 1678 1624 1685 614 1681 611 1687 615 1681 611 1684 1623 1687 615 1592 545 1619 1593 1616 565 1596 1584 1623 1595 1619 1593 1601 1589 1617 538 1623 1595 1604 1591 1598 1587 1593 1577 1608 1590 1602 1588 1598 1587 1613 1592 1594 625 1602 1588 1628 534 1610 557 1605 559 1632 573 1614 560 1610 557 1637 579 1606 537 1614 560 1618 1582 1634 1600 1629 1580 1626 1598 1638 1601 1634 1600 1622 1597 1630 668 1638 1601 1616 565 1667 1613 1664 601 1620 1594 1671 1615 1667 1613 1625 1599 1665 1581 1671 1615 1676 536 1631 572 1628 534 1680 609 1635 574 1631 572 1685 614 1629 1580 1635 574 1666 1579 1682 1621 1677 455 1674 1618 1686 1622 1682 1621 1670 1617 1678 1624 1686 1622 1664 601 1643 1602 1640 584 1668 1614 1647 1604 1643 1602 1673 1619 1641 456 1647 1604 1652 535 1679 608 1676 536 1656 592 1683 1620 1679 608 1661 597 1677 455 1683 1620 1642 1578 1658 1610 1653 1576 1650 1607 1662 1611 1658 1610 1646 1606 1654 1612 1662 1611 1640 584 1595 1583 1592 545 1644 1603 1599 1585 1595 1583 1649 1609 1593 1577 1599 1585 1605 559 1655 591 1652 535 1611 558 1659 593 1655 591 1607 553 1653 1576 1659 593 1664 601 1592 545 1616 565 1749 264 1689 1625 1738 1626 1773 363 1737 364 1762 1627 1724 270 1748 458 1772 459 1702 1628 1713 1629 1690 1630 1725 276 1761 277 1714 1631 1691 1632 1692 1633 1688 1634 1695 1635 1693 1636 1691 1632 1694 1637 1695 1635 1689 1625 1698 1638 1696 1639 1694 1637 1697 1640 1698 1638 1690 1630 1697 1640 1693 1636 1699 1641 1693 1636 1696 1639 1699 1641 1703 1642 1704 1590 1700 1643 1703 1642 1708 1644 1705 1645 1706 476 1707 477 1701 296 1710 1646 1708 1644 1706 476 1709 1647 1710 1646 1702 1628 1709 1647 1705 1645 1711 1648 1705 1645 1708 1644 1711 1648 1715 1649 1716 1650 1712 1651 1719 1652 1717 1653 1715 1649 1718 1654 1719 1652 1713 1629 1722 1598 1720 1655 1718 1654 1721 1656 1722 1598 1714 1631 1721 1656 1717 1653 1723 1657 1717 1653 1720 1655 1723 1657 1727 488 1728 489 1724 270 1731 1658 1729 1659 1727 488 1730 1660 1731 1658 1725 276 1734 1661 1732 1662 1730 1660 1733 1663 1734 1661 1726 1664 1733 1663 1729 1659 1735 1665 1729 1659 1732 1662 1735 1665 1739 1666 1740 1667 1736 1668 1743 1669 1741 499 1739 1666 1742 1670 1743 1669 1737 364 1746 1671 1744 1672 1742 1670 1745 1673 1746 1671 1738 1626 1745 1673 1741 499 1747 1674 1741 499 1744 1672 1747 1674 1751 505 1752 424 1748 458 1755 1675 1753 426 1751 505 1754 1676 1755 1675 1749 264 1758 1677 1756 1678 1754 1676 1757 430 1758 1677 1750 1679 1757 430 1753 426 1759 1680 1753 426 1756 1678 1759 1680 1763 1681 1764 1682 1760 1683 1767 1684 1765 517 1763 1681 1766 1685 1767 1684 1761 277 1770 1686 1768 1687 1766 1685 1769 1688 1770 1686 1762 1627 1769 1688 1765 517 1771 1689 1765 517 1768 1687 1771 1689 1775 442 1776 524 1772 459 1779 1690 1777 445 1775 442 1778 1691 1779 1690 1773 363 1782 1692 1780 1693 1778 1691 1781 1694 1782 1692 1774 1695 1781 1694 1777 445 1783 1696 1777 445 1780 1693 1783 1696 1688 1634 1715 1649 1712 1651 1692 1633 1719 1652 1715 1649 1697 1640 1713 1629 1719 1652 1700 1643 1694 1637 1689 1625 1704 1590 1698 1638 1694 1637 1709 1647 1690 1630 1698 1638 1724 270 1706 476 1701 296 1728 489 1710 1646 1706 476 1733 1663 1702 1628 1710 1646 1714 1631 1730 1660 1725 276 1722 1598 1734 1661 1730 1660 1718 1654 1726 1664 1734 1661 1712 1651 1763 1681 1760 1683 1716 1650 1767 1684 1763 1681 1721 1656 1761 277 1767 1684 1772 459 1727 488 1724 270 1776 524 1731 1658 1727 488 1781 1694 1725 276 1731 1658 1762 1627 1778 1691 1773 363 1770 1686 1782 1692 1778 1691 1766 1685 1774 1695 1782 1692 1760 1683 1739 1666 1736 1668 1764 1682 1743 1669 1739 1666 1769 1688 1737 364 1743 1669 1748 458 1775 442 1772 459 1752 424 1779 1690 1775 442 1757 430 1773 363 1779 1690 1738 1626 1754 1676 1749 264 1746 1671 1758 1677 1754 1676 1742 1670 1750 1679 1758 1677 1736 1668 1691 1632 1688 1634 1740 1667 1695 1635 1691 1632 1745 1673 1689 1625 1695 1635 1701 296 1751 505 1748 458 1707 477 1755 1675 1751 505 1703 1642 1749 264 1755 1675 1760 1683 1688 1634 1712 1651 1845 1697 1785 1698 1834 1699 1869 1700 1833 1701 1858 1702 1820 270 1844 271 1868 272 1798 460 1809 461 1786 462 1821 1703 1857 1704 1810 1705 1787 1706 1788 1707 1784 1634 1791 1708 1789 1709 1787 1706 1790 1710 1791 1708 1785 1698 1794 1711 1792 1712 1790 1710 1793 1713 1794 1711 1786 462 1793 1713 1789 1709 1795 1714 1789 1709 1792 1712 1795 1714 1799 1715 1800 1716 1796 1717 1799 1715 1804 1718 1801 1719 1802 1720 1803 1721 1797 296 1806 1722 1804 1718 1802 1720 1805 1723 1806 1722 1798 460 1805 1723 1801 1719 1807 1724 1801 1719 1804 1718 1807 1724 1811 1725 1812 1726 1808 1651 1815 1727 1813 1728 1811 1725 1814 1729 1815 1727 1809 461 1818 1730 1816 1731 1814 1729 1817 1732 1818 1730 1810 1705 1817 1732 1813 1728 1819 1733 1813 1728 1816 1731 1819 1733 1823 1734 1824 1735 1820 270 1827 1736 1825 1737 1823 1734 1826 1738 1827 1736 1821 1703 1830 1739 1828 1740 1826 1738 1829 1741 1830 1739 1822 495 1829 1741 1825 1737 1831 1742 1825 1737 1828 1740 1831 1742 1835 1743 1836 1744 1832 1668 1839 1745 1837 1746 1835 1743 1838 1747 1839 1745 1833 1701 1842 1748 1840 1749 1838 1747 1841 1750 1842 1748 1834 1699 1841 1750 1837 1746 1843 1751 1837 1746 1840 1749 1843 1751 1847 330 1848 331 1844 271 1851 1752 1849 1753 1847 330 1850 1754 1851 1752 1845 1697 1854 1755 1852 1756 1850 1754 1853 1757 1854 1755 1846 1758 1853 1757 1849 1753 1855 1759 1849 1753 1852 1756 1855 1759 1859 1681 1860 1760 1856 1683 1863 1761 1861 1762 1859 1681 1862 1763 1863 1761 1857 1704 1866 1764 1864 1765 1862 1763 1865 1766 1866 1764 1858 1702 1865 1766 1861 1762 1867 1767 1861 1762 1864 1765 1867 1767 1871 350 1872 351 1868 272 1875 1768 1873 1769 1871 350 1874 1770 1875 1768 1869 1700 1878 1771 1876 1772 1874 1770 1877 1773 1878 1771 1870 1774 1877 1773 1873 1769 1879 1775 1873 1769 1876 1772 1879 1775 1784 1634 1811 1725 1808 1651 1788 1707 1815 1727 1811 1725 1793 1713 1809 461 1815 1727 1796 1717 1790 1710 1785 1698 1800 1716 1794 1711 1790 1710 1805 1723 1786 462 1794 1711 1820 270 1802 1720 1797 296 1824 1735 1806 1722 1802 1720 1829 1741 1798 460 1806 1722 1810 1705 1826 1738 1821 1703 1818 1730 1830 1739 1826 1738 1814 1729 1822 495 1830 1739 1808 1651 1859 1681 1856 1683 1812 1726 1863 1761 1859 1681 1817 1732 1857 1704 1863 1761 1868 272 1823 1734 1820 270 1872 351 1827 1736 1823 1734 1877 1773 1821 1703 1827 1736 1858 1702 1874 1770 1869 1700 1866 1764 1878 1771 1874 1770 1862 1763 1870 1774 1878 1771 1856 1683 1835 1743 1832 1668 1860 1760 1839 1745 1835 1743 1865 1766 1833 1701 1839 1745 1844 271 1871 350 1868 272 1848 331 1875 1768 1871 350 1853 1757 1869 1700 1875 1768 1834 1699 1850 1754 1845 1697 1842 1748 1854 1755 1850 1754 1838 1747 1846 1758 1854 1755 1832 1668 1787 1706 1784 1634 1836 1744 1791 1708 1787 1706 1841 1750 1785 1698 1791 1708 1797 296 1847 330 1844 271 1803 1721 1851 1752 1847 330 1799 1715 1845 1697 1851 1752 1856 1683 1784 1634 1808 1651 1941 1776 1881 1777 1930 1778 1965 1779 1929 1780 1954 1781 1916 1782 1940 1783 1964 1784 1894 1785 1905 1786 1882 1787 1906 1788 1966 1789 1953 1790 1883 1791 1884 1792 1880 1793 1887 1794 1885 1795 1883 1791 1886 1796 1887 1794 1881 1777 1886 1796 1891 1797 1888 1798 1889 1799 1890 1800 1882 1787 1884 1792 1891 1797 1889 1799 1885 1795 1888 1798 1891 1797 1895 1801 1896 1802 1892 1803 1895 1801 1900 1804 1897 1805 1898 1806 1899 1807 1893 1808 1902 1809 1900 1804 1898 1806 1901 1810 1902 1809 1894 1785 1896 1802 1903 1811 1901 1810 1897 1805 1900 1804 1903 1811 1907 1812 1908 1813 1904 1814 1907 1812 1912 1815 1909 1816 1910 1817 1911 1818 1905 1786 1910 1817 1915 1819 1912 1815 1913 1820 1914 1821 1906 1788 1908 1813 1915 1819 1913 1820 1909 1816 1912 1815 1915 1819 1919 1822 1920 1823 1916 1782 1923 1824 1921 1825 1919 1822 1922 1826 1923 1824 1917 1827 1926 1828 1924 1829 1922 1826 1925 1830 1926 1828 1918 1831 1925 1830 1921 1825 1927 1832 1921 1825 1924 1829 1927 1832 1931 1833 1932 1834 1928 1835 1935 1836 1933 1837 1931 1833 1934 1838 1935 1836 1929 1780 1938 1839 1936 1840 1934 1838 1937 1841 1938 1839 1930 1778 1937 1841 1933 1837 1939 1842 1933 1837 1936 1840 1939 1842 1943 1843 1944 1844 1940 1783 1947 1845 1945 1846 1943 1843 1946 1847 1947 1845 1941 1776 1946 1847 1951 1848 1948 1849 1949 1850 1950 1851 1942 1852 1944 1844 1951 1848 1949 1850 1945 1846 1948 1849 1951 1848 1955 1853 1956 1854 1952 1855 1959 1856 1957 1857 1955 1853 1958 1858 1959 1856 1953 1790 1962 1859 1960 1860 1958 1858 1961 1861 1962 1859 1954 1781 1961 1861 1957 1857 1963 1862 1957 1857 1960 1860 1963 1862 1967 1863 1968 1864 1964 1784 1967 1863 1972 1865 1969 1866 1970 1867 1971 1868 1965 1779 1974 1869 1972 1865 1970 1867 1973 1870 1974 1869 1966 1789 1968 1864 1975 1871 1973 1870 1969 1866 1972 1865 1975 1871 1880 1793 1907 1812 1904 1814 1884 1792 1911 1818 1907 1812 1889 1799 1905 1786 1911 1818 1892 1803 1886 1796 1881 1777 1896 1802 1890 1800 1886 1796 1890 1800 1894 1785 1882 1787 1916 1782 1898 1806 1893 1808 1920 1823 1902 1809 1898 1806 1925 1830 1894 1785 1902 1809 1917 1827 1914 1821 1922 1826 1922 1826 1910 1817 1926 1828 1910 1817 1918 1831 1926 1828 1952 1855 1908 1813 1955 1853 1955 1853 1913 1820 1959 1856 1959 1856 1906 1788 1953 1790 1916 1782 1968 1864 1919 1822 1919 1822 1973 1870 1923 1824 1923 1824 1966 1789 1917 1827 1954 1781 1970 1867 1965 1779 1970 1867 1958 1858 1974 1869 1974 1869 1953 1790 1966 1789 1952 1855 1931 1833 1928 1835 1956 1854 1935 1836 1931 1833 1961 1861 1929 1780 1935 1836 1940 1783 1967 1863 1964 1784 1944 1844 1971 1868 1967 1863 1949 1850 1965 1779 1971 1868 1930 1778 1946 1847 1941 1776 1938 1839 1950 1851 1946 1847 1950 1851 1929 1780 1942 1852 1928 1835 1883 1791 1880 1793 1932 1834 1887 1794 1883 1791 1937 1841 1881 1777 1887 1794 1893 1808 1943 1843 1940 1783 1899 1807 1947 1845 1943 1843 1895 1801 1941 1776 1947 1845 1952 1855 1880 1793 1904 1814 2037 1872 1977 1873 2026 1874 2061 1875 2025 1876 2050 1877 2012 1878 2036 1879 2060 1880 1990 1881 2001 1882 1978 1883 2002 1884 2062 1885 2049 1886 1979 1887 1980 1888 1976 1889 1983 1890 1981 1891 1979 1887 1982 1892 1983 1890 1977 1873 1986 1893 1984 1894 1982 1892 1985 1895 1986 1893 1978 1883 1980 1888 1987 1896 1985 1895 1981 1891 1984 1894 1987 1896 1991 1897 1992 1898 1988 1899 1991 1897 1996 1900 1993 1901 1994 1902 1995 1903 1989 1904 1998 1905 1996 1900 1994 1902 1997 1906 1998 1905 1990 1881 1992 1898 1999 1907 1997 1906 1993 1901 1996 1900 1999 1907 2003 1908 2004 1909 2000 1910 2003 1908 2008 1911 2005 1912 2006 1913 2007 1914 2001 1882 2006 1913 2011 1915 2008 1911 2009 1916 2010 1917 2002 1884 2009 1916 2005 1912 2011 1915 2005 1912 2008 1911 2011 1915 2015 1918 2016 1919 2012 1878 2019 1920 2017 1921 2015 1918 2018 1922 2019 1920 2013 1923 2018 1922 2023 1924 2020 1925 2021 1926 2022 1927 2014 1928 2021 1926 2017 1921 2023 1924 2017 1921 2020 1925 2023 1924 2027 1929 2028 1930 2024 1931 2031 1932 2029 1933 2027 1929 2030 1934 2031 1932 2025 1876 2034 1935 2032 1936 2030 1934 2033 1937 2034 1935 2026 1874 2033 1937 2029 1933 2035 1938 2029 1933 2032 1936 2035 1938 2039 1939 2040 1940 2036 1879 2043 1941 2041 1942 2039 1939 2042 1943 2043 1941 2037 1872 2046 1944 2044 1945 2042 1943 2045 1946 2046 1944 2038 1947 2040 1940 2047 1948 2045 1946 2041 1942 2044 1945 2047 1948 2051 1949 2052 1950 2048 1951 2055 1952 2053 1953 2051 1949 2054 1954 2055 1952 2049 1886 2054 1954 2059 1955 2056 1956 2057 1957 2058 1958 2050 1877 2057 1957 2053 1953 2059 1955 2053 1953 2056 1956 2059 1955 2063 1959 2064 1960 2060 1880 2063 1959 2068 1961 2065 1962 2066 1963 2067 1964 2061 1875 2066 1963 2071 1965 2068 1961 2069 1966 2070 1967 2062 1885 2069 1966 2065 1962 2071 1965 2065 1962 2068 1961 2071 1965 1976 1889 2003 1908 2000 1910 1980 1888 2007 1914 2003 1908 1985 1895 2001 1882 2007 1914 1988 1899 1982 1892 1977 1873 1982 1892 1997 1906 1986 1893 1997 1906 1978 1883 1986 1893 2012 1878 1994 1902 1989 1904 2016 1919 1998 1905 1994 1902 2021 1926 1990 1881 1998 1905 2013 1923 2010 1917 2018 1922 2010 1917 2022 1927 2018 1922 2022 1927 2001 1882 2014 1928 2048 1951 2004 1909 2051 1949 2004 1909 2055 1952 2051 1949 2055 1952 2002 1884 2049 1886 2012 1878 2064 1960 2015 1918 2015 1918 2069 1966 2019 1920 2019 1920 2062 1885 2013 1923 2061 1875 2058 1958 2066 1963 2058 1958 2070 1967 2066 1963 2070 1967 2049 1886 2062 1885 2048 1951 2027 1929 2024 1931 2052 1950 2031 1932 2027 1929 2057 1957 2025 1876 2031 1932 2036 1879 2063 1959 2060 1880 2040 1940 2067 1964 2063 1959 2045 1946 2061 1875 2067 1964 2026 1874 2042 1943 2037 1872 2042 1943 2030 1934 2046 1944 2030 1934 2038 1947 2046 1944 2024 1931 1979 1887 1976 1889 1979 1887 2033 1937 1983 1890 2033 1937 1977 1873 1983 1890 1989 1904 2039 1939 2036 1879 2039 1939 1991 1897 2043 1941 1991 1897 2037 1872 2043 1941 2048 1951 1976 1889 2000 1910 2133 1968 2073 1969 2122 1970 2157 1971 2121 1972 2146 1973 2108 1974 2132 1975 2156 1976 2086 1977 2097 1978 2074 1979 2098 1980 2158 1981 2145 1982 2075 1983 2076 1984 2072 1985 2075 1983 2080 1986 2077 1987 2078 1988 2079 1989 2073 1969 2078 1988 2083 1990 2080 1986 2081 1991 2082 1992 2074 1979 2076 1984 2083 1990 2081 1991 2077 1987 2080 1986 2083 1990 2087 1993 2088 1994 2084 1995 2087 1993 2092 1996 2089 1997 2090 1998 2091 1999 2085 2000 2090 1998 2095 2001 2092 1996 2093 2002 2094 2003 2086 1977 2088 1994 2095 2001 2093 2002 2089 1997 2092 1996 2095 2001 2099 2004 2100 2005 2096 2006 2099 2004 2104 2007 2101 2008 2102 2009 2103 2010 2097 1978 2106 2011 2104 2007 2102 2009 2105 2012 2106 2011 2098 1980 2100 2005 2107 2013 2105 2012 2101 2008 2104 2007 2107 2013 2111 2014 2112 2015 2108 1974 2111 2014 2116 2016 2113 2017 2114 2018 2115 2019 2109 2020 2114 2018 2119 2021 2116 2016 2117 2022 2118 2023 2110 2024 2112 2015 2119 2021 2117 2022 2113 2017 2116 2016 2119 2021 2123 2025 2124 2026 2120 2027 2123 2025 2128 2028 2125 2029 2126 2030 2127 2031 2121 1972 2130 2032 2128 2028 2126 2030 2129 2033 2130 2032 2122 1970 2129 2033 2125 2029 2131 2034 2125 2029 2128 2028 2131 2034 2135 2035 2136 2036 2132 1975 2135 2035 2140 2037 2137 2038 2138 2039 2139 2040 2133 1968 2138 2039 2143 2041 2140 2037 2141 2042 2142 2043 2134 2044 2136 2036 2143 2041 2141 2042 2137 2038 2140 2037 2143 2041 2147 2045 2148 2046 2144 2047 2147 2045 2152 2048 2149 2049 2150 2050 2151 2051 2145 1982 2150 2050 2155 2052 2152 2048 2153 2053 2154 2054 2146 1973 2148 2046 2155 2052 2153 2053 2149 2049 2152 2048 2155 2052 2159 2055 2160 2056 2156 1976 2159 2055 2164 2057 2161 2058 2162 2059 2163 2060 2157 1971 2166 2061 2164 2057 2162 2059 2165 2062 2166 2061 2158 1981 2160 2056 2167 2063 2165 2062 2161 2058 2164 2057 2167 2063 2072 1985 2099 2004 2096 2006 2076 1984 2103 2010 2099 2004 2081 1991 2097 1978 2103 2010 2073 1969 2088 1994 2078 1988 2078 1988 2093 2002 2082 1992 2093 2002 2074 1979 2082 1992 2108 1974 2090 1998 2085 2000 2112 2015 2094 2003 2090 1998 2117 2022 2086 1977 2094 2003 2098 1980 2114 2018 2109 2020 2106 2011 2118 2023 2114 2018 2118 2023 2097 1978 2110 2024 2144 2047 2100 2005 2147 2045 2100 2005 2151 2051 2147 2045 2105 2012 2145 1982 2151 2051 2108 1974 2160 2056 2111 2014 2160 2056 2115 2019 2111 2014 2165 2062 2109 2020 2115 2019 2157 1971 2154 2054 2162 2059 2154 2054 2166 2061 2162 2059 2150 2050 2158 1981 2166 2061 2144 2047 2123 2025 2120 2027 2148 2046 2127 2031 2123 2025 2153 2053 2121 1972 2127 2031 2132 1975 2159 2055 2156 1976 2136 2036 2163 2060 2159 2055 2141 2042 2157 1971 2163 2060 2133 1968 2130 2032 2138 2039 2138 2039 2126 2030 2142 2043 2126 2030 2134 2044 2142 2043 2072 1985 2124 2026 2075 1983 2124 2026 2079 1989 2075 1983 2079 1989 2122 1970 2073 1969 2085 2000 2135 2035 2132 1975 2135 2035 2087 1993 2139 2040 2139 2040 2084 1995 2133 1968 2144 2047 2072 1985 2096 2006 2229 2064 2169 2065 2218 2066 2253 2067 2217 2068 2242 2069 2204 2070 2228 2071 2252 2072 2182 2073 2193 2074 2170 2075 2194 2076 2254 2077 2241 2078 2171 2079 2172 2080 2168 2081 2175 2082 2173 2083 2171 2079 2174 2084 2175 2082 2169 2065 2174 2084 2179 2085 2176 2086 2177 2087 2178 2088 2170 2075 2177 2087 2173 2083 2179 2085 2173 2083 2176 2086 2179 2085 2183 2089 2184 2090 2180 2091 2187 2092 2185 2093 2183 2089 2186 2094 2187 2092 2181 2095 2186 2094 2191 2096 2188 2097 2189 2098 2190 2099 2182 2073 2184 2090 2191 2096 2189 2098 2185 2093 2188 2097 2191 2096 2195 2100 2196 2101 2192 2102 2199 2103 2197 2104 2195 2100 2198 2105 2199 2103 2193 2074 2202 2106 2200 2107 2198 2105 2201 2108 2202 2106 2194 2076 2201 2108 2197 2104 2203 2109 2197 2104 2200 2107 2203 2109 2207 2110 2208 2111 2204 2070 2207 2110 2212 2112 2209 2113 2210 2114 2211 2115 2205 2116 2210 2114 2215 2117 2212 2112 2213 2118 2214 2119 2206 2120 2208 2111 2215 2117 2213 2118 2209 2113 2212 2112 2215 2117 2219 2121 2220 2122 2216 2123 2223 2124 2221 2125 2219 2121 2222 2126 2223 2124 2217 2068 2226 2127 2224 2128 2222 2126 2225 2129 2226 2127 2218 2066 2220 2122 2227 2130 2225 2129 2221 2125 2224 2128 2227 2130 2231 2131 2232 2132 2228 2071 2235 2133 2233 2134 2231 2131 2234 2135 2235 2133 2229 2064 2234 2135 2239 2136 2236 2137 2237 2138 2238 2139 2230 2140 2237 2138 2233 2134 2239 2136 2233 2134 2236 2137 2239 2136 2243 2141 2244 2142 2240 2143 2243 2141 2248 2144 2245 2145 2246 2146 2247 2147 2241 2078 2246 2146 2251 2148 2248 2144 2249 2149 2250 2150 2242 2069 2244 2142 2251 2148 2249 2149 2245 2145 2248 2144 2251 2148 2255 2151 2256 2152 2252 2072 2259 2153 2257 2154 2255 2151 2258 2155 2259 2153 2253 2067 2262 2156 2260 2157 2258 2155 2261 2158 2262 2156 2254 2077 2261 2158 2257 2154 2263 2159 2257 2154 2260 2157 2263 2159 2168 2081 2195 2100 2192 2102 2172 2080 2199 2103 2195 2100 2177 2087 2193 2074 2199 2103 2180 2091 2174 2084 2169 2065 2174 2084 2189 2098 2178 2088 2178 2088 2182 2073 2170 2075 2204 2070 2186 2094 2181 2095 2208 2111 2190 2099 2186 2094 2213 2118 2182 2073 2190 2099 2205 2116 2202 2106 2210 2114 2202 2106 2214 2119 2210 2114 2198 2105 2206 2120 2214 2119 2240 2143 2196 2101 2243 2141 2196 2101 2247 2147 2243 2141 2247 2147 2194 2076 2241 2078 2204 2070 2256 2152 2207 2110 2256 2152 2211 2115 2207 2110 2211 2115 2254 2077 2205 2116 2242 2069 2258 2155 2253 2067 2258 2155 2246 2146 2262 2156 2246 2146 2254 2077 2262 2156 2240 2143 2219 2121 2216 2123 2244 2142 2223 2124 2219 2121 2249 2149 2217 2068 2223 2124 2228 2071 2255 2151 2252 2072 2232 2132 2259 2153 2255 2151 2237 2138 2253 2067 2259 2153 2229 2064 2226 2127 2234 2135 2226 2127 2238 2139 2234 2135 2238 2139 2217 2068 2230 2140 2216 2123 2171 2079 2168 2081 2171 2079 2225 2129 2175 2082 2225 2129 2169 2065 2175 2082 2181 2095 2231 2131 2228 2071 2231 2131 2183 2089 2235 2133 2183 2089 2229 2064 2235 2133 2240 2143 2168 2081 2192 2102 2325 2160 2265 2161 2314 2162 2349 2163 2313 2164 2338 2165 2300 2166 2324 2167 2348 2168 2278 2169 2289 2170 2266 2171 2301 2172 2337 2173 2290 2174 2267 2175 2268 2176 2264 2177 2271 2178 2269 2179 2267 2175 2270 2180 2271 2178 2265 2161 2274 2181 2272 2182 2270 2180 2273 2183 2274 2181 2266 2171 2273 2183 2269 2179 2275 2184 2269 2179 2272 2182 2275 2184 2279 2185 2280 2186 2276 2187 2279 2185 2284 2188 2281 2189 2282 2190 2283 2191 2277 2192 2286 2193 2284 2188 2282 2190 2285 2194 2286 2193 2278 2169 2285 2194 2281 2189 2287 2195 2281 2189 2284 2188 2287 2195 2291 2196 2292 2197 2288 2198 2295 2199 2293 2200 2291 2196 2294 2201 2295 2199 2289 2170 2298 2202 2296 2203 2294 2201 2297 2204 2298 2202 2290 2174 2292 2197 2299 2205 2297 2204 2293 2200 2296 2203 2299 2205 2303 2206 2304 2207 2300 2166 2307 2208 2305 2209 2303 2206 2306 2210 2307 2208 2301 2172 2310 2211 2308 2212 2306 2210 2309 2213 2310 2211 2302 2214 2309 2213 2305 2209 2311 2215 2305 2209 2308 2212 2311 2215 2315 2216 2316 2217 2312 2218 2319 2219 2317 2220 2315 2216 2318 2221 2319 2219 2313 2164 2322 2222 2320 2223 2318 2221 2321 2224 2322 2222 2314 2162 2321 2224 2317 2220 2323 2225 2317 2220 2320 2223 2323 2225 2327 2226 2328 2227 2324 2167 2331 2228 2329 2229 2327 2226 2330 2230 2331 2228 2325 2160 2334 2231 2332 2232 2330 2230 2333 2233 2334 2231 2326 2234 2333 2233 2329 2229 2335 2235 2329 2229 2332 2232 2335 2235 2339 2236 2340 2237 2336 2238 2343 2239 2341 2240 2339 2236 2342 2241 2343 2239 2337 2173 2346 2242 2344 2243 2342 2241 2345 2244 2346 2242 2338 2165 2345 2244 2341 2240 2347 2245 2341 2240 2344 2243 2347 2245 2351 2246 2352 2247 2348 2168 2355 2248 2353 2249 2351 2246 2354 2250 2355 2248 2349 2163 2358 2251 2356 2252 2354 2250 2357 2253 2358 2251 2350 2254 2352 2247 2359 2255 2357 2253 2353 2249 2356 2252 2359 2255 2264 2177 2291 2196 2288 2198 2268 2176 2295 2199 2291 2196 2273 2183 2289 2170 2295 2199 2276 2187 2270 2180 2265 2161 2280 2186 2274 2181 2270 2180 2285 2194 2266 2171 2274 2181 2300 2166 2282 2190 2277 2192 2304 2207 2286 2193 2282 2190 2309 2213 2278 2169 2286 2193 2290 2174 2306 2210 2301 2172 2298 2202 2310 2211 2306 2210 2294 2201 2302 2214 2310 2211 2288 2198 2339 2236 2336 2238 2292 2197 2343 2239 2339 2236 2297 2204 2337 2173 2343 2239 2348 2168 2303 2206 2300 2166 2352 2247 2307 2208 2303 2206 2357 2253 2301 2172 2307 2208 2338 2165 2354 2250 2349 2163 2346 2242 2358 2251 2354 2250 2342 2241 2350 2254 2358 2251 2336 2238 2315 2216 2312 2218 2340 2237 2319 2219 2315 2216 2345 2244 2313 2164 2319 2219 2324 2167 2351 2246 2348 2168 2328 2227 2355 2248 2351 2246 2333 2233 2349 2163 2355 2248 2314 2162 2330 2230 2325 2160 2322 2222 2334 2231 2330 2230 2318 2221 2326 2234 2334 2231 2312 2218 2267 2175 2264 2177 2316 2217 2271 2178 2267 2175 2321 2224 2265 2161 2271 2178 2277 2192 2327 2226 2324 2167 2283 2191 2331 2228 2327 2226 2279 2185 2325 2160 2331 2228 2336 2238 2264 2177 2288 2198 2421 2256 2361 2257 2410 2258 2445 2259 2409 2260 2434 2261 2396 2166 2420 2167 2444 2168 2374 2262 2385 2263 2362 2264 2397 2265 2433 2266 2386 2267 2363 2268 2364 2269 2360 2270 2367 2271 2365 2272 2363 2268 2366 2273 2367 2271 2361 2257 2370 2274 2368 2275 2366 2273 2369 2276 2370 2274 2362 2264 2369 2276 2365 2272 2371 2277 2365 2272 2368 2275 2371 2277 2375 2278 2376 2279 2372 2280 2375 2278 2380 2281 2377 2282 2378 2283 2379 2284 2373 2192 2382 2285 2380 2281 2378 2283 2381 2286 2382 2285 2374 2262 2381 2286 2377 2282 2383 2287 2377 2282 2380 2281 2383 2287 2387 2288 2388 2289 2384 2290 2391 2291 2389 2292 2387 2288 2390 2293 2391 2291 2385 2263 2394 2294 2392 2295 2390 2293 2393 2296 2394 2294 2386 2267 2388 2289 2395 2297 2393 2296 2389 2292 2392 2295 2395 2297 2399 2298 2400 2299 2396 2166 2403 2300 2401 2301 2399 2298 2402 2302 2403 2300 2397 2265 2406 2303 2404 2304 2402 2302 2405 2305 2406 2303 2398 2306 2405 2305 2401 2301 2407 2307 2401 2301 2404 2304 2407 2307 2411 2308 2412 2309 2408 2310 2415 2311 2413 2312 2411 2308 2414 2313 2415 2311 2409 2260 2418 2314 2416 2315 2414 2313 2417 2316 2418 2314 2410 2258 2417 2316 2413 2312 2419 2317 2413 2312 2416 2315 2419 2317 2423 2318 2424 2319 2420 2167 2427 2320 2425 2321 2423 2318 2426 2322 2427 2320 2421 2256 2430 2323 2428 2324 2426 2322 2429 2325 2430 2323 2422 2326 2429 2325 2425 2321 2431 2327 2425 2321 2428 2324 2431 2327 2435 2328 2436 2329 2432 2238 2439 2330 2437 2331 2435 2328 2438 2332 2439 2330 2433 2266 2442 2333 2440 2334 2438 2332 2441 2335 2442 2333 2434 2261 2441 2335 2437 2331 2443 2336 2437 2331 2440 2334 2443 2336 2447 2337 2448 2338 2444 2168 2451 2339 2449 2340 2447 2337 2450 2341 2451 2339 2445 2259 2454 2342 2452 2343 2450 2341 2453 2344 2454 2342 2446 2345 2448 2338 2455 2346 2453 2344 2449 2340 2452 2343 2455 2346 2360 2270 2387 2288 2384 2290 2364 2269 2391 2291 2387 2288 2369 2276 2385 2263 2391 2291 2372 2280 2366 2273 2361 2257 2376 2279 2370 2274 2366 2273 2381 2286 2362 2264 2370 2274 2396 2166 2378 2283 2373 2192 2400 2299 2382 2285 2378 2283 2405 2305 2374 2262 2382 2285 2386 2267 2402 2302 2397 2265 2394 2294 2406 2303 2402 2302 2390 2293 2398 2306 2406 2303 2384 2290 2435 2328 2432 2238 2388 2289 2439 2330 2435 2328 2393 2296 2433 2266 2439 2330 2444 2168 2399 2298 2396 2166 2448 2338 2403 2300 2399 2298 2453 2344 2397 2265 2403 2300 2434 2261 2450 2341 2445 2259 2442 2333 2454 2342 2450 2341 2438 2332 2446 2345 2454 2342 2432 2238 2411 2308 2408 2310 2436 2329 2415 2311 2411 2308 2441 2335 2409 2260 2415 2311 2420 2167 2447 2337 2444 2168 2424 2319 2451 2339 2447 2337 2429 2325 2445 2259 2451 2339 2410 2258 2426 2322 2421 2256 2418 2314 2430 2323 2426 2322 2414 2313 2422 2326 2430 2323 2408 2310 2363 2268 2360 2270 2412 2309 2367 2271 2363 2268 2417 2316 2361 2257 2367 2271 2373 2192 2423 2318 2420 2167 2379 2284 2427 2320 2423 2318 2375 2278 2421 2256 2427 2320 2432 2238 2360 2270 2384 2290 2517 2347 2457 2348 2506 2349 2541 2350 2505 2351 2530 2352 2492 2353 2516 2167 2540 2168 2470 2354 2481 2355 2458 2356 2493 2357 2529 2358 2482 2359 2459 2268 2460 2269 2456 2270 2463 2360 2461 2361 2459 2268 2462 2362 2463 2360 2457 2348 2466 2363 2464 2364 2462 2362 2465 2365 2466 2363 2458 2356 2465 2365 2461 2361 2467 2366 2461 2361 2464 2364 2467 2366 2471 2367 2472 2368 2468 2369 2471 2367 2476 2370 2473 2371 2474 2372 2475 2373 2469 2374 2478 2375 2476 2370 2474 2372 2477 2376 2478 2375 2470 2354 2477 2376 2473 2371 2479 2377 2473 2371 2476 2370 2479 2377 2483 2288 2484 2378 2480 2379 2487 2380 2485 2381 2483 2288 2486 2382 2487 2380 2481 2355 2490 2383 2488 2384 2486 2382 2489 2385 2490 2383 2482 2359 2484 2378 2491 2386 2489 2385 2485 2381 2488 2384 2491 2386 2495 2387 2496 2388 2492 2353 2499 2389 2497 2390 2495 2387 2498 2391 2499 2389 2493 2357 2502 2392 2500 2393 2498 2391 2501 2394 2502 2392 2494 2395 2501 2394 2497 2390 2503 2396 2497 2390 2500 2393 2503 2396 2507 2397 2508 2398 2504 2399 2511 2400 2509 2401 2507 2397 2510 2402 2511 2400 2505 2351 2514 2403 2512 2404 2510 2402 2513 2405 2514 2403 2506 2349 2513 2405 2509 2401 2515 2406 2509 2401 2512 2404 2515 2406 2519 2226 2520 2407 2516 2167 2523 2408 2521 2409 2519 2226 2522 2410 2523 2408 2517 2347 2526 2411 2524 2412 2522 2410 2525 2413 2526 2411 2518 2414 2525 2413 2521 2409 2527 2415 2521 2409 2524 2412 2527 2415 2531 2416 2532 2417 2528 2418 2535 2419 2533 2420 2531 2416 2534 2421 2535 2419 2529 2358 2538 2422 2536 2423 2534 2421 2537 2424 2538 2422 2530 2352 2537 2424 2533 2420 2539 2425 2533 2420 2536 2423 2539 2425 2543 2426 2544 2427 2540 2168 2547 2428 2545 2429 2543 2426 2546 2430 2547 2428 2541 2350 2550 2431 2548 2432 2546 2430 2549 2433 2550 2431 2542 2434 2544 2427 2551 2435 2549 2433 2545 2429 2548 2432 2551 2435 2456 2270 2483 2288 2480 2379 2460 2269 2487 2380 2483 2288 2465 2365 2481 2355 2487 2380 2468 2369 2462 2362 2457 2348 2472 2368 2466 2363 2462 2362 2477 2376 2458 2356 2466 2363 2492 2353 2474 2372 2469 2374 2496 2388 2478 2375 2474 2372 2501 2394 2470 2354 2478 2375 2482 2359 2498 2391 2493 2357 2490 2383 2502 2392 2498 2391 2486 2382 2494 2395 2502 2392 2480 2379 2531 2416 2528 2418 2484 2378 2535 2419 2531 2416 2489 2385 2529 2358 2535 2419 2540 2168 2495 2387 2492 2353 2544 2427 2499 2389 2495 2387 2549 2433 2493 2357 2499 2389 2530 2352 2546 2430 2541 2350 2538 2422 2550 2431 2546 2430 2534 2421 2542 2434 2550 2431 2528 2418 2507 2397 2504 2399 2532 2417 2511 2400 2507 2397 2537 2424 2505 2351 2511 2400 2516 2167 2543 2426 2540 2168 2520 2407 2547 2428 2543 2426 2525 2413 2541 2350 2547 2428 2506 2349 2522 2410 2517 2347 2514 2403 2526 2411 2522 2410 2510 2402 2518 2414 2526 2411 2504 2399 2459 2268 2456 2270 2508 2398 2463 2360 2459 2268 2513 2405 2457 2348 2463 2360 2469 2374 2519 2226 2516 2167 2475 2373 2523 2408 2519 2226 2471 2367 2517 2347 2523 2408 2528 2418 2456 2270 2480 2379 2613 2347 2553 2436 2602 2349 2637 2350 2601 2351 2626 2352 2588 2437 2612 2438 2636 2439 2566 2440 2577 2441 2554 2442 2589 2443 2625 2444 2578 2445 2555 2446 2556 2447 2552 2177 2559 2448 2557 2449 2555 2446 2558 2450 2559 2448 2553 2436 2562 2451 2560 2452 2558 2450 2561 2453 2562 2451 2554 2442 2561 2453 2557 2449 2563 2454 2557 2449 2560 2452 2563 2454 2567 2455 2568 2456 2564 2457 2567 2455 2572 2458 2569 2459 2570 2460 2571 2461 2565 2462 2574 2463 2572 2458 2570 2460 2573 2464 2574 2463 2566 2440 2573 2464 2569 2459 2575 2465 2569 2459 2572 2458 2575 2465 2579 2466 2580 2467 2576 2198 2583 2468 2581 2469 2579 2466 2582 2470 2583 2468 2577 2441 2586 2383 2584 2471 2582 2470 2585 2472 2586 2383 2578 2445 2580 2467 2587 2473 2585 2472 2581 2469 2584 2471 2587 2473 2591 2474 2592 2475 2588 2437 2595 2476 2593 2477 2591 2474 2594 2478 2595 2476 2589 2443 2598 2479 2596 2480 2594 2478 2597 2481 2598 2479 2590 2482 2597 2481 2593 2477 2599 2483 2593 2477 2596 2480 2599 2483 2603 2484 2604 2485 2600 2486 2607 2487 2605 2488 2603 2484 2606 2489 2607 2487 2601 2351 2610 2490 2608 2491 2606 2489 2609 2492 2610 2490 2602 2349 2609 2492 2605 2488 2611 2493 2605 2488 2608 2491 2611 2493 2615 2494 2616 2495 2612 2438 2619 2496 2617 2497 2615 2494 2618 2498 2619 2496 2613 2347 2622 2499 2620 2500 2618 2498 2621 2501 2622 2499 2614 2414 2621 2501 2617 2497 2623 2502 2617 2497 2620 2500 2623 2502 2627 2503 2628 2504 2624 2505 2631 2506 2629 2507 2627 2503 2630 2508 2631 2506 2625 2444 2634 2509 2632 2510 2630 2508 2633 2511 2634 2509 2626 2352 2633 2511 2629 2507 2635 2512 2629 2507 2632 2510 2635 2512 2639 2513 2640 2514 2636 2439 2643 2515 2641 2516 2639 2513 2642 2517 2643 2515 2637 2350 2646 2431 2644 2518 2642 2517 2645 2519 2646 2431 2638 2434 2640 2514 2647 2520 2645 2519 2641 2516 2644 2518 2647 2520 2552 2177 2579 2466 2576 2198 2556 2447 2583 2468 2579 2466 2561 2453 2577 2441 2583 2468 2564 2457 2558 2450 2553 2436 2568 2456 2562 2451 2558 2450 2573 2464 2554 2442 2562 2451 2588 2437 2570 2460 2565 2462 2592 2475 2574 2463 2570 2460 2597 2481 2566 2440 2574 2463 2578 2445 2594 2478 2589 2443 2586 2383 2598 2479 2594 2478 2582 2470 2590 2482 2598 2479 2576 2198 2627 2503 2624 2505 2580 2467 2631 2506 2627 2503 2585 2472 2625 2444 2631 2506 2636 2439 2591 2474 2588 2437 2640 2514 2595 2476 2591 2474 2645 2519 2589 2443 2595 2476 2626 2352 2642 2517 2637 2350 2634 2509 2646 2431 2642 2517 2630 2508 2638 2434 2646 2431 2624 2505 2603 2484 2600 2486 2628 2504 2607 2487 2603 2484 2633 2511 2601 2351 2607 2487 2612 2438 2639 2513 2636 2439 2616 2495 2643 2515 2639 2513 2621 2501 2637 2350 2643 2515 2602 2349 2618 2498 2613 2347 2610 2490 2622 2499 2618 2498 2606 2489 2614 2414 2622 2499 2600 2486 2555 2446 2552 2177 2604 2485 2559 2448 2555 2446 2609 2492 2553 2436 2559 2448 2565 2462 2615 2494 2612 2438 2571 2461 2619 2496 2615 2494 2567 2455 2613 2347 2619 2496 2624 2505 2552 2177 2576 2198 2709 2521 2649 2522 2698 2523 2733 2524 2697 2525 2722 2526 2684 2527 2708 2528 2732 2529 2662 2440 2673 2441 2650 2530 2685 2531 2721 2532 2674 2533 2651 2534 2652 2535 2648 2536 2655 2537 2653 2538 2651 2534 2654 2539 2655 2537 2649 2522 2654 2539 2659 2540 2656 2541 2657 2542 2658 2543 2650 2530 2652 2535 2659 2540 2657 2542 2653 2538 2656 2541 2659 2540 2663 2544 2664 2545 2660 2546 2663 2544 2668 2547 2665 2548 2666 2549 2667 2550 2661 2551 2670 2552 2668 2547 2666 2549 2669 2553 2670 2552 2662 2440 2664 2545 2671 2554 2669 2553 2665 2548 2668 2547 2671 2554 2675 2555 2676 2556 2672 2557 2675 2555 2680 2558 2677 2559 2678 2560 2679 2561 2673 2441 2682 2562 2680 2558 2678 2560 2681 2563 2682 2562 2674 2533 2676 2556 2683 2564 2681 2563 2677 2559 2680 2558 2683 2564 2687 2565 2688 2566 2684 2527 2691 2567 2689 2568 2687 2565 2690 2569 2691 2567 2685 2531 2694 2570 2692 2571 2690 2569 2693 2572 2694 2570 2686 2573 2693 2572 2689 2568 2695 2574 2689 2568 2692 2571 2695 2574 2699 2575 2700 2576 2696 2577 2703 2578 2701 2579 2699 2575 2702 2580 2703 2578 2697 2525 2706 2581 2704 2582 2702 2580 2705 2583 2706 2581 2698 2523 2705 2583 2701 2579 2707 2584 2701 2579 2704 2582 2707 2584 2711 2585 2712 2586 2708 2528 2715 2587 2713 2588 2711 2585 2714 2589 2715 2587 2709 2521 2714 2589 2719 2590 2716 2591 2717 2592 2718 2593 2710 2594 2712 2586 2719 2590 2717 2592 2713 2588 2716 2591 2719 2590 2723 2595 2724 2596 2720 2597 2727 2598 2725 2599 2723 2595 2726 2600 2727 2598 2721 2532 2730 2601 2728 2602 2726 2600 2729 2603 2730 2601 2722 2526 2729 2603 2725 2599 2731 2604 2725 2599 2728 2602 2731 2604 2735 2605 2736 2606 2732 2529 2735 2605 2740 2607 2737 2608 2738 2609 2739 2610 2733 2524 2742 2611 2740 2607 2738 2609 2741 2612 2742 2611 2734 2613 2736 2606 2743 2614 2741 2612 2737 2608 2740 2607 2743 2614 2648 2536 2675 2555 2672 2557 2652 2535 2679 2561 2675 2555 2657 2542 2673 2441 2679 2561 2660 2546 2654 2539 2649 2522 2664 2545 2658 2543 2654 2539 2669 2553 2650 2530 2658 2543 2684 2527 2666 2549 2661 2551 2688 2566 2670 2552 2666 2549 2693 2572 2662 2440 2670 2552 2674 2533 2690 2569 2685 2531 2682 2562 2694 2570 2690 2569 2678 2560 2686 2573 2694 2570 2672 2557 2723 2595 2720 2597 2676 2556 2727 2598 2723 2595 2681 2563 2721 2532 2727 2598 2732 2529 2687 2565 2684 2527 2736 2606 2691 2567 2687 2565 2741 2612 2685 2531 2691 2567 2722 2526 2738 2609 2733 2524 2730 2601 2742 2611 2738 2609 2726 2600 2734 2613 2742 2611 2720 2597 2699 2575 2696 2577 2724 2596 2703 2578 2699 2575 2729 2603 2697 2525 2703 2578 2708 2528 2735 2605 2732 2529 2712 2586 2739 2610 2735 2605 2717 2592 2733 2524 2739 2610 2698 2523 2714 2589 2709 2521 2706 2581 2718 2593 2714 2589 2702 2580 2710 2594 2718 2593 2696 2577 2651 2534 2648 2536 2700 2576 2655 2537 2651 2534 2705 2583 2649 2522 2655 2537 2661 2551 2711 2585 2708 2528 2667 2550 2715 2587 2711 2585 2663 2544 2709 2521 2715 2587 2720 2597 2648 2536 2672 2557 2805 2615 2745 2616 2794 2523 2829 2259 2793 2260 2818 2617 2780 2527 2804 2618 2828 2619 2758 2354 2769 2355 2746 2620 2781 2621 2817 2622 2770 2623 2747 2624 2748 2625 2744 2536 2751 2626 2749 2627 2747 2624 2750 2628 2751 2626 2745 2616 2750 2628 2755 2629 2752 2630 2753 2631 2754 2632 2746 2620 2748 2625 2755 2629 2753 2631 2749 2627 2752 2630 2755 2629 2759 2633 2760 2634 2756 2635 2759 2633 2764 2636 2761 2637 2762 2638 2763 2639 2757 2551 2766 2640 2764 2636 2762 2638 2765 2641 2766 2640 2758 2354 2760 2634 2767 2642 2765 2641 2761 2637 2764 2636 2767 2642 2771 2643 2772 2644 2768 2557 2771 2643 2776 2645 2773 2646 2774 2647 2775 2648 2769 2355 2778 2649 2776 2645 2774 2647 2777 2650 2778 2649 2770 2623 2772 2644 2779 2651 2777 2650 2773 2646 2776 2645 2779 2651 2783 2652 2784 2653 2780 2527 2787 2654 2785 2655 2783 2652 2786 2656 2787 2654 2781 2621 2790 2657 2788 2658 2786 2656 2789 2659 2790 2657 2782 2660 2789 2659 2785 2655 2791 2661 2785 2655 2788 2658 2791 2661 2795 2662 2796 2663 2792 2577 2799 2664 2797 2665 2795 2662 2798 2666 2799 2664 2793 2260 2802 2667 2800 2668 2798 2666 2801 2669 2802 2667 2794 2523 2801 2669 2797 2665 2803 2584 2797 2665 2800 2668 2803 2584 2807 2670 2808 2671 2804 2618 2811 2672 2809 2673 2807 2670 2810 2674 2811 2672 2805 2615 2810 2674 2815 2675 2812 2676 2813 2677 2814 2678 2806 2679 2808 2671 2815 2675 2813 2677 2809 2673 2812 2676 2815 2675 2819 2680 2820 2681 2816 2597 2823 2682 2821 2683 2819 2680 2822 2684 2823 2682 2817 2622 2826 2685 2824 2686 2822 2684 2825 2687 2826 2685 2818 2617 2825 2687 2821 2683 2827 2688 2821 2683 2824 2686 2827 2688 2831 2689 2832 2690 2828 2619 2831 2689 2836 2691 2833 2692 2834 2693 2835 2694 2829 2259 2838 2695 2836 2691 2834 2693 2837 2696 2838 2695 2830 2613 2832 2690 2839 2697 2837 2696 2833 2692 2836 2691 2839 2697 2744 2536 2771 2643 2768 2557 2748 2625 2775 2648 2771 2643 2753 2631 2769 2355 2775 2648 2756 2635 2750 2628 2745 2616 2760 2634 2754 2632 2750 2628 2765 2641 2746 2620 2754 2632 2780 2527 2762 2638 2757 2551 2784 2653 2766 2640 2762 2638 2789 2659 2758 2354 2766 2640 2770 2623 2786 2656 2781 2621 2778 2649 2790 2657 2786 2656 2774 2647 2782 2660 2790 2657 2768 2557 2819 2680 2816 2597 2772 2644 2823 2682 2819 2680 2777 2650 2817 2622 2823 2682 2828 2619 2783 2652 2780 2527 2832 2690 2787 2654 2783 2652 2837 2696 2781 2621 2787 2654 2818 2617 2834 2693 2829 2259 2826 2685 2838 2695 2834 2693 2822 2684 2830 2613 2838 2695 2816 2597 2795 2662 2792 2577 2820 2681 2799 2664 2795 2662 2825 2687 2793 2260 2799 2664 2804 2618 2831 2689 2828 2619 2808 2671 2835 2694 2831 2689 2813 2677 2829 2259 2835 2694 2794 2523 2810 2674 2805 2615 2802 2667 2814 2678 2810 2674 2798 2666 2806 2679 2814 2678 2792 2577 2747 2624 2744 2536 2796 2663 2751 2626 2747 2624 2801 2669 2745 2616 2751 2626 2757 2551 2807 2670 2804 2618 2763 2639 2811 2672 2807 2670 2759 2633 2805 2615 2811 2672 2816 2597 2744 2536 2768 2557 2901 2698 2841 2699 2890 2700 2925 2701 2889 2702 2914 2703 2876 2704 2900 2705 2924 2706 2854 2707 2865 2708 2842 2709 2877 2531 2913 2710 2866 2533 2843 2711 2844 2712 2840 2713 2847 2714 2845 2715 2843 2711 2846 2716 2847 2714 2841 2699 2846 2716 2851 2717 2848 2718 2849 2719 2850 2720 2842 2709 2844 2712 2851 2717 2849 2719 2845 2715 2848 2718 2851 2717 2855 2721 2856 2722 2852 2546 2855 2721 2860 2723 2857 2724 2858 2725 2859 2726 2853 2727 2862 2728 2860 2723 2858 2725 2861 2729 2862 2728 2854 2707 2856 2722 2863 2730 2861 2729 2857 2724 2860 2723 2863 2730 2867 2731 2868 2732 2864 2733 2867 2731 2872 2734 2869 2646 2870 2735 2871 2736 2865 2708 2874 2737 2872 2734 2870 2735 2873 2738 2874 2737 2866 2533 2868 2732 2875 2739 2873 2738 2869 2646 2872 2734 2875 2739 2879 2740 2880 2741 2876 2704 2883 2742 2881 2743 2879 2740 2882 2744 2883 2742 2877 2531 2886 2745 2884 2746 2882 2744 2885 2747 2886 2745 2878 2748 2885 2747 2881 2743 2887 2749 2881 2743 2884 2746 2887 2749 2891 2750 2892 2751 2888 2752 2895 2753 2893 2754 2891 2750 2894 2755 2895 2753 2889 2702 2898 2756 2896 2757 2894 2755 2897 2758 2898 2756 2890 2700 2897 2758 2893 2754 2899 2759 2893 2754 2896 2757 2899 2759 2903 2760 2904 2761 2900 2705 2907 2762 2905 2763 2903 2760 2906 2764 2907 2762 2901 2698 2906 2764 2911 2765 2908 2766 2909 2767 2910 2768 2902 2769 2904 2761 2911 2765 2909 2767 2905 2763 2908 2766 2911 2765 2915 2770 2916 2771 2912 2772 2919 2773 2917 2774 2915 2770 2918 2775 2919 2773 2913 2710 2922 2776 2920 2777 2918 2775 2921 2778 2922 2776 2914 2703 2921 2778 2917 2774 2923 2779 2917 2774 2920 2777 2923 2779 2927 2780 2928 2781 2924 2706 2927 2780 2932 2782 2929 2783 2930 2784 2931 2785 2925 2701 2934 2786 2932 2782 2930 2784 2933 2787 2934 2786 2926 2788 2928 2781 2935 2789 2933 2787 2929 2783 2932 2782 2935 2789 2840 2713 2867 2731 2864 2733 2844 2712 2871 2736 2867 2731 2849 2719 2865 2708 2871 2736 2852 2546 2846 2716 2841 2699 2856 2722 2850 2720 2846 2716 2861 2729 2842 2709 2850 2720 2876 2704 2858 2725 2853 2727 2880 2741 2862 2728 2858 2725 2885 2747 2854 2707 2862 2728 2866 2533 2882 2744 2877 2531 2874 2737 2886 2745 2882 2744 2870 2735 2878 2748 2886 2745 2864 2733 2915 2770 2912 2772 2868 2732 2919 2773 2915 2770 2873 2738 2913 2710 2919 2773 2924 2706 2879 2740 2876 2704 2928 2781 2883 2742 2879 2740 2933 2787 2877 2531 2883 2742 2914 2703 2930 2784 2925 2701 2922 2776 2934 2786 2930 2784 2918 2775 2926 2788 2934 2786 2912 2772 2891 2750 2888 2752 2916 2771 2895 2753 2891 2750 2921 2778 2889 2702 2895 2753 2900 2705 2927 2780 2924 2706 2904 2761 2931 2785 2927 2780 2909 2767 2925 2701 2931 2785 2890 2700 2906 2764 2901 2698 2898 2756 2910 2768 2906 2764 2894 2755 2902 2769 2910 2768 2888 2752 2843 2711 2840 2713 2892 2751 2847 2714 2843 2711 2897 2758 2841 2699 2847 2714 2853 2727 2903 2760 2900 2705 2859 2726 2907 2762 2903 2760 2855 2721 2901 2698 2907 2762 2912 2772 2840 2713 2864 2733 2997 2790 2937 2522 2986 2791 3021 2792 2985 2793 3010 2794 2972 2795 2996 2796 3020 2797 2950 2798 2961 2799 2938 2800 2973 2801 3009 2802 2962 2803 2939 2804 2940 2805 2936 2806 2943 2807 2941 2808 2939 2804 2942 2809 2943 2807 2937 2522 2942 2809 2947 2810 2944 2811 2945 2812 2946 2813 2938 2800 2940 2805 2947 2810 2945 2812 2941 2808 2944 2811 2947 2810 2951 2814 2952 2815 2948 2816 2951 2814 2956 2817 2953 2818 2954 2819 2955 2820 2949 2727 2958 2821 2956 2817 2954 2819 2957 2822 2958 2821 2950 2798 2952 2815 2959 2823 2957 2822 2953 2818 2956 2817 2959 2823 2963 2824 2964 2825 2960 2826 2963 2824 2968 2827 2965 2828 2966 2829 2967 2830 2961 2799 2970 2831 2968 2827 2966 2829 2969 2832 2970 2831 2962 2803 2964 2825 2971 2833 2969 2832 2965 2828 2968 2827 2971 2833 2975 2834 2976 2835 2972 2795 2979 2836 2977 2837 2975 2834 2978 2838 2979 2836 2973 2801 2978 2838 2983 2839 2980 2840 2981 2841 2982 2842 2974 2843 2976 2835 2983 2839 2981 2841 2977 2837 2980 2840 2983 2839 2987 2844 2988 2845 2984 2846 2991 2847 2989 2848 2987 2844 2990 2849 2991 2847 2985 2793 2994 2850 2992 2851 2990 2849 2993 2852 2994 2850 2986 2791 2993 2852 2989 2848 2995 2853 2989 2848 2992 2851 2995 2853 2999 2854 3000 2855 2996 2796 3003 2856 3001 2857 2999 2854 3002 2858 3003 2856 2997 2790 3002 2858 3007 2859 3004 2860 3005 2861 3006 2862 2998 2863 3000 2855 3007 2859 3005 2861 3001 2857 3004 2860 3007 2859 3011 2864 3012 2865 3008 2866 3015 2867 3013 2868 3011 2864 3014 2869 3015 2867 3009 2802 3014 2869 3019 2870 3016 2871 3017 2872 3018 2873 3010 2794 3012 2865 3019 2870 3017 2872 3013 2868 3016 2871 3019 2870 3023 2874 3024 2875 3020 2797 3023 2874 3028 2876 3025 2877 3026 2878 3027 2879 3021 2792 3030 2880 3028 2876 3026 2878 3029 2881 3030 2880 3022 2882 3024 2875 3031 2883 3029 2881 3025 2877 3028 2876 3031 2883 2936 2806 2963 2824 2960 2826 2940 2805 2967 2830 2963 2824 2945 2812 2961 2799 2967 2830 2948 2816 2942 2809 2937 2522 2952 2815 2946 2813 2942 2809 2957 2822 2938 2800 2946 2813 2972 2795 2954 2819 2949 2727 2976 2835 2958 2821 2954 2819 2981 2841 2950 2798 2958 2821 2973 2801 2970 2831 2978 2838 2978 2838 2966 2829 2982 2842 2982 2842 2961 2799 2974 2843 2960 2826 3011 2864 3008 2866 2964 2825 3015 2867 3011 2864 2969 2832 3009 2802 3015 2867 3020 2797 2975 2834 2972 2795 3024 2875 2979 2836 2975 2834 3029 2881 2973 2801 2979 2836 3021 2792 3018 2873 3026 2878 3026 2878 3014 2869 3030 2880 3030 2880 3009 2802 3022 2882 3008 2866 2987 2844 2984 2846 3012 2865 2991 2847 2987 2844 3017 2872 2985 2793 2991 2847 2996 2796 3023 2874 3020 2797 3000 2855 3027 2879 3023 2874 3005 2861 3021 2792 3027 2879 2997 2790 2994 2850 3002 2858 3002 2858 2990 2849 3006 2862 2990 2849 2998 2863 3006 2862 2984 2846 2939 2804 2936 2806 2988 2845 2943 2807 2939 2804 2993 2852 2937 2522 2943 2807 2949 2727 2999 2854 2996 2796 2955 2820 3003 2856 2999 2854 2951 2814 2997 2790 3003 2856 3008 2866 2936 2806 2960 2826 3093 2884 3033 2885 3082 2886 3117 2887 3081 2888 3106 2889 3068 2890 3092 2891 3116 2892 3046 2893 3057 2894 3034 2895 3069 2896 3105 2897 3058 2898 3035 2899 3036 2900 3032 2901 3039 2902 3037 2903 3035 2899 3038 2904 3039 2902 3033 2885 3038 2904 3043 2905 3040 2906 3041 2907 3042 2908 3034 2895 3036 2900 3043 2905 3041 2907 3037 2903 3040 2906 3043 2905 3047 2909 3048 2910 3044 2911 3047 2909 3052 2912 3049 2913 3050 2914 3051 2915 3045 2916 3054 2917 3052 2912 3050 2914 3053 2918 3054 2917 3046 2893 3048 2910 3055 2919 3053 2918 3049 2913 3052 2912 3055 2919 3059 2920 3060 2921 3056 2922 3059 2920 3064 2923 3061 2924 3062 2925 3063 2926 3057 2894 3066 2927 3064 2923 3062 2925 3065 2928 3066 2927 3058 2898 3060 2921 3067 2929 3065 2928 3061 2924 3064 2923 3067 2929 3071 2930 3072 2931 3068 2890 3075 2932 3073 2933 3071 2930 3074 2934 3075 2932 3069 2896 3074 2934 3079 2935 3076 2936 3077 2937 3078 2938 3070 2939 3077 2937 3073 2933 3079 2935 3073 2933 3076 2936 3079 2935 3083 2940 3084 2941 3080 2942 3087 2943 3085 2944 3083 2940 3086 2945 3087 2943 3081 2888 3090 2946 3088 2947 3086 2945 3089 2948 3090 2946 3082 2886 3089 2948 3085 2944 3091 2949 3085 2944 3088 2947 3091 2949 3095 2950 3096 2951 3092 2891 3099 2952 3097 2953 3095 2950 3098 2954 3099 2952 3093 2884 3098 2954 3103 2955 3100 2956 3101 2957 3102 2958 3094 2959 3096 2951 3103 2955 3101 2957 3097 2953 3100 2956 3103 2955 3107 2960 3108 2961 3104 2962 3111 2963 3109 2964 3107 2960 3110 2965 3111 2963 3105 2897 3110 2965 3115 2966 3112 2967 3113 2968 3114 2969 3106 2889 3113 2968 3109 2964 3115 2966 3109 2964 3112 2967 3115 2966 3119 2970 3120 2971 3116 2892 3119 2970 3124 2972 3121 2973 3122 2974 3123 2975 3117 2887 3126 2976 3124 2972 3122 2974 3125 2977 3126 2976 3118 2978 3120 2971 3127 2979 3125 2977 3121 2973 3124 2972 3127 2979 3032 2901 3059 2920 3056 2922 3036 2900 3063 2926 3059 2920 3041 2907 3057 2894 3063 2926 3044 2911 3038 2904 3033 2885 3048 2910 3042 2908 3038 2904 3053 2918 3034 2895 3042 2908 3068 2890 3050 2914 3045 2916 3072 2931 3054 2917 3050 2914 3077 2937 3046 2893 3054 2917 3058 2898 3074 2934 3069 2896 3066 2927 3078 2938 3074 2934 3062 2925 3070 2939 3078 2938 3104 2962 3060 2921 3107 2960 3060 2921 3111 2963 3107 2960 3065 2928 3105 2897 3111 2963 3068 2890 3120 2971 3071 2930 3120 2971 3075 2932 3071 2930 3125 2977 3069 2896 3075 2932 3106 2889 3122 2974 3117 2887 3114 2969 3126 2976 3122 2974 3110 2965 3118 2978 3126 2976 3104 2962 3083 2940 3080 2942 3108 2961 3087 2943 3083 2940 3113 2968 3081 2888 3087 2943 3092 2891 3119 2970 3116 2892 3096 2951 3123 2975 3119 2970 3101 2957 3117 2887 3123 2975 3082 2886 3098 2954 3093 2884 3090 2946 3102 2958 3098 2954 3086 2945 3094 2959 3102 2958 3080 2942 3035 2899 3032 2901 3084 2941 3039 2902 3035 2899 3089 2948 3033 2885 3039 2902 3045 2916 3095 2950 3092 2891 3051 2915 3099 2952 3095 2950 3047 2909 3093 2884 3099 2952 3104 2962 3032 2901 3056 2922 3189 2980 3129 2981 3178 2982 3213 2983 3177 2984 3202 2985 3164 2986 3188 2987 3212 2988 3142 2989 3153 2990 3130 2991 3154 2992 3214 2993 3201 2994 3131 2995 3132 2996 3128 2997 3135 2998 3133 2999 3131 2995 3134 3000 3135 2998 3129 2981 3134 3000 3139 3001 3136 3002 3137 3003 3138 3004 3130 2991 3132 2996 3139 3001 3137 3003 3133 2999 3136 3002 3139 3001 3143 3005 3144 3006 3140 3007 3143 3005 3148 3008 3145 3009 3146 3010 3147 3011 3141 3012 3150 3013 3148 3008 3146 3010 3149 3014 3150 3013 3142 2989 3144 3006 3151 3015 3149 3014 3145 3009 3148 3008 3151 3015 3155 3016 3156 3017 3152 3018 3155 3016 3160 3019 3157 3020 3158 3021 3159 3022 3153 2990 3162 3023 3160 3019 3158 3021 3161 3024 3162 3023 3154 2992 3161 3024 3157 3020 3163 3025 3157 3020 3160 3019 3163 3025 3167 3026 3168 3027 3164 2986 3171 3028 3169 3029 3167 3026 3170 3030 3171 3028 3165 3031 3170 3030 3175 3032 3172 3033 3173 3034 3174 3035 3166 3036 3173 3034 3169 3029 3175 3032 3169 3029 3172 3033 3175 3032 3179 3037 3180 3038 3176 3039 3183 3040 3181 3041 3179 3037 3182 3042 3183 3040 3177 2984 3186 3043 3184 3044 3182 3042 3185 3045 3186 3043 3178 2982 3185 3045 3181 3041 3187 3046 3181 3041 3184 3044 3187 3046 3191 3047 3192 3048 3188 2987 3195 3049 3193 3050 3191 3047 3194 3051 3195 3049 3189 2980 3194 3051 3199 3052 3196 3053 3197 3054 3198 3055 3190 3056 3192 3048 3199 3052 3197 3054 3193 3050 3196 3053 3199 3052 3203 3057 3204 3058 3200 3059 3207 3060 3205 3061 3203 3057 3206 3062 3207 3060 3201 2994 3206 3062 3211 3063 3208 3064 3209 3065 3210 3066 3202 2985 3209 3065 3205 3061 3211 3063 3205 3061 3208 3064 3211 3063 3215 3067 3216 3068 3212 2988 3215 3067 3220 3069 3217 3070 3218 3071 3219 3072 3213 2983 3222 3073 3220 3069 3218 3071 3221 3074 3222 3073 3214 2993 3216 3068 3223 3075 3221 3074 3217 3070 3220 3069 3223 3075 3128 2997 3155 3016 3152 3018 3132 2996 3159 3022 3155 3016 3137 3003 3153 2990 3159 3022 3140 3007 3134 3000 3129 2981 3144 3006 3138 3004 3134 3000 3149 3014 3130 2991 3138 3004 3164 2986 3146 3010 3141 3012 3168 3027 3150 3013 3146 3010 3173 3034 3142 2989 3150 3013 3165 3031 3162 3023 3170 3030 3170 3030 3158 3021 3174 3035 3174 3035 3153 2990 3166 3036 3200 3059 3156 3017 3203 3057 3156 3017 3207 3060 3203 3057 3161 3024 3201 2994 3207 3060 3164 2986 3216 3068 3167 3026 3216 3068 3171 3028 3167 3026 3221 3074 3165 3031 3171 3028 3213 2983 3210 3066 3218 3071 3218 3071 3206 3062 3222 3073 3222 3073 3201 2994 3214 2993 3200 3059 3179 3037 3176 3039 3204 3058 3183 3040 3179 3037 3209 3065 3177 2984 3183 3040 3188 2987 3215 3067 3212 2988 3192 3048 3219 3072 3215 3067 3197 3054 3213 2983 3219 3072 3178 2982 3194 3051 3189 2980 3186 3043 3198 3055 3194 3051 3182 3042 3190 3056 3198 3055 3128 2997 3180 3038 3131 2995 3180 3038 3135 2998 3131 2995 3185 3045 3129 2981 3135 2998 3141 3012 3191 3047 3188 2987 3147 3011 3195 3049 3191 3047 3143 3005 3189 2980 3195 3049 3200 3059 3128 2997 3152 3018 3285 3076 3225 3077 3274 3078 3309 3079 3273 3080 3298 3081 3260 3082 3284 3083 3308 3084 3238 3085 3249 3086 3226 3087 3261 3088 3297 2897 3250 3089 3227 3090 3228 3091 3224 2901 3231 3092 3229 3093 3227 3090 3230 3094 3231 3092 3225 3077 3230 3094 3235 3095 3232 3096 3233 3097 3234 3098 3226 3087 3228 3091 3235 3095 3233 3097 3229 3093 3232 3096 3235 3095 3239 3099 3240 3100 3236 3101 3239 3099 3244 3102 3241 3103 3242 3104 3243 3105 3237 2916 3246 3106 3244 3102 3242 3104 3245 3107 3246 3106 3238 3085 3240 3100 3247 3108 3245 3107 3241 3103 3244 3102 3247 3108 3251 3109 3252 2921 3248 3110 3251 3109 3256 3111 3253 3112 3254 3113 3255 3114 3249 3086 3258 3115 3256 3111 3254 3113 3257 3116 3258 3115 3250 3089 3252 2921 3259 3117 3257 3116 3253 3112 3256 3111 3259 3117 3263 3118 3264 3119 3260 3082 3267 3120 3265 3121 3263 3118 3266 3122 3267 3120 3261 3088 3266 3122 3271 3123 3268 3124 3269 3125 3270 3126 3262 3127 3269 3125 3265 3121 3271 3123 3265 3121 3268 3124 3271 3123 3275 3128 3276 3129 3272 3130 3279 3131 3277 3132 3275 3128 3278 3133 3279 3131 3273 3080 3282 3134 3280 3135 3278 3133 3281 3136 3282 3134 3274 3078 3281 3136 3277 3132 3283 3137 3277 3132 3280 3135 3283 3137 3287 3138 3288 3139 3284 3083 3291 3140 3289 3141 3287 3138 3290 3142 3291 3140 3285 3076 3290 3142 3295 3143 3292 3144 3293 3145 3294 3146 3286 3147 3288 3139 3295 3143 3293 3145 3289 3141 3292 3144 3295 3143 3299 3148 3300 3149 3296 3150 3303 3151 3301 3152 3299 3148 3302 3153 3303 3151 3297 2897 3302 3153 3307 3154 3304 3155 3305 3156 3306 3157 3298 3081 3305 3156 3301 3152 3307 3154 3301 3152 3304 3155 3307 3154 3311 3158 3312 3159 3308 3084 3311 3158 3316 3160 3313 3161 3314 3162 3315 3163 3309 3079 3318 3164 3316 3160 3314 3162 3317 3165 3318 3164 3310 3166 3312 3159 3319 3167 3317 3165 3313 3161 3316 3160 3319 3167 3224 2901 3251 3109 3248 3110 3228 3091 3255 3114 3251 3109 3233 3097 3249 3086 3255 3114 3236 3101 3230 3094 3225 3077 3240 3100 3234 3098 3230 3094 3245 3107 3226 3087 3234 3098 3260 3082 3242 3104 3237 2916 3264 3119 3246 3106 3242 3104 3269 3125 3238 3085 3246 3106 3250 3089 3266 3122 3261 3088 3258 3115 3270 3126 3266 3122 3254 3113 3262 3127 3270 3126 3296 3150 3252 2921 3299 3148 3252 2921 3303 3151 3299 3148 3257 3116 3297 2897 3303 3151 3260 3082 3312 3159 3263 3118 3312 3159 3267 3120 3263 3118 3317 3165 3261 3088 3267 3120 3309 3079 3306 3157 3314 3162 3314 3162 3302 3153 3318 3164 3302 3153 3310 3166 3318 3164 3296 3150 3275 3128 3272 3130 3300 3149 3279 3131 3275 3128 3305 3156 3273 3080 3279 3131 3284 3083 3311 3158 3308 3084 3288 3139 3315 3163 3311 3158 3293 3145 3309 3079 3315 3163 3274 3078 3290 3142 3285 3076 3282 3134 3294 3146 3290 3142 3278 3133 3286 3147 3294 3146 3272 3130 3227 3090 3224 2901 3276 3129 3231 3092 3227 3090 3281 3136 3225 3077 3231 3092 3237 2916 3287 3138 3284 3083 3243 3105 3291 3140 3287 3138 3239 3099 3285 3076 3291 3140 3296 3150 3224 2901 3248 3110 3381 3168 3321 3169 3370 3170 3405 3171 3369 3172 3394 3173 3356 2795 3380 3174 3404 3175 3334 3176 3345 3177 3322 3178 3357 3179 3393 3180 3346 3181 3323 3182 3324 3183 3320 3184 3327 3185 3325 3186 3323 3182 3326 3187 3327 3185 3321 3169 3326 3187 3331 3188 3328 3189 3329 3190 3330 3191 3322 3178 3324 3183 3331 3188 3329 3190 3325 3186 3328 3189 3331 3188 3335 3192 3336 3193 3332 3194 3335 3192 3340 3195 3337 3196 3338 3197 3339 3198 3333 3199 3342 3200 3340 3195 3338 3197 3341 3201 3342 3200 3334 3176 3336 3193 3343 3202 3341 3201 3337 3196 3340 3195 3343 3202 3347 3203 3348 3204 3344 2826 3347 3203 3352 3205 3349 3206 3350 3207 3351 3208 3345 3177 3354 3209 3352 3205 3350 3207 3353 3210 3354 3209 3346 3181 3348 3204 3355 3211 3353 3210 3349 3206 3352 3205 3355 3211 3359 3212 3360 3213 3356 2795 3363 3214 3361 3215 3359 3212 3362 3216 3363 3214 3357 3179 3362 3216 3367 3217 3364 3218 3365 3219 3366 3220 3358 3221 3360 3213 3367 3217 3365 3219 3361 3215 3364 3218 3367 3217 3371 3222 3372 3223 3368 3224 3375 3225 3373 3226 3371 3222 3374 3227 3375 3225 3369 3172 3378 3228 3376 3229 3374 3227 3377 3230 3378 3228 3370 3170 3377 3230 3373 3226 3379 3231 3373 3226 3376 3229 3379 3231 3383 3232 3384 3233 3380 3174 3387 3234 3385 3235 3383 3232 3386 3236 3387 3234 3381 3168 3386 3236 3391 3237 3388 3238 3389 3239 3390 3240 3382 3241 3384 3233 3391 3237 3389 3239 3385 3235 3388 3238 3391 3237 3395 3242 3396 3243 3392 2866 3399 3244 3397 3245 3395 3242 3398 3246 3399 3244 3393 3180 3398 3246 3403 3247 3400 3248 3401 3249 3402 3250 3394 3173 3396 3243 3403 3247 3401 3249 3397 3245 3400 3248 3403 3247 3407 3251 3408 3252 3404 3175 3407 3251 3412 3253 3409 3254 3410 3255 3411 3256 3405 3171 3414 3257 3412 3253 3410 3255 3413 3258 3414 3257 3406 3259 3408 3252 3415 3260 3413 3258 3409 3254 3412 3253 3415 3260 3320 3184 3347 3203 3344 2826 3324 3183 3351 3208 3347 3203 3329 3190 3345 3177 3351 3208 3332 3194 3326 3187 3321 3169 3336 3193 3330 3191 3326 3187 3341 3201 3322 3178 3330 3191 3356 2795 3338 3197 3333 3199 3360 3213 3342 3200 3338 3197 3365 3219 3334 3176 3342 3200 3357 3179 3354 3209 3362 3216 3362 3216 3350 3207 3366 3220 3366 3220 3345 3177 3358 3221 3344 2826 3395 3242 3392 2866 3348 3204 3399 3244 3395 3242 3353 3210 3393 3180 3399 3244 3404 3175 3359 3212 3356 2795 3408 3252 3363 3214 3359 3212 3413 3258 3357 3179 3363 3214 3405 3171 3402 3250 3410 3255 3410 3255 3398 3246 3414 3257 3414 3257 3393 3180 3406 3259 3392 2866 3371 3222 3368 3224 3396 3243 3375 3225 3371 3222 3401 3249 3369 3172 3375 3225 3380 3174 3407 3251 3404 3175 3384 3233 3411 3256 3407 3251 3389 3239 3405 3171 3411 3256 3381 3168 3378 3228 3386 3236 3386 3236 3374 3227 3390 3240 3374 3227 3382 3241 3390 3240 3368 3224 3323 3182 3320 3184 3372 3223 3327 3185 3323 3182 3377 3230 3321 3169 3327 3185 3333 3199 3383 3232 3380 3174 3339 3198 3387 3234 3383 3232 3335 3192 3381 3168 3387 3234 3392 2866 3320 3184 3344 2826 3477 3261 3417 3262 3466 3263 3501 2701 3465 2702 3490 3264 3452 2527 3476 2528 3500 2529 3430 2707 3441 2708 3418 3265 3453 3266 3489 3267 3442 3268 3419 3269 3420 3270 3416 3271 3423 3272 3421 3273 3419 3269 3422 3274 3423 3272 3417 3262 3422 3274 3427 3275 3424 3276 3425 3277 3426 3278 3418 3265 3420 3270 3427 3275 3425 3277 3421 3273 3424 3276 3427 3275 3431 3279 3432 3280 3428 3281 3431 3279 3436 3282 3433 3283 3434 3284 3435 3285 3429 2551 3438 3286 3436 3282 3434 3284 3437 3287 3438 3286 3430 2707 3432 3280 3439 3288 3437 3287 3433 3283 3436 3282 3439 3288 3443 3289 3444 3290 3440 3291 3443 3289 3448 3292 3445 3293 3446 3294 3447 3295 3441 2708 3450 3296 3448 3292 3446 3294 3449 3297 3450 3296 3442 3268 3444 3290 3451 3298 3449 3297 3445 3293 3448 3292 3451 3298 3455 3299 3456 3300 3452 2527 3459 3301 3457 3302 3455 3299 3458 3303 3459 3301 3453 3266 3462 3304 3460 3305 3458 3303 3461 3306 3462 3304 3454 3307 3461 3306 3457 3302 3463 3308 3457 3302 3460 3305 3463 3308 3467 2662 3468 3309 3464 3310 3471 3311 3469 3312 3467 2662 3470 3313 3471 3311 3465 2702 3474 3314 3472 3315 3470 3313 3473 3316 3474 3314 3466 3263 3473 3316 3469 3312 3475 2584 3469 3312 3472 3315 3475 2584 3479 3317 3480 3318 3476 2528 3483 3319 3481 3320 3479 3317 3482 3321 3483 3319 3477 3261 3482 3321 3487 3322 3484 3323 3485 3324 3486 3325 3478 3326 3480 3318 3487 3322 3485 3324 3481 3320 3484 3323 3487 3322 3491 3327 3492 2681 3488 3328 3495 3329 3493 3330 3491 3327 3494 3331 3495 3329 3489 3267 3498 3332 3496 3333 3494 3331 3497 3334 3498 3332 3490 3264 3497 3334 3493 3330 3499 3335 3493 3330 3496 3333 3499 3335 3503 3336 3504 3337 3500 2529 3503 3336 3508 3338 3505 2608 3506 3339 3507 3340 3501 2701 3510 3341 3508 3338 3506 3339 3509 3342 3510 3341 3502 3343 3504 3337 3511 3344 3509 3342 3505 2608 3508 3338 3511 3344 3416 3271 3443 3289 3440 3291 3420 3270 3447 3295 3443 3289 3425 3277 3441 2708 3447 3295 3428 3281 3422 3274 3417 3262 3432 3280 3426 3278 3422 3274 3437 3287 3418 3265 3426 3278 3452 2527 3434 3284 3429 2551 3456 3300 3438 3286 3434 3284 3461 3306 3430 2707 3438 3286 3442 3268 3458 3303 3453 3266 3450 3296 3462 3304 3458 3303 3446 3294 3454 3307 3462 3304 3440 3291 3491 3327 3488 3328 3444 3290 3495 3329 3491 3327 3449 3297 3489 3267 3495 3329 3500 2529 3455 3299 3452 2527 3504 3337 3459 3301 3455 3299 3509 3342 3453 3266 3459 3301 3490 3264 3506 3339 3501 2701 3498 3332 3510 3341 3506 3339 3494 3331 3502 3343 3510 3341 3488 3328 3467 2662 3464 3310 3492 2681 3471 3311 3467 2662 3497 3334 3465 2702 3471 3311 3476 2528 3503 3336 3500 2529 3480 3318 3507 3340 3503 3336 3485 3324 3501 2701 3507 3340 3466 3263 3482 3321 3477 3261 3474 3314 3486 3325 3482 3321 3470 3313 3478 3326 3486 3325 3464 3310 3419 3269 3416 3271 3468 3309 3423 3272 3419 3269 3473 3316 3417 3262 3423 3272 3429 2551 3479 3317 3476 2528 3435 3285 3483 3319 3479 3317 3431 3279 3477 3261 3483 3319 3488 3328 3416 3271 3440 3291 3573 2521 3513 3345 3562 2523 3597 2350 3561 2351 3586 2352 3548 2527 3572 2618 3596 2619 3526 2707 3537 2708 3514 2709 3549 3266 3585 2532 3538 3268 3515 3346 3516 3347 3512 2536 3519 3348 3517 3349 3515 3346 3518 3350 3519 3348 3513 3345 3518 3350 3523 3351 3520 3352 3521 3353 3522 3354 3514 2709 3516 3347 3523 3351 3521 3353 3517 3349 3520 3352 3523 3351 3527 3355 3528 3356 3524 3281 3527 3355 3532 3357 3529 2548 3530 3358 3531 3359 3525 2551 3534 3360 3532 3357 3530 3358 3533 3361 3534 3360 3526 2707 3528 3356 3535 3362 3533 3361 3529 2548 3532 3357 3535 3362 3539 3363 3540 3364 3536 2557 3539 3363 3544 3365 3541 2646 3542 3366 3543 3367 3537 2708 3546 3368 3544 3365 3542 3366 3545 3369 3546 3368 3538 3268 3540 3364 3547 3370 3545 3369 3541 2646 3544 3365 3547 3370 3551 3371 3552 3372 3548 2527 3555 3373 3553 3374 3551 3371 3554 3375 3555 3373 3549 3266 3558 3376 3556 3377 3554 3375 3557 3378 3558 3376 3550 2748 3557 3378 3553 3374 3559 3379 3553 3374 3556 3377 3559 3379 3563 3380 3564 3381 3560 2577 3567 3382 3565 3383 3563 3380 3566 3384 3567 3382 3561 2351 3570 3385 3568 3386 3566 3384 3569 3387 3570 3385 3562 2523 3569 3387 3565 3383 3571 3388 3565 3383 3568 3386 3571 3388 3575 3389 3576 3390 3572 2618 3579 3391 3577 3392 3575 3389 3578 3393 3579 3391 3573 2521 3578 3393 3583 3394 3580 3395 3581 3396 3582 3397 3574 2414 3576 3390 3583 3394 3581 3396 3577 3392 3580 3395 3583 3394 3587 3398 3588 3399 3584 2597 3591 3400 3589 3401 3587 3398 3590 3402 3591 3400 3585 2532 3594 3403 3592 3404 3590 3402 3593 3405 3594 3403 3586 2352 3593 3405 3589 3401 3595 3406 3589 3401 3592 3404 3595 3406 3599 3407 3600 3408 3596 2619 3599 3407 3604 3409 3601 3410 3602 3411 3603 3412 3597 2350 3606 3413 3604 3409 3602 3411 3605 3414 3606 3413 3598 2613 3600 3408 3607 3415 3605 3414 3601 3410 3604 3409 3607 3415 3512 2536 3539 3363 3536 2557 3516 3347 3543 3367 3539 3363 3521 3353 3537 2708 3543 3367 3524 3281 3518 3350 3513 3345 3528 3356 3522 3354 3518 3350 3533 3361 3514 2709 3522 3354 3548 2527 3530 3358 3525 2551 3552 3372 3534 3360 3530 3358 3557 3378 3526 2707 3534 3360 3538 3268 3554 3375 3549 3266 3546 3368 3558 3376 3554 3375 3542 3366 3550 2748 3558 3376 3536 2557 3587 3398 3584 2597 3540 3364 3591 3400 3587 3398 3545 3369 3585 2532 3591 3400 3596 2619 3551 3371 3548 2527 3600 3408 3555 3373 3551 3371 3605 3414 3549 3266 3555 3373 3586 2352 3602 3411 3597 2350 3594 3403 3606 3413 3602 3411 3590 3402 3598 2613 3606 3413 3584 2597 3563 3380 3560 2577 3588 3399 3567 3382 3563 3380 3593 3405 3561 2351 3567 3382 3572 2618 3599 3407 3596 2619 3576 3390 3603 3412 3599 3407 3581 3396 3597 2350 3603 3412 3562 2523 3578 3393 3573 2521 3570 3385 3582 3397 3578 3393 3566 3384 3574 2414 3582 3397 3560 2577 3515 3346 3512 2536 3564 3381 3519 3348 3515 3346 3569 3387 3513 3345 3519 3348 3525 2551 3575 3389 3572 2618 3531 3359 3579 3391 3575 3389 3527 3355 3573 2521 3579 3391 3584 2597 3512 2536 3536 2557 3669 3416 3609 2522 3658 3417 3693 2524 3657 2525 3682 2526 3644 2527 3668 3418 3692 3419 3622 2440 3633 2441 3610 2442 3645 2531 3681 3420 3634 2533 3611 3421 3612 3422 3608 3423 3615 3424 3613 2538 3611 3421 3614 3425 3615 3424 3609 2522 3614 3425 3619 3426 3616 3427 3617 3428 3618 3429 3610 2442 3612 3422 3619 3426 3617 3428 3613 2538 3616 3427 3619 3426 3623 2544 3624 3430 3620 2546 3623 2544 3628 2547 3625 2548 3626 2549 3627 2550 3621 2551 3630 3431 3628 2547 3626 2549 3629 3432 3630 3431 3622 2440 3624 3430 3631 3433 3629 3432 3625 2548 3628 2547 3631 3433 3635 3434 3636 3435 3632 3436 3635 3434 3640 3437 3637 3438 3638 3439 3639 3440 3633 2441 3642 3441 3640 3437 3638 3439 3641 3442 3642 3441 3634 2533 3636 3435 3643 3443 3641 3442 3637 3438 3640 3437 3643 3443 3647 2565 3648 2566 3644 2527 3651 3444 3649 2568 3647 2565 3650 3445 3651 3444 3645 2531 3654 3446 3652 3447 3650 3445 3653 3448 3654 3446 3646 2482 3653 3448 3649 2568 3655 3449 3649 2568 3652 3447 3655 3449 3659 3450 3660 3451 3656 3452 3659 3450 3664 3453 3661 3454 3662 3455 3663 3456 3657 2525 3666 3457 3664 3453 3662 3455 3665 3458 3666 3457 3658 3417 3665 3458 3661 3454 3667 3459 3661 3454 3664 3453 3667 3459 3671 3460 3672 3461 3668 3418 3675 3462 3673 3463 3671 3460 3674 3464 3675 3462 3669 3416 3674 3464 3679 3465 3676 3466 3677 3467 3678 3468 3670 2594 3672 3461 3679 3465 3677 3467 3673 3463 3676 3466 3679 3465 3683 3469 3684 3470 3680 3471 3687 3472 3685 3473 3683 3469 3686 3474 3687 3472 3681 3420 3686 3474 3691 3475 3688 3476 3689 3477 3690 3478 3682 2526 3684 3470 3691 3475 3689 3477 3685 3473 3688 3476 3691 3475 3695 3479 3696 3480 3692 3419 3695 3479 3700 3481 3697 3482 3698 3483 3699 3484 3693 2524 3702 3485 3700 3481 3698 3483 3701 3486 3702 3485 3694 3487 3696 3480 3703 3488 3701 3486 3697 3482 3700 3481 3703 3488 3608 3423 3635 3434 3632 3436 3612 3422 3639 3440 3635 3434 3617 3428 3633 2441 3639 3440 3620 2546 3614 3425 3609 2522 3624 3430 3618 3429 3614 3425 3629 3432 3610 2442 3618 3429 3644 2527 3626 2549 3621 2551 3648 2566 3630 3431 3626 2549 3653 3448 3622 2440 3630 3431 3634 2533 3650 3445 3645 2531 3642 3441 3654 3446 3650 3445 3638 3439 3646 2482 3654 3446 3632 3436 3683 3469 3680 3471 3636 3435 3687 3472 3683 3469 3641 3442 3681 3420 3687 3472 3692 3419 3647 2565 3644 2527 3696 3480 3651 3444 3647 2565 3701 3486 3645 2531 3651 3444 3682 2526 3698 3483 3693 2524 3690 3478 3702 3485 3698 3483 3686 3474 3694 3487 3702 3485 3680 3471 3659 3450 3656 3452 3684 3470 3663 3456 3659 3450 3689 3477 3657 2525 3663 3456 3668 3418 3695 3479 3692 3419 3672 3461 3699 3484 3695 3479 3677 3467 3693 2524 3699 3484 3658 3417 3674 3464 3669 3416 3666 3457 3678 3468 3674 3464 3662 3455 3670 2594 3678 3468 3656 3452 3611 3421 3608 3423 3660 3451 3615 3424 3611 3421 3665 3458 3609 2522 3615 3424 3621 2551 3671 3460 3668 3418 3627 2550 3675 3462 3671 3460 3623 2544 3669 3416 3675 3462 3680 3471 3608 3423 3632 3436 3765 3489 3705 3490 3754 3491 3789 2350 3753 2351 3778 3492 3740 3493 3764 2167 3788 2168 3718 2440 3729 2441 3706 2530 3741 3494 3777 3495 3730 3496 3707 3497 3708 3498 3704 3499 3711 3500 3709 3501 3707 3497 3710 3502 3711 3500 3705 3490 3714 3503 3712 3504 3710 3502 3713 3505 3714 3503 3706 2530 3713 3505 3709 3501 3715 3506 3709 3501 3712 3504 3715 3506 3719 3507 3720 3508 3716 3509 3719 3507 3724 3510 3721 3511 3722 3512 3723 3513 3717 3514 3726 3515 3724 3510 3722 3512 3725 3516 3726 3515 3718 2440 3725 3516 3721 3511 3727 3517 3721 3511 3724 3510 3727 3517 3731 3518 3732 3519 3728 3520 3735 3521 3733 3522 3731 3518 3734 3523 3735 3521 3729 2441 3738 3524 3736 3525 3734 3523 3737 3526 3738 3524 3730 3496 3732 3519 3739 3527 3737 3526 3733 3522 3736 3525 3739 3527 3743 3528 3744 3529 3740 3493 3747 3530 3745 3531 3743 3528 3746 3532 3747 3530 3741 3494 3750 3533 3748 3534 3746 3532 3749 3535 3750 3533 3742 2573 3749 3535 3745 3531 3751 2483 3745 3531 3748 3534 3751 2483 3755 2308 3756 3536 3752 2486 3759 3537 3757 3538 3755 2308 3758 3539 3759 3537 3753 2351 3762 3540 3760 3541 3758 3539 3761 3542 3762 3540 3754 3491 3761 3542 3757 3538 3763 3543 3757 3538 3760 3541 3763 3543 3767 2318 3768 2319 3764 2167 3771 3544 3769 3545 3767 2318 3770 3546 3771 3544 3765 3489 3774 3547 3772 3548 3770 3546 3773 3549 3774 3547 3766 3550 3773 3549 3769 3545 3775 3551 3769 3545 3772 3548 3775 3551 3779 3552 3780 2329 3776 2505 3783 3553 3781 3554 3779 3552 3782 3555 3783 3553 3777 3495 3786 3556 3784 3557 3782 3555 3785 3558 3786 3556 3778 3492 3785 3558 3781 3554 3787 3559 3781 3554 3784 3557 3787 3559 3791 2337 3792 3560 3788 2168 3795 3561 3793 3562 3791 2337 3794 3563 3795 3561 3789 2350 3798 3564 3796 3565 3794 3563 3797 3566 3798 3564 3790 3567 3792 3560 3799 3568 3797 3566 3793 3562 3796 3565 3799 3568 3704 3499 3731 3518 3728 3520 3708 3498 3735 3521 3731 3518 3713 3505 3729 2441 3735 3521 3716 3509 3710 3502 3705 3490 3720 3508 3714 3503 3710 3502 3725 3516 3706 2530 3714 3503 3740 3493 3722 3512 3717 3514 3744 3529 3726 3515 3722 3512 3749 3535 3718 2440 3726 3515 3730 3496 3746 3532 3741 3494 3738 3524 3750 3533 3746 3532 3734 3523 3742 2573 3750 3533 3728 3520 3779 3552 3776 2505 3732 3519 3783 3553 3779 3552 3737 3526 3777 3495 3783 3553 3788 2168 3743 3528 3740 3493 3792 3560 3747 3530 3743 3528 3797 3566 3741 3494 3747 3530 3778 3492 3794 3563 3789 2350 3786 3556 3798 3564 3794 3563 3782 3555 3790 3567 3798 3564 3776 2505 3755 2308 3752 2486 3780 2329 3759 3537 3755 2308 3785 3558 3753 2351 3759 3537 3764 2167 3791 2337 3788 2168 3768 2319 3795 3561 3791 2337 3773 3549 3789 2350 3795 3561 3754 3491 3770 3546 3765 3489 3762 3540 3774 3547 3770 3546 3758 3539 3766 3550 3774 3547 3752 2486 3707 3497 3704 3499 3756 3536 3711 3500 3707 3497 3761 3542 3705 3490 3711 3500 3717 3514 3767 2318 3764 2167 3723 3513 3771 3544 3767 2318 3719 3507 3765 3489 3771 3544 3776 2505 3704 3499 3728 3520 3861 2160 3801 2161 3850 3569 3885 2259 3849 2260 3874 3570 3836 3571 3860 2167 3884 3572 3814 3573 3825 3574 3802 3575 3837 2172 3873 2173 3826 3576 3803 3577 3804 2269 3800 2177 3807 3578 3805 2272 3803 3577 3806 3579 3807 3578 3801 2161 3810 3580 3808 3581 3806 3579 3809 3582 3810 3580 3802 3575 3809 3582 3805 2272 3811 3583 3805 2272 3808 3581 3811 3583 3815 3584 3816 3585 3812 3586 3815 3584 3820 2281 3817 3587 3818 2283 3819 3588 3813 3589 3822 3590 3820 2281 3818 2283 3821 3591 3822 3590 3814 3573 3821 3591 3817 3587 3823 3592 3817 3587 3820 2281 3823 3592 3827 2288 3828 3593 3824 3594 3831 3595 3829 2292 3827 2288 3830 3596 3831 3595 3825 3574 3834 3597 3832 3598 3830 3596 3833 3599 3834 3597 3826 3576 3828 3593 3835 3600 3833 3599 3829 2292 3832 3598 3835 3600 3839 3601 3840 2299 3836 3571 3843 3602 3841 2301 3839 3601 3842 3603 3843 3602 3837 2172 3846 3604 3844 3605 3842 3603 3845 3606 3846 3604 3838 3607 3845 3606 3841 2301 3847 3608 3841 2301 3844 3605 3847 3608 3851 3609 3852 3610 3848 3611 3855 3612 3853 3613 3851 3609 3854 3614 3855 3612 3849 2260 3858 3615 3856 3616 3854 3614 3857 3617 3858 3615 3850 3569 3857 3617 3853 3613 3859 2317 3853 3613 3856 3616 3859 2317 3863 2226 3864 2407 3860 2167 3867 3618 3865 3619 3863 2226 3866 3620 3867 3618 3861 2160 3870 3621 3868 3622 3866 3620 3869 3623 3870 3621 3862 3624 3869 3623 3865 3619 3871 2327 3865 3619 3868 3622 3871 2327 3875 3625 3876 3626 3872 3627 3879 3628 3877 3629 3875 3625 3878 3630 3879 3628 3873 2173 3882 3631 3880 3632 3878 3630 3881 3633 3882 3631 3874 3570 3881 3633 3877 3629 3883 3634 3877 3629 3880 3632 3883 3634 3887 2426 3888 3635 3884 3572 3891 3636 3889 3637 3887 2426 3890 3638 3891 3636 3885 2259 3894 3639 3892 3640 3890 3638 3893 3641 3894 3639 3886 3642 3888 3635 3895 3643 3893 3641 3889 3637 3892 3640 3895 3643 3800 2177 3827 2288 3824 3594 3804 2269 3831 3595 3827 2288 3809 3582 3825 3574 3831 3595 3812 3586 3806 3579 3801 2161 3816 3585 3810 3580 3806 3579 3821 3591 3802 3575 3810 3580 3836 3571 3818 2283 3813 3589 3840 2299 3822 3590 3818 2283 3845 3606 3814 3573 3822 3590 3826 3576 3842 3603 3837 2172 3834 3597 3846 3604 3842 3603 3830 3596 3838 3607 3846 3604 3824 3594 3875 3625 3872 3627 3828 3593 3879 3628 3875 3625 3833 3599 3873 2173 3879 3628 3884 3572 3839 3601 3836 3571 3888 3635 3843 3602 3839 3601 3893 3641 3837 2172 3843 3602 3874 3570 3890 3638 3885 2259 3882 3631 3894 3639 3890 3638 3878 3630 3886 3642 3894 3639 3872 3627 3851 3609 3848 3611 3876 3626 3855 3612 3851 3609 3881 3633 3849 2260 3855 3612 3860 2167 3887 2426 3884 3572 3864 2407 3891 3636 3887 2426 3869 3623 3885 2259 3891 3636 3850 3569 3866 3620 3861 2160 3858 3615 3870 3621 3866 3620 3854 3614 3862 3624 3870 3621 3848 3611 3803 3577 3800 2177 3852 3610 3807 3578 3803 3577 3857 3617 3801 2161 3807 3578 3813 3589 3863 2226 3860 2167 3819 3588 3867 3618 3863 2226 3815 3584 3861 2160 3867 3618 3872 3627 3800 2177 3824 3594 3957 3644 3897 3645 3946 3646 3981 3647 3945 3648 3970 3649 3932 2166 3956 2167 3980 2168 3910 2354 3921 2355 3898 2356 3933 3650 3969 3651 3922 3652 3899 3653 3900 3654 3896 3655 3903 3656 3901 3657 3899 3653 3902 3658 3903 3656 3897 3645 3906 3659 3904 3660 3902 3658 3905 3661 3906 3659 3898 2356 3905 3661 3901 3657 3907 3662 3901 3657 3904 3660 3907 3662 3911 3663 3912 3664 3908 3665 3911 3663 3916 3666 3913 3667 3914 3668 3915 3669 3909 2192 3918 3670 3916 3666 3914 3668 3917 3671 3918 3670 3910 2354 3917 3671 3913 3667 3919 3672 3913 3667 3916 3666 3919 3672 3923 3673 3924 3674 3920 3675 3927 3676 3925 3677 3923 3673 3926 3678 3927 3676 3921 2355 3930 3679 3928 3680 3926 3678 3929 3681 3930 3679 3922 3652 3924 3674 3931 3682 3929 3681 3925 3677 3928 3680 3931 3682 3935 3683 3936 3684 3932 2166 3939 3685 3937 3686 3935 3683 3938 3687 3939 3685 3933 3650 3942 3688 3940 3689 3938 3687 3941 3690 3942 3688 3934 2395 3941 3690 3937 3686 3943 3691 3937 3686 3940 3689 3943 3691 3947 2216 3948 3692 3944 2218 3951 3693 3949 3694 3947 2216 3950 3695 3951 3693 3945 3648 3954 3696 3952 3697 3950 3695 3953 3698 3954 3696 3946 3646 3953 3698 3949 3694 3955 3699 3949 3694 3952 3697 3955 3699 3959 2226 3960 2227 3956 2167 3963 3700 3961 3701 3959 2226 3962 3702 3963 3700 3957 3644 3966 3703 3964 3704 3962 3702 3965 3705 3966 3703 3958 3706 3965 3705 3961 3701 3967 3707 3961 3701 3964 3704 3967 3707 3971 2236 3972 2237 3968 2238 3975 3708 3973 3709 3971 2236 3974 3710 3975 3708 3969 3651 3978 3711 3976 3712 3974 3710 3977 3713 3978 3711 3970 3649 3977 3713 3973 3709 3979 3714 3973 3709 3976 3712 3979 3714 3983 2246 3984 3715 3980 2168 3987 3716 3985 3717 3983 2246 3986 3718 3987 3716 3981 3647 3990 3719 3988 3720 3986 3718 3989 3721 3990 3719 3982 3722 3984 3715 3991 3723 3989 3721 3985 3717 3988 3720 3991 3723 3896 3655 3923 3673 3920 3675 3900 3654 3927 3676 3923 3673 3905 3661 3921 2355 3927 3676 3908 3665 3902 3658 3897 3645 3912 3664 3906 3659 3902 3658 3917 3671 3898 2356 3906 3659 3932 2166 3914 3668 3909 2192 3936 3684 3918 3670 3914 3668 3941 3690 3910 2354 3918 3670 3922 3652 3938 3687 3933 3650 3930 3679 3942 3688 3938 3687 3926 3678 3934 2395 3942 3688 3920 3675 3971 2236 3968 2238 3924 3674 3975 3708 3971 2236 3929 3681 3969 3651 3975 3708 3980 2168 3935 3683 3932 2166 3984 3715 3939 3685 3935 3683 3989 3721 3933 3650 3939 3685 3970 3649 3986 3718 3981 3647 3978 3711 3990 3719 3986 3718 3974 3710 3982 3722 3990 3719 3968 2238 3947 2216 3944 2218 3972 2237 3951 3693 3947 2216 3977 3713 3945 3648 3951 3693 3956 2167 3983 2246 3980 2168 3960 2227 3987 3716 3983 2246 3965 3705 3981 3647 3987 3716 3946 3646 3962 3702 3957 3644 3954 3696 3966 3703 3962 3702 3950 3695 3958 3706 3966 3703 3944 2218 3899 3653 3896 3655 3948 3692 3903 3656 3899 3653 3953 3698 3897 3645 3903 3656 3909 2192 3959 2226 3956 2167 3915 3669 3963 3700 3959 2226 3911 3663 3957 3644 3963 3700 3968 2238 3896 3655 3920 3675 4053 3724 3993 3725 4042 3726 4077 3727 4041 3728 4066 3729 4028 3730 4052 3731 4076 3732 4006 3733 4017 3734 3994 3735 4018 3736 4078 3737 4065 3738 3995 3739 3996 3740 3992 3741 3999 3742 3997 3743 3995 3739 3998 3744 3999 3742 3993 3725 4002 3745 4000 3746 3998 3744 4001 3747 4002 3745 3994 3735 3996 3740 4003 3748 4001 3747 3997 3743 4000 3746 4003 3748 4007 3749 4008 3750 4004 3751 4007 3749 4012 3752 4009 3753 4010 3754 4011 3755 4005 3756 4014 3757 4012 3752 4010 3754 4013 3758 4014 3757 4006 3733 4008 3750 4015 3759 4013 3758 4009 3753 4012 3752 4015 3759 4019 3760 4020 3761 4016 3762 4019 3760 4024 3763 4021 3764 4022 3765 4023 3766 4017 3734 4022 3765 4027 3767 4024 3763 4025 3768 4026 3769 4018 3736 4025 3768 4021 3764 4027 3767 4021 3764 4024 3763 4027 3767 4031 3770 4032 3771 4028 3730 4035 3772 4033 3773 4031 3770 4034 3774 4035 3772 4029 3775 4034 3774 4039 3776 4036 3777 4037 3778 4038 3779 4030 3780 4037 3778 4033 3773 4039 3776 4033 3773 4036 3777 4039 3776 4043 3781 4044 3782 4040 3783 4047 3784 4045 3785 4043 3781 4046 3786 4047 3784 4041 3728 4050 3787 4048 3788 4046 3786 4049 3789 4050 3787 4042 3726 4049 3789 4045 3785 4051 3790 4045 3785 4048 3788 4051 3790 4055 3791 4056 3792 4052 3731 4059 3793 4057 3794 4055 3791 4058 3795 4059 3793 4053 3724 4062 3796 4060 3797 4058 3795 4061 3798 4062 3796 4054 3799 4056 3792 4063 3800 4061 3798 4057 3794 4060 3797 4063 3800 4067 3801 4068 3802 4064 3803 4071 3804 4069 3805 4067 3801 4070 3806 4071 3804 4065 3738 4070 3806 4075 3807 4072 3808 4073 3809 4074 3810 4066 3729 4073 3809 4069 3805 4075 3807 4069 3805 4072 3808 4075 3807 4079 3811 4080 3812 4076 3732 4079 3811 4084 3813 4081 3814 4082 3815 4083 3816 4077 3727 4082 3815 4087 3817 4084 3813 4085 3818 4086 3819 4078 3737 4085 3818 4081 3814 4087 3817 4081 3814 4084 3813 4087 3817 3992 3741 4019 3760 4016 3762 3996 3740 4023 3766 4019 3760 4001 3747 4017 3734 4023 3766 4004 3751 3998 3744 3993 3725 3998 3744 4013 3758 4002 3745 4002 3745 4006 3733 3994 3735 4028 3730 4010 3754 4005 3756 4032 3771 4014 3757 4010 3754 4037 3778 4006 3733 4014 3757 4029 3775 4026 3769 4034 3774 4026 3769 4038 3779 4034 3774 4038 3779 4017 3734 4030 3780 4064 3803 4020 3761 4067 3801 4067 3801 4025 3768 4071 3804 4071 3804 4018 3736 4065 3738 4028 3730 4080 3812 4031 3770 4031 3770 4085 3818 4035 3772 4035 3772 4078 3737 4029 3775 4077 3727 4074 3810 4082 3815 4074 3810 4086 3819 4082 3815 4086 3819 4065 3738 4078 3737 4064 3803 4043 3781 4040 3783 4068 3802 4047 3784 4043 3781 4073 3809 4041 3728 4047 3784 4052 3731 4079 3811 4076 3732 4056 3792 4083 3816 4079 3811 4061 3798 4077 3727 4083 3816 4042 3726 4058 3795 4053 3724 4058 3795 4046 3786 4062 3796 4062 3796 4041 3728 4054 3799 4040 3783 3995 3739 3992 3741 4044 3782 3999 3742 3995 3739 4049 3789 3993 3725 3999 3742 4005 3756 4055 3791 4052 3731 4011 3755 4059 3793 4055 3791 4007 3749 4053 3724 4059 3793 4064 3803 3992 3741 4016 3762 4149 3820 4089 3821 4138 3822 4173 3823 4137 3824 4162 3825 4124 3826 4148 3827 4172 3828 4102 3829 4113 3830 4090 3831 4114 3832 4174 3833 4161 3834 4091 3835 4092 3836 4088 3837 4095 3838 4093 3839 4091 3835 4094 3840 4095 3838 4089 3821 4098 3841 4096 3842 4094 3840 4097 3843 4098 3841 4090 3831 4092 3836 4099 3844 4097 3843 4093 3839 4096 3842 4099 3844 4103 3845 4104 3846 4100 3847 4103 3845 4108 3848 4105 3849 4106 3850 4107 3851 4101 3852 4106 3850 4111 3853 4108 3848 4109 3854 4110 3855 4102 3829 4104 3846 4111 3853 4109 3854 4105 3849 4108 3848 4111 3853 4115 3856 4116 3857 4112 3858 4115 3856 4120 3859 4117 3860 4118 3861 4119 3862 4113 3830 4118 3861 4123 3863 4120 3859 4121 3864 4122 3865 4114 3832 4121 3864 4117 3860 4123 3863 4117 3860 4120 3859 4123 3863 4127 3866 4128 3867 4124 3826 4131 3868 4129 3869 4127 3866 4130 3870 4131 3868 4125 3871 4130 3870 4135 3872 4132 3873 4133 3874 4134 3875 4126 3876 4128 3867 4135 3872 4133 3874 4129 3869 4132 3873 4135 3872 4139 3877 4140 3878 4136 3879 4139 3877 4144 3880 4141 3881 4142 3882 4143 3883 4137 3824 4146 3884 4144 3880 4142 3882 4145 3885 4146 3884 4138 3822 4145 3885 4141 3881 4147 3886 4141 3881 4144 3880 4147 3886 4151 3887 4152 3888 4148 3827 4155 3889 4153 3890 4151 3887 4154 3891 4155 3889 4149 3820 4158 3892 4156 3893 4154 3891 4157 3894 4158 3892 4150 3895 4152 3888 4159 3896 4157 3894 4153 3890 4156 3893 4159 3896 4163 3897 4164 3898 4160 3899 4167 3900 4165 3901 4163 3897 4166 3902 4167 3900 4161 3834 4166 3902 4171 3903 4168 3904 4169 3905 4170 3906 4162 3825 4164 3898 4171 3903 4169 3905 4165 3901 4168 3904 4171 3903 4175 3907 4176 3908 4172 3828 4175 3907 4180 3909 4177 3910 4178 3911 4179 3912 4173 3823 4178 3911 4183 3913 4180 3909 4181 3914 4182 3915 4174 3833 4181 3914 4177 3910 4183 3913 4177 3910 4180 3909 4183 3913 4088 3837 4115 3856 4112 3858 4092 3836 4119 3862 4115 3856 4097 3843 4113 3830 4119 3862 4100 3847 4094 3840 4089 3821 4104 3846 4098 3841 4094 3840 4109 3854 4090 3831 4098 3841 4124 3826 4106 3850 4101 3852 4128 3867 4110 3855 4106 3850 4133 3874 4102 3829 4110 3855 4125 3871 4122 3865 4130 3870 4122 3865 4134 3875 4130 3870 4134 3875 4113 3830 4126 3876 4160 3899 4116 3857 4163 3897 4116 3857 4167 3900 4163 3897 4167 3900 4114 3832 4161 3834 4124 3826 4176 3908 4127 3866 4176 3908 4131 3868 4127 3866 4131 3868 4174 3833 4125 3871 4173 3823 4170 3906 4178 3911 4170 3906 4182 3915 4178 3911 4182 3915 4161 3834 4174 3833 4160 3899 4139 3877 4136 3879 4164 3898 4143 3883 4139 3877 4169 3905 4137 3824 4143 3883 4148 3827 4175 3907 4172 3828 4152 3888 4179 3912 4175 3907 4157 3894 4173 3823 4179 3912 4138 3822 4154 3891 4149 3820 4146 3884 4158 3892 4154 3891 4142 3882 4150 3895 4158 3892 4136 3879 4091 3835 4088 3837 4091 3835 4145 3885 4095 3838 4145 3885 4089 3821 4095 3838 4101 3852 4151 3887 4148 3827 4151 3887 4103 3845 4155 3889 4103 3845 4149 3820 4155 3889 4160 3899 4088 3837 4112 3858 4245 3916 4185 3917 4234 3918 4269 3919 4233 3920 4258 3921 4220 3922 4244 3923 4268 3924 4198 3925 4209 3926 4186 3927 4210 3928 4270 3929 4257 3930 4187 3931 4188 3932 4184 3933 4187 3931 4192 3934 4189 3935 4190 3936 4191 3937 4185 3917 4190 3936 4195 3938 4192 3934 4193 3939 4194 3940 4186 3927 4188 3932 4195 3938 4193 3939 4189 3935 4192 3934 4195 3938 4199 3941 4200 3942 4196 3943 4199 3941 4204 3944 4201 3945 4202 3946 4203 3947 4197 3948 4202 3946 4207 3949 4204 3944 4205 3950 4206 3951 4198 3925 4200 3942 4207 3949 4205 3950 4201 3945 4204 3944 4207 3949 4211 3952 4212 3953 4208 3954 4211 3952 4216 3955 4213 3956 4214 3957 4215 3958 4209 3926 4218 3959 4216 3955 4214 3957 4217 3960 4218 3959 4210 3928 4212 3953 4219 3961 4217 3960 4213 3956 4216 3955 4219 3961 4223 3962 4224 3963 4220 3922 4223 3962 4228 3964 4225 3965 4226 3966 4227 3967 4221 3968 4226 3966 4231 3969 4228 3964 4229 3970 4230 3971 4222 3972 4224 3963 4231 3969 4229 3970 4225 3965 4228 3964 4231 3969 4235 3973 4236 3974 4232 3975 4235 3973 4240 3976 4237 3977 4238 3978 4239 3979 4233 3920 4242 3980 4240 3976 4238 3978 4241 3981 4242 3980 4234 3918 4241 3981 4237 3977 4243 3982 4237 3977 4240 3976 4243 3982 4247 3983 4248 3984 4244 3923 4247 3983 4252 3985 4249 3986 4250 3987 4251 3988 4245 3916 4250 3987 4255 3989 4252 3985 4253 3990 4254 3991 4246 3992 4248 3984 4255 3989 4253 3990 4249 3986 4252 3985 4255 3989 4259 3993 4260 3994 4256 3995 4263 3996 4261 3997 4259 3993 4262 3998 4263 3996 4257 3930 4262 3998 4267 3999 4264 4000 4265 4001 4266 4002 4258 3921 4260 3994 4267 3999 4265 4001 4261 3997 4264 4000 4267 3999 4271 4003 4272 4004 4268 3924 4271 4003 4276 4005 4273 4006 4274 4007 4275 4008 4269 3919 4274 4007 4279 4009 4276 4005 4277 4010 4278 4011 4270 3929 4272 4004 4279 4009 4277 4010 4273 4006 4276 4005 4279 4009 4184 3933 4211 3952 4208 3954 4188 3932 4215 3958 4211 3952 4193 3939 4209 3926 4215 3958 4185 3917 4200 3942 4190 3936 4190 3936 4205 3950 4194 3940 4205 3950 4186 3927 4194 3940 4220 3922 4202 3946 4197 3948 4224 3963 4206 3951 4202 3946 4229 3970 4198 3925 4206 3951 4210 3928 4226 3966 4221 3968 4218 3959 4230 3971 4226 3966 4230 3971 4209 3926 4222 3972 4208 3954 4259 3993 4256 3995 4259 3993 4217 3960 4263 3996 4217 3960 4257 3930 4263 3996 4220 3922 4272 4004 4223 3962 4272 4004 4227 3967 4223 3962 4277 4010 4221 3968 4227 3967 4269 3919 4266 4002 4274 4007 4266 4002 4278 4011 4274 4007 4262 3998 4270 3929 4278 4011 4256 3995 4235 3973 4232 3975 4260 3994 4239 3979 4235 3973 4265 4001 4233 3920 4239 3979 4244 3923 4271 4003 4268 3924 4248 3984 4275 4008 4271 4003 4253 3990 4269 3919 4275 4008 4245 3916 4242 3980 4250 3987 4250 3987 4238 3978 4254 3991 4238 3978 4246 3992 4254 3991 4184 3933 4236 3974 4187 3931 4236 3974 4191 3937 4187 3931 4191 3937 4234 3918 4185 3917 4197 3948 4247 3983 4244 3923 4247 3983 4199 3941 4251 3988 4251 3988 4196 3943 4245 3916 4256 3995 4184 3933 4208 3954 4341 4012 4281 4013 4330 4014 4365 4015 4329 4016 4354 4017 4316 4018 4340 4019 4364 4020 4294 4021 4305 4022 4282 4023 4306 4024 4366 4025 4353 4026 4283 4027 4284 4028 4280 4029 4287 4030 4285 4031 4283 4027 4286 4032 4287 4030 4281 4013 4286 4032 4291 4033 4288 4034 4289 4035 4290 4036 4282 4023 4289 4035 4285 4031 4291 4033 4285 4031 4288 4034 4291 4033 4295 4037 4296 4038 4292 4039 4295 4037 4300 4040 4297 4041 4298 4042 4299 4043 4293 4044 4302 4045 4300 4040 4298 4042 4301 4046 4302 4045 4294 4021 4296 4038 4303 4047 4301 4046 4297 4041 4300 4040 4303 4047 4307 4048 4308 4049 4304 4050 4311 4051 4309 4052 4307 4048 4310 4053 4311 4051 4305 4022 4314 4054 4312 4055 4310 4053 4313 4056 4314 4054 4306 4024 4313 4056 4309 4052 4315 4057 4309 4052 4312 4055 4315 4057 4319 4058 4320 4059 4316 4018 4323 4060 4321 4061 4319 4058 4322 4062 4323 4060 4317 4063 4322 4062 4327 4064 4324 4065 4325 4066 4326 4067 4318 4068 4325 4066 4321 4061 4327 4064 4321 4061 4324 4065 4327 4064 4331 4069 4332 4070 4328 4071 4335 4072 4333 4073 4331 4069 4334 4074 4335 4072 4329 4016 4338 4075 4336 4076 4334 4074 4337 4077 4338 4075 4330 4014 4337 4077 4333 4073 4339 4078 4333 4073 4336 4076 4339 4078 4343 4079 4344 4080 4340 4019 4347 4081 4345 4082 4343 4079 4346 4083 4347 4081 4341 4012 4346 4083 4351 4084 4348 4085 4349 4086 4350 4087 4342 4088 4349 4086 4345 4082 4351 4084 4345 4082 4348 4085 4351 4084 4355 4089 4356 4090 4352 4091 4359 4092 4357 4093 4355 4089 4358 4094 4359 4092 4353 4026 4358 4094 4363 4095 4360 4096 4361 4097 4362 4098 4354 4017 4361 4097 4357 4093 4363 4095 4357 4093 4360 4096 4363 4095 4367 4099 4368 4100 4364 4020 4371 4101 4369 4102 4367 4099 4370 4103 4371 4101 4365 4015 4374 4104 4372 4105 4370 4103 4373 4106 4374 4104 4366 4025 4373 4106 4369 4102 4375 4107 4369 4102 4372 4105 4375 4107 4280 4029 4307 4048 4304 4050 4284 4028 4311 4051 4307 4048 4289 4035 4305 4022 4311 4051 4281 4013 4296 4038 4286 4032 4296 4038 4290 4036 4286 4032 4290 4036 4294 4021 4282 4023 4316 4018 4298 4042 4293 4044 4320 4059 4302 4045 4298 4042 4325 4066 4294 4021 4302 4045 4306 4024 4322 4062 4317 4063 4322 4062 4310 4053 4326 4067 4310 4053 4318 4068 4326 4067 4304 4050 4355 4089 4352 4091 4355 4089 4313 4056 4359 4092 4313 4056 4353 4026 4359 4092 4364 4020 4319 4058 4316 4018 4319 4058 4373 4106 4323 4060 4373 4106 4317 4063 4323 4060 4354 4017 4370 4103 4365 4015 4370 4103 4358 4094 4374 4104 4358 4094 4366 4025 4374 4104 4352 4091 4331 4069 4328 4071 4356 4090 4335 4072 4331 4069 4361 4097 4329 4016 4335 4072 4340 4019 4367 4099 4364 4020 4344 4080 4371 4101 4367 4099 4349 4086 4365 4015 4371 4101 4341 4012 4338 4075 4346 4083 4338 4075 4350 4087 4346 4083 4350 4087 4329 4016 4342 4088 4280 4029 4332 4070 4283 4027 4332 4070 4287 4030 4283 4027 4287 4030 4330 4014 4281 4013 4340 4019 4299 4043 4343 4079 4299 4043 4347 4081 4343 4079 4347 4081 4292 4039 4341 4012 4352 4091 4280 4029 4304 4050 5637 5319 5647 5320 5645 5321 5607 5322 5614 5323 5615 5324 5765 5325 5576 5326 5761 5327 5647 5320 5638 5328 5646 5329 5613 5330 5607 5322 5615 5324 5593 5331 5605 5332 5601 5333 5635 5334 5642 5335 5634 5336 5610 5337 5600 5338 5602 5339 5605 5332 5609 5340 5601 5333 5633 5341 5643 5342 5635 5334 5611 5343 5602 5339 5603 5344 5609 5340 5621 5345 5617 5346 5638 5328 5628 5347 5636 5348 5609 5340 5603 5344 5601 5333 5617 5346 5629 5349 5625 5350 5639 5351 5630 5352 5638 5328 5598 5353 5604 5354 5606 5355 5625 5350 5637 5319 5633 5341 5629 5349 5639 5351 5637 5319 5599 5356 5606 5355 5607 5322 5633 5341 5645 5321 5641 5357 5634 5336 5624 5358 5626 5359 5605 5332 5599 5356 5607 5322 5645 5321 5649 5360 5641 5357 5627 5361 5634 5336 5626 5359 5594 5362 5600 5338 5592 5363 5649 5360 5661 5364 5657 5365 5625 5350 5635 5334 5627 5361 5595 5366 5602 5339 5594 5362 5657 5365 5669 5367 5665 5368 5622 5369 5628 5347 5630 5352 5593 5331 5603 5344 5595 5366 5669 5367 5673 5370 5665 5368 5623 5371 5630 5352 5631 5372 5598 5353 5588 5373 5596 5374 5677 5375 5681 5376 5673 5370 5629 5349 5623 5371 5631 5372 5591 5377 5598 5353 5599 5356 5685 5378 5689 5379 5681 5376 5618 5380 5624 5358 5616 5381 5597 5382 5591 5377 5599 5356 5693 5383 5697 5384 5689 5379 5619 5385 5626 5359 5618 5380 5594 5362 5584 5386 5586 5387 5697 5384 5709 5388 5705 5389 5617 5346 5627 5361 5619 5385 5587 5390 5594 5362 5586 5387 5709 5388 5713 5391 5705 5389 5622 5369 5612 5392 5620 5393 5593 5331 5587 5390 5585 5394 5717 5395 5721 5396 5713 5391 5615 5324 5622 5369 5623 5371 5590 5397 5580 5398 5588 5373 5725 5399 5729 5400 5721 5396 5621 5345 5615 5324 5623 5371 5583 5401 5590 5397 5591 5377 5733 5402 5737 5403 5729 5400 5618 5380 5608 5404 5610 5337 5589 5405 5583 5401 5591 5377 5737 5403 5749 5406 5745 5407 5619 5385 5610 5337 5611 5343 5586 5387 5577 5408 5578 5409 5749 5406 5753 5410 5745 5407 5609 5340 5619 5385 5611 5343 5579 5411 5586 5387 5578 5409 5757 5412 5761 5327 5753 5410 5585 5394 5597 5382 5593 5331 5585 5394 5579 5411 5576 5326 5642 5335 5632 5413 5634 5336 5614 5323 5604 5354 5612 5392 5724 5414 5660 5415 5596 5374 5581 5416 5585 5394 5576 5326 5638 5328 5644 5417 5646 5329 5641 5357 5651 5418 5643 5342 5651 5418 5642 5335 5643 5342 5642 5335 5648 5419 5640 5420 5645 5321 5655 5421 5653 5422 5655 5421 5646 5329 5654 5423 5646 5329 5652 5424 5654 5423 5657 5365 5651 5418 5649 5360 5659 5425 5650 5426 5651 5418 5658 5427 5648 5419 5650 5426 5661 5364 5655 5421 5663 5428 5663 5428 5654 5423 5662 5429 5662 5429 5652 5424 5660 5415 5657 5365 5667 5430 5659 5425 5667 5430 5658 5427 5659 5425 5658 5427 5664 5431 5656 5432 5661 5364 5671 5433 5669 5367 5671 5433 5662 5429 5670 5434 5662 5429 5668 5435 5670 5434 5665 5368 5675 5436 5667 5430 5675 5436 5666 5437 5667 5430 5666 5437 5672 5438 5664 5431 5669 5367 5679 5439 5677 5375 5679 5439 5670 5434 5678 5440 5670 5434 5676 5441 5678 5440 5681 5376 5675 5436 5673 5370 5675 5436 5682 5442 5674 5443 5682 5442 5672 5438 5674 5443 5685 5378 5679 5439 5687 5444 5679 5439 5686 5445 5687 5444 5686 5445 5676 5441 5684 5446 5689 5379 5683 5447 5681 5376 5691 5448 5682 5442 5683 5447 5690 5449 5680 5450 5682 5442 5693 5383 5687 5444 5695 5451 5695 5451 5686 5445 5694 5452 5694 5452 5684 5446 5692 5453 5689 5379 5699 5454 5691 5448 5699 5454 5690 5449 5691 5448 5698 5455 5688 5456 5690 5449 5693 5383 5703 5457 5701 5458 5703 5457 5694 5452 5702 5459 5694 5452 5700 5460 5702 5459 5697 5384 5707 5461 5699 5454 5707 5461 5698 5455 5699 5454 5698 5455 5704 5462 5696 5463 5701 5458 5711 5464 5709 5388 5711 5464 5702 5459 5710 5465 5702 5459 5708 5466 5710 5465 5705 5389 5715 5467 5707 5461 5715 5467 5706 5468 5707 5461 5706 5468 5712 5469 5704 5462 5709 5388 5719 5470 5717 5395 5719 5470 5710 5465 5718 5471 5710 5465 5716 5472 5718 5471 5721 5396 5715 5467 5713 5391 5715 5467 5722 5473 5714 5474 5722 5473 5712 5469 5714 5474 5725 5399 5719 5470 5727 5475 5719 5470 5726 5476 5727 5475 5726 5476 5716 5472 5724 5414 5729 5400 5723 5477 5721 5396 5731 5478 5722 5473 5723 5477 5722 5473 5728 5479 5720 5480 5725 5399 5735 5481 5733 5402 5735 5481 5726 5476 5734 5482 5726 5476 5732 5483 5734 5482 5737 5403 5731 5478 5729 5400 5731 5478 5738 5484 5730 5485 5738 5484 5728 5479 5730 5485 5741 5486 5735 5481 5743 5487 5735 5481 5742 5488 5743 5487 5742 5488 5732 5483 5740 5489 5745 5407 5739 5490 5737 5403 5739 5490 5746 5491 5738 5484 5746 5491 5736 5492 5738 5484 5749 5406 5743 5487 5751 5493 5743 5487 5750 5494 5751 5493 5750 5494 5740 5489 5748 5495 5753 5410 5747 5496 5745 5407 5747 5496 5754 5497 5746 5491 5754 5497 5744 5498 5746 5491 5757 5412 5751 5493 5759 5499 5751 5493 5758 5500 5759 5499 5758 5500 5748 5495 5756 5501 5753 5410 5763 5502 5755 5503 5755 5503 5762 5504 5754 5497 5762 5504 5752 5505 5754 5497 5757 5412 5767 5506 5765 5325 5759 5499 5766 5507 5767 5506 5758 5500 5764 5508 5766 5507 5761 5327 5579 5411 5763 5502 5579 5411 5762 5504 5763 5502 5762 5504 5577 5408 5760 5509 5765 5325 5583 5401 5581 5416 5583 5401 5766 5507 5582 5510 5766 5507 5580 5398 5582 5510 5696 5463 5728 5479 5760 5509 5861 5545 5871 5546 5869 5547 5831 5548 5838 5549 5839 5550 5989 5551 5800 5552 5985 5553 5871 5546 5862 5554 5870 5555 5837 5556 5831 5548 5839 5550 5817 5557 5829 5558 5825 5559 5859 5560 5866 5561 5858 5562 5834 5563 5824 5564 5826 5565 5829 5558 5833 5566 5825 5559 5857 5567 5867 5568 5859 5560 5835 5569 5826 5565 5827 5570 5833 5566 5845 5571 5841 5572 5862 5554 5852 5573 5860 5574 5833 5566 5827 5570 5825 5559 5841 5572 5853 5575 5849 5576 5863 5577 5854 5578 5862 5554 5822 5579 5828 5580 5830 5581 5849 5576 5861 5545 5857 5567 5853 5575 5863 5577 5861 5545 5823 5582 5830 5581 5831 5548 5857 5567 5869 5547 5865 5583 5858 5562 5848 5584 5850 5585 5829 5558 5823 5582 5831 5548 5865 5583 5877 5586 5873 5587 5851 5588 5858 5562 5850 5585 5818 5589 5824 5564 5816 5590 5873 5587 5885 5591 5881 5592 5849 5576 5859 5560 5851 5588 5819 5593 5826 5565 5818 5589 5881 5592 5893 5594 5889 5595 5846 5596 5852 5573 5854 5578 5817 5557 5827 5570 5819 5593 5893 5594 5897 5597 5889 5595 5847 5598 5854 5578 5855 5599 5822 5579 5812 5600 5820 5601 5901 5602 5905 5603 5897 5597 5853 5575 5847 5598 5855 5599 5815 5604 5822 5579 5823 5582 5909 5605 5913 5606 5905 5603 5842 5607 5848 5584 5840 5608 5821 5609 5815 5604 5823 5582 5917 5610 5921 5611 5913 5606 5843 5612 5850 5585 5842 5607 5818 5589 5808 5613 5810 5614 5925 5615 5929 5616 5921 5611 5841 5572 5851 5588 5843 5612 5811 5617 5818 5589 5810 5614 5933 5618 5937 5619 5929 5616 5846 5596 5836 5620 5844 5621 5817 5557 5811 5617 5809 5622 5941 5623 5945 5624 5937 5619 5839 5550 5846 5596 5847 5598 5814 5625 5804 5626 5812 5600 5949 5627 5953 5628 5945 5624 5845 5571 5839 5550 5847 5598 5807 5629 5814 5625 5815 5604 5957 5630 5961 5631 5953 5628 5842 5607 5832 5632 5834 5563 5813 5633 5807 5629 5815 5604 5965 5634 5969 5635 5961 5631 5843 5612 5834 5563 5835 5569 5810 5614 5801 5636 5802 5637 5973 5638 5977 5639 5969 5635 5833 5566 5843 5612 5835 5569 5803 5640 5810 5614 5802 5637 5981 5641 5985 5553 5977 5639 5809 5622 5821 5609 5817 5557 5809 5622 5803 5640 5800 5552 5866 5561 5856 5642 5858 5562 5838 5549 5828 5580 5836 5620 5948 5643 5884 5644 5820 5601 5805 5645 5809 5622 5800 5552 5862 5554 5868 5646 5870 5555 5865 5583 5875 5647 5867 5568 5875 5647 5866 5561 5867 5568 5866 5561 5872 5648 5864 5649 5869 5547 5879 5650 5877 5586 5879 5650 5870 5555 5878 5651 5870 5555 5876 5652 5878 5651 5881 5592 5875 5647 5873 5587 5883 5653 5874 5654 5875 5647 5882 5655 5872 5648 5874 5654 5885 5591 5879 5650 5887 5656 5887 5656 5878 5651 5886 5657 5886 5657 5876 5652 5884 5644 5881 5592 5891 5658 5883 5653 5891 5658 5882 5655 5883 5653 5882 5655 5888 5659 5880 5660 5885 5591 5895 5661 5893 5594 5895 5661 5886 5657 5894 5662 5886 5657 5892 5663 5894 5662 5889 5595 5899 5664 5891 5658 5899 5664 5890 5665 5891 5658 5890 5665 5896 5666 5888 5659 5893 5594 5903 5667 5901 5602 5903 5667 5894 5662 5902 5668 5894 5662 5900 5669 5902 5668 5905 5603 5899 5664 5897 5597 5899 5664 5906 5670 5898 5671 5906 5670 5896 5666 5898 5671 5909 5605 5903 5667 5911 5672 5903 5667 5910 5673 5911 5672 5910 5673 5900 5669 5908 5674 5913 5606 5907 5675 5905 5603 5915 5676 5906 5670 5907 5675 5914 5677 5904 5678 5906 5670 5917 5610 5911 5672 5919 5679 5919 5679 5910 5673 5918 5680 5918 5680 5908 5674 5916 5681 5913 5606 5923 5682 5915 5676 5923 5682 5914 5677 5915 5676 5922 5683 5912 5684 5914 5677 5917 5610 5927 5685 5925 5615 5927 5685 5918 5680 5926 5686 5918 5680 5924 5687 5926 5686 5921 5611 5931 5688 5923 5682 5931 5688 5922 5683 5923 5682 5922 5683 5928 5689 5920 5690 5925 5615 5935 5691 5933 5618 5935 5691 5926 5686 5934 5692 5926 5686 5932 5693 5934 5692 5929 5616 5939 5694 5931 5688 5939 5694 5930 5695 5931 5688 5930 5695 5936 5696 5928 5689 5933 5618 5943 5697 5941 5623 5943 5697 5934 5692 5942 5698 5934 5692 5940 5699 5942 5698 5945 5624 5939 5694 5937 5619 5939 5694 5946 5700 5938 5701 5946 5700 5936 5696 5938 5701 5949 5627 5943 5697 5951 5702 5943 5697 5950 5703 5951 5702 5950 5703 5940 5699 5948 5643 5953 5628 5947 5704 5945 5624 5955 5705 5946 5700 5947 5704 5946 5700 5952 5706 5944 5707 5949 5627 5959 5708 5957 5630 5959 5708 5950 5703 5958 5709 5950 5703 5956 5710 5958 5709 5961 5631 5955 5705 5953 5628 5955 5705 5962 5711 5954 5712 5962 5711 5952 5706 5954 5712 5965 5634 5959 5708 5967 5713 5959 5708 5966 5714 5967 5713 5966 5714 5956 5710 5964 5715 5969 5635 5963 5716 5961 5631 5963 5716 5970 5717 5962 5711 5970 5717 5960 5718 5962 5711 5973 5638 5967 5713 5975 5719 5967 5713 5974 5720 5975 5719 5974 5720 5964 5715 5972 5721 5977 5639 5971 5722 5969 5635 5971 5722 5978 5723 5970 5717 5970 5717 5976 5724 5968 5725 5981 5641 5975 5719 5983 5726 5975 5719 5982 5727 5983 5726 5982 5727 5972 5721 5980 5728 5977 5639 5987 5729 5979 5730 5979 5730 5986 5731 5978 5723 5986 5731 5976 5724 5978 5723 5981 5641 5991 5732 5989 5551 5983 5726 5990 5733 5991 5732 5982 5727 5988 5734 5990 5733 5985 5553 5803 5640 5987 5729 5803 5640 5986 5731 5987 5729 5986 5731 5801 5636 5984 5735 5989 5551 5807 5629 5805 5645 5807 5629 5990 5733 5806 5736 5990 5733 5804 5626 5806 5736 5920 5690 5952 5706 5984 5735 6093 5773 6087 5774 6095 5775 6063 5776 6054 5777 6062 5778 6213 5779 6024 5780 6209 5781 6095 5775 6086 5782 6094 5783 6053 5784 6063 5776 6061 5785 6041 5786 6053 5784 6049 5787 6083 5788 6090 5789 6082 5790 6058 5791 6048 5792 6050 5793 6053 5784 6057 5794 6049 5787 6089 5795 6083 5788 6081 5796 6059 5797 6050 5793 6051 5798 6057 5794 6069 5799 6065 5800 6078 5801 6084 5802 6086 5782 6049 5787 6059 5797 6051 5798 6065 5800 6077 5803 6073 5804 6087 5774 6078 5801 6086 5782 6046 5805 6052 5806 6054 5777 6073 5804 6085 5807 6081 5796 6077 5803 6087 5774 6085 5807 6047 5808 6054 5777 6055 5809 6081 5796 6093 5773 6089 5795 6082 5790 6072 5810 6074 5811 6053 5784 6047 5808 6055 5809 6093 5773 6097 5812 6089 5795 6075 5813 6082 5790 6074 5811 6042 5814 6048 5792 6040 5815 6097 5812 6109 5816 6105 5817 6081 5796 6075 5813 6073 5804 6043 5818 6050 5793 6042 5814 6105 5817 6117 5819 6113 5820 6070 5821 6076 5822 6078 5801 6049 5787 6043 5818 6041 5786 6117 5819 6121 5823 6113 5820 6071 5824 6078 5801 6079 5825 6038 5826 6044 5827 6046 5805 6125 5828 6129 5829 6121 5823 6077 5803 6071 5824 6079 5825 6039 5830 6046 5805 6047 5808 6133 5831 6137 5832 6129 5829 6074 5811 6064 5833 6066 5834 6045 5835 6039 5830 6047 5808 6141 5836 6145 5837 6137 5832 6067 5838 6074 5811 6066 5834 6034 5839 6040 5815 6032 5840 6145 5837 6157 5841 6153 5842 6065 5800 6075 5813 6067 5838 6035 5843 6042 5814 6034 5839 6157 5841 6161 5844 6153 5842 6062 5778 6068 5845 6070 5821 6041 5786 6035 5843 6033 5846 6165 5847 6169 5848 6161 5844 6071 5824 6062 5778 6070 5821 6038 5826 6028 5849 6036 5850 6173 5851 6177 5852 6169 5848 6061 5785 6071 5824 6069 5799 6039 5830 6030 5853 6038 5826 6181 5854 6185 5855 6177 5852 6066 5834 6056 5856 6058 5791 6029 5857 6039 5830 6037 5858 6185 5855 6197 5859 6193 5860 6067 5838 6058 5791 6059 5797 6026 5861 6032 5840 6025 5862 6197 5859 6201 5863 6193 5860 6057 5794 6067 5838 6059 5797 6035 5843 6026 5861 6027 5864 6205 5865 6209 5781 6201 5863 6033 5846 6045 5835 6041 5786 6024 5780 6035 5843 6027 5864 6090 5789 6080 5866 6082 5790 6062 5778 6052 5806 6060 5867 6172 5868 6140 5869 6108 5870 6029 5857 6033 5846 6024 5780 6086 5782 6092 5871 6094 5783 6097 5812 6091 5872 6089 5795 6091 5872 6098 5873 6090 5789 6090 5789 6096 5874 6088 5875 6101 5876 6095 5775 6103 5877 6095 5775 6102 5878 6103 5877 6102 5878 6092 5871 6100 5879 6097 5812 6107 5880 6099 5881 6107 5880 6098 5873 6099 5881 6106 5882 6096 5874 6098 5873 6101 5876 6111 5883 6109 5816 6111 5883 6102 5878 6110 5884 6110 5884 6100 5879 6108 5870 6105 5817 6115 5885 6107 5880 6115 5885 6106 5882 6107 5880 6114 5886 6104 5887 6106 5882 6109 5816 6119 5888 6117 5819 6119 5888 6110 5884 6118 5889 6118 5889 6108 5870 6116 5890 6121 5823 6115 5885 6113 5820 6115 5885 6122 5891 6114 5886 6114 5886 6120 5892 6112 5893 6125 5828 6119 5888 6127 5894 6119 5888 6126 5895 6127 5894 6126 5895 6116 5890 6124 5896 6121 5823 6131 5897 6123 5898 6131 5897 6122 5891 6123 5898 6130 5899 6120 5892 6122 5891 6125 5828 6135 5900 6133 5831 6135 5900 6126 5895 6134 5901 6126 5895 6132 5902 6134 5901 6137 5832 6131 5897 6129 5829 6131 5897 6138 5903 6130 5899 6130 5899 6136 5904 6128 5905 6141 5836 6135 5900 6143 5906 6135 5900 6142 5907 6143 5906 6134 5901 6140 5869 6142 5907 6145 5837 6139 5908 6137 5832 6139 5908 6146 5909 6138 5903 6146 5909 6136 5904 6138 5903 6149 5910 6143 5906 6151 5911 6143 5906 6150 5912 6151 5911 6142 5907 6148 5913 6150 5912 6145 5837 6155 5914 6147 5915 6155 5914 6146 5909 6147 5915 6154 5916 6144 5917 6146 5909 6149 5910 6159 5918 6157 5841 6159 5918 6150 5912 6158 5919 6150 5912 6156 5920 6158 5919 6153 5842 6163 5921 6155 5914 6163 5921 6154 5916 6155 5914 6154 5916 6160 5922 6152 5923 6157 5841 6167 5924 6165 5847 6167 5924 6158 5919 6166 5925 6166 5925 6156 5920 6164 5926 6169 5848 6163 5921 6161 5844 6171 5927 6162 5928 6163 5921 6162 5928 6168 5929 6160 5922 6165 5847 6175 5930 6173 5851 6167 5924 6174 5931 6175 5930 6174 5931 6164 5926 6172 5868 6177 5852 6171 5927 6169 5848 6179 5932 6170 5933 6171 5927 6170 5933 6176 5934 6168 5929 6173 5851 6183 5935 6181 5854 6183 5935 6174 5931 6182 5936 6182 5936 6172 5868 6180 5937 6185 5855 6179 5932 6177 5852 6179 5932 6186 5938 6178 5939 6178 5939 6184 5940 6176 5934 6189 5941 6183 5935 6191 5942 6183 5935 6190 5943 6191 5942 6190 5943 6180 5937 6188 5944 6193 5860 6187 5945 6185 5855 6187 5945 6194 5946 6186 5938 6186 5938 6192 5947 6184 5940 6197 5859 6191 5942 6199 5948 6199 5948 6190 5943 6198 5949 6190 5943 6196 5950 6198 5949 6193 5860 6203 5951 6195 5952 6203 5951 6194 5946 6195 5952 6202 5953 6192 5947 6194 5946 6197 5859 6207 5954 6205 5865 6207 5954 6198 5949 6206 5955 6206 5955 6196 5950 6204 5956 6201 5863 6211 5957 6203 5951 6211 5957 6202 5953 6203 5951 6210 5958 6200 5959 6202 5953 6205 5865 6215 5960 6213 5779 6215 5960 6206 5955 6214 5961 6214 5961 6204 5956 6212 5962 6024 5780 6211 5957 6209 5781 6211 5957 6026 5861 6210 5958 6026 5861 6208 5963 6210 5958 6029 5857 6215 5960 6031 5964 6215 5960 6030 5853 6031 5964 6214 5961 6028 5849 6030 5853 6048 5792 6080 5866 6144 5917 6317 6002 6311 6003 6319 6004 6287 6005 6278 6006 6286 6007 6437 6008 6248 6009 6433 6010 6319 6004 6310 6011 6318 6012 6277 6013 6287 6005 6285 6014 6265 6015 6277 6013 6273 6016 6307 6017 6314 6018 6306 6019 6282 6020 6272 6021 6274 6022 6277 6013 6281 6023 6273 6016 6313 6024 6307 6017 6305 6025 6283 6026 6274 6022 6275 6027 6281 6023 6293 6028 6289 6029 6302 6030 6308 6031 6310 6011 6273 6016 6283 6026 6275 6027 6289 6029 6301 6032 6297 6033 6311 6003 6302 6030 6310 6011 6270 6034 6276 6035 6278 6006 6297 6033 6309 6036 6305 6025 6301 6032 6311 6003 6309 6036 6271 6037 6278 6006 6279 6038 6305 6025 6317 6002 6313 6024 6306 6019 6296 6039 6298 6040 6277 6013 6271 6037 6279 6038 6313 6024 6325 6041 6321 6042 6299 6043 6306 6019 6298 6040 6266 6044 6272 6021 6264 6045 6321 6042 6333 6046 6329 6047 6305 6025 6299 6043 6297 6033 6267 6048 6274 6022 6266 6044 6329 6047 6341 6049 6337 6050 6294 6051 6300 6052 6302 6030 6273 6016 6267 6048 6265 6015 6341 6049 6345 6053 6337 6050 6295 6054 6302 6030 6303 6055 6262 6056 6268 6057 6270 6034 6349 6058 6353 6059 6345 6053 6301 6032 6295 6054 6303 6055 6263 6060 6270 6034 6271 6037 6357 6061 6361 6062 6353 6059 6298 6040 6288 6063 6290 6064 6269 6065 6263 6060 6271 6037 6365 6066 6369 6067 6361 6062 6291 6068 6298 6040 6290 6064 6258 6069 6264 6045 6256 6070 6373 6071 6377 6072 6369 6067 6289 6029 6299 6043 6291 6068 6259 6073 6266 6044 6258 6069 6381 6074 6385 6075 6377 6072 6286 6007 6292 6076 6294 6051 6265 6015 6259 6073 6257 6077 6389 6078 6393 6079 6385 6075 6295 6054 6286 6007 6294 6051 6262 6056 6252 6080 6260 6081 6397 6082 6401 6083 6393 6079 6285 6014 6295 6054 6293 6028 6263 6060 6254 6084 6262 6056 6405 6085 6409 6086 6401 6083 6290 6064 6280 6087 6282 6020 6253 6088 6263 6060 6261 6089 6413 6090 6417 6091 6409 6086 6291 6068 6282 6020 6283 6026 6250 6092 6256 6070 6249 6093 6421 6094 6425 6095 6417 6091 6281 6023 6291 6068 6283 6026 6259 6073 6250 6092 6251 6096 6429 6097 6433 6010 6425 6095 6257 6077 6269 6065 6265 6015 6248 6009 6259 6073 6251 6096 6314 6018 6304 6098 6306 6019 6286 6007 6276 6035 6284 6099 6396 6100 6364 6101 6332 6102 6253 6088 6257 6077 6248 6009 6310 6011 6316 6103 6318 6012 6321 6042 6315 6104 6313 6024 6315 6104 6322 6105 6314 6018 6314 6018 6320 6106 6312 6107 6325 6041 6319 6004 6327 6108 6319 6004 6326 6109 6327 6108 6326 6109 6316 6103 6324 6110 6321 6042 6331 6111 6323 6112 6331 6111 6322 6105 6323 6112 6330 6113 6320 6106 6322 6105 6325 6041 6335 6114 6333 6046 6335 6114 6326 6109 6334 6115 6334 6115 6324 6110 6332 6102 6329 6047 6339 6116 6331 6111 6339 6116 6330 6113 6331 6111 6338 6117 6328 6118 6330 6113 6333 6046 6343 6119 6341 6049 6343 6119 6334 6115 6342 6120 6342 6120 6332 6102 6340 6121 6345 6053 6339 6116 6337 6050 6339 6116 6346 6122 6338 6117 6338 6117 6344 6123 6336 6124 6349 6058 6343 6119 6351 6125 6343 6119 6350 6126 6351 6125 6342 6120 6348 6127 6350 6126 6345 6053 6355 6128 6347 6129 6355 6128 6346 6122 6347 6129 6354 6130 6344 6123 6346 6122 6349 6058 6359 6131 6357 6061 6359 6131 6350 6126 6358 6132 6350 6126 6356 6133 6358 6132 6361 6062 6355 6128 6353 6059 6355 6128 6362 6134 6354 6130 6354 6130 6360 6135 6352 6136 6365 6066 6359 6131 6367 6137 6359 6131 6366 6138 6367 6137 6358 6132 6364 6101 6366 6138 6369 6067 6363 6139 6361 6062 6363 6139 6370 6140 6362 6134 6370 6140 6360 6135 6362 6134 6373 6071 6367 6137 6375 6141 6367 6137 6374 6142 6375 6141 6366 6138 6372 6143 6374 6142 6369 6067 6379 6144 6371 6145 6379 6144 6370 6140 6371 6145 6378 6146 6368 6147 6370 6140 6373 6071 6383 6148 6381 6074 6383 6148 6374 6142 6382 6149 6374 6142 6380 6150 6382 6149 6377 6072 6387 6151 6379 6144 6387 6151 6378 6146 6379 6144 6378 6146 6384 6152 6376 6153 6381 6074 6391 6154 6389 6078 6391 6154 6382 6149 6390 6155 6390 6155 6380 6150 6388 6156 6393 6079 6387 6151 6385 6075 6395 6157 6386 6158 6387 6151 6386 6158 6392 6159 6384 6152 6389 6078 6399 6160 6397 6082 6391 6154 6398 6161 6399 6160 6398 6161 6388 6156 6396 6100 6401 6083 6395 6157 6393 6079 6403 6162 6394 6163 6395 6157 6394 6163 6400 6164 6392 6159 6397 6082 6407 6165 6405 6085 6407 6165 6398 6161 6406 6166 6406 6166 6396 6100 6404 6167 6409 6086 6403 6162 6401 6083 6403 6162 6410 6168 6402 6169 6402 6169 6408 6170 6400 6164 6413 6090 6407 6165 6415 6171 6407 6165 6414 6172 6415 6171 6414 6172 6404 6167 6412 6173 6417 6091 6411 6174 6409 6086 6411 6174 6418 6175 6410 6168 6410 6168 6416 6176 6408 6170 6421 6094 6415 6171 6423 6177 6423 6177 6414 6172 6422 6178 6414 6172 6420 6179 6422 6178 6417 6091 6427 6180 6419 6181 6427 6180 6418 6175 6419 6181 6426 6182 6416 6176 6418 6175 6421 6094 6431 6183 6429 6097 6431 6183 6422 6178 6430 6184 6430 6184 6420 6179 6428 6185 6425 6095 6435 6186 6427 6180 6435 6186 6426 6182 6427 6180 6434 6187 6424 6188 6426 6182 6429 6097 6439 6189 6437 6008 6439 6189 6430 6184 6438 6190 6438 6190 6428 6185 6436 6191 6248 6009 6435 6186 6433 6010 6435 6186 6250 6092 6434 6187 6250 6092 6432 6192 6434 6187 6253 6088 6439 6189 6255 6193 6439 6189 6254 6084 6255 6193 6438 6190 6252 6080 6254 6084 6272 6021 6304 6098 6368 6147 6541 6230 6535 6231 6543 6232 6503 6233 6510 6234 6511 6235 6661 6236 6472 6237 6657 6238 6535 6231 6542 6239 6543 6232 6501 6240 6511 6235 6509 6241 6489 6242 6501 6240 6497 6243 6531 6244 6538 6245 6530 6246 6506 6247 6496 6248 6498 6249 6501 6240 6505 6250 6497 6243 6537 6251 6531 6244 6529 6252 6507 6253 6498 6249 6499 6254 6505 6250 6517 6255 6513 6256 6526 6257 6532 6258 6534 6259 6497 6243 6507 6253 6499 6254 6513 6256 6525 6260 6521 6261 6535 6231 6526 6257 6534 6259 6494 6262 6500 6263 6502 6264 6521 6261 6533 6265 6529 6252 6525 6260 6535 6231 6533 6265 6495 6266 6502 6264 6503 6233 6529 6252 6541 6230 6537 6251 6530 6246 6520 6267 6522 6268 6501 6240 6495 6266 6503 6233 6541 6230 6545 6269 6537 6251 6523 6270 6530 6246 6522 6268 6490 6271 6496 6248 6488 6272 6545 6269 6557 6273 6553 6274 6529 6252 6523 6270 6521 6261 6491 6275 6498 6249 6490 6271 6553 6274 6565 6276 6561 6277 6518 6278 6524 6279 6526 6257 6497 6243 6491 6275 6489 6242 6565 6276 6569 6280 6561 6277 6519 6281 6526 6257 6527 6282 6486 6283 6492 6284 6494 6262 6573 6285 6577 6286 6569 6280 6525 6260 6519 6281 6527 6282 6487 6287 6494 6262 6495 6266 6581 6288 6585 6289 6577 6286 6522 6268 6512 6290 6514 6291 6493 6292 6487 6287 6495 6266 6589 6293 6593 6294 6585 6289 6515 6295 6522 6268 6514 6291 6482 6296 6488 6272 6480 6297 6593 6294 6605 6298 6601 6299 6513 6256 6523 6270 6515 6295 6483 6300 6490 6271 6482 6296 6605 6298 6609 6301 6601 6299 6510 6234 6516 6302 6518 6278 6489 6242 6483 6300 6481 6303 6613 6304 6617 6305 6609 6301 6519 6281 6510 6234 6518 6278 6486 6283 6476 6306 6484 6307 6621 6308 6625 6309 6617 6305 6509 6241 6519 6281 6517 6255 6487 6287 6478 6310 6486 6283 6629 6311 6633 6312 6625 6309 6514 6291 6504 6313 6506 6247 6477 5857 6487 6287 6485 6314 6633 6312 6645 6315 6641 6316 6515 6295 6506 6247 6507 6253 6474 6317 6480 6297 6473 6318 6645 6315 6649 6319 6641 6316 6505 6250 6515 6295 6507 6253 6483 6300 6474 6317 6475 6320 6653 6321 6657 6238 6649 6319 6481 6303 6493 6292 6489 6242 6472 6237 6483 6300 6475 6320 6538 6245 6528 6322 6530 6246 6510 6234 6500 6263 6508 6323 6620 6324 6588 6325 6556 6326 6477 5857 6481 6303 6472 6237 6534 6259 6540 6327 6542 6239 6545 6269 6539 6328 6537 6251 6539 6328 6546 6329 6538 6245 6538 6245 6544 6330 6536 6331 6549 6332 6543 6232 6551 6333 6543 6232 6550 6334 6551 6333 6550 6334 6540 6327 6548 6335 6545 6269 6555 6336 6547 6337 6555 6336 6546 6329 6547 6337 6554 6338 6544 6330 6546 6329 6549 6332 6559 6339 6557 6273 6559 6339 6550 6334 6558 6340 6558 6340 6548 6335 6556 6326 6553 6274 6563 6341 6555 6336 6563 6341 6554 6338 6555 6336 6562 6342 6552 6343 6554 6338 6557 6273 6567 6344 6565 6276 6567 6344 6558 6340 6566 6345 6566 6345 6556 6326 6564 6346 6569 6280 6563 6341 6561 6277 6563 6341 6570 6347 6562 6342 6562 6342 6568 6348 6560 6349 6573 6285 6567 6344 6575 6350 6567 6344 6574 5895 6575 6350 6574 5895 6564 6346 6572 5896 6569 6280 6579 6351 6571 6352 6579 6351 6570 6347 6571 6352 6578 6353 6568 6348 6570 6347 6573 6285 6583 6354 6581 6288 6583 6354 6574 5895 6582 6355 6574 5895 6580 6356 6582 6355 6585 6289 6579 6351 6577 6286 6579 6351 6586 6357 6578 6353 6578 6353 6584 6358 6576 6359 6589 6293 6583 6354 6591 6360 6583 6354 6590 6361 6591 6360 6582 6355 6588 6325 6590 6361 6593 6294 6587 6362 6585 6289 6587 6362 6594 6363 6586 6357 6586 6357 6592 6364 6584 6358 6597 6365 6591 6360 6599 6366 6591 6360 6598 6367 6599 6366 6590 6361 6596 6368 6598 6367 6593 6294 6603 6369 6595 6370 6603 6369 6594 6363 6595 6370 6602 6371 6592 6364 6594 6363 6597 6365 6607 6372 6605 6298 6607 6372 6598 6367 6606 6373 6598 6367 6604 6374 6606 6373 6601 6299 6611 6375 6603 6369 6611 6375 6602 6371 6603 6369 6602 6371 6608 6376 6600 6377 6605 6298 6615 6378 6613 6304 6607 6372 6614 6379 6615 6378 6614 6379 6604 6374 6612 6380 6617 6305 6611 6375 6609 6301 6619 6381 6610 6382 6611 6375 6610 6382 6616 6383 6608 6376 6613 6304 6623 6384 6621 6308 6615 6378 6622 6385 6623 6384 6622 6385 6612 6380 6620 6324 6625 6309 6619 6381 6617 6305 6627 6386 6618 6387 6619 6381 6618 6387 6624 6388 6616 6383 6621 6308 6631 6389 6629 6311 6631 6389 6622 6385 6630 6390 6630 6390 6620 6324 6628 6391 6633 6312 6627 6386 6625 6309 6627 6386 6634 6392 6626 6393 6626 6393 6632 6394 6624 6388 6637 6395 6631 6389 6639 6396 6631 6389 6638 6397 6639 6396 6638 6397 6628 6391 6636 6398 6641 6316 6635 6399 6633 6312 6635 6399 6642 6400 6634 6392 6634 6392 6640 6401 6632 6394 6645 6315 6639 6396 6647 6402 6639 6396 6646 6403 6647 6402 6638 6397 6644 6404 6646 6403 6641 6316 6651 6405 6643 6406 6651 6405 6642 6400 6643 6406 6650 6407 6640 6401 6642 6400 6645 6315 6655 6408 6653 6321 6655 6408 6646 6403 6654 6409 6654 6409 6644 6404 6652 6410 6649 6319 6659 6411 6651 6405 6659 6411 6650 6407 6651 6405 6658 6412 6648 6413 6650 6407 6653 6321 6663 6414 6661 6236 6663 6414 6654 6409 6662 6415 6662 6415 6652 6410 6660 6416 6472 6237 6659 6411 6657 6238 6659 6411 6474 6317 6658 6412 6474 6317 6656 6417 6658 6412 6477 5857 6663 6414 6479 6418 6663 6414 6478 6310 6479 6418 6662 6415 6476 6306 6478 6310 6496 6248 6528 6322 6592 6364 6765 6449 6759 6450 6767 6451 6727 6452 6734 6453 6735 6454 6885 6455 6696 6456 6881 6457 6759 6450 6766 6458 6767 6451 6725 6459 6735 6454 6733 6460 6713 6461 6725 6459 6721 6462 6755 6463 6762 6464 6754 6465 6730 6466 6720 6467 6722 6468 6725 6459 6729 6469 6721 6462 6761 6470 6755 6463 6753 6471 6731 6472 6722 6468 6723 6473 6729 6469 6741 6474 6737 6475 6750 6476 6756 6477 6758 6478 6721 6462 6731 6472 6723 6473 6737 6475 6749 6479 6745 6480 6759 6450 6750 6476 6758 6478 6718 6481 6724 6482 6726 6483 6745 6480 6757 6484 6753 6471 6749 6479 6759 6450 6757 6484 6719 6485 6726 6483 6727 6452 6753 6471 6765 6449 6761 6470 6754 6465 6744 6486 6746 6487 6725 6459 6719 6485 6727 6452 6761 6470 6773 6488 6769 6489 6747 6490 6754 6465 6746 6487 6714 6491 6720 6467 6712 6492 6769 6489 6781 6493 6777 6494 6753 6471 6747 6490 6745 6480 6715 6495 6722 6468 6714 6491 6777 6494 6789 6496 6785 6497 6742 6498 6748 6499 6750 6476 6721 6462 6715 6495 6713 6461 6789 6496 6793 6500 6785 6497 6743 6501 6750 6476 6751 6502 6710 6503 6716 6504 6718 6481 6797 6505 6801 6506 6793 6500 6749 6479 6743 6501 6751 6502 6711 6507 6718 6481 6719 6485 6805 6508 6809 6509 6801 6506 6746 6487 6736 6510 6738 6511 6717 6512 6711 6507 6719 6485 6813 6513 6817 6514 6809 6509 6739 6515 6746 6487 6738 6511 6706 6516 6712 6492 6704 6517 6821 6518 6825 6519 6817 6514 6737 6475 6747 6490 6739 6515 6707 6520 6714 6491 6706 6516 6829 6521 6833 6522 6825 6519 6734 6453 6740 6523 6742 6498 6713 6461 6707 6520 6705 6524 6837 6525 6841 6526 6833 6522 6743 6501 6734 6453 6742 6498 6710 6503 6700 6527 6708 6528 6845 6529 6849 6530 6841 6526 6733 6460 6743 6501 6741 6474 6711 6507 6702 6531 6710 6503 6853 6532 6857 6533 6849 6530 6738 6511 6728 6534 6730 6466 6701 6535 6711 6507 6709 6536 6861 6537 6865 6538 6857 6533 6739 6515 6730 6466 6731 6472 6698 6539 6704 6517 6697 6540 6869 6541 6873 6542 6865 6538 6729 6469 6739 6515 6731 6472 6707 6520 6698 6539 6699 6543 6877 6544 6881 6457 6873 6542 6705 6524 6717 6512 6713 6461 6696 6456 6707 6520 6699 6543 6762 6464 6752 6545 6754 6465 6734 6453 6724 6482 6732 6546 6844 6547 6812 6548 6780 6549 6701 6535 6705 6524 6696 6456 6758 6478 6764 6550 6766 6458 6769 6489 6763 6551 6761 6470 6763 6551 6770 6552 6762 6464 6762 6464 6768 6553 6760 6554 6773 6488 6767 6451 6775 6555 6767 6451 6774 6556 6775 6555 6774 6556 6764 6550 6772 6557 6769 6489 6779 6558 6771 6559 6779 6558 6770 6552 6771 6559 6778 6560 6768 6553 6770 6552 6773 6488 6783 6561 6781 6493 6783 6561 6774 6556 6782 6562 6782 6562 6772 6557 6780 6549 6777 6494 6787 6563 6779 6558 6787 6563 6778 6560 6779 6558 6786 6564 6776 6565 6778 6560 6781 6493 6791 6566 6789 6496 6791 6566 6782 6562 6790 6567 6790 6567 6780 6549 6788 6568 6793 6500 6787 6563 6785 6497 6787 6563 6794 6569 6786 6564 6786 6564 6792 6570 6784 6571 6797 6505 6791 6566 6799 6572 6791 6566 6798 6573 6799 6572 6790 6567 6796 6574 6798 6573 6793 6500 6803 6575 6795 6576 6803 6575 6794 6569 6795 6576 6802 6577 6792 6570 6794 6569 6797 6505 6807 6578 6805 6508 6807 6578 6798 6573 6806 6579 6798 6573 6804 6580 6806 6579 6809 6509 6803 6575 6801 6506 6803 6575 6810 6581 6802 6577 6802 6577 6808 6582 6800 6583 6813 6513 6807 6578 6815 6584 6807 6578 6814 6585 6815 6584 6806 6579 6812 6548 6814 6585 6817 6514 6811 6586 6809 6509 6811 6586 6818 6587 6810 6581 6810 6581 6816 6588 6808 6582 6821 6518 6815 6584 6823 6589 6815 6584 6822 6590 6823 6589 6814 6585 6820 6591 6822 6590 6817 6514 6827 6592 6819 6593 6827 6592 6818 6587 6819 6593 6826 6594 6816 6588 6818 6587 6821 6518 6831 6595 6829 6521 6831 6595 6822 6590 6830 6596 6822 6590 6828 6597 6830 6596 6825 6519 6835 6598 6827 6592 6835 6598 6826 6594 6827 6592 6826 6594 6832 6599 6824 6600 6829 6521 6839 6601 6837 6525 6831 6595 6838 6602 6839 6601 6838 6602 6828 6597 6836 6603 6841 6526 6835 6598 6833 6522 6843 6604 6834 6605 6835 6598 6834 6605 6840 6606 6832 6599 6837 6525 6847 6607 6845 6529 6839 6601 6846 6608 6847 6607 6846 6608 6836 6603 6844 6547 6849 6530 6843 6604 6841 6526 6851 6609 6842 6610 6843 6604 6842 6610 6848 6611 6840 6606 6845 6529 6855 6612 6853 6532 6855 6612 6846 6608 6854 6613 6854 6613 6844 6547 6852 6614 6857 6533 6851 6609 6849 6530 6851 6609 6858 6615 6850 6616 6850 6616 6856 6617 6848 6611 6861 6537 6855 6612 6863 6618 6855 6612 6862 6619 6863 6618 6862 6619 6852 6614 6860 6620 6865 6538 6859 6621 6857 6533 6859 6621 6866 6622 6858 6615 6858 6615 6864 6623 6856 6617 6869 6541 6863 6618 6871 6624 6863 6618 6870 6625 6871 6624 6862 6619 6868 6626 6870 6625 6865 6538 6875 6627 6867 6628 6875 6627 6866 6622 6867 6628 6874 6629 6864 6623 6866 6622 6869 6541 6879 6630 6877 6544 6879 6630 6870 6625 6878 6631 6878 6631 6868 6626 6876 6632 6873 6542 6883 6633 6875 6627 6883 6633 6874 6629 6875 6627 6882 6634 6872 6635 6874 6629 6877 6544 6887 6636 6885 6455 6887 6636 6878 6631 6886 6637 6886 6637 6876 6632 6884 6638 6696 6456 6883 6633 6881 6457 6883 6633 6698 6539 6882 6634 6698 6539 6880 6639 6882 6634 6701 6535 6887 6636 6703 6640 6887 6636 6702 6531 6703 6640 6886 6637 6700 6527 6702 6531 6720 6467 6752 6545 6816 6588 6989 6671 6983 6672 6991 6673 6959 6674 6950 6675 6958 6676 7109 6677 6920 6678 7105 6679 6983 6672 6990 6680 6991 6673 6949 6681 6959 6674 6957 6682 6937 6683 6949 6681 6945 6684 6979 6685 6986 6686 6978 6687 6946 6688 6952 6689 6944 6690 6949 6681 6953 6691 6945 6684 6985 6692 6979 6685 6977 6693 6955 6694 6946 6688 6947 6695 6953 6691 6965 6696 6961 6697 6974 6698 6980 6699 6982 6700 6945 6684 6955 6694 6947 6695 6961 6697 6973 6701 6969 6702 6983 6672 6974 6698 6982 6700 6942 6703 6948 6704 6950 6675 6969 6702 6981 6705 6977 6693 6973 6701 6983 6672 6981 6705 6951 6706 6942 6703 6950 6675 6977 6693 6989 6671 6985 6692 6970 6707 6976 6708 6968 6709 6941 6710 6951 6706 6949 6681 6989 6671 6993 6711 6985 6692 6979 6685 6970 6707 6971 6712 6938 6713 6944 6690 6936 6714 6993 6711 7005 6715 7001 6716 6969 6702 6979 6685 6971 6712 6947 6695 6938 6713 6939 6717 7001 6716 7013 6718 7009 6719 6974 6698 6964 6720 6972 6721 6937 6683 6947 6695 6939 6717 7013 6718 7017 6722 7009 6719 6967 6723 6974 6698 6975 6724 6942 6703 6932 6725 6940 6726 7021 6727 7025 6728 7017 6722 6973 6701 6967 6723 6975 6724 6943 6729 6934 6730 6942 6703 7029 6731 7033 6732 7025 6728 6970 6707 6960 6733 6962 6734 6941 6710 6935 6735 6943 6729 7037 6736 7041 6737 7033 6732 6963 6738 6970 6707 6962 6734 6930 6739 6936 6714 6928 6740 7041 6737 7053 6741 7049 6742 6961 6697 6971 6712 6963 6738 6939 6717 6930 6739 6931 6743 7053 6741 7057 6744 7049 6742 6958 6676 6964 6720 6966 6745 6937 6683 6931 6743 6929 6746 7061 6747 7065 6748 7057 6744 6967 6723 6958 6676 6966 6745 6934 6730 6924 6749 6932 6725 7069 6750 7073 6751 7065 6748 6957 6682 6967 6723 6965 6696 6927 6752 6934 6730 6935 6735 7077 6753 7081 6754 7073 6751 6954 6755 6960 6733 6952 6689 6933 6756 6927 6752 6935 6735 7081 6754 7093 6757 7089 6758 6963 6738 6954 6755 6955 6694 6930 6739 6921 6759 6922 6760 7093 6757 7097 6761 7089 6758 6953 6691 6963 6738 6955 6694 6923 6762 6930 6739 6922 6760 7101 6763 7105 6679 7097 6761 6929 6746 6941 6710 6937 6683 6929 6746 6923 6762 6920 6678 6986 6686 6976 6708 6978 6687 6950 6675 6956 6764 6958 6676 6972 6721 6940 6726 7068 6765 6925 6766 6929 6746 6920 6678 6990 6680 6980 6699 6988 6767 6993 6711 6987 6768 6985 6692 6987 6768 6994 6769 6986 6686 6994 6769 6984 6770 6986 6686 6997 6771 6991 6673 6999 6772 6991 6673 6998 6773 6999 6772 6998 6773 6988 6767 6996 6774 7001 6716 6995 6775 6993 6711 6995 6775 7002 6776 6994 6769 6994 6769 7000 6777 6992 6778 7005 6715 6999 6772 7007 6779 6999 6772 7006 6780 7007 6779 7006 6780 6996 6774 7004 6781 7001 6716 7011 6782 7003 6783 7003 6783 7010 6784 7002 6776 7002 6776 7008 6785 7000 6777 7005 6715 7015 6786 7013 6718 7007 6779 7014 6787 7015 6786 7006 6780 7012 6788 7014 6787 7009 6719 7019 6789 7011 6782 7019 6789 7010 6784 7011 6782 7010 6784 7016 6790 7008 6785 7013 6718 7023 6791 7021 6727 7023 6791 7014 6787 7022 6792 7014 6787 7020 6793 7022 6792 7025 6728 7019 6789 7017 6722 7019 6789 7026 6794 7018 6795 7026 6794 7016 6790 7018 6795 7029 6731 7023 6791 7031 6796 7023 6791 7030 6797 7031 6796 7030 6797 7020 6793 7028 6798 7033 6732 7027 6799 7025 6728 7027 6799 7034 6800 7026 6794 7034 6800 7024 6801 7026 6794 7037 6736 7031 6796 7039 6802 7031 6796 7038 6803 7039 6802 7038 6803 7028 6798 7036 6804 7033 6732 7043 6805 7035 6806 7035 6806 7042 6807 7034 6800 7034 6800 7040 6808 7032 6809 7037 6736 7047 6810 7045 6811 7039 6802 7046 6812 7047 6810 7038 6803 7044 6813 7046 6812 7049 6742 7043 6805 7041 6737 7043 6805 7050 6814 7042 6807 7050 6814 7040 6808 7042 6807 7053 6741 7047 6810 7055 6815 7047 6810 7054 6816 7055 6815 7054 6816 7044 6813 7052 6817 7057 6744 7051 6818 7049 6742 7059 6819 7050 6814 7051 6818 7050 6814 7056 6820 7048 6821 7061 6747 7055 6815 7063 6822 7055 6815 7062 6823 7063 6822 7062 6823 7052 6817 7060 6824 7065 6748 7059 6819 7057 6744 7067 6825 7058 6826 7059 6819 7058 6826 7064 6827 7056 6820 7069 6750 7063 6822 7071 6828 7063 6822 7070 6829 7071 6828 7062 6823 7068 6765 7070 6829 7073 6751 7067 6825 7065 6748 7075 6830 7066 6831 7067 6825 7074 6832 7064 6827 7066 6831 7069 6750 7079 6833 7077 6753 7079 6833 7070 6829 7078 6834 7078 6834 7068 6765 7076 6835 7081 6754 7075 6830 7073 6751 7083 6836 7074 6832 7075 6830 7074 6832 7080 6837 7072 6838 7077 6753 7087 6839 7085 6840 7079 6833 7086 6841 7087 6839 7078 6834 7084 6842 7086 6841 7081 6754 7091 6843 7083 6836 7083 6836 7090 6844 7082 6845 7082 6845 7088 6846 7080 6837 7085 6840 7095 6847 7093 6757 7095 6847 7086 6841 7094 6848 7086 6841 7092 6849 7094 6848 7097 6761 7091 6843 7089 6758 7099 6850 7090 6844 7091 6843 7098 6851 7088 6846 7090 6844 7093 6757 7103 6852 7101 6763 7103 6852 7094 6848 7102 6853 7102 6853 7092 6849 7100 6854 7097 6761 7107 6855 7099 6850 7107 6855 7098 6851 7099 6850 7098 6851 7104 6856 7096 6857 7101 6763 7111 6858 7109 6677 7111 6858 7102 6853 7110 6859 7102 6853 7108 6860 7110 6859 7105 6679 6923 6762 7107 6855 6923 6762 7106 6861 7107 6855 7106 6861 6921 6759 7104 6856 7109 6677 6927 6752 6925 6766 6927 6752 7110 6859 6926 6862 7110 6859 6924 6749 6926 6862 7040 6808 7072 6838 7104 6856 7213 6899 7207 6900 7215 6901 7183 6902 7174 6903 7182 6904 7333 6905 7144 6906 7329 6907 7207 6900 7214 6908 7215 6901 7173 6909 7183 6902 7181 6910 7161 6911 7173 6909 7169 6912 7203 6913 7210 6914 7202 6915 7170 6916 7176 6917 7168 6918 7173 6909 7177 6919 7169 6912 7209 6920 7203 6913 7201 6921 7179 6922 7170 6916 7171 6923 7177 6919 7189 6924 7185 6925 7198 6926 7204 6927 7206 6928 7169 6912 7179 6922 7171 6923 7185 6925 7197 6929 7193 6930 7207 6900 7198 6926 7206 6928 7166 6931 7172 6932 7174 6903 7193 6930 7205 6933 7201 6921 7197 6929 7207 6900 7205 6933 7175 6934 7166 6931 7174 6903 7201 6921 7213 6899 7209 6920 7194 6935 7200 6936 7192 6937 7165 6938 7175 6934 7173 6909 7209 6920 7221 6939 7217 6940 7203 6913 7194 6935 7195 6941 7170 6916 7160 6942 7162 6943 7217 6940 7229 6944 7225 6945 7193 6930 7203 6913 7195 6941 7171 6923 7162 6943 7163 6946 7225 6945 7237 6947 7233 6948 7198 6926 7188 6949 7196 6950 7161 6911 7171 6923 7163 6946 7237 6947 7241 6951 7233 6948 7191 6952 7198 6926 7199 6953 7166 6931 7156 6954 7164 6955 7245 6956 7249 6957 7241 6951 7197 6929 7191 6952 7199 6953 7167 6958 7158 6959 7166 6931 7253 6960 7257 6961 7249 6957 7194 6935 7184 6962 7186 6963 7165 6938 7159 6964 7167 6958 7261 6965 7265 6966 7257 6961 7187 6967 7194 6935 7186 6963 7162 6943 7152 6968 7154 6969 7269 6970 7273 6971 7265 6966 7185 6925 7195 6941 7187 6967 7163 6946 7154 6969 7155 6972 7277 6973 7281 6744 7273 6971 7182 6904 7188 6949 7190 6974 7161 6911 7155 6972 7153 6975 7285 6976 7289 6977 7281 6744 7191 6952 7182 6904 7190 6974 7158 6959 7148 6978 7156 6954 7293 6979 7297 6980 7289 6977 7181 6910 7191 6952 7189 6924 7151 6981 7158 6959 7159 6964 7301 6982 7305 6983 7297 6980 7178 6984 7184 6962 7176 6917 7157 6985 7151 6981 7159 6964 7309 6986 7313 6987 7305 6983 7187 6967 7178 6984 7179 6922 7154 6969 7145 6988 7146 6989 7317 6990 7321 6991 7313 6987 7177 6919 7187 6967 7179 6922 7147 6992 7154 6969 7146 6989 7325 6993 7329 6907 7321 6991 7153 6975 7165 6938 7161 6911 7153 6975 7147 6992 7144 6906 7210 6914 7200 6936 7202 6915 7174 6903 7180 6994 7182 6904 7292 6995 7228 6996 7164 6955 7149 6997 7153 6975 7144 6906 7214 6908 7204 6927 7212 6998 7217 6940 7211 6999 7209 6920 7211 6999 7218 7000 7210 6914 7218 7000 7208 7001 7210 6914 7221 6939 7215 6901 7223 7002 7215 6901 7222 7003 7223 7002 7222 7003 7212 6998 7220 7004 7225 6945 7219 7005 7217 6940 7219 7005 7226 7006 7218 7000 7218 7000 7224 7007 7216 7008 7229 6944 7223 7002 7231 7009 7223 7002 7230 7010 7231 7009 7230 7010 7220 7004 7228 6996 7225 6945 7235 7011 7227 7012 7227 7012 7234 7013 7226 7006 7226 7006 7232 7014 7224 7007 7229 6944 7239 7015 7237 6947 7231 7009 7238 7016 7239 7015 7230 7010 7236 7017 7238 7016 7233 6948 7243 7018 7235 7011 7243 7018 7234 7013 7235 7011 7234 7013 7240 7019 7232 7014 7237 6947 7247 7020 7245 6956 7247 7020 7238 7016 7246 7021 7238 7016 7244 7022 7246 7021 7249 6957 7243 7018 7241 6951 7243 7018 7250 7023 7242 7024 7250 7023 7240 7019 7242 7024 7253 6960 7247 7020 7255 7025 7247 7020 7254 7026 7255 7025 7254 7026 7244 7022 7252 7027 7257 6961 7251 7028 7249 6957 7251 7028 7258 7029 7250 7023 7258 7029 7248 7030 7250 7023 7261 6965 7255 7025 7263 7031 7255 7025 7262 7032 7263 7031 7262 7032 7252 7027 7260 7033 7257 6961 7267 7034 7259 7035 7259 7035 7266 7036 7258 7029 7258 7029 7264 7037 7256 7038 7261 6965 7271 7039 7269 6970 7263 7031 7270 7040 7271 7039 7262 7032 7268 7041 7270 7040 7273 6971 7267 7034 7265 6966 7267 7034 7274 7042 7266 7036 7274 7042 7264 7037 7266 7036 7277 6973 7271 7039 7279 7043 7271 7039 7278 7044 7279 7043 7278 7044 7268 7041 7276 7045 7281 6744 7275 7046 7273 6971 7283 7047 7274 7042 7275 7046 7274 7042 7280 7048 7272 7049 7285 6976 7279 7043 7287 7050 7279 7043 7286 7051 7287 7050 7286 7051 7276 7045 7284 7052 7289 6977 7283 7047 7281 6744 7291 7053 7282 7054 7283 7047 7282 7054 7288 7055 7280 7048 7293 6979 7287 7050 7295 7056 7287 7050 7294 7057 7295 7056 7286 7051 7292 6995 7294 7057 7297 6980 7291 7053 7289 6977 7299 7058 7290 7059 7291 7053 7298 7060 7288 7055 7290 7059 7293 6979 7303 7061 7301 6982 7303 7061 7294 7057 7302 7062 7302 7062 7292 6995 7300 7063 7305 6983 7299 7058 7297 6980 7307 7064 7298 7060 7299 7058 7298 7060 7304 7065 7296 7066 7301 6982 7311 7067 7309 6986 7303 7061 7310 7068 7311 7067 7302 7062 7308 7069 7310 7068 7305 6983 7315 7070 7307 7064 7307 7064 7314 7071 7306 7072 7306 7072 7312 7073 7304 7065 7309 6986 7319 7074 7317 6990 7319 7074 7310 7068 7318 7075 7310 7068 7316 7076 7318 7075 7321 6991 7315 7070 7313 6987 7323 7077 7314 7071 7315 7070 7322 7078 7312 7073 7314 7071 7317 6990 7327 7079 7325 6993 7327 7079 7318 7075 7326 7080 7326 7080 7316 7076 7324 7081 7321 6991 7331 7082 7323 7077 7331 7082 7322 7078 7323 7077 7322 7078 7328 7083 7320 7084 7325 6993 7335 7085 7333 6905 7335 7085 7326 7080 7334 7086 7326 7080 7332 7087 7334 7086 7329 6907 7147 6992 7331 7082 7147 6992 7330 7088 7331 7082 7330 7088 7145 6988 7328 7083 7333 6905 7151 6981 7149 6997 7151 6981 7334 7086 7150 7089 7334 7086 7148 6978 7150 7089 7200 6936 7232 7014 7264 7037 1 0 5 12 4 1 2 3 6 7523 5 4 3 6 7 16 6 7 3 9 0 69 4 10 5 12 9 19 8 13 5 4 6 7523 10 14 7 16 11 23 10 17 4 10 8 25 11 18 9 19 13 27 12 20 9 15 10 14 14 21 11 23 15 30 14 24 8 25 12 7524 15 26 13 27 17 34 16 28 14 21 18 36 17 29 15 30 19 38 18 31 15 26 12 7524 16 32 17 34 21 42 20 35 18 36 22 7525 21 37 19 38 23 46 22 39 19 33 16 32 20 40 21 42 25 49 24 43 21 37 22 7525 26 44 23 46 27 52 26 47 20 40 24 7526 27 48 25 49 29 56 28 50 26 44 30 7527 29 51 27 52 31 60 30 53 27 48 24 7526 28 54 29 56 33 63 32 57 29 51 30 7527 34 58 31 60 35 66 34 61 28 54 32 7528 35 62 33 63 37 70 36 64 34 58 38 7529 37 65 35 66 39 73 38 67 35 62 32 7528 36 68 37 70 41 76 40 71 37 65 38 7529 42 72 39 73 43 79 42 74 36 68 40 7530 43 75 41 76 45 83 44 77 42 72 46 7531 45 78 43 79 47 87 46 80 43 75 40 7530 44 81 45 83 49 90 48 84 45 78 46 7531 50 85 47 87 51 94 50 88 44 81 48 96 51 89 49 90 53 98 52 91 49 86 50 85 54 92 51 94 55 102 54 95 48 96 52 104 55 97 53 98 57 106 56 99 53 93 54 92 58 100 55 102 59 109 58 103 52 104 56 111 59 105 57 106 61 113 60 107 58 100 62 5 61 108 59 109 63 116 62 110 56 111 60 7532 63 112 61 113 65 119 64 114 62 5 66 121 65 115 63 116 67 123 66 117 63 112 60 7532 64 69 65 119 69 127 68 120 66 121 70 7533 69 122 67 123 71 129 70 124 67 118 64 69 68 125 69 127 73 132 72 128 69 122 70 7533 74 5 71 129 75 134 74 130 68 125 72 69 75 131 73 132 77 137 76 133 74 5 78 139 77 5 75 134 79 141 78 135 72 69 76 69 79 136 77 137 81 145 80 138 78 139 82 7534 81 140 79 141 83 149 82 142 79 136 76 69 80 143 81 145 85 152 84 146 81 140 82 7534 86 147 83 149 87 156 86 150 80 143 84 158 87 151 85 152 89 160 88 153 85 148 86 147 90 154 87 156 91 163 90 157 84 158 88 165 91 159 89 160 93 167 92 161 90 154 94 169 93 162 91 163 95 171 94 164 88 165 92 7535 95 166 93 167 97 174 96 168 94 169 98 176 97 170 95 171 99 178 98 172 95 166 92 7535 96 173 97 174 101 182 100 175 98 176 102 184 101 177 99 178 103 186 102 179 99 97 96 173 100 180 101 182 105 190 104 183 102 184 106 7536 105 185 103 186 107 194 106 187 103 181 100 180 104 188 105 190 109 197 108 191 105 185 106 7536 110 192 107 194 111 200 110 195 104 188 108 7537 111 196 109 197 113 203 112 198 110 192 114 7538 113 199 111 200 115 206 114 201 111 196 108 7537 112 202 113 203 117 209 116 204 113 199 114 7538 118 205 115 206 119 212 118 207 112 202 116 7539 119 208 117 209 121 216 120 210 118 205 122 7540 121 211 119 212 123 219 122 213 119 208 116 7539 120 214 121 216 125 222 124 217 121 211 122 7540 126 218 123 219 127 225 126 220 120 214 124 7541 127 221 125 222 129 228 128 223 126 218 130 7542 129 224 127 225 131 232 130 226 127 221 124 7541 128 227 129 228 133 235 132 229 129 224 130 7542 134 230 131 232 135 239 134 233 128 227 132 241 135 234 133 235 137 243 136 236 133 231 134 230 138 237 135 239 139 246 138 240 132 241 136 7543 139 242 137 243 141 249 140 244 138 237 142 251 141 245 139 246 143 253 142 247 139 242 136 7543 140 69 141 249 145 257 144 250 142 251 146 7544 145 252 143 253 147 259 146 254 143 248 140 69 144 255 145 257 149 262 148 258 145 252 146 7544 150 5 147 259 151 263 150 260 144 255 148 69 151 261 149 262 1 0 0 2 150 5 2 3 1 5 151 263 3 6 2 8 148 69 0 69 3 9 213 264 164 291 153 265 237 267 214 338 201 268 188 270 165 296 212 271 166 273 190 318 177 274 189 276 238 358 225 277 155 279 157 283 156 280 159 282 160 286 157 283 158 284 160 286 159 282 162 285 163 288 160 286 161 287 163 288 162 285 161 287 156 280 157 283 167 289 169 293 168 290 167 289 171 295 172 292 170 294 172 292 171 295 174 297 175 299 172 292 173 298 175 299 174 297 173 298 168 290 169 293 179 300 181 304 180 301 183 303 184 307 181 304 182 305 184 307 183 303 186 306 187 309 184 307 185 308 187 309 186 306 185 308 180 301 181 304 191 310 193 313 192 311 195 312 196 316 193 313 194 314 196 316 195 312 198 315 199 319 196 316 197 317 199 319 198 315 197 317 192 311 193 313 203 320 205 324 204 321 207 323 208 327 205 324 206 325 208 327 207 323 210 326 211 329 208 327 209 328 211 329 210 326 209 328 204 321 205 324 215 330 217 333 216 331 219 332 220 336 217 333 218 334 220 336 219 332 222 335 223 339 220 336 221 337 223 339 222 335 221 337 216 331 217 333 227 340 229 344 228 341 231 343 232 347 229 344 230 345 232 347 231 343 234 346 235 349 232 347 233 348 235 349 234 346 233 348 228 341 229 344 239 350 241 353 240 351 243 352 244 356 241 353 242 354 244 356 243 352 246 355 247 359 244 356 245 357 247 359 246 355 245 357 240 351 241 353 152 281 156 280 179 300 156 280 161 287 183 303 161 287 154 275 177 274 164 291 168 290 158 284 168 290 173 298 162 285 173 298 166 273 154 275 188 270 192 311 170 294 192 311 197 317 174 297 197 317 190 318 166 273 178 278 186 306 194 314 186 306 182 305 198 315 182 305 177 274 190 318 176 302 180 301 227 340 180 301 185 308 231 343 185 308 178 278 225 277 236 272 240 351 191 310 240 351 245 357 195 312 245 357 238 358 189 276 226 269 234 346 242 354 234 346 230 345 246 355 230 345 225 277 238 358 224 342 228 341 203 320 228 341 233 348 207 323 233 348 226 269 201 268 212 271 216 331 239 350 216 331 221 337 243 352 221 337 214 338 237 267 202 266 210 326 218 334 210 326 206 325 222 335 206 325 201 268 214 338 200 322 204 321 155 279 204 321 209 328 159 282 209 328 202 266 153 265 165 296 171 295 215 330 171 295 167 289 219 332 167 289 164 291 213 264 224 342 200 322 152 281 309 360 260 386 249 361 333 363 310 431 297 364 284 366 261 391 308 367 262 369 286 412 273 370 285 372 334 450 321 373 251 375 253 378 252 376 255 377 256 381 253 378 254 379 256 381 255 377 258 380 259 383 256 381 257 382 259 383 258 380 257 382 252 376 253 378 263 384 265 388 264 385 263 384 267 390 268 387 266 389 268 387 267 390 270 392 271 394 268 387 269 393 271 394 270 392 269 393 264 385 265 388 275 395 277 398 276 396 279 397 280 401 277 398 278 399 280 401 279 397 282 400 283 403 280 401 281 402 283 403 282 400 281 402 276 396 277 398 287 404 289 407 288 405 291 406 292 410 289 407 290 408 292 410 291 406 294 409 295 413 292 410 293 411 295 413 294 409 293 411 288 405 289 407 299 414 301 417 300 415 303 416 304 420 301 417 302 418 304 420 303 416 306 419 307 422 304 420 305 421 307 422 306 419 305 421 300 415 301 417 311 423 313 426 312 424 315 425 316 429 313 426 314 427 316 429 315 425 318 428 319 432 316 429 317 430 319 432 318 428 317 430 312 424 313 426 323 433 325 436 324 434 327 435 328 439 325 436 326 437 328 439 327 435 330 438 331 441 328 439 329 440 331 441 330 438 329 440 324 434 325 436 335 442 337 445 336 443 339 444 340 448 337 445 338 446 340 448 339 444 342 447 343 451 340 448 341 449 343 451 342 447 341 449 336 443 337 445 248 281 252 376 275 395 252 376 257 382 279 397 257 382 250 371 273 370 260 386 264 385 254 379 264 385 269 393 258 380 269 393 262 369 250 371 284 366 288 405 266 389 288 405 293 411 270 392 293 411 286 412 262 369 274 374 282 400 290 408 282 400 278 399 294 409 278 399 273 370 286 412 272 302 276 396 323 433 276 396 281 402 327 435 281 402 274 374 321 373 332 368 336 443 287 404 336 443 341 449 291 406 341 449 334 450 285 372 322 365 330 438 338 446 330 438 326 437 342 447 326 437 321 373 334 450 320 342 324 434 299 414 324 434 329 440 303 416 329 440 322 365 297 364 308 367 312 424 335 442 312 424 317 430 339 444 317 430 310 431 333 363 298 362 306 419 314 427 306 419 302 418 318 428 302 418 297 364 310 431 296 322 300 415 251 375 300 415 305 421 255 377 305 421 298 362 249 361 261 391 267 390 311 423 267 390 263 384 315 425 263 384 260 386 309 360 320 342 296 322 248 281 405 452 356 474 345 453 429 455 406 513 393 456 380 270 357 296 404 458 358 460 382 495 369 461 381 463 430 531 417 464 347 375 349 378 348 376 351 466 352 469 349 378 350 467 352 469 351 466 354 468 355 471 352 469 353 470 355 471 354 468 353 470 348 376 349 378 359 472 361 475 360 473 359 472 363 477 364 387 362 476 364 387 363 477 366 478 367 480 364 387 365 479 367 480 366 478 365 479 360 473 361 475 371 395 373 482 372 396 375 481 376 485 373 482 374 483 376 485 375 481 378 484 379 487 376 485 377 486 379 487 378 484 377 486 372 396 373 482 383 488 385 407 384 489 387 490 388 493 385 407 386 491 388 493 387 490 390 492 391 496 388 493 389 494 391 496 390 492 389 494 384 489 385 407 395 497 397 499 396 321 399 498 400 502 397 499 398 500 400 502 399 498 402 501 403 504 400 502 401 503 403 504 402 501 401 503 396 321 397 499 407 505 409 508 408 506 411 507 412 511 409 508 410 509 412 511 411 507 414 510 415 514 412 511 413 512 415 514 414 510 413 512 408 506 409 508 419 340 421 517 420 515 423 516 424 520 421 517 422 518 424 520 423 516 426 519 427 522 424 520 425 521 427 522 426 519 425 521 420 515 421 517 431 523 433 526 432 524 435 525 436 529 433 526 434 527 436 529 435 525 438 528 439 532 436 529 437 530 439 532 438 528 437 530 432 524 433 526 344 281 348 376 371 395 348 376 353 470 375 481 353 470 346 462 369 461 356 474 360 473 350 467 360 473 365 479 354 468 365 479 358 460 346 462 380 270 384 489 362 476 384 489 389 494 366 478 389 494 382 495 358 460 370 465 378 484 386 491 378 484 374 483 390 492 374 483 369 461 382 495 368 302 372 396 419 340 372 396 377 486 423 516 377 486 370 465 417 464 428 459 432 524 383 488 432 524 437 530 387 490 437 530 430 531 381 463 418 457 426 519 434 527 426 519 422 518 438 528 422 518 417 464 430 531 416 342 420 515 395 497 420 515 425 521 399 498 425 521 418 457 393 456 404 458 408 506 431 523 408 506 413 512 435 525 413 512 406 513 429 455 394 454 402 501 410 509 402 501 398 500 414 510 398 500 393 456 406 513 392 322 396 321 347 375 396 321 401 503 351 466 401 503 394 454 345 453 357 296 363 477 407 505 363 477 359 472 411 507 359 472 356 474 405 452 416 342 392 322 344 281 501 452 452 554 441 533 525 455 502 513 489 456 476 534 453 559 500 535 454 537 478 580 465 538 477 540 526 531 513 541 443 543 445 547 444 544 447 546 448 550 445 547 446 548 448 550 447 546 450 549 451 552 448 550 449 551 451 552 450 549 449 551 444 544 445 547 455 553 457 556 456 473 455 553 459 558 460 555 458 557 460 555 459 558 462 560 463 562 460 555 461 561 463 562 462 560 461 561 456 473 457 556 467 563 469 567 468 564 471 566 472 569 469 567 470 568 472 569 471 566 474 484 475 571 472 569 473 570 475 571 474 484 473 570 468 564 469 567 479 572 481 575 480 573 483 574 484 578 481 575 482 576 484 578 483 574 486 577 487 581 484 578 485 579 487 581 486 577 485 579 480 573 481 575 491 582 493 586 492 583 495 585 496 588 493 586 494 587 496 588 495 585 498 501 499 590 496 588 497 589 499 590 498 501 497 589 492 583 493 586 503 591 505 594 504 592 507 593 508 596 505 594 506 595 508 596 507 593 510 510 511 598 508 596 509 597 511 598 510 510 509 597 504 592 505 594 515 599 517 603 516 600 519 602 520 605 517 603 518 604 520 605 519 602 522 519 523 607 520 605 521 606 523 607 522 519 521 606 516 600 517 603 527 608 529 611 528 609 531 610 532 613 529 611 530 612 532 613 531 610 534 528 535 615 532 613 533 614 535 615 534 528 533 614 528 609 529 611 440 545 444 544 467 563 444 544 449 551 471 566 449 551 442 539 465 538 452 554 456 473 446 548 456 473 461 561 450 549 461 561 454 537 442 539 476 534 480 573 458 557 480 573 485 579 462 560 485 579 478 580 454 537 466 542 474 484 482 576 474 484 470 568 486 577 470 568 465 538 478 580 464 565 468 564 515 599 468 564 473 570 519 602 473 570 466 542 513 541 524 536 528 609 479 572 528 609 533 614 483 574 533 614 526 531 477 540 514 457 522 519 530 612 522 519 518 604 534 528 518 604 513 541 526 531 512 601 516 600 491 582 516 600 521 606 495 585 521 606 514 457 489 456 500 535 504 592 527 608 504 592 509 597 531 610 509 597 502 513 525 455 490 454 498 501 506 595 498 501 494 587 510 510 494 587 489 456 502 513 488 584 492 583 443 543 492 583 497 589 447 546 497 589 490 454 441 533 453 559 459 558 503 591 459 558 455 553 507 593 455 553 452 554 501 452 512 601 488 584 440 545 597 616 548 641 537 617 621 619 598 689 585 620 572 622 549 646 596 623 550 537 574 668 561 538 573 626 622 708 609 627 539 629 541 633 540 630 543 632 544 636 541 633 542 634 544 636 543 632 542 634 546 638 547 635 545 637 547 635 546 638 545 637 540 630 541 633 551 639 553 643 552 640 551 639 555 645 556 642 554 644 556 642 555 645 558 647 559 649 556 642 557 648 559 649 558 647 552 640 553 643 559 649 563 650 565 654 564 651 563 650 567 656 568 653 566 655 568 653 567 656 570 657 571 659 568 653 569 658 571 659 570 657 569 658 564 651 565 654 575 660 577 663 576 661 579 662 580 666 577 663 578 664 580 666 579 662 582 665 583 669 580 666 581 667 583 669 582 665 581 667 576 661 577 663 587 670 589 674 588 671 587 670 591 676 592 673 590 675 592 673 591 676 594 677 595 679 592 673 593 678 595 679 594 677 593 678 588 671 589 674 599 680 601 683 600 681 603 682 604 686 601 683 602 684 604 686 603 682 602 684 606 688 607 685 605 687 607 685 606 688 605 687 600 681 601 683 611 690 613 694 612 691 615 693 616 697 613 694 614 695 616 697 615 693 618 696 619 699 616 697 617 698 619 699 618 696 617 698 612 691 613 694 623 700 625 703 624 701 623 700 627 705 628 702 626 704 628 702 627 705 630 706 631 709 628 702 629 707 631 709 630 706 629 707 624 701 625 703 536 631 540 630 563 650 540 630 545 637 567 656 545 637 538 625 561 538 548 641 552 640 542 634 552 640 557 648 546 638 557 648 550 537 538 625 572 622 576 661 554 644 576 661 581 667 558 647 581 667 574 668 550 537 562 628 570 657 578 664 570 657 566 655 582 665 566 655 561 538 574 668 560 652 564 651 611 690 564 651 569 658 615 693 569 658 562 628 609 627 620 624 624 701 575 660 624 701 629 707 579 662 629 707 622 708 573 626 610 621 618 696 626 704 618 696 614 695 630 706 614 695 609 627 622 708 608 692 612 691 587 670 612 691 617 698 591 676 617 698 610 621 585 620 596 623 600 681 623 700 600 681 605 687 627 705 605 687 598 689 621 619 586 618 594 677 602 684 594 677 590 675 606 688 590 675 585 620 598 689 584 672 588 671 539 629 588 671 593 678 543 632 593 678 586 618 537 617 549 646 555 645 599 680 555 645 551 639 603 682 551 639 548 641 597 616 608 692 584 672 536 631 693 710 644 731 633 711 717 363 694 778 681 364 668 622 645 646 692 713 646 460 670 757 657 461 669 716 718 708 705 717 635 719 637 723 636 720 639 722 640 726 637 723 638 724 640 726 639 722 638 724 642 728 643 725 641 727 643 725 642 728 641 727 636 720 637 723 647 729 649 733 648 730 647 729 651 735 652 732 650 734 652 732 651 735 654 736 655 738 652 732 653 737 655 738 654 736 648 730 649 733 655 738 659 739 661 743 660 740 659 739 663 745 664 742 662 744 664 742 663 745 666 746 667 748 664 742 665 747 667 748 666 746 665 747 660 740 661 743 671 749 673 752 672 750 675 751 676 755 673 752 674 753 676 755 675 751 678 754 679 758 676 755 677 756 679 758 678 754 677 756 672 750 673 752 683 759 685 763 684 760 683 759 687 765 688 762 686 764 688 762 687 765 690 766 691 768 688 762 689 767 691 768 690 766 689 767 684 760 685 763 695 769 697 772 696 770 699 771 700 775 697 772 698 773 700 775 699 771 698 773 702 777 703 774 701 776 703 774 702 777 701 776 696 770 697 772 707 779 709 782 708 780 711 781 712 785 709 782 710 783 712 785 711 781 714 784 715 787 712 785 713 786 715 787 714 784 713 786 708 780 709 782 719 788 721 791 720 789 719 788 723 793 724 790 722 792 724 790 723 793 726 794 727 796 724 790 725 795 727 796 726 794 725 795 720 789 721 791 632 721 636 720 659 739 636 720 641 727 663 745 641 727 634 715 657 461 644 731 648 730 638 724 648 730 653 737 642 728 653 737 646 460 634 715 668 622 672 750 650 734 672 750 677 756 654 736 677 756 670 757 646 460 658 718 666 746 674 753 666 746 662 744 678 754 662 744 657 461 670 757 656 741 660 740 707 779 660 740 665 747 711 781 665 747 658 718 705 717 716 714 720 789 671 749 720 789 725 795 675 751 725 795 718 708 669 716 706 712 714 784 722 792 714 784 710 783 726 794 710 783 705 717 718 708 704 692 708 780 683 759 708 780 713 786 687 765 713 786 706 712 681 364 692 713 696 770 719 788 696 770 701 776 723 793 701 776 694 778 717 363 682 618 690 766 698 773 690 766 686 764 702 777 686 764 681 364 694 778 680 761 684 760 635 719 684 760 689 767 639 722 689 767 682 618 633 711 645 646 651 735 695 769 651 735 647 729 699 771 647 729 644 731 693 710 704 692 680 761 632 721 789 797 740 641 729 798 813 800 790 868 777 801 764 803 741 826 788 804 742 806 766 848 753 807 765 626 814 886 801 809 731 810 733 814 732 811 735 813 736 817 733 814 734 815 736 817 735 813 734 815 738 819 739 816 737 818 739 816 738 819 737 818 732 811 733 814 743 820 745 823 744 821 743 820 747 825 748 822 746 824 748 822 747 825 750 827 751 829 748 822 749 828 751 829 750 827 744 821 745 823 751 829 755 830 757 834 756 831 755 830 759 836 760 833 758 835 760 833 759 836 762 837 763 839 760 833 761 838 763 839 762 837 761 838 756 831 757 834 767 840 769 843 768 841 771 842 772 846 769 843 770 844 772 846 771 842 774 845 775 849 772 846 773 847 775 849 774 845 773 847 768 841 769 843 779 850 781 853 780 851 779 850 783 855 784 852 782 854 784 852 783 855 786 856 787 858 784 852 785 857 787 858 786 856 785 857 780 851 781 853 791 859 793 862 792 860 795 861 796 865 793 862 794 863 796 865 795 861 794 863 798 867 799 864 797 866 799 864 798 867 797 866 792 860 793 862 803 869 805 872 804 870 807 871 808 875 805 872 806 873 808 875 807 871 810 874 811 877 808 875 809 876 811 877 810 874 809 876 804 870 805 872 815 878 817 881 816 879 815 878 819 883 820 880 818 882 820 880 819 883 822 884 823 887 820 880 821 885 823 887 822 884 821 885 816 879 817 881 728 812 732 811 755 830 732 811 737 818 759 836 737 818 730 808 753 807 740 641 744 821 734 815 744 821 749 828 738 819 749 828 742 806 730 808 764 803 768 841 746 824 768 841 773 847 750 827 773 847 766 848 742 806 754 628 762 837 770 844 762 837 758 835 774 845 758 835 753 807 766 848 752 832 756 831 803 869 756 831 761 838 807 871 761 838 754 628 801 809 812 805 816 879 767 840 816 879 821 885 771 842 821 885 814 886 765 626 802 802 810 874 818 882 810 874 806 873 822 884 806 873 801 809 814 886 800 692 804 870 779 850 804 870 809 876 783 855 809 876 802 802 777 801 788 804 792 860 815 878 792 860 797 866 819 883 797 866 790 868 813 800 778 799 786 856 794 863 786 856 782 854 798 867 782 854 777 801 790 868 776 672 780 851 731 810 780 851 785 857 735 813 785 857 778 799 729 798 741 826 747 825 791 859 747 825 743 820 795 861 743 820 740 641 789 797 800 692 776 672 728 812 885 888 836 912 825 617 909 890 886 960 873 891 860 893 837 917 884 804 838 895 862 940 849 896 861 898 910 978 897 899 827 901 829 904 828 902 831 903 832 907 829 904 830 905 832 907 831 903 830 905 834 909 835 906 833 908 835 906 834 909 828 902 829 904 835 906 839 910 841 914 840 911 839 910 843 916 844 913 842 915 844 913 843 916 846 918 847 920 844 913 845 919 847 920 846 918 840 911 841 914 847 920 851 921 853 925 852 922 855 924 856 928 853 925 854 926 856 928 855 924 858 927 859 930 856 928 857 929 859 930 858 927 857 929 852 922 853 925 863 931 865 934 864 932 867 933 868 937 865 934 866 935 868 937 867 933 866 935 870 939 871 936 869 938 871 936 870 939 869 938 864 932 865 934 875 941 877 945 876 942 879 944 880 948 877 945 878 946 880 948 879 944 882 947 883 950 880 948 881 949 883 950 882 947 881 949 876 942 877 945 887 951 889 954 888 952 891 953 892 957 889 954 890 955 892 957 891 953 890 955 894 959 895 956 893 958 895 956 894 959 893 958 888 952 889 954 899 961 901 964 900 962 903 963 904 967 901 964 902 965 904 967 903 963 902 965 906 969 907 966 905 968 907 966 906 969 900 962 901 964 907 966 911 970 913 973 912 971 915 972 916 976 913 973 914 974 916 976 915 972 918 975 919 979 916 976 917 977 919 979 918 975 917 977 912 971 913 973 824 812 828 902 851 921 828 902 833 908 855 924 833 908 826 897 849 896 836 912 840 911 830 905 840 911 845 919 834 909 845 919 838 895 826 897 860 893 864 932 842 915 864 932 869 938 846 918 869 938 862 940 838 895 861 898 850 900 858 927 866 935 858 927 854 926 854 926 849 896 862 940 848 923 852 922 899 961 852 922 857 929 903 963 857 929 850 900 897 899 908 894 912 971 863 931 912 971 917 977 867 933 917 977 910 978 861 898 898 892 906 969 914 974 914 974 906 969 902 965 918 975 902 965 897 899 896 692 900 962 875 941 900 962 905 968 879 944 905 968 898 892 873 891 884 804 888 952 911 970 888 952 893 958 915 972 893 958 886 960 909 890 885 888 874 889 882 947 890 955 882 947 878 946 878 946 873 891 886 960 872 943 876 942 827 901 876 942 881 949 831 903 881 949 874 889 825 617 837 917 843 916 887 951 843 916 839 910 891 953 839 910 836 912 885 888 896 692 872 943 824 812 981 980 932 1007 921 981 1005 983 982 1055 969 984 956 986 933 1012 980 987 934 989 958 1035 945 990 957 992 1006 1074 993 993 923 995 925 999 924 996 927 998 928 1002 925 999 926 1000 928 1002 927 998 926 1000 930 1004 931 1001 929 1003 931 1001 930 1004 924 996 925 999 931 1001 935 1005 937 1009 936 1006 935 1005 939 1011 940 1008 938 1010 940 1008 939 1011 942 1013 943 1015 940 1008 941 1014 943 1015 942 1013 936 1006 937 1009 943 1015 947 1016 949 1020 948 1017 947 1016 951 1022 952 1019 950 1021 952 1019 951 1022 954 1023 955 1025 952 1019 953 1024 955 1025 954 1023 953 1024 948 1017 949 1020 959 1026 961 1029 960 1027 963 1028 964 1032 961 1029 962 1030 964 1032 963 1028 962 1030 966 1034 967 1031 965 1033 967 1031 966 1034 965 1033 960 1027 961 1029 971 1036 973 1040 972 1037 971 1036 975 1042 976 1039 974 1041 976 1039 975 1042 978 1043 979 1045 976 1039 977 1044 979 1045 978 1043 977 1044 972 1037 973 1040 983 1046 985 1049 984 1047 987 1048 988 1052 985 1049 986 1050 988 1052 987 1048 986 1050 990 1054 991 1051 989 1053 991 1051 990 1054 989 1053 984 1047 985 1049 995 1056 997 1060 996 1057 999 1059 1000 1063 997 1060 998 1061 1000 1063 999 1059 998 1061 1002 1065 1003 1062 1001 1064 1003 1062 1002 1065 996 1057 997 1060 1003 1062 1007 1066 1009 1069 1008 1067 1011 1068 1012 1072 1009 1069 1010 1070 1012 1072 1011 1068 1014 1071 1015 1075 1012 1072 1013 1073 1015 1075 1014 1071 1013 1073 1008 1067 1009 1069 920 997 924 996 947 1016 924 996 929 1003 951 1022 929 1003 922 991 945 990 932 1007 936 1006 926 1000 936 1006 941 1014 930 1004 941 1014 934 989 922 991 956 986 960 1027 938 1010 960 1027 965 1033 942 1013 965 1033 958 1035 934 989 946 994 954 1023 962 1030 954 1023 950 1021 966 1034 950 1021 945 990 958 1035 944 1018 948 1017 995 1056 948 1017 953 1024 999 1059 953 1024 946 994 993 993 1004 988 1008 1067 959 1026 1008 1067 1013 1073 963 1028 1013 1073 1006 1074 957 992 994 985 1002 1065 1010 1070 1002 1065 998 1061 1014 1071 998 1061 993 993 1006 1074 992 1058 996 1057 971 1036 996 1057 1001 1064 975 1042 1001 1064 994 985 969 984 980 987 984 1047 1007 1066 984 1047 989 1053 1011 1068 989 1053 982 1055 1005 983 970 982 978 1043 986 1050 978 1043 974 1041 990 1054 974 1041 969 984 982 1055 968 1038 972 1037 923 995 972 1037 977 1044 927 998 977 1044 970 982 921 981 933 1012 939 1011 983 1046 939 1011 935 1005 987 1048 935 1005 932 1007 981 980 992 1058 968 1038 920 997 1077 1076 1028 1103 1017 1077 1101 1079 1078 1151 1065 1080 1052 1082 1029 1108 1076 1083 1030 1085 1054 1131 1041 1086 1053 1088 1102 1170 1089 1089 1019 1091 1021 1095 1020 1092 1023 1094 1024 1098 1021 1095 1022 1096 1024 1098 1023 1094 1022 1096 1026 1100 1027 1097 1025 1099 1027 1097 1026 1100 1020 1092 1021 1095 1027 1097 1031 1101 1033 1105 1032 1102 1031 1101 1035 1107 1036 1104 1034 1106 1036 1104 1035 1107 1038 1109 1039 1111 1036 1104 1037 1110 1039 1111 1038 1109 1032 1102 1033 1105 1039 1111 1043 1112 1045 1116 1044 1113 1043 1112 1047 1118 1048 1115 1046 1117 1048 1115 1047 1118 1050 1119 1051 1121 1048 1115 1049 1120 1051 1121 1050 1119 1049 1120 1044 1113 1045 1116 1055 1122 1057 1125 1056 1123 1059 1124 1060 1128 1057 1125 1058 1126 1060 1128 1059 1124 1058 1126 1062 1130 1063 1127 1061 1129 1063 1127 1062 1130 1061 1129 1056 1123 1057 1125 1067 1132 1069 1136 1068 1133 1067 1132 1071 1138 1072 1135 1070 1137 1072 1135 1071 1138 1074 1139 1075 1141 1072 1135 1073 1140 1075 1141 1074 1139 1073 1140 1068 1133 1069 1136 1079 1142 1081 1145 1080 1143 1083 1144 1084 1148 1081 1145 1082 1146 1084 1148 1083 1144 1082 1146 1086 1150 1087 1147 1085 1149 1087 1147 1086 1150 1085 1149 1080 1143 1081 1145 1091 1152 1093 1156 1092 1153 1095 1155 1096 1159 1093 1156 1094 1157 1096 1159 1095 1155 1094 1157 1098 1161 1099 1158 1097 1160 1099 1158 1098 1161 1092 1153 1093 1156 1099 1158 1103 1162 1105 1165 1104 1163 1107 1164 1108 1168 1105 1165 1106 1166 1108 1168 1107 1164 1110 1167 1111 1171 1108 1168 1109 1169 1111 1171 1110 1167 1109 1169 1104 1163 1105 1165 1016 1093 1020 1092 1043 1112 1020 1092 1025 1099 1047 1118 1025 1099 1018 1087 1041 1086 1028 1103 1032 1102 1022 1096 1032 1102 1037 1110 1026 1100 1037 1110 1030 1085 1018 1087 1052 1082 1056 1123 1034 1106 1056 1123 1061 1129 1038 1109 1061 1129 1054 1131 1030 1085 1053 1088 1042 1090 1050 1119 1058 1126 1050 1119 1046 1117 1062 1130 1046 1117 1041 1086 1088 1154 1040 1114 1044 1113 1044 1113 1049 1120 1095 1155 1049 1120 1042 1090 1089 1089 1100 1084 1104 1163 1055 1122 1104 1163 1109 1169 1059 1124 1109 1169 1102 1170 1053 1088 1101 1079 1090 1081 1098 1161 1106 1166 1098 1161 1094 1157 1110 1167 1094 1157 1089 1089 1088 1154 1092 1153 1067 1132 1092 1153 1097 1160 1071 1138 1097 1160 1090 1081 1065 1080 1076 1083 1080 1143 1103 1162 1080 1143 1085 1149 1107 1164 1085 1149 1078 1151 1101 1079 1066 1078 1074 1139 1082 1146 1082 1146 1074 1139 1070 1137 1086 1150 1070 1137 1065 1080 1064 1134 1068 1133 1019 1091 1068 1133 1073 1140 1023 1094 1073 1140 1066 1078 1017 1077 1029 1108 1035 1107 1079 1142 1035 1107 1031 1101 1083 1144 1031 1101 1028 1103 1077 1076 1088 1154 1064 1134 1016 1093 1173 1172 1124 1199 1113 1173 1197 1175 1174 1247 1161 1176 1148 1178 1125 1204 1172 1179 1126 1181 1150 1227 1137 1182 1149 1184 1198 1266 1185 1185 1115 1187 1117 1191 1116 1188 1119 1190 1120 1194 1117 1191 1118 1192 1120 1194 1119 1190 1118 1192 1122 1196 1123 1193 1121 1195 1123 1193 1122 1196 1116 1188 1117 1191 1123 1193 1127 1197 1129 1201 1128 1198 1127 1197 1131 1203 1132 1200 1130 1202 1132 1200 1131 1203 1134 1205 1135 1207 1132 1200 1133 1206 1135 1207 1134 1205 1128 1198 1129 1201 1135 1207 1139 1208 1141 1212 1140 1209 1139 1208 1143 1214 1144 1211 1142 1213 1144 1211 1143 1214 1146 1215 1147 1217 1144 1211 1145 1216 1147 1217 1146 1215 1145 1216 1140 1209 1141 1212 1151 1218 1153 1221 1152 1219 1155 1220 1156 1224 1153 1221 1154 1222 1156 1224 1155 1220 1154 1222 1158 1226 1159 1223 1157 1225 1159 1223 1158 1226 1157 1225 1152 1219 1153 1221 1163 1228 1165 1232 1164 1229 1167 1231 1168 1235 1165 1232 1166 1233 1168 1235 1167 1231 1170 1234 1171 1237 1168 1235 1169 1236 1171 1237 1170 1234 1169 1236 1164 1229 1165 1232 1175 1238 1177 1241 1176 1239 1179 1240 1180 1244 1177 1241 1178 1242 1180 1244 1179 1240 1178 1242 1182 1246 1183 1243 1181 1245 1183 1243 1182 1246 1181 1245 1176 1239 1177 1241 1187 1248 1189 1252 1188 1249 1191 1251 1192 1255 1189 1252 1190 1253 1192 1255 1191 1251 1190 1253 1194 1257 1195 1254 1193 1256 1195 1254 1194 1257 1193 1256 1188 1249 1189 1252 1199 1258 1201 1261 1200 1259 1203 1260 1204 1264 1201 1261 1202 1262 1204 1264 1203 1260 1206 1263 1207 1267 1204 1264 1205 1265 1207 1267 1206 1263 1205 1265 1200 1259 1201 1261 1112 1189 1116 1188 1139 1208 1116 1188 1121 1195 1143 1214 1121 1195 1114 1183 1137 1182 1124 1199 1128 1198 1118 1192 1128 1198 1133 1206 1122 1196 1133 1206 1126 1181 1114 1183 1148 1178 1152 1219 1130 1202 1152 1219 1157 1225 1134 1205 1157 1225 1150 1227 1126 1181 1138 1186 1146 1215 1154 1222 1146 1215 1142 1213 1158 1226 1142 1213 1137 1182 1150 1227 1184 1250 1136 1210 1140 1209 1140 1209 1145 1216 1191 1251 1145 1216 1138 1186 1185 1185 1148 1178 1196 1180 1200 1259 1200 1259 1205 1265 1155 1220 1205 1265 1198 1266 1149 1184 1186 1177 1194 1257 1202 1262 1194 1257 1190 1253 1206 1263 1190 1253 1185 1185 1198 1266 1184 1250 1188 1249 1163 1228 1188 1249 1193 1256 1167 1231 1193 1256 1186 1177 1161 1176 1172 1179 1176 1239 1199 1258 1176 1239 1181 1245 1203 1260 1181 1245 1174 1247 1197 1175 1162 1174 1170 1234 1178 1242 1170 1234 1166 1233 1182 1246 1166 1233 1161 1176 1174 1247 1112 1189 1160 1230 1164 1229 1164 1229 1169 1236 1119 1190 1169 1236 1162 1174 1113 1173 1125 1204 1131 1203 1175 1238 1131 1203 1127 1197 1179 1240 1127 1197 1124 1199 1173 1172 1184 1250 1160 1230 1112 1189 1269 1268 1220 1293 1209 1269 1293 1271 1270 1340 1257 1272 1244 893 1221 917 1268 804 1222 1275 1246 1320 1233 1276 1245 1278 1294 1359 1281 1279 1211 1281 1213 1285 1212 1282 1215 1284 1216 1288 1213 1285 1214 1286 1216 1288 1215 1284 1214 1286 1218 1290 1219 1287 1217 1289 1219 1287 1218 1290 1212 1282 1213 1285 1219 1287 1223 1291 1225 1295 1224 1292 1223 1291 1227 1297 1228 1294 1226 1296 1228 1294 1227 1297 1226 1296 1230 1300 1231 1298 1229 1299 1231 1298 1230 1300 1224 1292 1225 1295 1231 1298 1235 1301 1237 1305 1236 1302 1239 1304 1240 1308 1237 1305 1238 1306 1240 1308 1239 1304 1242 1307 1243 1310 1240 1308 1241 1309 1243 1310 1242 1307 1241 1309 1236 1302 1237 1305 1247 1311 1249 1314 1248 1312 1251 1313 1252 1317 1249 1314 1250 1315 1252 1317 1251 1313 1250 1315 1254 1319 1255 1316 1253 1318 1255 1316 1254 1319 1248 1312 1249 1314 1255 1316 1259 1321 1261 1325 1260 1322 1263 1324 1264 1328 1261 1325 1262 1326 1264 1328 1263 1324 1266 1327 1267 1330 1264 1328 1265 1329 1267 1330 1266 1327 1265 1329 1260 1322 1261 1325 1271 1331 1273 1334 1272 1332 1275 1333 1276 1337 1273 1334 1274 1335 1276 1337 1275 1333 1274 1335 1278 1339 1279 1336 1277 1338 1279 1336 1278 1339 1272 1332 1273 1334 1279 1336 1283 1341 1285 1345 1284 1342 1287 1344 1288 1348 1285 1345 1286 1346 1288 1348 1287 1344 1286 1346 1290 1350 1291 1347 1289 1349 1291 1347 1290 1350 1284 1342 1285 1345 1291 1347 1295 1351 1297 1354 1296 1352 1299 1353 1300 1357 1297 1354 1298 1355 1300 1357 1299 1353 1302 1356 1303 1360 1300 1357 1301 1358 1303 1360 1302 1356 1301 1358 1296 1352 1297 1354 1208 1283 1212 1282 1235 1301 1212 1282 1217 1289 1239 1304 1217 1289 1210 1277 1233 1276 1220 1293 1224 1292 1214 1286 1224 1292 1229 1299 1218 1290 1229 1299 1222 1275 1210 1277 1244 893 1248 1312 1226 1296 1248 1312 1253 1318 1230 1300 1253 1318 1246 1320 1222 1275 1245 1278 1234 1280 1242 1307 1250 1315 1242 1307 1238 1306 1254 1319 1238 1306 1233 1276 1232 1303 1236 1302 1283 1341 1236 1302 1241 1309 1287 1344 1241 1309 1234 1280 1281 1279 1292 1274 1296 1352 1247 1311 1296 1352 1301 1358 1251 1313 1301 1358 1294 1359 1245 1278 1293 1271 1282 1273 1290 1350 1298 1355 1290 1350 1286 1346 1302 1356 1286 1346 1281 1279 1280 1343 1284 1342 1259 1321 1284 1342 1289 1349 1263 1324 1289 1349 1282 1273 1257 1272 1268 804 1272 1332 1295 1351 1272 1332 1277 1338 1299 1353 1277 1338 1270 1340 1293 1271 1269 1268 1258 1270 1266 1327 1274 1335 1266 1327 1262 1326 1278 1339 1262 1326 1257 1272 1256 1323 1260 1322 1211 1281 1260 1322 1265 1329 1215 1284 1265 1329 1258 1270 1209 1269 1221 917 1227 1297 1271 1331 1227 1297 1223 1291 1275 1333 1223 1291 1220 1293 1269 1268 1280 1343 1256 1323 1208 1283 1365 1361 1316 1377 1305 1362 1389 800 1366 1418 1353 801 1340 622 1317 646 1364 713 1318 806 1342 1399 1329 807 1341 1366 1390 1433 1377 1367 1307 1369 1309 1372 1308 1370 1311 1371 1312 817 1309 1372 1310 1373 1312 817 1311 1371 1310 1373 1314 1376 1315 1374 1313 1375 1315 1374 1314 1376 1313 1375 1308 1370 1309 1372 1319 820 1321 823 1320 821 1319 820 1323 1380 1324 1378 1322 1379 1324 1378 1323 1380 1326 1381 1327 1383 1324 1378 1325 1382 1327 1383 1326 1381 1320 821 1321 823 1327 1383 1331 1384 1333 1387 1332 1385 1331 1384 1335 1389 1336 1386 1334 1388 1336 1386 1335 1389 1338 1390 1339 1392 1336 1386 1337 1391 1339 1392 1338 1390 1337 1391 1332 1385 1333 1387 1343 1393 1345 1395 1344 1394 1347 842 1348 846 1345 1395 1346 1396 1348 846 1347 842 1350 1397 1351 1400 1348 846 1349 1398 1351 1400 1350 1397 1349 1398 1344 1394 1345 1395 1355 1401 1357 1404 1356 1402 1355 1401 1359 1406 1360 1403 1358 1405 1360 1403 1359 1406 1362 1407 1363 768 1360 1403 1361 1408 1363 768 1362 1407 1361 1408 1356 1402 1357 1404 1367 1409 1369 1412 1368 1410 1371 1411 1372 1415 1369 1412 1370 1413 1372 1415 1371 1411 1370 1413 1374 1417 1375 1414 1373 1416 1375 1414 1374 1417 1373 1416 1368 1410 1369 1412 1379 1419 1381 1421 1380 780 1383 1420 1384 1424 1381 1421 1382 1422 1384 1424 1383 1420 1386 1423 1387 1426 1384 1424 1385 1425 1387 1426 1386 1423 1385 1425 1380 780 1381 1421 1391 1427 1393 1429 1392 1428 1391 1427 1395 883 1396 880 1394 1430 1396 880 1395 883 1398 1431 1399 796 1396 880 1397 1432 1399 796 1398 1431 1397 1432 1392 1428 1393 1429 1304 631 1308 1370 1331 1384 1308 1370 1313 1375 1335 1389 1313 1375 1306 1365 1329 807 1316 1377 1320 821 1310 1373 1320 821 1325 1382 1314 1376 1325 1382 1318 806 1306 1365 1340 622 1344 1394 1322 1379 1344 1394 1349 1398 1326 1381 1349 1398 1342 1399 1318 806 1330 1368 1338 1390 1346 1396 1338 1390 1334 1388 1350 1397 1334 1388 1329 807 1342 1399 1328 652 1332 1385 1379 1419 1332 1385 1337 1391 1383 1420 1337 1391 1330 1368 1377 1367 1388 714 1392 1428 1343 1393 1392 1428 1397 1432 1347 842 1397 1432 1390 1433 1341 1366 1378 1364 1386 1423 1394 1430 1386 1423 1382 1422 1398 1431 1382 1422 1377 1367 1390 1433 1376 692 1380 780 1355 1401 1380 780 1385 1425 1359 1406 1385 1425 1378 1364 1353 801 1364 713 1368 1410 1391 1427 1368 1410 1373 1416 1395 883 1373 1416 1366 1418 1389 800 1354 1363 1362 1407 1370 1413 1362 1407 1358 1405 1374 1417 1358 1405 1353 801 1366 1418 1352 672 1356 1402 1307 1369 1356 1402 1361 1408 1311 1371 1361 1408 1354 1363 1305 1362 1317 646 1323 1380 1367 1409 1323 1380 1319 820 1371 1411 1319 820 1316 1377 1365 1361 1376 692 1352 672 1304 631 1461 616 1412 1377 1401 1362 1485 455 1462 513 1449 456 1436 622 1413 646 1460 713 1414 806 1438 848 1425 807 1437 1366 1486 708 1473 627 1403 1434 1405 1437 1404 1435 1407 1436 1408 1440 1405 1437 1406 1438 1408 1440 1407 1436 1406 1438 1410 1442 1411 1439 1409 1441 1411 1439 1410 1442 1409 1441 1404 1435 1405 1437 1415 1443 1417 1446 1416 1444 1415 1443 1419 1448 1420 1445 1418 1447 1420 1445 1419 1448 1422 1449 1423 1451 1420 1445 1421 1450 1423 1451 1422 1449 1416 1444 1417 1446 1423 1451 1427 1452 1429 1455 1428 1453 1427 1452 1431 1457 1432 1454 1430 1456 1432 1454 1431 1457 1434 1458 1435 1460 1432 1454 1433 1459 1435 1460 1434 1458 1433 1459 1428 1453 1429 1455 1439 1461 1441 1464 1440 1462 1443 1463 1444 1467 1441 1464 1442 1465 1444 1467 1443 1463 1446 1466 1447 1469 1444 1467 1445 1468 1447 1469 1446 1466 1445 1468 1440 1462 1441 1464 1451 1470 1453 1473 1452 1471 1451 1470 1455 1475 1456 1472 1454 1474 1456 1472 1455 1475 1458 1476 1459 679 1456 1472 1457 1477 1459 679 1458 1476 1457 1477 1452 1471 1453 1473 1463 1478 1465 1481 1464 1479 1467 1480 1468 1484 1465 1481 1466 1482 1468 1484 1467 1480 1466 1482 1470 1486 1471 1483 1469 1485 1471 1483 1470 1486 1469 1485 1464 1479 1465 1481 1475 1487 1477 1490 1476 1488 1479 1489 1480 1493 1477 1490 1478 1491 1480 1493 1479 1489 1482 1492 1483 1495 1480 1493 1481 1494 1483 1495 1482 1492 1481 1494 1476 1488 1477 1490 1487 1496 1489 1499 1488 1497 1487 1496 1491 1501 1492 1498 1490 1500 1492 1498 1491 1501 1494 1502 1495 709 1492 1498 1493 1503 1495 709 1494 1502 1493 1503 1488 1497 1489 1499 1400 631 1404 1435 1427 1452 1404 1435 1409 1441 1431 1457 1409 1441 1402 808 1425 807 1412 1377 1416 1444 1406 1438 1416 1444 1421 1450 1410 1442 1421 1450 1414 806 1402 808 1436 622 1440 1462 1418 1447 1440 1462 1445 1468 1422 1449 1445 1468 1438 848 1414 806 1426 1368 1434 1458 1442 1465 1434 1458 1430 1456 1446 1466 1430 1456 1425 807 1438 848 1424 652 1428 1453 1475 1487 1428 1453 1433 1459 1479 1489 1433 1459 1426 1368 1473 627 1484 714 1488 1497 1439 1461 1488 1497 1493 1503 1443 1463 1493 1503 1486 708 1437 1366 1474 457 1482 1492 1490 1500 1482 1492 1478 1491 1494 1502 1478 1491 1473 627 1486 708 1472 692 1476 1488 1451 1470 1476 1488 1481 1494 1455 1475 1481 1494 1474 457 1449 456 1460 713 1464 1479 1487 1496 1464 1479 1469 1485 1491 1501 1469 1485 1462 513 1485 455 1450 618 1458 1476 1466 1482 1458 1476 1454 1474 1470 1486 1454 1474 1449 456 1462 513 1448 672 1452 1471 1403 1434 1452 1471 1457 1477 1407 1436 1457 1477 1450 618 1401 1362 1413 646 1419 1448 1463 1478 1419 1448 1415 1443 1467 1480 1415 1443 1412 1377 1461 616 1472 692 1448 672 1400 631 1557 1504 1508 641 1497 617 1581 619 1558 689 1545 620 1532 1506 1509 1518 1556 623 1510 537 1534 580 1521 538 1533 626 1582 1574 1569 1507 1499 629 1501 1509 1500 630 1503 1508 1504 1511 1501 1509 1502 1510 1504 1511 1503 1508 1502 1510 1506 1513 1507 1439 1505 1512 1507 1439 1506 1513 1505 1512 1500 630 1501 1509 1511 1514 1513 1446 1512 1444 1511 1514 1515 1517 1516 1515 1514 1516 1516 1515 1515 1517 1518 1519 1519 1521 1516 1515 1517 1520 1519 1521 1518 1519 1512 1444 1513 1446 1519 1521 1523 1522 1525 1525 1524 1523 1523 1522 1527 1527 1528 1524 1526 1526 1528 1524 1527 1527 1530 1458 1531 1460 1528 1524 1529 1528 1531 1460 1530 1458 1529 1528 1524 1523 1525 1525 1535 1529 1537 1532 1536 1530 1539 1531 1540 1535 1537 1532 1538 1533 1540 1535 1539 1531 1542 1534 1543 1469 1540 1535 1541 1536 1543 1469 1542 1534 1541 1536 1536 1530 1537 1532 1547 1537 1549 1541 1548 1538 1547 1537 1551 1543 1552 1540 1550 1542 1552 1540 1551 1543 1554 1544 1555 1546 1552 1540 1553 1545 1555 1546 1554 1544 1553 1545 1548 1538 1549 1541 1559 1547 1561 1550 1560 1548 1563 1549 1564 1553 1561 1550 1562 1551 1564 1553 1563 1549 1562 1551 1566 1555 1567 1552 1565 1554 1567 1552 1566 1555 1560 1548 1561 1550 1567 1552 1571 1556 1573 1560 1572 1557 1575 1559 1576 1563 1573 1560 1574 1561 1576 1563 1575 1559 1574 1561 1578 1565 1579 1562 1577 1564 1579 1562 1578 1565 1572 1557 1573 1560 1579 1562 1583 1566 1585 1569 1584 1567 1583 1566 1587 1571 1588 1568 1586 1570 1588 1568 1587 1571 1590 1572 1591 1575 1588 1568 1589 1573 1591 1575 1590 1572 1589 1573 1584 1567 1585 1569 1496 631 1500 630 1523 1522 1500 630 1505 1512 1527 1527 1505 1512 1498 539 1521 538 1508 641 1512 1444 1502 1510 1512 1444 1517 1520 1506 1513 1517 1520 1510 537 1498 539 1532 1506 1536 1530 1514 1516 1536 1530 1541 1536 1518 1519 1541 1536 1534 580 1510 537 1522 628 1530 1458 1538 1533 1530 1458 1526 1526 1542 1534 1526 1526 1521 538 1534 580 1520 652 1524 1523 1571 1556 1524 1523 1529 1528 1575 1559 1529 1528 1522 628 1569 1507 1580 624 1584 1567 1535 1529 1584 1567 1589 1573 1539 1531 1589 1573 1582 1574 1533 626 1570 621 1578 1565 1586 1570 1578 1565 1574 1561 1590 1572 1574 1561 1569 1507 1582 1574 1568 1558 1572 1557 1547 1537 1572 1557 1577 1564 1551 1543 1577 1564 1570 621 1545 620 1556 623 1560 1548 1583 1566 1560 1548 1565 1554 1587 1571 1565 1554 1558 689 1581 619 1546 1505 1554 1544 1562 1551 1554 1544 1550 1542 1566 1555 1550 1542 1545 620 1558 689 1544 1539 1548 1538 1499 629 1548 1538 1553 1545 1503 1508 1553 1545 1546 1505 1497 617 1509 1518 1515 1517 1559 1547 1515 1517 1511 1514 1563 1549 1511 1514 1508 641 1557 1504 1568 1558 1544 1539 1496 631 1653 1576 1604 1591 1593 1577 1677 455 1654 1612 1641 456 1628 534 1605 559 1652 535 1606 537 1630 668 1617 538 1629 1580 1678 1624 1665 1581 1595 1583 1597 1586 1596 1584 1599 1585 1600 550 1597 1586 1598 1587 1600 550 1599 1585 1602 1588 1603 552 1600 550 1601 1589 1603 552 1602 1588 1601 1589 1596 1584 1597 1586 1607 553 1609 556 1608 1590 1607 553 1611 558 1612 555 1610 557 1612 555 1611 558 1614 560 1615 562 1612 555 1613 1592 1615 562 1614 560 1613 1592 1608 1590 1609 556 1619 1593 1621 1596 1620 1594 1623 1595 1624 569 1621 1596 1622 1597 1624 569 1623 1595 1626 1598 1627 571 1624 569 1625 1599 1627 571 1626 1598 1625 1599 1620 1594 1621 1596 1631 572 1633 575 1632 573 1635 574 1636 578 1633 575 1634 1600 1636 578 1635 574 1638 1601 1639 581 1636 578 1637 579 1639 581 1638 1601 1637 579 1632 573 1633 575 1643 1602 1645 1605 1644 1603 1647 1604 1648 1608 1645 1605 1646 1606 1648 1608 1647 1604 1650 1607 1651 590 1648 1608 1649 1609 1651 590 1650 1607 1649 1609 1644 1603 1645 1605 1655 591 1657 594 1656 592 1659 593 1660 596 1657 594 1658 1610 1660 596 1659 593 1662 1611 1663 598 1660 596 1661 597 1663 598 1662 1611 1661 597 1656 592 1657 594 1667 1613 1669 1616 1668 1614 1671 1615 1672 605 1669 1616 1670 1617 1672 605 1671 1615 1674 1618 1675 607 1672 605 1673 1619 1675 607 1674 1618 1673 1619 1668 1614 1669 1616 1679 608 1681 611 1680 609 1683 1620 1684 1623 1681 611 1682 1621 1684 1623 1683 1620 1686 1622 1687 615 1684 1623 1685 614 1687 615 1686 1622 1685 614 1680 609 1681 611 1592 545 1596 1584 1619 1593 1596 1584 1601 1589 1623 1595 1601 1589 1594 625 1617 538 1604 1591 1608 1590 1598 1587 1608 1590 1613 1592 1602 1588 1613 1592 1606 537 1594 625 1628 534 1632 573 1610 557 1632 573 1637 579 1614 560 1637 579 1630 668 1606 537 1618 1582 1626 1598 1634 1600 1626 1598 1622 1597 1638 1601 1622 1597 1617 538 1630 668 1616 565 1620 1594 1667 1613 1620 1594 1625 1599 1671 1615 1625 1599 1618 1582 1665 1581 1676 536 1680 609 1631 572 1680 609 1685 614 1635 574 1685 614 1678 1624 1629 1580 1666 1579 1674 1618 1682 1621 1674 1618 1670 1617 1686 1622 1670 1617 1665 1581 1678 1624 1664 601 1668 1614 1643 1602 1668 1614 1673 1619 1647 1604 1673 1619 1666 1579 1641 456 1652 535 1656 592 1679 608 1656 592 1661 597 1683 1620 1661 597 1654 1612 1677 455 1642 1578 1650 1607 1658 1610 1650 1607 1646 1606 1662 1611 1646 1606 1641 456 1654 1612 1640 584 1644 1603 1595 1583 1644 1603 1649 1609 1599 1585 1649 1609 1642 1578 1593 1577 1605 559 1611 558 1655 591 1611 558 1607 553 1659 593 1607 553 1604 1591 1653 1576 1664 601 1640 584 1592 545 1749 264 1700 1643 1689 1625 1773 363 1750 1679 1737 364 1724 270 1701 296 1748 458 1702 1628 1726 1664 1713 1629 1725 276 1774 1695 1761 277 1691 1632 1693 1636 1692 1633 1695 1635 1696 1639 1693 1636 1694 1637 1696 1639 1695 1635 1698 1638 1699 1641 1696 1639 1697 1640 1699 1641 1698 1638 1697 1640 1692 1633 1693 1636 1703 1642 1705 1645 1704 1590 1703 1642 1707 477 1708 1644 1706 476 1708 1644 1707 477 1710 1646 1711 1648 1708 1644 1709 1647 1711 1648 1710 1646 1709 1647 1704 1590 1705 1645 1715 1649 1717 1653 1716 1650 1719 1652 1720 1655 1717 1653 1718 1654 1720 1655 1719 1652 1722 1598 1723 1657 1720 1655 1721 1656 1723 1657 1722 1598 1721 1656 1716 1650 1717 1653 1727 488 1729 1659 1728 489 1731 1658 1732 1662 1729 1659 1730 1660 1732 1662 1731 1658 1734 1661 1735 1665 1732 1662 1733 1663 1735 1665 1734 1661 1733 1663 1728 489 1729 1659 1739 1666 1741 499 1740 1667 1743 1669 1744 1672 1741 499 1742 1670 1744 1672 1743 1669 1746 1671 1747 1674 1744 1672 1745 1673 1747 1674 1746 1671 1745 1673 1740 1667 1741 499 1751 505 1753 426 1752 424 1755 1675 1756 1678 1753 426 1754 1676 1756 1678 1755 1675 1758 1677 1759 1680 1756 1678 1757 430 1759 1680 1758 1677 1757 430 1752 424 1753 426 1763 1681 1765 517 1764 1682 1767 1684 1768 1687 1765 517 1766 1685 1768 1687 1767 1684 1770 1686 1771 1689 1768 1687 1769 1688 1771 1689 1770 1686 1769 1688 1764 1682 1765 517 1775 442 1777 445 1776 524 1779 1690 1780 1693 1777 445 1778 1691 1780 1693 1779 1690 1782 1692 1783 1696 1780 1693 1781 1694 1783 1696 1782 1692 1781 1694 1776 524 1777 445 1688 1634 1692 1633 1715 1649 1692 1633 1697 1640 1719 1652 1697 1640 1690 1630 1713 1629 1700 1643 1704 1590 1694 1637 1704 1590 1709 1647 1698 1638 1709 1647 1702 1628 1690 1630 1724 270 1728 489 1706 476 1728 489 1733 1663 1710 1646 1733 1663 1726 1664 1702 1628 1714 1631 1722 1598 1730 1660 1722 1598 1718 1654 1734 1661 1718 1654 1713 1629 1726 1664 1712 1651 1716 1650 1763 1681 1716 1650 1721 1656 1767 1684 1721 1656 1714 1631 1761 277 1772 459 1776 524 1727 488 1776 524 1781 1694 1731 1658 1781 1694 1774 1695 1725 276 1762 1627 1770 1686 1778 1691 1770 1686 1766 1685 1782 1692 1766 1685 1761 277 1774 1695 1760 1683 1764 1682 1739 1666 1764 1682 1769 1688 1743 1669 1769 1688 1762 1627 1737 364 1748 458 1752 424 1775 442 1752 424 1757 430 1779 1690 1757 430 1750 1679 1773 363 1738 1626 1746 1671 1754 1676 1746 1671 1742 1670 1758 1677 1742 1670 1737 364 1750 1679 1736 1668 1740 1667 1691 1632 1740 1667 1745 1673 1695 1635 1745 1673 1738 1626 1689 1625 1701 296 1707 477 1751 505 1707 477 1703 1642 1755 1675 1703 1642 1700 1643 1749 264 1760 1683 1736 1668 1688 1634 1845 1697 1796 1717 1785 1698 1869 1700 1846 1758 1833 1701 1820 270 1797 296 1844 271 1798 460 1822 495 1809 461 1821 1703 1870 1774 1857 1704 1787 1706 1789 1709 1788 1707 1791 1708 1792 1712 1789 1709 1790 1710 1792 1712 1791 1708 1794 1711 1795 1714 1792 1712 1793 1713 1795 1714 1794 1711 1793 1713 1788 1707 1789 1709 1799 1715 1801 1719 1800 1716 1799 1715 1803 1721 1804 1718 1802 1720 1804 1718 1803 1721 1806 1722 1807 1724 1804 1718 1805 1723 1807 1724 1806 1722 1805 1723 1800 1716 1801 1719 1811 1725 1813 1728 1812 1726 1815 1727 1816 1731 1813 1728 1814 1729 1816 1731 1815 1727 1818 1730 1819 1733 1816 1731 1817 1732 1819 1733 1818 1730 1817 1732 1812 1726 1813 1728 1823 1734 1825 1737 1824 1735 1827 1736 1828 1740 1825 1737 1826 1738 1828 1740 1827 1736 1830 1739 1831 1742 1828 1740 1829 1741 1831 1742 1830 1739 1829 1741 1824 1735 1825 1737 1835 1743 1837 1746 1836 1744 1839 1745 1840 1749 1837 1746 1838 1747 1840 1749 1839 1745 1842 1748 1843 1751 1840 1749 1841 1750 1843 1751 1842 1748 1841 1750 1836 1744 1837 1746 1847 330 1849 1753 1848 331 1851 1752 1852 1756 1849 1753 1850 1754 1852 1756 1851 1752 1854 1755 1855 1759 1852 1756 1853 1757 1855 1759 1854 1755 1853 1757 1848 331 1849 1753 1859 1681 1861 1762 1860 1760 1863 1761 1864 1765 1861 1762 1862 1763 1864 1765 1863 1761 1866 1764 1867 1767 1864 1765 1865 1766 1867 1767 1866 1764 1865 1766 1860 1760 1861 1762 1871 350 1873 1769 1872 351 1875 1768 1876 1772 1873 1769 1874 1770 1876 1772 1875 1768 1878 1771 1879 1775 1876 1772 1877 1773 1879 1775 1878 1771 1877 1773 1872 351 1873 1769 1784 1634 1788 1707 1811 1725 1788 1707 1793 1713 1815 1727 1793 1713 1786 462 1809 461 1796 1717 1800 1716 1790 1710 1800 1716 1805 1723 1794 1711 1805 1723 1798 460 1786 462 1820 270 1824 1735 1802 1720 1824 1735 1829 1741 1806 1722 1829 1741 1822 495 1798 460 1810 1705 1818 1730 1826 1738 1818 1730 1814 1729 1830 1739 1814 1729 1809 461 1822 495 1808 1651 1812 1726 1859 1681 1812 1726 1817 1732 1863 1761 1817 1732 1810 1705 1857 1704 1868 272 1872 351 1823 1734 1872 351 1877 1773 1827 1736 1877 1773 1870 1774 1821 1703 1858 1702 1866 1764 1874 1770 1866 1764 1862 1763 1878 1771 1862 1763 1857 1704 1870 1774 1856 1683 1860 1760 1835 1743 1860 1760 1865 1766 1839 1745 1865 1766 1858 1702 1833 1701 1844 271 1848 331 1871 350 1848 331 1853 1757 1875 1768 1853 1757 1846 1758 1869 1700 1834 1699 1842 1748 1850 1754 1842 1748 1838 1747 1854 1755 1838 1747 1833 1701 1846 1758 1832 1668 1836 1744 1787 1706 1836 1744 1841 1750 1791 1708 1841 1750 1834 1699 1785 1698 1797 296 1803 1721 1847 330 1803 1721 1799 1715 1851 1752 1799 1715 1796 1717 1845 1697 1856 1683 1832 1668 1784 1634 1941 1776 1892 1803 1881 1777 1965 1779 1942 1852 1929 1780 1916 1782 1893 1808 1940 1783 1894 1785 1918 1831 1905 1786 1906 1788 1917 1827 1966 1789 1883 1791 1885 1795 1884 1792 1887 1794 1888 1798 1885 1795 1886 1796 1888 1798 1887 1794 1886 1796 1890 1800 1891 1797 1889 1799 1891 1797 1890 1800 1884 1792 1885 1795 1891 1797 1895 1801 1897 1805 1896 1802 1895 1801 1899 1807 1900 1804 1898 1806 1900 1804 1899 1807 1902 1809 1903 1811 1900 1804 1901 1810 1903 1811 1902 1809 1896 1802 1897 1805 1903 1811 1907 1812 1909 1816 1908 1813 1907 1812 1911 1818 1912 1815 1910 1817 1912 1815 1911 1818 1910 1817 1914 1821 1915 1819 1913 1820 1915 1819 1914 1821 1908 1813 1909 1816 1915 1819 1919 1822 1921 1825 1920 1823 1923 1824 1924 1829 1921 1825 1922 1826 1924 1829 1923 1824 1926 1828 1927 1832 1924 1829 1925 1830 1927 1832 1926 1828 1925 1830 1920 1823 1921 1825 1931 1833 1933 1837 1932 1834 1935 1836 1936 1840 1933 1837 1934 1838 1936 1840 1935 1836 1938 1839 1939 1842 1936 1840 1937 1841 1939 1842 1938 1839 1937 1841 1932 1834 1933 1837 1943 1843 1945 1846 1944 1844 1947 1845 1948 1849 1945 1846 1946 1847 1948 1849 1947 1845 1946 1847 1950 1851 1951 1848 1949 1850 1951 1848 1950 1851 1944 1844 1945 1846 1951 1848 1955 1853 1957 1857 1956 1854 1959 1856 1960 1860 1957 1857 1958 1858 1960 1860 1959 1856 1962 1859 1963 1862 1960 1860 1961 1861 1963 1862 1962 1859 1961 1861 1956 1854 1957 1857 1967 1863 1969 1866 1968 1864 1967 1863 1971 1868 1972 1865 1970 1867 1972 1865 1971 1868 1974 1869 1975 1871 1972 1865 1973 1870 1975 1871 1974 1869 1968 1864 1969 1866 1975 1871 1880 1793 1884 1792 1907 1812 1884 1792 1889 1799 1911 1818 1889 1799 1882 1787 1905 1786 1892 1803 1896 1802 1886 1796 1896 1802 1901 1810 1890 1800 1890 1800 1901 1810 1894 1785 1916 1782 1920 1823 1898 1806 1920 1823 1925 1830 1902 1809 1925 1830 1918 1831 1894 1785 1917 1827 1906 1788 1914 1821 1922 1826 1914 1821 1910 1817 1910 1817 1905 1786 1918 1831 1952 1855 1904 1814 1908 1813 1955 1853 1908 1813 1913 1820 1959 1856 1913 1820 1906 1788 1916 1782 1964 1784 1968 1864 1919 1822 1968 1864 1973 1870 1923 1824 1973 1870 1966 1789 1954 1781 1962 1859 1970 1867 1970 1867 1962 1859 1958 1858 1974 1869 1958 1858 1953 1790 1952 1855 1956 1854 1931 1833 1956 1854 1961 1861 1935 1836 1961 1861 1954 1781 1929 1780 1940 1783 1944 1844 1967 1863 1944 1844 1949 1850 1971 1868 1949 1850 1942 1852 1965 1779 1930 1778 1938 1839 1946 1847 1938 1839 1934 1838 1950 1851 1950 1851 1934 1838 1929 1780 1928 1835 1932 1834 1883 1791 1932 1834 1937 1841 1887 1794 1937 1841 1930 1778 1881 1777 1893 1808 1899 1807 1943 1843 1899 1807 1895 1801 1947 1845 1895 1801 1892 1803 1941 1776 1952 1855 1928 1835 1880 1793 2037 1872 1988 1899 1977 1873 2061 1875 2038 1947 2025 1876 2012 1878 1989 1904 2036 1879 1990 1881 2014 1928 2001 1882 2002 1884 2013 1923 2062 1885 1979 1887 1981 1891 1980 1888 1983 1890 1984 1894 1981 1891 1982 1892 1984 1894 1983 1890 1986 1893 1987 1896 1984 1894 1985 1895 1987 1896 1986 1893 1980 1888 1981 1891 1987 1896 1991 1897 1993 1901 1992 1898 1991 1897 1995 1903 1996 1900 1994 1902 1996 1900 1995 1903 1998 1905 1999 1907 1996 1900 1997 1906 1999 1907 1998 1905 1992 1898 1993 1901 1999 1907 2003 1908 2005 1912 2004 1909 2003 1908 2007 1914 2008 1911 2006 1913 2008 1911 2007 1914 2006 1913 2010 1917 2011 1915 2009 1916 2011 1915 2010 1917 2009 1916 2004 1909 2005 1912 2015 1918 2017 1921 2016 1919 2019 1920 2020 1925 2017 1921 2018 1922 2020 1925 2019 1920 2018 1922 2022 1927 2023 1924 2021 1926 2023 1924 2022 1927 2021 1926 2016 1919 2017 1921 2027 1929 2029 1933 2028 1930 2031 1932 2032 1936 2029 1933 2030 1934 2032 1936 2031 1932 2034 1935 2035 1938 2032 1936 2033 1937 2035 1938 2034 1935 2033 1937 2028 1930 2029 1933 2039 1939 2041 1942 2040 1940 2043 1941 2044 1945 2041 1942 2042 1943 2044 1945 2043 1941 2046 1944 2047 1948 2044 1945 2045 1946 2047 1948 2046 1944 2040 1940 2041 1942 2047 1948 2051 1949 2053 1953 2052 1950 2055 1952 2056 1956 2053 1953 2054 1954 2056 1956 2055 1952 2054 1954 2058 1958 2059 1955 2057 1957 2059 1955 2058 1958 2057 1957 2052 1950 2053 1953 2063 1959 2065 1962 2064 1960 2063 1959 2067 1964 2068 1961 2066 1963 2068 1961 2067 1964 2066 1963 2070 1967 2071 1965 2069 1966 2071 1965 2070 1967 2069 1966 2064 1960 2065 1962 1976 1889 1980 1888 2003 1908 1980 1888 1985 1895 2007 1914 1985 1895 1978 1883 2001 1882 1988 1899 1992 1898 1982 1892 1982 1892 1992 1898 1997 1906 1997 1906 1990 1881 1978 1883 2012 1878 2016 1919 1994 1902 2016 1919 2021 1926 1998 1905 2021 1926 2014 1928 1990 1881 2013 1923 2002 1884 2010 1917 2010 1917 2006 1913 2022 1927 2022 1927 2006 1913 2001 1882 2048 1951 2000 1910 2004 1909 2004 1909 2009 1916 2055 1952 2055 1952 2009 1916 2002 1884 2012 1878 2060 1880 2064 1960 2015 1918 2064 1960 2069 1966 2019 1920 2069 1966 2062 1885 2061 1875 2050 1877 2058 1958 2058 1958 2054 1954 2070 1967 2070 1967 2054 1954 2049 1886 2048 1951 2052 1950 2027 1929 2052 1950 2057 1957 2031 1932 2057 1957 2050 1877 2025 1876 2036 1879 2040 1940 2063 1959 2040 1940 2045 1946 2067 1964 2045 1946 2038 1947 2061 1875 2026 1874 2034 1935 2042 1943 2042 1943 2034 1935 2030 1934 2030 1934 2025 1876 2038 1947 2024 1931 2028 1930 1979 1887 1979 1887 2028 1930 2033 1937 2033 1937 2026 1874 1977 1873 1989 1904 1995 1903 2039 1939 2039 1939 1995 1903 1991 1897 1991 1897 1988 1899 2037 1872 2048 1951 2024 1931 1976 1889 2133 1968 2084 1995 2073 1969 2157 1971 2134 2044 2121 1972 2108 1974 2085 2000 2132 1975 2086 1977 2110 2024 2097 1978 2098 1980 2109 2020 2158 1981 2075 1983 2077 1987 2076 1984 2075 1983 2079 1989 2080 1986 2078 1988 2080 1986 2079 1989 2078 1988 2082 1992 2083 1990 2081 1991 2083 1990 2082 1992 2076 1984 2077 1987 2083 1990 2087 1993 2089 1997 2088 1994 2087 1993 2091 1999 2092 1996 2090 1998 2092 1996 2091 1999 2090 1998 2094 2003 2095 2001 2093 2002 2095 2001 2094 2003 2088 1994 2089 1997 2095 2001 2099 2004 2101 2008 2100 2005 2099 2004 2103 2010 2104 2007 2102 2009 2104 2007 2103 2010 2106 2011 2107 2013 2104 2007 2105 2012 2107 2013 2106 2011 2100 2005 2101 2008 2107 2013 2111 2014 2113 2017 2112 2015 2111 2014 2115 2019 2116 2016 2114 2018 2116 2016 2115 2019 2114 2018 2118 2023 2119 2021 2117 2022 2119 2021 2118 2023 2112 2015 2113 2017 2119 2021 2123 2025 2125 2029 2124 2026 2123 2025 2127 2031 2128 2028 2126 2030 2128 2028 2127 2031 2130 2032 2131 2034 2128 2028 2129 2033 2131 2034 2130 2032 2129 2033 2124 2026 2125 2029 2135 2035 2137 2038 2136 2036 2135 2035 2139 2040 2140 2037 2138 2039 2140 2037 2139 2040 2138 2039 2142 2043 2143 2041 2141 2042 2143 2041 2142 2043 2136 2036 2137 2038 2143 2041 2147 2045 2149 2049 2148 2046 2147 2045 2151 2051 2152 2048 2150 2050 2152 2048 2151 2051 2150 2050 2154 2054 2155 2052 2153 2053 2155 2052 2154 2054 2148 2046 2149 2049 2155 2052 2159 2055 2161 2058 2160 2056 2159 2055 2163 2060 2164 2057 2162 2059 2164 2057 2163 2060 2166 2061 2167 2063 2164 2057 2165 2062 2167 2063 2166 2061 2160 2056 2161 2058 2167 2063 2072 1985 2076 1984 2099 2004 2076 1984 2081 1991 2103 2010 2081 1991 2074 1979 2097 1978 2073 1969 2084 1995 2088 1994 2078 1988 2088 1994 2093 2002 2093 2002 2086 1977 2074 1979 2108 1974 2112 2015 2090 1998 2112 2015 2117 2022 2094 2003 2117 2022 2110 2024 2086 1977 2098 1980 2106 2011 2114 2018 2106 2011 2102 2009 2118 2023 2118 2023 2102 2009 2097 1978 2144 2047 2096 2006 2100 2005 2100 2005 2105 2012 2151 2051 2105 2012 2098 1980 2145 1982 2108 1974 2156 1976 2160 2056 2160 2056 2165 2062 2115 2019 2165 2062 2158 1981 2109 2020 2157 1971 2146 1973 2154 2054 2154 2054 2150 2050 2166 2061 2150 2050 2145 1982 2158 1981 2144 2047 2148 2046 2123 2025 2148 2046 2153 2053 2127 2031 2153 2053 2146 1973 2121 1972 2132 1975 2136 2036 2159 2055 2136 2036 2141 2042 2163 2060 2141 2042 2134 2044 2157 1971 2133 1968 2122 1970 2130 2032 2138 2039 2130 2032 2126 2030 2126 2030 2121 1972 2134 2044 2072 1985 2120 2027 2124 2026 2124 2026 2129 2033 2079 1989 2079 1989 2129 2033 2122 1970 2085 2000 2091 1999 2135 2035 2135 2035 2091 1999 2087 1993 2139 2040 2087 1993 2084 1995 2144 2047 2120 2027 2072 1985 2229 2064 2180 2091 2169 2065 2253 2067 2230 2140 2217 2068 2204 2070 2181 2095 2228 2071 2182 2073 2206 2120 2193 2074 2194 2076 2205 2116 2254 2077 2171 2079 2173 2083 2172 2080 2175 2082 2176 2086 2173 2083 2174 2084 2176 2086 2175 2082 2174 2084 2178 2088 2179 2085 2177 2087 2179 2085 2178 2088 2177 2087 2172 2080 2173 2083 2183 2089 2185 2093 2184 2090 2187 2092 2188 2097 2185 2093 2186 2094 2188 2097 2187 2092 2186 2094 2190 2099 2191 2096 2189 2098 2191 2096 2190 2099 2184 2090 2185 2093 2191 2096 2195 2100 2197 2104 2196 2101 2199 2103 2200 2107 2197 2104 2198 2105 2200 2107 2199 2103 2202 2106 2203 2109 2200 2107 2201 2108 2203 2109 2202 2106 2201 2108 2196 2101 2197 2104 2207 2110 2209 2113 2208 2111 2207 2110 2211 2115 2212 2112 2210 2114 2212 2112 2211 2115 2210 2114 2214 2119 2215 2117 2213 2118 2215 2117 2214 2119 2208 2111 2209 2113 2215 2117 2219 2121 2221 2125 2220 2122 2223 2124 2224 2128 2221 2125 2222 2126 2224 2128 2223 2124 2226 2127 2227 2130 2224 2128 2225 2129 2227 2130 2226 2127 2220 2122 2221 2125 2227 2130 2231 2131 2233 2134 2232 2132 2235 2133 2236 2137 2233 2134 2234 2135 2236 2137 2235 2133 2234 2135 2238 2139 2239 2136 2237 2138 2239 2136 2238 2139 2237 2138 2232 2132 2233 2134 2243 2141 2245 2145 2244 2142 2243 2141 2247 2147 2248 2144 2246 2146 2248 2144 2247 2147 2246 2146 2250 2150 2251 2148 2249 2149 2251 2148 2250 2150 2244 2142 2245 2145 2251 2148 2255 2151 2257 2154 2256 2152 2259 2153 2260 2157 2257 2154 2258 2155 2260 2157 2259 2153 2262 2156 2263 2159 2260 2157 2261 2158 2263 2159 2262 2156 2261 2158 2256 2152 2257 2154 2168 2081 2172 2080 2195 2100 2172 2080 2177 2087 2199 2103 2177 2087 2170 2075 2193 2074 2180 2091 2184 2090 2174 2084 2174 2084 2184 2090 2189 2098 2178 2088 2189 2098 2182 2073 2204 2070 2208 2111 2186 2094 2208 2111 2213 2118 2190 2099 2213 2118 2206 2120 2182 2073 2205 2116 2194 2076 2202 2106 2202 2106 2198 2105 2214 2119 2198 2105 2193 2074 2206 2120 2240 2143 2192 2102 2196 2101 2196 2101 2201 2108 2247 2147 2247 2147 2201 2108 2194 2076 2204 2070 2252 2072 2256 2152 2256 2152 2261 2158 2211 2115 2211 2115 2261 2158 2254 2077 2242 2069 2250 2150 2258 2155 2258 2155 2250 2150 2246 2146 2246 2146 2241 2078 2254 2077 2240 2143 2244 2142 2219 2121 2244 2142 2249 2149 2223 2124 2249 2149 2242 2069 2217 2068 2228 2071 2232 2132 2255 2151 2232 2132 2237 2138 2259 2153 2237 2138 2230 2140 2253 2067 2229 2064 2218 2066 2226 2127 2226 2127 2222 2126 2238 2139 2238 2139 2222 2126 2217 2068 2216 2123 2220 2122 2171 2079 2171 2079 2220 2122 2225 2129 2225 2129 2218 2066 2169 2065 2181 2095 2187 2092 2231 2131 2231 2131 2187 2092 2183 2089 2183 2089 2180 2091 2229 2064 2240 2143 2216 2123 2168 2081 2325 2160 2276 2187 2265 2161 2349 2163 2326 2234 2313 2164 2300 2166 2277 2192 2324 2167 2278 2169 2302 2214 2289 2170 2301 2172 2350 2254 2337 2173 2267 2175 2269 2179 2268 2176 2271 2178 2272 2182 2269 2179 2270 2180 2272 2182 2271 2178 2274 2181 2275 2184 2272 2182 2273 2183 2275 2184 2274 2181 2273 2183 2268 2176 2269 2179 2279 2185 2281 2189 2280 2186 2279 2185 2283 2191 2284 2188 2282 2190 2284 2188 2283 2191 2286 2193 2287 2195 2284 2188 2285 2194 2287 2195 2286 2193 2285 2194 2280 2186 2281 2189 2291 2196 2293 2200 2292 2197 2295 2199 2296 2203 2293 2200 2294 2201 2296 2203 2295 2199 2298 2202 2299 2205 2296 2203 2297 2204 2299 2205 2298 2202 2292 2197 2293 2200 2299 2205 2303 2206 2305 2209 2304 2207 2307 2208 2308 2212 2305 2209 2306 2210 2308 2212 2307 2208 2310 2211 2311 2215 2308 2212 2309 2213 2311 2215 2310 2211 2309 2213 2304 2207 2305 2209 2315 2216 2317 2220 2316 2217 2319 2219 2320 2223 2317 2220 2318 2221 2320 2223 2319 2219 2322 2222 2323 2225 2320 2223 2321 2224 2323 2225 2322 2222 2321 2224 2316 2217 2317 2220 2327 2226 2329 2229 2328 2227 2331 2228 2332 2232 2329 2229 2330 2230 2332 2232 2331 2228 2334 2231 2335 2235 2332 2232 2333 2233 2335 2235 2334 2231 2333 2233 2328 2227 2329 2229 2339 2236 2341 2240 2340 2237 2343 2239 2344 2243 2341 2240 2342 2241 2344 2243 2343 2239 2346 2242 2347 2245 2344 2243 2345 2244 2347 2245 2346 2242 2345 2244 2340 2237 2341 2240 2351 2246 2353 2249 2352 2247 2355 2248 2356 2252 2353 2249 2354 2250 2356 2252 2355 2248 2358 2251 2359 2255 2356 2252 2357 2253 2359 2255 2358 2251 2352 2247 2353 2249 2359 2255 2264 2177 2268 2176 2291 2196 2268 2176 2273 2183 2295 2199 2273 2183 2266 2171 2289 2170 2276 2187 2280 2186 2270 2180 2280 2186 2285 2194 2274 2181 2285 2194 2278 2169 2266 2171 2300 2166 2304 2207 2282 2190 2304 2207 2309 2213 2286 2193 2309 2213 2302 2214 2278 2169 2290 2174 2298 2202 2306 2210 2298 2202 2294 2201 2310 2211 2294 2201 2289 2170 2302 2214 2288 2198 2292 2197 2339 2236 2292 2197 2297 2204 2343 2239 2297 2204 2290 2174 2337 2173 2348 2168 2352 2247 2303 2206 2352 2247 2357 2253 2307 2208 2357 2253 2350 2254 2301 2172 2338 2165 2346 2242 2354 2250 2346 2242 2342 2241 2358 2251 2342 2241 2337 2173 2350 2254 2336 2238 2340 2237 2315 2216 2340 2237 2345 2244 2319 2219 2345 2244 2338 2165 2313 2164 2324 2167 2328 2227 2351 2246 2328 2227 2333 2233 2355 2248 2333 2233 2326 2234 2349 2163 2314 2162 2322 2222 2330 2230 2322 2222 2318 2221 2334 2231 2318 2221 2313 2164 2326 2234 2312 2218 2316 2217 2267 2175 2316 2217 2321 2224 2271 2178 2321 2224 2314 2162 2265 2161 2277 2192 2283 2191 2327 2226 2283 2191 2279 2185 2331 2228 2279 2185 2276 2187 2325 2160 2336 2238 2312 2218 2264 2177 2421 2256 2372 2280 2361 2257 2445 2259 2422 2326 2409 2260 2396 2166 2373 2192 2420 2167 2374 2262 2398 2306 2385 2263 2397 2265 2446 2345 2433 2266 2363 2268 2365 2272 2364 2269 2367 2271 2368 2275 2365 2272 2366 2273 2368 2275 2367 2271 2370 2274 2371 2277 2368 2275 2369 2276 2371 2277 2370 2274 2369 2276 2364 2269 2365 2272 2375 2278 2377 2282 2376 2279 2375 2278 2379 2284 2380 2281 2378 2283 2380 2281 2379 2284 2382 2285 2383 2287 2380 2281 2381 2286 2383 2287 2382 2285 2381 2286 2376 2279 2377 2282 2387 2288 2389 2292 2388 2289 2391 2291 2392 2295 2389 2292 2390 2293 2392 2295 2391 2291 2394 2294 2395 2297 2392 2295 2393 2296 2395 2297 2394 2294 2388 2289 2389 2292 2395 2297 2399 2298 2401 2301 2400 2299 2403 2300 2404 2304 2401 2301 2402 2302 2404 2304 2403 2300 2406 2303 2407 2307 2404 2304 2405 2305 2407 2307 2406 2303 2405 2305 2400 2299 2401 2301 2411 2308 2413 2312 2412 2309 2415 2311 2416 2315 2413 2312 2414 2313 2416 2315 2415 2311 2418 2314 2419 2317 2416 2315 2417 2316 2419 2317 2418 2314 2417 2316 2412 2309 2413 2312 2423 2318 2425 2321 2424 2319 2427 2320 2428 2324 2425 2321 2426 2322 2428 2324 2427 2320 2430 2323 2431 2327 2428 2324 2429 2325 2431 2327 2430 2323 2429 2325 2424 2319 2425 2321 2435 2328 2437 2331 2436 2329 2439 2330 2440 2334 2437 2331 2438 2332 2440 2334 2439 2330 2442 2333 2443 2336 2440 2334 2441 2335 2443 2336 2442 2333 2441 2335 2436 2329 2437 2331 2447 2337 2449 2340 2448 2338 2451 2339 2452 2343 2449 2340 2450 2341 2452 2343 2451 2339 2454 2342 2455 2346 2452 2343 2453 2344 2455 2346 2454 2342 2448 2338 2449 2340 2455 2346 2360 2270 2364 2269 2387 2288 2364 2269 2369 2276 2391 2291 2369 2276 2362 2264 2385 2263 2372 2280 2376 2279 2366 2273 2376 2279 2381 2286 2370 2274 2381 2286 2374 2262 2362 2264 2396 2166 2400 2299 2378 2283 2400 2299 2405 2305 2382 2285 2405 2305 2398 2306 2374 2262 2386 2267 2394 2294 2402 2302 2394 2294 2390 2293 2406 2303 2390 2293 2385 2263 2398 2306 2384 2290 2388 2289 2435 2328 2388 2289 2393 2296 2439 2330 2393 2296 2386 2267 2433 2266 2444 2168 2448 2338 2399 2298 2448 2338 2453 2344 2403 2300 2453 2344 2446 2345 2397 2265 2434 2261 2442 2333 2450 2341 2442 2333 2438 2332 2454 2342 2438 2332 2433 2266 2446 2345 2432 2238 2436 2329 2411 2308 2436 2329 2441 2335 2415 2311 2441 2335 2434 2261 2409 2260 2420 2167 2424 2319 2447 2337 2424 2319 2429 2325 2451 2339 2429 2325 2422 2326 2445 2259 2410 2258 2418 2314 2426 2322 2418 2314 2414 2313 2430 2323 2414 2313 2409 2260 2422 2326 2408 2310 2412 2309 2363 2268 2412 2309 2417 2316 2367 2271 2417 2316 2410 2258 2361 2257 2373 2192 2379 2284 2423 2318 2379 2284 2375 2278 2427 2320 2375 2278 2372 2280 2421 2256 2432 2238 2408 2310 2360 2270 2517 2347 2468 2369 2457 2348 2541 2350 2518 2414 2505 2351 2492 2353 2469 2374 2516 2167 2470 2354 2494 2395 2481 2355 2493 2357 2542 2434 2529 2358 2459 2268 2461 2361 2460 2269 2463 2360 2464 2364 2461 2361 2462 2362 2464 2364 2463 2360 2466 2363 2467 2366 2464 2364 2465 2365 2467 2366 2466 2363 2465 2365 2460 2269 2461 2361 2471 2367 2473 2371 2472 2368 2471 2367 2475 2373 2476 2370 2474 2372 2476 2370 2475 2373 2478 2375 2479 2377 2476 2370 2477 2376 2479 2377 2478 2375 2477 2376 2472 2368 2473 2371 2483 2288 2485 2381 2484 2378 2487 2380 2488 2384 2485 2381 2486 2382 2488 2384 2487 2380 2490 2383 2491 2386 2488 2384 2489 2385 2491 2386 2490 2383 2484 2378 2485 2381 2491 2386 2495 2387 2497 2390 2496 2388 2499 2389 2500 2393 2497 2390 2498 2391 2500 2393 2499 2389 2502 2392 2503 2396 2500 2393 2501 2394 2503 2396 2502 2392 2501 2394 2496 2388 2497 2390 2507 2397 2509 2401 2508 2398 2511 2400 2512 2404 2509 2401 2510 2402 2512 2404 2511 2400 2514 2403 2515 2406 2512 2404 2513 2405 2515 2406 2514 2403 2513 2405 2508 2398 2509 2401 2519 2226 2521 2409 2520 2407 2523 2408 2524 2412 2521 2409 2522 2410 2524 2412 2523 2408 2526 2411 2527 2415 2524 2412 2525 2413 2527 2415 2526 2411 2525 2413 2520 2407 2521 2409 2531 2416 2533 2420 2532 2417 2535 2419 2536 2423 2533 2420 2534 2421 2536 2423 2535 2419 2538 2422 2539 2425 2536 2423 2537 2424 2539 2425 2538 2422 2537 2424 2532 2417 2533 2420 2543 2426 2545 2429 2544 2427 2547 2428 2548 2432 2545 2429 2546 2430 2548 2432 2547 2428 2550 2431 2551 2435 2548 2432 2549 2433 2551 2435 2550 2431 2544 2427 2545 2429 2551 2435 2456 2270 2460 2269 2483 2288 2460 2269 2465 2365 2487 2380 2465 2365 2458 2356 2481 2355 2468 2369 2472 2368 2462 2362 2472 2368 2477 2376 2466 2363 2477 2376 2470 2354 2458 2356 2492 2353 2496 2388 2474 2372 2496 2388 2501 2394 2478 2375 2501 2394 2494 2395 2470 2354 2482 2359 2490 2383 2498 2391 2490 2383 2486 2382 2502 2392 2486 2382 2481 2355 2494 2395 2480 2379 2484 2378 2531 2416 2484 2378 2489 2385 2535 2419 2489 2385 2482 2359 2529 2358 2540 2168 2544 2427 2495 2387 2544 2427 2549 2433 2499 2389 2549 2433 2542 2434 2493 2357 2530 2352 2538 2422 2546 2430 2538 2422 2534 2421 2550 2431 2534 2421 2529 2358 2542 2434 2528 2418 2532 2417 2507 2397 2532 2417 2537 2424 2511 2400 2537 2424 2530 2352 2505 2351 2516 2167 2520 2407 2543 2426 2520 2407 2525 2413 2547 2428 2525 2413 2518 2414 2541 2350 2506 2349 2514 2403 2522 2410 2514 2403 2510 2402 2526 2411 2510 2402 2505 2351 2518 2414 2504 2399 2508 2398 2459 2268 2508 2398 2513 2405 2463 2360 2513 2405 2506 2349 2457 2348 2469 2374 2475 2373 2519 2226 2475 2373 2471 2367 2523 2408 2471 2367 2468 2369 2517 2347 2528 2418 2504 2399 2456 2270 2613 2347 2564 2457 2553 2436 2637 2350 2614 2414 2601 2351 2588 2437 2565 2462 2612 2438 2566 2440 2590 2482 2577 2441 2589 2443 2638 2434 2625 2444 2555 2446 2557 2449 2556 2447 2559 2448 2560 2452 2557 2449 2558 2450 2560 2452 2559 2448 2562 2451 2563 2454 2560 2452 2561 2453 2563 2454 2562 2451 2561 2453 2556 2447 2557 2449 2567 2455 2569 2459 2568 2456 2567 2455 2571 2461 2572 2458 2570 2460 2572 2458 2571 2461 2574 2463 2575 2465 2572 2458 2573 2464 2575 2465 2574 2463 2573 2464 2568 2456 2569 2459 2579 2466 2581 2469 2580 2467 2583 2468 2584 2471 2581 2469 2582 2470 2584 2471 2583 2468 2586 2383 2587 2473 2584 2471 2585 2472 2587 2473 2586 2383 2580 2467 2581 2469 2587 2473 2591 2474 2593 2477 2592 2475 2595 2476 2596 2480 2593 2477 2594 2478 2596 2480 2595 2476 2598 2479 2599 2483 2596 2480 2597 2481 2599 2483 2598 2479 2597 2481 2592 2475 2593 2477 2603 2484 2605 2488 2604 2485 2607 2487 2608 2491 2605 2488 2606 2489 2608 2491 2607 2487 2610 2490 2611 2493 2608 2491 2609 2492 2611 2493 2610 2490 2609 2492 2604 2485 2605 2488 2615 2494 2617 2497 2616 2495 2619 2496 2620 2500 2617 2497 2618 2498 2620 2500 2619 2496 2622 2499 2623 2502 2620 2500 2621 2501 2623 2502 2622 2499 2621 2501 2616 2495 2617 2497 2627 2503 2629 2507 2628 2504 2631 2506 2632 2510 2629 2507 2630 2508 2632 2510 2631 2506 2634 2509 2635 2512 2632 2510 2633 2511 2635 2512 2634 2509 2633 2511 2628 2504 2629 2507 2639 2513 2641 2516 2640 2514 2643 2515 2644 2518 2641 2516 2642 2517 2644 2518 2643 2515 2646 2431 2647 2520 2644 2518 2645 2519 2647 2520 2646 2431 2640 2514 2641 2516 2647 2520 2552 2177 2556 2447 2579 2466 2556 2447 2561 2453 2583 2468 2561 2453 2554 2442 2577 2441 2564 2457 2568 2456 2558 2450 2568 2456 2573 2464 2562 2451 2573 2464 2566 2440 2554 2442 2588 2437 2592 2475 2570 2460 2592 2475 2597 2481 2574 2463 2597 2481 2590 2482 2566 2440 2578 2445 2586 2383 2594 2478 2586 2383 2582 2470 2598 2479 2582 2470 2577 2441 2590 2482 2576 2198 2580 2467 2627 2503 2580 2467 2585 2472 2631 2506 2585 2472 2578 2445 2625 2444 2636 2439 2640 2514 2591 2474 2640 2514 2645 2519 2595 2476 2645 2519 2638 2434 2589 2443 2626 2352 2634 2509 2642 2517 2634 2509 2630 2508 2646 2431 2630 2508 2625 2444 2638 2434 2624 2505 2628 2504 2603 2484 2628 2504 2633 2511 2607 2487 2633 2511 2626 2352 2601 2351 2612 2438 2616 2495 2639 2513 2616 2495 2621 2501 2643 2515 2621 2501 2614 2414 2637 2350 2602 2349 2610 2490 2618 2498 2610 2490 2606 2489 2622 2499 2606 2489 2601 2351 2614 2414 2600 2486 2604 2485 2555 2446 2604 2485 2609 2492 2559 2448 2609 2492 2602 2349 2553 2436 2565 2462 2571 2461 2615 2494 2571 2461 2567 2455 2619 2496 2567 2455 2564 2457 2613 2347 2624 2505 2600 2486 2552 2177 2709 2521 2660 2546 2649 2522 2733 2524 2710 2594 2697 2525 2684 2527 2661 2551 2708 2528 2662 2440 2686 2573 2673 2441 2685 2531 2734 2613 2721 2532 2651 2534 2653 2538 2652 2535 2655 2537 2656 2541 2653 2538 2654 2539 2656 2541 2655 2537 2654 2539 2658 2543 2659 2540 2657 2542 2659 2540 2658 2543 2652 2535 2653 2538 2659 2540 2663 2544 2665 2548 2664 2545 2663 2544 2667 2550 2668 2547 2666 2549 2668 2547 2667 2550 2670 2552 2671 2554 2668 2547 2669 2553 2671 2554 2670 2552 2664 2545 2665 2548 2671 2554 2675 2555 2677 2559 2676 2556 2675 2555 2679 2561 2680 2558 2678 2560 2680 2558 2679 2561 2682 2562 2683 2564 2680 2558 2681 2563 2683 2564 2682 2562 2676 2556 2677 2559 2683 2564 2687 2565 2689 2568 2688 2566 2691 2567 2692 2571 2689 2568 2690 2569 2692 2571 2691 2567 2694 2570 2695 2574 2692 2571 2693 2572 2695 2574 2694 2570 2693 2572 2688 2566 2689 2568 2699 2575 2701 2579 2700 2576 2703 2578 2704 2582 2701 2579 2702 2580 2704 2582 2703 2578 2706 2581 2707 2584 2704 2582 2705 2583 2707 2584 2706 2581 2705 2583 2700 2576 2701 2579 2711 2585 2713 2588 2712 2586 2715 2587 2716 2591 2713 2588 2714 2589 2716 2591 2715 2587 2714 2589 2718 2593 2719 2590 2717 2592 2719 2590 2718 2593 2712 2586 2713 2588 2719 2590 2723 2595 2725 2599 2724 2596 2727 2598 2728 2602 2725 2599 2726 2600 2728 2602 2727 2598 2730 2601 2731 2604 2728 2602 2729 2603 2731 2604 2730 2601 2729 2603 2724 2596 2725 2599 2735 2605 2737 2608 2736 2606 2735 2605 2739 2610 2740 2607 2738 2609 2740 2607 2739 2610 2742 2611 2743 2614 2740 2607 2741 2612 2743 2614 2742 2611 2736 2606 2737 2608 2743 2614 2648 2536 2652 2535 2675 2555 2652 2535 2657 2542 2679 2561 2657 2542 2650 2530 2673 2441 2660 2546 2664 2545 2654 2539 2664 2545 2669 2553 2658 2543 2669 2553 2662 2440 2650 2530 2684 2527 2688 2566 2666 2549 2688 2566 2693 2572 2670 2552 2693 2572 2686 2573 2662 2440 2674 2533 2682 2562 2690 2569 2682 2562 2678 2560 2694 2570 2678 2560 2673 2441 2686 2573 2672 2557 2676 2556 2723 2595 2676 2556 2681 2563 2727 2598 2681 2563 2674 2533 2721 2532 2732 2529 2736 2606 2687 2565 2736 2606 2741 2612 2691 2567 2741 2612 2734 2613 2685 2531 2722 2526 2730 2601 2738 2609 2730 2601 2726 2600 2742 2611 2726 2600 2721 2532 2734 2613 2720 2597 2724 2596 2699 2575 2724 2596 2729 2603 2703 2578 2729 2603 2722 2526 2697 2525 2708 2528 2712 2586 2735 2605 2712 2586 2717 2592 2739 2610 2717 2592 2710 2594 2733 2524 2698 2523 2706 2581 2714 2589 2706 2581 2702 2580 2718 2593 2702 2580 2697 2525 2710 2594 2696 2577 2700 2576 2651 2534 2700 2576 2705 2583 2655 2537 2705 2583 2698 2523 2649 2522 2661 2551 2667 2550 2711 2585 2667 2550 2663 2544 2715 2587 2663 2544 2660 2546 2709 2521 2720 2597 2696 2577 2648 2536 2805 2615 2756 2635 2745 2616 2829 2259 2806 2679 2793 2260 2780 2527 2757 2551 2804 2618 2758 2354 2782 2660 2769 2355 2781 2621 2830 2613 2817 2622 2747 2624 2749 2627 2748 2625 2751 2626 2752 2630 2749 2627 2750 2628 2752 2630 2751 2626 2750 2628 2754 2632 2755 2629 2753 2631 2755 2629 2754 2632 2748 2625 2749 2627 2755 2629 2759 2633 2761 2637 2760 2634 2759 2633 2763 2639 2764 2636 2762 2638 2764 2636 2763 2639 2766 2640 2767 2642 2764 2636 2765 2641 2767 2642 2766 2640 2760 2634 2761 2637 2767 2642 2771 2643 2773 2646 2772 2644 2771 2643 2775 2648 2776 2645 2774 2647 2776 2645 2775 2648 2778 2649 2779 2651 2776 2645 2777 2650 2779 2651 2778 2649 2772 2644 2773 2646 2779 2651 2783 2652 2785 2655 2784 2653 2787 2654 2788 2658 2785 2655 2786 2656 2788 2658 2787 2654 2790 2657 2791 2661 2788 2658 2789 2659 2791 2661 2790 2657 2789 2659 2784 2653 2785 2655 2795 2662 2797 2665 2796 2663 2799 2664 2800 2668 2797 2665 2798 2666 2800 2668 2799 2664 2802 2667 2803 2584 2800 2668 2801 2669 2803 2584 2802 2667 2801 2669 2796 2663 2797 2665 2807 2670 2809 2673 2808 2671 2811 2672 2812 2676 2809 2673 2810 2674 2812 2676 2811 2672 2810 2674 2814 2678 2815 2675 2813 2677 2815 2675 2814 2678 2808 2671 2809 2673 2815 2675 2819 2680 2821 2683 2820 2681 2823 2682 2824 2686 2821 2683 2822 2684 2824 2686 2823 2682 2826 2685 2827 2688 2824 2686 2825 2687 2827 2688 2826 2685 2825 2687 2820 2681 2821 2683 2831 2689 2833 2692 2832 2690 2831 2689 2835 2694 2836 2691 2834 2693 2836 2691 2835 2694 2838 2695 2839 2697 2836 2691 2837 2696 2839 2697 2838 2695 2832 2690 2833 2692 2839 2697 2744 2536 2748 2625 2771 2643 2748 2625 2753 2631 2775 2648 2753 2631 2746 2620 2769 2355 2756 2635 2760 2634 2750 2628 2760 2634 2765 2641 2754 2632 2765 2641 2758 2354 2746 2620 2780 2527 2784 2653 2762 2638 2784 2653 2789 2659 2766 2640 2789 2659 2782 2660 2758 2354 2770 2623 2778 2649 2786 2656 2778 2649 2774 2647 2790 2657 2774 2647 2769 2355 2782 2660 2768 2557 2772 2644 2819 2680 2772 2644 2777 2650 2823 2682 2777 2650 2770 2623 2817 2622 2828 2619 2832 2690 2783 2652 2832 2690 2837 2696 2787 2654 2837 2696 2830 2613 2781 2621 2818 2617 2826 2685 2834 2693 2826 2685 2822 2684 2838 2695 2822 2684 2817 2622 2830 2613 2816 2597 2820 2681 2795 2662 2820 2681 2825 2687 2799 2664 2825 2687 2818 2617 2793 2260 2804 2618 2808 2671 2831 2689 2808 2671 2813 2677 2835 2694 2813 2677 2806 2679 2829 2259 2794 2523 2802 2667 2810 2674 2802 2667 2798 2666 2814 2678 2798 2666 2793 2260 2806 2679 2792 2577 2796 2663 2747 2624 2796 2663 2801 2669 2751 2626 2801 2669 2794 2523 2745 2616 2757 2551 2763 2639 2807 2670 2763 2639 2759 2633 2811 2672 2759 2633 2756 2635 2805 2615 2816 2597 2792 2577 2744 2536 2901 2698 2852 2546 2841 2699 2925 2701 2902 2769 2889 2702 2876 2704 2853 2727 2900 2705 2854 2707 2878 2748 2865 2708 2877 2531 2926 2788 2913 2710 2843 2711 2845 2715 2844 2712 2847 2714 2848 2718 2845 2715 2846 2716 2848 2718 2847 2714 2846 2716 2850 2720 2851 2717 2849 2719 2851 2717 2850 2720 2844 2712 2845 2715 2851 2717 2855 2721 2857 2724 2856 2722 2855 2721 2859 2726 2860 2723 2858 2725 2860 2723 2859 2726 2862 2728 2863 2730 2860 2723 2861 2729 2863 2730 2862 2728 2856 2722 2857 2724 2863 2730 2867 2731 2869 2646 2868 2732 2867 2731 2871 2736 2872 2734 2870 2735 2872 2734 2871 2736 2874 2737 2875 2739 2872 2734 2873 2738 2875 2739 2874 2737 2868 2732 2869 2646 2875 2739 2879 2740 2881 2743 2880 2741 2883 2742 2884 2746 2881 2743 2882 2744 2884 2746 2883 2742 2886 2745 2887 2749 2884 2746 2885 2747 2887 2749 2886 2745 2885 2747 2880 2741 2881 2743 2891 2750 2893 2754 2892 2751 2895 2753 2896 2757 2893 2754 2894 2755 2896 2757 2895 2753 2898 2756 2899 2759 2896 2757 2897 2758 2899 2759 2898 2756 2897 2758 2892 2751 2893 2754 2903 2760 2905 2763 2904 2761 2907 2762 2908 2766 2905 2763 2906 2764 2908 2766 2907 2762 2906 2764 2910 2768 2911 2765 2909 2767 2911 2765 2910 2768 2904 2761 2905 2763 2911 2765 2915 2770 2917 2774 2916 2771 2919 2773 2920 2777 2917 2774 2918 2775 2920 2777 2919 2773 2922 2776 2923 2779 2920 2777 2921 2778 2923 2779 2922 2776 2921 2778 2916 2771 2917 2774 2927 2780 2929 2783 2928 2781 2927 2780 2931 2785 2932 2782 2930 2784 2932 2782 2931 2785 2934 2786 2935 2789 2932 2782 2933 2787 2935 2789 2934 2786 2928 2781 2929 2783 2935 2789 2840 2713 2844 2712 2867 2731 2844 2712 2849 2719 2871 2736 2849 2719 2842 2709 2865 2708 2852 2546 2856 2722 2846 2716 2856 2722 2861 2729 2850 2720 2861 2729 2854 2707 2842 2709 2876 2704 2880 2741 2858 2725 2880 2741 2885 2747 2862 2728 2885 2747 2878 2748 2854 2707 2866 2533 2874 2737 2882 2744 2874 2737 2870 2735 2886 2745 2870 2735 2865 2708 2878 2748 2864 2733 2868 2732 2915 2770 2868 2732 2873 2738 2919 2773 2873 2738 2866 2533 2913 2710 2924 2706 2928 2781 2879 2740 2928 2781 2933 2787 2883 2742 2933 2787 2926 2788 2877 2531 2914 2703 2922 2776 2930 2784 2922 2776 2918 2775 2934 2786 2918 2775 2913 2710 2926 2788 2912 2772 2916 2771 2891 2750 2916 2771 2921 2778 2895 2753 2921 2778 2914 2703 2889 2702 2900 2705 2904 2761 2927 2780 2904 2761 2909 2767 2931 2785 2909 2767 2902 2769 2925 2701 2890 2700 2898 2756 2906 2764 2898 2756 2894 2755 2910 2768 2894 2755 2889 2702 2902 2769 2888 2752 2892 2751 2843 2711 2892 2751 2897 2758 2847 2714 2897 2758 2890 2700 2841 2699 2853 2727 2859 2726 2903 2760 2859 2726 2855 2721 2907 2762 2855 2721 2852 2546 2901 2698 2912 2772 2888 2752 2840 2713 2997 2790 2948 2816 2937 2522 3021 2792 2998 2863 2985 2793 2972 2795 2949 2727 2996 2796 2950 2798 2974 2843 2961 2799 2973 2801 3022 2882 3009 2802 2939 2804 2941 2808 2940 2805 2943 2807 2944 2811 2941 2808 2942 2809 2944 2811 2943 2807 2942 2809 2946 2813 2947 2810 2945 2812 2947 2810 2946 2813 2940 2805 2941 2808 2947 2810 2951 2814 2953 2818 2952 2815 2951 2814 2955 2820 2956 2817 2954 2819 2956 2817 2955 2820 2958 2821 2959 2823 2956 2817 2957 2822 2959 2823 2958 2821 2952 2815 2953 2818 2959 2823 2963 2824 2965 2828 2964 2825 2963 2824 2967 2830 2968 2827 2966 2829 2968 2827 2967 2830 2970 2831 2971 2833 2968 2827 2969 2832 2971 2833 2970 2831 2964 2825 2965 2828 2971 2833 2975 2834 2977 2837 2976 2835 2979 2836 2980 2840 2977 2837 2978 2838 2980 2840 2979 2836 2978 2838 2982 2842 2983 2839 2981 2841 2983 2839 2982 2842 2976 2835 2977 2837 2983 2839 2987 2844 2989 2848 2988 2845 2991 2847 2992 2851 2989 2848 2990 2849 2992 2851 2991 2847 2994 2850 2995 2853 2992 2851 2993 2852 2995 2853 2994 2850 2993 2852 2988 2845 2989 2848 2999 2854 3001 2857 3000 2855 3003 2856 3004 2860 3001 2857 3002 2858 3004 2860 3003 2856 3002 2858 3006 2862 3007 2859 3005 2861 3007 2859 3006 2862 3000 2855 3001 2857 3007 2859 3011 2864 3013 2868 3012 2865 3015 2867 3016 2871 3013 2868 3014 2869 3016 2871 3015 2867 3014 2869 3018 2873 3019 2870 3017 2872 3019 2870 3018 2873 3012 2865 3013 2868 3019 2870 3023 2874 3025 2877 3024 2875 3023 2874 3027 2879 3028 2876 3026 2878 3028 2876 3027 2879 3030 2880 3031 2883 3028 2876 3029 2881 3031 2883 3030 2880 3024 2875 3025 2877 3031 2883 2936 2806 2940 2805 2963 2824 2940 2805 2945 2812 2967 2830 2945 2812 2938 2800 2961 2799 2948 2816 2952 2815 2942 2809 2952 2815 2957 2822 2946 2813 2957 2822 2950 2798 2938 2800 2972 2795 2976 2835 2954 2819 2976 2835 2981 2841 2958 2821 2981 2841 2974 2843 2950 2798 2973 2801 2962 2803 2970 2831 2978 2838 2970 2831 2966 2829 2982 2842 2966 2829 2961 2799 2960 2826 2964 2825 3011 2864 2964 2825 2969 2832 3015 2867 2969 2832 2962 2803 3009 2802 3020 2797 3024 2875 2975 2834 3024 2875 3029 2881 2979 2836 3029 2881 3022 2882 2973 2801 3021 2792 3010 2794 3018 2873 3026 2878 3018 2873 3014 2869 3030 2880 3014 2869 3009 2802 3008 2866 3012 2865 2987 2844 3012 2865 3017 2872 2991 2847 3017 2872 3010 2794 2985 2793 2996 2796 3000 2855 3023 2874 3000 2855 3005 2861 3027 2879 3005 2861 2998 2863 3021 2792 2997 2790 2986 2791 2994 2850 3002 2858 2994 2850 2990 2849 2990 2849 2985 2793 2998 2863 2984 2846 2988 2845 2939 2804 2988 2845 2993 2852 2943 2807 2993 2852 2986 2791 2937 2522 2949 2727 2955 2820 2999 2854 2955 2820 2951 2814 3003 2856 2951 2814 2948 2816 2997 2790 3008 2866 2984 2846 2936 2806 3093 2884 3044 2911 3033 2885 3117 2887 3094 2959 3081 2888 3068 2890 3045 2916 3092 2891 3046 2893 3070 2939 3057 2894 3069 2896 3118 2978 3105 2897 3035 2899 3037 2903 3036 2900 3039 2902 3040 2906 3037 2903 3038 2904 3040 2906 3039 2902 3038 2904 3042 2908 3043 2905 3041 2907 3043 2905 3042 2908 3036 2900 3037 2903 3043 2905 3047 2909 3049 2913 3048 2910 3047 2909 3051 2915 3052 2912 3050 2914 3052 2912 3051 2915 3054 2917 3055 2919 3052 2912 3053 2918 3055 2919 3054 2917 3048 2910 3049 2913 3055 2919 3059 2920 3061 2924 3060 2921 3059 2920 3063 2926 3064 2923 3062 2925 3064 2923 3063 2926 3066 2927 3067 2929 3064 2923 3065 2928 3067 2929 3066 2927 3060 2921 3061 2924 3067 2929 3071 2930 3073 2933 3072 2931 3075 2932 3076 2936 3073 2933 3074 2934 3076 2936 3075 2932 3074 2934 3078 2938 3079 2935 3077 2937 3079 2935 3078 2938 3077 2937 3072 2931 3073 2933 3083 2940 3085 2944 3084 2941 3087 2943 3088 2947 3085 2944 3086 2945 3088 2947 3087 2943 3090 2946 3091 2949 3088 2947 3089 2948 3091 2949 3090 2946 3089 2948 3084 2941 3085 2944 3095 2950 3097 2953 3096 2951 3099 2952 3100 2956 3097 2953 3098 2954 3100 2956 3099 2952 3098 2954 3102 2958 3103 2955 3101 2957 3103 2955 3102 2958 3096 2951 3097 2953 3103 2955 3107 2960 3109 2964 3108 2961 3111 2963 3112 2967 3109 2964 3110 2965 3112 2967 3111 2963 3110 2965 3114 2969 3115 2966 3113 2968 3115 2966 3114 2969 3113 2968 3108 2961 3109 2964 3119 2970 3121 2973 3120 2971 3119 2970 3123 2975 3124 2972 3122 2974 3124 2972 3123 2975 3126 2976 3127 2979 3124 2972 3125 2977 3127 2979 3126 2976 3120 2971 3121 2973 3127 2979 3032 2901 3036 2900 3059 2920 3036 2900 3041 2907 3063 2926 3041 2907 3034 2895 3057 2894 3044 2911 3048 2910 3038 2904 3048 2910 3053 2918 3042 2908 3053 2918 3046 2893 3034 2895 3068 2890 3072 2931 3050 2914 3072 2931 3077 2937 3054 2917 3077 2937 3070 2939 3046 2893 3058 2898 3066 2927 3074 2934 3066 2927 3062 2925 3078 2938 3062 2925 3057 2894 3070 2939 3104 2962 3056 2922 3060 2921 3060 2921 3065 2928 3111 2963 3065 2928 3058 2898 3105 2897 3068 2890 3116 2892 3120 2971 3120 2971 3125 2977 3075 2932 3125 2977 3118 2978 3069 2896 3106 2889 3114 2969 3122 2974 3114 2969 3110 2965 3126 2976 3110 2965 3105 2897 3118 2978 3104 2962 3108 2961 3083 2940 3108 2961 3113 2968 3087 2943 3113 2968 3106 2889 3081 2888 3092 2891 3096 2951 3119 2970 3096 2951 3101 2957 3123 2975 3101 2957 3094 2959 3117 2887 3082 2886 3090 2946 3098 2954 3090 2946 3086 2945 3102 2958 3086 2945 3081 2888 3094 2959 3080 2942 3084 2941 3035 2899 3084 2941 3089 2948 3039 2902 3089 2948 3082 2886 3033 2885 3045 2916 3051 2915 3095 2950 3051 2915 3047 2909 3099 2952 3047 2909 3044 2911 3093 2884 3104 2962 3080 2942 3032 2901 3189 2980 3140 3007 3129 2981 3213 2983 3190 3056 3177 2984 3164 2986 3141 3012 3188 2987 3142 2989 3166 3036 3153 2990 3154 2992 3165 3031 3214 2993 3131 2995 3133 2999 3132 2996 3135 2998 3136 3002 3133 2999 3134 3000 3136 3002 3135 2998 3134 3000 3138 3004 3139 3001 3137 3003 3139 3001 3138 3004 3132 2996 3133 2999 3139 3001 3143 3005 3145 3009 3144 3006 3143 3005 3147 3011 3148 3008 3146 3010 3148 3008 3147 3011 3150 3013 3151 3015 3148 3008 3149 3014 3151 3015 3150 3013 3144 3006 3145 3009 3151 3015 3155 3016 3157 3020 3156 3017 3155 3016 3159 3022 3160 3019 3158 3021 3160 3019 3159 3022 3162 3023 3163 3025 3160 3019 3161 3024 3163 3025 3162 3023 3161 3024 3156 3017 3157 3020 3167 3026 3169 3029 3168 3027 3171 3028 3172 3033 3169 3029 3170 3030 3172 3033 3171 3028 3170 3030 3174 3035 3175 3032 3173 3034 3175 3032 3174 3035 3173 3034 3168 3027 3169 3029 3179 3037 3181 3041 3180 3038 3183 3040 3184 3044 3181 3041 3182 3042 3184 3044 3183 3040 3186 3043 3187 3046 3184 3044 3185 3045 3187 3046 3186 3043 3185 3045 3180 3038 3181 3041 3191 3047 3193 3050 3192 3048 3195 3049 3196 3053 3193 3050 3194 3051 3196 3053 3195 3049 3194 3051 3198 3055 3199 3052 3197 3054 3199 3052 3198 3055 3192 3048 3193 3050 3199 3052 3203 3057 3205 3061 3204 3058 3207 3060 3208 3064 3205 3061 3206 3062 3208 3064 3207 3060 3206 3062 3210 3066 3211 3063 3209 3065 3211 3063 3210 3066 3209 3065 3204 3058 3205 3061 3215 3067 3217 3070 3216 3068 3215 3067 3219 3072 3220 3069 3218 3071 3220 3069 3219 3072 3222 3073 3223 3075 3220 3069 3221 3074 3223 3075 3222 3073 3216 3068 3217 3070 3223 3075 3128 2997 3132 2996 3155 3016 3132 2996 3137 3003 3159 3022 3137 3003 3130 2991 3153 2990 3140 3007 3144 3006 3134 3000 3144 3006 3149 3014 3138 3004 3149 3014 3142 2989 3130 2991 3164 2986 3168 3027 3146 3010 3168 3027 3173 3034 3150 3013 3173 3034 3166 3036 3142 2989 3165 3031 3154 2992 3162 3023 3170 3030 3162 3023 3158 3021 3174 3035 3158 3021 3153 2990 3200 3059 3152 3018 3156 3017 3156 3017 3161 3024 3207 3060 3161 3024 3154 2992 3201 2994 3164 2986 3212 2988 3216 3068 3216 3068 3221 3074 3171 3028 3221 3074 3214 2993 3165 3031 3213 2983 3202 2985 3210 3066 3218 3071 3210 3066 3206 3062 3222 3073 3206 3062 3201 2994 3200 3059 3204 3058 3179 3037 3204 3058 3209 3065 3183 3040 3209 3065 3202 2985 3177 2984 3188 2987 3192 3048 3215 3067 3192 3048 3197 3054 3219 3072 3197 3054 3190 3056 3213 2983 3178 2982 3186 3043 3194 3051 3186 3043 3182 3042 3198 3055 3182 3042 3177 2984 3190 3056 3128 2997 3176 3039 3180 3038 3180 3038 3185 3045 3135 2998 3185 3045 3178 2982 3129 2981 3141 3012 3147 3011 3191 3047 3147 3011 3143 3005 3195 3049 3143 3005 3140 3007 3189 2980 3200 3059 3176 3039 3128 2997 3285 3076 3236 3101 3225 3077 3309 3079 3286 3147 3273 3080 3260 3082 3237 2916 3284 3083 3238 3085 3262 3127 3249 3086 3261 3088 3310 3166 3297 2897 3227 3090 3229 3093 3228 3091 3231 3092 3232 3096 3229 3093 3230 3094 3232 3096 3231 3092 3230 3094 3234 3098 3235 3095 3233 3097 3235 3095 3234 3098 3228 3091 3229 3093 3235 3095 3239 3099 3241 3103 3240 3100 3239 3099 3243 3105 3244 3102 3242 3104 3244 3102 3243 3105 3246 3106 3247 3108 3244 3102 3245 3107 3247 3108 3246 3106 3240 3100 3241 3103 3247 3108 3251 3109 3253 3112 3252 2921 3251 3109 3255 3114 3256 3111 3254 3113 3256 3111 3255 3114 3258 3115 3259 3117 3256 3111 3257 3116 3259 3117 3258 3115 3252 2921 3253 3112 3259 3117 3263 3118 3265 3121 3264 3119 3267 3120 3268 3124 3265 3121 3266 3122 3268 3124 3267 3120 3266 3122 3270 3126 3271 3123 3269 3125 3271 3123 3270 3126 3269 3125 3264 3119 3265 3121 3275 3128 3277 3132 3276 3129 3279 3131 3280 3135 3277 3132 3278 3133 3280 3135 3279 3131 3282 3134 3283 3137 3280 3135 3281 3136 3283 3137 3282 3134 3281 3136 3276 3129 3277 3132 3287 3138 3289 3141 3288 3139 3291 3140 3292 3144 3289 3141 3290 3142 3292 3144 3291 3140 3290 3142 3294 3146 3295 3143 3293 3145 3295 3143 3294 3146 3288 3139 3289 3141 3295 3143 3299 3148 3301 3152 3300 3149 3303 3151 3304 3155 3301 3152 3302 3153 3304 3155 3303 3151 3302 3153 3306 3157 3307 3154 3305 3156 3307 3154 3306 3157 3305 3156 3300 3149 3301 3152 3311 3158 3313 3161 3312 3159 3311 3158 3315 3163 3316 3160 3314 3162 3316 3160 3315 3163 3318 3164 3319 3167 3316 3160 3317 3165 3319 3167 3318 3164 3312 3159 3313 3161 3319 3167 3224 2901 3228 3091 3251 3109 3228 3091 3233 3097 3255 3114 3233 3097 3226 3087 3249 3086 3236 3101 3240 3100 3230 3094 3240 3100 3245 3107 3234 3098 3245 3107 3238 3085 3226 3087 3260 3082 3264 3119 3242 3104 3264 3119 3269 3125 3246 3106 3269 3125 3262 3127 3238 3085 3250 3089 3258 3115 3266 3122 3258 3115 3254 3113 3270 3126 3254 3113 3249 3086 3262 3127 3296 3150 3248 3110 3252 2921 3252 2921 3257 3116 3303 3151 3257 3116 3250 3089 3297 2897 3260 3082 3308 3084 3312 3159 3312 3159 3317 3165 3267 3120 3317 3165 3310 3166 3261 3088 3309 3079 3298 3081 3306 3157 3314 3162 3306 3157 3302 3153 3302 3153 3297 2897 3310 3166 3296 3150 3300 3149 3275 3128 3300 3149 3305 3156 3279 3131 3305 3156 3298 3081 3273 3080 3284 3083 3288 3139 3311 3158 3288 3139 3293 3145 3315 3163 3293 3145 3286 3147 3309 3079 3274 3078 3282 3134 3290 3142 3282 3134 3278 3133 3294 3146 3278 3133 3273 3080 3286 3147 3272 3130 3276 3129 3227 3090 3276 3129 3281 3136 3231 3092 3281 3136 3274 3078 3225 3077 3237 2916 3243 3105 3287 3138 3243 3105 3239 3099 3291 3140 3239 3099 3236 3101 3285 3076 3296 3150 3272 3130 3224 2901 3381 3168 3332 3194 3321 3169 3405 3171 3382 3241 3369 3172 3356 2795 3333 3199 3380 3174 3334 3176 3358 3221 3345 3177 3357 3179 3406 3259 3393 3180 3323 3182 3325 3186 3324 3183 3327 3185 3328 3189 3325 3186 3326 3187 3328 3189 3327 3185 3326 3187 3330 3191 3331 3188 3329 3190 3331 3188 3330 3191 3324 3183 3325 3186 3331 3188 3335 3192 3337 3196 3336 3193 3335 3192 3339 3198 3340 3195 3338 3197 3340 3195 3339 3198 3342 3200 3343 3202 3340 3195 3341 3201 3343 3202 3342 3200 3336 3193 3337 3196 3343 3202 3347 3203 3349 3206 3348 3204 3347 3203 3351 3208 3352 3205 3350 3207 3352 3205 3351 3208 3354 3209 3355 3211 3352 3205 3353 3210 3355 3211 3354 3209 3348 3204 3349 3206 3355 3211 3359 3212 3361 3215 3360 3213 3363 3214 3364 3218 3361 3215 3362 3216 3364 3218 3363 3214 3362 3216 3366 3220 3367 3217 3365 3219 3367 3217 3366 3220 3360 3213 3361 3215 3367 3217 3371 3222 3373 3226 3372 3223 3375 3225 3376 3229 3373 3226 3374 3227 3376 3229 3375 3225 3378 3228 3379 3231 3376 3229 3377 3230 3379 3231 3378 3228 3377 3230 3372 3223 3373 3226 3383 3232 3385 3235 3384 3233 3387 3234 3388 3238 3385 3235 3386 3236 3388 3238 3387 3234 3386 3236 3390 3240 3391 3237 3389 3239 3391 3237 3390 3240 3384 3233 3385 3235 3391 3237 3395 3242 3397 3245 3396 3243 3399 3244 3400 3248 3397 3245 3398 3246 3400 3248 3399 3244 3398 3246 3402 3250 3403 3247 3401 3249 3403 3247 3402 3250 3396 3243 3397 3245 3403 3247 3407 3251 3409 3254 3408 3252 3407 3251 3411 3256 3412 3253 3410 3255 3412 3253 3411 3256 3414 3257 3415 3260 3412 3253 3413 3258 3415 3260 3414 3257 3408 3252 3409 3254 3415 3260 3320 3184 3324 3183 3347 3203 3324 3183 3329 3190 3351 3208 3329 3190 3322 3178 3345 3177 3332 3194 3336 3193 3326 3187 3336 3193 3341 3201 3330 3191 3341 3201 3334 3176 3322 3178 3356 2795 3360 3213 3338 3197 3360 3213 3365 3219 3342 3200 3365 3219 3358 3221 3334 3176 3357 3179 3346 3181 3354 3209 3362 3216 3354 3209 3350 3207 3366 3220 3350 3207 3345 3177 3344 2826 3348 3204 3395 3242 3348 3204 3353 3210 3399 3244 3353 3210 3346 3181 3393 3180 3404 3175 3408 3252 3359 3212 3408 3252 3413 3258 3363 3214 3413 3258 3406 3259 3357 3179 3405 3171 3394 3173 3402 3250 3410 3255 3402 3250 3398 3246 3414 3257 3398 3246 3393 3180 3392 2866 3396 3243 3371 3222 3396 3243 3401 3249 3375 3225 3401 3249 3394 3173 3369 3172 3380 3174 3384 3233 3407 3251 3384 3233 3389 3239 3411 3256 3389 3239 3382 3241 3405 3171 3381 3168 3370 3170 3378 3228 3386 3236 3378 3228 3374 3227 3374 3227 3369 3172 3382 3241 3368 3224 3372 3223 3323 3182 3372 3223 3377 3230 3327 3185 3377 3230 3370 3170 3321 3169 3333 3199 3339 3198 3383 3232 3339 3198 3335 3192 3387 3234 3335 3192 3332 3194 3381 3168 3392 2866 3368 3224 3320 3184 3477 3261 3428 3281 3417 3262 3501 2701 3478 3326 3465 2702 3452 2527 3429 2551 3476 2528 3430 2707 3454 3307 3441 2708 3453 3266 3502 3343 3489 3267 3419 3269 3421 3273 3420 3270 3423 3272 3424 3276 3421 3273 3422 3274 3424 3276 3423 3272 3422 3274 3426 3278 3427 3275 3425 3277 3427 3275 3426 3278 3420 3270 3421 3273 3427 3275 3431 3279 3433 3283 3432 3280 3431 3279 3435 3285 3436 3282 3434 3284 3436 3282 3435 3285 3438 3286 3439 3288 3436 3282 3437 3287 3439 3288 3438 3286 3432 3280 3433 3283 3439 3288 3443 3289 3445 3293 3444 3290 3443 3289 3447 3295 3448 3292 3446 3294 3448 3292 3447 3295 3450 3296 3451 3298 3448 3292 3449 3297 3451 3298 3450 3296 3444 3290 3445 3293 3451 3298 3455 3299 3457 3302 3456 3300 3459 3301 3460 3305 3457 3302 3458 3303 3460 3305 3459 3301 3462 3304 3463 3308 3460 3305 3461 3306 3463 3308 3462 3304 3461 3306 3456 3300 3457 3302 3467 2662 3469 3312 3468 3309 3471 3311 3472 3315 3469 3312 3470 3313 3472 3315 3471 3311 3474 3314 3475 2584 3472 3315 3473 3316 3475 2584 3474 3314 3473 3316 3468 3309 3469 3312 3479 3317 3481 3320 3480 3318 3483 3319 3484 3323 3481 3320 3482 3321 3484 3323 3483 3319 3482 3321 3486 3325 3487 3322 3485 3324 3487 3322 3486 3325 3480 3318 3481 3320 3487 3322 3491 3327 3493 3330 3492 2681 3495 3329 3496 3333 3493 3330 3494 3331 3496 3333 3495 3329 3498 3332 3499 3335 3496 3333 3497 3334 3499 3335 3498 3332 3497 3334 3492 2681 3493 3330 3503 3336 3505 2608 3504 3337 3503 3336 3507 3340 3508 3338 3506 3339 3508 3338 3507 3340 3510 3341 3511 3344 3508 3338 3509 3342 3511 3344 3510 3341 3504 3337 3505 2608 3511 3344 3416 3271 3420 3270 3443 3289 3420 3270 3425 3277 3447 3295 3425 3277 3418 3265 3441 2708 3428 3281 3432 3280 3422 3274 3432 3280 3437 3287 3426 3278 3437 3287 3430 2707 3418 3265 3452 2527 3456 3300 3434 3284 3456 3300 3461 3306 3438 3286 3461 3306 3454 3307 3430 2707 3442 3268 3450 3296 3458 3303 3450 3296 3446 3294 3462 3304 3446 3294 3441 2708 3454 3307 3440 3291 3444 3290 3491 3327 3444 3290 3449 3297 3495 3329 3449 3297 3442 3268 3489 3267 3500 2529 3504 3337 3455 3299 3504 3337 3509 3342 3459 3301 3509 3342 3502 3343 3453 3266 3490 3264 3498 3332 3506 3339 3498 3332 3494 3331 3510 3341 3494 3331 3489 3267 3502 3343 3488 3328 3492 2681 3467 2662 3492 2681 3497 3334 3471 3311 3497 3334 3490 3264 3465 2702 3476 2528 3480 3318 3503 3336 3480 3318 3485 3324 3507 3340 3485 3324 3478 3326 3501 2701 3466 3263 3474 3314 3482 3321 3474 3314 3470 3313 3486 3325 3470 3313 3465 2702 3478 3326 3464 3310 3468 3309 3419 3269 3468 3309 3473 3316 3423 3272 3473 3316 3466 3263 3417 3262 3429 2551 3435 3285 3479 3317 3435 3285 3431 3279 3483 3319 3431 3279 3428 3281 3477 3261 3488 3328 3464 3310 3416 3271 3573 2521 3524 3281 3513 3345 3597 2350 3574 2414 3561 2351 3548 2527 3525 2551 3572 2618 3526 2707 3550 2748 3537 2708 3549 3266 3598 2613 3585 2532 3515 3346 3517 3349 3516 3347 3519 3348 3520 3352 3517 3349 3518 3350 3520 3352 3519 3348 3518 3350 3522 3354 3523 3351 3521 3353 3523 3351 3522 3354 3516 3347 3517 3349 3523 3351 3527 3355 3529 2548 3528 3356 3527 3355 3531 3359 3532 3357 3530 3358 3532 3357 3531 3359 3534 3360 3535 3362 3532 3357 3533 3361 3535 3362 3534 3360 3528 3356 3529 2548 3535 3362 3539 3363 3541 2646 3540 3364 3539 3363 3543 3367 3544 3365 3542 3366 3544 3365 3543 3367 3546 3368 3547 3370 3544 3365 3545 3369 3547 3370 3546 3368 3540 3364 3541 2646 3547 3370 3551 3371 3553 3374 3552 3372 3555 3373 3556 3377 3553 3374 3554 3375 3556 3377 3555 3373 3558 3376 3559 3379 3556 3377 3557 3378 3559 3379 3558 3376 3557 3378 3552 3372 3553 3374 3563 3380 3565 3383 3564 3381 3567 3382 3568 3386 3565 3383 3566 3384 3568 3386 3567 3382 3570 3385 3571 3388 3568 3386 3569 3387 3571 3388 3570 3385 3569 3387 3564 3381 3565 3383 3575 3389 3577 3392 3576 3390 3579 3391 3580 3395 3577 3392 3578 3393 3580 3395 3579 3391 3578 3393 3582 3397 3583 3394 3581 3396 3583 3394 3582 3397 3576 3390 3577 3392 3583 3394 3587 3398 3589 3401 3588 3399 3591 3400 3592 3404 3589 3401 3590 3402 3592 3404 3591 3400 3594 3403 3595 3406 3592 3404 3593 3405 3595 3406 3594 3403 3593 3405 3588 3399 3589 3401 3599 3407 3601 3410 3600 3408 3599 3407 3603 3412 3604 3409 3602 3411 3604 3409 3603 3412 3606 3413 3607 3415 3604 3409 3605 3414 3607 3415 3606 3413 3600 3408 3601 3410 3607 3415 3512 2536 3516 3347 3539 3363 3516 3347 3521 3353 3543 3367 3521 3353 3514 2709 3537 2708 3524 3281 3528 3356 3518 3350 3528 3356 3533 3361 3522 3354 3533 3361 3526 2707 3514 2709 3548 2527 3552 3372 3530 3358 3552 3372 3557 3378 3534 3360 3557 3378 3550 2748 3526 2707 3538 3268 3546 3368 3554 3375 3546 3368 3542 3366 3558 3376 3542 3366 3537 2708 3550 2748 3536 2557 3540 3364 3587 3398 3540 3364 3545 3369 3591 3400 3545 3369 3538 3268 3585 2532 3596 2619 3600 3408 3551 3371 3600 3408 3605 3414 3555 3373 3605 3414 3598 2613 3549 3266 3586 2352 3594 3403 3602 3411 3594 3403 3590 3402 3606 3413 3590 3402 3585 2532 3598 2613 3584 2597 3588 3399 3563 3380 3588 3399 3593 3405 3567 3382 3593 3405 3586 2352 3561 2351 3572 2618 3576 3390 3599 3407 3576 3390 3581 3396 3603 3412 3581 3396 3574 2414 3597 2350 3562 2523 3570 3385 3578 3393 3570 3385 3566 3384 3582 3397 3566 3384 3561 2351 3574 2414 3560 2577 3564 3381 3515 3346 3564 3381 3569 3387 3519 3348 3569 3387 3562 2523 3513 3345 3525 2551 3531 3359 3575 3389 3531 3359 3527 3355 3579 3391 3527 3355 3524 3281 3573 2521 3584 2597 3560 2577 3512 2536 3669 3416 3620 2546 3609 2522 3693 2524 3670 2594 3657 2525 3644 2527 3621 2551 3668 3418 3622 2440 3646 2482 3633 2441 3645 2531 3694 3487 3681 3420 3611 3421 3613 2538 3612 3422 3615 3424 3616 3427 3613 2538 3614 3425 3616 3427 3615 3424 3614 3425 3618 3429 3619 3426 3617 3428 3619 3426 3618 3429 3612 3422 3613 2538 3619 3426 3623 2544 3625 2548 3624 3430 3623 2544 3627 2550 3628 2547 3626 2549 3628 2547 3627 2550 3630 3431 3631 3433 3628 2547 3629 3432 3631 3433 3630 3431 3624 3430 3625 2548 3631 3433 3635 3434 3637 3438 3636 3435 3635 3434 3639 3440 3640 3437 3638 3439 3640 3437 3639 3440 3642 3441 3643 3443 3640 3437 3641 3442 3643 3443 3642 3441 3636 3435 3637 3438 3643 3443 3647 2565 3649 2568 3648 2566 3651 3444 3652 3447 3649 2568 3650 3445 3652 3447 3651 3444 3654 3446 3655 3449 3652 3447 3653 3448 3655 3449 3654 3446 3653 3448 3648 2566 3649 2568 3659 3450 3661 3454 3660 3451 3659 3450 3663 3456 3664 3453 3662 3455 3664 3453 3663 3456 3666 3457 3667 3459 3664 3453 3665 3458 3667 3459 3666 3457 3665 3458 3660 3451 3661 3454 3671 3460 3673 3463 3672 3461 3675 3462 3676 3466 3673 3463 3674 3464 3676 3466 3675 3462 3674 3464 3678 3468 3679 3465 3677 3467 3679 3465 3678 3468 3672 3461 3673 3463 3679 3465 3683 3469 3685 3473 3684 3470 3687 3472 3688 3476 3685 3473 3686 3474 3688 3476 3687 3472 3686 3474 3690 3478 3691 3475 3689 3477 3691 3475 3690 3478 3684 3470 3685 3473 3691 3475 3695 3479 3697 3482 3696 3480 3695 3479 3699 3484 3700 3481 3698 3483 3700 3481 3699 3484 3702 3485 3703 3488 3700 3481 3701 3486 3703 3488 3702 3485 3696 3480 3697 3482 3703 3488 3608 3423 3612 3422 3635 3434 3612 3422 3617 3428 3639 3440 3617 3428 3610 2442 3633 2441 3620 2546 3624 3430 3614 3425 3624 3430 3629 3432 3618 3429 3629 3432 3622 2440 3610 2442 3644 2527 3648 2566 3626 2549 3648 2566 3653 3448 3630 3431 3653 3448 3646 2482 3622 2440 3634 2533 3642 3441 3650 3445 3642 3441 3638 3439 3654 3446 3638 3439 3633 2441 3646 2482 3632 3436 3636 3435 3683 3469 3636 3435 3641 3442 3687 3472 3641 3442 3634 2533 3681 3420 3692 3419 3696 3480 3647 2565 3696 3480 3701 3486 3651 3444 3701 3486 3694 3487 3645 2531 3682 2526 3690 3478 3698 3483 3690 3478 3686 3474 3702 3485 3686 3474 3681 3420 3694 3487 3680 3471 3684 3470 3659 3450 3684 3470 3689 3477 3663 3456 3689 3477 3682 2526 3657 2525 3668 3418 3672 3461 3695 3479 3672 3461 3677 3467 3699 3484 3677 3467 3670 2594 3693 2524 3658 3417 3666 3457 3674 3464 3666 3457 3662 3455 3678 3468 3662 3455 3657 2525 3670 2594 3656 3452 3660 3451 3611 3421 3660 3451 3665 3458 3615 3424 3665 3458 3658 3417 3609 2522 3621 2551 3627 2550 3671 3460 3627 2550 3623 2544 3675 3462 3623 2544 3620 2546 3669 3416 3680 3471 3656 3452 3608 3423 3765 3489 3716 3509 3705 3490 3789 2350 3766 3550 3753 2351 3740 3493 3717 3514 3764 2167 3718 2440 3742 2573 3729 2441 3741 3494 3790 3567 3777 3495 3707 3497 3709 3501 3708 3498 3711 3500 3712 3504 3709 3501 3710 3502 3712 3504 3711 3500 3714 3503 3715 3506 3712 3504 3713 3505 3715 3506 3714 3503 3713 3505 3708 3498 3709 3501 3719 3507 3721 3511 3720 3508 3719 3507 3723 3513 3724 3510 3722 3512 3724 3510 3723 3513 3726 3515 3727 3517 3724 3510 3725 3516 3727 3517 3726 3515 3725 3516 3720 3508 3721 3511 3731 3518 3733 3522 3732 3519 3735 3521 3736 3525 3733 3522 3734 3523 3736 3525 3735 3521 3738 3524 3739 3527 3736 3525 3737 3526 3739 3527 3738 3524 3732 3519 3733 3522 3739 3527 3743 3528 3745 3531 3744 3529 3747 3530 3748 3534 3745 3531 3746 3532 3748 3534 3747 3530 3750 3533 3751 2483 3748 3534 3749 3535 3751 2483 3750 3533 3749 3535 3744 3529 3745 3531 3755 2308 3757 3538 3756 3536 3759 3537 3760 3541 3757 3538 3758 3539 3760 3541 3759 3537 3762 3540 3763 3543 3760 3541 3761 3542 3763 3543 3762 3540 3761 3542 3756 3536 3757 3538 3767 2318 3769 3545 3768 2319 3771 3544 3772 3548 3769 3545 3770 3546 3772 3548 3771 3544 3774 3547 3775 3551 3772 3548 3773 3549 3775 3551 3774 3547 3773 3549 3768 2319 3769 3545 3779 3552 3781 3554 3780 2329 3783 3553 3784 3557 3781 3554 3782 3555 3784 3557 3783 3553 3786 3556 3787 3559 3784 3557 3785 3558 3787 3559 3786 3556 3785 3558 3780 2329 3781 3554 3791 2337 3793 3562 3792 3560 3795 3561 3796 3565 3793 3562 3794 3563 3796 3565 3795 3561 3798 3564 3799 3568 3796 3565 3797 3566 3799 3568 3798 3564 3792 3560 3793 3562 3799 3568 3704 3499 3708 3498 3731 3518 3708 3498 3713 3505 3735 3521 3713 3505 3706 2530 3729 2441 3716 3509 3720 3508 3710 3502 3720 3508 3725 3516 3714 3503 3725 3516 3718 2440 3706 2530 3740 3493 3744 3529 3722 3512 3744 3529 3749 3535 3726 3515 3749 3535 3742 2573 3718 2440 3730 3496 3738 3524 3746 3532 3738 3524 3734 3523 3750 3533 3734 3523 3729 2441 3742 2573 3728 3520 3732 3519 3779 3552 3732 3519 3737 3526 3783 3553 3737 3526 3730 3496 3777 3495 3788 2168 3792 3560 3743 3528 3792 3560 3797 3566 3747 3530 3797 3566 3790 3567 3741 3494 3778 3492 3786 3556 3794 3563 3786 3556 3782 3555 3798 3564 3782 3555 3777 3495 3790 3567 3776 2505 3780 2329 3755 2308 3780 2329 3785 3558 3759 3537 3785 3558 3778 3492 3753 2351 3764 2167 3768 2319 3791 2337 3768 2319 3773 3549 3795 3561 3773 3549 3766 3550 3789 2350 3754 3491 3762 3540 3770 3546 3762 3540 3758 3539 3774 3547 3758 3539 3753 2351 3766 3550 3752 2486 3756 3536 3707 3497 3756 3536 3761 3542 3711 3500 3761 3542 3754 3491 3705 3490 3717 3514 3723 3513 3767 2318 3723 3513 3719 3507 3771 3544 3719 3507 3716 3509 3765 3489 3776 2505 3752 2486 3704 3499 3861 2160 3812 3586 3801 2161 3885 2259 3862 3624 3849 2260 3836 3571 3813 3589 3860 2167 3814 3573 3838 3607 3825 3574 3837 2172 3886 3642 3873 2173 3803 3577 3805 2272 3804 2269 3807 3578 3808 3581 3805 2272 3806 3579 3808 3581 3807 3578 3810 3580 3811 3583 3808 3581 3809 3582 3811 3583 3810 3580 3809 3582 3804 2269 3805 2272 3815 3584 3817 3587 3816 3585 3815 3584 3819 3588 3820 2281 3818 2283 3820 2281 3819 3588 3822 3590 3823 3592 3820 2281 3821 3591 3823 3592 3822 3590 3821 3591 3816 3585 3817 3587 3827 2288 3829 2292 3828 3593 3831 3595 3832 3598 3829 2292 3830 3596 3832 3598 3831 3595 3834 3597 3835 3600 3832 3598 3833 3599 3835 3600 3834 3597 3828 3593 3829 2292 3835 3600 3839 3601 3841 2301 3840 2299 3843 3602 3844 3605 3841 2301 3842 3603 3844 3605 3843 3602 3846 3604 3847 3608 3844 3605 3845 3606 3847 3608 3846 3604 3845 3606 3840 2299 3841 2301 3851 3609 3853 3613 3852 3610 3855 3612 3856 3616 3853 3613 3854 3614 3856 3616 3855 3612 3858 3615 3859 2317 3856 3616 3857 3617 3859 2317 3858 3615 3857 3617 3852 3610 3853 3613 3863 2226 3865 3619 3864 2407 3867 3618 3868 3622 3865 3619 3866 3620 3868 3622 3867 3618 3870 3621 3871 2327 3868 3622 3869 3623 3871 2327 3870 3621 3869 3623 3864 2407 3865 3619 3875 3625 3877 3629 3876 3626 3879 3628 3880 3632 3877 3629 3878 3630 3880 3632 3879 3628 3882 3631 3883 3634 3880 3632 3881 3633 3883 3634 3882 3631 3881 3633 3876 3626 3877 3629 3887 2426 3889 3637 3888 3635 3891 3636 3892 3640 3889 3637 3890 3638 3892 3640 3891 3636 3894 3639 3895 3643 3892 3640 3893 3641 3895 3643 3894 3639 3888 3635 3889 3637 3895 3643 3800 2177 3804 2269 3827 2288 3804 2269 3809 3582 3831 3595 3809 3582 3802 3575 3825 3574 3812 3586 3816 3585 3806 3579 3816 3585 3821 3591 3810 3580 3821 3591 3814 3573 3802 3575 3836 3571 3840 2299 3818 2283 3840 2299 3845 3606 3822 3590 3845 3606 3838 3607 3814 3573 3826 3576 3834 3597 3842 3603 3834 3597 3830 3596 3846 3604 3830 3596 3825 3574 3838 3607 3824 3594 3828 3593 3875 3625 3828 3593 3833 3599 3879 3628 3833 3599 3826 3576 3873 2173 3884 3572 3888 3635 3839 3601 3888 3635 3893 3641 3843 3602 3893 3641 3886 3642 3837 2172 3874 3570 3882 3631 3890 3638 3882 3631 3878 3630 3894 3639 3878 3630 3873 2173 3886 3642 3872 3627 3876 3626 3851 3609 3876 3626 3881 3633 3855 3612 3881 3633 3874 3570 3849 2260 3860 2167 3864 2407 3887 2426 3864 2407 3869 3623 3891 3636 3869 3623 3862 3624 3885 2259 3850 3569 3858 3615 3866 3620 3858 3615 3854 3614 3870 3621 3854 3614 3849 2260 3862 3624 3848 3611 3852 3610 3803 3577 3852 3610 3857 3617 3807 3578 3857 3617 3850 3569 3801 2161 3813 3589 3819 3588 3863 2226 3819 3588 3815 3584 3867 3618 3815 3584 3812 3586 3861 2160 3872 3627 3848 3611 3800 2177 3957 3644 3908 3665 3897 3645 3981 3647 3958 3706 3945 3648 3932 2166 3909 2192 3956 2167 3910 2354 3934 2395 3921 2355 3933 3650 3982 3722 3969 3651 3899 3653 3901 3657 3900 3654 3903 3656 3904 3660 3901 3657 3902 3658 3904 3660 3903 3656 3906 3659 3907 3662 3904 3660 3905 3661 3907 3662 3906 3659 3905 3661 3900 3654 3901 3657 3911 3663 3913 3667 3912 3664 3911 3663 3915 3669 3916 3666 3914 3668 3916 3666 3915 3669 3918 3670 3919 3672 3916 3666 3917 3671 3919 3672 3918 3670 3917 3671 3912 3664 3913 3667 3923 3673 3925 3677 3924 3674 3927 3676 3928 3680 3925 3677 3926 3678 3928 3680 3927 3676 3930 3679 3931 3682 3928 3680 3929 3681 3931 3682 3930 3679 3924 3674 3925 3677 3931 3682 3935 3683 3937 3686 3936 3684 3939 3685 3940 3689 3937 3686 3938 3687 3940 3689 3939 3685 3942 3688 3943 3691 3940 3689 3941 3690 3943 3691 3942 3688 3941 3690 3936 3684 3937 3686 3947 2216 3949 3694 3948 3692 3951 3693 3952 3697 3949 3694 3950 3695 3952 3697 3951 3693 3954 3696 3955 3699 3952 3697 3953 3698 3955 3699 3954 3696 3953 3698 3948 3692 3949 3694 3959 2226 3961 3701 3960 2227 3963 3700 3964 3704 3961 3701 3962 3702 3964 3704 3963 3700 3966 3703 3967 3707 3964 3704 3965 3705 3967 3707 3966 3703 3965 3705 3960 2227 3961 3701 3971 2236 3973 3709 3972 2237 3975 3708 3976 3712 3973 3709 3974 3710 3976 3712 3975 3708 3978 3711 3979 3714 3976 3712 3977 3713 3979 3714 3978 3711 3977 3713 3972 2237 3973 3709 3983 2246 3985 3717 3984 3715 3987 3716 3988 3720 3985 3717 3986 3718 3988 3720 3987 3716 3990 3719 3991 3723 3988 3720 3989 3721 3991 3723 3990 3719 3984 3715 3985 3717 3991 3723 3896 3655 3900 3654 3923 3673 3900 3654 3905 3661 3927 3676 3905 3661 3898 2356 3921 2355 3908 3665 3912 3664 3902 3658 3912 3664 3917 3671 3906 3659 3917 3671 3910 2354 3898 2356 3932 2166 3936 3684 3914 3668 3936 3684 3941 3690 3918 3670 3941 3690 3934 2395 3910 2354 3922 3652 3930 3679 3938 3687 3930 3679 3926 3678 3942 3688 3926 3678 3921 2355 3934 2395 3920 3675 3924 3674 3971 2236 3924 3674 3929 3681 3975 3708 3929 3681 3922 3652 3969 3651 3980 2168 3984 3715 3935 3683 3984 3715 3989 3721 3939 3685 3989 3721 3982 3722 3933 3650 3970 3649 3978 3711 3986 3718 3978 3711 3974 3710 3990 3719 3974 3710 3969 3651 3982 3722 3968 2238 3972 2237 3947 2216 3972 2237 3977 3713 3951 3693 3977 3713 3970 3649 3945 3648 3956 2167 3960 2227 3983 2246 3960 2227 3965 3705 3987 3716 3965 3705 3958 3706 3981 3647 3946 3646 3954 3696 3962 3702 3954 3696 3950 3695 3966 3703 3950 3695 3945 3648 3958 3706 3944 2218 3948 3692 3899 3653 3948 3692 3953 3698 3903 3656 3953 3698 3946 3646 3897 3645 3909 2192 3915 3669 3959 2226 3915 3669 3911 3663 3963 3700 3911 3663 3908 3665 3957 3644 3968 2238 3944 2218 3896 3655 4053 3724 4004 3751 3993 3725 4077 3727 4054 3799 4041 3728 4028 3730 4005 3756 4052 3731 4006 3733 4030 3780 4017 3734 4018 3736 4029 3775 4078 3737 3995 3739 3997 3743 3996 3740 3999 3742 4000 3746 3997 3743 3998 3744 4000 3746 3999 3742 4002 3745 4003 3748 4000 3746 4001 3747 4003 3748 4002 3745 3996 3740 3997 3743 4003 3748 4007 3749 4009 3753 4008 3750 4007 3749 4011 3755 4012 3752 4010 3754 4012 3752 4011 3755 4014 3757 4015 3759 4012 3752 4013 3758 4015 3759 4014 3757 4008 3750 4009 3753 4015 3759 4019 3760 4021 3764 4020 3761 4019 3760 4023 3766 4024 3763 4022 3765 4024 3763 4023 3766 4022 3765 4026 3769 4027 3767 4025 3768 4027 3767 4026 3769 4025 3768 4020 3761 4021 3764 4031 3770 4033 3773 4032 3771 4035 3772 4036 3777 4033 3773 4034 3774 4036 3777 4035 3772 4034 3774 4038 3779 4039 3776 4037 3778 4039 3776 4038 3779 4037 3778 4032 3771 4033 3773 4043 3781 4045 3785 4044 3782 4047 3784 4048 3788 4045 3785 4046 3786 4048 3788 4047 3784 4050 3787 4051 3790 4048 3788 4049 3789 4051 3790 4050 3787 4049 3789 4044 3782 4045 3785 4055 3791 4057 3794 4056 3792 4059 3793 4060 3797 4057 3794 4058 3795 4060 3797 4059 3793 4062 3796 4063 3800 4060 3797 4061 3798 4063 3800 4062 3796 4056 3792 4057 3794 4063 3800 4067 3801 4069 3805 4068 3802 4071 3804 4072 3808 4069 3805 4070 3806 4072 3808 4071 3804 4070 3806 4074 3810 4075 3807 4073 3809 4075 3807 4074 3810 4073 3809 4068 3802 4069 3805 4079 3811 4081 3814 4080 3812 4079 3811 4083 3816 4084 3813 4082 3815 4084 3813 4083 3816 4082 3815 4086 3819 4087 3817 4085 3818 4087 3817 4086 3819 4085 3818 4080 3812 4081 3814 3992 3741 3996 3740 4019 3760 3996 3740 4001 3747 4023 3766 4001 3747 3994 3735 4017 3734 4004 3751 4008 3750 3998 3744 3998 3744 4008 3750 4013 3758 4002 3745 4013 3758 4006 3733 4028 3730 4032 3771 4010 3754 4032 3771 4037 3778 4014 3757 4037 3778 4030 3780 4006 3733 4029 3775 4018 3736 4026 3769 4026 3769 4022 3765 4038 3779 4038 3779 4022 3765 4017 3734 4064 3803 4016 3762 4020 3761 4067 3801 4020 3761 4025 3768 4071 3804 4025 3768 4018 3736 4028 3730 4076 3732 4080 3812 4031 3770 4080 3812 4085 3818 4035 3772 4085 3818 4078 3737 4077 3727 4066 3729 4074 3810 4074 3810 4070 3806 4086 3819 4086 3819 4070 3806 4065 3738 4064 3803 4068 3802 4043 3781 4068 3802 4073 3809 4047 3784 4073 3809 4066 3729 4041 3728 4052 3731 4056 3792 4079 3811 4056 3792 4061 3798 4083 3816 4061 3798 4054 3799 4077 3727 4042 3726 4050 3787 4058 3795 4058 3795 4050 3787 4046 3786 4062 3796 4046 3786 4041 3728 4040 3783 4044 3782 3995 3739 4044 3782 4049 3789 3999 3742 4049 3789 4042 3726 3993 3725 4005 3756 4011 3755 4055 3791 4011 3755 4007 3749 4059 3793 4007 3749 4004 3751 4053 3724 4064 3803 4040 3783 3992 3741 4149 3820 4100 3847 4089 3821 4173 3823 4150 3895 4137 3824 4124 3826 4101 3852 4148 3827 4102 3829 4126 3876 4113 3830 4114 3832 4125 3871 4174 3833 4091 3835 4093 3839 4092 3836 4095 3838 4096 3842 4093 3839 4094 3840 4096 3842 4095 3838 4098 3841 4099 3844 4096 3842 4097 3843 4099 3844 4098 3841 4092 3836 4093 3839 4099 3844 4103 3845 4105 3849 4104 3846 4103 3845 4107 3851 4108 3848 4106 3850 4108 3848 4107 3851 4106 3850 4110 3855 4111 3853 4109 3854 4111 3853 4110 3855 4104 3846 4105 3849 4111 3853 4115 3856 4117 3860 4116 3857 4115 3856 4119 3862 4120 3859 4118 3861 4120 3859 4119 3862 4118 3861 4122 3865 4123 3863 4121 3864 4123 3863 4122 3865 4121 3864 4116 3857 4117 3860 4127 3866 4129 3869 4128 3867 4131 3868 4132 3873 4129 3869 4130 3870 4132 3873 4131 3868 4130 3870 4134 3875 4135 3872 4133 3874 4135 3872 4134 3875 4128 3867 4129 3869 4135 3872 4139 3877 4141 3881 4140 3878 4139 3877 4143 3883 4144 3880 4142 3882 4144 3880 4143 3883 4146 3884 4147 3886 4144 3880 4145 3885 4147 3886 4146 3884 4145 3885 4140 3878 4141 3881 4151 3887 4153 3890 4152 3888 4155 3889 4156 3893 4153 3890 4154 3891 4156 3893 4155 3889 4158 3892 4159 3896 4156 3893 4157 3894 4159 3896 4158 3892 4152 3888 4153 3890 4159 3896 4163 3897 4165 3901 4164 3898 4167 3900 4168 3904 4165 3901 4166 3902 4168 3904 4167 3900 4166 3902 4170 3906 4171 3903 4169 3905 4171 3903 4170 3906 4164 3898 4165 3901 4171 3903 4175 3907 4177 3910 4176 3908 4175 3907 4179 3912 4180 3909 4178 3911 4180 3909 4179 3912 4178 3911 4182 3915 4183 3913 4181 3914 4183 3913 4182 3915 4181 3914 4176 3908 4177 3910 4088 3837 4092 3836 4115 3856 4092 3836 4097 3843 4119 3862 4097 3843 4090 3831 4113 3830 4100 3847 4104 3846 4094 3840 4104 3846 4109 3854 4098 3841 4109 3854 4102 3829 4090 3831 4124 3826 4128 3867 4106 3850 4128 3867 4133 3874 4110 3855 4133 3874 4126 3876 4102 3829 4125 3871 4114 3832 4122 3865 4122 3865 4118 3861 4134 3875 4134 3875 4118 3861 4113 3830 4160 3899 4112 3858 4116 3857 4116 3857 4121 3864 4167 3900 4167 3900 4121 3864 4114 3832 4124 3826 4172 3828 4176 3908 4176 3908 4181 3914 4131 3868 4131 3868 4181 3914 4174 3833 4173 3823 4162 3825 4170 3906 4170 3906 4166 3902 4182 3915 4182 3915 4166 3902 4161 3834 4160 3899 4164 3898 4139 3877 4164 3898 4169 3905 4143 3883 4169 3905 4162 3825 4137 3824 4148 3827 4152 3888 4175 3907 4152 3888 4157 3894 4179 3912 4157 3894 4150 3895 4173 3823 4138 3822 4146 3884 4154 3891 4146 3884 4142 3882 4158 3892 4142 3882 4137 3824 4150 3895 4136 3879 4140 3878 4091 3835 4091 3835 4140 3878 4145 3885 4145 3885 4138 3822 4089 3821 4101 3852 4107 3851 4151 3887 4151 3887 4107 3851 4103 3845 4103 3845 4100 3847 4149 3820 4160 3899 4136 3879 4088 3837 4245 3916 4196 3943 4185 3917 4269 3919 4246 3992 4233 3920 4220 3922 4197 3948 4244 3923 4198 3925 4222 3972 4209 3926 4210 3928 4221 3968 4270 3929 4187 3931 4189 3935 4188 3932 4187 3931 4191 3937 4192 3934 4190 3936 4192 3934 4191 3937 4190 3936 4194 3940 4195 3938 4193 3939 4195 3938 4194 3940 4188 3932 4189 3935 4195 3938 4199 3941 4201 3945 4200 3942 4199 3941 4203 3947 4204 3944 4202 3946 4204 3944 4203 3947 4202 3946 4206 3951 4207 3949 4205 3950 4207 3949 4206 3951 4200 3942 4201 3945 4207 3949 4211 3952 4213 3956 4212 3953 4211 3952 4215 3958 4216 3955 4214 3957 4216 3955 4215 3958 4218 3959 4219 3961 4216 3955 4217 3960 4219 3961 4218 3959 4212 3953 4213 3956 4219 3961 4223 3962 4225 3965 4224 3963 4223 3962 4227 3967 4228 3964 4226 3966 4228 3964 4227 3967 4226 3966 4230 3971 4231 3969 4229 3970 4231 3969 4230 3971 4224 3963 4225 3965 4231 3969 4235 3973 4237 3977 4236 3974 4235 3973 4239 3979 4240 3976 4238 3978 4240 3976 4239 3979 4242 3980 4243 3982 4240 3976 4241 3981 4243 3982 4242 3980 4241 3981 4236 3974 4237 3977 4247 3983 4249 3986 4248 3984 4247 3983 4251 3988 4252 3985 4250 3987 4252 3985 4251 3988 4250 3987 4254 3991 4255 3989 4253 3990 4255 3989 4254 3991 4248 3984 4249 3986 4255 3989 4259 3993 4261 3997 4260 3994 4263 3996 4264 4000 4261 3997 4262 3998 4264 4000 4263 3996 4262 3998 4266 4002 4267 3999 4265 4001 4267 3999 4266 4002 4260 3994 4261 3997 4267 3999 4271 4003 4273 4006 4272 4004 4271 4003 4275 4008 4276 4005 4274 4007 4276 4005 4275 4008 4274 4007 4278 4011 4279 4009 4277 4010 4279 4009 4278 4011 4272 4004 4273 4006 4279 4009 4184 3933 4188 3932 4211 3952 4188 3932 4193 3939 4215 3958 4193 3939 4186 3927 4209 3926 4185 3917 4196 3943 4200 3942 4190 3936 4200 3942 4205 3950 4205 3950 4198 3925 4186 3927 4220 3922 4224 3963 4202 3946 4224 3963 4229 3970 4206 3951 4229 3970 4222 3972 4198 3925 4210 3928 4218 3959 4226 3966 4218 3959 4214 3957 4230 3971 4230 3971 4214 3957 4209 3926 4208 3954 4212 3953 4259 3993 4259 3993 4212 3953 4217 3960 4217 3960 4210 3928 4257 3930 4220 3922 4268 3924 4272 4004 4272 4004 4277 4010 4227 3967 4277 4010 4270 3929 4221 3968 4269 3919 4258 3921 4266 4002 4266 4002 4262 3998 4278 4011 4262 3998 4257 3930 4270 3929 4256 3995 4260 3994 4235 3973 4260 3994 4265 4001 4239 3979 4265 4001 4258 3921 4233 3920 4244 3923 4248 3984 4271 4003 4248 3984 4253 3990 4275 4008 4253 3990 4246 3992 4269 3919 4245 3916 4234 3918 4242 3980 4250 3987 4242 3980 4238 3978 4238 3978 4233 3920 4246 3992 4184 3933 4232 3975 4236 3974 4236 3974 4241 3981 4191 3937 4191 3937 4241 3981 4234 3918 4197 3948 4203 3947 4247 3983 4247 3983 4203 3947 4199 3941 4251 3988 4199 3941 4196 3943 4256 3995 4232 3975 4184 3933 4341 4012 4292 4039 4281 4013 4365 4015 4342 4088 4329 4016 4316 4018 4293 4044 4340 4019 4294 4021 4318 4068 4305 4022 4306 4024 4317 4063 4366 4025 4283 4027 4285 4031 4284 4028 4287 4030 4288 4034 4285 4031 4286 4032 4288 4034 4287 4030 4286 4032 4290 4036 4291 4033 4289 4035 4291 4033 4290 4036 4289 4035 4284 4028 4285 4031 4295 4037 4297 4041 4296 4038 4295 4037 4299 4043 4300 4040 4298 4042 4300 4040 4299 4043 4302 4045 4303 4047 4300 4040 4301 4046 4303 4047 4302 4045 4296 4038 4297 4041 4303 4047 4307 4048 4309 4052 4308 4049 4311 4051 4312 4055 4309 4052 4310 4053 4312 4055 4311 4051 4314 4054 4315 4057 4312 4055 4313 4056 4315 4057 4314 4054 4313 4056 4308 4049 4309 4052 4319 4058 4321 4061 4320 4059 4323 4060 4324 4065 4321 4061 4322 4062 4324 4065 4323 4060 4322 4062 4326 4067 4327 4064 4325 4066 4327 4064 4326 4067 4325 4066 4320 4059 4321 4061 4331 4069 4333 4073 4332 4070 4335 4072 4336 4076 4333 4073 4334 4074 4336 4076 4335 4072 4338 4075 4339 4078 4336 4076 4337 4077 4339 4078 4338 4075 4337 4077 4332 4070 4333 4073 4343 4079 4345 4082 4344 4080 4347 4081 4348 4085 4345 4082 4346 4083 4348 4085 4347 4081 4346 4083 4350 4087 4351 4084 4349 4086 4351 4084 4350 4087 4349 4086 4344 4080 4345 4082 4355 4089 4357 4093 4356 4090 4359 4092 4360 4096 4357 4093 4358 4094 4360 4096 4359 4092 4358 4094 4362 4098 4363 4095 4361 4097 4363 4095 4362 4098 4361 4097 4356 4090 4357 4093 4367 4099 4369 4102 4368 4100 4371 4101 4372 4105 4369 4102 4370 4103 4372 4105 4371 4101 4374 4104 4375 4107 4372 4105 4373 4106 4375 4107 4374 4104 4373 4106 4368 4100 4369 4102 4280 4029 4284 4028 4307 4048 4284 4028 4289 4035 4311 4051 4289 4035 4282 4023 4305 4022 4281 4013 4292 4039 4296 4038 4296 4038 4301 4046 4290 4036 4290 4036 4301 4046 4294 4021 4316 4018 4320 4059 4298 4042 4320 4059 4325 4066 4302 4045 4325 4066 4318 4068 4294 4021 4306 4024 4314 4054 4322 4062 4322 4062 4314 4054 4310 4053 4310 4053 4305 4022 4318 4068 4304 4050 4308 4049 4355 4089 4355 4089 4308 4049 4313 4056 4313 4056 4306 4024 4353 4026 4364 4020 4368 4100 4319 4058 4319 4058 4368 4100 4373 4106 4373 4106 4366 4025 4317 4063 4354 4017 4362 4098 4370 4103 4370 4103 4362 4098 4358 4094 4358 4094 4353 4026 4366 4025 4352 4091 4356 4090 4331 4069 4356 4090 4361 4097 4335 4072 4361 4097 4354 4017 4329 4016 4340 4019 4344 4080 4367 4099 4344 4080 4349 4086 4371 4101 4349 4086 4342 4088 4365 4015 4341 4012 4330 4014 4338 4075 4338 4075 4334 4074 4350 4087 4350 4087 4334 4074 4329 4016 4280 4029 4328 4071 4332 4070 4332 4070 4337 4077 4287 4030 4287 4030 4337 4077 4330 4014 4340 4019 4293 4044 4299 4043 4299 4043 4295 4037 4347 4081 4347 4081 4295 4037 4292 4039 4352 4091 4328 4071 4280 4029 5637 5319 5639 5351 5647 5320 5607 5322 5606 5355 5614 5323 5765 5325 5581 5416 5576 5326 5647 5320 5639 5351 5638 5328 5613 5330 5605 5332 5607 5322 5593 5331 5597 5382 5605 5332 5635 5334 5643 5342 5642 5335 5610 5337 5608 5404 5600 5338 5605 5332 5613 5330 5609 5340 5633 5341 5641 5357 5643 5342 5611 5343 5610 5337 5602 5339 5609 5340 5613 5330 5621 5345 5638 5328 5630 5352 5628 5347 5609 5340 5611 5343 5603 5344 5617 5346 5621 5345 5629 5349 5639 5351 5631 5372 5630 5352 5598 5353 5596 5374 5604 5354 5625 5350 5629 5349 5637 5319 5629 5349 5631 5372 5639 5351 5599 5356 5598 5353 5606 5355 5633 5341 5637 5319 5645 5321 5634 5336 5632 5413 5624 5358 5605 5332 5597 5382 5599 5356 5645 5321 5653 5422 5649 5360 5627 5361 5635 5334 5634 5336 5594 5362 5602 5339 5600 5338 5649 5360 5653 5422 5661 5364 5625 5350 5633 5341 5635 5334 5595 5366 5603 5344 5602 5339 5657 5365 5661 5364 5669 5367 5622 5369 5620 5393 5628 5347 5593 5331 5601 5333 5603 5344 5669 5367 5677 5375 5673 5370 5623 5371 5622 5369 5630 5352 5598 5353 5590 5397 5588 5373 5677 5375 5685 5378 5681 5376 5629 5349 5621 5345 5623 5371 5591 5377 5590 5397 5598 5353 5685 5378 5693 5383 5689 5379 5618 5380 5626 5359 5624 5358 5597 5382 5589 5405 5591 5377 5693 5383 5701 5458 5697 5384 5619 5385 5627 5361 5626 5359 5594 5362 5592 5363 5584 5386 5697 5384 5701 5458 5709 5388 5617 5346 5625 5350 5627 5361 5587 5390 5595 5366 5594 5362 5709 5388 5717 5395 5713 5391 5622 5369 5614 5323 5612 5392 5593 5331 5595 5366 5587 5390 5717 5395 5725 5399 5721 5396 5615 5324 5614 5323 5622 5369 5590 5397 5582 5510 5580 5398 5725 5399 5733 5402 5729 5400 5621 5345 5613 5330 5615 5324 5583 5401 5582 5510 5590 5397 5733 5402 5741 5486 5737 5403 5618 5380 5616 5381 5608 5404 5589 5405 5581 5416 5583 5401 5737 5403 5741 5486 5749 5406 5619 5385 5618 5380 5610 5337 5586 5387 5584 5386 5577 5408 5749 5406 5757 5412 5753 5410 5609 5340 5617 5346 5619 5385 5579 5411 5587 5390 5586 5387 5757 5412 5765 5325 5761 5327 5585 5394 5589 5405 5597 5382 5585 5394 5587 5390 5579 5411 5642 5335 5640 5420 5632 5413 5614 5323 5606 5355 5604 5354 5596 5374 5588 5373 5580 5398 5580 5398 5764 5508 5596 5374 5764 5508 5756 5501 5596 5374 5756 5501 5748 5495 5740 5489 5740 5489 5732 5483 5724 5414 5724 5414 5716 5472 5708 5466 5708 5466 5700 5460 5692 5453 5692 5453 5684 5446 5660 5415 5684 5446 5676 5441 5660 5415 5676 5441 5668 5435 5660 5415 5660 5415 5652 5424 5644 5417 5644 5417 5636 5348 5628 5347 5628 5347 5620 5393 5612 5392 5612 5392 5604 5354 5596 5374 5756 5501 5740 5489 5596 5374 5740 5489 5724 5414 5596 5374 5724 5414 5708 5466 5660 5415 5708 5466 5692 5453 5660 5415 5660 5415 5644 5417 5628 5347 5628 5347 5612 5392 5596 5374 5660 5415 5628 5347 5596 5374 5581 5416 5589 5405 5585 5394 5638 5328 5636 5348 5644 5417 5641 5357 5649 5360 5651 5418 5651 5418 5650 5426 5642 5335 5642 5335 5650 5426 5648 5419 5645 5321 5647 5320 5655 5421 5655 5421 5647 5320 5646 5329 5646 5329 5644 5417 5652 5424 5657 5365 5659 5425 5651 5418 5659 5425 5658 5427 5650 5426 5658 5427 5656 5432 5648 5419 5661 5364 5653 5422 5655 5421 5663 5428 5655 5421 5654 5423 5662 5429 5654 5423 5652 5424 5657 5365 5665 5368 5667 5430 5667 5430 5666 5437 5658 5427 5658 5427 5666 5437 5664 5431 5661 5364 5663 5428 5671 5433 5671 5433 5663 5428 5662 5429 5662 5429 5660 5415 5668 5435 5665 5368 5673 5370 5675 5436 5675 5436 5674 5443 5666 5437 5666 5437 5674 5443 5672 5438 5669 5367 5671 5433 5679 5439 5679 5439 5671 5433 5670 5434 5670 5434 5668 5435 5676 5441 5681 5376 5683 5447 5675 5436 5675 5436 5683 5447 5682 5442 5682 5442 5680 5450 5672 5438 5685 5378 5677 5375 5679 5439 5679 5439 5678 5440 5686 5445 5686 5445 5678 5440 5676 5441 5689 5379 5691 5448 5683 5447 5691 5448 5690 5449 5682 5442 5690 5449 5688 5456 5680 5450 5693 5383 5685 5378 5687 5444 5695 5451 5687 5444 5686 5445 5694 5452 5686 5445 5684 5446 5689 5379 5697 5384 5699 5454 5699 5454 5698 5455 5690 5449 5698 5455 5696 5463 5688 5456 5693 5383 5695 5451 5703 5457 5703 5457 5695 5451 5694 5452 5694 5452 5692 5453 5700 5460 5697 5384 5705 5389 5707 5461 5707 5461 5706 5468 5698 5455 5698 5455 5706 5468 5704 5462 5701 5458 5703 5457 5711 5464 5711 5464 5703 5457 5702 5459 5702 5459 5700 5460 5708 5466 5705 5389 5713 5391 5715 5467 5715 5467 5714 5474 5706 5468 5706 5468 5714 5474 5712 5469 5709 5388 5711 5464 5719 5470 5719 5470 5711 5464 5710 5465 5710 5465 5708 5466 5716 5472 5721 5396 5723 5477 5715 5467 5715 5467 5723 5477 5722 5473 5722 5473 5720 5480 5712 5469 5725 5399 5717 5395 5719 5470 5719 5470 5718 5471 5726 5476 5726 5476 5718 5471 5716 5472 5729 5400 5731 5478 5723 5477 5731 5478 5730 5485 5722 5473 5722 5473 5730 5485 5728 5479 5725 5399 5727 5475 5735 5481 5735 5481 5727 5475 5726 5476 5726 5476 5724 5414 5732 5483 5737 5403 5739 5490 5731 5478 5731 5478 5739 5490 5738 5484 5738 5484 5736 5492 5728 5479 5741 5486 5733 5402 5735 5481 5735 5481 5734 5482 5742 5488 5742 5488 5734 5482 5732 5483 5745 5407 5747 5496 5739 5490 5739 5490 5747 5496 5746 5491 5746 5491 5744 5498 5736 5492 5749 5406 5741 5486 5743 5487 5743 5487 5742 5488 5750 5494 5750 5494 5742 5488 5740 5489 5753 5410 5755 5503 5747 5496 5747 5496 5755 5503 5754 5497 5754 5497 5752 5505 5744 5498 5757 5412 5749 5406 5751 5493 5751 5493 5750 5494 5758 5500 5758 5500 5750 5494 5748 5495 5753 5410 5761 5327 5763 5502 5755 5503 5763 5502 5762 5504 5762 5504 5760 5509 5752 5505 5757 5412 5759 5499 5767 5506 5759 5499 5758 5500 5766 5507 5758 5500 5756 5501 5764 5508 5761 5327 5576 5326 5579 5411 5579 5411 5578 5409 5762 5504 5762 5504 5578 5409 5577 5408 5765 5325 5767 5506 5583 5401 5583 5401 5767 5506 5766 5507 5766 5507 5764 5508 5580 5398 5760 5509 5577 5408 5600 5338 5577 5408 5584 5386 5600 5338 5584 5386 5592 5363 5600 5338 5600 5338 5608 5404 5616 5381 5616 5381 5624 5358 5600 5338 5624 5358 5632 5413 5600 5338 5632 5413 5640 5420 5648 5419 5648 5419 5656 5432 5632 5413 5656 5432 5664 5431 5632 5413 5664 5431 5672 5438 5696 5463 5672 5438 5680 5450 5696 5463 5680 5450 5688 5456 5696 5463 5696 5463 5704 5462 5728 5479 5704 5462 5712 5469 5728 5479 5712 5469 5720 5480 5728 5479 5728 5479 5736 5492 5760 5509 5736 5492 5744 5498 5760 5509 5744 5498 5752 5505 5760 5509 5760 5509 5600 5338 5696 5463 5600 5338 5632 5413 5696 5463 5632 5413 5664 5431 5696 5463 5861 5545 5863 5577 5871 5546 5831 5548 5830 5581 5838 5549 5989 5551 5805 5645 5800 5552 5871 5546 5863 5577 5862 5554 5837 5556 5829 5558 5831 5548 5817 5557 5821 5609 5829 5558 5859 5560 5867 5568 5866 5561 5834 5563 5832 5632 5824 5564 5829 5558 5837 5556 5833 5566 5857 5567 5865 5583 5867 5568 5835 5569 5834 5563 5826 5565 5833 5566 5837 5556 5845 5571 5862 5554 5854 5578 5852 5573 5833 5566 5835 5569 5827 5570 5841 5572 5845 5571 5853 5575 5863 5577 5855 5599 5854 5578 5822 5579 5820 5601 5828 5580 5849 5576 5853 5575 5861 5545 5853 5575 5855 5599 5863 5577 5823 5582 5822 5579 5830 5581 5857 5567 5861 5545 5869 5547 5858 5562 5856 5642 5848 5584 5829 5558 5821 5609 5823 5582 5865 5583 5869 5547 5877 5586 5851 5588 5859 5560 5858 5562 5818 5589 5826 5565 5824 5564 5873 5587 5877 5586 5885 5591 5849 5576 5857 5567 5859 5560 5819 5593 5827 5570 5826 5565 5881 5592 5885 5591 5893 5594 5846 5596 5844 5621 5852 5573 5817 5557 5825 5559 5827 5570 5893 5594 5901 5602 5897 5597 5847 5598 5846 5596 5854 5578 5822 5579 5814 5625 5812 5600 5901 5602 5909 5605 5905 5603 5853 5575 5845 5571 5847 5598 5815 5604 5814 5625 5822 5579 5909 5605 5917 5610 5913 5606 5842 5607 5850 5585 5848 5584 5821 5609 5813 5633 5815 5604 5917 5610 5925 5615 5921 5611 5843 5612 5851 5588 5850 5585 5818 5589 5816 5590 5808 5613 5925 5615 5933 5618 5929 5616 5841 5572 5849 5576 5851 5588 5811 5617 5819 5593 5818 5589 5933 5618 5941 5623 5937 5619 5846 5596 5838 5549 5836 5620 5817 5557 5819 5593 5811 5617 5941 5623 5949 5627 5945 5624 5839 5550 5838 5549 5846 5596 5814 5625 5806 5736 5804 5626 5949 5627 5957 5630 5953 5628 5845 5571 5837 5556 5839 5550 5807 5629 5806 5736 5814 5625 5957 5630 5965 5634 5961 5631 5842 5607 5840 5608 5832 5632 5813 5633 5805 5645 5807 5629 5965 5634 5973 5638 5969 5635 5843 5612 5842 5607 5834 5563 5810 5614 5808 5613 5801 5636 5973 5638 5981 5641 5977 5639 5833 5566 5841 5572 5843 5612 5803 5640 5811 5617 5810 5614 5981 5641 5989 5551 5985 5553 5809 5622 5813 5633 5821 5609 5809 5622 5811 5617 5803 5640 5866 5561 5864 5649 5856 5642 5838 5549 5830 5581 5828 5580 5820 5601 5812 5600 5804 5626 5804 5626 5988 5734 5820 5601 5988 5734 5980 5728 5820 5601 5980 5728 5972 5721 5964 5715 5964 5715 5956 5710 5948 5643 5948 5643 5940 5699 5932 5693 5932 5693 5924 5687 5916 5681 5916 5681 5908 5674 5884 5644 5908 5674 5900 5669 5884 5644 5900 5669 5892 5663 5884 5644 5884 5644 5876 5652 5868 5646 5868 5646 5860 5574 5852 5573 5852 5573 5844 5621 5836 5620 5836 5620 5828 5580 5820 5601 5980 5728 5964 5715 5820 5601 5964 5715 5948 5643 5820 5601 5948 5643 5932 5693 5884 5644 5932 5693 5916 5681 5884 5644 5884 5644 5868 5646 5852 5573 5852 5573 5836 5620 5820 5601 5884 5644 5852 5573 5820 5601 5805 5645 5813 5633 5809 5622 5862 5554 5860 5574 5868 5646 5865 5583 5873 5587 5875 5647 5875 5647 5874 5654 5866 5561 5866 5561 5874 5654 5872 5648 5869 5547 5871 5546 5879 5650 5879 5650 5871 5546 5870 5555 5870 5555 5868 5646 5876 5652 5881 5592 5883 5653 5875 5647 5883 5653 5882 5655 5874 5654 5882 5655 5880 5660 5872 5648 5885 5591 5877 5586 5879 5650 5887 5656 5879 5650 5878 5651 5886 5657 5878 5651 5876 5652 5881 5592 5889 5595 5891 5658 5891 5658 5890 5665 5882 5655 5882 5655 5890 5665 5888 5659 5885 5591 5887 5656 5895 5661 5895 5661 5887 5656 5886 5657 5886 5657 5884 5644 5892 5663 5889 5595 5897 5597 5899 5664 5899 5664 5898 5671 5890 5665 5890 5665 5898 5671 5896 5666 5893 5594 5895 5661 5903 5667 5903 5667 5895 5661 5894 5662 5894 5662 5892 5663 5900 5669 5905 5603 5907 5675 5899 5664 5899 5664 5907 5675 5906 5670 5906 5670 5904 5678 5896 5666 5909 5605 5901 5602 5903 5667 5903 5667 5902 5668 5910 5673 5910 5673 5902 5668 5900 5669 5913 5606 5915 5676 5907 5675 5915 5676 5914 5677 5906 5670 5914 5677 5912 5684 5904 5678 5917 5610 5909 5605 5911 5672 5919 5679 5911 5672 5910 5673 5918 5680 5910 5673 5908 5674 5913 5606 5921 5611 5923 5682 5923 5682 5922 5683 5914 5677 5922 5683 5920 5690 5912 5684 5917 5610 5919 5679 5927 5685 5927 5685 5919 5679 5918 5680 5918 5680 5916 5681 5924 5687 5921 5611 5929 5616 5931 5688 5931 5688 5930 5695 5922 5683 5922 5683 5930 5695 5928 5689 5925 5615 5927 5685 5935 5691 5935 5691 5927 5685 5926 5686 5926 5686 5924 5687 5932 5693 5929 5616 5937 5619 5939 5694 5939 5694 5938 5701 5930 5695 5930 5695 5938 5701 5936 5696 5933 5618 5935 5691 5943 5697 5943 5697 5935 5691 5934 5692 5934 5692 5932 5693 5940 5699 5945 5624 5947 5704 5939 5694 5939 5694 5947 5704 5946 5700 5946 5700 5944 5707 5936 5696 5949 5627 5941 5623 5943 5697 5943 5697 5942 5698 5950 5703 5950 5703 5942 5698 5940 5699 5953 5628 5955 5705 5947 5704 5955 5705 5954 5712 5946 5700 5946 5700 5954 5712 5952 5706 5949 5627 5951 5702 5959 5708 5959 5708 5951 5702 5950 5703 5950 5703 5948 5643 5956 5710 5961 5631 5963 5716 5955 5705 5955 5705 5963 5716 5962 5711 5962 5711 5960 5718 5952 5706 5965 5634 5957 5630 5959 5708 5959 5708 5958 5709 5966 5714 5966 5714 5958 5709 5956 5710 5969 5635 5971 5722 5963 5716 5963 5716 5971 5722 5970 5717 5970 5717 5968 5725 5960 5718 5973 5638 5965 5634 5967 5713 5967 5713 5966 5714 5974 5720 5974 5720 5966 5714 5964 5715 5977 5639 5979 5730 5971 5722 5971 5722 5979 5730 5978 5723 5970 5717 5978 5723 5976 5724 5981 5641 5973 5638 5975 5719 5975 5719 5974 5720 5982 5727 5982 5727 5974 5720 5972 5721 5977 5639 5985 5553 5987 5729 5979 5730 5987 5729 5986 5731 5986 5731 5984 5735 5976 5724 5981 5641 5983 5726 5991 5732 5983 5726 5982 5727 5990 5733 5982 5727 5980 5728 5988 5734 5985 5553 5800 5552 5803 5640 5803 5640 5802 5637 5986 5731 5986 5731 5802 5637 5801 5636 5989 5551 5991 5732 5807 5629 5807 5629 5991 5732 5990 5733 5990 5733 5988 5734 5804 5626 5984 5735 5801 5636 5824 5564 5801 5636 5808 5613 5824 5564 5808 5613 5816 5590 5824 5564 5824 5564 5832 5632 5840 5608 5840 5608 5848 5584 5824 5564 5848 5584 5856 5642 5824 5564 5856 5642 5864 5649 5872 5648 5872 5648 5880 5660 5888 5659 5888 5659 5896 5666 5920 5690 5896 5666 5904 5678 5920 5690 5904 5678 5912 5684 5920 5690 5920 5690 5928 5689 5952 5706 5928 5689 5936 5696 5952 5706 5936 5696 5944 5707 5952 5706 5952 5706 5960 5718 5984 5735 5960 5718 5968 5725 5984 5735 5968 5725 5976 5724 5984 5735 5856 5642 5872 5648 5920 5690 5872 5648 5888 5659 5920 5690 5984 5735 5824 5564 5920 5690 5824 5564 5856 5642 5920 5690 6093 5773 6085 5807 6087 5774 6063 5776 6055 5809 6054 5777 6213 5779 6029 5857 6024 5780 6095 5775 6087 5774 6086 5782 6053 5784 6055 5809 6063 5776 6041 5786 6045 5835 6053 5784 6083 5788 6091 5872 6090 5789 6058 5791 6056 5856 6048 5792 6053 5784 6061 5785 6057 5794 6089 5795 6091 5872 6083 5788 6059 5797 6058 5791 6050 5793 6057 5794 6061 5785 6069 5799 6078 5801 6076 5822 6084 5802 6049 5787 6057 5794 6059 5797 6065 5800 6069 5799 6077 5803 6087 5774 6079 5825 6078 5801 6046 5805 6044 5827 6052 5806 6073 5804 6077 5803 6085 5807 6077 5803 6079 5825 6087 5774 6047 5808 6046 5805 6054 5777 6081 5796 6085 5807 6093 5773 6082 5790 6080 5866 6072 5810 6053 5784 6045 5835 6047 5808 6093 5773 6101 5876 6097 5812 6075 5813 6083 5788 6082 5790 6042 5814 6050 5793 6048 5792 6097 5812 6101 5876 6109 5816 6081 5796 6083 5788 6075 5813 6043 5818 6051 5798 6050 5793 6105 5817 6109 5816 6117 5819 6070 5821 6068 5845 6076 5822 6049 5787 6051 5798 6043 5818 6117 5819 6125 5828 6121 5823 6071 5824 6070 5821 6078 5801 6038 5826 6036 5850 6044 5827 6125 5828 6133 5831 6129 5829 6077 5803 6069 5799 6071 5824 6039 5830 6038 5826 6046 5805 6133 5831 6141 5836 6137 5832 6074 5811 6072 5810 6064 5833 6045 5835 6037 5858 6039 5830 6141 5836 6149 5910 6145 5837 6067 5838 6075 5813 6074 5811 6034 5839 6042 5814 6040 5815 6145 5837 6149 5910 6157 5841 6065 5800 6073 5804 6075 5813 6035 5843 6043 5818 6042 5814 6157 5841 6165 5847 6161 5844 6062 5778 6060 5867 6068 5845 6041 5786 6043 5818 6035 5843 6165 5847 6173 5851 6169 5848 6071 5824 6063 5776 6062 5778 6038 5826 6030 5853 6028 5849 6173 5851 6181 5854 6177 5852 6061 5785 6063 5776 6071 5824 6039 5830 6031 5964 6030 5853 6181 5854 6189 5941 6185 5855 6066 5834 6064 5833 6056 5856 6029 5857 6031 5964 6039 5830 6185 5855 6189 5941 6197 5859 6067 5838 6066 5834 6058 5791 6026 5861 6034 5839 6032 5840 6197 5859 6205 5865 6201 5863 6057 5794 6065 5800 6067 5838 6035 5843 6034 5839 6026 5861 6205 5865 6213 5779 6209 5781 6033 5846 6037 5858 6045 5835 6024 5780 6033 5846 6035 5843 6090 5789 6088 5875 6080 5866 6062 5778 6054 5777 6052 5806 6044 5827 6036 5850 6028 5849 6028 5849 6212 5962 6204 5956 6204 5956 6196 5950 6172 5868 6196 5950 6188 5944 6172 5868 6188 5944 6180 5937 6172 5868 6172 5868 6164 5926 6156 5920 6156 5920 6148 5913 6172 5868 6148 5913 6140 5869 6172 5868 6140 5869 6132 5902 6124 5896 6124 5896 6116 5890 6140 5869 6116 5890 6108 5870 6140 5869 6108 5870 6100 5879 6076 5822 6100 5879 6092 5871 6076 5822 6092 5871 6084 5802 6076 5822 6076 5822 6068 5845 6060 5867 6060 5867 6052 5806 6044 5827 6044 5827 6028 5849 6204 5956 6076 5822 6060 5867 6108 5870 6060 5867 6044 5827 6108 5870 6044 5827 6204 5956 6108 5870 6204 5956 6172 5868 6108 5870 6029 5857 6037 5858 6033 5846 6086 5782 6084 5802 6092 5871 6097 5812 6099 5881 6091 5872 6091 5872 6099 5881 6098 5873 6090 5789 6098 5873 6096 5874 6101 5876 6093 5773 6095 5775 6095 5775 6094 5783 6102 5878 6102 5878 6094 5783 6092 5871 6097 5812 6105 5817 6107 5880 6107 5880 6106 5882 6098 5873 6106 5882 6104 5887 6096 5874 6101 5876 6103 5877 6111 5883 6111 5883 6103 5877 6102 5878 6110 5884 6102 5878 6100 5879 6105 5817 6113 5820 6115 5885 6115 5885 6114 5886 6106 5882 6114 5886 6112 5893 6104 5887 6109 5816 6111 5883 6119 5888 6119 5888 6111 5883 6110 5884 6118 5889 6110 5884 6108 5870 6121 5823 6123 5898 6115 5885 6115 5885 6123 5898 6122 5891 6114 5886 6122 5891 6120 5892 6125 5828 6117 5819 6119 5888 6119 5888 6118 5889 6126 5895 6126 5895 6118 5889 6116 5890 6121 5823 6129 5829 6131 5897 6131 5897 6130 5899 6122 5891 6130 5899 6128 5905 6120 5892 6125 5828 6127 5894 6135 5900 6135 5900 6127 5894 6126 5895 6126 5895 6124 5896 6132 5902 6137 5832 6139 5908 6131 5897 6131 5897 6139 5908 6138 5903 6130 5899 6138 5903 6136 5904 6141 5836 6133 5831 6135 5900 6135 5900 6134 5901 6142 5907 6134 5901 6132 5902 6140 5869 6145 5837 6147 5915 6139 5908 6139 5908 6147 5915 6146 5909 6146 5909 6144 5917 6136 5904 6149 5910 6141 5836 6143 5906 6143 5906 6142 5907 6150 5912 6142 5907 6140 5869 6148 5913 6145 5837 6153 5842 6155 5914 6155 5914 6154 5916 6146 5909 6154 5916 6152 5923 6144 5917 6149 5910 6151 5911 6159 5918 6159 5918 6151 5911 6150 5912 6150 5912 6148 5913 6156 5920 6153 5842 6161 5844 6163 5921 6163 5921 6162 5928 6154 5916 6154 5916 6162 5928 6160 5922 6157 5841 6159 5918 6167 5924 6167 5924 6159 5918 6158 5919 6166 5925 6158 5919 6156 5920 6169 5848 6171 5927 6163 5921 6171 5927 6170 5933 6162 5928 6162 5928 6170 5933 6168 5929 6165 5847 6167 5924 6175 5930 6167 5924 6166 5925 6174 5931 6174 5931 6166 5925 6164 5926 6177 5852 6179 5932 6171 5927 6179 5932 6178 5939 6170 5933 6170 5933 6178 5939 6176 5934 6173 5851 6175 5930 6183 5935 6183 5935 6175 5930 6174 5931 6182 5936 6174 5931 6172 5868 6185 5855 6187 5945 6179 5932 6179 5932 6187 5945 6186 5938 6178 5939 6186 5938 6184 5940 6189 5941 6181 5854 6183 5935 6183 5935 6182 5936 6190 5943 6190 5943 6182 5936 6180 5937 6193 5860 6195 5952 6187 5945 6187 5945 6195 5952 6194 5946 6186 5938 6194 5946 6192 5947 6197 5859 6189 5941 6191 5942 6199 5948 6191 5942 6190 5943 6190 5943 6188 5944 6196 5950 6193 5860 6201 5863 6203 5951 6203 5951 6202 5953 6194 5946 6202 5953 6200 5959 6192 5947 6197 5859 6199 5948 6207 5954 6207 5954 6199 5948 6198 5949 6206 5955 6198 5949 6196 5950 6201 5863 6209 5781 6211 5957 6211 5957 6210 5958 6202 5953 6210 5958 6208 5963 6200 5959 6205 5865 6207 5954 6215 5960 6215 5960 6207 5954 6206 5955 6214 5961 6206 5955 6204 5956 6024 5780 6027 5864 6211 5957 6211 5957 6027 5864 6026 5861 6026 5861 6025 5862 6208 5963 6029 5857 6213 5779 6215 5960 6215 5960 6214 5961 6030 5853 6214 5961 6212 5962 6028 5849 6208 5963 6025 5862 6048 5792 6025 5862 6032 5840 6048 5792 6032 5840 6040 5815 6048 5792 6048 5792 6056 5856 6064 5833 6064 5833 6072 5810 6048 5792 6072 5810 6080 5866 6048 5792 6080 5866 6088 5875 6096 5874 6096 5874 6104 5887 6112 5893 6112 5893 6120 5892 6144 5917 6120 5892 6128 5905 6144 5917 6128 5905 6136 5904 6144 5917 6144 5917 6152 5923 6160 5922 6160 5922 6168 5929 6144 5917 6168 5929 6176 5934 6144 5917 6176 5934 6184 5940 6192 5947 6192 5947 6200 5959 6208 5963 6080 5866 6096 5874 6144 5917 6096 5874 6112 5893 6144 5917 6176 5934 6192 5947 6144 5917 6192 5947 6208 5963 6144 5917 6208 5963 6048 5792 6144 5917 6317 6002 6309 6036 6311 6003 6287 6005 6279 6038 6278 6006 6437 6008 6253 6088 6248 6009 6319 6004 6311 6003 6310 6011 6277 6013 6279 6038 6287 6005 6265 6015 6269 6065 6277 6013 6307 6017 6315 6104 6314 6018 6282 6020 6280 6087 6272 6021 6277 6013 6285 6014 6281 6023 6313 6024 6315 6104 6307 6017 6283 6026 6282 6020 6274 6022 6281 6023 6285 6014 6293 6028 6302 6030 6300 6052 6308 6031 6273 6016 6281 6023 6283 6026 6289 6029 6293 6028 6301 6032 6311 6003 6303 6055 6302 6030 6270 6034 6268 6057 6276 6035 6297 6033 6301 6032 6309 6036 6301 6032 6303 6055 6311 6003 6271 6037 6270 6034 6278 6006 6305 6025 6309 6036 6317 6002 6306 6019 6304 6098 6296 6039 6277 6013 6269 6065 6271 6037 6313 6024 6317 6002 6325 6041 6299 6043 6307 6017 6306 6019 6266 6044 6274 6022 6272 6021 6321 6042 6325 6041 6333 6046 6305 6025 6307 6017 6299 6043 6267 6048 6275 6027 6274 6022 6329 6047 6333 6046 6341 6049 6294 6051 6292 6076 6300 6052 6273 6016 6275 6027 6267 6048 6341 6049 6349 6058 6345 6053 6295 6054 6294 6051 6302 6030 6262 6056 6260 6081 6268 6057 6349 6058 6357 6061 6353 6059 6301 6032 6293 6028 6295 6054 6263 6060 6262 6056 6270 6034 6357 6061 6365 6066 6361 6062 6298 6040 6296 6039 6288 6063 6269 6065 6261 6089 6263 6060 6365 6066 6373 6071 6369 6067 6291 6068 6299 6043 6298 6040 6258 6069 6266 6044 6264 6045 6373 6071 6381 6074 6377 6072 6289 6029 6297 6033 6299 6043 6259 6073 6267 6048 6266 6044 6381 6074 6389 6078 6385 6075 6286 6007 6284 6099 6292 6076 6265 6015 6267 6048 6259 6073 6389 6078 6397 6082 6393 6079 6295 6054 6287 6005 6286 6007 6262 6056 6254 6084 6252 6080 6397 6082 6405 6085 6401 6083 6285 6014 6287 6005 6295 6054 6263 6060 6255 6193 6254 6084 6405 6085 6413 6090 6409 6086 6290 6064 6288 6063 6280 6087 6253 6088 6255 6193 6263 6060 6413 6090 6421 6094 6417 6091 6291 6068 6290 6064 6282 6020 6250 6092 6258 6069 6256 6070 6421 6094 6429 6097 6425 6095 6281 6023 6289 6029 6291 6068 6259 6073 6258 6069 6250 6092 6429 6097 6437 6008 6433 6010 6257 6077 6261 6089 6269 6065 6248 6009 6257 6077 6259 6073 6314 6018 6312 6107 6304 6098 6286 6007 6278 6006 6276 6035 6268 6057 6260 6081 6252 6080 6252 6080 6436 6191 6428 6185 6428 6185 6420 6179 6396 6100 6420 6179 6412 6173 6396 6100 6412 6173 6404 6167 6396 6100 6396 6100 6388 6156 6380 6150 6380 6150 6372 6143 6396 6100 6372 6143 6364 6101 6396 6100 6364 6101 6356 6133 6348 6127 6348 6127 6340 6121 6364 6101 6340 6121 6332 6102 6364 6101 6332 6102 6324 6110 6300 6052 6324 6110 6316 6103 6300 6052 6316 6103 6308 6031 6300 6052 6300 6052 6292 6076 6284 6099 6284 6099 6276 6035 6268 6057 6268 6057 6252 6080 6428 6185 6300 6052 6284 6099 6332 6102 6284 6099 6268 6057 6332 6102 6268 6057 6428 6185 6332 6102 6428 6185 6396 6100 6332 6102 6253 6088 6261 6089 6257 6077 6310 6011 6308 6031 6316 6103 6321 6042 6323 6112 6315 6104 6315 6104 6323 6112 6322 6105 6314 6018 6322 6105 6320 6106 6325 6041 6317 6002 6319 6004 6319 6004 6318 6012 6326 6109 6326 6109 6318 6012 6316 6103 6321 6042 6329 6047 6331 6111 6331 6111 6330 6113 6322 6105 6330 6113 6328 6118 6320 6106 6325 6041 6327 6108 6335 6114 6335 6114 6327 6108 6326 6109 6334 6115 6326 6109 6324 6110 6329 6047 6337 6050 6339 6116 6339 6116 6338 6117 6330 6113 6338 6117 6336 6124 6328 6118 6333 6046 6335 6114 6343 6119 6343 6119 6335 6114 6334 6115 6342 6120 6334 6115 6332 6102 6345 6053 6347 6129 6339 6116 6339 6116 6347 6129 6346 6122 6338 6117 6346 6122 6344 6123 6349 6058 6341 6049 6343 6119 6343 6119 6342 6120 6350 6126 6342 6120 6340 6121 6348 6127 6345 6053 6353 6059 6355 6128 6355 6128 6354 6130 6346 6122 6354 6130 6352 6136 6344 6123 6349 6058 6351 6125 6359 6131 6359 6131 6351 6125 6350 6126 6350 6126 6348 6127 6356 6133 6361 6062 6363 6139 6355 6128 6355 6128 6363 6139 6362 6134 6354 6130 6362 6134 6360 6135 6365 6066 6357 6061 6359 6131 6359 6131 6358 6132 6366 6138 6358 6132 6356 6133 6364 6101 6369 6067 6371 6145 6363 6139 6363 6139 6371 6145 6370 6140 6370 6140 6368 6147 6360 6135 6373 6071 6365 6066 6367 6137 6367 6137 6366 6138 6374 6142 6366 6138 6364 6101 6372 6143 6369 6067 6377 6072 6379 6144 6379 6144 6378 6146 6370 6140 6378 6146 6376 6153 6368 6147 6373 6071 6375 6141 6383 6148 6383 6148 6375 6141 6374 6142 6374 6142 6372 6143 6380 6150 6377 6072 6385 6075 6387 6151 6387 6151 6386 6158 6378 6146 6378 6146 6386 6158 6384 6152 6381 6074 6383 6148 6391 6154 6391 6154 6383 6148 6382 6149 6390 6155 6382 6149 6380 6150 6393 6079 6395 6157 6387 6151 6395 6157 6394 6163 6386 6158 6386 6158 6394 6163 6392 6159 6389 6078 6391 6154 6399 6160 6391 6154 6390 6155 6398 6161 6398 6161 6390 6155 6388 6156 6401 6083 6403 6162 6395 6157 6403 6162 6402 6169 6394 6163 6394 6163 6402 6169 6400 6164 6397 6082 6399 6160 6407 6165 6407 6165 6399 6160 6398 6161 6406 6166 6398 6161 6396 6100 6409 6086 6411 6174 6403 6162 6403 6162 6411 6174 6410 6168 6402 6169 6410 6168 6408 6170 6413 6090 6405 6085 6407 6165 6407 6165 6406 6166 6414 6172 6414 6172 6406 6166 6404 6167 6417 6091 6419 6181 6411 6174 6411 6174 6419 6181 6418 6175 6410 6168 6418 6175 6416 6176 6421 6094 6413 6090 6415 6171 6423 6177 6415 6171 6414 6172 6414 6172 6412 6173 6420 6179 6417 6091 6425 6095 6427 6180 6427 6180 6426 6182 6418 6175 6426 6182 6424 6188 6416 6176 6421 6094 6423 6177 6431 6183 6431 6183 6423 6177 6422 6178 6430 6184 6422 6178 6420 6179 6425 6095 6433 6010 6435 6186 6435 6186 6434 6187 6426 6182 6434 6187 6432 6192 6424 6188 6429 6097 6431 6183 6439 6189 6439 6189 6431 6183 6430 6184 6438 6190 6430 6184 6428 6185 6248 6009 6251 6096 6435 6186 6435 6186 6251 6096 6250 6092 6250 6092 6249 6093 6432 6192 6253 6088 6437 6008 6439 6189 6439 6189 6438 6190 6254 6084 6438 6190 6436 6191 6252 6080 6432 6192 6249 6093 6272 6021 6249 6093 6256 6070 6272 6021 6256 6070 6264 6045 6272 6021 6272 6021 6280 6087 6288 6063 6288 6063 6296 6039 6272 6021 6296 6039 6304 6098 6272 6021 6304 6098 6312 6107 6320 6106 6320 6106 6328 6118 6336 6124 6336 6124 6344 6123 6368 6147 6344 6123 6352 6136 6368 6147 6352 6136 6360 6135 6368 6147 6368 6147 6376 6153 6384 6152 6384 6152 6392 6159 6368 6147 6392 6159 6400 6164 6368 6147 6400 6164 6408 6170 6416 6176 6416 6176 6424 6188 6432 6192 6304 6098 6320 6106 6368 6147 6320 6106 6336 6124 6368 6147 6400 6164 6416 6176 6368 6147 6416 6176 6432 6192 6368 6147 6432 6192 6272 6021 6368 6147 6541 6230 6533 6265 6535 6231 6503 6233 6502 6264 6510 6234 6661 6236 6477 5857 6472 6237 6535 6231 6534 6259 6542 6239 6501 6240 6503 6233 6511 6235 6489 6242 6493 6292 6501 6240 6531 6244 6539 6328 6538 6245 6506 6247 6504 6313 6496 6248 6501 6240 6509 6241 6505 6250 6537 6251 6539 6328 6531 6244 6507 6253 6506 6247 6498 6249 6505 6250 6509 6241 6517 6255 6526 6257 6524 6279 6532 6258 6497 6243 6505 6250 6507 6253 6513 6256 6517 6255 6525 6260 6535 6231 6527 6282 6526 6257 6494 6262 6492 6284 6500 6263 6521 6261 6525 6260 6533 6265 6525 6260 6527 6282 6535 6231 6495 6266 6494 6262 6502 6264 6529 6252 6533 6265 6541 6230 6530 6246 6528 6322 6520 6267 6501 6240 6493 6292 6495 6266 6541 6230 6549 6332 6545 6269 6523 6270 6531 6244 6530 6246 6490 6271 6498 6249 6496 6248 6545 6269 6549 6332 6557 6273 6529 6252 6531 6244 6523 6270 6491 6275 6499 6254 6498 6249 6553 6274 6557 6273 6565 6276 6518 6278 6516 6302 6524 6279 6497 6243 6499 6254 6491 6275 6565 6276 6573 6285 6569 6280 6519 6281 6518 6278 6526 6257 6486 6283 6484 6307 6492 6284 6573 6285 6581 6288 6577 6286 6525 6260 6517 6255 6519 6281 6487 6287 6486 6283 6494 6262 6581 6288 6589 6293 6585 6289 6522 6268 6520 6267 6512 6290 6493 6292 6485 6314 6487 6287 6589 6293 6597 6365 6593 6294 6515 6295 6523 6270 6522 6268 6482 6296 6490 6271 6488 6272 6593 6294 6597 6365 6605 6298 6513 6256 6521 6261 6523 6270 6483 6300 6491 6275 6490 6271 6605 6298 6613 6304 6609 6301 6510 6234 6508 6323 6516 6302 6489 6242 6491 6275 6483 6300 6613 6304 6621 6308 6617 6305 6519 6281 6511 6235 6510 6234 6486 6283 6478 6310 6476 6306 6621 6308 6629 6311 6625 6309 6509 6241 6511 6235 6519 6281 6487 6287 6479 6418 6478 6310 6629 6311 6637 6395 6633 6312 6514 6291 6512 6290 6504 6313 6477 5857 6479 6418 6487 6287 6633 6312 6637 6395 6645 6315 6515 6295 6514 6291 6506 6247 6474 6317 6482 6296 6480 6297 6645 6315 6653 6321 6649 6319 6505 6250 6513 6256 6515 6295 6483 6300 6482 6296 6474 6317 6653 6321 6661 6236 6657 6238 6481 6303 6485 6314 6493 6292 6472 6237 6481 6303 6483 6300 6538 6245 6536 6331 6528 6322 6510 6234 6502 6264 6500 6263 6492 6284 6484 6307 6476 6306 6476 6306 6660 6416 6652 6410 6652 6410 6644 6404 6636 6398 6636 6398 6628 6391 6620 6324 6620 6324 6612 6380 6604 6374 6604 6374 6596 6368 6620 6324 6596 6368 6588 6325 6620 6324 6588 6325 6580 6356 6572 5896 6572 5896 6564 6346 6588 6325 6564 6346 6556 6326 6588 6325 6556 6326 6548 6335 6524 6279 6548 6335 6540 6327 6524 6279 6540 6327 6532 6258 6524 6279 6524 6279 6516 6302 6508 6323 6508 6323 6500 6263 6492 6284 6492 6284 6476 6306 6652 6410 6652 6410 6636 6398 6620 6324 6524 6279 6508 6323 6556 6326 6508 6323 6492 6284 6556 6326 6492 6284 6652 6410 6556 6326 6652 6410 6620 6324 6556 6326 6477 5857 6485 6314 6481 6303 6534 6259 6532 6258 6540 6327 6545 6269 6547 6337 6539 6328 6539 6328 6547 6337 6546 6329 6538 6245 6546 6329 6544 6330 6549 6332 6541 6230 6543 6232 6543 6232 6542 6239 6550 6334 6550 6334 6542 6239 6540 6327 6545 6269 6553 6274 6555 6336 6555 6336 6554 6338 6546 6329 6554 6338 6552 6343 6544 6330 6549 6332 6551 6333 6559 6339 6559 6339 6551 6333 6550 6334 6558 6340 6550 6334 6548 6335 6553 6274 6561 6277 6563 6341 6563 6341 6562 6342 6554 6338 6562 6342 6560 6349 6552 6343 6557 6273 6559 6339 6567 6344 6567 6344 6559 6339 6558 6340 6566 6345 6558 6340 6556 6326 6569 6280 6571 6352 6563 6341 6563 6341 6571 6352 6570 6347 6562 6342 6570 6347 6568 6348 6573 6285 6565 6276 6567 6344 6567 6344 6566 6345 6574 5895 6574 5895 6566 6345 6564 6346 6569 6280 6577 6286 6579 6351 6579 6351 6578 6353 6570 6347 6578 6353 6576 6359 6568 6348 6573 6285 6575 6350 6583 6354 6583 6354 6575 6350 6574 5895 6574 5895 6572 5896 6580 6356 6585 6289 6587 6362 6579 6351 6579 6351 6587 6362 6586 6357 6578 6353 6586 6357 6584 6358 6589 6293 6581 6288 6583 6354 6583 6354 6582 6355 6590 6361 6582 6355 6580 6356 6588 6325 6593 6294 6595 6370 6587 6362 6587 6362 6595 6370 6594 6363 6586 6357 6594 6363 6592 6364 6597 6365 6589 6293 6591 6360 6591 6360 6590 6361 6598 6367 6590 6361 6588 6325 6596 6368 6593 6294 6601 6299 6603 6369 6603 6369 6602 6371 6594 6363 6602 6371 6600 6377 6592 6364 6597 6365 6599 6366 6607 6372 6607 6372 6599 6366 6598 6367 6598 6367 6596 6368 6604 6374 6601 6299 6609 6301 6611 6375 6611 6375 6610 6382 6602 6371 6602 6371 6610 6382 6608 6376 6605 6298 6607 6372 6615 6378 6607 6372 6606 6373 6614 6379 6614 6379 6606 6373 6604 6374 6617 6305 6619 6381 6611 6375 6619 6381 6618 6387 6610 6382 6610 6382 6618 6387 6616 6383 6613 6304 6615 6378 6623 6384 6615 6378 6614 6379 6622 6385 6622 6385 6614 6379 6612 6380 6625 6309 6627 6386 6619 6381 6627 6386 6626 6393 6618 6387 6618 6387 6626 6393 6624 6388 6621 6308 6623 6384 6631 6389 6631 6389 6623 6384 6622 6385 6630 6390 6622 6385 6620 6324 6633 6312 6635 6399 6627 6386 6627 6386 6635 6399 6634 6392 6626 6393 6634 6392 6632 6394 6637 6395 6629 6311 6631 6389 6631 6389 6630 6390 6638 6397 6638 6397 6630 6390 6628 6391 6641 6316 6643 6406 6635 6399 6635 6399 6643 6406 6642 6400 6634 6392 6642 6400 6640 6401 6645 6315 6637 6395 6639 6396 6639 6396 6638 6397 6646 6403 6638 6397 6636 6398 6644 6404 6641 6316 6649 6319 6651 6405 6651 6405 6650 6407 6642 6400 6650 6407 6648 6413 6640 6401 6645 6315 6647 6402 6655 6408 6655 6408 6647 6402 6646 6403 6654 6409 6646 6403 6644 6404 6649 6319 6657 6238 6659 6411 6659 6411 6658 6412 6650 6407 6658 6412 6656 6417 6648 6413 6653 6321 6655 6408 6663 6414 6663 6414 6655 6408 6654 6409 6662 6415 6654 6409 6652 6410 6472 6237 6475 6320 6659 6411 6659 6411 6475 6320 6474 6317 6474 6317 6473 6318 6656 6417 6477 5857 6661 6236 6663 6414 6663 6414 6662 6415 6478 6310 6662 6415 6660 6416 6476 6306 6656 6417 6473 6318 6496 6248 6473 6318 6480 6297 6496 6248 6480 6297 6488 6272 6496 6248 6496 6248 6504 6313 6512 6290 6512 6290 6520 6267 6496 6248 6520 6267 6528 6322 6496 6248 6528 6322 6536 6331 6544 6330 6544 6330 6552 6343 6560 6349 6560 6349 6568 6348 6592 6364 6568 6348 6576 6359 6592 6364 6576 6359 6584 6358 6592 6364 6592 6364 6600 6377 6608 6376 6608 6376 6616 6383 6592 6364 6616 6383 6624 6388 6592 6364 6624 6388 6632 6394 6640 6401 6640 6401 6648 6413 6656 6417 6528 6322 6544 6330 6592 6364 6544 6330 6560 6349 6592 6364 6624 6388 6640 6401 6592 6364 6640 6401 6656 6417 6592 6364 6656 6417 6496 6248 6592 6364 6765 6449 6757 6484 6759 6450 6727 6452 6726 6483 6734 6453 6885 6455 6701 6535 6696 6456 6759 6450 6758 6478 6766 6458 6725 6459 6727 6452 6735 6454 6713 6461 6717 6512 6725 6459 6755 6463 6763 6551 6762 6464 6730 6466 6728 6534 6720 6467 6725 6459 6733 6460 6729 6469 6761 6470 6763 6551 6755 6463 6731 6472 6730 6466 6722 6468 6729 6469 6733 6460 6741 6474 6750 6476 6748 6499 6756 6477 6721 6462 6729 6469 6731 6472 6737 6475 6741 6474 6749 6479 6759 6450 6751 6502 6750 6476 6718 6481 6716 6504 6724 6482 6745 6480 6749 6479 6757 6484 6749 6479 6751 6502 6759 6450 6719 6485 6718 6481 6726 6483 6753 6471 6757 6484 6765 6449 6754 6465 6752 6545 6744 6486 6725 6459 6717 6512 6719 6485 6761 6470 6765 6449 6773 6488 6747 6490 6755 6463 6754 6465 6714 6491 6722 6468 6720 6467 6769 6489 6773 6488 6781 6493 6753 6471 6755 6463 6747 6490 6715 6495 6723 6473 6722 6468 6777 6494 6781 6493 6789 6496 6742 6498 6740 6523 6748 6499 6721 6462 6723 6473 6715 6495 6789 6496 6797 6505 6793 6500 6743 6501 6742 6498 6750 6476 6710 6503 6708 6528 6716 6504 6797 6505 6805 6508 6801 6506 6749 6479 6741 6474 6743 6501 6711 6507 6710 6503 6718 6481 6805 6508 6813 6513 6809 6509 6746 6487 6744 6486 6736 6510 6717 6512 6709 6536 6711 6507 6813 6513 6821 6518 6817 6514 6739 6515 6747 6490 6746 6487 6706 6516 6714 6491 6712 6492 6821 6518 6829 6521 6825 6519 6737 6475 6745 6480 6747 6490 6707 6520 6715 6495 6714 6491 6829 6521 6837 6525 6833 6522 6734 6453 6732 6546 6740 6523 6713 6461 6715 6495 6707 6520 6837 6525 6845 6529 6841 6526 6743 6501 6735 6454 6734 6453 6710 6503 6702 6531 6700 6527 6845 6529 6853 6532 6849 6530 6733 6460 6735 6454 6743 6501 6711 6507 6703 6640 6702 6531 6853 6532 6861 6537 6857 6533 6738 6511 6736 6510 6728 6534 6701 6535 6703 6640 6711 6507 6861 6537 6869 6541 6865 6538 6739 6515 6738 6511 6730 6466 6698 6539 6706 6516 6704 6517 6869 6541 6877 6544 6873 6542 6729 6469 6737 6475 6739 6515 6707 6520 6706 6516 6698 6539 6877 6544 6885 6455 6881 6457 6705 6524 6709 6536 6717 6512 6696 6456 6705 6524 6707 6520 6762 6464 6760 6554 6752 6545 6734 6453 6726 6483 6724 6482 6716 6504 6708 6528 6700 6527 6700 6527 6884 6638 6876 6632 6876 6632 6868 6626 6860 6620 6860 6620 6852 6614 6844 6547 6844 6547 6836 6603 6828 6597 6828 6597 6820 6591 6844 6547 6820 6591 6812 6548 6844 6547 6812 6548 6804 6580 6796 6574 6796 6574 6788 6568 6812 6548 6788 6568 6780 6549 6812 6548 6780 6549 6772 6557 6748 6499 6772 6557 6764 6550 6748 6499 6764 6550 6756 6477 6748 6499 6748 6499 6740 6523 6732 6546 6732 6546 6724 6482 6716 6504 6716 6504 6700 6527 6876 6632 6876 6632 6860 6620 6844 6547 6748 6499 6732 6546 6780 6549 6732 6546 6716 6504 6780 6549 6716 6504 6876 6632 6780 6549 6876 6632 6844 6547 6780 6549 6701 6535 6709 6536 6705 6524 6758 6478 6756 6477 6764 6550 6769 6489 6771 6559 6763 6551 6763 6551 6771 6559 6770 6552 6762 6464 6770 6552 6768 6553 6773 6488 6765 6449 6767 6451 6767 6451 6766 6458 6774 6556 6774 6556 6766 6458 6764 6550 6769 6489 6777 6494 6779 6558 6779 6558 6778 6560 6770 6552 6778 6560 6776 6565 6768 6553 6773 6488 6775 6555 6783 6561 6783 6561 6775 6555 6774 6556 6782 6562 6774 6556 6772 6557 6777 6494 6785 6497 6787 6563 6787 6563 6786 6564 6778 6560 6786 6564 6784 6571 6776 6565 6781 6493 6783 6561 6791 6566 6791 6566 6783 6561 6782 6562 6790 6567 6782 6562 6780 6549 6793 6500 6795 6576 6787 6563 6787 6563 6795 6576 6794 6569 6786 6564 6794 6569 6792 6570 6797 6505 6789 6496 6791 6566 6791 6566 6790 6567 6798 6573 6790 6567 6788 6568 6796 6574 6793 6500 6801 6506 6803 6575 6803 6575 6802 6577 6794 6569 6802 6577 6800 6583 6792 6570 6797 6505 6799 6572 6807 6578 6807 6578 6799 6572 6798 6573 6798 6573 6796 6574 6804 6580 6809 6509 6811 6586 6803 6575 6803 6575 6811 6586 6810 6581 6802 6577 6810 6581 6808 6582 6813 6513 6805 6508 6807 6578 6807 6578 6806 6579 6814 6585 6806 6579 6804 6580 6812 6548 6817 6514 6819 6593 6811 6586 6811 6586 6819 6593 6818 6587 6810 6581 6818 6587 6816 6588 6821 6518 6813 6513 6815 6584 6815 6584 6814 6585 6822 6590 6814 6585 6812 6548 6820 6591 6817 6514 6825 6519 6827 6592 6827 6592 6826 6594 6818 6587 6826 6594 6824 6600 6816 6588 6821 6518 6823 6589 6831 6595 6831 6595 6823 6589 6822 6590 6822 6590 6820 6591 6828 6597 6825 6519 6833 6522 6835 6598 6835 6598 6834 6605 6826 6594 6826 6594 6834 6605 6832 6599 6829 6521 6831 6595 6839 6601 6831 6595 6830 6596 6838 6602 6838 6602 6830 6596 6828 6597 6841 6526 6843 6604 6835 6598 6843 6604 6842 6610 6834 6605 6834 6605 6842 6610 6840 6606 6837 6525 6839 6601 6847 6607 6839 6601 6838 6602 6846 6608 6846 6608 6838 6602 6836 6603 6849 6530 6851 6609 6843 6604 6851 6609 6850 6616 6842 6610 6842 6610 6850 6616 6848 6611 6845 6529 6847 6607 6855 6612 6855 6612 6847 6607 6846 6608 6854 6613 6846 6608 6844 6547 6857 6533 6859 6621 6851 6609 6851 6609 6859 6621 6858 6615 6850 6616 6858 6615 6856 6617 6861 6537 6853 6532 6855 6612 6855 6612 6854 6613 6862 6619 6862 6619 6854 6613 6852 6614 6865 6538 6867 6628 6859 6621 6859 6621 6867 6628 6866 6622 6858 6615 6866 6622 6864 6623 6869 6541 6861 6537 6863 6618 6863 6618 6862 6619 6870 6625 6862 6619 6860 6620 6868 6626 6865 6538 6873 6542 6875 6627 6875 6627 6874 6629 6866 6622 6874 6629 6872 6635 6864 6623 6869 6541 6871 6624 6879 6630 6879 6630 6871 6624 6870 6625 6878 6631 6870 6625 6868 6626 6873 6542 6881 6457 6883 6633 6883 6633 6882 6634 6874 6629 6882 6634 6880 6639 6872 6635 6877 6544 6879 6630 6887 6636 6887 6636 6879 6630 6878 6631 6886 6637 6878 6631 6876 6632 6696 6456 6699 6543 6883 6633 6883 6633 6699 6543 6698 6539 6698 6539 6697 6540 6880 6639 6701 6535 6885 6455 6887 6636 6887 6636 6886 6637 6702 6531 6886 6637 6884 6638 6700 6527 6880 6639 6697 6540 6720 6467 6697 6540 6704 6517 6720 6467 6704 6517 6712 6492 6720 6467 6720 6467 6728 6534 6736 6510 6736 6510 6744 6486 6720 6467 6744 6486 6752 6545 6720 6467 6752 6545 6760 6554 6768 6553 6768 6553 6776 6565 6784 6571 6784 6571 6792 6570 6816 6588 6792 6570 6800 6583 6816 6588 6800 6583 6808 6582 6816 6588 6816 6588 6824 6600 6832 6599 6832 6599 6840 6606 6816 6588 6840 6606 6848 6611 6816 6588 6848 6611 6856 6617 6864 6623 6864 6623 6872 6635 6880 6639 6752 6545 6768 6553 6816 6588 6768 6553 6784 6571 6816 6588 6848 6611 6864 6623 6816 6588 6864 6623 6880 6639 6816 6588 6880 6639 6720 6467 6816 6588 6989 6671 6981 6705 6983 6672 6959 6674 6951 6706 6950 6675 7109 6677 6925 6766 6920 6678 6983 6672 6982 6700 6990 6680 6949 6681 6951 6706 6959 6674 6937 6683 6941 6710 6949 6681 6979 6685 6987 6768 6986 6686 6946 6688 6954 6755 6952 6689 6949 6681 6957 6682 6953 6691 6985 6692 6987 6768 6979 6685 6955 6694 6954 6755 6946 6688 6953 6691 6957 6682 6965 6696 6974 6698 6972 6721 6980 6699 6945 6684 6953 6691 6955 6694 6961 6697 6965 6696 6973 6701 6983 6672 6975 6724 6974 6698 6942 6703 6940 6726 6948 6704 6969 6702 6973 6701 6981 6705 6973 6701 6975 6724 6983 6672 6951 6706 6943 6729 6942 6703 6977 6693 6981 6705 6989 6671 6970 6707 6978 6687 6976 6708 6941 6710 6943 6729 6951 6706 6989 6671 6997 6771 6993 6711 6979 6685 6978 6687 6970 6707 6938 6713 6946 6688 6944 6690 6993 6711 6997 6771 7005 6715 6969 6702 6977 6693 6979 6685 6947 6695 6946 6688 6938 6713 7001 6716 7005 6715 7013 6718 6974 6698 6966 6745 6964 6720 6937 6683 6945 6684 6947 6695 7013 6718 7021 6727 7017 6722 6967 6723 6966 6745 6974 6698 6942 6703 6934 6730 6932 6725 7021 6727 7029 6731 7025 6728 6973 6701 6965 6696 6967 6723 6943 6729 6935 6735 6934 6730 7029 6731 7037 6736 7033 6732 6970 6707 6968 6709 6960 6733 6941 6710 6933 6756 6935 6735 7037 6736 7045 6811 7041 6737 6963 6738 6971 6712 6970 6707 6930 6739 6938 6713 6936 6714 7041 6737 7045 6811 7053 6741 6961 6697 6969 6702 6971 6712 6939 6717 6938 6713 6930 6739 7053 6741 7061 6747 7057 6744 6958 6676 6956 6764 6964 6720 6937 6683 6939 6717 6931 6743 7061 6747 7069 6750 7065 6748 6967 6723 6959 6674 6958 6676 6934 6730 6926 6862 6924 6749 7069 6750 7077 6753 7073 6751 6957 6682 6959 6674 6967 6723 6927 6752 6926 6862 6934 6730 7077 6753 7085 6840 7081 6754 6954 6755 6962 6734 6960 6733 6933 6756 6925 6766 6927 6752 7081 6754 7085 6840 7093 6757 6963 6738 6962 6734 6954 6755 6930 6739 6928 6740 6921 6759 7093 6757 7101 6763 7097 6761 6953 6691 6961 6697 6963 6738 6923 6762 6931 6743 6930 6739 7101 6763 7109 6677 7105 6679 6929 6746 6933 6756 6941 6710 6929 6746 6931 6743 6923 6762 6986 6686 6984 6770 6976 6708 6950 6675 6948 6704 6956 6764 6940 6726 6932 6725 7100 6854 6932 6725 6924 6749 7100 6854 6924 6749 7108 6860 7100 6854 7100 6854 7092 6849 7084 6842 7084 6842 7076 6835 7068 6765 7068 6765 7060 6824 7052 6817 7052 6817 7044 6813 7036 6804 7036 6804 7028 6798 7020 6793 7020 6793 7012 6788 7036 6804 7012 6788 7004 6781 7036 6804 7004 6781 6996 6774 6988 6767 6988 6767 6980 6699 6972 6721 6972 6721 6964 6720 6956 6764 6956 6764 6948 6704 6940 6726 7100 6854 7084 6842 7068 6765 7068 6765 7052 6817 7036 6804 7004 6781 6988 6767 6972 6721 6972 6721 6956 6764 6940 6726 6940 6726 7100 6854 7068 6765 7068 6765 7036 6804 7004 6781 7004 6781 6972 6721 7068 6765 6925 6766 6933 6756 6929 6746 6990 6680 6982 6700 6980 6699 6993 6711 6995 6775 6987 6768 6987 6768 6995 6775 6994 6769 6994 6769 6992 6778 6984 6770 6997 6771 6989 6671 6991 6673 6991 6673 6990 6680 6998 6773 6998 6773 6990 6680 6988 6767 7001 6716 7003 6783 6995 6775 6995 6775 7003 6783 7002 6776 6994 6769 7002 6776 7000 6777 7005 6715 6997 6771 6999 6772 6999 6772 6998 6773 7006 6780 7006 6780 6998 6773 6996 6774 7001 6716 7009 6719 7011 6782 7003 6783 7011 6782 7010 6784 7002 6776 7010 6784 7008 6785 7005 6715 7007 6779 7015 6786 7007 6779 7006 6780 7014 6787 7006 6780 7004 6781 7012 6788 7009 6719 7017 6722 7019 6789 7019 6789 7018 6795 7010 6784 7010 6784 7018 6795 7016 6790 7013 6718 7015 6786 7023 6791 7023 6791 7015 6786 7014 6787 7014 6787 7012 6788 7020 6793 7025 6728 7027 6799 7019 6789 7019 6789 7027 6799 7026 6794 7026 6794 7024 6801 7016 6790 7029 6731 7021 6727 7023 6791 7023 6791 7022 6792 7030 6797 7030 6797 7022 6792 7020 6793 7033 6732 7035 6806 7027 6799 7027 6799 7035 6806 7034 6800 7034 6800 7032 6809 7024 6801 7037 6736 7029 6731 7031 6796 7031 6796 7030 6797 7038 6803 7038 6803 7030 6797 7028 6798 7033 6732 7041 6737 7043 6805 7035 6806 7043 6805 7042 6807 7034 6800 7042 6807 7040 6808 7037 6736 7039 6802 7047 6810 7039 6802 7038 6803 7046 6812 7038 6803 7036 6804 7044 6813 7049 6742 7051 6818 7043 6805 7043 6805 7051 6818 7050 6814 7050 6814 7048 6821 7040 6808 7053 6741 7045 6811 7047 6810 7047 6810 7046 6812 7054 6816 7054 6816 7046 6812 7044 6813 7057 6744 7059 6819 7051 6818 7059 6819 7058 6826 7050 6814 7050 6814 7058 6826 7056 6820 7061 6747 7053 6741 7055 6815 7055 6815 7054 6816 7062 6823 7062 6823 7054 6816 7052 6817 7065 6748 7067 6825 7059 6819 7067 6825 7066 6831 7058 6826 7058 6826 7066 6831 7064 6827 7069 6750 7061 6747 7063 6822 7063 6822 7062 6823 7070 6829 7062 6823 7060 6824 7068 6765 7073 6751 7075 6830 7067 6825 7075 6830 7074 6832 7066 6831 7074 6832 7072 6838 7064 6827 7069 6750 7071 6828 7079 6833 7079 6833 7071 6828 7070 6829 7078 6834 7070 6829 7068 6765 7081 6754 7083 6836 7075 6830 7083 6836 7082 6845 7074 6832 7074 6832 7082 6845 7080 6837 7077 6753 7079 6833 7087 6839 7079 6833 7078 6834 7086 6841 7078 6834 7076 6835 7084 6842 7081 6754 7089 6758 7091 6843 7083 6836 7091 6843 7090 6844 7082 6845 7090 6844 7088 6846 7085 6840 7087 6839 7095 6847 7095 6847 7087 6839 7086 6841 7086 6841 7084 6842 7092 6849 7097 6761 7099 6850 7091 6843 7099 6850 7098 6851 7090 6844 7098 6851 7096 6857 7088 6846 7093 6757 7095 6847 7103 6852 7103 6852 7095 6847 7094 6848 7102 6853 7094 6848 7092 6849 7097 6761 7105 6679 7107 6855 7107 6855 7106 6861 7098 6851 7098 6851 7106 6861 7104 6856 7101 6763 7103 6852 7111 6858 7111 6858 7103 6852 7102 6853 7102 6853 7100 6854 7108 6860 7105 6679 6920 6678 6923 6762 6923 6762 6922 6760 7106 6861 7106 6861 6922 6760 6921 6759 7109 6677 7111 6858 6927 6752 6927 6752 7111 6858 7110 6859 7110 6859 7108 6860 6924 6749 7104 6856 6921 6759 6928 6740 6928 6740 6936 6714 6944 6690 6944 6690 6952 6689 6976 6708 6952 6689 6960 6733 6976 6708 6960 6733 6968 6709 6976 6708 6976 6708 6984 6770 7008 6785 6984 6770 6992 6778 7008 6785 6992 6778 7000 6777 7008 6785 7008 6785 7016 6790 7024 6801 7024 6801 7032 6809 7008 6785 7032 6809 7040 6808 7008 6785 7040 6808 7048 6821 7056 6820 7056 6820 7064 6827 7040 6808 7064 6827 7072 6838 7040 6808 7072 6838 7080 6837 7088 6846 7088 6846 7096 6857 7072 6838 7096 6857 7104 6856 7072 6838 7104 6856 6928 6740 6944 6690 7104 6856 6944 6690 7040 6808 6944 6690 6976 6708 7040 6808 6976 6708 7008 6785 7040 6808 7213 6899 7205 6933 7207 6900 7183 6902 7175 6934 7174 6903 7333 6905 7149 6997 7144 6906 7207 6900 7206 6928 7214 6908 7173 6909 7175 6934 7183 6902 7161 6911 7165 6938 7173 6909 7203 6913 7211 6999 7210 6914 7170 6916 7178 6984 7176 6917 7173 6909 7181 6910 7177 6919 7209 6920 7211 6999 7203 6913 7179 6922 7178 6984 7170 6916 7177 6919 7181 6910 7189 6924 7198 6926 7196 6950 7204 6927 7169 6912 7177 6919 7179 6922 7185 6925 7189 6924 7197 6929 7207 6900 7199 6953 7198 6926 7166 6931 7164 6955 7172 6932 7193 6930 7197 6929 7205 6933 7197 6929 7199 6953 7207 6900 7175 6934 7167 6958 7166 6931 7201 6921 7205 6933 7213 6899 7194 6935 7202 6915 7200 6936 7165 6938 7167 6958 7175 6934 7209 6920 7213 6899 7221 6939 7203 6913 7202 6915 7194 6935 7170 6916 7168 6918 7160 6942 7217 6940 7221 6939 7229 6944 7193 6930 7201 6921 7203 6913 7171 6923 7170 6916 7162 6943 7225 6945 7229 6944 7237 6947 7198 6926 7190 6974 7188 6949 7161 6911 7169 6912 7171 6923 7237 6947 7245 6956 7241 6951 7191 6952 7190 6974 7198 6926 7166 6931 7158 6959 7156 6954 7245 6956 7253 6960 7249 6957 7197 6929 7189 6924 7191 6952 7167 6958 7159 6964 7158 6959 7253 6960 7261 6965 7257 6961 7194 6935 7192 6937 7184 6962 7165 6938 7157 6985 7159 6964 7261 6965 7269 6970 7265 6966 7187 6967 7195 6941 7194 6935 7162 6943 7160 6942 7152 6968 7269 6970 7277 6973 7273 6971 7185 6925 7193 6930 7195 6941 7163 6946 7162 6943 7154 6969 7277 6973 7285 6976 7281 6744 7182 6904 7180 6994 7188 6949 7161 6911 7163 6946 7155 6972 7285 6976 7293 6979 7289 6977 7191 6952 7183 6902 7182 6904 7158 6959 7150 7089 7148 6978 7293 6979 7301 6982 7297 6980 7181 6910 7183 6902 7191 6952 7151 6981 7150 7089 7158 6959 7301 6982 7309 6986 7305 6983 7178 6984 7186 6963 7184 6962 7157 6985 7149 6997 7151 6981 7309 6986 7317 6990 7313 6987 7187 6967 7186 6963 7178 6984 7154 6969 7152 6968 7145 6988 7317 6990 7325 6993 7321 6991 7177 6919 7185 6925 7187 6967 7147 6992 7155 6972 7154 6969 7325 6993 7333 6905 7329 6907 7153 6975 7157 6985 7165 6938 7153 6975 7155 6972 7147 6992 7210 6914 7208 7001 7200 6936 7174 6903 7172 6932 7180 6994 7164 6955 7156 6954 7324 7081 7156 6954 7148 6978 7324 7081 7148 6978 7332 7087 7324 7081 7324 7081 7316 7076 7308 7069 7308 7069 7300 7063 7292 6995 7292 6995 7284 7052 7276 7045 7276 7045 7268 7041 7260 7033 7260 7033 7252 7027 7244 7022 7244 7022 7236 7017 7260 7033 7236 7017 7228 6996 7260 7033 7228 6996 7220 7004 7212 6998 7212 6998 7204 6927 7196 6950 7196 6950 7188 6949 7180 6994 7180 6994 7172 6932 7164 6955 7324 7081 7308 7069 7292 6995 7292 6995 7276 7045 7260 7033 7228 6996 7212 6998 7196 6950 7196 6950 7180 6994 7228 6996 7180 6994 7164 6955 7228 6996 7164 6955 7324 7081 7292 6995 7292 6995 7260 7033 7228 6996 7149 6997 7157 6985 7153 6975 7214 6908 7206 6928 7204 6927 7217 6940 7219 7005 7211 6999 7211 6999 7219 7005 7218 7000 7218 7000 7216 7008 7208 7001 7221 6939 7213 6899 7215 6901 7215 6901 7214 6908 7222 7003 7222 7003 7214 6908 7212 6998 7225 6945 7227 7012 7219 7005 7219 7005 7227 7012 7226 7006 7218 7000 7226 7006 7224 7007 7229 6944 7221 6939 7223 7002 7223 7002 7222 7003 7230 7010 7230 7010 7222 7003 7220 7004 7225 6945 7233 6948 7235 7011 7227 7012 7235 7011 7234 7013 7226 7006 7234 7013 7232 7014 7229 6944 7231 7009 7239 7015 7231 7009 7230 7010 7238 7016 7230 7010 7228 6996 7236 7017 7233 6948 7241 6951 7243 7018 7243 7018 7242 7024 7234 7013 7234 7013 7242 7024 7240 7019 7237 6947 7239 7015 7247 7020 7247 7020 7239 7015 7238 7016 7238 7016 7236 7017 7244 7022 7249 6957 7251 7028 7243 7018 7243 7018 7251 7028 7250 7023 7250 7023 7248 7030 7240 7019 7253 6960 7245 6956 7247 7020 7247 7020 7246 7021 7254 7026 7254 7026 7246 7021 7244 7022 7257 6961 7259 7035 7251 7028 7251 7028 7259 7035 7258 7029 7258 7029 7256 7038 7248 7030 7261 6965 7253 6960 7255 7025 7255 7025 7254 7026 7262 7032 7262 7032 7254 7026 7252 7027 7257 6961 7265 6966 7267 7034 7259 7035 7267 7034 7266 7036 7258 7029 7266 7036 7264 7037 7261 6965 7263 7031 7271 7039 7263 7031 7262 7032 7270 7040 7262 7032 7260 7033 7268 7041 7273 6971 7275 7046 7267 7034 7267 7034 7275 7046 7274 7042 7274 7042 7272 7049 7264 7037 7277 6973 7269 6970 7271 7039 7271 7039 7270 7040 7278 7044 7278 7044 7270 7040 7268 7041 7281 6744 7283 7047 7275 7046 7283 7047 7282 7054 7274 7042 7274 7042 7282 7054 7280 7048 7285 6976 7277 6973 7279 7043 7279 7043 7278 7044 7286 7051 7286 7051 7278 7044 7276 7045 7289 6977 7291 7053 7283 7047 7291 7053 7290 7059 7282 7054 7282 7054 7290 7059 7288 7055 7293 6979 7285 6976 7287 7050 7287 7050 7286 7051 7294 7057 7286 7051 7284 7052 7292 6995 7297 6980 7299 7058 7291 7053 7299 7058 7298 7060 7290 7059 7298 7060 7296 7066 7288 7055 7293 6979 7295 7056 7303 7061 7303 7061 7295 7056 7294 7057 7302 7062 7294 7057 7292 6995 7305 6983 7307 7064 7299 7058 7307 7064 7306 7072 7298 7060 7298 7060 7306 7072 7304 7065 7301 6982 7303 7061 7311 7067 7303 7061 7302 7062 7310 7068 7302 7062 7300 7063 7308 7069 7305 6983 7313 6987 7315 7070 7307 7064 7315 7070 7314 7071 7306 7072 7314 7071 7312 7073 7309 6986 7311 7067 7319 7074 7319 7074 7311 7067 7310 7068 7310 7068 7308 7069 7316 7076 7321 6991 7323 7077 7315 7070 7323 7077 7322 7078 7314 7071 7322 7078 7320 7084 7312 7073 7317 6990 7319 7074 7327 7079 7327 7079 7319 7074 7318 7075 7326 7080 7318 7075 7316 7076 7321 6991 7329 6907 7331 7082 7331 7082 7330 7088 7322 7078 7322 7078 7330 7088 7328 7083 7325 6993 7327 7079 7335 7085 7335 7085 7327 7079 7326 7080 7326 7080 7324 7081 7332 7087 7329 6907 7144 6906 7147 6992 7147 6992 7146 6989 7330 7088 7330 7088 7146 6989 7145 6988 7333 6905 7335 7085 7151 6981 7151 6981 7335 7085 7334 7086 7334 7086 7332 7087 7148 6978 7328 7083 7145 6988 7152 6968 7152 6968 7160 6942 7168 6918 7168 6918 7176 6917 7200 6936 7176 6917 7184 6962 7200 6936 7184 6962 7192 6937 7200 6936 7200 6936 7208 7001 7232 7014 7208 7001 7216 7008 7232 7014 7216 7008 7224 7007 7232 7014 7232 7014 7240 7019 7248 7030 7248 7030 7256 7038 7232 7014 7256 7038 7264 7037 7232 7014 7264 7037 7272 7049 7280 7048 7280 7048 7288 7055 7264 7037 7288 7055 7296 7066 7264 7037 7296 7066 7304 7065 7312 7073 7312 7073 7320 7084 7328 7083 7328 7083 7152 6968 7168 6918 7296 7066 7312 7073 7264 7037 7312 7073 7328 7083 7264 7037 7328 7083 7168 6918 7264 7037 7168 6918 7200 6936 7264 7037</p>
        </triangles>
        <triangles material="gunmetal-material" count="1432">
          <input semantic="VERTEX" source="#track_left-mesh-vertices" offset="0"/>
          <input semantic="NORMAL" source="#track_left-mesh-normals" offset="1"/>
          <p>4459 4108 4466 4109 4458 4110 4417 4111 4427 4112 4419 4113 4629 4114 4376 4115 4625 4116 4458 4110 4464 4117 4456 4118 4422 4119 4412 4120 4420 4121 4397 4122 4401 4123 4393 4124 4462 4125 4452 4126 4460 4127 4415 4128 4422 4119 4423 4129 4405 4130 4409 4131 4401 4123 4463 4132 4454 4133 4462 4125 4413 4134 4423 4129 4421 4135 4413 4134 4417 4111 4409 4131 4461 4136 4455 4137 4463 4132 4418 4138 4408 4139 4410 4140 4421 4135 4425 4141 4417 4111 4458 4110 4448 4142 4450 4143 4419 4113 4410 4140 4411 4144 4425 4141 4437 4145 4433 4146 4459 4108 4450 4143 4451 4147 4409 4131 4419 4113 4411 4144 4437 4145 4441 4148 4433 4146 4449 4149 4459 4108 4451 4147 4414 4150 4404 4151 4412 4120 4445 4152 4449 4149 4441 4148 4454 4133 4444 4153 4452 4126 4407 4154 4414 4150 4415 4128 4449 4149 4461 4136 4457 4155 4455 4137 4446 4156 4454 4133 4413 4134 4407 4154 4415 4128 4457 4155 4469 4157 4465 4158 4453 4159 4447 4160 4455 4137 4410 4140 4400 4161 4402 4162 4465 4158 4477 4163 4473 4164 4450 4143 4440 4165 4442 4166 4403 4167 4410 4140 4402 4162 4477 4163 4481 4168 4473 4164 4451 4147 4442 4166 4443 4169 4409 4131 4403 4167 4401 4123 4485 4170 4489 4171 4481 4168 4441 4148 4451 4147 4443 4169 4406 4172 4396 4173 4404 4151 4493 4174 4497 4175 4489 4171 4438 4176 4444 4153 4446 4156 4399 4177 4406 4172 4407 4154 4497 4175 4509 4178 4505 4179 4447 4160 4438 4176 4446 4156 4405 4130 4399 4177 4407 4154 4509 4178 4513 4180 4505 4179 4445 4152 4439 4181 4447 4160 4402 4162 4392 4182 4394 4183 4517 4184 4521 4185 4513 4180 4434 4186 4440 4165 4432 4187 4395 4188 4402 4162 4394 4183 4525 4189 4529 4190 4521 4185 4435 4191 4442 4166 4434 4186 4401 4123 4395 4188 4393 4124 4533 4192 4537 4193 4529 4190 4441 4148 4435 4191 4433 4146 4398 4194 4388 4195 4396 4173 4541 4196 4545 4197 4537 4193 4430 4198 4436 4199 4438 4176 4399 4177 4390 4200 4398 4194 4549 4201 4553 4202 4545 4197 4439 4181 4430 4198 4438 4176 4389 4203 4399 4177 4397 4122 4557 4204 4561 4205 4553 4202 4437 4145 4431 4206 4439 4181 4394 4183 4384 4207 4386 4208 4561 4205 4573 4209 4569 4210 4426 4211 4432 4187 4424 4212 4395 4188 4386 4208 4387 4213 4569 4210 4581 4214 4577 4215 4427 4112 4434 4186 4426 4211 4385 4216 4395 4188 4387 4213 4581 4214 4585 4217 4577 4215 4433 4146 4427 4112 4425 4141 4382 4218 4388 4195 4390 4200 4589 4219 4593 4220 4585 4217 4430 4198 4420 4121 4428 4221 4391 4222 4382 4218 4390 4200 4597 4223 4601 4224 4593 4220 4431 4206 4422 4119 4430 4198 4381 4225 4391 4222 4389 4203 4605 4226 4609 4227 4601 4224 4421 4135 4431 4206 4429 4228 4378 4229 4384 4207 4377 4230 4613 4231 4617 4232 4609 4227 4426 4211 4416 4233 4418 4138 4387 4213 4378 4229 4379 4234 4621 4235 4625 4116 4617 4232 4389 4203 4393 4124 4385 4216 4376 4115 4387 4213 4379 4234 4465 4158 4459 4108 4457 4155 4427 4112 4418 4138 4419 4113 4460 4127 4428 4221 4396 4173 4376 4115 4389 4203 4385 4216 4469 4157 4463 4132 4471 4236 4463 4132 4470 4237 4471 4236 4462 4125 4468 4238 4470 4237 4465 4158 4475 4239 4467 4240 4475 4239 4466 4109 4467 4240 4466 4109 4472 4241 4464 4117 4477 4163 4471 4236 4479 4242 4479 4242 4470 4237 4478 4243 4470 4237 4476 4244 4478 4243 4473 4164 4483 4245 4475 4239 4483 4245 4474 4246 4475 4239 4474 4246 4480 4247 4472 4241 4477 4163 4487 4248 4485 4170 4487 4248 4478 4243 4486 4249 4478 4243 4484 4250 4486 4249 4481 4168 4491 4251 4483 4245 4491 4251 4482 4252 4483 4245 4482 4252 4488 4253 4480 4247 4485 4170 4495 4254 4493 4174 4495 4254 4486 4249 4494 4255 4486 4249 4492 4256 4494 4255 4497 4175 4491 4251 4489 4171 4491 4251 4498 4257 4490 4258 4490 4258 4496 4259 4488 4253 4501 4260 4495 4254 4503 4261 4495 4254 4502 4262 4503 4261 4494 4255 4500 4263 4502 4262 4505 4179 4499 4264 4497 4175 4499 4264 4506 4265 4498 4257 4506 4265 4496 4259 4498 4257 4509 4178 4503 4261 4511 4266 4503 4261 4510 4267 4511 4266 4510 4267 4500 4263 4508 4268 4505 4179 4515 4269 4507 4270 4515 4269 4506 4265 4507 4270 4506 4265 4512 4271 4504 4272 4509 4178 4519 4273 4517 4184 4519 4273 4510 4267 4518 4274 4510 4267 4516 4275 4518 4274 4513 4180 4523 4276 4515 4269 4523 4276 4514 4277 4515 4269 4522 4278 4512 4271 4514 4277 4517 4184 4527 4279 4525 4189 4527 4279 4518 4274 4526 4280 4526 4280 4516 4275 4524 4281 4529 4190 4523 4276 4521 4185 4523 4276 4530 4282 4522 4278 4530 4282 4520 4283 4522 4278 4533 4192 4527 4279 4535 4284 4527 4279 4534 4285 4535 4284 4534 4285 4524 4281 4532 4286 4537 4193 4531 4287 4529 4190 4531 4287 4538 4288 4530 4282 4538 4288 4528 4289 4530 4282 4541 4196 4535 4284 4543 4290 4535 4284 4542 4291 4543 4290 4542 4291 4532 4286 4540 4292 4545 4197 4539 4293 4537 4193 4539 4293 4546 4294 4538 4288 4546 4294 4536 4295 4538 4288 4541 4196 4551 4296 4549 4201 4543 4290 4550 4297 4551 4296 4550 4297 4540 4292 4548 4298 4545 4197 4555 4299 4547 4300 4555 4299 4546 4294 4547 4300 4554 4301 4544 4302 4546 4294 4549 4201 4559 4303 4557 4204 4559 4303 4550 4297 4558 4304 4558 4304 4548 4298 4556 4305 4561 4205 4555 4299 4553 4202 4555 4299 4562 4306 4554 4301 4554 4301 4560 4307 4552 4308 4557 4204 4567 4309 4565 4310 4559 4303 4566 4311 4567 4309 4558 4304 4564 4312 4566 4311 4569 4210 4563 4313 4561 4205 4563 4313 4570 4314 4562 4306 4562 4306 4568 4315 4560 4307 4565 4310 4575 4316 4573 4209 4567 4309 4574 4317 4575 4316 4566 4311 4572 4318 4574 4317 4569 4210 4579 4319 4571 4320 4579 4319 4570 4314 4571 4320 4578 4321 4568 4315 4570 4314 4573 4209 4583 4322 4581 4214 4575 4316 4582 4323 4583 4322 4582 4323 4572 4318 4580 4324 4577 4215 4587 4325 4579 4319 4587 4325 4578 4321 4579 4319 4586 4326 4576 4327 4578 4321 4581 4214 4591 4328 4589 4219 4583 4322 4590 4329 4591 4328 4590 4329 4580 4324 4588 4330 4593 4220 4587 4325 4585 4217 4587 4325 4594 4331 4586 4326 4586 4326 4592 4332 4584 4333 4597 4223 4591 4328 4599 4334 4591 4328 4598 4335 4599 4334 4590 4329 4596 4336 4598 4335 4601 4224 4595 4337 4593 4220 4595 4337 4602 4338 4594 4331 4594 4331 4600 4339 4592 4332 4605 4226 4599 4334 4607 4340 4607 4340 4598 4335 4606 4341 4598 4335 4604 4342 4606 4341 4601 4224 4611 4343 4603 4344 4611 4343 4602 4338 4603 4344 4602 4338 4608 4345 4600 4339 4605 4226 4615 4346 4613 4231 4615 4346 4606 4341 4614 4347 4606 4341 4612 4348 4614 4347 4609 4227 4619 4349 4611 4343 4619 4349 4610 4350 4611 4343 4610 4350 4616 4351 4608 4345 4613 4231 4623 4352 4621 4235 4623 4352 4614 4347 4622 4353 4614 4347 4620 4354 4622 4353 4625 4116 4619 4349 4617 4232 4619 4349 4626 4355 4618 4356 4618 4356 4624 4357 4616 4351 4629 4114 4623 4352 4631 4358 4623 4352 4630 4359 4631 4358 4622 4353 4628 4360 4630 4359 4376 4115 4627 4361 4625 4116 4627 4361 4378 4229 4626 4355 4378 4229 4624 4357 4626 4355 4381 4225 4631 4358 4383 4362 4631 4358 4382 4218 4383 4362 4382 4218 4628 4360 4380 4363 4528 4289 4560 4307 4624 4357 4715 4364 4722 4365 4714 4366 4673 4367 4683 4368 4675 4369 4885 4370 4632 4371 4881 4372 4714 4366 4720 4373 4712 4374 4678 4375 4668 4376 4676 4377 4653 4378 4657 4379 4649 4380 4718 4381 4708 4382 4716 4383 4671 4384 4678 4375 4679 4385 4661 4386 4665 4387 4657 4379 4719 4388 4710 4389 4718 4381 4669 4390 4679 4385 4677 4391 4669 4390 4673 4367 4665 4387 4717 4392 4711 4393 4719 4388 4674 4394 4664 4395 4666 4396 4677 4391 4681 4397 4673 4367 4714 4366 4704 4398 4706 4399 4675 4369 4666 4396 4667 4400 4681 4397 4693 4401 4689 4402 4715 4364 4706 4399 4707 4403 4665 4387 4675 4369 4667 4400 4689 4402 4701 4404 4697 4405 4705 4406 4715 4364 4707 4403 4670 4407 4660 4408 4668 4376 4697 4405 4709 4409 4705 4406 4710 4389 4700 4410 4708 4382 4663 4411 4670 4407 4671 4384 4705 4406 4717 4392 4713 4412 4711 4393 4702 4413 4710 4389 4669 4390 4663 4411 4671 4384 4713 4412 4725 4414 4721 4415 4709 4409 4703 4416 4711 4393 4666 4396 4656 4417 4658 4418 4721 4415 4733 4419 4729 4420 4706 4399 4696 4421 4698 4422 4659 4423 4666 4396 4658 4418 4733 4419 4737 4424 4729 4420 4707 4403 4698 4422 4699 4425 4665 4387 4659 4423 4657 4379 4741 4426 4745 4427 4737 4424 4697 4405 4707 4403 4699 4425 4662 4428 4652 4429 4660 4408 4749 4430 4753 4431 4745 4427 4694 4432 4700 4410 4702 4413 4655 4433 4662 4428 4663 4411 4753 4431 4765 4434 4761 4435 4703 4416 4694 4432 4702 4413 4661 4386 4655 4433 4663 4411 4765 4434 4769 4436 4761 4435 4701 4404 4695 4437 4703 4416 4658 4418 4648 4438 4650 4439 4773 4440 4777 4441 4769 4436 4690 4442 4696 4421 4688 4443 4651 4444 4658 4418 4650 4439 4781 4445 4785 4446 4777 4441 4691 4447 4698 4422 4690 4442 4657 4379 4651 4444 4649 4380 4789 4448 4793 4449 4785 4446 4697 4405 4691 4447 4689 4402 4654 4450 4644 4451 4652 4429 4797 4452 4801 4453 4793 4449 4686 4454 4692 4455 4694 4432 4655 4433 4646 4456 4654 4450 4805 4457 4809 4458 4801 4453 4695 4437 4686 4454 4694 4432 4645 4459 4655 4433 4653 4378 4813 4460 4817 4461 4809 4458 4693 4401 4687 4462 4695 4437 4650 4439 4640 4463 4642 4464 4821 4465 4825 4466 4817 4461 4682 4467 4688 4443 4680 4468 4651 4444 4642 4464 4643 4469 4829 4470 4833 4471 4825 4466 4683 4368 4690 4442 4682 4467 4641 4472 4651 4444 4643 4469 4837 4473 4841 4474 4833 4471 4689 4402 4683 4368 4681 4397 4638 4475 4644 4451 4646 4456 4845 4476 4849 4477 4841 4474 4686 4454 4676 4377 4684 4478 4647 4479 4638 4475 4646 4456 4853 4480 4857 4481 4849 4477 4687 4462 4678 4375 4686 4454 4637 4482 4647 4479 4645 4459 4861 4483 4865 4484 4857 4481 4677 4391 4687 4462 4685 4485 4634 4486 4640 4463 4633 4487 4869 4488 4873 4489 4865 4484 4682 4467 4672 4490 4674 4394 4643 4469 4634 4486 4635 4491 4877 4492 4881 4372 4873 4489 4645 4459 4649 4380 4641 4472 4632 4371 4643 4469 4635 4491 4721 4415 4715 4364 4713 4412 4683 4368 4674 4394 4675 4369 4716 4383 4684 4478 4652 4429 4632 4371 4645 4459 4641 4472 4725 4414 4719 4388 4727 4493 4719 4388 4726 4494 4727 4493 4718 4381 4724 4495 4726 4494 4721 4415 4731 4496 4723 4497 4731 4496 4722 4365 4723 4497 4722 4365 4728 4498 4720 4373 4733 4419 4727 4493 4735 4499 4735 4499 4726 4494 4734 4500 4726 4494 4732 4501 4734 4500 4729 4420 4739 4502 4731 4496 4739 4502 4730 4503 4731 4496 4730 4503 4736 4504 4728 4498 4733 4419 4743 4505 4741 4426 4743 4505 4734 4500 4742 4506 4734 4500 4740 4507 4742 4506 4737 4424 4747 4508 4739 4502 4747 4508 4738 4509 4739 4502 4738 4509 4744 4510 4736 4504 4741 4426 4751 4511 4749 4430 4751 4511 4742 4506 4750 4512 4742 4506 4748 4513 4750 4512 4753 4431 4747 4508 4745 4427 4747 4508 4754 4514 4746 4515 4746 4515 4752 4516 4744 4510 4757 4517 4751 4511 4759 4518 4751 4511 4758 4519 4759 4518 4750 4512 4756 4520 4758 4519 4761 4435 4755 4521 4753 4431 4755 4521 4762 4522 4754 4514 4762 4522 4752 4516 4754 4514 4765 4434 4759 4518 4767 4523 4759 4518 4766 4524 4767 4523 4766 4524 4756 4520 4764 4525 4761 4435 4771 4526 4763 4527 4771 4526 4762 4522 4763 4527 4762 4522 4768 4528 4760 4529 4765 4434 4775 4530 4773 4440 4775 4530 4766 4524 4774 4531 4766 4524 4772 4532 4774 4531 4769 4436 4779 4533 4771 4526 4779 4533 4770 4534 4771 4526 4778 4535 4768 4528 4770 4534 4773 4440 4783 4536 4781 4445 4783 4536 4774 4531 4782 4537 4782 4537 4772 4532 4780 4538 4785 4446 4779 4533 4777 4441 4779 4533 4786 4539 4778 4535 4786 4539 4776 4540 4778 4535 4789 4448 4783 4536 4791 4541 4783 4536 4790 4542 4791 4541 4790 4542 4780 4538 4788 4543 4793 4449 4787 4544 4785 4446 4787 4544 4794 4545 4786 4539 4794 4545 4784 4546 4786 4539 4797 4452 4791 4541 4799 4547 4791 4541 4798 4548 4799 4547 4798 4548 4788 4543 4796 4549 4801 4453 4795 4550 4793 4449 4795 4550 4802 4551 4794 4545 4802 4551 4792 4552 4794 4545 4797 4452 4807 4553 4805 4457 4799 4547 4806 4554 4807 4553 4806 4554 4796 4549 4804 4555 4801 4453 4811 4556 4803 4557 4811 4556 4802 4551 4803 4557 4810 4558 4800 4559 4802 4551 4805 4457 4815 4560 4813 4460 4815 4560 4806 4554 4814 4561 4814 4561 4804 4555 4812 4562 4817 4461 4811 4556 4809 4458 4811 4556 4818 4563 4810 4558 4810 4558 4816 4564 4808 4565 4813 4460 4823 4566 4821 4465 4815 4560 4822 4567 4823 4566 4814 4561 4820 4568 4822 4567 4825 4466 4819 4569 4817 4461 4819 4569 4826 4570 4818 4563 4818 4563 4824 4571 4816 4564 4821 4465 4831 4572 4829 4470 4823 4566 4830 4573 4831 4572 4822 4567 4828 4574 4830 4573 4825 4466 4835 4575 4827 4576 4835 4575 4826 4570 4827 4576 4834 4577 4824 4571 4826 4570 4829 4470 4839 4578 4837 4473 4831 4572 4838 4579 4839 4578 4838 4579 4828 4574 4836 4580 4833 4471 4843 4581 4835 4575 4843 4581 4834 4577 4835 4575 4842 4582 4832 4583 4834 4577 4837 4473 4847 4584 4845 4476 4839 4578 4846 4585 4847 4584 4846 4585 4836 4580 4844 4586 4849 4477 4843 4581 4841 4474 4843 4581 4850 4587 4842 4582 4842 4582 4848 4588 4840 4589 4853 4480 4847 4584 4855 4590 4847 4584 4854 4591 4855 4590 4846 4585 4852 4592 4854 4591 4857 4481 4851 4593 4849 4477 4851 4593 4858 4594 4850 4587 4850 4587 4856 4595 4848 4588 4861 4483 4855 4590 4863 4596 4863 4596 4854 4591 4862 4597 4854 4591 4860 4598 4862 4597 4857 4481 4867 4599 4859 4600 4867 4599 4858 4594 4859 4600 4858 4594 4864 4601 4856 4595 4861 4483 4871 4602 4869 4488 4871 4602 4862 4597 4870 4603 4862 4597 4868 4604 4870 4603 4865 4484 4875 4605 4867 4599 4875 4605 4866 4606 4867 4599 4866 4606 4872 4607 4864 4601 4869 4488 4879 4608 4877 4492 4879 4608 4870 4603 4878 4609 4870 4603 4876 4610 4878 4609 4881 4372 4875 4605 4873 4489 4875 4605 4882 4611 4874 4612 4874 4612 4880 4613 4872 4607 4885 4370 4879 4608 4887 4614 4879 4608 4886 4615 4887 4614 4878 4609 4884 4616 4886 4615 4632 4371 4883 4617 4881 4372 4883 4617 4634 4486 4882 4611 4634 4486 4880 4613 4882 4611 4637 4482 4887 4614 4639 4618 4887 4614 4638 4475 4639 4618 4638 4475 4884 4616 4636 4619 4784 4546 4816 4564 4880 4613 4889 4620 4890 4621 4888 4622 4891 4623 4892 4624 4890 4621 4893 4625 4894 4626 4892 4624 4895 4627 4896 4628 4894 4626 4897 4629 4898 4630 4896 4628 4899 4631 4900 4632 4898 4630 4901 4633 4902 4634 4900 4632 4903 4635 4904 4636 4902 4634 4905 4637 4906 4638 4904 4636 4907 4639 4908 4640 4906 4638 4909 4641 4910 4642 4908 4640 4911 4643 4912 4644 4910 4642 4913 4645 4914 4646 4912 4644 4915 4647 4916 4648 4914 4646 4917 4649 4918 4650 4916 4648 4918 4650 4921 4651 4920 4652 4921 4651 4922 4653 4920 4652 4923 4654 4924 4655 4922 4653 4909 4656 4901 4657 4893 4658 4925 4659 4926 4660 4924 4655 4927 4661 4888 4622 4926 4660 4926 4662 4894 4663 4902 4664 4929 4665 4930 4665 4928 4665 4931 5 4934 5 4930 5 4935 4666 4932 4666 4934 4666 4933 69 4928 69 4932 69 4934 4667 4928 4667 4930 4667 4931 4668 4933 4668 4935 4668 4937 4669 4938 4670 4936 4671 4938 5 4943 5 4942 5 4943 4672 4940 4673 4942 4674 4941 4675 4936 4676 4940 4677 4942 4678 4936 4679 4938 4680 4939 4681 4941 4682 4943 4683 4945 4684 4946 4684 4944 4685 4947 4686 4950 4687 4946 4688 4951 4689 4948 4690 4950 4691 4948 69 4945 69 4944 69 4950 4692 4944 4693 4946 4694 4947 4695 4949 4696 4951 4697 4953 4668 4954 4668 4952 4668 4955 5 4958 5 4954 5 4959 4667 4956 4667 4958 4667 4957 69 4952 69 4956 69 4958 4665 4952 4665 4954 4665 4955 4666 4957 4666 4959 4666 4961 4698 4962 4698 4960 4699 4962 4700 4967 4701 4966 4702 4967 4703 4964 4679 4966 4704 4965 69 4960 69 4964 69 4966 4705 4960 4706 4962 4707 4963 4708 4965 4709 4967 4710 4969 4711 4970 4712 4968 4713 4971 5 4974 5 4970 5 4975 4714 4972 4715 4974 4716 4972 4717 4969 4718 4968 4719 4974 4720 4968 4721 4970 4722 4971 4723 4973 4724 4975 4725 4977 4666 4978 4666 4976 4666 4979 5 4982 5 4978 5 4983 4665 4980 4665 4982 4665 4981 69 4976 69 4980 69 4982 4668 4976 4668 4978 4668 4979 4667 4981 4667 4983 4667 4985 4726 4986 4726 4984 4727 4986 5 4991 5 4990 5 4991 4728 4988 4729 4990 4730 4989 4731 4984 4732 4988 4733 4990 4734 4984 4735 4986 4683 4987 4736 4989 4737 4991 4738 4993 4739 4994 4740 4992 4691 4995 4741 4998 4742 4994 4743 4999 4744 4996 4744 4998 4745 4996 69 4993 69 4992 69 4998 4746 4992 4747 4994 4748 4995 4749 4997 4693 4999 4750 5001 4667 5002 4667 5000 4667 5003 5 5006 5 5002 5 5007 4668 5004 4668 5006 4668 5005 69 5000 69 5004 69 5006 4666 5000 4666 5002 4666 5003 4665 5005 4665 5007 4665 5009 4751 5010 4752 5008 4704 5010 4753 5015 4754 5014 4755 5015 4756 5012 4756 5014 4757 5013 69 5008 69 5012 69 5014 4758 5008 4759 5010 4710 5011 4706 5013 4706 5015 4760 5017 4761 5018 4762 5016 4763 5019 5 5022 5 5018 5 5023 220 5020 4764 5022 4765 5020 4766 5017 4767 5016 4768 5022 4740 5016 4769 5018 4770 5019 4771 5021 4772 5023 4722 5537 5275 5538 5276 5536 5277 5539 5278 5540 5279 5538 5276 5541 5280 5542 5281 5540 5279 5543 5282 5544 5283 5542 5281 5545 5284 5546 5285 5544 5283 5547 5286 5548 5287 5546 5285 5549 5288 5550 5289 5548 5287 5551 5290 5552 5291 5550 5289 5553 5292 5554 5293 5552 5291 5555 5294 5556 5295 5554 5293 5557 5296 5558 5297 5556 5295 5559 5298 5560 5299 5558 5297 5561 5300 5562 5301 5560 5299 5563 5302 5564 5303 5562 5301 5565 5304 5566 5305 5564 5303 5566 5305 5569 5306 5568 5307 5569 5306 5570 5308 5568 5307 5571 5309 5572 5310 5570 5308 5557 5311 5549 5312 5541 5313 5573 5314 5574 5315 5572 5310 5575 5316 5536 5277 5574 5315 5574 4662 5542 5317 5550 5318 7369 7125 7370 7126 7368 7127 7371 7128 7372 7129 7370 7126 7373 7130 7374 7131 7372 7129 7375 7132 7376 7133 7374 7131 7377 7134 7378 7135 7376 7133 7379 7136 7380 7137 7378 7135 7381 7138 7382 7139 7380 7137 7383 7140 7384 7141 7382 7139 7385 7142 7386 7143 7384 7141 7387 7144 7388 7145 7386 7143 7389 7146 7390 7147 7388 7145 7391 7148 7392 7149 7390 7147 7393 7150 7394 7151 7392 7149 7395 7152 7396 7153 7394 7151 7373 7154 7397 7155 7389 7156 7397 7157 7398 7158 7396 7153 7399 7159 7368 7127 7398 7158 7386 7160 7390 7161 7398 7162 7401 7163 7402 7164 7400 7165 7403 7166 7404 7167 7402 7164 7405 7168 7406 7169 7404 7167 7407 7170 7408 7171 7406 7169 7409 7172 7410 7173 7408 7171 7411 7174 7412 7175 7410 7173 7413 7176 7414 7177 7412 7175 7415 7178 7416 7179 7414 7177 7417 7180 7418 7181 7416 7179 7419 7182 7420 7183 7418 7181 7421 7184 7422 7185 7420 7183 7423 7186 7424 7187 7422 7185 7425 7188 7426 7189 7424 7187 7427 7190 7428 7191 7426 7189 7405 7192 7429 7193 7421 7194 7429 7195 7430 7196 7428 7191 7431 7197 7400 7165 7430 7196 7418 7160 7422 7198 7430 7199 4459 4108 4467 4240 4466 4109 4417 4111 4425 4141 4427 4112 4629 4114 4381 4225 4376 4115 4458 4110 4466 4109 4464 4117 4422 4119 4414 4150 4412 4120 4397 4122 4405 4130 4401 4123 4462 4125 4454 4133 4452 4126 4415 4128 4414 4150 4422 4119 4405 4130 4413 4134 4409 4131 4463 4132 4455 4137 4454 4133 4413 4134 4415 4128 4423 4129 4413 4134 4421 4135 4417 4111 4461 4136 4453 4159 4455 4137 4418 4138 4416 4233 4408 4139 4421 4135 4429 4228 4425 4141 4458 4110 4456 4118 4448 4142 4419 4113 4418 4138 4410 4140 4425 4141 4429 4228 4437 4145 4459 4108 4458 4110 4450 4143 4409 4131 4417 4111 4419 4113 4437 4145 4445 4152 4441 4148 4449 4149 4457 4155 4459 4108 4414 4150 4406 4172 4404 4151 4445 4152 4453 4159 4449 4149 4454 4133 4446 4156 4444 4153 4407 4154 4406 4172 4414 4150 4449 4149 4453 4159 4461 4136 4455 4137 4447 4160 4446 4156 4413 4134 4405 4130 4407 4154 4457 4155 4461 4136 4469 4157 4453 4159 4445 4152 4447 4160 4410 4140 4408 4139 4400 4161 4465 4158 4469 4157 4477 4163 4450 4143 4448 4142 4440 4165 4403 4167 4411 4144 4410 4140 4477 4163 4485 4170 4481 4168 4451 4147 4450 4143 4442 4166 4409 4131 4411 4144 4403 4167 4485 4170 4493 4174 4489 4171 4441 4148 4449 4149 4451 4147 4406 4172 4398 4194 4396 4173 4493 4174 4501 4260 4497 4175 4438 4176 4436 4199 4444 4153 4399 4177 4398 4194 4406 4172 4497 4175 4501 4260 4509 4178 4447 4160 4439 4181 4438 4176 4405 4130 4397 4122 4399 4177 4509 4178 4517 4184 4513 4180 4445 4152 4437 4145 4439 4181 4402 4162 4400 4161 4392 4182 4517 4184 4525 4189 4521 4185 4434 4186 4442 4166 4440 4165 4395 4188 4403 4167 4402 4162 4525 4189 4533 4192 4529 4190 4435 4191 4443 4169 4442 4166 4401 4123 4403 4167 4395 4188 4533 4192 4541 4196 4537 4193 4441 4148 4443 4169 4435 4191 4398 4194 4390 4200 4388 4195 4541 4196 4549 4201 4545 4197 4430 4198 4428 4221 4436 4199 4399 4177 4391 4222 4390 4200 4549 4201 4557 4204 4553 4202 4439 4181 4431 4206 4430 4198 4389 4203 4391 4222 4399 4177 4557 4204 4565 4310 4561 4205 4437 4145 4429 4228 4431 4206 4394 4183 4392 4182 4384 4207 4561 4205 4565 4310 4573 4209 4426 4211 4434 4186 4432 4187 4395 4188 4394 4183 4386 4208 4569 4210 4573 4209 4581 4214 4427 4112 4435 4191 4434 4186 4385 4216 4393 4124 4395 4188 4581 4214 4589 4219 4585 4217 4433 4146 4435 4191 4427 4112 4382 4218 4380 4363 4388 4195 4589 4219 4597 4223 4593 4220 4430 4198 4422 4119 4420 4121 4391 4222 4383 4362 4382 4218 4597 4223 4605 4226 4601 4224 4431 4206 4423 4129 4422 4119 4381 4225 4383 4362 4391 4222 4605 4226 4613 4231 4609 4227 4421 4135 4423 4129 4431 4206 4378 4229 4386 4208 4384 4207 4613 4231 4621 4235 4617 4232 4426 4211 4424 4212 4416 4233 4387 4213 4386 4208 4378 4229 4621 4235 4629 4114 4625 4116 4389 4203 4397 4122 4393 4124 4376 4115 4385 4216 4387 4213 4465 4158 4467 4240 4459 4108 4427 4112 4426 4211 4418 4138 4396 4173 4388 4195 4380 4363 4380 4363 4628 4360 4396 4173 4628 4360 4620 4354 4396 4173 4620 4354 4612 4348 4588 4330 4612 4348 4604 4342 4588 4330 4604 4342 4596 4336 4588 4330 4588 4330 4580 4324 4572 4318 4572 4318 4564 4312 4588 4330 4564 4312 4556 4305 4588 4330 4556 4305 4548 4298 4540 4292 4540 4292 4532 4286 4556 4305 4532 4286 4524 4281 4556 4305 4524 4281 4516 4275 4508 4268 4508 4268 4500 4263 4524 4281 4500 4263 4492 4256 4524 4281 4492 4256 4484 4250 4460 4127 4484 4250 4476 4244 4460 4127 4476 4244 4468 4238 4460 4127 4460 4127 4452 4126 4428 4221 4452 4126 4444 4153 4428 4221 4444 4153 4436 4199 4428 4221 4428 4221 4420 4121 4412 4120 4412 4120 4404 4151 4428 4221 4404 4151 4396 4173 4428 4221 4396 4173 4620 4354 4524 4281 4620 4354 4588 4330 4524 4281 4588 4330 4556 4305 4524 4281 4524 4281 4492 4256 4396 4173 4492 4256 4460 4127 4396 4173 4376 4115 4381 4225 4389 4203 4469 4157 4461 4136 4463 4132 4463 4132 4462 4125 4470 4237 4462 4125 4460 4127 4468 4238 4465 4158 4473 4164 4475 4239 4475 4239 4474 4246 4466 4109 4466 4109 4474 4246 4472 4241 4477 4163 4469 4157 4471 4236 4479 4242 4471 4236 4470 4237 4470 4237 4468 4238 4476 4244 4473 4164 4481 4168 4483 4245 4483 4245 4482 4252 4474 4246 4474 4246 4482 4252 4480 4247 4477 4163 4479 4242 4487 4248 4487 4248 4479 4242 4478 4243 4478 4243 4476 4244 4484 4250 4481 4168 4489 4171 4491 4251 4491 4251 4490 4258 4482 4252 4482 4252 4490 4258 4488 4253 4485 4170 4487 4248 4495 4254 4495 4254 4487 4248 4486 4249 4486 4249 4484 4250 4492 4256 4497 4175 4499 4264 4491 4251 4491 4251 4499 4264 4498 4257 4490 4258 4498 4257 4496 4259 4501 4260 4493 4174 4495 4254 4495 4254 4494 4255 4502 4262 4494 4255 4492 4256 4500 4263 4505 4179 4507 4270 4499 4264 4499 4264 4507 4270 4506 4265 4506 4265 4504 4272 4496 4259 4509 4178 4501 4260 4503 4261 4503 4261 4502 4262 4510 4267 4510 4267 4502 4262 4500 4263 4505 4179 4513 4180 4515 4269 4515 4269 4514 4277 4506 4265 4506 4265 4514 4277 4512 4271 4509 4178 4511 4266 4519 4273 4519 4273 4511 4266 4510 4267 4510 4267 4508 4268 4516 4275 4513 4180 4521 4185 4523 4276 4523 4276 4522 4278 4514 4277 4522 4278 4520 4283 4512 4271 4517 4184 4519 4273 4527 4279 4527 4279 4519 4273 4518 4274 4526 4280 4518 4274 4516 4275 4529 4190 4531 4287 4523 4276 4523 4276 4531 4287 4530 4282 4530 4282 4528 4289 4520 4283 4533 4192 4525 4189 4527 4279 4527 4279 4526 4280 4534 4285 4534 4285 4526 4280 4524 4281 4537 4193 4539 4293 4531 4287 4531 4287 4539 4293 4538 4288 4538 4288 4536 4295 4528 4289 4541 4196 4533 4192 4535 4284 4535 4284 4534 4285 4542 4291 4542 4291 4534 4285 4532 4286 4545 4197 4547 4300 4539 4293 4539 4293 4547 4300 4546 4294 4546 4294 4544 4302 4536 4295 4541 4196 4543 4290 4551 4296 4543 4290 4542 4291 4550 4297 4550 4297 4542 4291 4540 4292 4545 4197 4553 4202 4555 4299 4555 4299 4554 4301 4546 4294 4554 4301 4552 4308 4544 4302 4549 4201 4551 4296 4559 4303 4559 4303 4551 4296 4550 4297 4558 4304 4550 4297 4548 4298 4561 4205 4563 4313 4555 4299 4555 4299 4563 4313 4562 4306 4554 4301 4562 4306 4560 4307 4557 4204 4559 4303 4567 4309 4559 4303 4558 4304 4566 4311 4558 4304 4556 4305 4564 4312 4569 4210 4571 4320 4563 4313 4563 4313 4571 4320 4570 4314 4562 4306 4570 4314 4568 4315 4565 4310 4567 4309 4575 4316 4567 4309 4566 4311 4574 4317 4566 4311 4564 4312 4572 4318 4569 4210 4577 4215 4579 4319 4579 4319 4578 4321 4570 4314 4578 4321 4576 4327 4568 4315 4573 4209 4575 4316 4583 4322 4575 4316 4574 4317 4582 4323 4582 4323 4574 4317 4572 4318 4577 4215 4585 4217 4587 4325 4587 4325 4586 4326 4578 4321 4586 4326 4584 4333 4576 4327 4581 4214 4583 4322 4591 4328 4583 4322 4582 4323 4590 4329 4590 4329 4582 4323 4580 4324 4593 4220 4595 4337 4587 4325 4587 4325 4595 4337 4594 4331 4586 4326 4594 4331 4592 4332 4597 4223 4589 4219 4591 4328 4591 4328 4590 4329 4598 4335 4590 4329 4588 4330 4596 4336 4601 4224 4603 4344 4595 4337 4595 4337 4603 4344 4602 4338 4594 4331 4602 4338 4600 4339 4605 4226 4597 4223 4599 4334 4607 4340 4599 4334 4598 4335 4598 4335 4596 4336 4604 4342 4601 4224 4609 4227 4611 4343 4611 4343 4610 4350 4602 4338 4602 4338 4610 4350 4608 4345 4605 4226 4607 4340 4615 4346 4615 4346 4607 4340 4606 4341 4606 4341 4604 4342 4612 4348 4609 4227 4617 4232 4619 4349 4619 4349 4618 4356 4610 4350 4610 4350 4618 4356 4616 4351 4613 4231 4615 4346 4623 4352 4623 4352 4615 4346 4614 4347 4614 4347 4612 4348 4620 4354 4625 4116 4627 4361 4619 4349 4619 4349 4627 4361 4626 4355 4618 4356 4626 4355 4624 4357 4629 4114 4621 4235 4623 4352 4623 4352 4622 4353 4630 4359 4622 4353 4620 4354 4628 4360 4376 4115 4379 4234 4627 4361 4627 4361 4379 4234 4378 4229 4378 4229 4377 4230 4624 4357 4381 4225 4629 4114 4631 4358 4631 4358 4630 4359 4382 4218 4382 4218 4630 4359 4628 4360 4624 4357 4377 4230 4384 4207 4384 4207 4392 4182 4624 4357 4392 4182 4400 4161 4624 4357 4400 4161 4408 4139 4432 4187 4408 4139 4416 4233 4432 4187 4416 4233 4424 4212 4432 4187 4432 4187 4440 4165 4448 4142 4448 4142 4456 4118 4464 4117 4464 4117 4472 4241 4480 4247 4480 4247 4488 4253 4496 4259 4496 4259 4504 4272 4512 4271 4512 4271 4520 4283 4496 4259 4520 4283 4528 4289 4496 4259 4528 4289 4536 4295 4560 4307 4536 4295 4544 4302 4560 4307 4544 4302 4552 4308 4560 4307 4560 4307 4568 4315 4576 4327 4576 4327 4584 4333 4592 4332 4592 4332 4600 4339 4608 4345 4608 4345 4616 4351 4624 4357 4432 4187 4448 4142 4464 4117 4464 4117 4480 4247 4432 4187 4480 4247 4496 4259 4432 4187 4560 4307 4576 4327 4624 4357 4576 4327 4592 4332 4624 4357 4592 4332 4608 4345 4624 4357 4624 4357 4400 4161 4496 4259 4400 4161 4432 4187 4496 4259 4496 4259 4528 4289 4624 4357 4715 4364 4723 4497 4722 4365 4673 4367 4681 4397 4683 4368 4885 4370 4637 4482 4632 4371 4714 4366 4722 4365 4720 4373 4678 4375 4670 4407 4668 4376 4653 4378 4661 4386 4657 4379 4718 4381 4710 4389 4708 4382 4671 4384 4670 4407 4678 4375 4661 4386 4669 4390 4665 4387 4719 4388 4711 4393 4710 4389 4669 4390 4671 4384 4679 4385 4669 4390 4677 4391 4673 4367 4717 4392 4709 4409 4711 4393 4674 4394 4672 4490 4664 4395 4677 4391 4685 4485 4681 4397 4714 4366 4712 4374 4704 4398 4675 4369 4674 4394 4666 4396 4681 4397 4685 4485 4693 4401 4715 4364 4714 4366 4706 4399 4665 4387 4673 4367 4675 4369 4689 4402 4693 4401 4701 4404 4705 4406 4713 4412 4715 4364 4670 4407 4662 4428 4660 4408 4697 4405 4701 4404 4709 4409 4710 4389 4702 4413 4700 4410 4663 4411 4662 4428 4670 4407 4705 4406 4709 4409 4717 4392 4711 4393 4703 4416 4702 4413 4669 4390 4661 4386 4663 4411 4713 4412 4717 4392 4725 4414 4709 4409 4701 4404 4703 4416 4666 4396 4664 4395 4656 4417 4721 4415 4725 4414 4733 4419 4706 4399 4704 4398 4696 4421 4659 4423 4667 4400 4666 4396 4733 4419 4741 4426 4737 4424 4707 4403 4706 4399 4698 4422 4665 4387 4667 4400 4659 4423 4741 4426 4749 4430 4745 4427 4697 4405 4705 4406 4707 4403 4662 4428 4654 4450 4652 4429 4749 4430 4757 4517 4753 4431 4694 4432 4692 4455 4700 4410 4655 4433 4654 4450 4662 4428 4753 4431 4757 4517 4765 4434 4703 4416 4695 4437 4694 4432 4661 4386 4653 4378 4655 4433 4765 4434 4773 4440 4769 4436 4701 4404 4693 4401 4695 4437 4658 4418 4656 4417 4648 4438 4773 4440 4781 4445 4777 4441 4690 4442 4698 4422 4696 4421 4651 4444 4659 4423 4658 4418 4781 4445 4789 4448 4785 4446 4691 4447 4699 4425 4698 4422 4657 4379 4659 4423 4651 4444 4789 4448 4797 4452 4793 4449 4697 4405 4699 4425 4691 4447 4654 4450 4646 4456 4644 4451 4797 4452 4805 4457 4801 4453 4686 4454 4684 4478 4692 4455 4655 4433 4647 4479 4646 4456 4805 4457 4813 4460 4809 4458 4695 4437 4687 4462 4686 4454 4645 4459 4647 4479 4655 4433 4813 4460 4821 4465 4817 4461 4693 4401 4685 4485 4687 4462 4650 4439 4648 4438 4640 4463 4821 4465 4829 4470 4825 4466 4682 4467 4690 4442 4688 4443 4651 4444 4650 4439 4642 4464 4829 4470 4837 4473 4833 4471 4683 4368 4691 4447 4690 4442 4641 4472 4649 4380 4651 4444 4837 4473 4845 4476 4841 4474 4689 4402 4691 4447 4683 4368 4638 4475 4636 4619 4644 4451 4845 4476 4853 4480 4849 4477 4686 4454 4678 4375 4676 4377 4647 4479 4639 4618 4638 4475 4853 4480 4861 4483 4857 4481 4687 4462 4679 4385 4678 4375 4637 4482 4639 4618 4647 4479 4861 4483 4869 4488 4865 4484 4677 4391 4679 4385 4687 4462 4634 4486 4642 4464 4640 4463 4869 4488 4877 4492 4873 4489 4682 4467 4680 4468 4672 4490 4643 4469 4642 4464 4634 4486 4877 4492 4885 4370 4881 4372 4645 4459 4653 4378 4649 4380 4632 4371 4641 4472 4643 4469 4721 4415 4723 4497 4715 4364 4683 4368 4682 4467 4674 4394 4652 4429 4644 4451 4876 4610 4644 4451 4636 4619 4876 4610 4636 4619 4884 4616 4876 4610 4876 4610 4868 4604 4844 4586 4868 4604 4860 4598 4844 4586 4860 4598 4852 4592 4844 4586 4844 4586 4836 4580 4828 4574 4828 4574 4820 4568 4844 4586 4820 4568 4812 4562 4844 4586 4812 4562 4804 4555 4796 4549 4796 4549 4788 4543 4812 4562 4788 4543 4780 4538 4812 4562 4780 4538 4772 4532 4764 4525 4764 4525 4756 4520 4780 4538 4756 4520 4748 4513 4780 4538 4748 4513 4740 4507 4716 4383 4740 4507 4732 4501 4716 4383 4732 4501 4724 4495 4716 4383 4716 4383 4708 4382 4684 4478 4708 4382 4700 4410 4684 4478 4700 4410 4692 4455 4684 4478 4684 4478 4676 4377 4668 4376 4668 4376 4660 4408 4684 4478 4660 4408 4652 4429 4684 4478 4652 4429 4876 4610 4780 4538 4876 4610 4844 4586 4780 4538 4844 4586 4812 4562 4780 4538 4780 4538 4748 4513 4652 4429 4748 4513 4716 4383 4652 4429 4632 4371 4637 4482 4645 4459 4725 4414 4717 4392 4719 4388 4719 4388 4718 4381 4726 4494 4718 4381 4716 4383 4724 4495 4721 4415 4729 4420 4731 4496 4731 4496 4730 4503 4722 4365 4722 4365 4730 4503 4728 4498 4733 4419 4725 4414 4727 4493 4735 4499 4727 4493 4726 4494 4726 4494 4724 4495 4732 4501 4729 4420 4737 4424 4739 4502 4739 4502 4738 4509 4730 4503 4730 4503 4738 4509 4736 4504 4733 4419 4735 4499 4743 4505 4743 4505 4735 4499 4734 4500 4734 4500 4732 4501 4740 4507 4737 4424 4745 4427 4747 4508 4747 4508 4746 4515 4738 4509 4738 4509 4746 4515 4744 4510 4741 4426 4743 4505 4751 4511 4751 4511 4743 4505 4742 4506 4742 4506 4740 4507 4748 4513 4753 4431 4755 4521 4747 4508 4747 4508 4755 4521 4754 4514 4746 4515 4754 4514 4752 4516 4757 4517 4749 4430 4751 4511 4751 4511 4750 4512 4758 4519 4750 4512 4748 4513 4756 4520 4761 4435 4763 4527 4755 4521 4755 4521 4763 4527 4762 4522 4762 4522 4760 4529 4752 4516 4765 4434 4757 4517 4759 4518 4759 4518 4758 4519 4766 4524 4766 4524 4758 4519 4756 4520 4761 4435 4769 4436 4771 4526 4771 4526 4770 4534 4762 4522 4762 4522 4770 4534 4768 4528 4765 4434 4767 4523 4775 4530 4775 4530 4767 4523 4766 4524 4766 4524 4764 4525 4772 4532 4769 4436 4777 4441 4779 4533 4779 4533 4778 4535 4770 4534 4778 4535 4776 4540 4768 4528 4773 4440 4775 4530 4783 4536 4783 4536 4775 4530 4774 4531 4782 4537 4774 4531 4772 4532 4785 4446 4787 4544 4779 4533 4779 4533 4787 4544 4786 4539 4786 4539 4784 4546 4776 4540 4789 4448 4781 4445 4783 4536 4783 4536 4782 4537 4790 4542 4790 4542 4782 4537 4780 4538 4793 4449 4795 4550 4787 4544 4787 4544 4795 4550 4794 4545 4794 4545 4792 4552 4784 4546 4797 4452 4789 4448 4791 4541 4791 4541 4790 4542 4798 4548 4798 4548 4790 4542 4788 4543 4801 4453 4803 4557 4795 4550 4795 4550 4803 4557 4802 4551 4802 4551 4800 4559 4792 4552 4797 4452 4799 4547 4807 4553 4799 4547 4798 4548 4806 4554 4806 4554 4798 4548 4796 4549 4801 4453 4809 4458 4811 4556 4811 4556 4810 4558 4802 4551 4810 4558 4808 4565 4800 4559 4805 4457 4807 4553 4815 4560 4815 4560 4807 4553 4806 4554 4814 4561 4806 4554 4804 4555 4817 4461 4819 4569 4811 4556 4811 4556 4819 4569 4818 4563 4810 4558 4818 4563 4816 4564 4813 4460 4815 4560 4823 4566 4815 4560 4814 4561 4822 4567 4814 4561 4812 4562 4820 4568 4825 4466 4827 4576 4819 4569 4819 4569 4827 4576 4826 4570 4818 4563 4826 4570 4824 4571 4821 4465 4823 4566 4831 4572 4823 4566 4822 4567 4830 4573 4822 4567 4820 4568 4828 4574 4825 4466 4833 4471 4835 4575 4835 4575 4834 4577 4826 4570 4834 4577 4832 4583 4824 4571 4829 4470 4831 4572 4839 4578 4831 4572 4830 4573 4838 4579 4838 4579 4830 4573 4828 4574 4833 4471 4841 4474 4843 4581 4843 4581 4842 4582 4834 4577 4842 4582 4840 4589 4832 4583 4837 4473 4839 4578 4847 4584 4839 4578 4838 4579 4846 4585 4846 4585 4838 4579 4836 4580 4849 4477 4851 4593 4843 4581 4843 4581 4851 4593 4850 4587 4842 4582 4850 4587 4848 4588 4853 4480 4845 4476 4847 4584 4847 4584 4846 4585 4854 4591 4846 4585 4844 4586 4852 4592 4857 4481 4859 4600 4851 4593 4851 4593 4859 4600 4858 4594 4850 4587 4858 4594 4856 4595 4861 4483 4853 4480 4855 4590 4863 4596 4855 4590 4854 4591 4854 4591 4852 4592 4860 4598 4857 4481 4865 4484 4867 4599 4867 4599 4866 4606 4858 4594 4858 4594 4866 4606 4864 4601 4861 4483 4863 4596 4871 4602 4871 4602 4863 4596 4862 4597 4862 4597 4860 4598 4868 4604 4865 4484 4873 4489 4875 4605 4875 4605 4874 4612 4866 4606 4866 4606 4874 4612 4872 4607 4869 4488 4871 4602 4879 4608 4879 4608 4871 4602 4870 4603 4870 4603 4868 4604 4876 4610 4881 4372 4883 4617 4875 4605 4875 4605 4883 4617 4882 4611 4874 4612 4882 4611 4880 4613 4885 4370 4877 4492 4879 4608 4879 4608 4878 4609 4886 4615 4878 4609 4876 4610 4884 4616 4632 4371 4635 4491 4883 4617 4883 4617 4635 4491 4634 4486 4634 4486 4633 4487 4880 4613 4637 4482 4885 4370 4887 4614 4887 4614 4886 4615 4638 4475 4638 4475 4886 4615 4884 4616 4880 4613 4633 4487 4640 4463 4640 4463 4648 4438 4880 4613 4648 4438 4656 4417 4880 4613 4656 4417 4664 4395 4688 4443 4664 4395 4672 4490 4688 4443 4672 4490 4680 4468 4688 4443 4688 4443 4696 4421 4704 4398 4704 4398 4712 4374 4720 4373 4720 4373 4728 4498 4736 4504 4736 4504 4744 4510 4752 4516 4752 4516 4760 4529 4768 4528 4768 4528 4776 4540 4752 4516 4776 4540 4784 4546 4752 4516 4784 4546 4792 4552 4816 4564 4792 4552 4800 4559 4816 4564 4800 4559 4808 4565 4816 4564 4816 4564 4824 4571 4832 4583 4832 4583 4840 4589 4848 4588 4848 4588 4856 4595 4864 4601 4864 4601 4872 4607 4880 4613 4688 4443 4704 4398 4720 4373 4720 4373 4736 4504 4688 4443 4736 4504 4752 4516 4688 4443 4816 4564 4832 4583 4880 4613 4832 4583 4848 4588 4880 4613 4848 4588 4864 4601 4880 4613 4880 4613 4656 4417 4752 4516 4656 4417 4688 4443 4752 4516 4752 4516 4784 4546 4880 4613 4889 4620 4891 4623 4890 4621 4891 4623 4893 4625 4892 4624 4893 4625 4895 4627 4894 4626 4895 4627 4897 4629 4896 4628 4897 4629 4899 4631 4898 4630 4899 4631 4901 4633 4900 4632 4901 4633 4903 4635 4902 4634 4903 4635 4905 4637 4904 4636 4905 4637 4907 4639 4906 4638 4907 4639 4909 4641 4908 4640 4909 4641 4911 4643 4910 4642 4911 4643 4913 4645 4912 4644 4913 4645 4915 4647 4914 4646 4915 4647 4917 4649 4916 4648 4917 4649 4919 7545 4918 4650 4918 4650 4919 7545 4921 4651 4921 4651 4923 4654 4922 4653 4923 4654 4925 4659 4924 4655 4893 4658 4891 69 4889 7546 4889 7546 4927 7547 4925 7548 4925 7548 4923 69 4917 7549 4923 69 4921 69 4917 7549 4921 69 4919 69 4917 7549 4917 7549 4915 7550 4909 4656 4915 7550 4913 69 4909 4656 4913 69 4911 69 4909 4656 4909 4656 4907 7551 4905 7552 4905 7552 4903 7553 4909 4656 4903 7553 4901 4657 4909 4656 4901 4657 4899 69 4897 69 4897 69 4895 69 4901 4657 4895 69 4893 4658 4901 4657 4893 4658 4889 7546 4925 7548 4893 4658 4925 7548 4917 7549 4917 7549 4909 4656 4893 4658 4925 4659 4927 4661 4926 4660 4927 4661 4889 4620 4888 4622 4926 4662 4888 5 4894 4663 4888 5 4890 5 4894 4663 4890 5 4892 5 4894 4663 4894 4663 4896 7554 4898 7555 4898 7555 4900 7556 4902 4664 4902 4664 4904 7557 4906 7558 4906 7558 4908 5 4910 7559 4910 7559 4912 7560 4914 7561 4914 7561 4916 7562 4918 7563 4918 7563 4920 7564 4922 7565 4922 7565 4924 5 4926 4662 4894 4663 4898 7555 4902 4664 4902 4664 4906 7558 4910 7559 4910 7559 4914 7561 4902 4664 4914 7561 4918 7563 4902 4664 4918 7563 4922 7565 4902 4664 4922 7565 4926 4662 4902 4664 4929 4665 4931 4665 4930 4665 4931 5 4935 5 4934 5 4935 4666 4933 4666 4932 4666 4933 69 4929 69 4928 69 4934 4667 4932 4667 4928 4667 4931 4668 4929 4668 4933 4668 4937 4669 4939 7566 4938 4670 4938 5 4939 5 4943 5 4943 4672 4941 7567 4940 4673 4941 4675 4937 7568 4936 4676 4942 4678 4940 4738 4936 4679 4939 4681 4937 7569 4941 4682 4945 4684 4947 4685 4946 4684 4947 4686 4951 4702 4950 4687 4951 4689 4949 7570 4948 4690 4948 69 4949 69 4945 69 4950 4692 4948 7571 4944 4693 4947 4695 4945 4748 4949 4696 4953 4668 4955 4668 4954 4668 4955 5 4959 5 4958 5 4959 4667 4957 4667 4956 4667 4957 69 4953 69 4952 69 4958 4665 4956 4665 4952 4665 4955 4666 4953 4666 4957 4666 4961 4698 4963 4699 4962 4698 4962 4700 4963 4688 4967 4701 4967 4703 4965 7572 4964 4679 4965 69 4961 69 4960 69 4966 4705 4964 4760 4960 4706 4963 4708 4961 7573 4965 4709 4969 4711 4971 7574 4970 4712 4971 5 4975 5 4974 5 4975 4714 4973 7575 4972 4715 4972 4717 4973 7576 4969 4718 4974 4720 4972 7577 4968 4721 4971 4723 4969 4770 4973 4724 4977 4666 4979 4666 4978 4666 4979 5 4983 5 4982 5 4983 4665 4981 4665 4980 4665 4981 69 4977 69 4976 69 4982 4668 4980 4668 4976 4668 4979 4667 4977 4667 4981 4667 4985 4726 4987 7578 4986 4726 4986 5 4987 5 4991 5 4991 4728 4989 7579 4988 4729 4989 4731 4985 7580 4984 4732 4990 4734 4988 7581 4984 4735 4987 4736 4985 7582 4989 4737 4993 4739 4995 7583 4994 4740 4995 4741 4999 7584 4998 4742 4999 4744 4997 4745 4996 4744 4996 69 4997 69 4993 69 4998 4746 4996 7585 4992 4747 4995 4749 4993 7571 4997 4693 5001 4667 5003 4667 5002 4667 5003 5 5007 5 5006 5 5007 4668 5005 4668 5004 4668 5005 69 5001 69 5000 69 5006 4666 5004 4666 5000 4666 5003 4665 5001 4665 5005 4665 5009 4751 5011 7586 5010 4752 5010 4753 5011 4743 5015 4754 5015 4756 5013 4757 5012 4756 5013 69 5009 69 5008 69 5014 4758 5012 7587 5008 4759 5011 4706 5009 7588 5013 4706 5017 4761 5019 4716 5018 4762 5019 5 5023 5 5022 5 5023 220 5021 7589 5020 4764 5020 4766 5021 7590 5017 4767 5022 4740 5020 7591 5016 4769 5019 4771 5017 7577 5021 4772 5537 5275 5539 5278 5538 5276 5539 5278 5541 5280 5540 5279 5541 5280 5543 5282 5542 5281 5543 5282 5545 5284 5544 5283 5545 5284 5547 5286 5546 5285 5547 5286 5549 5288 5548 5287 5549 5288 5551 5290 5550 5289 5551 5290 5553 5292 5552 5291 5553 5292 5555 5294 5554 5293 5555 5294 5557 5296 5556 5295 5557 5296 5559 5298 5558 5297 5559 5298 5561 5300 5560 5299 5561 5300 5563 5302 5562 5301 5563 5302 5565 5304 5564 5303 5565 5304 5567 7592 5566 5305 5566 5305 5567 7592 5569 5306 5569 5306 5571 5309 5570 5308 5571 5309 5573 5314 5572 5310 5541 5313 5539 69 5537 7546 5537 7546 5575 7547 5573 7548 5573 7548 5571 69 5565 7593 5571 69 5569 69 5565 7593 5569 69 5567 69 5565 7593 5565 7593 5563 7553 5557 5311 5563 7553 5561 69 5557 5311 5561 69 5559 69 5557 5311 5557 5311 5555 7551 5553 7552 5553 7552 5551 7553 5557 5311 5551 7553 5549 5312 5557 5311 5549 5312 5547 69 5545 69 5545 69 5543 69 5549 5312 5543 69 5541 5313 5549 5312 5541 5313 5537 7546 5573 7548 5541 5313 5573 7548 5565 7593 5565 7593 5557 5311 5541 5313 5573 5314 5575 5316 5574 5315 5575 5316 5537 5275 5536 5277 5574 4662 5536 5 5542 5317 5536 5 5538 5 5542 5317 5538 5 5540 5 5542 5317 5542 5317 5544 7594 5546 7595 5546 7595 5548 7596 5550 5318 5550 5318 5552 7597 5554 7598 5554 7598 5556 5 5558 7599 5558 7599 5560 7600 5562 7601 5562 7601 5564 7602 5566 7603 5566 7603 5568 7604 5570 7605 5570 7605 5572 5 5574 4662 5542 5317 5546 7595 5550 5318 5550 5318 5554 7598 5558 7599 5558 7599 5562 7601 5550 5318 5562 7601 5566 7603 5550 5318 5566 7603 5570 7605 5550 5318 5570 7605 5574 4662 5550 5318 7369 7125 7371 7128 7370 7126 7371 7128 7373 7130 7372 7129 7373 7130 7375 7132 7374 7131 7375 7132 7377 7134 7376 7133 7377 7134 7379 7136 7378 7135 7379 7136 7381 7138 7380 7137 7381 7138 7383 7140 7382 7139 7383 7140 7385 7142 7384 7141 7385 7142 7387 7144 7386 7143 7387 7144 7389 7146 7388 7145 7389 7146 7391 7148 7390 7147 7391 7148 7393 7150 7392 7149 7393 7150 7395 7152 7394 7151 7395 7152 7397 7157 7396 7153 7373 7154 7371 7705 7397 7155 7371 7705 7369 7706 7397 7155 7369 7706 7399 7707 7397 7155 7397 7155 7395 7625 7393 7708 7393 7708 7391 69 7389 7156 7389 7156 7387 7709 7381 7710 7387 7709 7385 7711 7381 7710 7385 7711 7383 7607 7381 7710 7381 7710 7379 7712 7377 7713 7377 7713 7375 69 7373 7154 7397 7155 7393 7708 7389 7156 7381 7710 7377 7713 7389 7156 7377 7713 7373 7154 7389 7156 7397 7157 7399 7159 7398 7158 7399 7159 7369 7125 7368 7127 7398 7162 7368 5 7370 7714 7370 7714 7372 7715 7374 7716 7374 7716 7376 7717 7382 7718 7376 7717 7378 7719 7382 7718 7378 7719 7380 7720 7382 7718 7382 7718 7384 5 7386 7160 7386 7160 7388 7720 7390 7161 7390 7161 7392 7721 7398 7162 7392 7721 7394 7722 7398 7162 7394 7722 7396 7715 7398 7162 7398 7162 7370 7714 7382 7718 7370 7714 7374 7716 7382 7718 7382 7718 7386 7160 7398 7162 7401 7163 7403 7166 7402 7164 7403 7166 7405 7168 7404 7167 7405 7168 7407 7170 7406 7169 7407 7170 7409 7172 7408 7171 7409 7172 7411 7174 7410 7173 7411 7174 7413 7176 7412 7175 7413 7176 7415 7178 7414 7177 7415 7178 7417 7180 7416 7179 7417 7180 7419 7182 7418 7181 7419 7182 7421 7184 7420 7183 7421 7184 7423 7186 7422 7185 7423 7186 7425 7188 7424 7187 7425 7188 7427 7190 7426 7189 7427 7190 7429 7195 7428 7191 7405 7192 7403 7723 7429 7193 7403 7723 7401 7724 7429 7193 7401 7724 7431 7725 7429 7193 7429 7193 7427 7726 7425 7727 7425 7727 7423 69 7421 7194 7421 7194 7419 7728 7413 7729 7419 7728 7417 7730 7413 7729 7417 7730 7415 7731 7413 7729 7413 7729 7411 7712 7409 7713 7409 7713 7407 69 7405 7192 7429 7193 7425 7727 7421 7194 7413 7729 7409 7713 7421 7194 7409 7713 7405 7192 7421 7194 7429 7195 7431 7197 7430 7196 7431 7197 7401 7163 7400 7165 7430 7199 7400 5 7402 7714 7402 7714 7404 7715 7406 7732 7406 7732 7408 7733 7414 7734 7408 7733 7410 7719 7414 7734 7410 7719 7412 7720 7414 7734 7414 7734 7416 5 7418 7160 7418 7160 7420 7720 7422 7198 7422 7198 7424 7735 7430 7199 7424 7735 7426 7736 7430 7199 7426 7736 7428 7715 7430 7199 7430 7199 7402 7714 7414 7734 7402 7714 7406 7732 7414 7734 7414 7734 7418 7160 7430 7199</p>
        </triangles>
        <triangles material="aluminium-material" count="1616">
          <input semantic="VERTEX" source="#track_left-mesh-vertices" offset="0"/>
          <input semantic="NORMAL" source="#track_left-mesh-normals" offset="1"/>
          <p>5107 4773 5114 4774 5106 4775 5065 4776 5075 4777 5067 4778 5277 4779 5024 4780 5273 4781 5106 4775 5112 4782 5104 4118 5070 4783 5060 4784 5068 4785 5045 4786 5049 4787 5041 4788 5110 4789 5100 4790 5108 4127 5063 4791 5070 4783 5071 4792 5053 4793 5057 4794 5049 4787 5111 4795 5102 4796 5110 4789 5061 4797 5071 4792 5069 4798 5061 4797 5065 4776 5057 4794 5109 4799 5103 4800 5111 4795 5066 4801 5056 4802 5058 4803 5069 4798 5073 4804 5065 4776 5106 4775 5096 4805 5098 4806 5067 4778 5058 4803 5059 4807 5073 4804 5085 4808 5081 4809 5107 4773 5098 4806 5099 4810 5057 4794 5067 4778 5059 4807 5085 4808 5089 4811 5081 4809 5097 4812 5107 4773 5099 4810 5062 4813 5052 4814 5060 4784 5093 4815 5097 4812 5089 4811 5102 4796 5092 4816 5100 4790 5055 4817 5062 4813 5063 4791 5097 4812 5109 4799 5105 4818 5103 4800 5094 4819 5102 4796 5061 4797 5055 4817 5063 4791 5105 4818 5117 4820 5113 4821 5101 4822 5095 4823 5103 4800 5058 4803 5048 4824 5050 4825 5113 4821 5125 4826 5121 4827 5098 4806 5088 4828 5090 4829 5051 4830 5058 4803 5050 4825 5125 4826 5129 4831 5121 4827 5099 4810 5090 4829 5091 4832 5057 4794 5051 4830 5049 4787 5133 4833 5137 4834 5129 4831 5089 4811 5099 4810 5091 4832 5054 4835 5044 4836 5052 4814 5141 4837 5145 4838 5137 4834 5086 4839 5092 4816 5094 4819 5047 4840 5054 4835 5055 4817 5145 4838 5157 4841 5153 4842 5095 4823 5086 4839 5094 4819 5053 4793 5047 4840 5055 4817 5157 4841 5161 4843 5153 4842 5093 4815 5087 4844 5095 4823 5050 4825 5040 4845 5042 4846 5165 4847 5169 4848 5161 4843 5082 4849 5088 4828 5080 4850 5043 4851 5050 4825 5042 4846 5173 4852 5177 4853 5169 4848 5083 4854 5090 4829 5082 4849 5049 4787 5043 4851 5041 4788 5181 4855 5185 4856 5177 4853 5089 4811 5083 4854 5081 4809 5046 4857 5036 4858 5044 4836 5189 4859 5193 4860 5185 4856 5078 4861 5084 4862 5086 4839 5047 4840 5038 4863 5046 4857 5197 4864 5201 4865 5193 4860 5087 4844 5078 4861 5086 4839 5037 4866 5047 4840 5045 4786 5205 4867 5209 4868 5201 4865 5085 4808 5079 4869 5087 4844 5042 4846 5032 4870 5034 4871 5209 4868 5221 4872 5217 4873 5074 4874 5080 4850 5072 4875 5043 4851 5034 4871 5035 4876 5217 4873 5229 4877 5225 4878 5075 4777 5082 4849 5074 4874 5033 4879 5043 4851 5035 4876 5229 4877 5233 4880 5225 4878 5081 4809 5075 4777 5073 4804 5030 4881 5036 4858 5038 4863 5237 4882 5241 4883 5233 4880 5078 4861 5068 4785 5076 4221 5039 4884 5030 4881 5038 4863 5245 4885 5249 4886 5241 4883 5079 4869 5070 4783 5078 4861 5029 4887 5039 4884 5037 4866 5253 4888 5257 4889 5249 4886 5069 4798 5079 4869 5077 4890 5026 4891 5032 4870 5025 4892 5261 4893 5265 4894 5257 4889 5074 4874 5064 4895 5066 4801 5035 4876 5026 4891 5027 4896 5269 4897 5273 4781 5265 4894 5037 4866 5041 4788 5033 4879 5024 4780 5035 4876 5027 4896 5113 4821 5107 4773 5105 4818 5075 4777 5066 4801 5067 4778 5108 4127 5076 4221 5044 4836 5024 4780 5037 4866 5033 4879 5117 4820 5111 4795 5119 4898 5111 4795 5118 4899 5119 4898 5110 4789 5116 4900 5118 4899 5113 4821 5123 4901 5115 4902 5123 4901 5114 4774 5115 4902 5114 4774 5120 4903 5112 4782 5125 4826 5119 4898 5127 4904 5127 4904 5118 4899 5126 4905 5118 4899 5124 4906 5126 4905 5121 4827 5131 4907 5123 4901 5131 4907 5122 4908 5123 4901 5122 4908 5128 4909 5120 4903 5125 4826 5135 4910 5133 4833 5135 4910 5126 4905 5134 4911 5126 4905 5132 4912 5134 4911 5129 4831 5139 4913 5131 4907 5139 4913 5130 4914 5131 4907 5130 4914 5136 4915 5128 4909 5133 4833 5143 4916 5141 4837 5143 4916 5134 4911 5142 4917 5134 4911 5140 4918 5142 4917 5145 4838 5139 4913 5137 4834 5139 4913 5146 4919 5138 4920 5138 4920 5144 4921 5136 4915 5149 4922 5143 4916 5151 4923 5143 4916 5150 4924 5151 4923 5142 4917 5148 4925 5150 4924 5153 4842 5147 4926 5145 4838 5147 4926 5154 4927 5146 4919 5154 4927 5144 4921 5146 4919 5157 4841 5151 4923 5159 4928 5151 4923 5158 4929 5159 4928 5158 4929 5148 4925 5156 4930 5153 4842 5163 4931 5155 4932 5163 4931 5154 4927 5155 4932 5154 4927 5160 4933 5152 4934 5157 4841 5167 4935 5165 4847 5167 4935 5158 4929 5166 4936 5158 4929 5164 4937 5166 4936 5161 4843 5171 4938 5163 4931 5171 4938 5162 4939 5163 4931 5170 4940 5160 4933 5162 4939 5165 4847 5175 4941 5173 4852 5175 4941 5166 4936 5174 4942 5174 4942 5164 4937 5172 4943 5177 4853 5171 4938 5169 4848 5171 4938 5178 4944 5170 4940 5178 4944 5168 4945 5170 4940 5181 4855 5175 4941 5183 4946 5175 4941 5182 4947 5183 4946 5182 4947 5172 4943 5180 4948 5185 4856 5179 4949 5177 4853 5179 4949 5186 4950 5178 4944 5186 4950 5176 4951 5178 4944 5189 4859 5183 4946 5191 4952 5183 4946 5190 4953 5191 4952 5190 4953 5180 4948 5188 4954 5193 4860 5187 4955 5185 4856 5187 4955 5194 4956 5186 4950 5194 4956 5184 4957 5186 4950 5189 4859 5199 4958 5197 4864 5191 4952 5198 4959 5199 4958 5198 4959 5188 4954 5196 4960 5193 4860 5203 4961 5195 4962 5203 4961 5194 4956 5195 4962 5202 4963 5192 4964 5194 4956 5197 4864 5207 4965 5205 4867 5207 4965 5198 4959 5206 4966 5206 4966 5196 4960 5204 4305 5209 4868 5203 4961 5201 4865 5203 4961 5210 4967 5202 4963 5202 4963 5208 4968 5200 4969 5205 4867 5215 4970 5213 4971 5207 4965 5214 4972 5215 4970 5206 4966 5212 4973 5214 4972 5217 4873 5211 4974 5209 4868 5211 4974 5218 4975 5210 4967 5210 4967 5216 4976 5208 4968 5213 4971 5223 4977 5221 4872 5215 4970 5222 4978 5223 4977 5214 4972 5220 4979 5222 4978 5217 4873 5227 4980 5219 4981 5227 4980 5218 4975 5219 4981 5226 4982 5216 4976 5218 4975 5221 4872 5231 4983 5229 4877 5223 4977 5230 4984 5231 4983 5230 4984 5220 4979 5228 4985 5225 4878 5235 4986 5227 4980 5235 4986 5226 4982 5227 4980 5234 4987 5224 4988 5226 4982 5229 4877 5239 4989 5237 4882 5231 4983 5238 4990 5239 4989 5238 4990 5228 4985 5236 4330 5241 4883 5235 4986 5233 4880 5235 4986 5242 4991 5234 4987 5234 4987 5240 4992 5232 4993 5245 4885 5239 4989 5247 4994 5239 4989 5246 4995 5247 4994 5238 4990 5244 4996 5246 4995 5249 4886 5243 4997 5241 4883 5243 4997 5250 4998 5242 4991 5242 4991 5248 4999 5240 4992 5253 4888 5247 4994 5255 5000 5255 5000 5246 4995 5254 5001 5246 4995 5252 5002 5254 5001 5249 4886 5259 5003 5251 5004 5259 5003 5250 4998 5251 5004 5250 4998 5256 5005 5248 4999 5253 4888 5263 5006 5261 4893 5263 5006 5254 5001 5262 5007 5254 5001 5260 5008 5262 5007 5257 4889 5267 5009 5259 5003 5267 5009 5258 5010 5259 5003 5258 5010 5264 5011 5256 5005 5261 4893 5271 5012 5269 4897 5271 5012 5262 5007 5270 5013 5262 5007 5268 5014 5270 5013 5273 4781 5267 5009 5265 4894 5267 5009 5274 5015 5266 5016 5266 5016 5272 5017 5264 5011 5277 4779 5271 5012 5279 5018 5271 5012 5278 5019 5279 5018 5270 5013 5276 5020 5278 5019 5024 4780 5275 5021 5273 4781 5275 5021 5026 4891 5274 5015 5026 4891 5272 5017 5274 5015 5029 4887 5279 5018 5031 5022 5279 5018 5030 4881 5031 5022 5030 4881 5276 5020 5028 5023 5176 4951 5208 4968 5272 5017 5363 5024 5370 5025 5362 5026 5321 5027 5331 5028 5323 5029 5533 5030 5280 5031 5529 5032 5362 5026 5368 5033 5360 4374 5326 5034 5316 5035 5324 5036 5301 5037 5305 5038 5297 5039 5366 5040 5356 5041 5364 4383 5319 5042 5326 5034 5327 5043 5309 5044 5313 5045 5305 5038 5367 5046 5358 5047 5366 5040 5317 5048 5327 5043 5325 5049 5317 5048 5321 5027 5313 5045 5365 5050 5359 5051 5367 5046 5322 5052 5312 5053 5314 5054 5325 5049 5329 5055 5321 5027 5362 5026 5352 5056 5354 5057 5323 5029 5314 5054 5315 5058 5329 5055 5341 5059 5337 5060 5363 5024 5354 5057 5355 5061 5313 5045 5323 5029 5315 5058 5337 5060 5349 5062 5345 5063 5353 5064 5363 5024 5355 5061 5318 5065 5308 5066 5316 5035 5345 5063 5357 5067 5353 5064 5358 5047 5348 5068 5356 5041 5311 5069 5318 5065 5319 5042 5353 5064 5365 5050 5361 5070 5359 5051 5350 5071 5358 5047 5317 5048 5311 5069 5319 5042 5361 5070 5373 5072 5369 5073 5357 5067 5351 5074 5359 5051 5314 5054 5304 5075 5306 5076 5369 5073 5381 5077 5377 5078 5354 5057 5344 5079 5346 5080 5307 5081 5314 5054 5306 5076 5381 5077 5385 5082 5377 5078 5355 5061 5346 5080 5347 5083 5313 5045 5307 5081 5305 5038 5389 5084 5393 5085 5385 5082 5345 5063 5355 5061 5347 5083 5310 5086 5300 5087 5308 5066 5397 5088 5401 5089 5393 5085 5342 5090 5348 5068 5350 5071 5303 5091 5310 5086 5311 5069 5401 5089 5413 5092 5409 5093 5351 5074 5342 5090 5350 5071 5309 5044 5303 5091 5311 5069 5413 5092 5417 5094 5409 5093 5349 5062 5343 5095 5351 5074 5306 5076 5296 5096 5298 5097 5421 5098 5425 5099 5417 5094 5338 5100 5344 5079 5336 5101 5299 5102 5306 5076 5298 5097 5429 5103 5433 5104 5425 5099 5339 5105 5346 5080 5338 5100 5305 5038 5299 5102 5297 5039 5437 5106 5441 5107 5433 5104 5345 5063 5339 5105 5337 5060 5302 5108 5292 5109 5300 5087 5445 5110 5449 5111 5441 5107 5334 5112 5340 5113 5342 5090 5303 5091 5294 5114 5302 5108 5453 5115 5457 5116 5449 5111 5343 5095 5334 5112 5342 5090 5293 5117 5303 5091 5301 5037 5461 5118 5465 5119 5457 5116 5341 5059 5335 5120 5343 5095 5298 5097 5288 5121 5290 5122 5469 5123 5473 5124 5465 5119 5330 5125 5336 5101 5328 5126 5299 5102 5290 5122 5291 5127 5477 5128 5481 5129 5473 5124 5331 5028 5338 5100 5330 5125 5289 5130 5299 5102 5291 5127 5485 5131 5489 5132 5481 5129 5337 5060 5331 5028 5329 5055 5286 5133 5292 5109 5294 5114 5493 5134 5497 5135 5489 5132 5334 5112 5324 5036 5332 4478 5295 5136 5286 5133 5294 5114 5501 5137 5505 5138 5497 5135 5335 5120 5326 5034 5334 5112 5285 5139 5295 5136 5293 5117 5509 5140 5513 5141 5505 5138 5325 5049 5335 5120 5333 5142 5282 5143 5288 5121 5281 5144 5517 5145 5521 5146 5513 5141 5330 5125 5320 5147 5322 5052 5291 5127 5282 5143 5283 5148 5525 5149 5529 5032 5521 5146 5293 5117 5297 5039 5289 5130 5280 5031 5291 5127 5283 5148 5369 5073 5363 5024 5361 5070 5331 5028 5322 5052 5323 5029 5364 4383 5332 4478 5300 5087 5280 5031 5293 5117 5289 5130 5373 5072 5367 5046 5375 5150 5367 5046 5374 5151 5375 5150 5366 5040 5372 5152 5374 5151 5369 5073 5379 5153 5371 5154 5379 5153 5370 5025 5371 5154 5370 5025 5376 5155 5368 5033 5381 5077 5375 5150 5383 5156 5383 5156 5374 5151 5382 5157 5374 5151 5380 5158 5382 5157 5377 5078 5387 5159 5379 5153 5387 5159 5378 5160 5379 5153 5378 5160 5384 5161 5376 5155 5381 5077 5391 5162 5389 5084 5391 5162 5382 5157 5390 5163 5382 5157 5388 5164 5390 5163 5385 5082 5395 5165 5387 5159 5395 5165 5386 5166 5387 5159 5386 5166 5392 5167 5384 5161 5389 5084 5399 5168 5397 5088 5399 5168 5390 5163 5398 5169 5390 5163 5396 5170 5398 5169 5401 5089 5395 5165 5393 5085 5395 5165 5402 5171 5394 5172 5394 5172 5400 5173 5392 5167 5405 5174 5399 5168 5407 5175 5399 5168 5406 5176 5407 5175 5398 5169 5404 5177 5406 5176 5409 5093 5403 5178 5401 5089 5403 5178 5410 5179 5402 5171 5410 5179 5400 5173 5402 5171 5413 5092 5407 5175 5415 5180 5407 5175 5414 5181 5415 5180 5414 5181 5404 5177 5412 5182 5409 5093 5419 5183 5411 5184 5419 5183 5410 5179 5411 5184 5410 5179 5416 5185 5408 5186 5413 5092 5423 5187 5421 5098 5423 5187 5414 5181 5422 5188 5414 5181 5420 5189 5422 5188 5417 5094 5427 5190 5419 5183 5427 5190 5418 5191 5419 5183 5426 5192 5416 5185 5418 5191 5421 5098 5431 5193 5429 5103 5431 5193 5422 5188 5430 5194 5430 5194 5420 5189 5428 5195 5433 5104 5427 5190 5425 5099 5427 5190 5434 5196 5426 5192 5434 5196 5424 5197 5426 5192 5437 5106 5431 5193 5439 5198 5431 5193 5438 5199 5439 5198 5438 5199 5428 5195 5436 5200 5441 5107 5435 5201 5433 5104 5435 5201 5442 5202 5434 5196 5442 5202 5432 5203 5434 5196 5445 5110 5439 5198 5447 5204 5439 5198 5446 5205 5447 5204 5446 5205 5436 5200 5444 5206 5449 5111 5443 5207 5441 5107 5443 5207 5450 5208 5442 5202 5450 5208 5440 5209 5442 5202 5445 5110 5455 5210 5453 5115 5447 5204 5454 5211 5455 5210 5454 5211 5444 5206 5452 5212 5449 5111 5459 5213 5451 5214 5459 5213 5450 5208 5451 5214 5458 5215 5448 5216 5450 5208 5453 5115 5463 5217 5461 5118 5463 5217 5454 5211 5462 5218 5462 5218 5452 5212 5460 4562 5465 5119 5459 5213 5457 5116 5459 5213 5466 5219 5458 5215 5458 5215 5464 5220 5456 5221 5461 5118 5471 5222 5469 5123 5463 5217 5470 5223 5471 5222 5462 5218 5468 5224 5470 5223 5473 5124 5467 5225 5465 5119 5467 5225 5474 5226 5466 5219 5466 5219 5472 5227 5464 5220 5469 5123 5479 5228 5477 5128 5471 5222 5478 5229 5479 5228 5470 5223 5476 5230 5478 5229 5473 5124 5483 5231 5475 5232 5483 5231 5474 5226 5475 5232 5482 5233 5472 5227 5474 5226 5477 5128 5487 5234 5485 5131 5479 5228 5486 5235 5487 5234 5486 5235 5476 5230 5484 5236 5481 5129 5491 5237 5483 5231 5491 5237 5482 5233 5483 5231 5490 5238 5480 5239 5482 5233 5485 5131 5495 5240 5493 5134 5487 5234 5494 5241 5495 5240 5494 5241 5484 5236 5492 4586 5497 5135 5491 5237 5489 5132 5491 5237 5498 5242 5490 5238 5490 5238 5496 5243 5488 5244 5501 5137 5495 5240 5503 5245 5495 5240 5502 5246 5503 5245 5494 5241 5500 5247 5502 5246 5505 5138 5499 5248 5497 5135 5499 5248 5506 5249 5498 5242 5498 5242 5504 5250 5496 5243 5509 5140 5503 5245 5511 5251 5511 5251 5502 5246 5510 5252 5502 5246 5508 5253 5510 5252 5505 5138 5515 5254 5507 5255 5515 5254 5506 5249 5507 5255 5506 5249 5512 5256 5504 5250 5509 5140 5519 5257 5517 5145 5519 5257 5510 5252 5518 5258 5510 5252 5516 5259 5518 5258 5513 5141 5523 5260 5515 5254 5523 5260 5514 5261 5515 5254 5514 5261 5520 5262 5512 5256 5517 5145 5527 5263 5525 5149 5527 5263 5518 5258 5526 5264 5518 5258 5524 5265 5526 5264 5529 5032 5523 5260 5521 5146 5523 5260 5530 5266 5522 5267 5522 5267 5528 5268 5520 5262 5533 5030 5527 5263 5535 5269 5527 5263 5534 5270 5535 5269 5526 5264 5532 5271 5534 5270 5280 5031 5531 5272 5529 5032 5531 5272 5282 5143 5530 5266 5282 5143 5528 5268 5530 5266 5285 5139 5535 5269 5287 5273 5535 5269 5286 5133 5287 5273 5286 5133 5532 5271 5284 5274 5432 5203 5464 5220 5528 5268 5769 5511 5770 5512 5768 5513 5770 5512 5773 5514 5772 5515 5772 5515 5775 5516 5774 5517 5774 5517 5777 5518 5776 5519 5776 5519 5779 5520 5778 5521 5778 5521 5781 5522 5780 5523 5781 5522 5782 5524 5780 5523 5783 5525 5784 5526 5782 5524 5785 5527 5786 5528 5784 5526 5787 5529 5788 5530 5786 5528 5789 5531 5790 5532 5788 5530 5791 5533 5792 5534 5790 5532 5793 5535 5794 5536 5792 5534 5795 5537 5796 5538 5794 5536 5777 69 5773 5539 5789 69 5797 5540 5798 5541 5796 5538 5799 5542 5768 5513 5798 5541 5794 5 5798 5543 5782 5544 5993 5737 5994 5738 5992 5739 5994 5738 5997 5740 5996 5741 5996 5741 5999 5742 5998 5743 5998 5743 6001 5744 6000 5745 6000 5745 6003 5746 6002 5747 6002 5747 6005 5748 6004 5749 6005 5748 6006 5750 6004 5749 6007 5751 6008 5752 6006 5750 6009 5753 6010 5754 6008 5752 6011 5755 6012 5756 6010 5754 6013 5757 6014 5758 6012 5756 6015 5759 6016 5760 6014 5758 6017 5761 6018 5762 6016 5760 6019 5763 6020 5764 6018 5762 6001 69 5997 5765 6013 5766 6021 5767 6022 5768 6020 5764 6023 5769 5992 5739 6022 5768 5998 5770 6006 5771 6014 5772 6217 5965 6218 5966 6216 5967 6218 5966 6221 5968 6220 5969 6220 5969 6223 5970 6222 5971 6222 5971 6225 5972 6224 5973 6224 5973 6227 5974 6226 5975 6226 5975 6229 5976 6228 5977 6229 5976 6230 5978 6228 5977 6231 5979 6232 5980 6230 5978 6233 5981 6234 5982 6232 5980 6235 5983 6236 5984 6234 5982 6237 5985 6238 5986 6236 5984 6239 5987 6240 5988 6238 5986 6241 5989 6242 5990 6240 5988 6243 5991 6244 5992 6242 5990 6225 5993 6221 5994 6237 5995 6245 5996 6246 5997 6244 5992 6247 5998 6216 5967 6246 5997 6222 5999 6230 6000 6238 6001 6441 6194 6442 6195 6440 6196 6442 6195 6445 6197 6444 6198 6444 6198 6447 6199 6446 6200 6446 6200 6449 6201 6448 6202 6448 6202 6451 6203 6450 6204 6450 6204 6453 6205 6452 6206 6453 6205 6454 6207 6452 6206 6455 6208 6456 6209 6454 6207 6457 6210 6458 6211 6456 6209 6459 6212 6460 6213 6458 6211 6461 6214 6462 6215 6460 6213 6463 6216 6464 6217 6462 6215 6465 6218 6466 6219 6464 6217 6467 6220 6468 6221 6466 6219 6449 6222 6445 6223 6461 6224 6469 6225 6470 6226 6468 6221 6471 6227 6440 6196 6470 6226 6446 6228 6454 5 6462 6229 6665 5965 6666 6419 6664 5967 6666 6419 6669 6420 6668 6421 6668 6421 6671 6422 6670 6423 6670 6423 6673 6424 6672 6425 6672 6425 6675 6426 6674 6427 6674 6427 6677 6428 6676 6429 6677 6428 6678 6430 6676 6429 6679 6431 6680 6432 6678 6430 6681 6433 6682 6434 6680 6432 6683 6435 6684 6436 6682 6434 6685 6437 6686 6438 6684 6436 6687 6439 6688 6440 6686 6438 6689 6441 6690 6442 6688 6440 6691 6443 6692 6444 6690 6442 6673 5993 6669 6445 6685 6446 6693 6447 6694 5997 6692 6444 6695 5998 6664 5967 6694 5997 6670 6448 6678 6000 6686 6001 6889 6194 6890 6641 6888 6196 6890 6641 6893 6642 6892 6643 6892 6643 6895 6644 6894 6645 6894 6645 6897 6646 6896 6647 6896 6647 6899 6648 6898 6649 6898 6649 6901 6650 6900 6651 6901 6650 6902 6652 6900 6651 6903 6653 6904 6654 6902 6652 6905 6655 6906 6656 6904 6654 6907 6657 6908 6658 6906 6656 6909 6659 6910 6660 6908 6658 6911 6661 6912 6662 6910 6660 6913 6663 6914 6664 6912 6662 6915 6665 6916 6666 6914 6664 6897 6222 6893 6667 6909 6668 6917 6669 6918 6226 6916 6666 6919 6227 6888 6196 6918 6226 6894 6670 6902 5 6910 6229 7113 6863 7114 6864 7112 6865 7114 6864 7117 6866 7116 6867 7116 6867 7119 6868 7118 6869 7118 6869 7121 6870 7120 6871 7120 6871 7123 6872 7122 6873 7122 6873 7125 6874 7124 6875 7125 6874 7126 6876 7124 6875 7127 6877 7128 6878 7126 6876 7129 6879 7130 6880 7128 6878 7131 6881 7132 6882 7130 6880 7133 6883 7134 6884 7132 6882 7135 6885 7136 6886 7134 6884 7137 6887 7138 6888 7136 6886 7139 6889 7140 6890 7138 6888 7133 6891 7125 6892 7117 69 7141 6893 7142 6894 7140 6890 7143 6895 7112 6865 7142 6894 7118 6896 7126 6897 7134 6898 7337 7090 7338 7091 7336 7092 7338 7091 7341 7093 7340 7094 7340 7094 7343 7095 7342 7096 7342 7096 7345 7097 7344 7098 7344 7098 7347 7099 7346 7100 7346 7100 7349 7101 7348 7102 7349 7101 7350 7103 7348 7102 7351 7104 7352 7105 7350 7103 7353 7106 7354 7107 7352 7105 7355 7108 7356 7109 7354 7107 7357 7110 7358 7111 7356 7109 7359 7112 7360 7113 7358 7111 7361 7114 7362 7115 7360 7113 7363 7116 7364 7117 7362 7115 7353 69 7349 7118 7341 69 7365 7119 7366 7120 7364 7117 7367 7121 7336 7092 7366 7120 7342 7122 7350 7123 7358 7124 7625 7392 7626 7393 7624 7394 7627 7395 7628 7396 7626 7393 7629 7397 7630 7398 7628 7396 7631 7399 7632 7400 7630 7398 7633 7401 7634 7402 7632 7400 7635 7403 7636 7404 7634 7402 7637 7405 7638 7406 7636 7404 7639 7407 7640 7408 7638 7406 7641 7409 7642 7410 7640 7408 7643 7411 7644 7412 7642 7410 7645 7413 7646 7414 7644 7412 7647 7415 7648 7416 7646 7414 7649 7417 7650 7418 7648 7416 7651 7419 7652 7420 7650 7418 7633 7421 7629 7422 7645 7423 7653 7424 7654 7425 7652 7420 7655 7426 7624 7394 7654 7425 7638 4667 7646 4667 7654 4667 7753 7392 7754 7393 7752 7394 7755 7507 7756 7396 7754 7393 7757 7508 7758 7398 7756 7396 7759 7509 7760 7510 7758 7398 7761 7511 7762 7512 7760 7510 7763 7403 7764 7513 7762 7512 7765 7405 7766 7514 7764 7513 7767 7407 7768 7408 7766 7514 7769 7409 7770 7410 7768 7408 7771 7515 7772 7412 7770 7410 7773 7516 7774 7414 7772 7412 7775 7517 7776 7518 7774 7414 7777 7519 7778 7520 7776 7518 7779 7419 7780 7521 7778 7520 7761 7421 7757 7422 7773 7423 7781 7424 7782 7522 7780 7521 7783 7426 7752 7394 7782 7522 7766 4667 7774 4667 7782 4667 5107 4773 5115 4902 5114 4774 5065 4776 5073 4804 5075 4777 5277 4779 5029 4887 5024 4780 5106 4775 5114 4774 5112 4782 5070 4783 5062 4813 5060 4784 5045 4786 5053 4793 5049 4787 5110 4789 5102 4796 5100 4790 5063 4791 5062 4813 5070 4783 5053 4793 5061 4797 5057 4794 5111 4795 5103 4800 5102 4796 5061 4797 5063 4791 5071 4792 5061 4797 5069 4798 5065 4776 5109 4799 5101 4822 5103 4800 5066 4801 5064 4895 5056 4802 5069 4798 5077 4890 5073 4804 5106 4775 5104 4118 5096 4805 5067 4778 5066 4801 5058 4803 5073 4804 5077 4890 5085 4808 5107 4773 5106 4775 5098 4806 5057 4794 5065 4776 5067 4778 5085 4808 5093 4815 5089 4811 5097 4812 5105 4818 5107 4773 5062 4813 5054 4835 5052 4814 5093 4815 5101 4822 5097 4812 5102 4796 5094 4819 5092 4816 5055 4817 5054 4835 5062 4813 5097 4812 5101 4822 5109 4799 5103 4800 5095 4823 5094 4819 5061 4797 5053 4793 5055 4817 5105 4818 5109 4799 5117 4820 5101 4822 5093 4815 5095 4823 5058 4803 5056 4802 5048 4824 5113 4821 5117 4820 5125 4826 5098 4806 5096 4805 5088 4828 5051 4830 5059 4807 5058 4803 5125 4826 5133 4833 5129 4831 5099 4810 5098 4806 5090 4829 5057 4794 5059 4807 5051 4830 5133 4833 5141 4837 5137 4834 5089 4811 5097 4812 5099 4810 5054 4835 5046 4857 5044 4836 5141 4837 5149 4922 5145 4838 5086 4839 5084 4862 5092 4816 5047 4840 5046 4857 5054 4835 5145 4838 5149 4922 5157 4841 5095 4823 5087 4844 5086 4839 5053 4793 5045 4786 5047 4840 5157 4841 5165 4847 5161 4843 5093 4815 5085 4808 5087 4844 5050 4825 5048 4824 5040 4845 5165 4847 5173 4852 5169 4848 5082 4849 5090 4829 5088 4828 5043 4851 5051 4830 5050 4825 5173 4852 5181 4855 5177 4853 5083 4854 5091 4832 5090 4829 5049 4787 5051 4830 5043 4851 5181 4855 5189 4859 5185 4856 5089 4811 5091 4832 5083 4854 5046 4857 5038 4863 5036 4858 5189 4859 5197 4864 5193 4860 5078 4861 5076 4221 5084 4862 5047 4840 5039 4884 5038 4863 5197 4864 5205 4867 5201 4865 5087 4844 5079 4869 5078 4861 5037 4866 5039 4884 5047 4840 5205 4867 5213 4971 5209 4868 5085 4808 5077 4890 5079 4869 5042 4846 5040 4845 5032 4870 5209 4868 5213 4971 5221 4872 5074 4874 5082 4849 5080 4850 5043 4851 5042 4846 5034 4871 5217 4873 5221 4872 5229 4877 5075 4777 5083 4854 5082 4849 5033 4879 5041 4788 5043 4851 5229 4877 5237 4882 5233 4880 5081 4809 5083 4854 5075 4777 5030 4881 5028 5023 5036 4858 5237 4882 5245 4885 5241 4883 5078 4861 5070 4783 5068 4785 5039 4884 5031 5022 5030 4881 5245 4885 5253 4888 5249 4886 5079 4869 5071 4792 5070 4783 5029 4887 5031 5022 5039 4884 5253 4888 5261 4893 5257 4889 5069 4798 5071 4792 5079 4869 5026 4891 5034 4871 5032 4870 5261 4893 5269 4897 5265 4894 5074 4874 5072 4875 5064 4895 5035 4876 5034 4871 5026 4891 5269 4897 5277 4779 5273 4781 5037 4866 5045 4786 5041 4788 5024 4780 5033 4879 5035 4876 5113 4821 5115 4902 5107 4773 5075 4777 5074 4874 5066 4801 5044 4836 5036 4858 5028 5023 5028 5023 5276 5020 5044 4836 5276 5020 5268 5014 5044 4836 5268 5014 5260 5008 5236 4330 5260 5008 5252 5002 5236 4330 5252 5002 5244 4996 5236 4330 5236 4330 5228 4985 5220 4979 5220 4979 5212 4973 5236 4330 5212 4973 5204 4305 5236 4330 5204 4305 5196 4960 5188 4954 5188 4954 5180 4948 5204 4305 5180 4948 5172 4943 5204 4305 5172 4943 5164 4937 5156 4930 5156 4930 5148 4925 5172 4943 5148 4925 5140 4918 5172 4943 5140 4918 5132 4912 5108 4127 5132 4912 5124 4906 5108 4127 5124 4906 5116 4900 5108 4127 5108 4127 5100 4790 5076 4221 5100 4790 5092 4816 5076 4221 5092 4816 5084 4862 5076 4221 5076 4221 5068 4785 5060 4784 5060 4784 5052 4814 5076 4221 5052 4814 5044 4836 5076 4221 5044 4836 5268 5014 5172 4943 5268 5014 5236 4330 5172 4943 5236 4330 5204 4305 5172 4943 5172 4943 5140 4918 5044 4836 5140 4918 5108 4127 5044 4836 5024 4780 5029 4887 5037 4866 5117 4820 5109 4799 5111 4795 5111 4795 5110 4789 5118 4899 5110 4789 5108 4127 5116 4900 5113 4821 5121 4827 5123 4901 5123 4901 5122 4908 5114 4774 5114 4774 5122 4908 5120 4903 5125 4826 5117 4820 5119 4898 5127 4904 5119 4898 5118 4899 5118 4899 5116 4900 5124 4906 5121 4827 5129 4831 5131 4907 5131 4907 5130 4914 5122 4908 5122 4908 5130 4914 5128 4909 5125 4826 5127 4904 5135 4910 5135 4910 5127 4904 5126 4905 5126 4905 5124 4906 5132 4912 5129 4831 5137 4834 5139 4913 5139 4913 5138 4920 5130 4914 5130 4914 5138 4920 5136 4915 5133 4833 5135 4910 5143 4916 5143 4916 5135 4910 5134 4911 5134 4911 5132 4912 5140 4918 5145 4838 5147 4926 5139 4913 5139 4913 5147 4926 5146 4919 5138 4920 5146 4919 5144 4921 5149 4922 5141 4837 5143 4916 5143 4916 5142 4917 5150 4924 5142 4917 5140 4918 5148 4925 5153 4842 5155 4932 5147 4926 5147 4926 5155 4932 5154 4927 5154 4927 5152 4934 5144 4921 5157 4841 5149 4922 5151 4923 5151 4923 5150 4924 5158 4929 5158 4929 5150 4924 5148 4925 5153 4842 5161 4843 5163 4931 5163 4931 5162 4939 5154 4927 5154 4927 5162 4939 5160 4933 5157 4841 5159 4928 5167 4935 5167 4935 5159 4928 5158 4929 5158 4929 5156 4930 5164 4937 5161 4843 5169 4848 5171 4938 5171 4938 5170 4940 5162 4939 5170 4940 5168 4945 5160 4933 5165 4847 5167 4935 5175 4941 5175 4941 5167 4935 5166 4936 5174 4942 5166 4936 5164 4937 5177 4853 5179 4949 5171 4938 5171 4938 5179 4949 5178 4944 5178 4944 5176 4951 5168 4945 5181 4855 5173 4852 5175 4941 5175 4941 5174 4942 5182 4947 5182 4947 5174 4942 5172 4943 5185 4856 5187 4955 5179 4949 5179 4949 5187 4955 5186 4950 5186 4950 5184 4957 5176 4951 5189 4859 5181 4855 5183 4946 5183 4946 5182 4947 5190 4953 5190 4953 5182 4947 5180 4948 5193 4860 5195 4962 5187 4955 5187 4955 5195 4962 5194 4956 5194 4956 5192 4964 5184 4957 5189 4859 5191 4952 5199 4958 5191 4952 5190 4953 5198 4959 5198 4959 5190 4953 5188 4954 5193 4860 5201 4865 5203 4961 5203 4961 5202 4963 5194 4956 5202 4963 5200 4969 5192 4964 5197 4864 5199 4958 5207 4965 5207 4965 5199 4958 5198 4959 5206 4966 5198 4959 5196 4960 5209 4868 5211 4974 5203 4961 5203 4961 5211 4974 5210 4967 5202 4963 5210 4967 5208 4968 5205 4867 5207 4965 5215 4970 5207 4965 5206 4966 5214 4972 5206 4966 5204 4305 5212 4973 5217 4873 5219 4981 5211 4974 5211 4974 5219 4981 5218 4975 5210 4967 5218 4975 5216 4976 5213 4971 5215 4970 5223 4977 5215 4970 5214 4972 5222 4978 5214 4972 5212 4973 5220 4979 5217 4873 5225 4878 5227 4980 5227 4980 5226 4982 5218 4975 5226 4982 5224 4988 5216 4976 5221 4872 5223 4977 5231 4983 5223 4977 5222 4978 5230 4984 5230 4984 5222 4978 5220 4979 5225 4878 5233 4880 5235 4986 5235 4986 5234 4987 5226 4982 5234 4987 5232 4993 5224 4988 5229 4877 5231 4983 5239 4989 5231 4983 5230 4984 5238 4990 5238 4990 5230 4984 5228 4985 5241 4883 5243 4997 5235 4986 5235 4986 5243 4997 5242 4991 5234 4987 5242 4991 5240 4992 5245 4885 5237 4882 5239 4989 5239 4989 5238 4990 5246 4995 5238 4990 5236 4330 5244 4996 5249 4886 5251 5004 5243 4997 5243 4997 5251 5004 5250 4998 5242 4991 5250 4998 5248 4999 5253 4888 5245 4885 5247 4994 5255 5000 5247 4994 5246 4995 5246 4995 5244 4996 5252 5002 5249 4886 5257 4889 5259 5003 5259 5003 5258 5010 5250 4998 5250 4998 5258 5010 5256 5005 5253 4888 5255 5000 5263 5006 5263 5006 5255 5000 5254 5001 5254 5001 5252 5002 5260 5008 5257 4889 5265 4894 5267 5009 5267 5009 5266 5016 5258 5010 5258 5010 5266 5016 5264 5011 5261 4893 5263 5006 5271 5012 5271 5012 5263 5006 5262 5007 5262 5007 5260 5008 5268 5014 5273 4781 5275 5021 5267 5009 5267 5009 5275 5021 5274 5015 5266 5016 5274 5015 5272 5017 5277 4779 5269 4897 5271 5012 5271 5012 5270 5013 5278 5019 5270 5013 5268 5014 5276 5020 5024 4780 5027 4896 5275 5021 5275 5021 5027 4896 5026 4891 5026 4891 5025 4892 5272 5017 5029 4887 5277 4779 5279 5018 5279 5018 5278 5019 5030 4881 5030 4881 5278 5019 5276 5020 5272 5017 5025 4892 5032 4870 5032 4870 5040 4845 5272 5017 5040 4845 5048 4824 5272 5017 5048 4824 5056 4802 5080 4850 5056 4802 5064 4895 5080 4850 5064 4895 5072 4875 5080 4850 5080 4850 5088 4828 5096 4805 5096 4805 5104 4118 5112 4782 5112 4782 5120 4903 5128 4909 5128 4909 5136 4915 5144 4921 5144 4921 5152 4934 5160 4933 5160 4933 5168 4945 5144 4921 5168 4945 5176 4951 5144 4921 5176 4951 5184 4957 5192 4964 5192 4964 5200 4969 5176 4951 5200 4969 5208 4968 5176 4951 5208 4968 5216 4976 5224 4988 5224 4988 5232 4993 5240 4992 5240 4992 5248 4999 5256 5005 5256 5005 5264 5011 5272 5017 5080 4850 5096 4805 5112 4782 5112 4782 5128 4909 5080 4850 5128 4909 5144 4921 5080 4850 5208 4968 5224 4988 5240 4992 5240 4992 5256 5005 5208 4968 5256 5005 5272 5017 5208 4968 5272 5017 5048 4824 5144 4921 5048 4824 5080 4850 5144 4921 5144 4921 5176 4951 5272 5017 5363 5024 5371 5154 5370 5025 5321 5027 5329 5055 5331 5028 5533 5030 5285 5139 5280 5031 5362 5026 5370 5025 5368 5033 5326 5034 5318 5065 5316 5035 5301 5037 5309 5044 5305 5038 5366 5040 5358 5047 5356 5041 5319 5042 5318 5065 5326 5034 5309 5044 5317 5048 5313 5045 5367 5046 5359 5051 5358 5047 5317 5048 5319 5042 5327 5043 5317 5048 5325 5049 5321 5027 5365 5050 5357 5067 5359 5051 5322 5052 5320 5147 5312 5053 5325 5049 5333 5142 5329 5055 5362 5026 5360 4374 5352 5056 5323 5029 5322 5052 5314 5054 5329 5055 5333 5142 5341 5059 5363 5024 5362 5026 5354 5057 5313 5045 5321 5027 5323 5029 5337 5060 5341 5059 5349 5062 5353 5064 5361 5070 5363 5024 5318 5065 5310 5086 5308 5066 5345 5063 5349 5062 5357 5067 5358 5047 5350 5071 5348 5068 5311 5069 5310 5086 5318 5065 5353 5064 5357 5067 5365 5050 5359 5051 5351 5074 5350 5071 5317 5048 5309 5044 5311 5069 5361 5070 5365 5050 5373 5072 5357 5067 5349 5062 5351 5074 5314 5054 5312 5053 5304 5075 5369 5073 5373 5072 5381 5077 5354 5057 5352 5056 5344 5079 5307 5081 5315 5058 5314 5054 5381 5077 5389 5084 5385 5082 5355 5061 5354 5057 5346 5080 5313 5045 5315 5058 5307 5081 5389 5084 5397 5088 5393 5085 5345 5063 5353 5064 5355 5061 5310 5086 5302 5108 5300 5087 5397 5088 5405 5174 5401 5089 5342 5090 5340 5113 5348 5068 5303 5091 5302 5108 5310 5086 5401 5089 5405 5174 5413 5092 5351 5074 5343 5095 5342 5090 5309 5044 5301 5037 5303 5091 5413 5092 5421 5098 5417 5094 5349 5062 5341 5059 5343 5095 5306 5076 5304 5075 5296 5096 5421 5098 5429 5103 5425 5099 5338 5100 5346 5080 5344 5079 5299 5102 5307 5081 5306 5076 5429 5103 5437 5106 5433 5104 5339 5105 5347 5083 5346 5080 5305 5038 5307 5081 5299 5102 5437 5106 5445 5110 5441 5107 5345 5063 5347 5083 5339 5105 5302 5108 5294 5114 5292 5109 5445 5110 5453 5115 5449 5111 5334 5112 5332 4478 5340 5113 5303 5091 5295 5136 5294 5114 5453 5115 5461 5118 5457 5116 5343 5095 5335 5120 5334 5112 5293 5117 5295 5136 5303 5091 5461 5118 5469 5123 5465 5119 5341 5059 5333 5142 5335 5120 5298 5097 5296 5096 5288 5121 5469 5123 5477 5128 5473 5124 5330 5125 5338 5100 5336 5101 5299 5102 5298 5097 5290 5122 5477 5128 5485 5131 5481 5129 5331 5028 5339 5105 5338 5100 5289 5130 5297 5039 5299 5102 5485 5131 5493 5134 5489 5132 5337 5060 5339 5105 5331 5028 5286 5133 5284 5274 5292 5109 5493 5134 5501 5137 5497 5135 5334 5112 5326 5034 5324 5036 5295 5136 5287 5273 5286 5133 5501 5137 5509 5140 5505 5138 5335 5120 5327 5043 5326 5034 5285 5139 5287 5273 5295 5136 5509 5140 5517 5145 5513 5141 5325 5049 5327 5043 5335 5120 5282 5143 5290 5122 5288 5121 5517 5145 5525 5149 5521 5146 5330 5125 5328 5126 5320 5147 5291 5127 5290 5122 5282 5143 5525 5149 5533 5030 5529 5032 5293 5117 5301 5037 5297 5039 5280 5031 5289 5130 5291 5127 5369 5073 5371 5154 5363 5024 5331 5028 5330 5125 5322 5052 5300 5087 5292 5109 5524 5265 5292 5109 5284 5274 5524 5265 5284 5274 5532 5271 5524 5265 5524 5265 5516 5259 5492 4586 5516 5259 5508 5253 5492 4586 5508 5253 5500 5247 5492 4586 5492 4586 5484 5236 5476 5230 5476 5230 5468 5224 5492 4586 5468 5224 5460 4562 5492 4586 5460 4562 5452 5212 5444 5206 5444 5206 5436 5200 5460 4562 5436 5200 5428 5195 5460 4562 5428 5195 5420 5189 5412 5182 5412 5182 5404 5177 5428 5195 5404 5177 5396 5170 5428 5195 5396 5170 5388 5164 5364 4383 5388 5164 5380 5158 5364 4383 5380 5158 5372 5152 5364 4383 5364 4383 5356 5041 5332 4478 5356 5041 5348 5068 5332 4478 5348 5068 5340 5113 5332 4478 5332 4478 5324 5036 5316 5035 5316 5035 5308 5066 5332 4478 5308 5066 5300 5087 5332 4478 5300 5087 5524 5265 5428 5195 5524 5265 5492 4586 5428 5195 5492 4586 5460 4562 5428 5195 5428 5195 5396 5170 5300 5087 5396 5170 5364 4383 5300 5087 5280 5031 5285 5139 5293 5117 5373 5072 5365 5050 5367 5046 5367 5046 5366 5040 5374 5151 5366 5040 5364 4383 5372 5152 5369 5073 5377 5078 5379 5153 5379 5153 5378 5160 5370 5025 5370 5025 5378 5160 5376 5155 5381 5077 5373 5072 5375 5150 5383 5156 5375 5150 5374 5151 5374 5151 5372 5152 5380 5158 5377 5078 5385 5082 5387 5159 5387 5159 5386 5166 5378 5160 5378 5160 5386 5166 5384 5161 5381 5077 5383 5156 5391 5162 5391 5162 5383 5156 5382 5157 5382 5157 5380 5158 5388 5164 5385 5082 5393 5085 5395 5165 5395 5165 5394 5172 5386 5166 5386 5166 5394 5172 5392 5167 5389 5084 5391 5162 5399 5168 5399 5168 5391 5162 5390 5163 5390 5163 5388 5164 5396 5170 5401 5089 5403 5178 5395 5165 5395 5165 5403 5178 5402 5171 5394 5172 5402 5171 5400 5173 5405 5174 5397 5088 5399 5168 5399 5168 5398 5169 5406 5176 5398 5169 5396 5170 5404 5177 5409 5093 5411 5184 5403 5178 5403 5178 5411 5184 5410 5179 5410 5179 5408 5186 5400 5173 5413 5092 5405 5174 5407 5175 5407 5175 5406 5176 5414 5181 5414 5181 5406 5176 5404 5177 5409 5093 5417 5094 5419 5183 5419 5183 5418 5191 5410 5179 5410 5179 5418 5191 5416 5185 5413 5092 5415 5180 5423 5187 5423 5187 5415 5180 5414 5181 5414 5181 5412 5182 5420 5189 5417 5094 5425 5099 5427 5190 5427 5190 5426 5192 5418 5191 5426 5192 5424 5197 5416 5185 5421 5098 5423 5187 5431 5193 5431 5193 5423 5187 5422 5188 5430 5194 5422 5188 5420 5189 5433 5104 5435 5201 5427 5190 5427 5190 5435 5201 5434 5196 5434 5196 5432 5203 5424 5197 5437 5106 5429 5103 5431 5193 5431 5193 5430 5194 5438 5199 5438 5199 5430 5194 5428 5195 5441 5107 5443 5207 5435 5201 5435 5201 5443 5207 5442 5202 5442 5202 5440 5209 5432 5203 5445 5110 5437 5106 5439 5198 5439 5198 5438 5199 5446 5205 5446 5205 5438 5199 5436 5200 5449 5111 5451 5214 5443 5207 5443 5207 5451 5214 5450 5208 5450 5208 5448 5216 5440 5209 5445 5110 5447 5204 5455 5210 5447 5204 5446 5205 5454 5211 5454 5211 5446 5205 5444 5206 5449 5111 5457 5116 5459 5213 5459 5213 5458 5215 5450 5208 5458 5215 5456 5221 5448 5216 5453 5115 5455 5210 5463 5217 5463 5217 5455 5210 5454 5211 5462 5218 5454 5211 5452 5212 5465 5119 5467 5225 5459 5213 5459 5213 5467 5225 5466 5219 5458 5215 5466 5219 5464 5220 5461 5118 5463 5217 5471 5222 5463 5217 5462 5218 5470 5223 5462 5218 5460 4562 5468 5224 5473 5124 5475 5232 5467 5225 5467 5225 5475 5232 5474 5226 5466 5219 5474 5226 5472 5227 5469 5123 5471 5222 5479 5228 5471 5222 5470 5223 5478 5229 5470 5223 5468 5224 5476 5230 5473 5124 5481 5129 5483 5231 5483 5231 5482 5233 5474 5226 5482 5233 5480 5239 5472 5227 5477 5128 5479 5228 5487 5234 5479 5228 5478 5229 5486 5235 5486 5235 5478 5229 5476 5230 5481 5129 5489 5132 5491 5237 5491 5237 5490 5238 5482 5233 5490 5238 5488 5244 5480 5239 5485 5131 5487 5234 5495 5240 5487 5234 5486 5235 5494 5241 5494 5241 5486 5235 5484 5236 5497 5135 5499 5248 5491 5237 5491 5237 5499 5248 5498 5242 5490 5238 5498 5242 5496 5243 5501 5137 5493 5134 5495 5240 5495 5240 5494 5241 5502 5246 5494 5241 5492 4586 5500 5247 5505 5138 5507 5255 5499 5248 5499 5248 5507 5255 5506 5249 5498 5242 5506 5249 5504 5250 5509 5140 5501 5137 5503 5245 5511 5251 5503 5245 5502 5246 5502 5246 5500 5247 5508 5253 5505 5138 5513 5141 5515 5254 5515 5254 5514 5261 5506 5249 5506 5249 5514 5261 5512 5256 5509 5140 5511 5251 5519 5257 5519 5257 5511 5251 5510 5252 5510 5252 5508 5253 5516 5259 5513 5141 5521 5146 5523 5260 5523 5260 5522 5267 5514 5261 5514 5261 5522 5267 5520 5262 5517 5145 5519 5257 5527 5263 5527 5263 5519 5257 5518 5258 5518 5258 5516 5259 5524 5265 5529 5032 5531 5272 5523 5260 5523 5260 5531 5272 5530 5266 5522 5267 5530 5266 5528 5268 5533 5030 5525 5149 5527 5263 5527 5263 5526 5264 5534 5270 5526 5264 5524 5265 5532 5271 5280 5031 5283 5148 5531 5272 5531 5272 5283 5148 5282 5143 5282 5143 5281 5144 5528 5268 5285 5139 5533 5030 5535 5269 5535 5269 5534 5270 5286 5133 5286 5133 5534 5270 5532 5271 5528 5268 5281 5144 5288 5121 5288 5121 5296 5096 5528 5268 5296 5096 5304 5075 5528 5268 5304 5075 5312 5053 5336 5101 5312 5053 5320 5147 5336 5101 5320 5147 5328 5126 5336 5101 5336 5101 5344 5079 5352 5056 5352 5056 5360 4374 5368 5033 5368 5033 5376 5155 5384 5161 5384 5161 5392 5167 5400 5173 5400 5173 5408 5186 5416 5185 5416 5185 5424 5197 5400 5173 5424 5197 5432 5203 5400 5173 5432 5203 5440 5209 5448 5216 5448 5216 5456 5221 5432 5203 5456 5221 5464 5220 5432 5203 5464 5220 5472 5227 5480 5239 5480 5239 5488 5244 5496 5243 5496 5243 5504 5250 5512 5256 5512 5256 5520 5262 5528 5268 5336 5101 5352 5056 5368 5033 5368 5033 5384 5161 5336 5101 5384 5161 5400 5173 5336 5101 5464 5220 5480 5239 5496 5243 5496 5243 5512 5256 5464 5220 5512 5256 5528 5268 5464 5220 5528 5268 5304 5075 5400 5173 5304 5075 5336 5101 5400 5173 5400 5173 5432 5203 5528 5268 5769 5511 5771 7606 5770 5512 5770 5512 5771 7606 5773 5514 5772 5515 5773 5514 5775 5516 5774 5517 5775 5516 5777 5518 5776 5519 5777 5518 5779 5520 5778 5521 5779 5520 5781 5522 5781 5522 5783 5525 5782 5524 5783 5525 5785 5527 5784 5526 5785 5527 5787 5529 5786 5528 5787 5529 5789 5531 5788 5530 5789 5531 5791 5533 5790 5532 5791 5533 5793 5535 5792 5534 5793 5535 5795 5537 5794 5536 5795 5537 5797 5540 5796 5538 5773 5539 5771 7607 5769 7608 5769 7608 5799 69 5797 7609 5797 7609 5795 7610 5793 7611 5793 7611 5791 7612 5797 7609 5791 7612 5789 69 5797 7609 5789 69 5787 69 5785 69 5785 69 5783 69 5789 69 5783 69 5781 7613 5789 69 5781 7613 5779 7610 5777 69 5777 69 5775 7614 5773 5539 5773 5539 5769 7608 5789 69 5769 7608 5797 7609 5789 69 5781 7613 5777 69 5789 69 5797 5540 5799 5542 5798 5541 5799 5542 5769 5511 5768 5513 5798 5543 5768 7615 5770 7616 5770 7616 5772 7617 5774 7618 5774 7618 5776 5 5782 5544 5776 5 5778 5 5782 5544 5778 5 5780 5 5782 5544 5782 5544 5784 7619 5790 7620 5784 7619 5786 7621 5790 7620 5786 7621 5788 7622 5790 7620 5790 7620 5792 5 5794 5 5794 5 5796 5 5798 5543 5798 5543 5770 7616 5782 5544 5770 7616 5774 7618 5782 5544 5790 7620 5794 5 5782 5544 5993 5737 5995 7623 5994 5738 5994 5738 5995 7623 5997 5740 5996 5741 5997 5740 5999 5742 5998 5743 5999 5742 6001 5744 6000 5745 6001 5744 6003 5746 6002 5747 6003 5746 6005 5748 6005 5748 6007 5751 6006 5750 6007 5751 6009 5753 6008 5752 6009 5753 6011 5755 6010 5754 6011 5755 6013 5757 6012 5756 6013 5757 6015 5759 6014 5758 6015 5759 6017 5761 6016 5760 6017 5761 6019 5763 6018 5762 6019 5763 6021 5767 6020 5764 5997 5765 5995 69 5993 69 5993 69 6023 69 6021 7624 6021 7624 6019 7625 6017 7626 6017 7626 6015 7627 6021 7624 6015 7627 6013 5766 6021 7624 6013 5766 6011 69 6009 7628 6009 7628 6007 7629 6013 5766 6007 7629 6005 7630 6013 5766 6005 7630 6003 7625 6001 69 6001 69 5999 7631 5997 5765 5997 5765 5993 69 6013 5766 5993 69 6021 7624 6013 5766 6005 7630 6001 69 6013 5766 6021 5767 6023 5769 6022 5768 6023 5769 5993 5737 5992 5739 6022 7632 5992 5 5998 5770 5992 5 5994 7633 5998 5770 5994 7633 5996 7634 5998 5770 5998 5770 6000 5 6006 5771 6000 5 6002 5 6006 5771 6002 5 6004 5 6006 5771 6006 5771 6008 7635 6014 5772 6008 7635 6010 7636 6014 5772 6010 7636 6012 7637 6014 5772 6014 5772 6016 5 6018 7638 6018 7638 6020 7639 6022 7632 6014 5772 6018 7638 6022 7632 6022 7632 5998 5770 6014 5772 6217 5965 6219 7640 6218 5966 6218 5966 6219 7640 6221 5968 6220 5969 6221 5968 6223 5970 6222 5971 6223 5970 6225 5972 6224 5973 6225 5972 6227 5974 6226 5975 6227 5974 6229 5976 6229 5976 6231 5979 6230 5978 6231 5979 6233 5981 6232 5980 6233 5981 6235 5983 6234 5982 6235 5983 6237 5985 6236 5984 6237 5985 6239 5987 6238 5986 6239 5987 6241 5989 6240 5988 6241 5989 6243 5991 6242 5990 6243 5991 6245 5996 6244 5992 6221 5994 6219 7641 6217 7642 6217 7642 6247 7643 6245 7644 6245 7644 6243 7614 6241 7645 6241 7645 6239 7646 6237 5995 6237 5995 6235 7647 6233 7648 6233 7648 6231 69 6237 5995 6231 69 6229 7649 6237 5995 6229 7649 6227 7650 6225 5993 6225 5993 6223 7651 6221 5994 6221 5994 6217 7642 6237 5995 6217 7642 6245 7644 6237 5995 6245 7644 6241 7645 6237 5995 6229 7649 6225 5993 6237 5995 6245 5996 6247 5998 6246 5997 6247 5998 6217 5965 6216 5967 6246 7652 6216 7653 6222 5999 6216 7653 6218 7654 6222 5999 6218 7654 6220 7655 6222 5999 6222 5999 6224 5 6230 6000 6224 5 6226 5 6230 6000 6226 5 6228 5 6230 6000 6230 6000 6232 7656 6238 6001 6232 7656 6234 7657 6238 6001 6234 7657 6236 7658 6238 6001 6238 6001 6240 5 6246 7652 6240 5 6242 5 6246 7652 6242 5 6244 5 6246 7652 6246 7652 6222 5999 6238 6001 6441 6194 6443 7659 6442 6195 6442 6195 6443 7659 6445 6197 6444 6198 6445 6197 6447 6199 6446 6200 6447 6199 6449 6201 6448 6202 6449 6201 6451 6203 6450 6204 6451 6203 6453 6205 6453 6205 6455 6208 6454 6207 6455 6208 6457 6210 6456 6209 6457 6210 6459 6212 6458 6211 6459 6212 6461 6214 6460 6213 6461 6214 6463 6216 6462 6215 6463 6216 6465 6218 6464 6217 6465 6218 6467 6220 6466 6219 6467 6220 6469 6225 6468 6221 6445 6223 6443 69 6441 69 6441 69 6471 69 6469 7660 6469 7660 6467 7631 6465 7661 6465 7661 6463 7662 6461 6224 6461 6224 6459 69 6457 69 6457 69 6455 69 6453 7663 6453 7663 6451 7664 6449 6222 6449 6222 6447 7665 6445 6223 6445 6223 6441 69 6461 6224 6441 69 6469 7660 6461 6224 6469 7660 6465 7661 6461 6224 6461 6224 6457 69 6453 7663 6453 7663 6449 6222 6461 6224 6469 6225 6471 6227 6470 6226 6471 6227 6441 6194 6440 6196 6470 5 6440 5 6446 6228 6440 5 6442 7666 6446 6228 6442 7666 6444 7667 6446 6228 6446 6228 6448 5 6454 5 6448 5 6450 5 6454 5 6450 5 6452 5 6454 5 6454 5 6456 5 6462 6229 6456 5 6458 7668 6462 6229 6458 7668 6460 7669 6462 6229 6462 6229 6464 5 6470 5 6464 5 6466 5 6470 5 6466 5 6468 5 6470 5 6470 5 6446 6228 6462 6229 6665 5965 6667 7640 6666 6419 6666 6419 6667 7640 6669 6420 6668 6421 6669 6420 6671 6422 6670 6423 6671 6422 6673 6424 6672 6425 6673 6424 6675 6426 6674 6427 6675 6426 6677 6428 6677 6428 6679 6431 6678 6430 6679 6431 6681 6433 6680 6432 6681 6433 6683 6435 6682 6434 6683 6435 6685 6437 6684 6436 6685 6437 6687 6439 6686 6438 6687 6439 6689 6441 6688 6440 6689 6441 6691 6443 6690 6442 6691 6443 6693 6447 6692 6444 6669 6445 6667 7670 6665 7642 6665 7642 6695 7671 6693 7672 6693 7672 6691 7651 6689 7645 6689 7645 6687 7650 6685 6446 6685 6446 6683 7673 6681 7674 6681 7674 6679 69 6685 6446 6679 69 6677 7675 6685 6446 6677 7675 6675 7646 6673 5993 6673 5993 6671 7614 6669 6445 6669 6445 6665 7642 6685 6446 6665 7642 6693 7672 6685 6446 6693 7672 6689 7645 6685 6446 6677 7675 6673 5993 6685 6446 6693 6447 6695 5998 6694 5997 6695 5998 6665 5965 6664 5967 6694 7652 6664 7653 6670 6448 6664 7653 6666 7676 6670 6448 6666 7676 6668 7677 6670 6448 6670 6448 6672 5 6678 6000 6672 5 6674 5 6678 6000 6674 5 6676 5 6678 6000 6678 6000 6680 7656 6686 6001 6680 7656 6682 7657 6686 6001 6682 7657 6684 7658 6686 6001 6686 6001 6688 5 6694 7652 6688 5 6690 5 6694 7652 6690 5 6692 5 6694 7652 6694 7652 6670 6448 6686 6001 6889 6194 6891 7659 6890 6641 6890 6641 6891 7659 6893 6642 6892 6643 6893 6642 6895 6644 6894 6645 6895 6644 6897 6646 6896 6647 6897 6646 6899 6648 6898 6649 6899 6648 6901 6650 6901 6650 6903 6653 6902 6652 6903 6653 6905 6655 6904 6654 6905 6655 6907 6657 6906 6656 6907 6657 6909 6659 6908 6658 6909 6659 6911 6661 6910 6660 6911 6661 6913 6663 6912 6662 6913 6663 6915 6665 6914 6664 6915 6665 6917 6669 6916 6666 6893 6667 6891 69 6889 69 6889 69 6919 69 6917 7678 6917 7678 6915 7665 6913 7661 6913 7661 6911 7664 6909 6668 6909 6668 6907 69 6905 69 6905 69 6903 69 6901 7679 6901 7679 6899 7662 6897 6222 6897 6222 6895 7631 6893 6667 6893 6667 6889 69 6909 6668 6889 69 6917 7678 6909 6668 6917 7678 6913 7661 6909 6668 6909 6668 6905 69 6901 7679 6901 7679 6897 6222 6909 6668 6917 6669 6919 6227 6918 6226 6919 6227 6889 6194 6888 6196 6918 5 6888 5 6894 6670 6888 5 6890 7680 6894 6670 6890 7680 6892 7681 6894 6670 6894 6670 6896 5 6902 5 6896 5 6898 5 6902 5 6898 5 6900 5 6902 5 6902 5 6904 5 6910 6229 6904 5 6906 7668 6910 6229 6906 7668 6908 7669 6910 6229 6910 6229 6912 5 6918 5 6912 5 6914 5 6918 5 6914 5 6916 5 6918 5 6918 5 6894 6670 6910 6229 7113 6863 7115 7682 7114 6864 7114 6864 7115 7682 7117 6866 7116 6867 7117 6866 7119 6868 7118 6869 7119 6868 7121 6870 7120 6871 7121 6870 7123 6872 7122 6873 7123 6872 7125 6874 7125 6874 7127 6877 7126 6876 7127 6877 7129 6879 7128 6878 7129 6879 7131 6881 7130 6880 7131 6881 7133 6883 7132 6882 7133 6883 7135 6885 7134 6884 7135 6885 7137 6887 7136 6886 7137 6887 7139 6889 7138 6888 7139 6889 7141 6893 7140 6890 7117 69 7115 69 7113 7683 7113 7683 7143 7607 7141 7684 7141 7684 7139 7614 7137 69 7137 69 7135 7610 7133 6891 7133 6891 7131 69 7125 6892 7131 69 7129 69 7125 6892 7129 69 7127 69 7125 6892 7125 6892 7123 7614 7121 7685 7121 7685 7119 7686 7125 6892 7119 7686 7117 69 7125 6892 7117 69 7113 7683 7133 6891 7113 7683 7141 7684 7133 6891 7141 7684 7137 69 7133 6891 7141 6893 7143 6895 7142 6894 7143 6895 7113 6863 7112 6865 7142 7687 7112 7688 7118 6896 7112 7688 7114 7689 7118 6896 7114 7689 7116 7690 7118 6896 7118 6896 7120 5 7122 5 7122 5 7124 5 7126 6897 7126 6897 7128 7691 7130 7692 7130 7692 7132 7690 7134 6898 7134 6898 7136 5 7142 7687 7136 5 7138 5 7142 7687 7138 5 7140 5 7142 7687 7118 6896 7122 5 7126 6897 7126 6897 7130 7692 7134 6898 7142 7687 7118 6896 7134 6898 7337 7090 7339 7693 7338 7091 7338 7091 7339 7693 7341 7093 7340 7094 7341 7093 7343 7095 7342 7096 7343 7095 7345 7097 7344 7098 7345 7097 7347 7099 7346 7100 7347 7099 7349 7101 7349 7101 7351 7104 7350 7103 7351 7104 7353 7106 7352 7105 7353 7106 7355 7108 7354 7107 7355 7108 7357 7110 7356 7109 7357 7110 7359 7112 7358 7111 7359 7112 7361 7114 7360 7113 7361 7114 7363 7116 7362 7115 7363 7116 7365 7119 7364 7117 7341 69 7339 69 7337 69 7337 69 7367 69 7365 7694 7365 7694 7363 7631 7361 69 7361 69 7359 7625 7357 7695 7357 7695 7355 69 7353 69 7353 69 7351 69 7349 7118 7349 7118 7347 7631 7345 7696 7345 7696 7343 7697 7349 7118 7343 7697 7341 69 7349 7118 7341 69 7337 69 7357 7695 7337 69 7365 7694 7357 7695 7365 7694 7361 69 7357 7695 7357 7695 7353 69 7341 69 7365 7119 7367 7121 7366 7120 7367 7121 7337 7090 7336 7092 7366 7698 7336 7699 7342 7122 7336 7699 7338 7700 7342 7122 7338 7700 7340 7639 7342 7122 7342 7122 7344 5 7346 7701 7346 7701 7348 7637 7350 7123 7350 7123 7352 7702 7354 7703 7354 7703 7356 7704 7358 7124 7358 7124 7360 5 7366 7698 7360 5 7362 5 7366 7698 7362 5 7364 5 7366 7698 7342 7122 7346 7701 7350 7123 7350 7123 7354 7703 7358 7124 7366 7698 7342 7122 7358 7124 7625 7392 7627 7395 7626 7393 7627 7395 7629 7397 7628 7396 7629 7397 7631 7399 7630 7398 7631 7399 7633 7401 7632 7400 7633 7401 7635 7403 7634 7402 7635 7403 7637 7405 7636 7404 7637 7405 7639 7407 7638 7406 7639 7407 7641 7409 7640 7408 7641 7409 7643 7411 7642 7410 7643 7411 7645 7413 7644 7412 7645 7413 7647 7415 7646 7414 7647 7415 7649 7417 7648 7416 7649 7417 7651 7419 7650 7418 7651 7419 7653 7424 7652 7420 7629 7422 7627 4668 7625 4668 7625 4668 7655 4668 7629 7422 7655 4668 7653 7737 7629 7422 7653 7737 7651 7738 7649 7739 7649 7739 7647 7740 7645 7423 7645 7423 7643 4668 7637 7741 7643 4668 7641 4668 7637 7741 7641 4668 7639 4668 7637 7741 7637 7741 7635 7742 7633 7421 7633 7421 7631 7743 7629 7422 7653 7737 7649 7739 7629 7422 7649 7739 7645 7423 7629 7422 7637 7741 7633 7421 7645 7423 7653 7424 7655 7426 7654 7425 7655 7426 7625 7392 7624 7394 7654 4667 7624 4667 7626 4667 7626 4667 7628 4667 7630 4667 7630 4667 7632 4667 7638 4667 7632 4667 7634 4667 7638 4667 7634 4667 7636 4667 7638 4667 7638 4667 7640 4667 7642 4667 7642 4667 7644 4667 7646 4667 7646 4667 7648 4667 7654 4667 7648 4667 7650 4667 7654 4667 7650 4667 7652 4667 7654 4667 7654 4667 7626 4667 7630 4667 7638 4667 7642 4667 7646 4667 7654 4667 7630 4667 7638 4667 7753 7392 7755 7507 7754 7393 7755 7507 7757 7508 7756 7396 7757 7508 7759 7509 7758 7398 7759 7509 7761 7511 7760 7510 7761 7511 7763 7403 7762 7512 7763 7403 7765 7405 7764 7513 7765 7405 7767 7407 7766 7514 7767 7407 7769 7409 7768 7408 7769 7409 7771 7515 7770 7410 7771 7515 7773 7516 7772 7412 7773 7516 7775 7517 7774 7414 7775 7517 7777 7519 7776 7518 7777 7519 7779 7419 7778 7520 7779 7419 7781 7424 7780 7521 7757 7422 7755 4668 7753 4668 7753 4668 7783 4668 7757 7422 7783 4668 7781 7737 7757 7422 7781 7737 7779 7738 7777 7739 7777 7739 7775 7740 7773 7423 7773 7423 7771 4668 7765 7741 7771 4668 7769 4668 7765 7741 7769 4668 7767 4668 7765 7741 7765 7741 7763 7742 7761 7421 7761 7421 7759 7743 7757 7422 7781 7737 7777 7739 7757 7422 7777 7739 7773 7423 7757 7422 7765 7741 7761 7421 7773 7423 7781 7424 7783 7426 7782 7522 7783 7426 7753 7392 7752 7394 7782 4667 7752 4667 7754 4667 7754 4667 7756 4667 7758 4667 7758 4667 7760 4667 7766 4667 7760 4667 7762 4667 7766 4667 7762 4667 7764 4667 7766 4667 7766 4667 7768 4667 7770 4667 7770 4667 7772 4667 7774 4667 7774 4667 7776 4667 7782 4667 7776 4667 7778 4667 7782 4667 7778 4667 7780 4667 7782 4667 7782 4667 7754 4667 7758 4667 7766 4667 7770 4667 7774 4667 7782 4667 7758 4667 7766 4667</p>
        </triangles>
        <triangles material="dark_green-material" count="564">
          <input semantic="VERTEX" source="#track_left-mesh-vertices" offset="0"/>
          <input semantic="NORMAL" source="#track_left-mesh-normals" offset="1"/>
          <p>7493 7200 7433 7201 7482 7202 7517 7203 7481 7204 7506 7205 7468 7206 7492 7207 7516 7208 7446 7209 7457 7210 7434 7211 7469 7212 7505 7213 7458 7214 7435 7215 7436 7216 7432 7217 7439 7218 7437 7219 7435 7215 7438 7220 7439 7218 7433 7201 7438 7220 7443 7221 7440 7222 7441 7223 7442 7224 7434 7211 7441 7223 7437 7219 7443 7221 7437 7219 7440 7222 7443 7221 7447 7225 7448 7226 7444 7227 7447 7225 7452 7228 7449 7229 7450 7230 7451 7231 7445 7232 7454 7233 7452 7228 7450 7230 7453 7234 7454 7233 7446 7209 7448 7226 7455 7235 7453 7234 7449 7229 7452 7228 7455 7235 7459 7236 7460 7237 7456 7238 7463 7239 7461 7240 7459 7236 7462 7241 7463 7239 7457 7210 7462 7241 7467 7242 7464 7243 7465 7244 7466 7245 7458 7214 7460 7237 7467 7242 7465 7244 7461 7240 7464 7243 7467 7242 7471 7246 7472 7247 7468 7206 7471 7246 7476 7248 7473 7249 7474 7250 7475 7251 7469 7212 7478 7252 7476 7248 7474 7250 7477 7253 7478 7252 7470 7254 7477 7253 7473 7249 7479 7255 7473 7249 7476 7248 7479 7255 7483 7256 7484 7257 7480 7258 7487 7259 7485 7260 7483 7256 7486 7261 7487 7259 7481 7204 7490 7262 7488 7263 7486 7261 7489 7264 7490 7262 7482 7202 7489 7264 7485 7260 7491 7265 7485 7260 7488 7263 7491 7265 7495 7266 7496 7267 7492 7207 7499 7268 7497 7269 7495 7266 7498 7270 7499 7268 7493 7200 7498 7270 7503 7271 7500 7272 7501 7273 7502 7274 7494 7275 7501 7273 7497 7269 7503 7271 7497 7269 7500 7272 7503 7271 7507 7276 7508 7277 7504 7278 7507 7276 7512 7279 7509 7280 7510 7281 7511 7282 7505 7213 7514 7283 7512 7279 7510 7281 7513 7284 7514 7283 7506 7205 7513 7284 7509 7280 7515 7285 7509 7280 7512 7279 7515 7285 7519 7286 7520 7287 7516 7208 7523 7288 7521 7289 7519 7286 7522 7290 7523 7288 7517 7203 7522 7290 7527 7291 7524 7292 7525 7293 7526 7294 7518 7295 7520 7287 7527 7291 7525 7293 7521 7289 7524 7292 7527 7291 7432 7217 7459 7236 7456 7238 7436 7216 7463 7239 7459 7236 7441 7223 7457 7210 7463 7239 7444 7227 7438 7220 7433 7201 7448 7226 7442 7224 7438 7220 7442 7224 7446 7209 7434 7211 7468 7206 7450 7230 7445 7232 7472 7247 7454 7233 7450 7230 7477 7253 7446 7209 7454 7233 7469 7212 7466 7245 7474 7250 7466 7245 7478 7252 7474 7250 7462 7241 7470 7254 7478 7252 7456 7238 7507 7276 7504 7278 7460 7237 7511 7282 7507 7276 7465 7244 7505 7213 7511 7282 7516 7208 7471 7246 7468 7206 7520 7287 7475 7251 7471 7246 7525 7293 7469 7212 7475 7251 7517 7203 7514 7283 7522 7290 7514 7283 7526 7294 7522 7290 7510 7281 7518 7295 7526 7294 7504 7278 7483 7256 7480 7258 7508 7277 7487 7259 7483 7256 7513 7284 7481 7204 7487 7259 7492 7207 7519 7286 7516 7208 7496 7267 7523 7288 7519 7286 7501 7273 7517 7203 7523 7288 7493 7200 7490 7262 7498 7270 7490 7262 7502 7274 7498 7270 7486 7261 7494 7275 7502 7274 7480 7258 7435 7215 7432 7217 7484 7257 7439 7218 7435 7215 7489 7264 7433 7201 7439 7218 7445 7232 7495 7266 7492 7207 7451 7231 7499 7268 7495 7266 7447 7225 7493 7200 7499 7268 7504 7278 7432 7217 7456 7238 7589 7296 7529 7297 7578 7298 7613 7299 7577 7300 7602 7301 7564 7302 7588 7303 7612 7304 7542 7305 7553 7306 7530 7307 7565 7308 7601 7309 7554 7310 7531 7311 7532 7312 7528 7313 7531 7311 7536 7314 7533 7315 7534 7316 7535 7317 7529 7297 7538 7318 7536 7314 7534 7316 7537 7319 7538 7318 7530 7307 7537 7319 7533 7315 7539 7320 7533 7315 7536 7314 7539 7320 7543 7321 7544 7322 7540 7323 7543 7321 7548 7324 7545 7325 7546 7326 7547 7327 7541 7328 7550 7329 7548 7324 7546 7326 7549 7330 7550 7329 7542 7305 7549 7330 7545 7325 7551 7331 7545 7325 7548 7324 7551 7331 7555 7332 7556 7333 7552 7334 7555 7332 7560 7335 7557 7336 7558 7337 7559 7338 7553 7306 7558 7337 7563 7339 7560 7335 7561 7340 7562 7341 7554 7310 7561 7340 7557 7336 7563 7339 7557 7336 7560 7335 7563 7339 7567 7342 7568 7343 7564 7302 7567 7342 7572 7344 7569 7345 7570 7346 7571 7347 7565 7308 7574 7348 7572 7344 7570 7346 7573 7349 7574 7348 7566 7350 7573 7349 7569 7345 7575 7351 7569 7345 7572 7344 7575 7351 7579 7352 7580 7353 7576 7354 7579 7352 7584 7355 7581 7356 7582 7357 7583 7358 7577 7300 7582 7357 7587 7359 7584 7355 7585 7360 7586 7361 7578 7298 7585 7360 7581 7356 7587 7359 7581 7356 7584 7355 7587 7359 7591 7362 7592 7363 7588 7303 7591 7362 7596 7364 7593 7365 7594 7366 7595 7367 7589 7296 7598 7368 7596 7364 7594 7366 7597 7369 7598 7368 7590 7370 7597 7369 7593 7365 7599 7371 7593 7365 7596 7364 7599 7371 7603 7372 7604 7373 7600 7374 7603 7372 7608 7375 7605 7376 7606 7377 7607 7378 7601 7309 7610 7379 7608 7375 7606 7377 7609 7380 7610 7379 7602 7301 7609 7380 7605 7376 7611 7381 7605 7376 7608 7375 7611 7381 7615 7382 7616 7383 7612 7304 7615 7382 7620 7384 7617 7385 7618 7386 7619 7387 7613 7299 7618 7386 7623 7388 7620 7384 7621 7389 7622 7390 7614 7391 7621 7389 7617 7385 7623 7388 7617 7385 7620 7384 7623 7388 7528 7313 7555 7332 7552 7334 7532 7312 7559 7338 7555 7332 7537 7319 7553 7306 7559 7338 7540 7323 7534 7316 7529 7297 7544 7322 7538 7318 7534 7316 7549 7330 7530 7307 7538 7318 7564 7302 7546 7326 7541 7328 7568 7343 7550 7329 7546 7326 7573 7349 7542 7305 7550 7329 7554 7310 7570 7346 7565 7308 7562 7341 7574 7348 7570 7346 7558 7337 7566 7350 7574 7348 7552 7334 7603 7372 7600 7374 7556 7333 7607 7378 7603 7372 7561 7340 7601 7309 7607 7378 7612 7304 7567 7342 7564 7302 7616 7383 7571 7347 7567 7342 7621 7389 7565 7308 7571 7347 7602 7301 7618 7386 7613 7299 7610 7379 7622 7390 7618 7386 7606 7377 7614 7391 7622 7390 7600 7374 7579 7352 7576 7354 7604 7373 7583 7358 7579 7352 7609 7380 7577 7300 7583 7358 7588 7303 7615 7382 7612 7304 7592 7363 7619 7387 7615 7382 7597 7369 7613 7299 7619 7387 7578 7298 7594 7366 7589 7296 7586 7361 7598 7368 7594 7366 7582 7357 7590 7370 7598 7368 7576 7354 7531 7311 7528 7313 7580 7353 7535 7317 7531 7311 7585 7360 7529 7297 7535 7317 7541 7328 7591 7362 7588 7303 7547 7327 7595 7367 7591 7362 7543 7321 7589 7296 7595 7367 7600 7374 7528 7313 7552 7334 7717 7296 7657 7297 7706 7427 7741 7299 7705 7300 7730 7301 7692 7302 7716 7303 7740 7304 7670 7305 7681 7306 7658 7307 7693 7308 7729 7309 7682 7428 7659 7429 7660 7430 7656 7431 7659 7429 7664 7432 7661 7433 7662 7434 7663 7435 7657 7297 7666 7436 7664 7432 7662 7434 7665 7437 7666 7436 7658 7307 7665 7437 7661 7433 7667 7438 7661 7433 7664 7432 7667 7438 7671 7439 7672 7440 7668 7441 7671 7439 7676 7442 7673 7443 7674 7444 7675 7445 7669 7328 7678 7446 7676 7442 7674 7444 7677 7447 7678 7446 7670 7305 7677 7447 7673 7443 7679 7448 7673 7443 7676 7442 7679 7448 7683 7449 7684 7450 7680 7451 7683 7449 7688 7452 7685 7453 7686 7454 7687 7455 7681 7306 7686 7454 7691 7456 7688 7452 7689 7457 7690 7458 7682 7428 7689 7457 7685 7453 7691 7456 7685 7453 7688 7452 7691 7456 7695 7459 7696 7460 7692 7302 7695 7459 7700 7461 7697 7462 7698 7463 7699 7464 7693 7308 7702 7465 7700 7461 7698 7463 7701 7466 7702 7465 7694 7350 7701 7466 7697 7462 7703 7467 7697 7462 7700 7461 7703 7467 7707 7468 7708 7469 7704 7470 7707 7468 7712 7471 7709 7472 7710 7473 7711 7474 7705 7300 7710 7473 7715 7475 7712 7471 7713 7476 7714 7477 7706 7427 7713 7476 7709 7472 7715 7475 7709 7472 7712 7471 7715 7475 7719 7478 7720 7479 7716 7303 7719 7478 7724 7480 7721 7481 7722 7482 7723 7483 7717 7296 7726 7484 7724 7480 7722 7482 7725 7485 7726 7484 7718 7370 7725 7485 7721 7481 7727 7486 7721 7481 7724 7480 7727 7486 7731 7487 7732 7488 7728 7489 7731 7487 7736 7490 7733 7491 7734 7492 7735 7493 7729 7309 7738 7494 7736 7490 7734 7492 7737 7495 7738 7494 7730 7301 7737 7495 7733 7491 7739 7496 7733 7491 7736 7490 7739 7496 7743 7497 7744 7498 7740 7304 7743 7497 7748 7499 7745 7500 7746 7501 7747 7502 7741 7299 7746 7501 7751 7503 7748 7499 7749 7504 7750 7505 7742 7506 7749 7504 7745 7500 7751 7503 7745 7500 7748 7499 7751 7503 7656 7431 7683 7449 7680 7451 7660 7430 7687 7455 7683 7449 7665 7437 7681 7306 7687 7455 7668 7441 7662 7434 7657 7297 7672 7440 7666 7436 7662 7434 7677 7447 7658 7307 7666 7436 7692 7302 7674 7444 7669 7328 7696 7460 7678 7446 7674 7444 7701 7466 7670 7305 7678 7446 7682 7428 7698 7463 7693 7308 7690 7458 7702 7465 7698 7463 7686 7454 7694 7350 7702 7465 7680 7451 7731 7487 7728 7489 7684 7450 7735 7493 7731 7487 7689 7457 7729 7309 7735 7493 7740 7304 7695 7459 7692 7302 7744 7498 7699 7464 7695 7459 7749 7504 7693 7308 7699 7464 7730 7301 7746 7501 7741 7299 7738 7494 7750 7505 7746 7501 7734 7492 7742 7506 7750 7505 7728 7489 7707 7468 7704 7470 7732 7488 7711 7474 7707 7468 7737 7495 7705 7300 7711 7474 7716 7303 7743 7497 7740 7304 7720 7479 7747 7502 7743 7497 7725 7485 7741 7299 7747 7502 7706 7427 7722 7482 7717 7296 7714 7477 7726 7484 7722 7482 7710 7473 7718 7370 7726 7484 7704 7470 7659 7429 7656 7431 7708 7469 7663 7435 7659 7429 7713 7476 7657 7297 7663 7435 7669 7328 7719 7478 7716 7303 7675 7445 7723 7483 7719 7478 7671 7439 7717 7296 7723 7483 7728 7489 7656 7431 7680 7451 7493 7200 7444 7227 7433 7201 7517 7203 7494 7275 7481 7204 7468 7206 7445 7232 7492 7207 7446 7209 7470 7254 7457 7210 7469 7212 7518 7295 7505 7213 7435 7215 7437 7219 7436 7216 7439 7218 7440 7222 7437 7219 7438 7220 7440 7222 7439 7218 7438 7220 7442 7224 7443 7221 7441 7223 7443 7221 7442 7224 7441 7223 7436 7216 7437 7219 7447 7225 7449 7229 7448 7226 7447 7225 7451 7231 7452 7228 7450 7230 7452 7228 7451 7231 7454 7233 7455 7235 7452 7228 7453 7234 7455 7235 7454 7233 7448 7226 7449 7229 7455 7235 7459 7236 7461 7240 7460 7237 7463 7239 7464 7243 7461 7240 7462 7241 7464 7243 7463 7239 7462 7241 7466 7245 7467 7242 7465 7244 7467 7242 7466 7245 7460 7237 7461 7240 7467 7242 7471 7246 7473 7249 7472 7247 7471 7246 7475 7251 7476 7248 7474 7250 7476 7248 7475 7251 7478 7252 7479 7255 7476 7248 7477 7253 7479 7255 7478 7252 7477 7253 7472 7247 7473 7249 7483 7256 7485 7260 7484 7257 7487 7259 7488 7263 7485 7260 7486 7261 7488 7263 7487 7259 7490 7262 7491 7265 7488 7263 7489 7264 7491 7265 7490 7262 7489 7264 7484 7257 7485 7260 7495 7266 7497 7269 7496 7267 7499 7268 7500 7272 7497 7269 7498 7270 7500 7272 7499 7268 7498 7270 7502 7274 7503 7271 7501 7273 7503 7271 7502 7274 7501 7273 7496 7267 7497 7269 7507 7276 7509 7280 7508 7277 7507 7276 7511 7282 7512 7279 7510 7281 7512 7279 7511 7282 7514 7283 7515 7285 7512 7279 7513 7284 7515 7285 7514 7283 7513 7284 7508 7277 7509 7280 7519 7286 7521 7289 7520 7287 7523 7288 7524 7292 7521 7289 7522 7290 7524 7292 7523 7288 7522 7290 7526 7294 7527 7291 7525 7293 7527 7291 7526 7294 7520 7287 7521 7289 7527 7291 7432 7217 7436 7216 7459 7236 7436 7216 7441 7223 7463 7239 7441 7223 7434 7211 7457 7210 7444 7227 7448 7226 7438 7220 7448 7226 7453 7234 7442 7224 7442 7224 7453 7234 7446 7209 7468 7206 7472 7247 7450 7230 7472 7247 7477 7253 7454 7233 7477 7253 7470 7254 7446 7209 7469 7212 7458 7214 7466 7245 7466 7245 7462 7241 7478 7252 7462 7241 7457 7210 7470 7254 7456 7238 7460 7237 7507 7276 7460 7237 7465 7244 7511 7282 7465 7244 7458 7214 7505 7213 7516 7208 7520 7287 7471 7246 7520 7287 7525 7293 7475 7251 7525 7293 7518 7295 7469 7212 7517 7203 7506 7205 7514 7283 7514 7283 7510 7281 7526 7294 7510 7281 7505 7213 7518 7295 7504 7278 7508 7277 7483 7256 7508 7277 7513 7284 7487 7259 7513 7284 7506 7205 7481 7204 7492 7207 7496 7267 7519 7286 7496 7267 7501 7273 7523 7288 7501 7273 7494 7275 7517 7203 7493 7200 7482 7202 7490 7262 7490 7262 7486 7261 7502 7274 7486 7261 7481 7204 7494 7275 7480 7258 7484 7257 7435 7215 7484 7257 7489 7264 7439 7218 7489 7264 7482 7202 7433 7201 7445 7232 7451 7231 7495 7266 7451 7231 7447 7225 7499 7268 7447 7225 7444 7227 7493 7200 7504 7278 7480 7258 7432 7217 7589 7296 7540 7323 7529 7297 7613 7299 7590 7370 7577 7300 7564 7302 7541 7328 7588 7303 7542 7305 7566 7350 7553 7306 7565 7308 7614 7391 7601 7309 7531 7311 7533 7315 7532 7312 7531 7311 7535 7317 7536 7314 7534 7316 7536 7314 7535 7317 7538 7318 7539 7320 7536 7314 7537 7319 7539 7320 7538 7318 7537 7319 7532 7312 7533 7315 7543 7321 7545 7325 7544 7322 7543 7321 7547 7327 7548 7324 7546 7326 7548 7324 7547 7327 7550 7329 7551 7331 7548 7324 7549 7330 7551 7331 7550 7329 7549 7330 7544 7322 7545 7325 7555 7332 7557 7336 7556 7333 7555 7332 7559 7338 7560 7335 7558 7337 7560 7335 7559 7338 7558 7337 7562 7341 7563 7339 7561 7340 7563 7339 7562 7341 7561 7340 7556 7333 7557 7336 7567 7342 7569 7345 7568 7343 7567 7342 7571 7347 7572 7344 7570 7346 7572 7344 7571 7347 7574 7348 7575 7351 7572 7344 7573 7349 7575 7351 7574 7348 7573 7349 7568 7343 7569 7345 7579 7352 7581 7356 7580 7353 7579 7352 7583 7358 7584 7355 7582 7357 7584 7355 7583 7358 7582 7357 7586 7361 7587 7359 7585 7360 7587 7359 7586 7361 7585 7360 7580 7353 7581 7356 7591 7362 7593 7365 7592 7363 7591 7362 7595 7367 7596 7364 7594 7366 7596 7364 7595 7367 7598 7368 7599 7371 7596 7364 7597 7369 7599 7371 7598 7368 7597 7369 7592 7363 7593 7365 7603 7372 7605 7376 7604 7373 7603 7372 7607 7378 7608 7375 7606 7377 7608 7375 7607 7378 7610 7379 7611 7381 7608 7375 7609 7380 7611 7381 7610 7379 7609 7380 7604 7373 7605 7376 7615 7382 7617 7385 7616 7383 7615 7382 7619 7387 7620 7384 7618 7386 7620 7384 7619 7387 7618 7386 7622 7390 7623 7388 7621 7389 7623 7388 7622 7390 7621 7389 7616 7383 7617 7385 7528 7313 7532 7312 7555 7332 7532 7312 7537 7319 7559 7338 7537 7319 7530 7307 7553 7306 7540 7323 7544 7322 7534 7316 7544 7322 7549 7330 7538 7318 7549 7330 7542 7305 7530 7307 7564 7302 7568 7343 7546 7326 7568 7343 7573 7349 7550 7329 7573 7349 7566 7350 7542 7305 7554 7310 7562 7341 7570 7346 7562 7341 7558 7337 7574 7348 7558 7337 7553 7306 7566 7350 7552 7334 7556 7333 7603 7372 7556 7333 7561 7340 7607 7378 7561 7340 7554 7310 7601 7309 7612 7304 7616 7383 7567 7342 7616 7383 7621 7389 7571 7347 7621 7389 7614 7391 7565 7308 7602 7301 7610 7379 7618 7386 7610 7379 7606 7377 7622 7390 7606 7377 7601 7309 7614 7391 7600 7374 7604 7373 7579 7352 7604 7373 7609 7380 7583 7358 7609 7380 7602 7301 7577 7300 7588 7303 7592 7363 7615 7382 7592 7363 7597 7369 7619 7387 7597 7369 7590 7370 7613 7299 7578 7298 7586 7361 7594 7366 7586 7361 7582 7357 7598 7368 7582 7357 7577 7300 7590 7370 7576 7354 7580 7353 7531 7311 7580 7353 7585 7360 7535 7317 7585 7360 7578 7298 7529 7297 7541 7328 7547 7327 7591 7362 7547 7327 7543 7321 7595 7367 7543 7321 7540 7323 7589 7296 7600 7374 7576 7354 7528 7313 7717 7296 7668 7441 7657 7297 7741 7299 7718 7370 7705 7300 7692 7302 7669 7328 7716 7303 7670 7305 7694 7350 7681 7306 7693 7308 7742 7506 7729 7309 7659 7429 7661 7433 7660 7430 7659 7429 7663 7435 7664 7432 7662 7434 7664 7432 7663 7435 7666 7436 7667 7438 7664 7432 7665 7437 7667 7438 7666 7436 7665 7437 7660 7430 7661 7433 7671 7439 7673 7443 7672 7440 7671 7439 7675 7445 7676 7442 7674 7444 7676 7442 7675 7445 7678 7446 7679 7448 7676 7442 7677 7447 7679 7448 7678 7446 7677 7447 7672 7440 7673 7443 7683 7449 7685 7453 7684 7450 7683 7449 7687 7455 7688 7452 7686 7454 7688 7452 7687 7455 7686 7454 7690 7458 7691 7456 7689 7457 7691 7456 7690 7458 7689 7457 7684 7450 7685 7453 7695 7459 7697 7462 7696 7460 7695 7459 7699 7464 7700 7461 7698 7463 7700 7461 7699 7464 7702 7465 7703 7467 7700 7461 7701 7466 7703 7467 7702 7465 7701 7466 7696 7460 7697 7462 7707 7468 7709 7472 7708 7469 7707 7468 7711 7474 7712 7471 7710 7473 7712 7471 7711 7474 7710 7473 7714 7477 7715 7475 7713 7476 7715 7475 7714 7477 7713 7476 7708 7469 7709 7472 7719 7478 7721 7481 7720 7479 7719 7478 7723 7483 7724 7480 7722 7482 7724 7480 7723 7483 7726 7484 7727 7486 7724 7480 7725 7485 7727 7486 7726 7484 7725 7485 7720 7479 7721 7481 7731 7487 7733 7491 7732 7488 7731 7487 7735 7493 7736 7490 7734 7492 7736 7490 7735 7493 7738 7494 7739 7496 7736 7490 7737 7495 7739 7496 7738 7494 7737 7495 7732 7488 7733 7491 7743 7497 7745 7500 7744 7498 7743 7497 7747 7502 7748 7499 7746 7501 7748 7499 7747 7502 7746 7501 7750 7505 7751 7503 7749 7504 7751 7503 7750 7505 7749 7504 7744 7498 7745 7500 7656 7431 7660 7430 7683 7449 7660 7430 7665 7437 7687 7455 7665 7437 7658 7307 7681 7306 7668 7441 7672 7440 7662 7434 7672 7440 7677 7447 7666 7436 7677 7447 7670 7305 7658 7307 7692 7302 7696 7460 7674 7444 7696 7460 7701 7466 7678 7446 7701 7466 7694 7350 7670 7305 7682 7428 7690 7458 7698 7463 7690 7458 7686 7454 7702 7465 7686 7454 7681 7306 7694 7350 7680 7451 7684 7450 7731 7487 7684 7450 7689 7457 7735 7493 7689 7457 7682 7428 7729 7309 7740 7304 7744 7498 7695 7459 7744 7498 7749 7504 7699 7464 7749 7504 7742 7506 7693 7308 7730 7301 7738 7494 7746 7501 7738 7494 7734 7492 7750 7505 7734 7492 7729 7309 7742 7506 7728 7489 7732 7488 7707 7468 7732 7488 7737 7495 7711 7474 7737 7495 7730 7301 7705 7300 7716 7303 7720 7479 7743 7497 7720 7479 7725 7485 7747 7502 7725 7485 7718 7370 7741 7299 7706 7427 7714 7477 7722 7482 7714 7477 7710 7473 7726 7484 7710 7473 7705 7300 7718 7370 7704 7470 7708 7469 7659 7429 7708 7469 7713 7476 7663 7435 7713 7476 7706 7427 7657 7297 7669 7328 7675 7445 7719 7478 7675 7445 7671 7439 7723 7483 7671 7439 7668 7441 7717 7296 7728 7489 7704 7470 7656 7431</p>
        </triangles>
      </mesh>
    </geometry>
  </library_geometries>
  <library_visual_scenes>
    <visual_scene id="Scene" name="Scene">
      <node id="track_left" name="track_left" type="NODE">
        <matrix sid="transform">1 0 0 0 0 1 0 0 0 0 1 0 0 0 0 1</matrix>
        <instance_geometry url="#track_left-mesh" name="track_left">
          <bind_material>
            <technique_common>
              <instance_material symbol="rubber-material" target="#rubber-material"/>
              <instance_material symbol="gunmetal-material" target="#gunmetal-material"/>
              <instance_material symbol="aluminium-material" target="#aluminium-material"/>
              <instance_material symbol="dark_green-material" target="#dark_green-material"/>
            </technique_common>
          </bind_material>
        </instance_geometry>
      </node>
    </visual_scene>
  </library_visual_scenes>
  <scene>
    <instance_visual_scene url="#Scene"/>
  </scene>
</COLLADA>